timestamp,y_req_t1,predicted
1995-08-12 00:00:00,74.0,111.68787
1995-08-12 00:05:00,97.0,100.75599
1995-08-12 00:10:00,159.0,166.58209
1995-08-12 00:15:00,99.0,158.11699
1995-08-12 00:20:00,113.0,125.64848
1995-08-12 00:25:00,147.0,167.31743
1995-08-12 00:30:00,147.0,142.23029
1995-08-12 00:35:00,132.0,175.87161
1995-08-12 00:40:00,230.0,179.00044
1995-08-12 00:45:00,139.0,194.94798
1995-08-12 00:50:00,82.0,176.86172
1995-08-12 00:55:00,73.0,99.89755
1995-08-12 01:00:00,101.0,140.1649
1995-08-12 01:05:00,91.0,142.06032
1995-08-12 01:10:00,98.0,147.80539
1995-08-12 01:15:00,124.0,153.68163
1995-08-12 01:20:00,133.0,151.65385
1995-08-12 01:25:00,124.0,144.32469
1995-08-12 01:30:00,122.0,183.57312
1995-08-12 01:35:00,76.0,99.0489
1995-08-12 01:40:00,60.0,103.00721
1995-08-12 01:45:00,103.0,111.18358
1995-08-12 01:50:00,102.0,119.73801
1995-08-12 01:55:00,75.0,92.3842
1995-08-12 02:00:00,58.0,104.87121
1995-08-12 02:05:00,45.0,86.3241
1995-08-12 02:10:00,102.0,109.55873
1995-08-12 02:15:00,68.0,125.58889
1995-08-12 02:20:00,55.0,100.85036
1995-08-12 02:25:00,64.0,81.49061
1995-08-12 02:30:00,35.0,78.078156
1995-08-12 02:35:00,68.0,87.195305
1995-08-12 02:40:00,51.0,75.31135
1995-08-12 02:45:00,77.0,117.39036
1995-08-12 02:50:00,55.0,73.12909
1995-08-12 02:55:00,67.0,72.2054
1995-08-12 03:00:00,43.0,102.62296
1995-08-12 03:05:00,59.0,108.6995
1995-08-12 03:10:00,83.0,94.555725
1995-08-12 03:15:00,84.0,96.84672
1995-08-12 03:20:00,72.0,144.11655
1995-08-12 03:25:00,53.0,123.58253
1995-08-12 03:30:00,61.0,109.16962
1995-08-12 03:35:00,65.0,89.01928
1995-08-12 03:40:00,84.0,118.32437
1995-08-12 03:45:00,23.0,71.54288
1995-08-12 03:50:00,53.0,71.857544
1995-08-12 03:55:00,86.0,111.02097
1995-08-12 04:00:00,123.0,111.25978
1995-08-12 04:05:00,85.0,106.44423
1995-08-12 04:10:00,65.0,108.23515
1995-08-12 04:15:00,21.0,118.44289
1995-08-12 04:20:00,64.0,114.84593
1995-08-12 04:25:00,94.0,103.63837
1995-08-12 04:30:00,59.0,119.02507
1995-08-12 04:35:00,115.0,121.448105
1995-08-12 04:40:00,59.0,85.211685
1995-08-12 04:45:00,67.0,94.5027
1995-08-12 04:50:00,99.0,90.95864
1995-08-12 04:55:00,102.0,119.44067
1995-08-12 05:00:00,79.0,102.98291
1995-08-12 05:05:00,96.0,98.16249
1995-08-12 05:10:00,87.0,127.528366
1995-08-12 05:15:00,100.0,123.014244
1995-08-12 05:20:00,43.0,135.53996
1995-08-12 05:25:00,38.0,103.872894
1995-08-12 05:30:00,49.0,125.26016
1995-08-12 05:35:00,54.0,98.622925
1995-08-12 05:40:00,43.0,76.269005
1995-08-12 05:45:00,75.0,87.73326
1995-08-12 05:50:00,58.0,90.62407
1995-08-12 05:55:00,131.0,125.68816
1995-08-12 06:00:00,80.0,126.84074
1995-08-12 06:05:00,106.0,153.08224
1995-08-12 06:10:00,35.0,96.85885
1995-08-12 06:15:00,58.0,108.73608
1995-08-12 06:20:00,40.0,105.93296
1995-08-12 06:25:00,58.0,97.41426
1995-08-12 06:30:00,55.0,86.48022
1995-08-12 06:35:00,30.0,76.87028
1995-08-12 06:40:00,38.0,102.60157
1995-08-12 06:45:00,94.0,100.07476
1995-08-12 06:50:00,78.0,107.586876
1995-08-12 06:55:00,65.0,101.87115
1995-08-12 07:00:00,45.0,103.02303
1995-08-12 07:05:00,76.0,116.1836
1995-08-12 07:10:00,37.0,111.842834
1995-08-12 07:15:00,84.0,96.37155
1995-08-12 07:20:00,96.0,124.347694
1995-08-12 07:25:00,107.0,116.954384
1995-08-12 07:30:00,48.0,106.6836
1995-08-12 07:35:00,58.0,89.56391
1995-08-12 07:40:00,74.0,129.23703
1995-08-12 07:45:00,86.0,93.78769
1995-08-12 07:50:00,73.0,97.97089
1995-08-12 07:55:00,61.0,117.68564
1995-08-12 08:00:00,33.0,79.9768
1995-08-12 08:05:00,89.0,91.56571
1995-08-12 08:10:00,88.0,130.76067
1995-08-12 08:15:00,126.0,143.25801
1995-08-12 08:20:00,73.0,103.930664
1995-08-12 08:25:00,68.0,123.14879
1995-08-12 08:30:00,96.0,159.88916
1995-08-12 08:35:00,100.0,137.80356
1995-08-12 08:40:00,75.0,142.5383
1995-08-12 08:45:00,112.0,150.39188
1995-08-12 08:50:00,79.0,108.9965
1995-08-12 08:55:00,103.0,123.00981
1995-08-12 09:00:00,70.0,95.18861
1995-08-12 09:05:00,81.0,144.6525
1995-08-12 09:10:00,93.0,100.11511
1995-08-12 09:15:00,111.0,142.41754
1995-08-12 09:20:00,121.0,169.40506
1995-08-12 09:25:00,130.0,157.13844
1995-08-12 09:30:00,65.0,105.00224
1995-08-12 09:35:00,136.0,143.79858
1995-08-12 09:40:00,80.0,150.5221
1995-08-12 09:45:00,86.0,128.18896
1995-08-12 09:50:00,91.0,105.75246
1995-08-12 09:55:00,97.0,212.35928
1995-08-12 10:00:00,123.0,169.26292
1995-08-12 10:05:00,198.0,179.9092
1995-08-12 10:10:00,132.0,193.54486
1995-08-12 10:15:00,119.0,166.0427
1995-08-12 10:20:00,130.0,158.73259
1995-08-12 10:25:00,153.0,177.86284
1995-08-12 10:30:00,205.0,202.39284
1995-08-12 10:35:00,231.0,199.0892
1995-08-12 10:40:00,130.0,240.86783
1995-08-12 10:45:00,302.0,216.91336
1995-08-12 10:50:00,222.0,302.79623
1995-08-12 10:55:00,185.0,229.4065
1995-08-12 11:00:00,183.0,263.63135
1995-08-12 11:05:00,169.0,250.5001
1995-08-12 11:10:00,122.0,157.81863
1995-08-12 11:15:00,97.0,165.77393
1995-08-12 11:20:00,103.0,213.90608
1995-08-12 11:25:00,161.0,171.7271
1995-08-12 11:30:00,139.0,210.63512
1995-08-12 11:35:00,114.0,127.91014
1995-08-12 11:40:00,181.0,204.32812
1995-08-12 11:45:00,181.0,220.98405
1995-08-12 11:50:00,166.0,206.93864
1995-08-12 11:55:00,121.0,168.66481
1995-08-12 12:00:00,122.0,180.41765
1995-08-12 12:05:00,127.0,182.7517
1995-08-12 12:10:00,133.0,175.78923
1995-08-12 12:15:00,123.0,193.9451
1995-08-12 12:20:00,157.0,184.5123
1995-08-12 12:25:00,145.0,194.08812
1995-08-12 12:30:00,131.0,194.69754
1995-08-12 12:35:00,117.0,205.4734
1995-08-12 12:40:00,144.0,199.07565
1995-08-12 12:45:00,127.0,211.13756
1995-08-12 12:50:00,165.0,199.6242
1995-08-12 12:55:00,160.0,214.99106
1995-08-12 13:00:00,165.0,240.31935
1995-08-12 13:05:00,135.0,216.29597
1995-08-12 13:10:00,175.0,221.8243
1995-08-12 13:15:00,185.0,215.37349
1995-08-12 13:20:00,237.0,252.03079
1995-08-12 13:25:00,205.0,281.07092
1995-08-12 13:30:00,180.0,264.08636
1995-08-12 13:35:00,162.0,210.24785
1995-08-12 13:40:00,180.0,233.35593
1995-08-12 13:45:00,163.0,208.38405
1995-08-12 13:50:00,127.0,206.84854
1995-08-12 13:55:00,188.0,209.76772
1995-08-12 14:00:00,151.0,243.0976
1995-08-12 14:05:00,198.0,234.51785
1995-08-12 14:10:00,144.0,206.53905
1995-08-12 14:15:00,147.0,247.4006
1995-08-12 14:20:00,153.0,208.68219
1995-08-12 14:25:00,126.0,221.4679
1995-08-12 14:30:00,125.0,184.22061
1995-08-12 14:35:00,125.0,129.98352
1995-08-12 14:40:00,139.0,191.16908
1995-08-12 14:45:00,161.0,179.32973
1995-08-12 14:50:00,130.0,216.27536
1995-08-12 14:55:00,104.0,155.54863
1995-08-12 15:00:00,159.0,193.64711
1995-08-12 15:05:00,201.0,265.66464
1995-08-12 15:10:00,142.0,252.42455
1995-08-12 15:15:00,197.0,231.22842
1995-08-12 15:20:00,125.0,196.20618
1995-08-12 15:25:00,200.0,210.31062
1995-08-12 15:30:00,134.0,197.24281
1995-08-12 15:35:00,228.0,200.71112
1995-08-12 15:40:00,289.0,256.2652
1995-08-12 15:45:00,195.0,277.58484
1995-08-12 15:50:00,175.0,275.4787
1995-08-12 15:55:00,178.0,208.57562
1995-08-12 16:00:00,198.0,248.89098
1995-08-12 16:05:00,239.0,235.84169
1995-08-12 16:10:00,155.0,278.8007
1995-08-12 16:15:00,159.0,212.9163
1995-08-12 16:20:00,191.0,296.48166
1995-08-12 16:25:00,165.0,225.97751
1995-08-12 16:30:00,196.0,270.79892
1995-08-12 16:35:00,209.0,236.00076
1995-08-12 16:40:00,131.0,249.83278
1995-08-12 16:45:00,119.0,203.97546
1995-08-12 16:50:00,155.0,233.76147
1995-08-12 16:55:00,169.0,227.34848
1995-08-12 17:00:00,148.0,267.38678
1995-08-12 17:05:00,183.0,213.17259
1995-08-12 17:10:00,133.0,173.17249
1995-08-12 17:15:00,207.0,223.348
1995-08-12 17:20:00,160.0,238.37244
1995-08-12 17:25:00,146.0,225.98726
1995-08-12 17:30:00,235.0,258.84164
1995-08-12 17:35:00,249.0,267.4303
1995-08-12 17:40:00,302.0,271.34885
1995-08-12 17:45:00,204.0,329.0084
1995-08-12 17:50:00,180.0,204.74132
1995-08-12 17:55:00,159.0,279.92648
1995-08-12 18:00:00,208.0,194.9719
1995-08-12 18:05:00,131.0,211.6834
1995-08-12 18:10:00,197.0,228.37267
1995-08-12 18:15:00,170.0,243.89154
1995-08-12 18:20:00,155.0,232.82448
1995-08-12 18:25:00,211.0,246.81133
1995-08-12 18:30:00,143.0,224.19075
1995-08-12 18:35:00,168.0,225.03882
1995-08-12 18:40:00,152.0,234.5164
1995-08-12 18:45:00,133.0,194.99835
1995-08-12 18:50:00,185.0,207.9714
1995-08-12 18:55:00,138.0,198.44385
1995-08-12 19:00:00,132.0,194.47101
1995-08-12 19:05:00,215.0,217.12097
1995-08-12 19:10:00,150.0,261.65134
1995-08-12 19:15:00,154.0,198.64081
1995-08-12 19:20:00,109.0,212.99527
1995-08-12 19:25:00,145.0,213.06784
1995-08-12 19:30:00,152.0,207.20514
1995-08-12 19:35:00,170.0,168.2193
1995-08-12 19:40:00,148.0,199.08147
1995-08-12 19:45:00,178.0,201.2228
1995-08-12 19:50:00,160.0,198.22884
1995-08-12 19:55:00,183.0,219.40942
1995-08-12 20:00:00,203.0,203.91429
1995-08-12 20:05:00,159.0,212.72432
1995-08-12 20:10:00,146.0,208.99417
1995-08-12 20:15:00,182.0,217.40291
1995-08-12 20:20:00,160.0,215.60565
1995-08-12 20:25:00,190.0,248.91432
1995-08-12 20:30:00,209.0,252.79713
1995-08-12 20:35:00,161.0,242.6787
1995-08-12 20:40:00,131.0,204.21996
1995-08-12 20:45:00,112.0,201.55661
1995-08-12 20:50:00,203.0,204.29944
1995-08-12 20:55:00,187.0,235.96686
1995-08-12 21:00:00,94.0,203.0104
1995-08-12 21:05:00,122.0,206.80444
1995-08-12 21:10:00,146.0,181.58769
1995-08-12 21:15:00,182.0,200.64478
1995-08-12 21:20:00,171.0,199.64153
1995-08-12 21:25:00,143.0,210.91484
1995-08-12 21:30:00,217.0,216.10439
1995-08-12 21:35:00,163.0,224.35146
1995-08-12 21:40:00,136.0,200.18857
1995-08-12 21:45:00,130.0,194.26001
1995-08-12 21:50:00,107.0,208.6485
1995-08-12 21:55:00,129.0,174.7667
1995-08-12 22:00:00,149.0,205.00853
1995-08-12 22:05:00,170.0,187.73358
1995-08-12 22:10:00,224.0,208.47852
1995-08-12 22:15:00,209.0,240.39082
1995-08-12 22:20:00,197.0,219.63644
1995-08-12 22:25:00,176.0,226.69829
1995-08-12 22:30:00,165.0,215.46947
1995-08-12 22:35:00,278.0,233.9699
1995-08-12 22:40:00,237.0,323.52588
1995-08-12 22:45:00,234.0,304.7566
1995-08-12 22:50:00,212.0,296.754
1995-08-12 22:55:00,218.0,257.04547
1995-08-12 23:00:00,179.0,247.54373
1995-08-12 23:05:00,124.0,212.95293
1995-08-12 23:10:00,166.0,197.54478
1995-08-12 23:15:00,264.0,260.87686
1995-08-12 23:20:00,289.0,319.53162
1995-08-12 23:25:00,266.0,315.56912
1995-08-12 23:30:00,255.0,312.03128
1995-08-12 23:35:00,135.0,264.2887
1995-08-12 23:40:00,150.0,242.78377
1995-08-12 23:45:00,110.0,226.39491
1995-08-12 23:50:00,186.0,282.73447
1995-08-12 23:55:00,232.0,237.04774
1995-08-13 00:00:00,213.0,294.93076
1995-08-13 00:05:00,235.0,292.48236
1995-08-13 00:10:00,206.0,273.29428
1995-08-13 00:15:00,211.0,271.5038
1995-08-13 00:20:00,170.0,247.72466
1995-08-13 00:25:00,124.0,220.37561
1995-08-13 00:30:00,180.0,197.31297
1995-08-13 00:35:00,206.0,230.40845
1995-08-13 00:40:00,159.0,207.08267
1995-08-13 00:45:00,149.0,239.77649
1995-08-13 00:50:00,168.0,186.45326
1995-08-13 00:55:00,132.0,171.22427
1995-08-13 01:00:00,84.0,197.73148
1995-08-13 01:05:00,85.0,171.51639
1995-08-13 01:10:00,77.0,122.855804
1995-08-13 01:15:00,125.0,193.60628
1995-08-13 01:20:00,123.0,140.70107
1995-08-13 01:25:00,86.0,146.0259
1995-08-13 01:30:00,110.0,167.98683
1995-08-13 01:35:00,116.0,185.01135
1995-08-13 01:40:00,95.0,136.52034
1995-08-13 01:45:00,102.0,160.38882
1995-08-13 01:50:00,123.0,157.34216
1995-08-13 01:55:00,136.0,155.58871
1995-08-13 02:00:00,123.0,166.16069
1995-08-13 02:05:00,3.0,68.02909
1995-08-13 02:10:00,0.0,61.00363
1995-08-13 03:35:00,63.0,88.320915
1995-08-13 03:50:00,93.0,119.47996
1995-08-13 03:55:00,80.0,98.80627
1995-08-13 04:00:00,89.0,150.218
1995-08-13 04:05:00,104.0,157.95053
1995-08-13 04:10:00,140.0,145.02043
1995-08-13 04:15:00,40.0,158.89925
1995-08-13 04:20:00,77.0,143.34291
1995-08-13 04:25:00,66.0,147.5846
1995-08-13 04:30:00,53.0,130.4395
1995-08-13 04:35:00,64.0,94.21305
1995-08-13 04:40:00,71.0,90.14309
1995-08-13 04:45:00,55.0,130.58185
1995-08-13 04:50:00,66.0,89.36036
1995-08-13 04:55:00,55.0,85.1627
1995-08-13 05:00:00,63.0,124.97721
1995-08-13 05:05:00,120.0,115.38156
1995-08-13 05:10:00,60.0,108.812965
1995-08-13 05:15:00,53.0,110.137665
1995-08-13 05:20:00,82.0,131.04565
1995-08-13 05:25:00,61.0,107.87146
1995-08-13 05:30:00,42.0,100.96985
1995-08-13 05:35:00,82.0,129.67036
1995-08-13 05:40:00,37.0,132.07343
1995-08-13 05:45:00,74.0,90.1746
1995-08-13 05:50:00,43.0,84.260124
1995-08-13 05:55:00,0.0,57.204292
1995-08-13 06:20:00,17.0,55.42287
1995-08-13 06:25:00,67.0,90.18204
1995-08-13 06:35:00,62.0,96.75018
1995-08-13 06:40:00,59.0,114.93601
1995-08-13 06:45:00,63.0,99.555725
1995-08-13 06:50:00,28.0,55.77347
1995-08-13 06:55:00,100.0,102.07531
1995-08-13 07:00:00,99.0,97.227806
1995-08-13 07:05:00,90.0,147.18065
1995-08-13 07:10:00,83.0,117.485405
1995-08-13 07:15:00,99.0,106.47805
1995-08-13 07:20:00,76.0,146.5129
1995-08-13 07:25:00,102.0,98.69839
1995-08-13 07:30:00,106.0,140.3258
1995-08-13 07:35:00,62.0,98.624344
1995-08-13 07:40:00,86.0,99.765526
1995-08-13 07:45:00,75.0,103.00205
1995-08-13 07:50:00,36.0,100.72203
1995-08-13 07:55:00,32.0,82.49156
1995-08-13 08:00:00,63.0,154.3105
1995-08-13 08:05:00,37.0,84.06557
1995-08-13 08:10:00,29.0,53.575714
1995-08-13 08:15:00,21.0,75.36712
1995-08-13 08:20:00,30.0,78.79492
1995-08-13 08:25:00,58.0,123.88991
1995-08-13 08:30:00,67.0,143.65007
1995-08-13 08:35:00,24.0,45.549747
1995-08-13 08:40:00,77.0,97.27925
1995-08-13 08:45:00,78.0,129.5529
1995-08-13 08:50:00,84.0,110.90005
1995-08-13 08:55:00,94.0,119.48714
1995-08-13 09:00:00,104.0,116.37716
1995-08-13 09:05:00,112.0,134.97446
1995-08-13 09:10:00,64.0,105.92965
1995-08-13 09:15:00,110.0,138.95346
1995-08-13 09:20:00,109.0,127.68739
1995-08-13 09:25:00,104.0,122.59822
1995-08-13 09:30:00,75.0,156.16238
1995-08-13 09:35:00,93.0,142.60231
1995-08-13 09:40:00,101.0,148.26468
1995-08-13 09:45:00,166.0,158.40388
1995-08-13 09:50:00,126.0,177.47256
1995-08-13 09:55:00,105.0,137.6725
1995-08-13 10:00:00,144.0,158.35168
1995-08-13 10:05:00,107.0,138.47346
1995-08-13 10:10:00,71.0,157.75972
1995-08-13 10:15:00,79.0,146.96559
1995-08-13 10:20:00,99.0,155.03581
1995-08-13 10:25:00,108.0,146.6506
1995-08-13 10:30:00,141.0,158.42099
1995-08-13 10:35:00,128.0,166.48798
1995-08-13 10:40:00,138.0,168.39821
1995-08-13 10:45:00,129.0,180.63657
1995-08-13 10:50:00,122.0,192.79213
1995-08-13 10:55:00,79.0,167.29977
1995-08-13 11:00:00,125.0,172.41158
1995-08-13 11:05:00,184.0,184.70294
1995-08-13 11:10:00,175.0,204.43672
1995-08-13 11:15:00,119.0,157.84795
1995-08-13 11:20:00,118.0,196.90402
1995-08-13 11:25:00,159.0,170.70668
1995-08-13 11:30:00,169.0,197.29793
1995-08-13 11:35:00,166.0,218.56583
1995-08-13 11:40:00,87.0,191.66702
1995-08-13 11:45:00,135.0,169.5052
1995-08-13 11:50:00,114.0,176.74109
1995-08-13 11:55:00,170.0,170.70178
1995-08-13 12:00:00,162.0,205.88387
1995-08-13 12:05:00,136.0,192.11928
1995-08-13 12:10:00,119.0,192.19684
1995-08-13 12:15:00,72.0,161.15752
1995-08-13 12:20:00,69.0,132.92664
1995-08-13 12:25:00,96.0,136.11844
1995-08-13 12:30:00,97.0,188.59871
1995-08-13 12:35:00,97.0,157.44685
1995-08-13 12:40:00,161.0,173.99948
1995-08-13 12:45:00,158.0,210.24866
1995-08-13 12:50:00,200.0,202.20177
1995-08-13 12:55:00,192.0,240.94337
1995-08-13 13:00:00,218.0,254.65088
1995-08-13 13:05:00,202.0,285.90744
1995-08-13 13:10:00,247.0,297.66577
1995-08-13 13:15:00,114.0,187.71846
1995-08-13 13:20:00,158.0,222.5131
1995-08-13 13:25:00,128.0,213.65865
1995-08-13 13:30:00,140.0,197.55661
1995-08-13 13:35:00,210.0,250.03918
1995-08-13 13:40:00,147.0,221.73282
1995-08-13 13:45:00,182.0,254.51474
1995-08-13 13:50:00,113.0,175.00194
1995-08-13 13:55:00,159.0,194.43745
1995-08-13 14:00:00,167.0,198.86264
1995-08-13 14:05:00,295.0,207.85167
1995-08-13 14:10:00,190.0,320.5418
1995-08-13 14:15:00,125.0,246.62859
1995-08-13 14:20:00,184.0,298.76822
1995-08-13 14:25:00,171.0,242.00316
1995-08-13 14:30:00,147.0,233.01332
1995-08-13 14:35:00,162.0,231.69365
1995-08-13 14:40:00,202.0,233.2041
1995-08-13 14:45:00,277.0,250.78004
1995-08-13 14:50:00,214.0,337.55484
1995-08-13 14:55:00,315.0,311.54163
1995-08-13 15:00:00,213.0,270.40622
1995-08-13 15:05:00,137.0,272.6732
1995-08-13 15:10:00,161.0,236.55629
1995-08-13 15:15:00,122.0,213.17586
1995-08-13 15:20:00,98.0,221.10094
1995-08-13 15:25:00,150.0,265.47473
1995-08-13 15:30:00,91.0,184.86594
1995-08-13 15:35:00,139.0,190.02982
1995-08-13 15:40:00,226.0,208.22995
1995-08-13 15:45:00,181.0,225.62247
1995-08-13 15:50:00,174.0,213.11438
1995-08-13 15:55:00,175.0,246.7004
1995-08-13 16:00:00,154.0,217.40979
1995-08-13 16:05:00,160.0,284.16748
1995-08-13 16:10:00,173.0,192.5462
1995-08-13 16:15:00,201.0,219.62645
1995-08-13 16:20:00,181.0,230.96126
1995-08-13 16:25:00,163.0,223.1566
1995-08-13 16:30:00,182.0,234.844
1995-08-13 16:35:00,205.0,210.19548
1995-08-13 16:40:00,223.0,251.59451
1995-08-13 16:45:00,208.0,265.3928
1995-08-13 16:50:00,193.0,283.60684
1995-08-13 16:55:00,167.0,214.64075
1995-08-13 17:00:00,190.0,223.20418
1995-08-13 17:05:00,195.0,207.98566
1995-08-13 17:10:00,201.0,248.93161
1995-08-13 17:15:00,220.0,249.23103
1995-08-13 17:20:00,159.0,221.4647
1995-08-13 17:25:00,197.0,282.0291
1995-08-13 17:30:00,155.0,268.96927
1995-08-13 17:35:00,182.0,206.27815
1995-08-13 17:40:00,237.0,298.18088
1995-08-13 17:45:00,186.0,279.64264
1995-08-13 17:50:00,148.0,239.93234
1995-08-13 17:55:00,142.0,241.9648
1995-08-13 18:00:00,203.0,232.03453
1995-08-13 18:05:00,207.0,199.26427
1995-08-13 18:10:00,255.0,270.02432
1995-08-13 18:15:00,213.0,260.88174
1995-08-13 18:20:00,120.0,244.9926
1995-08-13 18:25:00,130.0,199.38719
1995-08-13 18:30:00,145.0,197.09654
1995-08-13 18:35:00,215.0,236.1553
1995-08-13 18:40:00,132.0,198.67126
1995-08-13 18:45:00,135.0,221.87434
1995-08-13 18:50:00,175.0,184.39857
1995-08-13 18:55:00,155.0,207.83812
1995-08-13 19:00:00,164.0,224.13922
1995-08-13 19:05:00,234.0,284.24963
1995-08-13 19:10:00,161.0,234.55875
1995-08-13 19:15:00,145.0,207.10063
1995-08-13 19:20:00,160.0,221.02576
1995-08-13 19:25:00,122.0,198.68155
1995-08-13 19:30:00,127.0,198.77994
1995-08-13 19:35:00,122.0,205.63947
1995-08-13 19:40:00,114.0,215.79755
1995-08-13 19:45:00,130.0,228.10791
1995-08-13 19:50:00,189.0,205.67404
1995-08-13 19:55:00,163.0,221.20316
1995-08-13 20:00:00,127.0,201.10037
1995-08-13 20:05:00,164.0,216.29701
1995-08-13 20:10:00,151.0,211.17783
1995-08-13 20:15:00,139.0,191.91423
1995-08-13 20:20:00,165.0,208.78589
1995-08-13 20:25:00,147.0,215.20363
1995-08-13 20:30:00,113.0,223.59195
1995-08-13 20:35:00,172.0,173.54387
1995-08-13 20:40:00,108.0,203.94067
1995-08-13 20:45:00,169.0,174.99716
1995-08-13 20:50:00,153.0,201.52841
1995-08-13 20:55:00,153.0,191.14471
1995-08-13 21:00:00,163.0,221.2766
1995-08-13 21:05:00,150.0,222.62259
1995-08-13 21:10:00,151.0,192.76321
1995-08-13 21:15:00,186.0,204.01524
1995-08-13 21:20:00,94.0,193.66484
1995-08-13 21:25:00,122.0,152.1706
1995-08-13 21:30:00,114.0,181.05737
1995-08-13 21:35:00,147.0,167.37715
1995-08-13 21:40:00,187.0,182.09625
1995-08-13 21:45:00,129.0,225.91594
1995-08-13 21:50:00,137.0,199.78586
1995-08-13 21:55:00,245.0,188.45103
1995-08-13 22:00:00,230.0,245.15535
1995-08-13 22:05:00,197.0,234.13443
1995-08-13 22:10:00,155.0,208.13339
1995-08-13 22:15:00,211.0,251.59764
1995-08-13 22:20:00,146.0,212.3784
1995-08-13 22:25:00,196.0,232.48132
1995-08-13 22:30:00,209.0,237.99652
1995-08-13 22:35:00,236.0,294.8317
1995-08-13 22:40:00,248.0,295.34872
1995-08-13 22:45:00,155.0,223.99197
1995-08-13 22:50:00,204.0,220.30363
1995-08-13 22:55:00,196.0,251.17415
1995-08-13 23:00:00,195.0,244.73866
1995-08-13 23:05:00,148.0,202.43213
1995-08-13 23:10:00,158.0,282.57556
1995-08-13 23:15:00,191.0,257.70993
1995-08-13 23:20:00,112.0,239.84723
1995-08-13 23:25:00,118.0,182.45491
1995-08-13 23:30:00,142.0,189.94748
1995-08-13 23:35:00,140.0,199.14026
1995-08-13 23:40:00,214.0,218.90039
1995-08-13 23:45:00,225.0,239.81163
1995-08-13 23:50:00,192.0,217.19817
1995-08-13 23:55:00,191.0,220.06517
1995-08-14 00:00:00,129.0,233.10394
1995-08-14 00:05:00,159.0,213.41026
1995-08-14 00:10:00,227.0,248.0705
1995-08-14 00:15:00,181.0,288.27808
1995-08-14 00:20:00,212.0,290.84402
1995-08-14 00:25:00,194.0,262.8031
1995-08-14 00:30:00,129.0,251.9016
1995-08-14 00:35:00,171.0,224.02052
1995-08-14 00:40:00,138.0,192.41483
1995-08-14 00:45:00,150.0,248.73921
1995-08-14 00:50:00,154.0,220.52238
1995-08-14 00:55:00,126.0,185.4278
1995-08-14 01:00:00,131.0,198.4565
1995-08-14 01:05:00,115.0,171.10933
1995-08-14 01:10:00,144.0,179.34048
1995-08-14 01:15:00,98.0,173.81549
1995-08-14 01:20:00,140.0,167.36157
1995-08-14 01:25:00,109.0,183.39983
1995-08-14 01:30:00,116.0,170.59096
1995-08-14 01:35:00,156.0,189.69562
1995-08-14 01:40:00,126.0,194.89249
1995-08-14 01:45:00,110.0,176.88217
1995-08-14 01:50:00,93.0,179.37317
1995-08-14 01:55:00,113.0,159.38705
1995-08-14 02:00:00,58.0,165.12405
1995-08-14 02:05:00,147.0,153.06499
1995-08-14 02:10:00,131.0,177.07184
1995-08-14 02:15:00,95.0,179.9248
1995-08-14 02:20:00,92.0,182.50967
1995-08-14 02:25:00,101.0,183.91907
1995-08-14 02:30:00,122.0,132.29532
1995-08-14 02:35:00,118.0,163.75983
1995-08-14 02:40:00,82.0,137.41618
1995-08-14 02:45:00,107.0,133.90517
1995-08-14 02:50:00,108.0,129.49246
1995-08-14 02:55:00,57.0,155.64607
1995-08-14 03:00:00,90.0,155.15215
1995-08-14 03:05:00,97.0,144.47986
1995-08-14 03:10:00,100.0,179.91212
1995-08-14 03:15:00,44.0,120.81745
1995-08-14 03:20:00,52.0,137.86943
1995-08-14 03:25:00,99.0,88.57324
1995-08-14 03:30:00,122.0,109.151596
1995-08-14 03:35:00,150.0,154.10321
1995-08-14 03:40:00,54.0,146.22885
1995-08-14 03:45:00,67.0,148.80737
1995-08-14 03:50:00,99.0,169.13754
1995-08-14 03:55:00,97.0,210.72455
1995-08-14 04:00:00,72.0,146.44144
1995-08-14 04:05:00,81.0,170.86101
1995-08-14 04:10:00,16.0,70.15694
1995-08-14 04:15:00,44.0,149.49449
1995-08-14 04:20:00,67.0,108.73173
1995-08-14 04:25:00,60.0,135.2345
1995-08-14 04:30:00,59.0,137.8585
1995-08-14 04:35:00,80.0,127.22958
1995-08-14 04:40:00,98.0,111.72151
1995-08-14 04:45:00,70.0,144.55911
1995-08-14 04:50:00,47.0,108.31263
1995-08-14 04:55:00,160.0,134.24362
1995-08-14 05:00:00,79.0,173.88745
1995-08-14 05:05:00,73.0,133.0394
1995-08-14 05:10:00,81.0,88.101585
1995-08-14 05:15:00,75.0,138.40617
1995-08-14 05:20:00,74.0,139.88597
1995-08-14 05:25:00,96.0,134.14093
1995-08-14 05:30:00,78.0,184.76997
1995-08-14 05:35:00,91.0,119.812874
1995-08-14 05:40:00,116.0,204.72041
1995-08-14 05:45:00,78.0,105.32694
1995-08-14 05:50:00,100.0,126.14684
1995-08-14 05:55:00,41.0,97.28051
1995-08-14 06:00:00,35.0,103.66986
1995-08-14 06:05:00,73.0,99.200096
1995-08-14 06:10:00,91.0,115.30461
1995-08-14 06:15:00,78.0,142.20168
1995-08-14 06:20:00,131.0,112.352356
1995-08-14 06:25:00,98.0,179.09341
1995-08-14 06:30:00,79.0,152.24716
1995-08-14 06:35:00,132.0,144.5074
1995-08-14 06:40:00,135.0,216.03017
1995-08-14 06:45:00,98.0,173.34906
1995-08-14 06:50:00,97.0,112.15503
1995-08-14 06:55:00,97.0,103.86879
1995-08-14 07:00:00,97.0,155.95352
1995-08-14 07:05:00,124.0,157.2414
1995-08-14 07:10:00,139.0,178.16673
1995-08-14 07:15:00,143.0,172.06198
1995-08-14 07:20:00,170.0,197.87053
1995-08-14 07:25:00,171.0,215.30035
1995-08-14 07:30:00,122.0,161.7069
1995-08-14 07:35:00,147.0,188.52133
1995-08-14 07:40:00,169.0,201.38814
1995-08-14 07:45:00,150.0,199.81305
1995-08-14 07:50:00,124.0,225.3801
1995-08-14 07:55:00,131.0,151.74902
1995-08-14 08:00:00,119.0,175.21617
1995-08-14 08:05:00,140.0,184.00533
1995-08-14 08:10:00,177.0,177.87726
1995-08-14 08:15:00,169.0,209.95985
1995-08-14 08:20:00,213.0,223.71289
1995-08-14 08:25:00,209.0,214.04509
1995-08-14 08:30:00,227.0,239.86147
1995-08-14 08:35:00,293.0,268.72812
1995-08-14 08:40:00,285.0,281.1974
1995-08-14 08:45:00,196.0,312.2457
1995-08-14 08:50:00,350.0,299.9323
1995-08-14 08:55:00,237.0,321.49228
1995-08-14 09:00:00,240.0,309.19385
1995-08-14 09:05:00,314.0,325.27176
1995-08-14 09:10:00,260.0,348.3422
1995-08-14 09:15:00,224.0,278.58704
1995-08-14 09:20:00,276.0,309.73508
1995-08-14 09:25:00,261.0,363.39038
1995-08-14 09:30:00,354.0,357.0933
1995-08-14 09:35:00,265.0,387.86734
1995-08-14 09:40:00,274.0,342.7874
1995-08-14 09:45:00,279.0,346.37662
1995-08-14 09:50:00,242.0,323.2156
1995-08-14 09:55:00,283.0,321.1228
1995-08-14 10:00:00,349.0,367.74442
1995-08-14 10:05:00,305.0,394.3646
1995-08-14 10:10:00,308.0,395.42834
1995-08-14 10:15:00,252.0,358.82086
1995-08-14 10:20:00,288.0,347.12146
1995-08-14 10:25:00,284.0,366.61084
1995-08-14 10:30:00,189.0,327.53455
1995-08-14 10:35:00,278.0,334.392
1995-08-14 10:40:00,340.0,389.16302
1995-08-14 10:45:00,290.0,361.37488
1995-08-14 10:50:00,160.0,354.6078
1995-08-14 10:55:00,312.0,319.98343
1995-08-14 11:00:00,228.0,348.35217
1995-08-14 11:05:00,342.0,326.40198
1995-08-14 11:10:00,342.0,397.1086
1995-08-14 11:15:00,317.0,394.70142
1995-08-14 11:20:00,317.0,379.77032
1995-08-14 11:25:00,215.0,396.8581
1995-08-14 11:30:00,145.0,339.4145
1995-08-14 11:35:00,313.0,301.49585
1995-08-14 11:40:00,307.0,390.47125
1995-08-14 11:45:00,216.0,348.05612
1995-08-14 11:50:00,276.0,271.7057
1995-08-14 11:55:00,279.0,324.58997
1995-08-14 12:00:00,236.0,323.94925
1995-08-14 12:05:00,275.0,313.16443
1995-08-14 12:10:00,393.0,378.27554
1995-08-14 12:15:00,404.0,419.47147
1995-08-14 12:20:00,339.0,395.3669
1995-08-14 12:25:00,351.0,414.98044
1995-08-14 12:30:00,403.0,409.73987
1995-08-14 12:35:00,463.0,436.76144
1995-08-14 12:40:00,531.0,451.0507
1995-08-14 12:45:00,404.0,460.77246
1995-08-14 12:50:00,395.0,460.6298
1995-08-14 12:55:00,355.0,455.1509
1995-08-14 13:00:00,360.0,441.11346
1995-08-14 13:05:00,331.0,424.30817
1995-08-14 13:10:00,371.0,397.12778
1995-08-14 13:15:00,406.0,409.66818
1995-08-14 13:20:00,411.0,429.386
1995-08-14 13:25:00,303.0,411.93027
1995-08-14 13:30:00,401.0,434.61584
1995-08-14 13:35:00,414.0,436.0277
1995-08-14 13:40:00,420.0,452.24536
1995-08-14 13:45:00,279.0,413.37448
1995-08-14 13:50:00,324.0,430.85834
1995-08-14 13:55:00,315.0,431.1764
1995-08-14 14:00:00,304.0,346.28882
1995-08-14 14:05:00,269.0,382.89383
1995-08-14 14:10:00,319.0,376.7052
1995-08-14 14:15:00,265.0,366.16638
1995-08-14 14:20:00,319.0,325.22992
1995-08-14 14:25:00,332.0,393.5143
1995-08-14 14:30:00,453.0,408.8534
1995-08-14 14:35:00,359.0,444.9649
1995-08-14 14:40:00,387.0,427.41647
1995-08-14 14:45:00,306.0,427.26593
1995-08-14 14:50:00,364.0,433.1485
1995-08-14 14:55:00,314.0,427.85162
1995-08-14 15:00:00,381.0,429.45764
1995-08-14 15:05:00,343.0,441.25833
1995-08-14 15:10:00,431.0,419.88528
1995-08-14 15:15:00,269.0,418.47736
1995-08-14 15:20:00,301.0,377.07602
1995-08-14 15:25:00,305.0,436.88712
1995-08-14 15:30:00,60.0,366.50568
1995-08-14 15:35:00,330.0,334.75748
1995-08-14 15:40:00,322.0,367.9657
1995-08-14 15:45:00,343.0,395.62442
1995-08-14 15:50:00,321.0,421.93008
1995-08-14 15:55:00,204.0,330.7763
1995-08-14 16:00:00,380.0,307.99997
1995-08-14 16:05:00,330.0,406.21536
1995-08-14 16:10:00,372.0,409.03168
1995-08-14 16:15:00,317.0,420.80847
1995-08-14 16:20:00,347.0,396.43546
1995-08-14 16:25:00,294.0,424.42825
1995-08-14 16:30:00,334.0,402.02292
1995-08-14 16:35:00,240.0,423.4957
1995-08-14 16:40:00,265.0,356.00778
1995-08-14 16:45:00,313.0,380.8866
1995-08-14 16:50:00,340.0,388.9482
1995-08-14 16:55:00,347.0,380.9006
1995-08-14 17:00:00,295.0,342.4543
1995-08-14 17:05:00,355.0,385.29715
1995-08-14 17:10:00,386.0,369.03058
1995-08-14 17:15:00,227.0,404.7425
1995-08-14 17:20:00,180.0,292.34985
1995-08-14 17:25:00,249.0,298.7591
1995-08-14 17:30:00,225.0,348.673
1995-08-14 17:35:00,171.0,279.16397
1995-08-14 17:40:00,268.0,287.71075
1995-08-14 17:45:00,232.0,324.60394
1995-08-14 17:50:00,232.0,333.8
1995-08-14 17:55:00,255.0,275.4767
1995-08-14 18:00:00,303.0,328.42084
1995-08-14 18:05:00,242.0,338.80325
1995-08-14 18:10:00,191.0,233.92564
1995-08-14 18:15:00,136.0,223.31133
1995-08-14 18:20:00,161.0,246.86037
1995-08-14 18:25:00,332.0,234.4881
1995-08-14 18:30:00,168.0,272.0047
1995-08-14 18:35:00,144.0,248.4651
1995-08-14 18:40:00,214.0,257.80408
1995-08-14 18:45:00,181.0,248.08902
1995-08-14 18:50:00,251.0,242.208
1995-08-14 18:55:00,204.0,282.37308
1995-08-14 19:00:00,188.0,197.93037
1995-08-14 19:05:00,198.0,214.72375
1995-08-14 19:10:00,231.0,253.25343
1995-08-14 19:15:00,192.0,296.036
1995-08-14 19:20:00,244.0,273.58127
1995-08-14 19:25:00,234.0,278.14584
1995-08-14 19:30:00,205.0,268.87195
1995-08-14 19:35:00,245.0,306.10904
1995-08-14 19:40:00,255.0,266.82135
1995-08-14 19:45:00,104.0,270.73166
1995-08-14 19:50:00,143.0,165.05942
1995-08-14 19:55:00,142.0,217.36105
1995-08-14 20:00:00,167.0,181.40851
1995-08-14 20:05:00,225.0,201.14682
1995-08-14 20:10:00,149.0,254.55057
1995-08-14 20:15:00,199.0,231.68422
1995-08-14 20:20:00,288.0,269.89163
1995-08-14 20:25:00,243.0,288.49707
1995-08-14 20:30:00,194.0,289.73215
1995-08-14 20:35:00,183.0,247.90108
1995-08-14 20:40:00,212.0,233.04
1995-08-14 20:45:00,204.0,210.75575
1995-08-14 20:50:00,129.0,212.38869
1995-08-14 20:55:00,122.0,191.06172
1995-08-14 21:00:00,87.0,194.1833
1995-08-14 21:05:00,143.0,148.98692
1995-08-14 21:10:00,226.0,222.19221
1995-08-14 21:15:00,245.0,194.66516
1995-08-14 21:20:00,208.0,262.291
1995-08-14 21:25:00,221.0,247.84541
1995-08-14 21:30:00,172.0,213.61627
1995-08-14 21:35:00,150.0,195.82504
1995-08-14 21:40:00,193.0,207.96045
1995-08-14 21:45:00,139.0,254.4933
1995-08-14 21:50:00,147.0,214.87708
1995-08-14 21:55:00,230.0,220.18369
1995-08-14 22:00:00,160.0,220.86966
1995-08-14 22:05:00,248.0,250.12753
1995-08-14 22:10:00,248.0,310.4452
1995-08-14 22:15:00,130.0,206.05727
1995-08-14 22:20:00,207.0,225.73434
1995-08-14 22:25:00,238.0,231.0553
1995-08-14 22:30:00,147.0,237.96484
1995-08-14 22:35:00,132.0,198.26323
1995-08-14 22:40:00,154.0,202.7182
1995-08-14 22:45:00,160.0,210.0786
1995-08-14 22:50:00,142.0,187.81964
1995-08-14 22:55:00,170.0,196.45271
1995-08-14 23:00:00,188.0,191.01538
1995-08-14 23:05:00,208.0,200.40866
1995-08-14 23:10:00,157.0,188.28986
1995-08-14 23:15:00,187.0,199.81908
1995-08-14 23:20:00,140.0,195.18404
1995-08-14 23:25:00,178.0,193.51128
1995-08-14 23:30:00,180.0,224.79094
1995-08-14 23:35:00,178.0,210.3068
1995-08-14 23:40:00,144.0,228.99245
1995-08-14 23:45:00,159.0,181.8509
1995-08-14 23:50:00,93.0,193.01404
1995-08-14 23:55:00,93.0,136.30595
1995-08-15 00:00:00,110.0,157.95659
1995-08-15 00:05:00,85.0,169.42847
1995-08-15 00:10:00,119.0,149.56749
1995-08-15 00:15:00,128.0,168.4037
1995-08-15 00:20:00,107.0,165.64871
1995-08-15 00:25:00,170.0,131.42265
1995-08-15 00:30:00,176.0,185.92949
1995-08-15 00:35:00,136.0,171.26155
1995-08-15 00:40:00,129.0,154.59106
1995-08-15 00:45:00,188.0,167.27016
1995-08-15 00:50:00,159.0,170.79572
1995-08-15 00:55:00,128.0,178.62712
1995-08-15 01:00:00,112.0,169.48553
1995-08-15 01:05:00,103.0,168.33731
1995-08-15 01:10:00,73.0,141.62543
1995-08-15 01:15:00,79.0,119.46645
1995-08-15 01:20:00,77.0,144.19821
1995-08-15 01:25:00,107.0,142.94948
1995-08-15 01:30:00,97.0,142.48997
1995-08-15 01:35:00,147.0,123.01188
1995-08-15 01:40:00,84.0,169.53952
1995-08-15 01:45:00,110.0,134.11542
1995-08-15 01:50:00,44.0,90.11488
1995-08-15 01:55:00,68.0,86.38545
1995-08-15 02:00:00,89.0,136.42018
1995-08-15 02:05:00,62.0,112.39599
1995-08-15 02:10:00,70.0,124.2137
1995-08-15 02:15:00,93.0,144.80884
1995-08-15 02:20:00,145.0,141.77199
1995-08-15 02:25:00,126.0,146.77147
1995-08-15 02:30:00,155.0,166.64484
1995-08-15 02:35:00,123.0,145.22905
1995-08-15 02:40:00,137.0,134.6826
1995-08-15 02:45:00,149.0,145.00142
1995-08-15 02:50:00,98.0,167.26678
1995-08-15 02:55:00,108.0,155.80203
1995-08-15 03:00:00,84.0,153.05911
1995-08-15 03:05:00,41.0,89.3891
1995-08-15 03:10:00,126.0,135.06046
1995-08-15 03:15:00,77.0,135.80789
1995-08-15 03:20:00,83.0,134.46979
1995-08-15 03:25:00,96.0,142.99094
1995-08-15 03:30:00,77.0,103.904755
1995-08-15 03:35:00,79.0,129.58415
1995-08-15 03:40:00,29.0,100.688614
1995-08-15 03:45:00,47.0,83.06562
1995-08-15 03:50:00,78.0,90.45179
1995-08-15 03:55:00,72.0,93.6954
1995-08-15 04:00:00,93.0,112.41745
1995-08-15 04:05:00,111.0,123.77223
1995-08-15 04:10:00,67.0,103.1271
1995-08-15 04:15:00,68.0,105.857574
1995-08-15 04:20:00,76.0,107.30019
1995-08-15 04:25:00,96.0,124.921364
1995-08-15 04:30:00,60.0,113.17582
1995-08-15 04:35:00,73.0,100.84011
1995-08-15 04:40:00,102.0,119.652885
1995-08-15 04:45:00,95.0,113.29327
1995-08-15 04:50:00,108.0,133.48749
1995-08-15 04:55:00,109.0,109.09194
1995-08-15 05:00:00,119.0,159.72575
1995-08-15 05:05:00,112.0,120.544106
1995-08-15 05:10:00,131.0,137.7006
1995-08-15 05:15:00,109.0,139.91063
1995-08-15 05:20:00,69.0,121.20935
1995-08-15 05:25:00,62.0,106.0454
1995-08-15 05:30:00,47.0,88.4107
1995-08-15 05:35:00,111.0,125.4101
1995-08-15 05:40:00,52.0,103.099144
1995-08-15 05:45:00,23.0,140.37184
1995-08-15 05:50:00,44.0,79.23748
1995-08-15 05:55:00,83.0,93.96159
1995-08-15 06:00:00,136.0,124.70689
1995-08-15 06:05:00,76.0,134.23067
1995-08-15 06:10:00,97.0,130.56999
1995-08-15 06:15:00,70.0,111.46214
1995-08-15 06:20:00,65.0,97.763596
1995-08-15 06:25:00,106.0,146.6999
1995-08-15 06:30:00,118.0,124.91452
1995-08-15 06:35:00,114.0,147.95618
1995-08-15 06:40:00,97.0,115.67455
1995-08-15 06:45:00,121.0,133.23665
1995-08-15 06:50:00,134.0,120.030655
1995-08-15 06:55:00,110.0,138.6357
1995-08-15 07:00:00,83.0,145.56636
1995-08-15 07:05:00,112.0,132.20955
1995-08-15 07:10:00,148.0,156.28061
1995-08-15 07:15:00,104.0,162.20755
1995-08-15 07:20:00,162.0,151.6147
1995-08-15 07:25:00,166.0,156.60817
1995-08-15 07:30:00,149.0,145.95993
1995-08-15 07:35:00,81.0,110.98637
1995-08-15 07:40:00,170.0,154.33954
1995-08-15 07:45:00,167.0,201.06616
1995-08-15 07:50:00,128.0,186.75357
1995-08-15 07:55:00,221.0,194.15147
1995-08-15 08:00:00,290.0,257.59116
1995-08-15 08:05:00,228.0,335.92825
1995-08-15 08:10:00,280.0,279.32004
1995-08-15 08:15:00,336.0,336.5736
1995-08-15 08:20:00,270.0,309.03665
1995-08-15 08:25:00,233.0,313.61823
1995-08-15 08:30:00,241.0,309.03946
1995-08-15 08:35:00,195.0,308.8649
1995-08-15 08:40:00,284.0,284.08563
1995-08-15 08:45:00,137.0,330.05063
1995-08-15 08:50:00,259.0,250.16502
1995-08-15 08:55:00,295.0,264.368
1995-08-15 09:00:00,196.0,292.24454
1995-08-15 09:05:00,241.0,243.15813
1995-08-15 09:10:00,221.0,258.13367
1995-08-15 09:15:00,255.0,266.31534
1995-08-15 09:20:00,173.0,267.24988
1995-08-15 09:25:00,308.0,285.3427
1995-08-15 09:30:00,202.0,291.30402
1995-08-15 09:35:00,211.0,226.14458
1995-08-15 09:40:00,278.0,271.31146
1995-08-15 09:45:00,201.0,268.74164
1995-08-15 09:50:00,220.0,255.83975
1995-08-15 09:55:00,231.0,277.79678
1995-08-15 10:00:00,238.0,332.3545
1995-08-15 10:05:00,256.0,285.12473
1995-08-15 10:10:00,302.0,340.19763
1995-08-15 10:15:00,233.0,384.3063
1995-08-15 10:20:00,227.0,278.65424
1995-08-15 10:25:00,356.0,298.1869
1995-08-15 10:30:00,289.0,368.3651
1995-08-15 10:35:00,274.0,318.61267
1995-08-15 10:40:00,351.0,326.40823
1995-08-15 10:45:00,406.0,395.78766
1995-08-15 10:50:00,414.0,410.13196
1995-08-15 10:55:00,358.0,393.9604
1995-08-15 11:00:00,325.0,404.29175
1995-08-15 11:05:00,374.0,425.90192
1995-08-15 11:10:00,404.0,416.05273
1995-08-15 11:15:00,313.0,445.3555
1995-08-15 11:20:00,350.0,391.84454
1995-08-15 11:25:00,374.0,391.45322
1995-08-15 11:30:00,303.0,428.4428
1995-08-15 11:35:00,358.0,405.83145
1995-08-15 11:40:00,368.0,431.87082
1995-08-15 11:45:00,280.0,419.27582
1995-08-15 11:50:00,249.0,392.9554
1995-08-15 11:55:00,324.0,413.34702
1995-08-15 12:00:00,428.0,400.53934
1995-08-15 12:05:00,339.0,420.97705
1995-08-15 12:10:00,324.0,413.1394
1995-08-15 12:15:00,351.0,413.77182
1995-08-15 12:20:00,284.0,394.82184
1995-08-15 12:25:00,314.0,400.33798
1995-08-15 12:30:00,307.0,381.08313
1995-08-15 12:35:00,262.0,404.1932
1995-08-15 12:40:00,369.0,396.59753
1995-08-15 12:45:00,484.0,438.54037
1995-08-15 12:50:00,407.0,438.6106
1995-08-15 12:55:00,343.0,425.62274
1995-08-15 13:00:00,323.0,430.65884
1995-08-15 13:05:00,355.0,387.10376
1995-08-15 13:10:00,377.0,415.9231
1995-08-15 13:15:00,415.0,428.63983
1995-08-15 13:20:00,374.0,454.14474
1995-08-15 13:25:00,375.0,425.96625
1995-08-15 13:30:00,298.0,447.8287
1995-08-15 13:35:00,413.0,419.53983
1995-08-15 13:40:00,348.0,439.54083
1995-08-15 13:45:00,308.0,398.69516
1995-08-15 13:50:00,365.0,401.13947
1995-08-15 13:55:00,273.0,408.2033
1995-08-15 14:00:00,358.0,418.5788
1995-08-15 14:05:00,297.0,346.4379
1995-08-15 14:10:00,286.0,351.90604
1995-08-15 14:15:00,215.0,347.07782
1995-08-15 14:20:00,246.0,311.19785
1995-08-15 14:25:00,369.0,363.41644
1995-08-15 14:30:00,254.0,375.95868
1995-08-15 14:35:00,331.0,386.72955
1995-08-15 14:40:00,363.0,422.34534
1995-08-15 14:45:00,407.0,400.45032
1995-08-15 14:50:00,584.0,438.96332
1995-08-15 14:55:00,591.0,447.15012
1995-08-15 15:00:00,361.0,437.7344
1995-08-15 15:05:00,5.0,244.0442
1995-08-15 15:10:00,380.0,355.28925
1995-08-15 15:15:00,419.0,412.1004
1995-08-15 15:20:00,319.0,409.98123
1995-08-15 15:25:00,405.0,416.42578
1995-08-15 15:30:00,445.0,441.37347
1995-08-15 15:35:00,294.0,404.83923
1995-08-15 15:40:00,376.0,376.9178
1995-08-15 15:45:00,351.0,420.9702
1995-08-15 15:50:00,349.0,411.0823
1995-08-15 15:55:00,512.0,443.54556
1995-08-15 16:00:00,423.0,436.2689
1995-08-15 16:05:00,315.0,414.32062
1995-08-15 16:10:00,372.0,419.7113
1995-08-15 16:15:00,307.0,405.99658
1995-08-15 16:20:00,436.0,439.08063
1995-08-15 16:25:00,236.0,420.30533
1995-08-15 16:30:00,277.0,384.17715
1995-08-15 16:35:00,404.0,401.83633
1995-08-15 16:40:00,268.0,423.90033
1995-08-15 16:45:00,236.0,363.97415
1995-08-15 16:50:00,393.0,383.15622
1995-08-15 16:55:00,319.0,416.9735
1995-08-15 17:00:00,302.0,381.17114
1995-08-15 17:05:00,291.0,369.2002
1995-08-15 17:10:00,244.0,373.81735
1995-08-15 17:15:00,265.0,327.76962
1995-08-15 17:20:00,270.0,373.21158
1995-08-15 17:25:00,204.0,302.90027
1995-08-15 17:30:00,306.0,319.25647
1995-08-15 17:35:00,236.0,379.81808
1995-08-15 17:40:00,239.0,333.63098
1995-08-15 17:45:00,216.0,277.37674
1995-08-15 17:50:00,243.0,315.59314
1995-08-15 17:55:00,243.0,290.36612
1995-08-15 18:00:00,212.0,282.5269
1995-08-15 18:05:00,259.0,277.63583
1995-08-15 18:10:00,112.0,254.9081
1995-08-15 18:15:00,232.0,232.07898
1995-08-15 18:20:00,219.0,269.63266
1995-08-15 18:25:00,135.0,209.47807
1995-08-15 18:30:00,161.0,215.86414
1995-08-15 18:35:00,169.0,202.40312
1995-08-15 18:40:00,146.0,238.5211
1995-08-15 18:45:00,144.0,185.16353
1995-08-15 18:50:00,231.0,267.7601
1995-08-15 18:55:00,225.0,267.04926
1995-08-15 19:00:00,153.0,206.3962
1995-08-15 19:05:00,165.0,212.41127
1995-08-15 19:10:00,254.0,264.518
1995-08-15 19:15:00,179.0,265.03534
1995-08-15 19:20:00,163.0,199.00793
1995-08-15 19:25:00,151.0,227.8413
1995-08-15 19:30:00,162.0,208.12402
1995-08-15 19:35:00,162.0,216.04207
1995-08-15 19:40:00,121.0,159.59131
1995-08-15 19:45:00,193.0,218.45174
1995-08-15 19:50:00,146.0,192.23581
1995-08-15 19:55:00,139.0,196.18521
1995-08-15 20:00:00,152.0,183.7339
1995-08-15 20:05:00,127.0,198.61053
1995-08-15 20:10:00,128.0,177.06361
1995-08-15 20:15:00,129.0,181.64499
1995-08-15 20:20:00,108.0,177.84818
1995-08-15 20:25:00,141.0,169.4422
1995-08-15 20:30:00,143.0,234.24164
1995-08-15 20:35:00,142.0,185.20064
1995-08-15 20:40:00,153.0,192.5749
1995-08-15 20:45:00,178.0,215.82742
1995-08-15 20:50:00,132.0,164.64099
1995-08-15 20:55:00,127.0,190.42674
1995-08-15 21:00:00,140.0,175.07195
1995-08-15 21:05:00,156.0,188.43604
1995-08-15 21:10:00,172.0,227.52135
1995-08-15 21:15:00,156.0,214.45204
1995-08-15 21:20:00,130.0,216.60902
1995-08-15 21:25:00,166.0,195.63997
1995-08-15 21:30:00,214.0,238.3543
1995-08-15 21:35:00,168.0,249.20241
1995-08-15 21:40:00,181.0,202.87358
1995-08-15 21:45:00,118.0,199.74306
1995-08-15 21:50:00,160.0,199.53574
1995-08-15 21:55:00,153.0,181.1739
1995-08-15 22:00:00,175.0,202.3522
1995-08-15 22:05:00,161.0,222.04625
1995-08-15 22:10:00,173.0,217.14958
1995-08-15 22:15:00,124.0,195.23157
1995-08-15 22:20:00,153.0,181.40721
1995-08-15 22:25:00,211.0,223.12582
1995-08-15 22:30:00,154.0,198.94347
1995-08-15 22:35:00,222.0,250.40886
1995-08-15 22:40:00,145.0,255.56238
1995-08-15 22:45:00,157.0,192.0655
1995-08-15 22:50:00,140.0,214.26012
1995-08-15 22:55:00,150.0,223.71353
1995-08-15 23:00:00,190.0,212.80444
1995-08-15 23:05:00,181.0,234.93611
1995-08-15 23:10:00,126.0,193.19766
1995-08-15 23:15:00,195.0,195.8046
1995-08-15 23:20:00,131.0,255.09671
1995-08-15 23:25:00,72.0,210.57588
1995-08-15 23:30:00,129.0,157.94704
1995-08-15 23:35:00,118.0,174.7258
1995-08-15 23:40:00,137.0,169.43262
1995-08-15 23:45:00,126.0,177.6264
1995-08-15 23:50:00,133.0,165.56355
1995-08-15 23:55:00,100.0,131.22939
1995-08-16 00:00:00,102.0,143.88036
1995-08-16 00:05:00,99.0,115.167984
1995-08-16 00:10:00,77.0,134.03085
1995-08-16 00:15:00,107.0,141.56525
1995-08-16 00:20:00,169.0,148.99251
1995-08-16 00:25:00,154.0,170.23875
1995-08-16 00:30:00,163.0,164.94228
1995-08-16 00:35:00,163.0,181.98183
1995-08-16 00:40:00,59.0,192.51788
1995-08-16 00:45:00,143.0,188.18103
1995-08-16 00:50:00,98.0,210.49751
1995-08-16 00:55:00,159.0,195.72522
1995-08-16 01:00:00,129.0,199.09589
1995-08-16 01:05:00,125.0,195.01918
1995-08-16 01:10:00,92.0,127.69635
1995-08-16 01:15:00,120.0,159.75803
1995-08-16 01:20:00,61.0,119.61521
1995-08-16 01:25:00,92.0,142.28084
1995-08-16 01:30:00,142.0,123.71912
1995-08-16 01:35:00,132.0,159.70721
1995-08-16 01:40:00,76.0,154.1453
1995-08-16 01:45:00,104.0,114.983345
1995-08-16 01:50:00,148.0,152.61414
1995-08-16 01:55:00,105.0,183.83981
1995-08-16 02:00:00,109.0,148.9303
1995-08-16 02:05:00,79.0,151.1752
1995-08-16 02:10:00,77.0,137.75969
1995-08-16 02:15:00,113.0,131.67743
1995-08-16 02:20:00,50.0,122.19652
1995-08-16 02:25:00,95.0,128.0945
1995-08-16 02:30:00,94.0,101.149765
1995-08-16 02:35:00,112.0,100.21154
1995-08-16 02:40:00,110.0,130.10088
1995-08-16 02:45:00,96.0,119.54346
1995-08-16 02:50:00,58.0,137.70656
1995-08-16 02:55:00,72.0,118.45684
1995-08-16 03:00:00,63.0,119.60756
1995-08-16 03:05:00,91.0,105.21318
1995-08-16 03:10:00,65.0,110.629745
1995-08-16 03:15:00,114.0,111.341286
1995-08-16 03:20:00,74.0,106.2469
1995-08-16 03:25:00,87.0,116.99045
1995-08-16 03:30:00,115.0,124.43708
1995-08-16 03:35:00,88.0,138.3607
1995-08-16 03:40:00,95.0,156.07631
1995-08-16 03:45:00,90.0,130.86047
1995-08-16 03:50:00,120.0,133.91931
1995-08-16 03:55:00,97.0,136.49596
1995-08-16 04:00:00,112.0,135.31749
1995-08-16 04:05:00,50.0,85.751564
1995-08-16 04:10:00,125.0,116.854485
1995-08-16 04:15:00,96.0,110.6685
1995-08-16 04:20:00,51.0,104.86737
1995-08-16 04:25:00,47.0,98.57343
1995-08-16 04:30:00,64.0,93.974365
1995-08-16 04:35:00,61.0,91.7358
1995-08-16 04:40:00,51.0,81.22043
1995-08-16 04:45:00,55.0,115.31465
1995-08-16 04:50:00,21.0,75.74289
1995-08-16 04:55:00,53.0,72.825195
1995-08-16 05:00:00,25.0,75.94387
1995-08-16 05:05:00,84.0,78.38785
1995-08-16 05:10:00,72.0,97.26285
1995-08-16 05:15:00,89.0,107.264984
1995-08-16 05:20:00,96.0,116.98403
1995-08-16 05:25:00,77.0,104.514084
1995-08-16 05:30:00,107.0,112.372734
1995-08-16 05:35:00,63.0,111.28693
1995-08-16 05:40:00,32.0,121.60339
1995-08-16 05:45:00,72.0,101.33986
1995-08-16 05:50:00,65.0,114.80843
1995-08-16 05:55:00,69.0,91.85421
1995-08-16 06:00:00,82.0,113.62335
1995-08-16 06:05:00,58.0,139.83997
1995-08-16 06:10:00,89.0,90.84142
1995-08-16 06:15:00,104.0,120.05565
1995-08-16 06:20:00,73.0,122.22295
1995-08-16 06:25:00,129.0,120.464676
1995-08-16 06:30:00,70.0,138.33234
1995-08-16 06:35:00,68.0,111.07659
1995-08-16 06:40:00,115.0,123.36546
1995-08-16 06:45:00,126.0,137.46259
1995-08-16 06:50:00,96.0,144.25874
1995-08-16 06:55:00,134.0,134.56703
1995-08-16 07:00:00,75.0,94.36095
1995-08-16 07:05:00,81.0,119.83863
1995-08-16 07:10:00,107.0,131.59799
1995-08-16 07:15:00,95.0,116.3461
1995-08-16 07:20:00,152.0,136.80772
1995-08-16 07:25:00,172.0,178.50716
1995-08-16 07:30:00,206.0,200.53336
1995-08-16 07:35:00,179.0,218.61714
1995-08-16 07:40:00,162.0,184.73738
1995-08-16 07:45:00,179.0,199.25757
1995-08-16 07:50:00,139.0,160.85847
1995-08-16 07:55:00,168.0,179.0784
1995-08-16 08:00:00,235.0,210.45425
1995-08-16 08:05:00,248.0,253.56932
1995-08-16 08:10:00,167.0,284.03085
1995-08-16 08:15:00,190.0,283.17047
1995-08-16 08:20:00,221.0,269.59253
1995-08-16 08:25:00,147.0,186.41412
1995-08-16 08:30:00,145.0,243.38538
1995-08-16 08:35:00,186.0,208.39983
1995-08-16 08:40:00,147.0,212.2597
1995-08-16 08:45:00,286.0,228.58812
1995-08-16 08:50:00,198.0,316.65997
1995-08-16 08:55:00,236.0,258.395
1995-08-16 09:00:00,201.0,257.30536
1995-08-16 09:05:00,267.0,226.47278
1995-08-16 09:10:00,166.0,272.7245
1995-08-16 09:15:00,222.0,250.35072
1995-08-16 09:20:00,259.0,236.85179
1995-08-16 09:25:00,180.0,278.4904
1995-08-16 09:30:00,305.0,252.84663
1995-08-16 09:35:00,262.0,327.21497
1995-08-16 09:40:00,327.0,325.28265
1995-08-16 09:45:00,235.0,343.74036
1995-08-16 09:50:00,249.0,300.49548
1995-08-16 09:55:00,274.0,317.9034
1995-08-16 10:00:00,272.0,352.78067
1995-08-16 10:05:00,288.0,370.93454
1995-08-16 10:10:00,344.0,378.2446
1995-08-16 10:15:00,265.0,385.96692
1995-08-16 10:20:00,307.0,352.3314
1995-08-16 10:25:00,297.0,352.02588
1995-08-16 10:30:00,278.0,341.5657
1995-08-16 10:35:00,193.0,388.36813
1995-08-16 10:40:00,279.0,326.91803
1995-08-16 10:45:00,274.0,364.05664
1995-08-16 10:50:00,315.0,368.87463
1995-08-16 10:55:00,239.0,392.5647
1995-08-16 11:00:00,291.0,315.2624
1995-08-16 11:05:00,301.0,368.81097
1995-08-16 11:10:00,222.0,363.96057
1995-08-16 11:15:00,344.0,324.97864
1995-08-16 11:20:00,241.0,325.93567
1995-08-16 11:25:00,307.0,369.75153
1995-08-16 11:30:00,355.0,380.59387
1995-08-16 11:35:00,299.0,402.33917
1995-08-16 11:40:00,344.0,395.77197
1995-08-16 11:45:00,416.0,401.60397
1995-08-16 11:50:00,231.0,404.95303
1995-08-16 11:55:00,295.0,382.514
1995-08-16 12:00:00,311.0,415.2505
1995-08-16 12:05:00,325.0,372.27454
1995-08-16 12:10:00,314.0,376.17032
1995-08-16 12:15:00,240.0,344.11932
1995-08-16 12:20:00,282.0,354.48724
1995-08-16 12:25:00,323.0,375.83017
1995-08-16 12:30:00,301.0,411.16345
1995-08-16 12:35:00,378.0,362.32266
1995-08-16 12:40:00,328.0,395.72562
1995-08-16 12:45:00,219.0,319.1589
1995-08-16 12:50:00,263.0,389.4597
1995-08-16 12:55:00,279.0,353.04495
1995-08-16 13:00:00,267.0,375.86774
1995-08-16 13:05:00,280.0,354.24628
1995-08-16 13:10:00,335.0,321.49243
1995-08-16 13:15:00,366.0,410.30725
1995-08-16 13:20:00,365.0,419.0272
1995-08-16 13:25:00,306.0,429.38025
1995-08-16 13:30:00,341.0,406.96927
1995-08-16 13:35:00,408.0,417.58203
1995-08-16 13:40:00,400.0,411.17877
1995-08-16 13:45:00,269.0,422.63895
1995-08-16 13:50:00,314.0,405.90616
1995-08-16 13:55:00,311.0,404.05875
1995-08-16 14:00:00,430.0,395.57166
1995-08-16 14:05:00,436.0,436.66147
1995-08-16 14:10:00,414.0,428.79947
1995-08-16 14:15:00,328.0,398.55606
1995-08-16 14:20:00,325.0,381.81512
1995-08-16 14:25:00,359.0,416.8386
1995-08-16 14:30:00,382.0,432.19705
1995-08-16 14:35:00,326.0,461.91245
1995-08-16 14:40:00,306.0,401.8235
1995-08-16 14:45:00,312.0,390.61145
1995-08-16 14:50:00,249.0,380.28467
1995-08-16 14:55:00,277.0,356.81577
1995-08-16 15:00:00,290.0,351.391
1995-08-16 15:05:00,267.0,332.10504
1995-08-16 15:10:00,280.0,332.7647
1995-08-16 15:15:00,457.0,378.44592
1995-08-16 15:20:00,426.0,431.8956
1995-08-16 15:25:00,404.0,433.8061
1995-08-16 15:30:00,431.0,417.05084
1995-08-16 15:35:00,287.0,406.69333
1995-08-16 15:40:00,286.0,435.68692
1995-08-16 15:45:00,295.0,390.9866
1995-08-16 15:50:00,243.0,339.87955
1995-08-16 15:55:00,339.0,362.7843
1995-08-16 16:00:00,251.0,395.08957
1995-08-16 16:05:00,282.0,377.3994
1995-08-16 16:10:00,389.0,394.1192
1995-08-16 16:15:00,362.0,395.04932
1995-08-16 16:20:00,380.0,403.29654
1995-08-16 16:25:00,385.0,429.17426
1995-08-16 16:30:00,62.0,397.03894
1995-08-16 16:35:00,224.0,281.32886
1995-08-16 16:40:00,327.0,353.88397
1995-08-16 16:45:00,213.0,405.74573
1995-08-16 16:50:00,284.0,290.85458
1995-08-16 16:55:00,329.0,385.32568
1995-08-16 17:00:00,287.0,383.52515
1995-08-16 17:05:00,327.0,367.40646
1995-08-16 17:10:00,305.0,375.10245
1995-08-16 17:15:00,216.0,393.56323
1995-08-16 17:20:00,201.0,268.0182
1995-08-16 17:25:00,219.0,288.7719
1995-08-16 17:30:00,305.0,325.69632
1995-08-16 17:35:00,291.0,364.63748
1995-08-16 17:40:00,146.0,293.79178
1995-08-16 17:45:00,228.0,258.34702
1995-08-16 17:50:00,186.0,235.68916
1995-08-16 17:55:00,227.0,254.66063
1995-08-16 18:00:00,149.0,302.26694
1995-08-16 18:05:00,270.0,287.85754
1995-08-16 18:10:00,215.0,284.63998
1995-08-16 18:15:00,164.0,238.24817
1995-08-16 18:20:00,125.0,227.40947
1995-08-16 18:25:00,217.0,205.98146
1995-08-16 18:30:00,254.0,280.4981
1995-08-16 18:35:00,187.0,286.7211
1995-08-16 18:40:00,197.0,248.02632
1995-08-16 18:45:00,214.0,279.2984
1995-08-16 18:50:00,187.0,301.69324
1995-08-16 18:55:00,233.0,208.4908
1995-08-16 19:00:00,230.0,284.86005
1995-08-16 19:05:00,135.0,212.54788
1995-08-16 19:10:00,205.0,211.9444
1995-08-16 19:15:00,182.0,250.98819
1995-08-16 19:20:00,150.0,198.54744
1995-08-16 19:25:00,180.0,239.6818
1995-08-16 19:30:00,141.0,183.74413
1995-08-16 19:35:00,228.0,237.88191
1995-08-16 19:40:00,173.0,212.93956
1995-08-16 19:45:00,197.0,233.05885
1995-08-16 19:50:00,198.0,250.92644
1995-08-16 19:55:00,289.0,238.4213
1995-08-16 20:00:00,153.0,249.98782
1995-08-16 20:05:00,234.0,235.30339
1995-08-16 20:10:00,164.0,276.7782
1995-08-16 20:15:00,159.0,244.689
1995-08-16 20:20:00,182.0,221.92972
1995-08-16 20:25:00,213.0,205.68617
1995-08-16 20:30:00,186.0,218.88193
1995-08-16 20:35:00,126.0,208.4964
1995-08-16 20:40:00,140.0,243.76312
1995-08-16 20:45:00,87.0,216.04134
1995-08-16 20:50:00,110.0,133.86548
1995-08-16 20:55:00,168.0,216.67015
1995-08-16 21:00:00,204.0,188.48274
1995-08-16 21:05:00,227.0,220.81793
1995-08-16 21:10:00,173.0,266.11655
1995-08-16 21:15:00,183.0,249.64507
1995-08-16 21:20:00,196.0,231.72372
1995-08-16 21:25:00,227.0,240.7614
1995-08-16 21:30:00,192.0,235.70238
1995-08-16 21:35:00,241.0,227.53563
1995-08-16 21:40:00,204.0,251.34868
1995-08-16 21:45:00,151.0,248.49283
1995-08-16 21:50:00,165.0,230.39255
1995-08-16 21:55:00,143.0,224.49925
1995-08-16 22:00:00,184.0,223.29036
1995-08-16 22:05:00,283.0,282.38724
1995-08-16 22:10:00,194.0,286.70108
1995-08-16 22:15:00,178.0,237.85867
1995-08-16 22:20:00,170.0,198.96034
1995-08-16 22:25:00,148.0,200.86287
1995-08-16 22:30:00,127.0,207.47476
1995-08-16 22:35:00,131.0,190.87004
1995-08-16 22:40:00,138.0,189.48741
1995-08-16 22:45:00,157.0,197.73004
1995-08-16 22:50:00,115.0,205.10355
1995-08-16 22:55:00,111.0,129.59007
1995-08-16 23:00:00,169.0,194.14757
1995-08-16 23:05:00,94.0,145.1617
1995-08-16 23:10:00,101.0,152.73366
1995-08-16 23:15:00,125.0,168.56517
1995-08-16 23:20:00,141.0,173.11403
1995-08-16 23:25:00,206.0,171.17738
1995-08-16 23:30:00,222.0,201.85934
1995-08-16 23:35:00,243.0,244.13852
1995-08-16 23:40:00,163.0,222.16147
1995-08-16 23:45:00,97.0,172.80528
1995-08-16 23:50:00,179.0,185.21413
1995-08-16 23:55:00,131.0,207.82806
1995-08-17 00:00:00,94.0,134.34253
1995-08-17 00:05:00,175.0,170.21074
1995-08-17 00:10:00,122.0,185.96872
1995-08-17 00:15:00,134.0,167.10751
1995-08-17 00:20:00,136.0,169.63379
1995-08-17 00:25:00,153.0,180.97762
1995-08-17 00:30:00,115.0,186.27155
1995-08-17 00:35:00,111.0,171.8788
1995-08-17 00:40:00,127.0,171.64854
1995-08-17 00:45:00,96.0,151.7829
1995-08-17 00:50:00,117.0,167.19884
1995-08-17 00:55:00,71.0,126.78826
1995-08-17 01:00:00,182.0,164.27444
1995-08-17 01:05:00,120.0,205.79166
1995-08-17 01:10:00,110.0,162.35454
1995-08-17 01:15:00,90.0,112.914085
1995-08-17 01:20:00,116.0,144.71877
1995-08-17 01:25:00,64.0,131.28879
1995-08-17 01:30:00,117.0,175.39203
1995-08-17 01:35:00,91.0,120.710266
1995-08-17 01:40:00,109.0,160.56831
1995-08-17 01:45:00,124.0,166.29897
1995-08-17 01:50:00,123.0,147.33873
1995-08-17 01:55:00,132.0,156.35435
1995-08-17 02:00:00,90.0,113.48924
1995-08-17 02:05:00,100.0,172.02972
1995-08-17 02:10:00,97.0,141.23158
1995-08-17 02:15:00,90.0,135.95808
1995-08-17 02:20:00,102.0,105.787384
1995-08-17 02:25:00,40.0,84.71259
1995-08-17 02:30:00,98.0,140.51233
1995-08-17 02:35:00,94.0,100.9244
1995-08-17 02:40:00,68.0,89.074585
1995-08-17 02:45:00,48.0,92.83194
1995-08-17 02:50:00,57.0,98.905685
1995-08-17 02:55:00,57.0,108.51788
1995-08-17 03:00:00,64.0,87.93862
1995-08-17 03:05:00,62.0,78.70491
1995-08-17 03:10:00,33.0,78.82529
1995-08-17 03:15:00,57.0,74.527245
1995-08-17 03:20:00,34.0,75.26054
1995-08-17 03:25:00,51.0,108.01
1995-08-17 03:30:00,46.0,75.775246
1995-08-17 03:35:00,82.0,85.58502
1995-08-17 03:40:00,71.0,129.60115
1995-08-17 03:45:00,79.0,111.89284
1995-08-17 03:50:00,107.0,101.20599
1995-08-17 03:55:00,126.0,108.83805
1995-08-17 04:00:00,136.0,118.51912
1995-08-17 04:05:00,114.0,156.91246
1995-08-17 04:10:00,127.0,136.89299
1995-08-17 04:15:00,112.0,133.25093
1995-08-17 04:20:00,49.0,134.7558
1995-08-17 04:25:00,77.0,133.98772
1995-08-17 04:30:00,93.0,99.66866
1995-08-17 04:35:00,72.0,82.2418
1995-08-17 04:40:00,100.0,101.9129
1995-08-17 04:45:00,74.0,148.72418
1995-08-17 04:50:00,18.0,93.38502
1995-08-17 04:55:00,41.0,79.87095
1995-08-17 05:00:00,61.0,100.68425
1995-08-17 05:05:00,85.0,90.12684
1995-08-17 05:10:00,72.0,117.89652
1995-08-17 05:15:00,48.0,102.37202
1995-08-17 05:20:00,125.0,109.55167
1995-08-17 05:25:00,68.0,112.646286
1995-08-17 05:30:00,65.0,83.07344
1995-08-17 05:35:00,71.0,98.89068
1995-08-17 05:40:00,61.0,121.76515
1995-08-17 05:45:00,56.0,86.38107
1995-08-17 05:50:00,58.0,75.78286
1995-08-17 05:55:00,96.0,117.89108
1995-08-17 06:00:00,50.0,104.03819
1995-08-17 06:05:00,65.0,76.55726
1995-08-17 06:10:00,54.0,76.70844
1995-08-17 06:15:00,36.0,110.112015
1995-08-17 06:20:00,60.0,79.43556
1995-08-17 06:25:00,71.0,80.65052
1995-08-17 06:30:00,91.0,108.45064
1995-08-17 06:35:00,70.0,94.33399
1995-08-17 06:40:00,51.0,80.78986
1995-08-17 06:45:00,113.0,102.86135
1995-08-17 06:50:00,160.0,121.92565
1995-08-17 06:55:00,115.0,129.33015
1995-08-17 07:00:00,159.0,152.90932
1995-08-17 07:05:00,183.0,175.81824
1995-08-17 07:10:00,126.0,215.83693
1995-08-17 07:15:00,134.0,177.32123
1995-08-17 07:20:00,190.0,190.07509
1995-08-17 07:25:00,131.0,227.30113
1995-08-17 07:30:00,96.0,210.82936
1995-08-17 07:35:00,153.0,178.9892
1995-08-17 07:40:00,195.0,210.67418
1995-08-17 07:45:00,191.0,275.14825
1995-08-17 07:50:00,170.0,216.0105
1995-08-17 07:55:00,250.0,224.26668
1995-08-17 08:00:00,196.0,283.34274
1995-08-17 08:05:00,217.0,249.19011
1995-08-17 08:10:00,264.0,276.97418
1995-08-17 08:15:00,234.0,292.29083
1995-08-17 08:20:00,243.0,248.97499
1995-08-17 08:25:00,165.0,272.76508
1995-08-17 08:30:00,188.0,216.70264
1995-08-17 08:35:00,193.0,263.95874
1995-08-17 08:40:00,222.0,242.41068
1995-08-17 08:45:00,206.0,267.44733
1995-08-17 08:50:00,252.0,265.00247
1995-08-17 08:55:00,231.0,294.74298
1995-08-17 09:00:00,283.0,280.29
1995-08-17 09:05:00,256.0,311.80045
1995-08-17 09:10:00,222.0,271.87622
1995-08-17 09:15:00,258.0,296.62637
1995-08-17 09:20:00,313.0,331.97974
1995-08-17 09:25:00,256.0,338.29468
1995-08-17 09:30:00,242.0,314.74796
1995-08-17 09:35:00,257.0,337.1676
1995-08-17 09:40:00,209.0,284.6667
1995-08-17 09:45:00,270.0,260.04218
1995-08-17 09:50:00,276.0,348.9816
1995-08-17 09:55:00,249.0,321.20837
1995-08-17 10:00:00,250.0,306.87662
1995-08-17 10:05:00,300.0,354.73788
1995-08-17 10:10:00,204.0,295.85846
1995-08-17 10:15:00,243.0,244.50946
1995-08-17 10:20:00,354.0,310.45023
1995-08-17 10:25:00,305.0,339.65952
1995-08-17 10:30:00,324.0,384.34323
1995-08-17 10:35:00,440.0,395.30737
1995-08-17 10:40:00,399.0,441.35132
1995-08-17 10:45:00,290.0,410.16647
1995-08-17 10:50:00,334.0,373.75836
1995-08-17 10:55:00,316.0,413.26187
1995-08-17 11:00:00,329.0,404.78912
1995-08-17 11:05:00,374.0,405.30997
1995-08-17 11:10:00,316.0,408.63046
1995-08-17 11:15:00,328.0,381.42853
1995-08-17 11:20:00,300.0,425.85553
1995-08-17 11:25:00,211.0,377.96658
1995-08-17 11:30:00,232.0,389.11633
1995-08-17 11:35:00,277.0,362.84225
1995-08-17 11:40:00,265.0,346.4316
1995-08-17 11:45:00,246.0,335.89355
1995-08-17 11:50:00,283.0,326.26822
1995-08-17 11:55:00,312.0,339.64554
1995-08-17 12:00:00,270.0,335.70197
1995-08-17 12:05:00,351.0,329.89944
1995-08-17 12:10:00,310.0,390.83167
1995-08-17 12:15:00,302.0,377.13498
1995-08-17 12:20:00,291.0,403.8838
1995-08-17 12:25:00,376.0,397.38016
1995-08-17 12:30:00,323.0,422.39096
1995-08-17 12:35:00,355.0,409.41818
1995-08-17 12:40:00,444.0,435.1654
1995-08-17 12:45:00,443.0,444.771
1995-08-17 12:50:00,270.0,431.05667
1995-08-17 12:55:00,285.0,396.13293
1995-08-17 13:00:00,287.0,390.59988
1995-08-17 13:05:00,309.0,383.26248
1995-08-17 13:10:00,378.0,406.68417
1995-08-17 13:15:00,337.0,431.6459
1995-08-17 13:20:00,353.0,427.6854
1995-08-17 13:25:00,310.0,412.94495
1995-08-17 13:30:00,382.0,437.63193
1995-08-17 13:35:00,305.0,416.58463
1995-08-17 13:40:00,332.0,392.6484
1995-08-17 13:45:00,385.0,397.96948
1995-08-17 13:50:00,371.0,430.66995
1995-08-17 13:55:00,356.0,424.3761
1995-08-17 14:00:00,323.0,411.3921
1995-08-17 14:05:00,422.0,424.70624
1995-08-17 14:10:00,309.0,398.23248
1995-08-17 14:15:00,331.0,418.41516
1995-08-17 14:20:00,282.0,385.52063
1995-08-17 14:25:00,303.0,374.67496
1995-08-17 14:30:00,263.0,330.1722
1995-08-17 14:35:00,233.0,383.29272
1995-08-17 14:40:00,327.0,354.89975
1995-08-17 14:45:00,437.0,381.55746
1995-08-17 14:50:00,475.0,446.4201
1995-08-17 14:55:00,370.0,430.49152
1995-08-17 15:00:00,424.0,424.07623
1995-08-17 15:05:00,402.0,445.4945
1995-08-17 15:10:00,432.0,422.9277
1995-08-17 15:15:00,365.0,424.95682
1995-08-17 15:20:00,281.0,421.95227
1995-08-17 15:25:00,393.0,404.1743
1995-08-17 15:30:00,358.0,407.71014
1995-08-17 15:35:00,373.0,394.92868
1995-08-17 15:40:00,370.0,421.58435
1995-08-17 15:45:00,468.0,411.4255
1995-08-17 15:50:00,403.0,432.28116
1995-08-17 15:55:00,349.0,423.01483
1995-08-17 16:00:00,290.0,435.90393
1995-08-17 16:05:00,295.0,395.4909
1995-08-17 16:10:00,412.0,391.24088
1995-08-17 16:15:00,334.0,421.2506
1995-08-17 16:20:00,353.0,399.21484
1995-08-17 16:25:00,311.0,403.8529
1995-08-17 16:30:00,378.0,388.95953
1995-08-17 16:35:00,284.0,397.84488
1995-08-17 16:40:00,364.0,388.25693
1995-08-17 16:45:00,373.0,413.8806
1995-08-17 16:50:00,343.0,405.49133
1995-08-17 16:55:00,255.0,365.87134
1995-08-17 17:00:00,270.0,371.27768
1995-08-17 17:05:00,336.0,392.02383
1995-08-17 17:10:00,314.0,383.03442
1995-08-17 17:15:00,250.0,366.2219
1995-08-17 17:20:00,303.0,380.6796
1995-08-17 17:25:00,260.0,375.0517
1995-08-17 17:30:00,201.0,319.8523
1995-08-17 17:35:00,193.0,264.4056
1995-08-17 17:40:00,307.0,330.34738
1995-08-17 17:45:00,255.0,330.2106
1995-08-17 17:50:00,163.0,246.78662
1995-08-17 17:55:00,245.0,236.8815
1995-08-17 18:00:00,240.0,290.305
1995-08-17 18:05:00,186.0,280.70773
1995-08-17 18:10:00,172.0,258.78888
1995-08-17 18:15:00,225.0,275.9204
1995-08-17 18:20:00,234.0,268.65558
1995-08-17 18:25:00,128.0,287.26944
1995-08-17 18:30:00,182.0,210.34538
1995-08-17 18:35:00,191.0,229.84329
1995-08-17 18:40:00,211.0,256.75452
1995-08-17 18:45:00,258.0,270.63113
1995-08-17 18:50:00,272.0,315.4754
1995-08-17 18:55:00,272.0,325.27536
1995-08-17 19:00:00,194.0,317.7321
1995-08-17 19:05:00,155.0,289.5197
1995-08-17 19:10:00,175.0,243.29799
1995-08-17 19:15:00,219.0,272.9151
1995-08-17 19:20:00,180.0,258.17825
1995-08-17 19:25:00,166.0,233.42946
1995-08-17 19:30:00,218.0,241.78587
1995-08-17 19:35:00,219.0,255.46942
1995-08-17 19:40:00,237.0,281.2122
1995-08-17 19:45:00,202.0,294.3477
1995-08-17 19:50:00,132.0,238.88297
1995-08-17 19:55:00,118.0,198.75574
1995-08-17 20:00:00,155.0,193.38055
1995-08-17 20:05:00,205.0,231.77199
1995-08-17 20:10:00,292.0,198.28319
1995-08-17 20:15:00,217.0,293.2605
1995-08-17 20:20:00,230.0,226.78624
1995-08-17 20:25:00,264.0,299.68976
1995-08-17 20:30:00,166.0,281.65552
1995-08-17 20:35:00,175.0,207.33922
1995-08-17 20:40:00,134.0,245.07884
1995-08-17 20:45:00,170.0,238.74174
1995-08-17 20:50:00,204.0,234.46564
1995-08-17 20:55:00,184.0,229.61433
1995-08-17 21:00:00,186.0,250.80717
1995-08-17 21:05:00,155.0,220.03777
1995-08-17 21:10:00,110.0,230.22458
1995-08-17 21:15:00,150.0,213.11899
1995-08-17 21:20:00,192.0,196.05559
1995-08-17 21:25:00,185.0,164.00931
1995-08-17 21:30:00,187.0,211.39323
1995-08-17 21:35:00,103.0,194.74132
1995-08-17 21:40:00,163.0,184.74313
1995-08-17 21:45:00,170.0,264.88632
1995-08-17 21:50:00,164.0,206.76639
1995-08-17 21:55:00,191.0,203.05565
1995-08-17 22:00:00,141.0,195.11305
1995-08-17 22:05:00,233.0,192.94891
1995-08-17 22:10:00,160.0,199.8142
1995-08-17 22:15:00,131.0,206.5157
1995-08-17 22:20:00,163.0,190.72911
1995-08-17 22:25:00,178.0,205.39003
1995-08-17 22:30:00,167.0,183.97966
1995-08-17 22:35:00,132.0,224.19397
1995-08-17 22:40:00,112.0,130.52107
1995-08-17 22:45:00,159.0,196.16104
1995-08-17 22:50:00,97.0,184.70763
1995-08-17 22:55:00,96.0,173.52582
1995-08-17 23:00:00,95.0,116.11752
1995-08-17 23:05:00,172.0,162.27504
1995-08-17 23:10:00,219.0,214.6607
1995-08-17 23:15:00,284.0,234.96683
1995-08-17 23:20:00,144.0,283.89633
1995-08-17 23:25:00,102.0,198.16995
1995-08-17 23:30:00,168.0,200.79213
1995-08-17 23:35:00,150.0,257.24908
1995-08-17 23:40:00,172.0,177.87453
1995-08-17 23:45:00,129.0,200.27348
1995-08-17 23:50:00,99.0,183.76465
1995-08-17 23:55:00,94.0,169.38086
1995-08-18 00:00:00,128.0,153.04369
1995-08-18 00:05:00,168.0,172.26733
1995-08-18 00:10:00,171.0,173.6013
1995-08-18 00:15:00,116.0,147.68983
1995-08-18 00:20:00,59.0,106.46811
1995-08-18 00:25:00,95.0,136.33247
1995-08-18 00:30:00,114.0,133.07155
1995-08-18 00:35:00,44.0,105.17171
1995-08-18 00:40:00,99.0,86.20089
1995-08-18 00:45:00,76.0,101.6786
1995-08-18 00:50:00,104.0,107.88537
1995-08-18 00:55:00,115.0,122.01677
1995-08-18 01:00:00,118.0,139.10884
1995-08-18 01:05:00,126.0,155.32759
1995-08-18 01:10:00,152.0,149.35692
1995-08-18 01:15:00,97.0,165.96378
1995-08-18 01:20:00,133.0,124.779015
1995-08-18 01:25:00,115.0,125.33737
1995-08-18 01:30:00,162.0,151.95631
1995-08-18 01:35:00,115.0,133.60907
1995-08-18 01:40:00,144.0,163.71678
1995-08-18 01:45:00,152.0,161.04582
1995-08-18 01:50:00,193.0,182.09747
1995-08-18 01:55:00,119.0,168.4946
1995-08-18 02:00:00,82.0,134.7176
1995-08-18 02:05:00,122.0,166.17465
1995-08-18 02:10:00,45.0,93.70966
1995-08-18 02:15:00,72.0,141.49959
1995-08-18 02:20:00,95.0,134.06853
1995-08-18 02:25:00,87.0,146.94858
1995-08-18 02:30:00,103.0,154.49695
1995-08-18 02:35:00,107.0,142.97708
1995-08-18 02:40:00,99.0,115.97866
1995-08-18 02:45:00,130.0,122.25163
1995-08-18 02:50:00,87.0,147.45718
1995-08-18 02:55:00,132.0,153.4692
1995-08-18 03:00:00,86.0,143.1662
1995-08-18 03:05:00,91.0,102.13642
1995-08-18 03:10:00,64.0,129.87308
1995-08-18 03:15:00,67.0,125.60827
1995-08-18 03:20:00,108.0,120.9695
1995-08-18 03:25:00,76.0,96.78459
1995-08-18 03:30:00,148.0,154.79523
1995-08-18 03:35:00,64.0,100.04166
1995-08-18 03:40:00,120.0,122.87039
1995-08-18 03:45:00,98.0,117.46688
1995-08-18 03:50:00,77.0,127.93941
1995-08-18 03:55:00,89.0,133.15558
1995-08-18 04:00:00,68.0,132.53014
1995-08-18 04:05:00,89.0,78.57678
1995-08-18 04:10:00,77.0,109.18054
1995-08-18 04:15:00,81.0,113.07172
1995-08-18 04:20:00,82.0,89.7148
1995-08-18 04:25:00,82.0,115.95216
1995-08-18 04:30:00,46.0,110.20048
1995-08-18 04:35:00,80.0,91.62435
1995-08-18 04:40:00,78.0,125.15791
1995-08-18 04:45:00,77.0,126.60334
1995-08-18 04:50:00,82.0,104.50186
1995-08-18 04:55:00,64.0,123.29219
1995-08-18 05:00:00,77.0,109.07163
1995-08-18 05:05:00,133.0,99.59035
1995-08-18 05:10:00,84.0,100.57764
1995-08-18 05:15:00,82.0,100.38969
1995-08-18 05:20:00,45.0,78.56471
1995-08-18 05:25:00,58.0,82.77131
1995-08-18 05:30:00,45.0,73.67264
1995-08-18 05:35:00,53.0,77.18654
1995-08-18 05:40:00,81.0,88.615875
1995-08-18 05:45:00,85.0,90.39978
1995-08-18 05:50:00,129.0,108.67131
1995-08-18 05:55:00,64.0,101.02072
1995-08-18 06:00:00,107.0,94.11436
1995-08-18 06:05:00,95.0,111.52458
1995-08-18 06:10:00,76.0,92.457214
1995-08-18 06:15:00,58.0,80.06512
1995-08-18 06:20:00,63.0,104.180984
1995-08-18 06:25:00,74.0,85.27366
1995-08-18 06:30:00,84.0,101.66166
1995-08-18 06:35:00,80.0,109.50339
1995-08-18 06:40:00,78.0,89.58197
1995-08-18 06:45:00,79.0,109.32959
1995-08-18 06:50:00,182.0,125.484024
1995-08-18 06:55:00,115.0,159.3106
1995-08-18 07:00:00,113.0,142.20781
1995-08-18 07:05:00,151.0,153.56866
1995-08-18 07:10:00,181.0,184.4319
1995-08-18 07:15:00,137.0,213.45966
1995-08-18 07:20:00,114.0,171.97073
1995-08-18 07:25:00,112.0,141.21158
1995-08-18 07:30:00,151.0,169.9092
1995-08-18 07:35:00,211.0,165.9032
1995-08-18 07:40:00,193.0,202.71257
1995-08-18 07:45:00,126.0,153.10745
1995-08-18 07:50:00,154.0,182.30486
1995-08-18 07:55:00,186.0,173.37259
1995-08-18 08:00:00,249.0,215.89774
1995-08-18 08:05:00,190.0,265.19333
1995-08-18 08:10:00,164.0,248.86511
1995-08-18 08:15:00,174.0,211.94418
1995-08-18 08:20:00,236.0,212.24028
1995-08-18 08:25:00,231.0,249.02733
1995-08-18 08:30:00,189.0,243.51184
1995-08-18 08:35:00,201.0,266.61594
1995-08-18 08:40:00,258.0,252.96178
1995-08-18 08:45:00,285.0,298.37726
1995-08-18 08:50:00,309.0,345.1611
1995-08-18 08:55:00,251.0,335.54416
1995-08-18 09:00:00,195.0,249.22794
1995-08-18 09:05:00,191.0,261.6646
1995-08-18 09:10:00,239.0,280.43008
1995-08-18 09:15:00,216.0,283.6025
1995-08-18 09:20:00,191.0,286.12778
1995-08-18 09:25:00,232.0,232.7713
1995-08-18 09:30:00,340.0,301.56943
1995-08-18 09:35:00,260.0,341.6044
1995-08-18 09:40:00,256.0,303.4327
1995-08-18 09:45:00,325.0,311.90292
1995-08-18 09:50:00,277.0,381.5294
1995-08-18 09:55:00,315.0,334.56412
1995-08-18 10:00:00,250.0,392.31143
1995-08-18 10:05:00,298.0,345.60242
1995-08-18 10:10:00,313.0,343.98785
1995-08-18 10:15:00,232.0,310.3224
1995-08-18 10:20:00,310.0,321.3731
1995-08-18 10:25:00,241.0,340.7918
1995-08-18 10:30:00,302.0,299.55157
1995-08-18 10:35:00,294.0,350.47556
1995-08-18 10:40:00,392.0,396.84824
1995-08-18 10:45:00,325.0,440.46127
1995-08-18 10:50:00,215.0,345.02182
1995-08-18 10:55:00,263.0,298.58902
1995-08-18 11:00:00,253.0,321.16412
1995-08-18 11:05:00,265.0,360.53778
1995-08-18 11:10:00,336.0,330.75732
1995-08-18 11:15:00,383.0,391.57544
1995-08-18 11:20:00,438.0,428.25977
1995-08-18 11:25:00,402.0,413.67255
1995-08-18 11:30:00,355.0,422.13806
1995-08-18 11:35:00,292.0,354.65356
1995-08-18 11:40:00,328.0,373.99164
1995-08-18 11:45:00,252.0,381.80783
1995-08-18 11:50:00,191.0,305.85773
1995-08-18 11:55:00,358.0,362.30914
1995-08-18 12:00:00,302.0,371.3178
1995-08-18 12:05:00,248.0,312.57642
1995-08-18 12:10:00,260.0,342.30777
1995-08-18 12:15:00,300.0,332.38153
1995-08-18 12:20:00,230.0,361.00787
1995-08-18 12:25:00,343.0,331.408
1995-08-18 12:30:00,319.0,366.67078
1995-08-18 12:35:00,333.0,360.3518
1995-08-18 12:40:00,312.0,371.38068
1995-08-18 12:45:00,330.0,403.90292
1995-08-18 12:50:00,313.0,374.8459
1995-08-18 12:55:00,265.0,400.709
1995-08-18 13:00:00,359.0,377.23993
1995-08-18 13:05:00,410.0,405.81577
1995-08-18 13:10:00,288.0,408.43323
1995-08-18 13:15:00,388.0,416.03723
1995-08-18 13:20:00,358.0,393.18054
1995-08-18 13:25:00,446.0,413.68265
1995-08-18 13:30:00,291.0,409.73575
1995-08-18 13:35:00,382.0,420.2728
1995-08-18 13:40:00,411.0,441.30832
1995-08-18 13:45:00,328.0,454.6277
1995-08-18 13:50:00,394.0,420.24307
1995-08-18 13:55:00,401.0,422.93396
1995-08-18 14:00:00,546.0,430.6438
1995-08-18 14:05:00,305.0,416.56155
1995-08-18 14:10:00,401.0,426.131
1995-08-18 14:15:00,298.0,434.0425
1995-08-18 14:20:00,283.0,416.72385
1995-08-18 14:25:00,322.0,400.47522
1995-08-18 14:30:00,206.0,389.12915
1995-08-18 14:35:00,378.0,368.44647
1995-08-18 14:40:00,285.0,422.52988
1995-08-18 14:45:00,365.0,385.27042
1995-08-18 14:50:00,256.0,423.81686
1995-08-18 14:55:00,251.0,392.2593
1995-08-18 15:00:00,418.0,408.0535
1995-08-18 15:05:00,311.0,406.41504
1995-08-18 15:10:00,360.0,418.72366
1995-08-18 15:15:00,328.0,425.15775
1995-08-18 15:20:00,324.0,404.6156
1995-08-18 15:25:00,467.0,413.13132
1995-08-18 15:30:00,275.0,417.20435
1995-08-18 15:35:00,364.0,413.35828
1995-08-18 15:40:00,336.0,395.60306
1995-08-18 15:45:00,369.0,390.17773
1995-08-18 15:50:00,455.0,422.0398
1995-08-18 15:55:00,314.0,404.8044
1995-08-18 16:00:00,440.0,435.66525
1995-08-18 16:05:00,471.0,445.33124
1995-08-18 16:10:00,303.0,420.96762
1995-08-18 16:15:00,369.0,394.16046
1995-08-18 16:20:00,326.0,418.46857
1995-08-18 16:25:00,285.0,362.62457
1995-08-18 16:30:00,285.0,387.23572
1995-08-18 16:35:00,270.0,399.62497
1995-08-18 16:40:00,218.0,392.4052
1995-08-18 16:45:00,423.0,329.28732
1995-08-18 16:50:00,2.0,181.65605
1995-08-18 16:55:00,1.0,142.6108
1995-08-18 17:00:00,260.0,238.7111
1995-08-18 17:05:00,242.0,317.85233
1995-08-18 17:10:00,308.0,312.3262
1995-08-18 17:15:00,243.0,325.80273
1995-08-18 17:20:00,256.0,340.23114
1995-08-18 17:25:00,320.0,306.27823
1995-08-18 17:30:00,312.0,340.3558
1995-08-18 17:35:00,242.0,350.2313
1995-08-18 17:40:00,281.0,329.50366
1995-08-18 17:45:00,214.0,341.44827
1995-08-18 17:50:00,181.0,294.33627
1995-08-18 17:55:00,183.0,249.07132
1995-08-18 18:00:00,176.0,282.24136
1995-08-18 18:05:00,158.0,231.18823
1995-08-18 18:10:00,199.0,214.88736
1995-08-18 18:15:00,191.0,270.34763
1995-08-18 18:20:00,216.0,269.69397
1995-08-18 18:25:00,110.0,215.00919
1995-08-18 18:30:00,115.0,194.76353
1995-08-18 18:35:00,223.0,246.65645
1995-08-18 18:40:00,131.0,199.9138
1995-08-18 18:45:00,155.0,193.9358
1995-08-18 18:50:00,199.0,201.8021
1995-08-18 18:55:00,167.0,203.71408
1995-08-18 19:00:00,160.0,166.9391
1995-08-18 19:05:00,132.0,201.84088
1995-08-18 19:10:00,93.0,128.78801
1995-08-18 19:15:00,158.0,182.9721
1995-08-18 19:20:00,228.0,197.60056
1995-08-18 19:25:00,104.0,222.77599
1995-08-18 19:30:00,160.0,182.42918
1995-08-18 19:35:00,137.0,199.92712
1995-08-18 19:40:00,108.0,183.44107
1995-08-18 19:45:00,165.0,170.87766
1995-08-18 19:50:00,153.0,194.56349
1995-08-18 19:55:00,177.0,205.918
1995-08-18 20:00:00,115.0,147.38606
1995-08-18 20:05:00,159.0,180.18329
1995-08-18 20:10:00,123.0,204.60666
1995-08-18 20:15:00,113.0,169.7514
1995-08-18 20:20:00,107.0,188.38474
1995-08-18 20:25:00,141.0,222.64969
1995-08-18 20:30:00,81.0,170.15263
1995-08-18 20:35:00,108.0,185.54456
1995-08-18 20:40:00,145.0,152.19785
1995-08-18 20:45:00,201.0,193.7678
1995-08-18 20:50:00,170.0,244.50465
1995-08-18 20:55:00,101.0,207.6499
1995-08-18 21:00:00,245.0,193.25333
1995-08-18 21:05:00,197.0,262.47433
1995-08-18 21:10:00,163.0,218.44473
1995-08-18 21:15:00,182.0,204.68295
1995-08-18 21:20:00,109.0,205.56026
1995-08-18 21:25:00,118.0,157.64667
1995-08-18 21:30:00,124.0,147.88586
1995-08-18 21:35:00,105.0,180.27065
1995-08-18 21:40:00,129.0,175.29626
1995-08-18 21:45:00,144.0,122.29549
1995-08-18 21:50:00,112.0,171.00269
1995-08-18 21:55:00,140.0,172.91728
1995-08-18 22:00:00,151.0,176.7176
1995-08-18 22:05:00,140.0,213.2114
1995-08-18 22:10:00,189.0,202.4332
1995-08-18 22:15:00,182.0,192.09387
1995-08-18 22:20:00,153.0,214.07329
1995-08-18 22:25:00,171.0,195.18732
1995-08-18 22:30:00,185.0,196.89723
1995-08-18 22:35:00,152.0,218.3988
1995-08-18 22:40:00,186.0,190.00958
1995-08-18 22:45:00,152.0,206.88124
1995-08-18 22:50:00,93.0,187.97385
1995-08-18 22:55:00,123.0,181.49568
1995-08-18 23:00:00,121.0,163.63708
1995-08-18 23:05:00,109.0,146.98463
1995-08-18 23:10:00,125.0,173.90471
1995-08-18 23:15:00,132.0,163.62955
1995-08-18 23:20:00,73.0,137.94003
1995-08-18 23:25:00,92.0,108.023674
1995-08-18 23:30:00,138.0,149.06175
1995-08-18 23:35:00,144.0,172.66818
1995-08-18 23:40:00,176.0,164.81334
1995-08-18 23:45:00,232.0,180.47528
1995-08-18 23:50:00,135.0,207.30623
1995-08-18 23:55:00,162.0,195.12212
1995-08-19 00:00:00,246.0,208.89656
1995-08-19 00:05:00,172.0,204.39392
1995-08-19 00:10:00,86.0,191.8034
1995-08-19 00:15:00,179.0,203.87442
1995-08-19 00:20:00,73.0,141.47282
1995-08-19 00:25:00,137.0,156.67673
1995-08-19 00:30:00,123.0,142.48033
1995-08-19 00:35:00,114.0,156.2207
1995-08-19 00:40:00,100.0,132.50346
1995-08-19 00:45:00,92.0,148.48997
1995-08-19 00:50:00,144.0,146.83893
1995-08-19 00:55:00,76.0,168.13202
1995-08-19 01:00:00,80.0,172.08104
1995-08-19 01:05:00,87.0,132.19037
1995-08-19 01:10:00,55.0,105.45763
1995-08-19 01:15:00,85.0,145.13348
1995-08-19 01:20:00,84.0,135.56009
1995-08-19 01:25:00,85.0,142.69354
1995-08-19 01:30:00,71.0,99.58004
1995-08-19 01:35:00,42.0,122.23571
1995-08-19 01:40:00,62.0,96.136345
1995-08-19 01:45:00,99.0,95.15412
1995-08-19 01:50:00,138.0,127.75496
1995-08-19 01:55:00,153.0,136.92554
1995-08-19 02:00:00,135.0,171.69728
1995-08-19 02:05:00,86.0,141.66385
1995-08-19 02:10:00,137.0,114.49046
1995-08-19 02:15:00,61.0,127.88937
1995-08-19 02:20:00,83.0,132.33252
1995-08-19 02:25:00,67.0,93.37233
1995-08-19 02:30:00,79.0,130.45035
1995-08-19 02:35:00,89.0,118.988335
1995-08-19 02:40:00,137.0,124.58245
1995-08-19 02:45:00,96.0,138.87714
1995-08-19 02:50:00,61.0,141.85895
1995-08-19 02:55:00,47.0,94.894226
1995-08-19 03:00:00,60.0,113.62805
1995-08-19 03:05:00,71.0,89.292305
1995-08-19 03:10:00,58.0,77.792435
1995-08-19 03:15:00,64.0,77.14226
1995-08-19 03:20:00,115.0,85.49349
1995-08-19 03:25:00,93.0,103.558914
1995-08-19 03:30:00,85.0,121.25878
1995-08-19 03:35:00,131.0,109.101135
1995-08-19 03:40:00,133.0,143.59477
1995-08-19 03:45:00,93.0,135.1602
1995-08-19 03:50:00,79.0,111.45153
1995-08-19 03:55:00,51.0,131.33838
1995-08-19 04:00:00,46.0,76.424164
1995-08-19 04:05:00,69.0,125.09633
1995-08-19 04:10:00,77.0,92.585915
1995-08-19 04:15:00,71.0,92.9578
1995-08-19 04:20:00,39.0,75.02769
1995-08-19 04:25:00,53.0,88.66978
1995-08-19 04:30:00,68.0,86.7071
1995-08-19 04:35:00,71.0,107.93865
1995-08-19 04:40:00,58.0,102.74499
1995-08-19 04:45:00,71.0,97.42196
1995-08-19 04:50:00,72.0,84.62713
1995-08-19 04:55:00,34.0,72.295265
1995-08-19 05:00:00,84.0,67.25566
1995-08-19 05:05:00,46.0,70.94149
1995-08-19 05:10:00,68.0,82.776505
1995-08-19 05:15:00,63.0,107.87141
1995-08-19 05:20:00,20.0,76.3237
1995-08-19 05:25:00,67.0,104.46585
1995-08-19 05:30:00,52.0,106.28327
1995-08-19 05:35:00,46.0,87.64027
1995-08-19 05:40:00,54.0,89.58788
1995-08-19 05:45:00,52.0,76.14549
1995-08-19 05:50:00,32.0,70.21451
1995-08-19 05:55:00,63.0,70.61248
1995-08-19 06:00:00,52.0,70.56827
1995-08-19 06:05:00,81.0,101.274635
1995-08-19 06:10:00,75.0,119.498116
1995-08-19 06:15:00,93.0,130.13513
1995-08-19 06:20:00,89.0,113.79078
1995-08-19 06:25:00,35.0,116.68332
1995-08-19 06:30:00,58.0,106.403145
1995-08-19 06:35:00,71.0,103.98427
1995-08-19 06:40:00,83.0,81.90604
1995-08-19 06:45:00,57.0,120.34027
1995-08-19 06:50:00,63.0,71.93986
1995-08-19 06:55:00,78.0,109.13537
1995-08-19 07:00:00,48.0,94.30713
1995-08-19 07:05:00,58.0,140.72072
1995-08-19 07:10:00,33.0,71.66301
1995-08-19 07:15:00,43.0,68.69268
1995-08-19 07:20:00,84.0,77.0307
1995-08-19 07:25:00,68.0,77.5319
1995-08-19 07:30:00,51.0,88.54877
1995-08-19 07:35:00,71.0,100.711845
1995-08-19 07:40:00,99.0,101.19839
1995-08-19 07:45:00,150.0,126.15411
1995-08-19 07:50:00,141.0,141.92674
1995-08-19 07:55:00,117.0,159.49738
1995-08-19 08:00:00,95.0,132.56433
1995-08-19 08:05:00,46.0,90.32119
1995-08-19 08:10:00,115.0,112.89883
1995-08-19 08:15:00,101.0,141.21463
1995-08-19 08:20:00,107.0,116.59211
1995-08-19 08:25:00,110.0,133.43382
1995-08-19 08:30:00,109.0,143.1095
1995-08-19 08:35:00,71.0,115.02843
1995-08-19 08:40:00,51.0,85.4824
1995-08-19 08:45:00,57.0,80.6244
1995-08-19 08:50:00,100.0,102.86522
1995-08-19 08:55:00,59.0,124.59527
1995-08-19 09:00:00,84.0,121.98651
1995-08-19 09:05:00,72.0,81.50949
1995-08-19 09:10:00,129.0,128.04446
1995-08-19 09:15:00,113.0,144.32796
1995-08-19 09:20:00,104.0,131.88657
1995-08-19 09:25:00,131.0,138.85826
1995-08-19 09:30:00,189.0,147.33377
1995-08-19 09:35:00,129.0,194.62738
1995-08-19 09:40:00,113.0,176.44046
1995-08-19 09:45:00,120.0,177.07133
1995-08-19 09:50:00,103.0,123.45451
1995-08-19 09:55:00,99.0,140.85973
1995-08-19 10:00:00,152.0,151.55191
1995-08-19 10:05:00,112.0,164.18912
1995-08-19 10:10:00,163.0,184.46727
1995-08-19 10:15:00,130.0,156.64688
1995-08-19 10:20:00,169.0,147.38252
1995-08-19 10:25:00,184.0,214.27388
1995-08-19 10:30:00,75.0,222.26183
1995-08-19 10:35:00,66.0,156.69469
1995-08-19 10:40:00,88.0,156.94981
1995-08-19 10:45:00,105.0,145.13843
1995-08-19 10:50:00,166.0,156.86261
1995-08-19 10:55:00,153.0,179.12271
1995-08-19 11:00:00,76.0,140.87204
1995-08-19 11:05:00,79.0,126.697014
1995-08-19 11:10:00,121.0,166.17473
1995-08-19 11:15:00,101.0,158.28453
1995-08-19 11:20:00,130.0,146.1842
1995-08-19 11:25:00,155.0,166.86008
1995-08-19 11:30:00,138.0,206.13676
1995-08-19 11:35:00,133.0,183.73663
1995-08-19 11:40:00,120.0,159.37596
1995-08-19 11:45:00,150.0,177.83206
1995-08-19 11:50:00,159.0,177.6742
1995-08-19 11:55:00,88.0,146.40236
1995-08-19 12:00:00,178.0,181.296
1995-08-19 12:05:00,143.0,168.31366
1995-08-19 12:10:00,167.0,204.5651
1995-08-19 12:15:00,86.0,171.61249
1995-08-19 12:20:00,95.0,157.19696
1995-08-19 12:25:00,113.0,149.82892
1995-08-19 12:30:00,124.0,175.2623
1995-08-19 12:35:00,170.0,170.65274
1995-08-19 12:40:00,125.0,144.4535
1995-08-19 12:45:00,132.0,143.7921
1995-08-19 12:50:00,89.0,127.89816
1995-08-19 12:55:00,114.0,159.80786
1995-08-19 13:00:00,131.0,189.24821
1995-08-19 13:05:00,105.0,159.69073
1995-08-19 13:10:00,120.0,165.51845
1995-08-19 13:15:00,140.0,168.48006
1995-08-19 13:20:00,86.0,177.33772
1995-08-19 13:25:00,67.0,152.29474
1995-08-19 13:30:00,102.0,124.62941
1995-08-19 13:35:00,118.0,182.31308
1995-08-19 13:40:00,169.0,169.90527
1995-08-19 13:45:00,128.0,188.81029
1995-08-19 13:50:00,131.0,182.73198
1995-08-19 13:55:00,186.0,179.03314
1995-08-19 14:00:00,166.0,182.84723
1995-08-19 14:05:00,117.0,199.46614
1995-08-19 14:10:00,104.0,183.67146
1995-08-19 14:15:00,137.0,173.51134
1995-08-19 14:20:00,161.0,180.18518
1995-08-19 14:25:00,204.0,238.30066
1995-08-19 14:30:00,190.0,223.21797
1995-08-19 14:35:00,192.0,239.45833
1995-08-19 14:40:00,215.0,227.35197
1995-08-19 14:45:00,191.0,258.82083
1995-08-19 14:50:00,115.0,220.13971
1995-08-19 14:55:00,185.0,197.57262
1995-08-19 15:00:00,144.0,204.9603
1995-08-19 15:05:00,115.0,154.07185
1995-08-19 15:10:00,189.0,206.90405
1995-08-19 15:15:00,137.0,197.53333
1995-08-19 15:20:00,157.0,226.6718
1995-08-19 15:25:00,120.0,193.87613
1995-08-19 15:30:00,133.0,186.78177
1995-08-19 15:35:00,115.0,180.23927
1995-08-19 15:40:00,132.0,174.2286
1995-08-19 15:45:00,165.0,183.72421
1995-08-19 15:50:00,134.0,210.06078
1995-08-19 15:55:00,123.0,137.99649
1995-08-19 16:00:00,102.0,116.72765
1995-08-19 16:05:00,117.0,161.09227
1995-08-19 16:10:00,102.0,133.36377
1995-08-19 16:15:00,90.0,148.94516
1995-08-19 16:20:00,185.0,157.95485
1995-08-19 16:25:00,152.0,188.90372
1995-08-19 16:30:00,82.0,147.99701
1995-08-19 16:35:00,119.0,152.09663
1995-08-19 16:40:00,127.0,164.60521
1995-08-19 16:45:00,176.0,164.50812
1995-08-19 16:50:00,169.0,201.25452
1995-08-19 16:55:00,143.0,183.09285
1995-08-19 17:00:00,138.0,173.10182
1995-08-19 17:05:00,131.0,205.17657
1995-08-19 17:10:00,138.0,167.56938
1995-08-19 17:15:00,142.0,167.96411
1995-08-19 17:20:00,167.0,179.37556
1995-08-19 17:25:00,131.0,202.61671
1995-08-19 17:30:00,117.0,176.70337
1995-08-19 17:35:00,104.0,169.12123
1995-08-19 17:40:00,182.0,175.93724
1995-08-19 17:45:00,146.0,204.1864
1995-08-19 17:50:00,100.0,193.47604
1995-08-19 17:55:00,98.0,168.09848
1995-08-19 18:00:00,111.0,121.95373
1995-08-19 18:05:00,126.0,130.68875
1995-08-19 18:10:00,120.0,173.02745
1995-08-19 18:15:00,149.0,148.99916
1995-08-19 18:20:00,166.0,172.79808
1995-08-19 18:25:00,163.0,188.47624
1995-08-19 18:30:00,83.0,96.98044
1995-08-19 18:35:00,81.0,153.24898
1995-08-19 18:40:00,78.0,152.67818
1995-08-19 18:45:00,84.0,120.81495
1995-08-19 18:50:00,75.0,147.03934
1995-08-19 18:55:00,107.0,149.89726
1995-08-19 19:00:00,117.0,170.39502
1995-08-19 19:05:00,184.0,188.57611
1995-08-19 19:10:00,120.0,218.9136
1995-08-19 19:15:00,75.0,163.57312
1995-08-19 19:20:00,85.0,128.78181
1995-08-19 19:25:00,157.0,178.02513
1995-08-19 19:30:00,151.0,182.5018
1995-08-19 19:35:00,88.0,166.46115
1995-08-19 19:40:00,92.0,96.70596
1995-08-19 19:45:00,58.0,140.99379
1995-08-19 19:50:00,156.0,143.92278
1995-08-19 19:55:00,118.0,176.79932
1995-08-19 20:00:00,118.0,139.37318
1995-08-19 20:05:00,105.0,150.7919
1995-08-19 20:10:00,116.0,132.01729
1995-08-19 20:15:00,123.0,170.9762
1995-08-19 20:20:00,169.0,177.22517
1995-08-19 20:25:00,217.0,199.7694
1995-08-19 20:30:00,119.0,199.12537
1995-08-19 20:35:00,152.0,232.02798
1995-08-19 20:40:00,111.0,159.96552
1995-08-19 20:45:00,101.0,168.43489
1995-08-19 20:50:00,67.0,127.20177
1995-08-19 20:55:00,123.0,132.54172
1995-08-19 21:00:00,104.0,168.28339
1995-08-19 21:05:00,84.0,156.80113
1995-08-19 21:10:00,175.0,149.3914
1995-08-19 21:15:00,166.0,185.16734
1995-08-19 21:20:00,134.0,215.92598
1995-08-19 21:25:00,130.0,139.84299
1995-08-19 21:30:00,107.0,187.98141
1995-08-19 21:35:00,106.0,162.57521
1995-08-19 21:40:00,112.0,135.66432
1995-08-19 21:45:00,188.0,188.59373
1995-08-19 21:50:00,103.0,207.67218
1995-08-19 21:55:00,139.0,155.35265
1995-08-19 22:00:00,128.0,169.61865
1995-08-19 22:05:00,137.0,166.58377
1995-08-19 22:10:00,183.0,187.5063
1995-08-19 22:15:00,129.0,185.42078
1995-08-19 22:20:00,156.0,173.34506
1995-08-19 22:25:00,112.0,164.06085
1995-08-19 22:30:00,100.0,135.49408
1995-08-19 22:35:00,101.0,160.31566
1995-08-19 22:40:00,107.0,152.49442
1995-08-19 22:45:00,84.0,121.402214
1995-08-19 22:50:00,148.0,159.09418
1995-08-19 22:55:00,195.0,175.6325
1995-08-19 23:00:00,106.0,171.56386
1995-08-19 23:05:00,121.0,159.9289
1995-08-19 23:10:00,157.0,189.11229
1995-08-19 23:15:00,172.0,189.22809
1995-08-19 23:20:00,206.0,216.7752
1995-08-19 23:25:00,168.0,191.05879
1995-08-19 23:30:00,82.0,202.19305
1995-08-19 23:35:00,117.0,187.36551
1995-08-19 23:40:00,115.0,154.09929
1995-08-19 23:45:00,82.0,165.8681
1995-08-19 23:50:00,107.0,158.65887
1995-08-19 23:55:00,132.0,165.66206
1995-08-20 00:00:00,133.0,154.9076
1995-08-20 00:05:00,143.0,143.66022
1995-08-20 00:10:00,116.0,155.74335
1995-08-20 00:15:00,146.0,130.08424
1995-08-20 00:20:00,183.0,192.8989
1995-08-20 00:25:00,135.0,185.22105
1995-08-20 00:30:00,158.0,161.63461
1995-08-20 00:35:00,129.0,181.02551
1995-08-20 00:40:00,141.0,160.75957
1995-08-20 00:45:00,121.0,158.8212
1995-08-20 00:50:00,129.0,167.86198
1995-08-20 00:55:00,113.0,152.91974
1995-08-20 01:00:00,127.0,160.2446
1995-08-20 01:05:00,101.0,153.44666
1995-08-20 01:10:00,142.0,151.30609
1995-08-20 01:15:00,153.0,168.32948
1995-08-20 01:20:00,127.0,167.67857
1995-08-20 01:25:00,98.0,154.8896
1995-08-20 01:30:00,124.0,120.40996
1995-08-20 01:35:00,61.0,131.3686
1995-08-20 01:40:00,105.0,142.15674
1995-08-20 01:45:00,92.0,142.17395
1995-08-20 01:50:00,111.0,120.41517
1995-08-20 01:55:00,71.0,149.52844
1995-08-20 02:00:00,69.0,73.17587
1995-08-20 02:05:00,45.0,98.029045
1995-08-20 02:10:00,78.0,113.82866
1995-08-20 02:15:00,68.0,111.535904
1995-08-20 02:20:00,79.0,151.38019
1995-08-20 02:25:00,57.0,123.08315
1995-08-20 02:30:00,93.0,83.77365
1995-08-20 02:35:00,75.0,144.93976
1995-08-20 02:40:00,68.0,96.10263
1995-08-20 02:45:00,59.0,105.89763
1995-08-20 02:50:00,85.0,122.33611
1995-08-20 02:55:00,74.0,118.64896
1995-08-20 03:00:00,91.0,101.31464
1995-08-20 03:05:00,69.0,127.02423
1995-08-20 03:10:00,45.0,90.66335
1995-08-20 03:15:00,49.0,119.25135
1995-08-20 03:20:00,98.0,109.17009
1995-08-20 03:25:00,93.0,123.17507
1995-08-20 03:30:00,73.0,107.49325
1995-08-20 03:35:00,89.0,82.47214
1995-08-20 03:40:00,67.0,94.64261
1995-08-20 03:45:00,96.0,101.288246
1995-08-20 03:50:00,66.0,90.914894
1995-08-20 03:55:00,113.0,106.10672
1995-08-20 04:00:00,52.0,99.472855
1995-08-20 04:05:00,23.0,108.99419
1995-08-20 04:10:00,74.0,90.5769
1995-08-20 04:15:00,72.0,100.82156
1995-08-20 04:20:00,56.0,94.196075
1995-08-20 04:25:00,66.0,97.91248
1995-08-20 04:30:00,58.0,108.13092
1995-08-20 04:35:00,22.0,106.13145
1995-08-20 04:40:00,77.0,92.6426
1995-08-20 04:45:00,55.0,109.01008
1995-08-20 04:50:00,50.0,99.06135
1995-08-20 04:55:00,40.0,75.35208
1995-08-20 05:00:00,135.0,87.74795
1995-08-20 05:05:00,66.0,88.64678
1995-08-20 05:10:00,19.0,81.88327
1995-08-20 05:15:00,25.0,73.802536
1995-08-20 05:20:00,38.0,103.78162
1995-08-20 05:25:00,21.0,71.829926
1995-08-20 05:30:00,37.0,75.793884
1995-08-20 05:35:00,24.0,70.8552
1995-08-20 05:40:00,66.0,88.62233
1995-08-20 05:45:00,45.0,74.99293
1995-08-20 05:50:00,61.0,79.07309
1995-08-20 05:55:00,35.0,82.72906
1995-08-20 06:00:00,29.0,73.41848
1995-08-20 06:05:00,25.0,82.40076
1995-08-20 06:10:00,47.0,72.50225
1995-08-20 06:15:00,68.0,85.655815
1995-08-20 06:20:00,64.0,93.75059
1995-08-20 06:25:00,34.0,110.51552
1995-08-20 06:30:00,38.0,79.62926
1995-08-20 06:35:00,47.0,99.086586
1995-08-20 06:40:00,37.0,99.180984
1995-08-20 06:45:00,30.0,72.906136
1995-08-20 06:50:00,48.0,99.652435
1995-08-20 06:55:00,54.0,80.753914
1995-08-20 07:00:00,49.0,82.18295
1995-08-20 07:05:00,59.0,82.135056
1995-08-20 07:10:00,76.0,77.387375
1995-08-20 07:15:00,87.0,86.79966
1995-08-20 07:20:00,86.0,112.9513
1995-08-20 07:25:00,96.0,102.81486
1995-08-20 07:30:00,76.0,120.547585
1995-08-20 07:35:00,90.0,134.74939
1995-08-20 07:40:00,68.0,152.57341
1995-08-20 07:45:00,63.0,120.52412
1995-08-20 07:50:00,45.0,117.30069
1995-08-20 07:55:00,57.0,98.945946
1995-08-20 08:00:00,91.0,104.341606
1995-08-20 08:05:00,68.0,117.8114
1995-08-20 08:10:00,35.0,86.052864
1995-08-20 08:15:00,86.0,88.36019
1995-08-20 08:20:00,74.0,129.12227
1995-08-20 08:25:00,57.0,98.29706
1995-08-20 08:30:00,65.0,117.892555
1995-08-20 08:35:00,78.0,109.39768
1995-08-20 08:40:00,88.0,118.215454
1995-08-20 08:45:00,70.0,100.03241
1995-08-20 08:50:00,100.0,120.06448
1995-08-20 08:55:00,70.0,115.2127
1995-08-20 09:00:00,74.0,120.014496
1995-08-20 09:05:00,86.0,109.58482
1995-08-20 09:10:00,101.0,122.68648
1995-08-20 09:15:00,69.0,116.42446
1995-08-20 09:20:00,101.0,106.06873
1995-08-20 09:25:00,91.0,138.3875
1995-08-20 09:30:00,169.0,142.95476
1995-08-20 09:35:00,127.0,164.67117
1995-08-20 09:40:00,107.0,160.1725
1995-08-20 09:45:00,120.0,144.7016
1995-08-20 09:50:00,176.0,150.7008
1995-08-20 09:55:00,85.0,153.00638
1995-08-20 10:00:00,173.0,139.62589
1995-08-20 10:05:00,129.0,158.94882
1995-08-20 10:10:00,126.0,161.78108
1995-08-20 10:15:00,173.0,191.91074
1995-08-20 10:20:00,167.0,184.82481
1995-08-20 10:25:00,158.0,243.30965
1995-08-20 10:30:00,164.0,198.0658
1995-08-20 10:35:00,104.0,211.53223
1995-08-20 10:40:00,166.0,164.53053
1995-08-20 10:45:00,115.0,207.51115
1995-08-20 10:50:00,108.0,185.81882
1995-08-20 10:55:00,99.0,166.38914
1995-08-20 11:00:00,124.0,157.81734
1995-08-20 11:05:00,84.0,164.23607
1995-08-20 11:10:00,101.0,156.65529
1995-08-20 11:15:00,106.0,199.3508
1995-08-20 11:20:00,113.0,124.42942
1995-08-20 11:25:00,153.0,179.8189
1995-08-20 11:30:00,172.0,225.12646
1995-08-20 11:35:00,127.0,228.49454
1995-08-20 11:40:00,175.0,225.00627
1995-08-20 11:45:00,124.0,177.79283
1995-08-20 11:50:00,131.0,189.28206
1995-08-20 11:55:00,169.0,185.77634
1995-08-20 12:00:00,166.0,180.4771
1995-08-20 12:05:00,105.0,151.13364
1995-08-20 12:10:00,165.0,165.35663
1995-08-20 12:15:00,120.0,195.60031
1995-08-20 12:20:00,171.0,169.1352
1995-08-20 12:25:00,143.0,183.34673
1995-08-20 12:30:00,141.0,193.83264
1995-08-20 12:35:00,198.0,196.68239
1995-08-20 12:40:00,104.0,239.40639
1995-08-20 12:45:00,95.0,243.88359
1995-08-20 12:50:00,132.0,166.86264
1995-08-20 12:55:00,181.0,157.32812
1995-08-20 13:00:00,146.0,199.15047
1995-08-20 13:05:00,172.0,186.59491
1995-08-20 13:10:00,129.0,203.11345
1995-08-20 13:15:00,109.0,178.77545
1995-08-20 13:20:00,93.0,136.18605
1995-08-20 13:25:00,132.0,176.44359
1995-08-20 13:30:00,101.0,139.2716
1995-08-20 13:35:00,163.0,167.79259
1995-08-20 13:40:00,121.0,148.94617
1995-08-20 13:45:00,142.0,178.95874
1995-08-20 13:50:00,189.0,176.37692
1995-08-20 13:55:00,84.0,196.68446
1995-08-20 14:00:00,143.0,188.43822
1995-08-20 14:05:00,136.0,183.5278
1995-08-20 14:10:00,165.0,184.6407
1995-08-20 14:15:00,99.0,121.57592
1995-08-20 14:20:00,122.0,140.45445
1995-08-20 14:25:00,115.0,166.9307
1995-08-20 14:30:00,80.0,133.98302
1995-08-20 14:35:00,218.0,171.40561
1995-08-20 14:40:00,188.0,203.33899
1995-08-20 14:45:00,186.0,218.77197
1995-08-20 14:50:00,168.0,255.83633
1995-08-20 14:55:00,77.0,200.95905
1995-08-20 15:00:00,91.0,162.72371
1995-08-20 15:05:00,136.0,188.48763
1995-08-20 15:10:00,151.0,189.08662
1995-08-20 15:15:00,127.0,196.50148
1995-08-20 15:20:00,106.0,178.46513
1995-08-20 15:25:00,122.0,143.43517
1995-08-20 15:30:00,135.0,159.48521
1995-08-20 15:35:00,152.0,168.60075
1995-08-20 15:40:00,152.0,198.1029
1995-08-20 15:45:00,208.0,205.24423
1995-08-20 15:50:00,137.0,208.55695
1995-08-20 15:55:00,180.0,199.293
1995-08-20 16:00:00,110.0,196.7165
1995-08-20 16:05:00,148.0,224.42615
1995-08-20 16:10:00,202.0,220.36009
1995-08-20 16:15:00,149.0,225.51108
1995-08-20 16:20:00,200.0,183.94438
1995-08-20 16:25:00,214.0,219.66139
1995-08-20 16:30:00,129.0,237.81482
1995-08-20 16:35:00,161.0,201.07088
1995-08-20 16:40:00,194.0,218.26263
1995-08-20 16:45:00,148.0,223.5428
1995-08-20 16:50:00,150.0,183.04361
1995-08-20 16:55:00,139.0,199.40947
1995-08-20 17:00:00,145.0,186.50342
1995-08-20 17:05:00,130.0,187.37637
1995-08-20 17:10:00,130.0,171.36755
1995-08-20 17:15:00,105.0,137.85593
1995-08-20 17:20:00,118.0,143.66974
1995-08-20 17:25:00,100.0,120.48449
1995-08-20 17:30:00,150.0,160.919
1995-08-20 17:35:00,143.0,179.02525
1995-08-20 17:40:00,151.0,161.52367
1995-08-20 17:45:00,160.0,193.21887
1995-08-20 17:50:00,121.0,184.846
1995-08-20 17:55:00,169.0,174.58986
1995-08-20 18:00:00,193.0,199.22922
1995-08-20 18:05:00,112.0,183.98582
1995-08-20 18:10:00,115.0,173.61322
1995-08-20 18:15:00,175.0,181.55182
1995-08-20 18:20:00,116.0,168.03027
1995-08-20 18:25:00,159.0,175.78426
1995-08-20 18:30:00,169.0,182.07669
1995-08-20 18:35:00,133.0,181.87427
1995-08-20 18:40:00,95.0,119.20148
1995-08-20 18:45:00,61.0,168.06485
1995-08-20 18:50:00,104.0,129.76697
1995-08-20 18:55:00,106.0,143.1005
1995-08-20 19:00:00,166.0,133.17305
1995-08-20 19:05:00,109.0,200.1268
1995-08-20 19:10:00,112.0,130.16652
1995-08-20 19:15:00,125.0,155.75284
1995-08-20 19:20:00,73.0,154.1314
1995-08-20 19:25:00,131.0,141.97351
1995-08-20 19:30:00,135.0,181.30513
1995-08-20 19:35:00,110.0,187.77931
1995-08-20 19:40:00,91.0,150.73886
1995-08-20 19:45:00,117.0,144.59686
1995-08-20 19:50:00,243.0,158.55362
1995-08-20 19:55:00,148.0,214.87141
1995-08-20 20:00:00,114.0,182.10559
1995-08-20 20:05:00,88.0,181.71101
1995-08-20 20:10:00,200.0,193.19563
1995-08-20 20:15:00,122.0,210.46988
1995-08-20 20:20:00,101.0,166.8556
1995-08-20 20:25:00,173.0,198.14383
1995-08-20 20:30:00,142.0,181.96036
1995-08-20 20:35:00,148.0,186.42172
1995-08-20 20:40:00,170.0,171.71335
1995-08-20 20:45:00,130.0,209.37602
1995-08-20 20:50:00,81.0,134.64412
1995-08-20 20:55:00,131.0,136.61487
1995-08-20 21:00:00,86.0,161.7235
1995-08-20 21:05:00,133.0,153.88739
1995-08-20 21:10:00,113.0,131.44772
1995-08-20 21:15:00,134.0,168.17978
1995-08-20 21:20:00,110.0,180.6907
1995-08-20 21:25:00,121.0,160.47258
1995-08-20 21:30:00,220.0,178.4773
1995-08-20 21:35:00,128.0,194.70026
1995-08-20 21:40:00,119.0,175.5552
1995-08-20 21:45:00,147.0,185.45296
1995-08-20 21:50:00,128.0,178.0277
1995-08-20 21:55:00,152.0,146.02827
1995-08-20 22:00:00,114.0,157.09026
1995-08-20 22:05:00,171.0,186.13301
1995-08-20 22:10:00,145.0,207.19939
1995-08-20 22:15:00,71.0,210.63905
1995-08-20 22:20:00,148.0,176.91321
1995-08-20 22:25:00,107.0,174.76988
1995-08-20 22:30:00,117.0,160.10127
1995-08-20 22:35:00,193.0,166.03162
1995-08-20 22:40:00,217.0,207.15462
1995-08-20 22:45:00,128.0,207.35611
1995-08-20 22:50:00,142.0,168.13121
1995-08-20 22:55:00,167.0,211.24391
1995-08-20 23:00:00,159.0,203.48091
1995-08-20 23:05:00,220.0,231.4796
1995-08-20 23:10:00,169.0,204.16232
1995-08-20 23:15:00,184.0,191.08344
1995-08-20 23:20:00,122.0,147.9274
1995-08-20 23:25:00,122.0,198.89609
1995-08-20 23:30:00,116.0,177.85825
1995-08-20 23:35:00,80.0,134.07123
1995-08-20 23:40:00,163.0,187.81685
1995-08-20 23:45:00,202.0,181.19215
1995-08-20 23:50:00,226.0,191.86713
1995-08-20 23:55:00,177.0,210.21643
1995-08-21 00:00:00,198.0,187.97412
1995-08-21 00:05:00,127.0,236.10316
1995-08-21 00:10:00,103.0,116.026245
1995-08-21 00:15:00,88.0,100.64343
1995-08-21 00:20:00,169.0,169.54367
1995-08-21 00:25:00,130.0,176.37785
1995-08-21 00:30:00,150.0,165.21034
1995-08-21 00:35:00,156.0,121.05165
1995-08-21 00:40:00,152.0,181.30461
1995-08-21 00:45:00,109.0,107.78895
1995-08-21 00:50:00,132.0,175.6357
1995-08-21 00:55:00,201.0,166.83792
1995-08-21 01:00:00,124.0,184.14343
1995-08-21 01:05:00,93.0,189.09895
1995-08-21 01:10:00,85.0,175.24239
1995-08-21 01:15:00,150.0,149.50174
1995-08-21 01:20:00,170.0,176.58139
1995-08-21 01:25:00,102.0,172.96672
1995-08-21 01:30:00,144.0,150.44206
1995-08-21 01:35:00,142.0,189.92181
1995-08-21 01:40:00,111.0,146.28046
1995-08-21 01:45:00,121.0,177.00647
1995-08-21 01:50:00,142.0,162.64386
1995-08-21 01:55:00,142.0,171.46382
1995-08-21 02:00:00,68.0,160.92209
1995-08-21 02:05:00,66.0,124.99476
1995-08-21 02:10:00,80.0,100.26309
1995-08-21 02:15:00,75.0,134.50829
1995-08-21 02:20:00,75.0,153.5383
1995-08-21 02:25:00,195.0,136.63857
1995-08-21 02:30:00,139.0,176.29794
1995-08-21 02:35:00,86.0,163.8932
1995-08-21 02:40:00,74.0,121.36878
1995-08-21 02:45:00,59.0,121.20789
1995-08-21 02:50:00,156.0,144.59424
1995-08-21 02:55:00,104.0,173.0726
1995-08-21 03:00:00,75.0,150.30463
1995-08-21 03:05:00,62.0,113.23
1995-08-21 03:10:00,63.0,104.23998
1995-08-21 03:15:00,80.0,100.08898
1995-08-21 03:20:00,61.0,107.85967
1995-08-21 03:25:00,120.0,105.56494
1995-08-21 03:30:00,93.0,100.37542
1995-08-21 03:35:00,90.0,101.24996
1995-08-21 03:40:00,78.0,78.43886
1995-08-21 03:45:00,133.0,122.04224
1995-08-21 03:50:00,103.0,119.93818
1995-08-21 03:55:00,104.0,106.3842
1995-08-21 04:00:00,48.0,118.34736
1995-08-21 04:05:00,57.0,110.48283
1995-08-21 04:10:00,77.0,81.62359
1995-08-21 04:15:00,80.0,85.532974
1995-08-21 04:20:00,67.0,91.265
1995-08-21 04:25:00,90.0,106.24394
1995-08-21 04:30:00,118.0,115.72007
1995-08-21 04:35:00,53.0,125.589615
1995-08-21 04:40:00,62.0,91.90882
1995-08-21 04:45:00,55.0,77.6852
1995-08-21 04:50:00,48.0,74.69208
1995-08-21 04:55:00,53.0,114.25544
1995-08-21 05:00:00,95.0,102.38306
1995-08-21 05:05:00,76.0,94.91165
1995-08-21 05:10:00,75.0,103.07622
1995-08-21 05:15:00,50.0,83.72936
1995-08-21 05:20:00,161.0,97.71491
1995-08-21 05:25:00,80.0,124.42757
1995-08-21 05:30:00,85.0,137.21251
1995-08-21 05:35:00,117.0,130.31158
1995-08-21 05:40:00,125.0,136.96843
1995-08-21 05:45:00,93.0,118.43731
1995-08-21 05:50:00,101.0,128.76697
1995-08-21 05:55:00,77.0,112.455315
1995-08-21 06:00:00,149.0,123.574326
1995-08-21 06:05:00,87.0,115.473885
1995-08-21 06:10:00,75.0,106.077
1995-08-21 06:15:00,74.0,100.59226
1995-08-21 06:20:00,127.0,112.94657
1995-08-21 06:25:00,87.0,105.677605
1995-08-21 06:30:00,38.0,82.19473
1995-08-21 06:35:00,61.0,124.560356
1995-08-21 06:40:00,84.0,93.82802
1995-08-21 06:45:00,94.0,123.305824
1995-08-21 06:50:00,137.0,127.08371
1995-08-21 06:55:00,81.0,117.718124
1995-08-21 07:00:00,78.0,131.51115
1995-08-21 07:05:00,105.0,138.44772
1995-08-21 07:10:00,118.0,131.89601
1995-08-21 07:15:00,110.0,155.85341
1995-08-21 07:20:00,107.0,134.46513
1995-08-21 07:25:00,115.0,115.22927
1995-08-21 07:30:00,103.0,151.1773
1995-08-21 07:35:00,196.0,168.935
1995-08-21 07:40:00,182.0,192.0761
1995-08-21 07:45:00,157.0,206.80424
1995-08-21 07:50:00,118.0,185.2921
1995-08-21 07:55:00,188.0,178.85278
1995-08-21 08:00:00,171.0,210.86038
1995-08-21 08:05:00,132.0,157.69138
1995-08-21 08:10:00,168.0,143.36618
1995-08-21 08:15:00,186.0,195.78638
1995-08-21 08:20:00,157.0,234.67839
1995-08-21 08:25:00,185.0,200.01184
1995-08-21 08:30:00,222.0,229.42824
1995-08-21 08:35:00,175.0,304.98788
1995-08-21 08:40:00,117.0,175.72955
1995-08-21 08:45:00,175.0,216.97717
1995-08-21 08:50:00,145.0,214.18633
1995-08-21 08:55:00,159.0,199.83708
1995-08-21 09:00:00,149.0,222.43394
1995-08-21 09:05:00,146.0,196.55348
1995-08-21 09:10:00,194.0,208.88635
1995-08-21 09:15:00,138.0,191.63211
1995-08-21 09:20:00,180.0,198.58788
1995-08-21 09:25:00,188.0,207.27325
1995-08-21 09:30:00,222.0,264.21167
1995-08-21 09:35:00,254.0,278.62238
1995-08-21 09:40:00,197.0,258.9833
1995-08-21 09:45:00,289.0,249.60072
1995-08-21 09:50:00,284.0,305.84848
1995-08-21 09:55:00,263.0,327.78998
1995-08-21 10:00:00,322.0,297.6723
1995-08-21 10:05:00,252.0,300.00204
1995-08-21 10:10:00,214.0,277.99612
1995-08-21 10:15:00,248.0,268.16678
1995-08-21 10:20:00,206.0,291.20856
1995-08-21 10:25:00,265.0,331.77496
1995-08-21 10:30:00,244.0,303.07928
1995-08-21 10:35:00,235.0,267.65976
1995-08-21 10:40:00,286.0,280.97665
1995-08-21 10:45:00,272.0,370.12155
1995-08-21 10:50:00,191.0,273.3555
1995-08-21 10:55:00,220.0,240.68729
1995-08-21 11:00:00,343.0,310.7468
1995-08-21 11:05:00,276.0,366.95914
1995-08-21 11:10:00,324.0,331.98102
1995-08-21 11:15:00,200.0,295.757
1995-08-21 11:20:00,284.0,263.60156
1995-08-21 11:25:00,341.0,364.77435
1995-08-21 11:30:00,370.0,365.598
1995-08-21 11:35:00,303.0,417.37628
1995-08-21 11:40:00,294.0,375.14764
1995-08-21 11:45:00,301.0,378.90378
1995-08-21 11:50:00,438.0,412.49042
1995-08-21 11:55:00,359.0,432.0273
1995-08-21 12:00:00,258.0,391.23883
1995-08-21 12:05:00,363.0,382.64185
1995-08-21 12:10:00,336.0,382.3213
1995-08-21 12:15:00,349.0,414.87076
1995-08-21 12:20:00,404.0,424.09387
1995-08-21 12:25:00,401.0,434.36334
1995-08-21 12:30:00,424.0,451.38513
1995-08-21 12:35:00,373.0,389.08267
1995-08-21 12:40:00,374.0,444.83688
1995-08-21 12:45:00,424.0,423.37793
1995-08-21 12:50:00,490.0,465.21912
1995-08-21 12:55:00,381.0,480.67767
1995-08-21 13:00:00,374.0,444.7168
1995-08-21 13:05:00,325.0,439.18408
1995-08-21 13:10:00,388.0,431.9697
1995-08-21 13:15:00,337.0,417.3334
1995-08-21 13:20:00,353.0,427.37543
1995-08-21 13:25:00,310.0,409.46185
1995-08-21 13:30:00,379.0,407.2448
1995-08-21 13:35:00,306.0,401.0189
1995-08-21 13:40:00,285.0,415.317
1995-08-21 13:45:00,193.0,375.09543
1995-08-21 13:50:00,3.0,151.38216
1995-08-21 13:55:00,182.0,220.99231
1995-08-21 14:00:00,268.0,276.91983
1995-08-21 14:05:00,203.0,286.45493
1995-08-21 14:10:00,285.0,274.38663
1995-08-21 14:15:00,279.0,376.90192
1995-08-21 14:20:00,221.0,304.9081
1995-08-21 14:25:00,375.0,308.26105
1995-08-21 14:30:00,257.0,367.83182
1995-08-21 14:35:00,279.0,359.2382
1995-08-21 14:40:00,241.0,336.7879
1995-08-21 14:45:00,285.0,323.1337
1995-08-21 14:50:00,343.0,332.20114
1995-08-21 14:55:00,248.0,364.30914
1995-08-21 15:00:00,297.0,342.25522
1995-08-21 15:05:00,249.0,350.7564
1995-08-21 15:10:00,373.0,344.59177
1995-08-21 15:15:00,290.0,382.467
1995-08-21 15:20:00,332.0,334.5534
1995-08-21 15:25:00,349.0,373.44577
1995-08-21 15:30:00,444.0,395.7281
1995-08-21 15:35:00,450.0,431.68054
1995-08-21 15:40:00,475.0,448.50677
1995-08-21 15:45:00,390.0,418.66022
1995-08-21 15:50:00,316.0,422.69186
1995-08-21 15:55:00,248.0,399.18546
1995-08-21 16:00:00,254.0,325.70972
1995-08-21 16:05:00,365.0,354.1738
1995-08-21 16:10:00,442.0,403.89154
1995-08-21 16:15:00,434.0,415.9072
1995-08-21 16:20:00,404.0,402.45187
1995-08-21 16:25:00,369.0,423.26562
1995-08-21 16:30:00,304.0,426.13486
1995-08-21 16:35:00,374.0,418.5316
1995-08-21 16:40:00,299.0,429.45187
1995-08-21 16:45:00,284.0,423.3338
1995-08-21 16:50:00,243.0,381.1819
1995-08-21 16:55:00,239.0,322.47348
1995-08-21 17:00:00,285.0,362.48712
1995-08-21 17:05:00,337.0,357.75113
1995-08-21 17:10:00,213.0,369.88928
1995-08-21 17:15:00,246.0,310.51395
1995-08-21 17:20:00,211.0,291.7811
1995-08-21 17:25:00,240.0,308.3457
1995-08-21 17:30:00,236.0,329.01718
1995-08-21 17:35:00,223.0,294.40714
1995-08-21 17:40:00,294.0,326.7764
1995-08-21 17:45:00,231.0,343.57224
1995-08-21 17:50:00,302.0,288.58655
1995-08-21 17:55:00,230.0,359.75113
1995-08-21 18:00:00,242.0,282.54013
1995-08-21 18:05:00,216.0,290.91974
1995-08-21 18:10:00,208.0,278.0817
1995-08-21 18:15:00,282.0,307.08722
1995-08-21 18:20:00,181.0,280.6109
1995-08-21 18:25:00,247.0,270.88083
1995-08-21 18:30:00,266.0,300.76718
1995-08-21 18:35:00,286.0,306.13583
1995-08-21 18:40:00,211.0,293.3029
1995-08-21 18:45:00,143.0,256.51093
1995-08-21 18:50:00,178.0,209.72461
1995-08-21 18:55:00,181.0,259.23285
1995-08-21 19:00:00,131.0,169.65495
1995-08-21 19:05:00,146.0,202.18568
1995-08-21 19:10:00,140.0,176.19746
1995-08-21 19:15:00,197.0,233.43874
1995-08-21 19:20:00,207.0,216.27423
1995-08-21 19:25:00,149.0,232.35922
1995-08-21 19:30:00,117.0,145.16164
1995-08-21 19:35:00,121.0,193.43738
1995-08-21 19:40:00,171.0,183.06064
1995-08-21 19:45:00,182.0,219.08722
1995-08-21 19:50:00,138.0,251.61403
1995-08-21 19:55:00,185.0,216.08803
1995-08-21 20:00:00,251.0,249.25824
1995-08-21 20:05:00,189.0,265.3011
1995-08-21 20:10:00,167.0,296.71695
1995-08-21 20:15:00,141.0,246.80458
1995-08-21 20:20:00,161.0,198.93518
1995-08-21 20:25:00,168.0,212.75388
1995-08-21 20:30:00,216.0,234.04094
1995-08-21 20:35:00,210.0,258.92282
1995-08-21 20:40:00,131.0,232.01453
1995-08-21 20:45:00,168.0,162.33125
1995-08-21 20:50:00,81.0,154.10373
1995-08-21 20:55:00,116.0,148.89297
1995-08-21 21:00:00,165.0,151.86407
1995-08-21 21:05:00,190.0,206.18042
1995-08-21 21:10:00,128.0,171.35382
1995-08-21 21:15:00,156.0,183.44907
1995-08-21 21:20:00,161.0,200.18195
1995-08-21 21:25:00,195.0,208.84602
1995-08-21 21:30:00,186.0,190.09886
1995-08-21 21:35:00,182.0,234.7237
1995-08-21 21:40:00,242.0,217.9112
1995-08-21 21:45:00,122.0,204.97533
1995-08-21 21:50:00,172.0,172.12364
1995-08-21 21:55:00,142.0,200.08383
1995-08-21 22:00:00,148.0,196.23091
1995-08-21 22:05:00,127.0,195.87846
1995-08-21 22:10:00,125.0,168.9371
1995-08-21 22:15:00,88.0,152.08612
1995-08-21 22:20:00,133.0,162.20451
1995-08-21 22:25:00,149.0,174.85237
1995-08-21 22:30:00,132.0,210.79704
1995-08-21 22:35:00,100.0,172.81664
1995-08-21 22:40:00,139.0,161.60251
1995-08-21 22:45:00,76.0,117.226875
1995-08-21 22:50:00,101.0,162.23439
1995-08-21 22:55:00,155.0,183.215
1995-08-21 23:00:00,133.0,166.40575
1995-08-21 23:05:00,139.0,182.50224
1995-08-21 23:10:00,124.0,172.75308
1995-08-21 23:15:00,93.0,140.55782
1995-08-21 23:20:00,85.0,109.345215
1995-08-21 23:25:00,148.0,123.977425
1995-08-21 23:30:00,149.0,181.88553
1995-08-21 23:35:00,148.0,181.04799
1995-08-21 23:40:00,111.0,141.13416
1995-08-21 23:45:00,106.0,136.01537
1995-08-21 23:50:00,143.0,157.71779
1995-08-21 23:55:00,217.0,204.97346
1995-08-22 00:00:00,150.0,192.07785
1995-08-22 00:05:00,116.0,183.77135
1995-08-22 00:10:00,103.0,136.09999
1995-08-22 00:15:00,157.0,154.76514
1995-08-22 00:20:00,84.0,172.4148
1995-08-22 00:25:00,121.0,161.19858
1995-08-22 00:30:00,69.0,107.9731
1995-08-22 00:35:00,132.0,144.68062
1995-08-22 00:40:00,154.0,150.55316
1995-08-22 00:45:00,147.0,160.44994
1995-08-22 00:50:00,122.0,134.28413
1995-08-22 00:55:00,101.0,167.2412
1995-08-22 01:00:00,100.0,142.81418
1995-08-22 01:05:00,48.0,149.5682
1995-08-22 01:10:00,62.0,115.768166
1995-08-22 01:15:00,80.0,136.38939
1995-08-22 01:20:00,101.0,168.1826
1995-08-22 01:25:00,80.0,141.5301
1995-08-22 01:30:00,140.0,136.11261
1995-08-22 01:35:00,87.0,148.93916
1995-08-22 01:40:00,127.0,137.48874
1995-08-22 01:45:00,102.0,114.859085
1995-08-22 01:50:00,107.0,137.06813
1995-08-22 01:55:00,92.0,132.77664
1995-08-22 02:00:00,51.0,95.56798
1995-08-22 02:05:00,43.0,80.90878
1995-08-22 02:10:00,33.0,92.723595
1995-08-22 02:15:00,106.0,98.88806
1995-08-22 02:20:00,80.0,114.41355
1995-08-22 02:25:00,122.0,107.653946
1995-08-22 02:30:00,58.0,112.35663
1995-08-22 02:35:00,109.0,108.33708
1995-08-22 02:40:00,91.0,98.34716
1995-08-22 02:45:00,76.0,86.762405
1995-08-22 02:50:00,68.0,115.49732
1995-08-22 02:55:00,111.0,97.63084
1995-08-22 03:00:00,117.0,126.61204
1995-08-22 03:05:00,113.0,119.16738
1995-08-22 03:10:00,78.0,114.08333
1995-08-22 03:15:00,130.0,144.52003
1995-08-22 03:20:00,118.0,139.4268
1995-08-22 03:25:00,76.0,140.742
1995-08-22 03:30:00,80.0,126.720276
1995-08-22 03:35:00,66.0,130.02713
1995-08-22 03:40:00,68.0,109.170296
1995-08-22 03:45:00,84.0,141.22623
1995-08-22 03:50:00,105.0,138.92484
1995-08-22 03:55:00,81.0,107.39795
1995-08-22 04:00:00,91.0,107.198456
1995-08-22 04:05:00,105.0,107.93819
1995-08-22 04:10:00,43.0,97.08332
1995-08-22 04:15:00,122.0,118.53001
1995-08-22 04:20:00,106.0,110.799355
1995-08-22 04:25:00,66.0,114.42968
1995-08-22 04:30:00,58.0,105.957596
1995-08-22 04:35:00,44.0,77.22346
1995-08-22 04:40:00,72.0,88.98533
1995-08-22 04:45:00,64.0,80.388756
1995-08-22 04:50:00,41.0,74.78197
1995-08-22 04:55:00,78.0,98.08606
1995-08-22 05:00:00,114.0,124.516
1995-08-22 05:05:00,117.0,107.52243
1995-08-22 05:10:00,50.0,101.271904
1995-08-22 05:15:00,86.0,106.0819
1995-08-22 05:20:00,36.0,97.08608
1995-08-22 05:25:00,58.0,102.3486
1995-08-22 05:30:00,63.0,108.751564
1995-08-22 05:35:00,45.0,80.855415
1995-08-22 05:40:00,48.0,87.54682
1995-08-22 05:45:00,69.0,103.47942
1995-08-22 05:50:00,86.0,108.08462
1995-08-22 05:55:00,57.0,105.71373
1995-08-22 06:00:00,92.0,77.320755
1995-08-22 06:05:00,76.0,94.82091
1995-08-22 06:10:00,58.0,92.69236
1995-08-22 06:15:00,62.0,92.94938
1995-08-22 06:20:00,58.0,79.47815
1995-08-22 06:25:00,68.0,87.77186
1995-08-22 06:30:00,104.0,95.698425
1995-08-22 06:35:00,90.0,95.53805
1995-08-22 06:40:00,134.0,108.279274
1995-08-22 06:45:00,70.0,132.4624
1995-08-22 06:50:00,122.0,143.76262
1995-08-22 06:55:00,143.0,153.61009
1995-08-22 07:00:00,83.0,150.37982
1995-08-22 07:05:00,79.0,85.46776
1995-08-22 07:10:00,100.0,84.43251
1995-08-22 07:15:00,122.0,117.53027
1995-08-22 07:20:00,174.0,140.64452
1995-08-22 07:25:00,200.0,195.19911
1995-08-22 07:30:00,178.0,174.05515
1995-08-22 07:35:00,210.0,196.78789
1995-08-22 07:40:00,204.0,229.50758
1995-08-22 07:45:00,165.0,241.17885
1995-08-22 07:50:00,196.0,184.36623
1995-08-22 07:55:00,200.0,191.2999
1995-08-22 08:00:00,138.0,177.00952
1995-08-22 08:05:00,181.0,194.40494
1995-08-22 08:10:00,197.0,224.54378
1995-08-22 08:15:00,192.0,225.1971
1995-08-22 08:20:00,206.0,218.87637
1995-08-22 08:25:00,246.0,258.31116
1995-08-22 08:30:00,226.0,253.1676
1995-08-22 08:35:00,225.0,313.42838
1995-08-22 08:40:00,237.0,246.5084
1995-08-22 08:45:00,171.0,244.2814
1995-08-22 08:50:00,182.0,261.1621
1995-08-22 08:55:00,231.0,249.66956
1995-08-22 09:00:00,235.0,261.7681
1995-08-22 09:05:00,273.0,273.75638
1995-08-22 09:10:00,220.0,321.3476
1995-08-22 09:15:00,263.0,283.27863
1995-08-22 09:20:00,203.0,271.587
1995-08-22 09:25:00,257.0,304.97433
1995-08-22 09:30:00,285.0,300.78717
1995-08-22 09:35:00,328.0,356.25214
1995-08-22 09:40:00,295.0,324.77927
1995-08-22 09:45:00,250.0,305.743
1995-08-22 09:50:00,234.0,298.40695
1995-08-22 09:55:00,170.0,318.64987
1995-08-22 10:00:00,220.0,278.13507
1995-08-22 10:05:00,125.0,289.8772
1995-08-22 10:10:00,176.0,225.62376
1995-08-22 10:15:00,195.0,244.5138
1995-08-22 10:20:00,209.0,285.15613
1995-08-22 10:25:00,238.0,253.03517
1995-08-22 10:30:00,252.0,250.09532
1995-08-22 10:35:00,276.0,306.0026
1995-08-22 10:40:00,285.0,303.33997
1995-08-22 10:45:00,272.0,354.77588
1995-08-22 10:50:00,354.0,297.10077
1995-08-22 10:55:00,235.0,349.5523
1995-08-22 11:00:00,275.0,262.91367
1995-08-22 11:05:00,325.0,335.77985
1995-08-22 11:10:00,309.0,334.7197
1995-08-22 11:15:00,261.0,352.78876
1995-08-22 11:20:00,309.0,348.3525
1995-08-22 11:25:00,317.0,365.36505
1995-08-22 11:30:00,348.0,377.51508
1995-08-22 11:35:00,378.0,411.5764
1995-08-22 11:40:00,314.0,396.28787
1995-08-22 11:45:00,356.0,366.7241
1995-08-22 11:50:00,313.0,381.7954
1995-08-22 11:55:00,274.0,319.8549
1995-08-22 12:00:00,336.0,367.53577
1995-08-22 12:05:00,335.0,396.02386
1995-08-22 12:10:00,358.0,380.47055
1995-08-22 12:15:00,339.0,388.07098
1995-08-22 12:20:00,441.0,388.69336
1995-08-22 12:25:00,381.0,418.07892
1995-08-22 12:30:00,334.0,403.25702
1995-08-22 12:35:00,375.0,417.73056
1995-08-22 12:40:00,372.0,419.81284
1995-08-22 12:45:00,349.0,428.0942
1995-08-22 12:50:00,305.0,390.86642
1995-08-22 12:55:00,323.0,424.73813
1995-08-22 13:00:00,403.0,383.64655
1995-08-22 13:05:00,409.0,458.9939
1995-08-22 13:10:00,412.0,404.22296
1995-08-22 13:15:00,393.0,435.73773
1995-08-22 13:20:00,404.0,465.1075
1995-08-22 13:25:00,413.0,408.72482
1995-08-22 13:30:00,365.0,454.02692
1995-08-22 13:35:00,340.0,445.51068
1995-08-22 13:40:00,392.0,425.0783
1995-08-22 13:45:00,321.0,407.74933
1995-08-22 13:50:00,258.0,401.3779
1995-08-22 13:55:00,223.0,360.16406
1995-08-22 14:00:00,419.0,403.5289
1995-08-22 14:05:00,384.0,425.8531
1995-08-22 14:10:00,293.0,425.69354
1995-08-22 14:15:00,293.0,378.88712
1995-08-22 14:20:00,329.0,376.0236
1995-08-22 14:25:00,295.0,319.87723
1995-08-22 14:30:00,270.0,321.64807
1995-08-22 14:35:00,286.0,375.1837
1995-08-22 14:40:00,300.0,379.09024
1995-08-22 14:45:00,431.0,389.17624
1995-08-22 14:50:00,361.0,403.9699
1995-08-22 14:55:00,382.0,402.49496
1995-08-22 15:00:00,344.0,416.40985
1995-08-22 15:05:00,288.0,379.17688
1995-08-22 15:10:00,471.0,389.33124
1995-08-22 15:15:00,401.0,410.5562
1995-08-22 15:20:00,380.0,430.36008
1995-08-22 15:25:00,442.0,425.34534
1995-08-22 15:30:00,325.0,423.51553
1995-08-22 15:35:00,298.0,396.3879
1995-08-22 15:40:00,276.0,407.3998
1995-08-22 15:45:00,274.0,383.8302
1995-08-22 15:50:00,403.0,413.0954
1995-08-22 15:55:00,401.0,429.31683
1995-08-22 16:00:00,360.0,443.4186
1995-08-22 16:05:00,470.0,434.4551
1995-08-22 16:10:00,514.0,457.9882
1995-08-22 16:15:00,434.0,481.55634
1995-08-22 16:20:00,369.0,465.87427
1995-08-22 16:25:00,226.0,396.79095
1995-08-22 16:30:00,314.0,406.40396
1995-08-22 16:35:00,246.0,428.33264
1995-08-22 16:40:00,338.0,402.67856
1995-08-22 16:45:00,305.0,390.7052
1995-08-22 16:50:00,389.0,408.2451
1995-08-22 16:55:00,274.0,425.14536
1995-08-22 17:00:00,345.0,345.16754
1995-08-22 17:05:00,306.0,379.39105
1995-08-22 17:10:00,140.0,335.03232
1995-08-22 17:15:00,247.0,355.49234
1995-08-22 17:20:00,258.0,337.47623
1995-08-22 17:25:00,269.0,304.64813
1995-08-22 17:30:00,264.0,273.9106
1995-08-22 17:35:00,197.0,304.02264
1995-08-22 17:40:00,208.0,269.31073
1995-08-22 17:45:00,358.0,280.7545
1995-08-22 17:50:00,210.0,330.56662
1995-08-22 17:55:00,189.0,301.66943
1995-08-22 18:00:00,239.0,300.32043
1995-08-22 18:05:00,194.0,296.82513
1995-08-22 18:10:00,224.0,250.5235
1995-08-22 18:15:00,211.0,255.90283
1995-08-22 18:20:00,180.0,222.45663
1995-08-22 18:25:00,133.0,254.51596
1995-08-22 18:30:00,260.0,264.345
1995-08-22 18:35:00,187.0,290.70615
1995-08-22 18:40:00,206.0,294.55392
1995-08-22 18:45:00,232.0,248.19154
1995-08-22 18:50:00,265.0,285.20267
1995-08-22 18:55:00,259.0,305.46408
1995-08-22 19:00:00,182.0,278.87155
1995-08-22 19:05:00,238.0,247.24205
1995-08-22 19:10:00,97.0,241.43707
1995-08-22 19:15:00,188.0,189.14655
1995-08-22 19:20:00,120.0,222.48615
1995-08-22 19:25:00,175.0,228.79381
1995-08-22 19:30:00,121.0,183.99112
1995-08-22 19:35:00,122.0,148.40973
1995-08-22 19:40:00,196.0,192.6895
1995-08-22 19:45:00,223.0,229.66196
1995-08-22 19:50:00,141.0,200.68083
1995-08-22 19:55:00,214.0,201.18143
1995-08-22 20:00:00,238.0,221.20422
1995-08-22 20:05:00,233.0,295.90036
1995-08-22 20:10:00,111.0,293.19595
1995-08-22 20:15:00,189.0,223.59805
1995-08-22 20:20:00,144.0,274.3203
1995-08-22 20:25:00,196.0,201.77028
1995-08-22 20:30:00,207.0,241.37338
1995-08-22 20:35:00,178.0,271.18384
1995-08-22 20:40:00,94.0,178.59894
1995-08-22 20:45:00,101.0,188.04955
1995-08-22 20:50:00,105.0,216.29898
1995-08-22 20:55:00,173.0,162.57622
1995-08-22 21:00:00,207.0,208.17029
1995-08-22 21:05:00,169.0,208.633
1995-08-22 21:10:00,147.0,210.43712
1995-08-22 21:15:00,143.0,186.04996
1995-08-22 21:20:00,149.0,228.07591
1995-08-22 21:25:00,144.0,218.6472
1995-08-22 21:30:00,187.0,204.62833
1995-08-22 21:35:00,203.0,202.19296
1995-08-22 21:40:00,138.0,227.98897
1995-08-22 21:45:00,285.0,192.24088
1995-08-22 21:50:00,144.0,238.6775
1995-08-22 21:55:00,182.0,199.59044
1995-08-22 22:00:00,157.0,201.76506
1995-08-22 22:05:00,177.0,243.95963
1995-08-22 22:10:00,137.0,214.24309
1995-08-22 22:15:00,218.0,194.14952
1995-08-22 22:20:00,133.0,214.765
1995-08-22 22:25:00,179.0,214.62636
1995-08-22 22:30:00,115.0,195.16843
1995-08-22 22:35:00,104.0,185.74925
1995-08-22 22:40:00,111.0,173.03459
1995-08-22 22:45:00,155.0,190.51776
1995-08-22 22:50:00,169.0,154.24986
1995-08-22 22:55:00,172.0,201.91489
1995-08-22 23:00:00,183.0,152.90579
1995-08-22 23:05:00,155.0,190.69876
1995-08-22 23:10:00,146.0,199.20363
1995-08-22 23:15:00,134.0,187.70866
1995-08-22 23:20:00,113.0,183.8845
1995-08-22 23:25:00,90.0,120.00619
1995-08-22 23:30:00,127.0,171.49902
1995-08-22 23:35:00,119.0,191.39418
1995-08-22 23:40:00,128.0,151.4368
1995-08-22 23:45:00,137.0,128.7299
1995-08-22 23:50:00,138.0,161.02791
