timestamp,y_bytes_imp_t1,predicted
1995-08-12 00:00:00,301.137,226.64476
1995-08-12 00:01:00,156.158,279.62485
1995-08-12 00:02:00,167.856,180.11047
1995-08-12 00:03:00,1274.5539999999999,271.423
1995-08-12 00:04:00,287.996,262.202
1995-08-12 00:05:00,240.743,389.22702
1995-08-12 00:06:00,183.625,260.7649
1995-08-12 00:07:00,143.548,218.91277
1995-08-12 00:08:00,367.221,215.58221
1995-08-12 00:09:00,167.01,257.07294
1995-08-12 00:10:00,90.295,191.27422
1995-08-12 00:11:00,184.544,273.2489
1995-08-12 00:12:00,198.753,307.33472
1995-08-12 00:13:00,207.105,302.51984
1995-08-12 00:14:00,167.712,389.0382
1995-08-12 00:15:00,1299.682,328.00546
1995-08-12 00:16:00,1554.17,472.53952
1995-08-12 00:17:00,444.293,423.18915
1995-08-12 00:18:00,375.738,458.3569
1995-08-12 00:19:00,263.076,422.46262
1995-08-12 00:20:00,703.227,374.27927
1995-08-12 00:21:00,173.267,379.12378
1995-08-12 00:22:00,162.405,299.07715
1995-08-12 00:23:00,617.203,345.1791
1995-08-12 00:24:00,294.877,202.79077
1995-08-12 00:25:00,164.53199999999998,432.84863
1995-08-12 00:26:00,171.108,341.65244
1995-08-12 00:27:00,80.426,252.96274
1995-08-12 00:28:00,348.693,332.67798
1995-08-12 00:29:00,197.007,279.65067
1995-08-12 00:30:00,324.081,385.0907
1995-08-12 00:31:00,768.062,351.44073
1995-08-12 00:32:00,935.0719999999999,427.61652
1995-08-12 00:33:00,488.111,510.5078
1995-08-12 00:34:00,156.346,412.06418
1995-08-12 00:35:00,313.186,516.1475
1995-08-12 00:36:00,432.995,431.59433
1995-08-12 00:37:00,363.916,386.01675
1995-08-12 00:38:00,136.611,352.95193
1995-08-12 00:39:00,355.428,331.14133
1995-08-12 00:40:00,423.171,431.30295
1995-08-12 00:41:00,394.167,347.9819
1995-08-12 00:42:00,1125.5710000000001,294.25827
1995-08-12 00:43:00,463.46500000000003,437.15112
1995-08-12 00:44:00,560.5550000000001,578.28467
1995-08-12 00:45:00,685.356,699.3845
1995-08-12 00:46:00,712.858,778.3143
1995-08-12 00:47:00,536.271,440.51263
1995-08-12 00:48:00,744.19,608.1593
1995-08-12 00:49:00,290.647,553.5266
1995-08-12 00:50:00,337.106,411.36337
1995-08-12 00:51:00,454.74,445.0761
1995-08-12 00:52:00,347.551,631.09937
1995-08-12 00:53:00,174.309,397.3566
1995-08-12 00:54:00,353.709,318.74362
1995-08-12 00:55:00,979.111,242.97542
1995-08-12 00:56:00,395.68600000000004,276.35532
1995-08-12 00:57:00,130.935,246.36919
1995-08-12 00:58:00,197.484,347.60202
1995-08-12 00:59:00,79.184,262.67392
1995-08-12 01:00:00,232.229,264.029
1995-08-12 01:01:00,123.179,232.61864
1995-08-12 01:02:00,92.809,293.08768
1995-08-12 01:03:00,59.186,158.24443
1995-08-12 01:04:00,312.763,78.455826
1995-08-12 01:05:00,86.985,133.69214
1995-08-12 01:06:00,331.872,383.8667
1995-08-12 01:07:00,247.451,306.35107
1995-08-12 01:08:00,308.21000000000004,366.7723
1995-08-12 01:09:00,553.1179999999999,393.2076
1995-08-12 01:10:00,221.096,409.5685
1995-08-12 01:11:00,273.20799999999997,342.94434
1995-08-12 01:12:00,152.849,141.95647
1995-08-12 01:13:00,131.337,168.82005
1995-08-12 01:14:00,91.61,235.22272
1995-08-12 01:15:00,843.232,224.26088
1995-08-12 01:16:00,59.512,279.0865
1995-08-12 01:17:00,431.623,295.80524
1995-08-12 01:18:00,139.7,330.0808
1995-08-12 01:19:00,235.84699999999998,438.615
1995-08-12 01:20:00,233.49099999999999,328.5445
1995-08-12 01:21:00,460.986,277.65817
1995-08-12 01:22:00,810.266,202.75046
1995-08-12 01:23:00,225.403,426.14078
1995-08-12 01:24:00,436.964,461.4873
1995-08-12 01:25:00,462.933,313.73257
1995-08-12 01:26:00,368.50199999999995,378.38586
1995-08-12 01:27:00,154.433,235.82396
1995-08-12 01:28:00,213.707,393.94403
1995-08-12 01:29:00,282.548,277.96967
1995-08-12 01:30:00,350.697,536.82886
1995-08-12 01:31:00,261.408,339.8389
1995-08-12 01:32:00,276.273,331.2847
1995-08-12 01:33:00,235.814,239.94556
1995-08-12 01:34:00,1089.4579999999999,267.10117
1995-08-12 01:35:00,191.943,247.05533
1995-08-12 01:36:00,1342.195,516.1266
1995-08-12 01:37:00,1259.634,294.03717
1995-08-12 01:38:00,245.269,444.85242
1995-08-12 01:39:00,173.793,349.9301
1995-08-12 01:40:00,77.943,227.90929
1995-08-12 01:41:00,21.297,160.58118
1995-08-12 01:42:00,185.612,186.48785
1995-08-12 01:43:00,184.238,290.70572
1995-08-12 01:44:00,480.613,152.98338
1995-08-12 01:45:00,160.21099999999998,213.46323
1995-08-12 01:46:00,40.913,238.4809
1995-08-12 01:47:00,16.439,112.757164
1995-08-12 01:48:00,92.766,217.1706
1995-08-12 01:49:00,248.02,312.02396
1995-08-12 01:50:00,308.396,279.59366
1995-08-12 01:51:00,301.226,360.75162
1995-08-12 01:52:00,89.878,287.16693
1995-08-12 01:53:00,80.289,165.90973
1995-08-12 01:54:00,154.952,241.78749
1995-08-12 01:55:00,302.483,260.63846
1995-08-12 01:56:00,136.387,277.17477
1995-08-12 01:57:00,471.39300000000003,272.89853
1995-08-12 01:58:00,176.664,275.13626
1995-08-12 01:59:00,63.429,295.7577
1995-08-12 02:00:00,198.477,279.53842
1995-08-12 02:01:00,87.019,153.69785
1995-08-12 02:02:00,56.822,210.435
1995-08-12 02:03:00,150.775,177.80768
1995-08-12 02:04:00,129.38899999999998,147.93585
1995-08-12 02:05:00,248.694,161.24554
1995-08-12 02:06:00,81.50200000000001,166.10196
1995-08-12 02:07:00,333.653,169.47992
1995-08-12 02:08:00,36.785,128.67549
1995-08-12 02:09:00,17.536,135.57657
1995-08-12 02:10:00,53.56400000000001,99.47582
1995-08-12 02:11:00,30.098999999999997,64.149635
1995-08-12 02:12:00,38.603,109.571014
1995-08-12 02:13:00,219.672,121.17766
1995-08-12 02:14:00,38.725,117.45462
1995-08-12 02:15:00,221.065,106.25079
1995-08-12 02:16:00,164.301,175.65204
1995-08-12 02:17:00,428.456,432.80624
1995-08-12 02:18:00,202.583,171.13478
1995-08-12 02:19:00,885.144,250.74643
1995-08-12 02:20:00,159.726,225.04614
1995-08-12 02:21:00,121.409,297.34164
1995-08-12 02:22:00,262.0,171.6013
1995-08-12 02:23:00,93.613,99.65882
1995-08-12 02:24:00,40.705999999999996,114.52307
1995-08-12 02:25:00,175.46,177.56229
1995-08-12 02:26:00,419.397,230.06354
1995-08-12 02:27:00,84.966,132.43912
1995-08-12 02:28:00,239.407,211.17813
1995-08-12 02:29:00,97.61600000000001,86.912056
1995-08-12 02:30:00,164.19,199.97293
1995-08-12 02:31:00,191.906,248.21758
1995-08-12 02:32:00,96.15599999999999,100.76093
1995-08-12 02:33:00,81.622,160.94719
1995-08-12 02:34:00,24.077,74.10766
1995-08-12 02:35:00,116.629,98.94123
1995-08-12 02:36:00,90.718,131.36703
1995-08-12 02:37:00,80.09100000000001,71.076744
1995-08-12 02:38:00,64.49199999999999,97.49181
1995-08-12 02:39:00,170.19,106.69033
1995-08-12 02:40:00,100.78699999999999,126.69726
1995-08-12 02:41:00,193.015,131.56404
1995-08-12 02:42:00,83.648,167.64166
1995-08-12 02:43:00,130.269,278.65024
1995-08-12 02:44:00,234.987,172.71216
1995-08-12 02:45:00,73.244,161.17136
1995-08-12 02:46:00,33.638999999999996,124.568375
1995-08-12 02:47:00,51.288,134.79251
1995-08-12 02:48:00,58.546,105.95382
1995-08-12 02:49:00,211.448,187.14836
1995-08-12 02:50:00,143.888,216.73035
1995-08-12 02:51:00,293.318,156.22513
1995-08-12 02:52:00,189.8,139.44435
1995-08-12 02:53:00,736.067,156.02898
1995-08-12 02:54:00,52.782,224.38293
1995-08-12 02:55:00,86.763,208.4064
1995-08-12 02:56:00,60.086,131.1223
1995-08-12 02:57:00,2.489,119.64944
1995-08-12 02:58:00,117.30799999999999,137.82097
1995-08-12 02:59:00,13.431,82.02326
1995-08-12 03:00:00,97.14999999999999,120.14665
1995-08-12 03:01:00,56.272999999999996,205.72205
1995-08-12 03:02:00,69.586,108.40723
1995-08-12 03:03:00,167.98000000000002,104.38848
1995-08-12 03:04:00,119.134,104.48743
1995-08-12 03:05:00,101.378,119.9624
1995-08-12 03:06:00,72.965,69.10789
1995-08-12 03:07:00,1152.709,105.90329
1995-08-12 03:08:00,4.979,76.00649
1995-08-12 03:09:00,22.113,86.98695
1995-08-12 03:10:00,410.92199999999997,178.12923
1995-08-12 03:11:00,682.679,208.77258
1995-08-12 03:12:00,315.233,215.7841
1995-08-12 03:13:00,67.84,127.8748
1995-08-12 03:14:00,85.265,255.70605
1995-08-12 03:15:00,135.285,214.0052
1995-08-12 03:16:00,22.813,195.75243
1995-08-12 03:17:00,378.208,172.1835
1995-08-12 03:18:00,429.164,265.5135
1995-08-12 03:19:00,117.642,199.19217
1995-08-12 03:20:00,346.938,369.25085
1995-08-12 03:21:00,63.274,256.08517
1995-08-12 03:22:00,63.623999999999995,258.53195
1995-08-12 03:23:00,300.28299999999996,158.23933
1995-08-12 03:24:00,735.031,233.26486
1995-08-12 03:25:00,257.521,138.5821
1995-08-12 03:26:00,306.806,240.86067
1995-08-12 03:27:00,1069.19,299.05368
1995-08-12 03:28:00,355.412,206.7667
1995-08-12 03:29:00,20.439,193.17174
1995-08-12 03:30:00,116.608,123.70407
1995-08-12 03:31:00,232.163,261.3044
1995-08-12 03:32:00,853.4090000000001,299.0763
1995-08-12 03:33:00,1395.499,44.139824
1995-08-12 03:34:00,92.621,223.64111
1995-08-12 03:35:00,529.566,285.3729
1995-08-12 03:36:00,302.779,282.5704
1995-08-12 03:37:00,296.06600000000003,149.74335
1995-08-12 03:38:00,248.77900000000002,188.04108
1995-08-12 03:39:00,292.713,258.3804
1995-08-12 03:40:00,87.243,250.3536
1995-08-12 03:41:00,67.455,161.4228
1995-08-12 03:42:00,263.144,301.73438
1995-08-12 03:43:00,155.639,103.51615
1995-08-12 03:44:00,1369.753,191.17487
1995-08-12 03:45:00,154.0,245.69635
1995-08-12 03:46:00,159.792,232.16747
1995-08-12 03:47:00,128.087,260.48108
1995-08-12 03:48:00,149.139,268.36066
1995-08-12 03:49:00,156.725,65.11725
1995-08-12 03:50:00,62.028,143.25072
1995-08-12 03:51:00,51.194,82.561775
1995-08-12 03:52:00,83.915,3.4635139
1995-08-12 03:53:00,16.771,42.39467
1995-08-12 03:54:00,131.589,67.81773
1995-08-12 03:55:00,156.812,154.40533
1995-08-12 03:56:00,42.795,203.69846
1995-08-12 03:57:00,82.049,134.44034
1995-08-12 03:58:00,57.631,159.92245
1995-08-12 03:59:00,427.84000000000003,133.51608
1995-08-12 04:00:00,1303.061,245.10887
1995-08-12 04:01:00,146.267,210.63785
1995-08-12 04:02:00,180.057,210.76201
1995-08-12 04:03:00,615.7549999999999,281.61618
1995-08-12 04:04:00,520.991,324.5083
1995-08-12 04:05:00,125.986,321.93344
1995-08-12 04:06:00,485.173,321.71118
1995-08-12 04:07:00,240.507,446.2049
1995-08-12 04:08:00,301.02299999999997,274.00894
1995-08-12 04:09:00,172.409,349.62753
1995-08-12 04:10:00,211.87,284.55676
1995-08-12 04:11:00,72.81099999999999,203.83223
1995-08-12 04:12:00,404.123,238.41559
1995-08-12 04:13:00,252.473,179.79362
1995-08-12 04:14:00,79.904,205.78326
1995-08-12 04:15:00,357.57399999999996,185.93092
1995-08-12 04:16:00,422.239,292.92715
1995-08-12 04:17:00,293.32899999999995,46.60293
1995-08-12 04:18:00,200.19299999999998,199.7308
1995-08-12 04:19:00,291.404,142.33263
1995-08-12 04:20:00,1353.5220000000002,177.2002
1995-08-12 04:21:00,200.056,175.35268
1995-08-12 04:22:00,9.782,83.17681
1995-08-12 04:23:00,283.389,15.8911915
1995-08-12 04:24:00,14.164,25.851889
1995-08-12 04:25:00,0.0,2.6354876
1995-08-12 04:30:00,307.989,269.38693
1995-08-12 04:32:00,115.653,341.21777
1995-08-12 04:33:00,721.881,273.08536
1995-08-12 04:34:00,388.80999999999995,265.4323
1995-08-12 04:35:00,301.639,190.01979
1995-08-12 04:36:00,246.556,213.00864
1995-08-12 04:37:00,70.506,207.69318
1995-08-12 04:38:00,527.173,150.06212
1995-08-12 04:39:00,519.061,245.62518
1995-08-12 04:40:00,564.134,393.24258
1995-08-12 04:42:00,543.844,466.47263
1995-08-12 04:43:00,199.338,465.55136
1995-08-12 04:44:00,183.449,429.1527
1995-08-12 04:45:00,40.637,219.37674
1995-08-12 04:46:00,232.26600000000002,86.81812
1995-08-12 04:47:00,161.26100000000002,167.28075
1995-08-12 04:48:00,28.285,166.14333
1995-08-12 04:49:00,401.835,93.14535
1995-08-12 04:50:00,317.847,290.73688
1995-08-12 04:51:00,114.759,444.99213
1995-08-12 04:52:00,77.77799999999999,182.61111
1995-08-12 04:53:00,80.33099999999999,62.692394
1995-08-12 04:54:00,116.843,240.58151
1995-08-12 04:55:00,262.458,269.5444
1995-08-12 04:56:00,131.784,272.84473
1995-08-12 04:57:00,276.159,187.2906
1995-08-12 04:58:00,169.152,314.00162
1995-08-12 04:59:00,448.856,532.75134
1995-08-12 05:00:00,198.453,379.49155
1995-08-12 05:01:00,358.128,148.71333
1995-08-12 05:02:00,616.25,252.16559
1995-08-12 05:03:00,33.71,192.48788
1995-08-12 05:04:00,107.019,183.5528
1995-08-12 05:05:00,122.57799999999999,205.0273
1995-08-12 05:06:00,477.284,100.2898
1995-08-12 05:07:00,148.949,226.76788
1995-08-12 05:08:00,182.631,280.378
1995-08-12 05:09:00,253.933,183.19112
1995-08-12 05:10:00,79.936,257.5998
1995-08-12 05:11:00,250.156,426.8618
1995-08-12 05:12:00,81.944,270.95798
1995-08-12 05:13:00,266.403,205.30865
1995-08-12 05:14:00,299.931,220.74486
1995-08-12 05:15:00,365.124,237.51085
1995-08-12 05:16:00,74.206,262.10623
1995-08-12 05:17:00,221.717,217.07281
1995-08-12 05:18:00,1295.035,237.99892
1995-08-12 05:19:00,300.58299999999997,262.41556
1995-08-12 05:20:00,342.239,375.89938
1995-08-12 05:21:00,290.885,368.8034
1995-08-12 05:22:00,346.121,332.29474
1995-08-12 05:23:00,281.848,332.0877
1995-08-12 05:24:00,1553.6580000000001,353.23425
1995-08-12 05:25:00,163.57,210.47845
1995-08-12 05:26:00,187.892,288.4435
1995-08-12 05:27:00,37.751,172.4544
1995-08-12 05:28:00,39.057,202.89798
1995-08-12 05:29:00,167.397,190.4931
1995-08-12 05:30:00,151.513,49.24958
1995-08-12 05:31:00,31.519,76.3045
1995-08-12 05:32:00,81.259,101.369194
1995-08-12 05:33:00,757.931,148.80774
1995-08-12 05:34:00,1309.06,182.62723
1995-08-12 05:35:00,184.833,262.78232
1995-08-12 05:36:00,261.33,146.22717
1995-08-12 05:37:00,166.552,131.21948
1995-08-12 05:38:00,29.622,170.88962
1995-08-12 05:39:00,104.7,116.069115
1995-08-12 05:40:00,284.121,44.963066
1995-08-12 05:41:00,390.73400000000004,218.26294
1995-08-12 05:42:00,30.146,137.53233
1995-08-12 05:43:00,274.48199999999997,250.01846
1995-08-12 05:44:00,84.741,113.2962
1995-08-12 05:45:00,85.19,287.27756
1995-08-12 05:46:00,85.648,171.70775
1995-08-12 05:47:00,47.752,192.87079
1995-08-12 05:48:00,80.362,17.080578
1995-08-12 05:49:00,49.028999999999996,123.675766
1995-08-12 05:50:00,109.717,244.00891
1995-08-12 05:51:00,263.881,86.360535
1995-08-12 05:52:00,81.48,196.29253
1995-08-12 05:53:00,342.586,208.3003
1995-08-12 05:54:00,65.583,187.17519
1995-08-12 05:55:00,95.485,225.13304
1995-08-12 05:56:00,86.428,180.74234
1995-08-12 05:57:00,132.807,133.84561
1995-08-12 05:58:00,148.72299999999998,125.07896
1995-08-12 05:59:00,226.346,185.59038
1995-08-12 06:00:00,400.063,302.43097
1995-08-12 06:01:00,355.198,309.63434
1995-08-12 06:02:00,280.356,346.59384
1995-08-12 06:03:00,232.88,268.17422
1995-08-12 06:04:00,193.064,290.43726
1995-08-12 06:05:00,206.726,224.66232
1995-08-12 06:06:00,617.186,426.76
1995-08-12 06:07:00,374.521,237.25192
1995-08-12 06:08:00,89.604,198.2124
1995-08-12 06:09:00,61.864999999999995,275.07278
1995-08-12 06:10:00,288.325,234.31367
1995-08-12 06:11:00,1540.149,258.29025
1995-08-12 06:12:00,683.672,272.57013
1995-08-12 06:13:00,397.911,331.9078
1995-08-12 06:14:00,227.728,354.07355
1995-08-12 06:15:00,203.747,181.31955
1995-08-12 06:16:00,70.644,257.68524
1995-08-12 06:17:00,241.361,69.63801
1995-08-12 06:18:00,0.0,2.5200765
1995-08-12 06:23:00,63.369,111.074455
1995-08-12 06:25:00,66.687,70.62696
1995-08-12 06:26:00,14.263,73.358284
1995-08-12 06:27:00,734.04,91.832695
1995-08-12 06:28:00,186.462,180.32736
1995-08-12 06:29:00,247.09199999999998,158.89735
1995-08-12 06:30:00,122.28699999999999,234.0888
1995-08-12 06:31:00,49.126,212.95772
1995-08-12 06:32:00,263.645,188.08597
1995-08-12 06:33:00,285.396,121.66719
1995-08-12 06:35:00,108.336,235.1136
1995-08-12 06:36:00,233.176,190.74995
1995-08-12 06:37:00,19.048000000000002,120.01438
1995-08-12 06:38:00,33.574,122.04323
1995-08-12 06:39:00,155.761,210.85916
1995-08-12 06:40:00,59.001999999999995,91.38188
1995-08-12 06:41:00,77.15,45.41129
1995-08-12 06:42:00,136.208,10.976206
1995-08-12 06:43:00,0.0,2.2826405
1995-08-12 06:48:00,335.638,110.48479
1995-08-12 06:50:00,162.86,247.85823
1995-08-12 06:51:00,370.173,232.346
1995-08-12 06:52:00,207.559,267.22992
1995-08-12 06:53:00,146.44799999999998,254.14499
1995-08-12 06:54:00,12.894,246.61253
1995-08-12 06:55:00,166.57999999999998,216.9754
1995-08-12 06:56:00,359.284,185.16858
1995-08-12 06:57:00,405.989,183.91457
1995-08-12 06:58:00,70.919,225.7257
1995-08-12 07:00:00,135.305,220.5017
1995-08-12 07:01:00,268.423,128.09302
1995-08-12 07:02:00,279.483,278.8634
1995-08-12 07:03:00,168.431,204.75348
1995-08-12 07:04:00,97.05699999999999,105.45331
1995-08-12 07:05:00,426.675,211.85342
1995-08-12 07:06:00,333.79,125.38142
1995-08-12 07:07:00,130.09799999999998,174.03369
1995-08-12 07:08:00,175.012,196.52852
1995-08-12 07:09:00,214.912,183.79222
1995-08-12 07:10:00,96.204,191.81343
1995-08-12 07:11:00,237.777,199.1226
1995-08-12 07:12:00,232.938,181.21892
1995-08-12 07:13:00,684.204,60.091625
1995-08-12 07:14:00,525.643,183.61185
1995-08-12 07:15:00,398.509,91.03282
1995-08-12 07:16:00,146.85399999999998,216.6081
1995-08-12 07:17:00,10.001,27.544336
1995-08-12 07:18:00,279.459,58.89224
1995-08-12 07:19:00,82.597,123.2356
1995-08-12 07:20:00,99.902,223.65556
1995-08-12 07:21:00,136.885,30.577333
1995-08-12 07:22:00,324.33099999999996,307.5353
1995-08-12 07:23:00,184.985,253.9425
1995-08-12 07:24:00,676.191,359.51794
1995-08-12 07:25:00,491.66,274.60535
1995-08-12 07:26:00,179.775,230.57004
1995-08-12 07:27:00,413.232,240.66008
1995-08-12 07:28:00,327.73,251.65582
1995-08-12 07:29:00,300.667,331.95703
1995-08-12 07:30:00,49.342,290.89774
1995-08-12 07:31:00,346.56,298.94266
1995-08-12 07:32:00,172.856,257.10764
1995-08-12 07:33:00,412.8,277.37952
1995-08-12 07:34:00,322.11199999999997,287.79004
1995-08-12 07:35:00,40.351,148.84988
1995-08-12 07:36:00,40.95,180.9764
1995-08-12 07:37:00,97.048,168.97017
1995-08-12 07:38:00,416.599,196.0978
1995-08-12 07:39:00,102.441,204.4333
1995-08-12 07:40:00,131.239,181.38008
1995-08-12 07:41:00,43.527,177.05757
1995-08-12 07:42:00,213.288,135.55032
1995-08-12 07:43:00,248.84799999999998,259.1902
1995-08-12 07:44:00,227.788,140.01744
1995-08-12 07:45:00,1296.329,234.0842
1995-08-12 07:46:00,234.194,233.84769
1995-08-12 07:47:00,220.326,290.48907
1995-08-12 07:48:00,303.86100000000005,191.13657
1995-08-12 07:49:00,74.34100000000001,358.05405
1995-08-12 07:50:00,192.90200000000002,342.38324
1995-08-12 07:51:00,300.093,263.9379
1995-08-12 07:52:00,85.058,62.02292
1995-08-12 07:53:00,69.148,129.51991
1995-08-12 07:54:00,177.252,225.99753
1995-08-12 07:55:00,179.543,234.31142
1995-08-12 07:56:00,124.00399999999999,239.25146
1995-08-12 07:57:00,149.266,202.44785
1995-08-12 07:58:00,97.52000000000001,178.9989
1995-08-12 07:59:00,457.497,202.30858
1995-08-12 08:00:00,128.989,194.43391
1995-08-12 08:01:00,118.423,74.76159
1995-08-12 08:02:00,206.316,141.77016
1995-08-12 08:03:00,130.24,245.99886
1995-08-12 08:04:00,26.297,136.22531
1995-08-12 08:05:00,68.568,158.60948
1995-08-12 08:06:00,17.668,45.857296
1995-08-12 08:07:00,55.422,85.2679
1995-08-12 08:08:00,71.80699999999999,53.353962
1995-08-12 08:09:00,48.682,114.7858
1995-08-12 08:10:00,306.977,140.21918
1995-08-12 08:11:00,99.265,167.93422
1995-08-12 08:12:00,56.635000000000005,146.35324
1995-08-12 08:13:00,310.30199999999996,320.07144
1995-08-12 08:14:00,192.005,171.64394
1995-08-12 08:15:00,354.091,204.80273
1995-08-12 08:16:00,381.706,277.70374
1995-08-12 08:17:00,540.913,142.41255
1995-08-12 08:18:00,196.036,243.26038
1995-08-12 08:19:00,703.135,423.83997
1995-08-12 08:20:00,472.496,391.37762
1995-08-12 08:21:00,355.955,317.6611
1995-08-12 08:22:00,276.48199999999997,318.65384
1995-08-12 08:23:00,456.926,279.9821
1995-08-12 08:24:00,161.546,279.89807
1995-08-12 08:25:00,302.382,193.91266
1995-08-12 08:26:00,128.084,293.33823
1995-08-12 08:27:00,76.408,300.0899
1995-08-12 08:28:00,63.195,239.97026
1995-08-12 08:29:00,283.432,132.85034
1995-08-12 08:30:00,282.48,134.4924
1995-08-12 08:31:00,217.39900000000003,164.49928
1995-08-12 08:32:00,416.908,261.86285
1995-08-12 08:33:00,152.905,283.65735
1995-08-12 08:34:00,1165.162,370.40268
1995-08-12 08:35:00,92.23799999999999,201.50378
1995-08-12 08:36:00,212.221,328.29834
1995-08-12 08:37:00,1536.565,398.6037
1995-08-12 08:38:00,255.799,238.03265
1995-08-12 08:39:00,450.632,292.27643
1995-08-12 08:40:00,357.862,295.94907
1995-08-12 08:41:00,328.982,384.04898
1995-08-12 08:42:00,98.084,293.06903
1995-08-12 08:43:00,213.425,375.2445
1995-08-12 08:44:00,83.299,343.02997
1995-08-12 08:45:00,323.557,223.2541
1995-08-12 08:46:00,357.058,267.8038
1995-08-12 08:47:00,305.678,202.36404
1995-08-12 08:48:00,349.71,250.05019
1995-08-12 08:49:00,518.78,302.2739
1995-08-12 08:50:00,224.189,307.81543
1995-08-12 08:51:00,248.10700000000003,344.4555
1995-08-12 08:52:00,477.592,458.52188
1995-08-12 08:53:00,265.67,355.99927
1995-08-12 08:54:00,172.994,292.31097
1995-08-12 08:55:00,93.442,294.5817
1995-08-12 08:56:00,124.083,160.65285
1995-08-12 08:57:00,274.53000000000003,280.0405
1995-08-12 08:58:00,219.34,319.58344
1995-08-12 08:59:00,212.082,294.10583
1995-08-12 09:00:00,112.42099999999999,267.0829
1995-08-12 09:01:00,97.821,323.5375
1995-08-12 09:02:00,207.905,280.334
1995-08-12 09:03:00,665.6809999999999,306.36148
1995-08-12 09:04:00,106.49199999999999,290.58362
1995-08-12 09:05:00,298.996,337.5327
1995-08-12 09:06:00,61.884,198.37196
1995-08-12 09:07:00,99.265,220.40074
1995-08-12 09:08:00,99.176,170.21098
1995-08-12 09:09:00,336.709,163.09402
1995-08-12 09:10:00,334.167,151.72412
1995-08-12 09:11:00,164.447,197.77487
1995-08-12 09:12:00,321.611,341.12347
1995-08-12 09:13:00,465.969,318.5892
1995-08-12 09:14:00,203.427,281.78967
1995-08-12 09:15:00,376.661,378.3117
1995-08-12 09:16:00,123.988,294.73398
1995-08-12 09:17:00,91.208,335.85788
1995-08-12 09:18:00,159.421,244.0879
1995-08-12 09:19:00,69.904,240.23962
1995-08-12 09:20:00,358.461,251.04468
1995-08-12 09:21:00,225.78199999999998,244.8683
1995-08-12 09:22:00,187.688,337.4362
1995-08-12 09:23:00,752.098,379.55124
1995-08-12 09:24:00,265.071,428.8753
1995-08-12 09:25:00,484.575,496.26004
1995-08-12 09:26:00,304.464,288.92752
1995-08-12 09:27:00,1184.613,194.67636
1995-08-12 09:28:00,737.967,359.10837
1995-08-12 09:29:00,125.63499999999999,328.2131
1995-08-12 09:30:00,146.944,341.53073
1995-08-12 09:31:00,361.409,474.81927
1995-08-12 09:32:00,1266.5100000000002,389.945
1995-08-12 09:33:00,122.56700000000001,424.9229
1995-08-12 09:34:00,90.487,380.92337
1995-08-12 09:35:00,161.672,217.07854
1995-08-12 09:36:00,306.948,300.7292
1995-08-12 09:37:00,117.976,194.65135
1995-08-12 09:38:00,0.786,24.105946
1995-08-12 09:39:00,101.01899999999999,121.45482
1995-08-12 09:40:00,672.0070000000001,383.34274
1995-08-12 09:41:00,277.956,425.3797
1995-08-12 09:42:00,388.98199999999997,379.1013
1995-08-12 09:43:00,310.31,376.97455
1995-08-12 09:44:00,177.005,376.65802
1995-08-12 09:45:00,207.84300000000002,325.22574
1995-08-12 09:46:00,222.88400000000001,263.19296
1995-08-12 09:47:00,298.916,229.6415
1995-08-12 09:48:00,683.131,265.55188
1995-08-12 09:49:00,607.923,252.36642
1995-08-12 09:50:00,177.32,279.14874
1995-08-12 09:51:00,12.158999999999999,176.63518
1995-08-12 09:52:00,163.195,262.04202
1995-08-12 09:53:00,220.215,361.12735
1995-08-12 09:54:00,66.174,294.0971
1995-08-12 09:55:00,262.263,334.4867
1995-08-12 09:56:00,129.649,185.20215
1995-08-12 09:57:00,182.114,208.55475
1995-08-12 09:58:00,247.449,279.5138
1995-08-12 09:59:00,1003.905,381.5626
1995-08-12 10:00:00,969.857,341.64346
1995-08-12 10:01:00,813.78,331.81815
1995-08-12 10:02:00,1080.374,140.02946
1995-08-12 10:03:00,1473.2580000000003,264.53156
1995-08-12 10:04:00,240.24599999999998,430.81488
1995-08-12 10:05:00,115.542,332.5741
1995-08-12 10:06:00,833.443,317.87057
1995-08-12 10:07:00,975.174,411.6653
1995-08-12 10:08:00,1818.745,506.1583
1995-08-12 10:09:00,1583.684,516.8249
1995-08-12 10:10:00,799.613,795.43933
1995-08-12 10:11:00,402.28000000000003,423.31155
1995-08-12 10:12:00,275.111,606.79736
1995-08-12 10:13:00,254.501,536.69885
1995-08-12 10:14:00,127.7,586.35
1995-08-12 10:15:00,368.565,504.5023
1995-08-12 10:16:00,693.9069999999999,410.47693
1995-08-12 10:17:00,301.76099999999997,313.27023
1995-08-12 10:18:00,560.0070000000001,407.39804
1995-08-12 10:19:00,193.686,437.23532
1995-08-12 10:20:00,333.009,383.43347
1995-08-12 10:21:00,150.387,354.55115
1995-08-12 10:22:00,520.309,469.09265
1995-08-12 10:23:00,281.72999999999996,337.6598
1995-08-12 10:24:00,212.012,353.43143
1995-08-12 10:25:00,121.713,300.12106
1995-08-12 10:26:00,529.016,349.41077
1995-08-12 10:27:00,145.817,480.94028
1995-08-12 10:28:00,429.282,504.1288
1995-08-12 10:29:00,1231.977,462.3486
1995-08-12 10:30:00,270.82,403.93805
1995-08-12 10:31:00,321.87899999999996,405.5565
1995-08-12 10:32:00,165.07999999999998,426.4739
1995-08-12 10:33:00,460.595,477.52237
1995-08-12 10:34:00,267.332,486.52032
1995-08-12 10:35:00,569.68,424.05148
1995-08-12 10:36:00,570.932,546.97363
1995-08-12 10:37:00,377.416,643.35376
1995-08-12 10:38:00,1202.902,496.43674
1995-08-12 10:39:00,729.833,696.7212
1995-08-12 10:40:00,364.487,629.26373
1995-08-12 10:41:00,350.82,495.6418
1995-08-12 10:42:00,273.67,654.5275
1995-08-12 10:43:00,240.822,562.6914
1995-08-12 10:44:00,495.897,411.20728
1995-08-12 10:45:00,610.248,432.3334
1995-08-12 10:46:00,244.21,408.85947
1995-08-12 10:47:00,395.774,310.96167
1995-08-12 10:48:00,1194.838,415.54892
1995-08-12 10:49:00,1202.101,716.646
1995-08-12 10:50:00,584.337,958.4532
1995-08-12 10:51:00,993.5699999999999,683.5433
1995-08-12 10:52:00,389.514,694.9316
1995-08-12 10:53:00,595.019,578.64355
1995-08-12 10:54:00,662.2529999999999,869.04065
1995-08-12 10:55:00,675.0219999999999,537.4804
1995-08-12 10:56:00,380.297,670.8285
1995-08-12 10:57:00,185.55700000000002,523.58655
1995-08-12 10:58:00,1480.053,652.1319
1995-08-12 10:59:00,684.005,746.1424
1995-08-12 11:00:00,437.16700000000003,518.53564
1995-08-12 11:01:00,297.169,512.4775
1995-08-12 11:02:00,326.743,379.8386
1995-08-12 11:03:00,397.853,616.8067
1995-08-12 11:04:00,557.1370000000001,273.05502
1995-08-12 11:05:00,1068.692,496.32288
1995-08-12 11:06:00,1027.662,498.2065
1995-08-12 11:07:00,788.376,620.3386
1995-08-12 11:08:00,957.423,622.45465
1995-08-12 11:09:00,284.917,695.8062
1995-08-12 11:10:00,698.38,586.9984
1995-08-12 11:11:00,970.079,820.5381
1995-08-12 11:12:00,1047.438,731.55475
1995-08-12 11:13:00,446.422,305.91318
1995-08-12 11:14:00,178.214,567.6985
1995-08-12 11:15:00,369.756,367.472
1995-08-12 11:16:00,135.641,357.4536
1995-08-12 11:17:00,85.123,282.4743
1995-08-12 11:18:00,243.839,545.94275
1995-08-12 11:19:00,411.592,468.43564
1995-08-12 11:20:00,361.218,415.07446
1995-08-12 11:21:00,174.59199999999998,225.34988
1995-08-12 11:22:00,92.094,200.41866
1995-08-12 11:23:00,260.731,350.25708
1995-08-12 11:24:00,1372.238,338.0922
1995-08-12 11:25:00,228.272,312.31888
1995-08-12 11:26:00,253.116,391.69095
1995-08-12 11:27:00,272.59,276.63226
1995-08-12 11:28:00,1672.8189999999997,361.61237
1995-08-12 11:29:00,461.693,471.92914
1995-08-12 11:30:00,951.678,685.2476
1995-08-12 11:31:00,85.499,325.83575
1995-08-12 11:32:00,665.98,532.47656
1995-08-12 11:33:00,417.899,354.31744
1995-08-12 11:34:00,231.46699999999998,396.40457
1995-08-12 11:35:00,530.513,388.25674
1995-08-12 11:36:00,553.4639999999999,443.7665
1995-08-12 11:37:00,501.755,493.41553
1995-08-12 11:38:00,1131.969,389.36978
1995-08-12 11:39:00,302.58299999999997,340.55557
1995-08-12 11:40:00,50.053,360.5571
1995-08-12 11:41:00,146.949,490.8086
1995-08-12 11:42:00,116.124,336.66293
1995-08-12 11:43:00,356.696,338.41202
1995-08-12 11:44:00,844.074,409.82153
1995-08-12 11:45:00,440.833,327.09213
1995-08-12 11:46:00,608.925,608.209
1995-08-12 11:47:00,173.811,462.80463
1995-08-12 11:48:00,1856.243,570.7487
1995-08-12 11:49:00,506.765,709.47565
1995-08-12 11:50:00,483.893,508.03183
1995-08-12 11:51:00,1464.006,463.23987
1995-08-12 11:52:00,476.652,439.93448
1995-08-12 11:53:00,488.981,549.841
1995-08-12 11:54:00,321.68,418.67523
1995-08-12 11:55:00,742.906,398.09943
1995-08-12 11:56:00,395.094,353.46268
1995-08-12 11:57:00,212.912,607.24817
1995-08-12 11:58:00,509.832,632.8793
1995-08-12 11:59:00,345.74,430.5152
1995-08-12 12:00:00,107.765,343.61084
1995-08-12 12:01:00,583.983,431.07254
1995-08-12 12:02:00,95.497,347.60168
1995-08-12 12:03:00,205.20299999999997,361.23578
1995-08-12 12:04:00,332.9,476.13092
1995-08-12 12:05:00,194.227,228.22243
1995-08-12 12:06:00,443.578,341.78842
1995-08-12 12:07:00,174.935,364.9066
1995-08-12 12:08:00,358.00800000000004,348.455
1995-08-12 12:09:00,325.514,291.12067
1995-08-12 12:10:00,117.606,293.94153
1995-08-12 12:11:00,201.85500000000002,225.30089
1995-08-12 12:12:00,422.062,440.34927
1995-08-12 12:13:00,791.747,567.6847
1995-08-12 12:14:00,602.422,460.9876
1995-08-12 12:15:00,390.344,394.72577
1995-08-12 12:16:00,126.003,300.4302
1995-08-12 12:17:00,234.65,355.23557
1995-08-12 12:18:00,218.35399999999998,573.28076
1995-08-12 12:19:00,683.6329999999999,383.15604
1995-08-12 12:20:00,384.567,408.20233
1995-08-12 12:21:00,295.303,316.5811
1995-08-12 12:22:00,471.821,153.53395
1995-08-12 12:23:00,335.84299999999996,426.09354
1995-08-12 12:24:00,208.988,309.2289
1995-08-12 12:25:00,411.444,480.41522
1995-08-12 12:26:00,325.695,399.2851
1995-08-12 12:27:00,588.194,431.86856
1995-08-12 12:28:00,436.781,500.6617
1995-08-12 12:29:00,230.959,365.93692
1995-08-12 12:30:00,439.817,548.1041
1995-08-12 12:31:00,186.38799999999998,457.57474
1995-08-12 12:32:00,466.145,423.06235
1995-08-12 12:33:00,283.251,316.63757
1995-08-12 12:34:00,692.74,415.51138
1995-08-12 12:35:00,184.185,392.32776
1995-08-12 12:36:00,377.669,403.22348
1995-08-12 12:37:00,241.04899999999998,441.9736
1995-08-12 12:38:00,201.379,167.6473
1995-08-12 12:39:00,127.06,399.71152
1995-08-12 12:40:00,2335.301,354.20886
1995-08-12 12:41:00,1011.249,299.6466
1995-08-12 12:42:00,156.327,264.88986
1995-08-12 12:43:00,138.283,457.49603
1995-08-12 12:44:00,450.414,299.3364
1995-08-12 12:45:00,1177.843,553.7744
1995-08-12 12:46:00,1931.616,435.53827
1995-08-12 12:47:00,150.358,336.94708
1995-08-12 12:48:00,473.894,578.49713
1995-08-12 12:49:00,1433.2350000000001,479.68417
1995-08-12 12:50:00,163.952,511.9386
1995-08-12 12:51:00,844.3699999999999,473.75906
1995-08-12 12:52:00,1288.632,475.1159
1995-08-12 12:53:00,94.364,374.33548
1995-08-12 12:54:00,1343.4250000000002,501.81076
1995-08-12 12:55:00,562.433,529.29156
1995-08-12 12:56:00,586.142,568.9989
1995-08-12 12:57:00,371.594,400.10284
1995-08-12 12:58:00,432.618,504.02933
1995-08-12 12:59:00,423.99199999999996,468.78384
1995-08-12 13:00:00,552.518,453.79047
1995-08-12 13:01:00,399.009,507.9833
1995-08-12 13:02:00,749.321,532.311
1995-08-12 13:03:00,990.576,433.73123
1995-08-12 13:04:00,1805.7810000000002,522.33685
1995-08-12 13:05:00,976.128,630.5164
1995-08-12 13:06:00,1304.934,700.54504
1995-08-12 13:07:00,385.558,679.73
1995-08-12 13:08:00,506.053,626.8826
1995-08-12 13:09:00,376.701,481.15472
1995-08-12 13:10:00,1047.666,527.61273
1995-08-12 13:11:00,1079.203,553.50995
1995-08-12 13:12:00,430.303,621.06226
1995-08-12 13:13:00,400.091,518.5726
1995-08-12 13:14:00,244.071,560.7217
1995-08-12 13:15:00,1391.8790000000001,584.20465
1995-08-12 13:16:00,1733.565,632.76685
1995-08-12 13:17:00,1008.579,494.04468
1995-08-12 13:18:00,400.59499999999997,541.40936
1995-08-12 13:19:00,521.236,638.85815
1995-08-12 13:20:00,1088.97,683.50476
1995-08-12 13:21:00,767.413,517.9127
1995-08-12 13:22:00,1200.1109999999999,644.6683
1995-08-12 13:23:00,317.311,620.86145
1995-08-12 13:24:00,1087.681,509.64365
1995-08-12 13:25:00,975.558,660.9163
1995-08-12 13:26:00,1127.132,653.9307
1995-08-12 13:27:00,429.253,810.71954
1995-08-12 13:28:00,720.106,793.49084
1995-08-12 13:29:00,1869.801,517.19714
1995-08-12 13:30:00,649.339,745.653
1995-08-12 13:31:00,877.832,776.48254
1995-08-12 13:32:00,900.009,713.1596
1995-08-12 13:33:00,581.636,819.7769
1995-08-12 13:34:00,990.1560000000001,816.2515
1995-08-12 13:35:00,959.2560000000001,763.38416
1995-08-12 13:36:00,663.735,700.82275
1995-08-12 13:37:00,1167.751,703.07526
1995-08-12 13:38:00,870.982,422.4721
1995-08-12 13:39:00,224.357,280.03513
1995-08-12 13:40:00,578.537,542.3708
1995-08-12 13:41:00,328.512,479.3847
1995-08-12 13:42:00,1153.972,429.4176
1995-08-12 13:43:00,329.284,677.9004
1995-08-12 13:44:00,456.706,527.26526
1995-08-12 13:45:00,585.96,587.8879
1995-08-12 13:46:00,262.126,631.67896
1995-08-12 13:47:00,1649.534,409.33032
1995-08-12 13:48:00,336.133,444.20276
1995-08-12 13:49:00,530.148,488.96387
1995-08-12 13:50:00,1261.65,575.41986
1995-08-12 13:51:00,294.46,590.9064
1995-08-12 13:52:00,321.522,531.46484
1995-08-12 13:53:00,56.863,382.58862
1995-08-12 13:54:00,273.573,406.9321
1995-08-12 13:55:00,448.597,356.36646
1995-08-12 13:56:00,553.683,393.24973
1995-08-12 13:57:00,361.111,508.25543
1995-08-12 13:58:00,195.322,387.8002
1995-08-12 13:59:00,386.74,545.6341
1995-08-12 14:00:00,509.809,483.55057
1995-08-12 14:01:00,347.12,443.3489
1995-08-12 14:02:00,621.61,412.33313
1995-08-12 14:03:00,581.072,479.03366
1995-08-12 14:04:00,473.837,443.3792
1995-08-12 14:05:00,452.318,472.3621
1995-08-12 14:06:00,1318.925,401.63126
1995-08-12 14:07:00,822.9040000000001,514.96893
1995-08-12 14:08:00,423.65,530.60504
1995-08-12 14:09:00,386.129,577.2065
1995-08-12 14:10:00,743.505,621.08923
1995-08-12 14:11:00,1394.939,530.4304
1995-08-12 14:12:00,705.115,620.1952
1995-08-12 14:13:00,566.587,551.678
1995-08-12 14:14:00,678.13,726.17395
1995-08-12 14:15:00,493.154,503.96097
1995-08-12 14:16:00,379.992,527.7312
1995-08-12 14:17:00,426.378,453.707
1995-08-12 14:18:00,253.808,401.29886
1995-08-12 14:19:00,210.161,431.66632
1995-08-12 14:20:00,668.311,477.3191
1995-08-12 14:21:00,1559.6169999999997,415.16275
1995-08-12 14:22:00,1754.6239999999998,458.4934
1995-08-12 14:23:00,509.201,429.1484
1995-08-12 14:24:00,1411.111,389.2365
1995-08-12 14:25:00,180.155,564.22614
1995-08-12 14:26:00,550.669,557.7287
1995-08-12 14:27:00,478.924,594.70166
1995-08-12 14:28:00,252.23,527.05597
1995-08-12 14:29:00,1842.8980000000001,482.88907
1995-08-12 14:30:00,310.484,442.39752
1995-08-12 14:31:00,401.73400000000004,465.6477
1995-08-12 14:32:00,143.885,228.31897
1995-08-12 14:33:00,420.60699999999997,393.7962
1995-08-12 14:34:00,640.3,553.5967
1995-08-12 14:35:00,506.165,439.82474
1995-08-12 14:36:00,232.488,408.451
1995-08-12 14:37:00,117.753,464.7021
1995-08-12 14:38:00,236.438,340.60965
1995-08-12 14:39:00,162.887,348.1828
1995-08-12 14:40:00,264.922,420.5523
1995-08-12 14:41:00,123.83,355.4264
1995-08-12 14:42:00,238.814,410.9483
1995-08-12 14:43:00,213.42899999999997,428.57245
1995-08-12 14:44:00,214.262,307.25446
1995-08-12 14:45:00,1164.636,493.4254
1995-08-12 14:46:00,177.091,310.8534
1995-08-12 14:47:00,325.453,508.74496
1995-08-12 14:48:00,167.91,366.7688
1995-08-12 14:49:00,225.672,358.48883
1995-08-12 14:50:00,286.783,359.10956
1995-08-12 14:51:00,339.942,404.97183
1995-08-12 14:52:00,466.534,413.24527
1995-08-12 14:53:00,560.16,456.52396
1995-08-12 14:54:00,1075.172,396.39606
1995-08-12 14:55:00,257.239,366.52548
1995-08-12 14:56:00,540.54,341.48633
1995-08-12 14:57:00,1470.96,540.5865
1995-08-12 14:58:00,252.66899999999998,450.16885
1995-08-12 14:59:00,147.157,360.1706
1995-08-12 15:00:00,540.5429999999999,295.21594
1995-08-12 15:01:00,335.875,474.35236
1995-08-12 15:02:00,151.603,390.41113
1995-08-12 15:03:00,176.172,317.37512
1995-08-12 15:04:00,113.125,266.3496
1995-08-12 15:05:00,467.93699999999995,401.09
1995-08-12 15:06:00,523.219,452.76242
1995-08-12 15:07:00,1966.4830000000002,460.21725
1995-08-12 15:08:00,430.51,439.57886
1995-08-12 15:09:00,1338.708,414.92966
1995-08-12 15:10:00,712.672,841.6573
1995-08-12 15:11:00,918.5,744.17413
1995-08-12 15:12:00,1988.922,582.93024
1995-08-12 15:13:00,1648.715,436.20383
1995-08-12 15:14:00,301.21999999999997,351.6265
1995-08-12 15:15:00,744.816,543.9154
1995-08-12 15:16:00,1927.5120000000002,609.98706
1995-08-12 15:17:00,483.865,505.79932
1995-08-12 15:18:00,1189.271,622.0787
1995-08-12 15:19:00,1500.034,794.22577
1995-08-12 15:20:00,850.355,602.9575
1995-08-12 15:21:00,923.7779999999999,772.96704
1995-08-12 15:22:00,428.496,755.76886
1995-08-12 15:23:00,653.59,695.7627
1995-08-12 15:24:00,783.862,594.0507
1995-08-12 15:25:00,106.64,476.41083
1995-08-12 15:26:00,160.285,334.0207
1995-08-12 15:27:00,393.433,499.63034
1995-08-12 15:28:00,418.31600000000003,336.4426
1995-08-12 15:29:00,301.404,642.5296
1995-08-12 15:30:00,197.101,572.18207
1995-08-12 15:31:00,1548.461,433.69373
1995-08-12 15:32:00,499.173,454.06207
1995-08-12 15:33:00,327.34,619.21704
1995-08-12 15:34:00,351.255,454.92477
1995-08-12 15:35:00,652.722,417.15073
1995-08-12 15:36:00,225.844,494.24112
1995-08-12 15:37:00,581.317,542.8646
1995-08-12 15:38:00,307.742,362.128
1995-08-12 15:39:00,325.517,475.9228
1995-08-12 15:40:00,845.4580000000001,724.2438
1995-08-12 15:41:00,609.214,606.8872
1995-08-12 15:42:00,319.064,548.2047
1995-08-12 15:43:00,309.054,551.92914
1995-08-12 15:44:00,659.697,584.11926
1995-08-12 15:45:00,384.542,707.55365
1995-08-12 15:46:00,1062.338,806.46686
1995-08-12 15:47:00,846.494,685.927
1995-08-12 15:48:00,499.2,780.3746
1995-08-12 15:49:00,834.104,559.93823
1995-08-12 15:50:00,954.15,733.46375
1995-08-12 15:51:00,363.832,675.95276
1995-08-12 15:52:00,429.665,573.0412
1995-08-12 15:53:00,502.843,423.6852
1995-08-12 15:54:00,512.744,626.05835
1995-08-12 15:55:00,1318.439,542.95276
1995-08-12 15:56:00,2296.788,564.1275
1995-08-12 15:57:00,231.851,634.0134
1995-08-12 15:58:00,288.348,542.2742
1995-08-12 15:59:00,152.087,539.03326
1995-08-12 16:00:00,281.18100000000004,554.3832
1995-08-12 16:01:00,726.121,679.54724
1995-08-12 16:02:00,229.92700000000002,450.3606
1995-08-12 16:03:00,257.743,512.32227
1995-08-12 16:04:00,1770.8290000000002,609.8423
1995-08-12 16:05:00,695.207,708.8597
1995-08-12 16:06:00,577.804,626.74164
1995-08-12 16:07:00,562.827,591.6497
1995-08-12 16:08:00,290.803,400.96942
1995-08-12 16:09:00,233.36599999999999,527.2584
1995-08-12 16:10:00,644.543,650.1082
1995-08-12 16:11:00,727.069,643.80774
1995-08-12 16:12:00,556.599,703.92145
1995-08-12 16:13:00,1179.355,662.2692
1995-08-12 16:14:00,1042.308,620.5754
1995-08-12 16:15:00,935.9849999999999,438.943
1995-08-12 16:16:00,190.141,711.25275
1995-08-12 16:17:00,69.428,539.36914
1995-08-12 16:18:00,1580.539,466.58765
1995-08-12 16:19:00,276.63599999999997,430.03583
1995-08-12 16:20:00,679.535,532.26215
1995-08-12 16:21:00,503.187,635.0614
1995-08-12 16:22:00,625.071,472.78616
1995-08-12 16:23:00,505.696,547.2452
1995-08-12 16:24:00,2206.7690000000002,610.72107
1995-08-12 16:25:00,1593.417,663.5526
1995-08-12 16:26:00,1821.9060000000002,627.0641
1995-08-12 16:27:00,1333.9350000000002,684.89075
1995-08-12 16:28:00,481.84,805.8568
1995-08-12 16:29:00,289.42,687.7861
1995-08-12 16:30:00,239.654,579.3225
1995-08-12 16:31:00,341.356,610.1858
1995-08-12 16:32:00,264.11899999999997,718.18475
1995-08-12 16:33:00,1950.158,422.9914
1995-08-12 16:34:00,1639.024,419.4813
1995-08-12 16:35:00,401.16900000000004,523.38196
1995-08-12 16:36:00,850.39,630.754
1995-08-12 16:37:00,1438.723,830.1734
1995-08-12 16:38:00,1189.684,963.3702
1995-08-12 16:39:00,407.928,947.65466
1995-08-12 16:40:00,719.14,702.6604
1995-08-12 16:41:00,449.804,435.12714
1995-08-12 16:42:00,1030.839,567.63885
1995-08-12 16:43:00,950.809,825.2422
1995-08-12 16:44:00,1101.814,718.68085
1995-08-12 16:45:00,1044.849,611.52466
1995-08-12 16:46:00,340.322,330.53595
1995-08-12 16:47:00,882.618,464.2475
1995-08-12 16:48:00,48.632,336.1502
1995-08-12 16:49:00,293.45799999999997,637.65564
1995-08-12 16:50:00,735.3,505.68863
1995-08-12 16:51:00,197.81699999999998,434.62436
1995-08-12 16:52:00,516.8670000000001,341.86786
1995-08-12 16:53:00,626.2729999999999,131.81175
1995-08-12 16:54:00,277.203,395.80432
1995-08-12 16:55:00,1230.581,612.6891
1995-08-12 16:56:00,427.491,420.15167
1995-08-12 16:57:00,1348.469,386.02356
1995-08-12 16:58:00,1215.4229999999998,559.7072
1995-08-12 16:59:00,865.111,596.08716
1995-08-12 17:00:00,805.594,623.91064
1995-08-12 17:01:00,316.62899999999996,514.2525
1995-08-12 17:02:00,733.1909999999999,484.42822
1995-08-12 17:03:00,1404.558,678.12415
1995-08-12 17:04:00,1386.0610000000001,604.1282
1995-08-12 17:05:00,1370.1000000000001,658.2914
1995-08-12 17:06:00,669.435,706.87756
1995-08-12 17:07:00,787.1,543.578
1995-08-12 17:08:00,1046.782,385.14355
1995-08-12 17:09:00,480.985,510.6998
1995-08-12 17:10:00,1548.184,653.1355
1995-08-12 17:11:00,169.0,629.09937
1995-08-12 17:12:00,634.934,606.11755
1995-08-12 17:13:00,284.478,620.4595
1995-08-12 17:14:00,246.465,521.6999
1995-08-12 17:15:00,259.447,434.67276
1995-08-12 17:16:00,205.839,516.0837
1995-08-12 17:17:00,242.721,415.12366
1995-08-12 17:18:00,398.12000000000006,291.7518
1995-08-12 17:19:00,204.296,464.4179
1995-08-12 17:20:00,464.121,568.9576
1995-08-12 17:21:00,1134.918,536.5322
1995-08-12 17:22:00,880.192,483.79532
1995-08-12 17:23:00,672.655,647.2705
1995-08-12 17:24:00,1067.539,731.56903
1995-08-12 17:25:00,304.777,567.6082
1995-08-12 17:26:00,338.04200000000003,563.50995
1995-08-12 17:27:00,1668.399,455.04196
1995-08-12 17:28:00,546.2679999999999,434.5307
1995-08-12 17:29:00,316.40500000000003,614.9262
1995-08-12 17:30:00,1309.721,442.29202
1995-08-12 17:31:00,991.737,627.1863
1995-08-12 17:32:00,387.517,508.91904
1995-08-12 17:33:00,577.96,586.03357
1995-08-12 17:34:00,1696.3229999999999,744.8293
1995-08-12 17:35:00,716.45,680.31744
1995-08-12 17:36:00,1173.491,773.2623
1995-08-12 17:37:00,738.921,715.9458
1995-08-12 17:38:00,1047.907,707.24286
1995-08-12 17:39:00,312.06,876.81323
1995-08-12 17:40:00,1662.745,679.95135
1995-08-12 17:41:00,574.69,863.2316
1995-08-12 17:42:00,774.6070000000001,725.3786
1995-08-12 17:43:00,840.4390000000001,828.4424
1995-08-12 17:44:00,1235.8509999999999,1021.2705
1995-08-12 17:45:00,528.365,1067.9218
1995-08-12 17:46:00,537.958,895.63324
1995-08-12 17:47:00,398.567,679.1187
1995-08-12 17:48:00,801.188,726.3289
1995-08-12 17:49:00,518.827,620.94714
1995-08-12 17:50:00,1076.459,896.05707
1995-08-12 17:51:00,2733.908,646.84125
1995-08-12 17:52:00,292.609,633.2276
1995-08-12 17:53:00,103.682,606.3987
1995-08-12 17:54:00,352.368,667.91736
1995-08-12 17:55:00,188.49599999999998,495.21548
1995-08-12 17:56:00,133.102,350.209
1995-08-12 17:57:00,399.956,617.0819
1995-08-12 17:58:00,430.851,555.5815
1995-08-12 17:59:00,789.1500000000001,541.34186
1995-08-12 18:00:00,2273.298,376.20557
1995-08-12 18:01:00,361.00199999999995,491.89346
1995-08-12 18:02:00,1369.541,637.87067
1995-08-12 18:03:00,388.34499999999997,465.80283
1995-08-12 18:04:00,420.398,866.9137
1995-08-12 18:05:00,480.4,673.18463
1995-08-12 18:06:00,372.577,561.29895
1995-08-12 18:07:00,392.159,501.1356
1995-08-12 18:08:00,348.818,514.4341
1995-08-12 18:09:00,290.265,338.41605
1995-08-12 18:10:00,160.923,317.1094
1995-08-12 18:11:00,1211.967,365.17505
1995-08-12 18:12:00,568.126,523.3885
1995-08-12 18:13:00,371.04699999999997,601.44464
1995-08-12 18:14:00,446.183,525.4728
1995-08-12 18:15:00,442.273,563.76196
1995-08-12 18:16:00,695.779,539.51965
1995-08-12 18:17:00,490.033,674.22736
1995-08-12 18:18:00,1259.719,639.13464
1995-08-12 18:19:00,591.61,435.28604
1995-08-12 18:20:00,1379.716,627.3046
1995-08-12 18:21:00,720.967,641.54047
1995-08-12 18:22:00,848.831,729.5779
1995-08-12 18:23:00,262.023,520.79767
1995-08-12 18:24:00,250.414,513.4828
1995-08-12 18:25:00,239.089,463.4221
1995-08-12 18:26:00,1247.3799999999999,469.934
1995-08-12 18:27:00,710.252,611.4972
1995-08-12 18:28:00,1076.369,586.937
1995-08-12 18:29:00,870.682,759.52203
1995-08-12 18:30:00,598.443,530.17377
1995-08-12 18:31:00,461.11899999999997,627.6801
1995-08-12 18:32:00,990.679,584.7278
1995-08-12 18:33:00,1431.0819999999999,611.9968
1995-08-12 18:34:00,954.566,619.9494
1995-08-12 18:35:00,619.652,580.0461
1995-08-12 18:36:00,474.515,648.0366
1995-08-12 18:37:00,337.445,488.6133
1995-08-12 18:38:00,290.239,443.27072
1995-08-12 18:39:00,282.757,433.98566
1995-08-12 18:40:00,128.815,411.42865
1995-08-12 18:41:00,967.394,508.51486
1995-08-12 18:42:00,1127.296,625.5168
1995-08-12 18:43:00,762.237,494.06476
1995-08-12 18:44:00,538.545,510.7469
1995-08-12 18:45:00,2152.861,694.94684
1995-08-12 18:46:00,324.557,511.75055
1995-08-12 18:47:00,583.325,598.64825
1995-08-12 18:48:00,213.688,405.66913
1995-08-12 18:49:00,61.705999999999996,422.6458
1995-08-12 18:50:00,389.794,387.34238
1995-08-12 18:51:00,357.288,392.55063
1995-08-12 18:52:00,406.0,522.5917
1995-08-12 18:53:00,362.897,453.26813
1995-08-12 18:54:00,449.48,480.50797
1995-08-12 18:55:00,495.39799999999997,597.60205
1995-08-12 18:56:00,508.936,485.3144
1995-08-12 18:57:00,563.05,545.0414
1995-08-12 18:58:00,594.1510000000001,412.62137
1995-08-12 18:59:00,405.719,456.9847
1995-08-12 19:00:00,305.95,531.1054
1995-08-12 19:01:00,276.469,393.6684
1995-08-12 19:02:00,355.037,562.8089
1995-08-12 19:03:00,268.097,225.28438
1995-08-12 19:04:00,370.512,401.86304
1995-08-12 19:05:00,104.61099999999999,246.62717
1995-08-12 19:06:00,555.122,479.57465
1995-08-12 19:07:00,453.471,468.4455
1995-08-12 19:08:00,168.396,356.61603
1995-08-12 19:09:00,372.62,350.21805
1995-08-12 19:10:00,302.586,510.58856
1995-08-12 19:11:00,498.217,551.3444
1995-08-12 19:12:00,502.51099999999997,609.2024
1995-08-12 19:13:00,1248.664,426.70145
1995-08-12 19:14:00,796.0409999999999,593.3582
1995-08-12 19:15:00,431.845,582.5639
1995-08-12 19:16:00,861.377,434.33054
1995-08-12 19:17:00,1269.236,273.6284
1995-08-12 19:18:00,787.891,438.6779
1995-08-12 19:19:00,301.894,409.19418
1995-08-12 19:20:00,287.32800000000003,367.5799
1995-08-12 19:21:00,258.861,530.169
1995-08-12 19:22:00,789.196,560.4491
1995-08-12 19:23:00,326.548,394.89978
1995-08-12 19:24:00,282.565,442.07944
1995-08-12 19:25:00,197.686,340.6929
1995-08-12 19:26:00,284.858,263.60382
1995-08-12 19:27:00,454.05400000000003,327.84958
1995-08-12 19:28:00,658.465,307.44073
1995-08-12 19:29:00,317.746,463.80447
1995-08-12 19:30:00,694.846,434.4441
1995-08-12 19:31:00,640.925,453.52142
1995-08-12 19:32:00,1009.2310000000001,488.4163
1995-08-12 19:33:00,686.729,489.9234
1995-08-12 19:34:00,160.785,385.85236
1995-08-12 19:35:00,517.033,408.676
1995-08-12 19:36:00,696.962,534.41284
1995-08-12 19:37:00,1025.9569999999999,446.94162
1995-08-12 19:38:00,532.312,501.3794
1995-08-12 19:39:00,238.124,742.92084
1995-08-12 19:40:00,193.317,387.00366
1995-08-12 19:41:00,401.207,504.2878
1995-08-12 19:42:00,72.801,410.0357
1995-08-12 19:43:00,462.934,392.91278
1995-08-12 19:44:00,96.364,306.69214
1995-08-12 19:45:00,302.781,382.64056
1995-08-12 19:46:00,211.75199999999998,384.55643
1995-08-12 19:47:00,435.565,503.26462
1995-08-12 19:48:00,480.602,428.06842
1995-08-12 19:49:00,361.789,488.02695
1995-08-12 19:50:00,535.563,492.10294
1995-08-12 19:51:00,249.45600000000002,536.36566
1995-08-12 19:52:00,212.05499999999998,438.72946
1995-08-12 19:53:00,331.205,530.97095
1995-08-12 19:54:00,280.79999999999995,408.3134
1995-08-12 19:55:00,250.587,428.5794
1995-08-12 19:56:00,569.227,519.02563
1995-08-12 19:57:00,682.409,410.13412
1995-08-12 19:58:00,141.025,434.96182
1995-08-12 19:59:00,1103.962,551.4611
1995-08-12 20:00:00,357.255,558.0133
1995-08-12 20:01:00,351.484,564.47797
1995-08-12 20:02:00,674.741,425.84372
1995-08-12 20:03:00,401.187,359.18323
1995-08-12 20:04:00,160.73600000000002,281.2504
1995-08-12 20:05:00,515.654,499.89087
1995-08-12 20:06:00,359.184,585.5716
1995-08-12 20:07:00,339.61199999999997,551.17114
1995-08-12 20:08:00,762.302,528.10016
1995-08-12 20:09:00,554.684,571.7862
1995-08-12 20:10:00,443.517,361.19296
1995-08-12 20:11:00,399.62800000000004,348.29288
1995-08-12 20:12:00,149.563,303.9348
1995-08-12 20:13:00,746.8389999999999,590.0219
1995-08-12 20:14:00,275.663,385.8863
1995-08-12 20:15:00,434.916,406.9152
1995-08-12 20:16:00,890.678,318.8569
1995-08-12 20:17:00,597.4839999999999,437.54303
1995-08-12 20:18:00,420.149,629.64014
1995-08-12 20:19:00,802.51,463.78275
1995-08-12 20:20:00,620.776,635.09174
1995-08-12 20:21:00,207.641,450.82333
1995-08-12 20:22:00,363.631,450.27408
1995-08-12 20:23:00,736.769,569.74225
1995-08-12 20:24:00,875.816,736.7741
1995-08-12 20:25:00,685.626,483.09656
1995-08-12 20:26:00,101.99600000000001,383.0491
1995-08-12 20:27:00,421.351,377.9964
1995-08-12 20:28:00,616.11,425.94733
1995-08-12 20:29:00,567.206,628.12604
1995-08-12 20:30:00,191.312,515.9905
1995-08-12 20:31:00,1118.019,410.56055
1995-08-12 20:32:00,1644.3990000000001,601.37164
1995-08-12 20:33:00,1072.609,567.0348
1995-08-12 20:34:00,375.032,483.08545
1995-08-12 20:35:00,504.02,606.6742
1995-08-12 20:36:00,268.296,602.8392
1995-08-12 20:37:00,290.625,612.2322
1995-08-12 20:38:00,3000.3700000000003,657.9331
1995-08-12 20:39:00,255.898,581.2942
1995-08-12 20:40:00,314.724,522.50507
1995-08-12 20:41:00,1440.732,698.377
1995-08-12 20:42:00,375.772,514.083
1995-08-12 20:43:00,1225.183,479.7399
1995-08-12 20:44:00,1229.708,425.5324
1995-08-12 20:45:00,511.027,569.0049
1995-08-12 20:46:00,291.382,647.42505
1995-08-12 20:47:00,137.414,352.39978
1995-08-12 20:48:00,313.501,467.08603
1995-08-12 20:49:00,339.181,400.13803
1995-08-12 20:50:00,288.322,386.551
1995-08-12 20:51:00,973.042,314.3112
1995-08-12 20:52:00,197.649,340.44662
1995-08-12 20:53:00,423.046,488.78168
1995-08-12 20:54:00,462.867,529.49695
1995-08-12 20:55:00,357.926,557.46765
1995-08-12 20:56:00,552.644,520.39374
1995-08-12 20:57:00,900.8430000000001,569.1952
1995-08-12 20:58:00,666.091,533.0882
1995-08-12 20:59:00,415.47999999999996,639.8297
1995-08-12 21:00:00,348.783,527.50256
1995-08-12 21:01:00,245.18099999999998,459.53796
1995-08-12 21:02:00,963.087,568.17975
1995-08-12 21:03:00,1501.324,417.0341
1995-08-12 21:04:00,760.795,519.7899
1995-08-12 21:05:00,503.19599999999997,427.22714
1995-08-12 21:06:00,486.716,445.55368
1995-08-12 21:07:00,18.482,219.91722
1995-08-12 21:08:00,815.504,397.6285
1995-08-12 21:09:00,192.73600000000002,379.63763
1995-08-12 21:10:00,909.864,222.94421
1995-08-12 21:11:00,539.591,494.7985
1995-08-12 21:12:00,219.133,520.0286
1995-08-12 21:13:00,1531.981,327.35318
1995-08-12 21:14:00,434.548,544.7423
1995-08-12 21:15:00,240.08100000000002,446.81262
1995-08-12 21:16:00,141.954,343.20126
1995-08-12 21:17:00,408.074,348.0731
1995-08-12 21:18:00,615.692,460.13257
1995-08-12 21:19:00,542.815,510.23984
1995-08-12 21:20:00,613.401,492.7643
1995-08-12 21:21:00,327.644,532.7234
1995-08-12 21:22:00,469.192,476.17072
1995-08-12 21:23:00,350.199,653.3099
1995-08-12 21:24:00,518.345,633.23724
1995-08-12 21:25:00,441.088,519.675
1995-08-12 21:26:00,443.73,481.3909
1995-08-12 21:27:00,215.86,406.09808
1995-08-12 21:28:00,516.54,548.6356
1995-08-12 21:29:00,1302.1209999999999,489.43674
1995-08-12 21:30:00,199.37900000000002,444.09726
1995-08-12 21:31:00,281.81399999999996,362.57187
1995-08-12 21:32:00,523.893,422.61307
1995-08-12 21:33:00,519.269,503.25476
1995-08-12 21:34:00,470.19100000000003,533.9655
1995-08-12 21:35:00,443.942,711.3903
1995-08-12 21:36:00,1770.498,692.5289
1995-08-12 21:37:00,307.948,570.5906
1995-08-12 21:38:00,375.19,519.1732
1995-08-12 21:39:00,349.688,601.7328
1995-08-12 21:40:00,302.549,578.1043
1995-08-12 21:41:00,494.081,582.03906
1995-08-12 21:42:00,703.322,397.9982
1995-08-12 21:43:00,1391.403,272.00363
1995-08-12 21:44:00,233.864,325.9059
1995-08-12 21:45:00,365.908,556.5571
1995-08-12 21:46:00,442.416,422.7072
1995-08-12 21:47:00,844.1999999999999,514.9997
1995-08-12 21:48:00,350.64,363.39404
1995-08-12 21:49:00,987.495,372.09055
1995-08-12 21:50:00,165.304,442.9969
1995-08-12 21:51:00,104.44,518.8082
1995-08-12 21:52:00,204.952,359.37085
1995-08-12 21:53:00,598.236,444.26962
1995-08-12 21:54:00,533.6560000000001,309.6342
1995-08-12 21:55:00,204.042,314.6319
1995-08-12 21:56:00,1224.559,317.5376
1995-08-12 21:57:00,280.305,307.66406
1995-08-12 21:58:00,478.664,517.41785
1995-08-12 21:59:00,156.578,407.1979
1995-08-12 22:00:00,735.2379999999999,530.3458
1995-08-12 22:01:00,282.183,365.6209
1995-08-12 22:02:00,178.401,406.1903
1995-08-12 22:03:00,411.175,310.2881
1995-08-12 22:04:00,591.306,353.14777
1995-08-12 22:05:00,248.296,421.72162
1995-08-12 22:06:00,1342.824,406.1973
1995-08-12 22:07:00,915.385,298.25638
1995-08-12 22:08:00,305.057,562.0263
1995-08-12 22:09:00,289.755,444.20807
1995-08-12 22:10:00,315.599,542.118
1995-08-12 22:11:00,319.591,557.1317
1995-08-12 22:12:00,319.577,372.0795
1995-08-12 22:13:00,487.744,442.399
1995-08-12 22:14:00,284.627,568.94214
1995-08-12 22:15:00,424.186,584.7239
1995-08-12 22:16:00,298.93,543.5302
1995-08-12 22:17:00,647.239,535.20667
1995-08-12 22:18:00,804.729,614.58093
1995-08-12 22:19:00,584.357,505.85297
1995-08-12 22:20:00,1966.247,499.1033
1995-08-12 22:21:00,362.377,616.55896
1995-08-12 22:22:00,561.987,797.07367
1995-08-12 22:23:00,211.739,489.44937
1995-08-12 22:24:00,2082.985,695.5202
1995-08-12 22:25:00,438.42199999999997,626.0724
1995-08-12 22:26:00,274.278,759.90796
1995-08-12 22:27:00,248.304,486.9578
1995-08-12 22:28:00,212.966,449.2222
1995-08-12 22:29:00,396.212,603.8685
1995-08-12 22:30:00,514.394,411.22125
1995-08-12 22:31:00,479.449,466.7047
1995-08-12 22:32:00,876.9369999999999,497.4159
1995-08-12 22:33:00,966.836,590.84143
1995-08-12 22:34:00,314.293,606.516
1995-08-12 22:35:00,415.347,471.25287
1995-08-12 22:36:00,339.437,463.61057
1995-08-12 22:37:00,497.88800000000003,433.31396
1995-08-12 22:38:00,1376.0,632.81854
1995-08-12 22:39:00,854.9689999999999,571.70264
1995-08-12 22:40:00,973.226,691.49524
1995-08-12 22:41:00,962.439,1034.2804
1995-08-12 22:42:00,759.847,710.718
1995-08-12 22:43:00,454.848,390.45593
1995-08-12 22:44:00,1354.6370000000002,718.26746
1995-08-12 22:45:00,870.635,811.5231
1995-08-12 22:46:00,2287.335,861.2616
1995-08-12 22:47:00,451.289,802.8346
1995-08-12 22:48:00,1879.152,635.9473
1995-08-12 22:49:00,737.939,886.68854
1995-08-12 22:50:00,2392.839,1029.8475
1995-08-12 22:51:00,602.78,862.7356
1995-08-12 22:52:00,334.228,600.3738
1995-08-12 22:53:00,2945.764,671.3544
1995-08-12 22:54:00,833.8729999999999,1025.6735
1995-08-12 22:55:00,520.702,711.621
1995-08-12 22:56:00,1915.279,707.8145
1995-08-12 22:57:00,1074.161,634.67847
1995-08-12 22:58:00,777.2710000000001,1017.6974
1995-08-12 22:59:00,674.877,797.7014
1995-08-12 23:00:00,514.125,605.1468
1995-08-12 23:01:00,725.591,739.29553
1995-08-12 23:02:00,759.576,834.65326
1995-08-12 23:03:00,457.959,741.7519
1995-08-12 23:04:00,375.552,704.6324
1995-08-12 23:05:00,513.44,380.89862
1995-08-12 23:06:00,1545.155,743.34204
1995-08-12 23:07:00,347.568,554.7106
1995-08-12 23:08:00,170.93699999999998,455.2027
1995-08-12 23:09:00,833.119,385.44104
1995-08-12 23:10:00,131.277,580.219
1995-08-12 23:11:00,406.47299999999996,390.97855
1995-08-12 23:12:00,362.762,347.8922
1995-08-12 23:13:00,590.142,429.86835
1995-08-12 23:14:00,121.454,277.40793
1995-08-12 23:15:00,672.3439999999999,508.93484
1995-08-12 23:16:00,558.278,517.68536
1995-08-12 23:17:00,364.97499999999997,526.82434
1995-08-12 23:18:00,311.339,444.0964
1995-08-12 23:19:00,478.722,525.2481
1995-08-12 23:20:00,1513.1,537.9999
1995-08-12 23:21:00,933.509,697.95996
1995-08-12 23:22:00,966.201,734.06146
1995-08-12 23:23:00,768.932,794.6771
1995-08-12 23:24:00,881.667,837.9343
1995-08-12 23:25:00,1721.216,809.4749
1995-08-12 23:26:00,2286.244,1186.251
1995-08-12 23:27:00,944.365,1044.4766
1995-08-12 23:28:00,947.838,913.87427
1995-08-12 23:29:00,1113.588,853.6792
1995-08-12 23:30:00,1522.8129999999999,921.4512
1995-08-12 23:31:00,628.93,1178.5658
1995-08-12 23:32:00,1115.635,955.2574
1995-08-12 23:33:00,600.979,841.6372
1995-08-12 23:34:00,751.426,763.72687
1995-08-12 23:35:00,708.102,810.57556
1995-08-12 23:36:00,714.6179999999999,972.8233
1995-08-12 23:37:00,1977.655,756.0829
1995-08-12 23:38:00,1217.547,812.5768
1995-08-12 23:39:00,1477.702,595.611
1995-08-12 23:40:00,325.48900000000003,447.19885
1995-08-12 23:41:00,587.0550000000001,548.1358
1995-08-12 23:42:00,356.448,670.6414
1995-08-12 23:43:00,299.153,535.1778
1995-08-12 23:44:00,586.9359999999999,500.65814
1995-08-12 23:45:00,307.679,410.92847
1995-08-12 23:46:00,612.546,409.48553
1995-08-12 23:47:00,741.881,653.2437
1995-08-12 23:48:00,1348.9080000000001,550.36053
1995-08-12 23:49:00,302.422,440.85214
1995-08-12 23:50:00,428.006,369.3319
1995-08-12 23:51:00,230.52,471.80264
1995-08-12 23:52:00,1431.161,521.56305
1995-08-12 23:53:00,380.66700000000003,398.17215
1995-08-12 23:54:00,202.56799999999998,421.2492
1995-08-12 23:55:00,610.231,574.37524
1995-08-12 23:56:00,1334.784,595.6301
1995-08-12 23:57:00,1909.733,627.45233
1995-08-12 23:58:00,3002.669,665.4979
1995-08-12 23:59:00,626.215,617.15796
1995-08-13 00:00:00,1075.106,1095.4553
1995-08-13 00:01:00,997.741,945.851
1995-08-13 00:02:00,734.821,750.15936
1995-08-13 00:03:00,611.298,730.676
1995-08-13 00:04:00,2227.541,769.1351
1995-08-13 00:05:00,933.831,776.07227
1995-08-13 00:06:00,704.667,910.6978
1995-08-13 00:07:00,800.111,916.48145
1995-08-13 00:08:00,799.9250000000001,683.811
1995-08-13 00:09:00,1812.008,767.8567
1995-08-13 00:10:00,577.05,487.71716
1995-08-13 00:11:00,1070.62,960.6022
1995-08-13 00:12:00,840.729,919.5635
1995-08-13 00:13:00,2373.278,951.38715
1995-08-13 00:14:00,1052.389,891.6854
1995-08-13 00:15:00,911.236,1037.1921
1995-08-13 00:16:00,1650.673,496.18274
1995-08-13 00:17:00,346.276,831.2295
1995-08-13 00:18:00,928.376,909.43536
1995-08-13 00:19:00,411.505,773.32806
1995-08-13 00:20:00,1334.244,913.20526
1995-08-13 00:21:00,3213.984,665.93
1995-08-13 00:22:00,460.653,609.439
1995-08-13 00:23:00,435.565,600.33704
1995-08-13 00:24:00,1629.3410000000001,640.22864
1995-08-13 00:25:00,446.841,677.92694
1995-08-13 00:26:00,404.974,610.65753
1995-08-13 00:27:00,302.401,542.5703
1995-08-13 00:28:00,807.208,600.95935
1995-08-13 00:29:00,1374.422,207.59717
1995-08-13 00:30:00,161.448,370.27963
1995-08-13 00:31:00,195.099,475.99487
1995-08-13 00:32:00,841.8829999999999,515.0462
1995-08-13 00:33:00,457.802,637.5006
1995-08-13 00:34:00,387.443,514.9997
1995-08-13 00:35:00,429.062,561.96295
1995-08-13 00:36:00,416.103,611.0026
1995-08-13 00:37:00,541.456,505.1248
1995-08-13 00:38:00,616.997,659.36145
1995-08-13 00:39:00,1092.517,739.673
1995-08-13 00:40:00,870.1949999999999,586.3508
1995-08-13 00:41:00,1134.257,586.43933
1995-08-13 00:42:00,506.152,677.84863
1995-08-13 00:43:00,892.7570000000001,649.5139
1995-08-13 00:44:00,287.868,364.35602
1995-08-13 00:45:00,303.154,602.59534
1995-08-13 00:46:00,823.193,596.276
1995-08-13 00:47:00,354.94,476.5176
1995-08-13 00:48:00,563.385,512.55634
1995-08-13 00:49:00,1310.434,630.01495
1995-08-13 00:50:00,879.292,559.6158
1995-08-13 00:51:00,555.645,607.0928
1995-08-13 00:52:00,580.804,508.64703
1995-08-13 00:53:00,1262.6560000000002,498.57822
1995-08-13 00:54:00,470.545,595.22595
1995-08-13 00:55:00,302.997,604.68994
1995-08-13 00:56:00,651.116,473.2423
1995-08-13 00:57:00,360.39599999999996,615.9468
1995-08-13 00:58:00,303.93399999999997,478.81766
1995-08-13 00:59:00,424.392,331.8426
1995-08-13 01:00:00,372.442,553.7239
1995-08-13 01:01:00,253.591,444.58887
1995-08-13 01:02:00,124.19,355.78024
1995-08-13 01:03:00,216.62699999999998,350.0128
1995-08-13 01:04:00,1448.846,290.36652
1995-08-13 01:05:00,153.059,274.93237
1995-08-13 01:06:00,408.762,289.1221
1995-08-13 01:07:00,181.196,296.67505
1995-08-13 01:08:00,136.791,290.88937
1995-08-13 01:09:00,392.677,279.21753
1995-08-13 01:10:00,1227.208,286.45123
1995-08-13 01:11:00,48.095,259.3001
1995-08-13 01:12:00,206.743,381.5876
1995-08-13 01:13:00,114.215,315.93826
1995-08-13 01:14:00,106.98,198.59369
1995-08-13 01:15:00,500.262,229.22408
1995-08-13 01:16:00,170.031,369.19806
1995-08-13 01:17:00,101.3,297.0452
1995-08-13 01:18:00,99.89200000000001,174.13237
1995-08-13 01:19:00,1068.4950000000001,297.65222
1995-08-13 01:20:00,315.708,101.37471
1995-08-13 01:21:00,421.994,352.60004
1995-08-13 01:22:00,270.549,406.70596
1995-08-13 01:23:00,1397.059,531.64105
1995-08-13 01:24:00,259.742,530.1482
1995-08-13 01:25:00,113.981,261.65286
1995-08-13 01:26:00,68.011,296.90396
1995-08-13 01:27:00,331.463,329.87405
1995-08-13 01:28:00,574.535,340.83713
1995-08-13 01:29:00,237.337,401.67444
1995-08-13 01:30:00,411.429,359.73068
1995-08-13 01:31:00,134.76,323.0422
1995-08-13 01:32:00,335.888,311.07147
1995-08-13 01:33:00,215.216,218.69675
1995-08-13 01:34:00,1148.391,303.85687
1995-08-13 01:35:00,153.013,275.1406
1995-08-13 01:36:00,237.408,407.85947
1995-08-13 01:37:00,466.66700000000003,362.46857
1995-08-13 01:38:00,231.39,349.93765
1995-08-13 01:39:00,247.78300000000002,329.4518
1995-08-13 01:40:00,80.721,331.30435
1995-08-13 01:41:00,1746.916,382.0516
1995-08-13 01:42:00,451.113,327.14172
1995-08-13 01:43:00,420.85,393.69098
1995-08-13 01:44:00,188.561,246.80293
1995-08-13 01:45:00,126.297,357.14026
1995-08-13 01:46:00,581.418,403.93747
1995-08-13 01:47:00,358.956,363.25488
1995-08-13 01:48:00,108.54999999999998,178.84807
1995-08-13 01:49:00,51.13,174.30675
1995-08-13 01:50:00,25.48,110.7743
1995-08-13 01:51:00,479.983,303.02637
1995-08-13 01:52:00,585.432,359.14392
1995-08-13 01:53:00,623.5219999999999,411.32956
1995-08-13 01:54:00,329.436,415.65558
1995-08-13 01:55:00,270.95799999999997,371.9742
1995-08-13 01:56:00,291.541,386.59406
1995-08-13 01:57:00,347.137,321.89218
1995-08-13 01:58:00,398.981,361.41858
1995-08-13 01:59:00,74.441,323.6313
1995-08-13 02:00:00,256.217,338.50946
1995-08-13 02:01:00,197.548,314.31058
1995-08-13 02:02:00,793.583,467.4236
1995-08-13 02:03:00,113.83800000000001,318.76678
1995-08-13 02:04:00,181.968,363.7951
1995-08-13 02:05:00,1367.662,425.74625
1995-08-13 02:06:00,176.021,422.84726
1995-08-13 02:07:00,114.197,358.4976
1995-08-13 02:08:00,72.447,200.50896
1995-08-13 02:09:00,44.584,110.39217
1995-08-13 02:10:00,0.0,3.0529485
1995-08-13 03:42:00,235.156,146.17403
1995-08-13 03:43:00,196.966,265.10156
1995-08-13 03:44:00,255.786,257.8854
1995-08-13 03:45:00,78.404,199.34172
1995-08-13 03:47:00,79.464,153.54369
1995-08-13 03:48:00,144.894,384.51562
1995-08-13 03:49:00,106.121,192.19362
1995-08-13 03:52:00,34.027,131.37657
1995-08-13 03:53:00,162.297,191.3995
1995-08-13 03:54:00,81.51,80.77793
1995-08-13 03:55:00,453.05,311.80237
1995-08-13 03:56:00,438.41499999999996,318.6395
1995-08-13 03:57:00,195.898,210.40646
1995-08-13 03:58:00,56.015,263.3158
1995-08-13 03:59:00,79.515,217.87665
1995-08-13 04:00:00,39.296,141.01147
1995-08-13 04:01:00,182.196,198.68279
1995-08-13 04:02:00,128.242,198.99104
1995-08-13 04:03:00,249.83,258.26764
1995-08-13 04:04:00,500.64599999999996,169.85255
1995-08-13 04:05:00,445.216,240.46854
1995-08-13 04:06:00,392.665,251.33159
1995-08-13 04:07:00,850.963,255.04163
1995-08-13 04:08:00,462.493,363.15747
1995-08-13 04:09:00,353.94899999999996,232.62811
1995-08-13 04:10:00,1277.0720000000001,354.63934
1995-08-13 04:11:00,373.992,326.2946
1995-08-13 04:12:00,668.0740000000001,482.01028
1995-08-13 04:13:00,475.957,439.11334
1995-08-13 04:14:00,554.771,379.2775
1995-08-13 04:15:00,663.634,455.6604
1995-08-13 04:16:00,483.599,524.8992
1995-08-13 04:17:00,669.472,538.82166
1995-08-13 04:18:00,311.459,303.72522
1995-08-13 04:19:00,826.838,351.76926
1995-08-13 04:20:00,207.20499999999998,188.14478
1995-08-13 04:21:00,749.1959999999999,223.4167
1995-08-13 04:22:00,333.70399999999995,102.20062
1995-08-13 04:23:00,531.247,239.75652
1995-08-13 04:24:00,629.59,292.67834
1995-08-13 04:25:00,327.279,297.26016
1995-08-13 04:26:00,501.346,392.11624
1995-08-13 04:27:00,230.492,400.9219
1995-08-13 04:28:00,97.84,149.10834
1995-08-13 04:29:00,336.375,250.70226
1995-08-13 04:30:00,355.29999999999995,315.04834
1995-08-13 04:31:00,457.902,290.1961
1995-08-13 04:32:00,841.2189999999999,304.87906
1995-08-13 04:33:00,0.0,205.05235
1995-08-13 04:34:00,268.81999999999994,284.09106
1995-08-13 04:35:00,37.035,73.261055
1995-08-13 04:36:00,1137.362,131.95134
1995-08-13 04:37:00,80.708,247.15388
1995-08-13 04:38:00,82.497,299.13123
1995-08-13 04:39:00,149.253,262.25583
1995-08-13 04:40:00,68.894,208.51189
1995-08-13 04:41:00,158.274,246.75615
1995-08-13 04:42:00,105.00699999999999,249.21541
1995-08-13 04:43:00,79.75800000000001,141.03017
1995-08-13 04:44:00,171.73000000000002,248.71527
1995-08-13 04:45:00,4.209,6.4085627
1995-08-13 04:46:00,95.377,172.57826
1995-08-13 04:47:00,173.448,175.57457
1995-08-13 04:48:00,118.549,196.9213
1995-08-13 04:49:00,242.06099999999998,139.75504
1995-08-13 04:50:00,341.701,157.02168
1995-08-13 04:51:00,135.878,235.1548
1995-08-13 04:52:00,520.0740000000001,120.86027
1995-08-13 04:53:00,285.293,194.86446
1995-08-13 04:54:00,184.37,96.995056
1995-08-13 04:55:00,171.631,235.4197
1995-08-13 04:56:00,149.50900000000001,227.16585
1995-08-13 04:57:00,183.392,211.95251
1995-08-13 04:58:00,53.864,101.28839
1995-08-13 04:59:00,84.106,108.23859
1995-08-13 05:00:00,26.217,13.168727
1995-08-13 05:01:00,83.074,99.85633
1995-08-13 05:02:00,186.28699999999998,193.74515
1995-08-13 05:03:00,404.253,173.29404
1995-08-13 05:04:00,564.557,172.31013
1995-08-13 05:05:00,168.887,207.77061
1995-08-13 05:06:00,89.884,252.92775
1995-08-13 05:07:00,195.978,240.71574
1995-08-13 05:08:00,533.856,141.5437
1995-08-13 05:09:00,168.03300000000002,239.77075
1995-08-13 05:10:00,388.053,277.89572
1995-08-13 05:11:00,279.354,248.78125
1995-08-13 05:12:00,320.67900000000003,422.75024
1995-08-13 05:13:00,392.431,312.39972
1995-08-13 05:14:00,484.181,256.76486
1995-08-13 05:15:00,169.37699999999998,231.36855
1995-08-13 05:16:00,272.497,307.96698
1995-08-13 05:17:00,141.095,162.1246
1995-08-13 05:18:00,80.181,289.49185
1995-08-13 05:19:00,267.093,258.6815
1995-08-13 05:20:00,90.038,127.74539
1995-08-13 05:21:00,140.235,105.127266
1995-08-13 05:22:00,608.0409999999999,144.70375
1995-08-13 05:23:00,110.69,134.56465
1995-08-13 05:24:00,433.537,210.31454
1995-08-13 05:25:00,582.3459999999999,304.2719
1995-08-13 05:26:00,191.054,215.04132
1995-08-13 05:27:00,527.6659999999999,308.1531
1995-08-13 05:28:00,586.28,102.589325
1995-08-13 05:29:00,256.077,237.89911
1995-08-13 05:30:00,136.193,199.64459
1995-08-13 05:31:00,293.113,168.53833
1995-08-13 05:32:00,252.594,253.8692
1995-08-13 05:33:00,171.648,266.71906
1995-08-13 05:34:00,83.929,93.93166
1995-08-13 05:35:00,159.225,175.91302
1995-08-13 05:36:00,193.071,147.29417
1995-08-13 05:37:00,319.783,236.91599
1995-08-13 05:38:00,122.70200000000001,94.3394
1995-08-13 05:39:00,301.425,301.56467
1995-08-13 05:40:00,449.342,264.2032
1995-08-13 05:41:00,728.583,203.89807
1995-08-13 05:42:00,230.475,307.67422
1995-08-13 05:43:00,44.448,114.448944
1995-08-13 05:44:00,170.056,138.71921
1995-08-13 05:45:00,317.927,174.0402
1995-08-13 05:46:00,123.73,127.08676
1995-08-13 05:47:00,117.419,132.55917
1995-08-13 05:48:00,1024.521,45.375885
1995-08-13 05:49:00,81.999,200.27608
1995-08-13 05:50:00,204.067,152.16103
1995-08-13 05:51:00,236.132,219.43716
1995-08-13 05:52:00,102.508,244.57678
1995-08-13 05:53:00,193.433,220.04492
1995-08-13 05:54:00,19.218,117.858376
1995-08-13 05:55:00,25.557000000000002,105.96718
1995-08-13 05:56:00,173.406,251.32545
1995-08-13 05:57:00,168.879,201.04872
1995-08-13 05:58:00,0.0,28.985456
1995-08-13 06:24:00,43.18599999999999,44.715427
1995-08-13 06:25:00,0.0,2.9241006
1995-08-13 06:30:00,194.80599999999998,242.80887
1995-08-13 06:32:00,306.135,220.78006
1995-08-13 06:33:00,305.578,90.706154
1995-08-13 06:34:00,128.087,206.94173
1995-08-13 06:35:00,255.525,160.60344
1995-08-13 06:36:00,101.043,135.82635
1995-08-13 06:37:00,323.633,170.12904
1995-08-13 06:38:00,167.401,154.12015
1995-08-13 06:39:00,44.749,196.67079
1995-08-13 06:40:00,206.09099999999998,172.60799
1995-08-13 06:42:00,167.501,150.58807
1995-08-13 06:43:00,269.79,153.75694
1995-08-13 06:44:00,586.523,126.22374
1995-08-13 06:45:00,275.95300000000003,164.37329
1995-08-13 06:46:00,73.023,194.65314
1995-08-13 06:47:00,389.621,187.154
1995-08-13 06:48:00,164.391,231.7993
1995-08-13 06:49:00,250.53300000000002,176.21748
1995-08-13 06:50:00,261.134,210.69133
1995-08-13 06:51:00,110.41699999999999,201.45976
1995-08-13 06:52:00,407.824,139.92165
1995-08-13 06:53:00,56.329,167.7184
1995-08-13 06:54:00,53.687,138.50026
1995-08-13 06:55:00,3.7640000000000002,53.054092
1995-08-13 06:56:00,31.049,102.501335
1995-08-13 06:57:00,39.921,86.77643
1995-08-13 06:58:00,94.31,90.876595
1995-08-13 06:59:00,300.92,88.351326
1995-08-13 07:00:00,130.657,208.92058
1995-08-13 07:01:00,185.682,280.4408
1995-08-13 07:02:00,237.204,171.40857
1995-08-13 07:03:00,159.501,284.85812
1995-08-13 07:04:00,355.286,292.5617
1995-08-13 07:05:00,190.80599999999998,240.1137
1995-08-13 07:06:00,72.502,275.60898
1995-08-13 07:07:00,51.374,271.46133
1995-08-13 07:08:00,176.858,184.3298
1995-08-13 07:09:00,220.293,247.28609
1995-08-13 07:10:00,1000.396,284.92847
1995-08-13 07:11:00,171.288,48.90657
1995-08-13 07:12:00,132.345,322.19702
1995-08-13 07:13:00,51.334,223.38728
1995-08-13 07:14:00,422.24,262.5471
1995-08-13 07:15:00,143.29399999999998,220.21658
1995-08-13 07:16:00,245.81599999999997,283.5641
1995-08-13 07:17:00,158.664,203.33041
1995-08-13 07:18:00,367.317,267.099
1995-08-13 07:19:00,220.77100000000002,245.60649
1995-08-13 07:20:00,275.202,280.97733
1995-08-13 07:21:00,235.004,300.84573
1995-08-13 07:22:00,154.611,308.85944
1995-08-13 07:23:00,103.34100000000001,211.98024
1995-08-13 07:24:00,146.487,138.85725
1995-08-13 07:25:00,252.05599999999998,161.43217
1995-08-13 07:26:00,137.803,189.72862
1995-08-13 07:27:00,149.209,290.40527
1995-08-13 07:28:00,1057.672,261.2999
1995-08-13 07:29:00,200.919,235.14276
1995-08-13 07:30:00,51.865,304.86493
1995-08-13 07:31:00,125.553,310.20544
1995-08-13 07:32:00,201.316,260.88675
1995-08-13 07:33:00,149.015,240.75183
1995-08-13 07:34:00,615.632,342.14346
1995-08-13 07:35:00,778.858,405.85437
1995-08-13 07:36:00,385.177,192.76755
1995-08-13 07:37:00,173.985,245.83861
1995-08-13 07:38:00,130.013,396.01837
1995-08-13 07:39:00,215.42200000000003,163.90422
1995-08-13 07:40:00,84.336,185.93787
1995-08-13 07:41:00,50.22,165.89795
1995-08-13 07:42:00,66.90299999999999,134.99124
1995-08-13 07:43:00,226.891,294.88348
1995-08-13 07:44:00,88.801,245.6987
1995-08-13 07:45:00,123.714,170.34232
1995-08-13 07:46:00,130.666,249.00432
1995-08-13 07:47:00,458.937,248.6411
1995-08-13 07:48:00,37.305,194.74477
1995-08-13 07:49:00,78.18599999999999,165.51614
1995-08-13 07:50:00,232.25799999999998,186.68349
1995-08-13 07:51:00,200.547,196.68135
1995-08-13 07:52:00,136.57399999999998,241.46667
1995-08-13 07:53:00,283.298,218.61441
1995-08-13 07:54:00,327.835,219.93207
1995-08-13 07:55:00,56.05200000000001,23.586285
1995-08-13 07:56:00,31.473,217.11108
1995-08-13 07:57:00,242.462,108.33604
1995-08-13 07:58:00,114.01899999999999,70.95967
1995-08-13 07:59:00,86.379,2.5047197
1995-08-13 08:00:00,34.010999999999996,102.880226
1995-08-13 08:01:00,73.728,0.60725534
1995-08-13 08:02:00,73.728,1.4093869
1995-08-13 08:03:00,190.875,202.80788
1995-08-13 08:04:00,214.453,163.45372
1995-08-13 08:05:00,1245.162,170.06564
1995-08-13 08:06:00,1082.778,211.88419
1995-08-13 08:07:00,349.496,227.76459
1995-08-13 08:08:00,230.719,103.074776
1995-08-13 08:09:00,34.916,174.89053
1995-08-13 08:10:00,260.547,143.1477
1995-08-13 08:11:00,183.051,208.36357
1995-08-13 08:12:00,100.413,99.40169
1995-08-13 08:13:00,25.726,45.639687
1995-08-13 08:14:00,42.679,67.75162
1995-08-13 08:15:00,25.994,87.78993
1995-08-13 08:16:00,20.192,114.101166
1995-08-13 08:17:00,7.917999999999999,99.62705
1995-08-13 08:18:00,64.473,89.615105
1995-08-13 08:19:00,15.049,89.319305
1995-08-13 08:20:00,131.166,0.9564717
1995-08-13 08:21:00,90.292,72.83157
1995-08-13 08:22:00,7.843999999999999,24.852783
1995-08-13 08:23:00,202.02100000000002,20.428255
1995-08-13 08:24:00,190.269,2.1780949
1995-08-13 08:25:00,103.239,62.404945
1995-08-13 08:26:00,26.506999999999998,116.5814
1995-08-13 08:27:00,179.407,82.93773
1995-08-13 08:28:00,10.044,58.113266
1995-08-13 08:29:00,128.768,116.82498
1995-08-13 08:30:00,357.181,185.19157
1995-08-13 08:31:00,226.00599999999997,217.96173
1995-08-13 08:32:00,637.088,117.45089
1995-08-13 08:33:00,736.8499999999999,24.97272
1995-08-13 08:34:00,648.3169999999999,224.18527
1995-08-13 08:35:00,2267.317,252.44014
1995-08-13 08:36:00,203.216,179.10579
1995-08-13 08:37:00,156.667,273.44043
1995-08-13 08:38:00,155.433,247.20004
1995-08-13 08:39:00,6.759,56.65449
1995-08-13 08:40:00,78.589,114.42759
1995-08-13 08:41:00,74.339,69.5221
1995-08-13 08:42:00,23.121,100.46001
1995-08-13 08:43:00,1.266,42.980873
1995-08-13 08:44:00,9.672,30.224941
1995-08-13 08:45:00,298.131,94.87192
1995-08-13 08:46:00,160.705,232.11377
1995-08-13 08:47:00,213.285,224.1784
1995-08-13 08:48:00,288.351,261.66162
1995-08-13 08:49:00,1207.9750000000001,61.490826
1995-08-13 08:50:00,131.576,319.66492
1995-08-13 08:51:00,59.801,272.95078
1995-08-13 08:52:00,239.711,267.66168
1995-08-13 08:53:00,109.955,237.50983
1995-08-13 08:54:00,176.983,214.23775
1995-08-13 08:55:00,40.935,152.3318
1995-08-13 08:56:00,394.681,214.38036
1995-08-13 08:57:00,192.572,220.1529
1995-08-13 08:58:00,103.90899999999999,252.33514
1995-08-13 08:59:00,706.597,186.31647
1995-08-13 09:00:00,148.764,289.213
1995-08-13 09:01:00,124.334,227.69543
1995-08-13 09:02:00,218.428,274.11243
1995-08-13 09:03:00,209.387,387.73145
1995-08-13 09:04:00,527.239,422.96793
1995-08-13 09:05:00,273.645,335.45895
1995-08-13 09:06:00,84.695,375.85373
1995-08-13 09:07:00,223.615,241.29747
1995-08-13 09:08:00,116.35900000000001,235.30699
1995-08-13 09:09:00,197.692,336.24185
1995-08-13 09:10:00,497.509,215.42726
1995-08-13 09:11:00,342.657,364.21823
1995-08-13 09:12:00,211.878,287.28125
1995-08-13 09:13:00,521.429,272.71625
1995-08-13 09:14:00,269.70099999999996,256.23602
1995-08-13 09:15:00,93.703,219.595
1995-08-13 09:16:00,286.92,234.99821
1995-08-13 09:17:00,45.195,217.0437
1995-08-13 09:18:00,146.41899999999998,402.86282
1995-08-13 09:19:00,207.721,249.75708
1995-08-13 09:20:00,533.634,457.59006
1995-08-13 09:21:00,568.279,261.67615
1995-08-13 09:22:00,299.495,364.25916
1995-08-13 09:23:00,226.82999999999998,320.79535
1995-08-13 09:24:00,364.781,354.56573
1995-08-13 09:25:00,315.325,368.83197
1995-08-13 09:26:00,331.84299999999996,313.45145
1995-08-13 09:27:00,114.298,300.49405
1995-08-13 09:28:00,153.508,332.30316
1995-08-13 09:29:00,168.947,269.25043
1995-08-13 09:30:00,175.05700000000002,335.71866
1995-08-13 09:31:00,698.557,340.55884
1995-08-13 09:32:00,89.898,252.08388
1995-08-13 09:33:00,18.096,210.16275
1995-08-13 09:34:00,1623.698,117.938484
1995-08-13 09:35:00,73.70400000000001,124.59012
1995-08-13 09:36:00,153.571,288.9198
1995-08-13 09:37:00,126.337,314.2315
1995-08-13 09:38:00,140.376,290.845
1995-08-13 09:39:00,603.006,70.0662
1995-08-13 09:40:00,196.585,230.4613
1995-08-13 09:41:00,130.873,166.5602
1995-08-13 09:42:00,187.567,385.86322
1995-08-13 09:43:00,297.265,336.9123
1995-08-13 09:44:00,168.328,224.5398
1995-08-13 09:45:00,1073.47,414.92252
1995-08-13 09:46:00,168.694,318.15274
1995-08-13 09:47:00,41.322,288.43246
1995-08-13 09:48:00,113.398,252.7451
1995-08-13 09:49:00,527.804,306.7852
1995-08-13 09:50:00,539.621,371.46732
1995-08-13 09:51:00,466.042,416.0796
1995-08-13 09:52:00,107.667,450.6368
1995-08-13 09:53:00,590.6179999999999,624.36615
1995-08-13 09:54:00,149.288,378.24643
1995-08-13 09:55:00,297.698,553.313
1995-08-13 09:56:00,227.99699999999999,247.18843
1995-08-13 09:57:00,1560.659,410.0467
1995-08-13 09:58:00,294.594,334.77557
1995-08-13 09:59:00,133.305,453.5184
1995-08-13 10:00:00,187.11499999999998,386.23532
1995-08-13 10:01:00,345.19800000000004,347.17444
1995-08-13 10:02:00,262.393,379.28113
1995-08-13 10:03:00,85.732,307.29
1995-08-13 10:04:00,46.628,227.86606
1995-08-13 10:05:00,602.909,350.97165
1995-08-13 10:06:00,347.297,437.81265
1995-08-13 10:07:00,377.493,466.65656
1995-08-13 10:08:00,271.552,454.72327
1995-08-13 10:09:00,354.691,411.16522
1995-08-13 10:10:00,154.843,341.28534
1995-08-13 10:11:00,213.153,351.62463
1995-08-13 10:12:00,328.914,273.41412
1995-08-13 10:13:00,50.501000000000005,224.3379
1995-08-13 10:14:00,910.8629999999999,348.414
1995-08-13 10:15:00,95.175,199.26712
1995-08-13 10:16:00,48.605999999999995,143.50082
1995-08-13 10:17:00,75.67699999999999,303.52795
1995-08-13 10:18:00,552.814,142.63853
1995-08-13 10:19:00,398.61400000000003,237.63849
1995-08-13 10:20:00,800.732,364.92737
1995-08-13 10:21:00,95.768,263.7496
1995-08-13 10:22:00,105.127,185.33289
1995-08-13 10:23:00,29.717,184.71745
1995-08-13 10:24:00,1223.1650000000002,317.14825
1995-08-13 10:25:00,149.474,294.0888
1995-08-13 10:26:00,326.572,354.99802
1995-08-13 10:27:00,207.691,255.06079
1995-08-13 10:28:00,277.107,280.9937
1995-08-13 10:29:00,352.952,263.18515
1995-08-13 10:30:00,166.543,352.68823
1995-08-13 10:31:00,319.719,308.62772
1995-08-13 10:32:00,311.362,244.45491
1995-08-13 10:33:00,398.632,341.2129
1995-08-13 10:34:00,300.248,559.9155
1995-08-13 10:35:00,265.395,335.90897
1995-08-13 10:36:00,407.602,408.13855
1995-08-13 10:37:00,727.737,317.92044
1995-08-13 10:38:00,384.694,366.4934
1995-08-13 10:39:00,240.516,456.13315
1995-08-13 10:40:00,585.908,415.6224
1995-08-13 10:41:00,231.609,419.87885
1995-08-13 10:42:00,609.991,205.36385
1995-08-13 10:43:00,164.688,304.9291
1995-08-13 10:44:00,199.691,318.92557
1995-08-13 10:45:00,211.656,363.68518
1995-08-13 10:46:00,167.952,279.14005
1995-08-13 10:47:00,862.313,390.86157
1995-08-13 10:48:00,452.512,427.7216
1995-08-13 10:49:00,523.35,409.14685
1995-08-13 10:50:00,493.463,405.38068
1995-08-13 10:51:00,362.999,438.87082
1995-08-13 10:52:00,446.074,383.87204
1995-08-13 10:53:00,492.07,366.49988
1995-08-13 10:54:00,748.347,426.09985
1995-08-13 10:55:00,22.451,314.2186
1995-08-13 10:56:00,854.1170000000001,370.21024
1995-08-13 10:57:00,1292.693,315.48627
1995-08-13 10:58:00,297.062,457.43765
1995-08-13 10:59:00,349.447,373.41113
1995-08-13 11:00:00,603.194,370.09625
1995-08-13 11:01:00,196.00199999999998,342.21643
1995-08-13 11:02:00,70.172,240.73938
1995-08-13 11:03:00,379.949,306.09427
1995-08-13 11:04:00,175.292,252.87303
1995-08-13 11:05:00,868.139,346.113
1995-08-13 11:06:00,470.426,411.16916
1995-08-13 11:07:00,475.136,377.29495
1995-08-13 11:08:00,639.85,328.0075
1995-08-13 11:09:00,420.824,392.6469
1995-08-13 11:10:00,911.881,446.24393
1995-08-13 11:11:00,459.041,565.69476
1995-08-13 11:12:00,979.333,594.6094
1995-08-13 11:13:00,419.656,578.94104
1995-08-13 11:14:00,666.1129999999999,506.01877
1995-08-13 11:15:00,629.641,461.80298
1995-08-13 11:16:00,697.498,575.77563
1995-08-13 11:17:00,242.842,516.6903
1995-08-13 11:18:00,584.722,747.0189
1995-08-13 11:19:00,517.749,605.697
1995-08-13 11:20:00,151.113,495.052
1995-08-13 11:21:00,79.274,368.39874
1995-08-13 11:22:00,324.097,270.8554
1995-08-13 11:23:00,250.79199999999997,286.15298
1995-08-13 11:24:00,1451.6839999999997,396.50748
1995-08-13 11:25:00,430.33,534.99603
1995-08-13 11:26:00,139.25300000000001,315.6191
1995-08-13 11:27:00,692.547,365.84912
1995-08-13 11:28:00,82.89399999999999,336.7251
1995-08-13 11:29:00,330.811,395.85977
1995-08-13 11:30:00,264.14799999999997,317.74377
1995-08-13 11:31:00,358.235,498.80197
1995-08-13 11:32:00,278.884,457.24228
1995-08-13 11:33:00,531.419,415.07843
1995-08-13 11:34:00,447.464,469.2323
1995-08-13 11:35:00,282.929,530.492
1995-08-13 11:36:00,584.83,410.27255
1995-08-13 11:37:00,529.396,527.5071
1995-08-13 11:38:00,241.781,509.7859
1995-08-13 11:39:00,223.953,471.26886
1995-08-13 11:40:00,373.27799999999996,587.7152
1995-08-13 11:41:00,995.391,535.5829
1995-08-13 11:42:00,1015.298,507.2865
1995-08-13 11:43:00,1293.7120000000002,373.96695
1995-08-13 11:44:00,372.434,213.07835
1995-08-13 11:45:00,269.425,393.1437
1995-08-13 11:46:00,388.096,374.30594
1995-08-13 11:47:00,288.908,262.25708
1995-08-13 11:48:00,1270.722,362.70782
1995-08-13 11:49:00,384.811,388.60956
1995-08-13 11:50:00,239.796,461.0969
1995-08-13 11:51:00,94.67,322.95615
1995-08-13 11:52:00,287.261,376.39484
1995-08-13 11:53:00,669.243,394.3529
1995-08-13 11:54:00,103.512,331.81845
1995-08-13 11:55:00,379.814,327.73935
1995-08-13 11:56:00,515.038,287.9428
1995-08-13 11:57:00,717.193,393.90182
1995-08-13 11:58:00,395.869,376.68933
1995-08-13 11:59:00,193.171,440.4442
1995-08-13 12:00:00,380.219,375.30173
1995-08-13 12:01:00,438.776,585.62
1995-08-13 12:02:00,190.801,416.45105
1995-08-13 12:03:00,427.57,462.71774
1995-08-13 12:04:00,334.591,418.2732
1995-08-13 12:05:00,711.959,421.71616
1995-08-13 12:06:00,764.891,441.3642
1995-08-13 12:07:00,636.756,479.1195
1995-08-13 12:08:00,907.7249999999999,546.3717
1995-08-13 12:09:00,488.837,461.6973
1995-08-13 12:10:00,126.366,339.907
1995-08-13 12:11:00,109.061,409.30295
1995-08-13 12:12:00,720.742,472.00198
1995-08-13 12:13:00,527.587,442.32584
1995-08-13 12:14:00,755.504,443.75336
1995-08-13 12:15:00,427.359,341.53433
1995-08-13 12:16:00,629.151,456.41946
1995-08-13 12:17:00,269.31600000000003,311.42523
1995-08-13 12:18:00,185.382,367.50293
1995-08-13 12:19:00,87.466,232.57153
1995-08-13 12:20:00,383.328,335.0054
1995-08-13 12:21:00,133.21900000000002,266.97156
1995-08-13 12:22:00,201.02,173.60364
1995-08-13 12:23:00,611.18,210.42561
1995-08-13 12:24:00,44.266999999999996,169.36794
1995-08-13 12:25:00,515.2379999999999,345.3764
1995-08-13 12:26:00,428.952,296.94458
1995-08-13 12:27:00,0.786,1.4151168
1995-08-13 12:28:00,78.504,288.92215
1995-08-13 12:29:00,88.52199999999999,239.94716
1995-08-13 12:30:00,356.217,240.42616
1995-08-13 12:31:00,131.341,263.64282
1995-08-13 12:32:00,594.7280000000001,221.24693
1995-08-13 12:33:00,180.37,380.55496
1995-08-13 12:34:00,504.831,169.00949
1995-08-13 12:35:00,328.246,262.4094
1995-08-13 12:36:00,318.391,330.6039
1995-08-13 12:37:00,1782.212,326.63046
1995-08-13 12:38:00,216.941,337.09036
1995-08-13 12:39:00,210.127,217.81696
1995-08-13 12:40:00,818.596,415.3694
1995-08-13 12:41:00,745.287,387.85916
1995-08-13 12:42:00,172.595,330.6112
1995-08-13 12:43:00,126.469,266.63547
1995-08-13 12:44:00,309.388,481.3647
1995-08-13 12:45:00,661.304,407.15314
1995-08-13 12:46:00,608.058,466.5096
1995-08-13 12:47:00,435.7,391.27454
1995-08-13 12:48:00,210.155,438.2833
1995-08-13 12:49:00,488.137,364.39468
1995-08-13 12:50:00,236.183,401.94394
1995-08-13 12:51:00,548.475,453.9256
1995-08-13 12:52:00,1250.974,474.9922
1995-08-13 12:53:00,700.475,499.60147
1995-08-13 12:54:00,685.587,566.29175
1995-08-13 12:55:00,610.191,597.2468
1995-08-13 12:56:00,304.664,512.81256
1995-08-13 12:57:00,724.271,662.00104
1995-08-13 12:58:00,466.901,611.4111
1995-08-13 12:59:00,701.224,566.7634
1995-08-13 13:00:00,1273.711,600.6741
1995-08-13 13:01:00,1169.384,516.619
1995-08-13 13:02:00,318.502,632.0471
1995-08-13 13:03:00,963.8050000000001,647.8448
1995-08-13 13:04:00,547.055,632.03595
1995-08-13 13:05:00,1130.366,673.302
1995-08-13 13:06:00,842.832,647.2084
1995-08-13 13:07:00,638.924,718.15424
1995-08-13 13:08:00,1597.417,710.9118
1995-08-13 13:09:00,1669.329,801.413
1995-08-13 13:10:00,1888.6689999999999,803.4861
1995-08-13 13:11:00,877.289,450.22824
1995-08-13 13:12:00,959.7149999999999,776.63007
1995-08-13 13:13:00,497.861,863.31775
1995-08-13 13:14:00,1614.155,889.3185
1995-08-13 13:15:00,1670.619,859.3465
1995-08-13 13:16:00,873.501,864.95465
1995-08-13 13:17:00,2351.711,965.4016
1995-08-13 13:18:00,1309.617,755.5726
1995-08-13 13:19:00,345.064,829.0802
1995-08-13 13:20:00,409.514,326.87427
1995-08-13 13:21:00,121.85300000000001,580.7605
1995-08-13 13:22:00,195.64000000000001,315.5767
1995-08-13 13:23:00,139.97899999999998,338.16965
1995-08-13 13:24:00,586.502,356.93573
1995-08-13 13:25:00,722.23,466.09003
1995-08-13 13:26:00,130.73,490.1873
1995-08-13 13:27:00,215.859,545.47144
1995-08-13 13:28:00,1073.149,434.60712
1995-08-13 13:29:00,98.008,350.06635
1995-08-13 13:30:00,285.45,440.62042
1995-08-13 13:31:00,1605.261,573.74646
1995-08-13 13:32:00,252.024,337.33856
1995-08-13 13:33:00,80.736,342.3243
1995-08-13 13:34:00,128.261,327.97833
1995-08-13 13:35:00,266.345,231.93121
1995-08-13 13:36:00,321.152,533.4637
1995-08-13 13:37:00,273.404,437.1112
1995-08-13 13:38:00,733.776,449.27005
1995-08-13 13:39:00,513.883,566.35614
1995-08-13 13:40:00,706.761,515.6955
1995-08-13 13:41:00,1283.096,555.75616
1995-08-13 13:42:00,1098.329,698.776
1995-08-13 13:43:00,1335.204,635.7958
1995-08-13 13:44:00,343.08,523.5143
1995-08-13 13:45:00,690.101,654.34625
1995-08-13 13:46:00,339.894,542.7816
1995-08-13 13:47:00,1361.076,536.66833
1995-08-13 13:48:00,294.128,662.4748
1995-08-13 13:49:00,1884.0149999999999,645.7409
1995-08-13 13:50:00,379.847,545.90234
1995-08-13 13:51:00,567.648,566.50903
1995-08-13 13:52:00,1010.971,412.0758
1995-08-13 13:53:00,1125.153,607.8375
1995-08-13 13:54:00,250.361,389.42523
1995-08-13 13:55:00,157.64600000000002,338.60934
1995-08-13 13:56:00,294.464,366.78406
1995-08-13 13:57:00,213.29399999999998,472.8289
1995-08-13 13:58:00,470.242,474.5083
1995-08-13 13:59:00,812.434,527.9223
1995-08-13 14:00:00,322.847,457.4534
1995-08-13 14:01:00,247.25,487.31067
1995-08-13 14:02:00,146.262,369.31723
1995-08-13 14:03:00,247.067,369.8914
1995-08-13 14:04:00,215.585,350.91846
1995-08-13 14:05:00,518.303,425.74298
1995-08-13 14:06:00,416.714,483.24176
1995-08-13 14:07:00,154.181,513.08826
1995-08-13 14:08:00,328.414,404.8998
1995-08-13 14:09:00,280.263,445.24588
1995-08-13 14:10:00,159.347,563.67444
1995-08-13 14:11:00,591.569,597.30646
1995-08-13 14:12:00,634.689,874.67487
1995-08-13 14:13:00,449.347,854.24304
1995-08-13 14:14:00,973.347,484.12415
1995-08-13 14:15:00,643.696,616.90625
1995-08-13 14:16:00,750.572,513.8784
1995-08-13 14:17:00,707.6700000000001,663.3875
1995-08-13 14:18:00,1665.467,629.6915
1995-08-13 14:19:00,419.07,360.2343
1995-08-13 14:20:00,401.317,372.0354
1995-08-13 14:21:00,358.273,317.98737
1995-08-13 14:22:00,2358.514,495.31204
1995-08-13 14:23:00,619.809,419.5691
1995-08-13 14:24:00,1519.8329999999999,512.26843
1995-08-13 14:25:00,1798.0149999999999,497.23886
1995-08-13 14:26:00,2212.7560000000003,549.6396
1995-08-13 14:27:00,1135.431,976.5662
1995-08-13 14:28:00,2027.987,745.443
1995-08-13 14:29:00,967.751,776.639
1995-08-13 14:30:00,2156.573,818.5532
1995-08-13 14:31:00,474.63300000000004,721.04364
1995-08-13 14:32:00,502.788,807.4759
1995-08-13 14:33:00,232.415,782.3503
1995-08-13 14:34:00,1017.303,623.7465
1995-08-13 14:35:00,359.577,546.2976
1995-08-13 14:36:00,359.2,348.46
1995-08-13 14:37:00,378.11,630.2271
1995-08-13 14:38:00,1374.5629999999999,521.87787
1995-08-13 14:39:00,199.615,455.64667
1995-08-13 14:40:00,680.1800000000001,631.4162
1995-08-13 14:41:00,360.336,561.54565
1995-08-13 14:42:00,612.5,534.587
1995-08-13 14:43:00,1665.586,659.707
1995-08-13 14:44:00,366.377,649.9629
1995-08-13 14:45:00,1121.758,581.5672
1995-08-13 14:46:00,695.985,569.0288
1995-08-13 14:47:00,452.767,740.3606
1995-08-13 14:48:00,567.086,603.32916
1995-08-13 14:49:00,426.86,728.9814
1995-08-13 14:50:00,460.717,575.5279
1995-08-13 14:51:00,499.72200000000004,613.9305
1995-08-13 14:52:00,1167.162,807.3537
1995-08-13 14:53:00,1783.937,1239.9736
1995-08-13 14:54:00,882.0690000000001,1031.5891
1995-08-13 14:55:00,1383.521,697.8333
1995-08-13 14:56:00,683.2040000000001,643.1338
1995-08-13 14:57:00,2292.533,584.0788
1995-08-13 14:58:00,1369.673,740.06726
1995-08-13 14:59:00,1013.972,698.11664
1995-08-13 15:00:00,1986.183,863.9807
1995-08-13 15:01:00,1405.714,1010.9002
1995-08-13 15:02:00,1333.074,1248.0022
1995-08-13 15:03:00,2794.215,985.3705
1995-08-13 15:04:00,596.9680000000001,721.9118
1995-08-13 15:05:00,433.554,752.61865
1995-08-13 15:06:00,668.274,952.22125
1995-08-13 15:07:00,498.474,552.783
1995-08-13 15:08:00,341.484,720.071
1995-08-13 15:09:00,295.224,627.4371
1995-08-13 15:10:00,463.758,448.28458
1995-08-13 15:11:00,1486.1309999999999,499.3237
1995-08-13 15:12:00,450.08,519.81824
1995-08-13 15:13:00,527.59,470.90372
1995-08-13 15:14:00,465.09499999999997,637.8618
1995-08-13 15:15:00,158.903,461.56824
1995-08-13 15:16:00,257.817,446.957
1995-08-13 15:17:00,1734.866,421.92303
1995-08-13 15:18:00,173.737,618.14056
1995-08-13 15:19:00,426.972,505.85754
1995-08-13 15:20:00,658.7909999999999,495.09174
1995-08-13 15:21:00,806.4759999999999,400.1346
1995-08-13 15:22:00,299.76,189.33406
1995-08-13 15:23:00,296.46799999999996,575.7935
1995-08-13 15:24:00,195.225,352.8689
1995-08-13 15:25:00,236.145,339.87857
1995-08-13 15:26:00,567.932,341.9465
1995-08-13 15:27:00,144.633,330.39337
1995-08-13 15:28:00,1873.932,451.76797
1995-08-13 15:29:00,230.225,613.0175
1995-08-13 15:30:00,2153.282,463.62497
1995-08-13 15:31:00,2868.247,331.91434
1995-08-13 15:32:00,560.6949999999999,515.8704
1995-08-13 15:33:00,154.492,711.04254
1995-08-13 15:34:00,202.49,431.86792
1995-08-13 15:35:00,376.89599999999996,546.7273
1995-08-13 15:36:00,67.511,170.0442
1995-08-13 15:37:00,308.75,243.34227
1995-08-13 15:38:00,505.931,402.0273
1995-08-13 15:39:00,337.07599999999996,535.7592
1995-08-13 15:40:00,348.152,382.51855
1995-08-13 15:41:00,1482.9589999999998,531.9716
1995-08-13 15:42:00,81.915,493.16873
1995-08-13 15:43:00,125.738,399.87952
1995-08-13 15:44:00,607.7280000000001,465.61255
1995-08-13 15:45:00,759.646,599.93634
1995-08-13 15:46:00,757.514,686.19434
1995-08-13 15:47:00,483.74699999999996,534.07007
1995-08-13 15:48:00,659.224,641.7041
1995-08-13 15:49:00,989.994,621.4426
1995-08-13 15:50:00,332.798,685.3173
1995-08-13 15:51:00,468.714,623.1087
1995-08-13 15:52:00,513.776,549.0171
1995-08-13 15:53:00,248.613,461.50406
1995-08-13 15:54:00,714.1629999999999,353.0154
1995-08-13 15:55:00,474.56899999999996,557.2153
1995-08-13 15:56:00,389.554,536.68274
1995-08-13 15:57:00,318.258,486.98434
1995-08-13 15:58:00,343.634,488.64505
1995-08-13 15:59:00,1023.318,615.50977
1995-08-13 16:00:00,645.5989999999999,587.2402
1995-08-13 16:01:00,598.707,660.30804
1995-08-13 16:02:00,178.429,476.51398
1995-08-13 16:03:00,1606.804,501.33243
1995-08-13 16:04:00,287.999,419.38083
1995-08-13 16:05:00,609.257,432.60315
1995-08-13 16:06:00,301.113,552.5378
1995-08-13 16:07:00,572.778,440.10965
1995-08-13 16:08:00,1061.3329999999999,565.9345
1995-08-13 16:09:00,3694.7609999999995,554.0448
1995-08-13 16:10:00,1021.323,490.64
1995-08-13 16:11:00,101.74000000000001,439.06256
1995-08-13 16:12:00,603.587,630.5158
1995-08-13 16:13:00,1355.5680000000002,609.7922
1995-08-13 16:14:00,264.548,547.12
1995-08-13 16:15:00,457.973,374.5553
1995-08-13 16:16:00,281.724,424.33655
1995-08-13 16:17:00,356.429,615.1621
1995-08-13 16:18:00,319.605,622.3601
1995-08-13 16:19:00,474.445,429.53647
1995-08-13 16:20:00,475.222,528.4841
1995-08-13 16:21:00,444.014,425.82397
1995-08-13 16:22:00,664.444,647.43494
1995-08-13 16:23:00,182.903,582.9748
1995-08-13 16:24:00,1121.096,552.38074
1995-08-13 16:25:00,685.332,607.02026
1995-08-13 16:26:00,286.73199999999997,493.4714
1995-08-13 16:27:00,552.418,606.3758
1995-08-13 16:28:00,533.282,644.64764
1995-08-13 16:29:00,337.272,540.61334
1995-08-13 16:30:00,782.806,549.7556
1995-08-13 16:31:00,492.594,462.869
1995-08-13 16:32:00,900.063,430.24182
1995-08-13 16:33:00,420.21700000000004,643.6171
1995-08-13 16:34:00,276.386,558.5659
1995-08-13 16:35:00,581.465,543.8081
1995-08-13 16:36:00,1758.1660000000002,640.9427
1995-08-13 16:37:00,560.582,378.70764
1995-08-13 16:38:00,274.837,586.1142
1995-08-13 16:39:00,409.102,701.98865
1995-08-13 16:40:00,456.24899999999997,512.15265
1995-08-13 16:41:00,530.6320000000001,494.37527
1995-08-13 16:42:00,305.625,613.72736
1995-08-13 16:43:00,575.4780000000001,449.33127
1995-08-13 16:44:00,858.586,496.96146
1995-08-13 16:45:00,764.501,542.6333
1995-08-13 16:46:00,616.9499999999999,615.6859
1995-08-13 16:47:00,614.3340000000001,645.211
1995-08-13 16:48:00,514.155,631.6557
1995-08-13 16:49:00,415.99899999999997,628.6005
1995-08-13 16:50:00,742.283,545.45215
1995-08-13 16:51:00,749.02,667.3897
1995-08-13 16:52:00,589.72,610.2106
1995-08-13 16:53:00,909.356,698.0486
1995-08-13 16:54:00,1476.303,636.43774
1995-08-13 16:55:00,885.912,807.4589
1995-08-13 16:56:00,295.505,683.3618
1995-08-13 16:57:00,1910.3580000000002,553.8874
1995-08-13 16:58:00,566.755,676.34247
1995-08-13 16:59:00,546.42,613.47235
1995-08-13 17:00:00,705.791,634.36115
1995-08-13 17:01:00,290.927,544.1449
1995-08-13 17:02:00,547.957,601.1534
1995-08-13 17:03:00,445.078,636.3584
1995-08-13 17:04:00,963.713,585.40686
1995-08-13 17:05:00,146.308,580.301
1995-08-13 17:06:00,517.05,622.8079
1995-08-13 17:07:00,651.159,623.0879
1995-08-13 17:08:00,481.593,655.5363
1995-08-13 17:09:00,394.14799999999997,604.8234
1995-08-13 17:10:00,495.314,542.0271
1995-08-13 17:11:00,689.0790000000001,575.0212
1995-08-13 17:12:00,490.929,589.952
1995-08-13 17:13:00,318.514,581.71497
1995-08-13 17:14:00,1035.996,570.8428
1995-08-13 17:15:00,750.1610000000001,719.64685
1995-08-13 17:16:00,653.263,683.7137
1995-08-13 17:17:00,881.369,782.39026
1995-08-13 17:18:00,494.227,600.18365
1995-08-13 17:19:00,1386.693,621.18713
1995-08-13 17:20:00,496.813,534.7832
1995-08-13 17:21:00,554.4970000000001,652.8751
1995-08-13 17:22:00,991.304,670.287
1995-08-13 17:23:00,1155.686,1045.9786
1995-08-13 17:24:00,278.351,746.4264
1995-08-13 17:25:00,456.187,531.5042
1995-08-13 17:26:00,882.103,612.97534
1995-08-13 17:27:00,579.75,625.5825
1995-08-13 17:28:00,478.161,378.158
1995-08-13 17:29:00,2377.542,712.92566
1995-08-13 17:30:00,403.401,686.0613
1995-08-13 17:31:00,775.623,596.30475
1995-08-13 17:32:00,1311.092,879.16504
1995-08-13 17:33:00,1525.6490000000001,421.98898
1995-08-13 17:34:00,1807.0780000000002,851.2216
1995-08-13 17:35:00,368.692,699.84357
1995-08-13 17:36:00,1759.042,589.6593
1995-08-13 17:37:00,360.519,569.0729
1995-08-13 17:38:00,1011.574,478.51917
1995-08-13 17:39:00,356.05699999999996,366.31595
1995-08-13 17:40:00,741.7529999999999,351.40997
1995-08-13 17:41:00,311.484,704.9932
1995-08-13 17:42:00,593.062,674.53424
1995-08-13 17:43:00,560.61,656.56866
1995-08-13 17:44:00,2377.213,694.0024
1995-08-13 17:45:00,661.02,755.26526
1995-08-13 17:46:00,1315.445,744.29175
1995-08-13 17:47:00,3205.623,921.9114
1995-08-13 17:48:00,984.352,1053.7279
1995-08-13 17:49:00,1011.2139999999999,918.72986
1995-08-13 17:50:00,935.124,516.1712
1995-08-13 17:51:00,1280.74,948.24927
1995-08-13 17:52:00,963.11,726.0422
1995-08-13 17:53:00,787.127,830.51984
1995-08-13 17:54:00,1207.6889999999999,811.0184
1995-08-13 17:55:00,302.96,598.03925
1995-08-13 17:56:00,956.9,673.4303
1995-08-13 17:57:00,596.7370000000001,591.66724
1995-08-13 17:58:00,628.538,578.41174
1995-08-13 17:59:00,197.596,553.14014
1995-08-13 18:00:00,651.351,480.9352
1995-08-13 18:01:00,612.519,415.26178
1995-08-13 18:02:00,1414.291,484.07974
1995-08-13 18:03:00,1006.141,571.78754
1995-08-13 18:04:00,1234.008,779.97595
1995-08-13 18:05:00,827.5409999999999,701.1511
1995-08-13 18:06:00,526.154,850.72723
1995-08-13 18:07:00,1036.268,570.3094
1995-08-13 18:08:00,553.197,660.8579
1995-08-13 18:09:00,391.305,770.40564
1995-08-13 18:10:00,492.112,746.9045
1995-08-13 18:11:00,1132.6109999999999,670.8067
1995-08-13 18:12:00,222.074,602.87085
1995-08-13 18:13:00,334.834,647.5518
1995-08-13 18:14:00,1815.0300000000002,599.09106
1995-08-13 18:15:00,821.574,667.159
1995-08-13 18:16:00,947.908,784.3115
1995-08-13 18:17:00,963.044,1108.2822
1995-08-13 18:18:00,1210.528,975.1837
1995-08-13 18:19:00,1257.3129999999999,912.5573
1995-08-13 18:20:00,713.4169999999999,802.1266
1995-08-13 18:21:00,475.065,776.8597
1995-08-13 18:22:00,313.677,727.28503
1995-08-13 18:23:00,567.061,644.7517
1995-08-13 18:24:00,258.15299999999996,608.3292
1995-08-13 18:25:00,1174.068,549.8809
1995-08-13 18:26:00,862.262,386.71866
1995-08-13 18:27:00,497.02000000000004,380.4016
1995-08-13 18:28:00,532.096,401.03345
1995-08-13 18:29:00,87.726,158.08125
1995-08-13 18:30:00,616.122,404.31998
1995-08-13 18:31:00,309.952,578.9162
1995-08-13 18:32:00,343.091,501.28287
1995-08-13 18:33:00,260.493,409.9113
1995-08-13 18:34:00,97.734,370.4728
1995-08-13 18:35:00,180.86599999999999,327.27115
1995-08-13 18:36:00,157.058,338.30164
1995-08-13 18:37:00,262.584,412.75137
1995-08-13 18:38:00,1007.235,442.9103
1995-08-13 18:39:00,1061.763,982.02686
1995-08-13 18:40:00,864.009,542.3783
1995-08-13 18:41:00,472.175,512.0514
1995-08-13 18:42:00,642.786,584.2211
1995-08-13 18:43:00,942.811,654.8295
1995-08-13 18:44:00,604.5939999999999,508.08694
1995-08-13 18:45:00,500.56,619.0591
1995-08-13 18:46:00,115.935,496.86505
1995-08-13 18:47:00,319.35,208.92058
1995-08-13 18:48:00,258.042,392.73193
1995-08-13 18:49:00,279.78,285.33395
1995-08-13 18:50:00,2404.045,464.03458
1995-08-13 18:51:00,260.53,455.81656
1995-08-13 18:52:00,689.5450000000001,419.31088
1995-08-13 18:53:00,87.705,426.99136
1995-08-13 18:54:00,259.648,518.1335
1995-08-13 18:55:00,283.092,547.53674
1995-08-13 18:56:00,357.76,359.5097
1995-08-13 18:57:00,224.319,355.89117
1995-08-13 18:58:00,615.9939999999999,439.31863
1995-08-13 18:59:00,636.74,549.5642
1995-08-13 19:00:00,648.668,471.19928
1995-08-13 19:01:00,338.757,555.2862
1995-08-13 19:02:00,571.171,402.31436
1995-08-13 19:03:00,354.806,397.8757
1995-08-13 19:04:00,1468.085,553.263
1995-08-13 19:05:00,907.116,496.0128
1995-08-13 19:06:00,425.702,515.5324
1995-08-13 19:07:00,294.452,450.06238
1995-08-13 19:08:00,588.283,500.2361
1995-08-13 19:09:00,1966.43,542.707
1995-08-13 19:10:00,613.2719999999999,801.4062
1995-08-13 19:11:00,1856.697,757.3558
1995-08-13 19:12:00,511.368,734.086
1995-08-13 19:13:00,1896.0330000000001,743.259
1995-08-13 19:14:00,1288.996,733.9248
1995-08-13 19:15:00,622.443,789.817
1995-08-13 19:16:00,400.08,726.9295
1995-08-13 19:17:00,248.371,427.74734
1995-08-13 19:18:00,338.506,624.34796
1995-08-13 19:19:00,616.615,537.2514
1995-08-13 19:20:00,568.225,604.20526
1995-08-13 19:21:00,191.402,422.51553
1995-08-13 19:22:00,659.879,482.00616
1995-08-13 19:23:00,455.254,425.3555
1995-08-13 19:24:00,479.372,538.72797
1995-08-13 19:25:00,467.178,384.68442
1995-08-13 19:26:00,750.5740000000001,473.23596
1995-08-13 19:27:00,710.173,524.12213
1995-08-13 19:28:00,425.135,551.70746
1995-08-13 19:29:00,647.278,475.1924
1995-08-13 19:30:00,461.263,403.65894
1995-08-13 19:31:00,579.099,466.07892
1995-08-13 19:32:00,109.591,418.72766
1995-08-13 19:33:00,72.972,363.31152
1995-08-13 19:34:00,424.68899999999996,388.9986
1995-08-13 19:35:00,252.741,435.37656
1995-08-13 19:36:00,345.12,514.994
1995-08-13 19:37:00,469.399,307.6089
1995-08-13 19:38:00,647.2969999999999,357.68646
1995-08-13 19:39:00,1074.52,449.4861
1995-08-13 19:40:00,519.314,379.7438
1995-08-13 19:41:00,96.15599999999999,214.52931
1995-08-13 19:42:00,135.43,389.50363
1995-08-13 19:43:00,1645.751,452.8282
1995-08-13 19:44:00,243.995,381.97855
1995-08-13 19:45:00,350.496,366.61923
1995-08-13 19:46:00,2336.1380000000004,315.4238
1995-08-13 19:47:00,1145.738,389.3597
1995-08-13 19:48:00,501.584,396.00833
1995-08-13 19:49:00,628.729,575.87024
1995-08-13 19:50:00,1740.5749999999998,387.76834
1995-08-13 19:51:00,1060.971,460.74207
1995-08-13 19:52:00,1156.846,570.98596
1995-08-13 19:53:00,1082.246,577.7689
1995-08-13 19:54:00,441.99,605.6522
1995-08-13 19:55:00,1534.618,643.6629
1995-08-13 19:56:00,522.833,842.12836
1995-08-13 19:57:00,1405.161,761.1386
1995-08-13 19:58:00,169.543,442.91074
1995-08-13 19:59:00,825.212,788.7408
1995-08-13 20:00:00,1295.554,744.473
1995-08-13 20:01:00,240.103,412.5054
1995-08-13 20:02:00,564.744,433.97903
1995-08-13 20:03:00,384.252,642.1535
1995-08-13 20:04:00,208.79500000000002,402.1734
1995-08-13 20:05:00,444.70000000000005,182.41634
1995-08-13 20:06:00,419.98900000000003,435.50122
1995-08-13 20:07:00,277.416,512.2129
1995-08-13 20:08:00,665.173,401.63797
1995-08-13 20:09:00,421.232,480.1809
1995-08-13 20:10:00,492.668,460.05365
1995-08-13 20:11:00,1735.5570000000002,498.36935
1995-08-13 20:12:00,574.466,571.1984
1995-08-13 20:13:00,658.8699999999999,650.6514
1995-08-13 20:14:00,269.013,453.97095
1995-08-13 20:15:00,565.186,500.29993
1995-08-13 20:16:00,523.745,543.78345
1995-08-13 20:17:00,386.23999999999995,497.0182
1995-08-13 20:18:00,958.4979999999999,516.5294
1995-08-13 20:19:00,387.163,561.3215
1995-08-13 20:20:00,294.819,423.53537
1995-08-13 20:21:00,117.918,327.84
1995-08-13 20:22:00,563.457,538.5177
1995-08-13 20:23:00,248.456,307.7521
1995-08-13 20:24:00,371.83,527.25714
1995-08-13 20:25:00,1581.017,349.229
1995-08-13 20:26:00,132.914,325.20114
1995-08-13 20:27:00,561.895,517.61365
1995-08-13 20:28:00,330.029,393.49213
1995-08-13 20:29:00,418.95,499.80585
1995-08-13 20:30:00,453.48499999999996,523.18976
1995-08-13 20:31:00,1322.4660000000001,302.2007
1995-08-13 20:32:00,252.259,423.9826
1995-08-13 20:33:00,296.454,512.2307
1995-08-13 20:34:00,399.03,366.69006
1995-08-13 20:35:00,1377.5910000000001,382.14386
1995-08-13 20:36:00,320.511,208.31935
1995-08-13 20:37:00,694.603,404.10764
1995-08-13 20:38:00,568.074,549.09766
1995-08-13 20:39:00,287.60900000000004,540.6102
1995-08-13 20:40:00,176.47299999999998,486.46805
1995-08-13 20:41:00,305.165,609.1905
1995-08-13 20:42:00,828.22,490.56897
1995-08-13 20:43:00,467.41,471.80356
1995-08-13 20:44:00,800.9499999999999,487.07648
1995-08-13 20:45:00,228.85399999999998,469.75528
1995-08-13 20:46:00,421.05,211.48582
1995-08-13 20:47:00,257.89300000000003,349.74344
1995-08-13 20:48:00,628.201,371.04593
1995-08-13 20:49:00,368.81399999999996,504.48398
1995-08-13 20:50:00,739.431,462.3232
1995-08-13 20:51:00,329.139,473.47595
1995-08-13 20:52:00,287.497,585.16785
1995-08-13 20:53:00,219.128,341.40762
1995-08-13 20:54:00,505.603,563.42786
1995-08-13 20:55:00,945.731,464.8491
1995-08-13 20:56:00,168.919,350.26193
1995-08-13 20:57:00,541.673,419.52982
1995-08-13 20:58:00,128.345,327.64218
1995-08-13 20:59:00,379.236,420.04626
1995-08-13 21:00:00,315.908,377.8251
1995-08-13 21:01:00,331.163,378.91486
1995-08-13 21:02:00,430.71000000000004,318.572
1995-08-13 21:03:00,299.519,586.45526
1995-08-13 21:04:00,1591.585,474.23743
1995-08-13 21:05:00,774.0550000000001,446.59998
1995-08-13 21:06:00,438.504,458.0624
1995-08-13 21:07:00,252.19299999999998,570.983
1995-08-13 21:08:00,220.01999999999998,358.64847
1995-08-13 21:09:00,946.337,465.26224
1995-08-13 21:10:00,256.958,316.9902
1995-08-13 21:11:00,532.9929999999999,494.5702
1995-08-13 21:12:00,1085.857,481.63434
1995-08-13 21:13:00,666.319,446.19998
1995-08-13 21:14:00,452.883,506.59573
1995-08-13 21:15:00,228.51,417.39603
1995-08-13 21:16:00,741.923,590.3444
1995-08-13 21:17:00,317.054,628.4816
1995-08-13 21:18:00,217.29000000000002,440.69983
1995-08-13 21:19:00,359.71500000000003,613.6523
1995-08-13 21:20:00,704.0,529.395
1995-08-13 21:21:00,696.705,587.72675
1995-08-13 21:22:00,147.83,367.36957
1995-08-13 21:23:00,465.204,387.39145
1995-08-13 21:24:00,326.176,319.31573
1995-08-13 21:25:00,518.932,380.08038
1995-08-13 21:26:00,278.036,422.4172
1995-08-13 21:27:00,148.39600000000002,400.45206
1995-08-13 21:28:00,318.713,141.6644
1995-08-13 21:29:00,365.921,277.29166
1995-08-13 21:30:00,152.748,402.9855
1995-08-13 21:31:00,349.195,290.3229
1995-08-13 21:32:00,321.426,311.678
1995-08-13 21:33:00,150.39000000000001,423.42184
1995-08-13 21:34:00,484.688,356.01492
1995-08-13 21:35:00,335.86,313.71066
1995-08-13 21:36:00,324.021,334.30533
1995-08-13 21:37:00,394.16999999999996,355.6219
1995-08-13 21:38:00,258.964,406.43698
1995-08-13 21:39:00,265.317,413.52805
1995-08-13 21:40:00,565.571,465.48752
1995-08-13 21:41:00,136.148,419.17242
1995-08-13 21:42:00,182.886,391.3782
1995-08-13 21:43:00,330.27299999999997,337.6598
1995-08-13 21:44:00,225.789,361.55307
1995-08-13 21:45:00,288.238,472.67166
1995-08-13 21:46:00,368.49199999999996,517.6997
1995-08-13 21:47:00,261.075,600.7412
1995-08-13 21:48:00,536.718,482.92828
1995-08-13 21:49:00,1155.831,449.20587
1995-08-13 21:50:00,457.93600000000004,451.99408
1995-08-13 21:51:00,344.501,412.78687
1995-08-13 21:52:00,934.412,424.41284
1995-08-13 21:53:00,773.367,550.6098
1995-08-13 21:54:00,1074.9279999999999,467.26215
1995-08-13 21:55:00,1324.75,436.2422
1995-08-13 21:56:00,647.705,441.3739
1995-08-13 21:57:00,444.014,602.3243
1995-08-13 21:58:00,212.258,479.40417
1995-08-13 21:59:00,517.458,732.5538
1995-08-13 22:00:00,366.71299999999997,574.80835
1995-08-13 22:01:00,588.681,705.6998
1995-08-13 22:02:00,274.879,556.0623
1995-08-13 22:03:00,649.9499999999999,549.0019
1995-08-13 22:04:00,587.591,604.44946
1995-08-13 22:05:00,945.135,585.9888
1995-08-13 22:06:00,798.229,720.2006
1995-08-13 22:07:00,378.78299999999996,727.52747
1995-08-13 22:08:00,476.041,593.5107
1995-08-13 22:09:00,889.97,618.7443
1995-08-13 22:10:00,335.741,545.863
1995-08-13 22:11:00,549.325,574.48254
1995-08-13 22:12:00,859.266,604.6507
1995-08-13 22:13:00,391.741,566.33044
1995-08-13 22:14:00,593.663,581.7953
1995-08-13 22:15:00,479.114,571.8045
1995-08-13 22:16:00,271.459,487.05206
1995-08-13 22:17:00,473.86899999999997,435.63214
1995-08-13 22:18:00,377.254,437.80408
1995-08-13 22:19:00,479.476,582.86115
1995-08-13 22:20:00,166.222,331.26474
1995-08-13 22:21:00,1018.592,595.6207
1995-08-13 22:22:00,1932.05,657.4488
1995-08-13 22:23:00,639.803,497.29135
1995-08-13 22:24:00,238.571,506.7429
1995-08-13 22:25:00,205.047,207.8447
1995-08-13 22:26:00,348.114,460.5259
1995-08-13 22:27:00,364.187,595.56726
1995-08-13 22:28:00,995.122,670.6478
1995-08-13 22:29:00,1051.346,579.3726
1995-08-13 22:30:00,692.984,679.2432
1995-08-13 22:31:00,666.526,778.6123
1995-08-13 22:32:00,475.00600000000003,738.27783
1995-08-13 22:33:00,664.008,618.7907
1995-08-13 22:34:00,1042.532,362.6905
1995-08-13 22:35:00,450.32099999999997,759.8456
1995-08-13 22:36:00,435.726,634.3963
1995-08-13 22:37:00,1081.095,628.66235
1995-08-13 22:38:00,624.0120000000001,776.3102
1995-08-13 22:39:00,967.2330000000001,651.89777
1995-08-13 22:40:00,1445.709,726.6623
1995-08-13 22:41:00,1186.85,1084.571
1995-08-13 22:42:00,1360.338,881.31104
1995-08-13 22:43:00,1949.245,705.0198
1995-08-13 22:44:00,1089.55,894.13556
1995-08-13 22:45:00,1140.7559999999999,1127.4806
1995-08-13 22:46:00,859.242,812.0532
1995-08-13 22:47:00,947.409,758.8094
1995-08-13 22:48:00,1709.811,747.4378
1995-08-13 22:49:00,202.441,462.5592
1995-08-13 22:50:00,274.882,495.2995
1995-08-13 22:51:00,548.056,615.4322
1995-08-13 22:52:00,508.124,519.83044
1995-08-13 22:53:00,563.94,497.87076
1995-08-13 22:54:00,570.327,666.9691
1995-08-13 22:55:00,308.19300000000004,389.86652
1995-08-13 22:56:00,657.012,641.02167
1995-08-13 22:57:00,559.434,710.21454
1995-08-13 22:58:00,227.849,611.79224
1995-08-13 22:59:00,690.637,558.35114
1995-08-13 23:00:00,788.737,647.67865
1995-08-13 23:01:00,836.316,550.62036
1995-08-13 23:02:00,810.89,758.6529
1995-08-13 23:03:00,776.533,707.6841
1995-08-13 23:04:00,74.051,244.99483
1995-08-13 23:05:00,478.526,600.74524
1995-08-13 23:06:00,894.067,658.4122
1995-08-13 23:07:00,1659.858,678.555
1995-08-13 23:08:00,1034.644,698.6038
1995-08-13 23:09:00,658.374,620.31995
1995-08-13 23:10:00,261.523,541.56537
1995-08-13 23:11:00,516.398,465.03796
1995-08-13 23:12:00,452.494,611.50214
1995-08-13 23:13:00,352.221,521.4552
1995-08-13 23:14:00,1769.423,399.95636
1995-08-13 23:15:00,821.355,647.57007
1995-08-13 23:16:00,1178.808,533.4484
1995-08-13 23:17:00,1607.8519999999999,617.4849
1995-08-13 23:18:00,1005.907,608.2932
1995-08-13 23:19:00,456.0,746.729
1995-08-13 23:20:00,2198.209,719.1103
1995-08-13 23:21:00,1562.6140000000003,869.30493
1995-08-13 23:22:00,328.426,633.60785
1995-08-13 23:23:00,908.244,536.96765
1995-08-13 23:24:00,1447.849,563.24677
1995-08-13 23:25:00,142.74699999999999,286.71548
1995-08-13 23:26:00,297.702,641.7424
1995-08-13 23:27:00,390.61,456.9714
1995-08-13 23:28:00,1233.44,203.46014
1995-08-13 23:29:00,250.971,288.71265
1995-08-13 23:30:00,174.477,315.7698
1995-08-13 23:31:00,198.868,351.40964
1995-08-13 23:32:00,393.074,397.79755
1995-08-13 23:33:00,423.463,537.9328
1995-08-13 23:34:00,274.62,462.45645
1995-08-13 23:35:00,323.579,474.1348
1995-08-13 23:36:00,359.611,396.71414
1995-08-13 23:37:00,458.207,422.69388
1995-08-13 23:38:00,347.651,430.61624
1995-08-13 23:39:00,137.078,363.03003
1995-08-13 23:40:00,107.103,353.83
1995-08-13 23:41:00,1573.9540000000002,383.72433
1995-08-13 23:42:00,259.266,333.04892
1995-08-13 23:43:00,485.621,653.15076
1995-08-13 23:44:00,267.067,434.91425
1995-08-13 23:45:00,522.424,547.689
1995-08-13 23:46:00,1721.993,557.22675
1995-08-13 23:47:00,723.996,682.9478
1995-08-13 23:48:00,959.081,805.4549
1995-08-13 23:49:00,536.834,800.8336
1995-08-13 23:50:00,720.883,680.4474
1995-08-13 23:51:00,566.842,774.0362
1995-08-13 23:52:00,374.87,777.4344
1995-08-13 23:53:00,1747.766,641.5
1995-08-13 23:54:00,171.727,630.44025
1995-08-13 23:55:00,489.404,583.07056
1995-08-13 23:56:00,754.4019999999999,528.1269
1995-08-13 23:57:00,159.887,553.64453
1995-08-13 23:58:00,649.8829999999999,644.3817
1995-08-13 23:59:00,599.131,572.4087
1995-08-14 00:00:00,228.867,595.47424
1995-08-14 00:01:00,791.52,511.7425
1995-08-14 00:02:00,1007.776,637.14545
1995-08-14 00:03:00,378.574,676.99945
1995-08-14 00:04:00,647.524,530.1257
1995-08-14 00:05:00,1342.251,629.30884
1995-08-14 00:06:00,322.733,413.3014
1995-08-14 00:07:00,416.79200000000003,574.4578
1995-08-14 00:08:00,816.594,417.8382
1995-08-14 00:09:00,848.677,615.43774
1995-08-14 00:10:00,708.554,651.2082
1995-08-14 00:11:00,889.583,582.609
1995-08-14 00:12:00,878.887,472.81238
1995-08-14 00:13:00,427.916,581.68384
1995-08-14 00:14:00,711.314,539.0922
1995-08-14 00:15:00,1054.152,722.08936
1995-08-14 00:16:00,2091.571,715.8812
1995-08-14 00:17:00,1175.319,808.41785
1995-08-14 00:18:00,675.9300000000001,869.43774
1995-08-14 00:19:00,1059.528,704.1447
1995-08-14 00:20:00,1058.791,748.12085
1995-08-14 00:21:00,1221.046,536.992
1995-08-14 00:22:00,1508.65,931.8469
1995-08-14 00:23:00,1066.977,806.758
1995-08-14 00:24:00,2063.014,954.4315
1995-08-14 00:25:00,996.606,883.2594
1995-08-14 00:26:00,553.614,627.82764
1995-08-14 00:27:00,1817.998,860.89734
1995-08-14 00:28:00,1958.679,846.60925
1995-08-14 00:29:00,1229.363,933.0367
1995-08-14 00:30:00,1458.451,883.3193
1995-08-14 00:31:00,270.661,716.8126
1995-08-14 00:32:00,692.601,730.4469
1995-08-14 00:33:00,1012.738,641.2516
1995-08-14 00:34:00,443.726,544.49854
1995-08-14 00:35:00,1279.7440000000001,378.77573
1995-08-14 00:36:00,1438.8570000000002,603.72986
1995-08-14 00:37:00,551.5509999999999,509.33646
1995-08-14 00:38:00,679.097,594.3155
1995-08-14 00:39:00,749.127,614.7732
1995-08-14 00:40:00,2064.6839999999997,680.029
1995-08-14 00:41:00,385.934,793.0489
1995-08-14 00:42:00,345.9,655.25653
1995-08-14 00:43:00,590.834,414.17093
1995-08-14 00:44:00,299.287,584.04535
1995-08-14 00:45:00,213.849,431.22318
1995-08-14 00:46:00,271.645,281.698
1995-08-14 00:47:00,771.233,436.98944
1995-08-14 00:48:00,383.2,387.74014
1995-08-14 00:49:00,376.964,330.0115
1995-08-14 00:50:00,1336.425,389.47366
1995-08-14 00:51:00,925.61,555.7044
1995-08-14 00:52:00,1370.32,601.65204
1995-08-14 00:53:00,1289.988,616.8803
1995-08-14 00:54:00,318.371,621.3435
1995-08-14 00:55:00,1471.556,754.59735
1995-08-14 00:56:00,503.914,593.5674
1995-08-14 00:57:00,382.532,561.92456
1995-08-14 00:58:00,1848.891,566.26416
1995-08-14 00:59:00,336.56,532.4984
1995-08-14 01:00:00,369.914,603.48193
1995-08-14 01:01:00,754.268,472.98004
1995-08-14 01:02:00,263.339,285.34598
1995-08-14 01:03:00,341.703,526.0756
1995-08-14 01:04:00,1244.265,457.9057
1995-08-14 01:05:00,521.746,344.16162
1995-08-14 01:06:00,437.645,413.91187
1995-08-14 01:07:00,691.736,565.8153
1995-08-14 01:08:00,342.68,454.3275
1995-08-14 01:09:00,312.618,524.58984
1995-08-14 01:10:00,469.98,472.50317
1995-08-14 01:11:00,457.88,510.71103
1995-08-14 01:12:00,304.649,304.74286
1995-08-14 01:13:00,109.973,386.81296
1995-08-14 01:14:00,808.5039999999999,471.00253
1995-08-14 01:15:00,414.38,456.02243
1995-08-14 01:16:00,450.165,415.12347
1995-08-14 01:17:00,146.392,494.47473
1995-08-14 01:18:00,333.051,402.49286
1995-08-14 01:19:00,314.658,187.04324
1995-08-14 01:20:00,259.212,321.48044
1995-08-14 01:21:00,202.176,421.12497
1995-08-14 01:22:00,189.288,381.05087
1995-08-14 01:23:00,481.14,289.81757
1995-08-14 01:24:00,209.401,273.02472
1995-08-14 01:25:00,328.47799999999995,340.33627
1995-08-14 01:26:00,231.331,423.23224
1995-08-14 01:27:00,361.657,472.7647
1995-08-14 01:28:00,742.333,320.28156
1995-08-14 01:29:00,460.064,299.77048
1995-08-14 01:30:00,821.063,488.14474
1995-08-14 01:31:00,368.577,389.08118
1995-08-14 01:32:00,769.1850000000001,316.19077
1995-08-14 01:33:00,360.27299999999997,349.5301
1995-08-14 01:34:00,208.068,402.89017
1995-08-14 01:35:00,490.342,254.18356
1995-08-14 01:36:00,491.108,557.40485
1995-08-14 01:37:00,1082.8419999999999,356.3898
1995-08-14 01:38:00,182.975,337.11053
1995-08-14 01:39:00,1337.299,577.8934
1995-08-14 01:40:00,162.10399999999998,372.02615
1995-08-14 01:41:00,689.487,443.53116
1995-08-14 01:42:00,1376.753,374.03403
1995-08-14 01:43:00,351.267,481.88293
1995-08-14 01:44:00,298.862,300.47003
1995-08-14 01:45:00,544.286,444.61075
1995-08-14 01:46:00,1235.891,465.0644
1995-08-14 01:47:00,409.67,578.5822
1995-08-14 01:48:00,283.358,541.93646
1995-08-14 01:49:00,84.881,333.57144
1995-08-14 01:50:00,428.469,354.1782
1995-08-14 01:51:00,489.732,403.23505
1995-08-14 01:52:00,780.197,551.184
1995-08-14 01:53:00,345.399,338.11484
1995-08-14 01:54:00,433.05199999999996,361.92648
1995-08-14 01:55:00,1409.9279999999999,309.83408
1995-08-14 01:56:00,279.864,430.85834
1995-08-14 01:57:00,533.553,443.6009
1995-08-14 01:58:00,318.782,293.81766
1995-08-14 01:59:00,111.44200000000001,200.8671
1995-08-14 02:00:00,1037.1219999999998,390.1171
1995-08-14 02:01:00,619.7280000000001,324.27185
1995-08-14 02:02:00,574.722,395.26996
1995-08-14 02:03:00,317.145,423.54187
1995-08-14 02:04:00,303.411,266.51987
1995-08-14 02:05:00,210.947,361.90158
1995-08-14 02:06:00,312.32800000000003,148.66493
1995-08-14 02:07:00,169.325,285.66333
1995-08-14 02:08:00,997.057,263.3259
1995-08-14 02:09:00,165.684,225.65585
1995-08-14 02:10:00,567.012,454.75912
1995-08-14 02:11:00,419.5,398.96094
1995-08-14 02:12:00,404.48499999999996,521.6727
1995-08-14 02:13:00,101.858,322.7668
1995-08-14 02:14:00,374.375,333.71506
1995-08-14 02:15:00,468.775,413.21545
1995-08-14 02:16:00,452.367,377.79117
1995-08-14 02:17:00,242.665,319.2916
1995-08-14 02:18:00,456.396,375.8408
1995-08-14 02:19:00,631.915,357.95834
1995-08-14 02:20:00,734.1460000000001,291.45154
1995-08-14 02:21:00,150.524,344.07257
1995-08-14 02:22:00,691.626,338.46915
1995-08-14 02:23:00,336.508,229.69473
1995-08-14 02:24:00,208.79299999999998,295.6305
1995-08-14 02:25:00,220.8,309.60147
1995-08-14 02:26:00,1908.277,374.59882
1995-08-14 02:27:00,344.533,281.95273
1995-08-14 02:28:00,316.874,260.79422
1995-08-14 02:29:00,309.383,281.581
1995-08-14 02:30:00,981.9540000000001,391.09933
1995-08-14 02:31:00,750.821,269.94757
1995-08-14 02:32:00,930.787,401.29367
1995-08-14 02:33:00,202.819,379.62076
1995-08-14 02:34:00,139.445,352.31168
1995-08-14 02:35:00,127.829,412.07224
1995-08-14 02:36:00,149.625,296.53925
1995-08-14 02:37:00,409.974,356.21823
1995-08-14 02:38:00,586.1370000000001,385.84756
1995-08-14 02:39:00,234.37699999999998,397.7882
1995-08-14 02:40:00,652.5830000000001,400.3753
1995-08-14 02:41:00,551.73,436.73868
1995-08-14 02:42:00,334.111,372.62677
1995-08-14 02:43:00,203.34300000000002,306.96722
1995-08-14 02:44:00,213.74599999999998,281.2356
1995-08-14 02:45:00,131.622,264.75653
1995-08-14 02:46:00,157.497,302.18698
1995-08-14 02:47:00,737.3789999999999,257.10504
1995-08-14 02:48:00,65.809,271.77515
1995-08-14 02:49:00,130.463,265.41122
1995-08-14 02:50:00,221.142,282.95996
1995-08-14 02:51:00,148.019,385.2218
1995-08-14 02:52:00,197.876,356.926
1995-08-14 02:53:00,646.0600000000001,366.5607
1995-08-14 02:54:00,365.60299999999995,255.34021
1995-08-14 02:55:00,151.606,373.22034
1995-08-14 02:56:00,308.57500000000005,285.6706
1995-08-14 02:57:00,56.037,261.98697
1995-08-14 02:58:00,367.994,348.60132
1995-08-14 02:59:00,1137.102,220.62117
1995-08-14 03:00:00,38.313,223.50864
1995-08-14 03:01:00,469.96299999999997,161.7297
1995-08-14 03:02:00,101.961,211.53528
1995-08-14 03:03:00,35.919000000000004,149.28217
1995-08-14 03:04:00,1401.942,198.92917
1995-08-14 03:05:00,275.308,243.70944
1995-08-14 03:06:00,398.556,394.25488
1995-08-14 03:07:00,468.125,126.53807
1995-08-14 03:08:00,141.565,274.04895
1995-08-14 03:09:00,130.182,268.1528
1995-08-14 03:10:00,1245.343,299.30145
1995-08-14 03:11:00,134.38199999999998,280.3843
1995-08-14 03:12:00,224.577,334.12646
1995-08-14 03:13:00,295.221,319.25632
1995-08-14 03:14:00,399.41700000000003,296.65717
1995-08-14 03:15:00,195.417,264.2256
1995-08-14 03:16:00,907.292,423.03708
1995-08-14 03:17:00,793.271,336.78018
1995-08-14 03:18:00,1392.601,257.8306
1995-08-14 03:19:00,321.307,239.94016
1995-08-14 03:20:00,321.88100000000003,210.12259
1995-08-14 03:21:00,78.065,137.41928
1995-08-14 03:22:00,222.171,293.77026
1995-08-14 03:23:00,216.619,183.83435
1995-08-14 03:24:00,3.674,3.909904
1995-08-14 03:25:00,63.045,144.3737
1995-08-14 03:26:00,1294.489,80.98964
1995-08-14 03:27:00,66.597,125.07745
1995-08-14 03:28:00,47.134,221.37965
1995-08-14 03:29:00,24.771,111.16689
1995-08-14 03:30:00,78.08699999999999,218.11818
1995-08-14 03:31:00,123.244,207.45578
1995-08-14 03:32:00,304.71,380.8458
1995-08-14 03:33:00,75.631,303.4423
1995-08-14 03:34:00,166.392,298.76593
1995-08-14 03:35:00,267.111,279.7145
1995-08-14 03:36:00,316.85,305.03183
1995-08-14 03:37:00,124.97500000000001,238.04257
1995-08-14 03:38:00,329.55,246.89381
1995-08-14 03:39:00,889.518,508.67715
1995-08-14 03:40:00,252.926,427.76614
1995-08-14 03:41:00,200.63,440.90292
1995-08-14 03:42:00,169.054,366.0722
1995-08-14 03:43:00,231.37199999999999,277.01102
1995-08-14 03:44:00,139.113,152.54208
1995-08-14 03:45:00,764.495,255.15887
1995-08-14 03:46:00,203.95499999999998,125.87479
1995-08-14 03:47:00,207.989,227.18033
1995-08-14 03:48:00,91.983,138.33752
1995-08-14 03:49:00,179.072,190.01678
1995-08-14 03:50:00,86.631,225.32733
1995-08-14 03:51:00,1022.3119999999999,89.57907
1995-08-14 03:52:00,242.65800000000002,195.58717
1995-08-14 03:53:00,55.719,189.85127
1995-08-14 03:54:00,260.846,279.77234
1995-08-14 03:55:00,1070.78,276.0661
1995-08-14 03:56:00,171.251,233.66702
1995-08-14 03:57:00,371.275,288.8558
1995-08-14 03:58:00,1859.588,289.29025
1995-08-14 03:59:00,1288.508,263.5661
1995-08-14 04:00:00,1860.812,449.40256
1995-08-14 04:01:00,1933.012,367.7877
1995-08-14 04:02:00,144.827,217.3143
1995-08-14 04:03:00,1519.399,318.2535
1995-08-14 04:04:00,178.952,233.57326
1995-08-14 04:05:00,173.156,360.35648
1995-08-14 04:06:00,123.592,217.17433
1995-08-14 04:07:00,979.7040000000001,149.85869
1995-08-14 04:08:00,183.855,277.29776
1995-08-14 04:09:00,354.729,406.68185
1995-08-14 04:10:00,1105.784,241.1748
1995-08-14 04:11:00,827.712,215.79848
1995-08-14 04:12:00,219.711,292.84854
1995-08-14 04:13:00,361.398,160.51833
1995-08-14 04:14:00,3.674,2.059033
1995-08-14 04:15:00,0.0,1.3408504
1995-08-14 04:20:00,471.292,99.96864
1995-08-14 04:22:00,240.954,223.87668
1995-08-14 04:23:00,742.1389999999999,136.67302
1995-08-14 04:24:00,40.049,128.46745
1995-08-14 04:25:00,398.192,310.15366
1995-08-14 04:26:00,502.48199999999997,230.06729
1995-08-14 04:27:00,64.935,67.82191
1995-08-14 04:28:00,52.492,133.47614
1995-08-14 04:29:00,252.34,223.46432
1995-08-14 04:30:00,1084.386,223.38824
1995-08-14 04:32:00,90.05300000000001,148.26987
1995-08-14 04:33:00,241.25400000000002,342.48215
1995-08-14 04:34:00,1209.9750000000001,355.27872
1995-08-14 04:35:00,71.619,203.0538
1995-08-14 04:36:00,1038.21,124.767624
1995-08-14 04:37:00,8.529,18.355404
1995-08-14 04:38:00,146.913,231.31615
1995-08-14 04:39:00,42.746,150.62538
1995-08-14 04:40:00,454.087,273.4119
1995-08-14 04:41:00,633.02,247.57253
1995-08-14 04:42:00,287.91700000000003,312.53604
1995-08-14 04:43:00,103.44,185.7367
1995-08-14 04:44:00,18.063,108.49062
1995-08-14 04:45:00,265.105,191.75552
1995-08-14 04:46:00,337.422,414.8539
1995-08-14 04:47:00,380.26300000000003,257.9659
1995-08-14 04:48:00,149.954,212.31686
1995-08-14 04:49:00,1273.267,282.43604
1995-08-14 04:50:00,178.127,295.9628
1995-08-14 04:51:00,156.501,219.7358
1995-08-14 04:52:00,227.228,202.72441
1995-08-14 04:53:00,72.463,161.83264
1995-08-14 04:54:00,3.674,2.1164389
1995-08-14 04:55:00,36.535,73.842674
1995-08-14 04:56:00,306.531,90.95575
1995-08-14 04:57:00,364.432,199.13959
1995-08-14 04:58:00,390.678,133.56087
1995-08-14 04:59:00,454.291,357.41464
1995-08-14 05:00:00,309.866,429.94458
1995-08-14 05:01:00,442.32300000000004,249.66718
1995-08-14 05:02:00,593.6519999999999,525.35657
1995-08-14 05:03:00,751.6959999999999,496.0244
1995-08-14 05:04:00,582.482,481.926
1995-08-14 05:05:00,1010.7230000000001,305.36572
1995-08-14 05:06:00,197.221,289.86874
1995-08-14 05:07:00,303.103,188.80016
1995-08-14 05:08:00,1190.213,317.27783
1995-08-14 05:09:00,192.433,300.8312
1995-08-14 05:10:00,329.514,276.4708
1995-08-14 05:11:00,392.336,439.88864
1995-08-14 05:12:00,292.446,183.76755
1995-08-14 05:13:00,89.941,203.87218
1995-08-14 05:14:00,55.980999999999995,166.67809
1995-08-14 05:15:00,67.229,230.87999
1995-08-14 05:16:00,76.418,124.14297
1995-08-14 05:17:00,109.422,367.97238
1995-08-14 05:18:00,14.806,124.28316
1995-08-14 05:19:00,1420.2640000000001,236.80858
1995-08-14 05:20:00,475.148,49.32743
1995-08-14 05:21:00,179.043,247.00317
1995-08-14 05:22:00,190.605,261.38345
1995-08-14 05:23:00,282.9,256.96848
1995-08-14 05:24:00,91.43,265.3538
1995-08-14 05:25:00,538.3879999999999,312.10666
1995-08-14 05:26:00,324.11899999999997,194.47838
1995-08-14 05:27:00,472.281,309.96185
1995-08-14 05:28:00,153.947,120.52904
1995-08-14 05:29:00,254.149,181.62556
1995-08-14 05:30:00,509.034,421.62244
1995-08-14 05:31:00,406.601,273.33417
1995-08-14 05:32:00,51.507999999999996,251.7662
1995-08-14 05:33:00,238.248,286.62604
1995-08-14 05:34:00,174.895,252.09305
1995-08-14 05:35:00,660.938,195.16505
1995-08-14 05:36:00,441.34999999999997,299.719
1995-08-14 05:37:00,1504.0390000000002,281.28296
1995-08-14 05:38:00,1644.636,222.61427
1995-08-14 05:39:00,62.539,310.00754
1995-08-14 05:40:00,100.382,399.67828
1995-08-14 05:41:00,651.992,390.413
1995-08-14 05:42:00,93.745,187.58119
1995-08-14 05:43:00,376.945,286.30063
1995-08-14 05:44:00,1908.027,448.72076
1995-08-14 05:45:00,243.662,248.77577
1995-08-14 05:46:00,1137.9189999999999,332.33716
1995-08-14 05:47:00,887.308,589.4298
1995-08-14 05:48:00,1263.265,254.92384
1995-08-14 05:49:00,194.309,328.90863
1995-08-14 05:50:00,101.018,200.72739
1995-08-14 05:51:00,233.156,337.15567
1995-08-14 05:52:00,156.011,296.33685
1995-08-14 05:53:00,124.91199999999999,161.08423
1995-08-14 05:54:00,83.187,261.53027
1995-08-14 05:55:00,480.609,300.13815
1995-08-14 05:56:00,148.10899999999998,322.76218
1995-08-14 05:57:00,175.161,339.74756
1995-08-14 05:58:00,197.64600000000002,198.2638
1995-08-14 05:59:00,144.425,268.03796
1995-08-14 06:00:00,1.602,5.604947
1995-08-14 06:01:00,32.867999999999995,52.05206
1995-08-14 06:02:00,128.028,97.64894
1995-08-14 06:03:00,162.271,243.51709
1995-08-14 06:04:00,113.938,118.712814
1995-08-14 06:05:00,651.177,42.351185
1995-08-14 06:06:00,191.69899999999998,99.358086
1995-08-14 06:07:00,14.149000000000001,50.535835
1995-08-14 06:08:00,31.72,112.38869
1995-08-14 06:09:00,130.792,147.83525
1995-08-14 06:10:00,59.42,144.38576
1995-08-14 06:11:00,626.1429999999999,165.7461
1995-08-14 06:12:00,35.104,161.79832
1995-08-14 06:13:00,217.768,214.03853
1995-08-14 06:14:00,507.684,228.18745
1995-08-14 06:15:00,192.02599999999998,226.53201
1995-08-14 06:16:00,152.158,208.23743
1995-08-14 06:17:00,393.27200000000005,244.78789
1995-08-14 06:18:00,85.201,199.91821
1995-08-14 06:19:00,257.541,279.07233
1995-08-14 06:20:00,121.795,209.93552
1995-08-14 06:21:00,174.92899999999997,148.6792
1995-08-14 06:22:00,199.29199999999997,185.32977
1995-08-14 06:23:00,1311.907,170.99341
1995-08-14 06:24:00,85.49,204.88911
1995-08-14 06:25:00,140.006,183.03334
1995-08-14 06:26:00,409.374,269.89874
1995-08-14 06:27:00,162.745,228.68886
1995-08-14 06:28:00,416.31300000000005,446.19806
1995-08-14 06:29:00,158.712,309.8526
1995-08-14 06:30:00,1420.723,393.09314
1995-08-14 06:31:00,2003.49,379.11725
1995-08-14 06:32:00,875.655,163.62555
1995-08-14 06:33:00,177.705,207.00708
1995-08-14 06:34:00,230.853,290.12292
1995-08-14 06:35:00,822.2559999999999,253.27477
1995-08-14 06:36:00,174.292,251.03049
1995-08-14 06:37:00,105.86,239.35252
1995-08-14 06:38:00,610.434,245.50114
1995-08-14 06:39:00,284.76,490.65408
1995-08-14 06:40:00,376.35200000000003,380.966
1995-08-14 06:41:00,112.49400000000001,298.98587
1995-08-14 06:42:00,393.956,246.05669
1995-08-14 06:43:00,485.19,313.78375
1995-08-14 06:44:00,773.032,394.30087
1995-08-14 06:45:00,1660.6700000000003,282.33713
1995-08-14 06:46:00,324.161,606.2519
1995-08-14 06:47:00,1964.731,418.18085
1995-08-14 06:48:00,869.111,387.27515
1995-08-14 06:49:00,619.658,572.5435
1995-08-14 06:50:00,304.322,567.6958
1995-08-14 06:51:00,255.369,237.3269
1995-08-14 06:52:00,1516.796,350.33313
1995-08-14 06:53:00,316.125,415.90002
1995-08-14 06:54:00,292.829,274.111
1995-08-14 06:55:00,26.194,197.22098
1995-08-14 06:56:00,238.746,433.05496
1995-08-14 06:57:00,163.317,278.93228
1995-08-14 06:58:00,128.097,413.3245
1995-08-14 06:59:00,38.202,234.18399
1995-08-14 07:00:00,371.44,324.09882
1995-08-14 07:01:00,63.41,323.89795
1995-08-14 07:02:00,236.901,285.639
1995-08-14 07:03:00,73.073,247.41493
1995-08-14 07:04:00,651.643,304.10294
1995-08-14 07:05:00,164.094,213.02548
1995-08-14 07:06:00,80.608,210.99629
1995-08-14 07:07:00,314.511,312.4734
1995-08-14 07:08:00,1108.947,316.9708
1995-08-14 07:09:00,326.733,403.69562
1995-08-14 07:10:00,1248.437,279.64545
1995-08-14 07:11:00,203.058,365.54575
1995-08-14 07:12:00,363.322,390.54163
1995-08-14 07:13:00,405.053,331.34143
1995-08-14 07:14:00,427.26,386.48947
1995-08-14 07:15:00,939.84,454.88867
1995-08-14 07:16:00,369.113,385.35388
1995-08-14 07:17:00,117.773,431.6661
1995-08-14 07:18:00,929.044,435.59903
1995-08-14 07:19:00,392.127,479.78207
1995-08-14 07:20:00,183.497,373.61954
1995-08-14 07:21:00,315.104,328.92703
1995-08-14 07:22:00,355.311,266.67157
1995-08-14 07:23:00,1226.383,553.18427
1995-08-14 07:24:00,325.316,417.8278
1995-08-14 07:25:00,387.796,482.7901
1995-08-14 07:26:00,291.9,385.98962
1995-08-14 07:27:00,1203.8370000000002,471.1009
1995-08-14 07:28:00,1352.165,491.46237
1995-08-14 07:29:00,1131.117,410.02866
1995-08-14 07:30:00,761.8290000000001,464.70673
1995-08-14 07:31:00,1217.4019999999998,607.82446
1995-08-14 07:32:00,232.996,568.0484
1995-08-14 07:33:00,189.484,615.3722
1995-08-14 07:34:00,137.59,480.35278
1995-08-14 07:35:00,261.956,364.48618
1995-08-14 07:36:00,416.29200000000003,162.855
1995-08-14 07:37:00,218.807,392.61725
1995-08-14 07:38:00,245.85500000000002,339.86832
1995-08-14 07:39:00,67.368,211.44713
1995-08-14 07:40:00,369.824,388.56775
1995-08-14 07:41:00,218.051,353.46082
1995-08-14 07:42:00,731.8919999999999,363.721
1995-08-14 07:43:00,544.202,441.48087
1995-08-14 07:44:00,343.45,427.23245
1995-08-14 07:45:00,568.0079999999999,442.40936
1995-08-14 07:46:00,584.747,684.0553
1995-08-14 07:47:00,152.964,368.02304
1995-08-14 07:48:00,314.762,323.89456
1995-08-14 07:49:00,546.857,328.01315
1995-08-14 07:50:00,178.66,268.5021
1995-08-14 07:51:00,205.989,322.9472
1995-08-14 07:52:00,83.491,306.14157
1995-08-14 07:53:00,781.405,483.37155
1995-08-14 07:54:00,654.439,365.52722
1995-08-14 07:55:00,258.967,484.53076
1995-08-14 07:56:00,159.15,261.79468
1995-08-14 07:57:00,1580.863,310.5129
1995-08-14 07:58:00,202.664,293.3214
1995-08-14 07:59:00,213.75,440.62863
1995-08-14 08:00:00,149.155,289.48798
1995-08-14 08:01:00,104.025,275.4986
1995-08-14 08:02:00,389.81,383.984
1995-08-14 08:03:00,400.099,370.51816
1995-08-14 08:04:00,156.622,263.45636
1995-08-14 08:05:00,72.509,273.74118
1995-08-14 08:06:00,502.923,248.3557
1995-08-14 08:07:00,258.665,409.55423
1995-08-14 08:08:00,618.8999999999999,347.28003
1995-08-14 08:09:00,239.776,269.3048
1995-08-14 08:10:00,297.027,355.25986
1995-08-14 08:11:00,407.924,421.04306
1995-08-14 08:12:00,461.19199999999995,443.32327
1995-08-14 08:13:00,379.56100000000004,274.8604
1995-08-14 08:14:00,117.67999999999999,315.5376
1995-08-14 08:15:00,189.198,323.3896
1995-08-14 08:16:00,593.7719999999999,246.94135
1995-08-14 08:17:00,343.776,507.17963
1995-08-14 08:18:00,370.112,505.49417
1995-08-14 08:19:00,336.325,407.19128
1995-08-14 08:20:00,480.7,434.0726
1995-08-14 08:21:00,454.155,455.55304
1995-08-14 08:22:00,258.253,399.85007
1995-08-14 08:23:00,608.396,384.152
1995-08-14 08:24:00,472.328,471.664
1995-08-14 08:25:00,698.014,741.4219
1995-08-14 08:26:00,636.63,620.6913
1995-08-14 08:27:00,367.58,548.2764
1995-08-14 08:28:00,1372.391,485.9446
1995-08-14 08:29:00,577.511,638.89935
1995-08-14 08:30:00,224.769,510.08017
1995-08-14 08:31:00,433.432,503.68173
1995-08-14 08:32:00,288.123,381.52682
1995-08-14 08:33:00,626.603,507.38223
1995-08-14 08:34:00,1016.226,585.8125
1995-08-14 08:35:00,488.386,613.6119
1995-08-14 08:36:00,1068.2549999999999,589.7072
1995-08-14 08:37:00,865.157,605.6852
1995-08-14 08:38:00,434.065,559.6887
1995-08-14 08:39:00,494.35699999999997,805.7537
1995-08-14 08:40:00,500.482,606.36975
1995-08-14 08:41:00,782.671,643.6777
1995-08-14 08:42:00,923.653,796.23346
1995-08-14 08:43:00,1187.174,821.77655
1995-08-14 08:44:00,394.39799999999997,837.3641
1995-08-14 08:45:00,1402.887,809.0932
1995-08-14 08:46:00,390.447,988.87885
1995-08-14 08:47:00,170.679,631.9587
1995-08-14 08:48:00,685.323,734.70807
1995-08-14 08:49:00,1353.389,549.9842
1995-08-14 08:50:00,238.642,513.1792
1995-08-14 08:51:00,883.117,500.7732
1995-08-14 08:52:00,549.938,639.82635
1995-08-14 08:53:00,824.478,663.96625
1995-08-14 08:54:00,512.554,718.9709
1995-08-14 08:55:00,563.71,832.6947
1995-08-14 08:56:00,1770.3939999999998,1044.8904
1995-08-14 08:57:00,2222.713,711.83374
1995-08-14 08:58:00,487.14500000000004,909.6416
1995-08-14 08:59:00,568.986,869.82465
1995-08-14 09:00:00,814.468,1081.8889
1995-08-14 09:01:00,814.365,637.7001
1995-08-14 09:02:00,301.422,609.40845
1995-08-14 09:03:00,204.292,485.2977
1995-08-14 09:04:00,1280.069,640.9843
1995-08-14 09:05:00,513.555,844.3973
1995-08-14 09:06:00,599.14,641.4868
1995-08-14 09:07:00,333.113,622.802
1995-08-14 09:08:00,811.02,574.72437
1995-08-14 09:09:00,732.824,567.1718
1995-08-14 09:10:00,708.078,630.4547
1995-08-14 09:11:00,1203.115,1013.37225
1995-08-14 09:12:00,919.447,699.92175
1995-08-14 09:13:00,1297.903,1211.1016
1995-08-14 09:14:00,1167.431,1009.3737
1995-08-14 09:15:00,1293.088,892.21686
1995-08-14 09:16:00,1212.912,1163.4084
1995-08-14 09:17:00,435.366,585.12787
1995-08-14 09:18:00,478.582,547.4013
1995-08-14 09:19:00,455.745,688.68524
1995-08-14 09:20:00,294.174,527.48016
1995-08-14 09:21:00,351.55199999999996,577.2972
1995-08-14 09:22:00,357.302,629.6335
1995-08-14 09:23:00,962.789,670.286
1995-08-14 09:24:00,466.864,602.52136
1995-08-14 09:25:00,784.3539999999999,746.33514
1995-08-14 09:26:00,746.976,665.0859
1995-08-14 09:27:00,477.727,769.9445
1995-08-14 09:28:00,1317.606,865.36273
1995-08-14 09:29:00,1244.422,802.75024
1995-08-14 09:30:00,415.328,681.9965
1995-08-14 09:31:00,899.757,746.70764
1995-08-14 09:32:00,2410.302,770.6731
1995-08-14 09:33:00,1345.227,856.2641
1995-08-14 09:34:00,1002.24,728.6375
1995-08-14 09:35:00,1355.985,1029.05
1995-08-14 09:36:00,1126.528,1298.9742
1995-08-14 09:37:00,1182.48,1394.3905
1995-08-14 09:38:00,2181.5820000000003,1183.4225
1995-08-14 09:39:00,1392.3319999999999,931.04083
1995-08-14 09:40:00,1214.7839999999999,1171.4174
1995-08-14 09:41:00,939.734,1071.1925
1995-08-14 09:42:00,2783.619,981.987
1995-08-14 09:43:00,1367.954,962.4546
1995-08-14 09:44:00,1531.6270000000002,972.60785
1995-08-14 09:45:00,1589.949,921.9259
1995-08-14 09:46:00,711.101,1175.8365
1995-08-14 09:47:00,460.192,837.41846
1995-08-14 09:48:00,1344.738,1231.8579
1995-08-14 09:49:00,825.865,1165.2015
1995-08-14 09:50:00,2077.0409999999997,1217.8422
1995-08-14 09:51:00,985.062,810.4018
1995-08-14 09:52:00,855.1370000000001,730.8467
1995-08-14 09:53:00,410.929,1161.076
1995-08-14 09:54:00,548.273,931.85846
1995-08-14 09:55:00,463.962,695.998
1995-08-14 09:56:00,674.511,856.9806
1995-08-14 09:57:00,1035.699,687.39136
1995-08-14 09:58:00,466.26899999999995,770.8273
1995-08-14 09:59:00,1383.6779999999999,840.3003
1995-08-14 10:00:00,726.657,804.6539
1995-08-14 10:01:00,1187.905,834.57477
1995-08-14 10:02:00,572.3149999999999,771.76526
1995-08-14 10:03:00,436.53,947.7329
1995-08-14 10:04:00,728.8100000000001,975.67816
1995-08-14 10:05:00,1357.1770000000001,976.9415
1995-08-14 10:06:00,672.579,1041.785
1995-08-14 10:07:00,1172.528,946.7875
1995-08-14 10:08:00,1192.793,1186.0607
1995-08-14 10:09:00,1017.281,1213.7737
1995-08-14 10:10:00,1652.3280000000002,823.253
1995-08-14 10:11:00,911.37,968.4737
1995-08-14 10:12:00,466.595,934.3069
1995-08-14 10:13:00,1354.0520000000001,847.1429
1995-08-14 10:14:00,1494.628,989.1101
1995-08-14 10:15:00,948.269,999.7132
1995-08-14 10:16:00,1706.3529999999998,1083.0498
1995-08-14 10:17:00,1422.512,1062.4495
1995-08-14 10:18:00,1122.654,940.669
1995-08-14 10:19:00,858.518,695.6747
1995-08-14 10:20:00,644.083,996.2254
1995-08-14 10:21:00,1245.232,909.655
1995-08-14 10:22:00,997.2049999999999,704.6765
1995-08-14 10:23:00,904.328,893.29846
1995-08-14 10:24:00,1378.14,1095.9615
1995-08-14 10:25:00,1237.8519999999999,1031.6506
1995-08-14 10:26:00,217.963,292.0075
1995-08-14 10:27:00,716.992,869.8732
1995-08-14 10:28:00,1008.517,976.5112
1995-08-14 10:29:00,1218.377,940.8406
1995-08-14 10:30:00,828.645,879.29095
1995-08-14 10:31:00,877.034,826.3031
1995-08-14 10:32:00,577.572,971.56525
1995-08-14 10:33:00,1315.33,696.845
1995-08-14 10:34:00,305.23199999999997,690.0435
1995-08-14 10:35:00,815.334,559.9179
1995-08-14 10:36:00,331.755,622.7728
1995-08-14 10:37:00,746.861,546.8963
1995-08-14 10:38:00,599.62,630.23645
1995-08-14 10:39:00,335.21,640.25464
1995-08-14 10:40:00,529.735,659.2538
1995-08-14 10:41:00,2269.597,771.142
1995-08-14 10:42:00,1351.873,930.63293
1995-08-14 10:43:00,459.61699999999996,806.2998
1995-08-14 10:44:00,3779.51,704.3108
1995-08-14 10:45:00,680.443,917.23865
1995-08-14 10:46:00,1010.401,933.2474
1995-08-14 10:47:00,1971.7259999999999,1107.736
1995-08-14 10:48:00,920.009,1211.1039
1995-08-14 10:49:00,1222.741,1289.4631
1995-08-14 10:50:00,624.436,854.66156
1995-08-14 10:51:00,564.675,933.43494
1995-08-14 10:52:00,1089.367,823.0066
1995-08-14 10:53:00,644.136,847.4936
1995-08-14 10:54:00,1103.494,600.2642
1995-08-14 10:55:00,236.88299999999998,584.70325
1995-08-14 10:56:00,1016.7090000000001,525.64276
1995-08-14 10:57:00,738.223,629.048
1995-08-14 10:58:00,663.0649999999999,724.4118
1995-08-14 10:59:00,1424.63,543.7715
1995-08-14 11:00:00,686.799,601.8711
1995-08-14 11:01:00,796.507,1021.04095
1995-08-14 11:02:00,1731.277,830.8557
1995-08-14 11:03:00,826.795,1296.4916
1995-08-14 11:04:00,2453.1,955.08093
1995-08-14 11:05:00,562.451,929.2342
1995-08-14 11:06:00,448.412,800.2851
1995-08-14 11:07:00,317.431,651.84326
1995-08-14 11:08:00,821.846,716.6097
1995-08-14 11:09:00,1201.097,1023.47034
1995-08-14 11:10:00,442.858,1000.20056
1995-08-14 11:11:00,1040.857,1137.8411
1995-08-14 11:12:00,1124.891,921.4587
1995-08-14 11:13:00,444.55,698.6762
1995-08-14 11:14:00,1343.4579999999999,842.85754
1995-08-14 11:15:00,1100.26,1109.644
1995-08-14 11:16:00,885.717,908.4404
1995-08-14 11:17:00,2397.839,1045.4417
1995-08-14 11:18:00,691.706,792.5689
1995-08-14 11:19:00,750.762,797.8226
1995-08-14 11:20:00,1097.4,945.92914
1995-08-14 11:21:00,786.519,1013.4351
1995-08-14 11:22:00,1970.535,891.01953
1995-08-14 11:23:00,1042.503,1064.3157
1995-08-14 11:24:00,871.232,931.14923
1995-08-14 11:25:00,866.982,986.42505
1995-08-14 11:26:00,1864.13,1185.7867
1995-08-14 11:27:00,1511.7269999999999,912.80865
1995-08-14 11:28:00,1102.132,998.7884
1995-08-14 11:29:00,1669.4379999999999,874.10675
1995-08-14 11:30:00,405.922,943.6345
1995-08-14 11:31:00,2628.018,869.03357
1995-08-14 11:32:00,602.6759999999999,973.5117
1995-08-14 11:33:00,1141.594,572.59247
1995-08-14 11:34:00,515.229,528.7497
1995-08-14 11:35:00,1943.9520000000002,657.7057
1995-08-14 11:36:00,579.753,753.8461
1995-08-14 11:37:00,1661.177,633.7876
1995-08-14 11:38:00,259.61,607.40656
1995-08-14 11:39:00,1742.3120000000001,964.4183
1995-08-14 11:40:00,864.813,1067.4469
1995-08-14 11:41:00,1349.5529999999999,943.0955
1995-08-14 11:42:00,523.972,802.51306
1995-08-14 11:43:00,1045.012,1110.0514
1995-08-14 11:44:00,1047.188,1113.7661
1995-08-14 11:45:00,495.29499999999996,1031.2971
1995-08-14 11:46:00,2822.469,896.51447
1995-08-14 11:47:00,1224.027,979.07166
1995-08-14 11:48:00,697.477,1153.6646
1995-08-14 11:49:00,1170.808,916.2221
1995-08-14 11:50:00,1042.326,898.0976
1995-08-14 11:51:00,437.738,834.44135
1995-08-14 11:52:00,284.822,813.1236
1995-08-14 11:53:00,707.484,766.28
1995-08-14 11:54:00,596.176,909.5157
1995-08-14 11:55:00,381.446,933.7821
1995-08-14 11:56:00,366.158,927.33496
1995-08-14 11:57:00,237.746,708.6106
1995-08-14 11:58:00,1460.634,632.6085
1995-08-14 11:59:00,677.311,775.977
1995-08-14 12:00:00,1831.0279999999998,667.68964
1995-08-14 12:01:00,612.966,920.3588
1995-08-14 12:02:00,811.519,885.32745
1995-08-14 12:03:00,375.432,870.5774
1995-08-14 12:04:00,1309.155,661.4578
1995-08-14 12:05:00,179.381,575.63043
1995-08-14 12:06:00,334.38,621.7653
1995-08-14 12:07:00,1546.7930000000001,690.691
1995-08-14 12:08:00,566.519,829.732
1995-08-14 12:09:00,509.951,832.3787
1995-08-14 12:10:00,648.169,714.45447
1995-08-14 12:11:00,1091.5030000000002,555.16364
1995-08-14 12:12:00,678.509,945.10187
1995-08-14 12:13:00,1468.129,885.90875
1995-08-14 12:14:00,481.315,990.8368
1995-08-14 12:15:00,684.14,863.7201
1995-08-14 12:16:00,1481.162,1128.1302
1995-08-14 12:17:00,1858.255,1206.3663
1995-08-14 12:18:00,1054.906,1257.8745
1995-08-14 12:19:00,804.663,1410.2715
1995-08-14 12:20:00,988.831,992.6991
1995-08-14 12:21:00,607.17,1164.2633
1995-08-14 12:22:00,2878.3160000000003,970.1106
1995-08-14 12:23:00,849.033,1212.2911
1995-08-14 12:24:00,467.16200000000003,870.48517
1995-08-14 12:25:00,1172.399,871.58167
1995-08-14 12:26:00,478.856,952.0295
1995-08-14 12:27:00,569.616,953.2022
1995-08-14 12:28:00,1952.708,1007.69226
1995-08-14 12:29:00,1300.057,1214.148
1995-08-14 12:30:00,581.6519999999999,1051.3196
1995-08-14 12:31:00,1186.3799999999999,747.10846
1995-08-14 12:32:00,1135.412,1112.739
1995-08-14 12:33:00,1281.016,1069.4897
1995-08-14 12:34:00,852.28,1224.5868
1995-08-14 12:35:00,797.49,1147.802
1995-08-14 12:36:00,1081.459,1203.9318
1995-08-14 12:37:00,1632.407,1115.9902
1995-08-14 12:38:00,1237.916,1012.83496
1995-08-14 12:39:00,1695.82,1288.7754
1995-08-14 12:40:00,1741.126,1424.4473
1995-08-14 12:41:00,1266.395,1271.1204
1995-08-14 12:42:00,1503.9,1420.4344
1995-08-14 12:43:00,2139.28,1520.2297
1995-08-14 12:44:00,1831.571,1597.2959
1995-08-14 12:45:00,1242.444,1362.3335
1995-08-14 12:46:00,873.462,1407.0525
1995-08-14 12:47:00,2433.667,1478.6277
1995-08-14 12:48:00,3172.889,1684.0542
1995-08-14 12:49:00,2673.846,1815.2816
1995-08-14 12:50:00,1584.8429999999998,1370.5219
1995-08-14 12:51:00,992.109,1476.1666
1995-08-14 12:52:00,1283.022,1648.8744
1995-08-14 12:53:00,1449.062,1232.9188
1995-08-14 12:54:00,1507.8529999999998,1165.5714
1995-08-14 12:55:00,1167.8210000000001,1611.949
1995-08-14 12:56:00,2465.9919999999997,1246.1174
1995-08-14 12:57:00,1891.309,1539.6301
1995-08-14 12:58:00,957.898,1393.1469
1995-08-14 12:59:00,958.8439999999999,1134.1095
1995-08-14 13:00:00,1809.79,1496.5638
1995-08-14 13:01:00,1721.451,1157.0612
1995-08-14 13:02:00,1413.846,1517.0566
1995-08-14 13:03:00,1745.811,1171.5565
1995-08-14 13:04:00,1933.735,1429.477
1995-08-14 13:05:00,863.638,1232.0154
1995-08-14 13:06:00,1355.413,1082.2401
1995-08-14 13:07:00,1745.056,1412.5681
1995-08-14 13:08:00,1353.636,1290.2399
1995-08-14 13:09:00,1205.568,1358.0004
1995-08-14 13:10:00,2005.066,1094.0039
1995-08-14 13:11:00,1362.458,1075.1067
1995-08-14 13:12:00,691.831,1416.6871
1995-08-14 13:13:00,396.736,1202.3551
1995-08-14 13:14:00,361.199,900.50336
1995-08-14 13:15:00,1308.808,946.67535
1995-08-14 13:16:00,1208.303,1350.4629
1995-08-14 13:17:00,572.874,999.5333
1995-08-14 13:18:00,608.861,1189.5549
1995-08-14 13:19:00,994.588,1238.65
1995-08-14 13:20:00,787.825,1134.4944
1995-08-14 13:21:00,686.864,1027.0657
1995-08-14 13:22:00,1446.506,1268.5916
1995-08-14 13:23:00,1091.7269999999999,1280.6307
1995-08-14 13:24:00,1523.129,1390.1638
1995-08-14 13:25:00,1208.209,1016.56036
1995-08-14 13:26:00,488.933,1227.4843
1995-08-14 13:27:00,1276.196,1194.2443
1995-08-14 13:28:00,2096.554,1478.2566
1995-08-14 13:29:00,789.47,1022.26447
1995-08-14 13:30:00,1336.085,1357.1213
1995-08-14 13:31:00,780.31,771.3913
1995-08-14 13:32:00,1014.17,791.2154
1995-08-14 13:33:00,1144.451,1106.8259
1995-08-14 13:34:00,841.166,977.0595
1995-08-14 13:35:00,1692.012,1342.3623
1995-08-14 13:36:00,1084.884,1101.0225
1995-08-14 13:37:00,1405.441,1479.3877
1995-08-14 13:38:00,1470.071,1221.9855
1995-08-14 13:39:00,2722.729,1472.2562
1995-08-14 13:40:00,2414.898,1226.5415
1995-08-14 13:41:00,1222.808,1341.7648
1995-08-14 13:42:00,875.116,1522.8405
1995-08-14 13:43:00,2634.182,1484.4414
1995-08-14 13:44:00,2416.087,1530.7725
1995-08-14 13:45:00,1560.059,1847.0826
1995-08-14 13:46:00,1406.044,1277.4733
1995-08-14 13:47:00,934.8539999999999,1500.47
1995-08-14 13:48:00,1010.8539999999999,1165.8207
1995-08-14 13:49:00,812.176,1143.8079
1995-08-14 13:50:00,634.257,861.70654
1995-08-14 13:51:00,542.619,834.8258
1995-08-14 13:52:00,755.577,926.2581
1995-08-14 13:53:00,652.476,924.7737
1995-08-14 13:54:00,1701.796,753.871
1995-08-14 13:55:00,437.998,763.0431
1995-08-14 13:56:00,756.492,821.66394
1995-08-14 13:57:00,1100.788,1059.21
1995-08-14 13:58:00,2192.574,1247.3579
1995-08-14 13:59:00,1117.982,1338.414
1995-08-14 14:00:00,828.376,751.17975
1995-08-14 14:01:00,1717.0900000000001,1218.6183
1995-08-14 14:02:00,1102.573,1254.6257
1995-08-14 14:03:00,1654.911,931.7019
1995-08-14 14:04:00,763.774,1213.7922
1995-08-14 14:05:00,762.489,1296.5986
1995-08-14 14:06:00,615.197,1059.0487
1995-08-14 14:07:00,408.206,651.8744
1995-08-14 14:08:00,512.689,802.08905
1995-08-14 14:09:00,788.227,820.4676
1995-08-14 14:10:00,593.835,785.54486
1995-08-14 14:11:00,823.791,904.86633
1995-08-14 14:12:00,1335.9709999999998,931.37286
1995-08-14 14:13:00,444.10999999999996,781.5226
1995-08-14 14:14:00,510.016,893.72546
1995-08-14 14:15:00,1089.971,649.8152
1995-08-14 14:16:00,621.3679999999999,866.85864
1995-08-14 14:17:00,844.4879999999999,875.30225
1995-08-14 14:18:00,538.2040000000001,1043.7874
1995-08-14 14:19:00,428.531,754.85535
1995-08-14 14:20:00,1695.661,657.0869
1995-08-14 14:21:00,343.491,817.06525
1995-08-14 14:22:00,362.877,629.118
1995-08-14 14:23:00,416.476,746.52045
1995-08-14 14:24:00,392.529,632.87354
1995-08-14 14:25:00,316.35699999999997,734.74774
1995-08-14 14:26:00,513.341,528.1716
1995-08-14 14:27:00,615.341,561.87006
1995-08-14 14:28:00,689.4219999999999,683.0401
1995-08-14 14:29:00,760.269,807.79706
1995-08-14 14:30:00,927.034,726.0505
1995-08-14 14:31:00,661.236,845.7072
1995-08-14 14:32:00,827.524,894.2781
1995-08-14 14:33:00,1356.093,769.857
1995-08-14 14:34:00,890.883,1067.3195
1995-08-14 14:35:00,1081.771,1046.7228
1995-08-14 14:36:00,999.184,1106.0
1995-08-14 14:37:00,1894.562,1156.4875
1995-08-14 14:38:00,709.27,990.26276
1995-08-14 14:39:00,2618.106,1060.6508
1995-08-14 14:40:00,1229.822,1208.5209
1995-08-14 14:41:00,1861.8450000000003,974.3062
1995-08-14 14:42:00,2170.52,1606.9337
1995-08-14 14:43:00,1093.3039999999999,1040.0114
1995-08-14 14:44:00,1693.04,1069.4872
1995-08-14 14:45:00,2218.929,1228.4875
1995-08-14 14:46:00,1260.576,1520.512
1995-08-14 14:47:00,581.533,1215.0283
1995-08-14 14:48:00,1055.129,1156.8922
1995-08-14 14:49:00,754.819,1063.8007
1995-08-14 14:50:00,1287.42,1032.0195
1995-08-14 14:51:00,2149.862,891.30927
1995-08-14 14:52:00,832.48,1035.5885
1995-08-14 14:53:00,1179.37,1040.8163
1995-08-14 14:54:00,698.46,912.09784
1995-08-14 14:55:00,1424.253,943.385
1995-08-14 14:56:00,1206.929,1223.3777
1995-08-14 14:57:00,1368.297,1289.6681
1995-08-14 14:58:00,2053.333,1411.7568
1995-08-14 14:59:00,304.605,1012.7712
1995-08-14 15:00:00,1623.4430000000002,653.5252
1995-08-14 15:01:00,930.415,1247.2805
1995-08-14 15:02:00,2040.094,1239.8712
1995-08-14 15:03:00,1677.682,1387.8632
1995-08-14 15:04:00,1317.7759999999998,1451.1934
1995-08-14 15:05:00,1358.337,1526.9718
1995-08-14 15:06:00,4160.961,1287.0858
1995-08-14 15:07:00,789.721,1516.1643
1995-08-14 15:08:00,874.862,1000.4078
1995-08-14 15:09:00,2100.728,1243.6752
1995-08-14 15:10:00,2284.745,1487.4442
1995-08-14 15:11:00,1989.858,1269.3594
1995-08-14 15:12:00,719.114,974.4327
1995-08-14 15:13:00,1605.2659999999998,1364.7566
1995-08-14 15:14:00,1026.607,1511.0654
1995-08-14 15:15:00,1371.353,1283.2098
1995-08-14 15:16:00,1074.36,1322.4653
1995-08-14 15:17:00,684.283,1254.4641
1995-08-14 15:18:00,1167.9,1507.6898
1995-08-14 15:19:00,895.82,1135.3871
1995-08-14 15:20:00,750.607,738.69
1995-08-14 15:21:00,597.388,979.96515
1995-08-14 15:22:00,989.8149999999999,1060.1001
1995-08-14 15:23:00,1736.6119999999999,817.34576
1995-08-14 15:24:00,566.784,951.02435
1995-08-14 15:25:00,972.666,919.5021
1995-08-14 15:26:00,472.632,949.4273
1995-08-14 15:27:00,1199.936,993.2162
1995-08-14 15:28:00,835.8589999999999,851.2663
1995-08-14 15:29:00,1444.222,969.5528
1995-08-14 15:30:00,1205.608,930.40326
1995-08-14 15:31:00,1449.866,1015.9216
1995-08-14 15:32:00,1873.422,1057.9495
1995-08-14 15:33:00,2448.3779999999997,1157.0833
1995-08-14 15:34:00,1943.984,1199.011
1995-08-14 15:35:00,0.0,7.1776953
1995-08-14 15:40:00,453.52,798.8174
1995-08-14 15:42:00,1024.05,1385.2478
1995-08-14 15:43:00,921.015,1028.888
1995-08-14 15:44:00,592.784,1017.77704
1995-08-14 15:45:00,2222.273,1247.487
1995-08-14 15:46:00,757.602,987.7009
1995-08-14 15:47:00,773.612,918.43475
1995-08-14 15:48:00,382.423,706.7631
1995-08-14 15:49:00,2072.987,959.2693
1995-08-14 15:50:00,1509.815,1405.9646
1995-08-14 15:52:00,998.51,943.49945
1995-08-14 15:53:00,1088.322,1065.5924
1995-08-14 15:54:00,1110.527,1002.46124
1995-08-14 15:55:00,3103.1519999999996,1327.9031
1995-08-14 15:56:00,2175.589,1283.246
1995-08-14 15:57:00,369.84499999999997,357.23984
1995-08-14 15:58:00,597.1949999999999,1160.264
1995-08-14 15:59:00,1056.569,994.3793
1995-08-14 16:00:00,313.891,569.20526
1995-08-14 16:01:00,803.095,684.1879
1995-08-14 16:02:00,312.157,639.56085
1995-08-14 16:03:00,357.909,563.1195
1995-08-14 16:04:00,326.283,812.6327
1995-08-14 16:05:00,1551.066,588.1092
1995-08-14 16:06:00,515.084,969.0027
1995-08-14 16:07:00,729.928,895.753
1995-08-14 16:08:00,428.209,1070.6625
1995-08-14 16:09:00,1683.277,974.30664
1995-08-14 16:10:00,1492.4289999999999,934.8034
1995-08-14 16:11:00,508.432,1104.1498
1995-08-14 16:12:00,482.602,878.0636
1995-08-14 16:13:00,1286.266,791.8555
1995-08-14 16:14:00,689.566,1190.3323
1995-08-14 16:15:00,984.22,939.3404
1995-08-14 16:16:00,930.555,1277.9159
1995-08-14 16:17:00,1212.415,924.2018
1995-08-14 16:18:00,2595.06,959.6155
1995-08-14 16:19:00,1328.035,1113.6885
1995-08-14 16:20:00,1704.872,1112.9132
1995-08-14 16:21:00,873.567,1191.0432
1995-08-14 16:22:00,1355.826,1155.2524
1995-08-14 16:23:00,1304.294,1129.2335
1995-08-14 16:24:00,261.223,1142.0564
1995-08-14 16:25:00,1153.514,1053.3583
1995-08-14 16:26:00,872.843,1041.2312
1995-08-14 16:27:00,1477.559,1201.06
1995-08-14 16:28:00,1626.759,1091.8214
1995-08-14 16:29:00,2502.615,1240.636
1995-08-14 16:30:00,2410.977,1252.8494
1995-08-14 16:31:00,1698.143,1171.8289
1995-08-14 16:32:00,936.249,1120.3792
1995-08-14 16:33:00,1156.224,1051.0111
1995-08-14 16:34:00,1100.236,1131.3956
1995-08-14 16:35:00,1031.518,1465.4144
1995-08-14 16:36:00,2448.413,1366.2207
1995-08-14 16:37:00,1079.549,1162.5947
1995-08-14 16:38:00,2101.144,1134.0786
1995-08-14 16:39:00,591.459,778.8707
1995-08-14 16:40:00,1715.923,1288.2091
1995-08-14 16:41:00,2220.691,948.47015
1995-08-14 16:42:00,976.2280000000001,867.7194
1995-08-14 16:43:00,1342.076,1125.9598
1995-08-14 16:44:00,580.811,984.0901
1995-08-14 16:45:00,1412.2340000000002,967.3667
1995-08-14 16:46:00,1481.635,1134.9282
1995-08-14 16:47:00,242.04500000000002,790.80524
1995-08-14 16:48:00,593.654,1041.9203
1995-08-14 16:49:00,1434.6419999999998,860.59204
1995-08-14 16:50:00,537.404,957.07434
1995-08-14 16:51:00,792.572,1076.1005
1995-08-14 16:52:00,1181.95,969.3797
1995-08-14 16:53:00,781.536,907.811
1995-08-14 16:54:00,731.1279999999999,810.89954
1995-08-14 16:55:00,1385.437,1250.7352
1995-08-14 16:56:00,852.0,1246.6902
1995-08-14 16:57:00,1234.759,1127.5559
1995-08-14 16:58:00,897.223,1244.023
1995-08-14 16:59:00,1527.658,1237.2474
1995-08-14 17:00:00,769.97,1089.1786
1995-08-14 17:01:00,887.8009999999999,1040.6226
1995-08-14 17:02:00,806.875,1109.0775
1995-08-14 17:03:00,791.727,1331.0022
1995-08-14 17:04:00,726.89,984.9341
1995-08-14 17:05:00,565.696,1136.7317
1995-08-14 17:06:00,748.5889999999999,971.82544
1995-08-14 17:07:00,196.889,892.9621
1995-08-14 17:08:00,714.617,712.19037
1995-08-14 17:09:00,537.83,783.2383
1995-08-14 17:10:00,879.3199999999999,861.5515
1995-08-14 17:11:00,739.531,1153.4025
1995-08-14 17:12:00,2421.575,1016.6875
1995-08-14 17:13:00,1374.857,1069.028
1995-08-14 17:14:00,1601.344,1352.8254
1995-08-14 17:15:00,1112.969,1460.4213
1995-08-14 17:16:00,631.765,814.9117
1995-08-14 17:17:00,578.457,1100.2487
1995-08-14 17:18:00,536.206,1019.55707
1995-08-14 17:19:00,1037.29,960.8278
1995-08-14 17:20:00,599.888,420.27823
1995-08-14 17:21:00,976.823,632.39886
1995-08-14 17:22:00,822.944,783.81323
1995-08-14 17:23:00,1661.7470000000003,642.2412
1995-08-14 17:24:00,300.995,625.99493
1995-08-14 17:25:00,181.144,578.7995
1995-08-14 17:26:00,322.323,667.3403
1995-08-14 17:27:00,1108.229,482.8653
1995-08-14 17:28:00,544.7189999999999,601.5164
1995-08-14 17:29:00,779.4789999999999,882.36804
1995-08-14 17:30:00,410.863,646.2799
1995-08-14 17:31:00,966.344,668.23224
1995-08-14 17:32:00,410.353,721.64954
1995-08-14 17:33:00,476.591,561.4164
1995-08-14 17:34:00,485.889,659.2749
1995-08-14 17:35:00,822.4110000000001,647.2893
1995-08-14 17:36:00,948.1370000000001,671.6475
1995-08-14 17:37:00,1132.318,646.89966
1995-08-14 17:38:00,927.423,762.9141
1995-08-14 17:39:00,280.336,634.5908
1995-08-14 17:40:00,696.986,604.1331
1995-08-14 17:41:00,1686.458,660.2671
1995-08-14 17:42:00,214.079,641.6238
1995-08-14 17:43:00,167.813,259.50327
1995-08-14 17:44:00,1052.786,639.5661
1995-08-14 17:45:00,498.851,706.82385
1995-08-14 17:46:00,459.34999999999997,532.83203
1995-08-14 17:47:00,1214.192,834.31824
1995-08-14 17:48:00,1041.3,749.4122
1995-08-14 17:49:00,570.049,655.7674
1995-08-14 17:50:00,887.57,707.50665
1995-08-14 17:51:00,420.175,850.3959
1995-08-14 17:52:00,785.285,631.0798
1995-08-14 17:53:00,697.754,730.8345
1995-08-14 17:54:00,1039.416,719.83307
1995-08-14 17:55:00,2463.047,889.95935
1995-08-14 17:56:00,937.618,771.2234
1995-08-14 17:57:00,1740.836,836.6816
1995-08-14 17:58:00,2974.087,817.2739
1995-08-14 17:59:00,399.005,957.07666
1995-08-14 18:00:00,509.346,966.10876
1995-08-14 18:01:00,776.849,722.8797
1995-08-14 18:02:00,813.801,922.9418
1995-08-14 18:03:00,1621.6129999999998,952.0036
1995-08-14 18:04:00,423.706,1152.6992
1995-08-14 18:05:00,2280.368,736.1007
1995-08-14 18:06:00,2105.351,1020.44464
1995-08-14 18:07:00,2226.496,1229.2452
1995-08-14 18:08:00,1683.308,1102.5822
1995-08-14 18:09:00,1669.927,1158.7959
1995-08-14 18:10:00,1094.115,1163.9822
1995-08-14 18:11:00,816.096,1160.4196
1995-08-14 18:12:00,985.73,877.05145
1995-08-14 18:13:00,539.2139999999999,889.5856
1995-08-14 18:14:00,261.306,720.3905
1995-08-14 18:15:00,753.34,876.28723
1995-08-14 18:16:00,478.361,832.159
1995-08-14 18:17:00,241.053,542.1009
1995-08-14 18:18:00,384.572,571.4768
1995-08-14 18:19:00,381.21,499.71628
1995-08-14 18:20:00,260.735,615.7491
1995-08-14 18:21:00,158.193,391.25397
1995-08-14 18:22:00,332.463,668.4809
1995-08-14 18:23:00,1062.929,382.15317
1995-08-14 18:24:00,1094.77,252.88174
1995-08-14 18:25:00,840.564,401.58902
1995-08-14 18:26:00,620.638,801.4444
1995-08-14 18:27:00,593.592,692.57056
1995-08-14 18:28:00,740.297,645.37805
1995-08-14 18:29:00,507.462,794.1272
1995-08-14 18:30:00,649.2009999999999,989.15924
1995-08-14 18:31:00,509.485,902.3865
1995-08-14 18:32:00,1146.7930000000001,797.3812
1995-08-14 18:33:00,570.077,598.60364
1995-08-14 18:34:00,664.771,496.62082
1995-08-14 18:35:00,1174.656,590.44055
1995-08-14 18:36:00,133.494,533.0215
1995-08-14 18:37:00,350.592,701.0855
1995-08-14 18:38:00,342.629,517.94635
1995-08-14 18:39:00,1116.708,464.5986
1995-08-14 18:40:00,93.563,327.17505
1995-08-14 18:41:00,435.285,484.15955
1995-08-14 18:42:00,492.03499999999997,483.22836
1995-08-14 18:43:00,1493.8350000000003,471.3934
1995-08-14 18:44:00,1954.029,577.7882
1995-08-14 18:45:00,425.85499999999996,664.2958
1995-08-14 18:46:00,1339.4740000000002,610.5181
1995-08-14 18:47:00,609.586,611.9156
1995-08-14 18:48:00,570.027,839.5837
1995-08-14 18:49:00,1318.349,715.5552
1995-08-14 18:50:00,927.428,869.5407
1995-08-14 18:51:00,330.184,578.254
1995-08-14 18:52:00,328.758,406.62897
1995-08-14 18:53:00,771.856,638.67236
1995-08-14 18:54:00,1120.041,783.7219
1995-08-14 18:55:00,547.51,731.771
1995-08-14 18:56:00,702.47,801.4976
1995-08-14 18:57:00,603.4399999999999,662.2626
1995-08-14 18:58:00,986.117,686.5214
1995-08-14 18:59:00,1070.843,648.9391
1995-08-14 19:00:00,885.343,751.54285
1995-08-14 19:01:00,923.3100000000001,798.77844
1995-08-14 19:02:00,959.893,727.5115
1995-08-14 19:03:00,538.897,649.9899
1995-08-14 19:04:00,415.089,858.1547
1995-08-14 19:05:00,635.74,653.9345
1995-08-14 19:06:00,273.276,501.16766
1995-08-14 19:07:00,280.085,618.95325
1995-08-14 19:08:00,250.495,498.76218
1995-08-14 19:09:00,1061.8129999999999,548.1201
1995-08-14 19:10:00,326.575,536.0188
1995-08-14 19:11:00,370.19800000000004,708.1847
1995-08-14 19:12:00,428.676,541.4971
1995-08-14 19:13:00,208.707,510.6171
1995-08-14 19:14:00,633.174,592.7271
1995-08-14 19:15:00,681.889,661.7972
1995-08-14 19:16:00,445.338,545.6377
1995-08-14 19:17:00,775.869,605.16296
1995-08-14 19:18:00,1333.769,837.1362
1995-08-14 19:19:00,1168.867,604.4988
1995-08-14 19:20:00,772.066,516.2297
1995-08-14 19:21:00,624.684,612.71545
1995-08-14 19:22:00,941.943,594.43445
1995-08-14 19:23:00,1871.86,963.5951
1995-08-14 19:24:00,1139.527,811.34216
1995-08-14 19:25:00,2159.031,755.6599
1995-08-14 19:26:00,1130.371,1012.8771
1995-08-14 19:27:00,547.925,702.21295
1995-08-14 19:28:00,565.862,1020.188
1995-08-14 19:29:00,420.788,721.2451
1995-08-14 19:30:00,775.3820000000001,883.00055
1995-08-14 19:31:00,1637.204,853.7212
1995-08-14 19:32:00,828.672,701.9947
1995-08-14 19:33:00,239.84300000000002,389.39062
1995-08-14 19:34:00,980.278,634.9149
1995-08-14 19:35:00,942.135,728.895
1995-08-14 19:36:00,541.009,592.2584
1995-08-14 19:37:00,795.868,755.7883
1995-08-14 19:38:00,247.14600000000002,704.71924
1995-08-14 19:39:00,1908.638,843.6116
1995-08-14 19:40:00,1901.04,816.432
1995-08-14 19:41:00,1946.052,802.9538
1995-08-14 19:42:00,579.73,765.4975
1995-08-14 19:43:00,1483.626,1040.21
1995-08-14 19:44:00,660.578,1032.9105
1995-08-14 19:45:00,873.194,1060.4503
1995-08-14 19:46:00,823.761,740.8659
1995-08-14 19:47:00,547.27,998.2518
1995-08-14 19:48:00,1537.98,883.5993
1995-08-14 19:49:00,810.877,676.62933
1995-08-14 19:50:00,1050.904,582.22424
1995-08-14 19:51:00,698.154,350.71564
1995-08-14 19:52:00,728.316,449.76974
1995-08-14 19:53:00,169.953,350.28085
1995-08-14 19:54:00,236.483,392.27072
1995-08-14 19:55:00,194.23000000000002,514.73425
1995-08-14 19:56:00,212.322,504.22614
1995-08-14 19:57:00,167.426,427.47144
1995-08-14 19:58:00,353.627,466.521
1995-08-14 19:59:00,295.574,472.02725
1995-08-14 20:00:00,231.70499999999998,475.6545
1995-08-14 20:01:00,448.648,458.34573
1995-08-14 20:02:00,714.843,373.47595
1995-08-14 20:03:00,688.717,318.95074
1995-08-14 20:04:00,225.996,295.05917
1995-08-14 20:05:00,193.204,456.30103
1995-08-14 20:06:00,242.63899999999998,548.67
1995-08-14 20:07:00,365.458,466.0288
1995-08-14 20:08:00,388.44599999999997,497.58276
1995-08-14 20:09:00,301.265,664.05286
1995-08-14 20:10:00,500.587,581.23505
1995-08-14 20:11:00,350.43,468.44528
1995-08-14 20:12:00,485.816,453.59534
1995-08-14 20:13:00,376.226,641.0749
1995-08-14 20:14:00,753.347,555.4456
1995-08-14 20:15:00,1463.644,433.6935
1995-08-14 20:16:00,136.25799999999998,445.89514
1995-08-14 20:17:00,536.405,483.48242
1995-08-14 20:18:00,496.49899999999997,375.33438
1995-08-14 20:19:00,576.782,423.86588
1995-08-14 20:20:00,469.517,483.13855
1995-08-14 20:21:00,513.941,593.41174
1995-08-14 20:22:00,926.854,520.2314
1995-08-14 20:23:00,894.87,670.63824
1995-08-14 20:24:00,395.388,652.8009
1995-08-14 20:25:00,1484.656,740.6866
1995-08-14 20:26:00,1984.823,1116.1298
1995-08-14 20:27:00,540.261,989.05585
1995-08-14 20:28:00,1245.757,611.5863
1995-08-14 20:29:00,649.335,556.2055
1995-08-14 20:30:00,705.4309999999999,681.8086
1995-08-14 20:31:00,1004.4300000000001,810.4819
1995-08-14 20:32:00,504.613,808.83594
1995-08-14 20:33:00,961.49,849.9295
1995-08-14 20:34:00,1090.259,569.3053
1995-08-14 20:35:00,929.6959999999999,690.9799
1995-08-14 20:36:00,996.784,758.96014
1995-08-14 20:37:00,1021.443,660.39984
1995-08-14 20:38:00,708.601,854.1615
1995-08-14 20:39:00,635.65,804.96436
1995-08-14 20:40:00,1558.438,710.1064
1995-08-14 20:41:00,724.751,803.4884
1995-08-14 20:42:00,398.004,743.4617
1995-08-14 20:43:00,385.98,500.8505
1995-08-14 20:44:00,793.971,586.38385
1995-08-14 20:45:00,834.647,669.98584
1995-08-14 20:46:00,443.045,796.4403
1995-08-14 20:47:00,301.772,654.45624
1995-08-14 20:48:00,781.737,790.59424
1995-08-14 20:49:00,499.459,715.19446
1995-08-14 20:50:00,567.163,721.91907
1995-08-14 20:51:00,758.818,688.27264
1995-08-14 20:52:00,563.2529999999999,839.3516
1995-08-14 20:53:00,148.988,425.67786
1995-08-14 20:54:00,494.417,540.191
1995-08-14 20:55:00,494.016,276.52744
1995-08-14 20:56:00,1361.026,499.6996
1995-08-14 20:57:00,116.56099999999999,487.45645
1995-08-14 20:58:00,105.202,483.18265
1995-08-14 20:59:00,72.32900000000001,303.58533
1995-08-14 21:00:00,377.705,390.5924
1995-08-14 21:01:00,654.403,481.2398
1995-08-14 21:02:00,261.536,395.09277
1995-08-14 21:03:00,168.532,309.45636
1995-08-14 21:04:00,91.665,258.25775
1995-08-14 21:05:00,691.2869999999999,258.4237
1995-08-14 21:06:00,347.071,288.0361
1995-08-14 21:07:00,300.484,263.4749
1995-08-14 21:08:00,456.067,330.00455
1995-08-14 21:09:00,269.36699999999996,370.4707
1995-08-14 21:10:00,223.627,359.69025
1995-08-14 21:11:00,218.51,321.8317
1995-08-14 21:12:00,235.117,335.82706
1995-08-14 21:13:00,187.778,340.16736
1995-08-14 21:14:00,1795.211,530.74274
1995-08-14 21:15:00,345.465,513.8863
1995-08-14 21:16:00,517.431,505.76547
1995-08-14 21:17:00,919.649,557.9443
1995-08-14 21:18:00,961.056,906.6495
1995-08-14 21:19:00,531.007,1040.63
1995-08-14 21:20:00,345.137,486.38925
1995-08-14 21:21:00,328.93600000000004,461.57266
1995-08-14 21:22:00,211.907,460.67953
1995-08-14 21:23:00,320.858,688.3414
1995-08-14 21:24:00,274.214,419.34857
1995-08-14 21:25:00,1682.7389999999998,377.85782
1995-08-14 21:26:00,481.329,793.4658
1995-08-14 21:27:00,578.273,699.6147
1995-08-14 21:28:00,897.247,589.1461
1995-08-14 21:29:00,644.355,550.0727
1995-08-14 21:30:00,1782.976,609.96814
1995-08-14 21:31:00,648.228,678.41986
1995-08-14 21:32:00,262.611,763.83154
1995-08-14 21:33:00,682.6659999999999,751.35767
1995-08-14 21:34:00,220.10799999999998,619.8203
1995-08-14 21:35:00,333.87899999999996,577.1182
1995-08-14 21:36:00,738.795,661.4774
1995-08-14 21:37:00,502.80400000000003,401.27393
1995-08-14 21:38:00,450.917,402.28473
1995-08-14 21:39:00,428.38,483.6802
1995-08-14 21:40:00,125.622,330.58084
1995-08-14 21:41:00,361.568,343.52573
1995-08-14 21:42:00,519.08,563.1644
1995-08-14 21:43:00,269.38100000000003,477.57803
1995-08-14 21:44:00,317.702,557.59125
1995-08-14 21:45:00,183.675,465.14685
1995-08-14 21:46:00,705.999,540.735
1995-08-14 21:47:00,362.046,549.07715
1995-08-14 21:48:00,509.357,499.31152
1995-08-14 21:49:00,1324.486,394.6056
1995-08-14 21:50:00,460.161,509.47275
1995-08-14 21:51:00,1286.3120000000001,501.76834
1995-08-14 21:52:00,821.143,393.4199
1995-08-14 21:53:00,207.30700000000002,538.7195
1995-08-14 21:54:00,219.919,446.81348
1995-08-14 21:55:00,855.847,495.66003
1995-08-14 21:56:00,1517.101,403.11844
1995-08-14 21:57:00,195.825,425.83252
1995-08-14 21:58:00,478.065,588.69855
1995-08-14 21:59:00,753.47,715.39905
1995-08-14 22:00:00,566.397,697.6401
1995-08-14 22:01:00,442.11699999999996,685.85785
1995-08-14 22:02:00,1146.194,531.4846
1995-08-14 22:03:00,363.856,614.6963
1995-08-14 22:04:00,271.26,573.0524
1995-08-14 22:05:00,639.5129999999999,579.64996
1995-08-14 22:06:00,887.369,552.7777
1995-08-14 22:07:00,411.685,348.22543
1995-08-14 22:08:00,405.34499999999997,517.20776
1995-08-14 22:09:00,634.168,571.4599
1995-08-14 22:10:00,1584.233,727.0274
1995-08-14 22:11:00,641.149,712.6357
1995-08-14 22:12:00,1291.59,688.8701
1995-08-14 22:13:00,676.234,808.36884
1995-08-14 22:14:00,2421.1980000000003,788.2009
1995-08-14 22:15:00,1871.7040000000002,804.7545
1995-08-14 22:16:00,537.583,1035.8618
1995-08-14 22:17:00,460.69,779.0917
1995-08-14 22:18:00,915.36,911.9028
1995-08-14 22:19:00,74.812,661.97516
1995-08-14 22:20:00,631.496,672.01807
1995-08-14 22:21:00,156.368,434.40152
1995-08-14 22:22:00,202.793,336.44324
1995-08-14 22:23:00,388.778,417.48444
1995-08-14 22:24:00,166.401,404.17273
1995-08-14 22:25:00,537.466,475.09366
1995-08-14 22:26:00,1190.863,612.8164
1995-08-14 22:27:00,370.45,754.0391
1995-08-14 22:28:00,510.174,578.67065
1995-08-14 22:29:00,948.9010000000001,690.00525
1995-08-14 22:30:00,702.837,782.8154
1995-08-14 22:31:00,178.69199999999998,513.1407
1995-08-14 22:32:00,600.542,746.3968
1995-08-14 22:33:00,484.892,607.0339
1995-08-14 22:34:00,407.139,534.12366
1995-08-14 22:35:00,1441.925,525.65454
1995-08-14 22:36:00,126.336,483.20642
1995-08-14 22:37:00,357.604,379.76816
1995-08-14 22:38:00,389.933,558.9006
1995-08-14 22:39:00,837.005,436.8988
1995-08-14 22:40:00,232.426,478.72318
1995-08-14 22:41:00,581.7259999999999,477.7474
1995-08-14 22:42:00,128.06199999999998,408.32236
1995-08-14 22:43:00,199.077,415.97678
1995-08-14 22:44:00,216.16899999999998,432.1196
1995-08-14 22:45:00,397.389,461.07178
1995-08-14 22:46:00,681.008,456.35947
1995-08-14 22:47:00,300.793,380.68015
1995-08-14 22:48:00,818.006,420.14746
1995-08-14 22:49:00,341.07099999999997,495.10498
1995-08-14 22:50:00,437.04,424.5035
1995-08-14 22:51:00,511.423,537.4255
1995-08-14 22:52:00,123.309,479.60693
1995-08-14 22:53:00,1484.6129999999998,371.30716
1995-08-14 22:54:00,304.295,312.4362
1995-08-14 22:55:00,337.287,391.10605
1995-08-14 22:56:00,653.94,383.27094
1995-08-14 22:57:00,120.861,511.77722
1995-08-14 22:58:00,475.894,560.6673
1995-08-14 22:59:00,1008.293,602.1805
1995-08-14 23:00:00,660.202,445.99744
1995-08-14 23:01:00,580.056,472.8727
1995-08-14 23:02:00,124.484,429.00998
1995-08-14 23:03:00,247.283,493.69284
1995-08-14 23:04:00,502.839,471.10696
1995-08-14 23:05:00,255.043,539.2205
1995-08-14 23:06:00,541.692,574.5536
1995-08-14 23:07:00,746.428,497.8208
1995-08-14 23:08:00,559.599,432.25327
1995-08-14 23:09:00,157.643,443.5901
1995-08-14 23:10:00,412.788,475.6636
1995-08-14 23:11:00,1040.754,646.0302
1995-08-14 23:12:00,308.745,692.5788
1995-08-14 23:13:00,445.44100000000003,550.18805
1995-08-14 23:14:00,368.214,332.46164
1995-08-14 23:15:00,186.115,511.12402
1995-08-14 23:16:00,648.189,484.68637
1995-08-14 23:17:00,196.548,364.58847
1995-08-14 23:18:00,175.845,469.18076
1995-08-14 23:19:00,244.607,431.8192
1995-08-14 23:20:00,934.021,564.09247
1995-08-14 23:21:00,383.413,391.5998
1995-08-14 23:22:00,173.94400000000002,494.57254
1995-08-14 23:23:00,288.191,417.92328
1995-08-14 23:24:00,296.157,344.93503
1995-08-14 23:25:00,358.077,462.26996
1995-08-14 23:26:00,204.952,377.65372
1995-08-14 23:27:00,395.895,316.5947
1995-08-14 23:28:00,321.852,378.38785
1995-08-14 23:29:00,431.012,383.00934
1995-08-14 23:30:00,406.163,423.246
1995-08-14 23:31:00,243.547,570.1198
1995-08-14 23:32:00,204.279,361.36932
1995-08-14 23:33:00,323.813,406.83545
1995-08-14 23:34:00,491.045,530.5161
1995-08-14 23:35:00,1483.55,578.88965
1995-08-14 23:36:00,651.751,462.2567
1995-08-14 23:37:00,234.678,417.9924
1995-08-14 23:38:00,287.698,504.70914
1995-08-14 23:39:00,585.812,419.84915
1995-08-14 23:40:00,772.228,656.7964
1995-08-14 23:41:00,221.594,454.99194
1995-08-14 23:42:00,916.612,482.95297
1995-08-14 23:43:00,394.531,437.3133
1995-08-14 23:44:00,349.614,470.7955
1995-08-14 23:45:00,708.9630000000001,433.7613
1995-08-14 23:46:00,489.666,401.83902
1995-08-14 23:47:00,1129.468,498.97168
1995-08-14 23:48:00,690.233,491.2173
1995-08-14 23:49:00,378.14799999999997,608.7469
1995-08-14 23:50:00,219.24,468.61163
1995-08-14 23:51:00,239.6,448.76535
1995-08-14 23:52:00,552.654,482.11603
1995-08-14 23:53:00,135.84300000000002,413.68918
1995-08-14 23:54:00,320.926,399.1097
1995-08-14 23:55:00,277.116,269.98117
1995-08-14 23:56:00,271.284,196.03708
1995-08-14 23:57:00,760.401,280.20566
1995-08-14 23:58:00,264.496,301.64648
1995-08-14 23:59:00,424.781,238.91637
1995-08-15 00:00:00,81.334,193.38167
1995-08-15 00:01:00,288.666,329.96982
1995-08-15 00:02:00,97.875,218.48586
1995-08-15 00:03:00,142.55100000000002,344.95697
1995-08-15 00:04:00,300.52,309.8308
1995-08-15 00:05:00,337.964,371.55704
1995-08-15 00:06:00,149.377,151.80824
1995-08-15 00:07:00,171.011,207.72264
1995-08-15 00:08:00,823.439,319.78635
1995-08-15 00:09:00,89.547,250.0745
1995-08-15 00:10:00,140.375,364.90414
1995-08-15 00:11:00,309.022,251.93356
1995-08-15 00:12:00,1410.6270000000002,240.70076
1995-08-15 00:13:00,319.21799999999996,166.36847
1995-08-15 00:14:00,576.256,445.11038
1995-08-15 00:15:00,884.352,291.31503
1995-08-15 00:16:00,299.722,523.85803
1995-08-15 00:17:00,244.699,257.06567
1995-08-15 00:18:00,235.405,374.03955
1995-08-15 00:19:00,624.513,442.43365
1995-08-15 00:20:00,385.044,505.45386
1995-08-15 00:21:00,1330.672,330.91083
1995-08-15 00:22:00,442.59499999999997,310.09088
1995-08-15 00:23:00,408.843,399.1891
1995-08-15 00:24:00,402.54299999999995,401.52298
1995-08-15 00:25:00,1079.4189999999999,418.93948
1995-08-15 00:26:00,723.2520000000001,452.8641
1995-08-15 00:27:00,118.871,203.84502
1995-08-15 00:28:00,531.034,378.86465
1995-08-15 00:29:00,279.972,525.5006
1995-08-15 00:30:00,185.94799999999998,432.8623
1995-08-15 00:31:00,256.815,468.5122
1995-08-15 00:32:00,336.705,514.6762
1995-08-15 00:33:00,376.701,373.61884
1995-08-15 00:34:00,697.552,597.1204
1995-08-15 00:35:00,1409.6309999999999,632.9482
1995-08-15 00:36:00,321.05,251.94658
1995-08-15 00:37:00,267.193,605.49225
1995-08-15 00:38:00,572.794,442.52988
1995-08-15 00:39:00,569.888,544.95575
1995-08-15 00:40:00,743.351,559.2478
1995-08-15 00:41:00,94.086,524.58484
1995-08-15 00:42:00,267.187,419.46082
1995-08-15 00:43:00,333.19,212.7127
1995-08-15 00:44:00,253.044,385.9459
1995-08-15 00:45:00,162.57,325.5381
1995-08-15 00:46:00,581.511,411.00684
1995-08-15 00:47:00,193.429,335.59827
1995-08-15 00:48:00,305.308,454.2728
1995-08-15 00:49:00,264.39,186.41385
1995-08-15 00:50:00,165.529,457.54828
1995-08-15 00:51:00,376.214,682.2346
1995-08-15 00:52:00,308.96799999999996,424.98666
1995-08-15 00:53:00,1653.19,477.678
1995-08-15 00:54:00,265.865,695.19214
1995-08-15 00:55:00,120.644,481.57843
1995-08-15 00:56:00,565.659,302.68515
1995-08-15 00:57:00,335.492,448.36536
1995-08-15 00:58:00,541.063,333.94354
1995-08-15 00:59:00,208.352,472.55466
1995-08-15 01:00:00,132.268,389.44144
1995-08-15 01:01:00,607.257,278.8442
1995-08-15 01:02:00,410.566,486.21103
1995-08-15 01:03:00,786.53,391.4038
1995-08-15 01:04:00,235.709,384.70374
1995-08-15 01:05:00,387.092,465.94907
1995-08-15 01:06:00,436.524,377.56943
1995-08-15 01:07:00,500.514,376.5426
1995-08-15 01:08:00,606.259,222.64894
1995-08-15 01:09:00,1738.6910000000003,440.80664
1995-08-15 01:10:00,264.966,408.25153
1995-08-15 01:11:00,848.162,398.0526
1995-08-15 01:12:00,43.338,269.8782
1995-08-15 01:13:00,99.06099999999999,206.96701
1995-08-15 01:14:00,75.559,258.9889
1995-08-15 01:15:00,121.33699999999999,152.10553
1995-08-15 01:16:00,67.05,60.36914
1995-08-15 01:17:00,1113.651,270.94632
1995-08-15 01:18:00,145.775,183.83682
1995-08-15 01:19:00,362.488,208.91348
1995-08-15 01:20:00,268.397,305.8362
1995-08-15 01:21:00,216.409,182.27217
1995-08-15 01:22:00,104.766,320.2791
1995-08-15 01:23:00,53.928,212.09665
1995-08-15 01:24:00,877.087,206.36139
1995-08-15 01:25:00,9.553,189.87566
1995-08-15 01:26:00,229.688,253.34146
1995-08-15 01:27:00,246.50699999999998,231.15147
1995-08-15 01:28:00,599.167,242.36588
1995-08-15 01:29:00,449.162,246.6998
1995-08-15 01:30:00,145.37,246.1784
1995-08-15 01:31:00,348.457,357.4225
1995-08-15 01:32:00,651.962,336.29813
1995-08-15 01:33:00,351.174,330.17963
1995-08-15 01:34:00,989.5400000000001,234.01303
1995-08-15 01:35:00,294.151,315.949
1995-08-15 01:36:00,448.39099999999996,340.43948
1995-08-15 01:37:00,44.463,260.5751
1995-08-15 01:38:00,490.00100000000003,472.8447
1995-08-15 01:39:00,278.02,574.6645
1995-08-15 01:40:00,386.843,503.68292
1995-08-15 01:41:00,306.872,358.24432
1995-08-15 01:42:00,235.054,393.84402
1995-08-15 01:43:00,198.064,316.67044
1995-08-15 01:44:00,581.482,333.72226
1995-08-15 01:45:00,252.45,282.75787
1995-08-15 01:46:00,221.383,230.50557
1995-08-15 01:47:00,1710.33,252.77814
1995-08-15 01:48:00,185.248,252.61821
1995-08-15 01:49:00,205.99099999999999,375.69095
1995-08-15 01:50:00,273.667,307.26517
1995-08-15 01:51:00,963.762,331.46536
1995-08-15 01:52:00,97.44500000000001,316.56244
1995-08-15 01:53:00,165.224,242.99263
1995-08-15 01:54:00,222.621,119.073784
1995-08-15 01:55:00,56.557,159.67096
1995-08-15 01:56:00,152.369,98.49427
1995-08-15 01:57:00,136.594,196.66504
1995-08-15 01:58:00,78.094,168.9508
1995-08-15 01:59:00,281.43100000000004,173.17838
1995-08-15 02:00:00,199.46599999999998,290.36874
1995-08-15 02:01:00,18.867,86.48493
1995-08-15 02:02:00,52.742000000000004,81.92901
1995-08-15 02:03:00,89.69,158.93257
1995-08-15 02:04:00,183.24599999999998,83.062294
1995-08-15 02:05:00,103.167,178.52908
1995-08-15 02:06:00,1233.667,222.55373
1995-08-15 02:07:00,440.854,223.22876
1995-08-15 02:08:00,827.632,322.8681
1995-08-15 02:09:00,197.214,335.53726
1995-08-15 02:10:00,346.284,330.08664
1995-08-15 02:11:00,501.125,235.22328
1995-08-15 02:12:00,3.714,21.736883
1995-08-15 02:13:00,18.474,134.34381
1995-08-15 02:14:00,51.543,113.05138
1995-08-15 02:15:00,88.243,221.19533
1995-08-15 02:16:00,1296.4080000000001,251.1721
1995-08-15 02:17:00,495.014,282.02588
1995-08-15 02:18:00,168.145,92.6933
1995-08-15 02:19:00,570.1179999999999,307.83588
1995-08-15 02:20:00,1453.4640000000002,376.38943
1995-08-15 02:21:00,1094.223,182.541
1995-08-15 02:22:00,22.574,172.9702
1995-08-15 02:23:00,115.781,381.22235
1995-08-15 02:24:00,447.42,302.2486
1995-08-15 02:25:00,619.191,374.6257
1995-08-15 02:26:00,1068.161,395.31985
1995-08-15 02:27:00,309.916,460.28522
1995-08-15 02:28:00,360.479,517.30835
1995-08-15 02:29:00,172.439,394.2038
1995-08-15 02:30:00,322.146,412.1869
1995-08-15 02:31:00,618.121,409.29434
1995-08-15 02:32:00,342.44,300.79465
1995-08-15 02:33:00,575.3919999999999,487.6032
1995-08-15 02:34:00,394.73,274.17816
1995-08-15 02:35:00,1601.0569999999998,441.22668
1995-08-15 02:36:00,524.093,505.8846
1995-08-15 02:37:00,776.557,642.8949
1995-08-15 02:38:00,489.133,475.62906
1995-08-15 02:39:00,542.672,458.3234
1995-08-15 02:40:00,371.904,504.88834
1995-08-15 02:41:00,149.187,587.9766
1995-08-15 02:42:00,223.665,420.6052
1995-08-15 02:43:00,186.69199999999998,268.3916
1995-08-15 02:44:00,67.604,335.7159
1995-08-15 02:45:00,227.45,279.71115
1995-08-15 02:46:00,243.069,365.64066
1995-08-15 02:47:00,512.337,376.41425
1995-08-15 02:48:00,309.014,523.7827
1995-08-15 02:49:00,667.756,432.81555
1995-08-15 02:50:00,281.565,536.744
1995-08-15 02:51:00,358.199,455.712
1995-08-15 02:52:00,71.515,345.89923
1995-08-15 02:53:00,303.687,345.75568
1995-08-15 02:54:00,216.00099999999998,335.31558
1995-08-15 02:55:00,178.805,303.54916
1995-08-15 02:56:00,1192.5330000000001,126.409386
1995-08-15 02:57:00,600.7009999999999,170.74362
1995-08-15 02:58:00,366.19599999999997,490.3759
1995-08-15 02:59:00,325.791,353.16837
1995-08-15 03:00:00,315.093,280.19507
1995-08-15 03:01:00,298.421,300.43683
1995-08-15 03:02:00,1203.219,404.9844
1995-08-15 03:03:00,252.28300000000002,431.00848
1995-08-15 03:04:00,362.763,468.45624
1995-08-15 03:05:00,447.745,392.04297
1995-08-15 03:06:00,323.948,171.52386
1995-08-15 03:07:00,1166.882,166.66609
1995-08-15 03:08:00,148.368,298.99603
1995-08-15 03:09:00,107.78399999999999,169.51219
1995-08-15 03:10:00,187.402,146.9284
1995-08-15 03:11:00,220.969,148.51898
1995-08-15 03:12:00,74.579,88.43296
1995-08-15 03:13:00,46.95,193.4217
1995-08-15 03:14:00,283.506,340.7496
1995-08-15 03:15:00,88.378,246.0634
1995-08-15 03:16:00,298.341,236.41055
1995-08-15 03:17:00,309.782,380.74057
1995-08-15 03:18:00,1029.159,353.9075
1995-08-15 03:19:00,165.386,258.30362
1995-08-15 03:20:00,486.369,150.27858
1995-08-15 03:21:00,377.522,304.03122
1995-08-15 03:22:00,242.37599999999998,225.17952
1995-08-15 03:23:00,327.444,276.76083
1995-08-15 03:24:00,354.477,280.54712
1995-08-15 03:25:00,1043.394,238.81903
1995-08-15 03:26:00,66.664,180.81143
1995-08-15 03:27:00,26.998,193.14674
1995-08-15 03:28:00,134.166,329.1856
1995-08-15 03:29:00,1272.534,302.8765
1995-08-15 03:30:00,633.3100000000001,305.33813
1995-08-15 03:31:00,25.773,173.55411
1995-08-15 03:32:00,248.391,357.70682
1995-08-15 03:33:00,138.101,193.94026
1995-08-15 03:34:00,372.971,275.7199
1995-08-15 03:35:00,236.067,191.60925
1995-08-15 03:36:00,125.905,200.34894
1995-08-15 03:37:00,99.874,124.76738
1995-08-15 03:38:00,151.503,274.65015
1995-08-15 03:39:00,389.251,207.45578
1995-08-15 03:40:00,650.918,234.02513
1995-08-15 03:41:00,173.94799999999998,344.33002
1995-08-15 03:42:00,383.159,212.2108
1995-08-15 03:43:00,82.801,171.28981
1995-08-15 03:44:00,160.703,140.81604
1995-08-15 03:45:00,21.397,65.41037
1995-08-15 03:46:00,91.636,74.68331
1995-08-15 03:47:00,426.878,102.90539
1995-08-15 03:48:00,160.141,75.74282
1995-08-15 03:49:00,44.973,104.04571
1995-08-15 03:50:00,361.718,122.162506
1995-08-15 03:51:00,62.684,136.50677
1995-08-15 03:52:00,52.855,140.5587
1995-08-15 03:53:00,104.607,140.7796
1995-08-15 03:54:00,255.128,43.6483
1995-08-15 03:55:00,90.176,162.04443
1995-08-15 03:56:00,277.577,265.63452
1995-08-15 03:57:00,178.362,114.704994
1995-08-15 03:58:00,121.561,236.021
1995-08-15 03:59:00,71.892,99.00893
1995-08-15 04:00:00,244.50799999999998,218.86296
1995-08-15 04:01:00,49.664,127.15317
1995-08-15 04:02:00,446.207,239.11345
1995-08-15 04:03:00,55.519,169.47772
1995-08-15 04:04:00,295.847,256.5857
1995-08-15 04:05:00,518.508,333.00702
1995-08-15 04:06:00,294.878,225.38431
1995-08-15 04:07:00,126.482,252.9355
1995-08-15 04:08:00,488.94900000000007,196.35226
1995-08-15 04:09:00,534.665,373.5865
1995-08-15 04:10:00,413.719,419.66418
1995-08-15 04:11:00,979.2520000000001,280.4086
1995-08-15 04:12:00,401.937,354.227
1995-08-15 04:13:00,358.32,291.12387
1995-08-15 04:14:00,131.32399999999998,290.04672
1995-08-15 04:15:00,10.426,113.00119
1995-08-15 04:16:00,497.05199999999996,230.28004
1995-08-15 04:17:00,187.21900000000002,191.90668
1995-08-15 04:18:00,99.464,273.09818
1995-08-15 04:19:00,365.809,306.02472
1995-08-15 04:20:00,299.627,280.81818
1995-08-15 04:21:00,276.913,263.714
1995-08-15 04:22:00,48.763,173.3464
1995-08-15 04:23:00,29.093,128.25125
1995-08-15 04:24:00,130.884,145.07684
1995-08-15 04:25:00,137.384,202.72655
1995-08-15 04:26:00,222.67,201.11607
1995-08-15 04:27:00,343.373,241.16106
1995-08-15 04:28:00,222.723,184.46135
1995-08-15 04:29:00,156.94899999999998,222.5483
1995-08-15 04:30:00,359.042,206.35693
1995-08-15 04:31:00,349.46000000000004,207.87328
1995-08-15 04:32:00,478.778,291.21094
1995-08-15 04:33:00,758.231,359.61975
1995-08-15 04:34:00,182.677,237.21783
1995-08-15 04:35:00,250.921,229.75899
1995-08-15 04:36:00,401.483,195.11192
1995-08-15 04:37:00,120.454,188.92264
1995-08-15 04:38:00,430.774,251.69667
1995-08-15 04:39:00,158.904,241.84064
1995-08-15 04:40:00,157.948,278.0914
1995-08-15 04:41:00,273.185,304.34003
1995-08-15 04:42:00,246.745,228.71307
1995-08-15 04:43:00,214.10399999999998,127.78616
1995-08-15 04:44:00,193.56,310.1281
1995-08-15 04:45:00,116.095,339.91058
1995-08-15 04:46:00,360.791,273.4751
1995-08-15 04:47:00,922.051,231.9601
1995-08-15 04:48:00,159.211,227.02164
1995-08-15 04:49:00,299.43600000000004,302.05258
1995-08-15 04:50:00,146.96800000000002,214.41733
1995-08-15 04:51:00,51.813,289.96307
1995-08-15 04:52:00,424.93300000000005,245.7501
1995-08-15 04:53:00,393.438,186.80345
1995-08-15 04:54:00,802.371,331.20422
1995-08-15 04:55:00,409.321,354.10605
1995-08-15 04:56:00,333.591,371.45453
1995-08-15 04:57:00,496.172,250.49219
1995-08-15 04:58:00,229.989,355.93134
1995-08-15 04:59:00,99.22800000000001,428.112
1995-08-15 05:00:00,377.609,340.11807
1995-08-15 05:01:00,324.315,273.2311
1995-08-15 05:02:00,129.73,349.2292
1995-08-15 05:03:00,70.153,348.6745
1995-08-15 05:04:00,547.063,280.12305
1995-08-15 05:05:00,628.527,333.1805
1995-08-15 05:06:00,882.344,508.49127
1995-08-15 05:07:00,1268.189,320.85733
1995-08-15 05:08:00,173.957,431.86856
1995-08-15 05:09:00,339.851,352.386
1995-08-15 05:10:00,357.491,368.22723
1995-08-15 05:11:00,169.767,428.2569
1995-08-15 05:12:00,138.264,339.13086
1995-08-15 05:13:00,208.77300000000002,294.71408
1995-08-15 05:14:00,414.52299999999997,213.9609
1995-08-15 05:15:00,450.39300000000003,210.21532
1995-08-15 05:16:00,558.876,446.61536
1995-08-15 05:17:00,271.657,512.068
1995-08-15 05:18:00,328.817,287.62073
1995-08-15 05:19:00,414.39099999999996,237.2476
1995-08-15 05:20:00,369.53999999999996,289.42343
1995-08-15 05:21:00,292.544,372.41196
1995-08-15 05:22:00,90.594,359.4982
1995-08-15 05:23:00,548.5169999999999,333.5126
1995-08-15 05:24:00,228.305,312.68228
1995-08-15 05:25:00,332.156,288.6371
1995-08-15 05:26:00,220.93599999999998,213.09795
1995-08-15 05:27:00,0.515,41.31867
1995-08-15 05:28:00,248.05899999999997,272.3337
1995-08-15 05:29:00,92.46700000000001,110.84169
1995-08-15 05:30:00,690.97,198.30618
1995-08-15 05:31:00,17.19,150.4651
1995-08-15 05:32:00,12.052,259.0272
1995-08-15 05:33:00,97.47800000000001,152.8716
1995-08-15 05:34:00,68.887,143.91512
1995-08-15 05:35:00,159.00400000000002,103.60559
1995-08-15 05:36:00,15.155000000000001,84.74803
1995-08-15 05:37:00,251.25400000000002,111.67573
1995-08-15 05:38:00,143.806,105.11942
1995-08-15 05:39:00,288.079,214.24626
1995-08-15 05:40:00,1227.554,297.2815
1995-08-15 05:41:00,362.54,285.2997
1995-08-15 05:42:00,360.936,329.5205
1995-08-15 05:43:00,124.47299999999998,171.20235
1995-08-15 05:44:00,271.848,222.82326
1995-08-15 05:45:00,253.09,183.88045
1995-08-15 05:46:00,209.711,240.0976
1995-08-15 05:47:00,92.386,149.26611
1995-08-15 05:48:00,55.967,124.63618
1995-08-15 05:49:00,1546.7490000000003,104.18891
1995-08-15 05:50:00,32.013,74.836334
1995-08-15 05:51:00,0.0,3.5059605
1995-08-15 05:56:00,12.997,40.586815
1995-08-15 05:58:00,124.827,147.96576
1995-08-15 05:59:00,51.084999999999994,70.89828
1995-08-15 06:00:00,258.77299999999997,116.22244
1995-08-15 06:01:00,419.301,220.66599
1995-08-15 06:02:00,275.051,193.52538
1995-08-15 06:03:00,216.147,310.5294
1995-08-15 06:04:00,359.499,353.92984
1995-08-15 06:05:00,420.01800000000003,435.71835
1995-08-15 06:06:00,573.158,359.45316
1995-08-15 06:08:00,614.716,388.01126
1995-08-15 06:09:00,389.68,388.6445
1995-08-15 06:10:00,831.608,357.62866
1995-08-15 06:11:00,245.96,217.44728
1995-08-15 06:12:00,45.877,231.56564
1995-08-15 06:13:00,625.16,309.75998
1995-08-15 06:14:00,367.118,240.14761
1995-08-15 06:15:00,132.178,297.17056
1995-08-15 06:16:00,1415.059,160.58064
1995-08-15 06:17:00,51.382,252.70735
1995-08-15 06:18:00,221.38,327.68106
1995-08-15 06:19:00,272.343,255.18097
1995-08-15 06:20:00,159.163,278.86115
1995-08-15 06:21:00,298.474,194.73012
1995-08-15 06:22:00,222.803,138.48557
1995-08-15 06:23:00,416.149,158.41164
1995-08-15 06:24:00,153.712,176.1994
1995-08-15 06:25:00,201.841,129.00845
1995-08-15 06:26:00,180.687,219.18913
1995-08-15 06:27:00,133.805,329.4006
1995-08-15 06:28:00,73.675,126.352234
1995-08-15 06:29:00,38.252,160.57693
1995-08-15 06:30:00,207.618,234.24489
1995-08-15 06:31:00,1384.872,269.7935
1995-08-15 06:32:00,337.94,184.96913
1995-08-15 06:33:00,1377.383,461.34155
1995-08-15 06:34:00,79.70100000000001,220.36769
1995-08-15 06:35:00,738.001,435.06476
1995-08-15 06:36:00,561.499,438.37778
1995-08-15 06:37:00,214.06199999999998,488.25296
1995-08-15 06:38:00,120.051,330.11475
1995-08-15 06:39:00,480.776,443.91583
1995-08-15 06:40:00,371.686,423.60867
1995-08-15 06:41:00,1448.845,302.88403
1995-08-15 06:42:00,308.173,260.15274
1995-08-15 06:43:00,119.87200000000001,236.17758
1995-08-15 06:44:00,108.33800000000001,282.77966
1995-08-15 06:45:00,451.15700000000004,334.41006
1995-08-15 06:46:00,158.959,302.21286
1995-08-15 06:47:00,146.228,220.09236
1995-08-15 06:48:00,308.266,304.12827
1995-08-15 06:49:00,181.18099999999998,236.65079
1995-08-15 06:50:00,231.935,318.1296
1995-08-15 06:51:00,882.299,356.0653
1995-08-15 06:52:00,362.384,282.48795
1995-08-15 06:53:00,422.543,375.2027
1995-08-15 06:54:00,174.547,475.60837
1995-08-15 06:55:00,67.031,234.12917
1995-08-15 06:56:00,554.61,257.12793
1995-08-15 06:57:00,329.166,230.58131
1995-08-15 06:58:00,89.852,463.74774
1995-08-15 06:59:00,370.099,320.37335
1995-08-15 07:00:00,358.959,507.4494
1995-08-15 07:01:00,222.892,303.30978
1995-08-15 07:02:00,139.974,216.4188
1995-08-15 07:03:00,648.744,132.00783
1995-08-15 07:04:00,565.7429999999999,241.16637
1995-08-15 07:05:00,204.376,252.14374
1995-08-15 07:06:00,788.9359999999999,312.73584
1995-08-15 07:07:00,169.06699999999998,216.25754
1995-08-15 07:08:00,272.029,389.82498
1995-08-15 07:09:00,744.08,328.5261
1995-08-15 07:10:00,46.479,291.3627
1995-08-15 07:11:00,149.195,248.26166
1995-08-15 07:12:00,263.56500000000005,277.15594
1995-08-15 07:13:00,265.57099999999997,352.584
1995-08-15 07:14:00,149.317,263.19522
1995-08-15 07:15:00,242.321,365.01688
1995-08-15 07:16:00,380.553,438.17856
1995-08-15 07:17:00,1653.744,388.01273
1995-08-15 07:18:00,276.88,337.38037
1995-08-15 07:19:00,492.853,273.2413
1995-08-15 07:20:00,264.089,456.4801
1995-08-15 07:21:00,402.255,282.7487
1995-08-15 07:22:00,629.871,425.85004
1995-08-15 07:23:00,296.065,301.72543
1995-08-15 07:24:00,532.923,352.85422
1995-08-15 07:25:00,421.505,446.43396
1995-08-15 07:26:00,609.961,555.79785
1995-08-15 07:27:00,597.424,638.23267
1995-08-15 07:28:00,159.108,281.78143
1995-08-15 07:29:00,604.409,422.4396
1995-08-15 07:30:00,137.343,445.69232
1995-08-15 07:31:00,322.152,675.46875
1995-08-15 07:32:00,262.544,473.1496
1995-08-15 07:33:00,94.717,265.32446
1995-08-15 07:34:00,167.98,393.13147
1995-08-15 07:35:00,359.34700000000004,269.43863
1995-08-15 07:36:00,134.82999999999998,328.33902
1995-08-15 07:37:00,365.702,281.06903
1995-08-15 07:38:00,112.047,343.15286
1995-08-15 07:39:00,316.392,305.26978
1995-08-15 07:40:00,96.066,207.61398
1995-08-15 07:41:00,7.465,147.37856
1995-08-15 07:42:00,61.004999999999995,58.95027
1995-08-15 07:43:00,414.049,226.94107
1995-08-15 07:44:00,282.793,304.1178
1995-08-15 07:45:00,118.407,306.17657
1995-08-15 07:46:00,215.332,318.1371
1995-08-15 07:47:00,231.81799999999998,321.98566
1995-08-15 07:48:00,660.703,525.29456
1995-08-15 07:49:00,645.934,443.57993
1995-08-15 07:50:00,227.582,403.54993
1995-08-15 07:51:00,750.196,444.693
1995-08-15 07:52:00,718.296,646.1413
1995-08-15 07:53:00,575.612,351.25894
1995-08-15 07:54:00,449.99299999999994,534.2375
1995-08-15 07:55:00,442.11,351.95215
1995-08-15 07:56:00,307.346,436.3992
1995-08-15 07:57:00,136.864,319.97333
1995-08-15 07:58:00,574.426,409.72183
1995-08-15 07:59:00,176.012,581.6714
1995-08-15 08:00:00,706.294,388.8491
1995-08-15 08:01:00,1090.2,445.9557
1995-08-15 08:02:00,770.59,576.92334
1995-08-15 08:03:00,571.452,627.8088
1995-08-15 08:04:00,720.1899999999999,928.21094
1995-08-15 08:05:00,2501.878,761.50977
1995-08-15 08:06:00,656.751,1046.8597
1995-08-15 08:07:00,664.463,390.09174
1995-08-15 08:08:00,494.624,846.0727
1995-08-15 08:09:00,686.062,593.9225
1995-08-15 08:10:00,667.557,499.82135
1995-08-15 08:11:00,1923.087,600.40247
1995-08-15 08:12:00,1641.493,838.62225
1995-08-15 08:13:00,550.783,757.58325
1995-08-15 08:14:00,936.6539999999999,944.7203
1995-08-15 08:15:00,400.743,908.9866
1995-08-15 08:16:00,271.461,807.8418
1995-08-15 08:17:00,474.98,744.20184
1995-08-15 08:18:00,1906.073,659.1172
1995-08-15 08:19:00,1382.307,962.8447
1995-08-15 08:20:00,1119.555,1083.6217
1995-08-15 08:21:00,1579.233,875.5054
1995-08-15 08:22:00,755.537,987.1179
1995-08-15 08:23:00,1023.5500000000001,939.2225
1995-08-15 08:24:00,731.562,1047.4039
1995-08-15 08:25:00,583.953,950.1654
1995-08-15 08:26:00,799.879,924.0412
1995-08-15 08:27:00,221.665,654.68726
1995-08-15 08:28:00,467.775,762.34467
1995-08-15 08:29:00,1103.716,551.79205
1995-08-15 08:30:00,767.54,684.25653
1995-08-15 08:31:00,471.706,693.1777
1995-08-15 08:32:00,1302.231,589.8354
1995-08-15 08:33:00,989.962,773.9368
1995-08-15 08:34:00,993.9159999999999,853.0926
1995-08-15 08:35:00,1090.947,714.61615
1995-08-15 08:36:00,432.02,1016.99084
1995-08-15 08:37:00,998.126,853.0844
1995-08-15 08:38:00,544.941,466.97064
1995-08-15 08:39:00,1194.708,673.2094
1995-08-15 08:40:00,467.37,583.1427
1995-08-15 08:41:00,971.8190000000001,612.3386
1995-08-15 08:42:00,594.687,722.80035
1995-08-15 08:43:00,871.667,864.0327
1995-08-15 08:44:00,487.795,799.7779
1995-08-15 08:45:00,1586.208,882.0838
1995-08-15 08:46:00,580.088,644.894
1995-08-15 08:47:00,486.214,759.10004
1995-08-15 08:48:00,893.711,785.4837
1995-08-15 08:49:00,976.178,380.31122
1995-08-15 08:50:00,761.3209999999999,416.7352
1995-08-15 08:51:00,241.668,493.4325
1995-08-15 08:52:00,641.25,674.6799
1995-08-15 08:53:00,1671.0810000000001,451.84464
1995-08-15 08:54:00,1025.006,882.95166
1995-08-15 08:55:00,280.307,651.3367
1995-08-15 08:56:00,426.099,806.34595
1995-08-15 08:57:00,756.669,684.9277
1995-08-15 08:58:00,323.85900000000004,595.17
1995-08-15 08:59:00,696.5550000000001,749.57825
1995-08-15 09:00:00,532.391,809.37866
1995-08-15 09:01:00,701.62,739.68677
1995-08-15 09:02:00,257.308,680.4815
1995-08-15 09:03:00,337.788,641.28894
1995-08-15 09:04:00,310.20799999999997,600.59894
1995-08-15 09:05:00,251.63,470.35522
1995-08-15 09:06:00,809.761,399.9426
1995-08-15 09:07:00,887.395,710.16846
1995-08-15 09:08:00,222.958,455.6088
1995-08-15 09:09:00,691.2139999999999,753.48956
1995-08-15 09:10:00,217.339,649.2841
1995-08-15 09:11:00,674.84,467.1867
1995-08-15 09:12:00,256.686,647.28406
1995-08-15 09:13:00,585.588,597.1159
1995-08-15 09:14:00,368.46,560.8835
1995-08-15 09:15:00,286.39,514.5626
1995-08-15 09:16:00,299.871,509.62003
1995-08-15 09:17:00,509.347,441.02618
1995-08-15 09:18:00,507.707,500.77823
1995-08-15 09:19:00,687.025,641.8589
1995-08-15 09:20:00,357.04900000000004,602.92645
1995-08-15 09:21:00,611.233,655.5736
1995-08-15 09:22:00,1096.67,553.1053
1995-08-15 09:23:00,299.378,723.46747
1995-08-15 09:24:00,464.011,601.55695
1995-08-15 09:25:00,417.32399999999996,336.38934
1995-08-15 09:26:00,488.108,423.2274
1995-08-15 09:27:00,610.874,452.13342
1995-08-15 09:28:00,485.128,544.38983
1995-08-15 09:29:00,491.026,662.74854
1995-08-15 09:30:00,1959.8780000000002,618.9967
1995-08-15 09:31:00,539.557,781.1309
1995-08-15 09:32:00,2274.8140000000003,814.09973
1995-08-15 09:33:00,524.706,1034.2449
1995-08-15 09:34:00,676.005,596.47766
1995-08-15 09:35:00,435.841,672.05145
1995-08-15 09:36:00,691.899,595.3821
1995-08-15 09:37:00,496.572,696.2456
1995-08-15 09:38:00,590.065,599.0999
1995-08-15 09:39:00,345.667,688.4778
1995-08-15 09:40:00,1052.342,536.04877
1995-08-15 09:41:00,319.697,627.1431
1995-08-15 09:42:00,457.78099999999995,621.60675
1995-08-15 09:43:00,357.965,657.9372
1995-08-15 09:44:00,947.421,810.8105
1995-08-15 09:45:00,702.8199999999999,866.10333
1995-08-15 09:46:00,635.2579999999999,669.58185
1995-08-15 09:47:00,427.764,540.0135
1995-08-15 09:48:00,601.66,650.3333
1995-08-15 09:49:00,401.329,638.69586
1995-08-15 09:50:00,361.104,603.9306
1995-08-15 09:51:00,639.802,644.13776
1995-08-15 09:52:00,439.926,444.60544
1995-08-15 09:53:00,612.4499999999999,465.9493
1995-08-15 09:54:00,543.8439999999999,648.6293
1995-08-15 09:55:00,670.6560000000001,642.81415
1995-08-15 09:56:00,778.404,688.1829
1995-08-15 09:57:00,988.055,649.3387
1995-08-15 09:58:00,247.68099999999998,593.1029
1995-08-15 09:59:00,682.105,549.75354
1995-08-15 10:00:00,205.775,609.35895
1995-08-15 10:01:00,1440.1229999999998,538.75494
1995-08-15 10:02:00,218.517,662.71466
1995-08-15 10:03:00,966.39,845.58
1995-08-15 10:04:00,512.472,494.1221
1995-08-15 10:05:00,1313.9569999999999,536.04034
1995-08-15 10:06:00,2610.985,824.7227
1995-08-15 10:07:00,1556.798,1008.789
1995-08-15 10:08:00,1037.515,904.2182
1995-08-15 10:09:00,818.038,753.1043
1995-08-15 10:10:00,650.973,759.8042
1995-08-15 10:11:00,370.05899999999997,826.0313
1995-08-15 10:12:00,742.4319999999999,868.5089
1995-08-15 10:13:00,1462.02,867.12933
1995-08-15 10:14:00,1349.657,751.7025
1995-08-15 10:15:00,1309.653,766.33856
1995-08-15 10:16:00,663.079,983.4885
1995-08-15 10:17:00,1383.629,930.493
1995-08-15 10:18:00,1420.214,858.4723
1995-08-15 10:19:00,3219.43,852.3639
1995-08-15 10:20:00,2142.357,903.4347
1995-08-15 10:21:00,2218.627,1152.471
1995-08-15 10:22:00,930.012,1000.4063
1995-08-15 10:23:00,1027.761,1083.3873
1995-08-15 10:24:00,777.97,1073.555
1995-08-15 10:25:00,254.524,832.83105
1995-08-15 10:26:00,1240.767,797.2834
1995-08-15 10:27:00,962.3290000000001,769.26215
1995-08-15 10:28:00,597.573,938.53723
1995-08-15 10:29:00,692.0219999999999,1117.1002
1995-08-15 10:30:00,631.965,1077.137
1995-08-15 10:31:00,1097.449,1290.5657
1995-08-15 10:32:00,665.617,905.46564
1995-08-15 10:33:00,1441.488,963.89825
1995-08-15 10:34:00,1092.382,968.36597
1995-08-15 10:35:00,660.697,887.39233
1995-08-15 10:36:00,1007.244,1032.4885
1995-08-15 10:37:00,2146.1189999999997,1177.5988
1995-08-15 10:38:00,607.344,914.6668
1995-08-15 10:39:00,471.0,1217.6538
1995-08-15 10:40:00,614.206,571.79846
1995-08-15 10:41:00,1154.5,771.3482
1995-08-15 10:42:00,452.079,813.4012
1995-08-15 10:43:00,370.21999999999997,761.1124
1995-08-15 10:44:00,560.4929999999999,972.56793
1995-08-15 10:45:00,498.858,874.33417
1995-08-15 10:46:00,565.9929999999999,818.0641
1995-08-15 10:47:00,753.0169999999999,685.4296
1995-08-15 10:48:00,877.1750000000001,948.2827
1995-08-15 10:49:00,1045.834,1096.3696
1995-08-15 10:50:00,1831.2479999999998,987.4341
1995-08-15 10:51:00,1854.743,1157.666
1995-08-15 10:52:00,599.266,1127.4279
1995-08-15 10:53:00,1025.26,1049.9691
1995-08-15 10:54:00,784.645,1226.3799
1995-08-15 10:55:00,1232.0430000000001,998.10834
1995-08-15 10:56:00,971.273,1179.7324
1995-08-15 10:57:00,1795.162,1160.8328
1995-08-15 10:58:00,720.943,1173.5089
1995-08-15 10:59:00,386.986,718.9657
1995-08-15 11:00:00,686.682,1038.4395
1995-08-15 11:01:00,1298.143,1076.5089
1995-08-15 11:02:00,940.494,1193.0435
1995-08-15 11:03:00,553.61,982.9653
1995-08-15 11:04:00,1074.068,1064.1892
1995-08-15 11:05:00,1236.966,777.61
1995-08-15 11:06:00,897.011,870.801
1995-08-15 11:07:00,1017.325,1121.4731
1995-08-15 11:08:00,1101.753,849.7908
1995-08-15 11:09:00,1689.281,1108.8784
1995-08-15 11:10:00,1268.166,1237.2753
1995-08-15 11:11:00,1227.58,1275.8417
1995-08-15 11:12:00,1400.27,993.55804
1995-08-15 11:13:00,2962.38,1179.0615
1995-08-15 11:14:00,1573.194,1298.1333
1995-08-15 11:15:00,1121.557,1287.9546
1995-08-15 11:16:00,977.849,1119.1259
1995-08-15 11:17:00,1416.838,1433.2035
1995-08-15 11:18:00,1639.288,1339.0336
1995-08-15 11:19:00,1374.1770000000001,1244.4991
1995-08-15 11:20:00,868.469,1235.7853
1995-08-15 11:21:00,2267.591,861.8625
1995-08-15 11:22:00,1415.533,1050.9474
1995-08-15 11:23:00,1242.8229999999999,1134.4435
1995-08-15 11:24:00,617.993,847.98615
1995-08-15 11:25:00,834.1759999999999,985.6673
1995-08-15 11:26:00,624.706,1055.1743
1995-08-15 11:27:00,748.798,1027.6002
1995-08-15 11:28:00,965.171,1061.878
1995-08-15 11:29:00,968.191,1269.866
1995-08-15 11:30:00,1211.876,1145.2423
1995-08-15 11:31:00,869.241,1182.64
1995-08-15 11:32:00,669.728,812.9955
1995-08-15 11:33:00,538.9730000000001,874.91376
1995-08-15 11:34:00,1587.7350000000001,772.6188
1995-08-15 11:35:00,831.582,900.96045
1995-08-15 11:36:00,1402.326,821.2894
1995-08-15 11:37:00,1691.079,1130.1705
1995-08-15 11:38:00,1170.367,1281.4089
1995-08-15 11:39:00,854.635,1018.0788
1995-08-15 11:40:00,784.653,1200.6927
1995-08-15 11:41:00,1053.279,952.9761
1995-08-15 11:42:00,751.128,1264.6138
1995-08-15 11:43:00,1819.069,1145.3292
1995-08-15 11:44:00,2373.585,1194.5988
1995-08-15 11:45:00,982.052,1229.4312
1995-08-15 11:46:00,909.245,1118.513
1995-08-15 11:47:00,1306.817,1221.4346
1995-08-15 11:48:00,1194.475,1089.3048
1995-08-15 11:49:00,990.664,1120.2048
1995-08-15 11:50:00,911.841,1089.0231
1995-08-15 11:51:00,1124.997,784.2198
1995-08-15 11:52:00,1220.451,938.71375
1995-08-15 11:53:00,1968.092,1050.647
1995-08-15 11:54:00,930.3059999999999,994.1776
1995-08-15 11:55:00,1420.446,1443.9814
1995-08-15 11:56:00,1801.185,919.9648
1995-08-15 11:57:00,1542.0210000000002,659.20593
1995-08-15 11:58:00,1154.751,949.89014
1995-08-15 11:59:00,1583.185,757.9505
1995-08-15 12:00:00,2095.805,1159.344
1995-08-15 12:01:00,1983.838,1162.3407
1995-08-15 12:02:00,2946.733,1479.3489
1995-08-15 12:03:00,949.0649999999999,1297.9983
1995-08-15 12:04:00,895.53,1465.1082
1995-08-15 12:05:00,1868.593,1253.1208
1995-08-15 12:06:00,3701.0440000000003,1379.5924
1995-08-15 12:07:00,629.202,1837.8967
1995-08-15 12:08:00,2664.857,1229.0886
1995-08-15 12:09:00,1729.1190000000001,1451.8008
1995-08-15 12:10:00,1201.064,1458.3162
1995-08-15 12:11:00,1345.174,1493.934
1995-08-15 12:12:00,1259.958,1250.6451
1995-08-15 12:13:00,643.403,1067.3613
1995-08-15 12:14:00,1964.733,1037.6423
1995-08-15 12:15:00,1646.242,1163.0393
1995-08-15 12:16:00,732.777,1208.1304
1995-08-15 12:17:00,3403.617,1391.1254
1995-08-15 12:18:00,1386.448,1344.4913
1995-08-15 12:19:00,1107.172,1527.519
1995-08-15 12:20:00,1756.9,1484.3011
1995-08-15 12:21:00,1614.726,1405.1215
1995-08-15 12:22:00,1964.378,1310.9674
1995-08-15 12:23:00,1066.8029999999999,1008.13776
1995-08-15 12:24:00,295.996,1218.969
1995-08-15 12:25:00,1636.407,964.10114
1995-08-15 12:26:00,836.745,891.5437
1995-08-15 12:27:00,735.43,1153.1708
1995-08-15 12:28:00,1236.249,1004.21497
1995-08-15 12:29:00,1638.381,994.9547
1995-08-15 12:30:00,1620.643,1023.2632
1995-08-15 12:31:00,724.699,1103.3265
1995-08-15 12:32:00,985.0980000000001,1057.8701
1995-08-15 12:33:00,1712.166,1303.6696
1995-08-15 12:34:00,929.115,1075.6508
1995-08-15 12:35:00,1379.429,1144.059
1995-08-15 12:36:00,631.718,1255.0641
1995-08-15 12:37:00,1269.922,998.8332
1995-08-15 12:38:00,913.954,1091.6047
1995-08-15 12:39:00,860.678,777.1802
1995-08-15 12:40:00,1176.817,882.61664
1995-08-15 12:41:00,2060.271,1061.109
1995-08-15 12:42:00,1024.31,1225.707
1995-08-15 12:43:00,936.9269999999999,1039.7478
1995-08-15 12:44:00,1310.425,884.6114
1995-08-15 12:45:00,933.7869999999999,1138.4512
1995-08-15 12:46:00,2456.342,1369.6855
1995-08-15 12:47:00,2164.399,1470.3439
1995-08-15 12:48:00,3027.498,1560.342
1995-08-15 12:49:00,2396.67,1720.5472
1995-08-15 12:50:00,2000.8139999999999,1850.1193
1995-08-15 12:51:00,2435.937,1682.4376
1995-08-15 12:52:00,2327.825,1837.71
1995-08-15 12:53:00,1550.761,1502.3972
1995-08-15 12:54:00,1968.143,1579.0315
1995-08-15 12:55:00,1227.4569999999999,1483.608
1995-08-15 12:56:00,2883.177,1559.926
1995-08-15 12:57:00,519.739,1686.2847
1995-08-15 12:58:00,1534.187,1542.1217
1995-08-15 12:59:00,1073.244,1090.9938
1995-08-15 13:00:00,871.2230000000001,1169.848
1995-08-15 13:01:00,1038.835,1326.228
1995-08-15 13:02:00,1525.473,1426.4728
1995-08-15 13:03:00,1617.919,1263.9283
1995-08-15 13:04:00,1150.72,1397.6814
1995-08-15 13:05:00,872.206,1155.8458
1995-08-15 13:06:00,1924.95,1216.0679
1995-08-15 13:07:00,1710.527,1034.4518
1995-08-15 13:08:00,710.024,1181.1132
1995-08-15 13:09:00,1016.506,1091.9741
1995-08-15 13:10:00,1338.196,1152.2477
1995-08-15 13:11:00,674.218,1037.0348
1995-08-15 13:12:00,654.895,1129.8772
1995-08-15 13:13:00,919.395,1326.7401
1995-08-15 13:14:00,946.427,1060.379
1995-08-15 13:15:00,1145.616,1052.2981
1995-08-15 13:16:00,1541.676,1208.5774
1995-08-15 13:17:00,1506.277,1195.3088
1995-08-15 13:18:00,1108.043,1214.1763
1995-08-15 13:19:00,1345.5,1410.4937
1995-08-15 13:20:00,902.594,1477.106
1995-08-15 13:21:00,2167.5820000000003,1187.7311
1995-08-15 13:22:00,786.2710000000001,1054.2622
1995-08-15 13:23:00,1731.556,1201.9747
1995-08-15 13:24:00,1301.234,1237.7672
1995-08-15 13:25:00,1533.346,1060.4144
1995-08-15 13:26:00,1200.817,1228.4236
1995-08-15 13:27:00,1020.4749999999999,1242.6874
1995-08-15 13:28:00,2482.838,1274.9866
1995-08-15 13:29:00,1105.136,1617.835
1995-08-15 13:30:00,987.865,1241.5527
1995-08-15 13:31:00,2789.958,1127.281
1995-08-15 13:32:00,1251.944,1185.2815
1995-08-15 13:33:00,640.917,1105.896
1995-08-15 13:34:00,2139.909,1178.7734
1995-08-15 13:35:00,967.3489999999999,1044.5892
1995-08-15 13:36:00,706.748,1141.5321
1995-08-15 13:37:00,4200.219,1138.5472
1995-08-15 13:38:00,1808.5560000000003,1178.27
1995-08-15 13:39:00,1895.054,1417.692
1995-08-15 13:40:00,1822.257,1375.8688
1995-08-15 13:41:00,2734.39,1518.5217
1995-08-15 13:42:00,1561.972,1627.3706
1995-08-15 13:43:00,1997.337,1537.4534
1995-08-15 13:44:00,2320.642,1573.8955
1995-08-15 13:45:00,611.888,1421.746
1995-08-15 13:46:00,2323.62,1100.2954
1995-08-15 13:47:00,1653.289,1376.8579
1995-08-15 13:48:00,2509.971,1464.326
1995-08-15 13:49:00,1939.777,968.8607
1995-08-15 13:50:00,626.101,1428.1892
1995-08-15 13:51:00,516.716,1124.1912
1995-08-15 13:52:00,818.857,1236.0211
1995-08-15 13:53:00,485.055,1148.0453
1995-08-15 13:54:00,1171.259,1262.6045
1995-08-15 13:55:00,1223.107,946.6243
1995-08-15 13:56:00,1119.372,1276.67
1995-08-15 13:57:00,1809.76,1166.6438
1995-08-15 13:58:00,628.336,1021.48114
1995-08-15 13:59:00,423.302,770.7161
1995-08-15 14:00:00,1472.442,938.1865
1995-08-15 14:01:00,830.7420000000001,871.75226
1995-08-15 14:02:00,1293.9460000000001,1110.5483
1995-08-15 14:03:00,619.864,997.5963
1995-08-15 14:04:00,542.424,1123.6053
1995-08-15 14:05:00,1504.0939999999998,992.69574
1995-08-15 14:06:00,1627.489,1123.7299
1995-08-15 14:07:00,431.242,968.99896
1995-08-15 14:08:00,2788.4320000000002,1097.3146
1995-08-15 14:09:00,898.116,785.5141
1995-08-15 14:10:00,413.71,876.12665
1995-08-15 14:11:00,475.975,788.2747
1995-08-15 14:12:00,612.529,1270.349
1995-08-15 14:13:00,307.68,891.4884
1995-08-15 14:14:00,244.245,796.4099
1995-08-15 14:15:00,924.031,792.13574
1995-08-15 14:16:00,697.842,1020.4251
1995-08-15 14:17:00,757.341,608.31824
1995-08-15 14:18:00,312.73699999999997,530.08997
1995-08-15 14:19:00,523.686,615.06866
1995-08-15 14:20:00,499.5,415.72134
1995-08-15 14:21:00,840.456,710.00604
1995-08-15 14:22:00,669.676,577.69025
1995-08-15 14:23:00,181.74699999999999,567.5407
1995-08-15 14:24:00,442.158,533.9678
1995-08-15 14:25:00,918.712,386.69128
1995-08-15 14:26:00,399.206,784.5666
1995-08-15 14:27:00,453.182,665.64386
1995-08-15 14:28:00,763.467,708.5216
1995-08-15 14:29:00,1049.721,860.5321
1995-08-15 14:30:00,452.171,723.8932
1995-08-15 14:31:00,1423.73,854.71014
1995-08-15 14:32:00,1193.034,1044.4636
1995-08-15 14:33:00,1842.807,1070.9016
1995-08-15 14:34:00,803.99,1003.37366
1995-08-15 14:35:00,1025.711,607.2308
1995-08-15 14:36:00,455.05899999999997,726.82404
1995-08-15 14:37:00,998.959,879.5747
1995-08-15 14:38:00,497.114,819.29877
1995-08-15 14:39:00,1121.048,795.15497
1995-08-15 14:40:00,1476.838,788.59503
1995-08-15 14:41:00,1370.907,1191.1586
1995-08-15 14:42:00,784.128,959.4914
1995-08-15 14:43:00,1937.914,939.5875
1995-08-15 14:44:00,1772.818,1418.7241
1995-08-15 14:45:00,984.392,980.3296
1995-08-15 14:46:00,1181.884,971.81476
1995-08-15 14:47:00,2554.032,1104.3258
1995-08-15 14:48:00,808.49,1121.8553
1995-08-15 14:49:00,1311.776,1220.0219
1995-08-15 14:50:00,717.9,1013.39594
1995-08-15 14:51:00,1132.434,1332.0511
1995-08-15 14:52:00,779.666,1121.2415
1995-08-15 14:53:00,1474.637,1217.0828
1995-08-15 14:54:00,1746.97,1186.1246
1995-08-15 14:55:00,2814.177,1458.4706
1995-08-15 14:56:00,1424.357,1529.5562
1995-08-15 14:57:00,887.376,1605.7955
1995-08-15 14:58:00,2097.935,1511.9108
1995-08-15 14:59:00,1332.024,1731.1951
1995-08-15 15:00:00,1809.772,1626.7915
1995-08-15 15:01:00,1362.248,1754.3838
1995-08-15 15:02:00,1649.2369999999999,1627.2488
1995-08-15 15:03:00,2228.975,1709.5424
1995-08-15 15:04:00,1334.566,1427.6971
1995-08-15 15:05:00,1083.884,1260.4751
1995-08-15 15:06:00,1086.246,1706.0516
1995-08-15 15:07:00,773.384,1242.0582
1995-08-15 15:08:00,1775.138,629.25836
1995-08-15 15:09:00,824.173,276.0151
1995-08-15 15:10:00,0.0,1.8732815
1995-08-15 15:20:00,1790.8319999999999,905.5422
1995-08-15 15:21:00,658.291,1289.7561
1995-08-15 15:22:00,602.51,1343.1555
1995-08-15 15:23:00,890.052,1332.7118
1995-08-15 15:24:00,650.0740000000001,1254.9928
1995-08-15 15:25:00,1797.909,896.5294
1995-08-15 15:30:00,354.629,1039.8307
1995-08-15 15:31:00,1526.671,1231.6968
1995-08-15 15:32:00,983.46,1298.4945
1995-08-15 15:33:00,1607.394,975.4607
1995-08-15 15:34:00,2303.132,1190.9994
1995-08-15 15:35:00,2262.454,1296.0697
1995-08-15 15:36:00,1020.826,1147.9811
1995-08-15 15:37:00,1391.365,1378.2087
1995-08-15 15:38:00,939.0120000000001,1255.2911
1995-08-15 15:39:00,1562.078,1321.4692
1995-08-15 15:40:00,1163.619,1118.8503
1995-08-15 15:41:00,786.9,1042.065
1995-08-15 15:42:00,735.1899999999999,820.93384
1995-08-15 15:43:00,221.144,901.3954
1995-08-15 15:44:00,807.576,820.6443
1995-08-15 15:45:00,358.17,899.8416
1995-08-15 15:46:00,387.036,826.19147
1995-08-15 15:47:00,1097.402,1125.3425
1995-08-15 15:48:00,582.229,908.44214
1995-08-15 15:49:00,943.671,996.88947
1995-08-15 15:50:00,1326.347,1255.1449
1995-08-15 15:51:00,906.609,1093.6771
1995-08-15 15:52:00,2526.642,905.82794
1995-08-15 15:53:00,881.441,913.65485
1995-08-15 15:54:00,810.853,997.65393
1995-08-15 15:55:00,2527.126,1119.961
1995-08-15 15:56:00,853.043,792.6094
1995-08-15 15:57:00,730.967,1232.2777
1995-08-15 15:58:00,770.869,1302.9823
1995-08-15 15:59:00,1539.856,1311.8899
1995-08-15 16:00:00,3013.609,1444.377
1995-08-15 16:01:00,2933.7670000000003,1485.1464
1995-08-15 16:02:00,1175.622,1675.9065
1995-08-15 16:03:00,970.808,1722.6526
1995-08-15 16:04:00,1540.0049999999999,1364.9031
1995-08-15 16:05:00,2002.7440000000001,1638.5316
1995-08-15 16:06:00,1482.725,1466.3033
1995-08-15 16:07:00,2179.254,1241.4414
1995-08-15 16:08:00,796.653,1387.2859
1995-08-15 16:09:00,414.83,1051.5103
1995-08-15 16:10:00,2634.878,1257.7616
1995-08-15 16:11:00,1035.511,1263.6262
1995-08-15 16:12:00,535.567,1194.3987
1995-08-15 16:13:00,1187.063,979.0058
1995-08-15 16:14:00,946.657,1225.7825
1995-08-15 16:15:00,897.6239999999999,1092.7812
1995-08-15 16:16:00,1243.537,1320.0215
1995-08-15 16:17:00,1910.761,1286.6271
1995-08-15 16:18:00,3039.504,1126.9313
1995-08-15 16:19:00,544.509,1268.6854
1995-08-15 16:20:00,1199.019,1273.1036
1995-08-15 16:21:00,429.363,1201.4734
1995-08-15 16:22:00,1600.664,1037.411
1995-08-15 16:23:00,892.677,1035.293
1995-08-15 16:24:00,970.459,1310.4646
1995-08-15 16:25:00,3103.7740000000003,1369.0759
1995-08-15 16:26:00,1394.71,1581.1168
1995-08-15 16:27:00,2015.849,1469.3627
1995-08-15 16:28:00,1111.761,1266.2443
1995-08-15 16:29:00,914.161,1277.188
1995-08-15 16:30:00,3106.955,952.53406
1995-08-15 16:31:00,638.577,1227.5
1995-08-15 16:32:00,1620.6370000000002,985.6348
1995-08-15 16:33:00,415.762,807.4373
1995-08-15 16:34:00,685.118,950.8142
1995-08-15 16:35:00,604.992,898.7482
1995-08-15 16:36:00,676.678,1118.5721
1995-08-15 16:37:00,769.03,591.2612
1995-08-15 16:38:00,727.208,1039.4263
1995-08-15 16:39:00,718.6030000000001,1194.596
1995-08-15 16:40:00,666.93,951.3667
1995-08-15 16:41:00,1073.219,1063.6534
1995-08-15 16:42:00,1029.942,1212.5011
1995-08-15 16:43:00,1601.787,1175.7092
1995-08-15 16:44:00,681.03,905.0638
1995-08-15 16:45:00,2426.059,817.5463
1995-08-15 16:46:00,765.7,691.49225
1995-08-15 16:47:00,1182.32,980.24396
1995-08-15 16:48:00,1245.284,1451.5514
1995-08-15 16:49:00,900.7,1150.3373
1995-08-15 16:50:00,830.246,979.3376
1995-08-15 16:51:00,953.407,936.84216
1995-08-15 16:52:00,665.251,779.04333
1995-08-15 16:53:00,525.823,709.7691
1995-08-15 16:54:00,958.937,850.36255
1995-08-15 16:55:00,1590.961,1319.1462
1995-08-15 16:56:00,1609.454,1154.8837
1995-08-15 16:57:00,2096.996,1341.2462
1995-08-15 16:58:00,1041.46,1231.6392
1995-08-15 16:59:00,2052.715,1141.3878
1995-08-15 17:00:00,349.61,1031.7131
1995-08-15 17:01:00,870.39,1277.0679
1995-08-15 17:02:00,637.029,1156.7095
1995-08-15 17:03:00,1034.8629999999998,957.85406
1995-08-15 17:04:00,711.071,954.99066
1995-08-15 17:05:00,942.847,998.14215
1995-08-15 17:06:00,1284.086,1057.4749
1995-08-15 17:07:00,2091.143,1128.0608
1995-08-15 17:08:00,609.812,779.9022
1995-08-15 17:09:00,282.267,873.66034
1995-08-15 17:10:00,1267.183,823.5376
1995-08-15 17:11:00,594.606,894.3524
1995-08-15 17:12:00,1346.017,1143.9034
1995-08-15 17:13:00,635.59,1071.8583
1995-08-15 17:14:00,522.779,873.07294
1995-08-15 17:15:00,980.135,684.2562
1995-08-15 17:16:00,652.657,1014.0559
1995-08-15 17:17:00,916.831,800.69403
1995-08-15 17:18:00,1012.8349999999998,517.819
1995-08-15 17:19:00,534.9209999999999,682.9873
1995-08-15 17:20:00,420.151,681.89685
1995-08-15 17:21:00,741.291,796.08563
1995-08-15 17:22:00,1010.0409999999999,923.8904
1995-08-15 17:23:00,455.729,735.35175
1995-08-15 17:24:00,1595.112,832.67004
1995-08-15 17:25:00,1426.625,834.72144
1995-08-15 17:26:00,1159.459,754.83484
1995-08-15 17:27:00,1448.441,765.5516
1995-08-15 17:28:00,850.461,984.43774
1995-08-15 17:29:00,494.36699999999996,687.2693
1995-08-15 17:30:00,181.49,643.3307
1995-08-15 17:31:00,342.39,641.0844
1995-08-15 17:32:00,541.225,642.5842
1995-08-15 17:33:00,851.101,698.45575
1995-08-15 17:34:00,887.932,911.29663
1995-08-15 17:35:00,909.076,943.1194
1995-08-15 17:36:00,1237.227,990.2883
1995-08-15 17:37:00,762.596,919.5284
1995-08-15 17:38:00,1471.322,815.216
1995-08-15 17:39:00,1338.42,751.1705
1995-08-15 17:40:00,899.673,951.3799
1995-08-15 17:41:00,485.558,831.83093
1995-08-15 17:42:00,703.064,830.1163
1995-08-15 17:43:00,3022.8889999999997,869.4589
1995-08-15 17:44:00,1840.153,1074.6782
1995-08-15 17:45:00,1491.14,1080.1738
1995-08-15 17:46:00,280.672,874.7283
1995-08-15 17:47:00,1316.598,766.61707
1995-08-15 17:48:00,761.282,907.8045
1995-08-15 17:49:00,782.2969999999999,998.4657
1995-08-15 17:50:00,432.839,841.40216
1995-08-15 17:51:00,556.882,576.2197
1995-08-15 17:52:00,530.607,812.4705
1995-08-15 17:53:00,1053.537,650.2122
1995-08-15 17:54:00,493.53700000000003,955.7217
1995-08-15 17:55:00,1641.652,759.6373
1995-08-15 17:56:00,1037.595,914.6668
1995-08-15 17:57:00,1635.6799999999998,656.4724
1995-08-15 17:58:00,1034.676,954.53217
1995-08-15 17:59:00,623.74,1038.052
1995-08-15 18:00:00,1136.504,891.2671
1995-08-15 18:01:00,424.928,711.6142
1995-08-15 18:02:00,391.678,937.7209
1995-08-15 18:03:00,1615.203,798.1925
1995-08-15 18:04:00,825.395,817.8485
1995-08-15 18:05:00,638.2189999999999,858.6719
1995-08-15 18:06:00,322.95799999999997,503.22278
1995-08-15 18:07:00,1913.103,578.63306
1995-08-15 18:08:00,467.682,888.869
1995-08-15 18:09:00,523.707,720.6447
1995-08-15 18:10:00,723.135,792.6635
1995-08-15 18:11:00,1179.2160000000001,932.44183
1995-08-15 18:12:00,1467.9460000000001,871.1366
1995-08-15 18:13:00,791.863,904.1777
1995-08-15 18:14:00,1239.798,594.78436
1995-08-15 18:15:00,634.3199999999999,667.2883
1995-08-15 18:16:00,370.127,438.0207
1995-08-15 18:17:00,400.545,418.0088
1995-08-15 18:18:00,233.816,570.125
1995-08-15 18:19:00,562.732,653.9295
1995-08-15 18:20:00,745.795,700.90375
1995-08-15 18:21:00,965.413,508.61835
1995-08-15 18:22:00,269.51,713.18445
1995-08-15 18:23:00,813.92,608.68207
1995-08-15 18:24:00,539.008,754.74365
1995-08-15 18:25:00,426.815,576.3912
1995-08-15 18:26:00,1459.48,745.3907
1995-08-15 18:27:00,556.466,599.00806
1995-08-15 18:28:00,480.239,715.0671
1995-08-15 18:29:00,481.177,446.62796
1995-08-15 18:30:00,390.119,426.44904
1995-08-15 18:31:00,238.002,555.7285
1995-08-15 18:32:00,314.62899999999996,365.163
1995-08-15 18:33:00,379.213,320.14587
1995-08-15 18:34:00,228.18599999999998,313.86285
1995-08-15 18:35:00,503.018,357.17355
1995-08-15 18:36:00,507.66,589.9954
1995-08-15 18:37:00,1169.9180000000001,454.41763
1995-08-15 18:38:00,187.047,496.72238
1995-08-15 18:39:00,450.372,634.4181
1995-08-15 18:40:00,263.611,467.66647
1995-08-15 18:41:00,280.86400000000003,369.34036
1995-08-15 18:42:00,778.9830000000001,297.90085
1995-08-15 18:43:00,230.584,524.9486
1995-08-15 18:44:00,225.35,403.4558
1995-08-15 18:45:00,947.905,401.0463
1995-08-15 18:46:00,669.998,572.67346
1995-08-15 18:47:00,1251.2620000000002,250.5825
1995-08-15 18:48:00,228.916,517.7222
1995-08-15 18:49:00,186.746,371.78946
1995-08-15 18:50:00,360.52,327.5355
1995-08-15 18:51:00,418.805,671.1919
1995-08-15 18:52:00,709.444,423.16144
1995-08-15 18:53:00,92.75,293.32294
1995-08-15 18:54:00,1493.844,541.7141
1995-08-15 18:55:00,750.851,639.43994
1995-08-15 18:56:00,1295.821,586.11926
1995-08-15 18:57:00,974.367,658.5728
1995-08-15 18:58:00,973.9739999999999,586.1565
1995-08-15 18:59:00,1066.802,945.66956
1995-08-15 19:00:00,1658.7700000000002,608.31964
1995-08-15 19:01:00,483.19899999999996,711.0089
1995-08-15 19:02:00,480.092,700.122
1995-08-15 19:03:00,664.758,855.00684
1995-08-15 19:04:00,489.469,719.32214
1995-08-15 19:05:00,394.241,606.1711
1995-08-15 19:06:00,444.968,565.4619
1995-08-15 19:07:00,405.353,310.72748
1995-08-15 19:08:00,369.825,375.77286
1995-08-15 19:09:00,191.02200000000002,488.07407
1995-08-15 19:10:00,563.398,407.96768
1995-08-15 19:11:00,679.602,536.753
1995-08-15 19:12:00,510.089,524.9323
1995-08-15 19:13:00,327.068,335.7511
1995-08-15 19:14:00,689.697,566.5864
1995-08-15 19:15:00,649.259,537.27094
1995-08-15 19:16:00,913.117,711.51227
1995-08-15 19:17:00,2870.642,991.81433
1995-08-15 19:18:00,792.459,884.6351
1995-08-15 19:19:00,672.452,525.33795
1995-08-15 19:20:00,833.943,731.143
1995-08-15 19:21:00,1433.7579999999998,759.9189
1995-08-15 19:22:00,263.295,582.38196
1995-08-15 19:23:00,366.65,791.4292
1995-08-15 19:24:00,229.004,775.26154
1995-08-15 19:25:00,339.23,569.6813
1995-08-15 19:26:00,290.714,381.98712
1995-08-15 19:27:00,486.65299999999996,323.80316
1995-08-15 19:28:00,683.038,408.26947
1995-08-15 19:29:00,336.053,427.9776
1995-08-15 19:30:00,252.118,495.25925
1995-08-15 19:31:00,408.492,434.8182
1995-08-15 19:32:00,1603.218,530.0454
1995-08-15 19:33:00,141.44400000000002,305.97437
1995-08-15 19:34:00,504.791,388.28012
1995-08-15 19:35:00,339.329,390.05707
1995-08-15 19:36:00,704.056,523.53253
1995-08-15 19:37:00,297.25,571.12585
1995-08-15 19:38:00,424.954,552.7801
1995-08-15 19:39:00,399.298,414.5217
1995-08-15 19:40:00,383.519,498.26865
1995-08-15 19:41:00,571.701,465.73404
1995-08-15 19:42:00,1229.895,503.56094
1995-08-15 19:43:00,453.346,497.57562
1995-08-15 19:44:00,353.784,515.41125
1995-08-15 19:45:00,25.124,345.8076
1995-08-15 19:46:00,292.536,403.12732
1995-08-15 19:47:00,501.097,316.99414
1995-08-15 19:48:00,162.994,472.78323
1995-08-15 19:49:00,1152.5240000000001,542.1845
1995-08-15 19:50:00,244.643,489.34787
1995-08-15 19:51:00,494.898,550.9208
1995-08-15 19:52:00,1657.384,602.00995
1995-08-15 19:53:00,199.00199999999998,328.50662
1995-08-15 19:54:00,250.547,381.13467
1995-08-15 19:55:00,612.954,322.1904
1995-08-15 19:56:00,299.08299999999997,479.73782
1995-08-15 19:57:00,746.761,570.8812
1995-08-15 19:58:00,552.949,399.35037
1995-08-15 19:59:00,959.9209999999999,466.5453
1995-08-15 20:00:00,595.679,532.5702
1995-08-15 20:01:00,337.83299999999997,542.16406
1995-08-15 20:02:00,427.48900000000003,313.26437
1995-08-15 20:03:00,302.238,460.53976
1995-08-15 20:04:00,749.611,466.61865
1995-08-15 20:05:00,279.397,569.24005
1995-08-15 20:06:00,221.659,272.45587
1995-08-15 20:07:00,640.5,394.0687
1995-08-15 20:08:00,147.835,413.74652
1995-08-15 20:09:00,403.692,300.2147
1995-08-15 20:10:00,325.045,376.7486
1995-08-15 20:11:00,38.673,151.01492
1995-08-15 20:12:00,1019.211,366.43558
1995-08-15 20:13:00,384.593,433.5236
1995-08-15 20:14:00,580.99,334.65887
1995-08-15 20:15:00,151.617,372.6077
1995-08-15 20:16:00,289.069,356.73764
1995-08-15 20:17:00,251.99599999999998,457.27133
1995-08-15 20:18:00,303.112,391.67618
1995-08-15 20:19:00,408.837,258.71826
1995-08-15 20:20:00,1224.8970000000002,287.32883
1995-08-15 20:21:00,243.408,297.95114
1995-08-15 20:22:00,443.091,558.69293
1995-08-15 20:23:00,246.019,397.9666
1995-08-15 20:24:00,137.944,149.2831
1995-08-15 20:25:00,553.0260000000001,496.76392
1995-08-15 20:26:00,178.56799999999998,280.92178
1995-08-15 20:27:00,122.23299999999999,251.25941
1995-08-15 20:28:00,1028.0,312.22656
1995-08-15 20:29:00,1213.9080000000001,363.21564
1995-08-15 20:30:00,350.278,424.57452
1995-08-15 20:31:00,434.216,438.1876
1995-08-15 20:32:00,233.348,343.23245
1995-08-15 20:33:00,323.536,356.58142
1995-08-15 20:34:00,224.825,347.58008
1995-08-15 20:35:00,1774.978,291.89392
1995-08-15 20:36:00,3790.733,425.6915
1995-08-15 20:37:00,750.8829999999999,395.98828
1995-08-15 20:38:00,585.266,623.98456
1995-08-15 20:39:00,749.12,745.12164
1995-08-15 20:40:00,767.874,431.24792
1995-08-15 20:41:00,843.891,685.6313
1995-08-15 20:42:00,378.004,614.0302
1995-08-15 20:43:00,249.347,429.90308
1995-08-15 20:44:00,1478.6290000000001,639.9483
1995-08-15 20:45:00,142.329,211.61414
1995-08-15 20:46:00,800.176,503.27374
1995-08-15 20:47:00,848.8469999999999,457.627
1995-08-15 20:48:00,339.64300000000003,726.1909
1995-08-15 20:49:00,1151.259,510.44733
1995-08-15 20:50:00,389.727,482.878
1995-08-15 20:51:00,602.718,635.2385
1995-08-15 20:52:00,291.302,703.1706
1995-08-15 20:53:00,1541.128,566.36884
1995-08-15 20:54:00,428.538,620.2604
1995-08-15 20:55:00,504.204,526.03064
1995-08-15 20:56:00,137.859,496.90326
1995-08-15 20:57:00,171.29299999999998,208.05214
1995-08-15 20:58:00,169.532,376.71637
1995-08-15 20:59:00,1026.4370000000001,132.0112
1995-08-15 21:00:00,910.012,502.78104
1995-08-15 21:01:00,157.369,427.4657
1995-08-15 21:02:00,171.549,372.41873
1995-08-15 21:03:00,217.77,470.90936
1995-08-15 21:04:00,224.24300000000002,473.80344
1995-08-15 21:05:00,71.247,249.69897
1995-08-15 21:06:00,602.129,526.3164
1995-08-15 21:07:00,298.97,273.21255
1995-08-15 21:08:00,328.031,370.97656
1995-08-15 21:09:00,972.357,406.6523
1995-08-15 21:10:00,238.203,519.01843
1995-08-15 21:11:00,728.53,499.95724
1995-08-15 21:12:00,523.037,512.6185
1995-08-15 21:13:00,152.297,379.14825
1995-08-15 21:14:00,558.169,560.1772
1995-08-15 21:15:00,1244.727,544.19946
1995-08-15 21:16:00,1180.302,504.80753
1995-08-15 21:17:00,885.261,407.33167
1995-08-15 21:18:00,1015.029,508.16318
1995-08-15 21:19:00,1072.451,356.36765
1995-08-15 21:20:00,1411.6140000000003,483.35052
1995-08-15 21:21:00,615.979,702.98627
1995-08-15 21:22:00,262.694,539.08685
1995-08-15 21:23:00,460.06399999999996,715.8501
1995-08-15 21:24:00,760.4300000000001,501.42297
1995-08-15 21:25:00,168.601,532.3247
1995-08-15 21:26:00,227.655,230.16989
1995-08-15 21:27:00,698.448,409.88522
1995-08-15 21:28:00,1586.268,348.897
1995-08-15 21:29:00,428.471,491.9106
1995-08-15 21:30:00,400.693,595.9864
1995-08-15 21:31:00,405.238,441.53128
1995-08-15 21:32:00,1600.7450000000001,545.6338
1995-08-15 21:33:00,550.247,501.63434
1995-08-15 21:34:00,1139.424,717.587
1995-08-15 21:35:00,1280.341,755.9298
1995-08-15 21:36:00,1399.08,899.2787
1995-08-15 21:37:00,774.6729999999999,558.98175
1995-08-15 21:38:00,926.476,588.31995
1995-08-15 21:39:00,965.625,707.97
1995-08-15 21:40:00,940.694,687.5956
1995-08-15 21:41:00,1350.6870000000001,707.46344
1995-08-15 21:42:00,1182.043,827.41864
1995-08-15 21:43:00,368.582,622.1586
1995-08-15 21:44:00,644.62,590.8626
1995-08-15 21:45:00,529.059,643.931
1995-08-15 21:46:00,557.396,645.07544
1995-08-15 21:47:00,646.071,737.05316
1995-08-15 21:48:00,509.136,689.8857
1995-08-15 21:49:00,243.417,553.70776
1995-08-15 21:50:00,508.529,504.18542
1995-08-15 21:51:00,541.1370000000001,490.31308
1995-08-15 21:52:00,968.6469999999999,430.31213
1995-08-15 21:53:00,142.186,236.88956
1995-08-15 21:54:00,675.7769999999999,386.69757
1995-08-15 21:55:00,97.088,496.12848
1995-08-15 21:56:00,868.3489999999999,495.8024
1995-08-15 21:57:00,974.0590000000001,672.1994
1995-08-15 21:58:00,315.464,494.99265
1995-08-15 21:59:00,227.403,459.1187
1995-08-15 22:00:00,479.015,500.82825
1995-08-15 22:01:00,534.028,523.7439
1995-08-15 22:02:00,268.464,388.09213
1995-08-15 22:03:00,321.105,394.87186
1995-08-15 22:04:00,399.298,508.78946
1995-08-15 22:05:00,478.636,440.94778
1995-08-15 22:06:00,503.094,472.18787
1995-08-15 22:07:00,436.052,525.35126
1995-08-15 22:08:00,317.211,431.71213
1995-08-15 22:09:00,255.68900000000002,508.90616
1995-08-15 22:10:00,1778.773,400.62494
1995-08-15 22:11:00,176.517,539.7888
1995-08-15 22:12:00,486.89799999999997,483.7262
1995-08-15 22:13:00,500.121,366.18845
1995-08-15 22:14:00,827.725,613.5831
1995-08-15 22:15:00,428.973,519.30865
1995-08-15 22:16:00,642.376,518.91925
1995-08-15 22:17:00,736.403,568.91736
1995-08-15 22:18:00,558.055,432.70282
1995-08-15 22:19:00,527.57,448.44742
1995-08-15 22:20:00,675.579,435.67358
1995-08-15 22:21:00,308.508,464.3154
1995-08-15 22:22:00,682.3,406.8905
1995-08-15 22:23:00,329.092,445.09802
1995-08-15 22:24:00,329.128,389.94257
1995-08-15 22:25:00,520.863,346.2216
1995-08-15 22:26:00,512.028,571.05334
1995-08-15 22:27:00,451.11,559.49146
1995-08-15 22:28:00,177.909,535.00037
1995-08-15 22:29:00,770.801,597.43823
1995-08-15 22:30:00,383.587,542.5703
1995-08-15 22:31:00,899.881,433.92905
1995-08-15 22:32:00,1043.8719999999998,728.14056
1995-08-15 22:33:00,1348.892,587.01355
1995-08-15 22:34:00,487.038,438.61185
1995-08-15 22:35:00,303.558,552.5663
1995-08-15 22:36:00,355.379,442.73233
1995-08-15 22:37:00,546.825,552.06335
1995-08-15 22:38:00,219.07000000000002,557.11865
1995-08-15 22:39:00,2077.123,533.9665
1995-08-15 22:40:00,434.994,683.3902
1995-08-15 22:41:00,1420.3619999999999,515.3435
1995-08-15 22:42:00,598.716,508.24573
1995-08-15 22:43:00,785.62,857.2854
1995-08-15 22:44:00,783.3029999999999,477.9271
1995-08-15 22:45:00,357.364,663.79224
1995-08-15 22:46:00,1330.6480000000001,429.6541
1995-08-15 22:47:00,528.34,593.244
1995-08-15 22:48:00,1165.319,517.52637
1995-08-15 22:49:00,442.94599999999997,529.9431
1995-08-15 22:50:00,415.502,466.83365
1995-08-15 22:51:00,449.655,706.5141
1995-08-15 22:52:00,171.61100000000002,459.68402
1995-08-15 22:53:00,478.697,392.43222
1995-08-15 22:54:00,278.53,570.71436
1995-08-15 22:55:00,90.196,366.76373
1995-08-15 22:56:00,121.049,208.7871
1995-08-15 22:57:00,1621.226,357.1763
1995-08-15 22:58:00,678.6899999999999,485.31183
1995-08-15 22:59:00,720.779,567.9353
1995-08-15 23:00:00,446.94599999999997,597.4314
1995-08-15 23:01:00,499.73699999999997,449.81146
1995-08-15 23:02:00,911.7189999999999,385.75424
1995-08-15 23:03:00,1582.069,493.42047
1995-08-15 23:04:00,952.266,700.01
1995-08-15 23:05:00,568.7520000000001,535.3921
1995-08-15 23:06:00,477.844,609.8577
1995-08-15 23:07:00,794.401,661.06433
1995-08-15 23:08:00,355.012,620.2032
1995-08-15 23:09:00,431.90500000000003,486.7217
1995-08-15 23:10:00,967.626,464.1448
1995-08-15 23:11:00,1204.7,552.0349
1995-08-15 23:12:00,735.434,751.9933
1995-08-15 23:13:00,625.168,825.58386
1995-08-15 23:14:00,243.076,622.0502
1995-08-15 23:15:00,353.807,505.28943
1995-08-15 23:16:00,346.416,515.73956
1995-08-15 23:17:00,247.01,501.33386
1995-08-15 23:18:00,722.693,390.58923
1995-08-15 23:19:00,433.234,583.2051
1995-08-15 23:20:00,265.703,625.9836
1995-08-15 23:21:00,1494.818,568.95544
1995-08-15 23:22:00,569.524,587.6049
1995-08-15 23:23:00,255.817,619.01385
1995-08-15 23:24:00,1210.9370000000001,337.31842
1995-08-15 23:25:00,1336.4050000000002,608.74286
1995-08-15 23:26:00,1280.023,561.8499
1995-08-15 23:27:00,1658.192,503.67715
1995-08-15 23:28:00,281.199,462.97186
1995-08-15 23:29:00,162.911,382.9019
1995-08-15 23:30:00,1756.004,229.0802
1995-08-15 23:31:00,1454.865,357.6232
1995-08-15 23:32:00,99.448,281.3414
1995-08-15 23:33:00,748.126,281.23505
1995-08-15 23:34:00,478.433,598.5502
1995-08-15 23:35:00,125.07,402.11786
1995-08-15 23:36:00,207.294,318.50327
1995-08-15 23:37:00,67.03,284.44025
1995-08-15 23:38:00,944.3149999999999,613.514
1995-08-15 23:39:00,186.768,195.5554
1995-08-15 23:40:00,243.12699999999998,420.07016
1995-08-15 23:41:00,1155.154,475.78818
1995-08-15 23:42:00,152.522,510.4705
1995-08-15 23:43:00,129.749,415.32294
1995-08-15 23:44:00,533.622,491.72992
1995-08-15 23:45:00,873.438,487.16632
1995-08-15 23:46:00,433.727,589.86554
1995-08-15 23:47:00,377.721,503.9559
1995-08-15 23:48:00,221.39499999999998,197.13205
1995-08-15 23:49:00,381.89799999999997,469.94836
1995-08-15 23:50:00,260.418,341.19296
1995-08-15 23:51:00,493.772,304.74243
1995-08-15 23:52:00,1441.1999999999998,317.97763
1995-08-15 23:53:00,267.307,472.74777
1995-08-15 23:54:00,332.027,360.03662
1995-08-15 23:55:00,273.966,420.15872
1995-08-15 23:56:00,771.388,350.0687
1995-08-15 23:57:00,393.209,513.9386
1995-08-15 23:58:00,540.286,526.9253
1995-08-15 23:59:00,251.983,268.54337
1995-08-16 00:00:00,155.946,216.72807
1995-08-16 00:01:00,325.66299999999995,315.81076
1995-08-16 00:02:00,181.711,328.62872
1995-08-16 00:03:00,213.621,345.54294
1995-08-16 00:04:00,303.77,348.76788
1995-08-16 00:05:00,715.002,162.35945
1995-08-16 00:06:00,117.61699999999999,240.9135
1995-08-16 00:07:00,204.34,386.98608
1995-08-16 00:08:00,160.00799999999998,301.39377
1995-08-16 00:09:00,202.59,246.41412
1995-08-16 00:10:00,92.922,153.38121
1995-08-16 00:11:00,234.608,229.37144
1995-08-16 00:12:00,265.058,281.20667
1995-08-16 00:13:00,301.609,339.42975
1995-08-16 00:14:00,248.05100000000002,202.35939
1995-08-16 00:15:00,295.33299999999997,263.66415
1995-08-16 00:16:00,114.238,222.3597
1995-08-16 00:17:00,532.451,232.0252
1995-08-16 00:18:00,269.753,274.90726
1995-08-16 00:19:00,462.654,494.95053
1995-08-16 00:20:00,465.998,157.26796
1995-08-16 00:21:00,80.38699999999999,167.89339
1995-08-16 00:22:00,479.832,309.58813
1995-08-16 00:23:00,269.485,356.05203
1995-08-16 00:24:00,869.8789999999999,469.41577
1995-08-16 00:25:00,331.93399999999997,509.69357
1995-08-16 00:26:00,515.7139999999999,374.9538
1995-08-16 00:27:00,405.683,474.75348
1995-08-16 00:28:00,387.53499999999997,448.40927
1995-08-16 00:29:00,612.249,393.84912
1995-08-16 00:30:00,160.473,344.08755
1995-08-16 00:31:00,1138.6280000000002,502.16406
1995-08-16 00:32:00,284.748,455.2029
1995-08-16 00:33:00,318.382,462.55945
1995-08-16 00:34:00,179.179,264.48407
1995-08-16 00:35:00,359.375,329.0438
1995-08-16 00:36:00,333.24,638.22595
1995-08-16 00:37:00,168.511,498.1458
1995-08-16 00:38:00,542.421,521.59174
1995-08-16 00:39:00,365.12,548.45013
1995-08-16 00:40:00,883.2819999999999,298.1465
1995-08-16 00:41:00,388.519,407.74503
1995-08-16 00:42:00,701.522,603.69556
1995-08-16 00:43:00,40.536,372.16864
1995-08-16 00:44:00,232.897,303.34518
1995-08-16 00:45:00,934.642,205.73643
1995-08-16 00:46:00,118.209,181.51126
1995-08-16 00:47:00,1555.595,260.2363
1995-08-16 00:48:00,677.177,199.691
1995-08-16 00:49:00,1124.3439999999998,375.6076
1995-08-16 00:50:00,562.265,516.88684
1995-08-16 00:51:00,1626.9199999999998,494.27655
1995-08-16 00:52:00,1229.809,436.40045
1995-08-16 00:53:00,891.391,392.45737
1995-08-16 00:54:00,2046.339,467.5161
1995-08-16 00:55:00,803.419,385.91064
1995-08-16 00:56:00,613.812,266.1377
1995-08-16 00:57:00,875.951,395.17493
1995-08-16 00:58:00,1165.426,632.762
1995-08-16 00:59:00,1698.218,684.0827
1995-08-16 01:00:00,480.11600000000004,687.65106
1995-08-16 01:01:00,1354.6100000000001,703.85693
1995-08-16 01:02:00,937.4670000000001,571.14307
1995-08-16 01:03:00,930.211,693.3313
1995-08-16 01:04:00,367.136,601.75037
1995-08-16 01:05:00,1259.5,396.5655
1995-08-16 01:06:00,1249.511,565.9897
1995-08-16 01:07:00,418.75,693.0397
1995-08-16 01:08:00,1421.359,553.1885
1995-08-16 01:09:00,1554.5240000000001,474.83698
1995-08-16 01:10:00,928.192,584.0071
1995-08-16 01:11:00,996.11,543.44196
1995-08-16 01:12:00,1438.3,747.75226
1995-08-16 01:13:00,189.90200000000002,385.4018
1995-08-16 01:14:00,155.625,451.67905
1995-08-16 01:15:00,502.46999999999997,347.94846
1995-08-16 01:16:00,198.421,353.4223
1995-08-16 01:17:00,234.729,512.9466
1995-08-16 01:18:00,176.06199999999998,184.07211
1995-08-16 01:19:00,447.726,494.31952
1995-08-16 01:20:00,560.428,400.31003
1995-08-16 01:21:00,594.886,542.0069
1995-08-16 01:22:00,413.505,264.70065
1995-08-16 01:23:00,786.372,132.45299
1995-08-16 01:24:00,528.656,374.64288
1995-08-16 01:25:00,172.946,324.15787
1995-08-16 01:26:00,141.911,184.60918
1995-08-16 01:27:00,45.491,116.61387
1995-08-16 01:28:00,187.93099999999998,168.41849
1995-08-16 01:29:00,424.371,236.62698
1995-08-16 01:30:00,121.792,345.04837
1995-08-16 01:31:00,568.499,212.04951
1995-08-16 01:32:00,976.666,333.9065
1995-08-16 01:33:00,80.46600000000001,242.48381
1995-08-16 01:34:00,435.15,350.2482
1995-08-16 01:35:00,128.267,399.44547
1995-08-16 01:36:00,218.416,349.7608
1995-08-16 01:37:00,433.154,450.76367
1995-08-16 01:38:00,188.751,434.18005
1995-08-16 01:39:00,225.842,493.5511
1995-08-16 01:40:00,304.403,332.5706
1995-08-16 01:41:00,698.301,334.27942
1995-08-16 01:42:00,557.958,473.05554
1995-08-16 01:43:00,340.51599999999996,309.4534
1995-08-16 01:44:00,622.5709999999999,405.5435
1995-08-16 01:45:00,414.675,271.9969
1995-08-16 01:46:00,180.40599999999998,233.36978
1995-08-16 01:47:00,84.715,235.23027
1995-08-16 01:48:00,278.58000000000004,252.58472
1995-08-16 01:49:00,215.69400000000002,224.9192
1995-08-16 01:50:00,126.139,240.96657
1995-08-16 01:51:00,191.081,320.25137
1995-08-16 01:52:00,389.155,264.47723
1995-08-16 01:53:00,141.77100000000002,358.38824
1995-08-16 01:54:00,658.298,382.43848
1995-08-16 01:55:00,567.518,377.05096
1995-08-16 01:56:00,176.946,448.79218
1995-08-16 01:57:00,818.092,423.3682
1995-08-16 01:58:00,438.244,390.90997
1995-08-16 01:59:00,1408.8950000000002,464.6106
1995-08-16 02:00:00,247.865,427.0475
1995-08-16 02:01:00,1876.6170000000002,478.50613
1995-08-16 02:02:00,95.298,311.02475
1995-08-16 02:03:00,137.454,135.65356
1995-08-16 02:04:00,587.878,227.9214
1995-08-16 02:05:00,161.69,380.6188
1995-08-16 02:06:00,581.677,228.73038
1995-08-16 02:07:00,521.232,433.17087
1995-08-16 02:08:00,345.327,293.39465
1995-08-16 02:09:00,478.26099999999997,210.90695
1995-08-16 02:10:00,275.127,220.0112
1995-08-16 02:11:00,97.41,125.50309
1995-08-16 02:12:00,971.823,469.59457
1995-08-16 02:13:00,78.53399999999999,298.48605
1995-08-16 02:14:00,280.882,146.09341
1995-08-16 02:15:00,255.929,167.43135
1995-08-16 02:16:00,336.093,258.28235
1995-08-16 02:17:00,637.175,414.8753
1995-08-16 02:18:00,50.108000000000004,256.37503
1995-08-16 02:19:00,605.7189999999999,252.52306
1995-08-16 02:20:00,324.32599999999996,416.7852
1995-08-16 02:21:00,353.173,220.947
1995-08-16 02:22:00,250.292,318.69513
1995-08-16 02:23:00,248.008,380.5988
1995-08-16 02:24:00,433.217,238.80142
1995-08-16 02:25:00,116.619,199.88469
1995-08-16 02:26:00,351.659,202.57506
1995-08-16 02:27:00,152.291,182.1386
1995-08-16 02:28:00,62.805,159.61404
1995-08-16 02:29:00,61.214,79.92338
1995-08-16 02:30:00,9.508000000000001,74.54363
1995-08-16 02:31:00,1031.8509999999999,263.0271
1995-08-16 02:32:00,593.3729999999999,316.0982
1995-08-16 02:33:00,457.123,465.76898
1995-08-16 02:34:00,149.777,403.48148
1995-08-16 02:35:00,273.59000000000003,260.05438
1995-08-16 02:36:00,63.238,238.52533
1995-08-16 02:37:00,160.403,278.81644
1995-08-16 02:38:00,280.92400000000004,167.80644
1995-08-16 02:39:00,123.935,281.17316
1995-08-16 02:40:00,214.49099999999999,288.76154
1995-08-16 02:41:00,180.657,286.1412
1995-08-16 02:42:00,95.351,236.71391
1995-08-16 02:43:00,113.657,213.4349
1995-08-16 02:44:00,475.53100000000006,277.0699
1995-08-16 02:45:00,563.915,373.90976
1995-08-16 02:46:00,157.944,398.8635
1995-08-16 02:47:00,76.437,148.22731
1995-08-16 02:48:00,348.158,132.88628
1995-08-16 02:49:00,150.906,164.75438
1995-08-16 02:50:00,509.724,295.16565
1995-08-16 02:51:00,146.734,205.2578
1995-08-16 02:52:00,322.882,278.20148
1995-08-16 02:53:00,270.407,261.967
1995-08-16 02:54:00,679.285,139.10477
1995-08-16 02:55:00,631.359,186.9657
1995-08-16 02:56:00,615.7909999999999,358.44342
1995-08-16 02:57:00,149.918,237.25543
1995-08-16 02:58:00,96.912,94.26115
1995-08-16 02:59:00,988.703,268.47693
1995-08-16 03:00:00,257.16700000000003,312.13516
1995-08-16 03:01:00,146.81199999999998,281.2827
1995-08-16 03:02:00,306.78999999999996,186.48143
1995-08-16 03:03:00,35.038000000000004,178.04503
1995-08-16 03:04:00,84.785,152.43639
1995-08-16 03:05:00,237.25900000000001,158.2467
1995-08-16 03:06:00,1088.819,282.0573
1995-08-16 03:07:00,179.564,146.47182
1995-08-16 03:08:00,110.431,183.577
1995-08-16 03:09:00,214.67200000000003,184.07785
1995-08-16 03:10:00,377.558,225.61404
1995-08-16 03:11:00,143.959,287.37695
1995-08-16 03:12:00,149.932,263.46683
1995-08-16 03:13:00,221.55599999999998,246.37756
1995-08-16 03:14:00,245.615,258.70303
1995-08-16 03:15:00,417.077,301.72675
1995-08-16 03:16:00,235.15800000000002,170.33006
1995-08-16 03:17:00,288.125,161.52809
1995-08-16 03:18:00,124.349,172.51364
1995-08-16 03:19:00,123.68900000000001,214.6026
1995-08-16 03:20:00,269.558,364.80505
1995-08-16 03:21:00,300.36,279.16196
1995-08-16 03:22:00,232.81900000000002,197.09889
1995-08-16 03:23:00,262.769,241.13438
1995-08-16 03:24:00,277.166,223.18076
1995-08-16 03:25:00,130.977,272.5302
1995-08-16 03:26:00,208.736,259.608
1995-08-16 03:27:00,48.401,94.9299
1995-08-16 03:28:00,148.106,196.25113
1995-08-16 03:29:00,72.355,132.96126
1995-08-16 03:30:00,210.127,180.65666
1995-08-16 03:31:00,351.584,308.48218
1995-08-16 03:32:00,171.627,206.87965
1995-08-16 03:33:00,204.05300000000003,347.0602
1995-08-16 03:34:00,170.888,261.48984
1995-08-16 03:35:00,593.5250000000001,310.00723
1995-08-16 03:36:00,242.639,278.2381
1995-08-16 03:37:00,236.0,283.89023
1995-08-16 03:38:00,358.072,347.18207
1995-08-16 03:39:00,690.651,219.08836
1995-08-16 03:40:00,249.724,236.91519
1995-08-16 03:41:00,345.883,299.13138
1995-08-16 03:42:00,375.533,248.799
1995-08-16 03:43:00,138.843,317.64243
1995-08-16 03:44:00,526.975,362.04626
1995-08-16 03:45:00,1107.7,276.27692
1995-08-16 03:46:00,181.72500000000002,215.1658
1995-08-16 03:47:00,1384.249,312.90283
1995-08-16 03:48:00,170.71699999999998,334.45438
1995-08-16 03:49:00,775.209,352.89
1995-08-16 03:50:00,482.179,370.97162
1995-08-16 03:51:00,140.37,426.31067
1995-08-16 03:52:00,65.379,300.6239
1995-08-16 03:53:00,87.07900000000001,153.24669
1995-08-16 03:54:00,411.494,473.36035
1995-08-16 03:55:00,671.056,407.23254
1995-08-16 03:56:00,125.475,190.18782
1995-08-16 03:57:00,405.228,232.14723
1995-08-16 03:58:00,140.27100000000002,401.63892
1995-08-16 03:59:00,633.908,370.10916
1995-08-16 04:00:00,265.036,211.71007
1995-08-16 04:01:00,245.65,362.0563
1995-08-16 04:02:00,333.216,278.65625
1995-08-16 04:03:00,131.217,287.45068
1995-08-16 04:04:00,393.973,435.123
1995-08-16 04:05:00,458.726,336.1669
1995-08-16 04:06:00,1142.978,359.4222
1995-08-16 04:07:00,60.116,228.81134
1995-08-16 04:08:00,237.837,157.88536
1995-08-16 04:09:00,58.303,117.29494
1995-08-16 04:10:00,7.131,11.882712
1995-08-16 04:11:00,60.650999999999996,213.46783
1995-08-16 04:12:00,126.155,227.47842
1995-08-16 04:13:00,36.457,108.01889
1995-08-16 04:14:00,122.302,143.55437
1995-08-16 04:15:00,449.505,164.01804
1995-08-16 04:16:00,193.708,289.99442
1995-08-16 04:17:00,235.10500000000002,371.42844
1995-08-16 04:18:00,566.002,383.24197
1995-08-16 04:19:00,238.219,250.91083
1995-08-16 04:20:00,198.823,332.47342
1995-08-16 04:21:00,201.406,163.97705
1995-08-16 04:22:00,212.915,319.6415
1995-08-16 04:23:00,136.652,251.55862
1995-08-16 04:24:00,157.658,223.8561
1995-08-16 04:25:00,334.39700000000005,118.39056
1995-08-16 04:26:00,46.741,114.02869
1995-08-16 04:27:00,179.86499999999998,188.58461
1995-08-16 04:28:00,30.872999999999998,91.884766
1995-08-16 04:29:00,264.082,165.62027
1995-08-16 04:30:00,159.2,165.89627
1995-08-16 04:31:00,237.13600000000002,189.44145
1995-08-16 04:32:00,59.382999999999996,137.12845
1995-08-16 04:33:00,81.92,5.202968
1995-08-16 04:34:00,16.015,151.67613
1995-08-16 04:35:00,133.814,137.70644
1995-08-16 04:36:00,247.26,242.15732
1995-08-16 04:37:00,343.81600000000003,99.98265
1995-08-16 04:38:00,19.592,152.20836
1995-08-16 04:39:00,12.059,122.62026
1995-08-16 04:40:00,162.399,93.37093
1995-08-16 04:41:00,52.466,171.87526
1995-08-16 04:42:00,125.244,186.80559
1995-08-16 04:43:00,250.57699999999997,139.89679
1995-08-16 04:44:00,109.29799999999999,122.04546
1995-08-16 04:45:00,243.56400000000002,261.63544
1995-08-16 04:46:00,11.818,103.456856
1995-08-16 04:47:00,27.099,5.3834143
1995-08-16 04:48:00,29.377,135.6419
1995-08-16 04:49:00,234.976,116.13243
1995-08-16 04:50:00,1157.766,61.571156
1995-08-16 04:51:00,14.344000000000001,38.307995
1995-08-16 04:52:00,119.912,133.05052
1995-08-16 04:53:00,352.65500000000003,330.7578
1995-08-16 04:54:00,267.924,103.95884
1995-08-16 04:55:00,3.005,14.3544235
1995-08-16 04:56:00,29.039,98.07221
1995-08-16 04:57:00,24.773,77.45775
1995-08-16 04:58:00,4.179,1.8052609
1995-08-16 04:59:00,250.62199999999999,67.92131
1995-08-16 05:00:00,8.034,46.988594
1995-08-16 05:01:00,125.77300000000001,233.31602
1995-08-16 05:02:00,5.732,85.62012
1995-08-16 05:03:00,89.977,115.615036
1995-08-16 05:04:00,15.214,36.280704
1995-08-16 05:05:00,52.55,93.12551
1995-08-16 05:06:00,76.20299999999999,72.58782
1995-08-16 05:07:00,49.296,83.864334
1995-08-16 05:08:00,48.92,80.91105
1995-08-16 05:09:00,66.737,126.05678
1995-08-16 05:10:00,74.764,112.952446
1995-08-16 05:11:00,282.823,224.41711
1995-08-16 05:12:00,212.31,266.40482
1995-08-16 05:13:00,16.845,131.68895
1995-08-16 05:14:00,114.21300000000001,232.70978
1995-08-16 05:15:00,101.55199999999999,89.23945
1995-08-16 05:16:00,660.932,144.88318
1995-08-16 05:17:00,144.39100000000002,118.54528
1995-08-16 05:18:00,314.292,241.67673
1995-08-16 05:19:00,255.381,310.25174
1995-08-16 05:20:00,174.524,211.38007
1995-08-16 05:21:00,162.91,194.96863
1995-08-16 05:22:00,198.408,182.50653
1995-08-16 05:23:00,190.166,150.90623
1995-08-16 05:24:00,240.049,271.1039
1995-08-16 05:25:00,94.312,196.12297
1995-08-16 05:26:00,1041.836,220.56961
1995-08-16 05:27:00,148.637,159.35004
1995-08-16 05:28:00,119.523,219.04451
1995-08-16 05:29:00,386.31100000000004,165.31871
1995-08-16 05:30:00,317.426,212.31065
1995-08-16 05:31:00,203.86499999999998,269.7385
1995-08-16 05:32:00,97.32199999999999,136.89246
1995-08-16 05:33:00,119.168,188.63976
1995-08-16 05:34:00,117.021,217.31825
1995-08-16 05:35:00,433.444,241.06789
1995-08-16 05:36:00,296.347,245.7774
1995-08-16 05:37:00,464.06800000000004,411.9925
1995-08-16 05:38:00,130.62,312.7577
1995-08-16 05:39:00,171.232,278.66812
1995-08-16 05:40:00,114.026,142.99348
1995-08-16 05:41:00,368.844,246.179
1995-08-16 05:42:00,583.597,111.514015
1995-08-16 05:43:00,47.223,202.56021
1995-08-16 05:44:00,285.00300000000004,127.30762
1995-08-16 05:45:00,1576.158,90.993774
1995-08-16 05:46:00,311.483,64.2313
1995-08-16 05:47:00,29.698,206.02686
1995-08-16 05:48:00,163.84,45.50096
1995-08-16 05:49:00,323.806,249.58806
1995-08-16 05:50:00,282.376,208.87044
1995-08-16 05:51:00,454.702,222.97455
1995-08-16 05:52:00,29.814999999999998,230.29074
1995-08-16 05:53:00,256.96999999999997,85.733864
1995-08-16 05:54:00,278.459,184.80905
1995-08-16 05:55:00,89.761,192.5785
1995-08-16 05:56:00,234.52,249.35791
1995-08-16 05:57:00,1080.518,114.154144
1995-08-16 05:58:00,170.898,199.2
1995-08-16 05:59:00,58.962,188.1537
1995-08-16 06:00:00,84.009,149.12581
1995-08-16 06:01:00,274.846,183.38461
1995-08-16 06:02:00,64.435,130.051
1995-08-16 06:03:00,255.177,293.27017
1995-08-16 06:04:00,159.459,235.1619
1995-08-16 06:05:00,430.163,224.4641
1995-08-16 06:06:00,95.67,242.18967
1995-08-16 06:07:00,934.274,254.67184
1995-08-16 06:08:00,494.55899999999997,253.77553
1995-08-16 06:09:00,355.269,283.47388
1995-08-16 06:10:00,1745.375,338.92786
1995-08-16 06:11:00,346.276,290.09988
1995-08-16 06:12:00,1040.789,107.831436
1995-08-16 06:13:00,26.613,110.03374
1995-08-16 06:14:00,390.273,264.16412
1995-08-16 06:15:00,37.37,189.95204
1995-08-16 06:16:00,122.628,325.78046
1995-08-16 06:17:00,241.387,243.6735
1995-08-16 06:18:00,66.029,246.27684
1995-08-16 06:19:00,168.13400000000001,144.74892
1995-08-16 06:20:00,465.772,314.36578
1995-08-16 06:21:00,849.938,377.32004
1995-08-16 06:22:00,191.487,250.2539
1995-08-16 06:23:00,208.727,382.03735
1995-08-16 06:24:00,576.595,304.0756
1995-08-16 06:25:00,848.316,236.32782
1995-08-16 06:26:00,532.68,271.9034
1995-08-16 06:27:00,117.118,342.80594
1995-08-16 06:28:00,354.945,233.66187
1995-08-16 06:29:00,774.808,397.47476
1995-08-16 06:30:00,167.168,342.28763
1995-08-16 06:31:00,174.642,388.94968
1995-08-16 06:32:00,610.206,334.41006
1995-08-16 06:33:00,517.987,402.5604
1995-08-16 06:34:00,292.586,299.58896
1995-08-16 06:35:00,1066.579,391.31345
1995-08-16 06:36:00,560.0120000000001,285.6319
1995-08-16 06:37:00,16.68,120.82506
1995-08-16 06:38:00,86.627,304.68558
1995-08-16 06:39:00,93.147,280.5521
1995-08-16 06:40:00,118.67800000000001,198.33194
1995-08-16 06:41:00,40.95,110.8594
1995-08-16 06:42:00,225.06199999999998,196.53511
1995-08-16 06:43:00,604.819,142.37515
1995-08-16 06:44:00,217.676,237.98535
1995-08-16 06:45:00,518.6949999999999,343.29584
1995-08-16 06:46:00,687.571,400.8307
1995-08-16 06:47:00,355.964,231.40767
1995-08-16 06:48:00,157.834,222.07571
1995-08-16 06:49:00,125.949,296.1465
1995-08-16 06:50:00,230.678,322.87552
1995-08-16 06:51:00,257.918,300.52466
1995-08-16 06:52:00,215.91,262.29715
1995-08-16 06:53:00,630.494,337.59067
1995-08-16 06:54:00,82.742,220.61484
1995-08-16 06:55:00,624.1850000000001,304.94427
1995-08-16 06:56:00,505.346,249.15599
1995-08-16 06:57:00,414.607,389.17233
1995-08-16 06:58:00,477.081,239.78062
1995-08-16 06:59:00,249.569,357.79117
1995-08-16 07:00:00,222.939,438.0163
1995-08-16 07:01:00,471.712,450.97934
1995-08-16 07:02:00,510.577,433.2011
1995-08-16 07:03:00,169.25600000000003,258.89865
1995-08-16 07:04:00,118.047,236.66653
1995-08-16 07:05:00,99.302,182.8388
1995-08-16 07:06:00,6.537,99.836426
1995-08-16 07:07:00,240.395,290.12167
1995-08-16 07:08:00,67.105,61.94231
1995-08-16 07:09:00,181.474,128.63226
1995-08-16 07:10:00,3.646,37.50657
1995-08-16 07:11:00,696.904,103.25662
1995-08-16 07:12:00,57.488,154.35783
1995-08-16 07:13:00,361.941,390.4438
1995-08-16 07:14:00,207.061,309.0288
1995-08-16 07:15:00,203.382,402.72552
1995-08-16 07:16:00,516.216,317.9527
1995-08-16 07:17:00,311.644,208.37566
1995-08-16 07:18:00,246.528,202.70323
1995-08-16 07:19:00,428.108,336.50534
1995-08-16 07:20:00,204.631,254.4095
1995-08-16 07:21:00,197.954,195.89789
1995-08-16 07:22:00,242.148,144.74329
1995-08-16 07:23:00,278.87,365.6111
1995-08-16 07:24:00,183.242,447.6479
1995-08-16 07:25:00,167.94899999999998,239.33144
1995-08-16 07:26:00,593.404,257.0989
1995-08-16 07:27:00,472.53499999999997,288.37036
1995-08-16 07:28:00,285.384,439.48328
1995-08-16 07:29:00,375.034,320.14218
1995-08-16 07:30:00,392.363,294.56155
1995-08-16 07:31:00,770.918,518.7071
1995-08-16 07:32:00,878.354,494.40268
1995-08-16 07:33:00,819.465,561.0558
1995-08-16 07:34:00,1461.434,515.2706
1995-08-16 07:35:00,423.798,680.3818
1995-08-16 07:36:00,842.8820000000001,992.1112
1995-08-16 07:37:00,306.887,422.51413
1995-08-16 07:38:00,335.815,610.951
1995-08-16 07:39:00,985.06,489.15573
1995-08-16 07:40:00,1229.8709999999999,674.7385
1995-08-16 07:41:00,313.724,475.031
1995-08-16 07:42:00,464.289,444.61755
1995-08-16 07:43:00,308.148,506.8865
1995-08-16 07:44:00,492.022,579.1413
1995-08-16 07:45:00,306.57099999999997,574.4441
1995-08-16 07:46:00,193.64,388.9677
1995-08-16 07:47:00,208.058,284.33438
1995-08-16 07:48:00,520.065,253.38803
1995-08-16 07:49:00,481.79499999999996,361.20486
1995-08-16 07:50:00,235.646,483.354
1995-08-16 07:51:00,769.106,566.9072
1995-08-16 07:52:00,248.71,518.82733
1995-08-16 07:53:00,284.13,413.41202
1995-08-16 07:54:00,626.3149999999999,513.5989
1995-08-16 07:55:00,181.224,386.965
1995-08-16 07:56:00,158.11,326.87192
1995-08-16 07:57:00,80.678,297.16104
1995-08-16 07:58:00,284.211,317.6254
1995-08-16 07:59:00,240.616,441.9924
1995-08-16 08:00:00,205.567,368.59695
1995-08-16 08:01:00,654.82,404.1967
1995-08-16 08:02:00,312.183,385.51733
1995-08-16 08:03:00,369.932,436.32352
1995-08-16 08:04:00,547.312,547.9206
1995-08-16 08:05:00,581.5210000000001,610.65515
1995-08-16 08:06:00,520.601,589.8058
1995-08-16 08:07:00,629.387,534.4542
1995-08-16 08:08:00,261.966,495.3137
1995-08-16 08:09:00,467.053,461.8778
1995-08-16 08:10:00,579.756,489.019
1995-08-16 08:11:00,768.904,555.6555
1995-08-16 08:12:00,480.863,692.35364
1995-08-16 08:13:00,481.385,825.42346
1995-08-16 08:14:00,408.333,433.56668
1995-08-16 08:15:00,509.57,406.29944
1995-08-16 08:16:00,1092.386,557.1642
1995-08-16 08:17:00,904.538,581.3225
1995-08-16 08:18:00,619.794,603.9632
1995-08-16 08:19:00,730.51,598.1878
1995-08-16 08:20:00,693.7959999999999,516.22125
1995-08-16 08:21:00,1693.105,707.0187
1995-08-16 08:22:00,1297.991,668.0973
1995-08-16 08:23:00,2037.974,475.30505
1995-08-16 08:24:00,2389.011,1023.15137
1995-08-16 08:25:00,254.01,797.4467
1995-08-16 08:26:00,824.554,640.2222
1995-08-16 08:27:00,870.404,813.4171
1995-08-16 08:28:00,758.107,917.1244
1995-08-16 08:29:00,210.129,242.12311
1995-08-16 08:30:00,107.06099999999999,380.80612
1995-08-16 08:31:00,227.022,467.96603
1995-08-16 08:32:00,535.326,546.04034
1995-08-16 08:33:00,134.245,405.8728
1995-08-16 08:34:00,336.641,402.18628
1995-08-16 08:35:00,1079.597,321.83783
1995-08-16 08:36:00,688.17,376.39825
1995-08-16 08:37:00,1281.544,486.27908
1995-08-16 08:38:00,314.812,508.37274
1995-08-16 08:39:00,202.188,442.01773
1995-08-16 08:40:00,282.075,578.44293
1995-08-16 08:41:00,527.098,519.89795
1995-08-16 08:42:00,496.388,401.22885
1995-08-16 08:43:00,949.2819999999999,491.67728
1995-08-16 08:44:00,1100.436,506.8734
1995-08-16 08:45:00,149.496,491.8709
1995-08-16 08:46:00,146.706,453.66882
1995-08-16 08:47:00,154.575,449.94818
1995-08-16 08:48:00,199.635,348.05112
1995-08-16 08:49:00,174.445,495.49832
1995-08-16 08:50:00,749.183,644.7955
1995-08-16 08:51:00,672.367,427.67355
1995-08-16 08:52:00,516.941,663.1769
1995-08-16 08:53:00,857.111,862.05096
1995-08-16 08:54:00,625.532,361.927
1995-08-16 08:55:00,791.012,778.15375
1995-08-16 08:56:00,541.602,837.11066
1995-08-16 08:57:00,1094.9209999999998,530.14746
1995-08-16 08:58:00,1630.853,515.0853
1995-08-16 08:59:00,515.842,690.44366
1995-08-16 09:00:00,292.606,606.93854
1995-08-16 09:01:00,1445.706,746.67303
1995-08-16 09:02:00,1226.536,644.9402
1995-08-16 09:03:00,626.814,791.84534
1995-08-16 09:04:00,900.3449999999999,675.15594
1995-08-16 09:05:00,671.0649999999999,448.50058
1995-08-16 09:06:00,404.76,494.45676
1995-08-16 09:07:00,384.441,890.74097
1995-08-16 09:08:00,405.741,513.3852
1995-08-16 09:09:00,310.866,621.17883
1995-08-16 09:10:00,659.428,740.97205
1995-08-16 09:11:00,717.822,722.17175
1995-08-16 09:12:00,494.151,622.5281
1995-08-16 09:13:00,244.935,650.7997
1995-08-16 09:14:00,158.481,341.2775
1995-08-16 09:15:00,478.15500000000003,464.98218
1995-08-16 09:16:00,912.366,448.70703
1995-08-16 09:17:00,731.348,484.6574
1995-08-16 09:18:00,478.599,549.59705
1995-08-16 09:19:00,276.588,431.9703
1995-08-16 09:20:00,280.036,479.3199
1995-08-16 09:21:00,1046.917,639.1023
1995-08-16 09:22:00,507.895,674.6338
1995-08-16 09:23:00,1667.94,571.0364
1995-08-16 09:24:00,460.801,721.35565
1995-08-16 09:25:00,491.353,689.31433
1995-08-16 09:26:00,112.221,576.7969
1995-08-16 09:27:00,572.9549999999999,761.4719
1995-08-16 09:28:00,500.175,552.88574
1995-08-16 09:29:00,751.425,548.25574
1995-08-16 09:30:00,1315.519,505.24524
1995-08-16 09:31:00,333.602,604.5118
1995-08-16 09:32:00,191.969,464.80136
1995-08-16 09:33:00,421.09000000000003,734.56354
1995-08-16 09:34:00,631.054,619.9932
1995-08-16 09:35:00,1024.683,719.54926
1995-08-16 09:36:00,820.044,854.9595
1995-08-16 09:37:00,517.341,694.38824
1995-08-16 09:38:00,1062.6779999999999,786.87665
1995-08-16 09:39:00,1161.368,932.39685
1995-08-16 09:40:00,457.031,874.40515
1995-08-16 09:41:00,592.59,562.9888
1995-08-16 09:42:00,894.941,710.93085
1995-08-16 09:43:00,667.708,798.087
1995-08-16 09:44:00,577.795,815.26074
1995-08-16 09:45:00,1456.084,823.0491
1995-08-16 09:46:00,801.627,994.18945
1995-08-16 09:47:00,717.798,852.44446
1995-08-16 09:48:00,1749.2830000000001,683.4989
1995-08-16 09:49:00,1362.452,914.94934
1995-08-16 09:50:00,1486.311,998.89136
1995-08-16 09:51:00,369.252,733.8172
1995-08-16 09:52:00,1237.0420000000001,303.59433
1995-08-16 09:53:00,446.991,751.8443
1995-08-16 09:54:00,522.503,782.07355
1995-08-16 09:55:00,1243.245,808.0621
1995-08-16 09:56:00,955.955,783.1182
1995-08-16 09:57:00,316.472,596.8282
1995-08-16 09:58:00,535.184,619.9876
1995-08-16 09:59:00,859.982,726.7539
1995-08-16 10:00:00,610.675,402.29993
1995-08-16 10:01:00,981.4920000000001,772.3082
1995-08-16 10:02:00,833.178,1053.114
1995-08-16 10:03:00,709.575,946.0669
1995-08-16 10:04:00,1377.194,787.9406
1995-08-16 10:05:00,1223.203,955.4001
1995-08-16 10:06:00,1311.568,929.04565
1995-08-16 10:07:00,649.47,825.11926
1995-08-16 10:08:00,350.447,924.1056
1995-08-16 10:09:00,1879.317,866.62573
1995-08-16 10:10:00,739.528,878.51935
1995-08-16 10:11:00,1488.6779999999999,886.7931
1995-08-16 10:12:00,1212.992,1112.3763
1995-08-16 10:13:00,699.987,744.30597
1995-08-16 10:14:00,1196.144,1071.6016
1995-08-16 10:15:00,532.376,1167.2058
1995-08-16 10:16:00,2867.6650000000004,1114.0266
1995-08-16 10:17:00,1081.232,1391.0663
1995-08-16 10:18:00,616.6229999999999,661.5166
1995-08-16 10:19:00,250.273,968.3054
1995-08-16 10:20:00,207.245,629.3491
1995-08-16 10:21:00,1507.866,641.5215
1995-08-16 10:22:00,2165.8740000000003,807.4971
1995-08-16 10:23:00,1224.209,1102.8927
1995-08-16 10:24:00,707.438,954.2798
1995-08-16 10:25:00,791.422,913.3378
1995-08-16 10:26:00,501.578,1141.2969
1995-08-16 10:27:00,3351.1549999999997,1095.5494
1995-08-16 10:28:00,462.755,1112.2744
1995-08-16 10:29:00,374.847,893.2916
1995-08-16 10:30:00,495.79999999999995,834.0291
1995-08-16 10:31:00,743.027,1003.6869
1995-08-16 10:32:00,1138.336,986.57806
1995-08-16 10:33:00,1617.2649999999999,936.4626
1995-08-16 10:34:00,1067.414,851.9355
1995-08-16 10:35:00,641.7620000000001,672.44885
1995-08-16 10:36:00,944.1039999999999,836.4024
1995-08-16 10:37:00,611.124,1049.5743
1995-08-16 10:38:00,455.001,1115.1906
1995-08-16 10:39:00,1448.413,821.8181
1995-08-16 10:40:00,504.625,591.08844
1995-08-16 10:41:00,523.206,680.06177
1995-08-16 10:42:00,1882.426,578.1739
1995-08-16 10:43:00,1969.492,705.177
1995-08-16 10:44:00,1697.835,741.0106
1995-08-16 10:45:00,564.571,1028.564
1995-08-16 10:46:00,1142.927,901.67255
1995-08-16 10:47:00,1537.8310000000001,1079.4452
1995-08-16 10:48:00,994.25,1088.8849
1995-08-16 10:49:00,1049.742,813.6428
1995-08-16 10:50:00,676.805,1138.9924
1995-08-16 10:51:00,1466.947,928.3377
1995-08-16 10:52:00,960.3639999999999,929.93036
1995-08-16 10:53:00,950.764,921.64874
1995-08-16 10:54:00,1639.9830000000002,1016.6977
1995-08-16 10:55:00,1998.911,1022.5836
1995-08-16 10:56:00,664.376,1045.6403
1995-08-16 10:57:00,467.254,1007.70764
1995-08-16 10:58:00,954.41,937.1812
1995-08-16 10:59:00,2098.876,1003.89294
1995-08-16 11:00:00,1591.519,883.3045
1995-08-16 11:01:00,736.043,878.1013
1995-08-16 11:02:00,1288.556,826.599
1995-08-16 11:03:00,903.584,888.43164
1995-08-16 11:04:00,345.12600000000003,805.66254
1995-08-16 11:05:00,544.8919999999999,681.8239
1995-08-16 11:06:00,895.6469999999999,888.29
1995-08-16 11:07:00,1017.64,961.51373
1995-08-16 11:08:00,763.965,1033.5067
1995-08-16 11:09:00,1885.8590000000002,1037.5309
1995-08-16 11:10:00,1028.215,880.2586
1995-08-16 11:11:00,945.929,981.3048
1995-08-16 11:12:00,715.362,1032.697
1995-08-16 11:13:00,370.792,706.7442
1995-08-16 11:14:00,373.012,669.7606
1995-08-16 11:15:00,699.396,722.74994
1995-08-16 11:16:00,1534.208,645.8785
1995-08-16 11:17:00,1269.95,687.7036
1995-08-16 11:18:00,714.5100000000001,607.63086
1995-08-16 11:19:00,1260.276,853.3492
1995-08-16 11:20:00,1228.639,1183.7423
1995-08-16 11:21:00,603.508,1098.482
1995-08-16 11:22:00,956.778,1007.2518
1995-08-16 11:23:00,539.634,880.3401
1995-08-16 11:24:00,213.724,614.9735
1995-08-16 11:25:00,345.593,584.21466
1995-08-16 11:26:00,721.0980000000001,559.87274
1995-08-16 11:27:00,573.833,640.64795
1995-08-16 11:28:00,688.302,729.2905
1995-08-16 11:29:00,1090.387,568.13556
1995-08-16 11:30:00,1015.883,964.06433
1995-08-16 11:31:00,528.726,713.3438
1995-08-16 11:32:00,841.834,951.8509
1995-08-16 11:33:00,3199.5930000000003,904.7605
1995-08-16 11:34:00,1302.998,1021.2286
1995-08-16 11:35:00,1514.842,946.7757
1995-08-16 11:36:00,878.088,1070.5597
1995-08-16 11:37:00,773.05,1134.3011
1995-08-16 11:38:00,957.338,1103.7421
1995-08-16 11:39:00,766.875,995.64215
1995-08-16 11:40:00,1408.3,655.9748
1995-08-16 11:41:00,1906.979,850.23346
1995-08-16 11:42:00,1287.248,1042.2928
1995-08-16 11:43:00,1525.1779999999999,1093.4156
1995-08-16 11:44:00,732.383,906.8689
1995-08-16 11:45:00,877.321,920.37244
1995-08-16 11:46:00,1115.003,1097.3413
1995-08-16 11:47:00,1083.263,987.8612
1995-08-16 11:48:00,1936.78,1037.2858
1995-08-16 11:49:00,1078.836,1370.5178
1995-08-16 11:50:00,1121.82,1062.2826
1995-08-16 11:51:00,1348.023,1124.7332
1995-08-16 11:52:00,1024.58,1411.8956
1995-08-16 11:53:00,735.57,1218.216
1995-08-16 11:54:00,826.434,890.84344
1995-08-16 11:55:00,848.414,1016.3435
1995-08-16 11:56:00,699.258,956.2524
1995-08-16 11:57:00,1172.047,581.7714
1995-08-16 11:58:00,910.356,517.0963
1995-08-16 11:59:00,698.827,571.78015
1995-08-16 12:00:00,1450.1000000000001,861.9456
1995-08-16 12:01:00,1546.1299999999999,1032.4668
1995-08-16 12:02:00,1160.444,1033.3557
1995-08-16 12:03:00,1040.903,928.1219
1995-08-16 12:04:00,600.775,988.70087
1995-08-16 12:05:00,851.156,852.43225
1995-08-16 12:06:00,1081.792,1082.609
1995-08-16 12:07:00,2123.566,965.06116
1995-08-16 12:08:00,1600.088,1059.9297
1995-08-16 12:09:00,896.773,1154.1172
1995-08-16 12:10:00,1135.307,1028.6512
1995-08-16 12:11:00,504.372,757.4552
1995-08-16 12:12:00,431.724,1065.445
1995-08-16 12:13:00,756.787,1202.5536
1995-08-16 12:14:00,711.954,981.4509
1995-08-16 12:15:00,1635.95,794.54816
1995-08-16 12:16:00,531.044,866.0608
1995-08-16 12:17:00,452.71,808.13617
1995-08-16 12:18:00,762.8729999999999,906.2587
1995-08-16 12:19:00,557.116,1024.5671
1995-08-16 12:20:00,563.89,698.6075
1995-08-16 12:21:00,662.616,726.4014
1995-08-16 12:22:00,532.675,632.07153
1995-08-16 12:23:00,428.563,557.34064
1995-08-16 12:24:00,861.505,706.3782
1995-08-16 12:25:00,620.999,627.556
1995-08-16 12:26:00,710.389,683.40424
1995-08-16 12:27:00,615.624,684.42975
1995-08-16 12:28:00,453.174,779.87805
1995-08-16 12:29:00,1396.168,944.93854
1995-08-16 12:30:00,845.304,793.26886
1995-08-16 12:31:00,1521.752,948.62006
1995-08-16 12:32:00,591.906,932.8242
1995-08-16 12:33:00,1344.215,667.04877
1995-08-16 12:34:00,3899.846,856.5744
1995-08-16 12:35:00,551.726,1076.4396
1995-08-16 12:36:00,1438.131,1005.2557
1995-08-16 12:37:00,1307.962,1089.4509
1995-08-16 12:38:00,873.363,969.5801
1995-08-16 12:39:00,600.877,1263.5442
1995-08-16 12:40:00,721.002,937.07654
1995-08-16 12:41:00,424.4,914.9891
1995-08-16 12:42:00,722.7489999999999,1033.3834
1995-08-16 12:43:00,876.076,1059.4537
1995-08-16 12:44:00,1194.0049999999999,1164.6785
1995-08-16 12:45:00,1045.298,1113.4424
1995-08-16 12:46:00,685.671,842.1854
1995-08-16 12:47:00,800.617,863.7642
1995-08-16 12:48:00,680.694,915.82983
1995-08-16 12:49:00,479.828,685.6522
1995-08-16 12:50:00,447.195,639.6287
1995-08-16 12:51:00,437.273,655.0735
1995-08-16 12:52:00,559.652,605.91895
1995-08-16 12:53:00,700.498,663.00684
1995-08-16 12:54:00,844.622,735.75037
1995-08-16 12:55:00,1631.691,686.10223
1995-08-16 12:56:00,279.062,759.7585
1995-08-16 12:57:00,539.399,739.9001
1995-08-16 12:58:00,2150.271,677.5577
1995-08-16 12:59:00,805.031,659.8891
1995-08-16 13:00:00,722.9970000000001,883.9786
1995-08-16 13:01:00,428.05100000000004,733.15845
1995-08-16 13:02:00,373.965,660.2434
1995-08-16 13:03:00,1322.432,918.78644
1995-08-16 13:04:00,1652.014,743.9506
1995-08-16 13:05:00,714.289,651.4337
1995-08-16 13:06:00,231.034,821.74786
1995-08-16 13:07:00,1054.317,849.9908
1995-08-16 13:08:00,1591.034,686.5217
1995-08-16 13:09:00,563.535,662.075
1995-08-16 13:10:00,555.993,946.3112
1995-08-16 13:11:00,1823.449,640.8297
1995-08-16 13:12:00,591.094,751.96564
1995-08-16 13:13:00,1144.216,909.1328
1995-08-16 13:14:00,439.079,1009.7679
1995-08-16 13:15:00,354.31600000000003,710.31934
1995-08-16 13:16:00,567.509,972.62085
1995-08-16 13:17:00,1084.697,841.86786
1995-08-16 13:18:00,525.532,940.0209
1995-08-16 13:19:00,2087.84,856.9847
1995-08-16 13:20:00,1784.148,1251.7091
1995-08-16 13:21:00,1558.742,1025.2129
1995-08-16 13:22:00,1028.506,1158.0323
1995-08-16 13:23:00,903.269,1050.833
1995-08-16 13:24:00,704.321,1007.52826
1995-08-16 13:25:00,3015.08,1007.30225
1995-08-16 13:26:00,1016.763,1205.369
1995-08-16 13:27:00,1097.562,1302.7019
1995-08-16 13:28:00,2092.838,1068.6724
1995-08-16 13:29:00,1503.633,1194.0374
1995-08-16 13:30:00,2025.439,1096.9219
1995-08-16 13:31:00,1542.8339999999998,1147.3135
1995-08-16 13:32:00,986.194,1103.8031
1995-08-16 13:33:00,2121.182,1032.5748
1995-08-16 13:34:00,1703.139,1093.2762
1995-08-16 13:35:00,589.4399999999999,1135.581
1995-08-16 13:36:00,887.29,1053.3352
1995-08-16 13:37:00,2515.34,1393.8696
1995-08-16 13:38:00,2503.891,1499.0803
1995-08-16 13:39:00,2368.142,1570.325
1995-08-16 13:40:00,1502.12,1711.9077
1995-08-16 13:41:00,4137.069,1056.5339
1995-08-16 13:42:00,1712.6950000000002,1488.4353
1995-08-16 13:43:00,1934.0900000000001,1547.2013
1995-08-16 13:44:00,958.411,1690.0703
1995-08-16 13:45:00,981.681,1549.3171
1995-08-16 13:46:00,1962.615,1220.5331
1995-08-16 13:47:00,1315.2949999999998,1077.8472
1995-08-16 13:48:00,840.321,1448.3474
1995-08-16 13:49:00,1742.17,1142.3126
1995-08-16 13:50:00,467.187,1106.8999
1995-08-16 13:51:00,881.765,1033.0416
1995-08-16 13:52:00,1774.27,1138.4202
1995-08-16 13:53:00,1046.432,872.2439
1995-08-16 13:54:00,825.343,925.6062
1995-08-16 13:55:00,1721.8729999999998,1014.5207
1995-08-16 13:56:00,1096.358,989.47797
1995-08-16 13:57:00,895.273,1110.2151
1995-08-16 13:58:00,1135.789,1196.706
1995-08-16 13:59:00,1302.402,1232.8794
1995-08-16 14:00:00,1705.066,852.7603
1995-08-16 14:01:00,867.965,1130.5605
1995-08-16 14:02:00,803.8670000000001,1089.0767
1995-08-16 14:03:00,1269.989,1080.3518
1995-08-16 14:04:00,1723.752,1263.303
1995-08-16 14:05:00,1223.769,1221.5441
1995-08-16 14:06:00,817.778,1400.5167
1995-08-16 14:07:00,619.62,1339.2963
1995-08-16 14:08:00,809.86,1290.2578
1995-08-16 14:09:00,1226.646,1057.9377
1995-08-16 14:10:00,1876.1319999999998,1209.4342
1995-08-16 14:11:00,1024.287,1321.1798
1995-08-16 14:12:00,1086.9560000000001,1463.7385
1995-08-16 14:13:00,1206.459,1342.2771
1995-08-16 14:14:00,1695.693,1375.242
1995-08-16 14:15:00,835.75,1141.7648
1995-08-16 14:16:00,915.2860000000001,1140.5438
1995-08-16 14:17:00,2162.292,1213.0764
1995-08-16 14:18:00,1167.016,1333.4784
1995-08-16 14:19:00,598.39,1048.3488
1995-08-16 14:20:00,689.549,934.2538
1995-08-16 14:21:00,1118.382,1114.6659
1995-08-16 14:22:00,929.678,1086.3729
1995-08-16 14:23:00,631.693,1038.4117
1995-08-16 14:24:00,442.599,794.1359
1995-08-16 14:25:00,799.775,1043.2877
1995-08-16 14:26:00,599.321,612.6338
1995-08-16 14:27:00,1049.749,1119.2542
1995-08-16 14:28:00,837.625,877.5356
1995-08-16 14:29:00,930.992,1161.2312
1995-08-16 14:30:00,1161.113,704.40295
1995-08-16 14:31:00,1177.249,1189.1985
1995-08-16 14:32:00,830.284,880.2304
1995-08-16 14:33:00,1608.51,1096.5398
1995-08-16 14:34:00,647.841,751.7689
1995-08-16 14:35:00,1141.198,1106.7672
1995-08-16 14:36:00,1202.776,1136.5798
1995-08-16 14:37:00,2029.966,1214.586
1995-08-16 14:38:00,1703.979,1238.5323
1995-08-16 14:39:00,1338.301,1048.2947
1995-08-16 14:40:00,2181.187,1080.7406
1995-08-16 14:41:00,1018.611,1354.75
1995-08-16 14:42:00,2774.723,1220.6892
1995-08-16 14:43:00,1206.994,1276.9491
1995-08-16 14:44:00,2103.7509999999997,1111.2711
1995-08-16 14:45:00,486.95300000000003,1158.489
1995-08-16 14:46:00,586.192,1071.7826
1995-08-16 14:47:00,1458.0939999999998,942.56354
1995-08-16 14:48:00,591.302,1185.0321
1995-08-16 14:49:00,476.614,964.6927
1995-08-16 14:50:00,711.173,670.14294
1995-08-16 14:51:00,891.953,985.72235
1995-08-16 14:52:00,1957.9529999999997,1020.1008
1995-08-16 14:53:00,266.549,849.5024
1995-08-16 14:54:00,845.75,775.2364
1995-08-16 14:55:00,1604.202,728.07416
1995-08-16 14:56:00,627.189,728.5704
1995-08-16 14:57:00,543.2860000000001,865.7962
1995-08-16 14:58:00,556.775,868.3447
1995-08-16 14:59:00,473.64099999999996,844.5335
1995-08-16 15:00:00,345.155,568.34235
1995-08-16 15:01:00,1719.627,723.20044
1995-08-16 15:02:00,326.45799999999997,565.884
1995-08-16 15:03:00,880.096,802.3878
1995-08-16 15:04:00,604.646,853.3056
1995-08-16 15:05:00,859.633,744.6344
1995-08-16 15:06:00,383.62,826.0199
1995-08-16 15:07:00,463.228,802.32153
1995-08-16 15:08:00,858.325,791.75275
1995-08-16 15:09:00,357.507,863.69946
1995-08-16 15:10:00,952.5329999999999,725.0503
1995-08-16 15:11:00,459.867,698.7997
1995-08-16 15:12:00,332.78,600.13007
1995-08-16 15:13:00,221.47,591.2655
1995-08-16 15:14:00,672.158,634.0386
1995-08-16 15:15:00,1137.712,460.6822
1995-08-16 15:16:00,273.208,748.2755
1995-08-16 15:17:00,864.566,812.78284
1995-08-16 15:18:00,688.244,728.49976
1995-08-16 15:19:00,1382.644,820.49066
1995-08-16 15:20:00,837.654,1089.4359
1995-08-16 15:21:00,988.342,1165.1226
1995-08-16 15:22:00,1178.0130000000001,1235.5128
1995-08-16 15:23:00,1088.855,1203.7112
1995-08-16 15:24:00,2737.7410000000004,1232.7064
1995-08-16 15:25:00,685.6949999999999,1487.3547
1995-08-16 15:26:00,1322.7540000000001,1032.2456
1995-08-16 15:27:00,1952.616,1253.2166
1995-08-16 15:28:00,4210.378,1364.3418
1995-08-16 15:29:00,2635.727,1460.2024
1995-08-16 15:30:00,935.899,1385.3601
1995-08-16 15:31:00,2543.557,1475.5737
1995-08-16 15:32:00,1832.283,1579.5687
1995-08-16 15:33:00,1042.933,1136.4176
1995-08-16 15:34:00,1305.356,1134.8676
1995-08-16 15:35:00,1263.379,1429.061
1995-08-16 15:36:00,760.217,1277.344
1995-08-16 15:37:00,1076.413,1399.8646
1995-08-16 15:38:00,1052.702,1386.1152
1995-08-16 15:39:00,1218.978,1080.9042
1995-08-16 15:40:00,1006.597,1036.1417
1995-08-16 15:41:00,505.964,973.9793
1995-08-16 15:42:00,929.111,864.56866
1995-08-16 15:43:00,737.7520000000001,954.64655
1995-08-16 15:44:00,1084.3020000000001,915.0581
1995-08-16 15:45:00,621.378,786.87744
1995-08-16 15:46:00,1446.426,852.324
1995-08-16 15:47:00,3227.446,1259.1027
1995-08-16 15:48:00,925.915,1037.9678
1995-08-16 15:49:00,591.598,887.705
1995-08-16 15:50:00,580.335,940.7741
1995-08-16 15:51:00,452.472,1048.733
1995-08-16 15:52:00,2150.31,938.62195
1995-08-16 15:53:00,644.408,1284.1171
1995-08-16 15:54:00,284.64,891.8681
1995-08-16 15:55:00,133.123,638.53784
1995-08-16 15:56:00,613.1179999999999,550.2974
1995-08-16 15:57:00,733.314,583.10986
1995-08-16 15:58:00,566.496,888.10046
1995-08-16 15:59:00,835.9830000000001,887.239
1995-08-16 16:00:00,761.2810000000001,518.4477
1995-08-16 16:01:00,774.22,855.7002
1995-08-16 16:02:00,647.67,825.58777
1995-08-16 16:03:00,671.051,967.4346
1995-08-16 16:04:00,1080.093,894.346
1995-08-16 16:05:00,479.201,621.64777
1995-08-16 16:06:00,1033.766,651.0319
1995-08-16 16:07:00,1240.483,608.2575
1995-08-16 16:08:00,811.949,903.04877
1995-08-16 16:09:00,892.4970000000001,770.2574
1995-08-16 16:10:00,792.7139999999999,896.8256
1995-08-16 16:11:00,1492.3200000000002,811.9358
1995-08-16 16:12:00,304.232,647.3938
1995-08-16 16:13:00,761.89,942.4578
1995-08-16 16:14:00,565.276,1036.8486
1995-08-16 16:15:00,1262.906,1027.8861
1995-08-16 16:16:00,2285.022,1215.0654
1995-08-16 16:17:00,1476.716,999.886
1995-08-16 16:18:00,1020.011,997.085
1995-08-16 16:19:00,768.402,932.4525
1995-08-16 16:20:00,745.091,915.5103
1995-08-16 16:21:00,786.71,1193.479
1995-08-16 16:22:00,767.465,913.48474
1995-08-16 16:23:00,1164.397,1115.0889
1995-08-16 16:24:00,584.199,1200.3416
1995-08-16 16:25:00,1320.725,897.32965
1995-08-16 16:26:00,824.2189999999999,1216.4655
1995-08-16 16:27:00,1474.607,1170.3757
1995-08-16 16:28:00,1694.599,979.80194
1995-08-16 16:29:00,1639.653,1417.1523
1995-08-16 16:30:00,1547.09,1155.3815
1995-08-16 16:31:00,2398.382,1079.3256
1995-08-16 16:32:00,1922.844,1182.9838
1995-08-16 16:33:00,1075.238,1533.7452
1995-08-16 16:34:00,1778.209,835.89105
1995-08-16 16:35:00,1205.392,268.53192
1995-08-16 16:36:00,244.587,358.5262
1995-08-16 16:37:00,0.0,7.034876
1995-08-16 16:47:00,527.917,901.4625
1995-08-16 16:48:00,1219.049,973.8668
1995-08-16 16:49:00,1339.3419999999999,820.04193
1995-08-16 16:50:00,489.59,908.3593
1995-08-16 16:51:00,378.395,815.78595
1995-08-16 16:52:00,3402.557,555.5494
1995-08-16 16:54:00,540.191,1053.65
1995-08-16 16:57:00,611.444,783.42114
1995-08-16 16:58:00,710.031,874.44775
1995-08-16 16:59:00,2162.495,842.91833
1995-08-16 17:00:00,804.373,936.75543
1995-08-16 17:01:00,780.976,1026.7677
1995-08-16 17:02:00,980.721,1196.5118
1995-08-16 17:03:00,810.597,1052.2584
1995-08-16 17:04:00,969.36,951.1678
1995-08-16 17:05:00,774.734,716.77155
1995-08-16 17:06:00,877.151,796.19965
1995-08-16 17:07:00,1252.657,1115.5983
1995-08-16 17:08:00,1405.705,1092.4246
1995-08-16 17:09:00,2363.546,919.3252
1995-08-16 17:10:00,1576.641,1313.6959
1995-08-16 17:11:00,1768.179,1244.637
1995-08-16 17:12:00,1491.398,1244.8527
1995-08-16 17:13:00,3269.5,1064.1399
1995-08-16 17:14:00,1560.093,1328.1084
1995-08-16 17:15:00,695.453,1384.2202
1995-08-16 17:16:00,1698.082,1439.3284
1995-08-16 17:17:00,1739.937,1152.8434
1995-08-16 17:18:00,934.485,638.71387
1995-08-16 17:19:00,1172.568,858.8777
1995-08-16 17:20:00,1316.829,843.6172
1995-08-16 17:21:00,946.485,913.67535
1995-08-16 17:22:00,1288.454,1023.81775
1995-08-16 17:23:00,1045.779,1013.3606
1995-08-16 17:24:00,279.042,825.1906
1995-08-16 17:25:00,415.71999999999997,735.5414
1995-08-16 17:26:00,705.4689999999999,831.11084
1995-08-16 17:27:00,365.992,696.45776
1995-08-16 17:28:00,410.848,647.614
1995-08-16 17:29:00,1040.581,587.8882
1995-08-16 17:30:00,601.26,899.54785
1995-08-16 17:31:00,394.999,818.34296
1995-08-16 17:32:00,343.872,499.09424
1995-08-16 17:33:00,728.665,629.4489
1995-08-16 17:34:00,1513.3029999999999,755.42615
1995-08-16 17:35:00,1118.675,826.8236
1995-08-16 17:36:00,511.734,1014.9343
1995-08-16 17:37:00,1138.526,903.41095
1995-08-16 17:38:00,848.686,977.1248
1995-08-16 17:39:00,2124.891,823.65674
1995-08-16 17:40:00,2297.7509999999997,1004.156
1995-08-16 17:41:00,871.536,1310.9462
1995-08-16 17:42:00,1075.806,1076.6522
1995-08-16 17:43:00,906.61,958.92224
1995-08-16 17:44:00,381.06,531.17267
1995-08-16 17:45:00,578.947,603.64044
1995-08-16 17:46:00,491.262,541.0861
1995-08-16 17:47:00,573.321,668.1218
1995-08-16 17:48:00,666.504,668.0963
1995-08-16 17:49:00,686.384,803.40704
1995-08-16 17:50:00,554.502,790.7339
1995-08-16 17:51:00,787.583,789.6613
1995-08-16 17:52:00,563.632,609.97455
1995-08-16 17:53:00,932.8340000000001,676.588
1995-08-16 17:54:00,415.624,736.4301
1995-08-16 17:55:00,689.467,676.3464
1995-08-16 17:56:00,846.141,642.3974
1995-08-16 17:57:00,253.58499999999998,618.39484
1995-08-16 17:58:00,181.068,543.44324
1995-08-16 17:59:00,1260.988,722.82275
1995-08-16 18:00:00,819.324,759.4999
1995-08-16 18:01:00,711.603,556.3535
1995-08-16 18:02:00,438.612,461.55743
1995-08-16 18:03:00,689.2909999999999,636.5633
1995-08-16 18:04:00,2668.179,540.1647
1995-08-16 18:05:00,830.225,476.49484
1995-08-16 18:06:00,892.708,669.55054
1995-08-16 18:07:00,572.8779999999999,774.9263
1995-08-16 18:08:00,328.507,664.5261
1995-08-16 18:09:00,722.977,850.46246
1995-08-16 18:10:00,1356.991,633.01984
1995-08-16 18:11:00,1232.4279999999999,660.0281
1995-08-16 18:12:00,2498.517,906.91785
1995-08-16 18:13:00,618.106,1213.871
1995-08-16 18:14:00,2468.9739999999997,1050.6805
1995-08-16 18:15:00,370.759,750.50256
1995-08-16 18:16:00,982.65,663.2893
1995-08-16 18:17:00,353.331,909.1719
1995-08-16 18:18:00,448.16700000000003,693.80554
1995-08-16 18:19:00,749.438,686.5086
1995-08-16 18:20:00,484.071,589.5582
1995-08-16 18:21:00,1419.747,468.44684
1995-08-16 18:22:00,314.781,503.45966
1995-08-16 18:23:00,234.238,673.9254
1995-08-16 18:24:00,160.738,277.28943
1995-08-16 18:25:00,171.521,320.9218
1995-08-16 18:26:00,532.353,497.15216
1995-08-16 18:27:00,1436.847,476.54996
1995-08-16 18:28:00,590.178,579.3928
1995-08-16 18:29:00,792.0029999999999,646.4342
1995-08-16 18:30:00,313.528,664.29834
1995-08-16 18:31:00,723.534,645.28406
1995-08-16 18:32:00,349.483,776.5315
1995-08-16 18:33:00,287.724,356.44043
1995-08-16 18:34:00,372.799,545.12396
1995-08-16 18:35:00,1272.882,630.0465
1995-08-16 18:36:00,833.655,740.391
1995-08-16 18:37:00,1517.914,821.1353
1995-08-16 18:38:00,1036.768,721.18896
1995-08-16 18:39:00,249.439,566.7921
1995-08-16 18:40:00,584.676,610.13214
1995-08-16 18:41:00,1158.847,720.86566
1995-08-16 18:42:00,772.946,617.625
1995-08-16 18:43:00,962.2180000000001,694.062
1995-08-16 18:44:00,841.847,681.3985
1995-08-16 18:45:00,743.011,562.13074
1995-08-16 18:46:00,725.578,580.25305
1995-08-16 18:47:00,461.734,851.35736
1995-08-16 18:48:00,1036.443,658.20966
1995-08-16 18:49:00,766.11,622.9811
1995-08-16 18:50:00,726.5790000000001,745.7805
1995-08-16 18:51:00,713.433,606.12335
1995-08-16 18:52:00,1250.156,676.3347
1995-08-16 18:53:00,1902.787,879.3514
1995-08-16 18:54:00,1862.289,975.8123
1995-08-16 18:55:00,2582.3160000000003,906.61224
1995-08-16 18:56:00,640.398,764.84827
1995-08-16 18:57:00,1046.882,562.23224
1995-08-16 18:58:00,909.8290000000001,456.25046
1995-08-16 18:59:00,673.52,575.21265
1995-08-16 19:00:00,425.398,533.889
1995-08-16 19:01:00,301.723,1067.6981
1995-08-16 19:02:00,744.0120000000001,774.3944
1995-08-16 19:03:00,523.223,760.1765
1995-08-16 19:04:00,1910.834,905.9036
1995-08-16 19:05:00,585.182,658.8522
1995-08-16 19:06:00,388.638,669.5435
1995-08-16 19:07:00,964.4060000000001,772.3414
1995-08-16 19:08:00,747.5709999999999,761.9309
1995-08-16 19:09:00,162.078,515.6805
1995-08-16 19:10:00,558.882,532.43665
1995-08-16 19:11:00,364.729,663.952
1995-08-16 19:12:00,245.232,407.71094
1995-08-16 19:13:00,264.706,455.0313
1995-08-16 19:14:00,452.406,455.78104
1995-08-16 19:15:00,359.413,350.6509
1995-08-16 19:16:00,790.231,444.09918
1995-08-16 19:17:00,413.543,652.4618
1995-08-16 19:18:00,582.664,724.0021
1995-08-16 19:19:00,597.034,650.5011
1995-08-16 19:20:00,1254.885,555.3111
1995-08-16 19:21:00,502.05899999999997,753.39386
1995-08-16 19:22:00,968.505,459.3274
1995-08-16 19:23:00,658.836,420.03522
1995-08-16 19:24:00,640.105,493.1553
1995-08-16 19:25:00,103.971,417.21014
1995-08-16 19:26:00,395.681,467.01572
1995-08-16 19:27:00,446.538,530.44385
1995-08-16 19:28:00,259.119,494.97348
1995-08-16 19:29:00,1091.819,506.20352
1995-08-16 19:30:00,377.265,623.2822
1995-08-16 19:31:00,151.632,437.11603
1995-08-16 19:32:00,1212.736,547.3974
1995-08-16 19:33:00,628.2719999999999,533.5315
1995-08-16 19:34:00,89.204,275.714
1995-08-16 19:35:00,326.34900000000005,431.9697
1995-08-16 19:36:00,440.178,537.59985
1995-08-16 19:37:00,351.81399999999996,554.98254
1995-08-16 19:38:00,216.42100000000002,393.16812
1995-08-16 19:39:00,150.528,540.674
1995-08-16 19:40:00,1544.7289999999998,471.69467
1995-08-16 19:41:00,448.961,725.18567
1995-08-16 19:42:00,628.492,633.7864
1995-08-16 19:43:00,1890.768,583.3394
1995-08-16 19:44:00,582.285,509.83994
1995-08-16 19:45:00,457.496,624.64325
1995-08-16 19:46:00,293.648,612.4489
1995-08-16 19:47:00,372.374,528.2218
1995-08-16 19:48:00,707.381,565.4146
1995-08-16 19:49:00,302.518,644.33246
1995-08-16 19:50:00,742.537,642.0535
1995-08-16 19:51:00,1279.237,592.4245
1995-08-16 19:52:00,798.507,531.20416
1995-08-16 19:53:00,258.694,554.1962
1995-08-16 19:54:00,736.4269999999999,732.94214
1995-08-16 19:55:00,407.851,565.38275
1995-08-16 19:56:00,490.965,494.41565
1995-08-16 19:57:00,1205.112,627.4811
1995-08-16 19:58:00,1290.207,640.0981
1995-08-16 19:59:00,403.085,758.1148
1995-08-16 20:00:00,958.5989999999998,667.8641
1995-08-16 20:01:00,551.896,840.665
1995-08-16 20:02:00,968.082,757.45557
1995-08-16 20:03:00,954.167,1023.4708
1995-08-16 20:04:00,491.309,650.27124
1995-08-16 20:05:00,824.1329999999998,646.0105
1995-08-16 20:06:00,155.934,538.02246
1995-08-16 20:07:00,456.187,505.4891
1995-08-16 20:08:00,274.94,379.8829
1995-08-16 20:09:00,435.455,653.2441
1995-08-16 20:10:00,462.466,523.144
1995-08-16 20:11:00,762.029,621.7941
1995-08-16 20:12:00,776.635,752.1894
1995-08-16 20:13:00,1178.664,696.8756
1995-08-16 20:14:00,466.927,495.24246
1995-08-16 20:15:00,424.568,582.872
1995-08-16 20:16:00,1947.5000000000002,669.59467
1995-08-16 20:17:00,362.404,567.8433
1995-08-16 20:18:00,614.57,453.80197
1995-08-16 20:19:00,489.103,709.5847
1995-08-16 20:20:00,589.208,545.6091
1995-08-16 20:21:00,342.229,520.38354
1995-08-16 20:22:00,571.072,542.74664
1995-08-16 20:23:00,1868.3360000000002,480.18503
1995-08-16 20:24:00,282.46999999999997,456.3318
1995-08-16 20:25:00,1390.299,481.28326
1995-08-16 20:26:00,153.835,465.65903
1995-08-16 20:27:00,631.364,620.97174
1995-08-16 20:28:00,595.641,783.9304
1995-08-16 20:29:00,709.0,947.13416
1995-08-16 20:30:00,358.359,749.58966
1995-08-16 20:31:00,181.1,525.8836
1995-08-16 20:32:00,553.395,486.2756
1995-08-16 20:33:00,530.448,674.5687
1995-08-16 20:34:00,798.656,635.05896
1995-08-16 20:35:00,242.383,435.23486
1995-08-16 20:36:00,471.835,590.171
1995-08-16 20:37:00,499.871,536.1354
1995-08-16 20:38:00,575.551,739.2775
1995-08-16 20:39:00,280.894,689.2317
1995-08-16 20:40:00,169.302,302.87302
1995-08-16 20:41:00,80.47,202.68828
1995-08-16 20:42:00,604.773,314.49213
1995-08-16 20:43:00,1368.966,412.79477
1995-08-16 20:44:00,443.531,554.0586
1995-08-16 20:45:00,2097.1620000000003,582.22925
1995-08-16 20:46:00,840.0459999999999,453.0925
1995-08-16 20:47:00,558.054,513.9158
1995-08-16 20:48:00,1071.293,116.398705
1995-08-16 20:49:00,1160.2710000000002,109.99219
1995-08-16 20:50:00,327.92400000000004,389.5083
1995-08-16 20:51:00,1725.159,396.5636
1995-08-16 20:52:00,374.665,403.7012
1995-08-16 20:53:00,1183.441,428.59354
1995-08-16 20:54:00,104.372,316.118
1995-08-16 20:55:00,123.188,304.20712
1995-08-16 20:56:00,150.604,356.0333
1995-08-16 20:57:00,258.05,467.4969
1995-08-16 20:58:00,424.07300000000004,307.54752
1995-08-16 20:59:00,246.922,405.8047
1995-08-16 21:00:00,712.595,302.95752
1995-08-16 21:01:00,1940.117,428.46942
1995-08-16 21:02:00,1258.8329999999999,496.53232
1995-08-16 21:03:00,621.412,642.1983
1995-08-16 21:04:00,353.182,634.2709
1995-08-16 21:05:00,707.114,746.5468
1995-08-16 21:06:00,872.7620000000001,684.6455
1995-08-16 21:07:00,196.307,487.4383
1995-08-16 21:08:00,297.907,614.85895
1995-08-16 21:09:00,456.736,712.1475
1995-08-16 21:10:00,180.724,623.1763
1995-08-16 21:11:00,1221.653,548.8572
1995-08-16 21:12:00,825.024,725.7618
1995-08-16 21:13:00,643.869,621.9358
1995-08-16 21:14:00,705.894,449.07858
1995-08-16 21:15:00,449.862,733.1476
1995-08-16 21:16:00,1845.65,680.34143
1995-08-16 21:17:00,533.162,399.3328
1995-08-16 21:18:00,898.681,646.90765
1995-08-16 21:19:00,1259.176,699.45905
1995-08-16 21:20:00,836.437,627.9419
1995-08-16 21:21:00,1646.047,585.66534
1995-08-16 21:22:00,556.309,698.9225
1995-08-16 21:23:00,793.774,785.57935
1995-08-16 21:24:00,1295.927,656.0368
1995-08-16 21:25:00,414.73,628.3694
1995-08-16 21:26:00,889.564,770.88324
1995-08-16 21:27:00,491.173,724.0753
1995-08-16 21:28:00,725.52,623.62976
1995-08-16 21:29:00,531.699,801.25195
1995-08-16 21:30:00,501.776,542.9131
1995-08-16 21:31:00,744.924,762.5026
1995-08-16 21:32:00,1036.439,747.4314
1995-08-16 21:33:00,626.078,767.7218
1995-08-16 21:34:00,628.051,734.0888
1995-08-16 21:35:00,336.042,671.1028
1995-08-16 21:36:00,1019.57,598.19464
1995-08-16 21:37:00,269.724,744.1048
1995-08-16 21:38:00,494.82,552.1496
1995-08-16 21:39:00,550.0169999999999,719.5173
1995-08-16 21:40:00,559.121,715.3451
1995-08-16 21:41:00,549.771,450.38513
1995-08-16 21:42:00,482.941,667.9716
1995-08-16 21:43:00,907.351,633.0773
1995-08-16 21:44:00,1377.8899999999999,527.5762
1995-08-16 21:45:00,379.481,724.87964
1995-08-16 21:46:00,315.296,725.17426
1995-08-16 21:47:00,371.872,592.4449
1995-08-16 21:48:00,436.716,605.68805
1995-08-16 21:49:00,670.119,540.4367
1995-08-16 21:50:00,975.383,456.1726
1995-08-16 21:51:00,1551.0,694.6015
1995-08-16 21:52:00,535.0219999999999,497.96234
1995-08-16 21:53:00,428.638,487.97614
1995-08-16 21:54:00,435.33900000000006,448.54086
1995-08-16 21:55:00,356.176,361.8981
1995-08-16 21:56:00,1022.2009999999999,736.9539
1995-08-16 21:57:00,537.302,661.7605
1995-08-16 21:58:00,917.3829999999999,682.9772
1995-08-16 21:59:00,1634.069,856.6419
1995-08-16 22:00:00,331.613,696.75616
1995-08-16 22:01:00,110.372,503.83047
1995-08-16 22:02:00,292.023,431.69995
1995-08-16 22:03:00,817.16,274.16727
1995-08-16 22:04:00,298.966,352.89
1995-08-16 22:05:00,1054.93,553.3222
1995-08-16 22:06:00,462.972,519.8587
1995-08-16 22:07:00,821.803,559.9169
1995-08-16 22:08:00,492.07800000000003,660.10376
1995-08-16 22:09:00,608.076,826.53546
1995-08-16 22:10:00,3650.3160000000003,731.13464
1995-08-16 22:11:00,527.029,802.1572
1995-08-16 22:12:00,638.012,682.203
1995-08-16 22:13:00,559.402,922.9634
1995-08-16 22:14:00,598.07,766.1736
1995-08-16 22:15:00,591.2189999999999,682.08966
1995-08-16 22:16:00,611.691,788.13696
1995-08-16 22:17:00,1165.104,544.6039
1995-08-16 22:18:00,738.401,628.14496
1995-08-16 22:19:00,519.187,647.3508
1995-08-16 22:20:00,701.816,726.8799
1995-08-16 22:21:00,1164.158,739.01105
1995-08-16 22:22:00,1171.8509999999999,619.4912
1995-08-16 22:23:00,257.162,562.26263
1995-08-16 22:24:00,568.016,660.3364
1995-08-16 22:25:00,418.859,704.7068
1995-08-16 22:26:00,214.15,527.5757
1995-08-16 22:27:00,725.056,526.4847
1995-08-16 22:28:00,186.337,531.93854
1995-08-16 22:29:00,669.939,380.4689
1995-08-16 22:30:00,312.458,538.196
1995-08-16 22:31:00,189.19400000000002,426.80692
1995-08-16 22:32:00,303.825,407.48492
1995-08-16 22:33:00,362.264,506.23907
1995-08-16 22:34:00,540.1800000000001,432.10474
1995-08-16 22:35:00,128.711,191.36345
1995-08-16 22:36:00,916.592,422.57147
1995-08-16 22:37:00,274.994,379.59097
1995-08-16 22:38:00,633.395,482.7398
1995-08-16 22:39:00,505.59999999999997,332.7822
1995-08-16 22:40:00,694.347,422.01743
1995-08-16 22:41:00,416.046,581.0002
1995-08-16 22:42:00,411.503,374.7993
1995-08-16 22:43:00,242.27700000000002,412.9716
1995-08-16 22:44:00,376.348,373.05066
1995-08-16 22:45:00,257.875,413.02905
1995-08-16 22:46:00,570.102,506.73685
1995-08-16 22:47:00,282.671,301.62988
1995-08-16 22:48:00,967.403,313.786
1995-08-16 22:49:00,668.55,413.42368
1995-08-16 22:50:00,430.443,344.26004
1995-08-16 22:51:00,823.521,558.24713
1995-08-16 22:52:00,571.699,434.50183
1995-08-16 22:53:00,303.95099999999996,515.7999
1995-08-16 22:54:00,416.432,406.03656
1995-08-16 22:55:00,970.184,385.98685
1995-08-16 22:56:00,584.675,472.42596
1995-08-16 22:57:00,310.803,444.29724
1995-08-16 22:58:00,498.221,136.64302
1995-08-16 22:59:00,102.708,197.92213
1995-08-16 23:00:00,221.591,334.04593
1995-08-16 23:01:00,172.84199999999998,260.12408
1995-08-16 23:02:00,321.901,328.16348
1995-08-16 23:03:00,172.515,341.15137
1995-08-16 23:04:00,390.231,375.068
1995-08-16 23:05:00,457.926,544.4637
1995-08-16 23:06:00,327.82,347.68765
1995-08-16 23:07:00,493.764,427.8923
1995-08-16 23:08:00,1069.214,334.74323
1995-08-16 23:09:00,125.21000000000001,400.12677
1995-08-16 23:10:00,352.077,251.95865
1995-08-16 23:11:00,79.18,231.84637
1995-08-16 23:12:00,185.501,289.49976
1995-08-16 23:13:00,274.92600000000004,223.3539
1995-08-16 23:14:00,363.476,262.0198
1995-08-16 23:15:00,414.739,321.44998
1995-08-16 23:16:00,194.149,271.03644
1995-08-16 23:17:00,265.15999999999997,357.74054
1995-08-16 23:18:00,158.204,259.3715
1995-08-16 23:19:00,426.77899999999994,323.20386
1995-08-16 23:20:00,110.137,171.67941
1995-08-16 23:21:00,997.8130000000001,232.46997
1995-08-16 23:22:00,300.62399999999997,337.0686
1995-08-16 23:23:00,618.828,547.0419
1995-08-16 23:24:00,501.757,410.4942
1995-08-16 23:25:00,341.201,442.6439
1995-08-16 23:26:00,616.581,393.93536
1995-08-16 23:27:00,532.618,404.08694
1995-08-16 23:28:00,199.744,439.79257
1995-08-16 23:29:00,777.946,564.27356
1995-08-16 23:30:00,281.936,371.20633
1995-08-16 23:31:00,82.569,463.0907
1995-08-16 23:32:00,698.096,505.62775
1995-08-16 23:33:00,748.059,555.9856
1995-08-16 23:34:00,444.69800000000004,695.04407
1995-08-16 23:35:00,1199.474,546.4709
1995-08-16 23:36:00,307.597,466.7121
1995-08-16 23:37:00,573.374,681.40594
1995-08-16 23:38:00,331.403,498.61444
1995-08-16 23:39:00,958.392,560.7308
1995-08-16 23:40:00,520.722,465.58807
1995-08-16 23:41:00,581.904,631.36255
1995-08-16 23:42:00,1098.356,812.5318
1995-08-16 23:43:00,373.041,732.8112
1995-08-16 23:44:00,557.034,614.2678
1995-08-16 23:45:00,463.752,466.6599
1995-08-16 23:46:00,487.207,675.4126
1995-08-16 23:47:00,930.0039999999999,378.26035
1995-08-16 23:48:00,109.197,399.65842
1995-08-16 23:49:00,165.283,396.6732
1995-08-16 23:50:00,861.131,307.48148
1995-08-16 23:51:00,41.926,139.39969
1995-08-16 23:52:00,151.514,396.57666
1995-08-16 23:53:00,97.22800000000001,265.48212
1995-08-16 23:54:00,71.674,310.58777
1995-08-16 23:55:00,96.91499999999999,261.1906
1995-08-16 23:56:00,340.137,350.96646
1995-08-16 23:57:00,550.419,602.6587
1995-08-16 23:58:00,393.652,414.9005
1995-08-16 23:59:00,148.737,412.07382
1995-08-17 00:00:00,332.767,349.78156
1995-08-17 00:01:00,175.856,397.85687
1995-08-17 00:02:00,128.511,319.12195
1995-08-17 00:03:00,1531.5629999999999,352.6945
1995-08-17 00:04:00,387.76,352.42743
1995-08-17 00:05:00,143.779,376.1633
1995-08-17 00:06:00,425.505,312.49973
1995-08-17 00:07:00,64.568,305.46362
1995-08-17 00:08:00,71.774,121.46965
1995-08-17 00:09:00,314.832,262.4736
1995-08-17 00:10:00,469.923,384.39377
1995-08-17 00:11:00,438.809,442.4119
1995-08-17 00:12:00,343.37,452.82907
1995-08-17 00:13:00,483.56,607.63434
1995-08-17 00:14:00,283.105,334.1701
1995-08-17 00:15:00,529.669,404.6922
1995-08-17 00:16:00,400.42400000000004,493.8285
1995-08-17 00:17:00,364.58000000000004,456.06625
1995-08-17 00:18:00,392.45599999999996,204.5251
1995-08-17 00:19:00,523.074,343.70322
1995-08-17 00:20:00,504.639,317.13126
1995-08-17 00:21:00,83.815,348.4908
1995-08-17 00:22:00,339.793,388.0773
1995-08-17 00:23:00,305.182,465.56226
1995-08-17 00:24:00,224.47099999999998,393.32397
1995-08-17 00:25:00,306.973,348.61932
1995-08-17 00:26:00,478.664,411.5217
1995-08-17 00:27:00,343.264,406.8512
1995-08-17 00:28:00,153.90800000000002,364.30862
1995-08-17 00:29:00,408.188,445.24527
1995-08-17 00:30:00,1733.0670000000002,589.2173
1995-08-17 00:31:00,287.676,372.70926
1995-08-17 00:32:00,427.23999999999995,367.90482
1995-08-17 00:33:00,355.507,396.1744
1995-08-17 00:34:00,513.944,351.17212
1995-08-17 00:35:00,731.221,377.9917
1995-08-17 00:36:00,374.43,454.09418
1995-08-17 00:37:00,315.194,477.38138
1995-08-17 00:38:00,421.593,376.02032
1995-08-17 00:39:00,199.483,210.1399
1995-08-17 00:40:00,1093.739,259.2573
1995-08-17 00:41:00,187.847,410.8668
1995-08-17 00:42:00,191.008,347.61914
1995-08-17 00:43:00,442.826,368.10822
1995-08-17 00:44:00,395.197,414.98758
1995-08-17 00:45:00,343.797,413.69073
1995-08-17 00:46:00,524.04,474.55502
1995-08-17 00:47:00,292.187,235.96008
1995-08-17 00:48:00,1136.663,336.61304
1995-08-17 00:49:00,149.99,255.41367
1995-08-17 00:50:00,501.755,379.47812
1995-08-17 00:51:00,385.879,317.80322
1995-08-17 00:52:00,262.568,312.18967
1995-08-17 00:53:00,448.43899999999996,301.96213
1995-08-17 00:54:00,359.618,394.61975
1995-08-17 00:55:00,248.114,182.52621
1995-08-17 00:56:00,1291.1460000000002,439.093
1995-08-17 00:57:00,927.8479999999998,327.71082
1995-08-17 00:58:00,169.22,410.5256
1995-08-17 00:59:00,394.035,407.56985
1995-08-17 01:00:00,502.07399999999996,309.61404
1995-08-17 01:01:00,95.701,342.82037
1995-08-17 01:02:00,64.58,122.7066
1995-08-17 01:03:00,94.248,259.51108
1995-08-17 01:04:00,321.435,323.0408
1995-08-17 01:05:00,414.14000000000004,312.72882
1995-08-17 01:06:00,307.185,498.96786
1995-08-17 01:07:00,267.661,449.88562
1995-08-17 01:08:00,1512.4270000000001,388.99805
1995-08-17 01:09:00,128.695,299.9662
1995-08-17 01:10:00,150.319,360.56226
1995-08-17 01:11:00,383.498,344.40512
1995-08-17 01:12:00,1691.159,440.01038
1995-08-17 01:13:00,1209.362,346.31482
1995-08-17 01:14:00,883.901,371.92245
1995-08-17 01:15:00,103.051,378.04575
1995-08-17 01:16:00,512.3389999999999,424.9682
1995-08-17 01:17:00,253.92,378.81107
1995-08-17 01:18:00,80.41,250.67778
1995-08-17 01:19:00,219.175,407.63318
1995-08-17 01:20:00,101.078,321.34866
1995-08-17 01:21:00,31.607,151.67905
1995-08-17 01:22:00,229.75900000000001,265.48566
1995-08-17 01:23:00,88.991,57.554684
1995-08-17 01:24:00,104.75199999999998,251.32414
1995-08-17 01:25:00,99.867,326.108
1995-08-17 01:26:00,289.774,314.64725
1995-08-17 01:27:00,1110.147,340.50735
1995-08-17 01:28:00,100.125,178.57857
1995-08-17 01:29:00,484.913,250.2871
1995-08-17 01:30:00,378.404,307.4778
1995-08-17 01:31:00,72.496,300.13455
1995-08-17 01:32:00,381.318,97.700325
1995-08-17 01:33:00,66.854,126.391464
1995-08-17 01:34:00,125.007,267.01093
1995-08-17 01:35:00,1891.9379999999999,251.9946
1995-08-17 01:36:00,291.76099999999997,321.07104
1995-08-17 01:37:00,1538.0620000000001,402.05692
1995-08-17 01:38:00,568.069,254.35616
1995-08-17 01:39:00,170.816,426.28784
1995-08-17 01:40:00,170.577,215.10118
1995-08-17 01:41:00,401.003,288.0251
1995-08-17 01:42:00,160.935,325.68384
1995-08-17 01:43:00,218.946,326.31082
1995-08-17 01:44:00,68.83200000000001,188.94022
1995-08-17 01:45:00,1761.882,433.48877
1995-08-17 01:46:00,685.606,216.36613
1995-08-17 01:47:00,63.068,364.83856
1995-08-17 01:48:00,195.591,339.48868
1995-08-17 01:49:00,303.035,358.3406
1995-08-17 01:50:00,1176.823,277.21762
1995-08-17 01:51:00,309.418,334.15427
1995-08-17 01:52:00,435.166,439.13016
1995-08-17 01:53:00,981.811,447.95392
1995-08-17 01:54:00,739.91,424.47614
1995-08-17 01:55:00,434.433,516.3133
1995-08-17 01:56:00,282.95099999999996,438.38342
1995-08-17 01:57:00,92.411,401.51358
1995-08-17 01:58:00,389.813,312.66077
1995-08-17 01:59:00,664.119,333.78546
1995-08-17 02:00:00,476.935,659.7114
1995-08-17 02:01:00,152.864,432.96698
1995-08-17 02:02:00,659.2379999999999,407.3087
1995-08-17 02:03:00,298.402,276.62247
1995-08-17 02:04:00,17.471,170.72487
1995-08-17 02:05:00,194.966,223.77107
1995-08-17 02:06:00,95.285,229.18115
1995-08-17 02:07:00,328.76,380.466
1995-08-17 02:08:00,260.034,351.65002
1995-08-17 02:09:00,878.735,273.41647
1995-08-17 02:10:00,1899.1589999999999,489.73688
1995-08-17 02:11:00,140.803,246.18678
1995-08-17 02:12:00,241.695,392.04596
1995-08-17 02:13:00,233.31,268.26947
1995-08-17 02:14:00,1250.314,277.4678
1995-08-17 02:15:00,125.57600000000001,402.05463
1995-08-17 02:16:00,298.711,559.9792
1995-08-17 02:17:00,410.97700000000003,199.28107
1995-08-17 02:18:00,39.016999999999996,89.05534
1995-08-17 02:19:00,279.201,373.43756
1995-08-17 02:20:00,434.59900000000005,259.5152
1995-08-17 02:21:00,255.27,214.49068
1995-08-17 02:22:00,110.46,108.204216
1995-08-17 02:23:00,506.20599999999996,258.723
1995-08-17 02:24:00,186.55100000000002,270.88522
1995-08-17 02:25:00,143.958,217.83887
1995-08-17 02:26:00,218.09199999999998,159.19856
1995-08-17 02:27:00,189.613,295.47552
1995-08-17 02:28:00,109.898,398.4648
1995-08-17 02:29:00,121.01899999999999,253.60562
1995-08-17 02:30:00,48.769999999999996,93.416885
1995-08-17 02:31:00,151.097,130.42459
1995-08-17 02:32:00,67.286,131.99635
1995-08-17 02:33:00,121.827,113.61794
1995-08-17 02:34:00,36.914,138.95338
1995-08-17 02:35:00,765.4929999999999,240.8014
1995-08-17 02:36:00,483.059,300.2641
1995-08-17 02:37:00,227.44099999999997,297.0466
1995-08-17 02:38:00,465.455,361.786
1995-08-17 02:39:00,275.867,265.58746
1995-08-17 02:40:00,202.499,323.43506
1995-08-17 02:41:00,36.756,64.11041
1995-08-17 02:42:00,90.434,220.78969
1995-08-17 02:43:00,239.295,277.2419
1995-08-17 02:44:00,147.52100000000002,305.18918
1995-08-17 02:45:00,66.544,105.23106
1995-08-17 02:46:00,72.372,209.05576
1995-08-17 02:47:00,115.239,131.13559
1995-08-17 02:48:00,42.56,124.61641
1995-08-17 02:49:00,17.481,52.25142
1995-08-17 02:50:00,95.13399999999999,101.81524
1995-08-17 02:51:00,37.495,77.21827
1995-08-17 02:52:00,592.114,130.67061
1995-08-17 02:53:00,56.236999999999995,168.39958
1995-08-17 02:54:00,275.505,94.819084
1995-08-17 02:55:00,286.68399999999997,174.60016
1995-08-17 02:56:00,213.12199999999999,230.3106
1995-08-17 02:57:00,124.64,141.12108
1995-08-17 02:58:00,100.28800000000001,118.63618
1995-08-17 02:59:00,369.493,158.5664
1995-08-17 03:00:00,68.594,151.24002
1995-08-17 03:01:00,233.496,101.08754
1995-08-17 03:02:00,100.441,179.59236
1995-08-17 03:03:00,165.853,125.93379
1995-08-17 03:04:00,178.54000000000002,34.432022
1995-08-17 03:05:00,93.001,239.95634
1995-08-17 03:06:00,227.965,116.45571
1995-08-17 03:07:00,81.559,203.01596
1995-08-17 03:08:00,161.778,162.31537
1995-08-17 03:09:00,140.279,178.01608
1995-08-17 03:10:00,56.713,163.8212
1995-08-17 03:11:00,11.591,33.30389
1995-08-17 03:12:00,53.034,108.91454
1995-08-17 03:13:00,243.28699999999998,187.96466
1995-08-17 03:14:00,46.0,98.652
1995-08-17 03:15:00,172.689,109.90648
1995-08-17 03:16:00,14.364,79.6726
1995-08-17 03:17:00,0.0,5.0188746
1995-08-17 03:22:00,134.802,82.148926
1995-08-17 03:24:00,30.43,105.37598
1995-08-17 03:25:00,119.699,135.35493
1995-08-17 03:26:00,79.586,86.77367
1995-08-17 03:27:00,75.16199999999999,30.203583
1995-08-17 03:28:00,47.876,76.38383
1995-08-17 03:29:00,1152.9370000000001,130.3528
1995-08-17 03:30:00,89.08,127.43739
1995-08-17 03:31:00,55.336999999999996,76.64896
1995-08-17 03:32:00,57.318,100.78675
1995-08-17 03:34:00,3.2600000000000002,77.99626
1995-08-17 03:35:00,100.587,84.353966
1995-08-17 03:36:00,105.409,117.087654
1995-08-17 03:37:00,17.866,52.556976
1995-08-17 03:38:00,414.898,193.88914
1995-08-17 03:39:00,249.642,224.10036
1995-08-17 03:40:00,42.723,144.90405
1995-08-17 03:41:00,377.269,135.70323
1995-08-17 03:42:00,87.534,219.46524
1995-08-17 03:43:00,102.45,218.45164
1995-08-17 03:44:00,49.672,122.460266
1995-08-17 03:45:00,904.209,187.46684
1995-08-17 03:46:00,590.4739999999999,192.95383
1995-08-17 03:47:00,298.093,283.56952
1995-08-17 03:48:00,1341.114,168.21132
1995-08-17 03:49:00,1247.134,193.8333
1995-08-17 03:50:00,167.184,239.96727
1995-08-17 03:51:00,377.513,400.4999
1995-08-17 03:52:00,210.655,309.5899
1995-08-17 03:53:00,257.886,371.3789
1995-08-17 03:54:00,79.37700000000001,187.42102
1995-08-17 03:55:00,291.585,456.02005
1995-08-17 03:56:00,298.197,395.70612
1995-08-17 03:57:00,392.894,290.01663
1995-08-17 03:58:00,259.13700000000006,222.72829
1995-08-17 03:59:00,407.32,332.7986
1995-08-17 04:00:00,119.072,305.47662
1995-08-17 04:01:00,110.017,353.55142
1995-08-17 04:02:00,404.64300000000003,305.71143
1995-08-17 04:03:00,245.093,347.29596
1995-08-17 04:04:00,148.012,389.88425
1995-08-17 04:05:00,419.604,318.57916
1995-08-17 04:06:00,189.27100000000002,383.98877
1995-08-17 04:07:00,285.938,264.68393
1995-08-17 04:08:00,229.302,374.02902
1995-08-17 04:09:00,433.36899999999997,390.03357
1995-08-17 04:10:00,346.90999999999997,474.68884
1995-08-17 04:11:00,1258.0710000000001,324.39053
1995-08-17 04:12:00,1562.1170000000002,260.2671
1995-08-17 04:13:00,397.192,388.42288
1995-08-17 04:14:00,337.765,453.31537
1995-08-17 04:15:00,667.3249999999999,437.05585
1995-08-17 04:16:00,422.74600000000004,476.76654
1995-08-17 04:17:00,646.967,495.37427
1995-08-17 04:18:00,323.27,318.0712
1995-08-17 04:19:00,317.15500000000003,494.09473
1995-08-17 04:20:00,696.488,353.7422
1995-08-17 04:21:00,162.489,322.5864
1995-08-17 04:22:00,225.644,367.7824
1995-08-17 04:23:00,284.512,277.2613
1995-08-17 04:24:00,87.113,221.05911
1995-08-17 04:25:00,594.0790000000001,268.68427
1995-08-17 04:26:00,106.688,179.00319
1995-08-17 04:27:00,50.516999999999996,56.211876
1995-08-17 04:28:00,764.333,75.56763
1995-08-17 04:29:00,628.655,67.20731
1995-08-17 04:30:00,779.4859999999999,413.6876
1995-08-17 04:31:00,267.038,244.21649
1995-08-17 04:32:00,1234.596,323.16522
1995-08-17 04:33:00,59.603,187.2538
1995-08-17 04:34:00,52.345,255.17719
1995-08-17 04:35:00,237.492,225.65791
1995-08-17 04:36:00,295.004,389.87735
1995-08-17 04:37:00,156.566,387.61432
1995-08-17 04:38:00,166.062,124.48159
1995-08-17 04:39:00,58.471000000000004,197.09068
1995-08-17 04:40:00,139.921,247.75443
1995-08-17 04:41:00,37.598,107.08739
1995-08-17 04:42:00,91.758,230.03886
1995-08-17 04:43:00,89.214,283.30627
1995-08-17 04:44:00,284.573,150.35233
1995-08-17 04:45:00,89.43100000000001,300.30377
1995-08-17 04:46:00,309.01800000000003,332.3661
1995-08-17 04:47:00,295.503,197.13962
1995-08-17 04:48:00,86.908,287.5676
1995-08-17 04:49:00,270.574,278.80936
1995-08-17 04:50:00,533.866,242.1718
1995-08-17 04:51:00,1232.414,264.8422
1995-08-17 04:52:00,643.458,256.50967
1995-08-17 04:53:00,576.562,252.52075
1995-08-17 04:54:00,90.112,26.71582
1995-08-17 04:55:00,132.217,161.01183
1995-08-17 04:56:00,116.517,122.60488
1995-08-17 04:57:00,2.553,92.4393
1995-08-17 04:58:00,237.847,92.1441
1995-08-17 04:59:00,92.55499999999999,49.08826
1995-08-17 05:00:00,143.857,157.91727
1995-08-17 05:01:00,161.763,94.17311
1995-08-17 05:02:00,221.96099999999998,204.84023
1995-08-17 05:03:00,0.0,3.5594049
1995-08-17 05:08:00,117.83099999999999,249.95288
1995-08-17 05:10:00,194.269,112.07515
1995-08-17 05:11:00,51.722,103.27427
1995-08-17 05:12:00,148.239,361.68863
1995-08-17 05:13:00,291.16700000000003,253.9064
1995-08-17 05:14:00,186.684,213.64308
1995-08-17 05:15:00,54.422000000000004,127.02667
1995-08-17 05:16:00,1317.4810000000002,206.36465
1995-08-17 05:17:00,468.219,291.60358
1995-08-17 05:18:00,319.872,253.42151
1995-08-17 05:20:00,100.32900000000001,141.72408
1995-08-17 05:21:00,52.181,71.08613
1995-08-17 05:22:00,127.699,82.407166
1995-08-17 05:23:00,556.763,195.78441
1995-08-17 05:24:00,167.728,189.60216
1995-08-17 05:25:00,108.65599999999999,208.67189
1995-08-17 05:26:00,397.39300000000003,322.14664
1995-08-17 05:27:00,644.605,450.91943
1995-08-17 05:28:00,150.539,271.30133
1995-08-17 05:29:00,136.407,148.69426
1995-08-17 05:30:00,299.505,176.55438
1995-08-17 05:31:00,373.436,310.72464
1995-08-17 05:32:00,89.684,148.33017
1995-08-17 05:33:00,451.681,240.2027
1995-08-17 05:34:00,0.096,12.584253
1995-08-17 05:35:00,121.463,187.96439
1995-08-17 05:36:00,133.628,269.26575
1995-08-17 05:37:00,215.82,188.27397
1995-08-17 05:38:00,158.105,210.8538
1995-08-17 05:39:00,46.667,157.57512
1995-08-17 05:40:00,480.604,110.84617
1995-08-17 05:41:00,210.392,248.78041
1995-08-17 05:42:00,158.568,213.36058
1995-08-17 05:43:00,75.666,199.77063
1995-08-17 05:44:00,289.95300000000003,212.06973
1995-08-17 05:45:00,365.346,219.58395
1995-08-17 05:46:00,275.12899999999996,315.47858
1995-08-17 05:47:00,683.891,178.53096
1995-08-17 05:48:00,0.11,112.41318
1995-08-17 05:49:00,25.941000000000003,98.74893
1995-08-17 05:50:00,147.45999999999998,122.09012
1995-08-17 05:51:00,31.415,57.05168
1995-08-17 05:52:00,105.245,215.60793
1995-08-17 05:53:00,128.804,229.27765
1995-08-17 05:54:00,84.307,119.40639
1995-08-17 05:55:00,167.775,217.31348
1995-08-17 05:56:00,93.78899999999999,149.57812
1995-08-17 05:57:00,159.14499999999998,157.55138
1995-08-17 05:58:00,7.917999999999999,89.35294
1995-08-17 05:59:00,108.50399999999999,186.30977
1995-08-17 06:00:00,313.76,196.53482
1995-08-17 06:01:00,1155.953,273.90353
1995-08-17 06:02:00,247.996,121.64836
1995-08-17 06:03:00,158.722,256.9595
1995-08-17 06:04:00,386.726,237.9907
1995-08-17 06:05:00,318.058,205.2754
1995-08-17 06:06:00,3.381,8.0868025
1995-08-17 06:07:00,163.414,136.40681
1995-08-17 06:08:00,185.726,126.86543
1995-08-17 06:09:00,57.759,197.05743
1995-08-17 06:10:00,109.423,171.78459
1995-08-17 06:11:00,124.195,230.06894
1995-08-17 06:12:00,86.677,94.97913
1995-08-17 06:13:00,40.535,136.06483
1995-08-17 06:14:00,105.137,195.57312
1995-08-17 06:15:00,15.642000000000001,68.92293
1995-08-17 06:16:00,106.015,63.52823
1995-08-17 06:17:00,113.12,203.92152
1995-08-17 06:18:00,56.108000000000004,134.39629
1995-08-17 06:19:00,1204.633,74.950836
1995-08-17 06:20:00,33.626,67.465324
1995-08-17 06:21:00,108.24300000000001,153.35007
1995-08-17 06:22:00,275.478,91.63137
1995-08-17 06:23:00,78.94,181.27548
1995-08-17 06:24:00,191.224,98.93032
1995-08-17 06:25:00,35.89,142.33461
1995-08-17 06:26:00,50.579,199.7846
1995-08-17 06:27:00,205.53500000000003,99.1423
1995-08-17 06:28:00,117.59700000000001,190.84497
1995-08-17 06:29:00,87.157,217.0175
1995-08-17 06:30:00,32.849000000000004,57.69843
1995-08-17 06:31:00,113.41,73.227356
1995-08-17 06:32:00,163.644,174.1895
1995-08-17 06:33:00,188.723,233.1025
1995-08-17 06:34:00,105.756,210.3474
1995-08-17 06:35:00,254.986,188.00755
1995-08-17 06:36:00,135.968,133.53418
1995-08-17 06:37:00,711.489,246.48328
1995-08-17 06:38:00,80.749,154.55827
1995-08-17 06:39:00,200.017,241.3824
1995-08-17 06:40:00,184.257,248.88728
1995-08-17 06:41:00,86.28399999999999,142.56163
1995-08-17 06:42:00,15.788,131.68971
1995-08-17 06:43:00,185.27,154.82027
1995-08-17 06:44:00,29.42,2.1313012
1995-08-17 06:45:00,34.575,140.74673
1995-08-17 06:46:00,167.08,158.4397
1995-08-17 06:47:00,52.448,59.22134
1995-08-17 06:48:00,181.155,138.01917
1995-08-17 06:49:00,43.116,131.18425
1995-08-17 06:50:00,109.293,95.411865
1995-08-17 06:51:00,143.416,190.55905
1995-08-17 06:52:00,274.837,223.16762
1995-08-17 06:53:00,794.071,347.69827
1995-08-17 06:54:00,173.331,343.4367
1995-08-17 06:55:00,279.46099999999996,308.57382
1995-08-17 06:56:00,518.499,461.34088
1995-08-17 06:57:00,354.32500000000005,402.02866
1995-08-17 06:58:00,304.164,424.49884
1995-08-17 06:59:00,326.179,282.362
1995-08-17 07:00:00,244.09,373.1097
1995-08-17 07:01:00,145.982,372.00943
1995-08-17 07:02:00,269.06399999999996,154.23735
1995-08-17 07:03:00,243.06,365.19266
1995-08-17 07:04:00,491.28,511.59973
1995-08-17 07:05:00,678.2629999999999,449.014
1995-08-17 07:06:00,253.053,444.56613
1995-08-17 07:07:00,365.00199999999995,402.755
1995-08-17 07:08:00,288.21,460.77618
1995-08-17 07:09:00,745.287,430.32202
1995-08-17 07:10:00,286.868,598.8324
1995-08-17 07:11:00,767.408,419.29266
1995-08-17 07:12:00,919.428,572.53314
1995-08-17 07:13:00,330.698,510.9585
1995-08-17 07:14:00,1309.583,513.19855
1995-08-17 07:15:00,205.768,270.34064
1995-08-17 07:16:00,1579.166,404.96118
1995-08-17 07:17:00,657.65,450.51062
1995-08-17 07:18:00,945.9749999999999,553.8977
1995-08-17 07:19:00,693.4300000000001,525.20374
1995-08-17 07:20:00,959.838,591.3542
1995-08-17 07:21:00,1496.8000000000002,534.0992
1995-08-17 07:22:00,581.899,456.1663
1995-08-17 07:23:00,232.762,492.02182
1995-08-17 07:24:00,1171.7259999999999,625.27216
1995-08-17 07:25:00,632.111,875.507
1995-08-17 07:26:00,462.194,598.18463
1995-08-17 07:27:00,1358.693,624.64954
1995-08-17 07:28:00,453.935,494.6224
1995-08-17 07:29:00,1991.036,566.617
1995-08-17 07:30:00,320.001,477.41922
1995-08-17 07:31:00,231.438,450.7122
1995-08-17 07:32:00,470.782,629.4703
1995-08-17 07:33:00,765.162,453.42563
1995-08-17 07:34:00,586.223,254.93056
1995-08-17 07:35:00,282.014,411.31265
1995-08-17 07:36:00,1994.284,453.83362
1995-08-17 07:37:00,666.609,405.15286
1995-08-17 07:38:00,889.5329999999999,468.25995
1995-08-17 07:39:00,456.854,533.0421
1995-08-17 07:40:00,874.497,446.8327
1995-08-17 07:41:00,622.307,537.26886
1995-08-17 07:42:00,535.311,714.1117
1995-08-17 07:43:00,235.21099999999998,389.59656
1995-08-17 07:44:00,457.49,536.0462
1995-08-17 07:45:00,1920.6019999999999,577.4125
1995-08-17 07:46:00,773.543,600.147
1995-08-17 07:47:00,598.746,684.4915
1995-08-17 07:48:00,268.486,714.6329
1995-08-17 07:49:00,751.508,485.21445
1995-08-17 07:50:00,2911.177,657.5072
1995-08-17 07:51:00,758.775,642.74786
1995-08-17 07:52:00,552.469,660.79987
1995-08-17 07:53:00,1501.8,814.99493
1995-08-17 07:54:00,518.386,669.6714
1995-08-17 07:55:00,438.195,681.267
1995-08-17 07:56:00,442.767,628.8047
1995-08-17 07:57:00,880.159,517.63464
1995-08-17 07:58:00,456.606,527.365
1995-08-17 07:59:00,714.726,752.1786
1995-08-17 08:00:00,955.68,623.6095
1995-08-17 08:01:00,637.726,545.9287
1995-08-17 08:02:00,629.885,775.29376
1995-08-17 08:03:00,1140.058,899.60583
1995-08-17 08:04:00,749.087,579.56775
1995-08-17 08:05:00,1322.8410000000001,715.0596
1995-08-17 08:06:00,920.507,603.0883
1995-08-17 08:07:00,800.269,721.5689
1995-08-17 08:08:00,755.565,661.5226
1995-08-17 08:09:00,680.323,721.02716
1995-08-17 08:10:00,478.048,639.9034
1995-08-17 08:11:00,943.945,832.70264
1995-08-17 08:12:00,620.953,505.25732
1995-08-17 08:13:00,769.652,724.24133
1995-08-17 08:14:00,540.141,763.26575
1995-08-17 08:15:00,605.4680000000001,687.56866
1995-08-17 08:16:00,714.251,720.0779
1995-08-17 08:17:00,466.389,765.8667
1995-08-17 08:18:00,1682.133,675.0715
1995-08-17 08:19:00,585.211,733.11676
1995-08-17 08:20:00,786.971,909.1532
1995-08-17 08:21:00,317.29200000000003,875.3202
1995-08-17 08:22:00,680.394,524.4625
1995-08-17 08:23:00,1267.411,676.192
1995-08-17 08:24:00,321.893,824.95544
1995-08-17 08:25:00,533.793,491.4483
1995-08-17 08:26:00,753.567,841.0821
1995-08-17 08:27:00,472.394,541.2728
1995-08-17 08:28:00,358.987,630.93634
1995-08-17 08:29:00,928.672,444.43655
1995-08-17 08:30:00,342.943,595.8062
1995-08-17 08:31:00,723.128,530.1287
1995-08-17 08:32:00,638.408,702.8608
1995-08-17 08:33:00,327.596,566.4868
1995-08-17 08:34:00,123.021,548.3914
1995-08-17 08:35:00,361.81399999999996,607.2943
1995-08-17 08:36:00,894.976,574.9525
1995-08-17 08:37:00,254.035,512.9865
1995-08-17 08:38:00,230.439,514.2933
1995-08-17 08:39:00,389.456,565.4009
1995-08-17 08:40:00,634.252,502.62637
1995-08-17 08:41:00,1823.261,648.0818
1995-08-17 08:42:00,385.861,634.4154
1995-08-17 08:43:00,186.53699999999998,461.98355
1995-08-17 08:44:00,816.769,610.55426
1995-08-17 08:45:00,529.636,594.68945
1995-08-17 08:46:00,408.981,773.15125
1995-08-17 08:47:00,704.4689999999999,591.015
1995-08-17 08:48:00,271.907,561.28015
1995-08-17 08:49:00,1309.3360000000002,628.07806
1995-08-17 08:50:00,229.118,526.76544
1995-08-17 08:51:00,1027.799,685.4525
1995-08-17 08:52:00,494.18399999999997,689.288
1995-08-17 08:53:00,245.684,455.26816
1995-08-17 08:54:00,443.534,683.43134
1995-08-17 08:55:00,311.893,638.1501
1995-08-17 08:56:00,2199.56,626.5073
1995-08-17 08:57:00,582.495,703.2079
1995-08-17 08:58:00,321.15,575.3058
1995-08-17 08:59:00,1190.031,732.6807
1995-08-17 09:00:00,315.573,638.20795
1995-08-17 09:01:00,629.883,537.33923
1995-08-17 09:02:00,825.073,649.19885
1995-08-17 09:03:00,694.3679999999999,676.79285
1995-08-17 09:04:00,447.59,689.46875
1995-08-17 09:05:00,298.085,754.7645
1995-08-17 09:06:00,1353.378,658.4967
1995-08-17 09:07:00,755.795,750.1268
1995-08-17 09:08:00,707.662,847.8008
1995-08-17 09:09:00,1581.4009999999998,696.1236
1995-08-17 09:10:00,830.76,786.46204
1995-08-17 09:11:00,581.633,691.70886
1995-08-17 09:12:00,430.003,784.4681
1995-08-17 09:13:00,564.741,620.0421
1995-08-17 09:14:00,839.292,665.39087
1995-08-17 09:15:00,257.73,604.3175
1995-08-17 09:16:00,311.136,484.6602
1995-08-17 09:17:00,469.256,739.118
1995-08-17 09:18:00,1190.44,575.0698
1995-08-17 09:19:00,640.093,470.8396
1995-08-17 09:20:00,1488.991,683.8093
1995-08-17 09:21:00,1174.464,805.8815
1995-08-17 09:22:00,603.195,927.6697
1995-08-17 09:23:00,834.534,493.14047
1995-08-17 09:24:00,1003.965,845.2604
1995-08-17 09:25:00,1088.424,868.91284
1995-08-17 09:26:00,2093.035,820.5753
1995-08-17 09:27:00,1152.892,1016.0001
1995-08-17 09:28:00,1062.998,1207.6808
1995-08-17 09:29:00,927.102,1014.89166
1995-08-17 09:30:00,708.475,702.87823
1995-08-17 09:31:00,1101.699,837.0427
1995-08-17 09:32:00,1112.258,982.7119
1995-08-17 09:33:00,961.576,812.74634
1995-08-17 09:34:00,369.442,958.9836
1995-08-17 09:35:00,1255.742,494.62476
1995-08-17 09:36:00,774.423,780.03406
1995-08-17 09:37:00,628.111,767.00586
1995-08-17 09:38:00,563.04,783.21173
1995-08-17 09:39:00,832.345,891.30414
1995-08-17 09:40:00,397.366,787.4062
1995-08-17 09:41:00,855.752,724.7495
1995-08-17 09:42:00,1228.7469999999998,614.50635
1995-08-17 09:43:00,1886.995,601.2418
1995-08-17 09:44:00,1120.644,624.2409
1995-08-17 09:45:00,801.406,977.1057
1995-08-17 09:46:00,315.808,730.193
1995-08-17 09:47:00,315.814,434.76895
1995-08-17 09:48:00,439.753,735.9682
1995-08-17 09:49:00,1567.856,688.19867
1995-08-17 09:50:00,341.953,813.1341
1995-08-17 09:51:00,196.143,660.7532
1995-08-17 09:52:00,426.773,623.30756
1995-08-17 09:53:00,557.184,767.4561
1995-08-17 09:54:00,887.0690000000001,786.9056
1995-08-17 09:55:00,2832.035,715.5183
1995-08-17 09:56:00,534.993,640.7762
1995-08-17 09:57:00,1068.0,1023.7522
1995-08-17 09:58:00,491.852,846.2039
1995-08-17 09:59:00,649.551,754.8475
1995-08-17 10:00:00,1322.092,876.6203
1995-08-17 10:01:00,998.294,672.59753
1995-08-17 10:02:00,514.0269999999999,866.6911
1995-08-17 10:03:00,392.46500000000003,862.27527
1995-08-17 10:04:00,1725.0209999999997,617.75836
1995-08-17 10:05:00,408.274,685.755
1995-08-17 10:06:00,431.72499999999997,705.3737
1995-08-17 10:07:00,422.811,797.0858
1995-08-17 10:08:00,1213.479,672.09283
1995-08-17 10:09:00,1861.123,1088.1763
1995-08-17 10:10:00,1222.752,934.2364
1995-08-17 10:11:00,832.51,935.92096
1995-08-17 10:12:00,4546.123,788.9325
1995-08-17 10:13:00,267.175,959.51337
1995-08-17 10:14:00,670.907,701.4361
1995-08-17 10:15:00,124.693,713.3418
1995-08-17 10:16:00,504.799,792.5837
1995-08-17 10:17:00,255.40300000000002,732.32745
1995-08-17 10:18:00,1192.4299999999998,576.9644
1995-08-17 10:19:00,170.948,424.89
1995-08-17 10:20:00,473.979,568.36926
1995-08-17 10:21:00,640.033,800.6409
1995-08-17 10:22:00,315.103,738.8915
1995-08-17 10:23:00,485.248,807.0986
1995-08-17 10:24:00,736.575,780.0289
1995-08-17 10:25:00,689.3009999999999,738.95105
1995-08-17 10:26:00,1818.0620000000001,751.2013
1995-08-17 10:27:00,604.904,1065.6581
1995-08-17 10:28:00,946.51,1124.8518
1995-08-17 10:29:00,905.9159999999999,886.38763
1995-08-17 10:30:00,991.6649999999998,787.60925
1995-08-17 10:31:00,553.275,1041.8184
1995-08-17 10:32:00,528.3969999999999,1041.0121
1995-08-17 10:33:00,674.929,741.4325
1995-08-17 10:34:00,2361.346,930.0551
1995-08-17 10:35:00,343.769,850.633
1995-08-17 10:36:00,887.985,688.3071
1995-08-17 10:37:00,1301.01,870.6244
1995-08-17 10:38:00,1020.311,1094.9463
1995-08-17 10:39:00,2538.414,1345.4932
1995-08-17 10:40:00,1396.793,1444.479
1995-08-17 10:41:00,1466.224,1050.7919
1995-08-17 10:42:00,977.7,1406.5276
1995-08-17 10:43:00,3615.2509999999997,1075.7677
1995-08-17 10:44:00,1834.807,1737.5742
1995-08-17 10:45:00,1412.46,1292.3905
1995-08-17 10:46:00,1994.046,1305.9429
1995-08-17 10:47:00,1771.53,1445.478
1995-08-17 10:48:00,1813.819,1348.5876
1995-08-17 10:49:00,1258.932,991.0326
1995-08-17 10:50:00,839.869,1101.434
1995-08-17 10:51:00,2774.456,1062.8506
1995-08-17 10:52:00,1234.547,1257.9243
1995-08-17 10:53:00,827.187,1497.2267
1995-08-17 10:54:00,809.893,1169.2926
1995-08-17 10:55:00,700.181,957.98346
1995-08-17 10:56:00,799.553,854.7538
1995-08-17 10:57:00,555.024,1334.4974
1995-08-17 10:58:00,613.943,1055.6433
1995-08-17 10:59:00,1864.485,661.61865
1995-08-17 11:00:00,778.892,966.1028
1995-08-17 11:01:00,560.121,1055.605
1995-08-17 11:02:00,1347.86,878.58936
1995-08-17 11:03:00,900.614,1390.317
1995-08-17 11:04:00,1245.332,1060.5526
1995-08-17 11:05:00,1107.3139999999999,1184.6289
1995-08-17 11:06:00,863.8389999999999,996.38855
1995-08-17 11:07:00,2393.29,940.7804
1995-08-17 11:08:00,835.468,1046.1174
1995-08-17 11:09:00,697.9159999999999,1119.6244
1995-08-17 11:10:00,1226.432,1279.558
1995-08-17 11:11:00,929.79,1210.0865
1995-08-17 11:12:00,1651.151,850.43
1995-08-17 11:13:00,1659.1100000000001,1325.3638
1995-08-17 11:14:00,1717.403,1430.4159
1995-08-17 11:15:00,1192.4470000000001,1287.5299
1995-08-17 11:16:00,869.0350000000001,770.93585
1995-08-17 11:17:00,724.649,975.3471
1995-08-17 11:18:00,832.8050000000001,957.8051
1995-08-17 11:19:00,1350.432,1101.9492
1995-08-17 11:20:00,523.917,1052.5547
1995-08-17 11:21:00,471.728,915.46924
1995-08-17 11:22:00,836.507,788.5563
1995-08-17 11:23:00,1192.693,1031.9022
1995-08-17 11:24:00,580.3969999999999,990.90204
1995-08-17 11:25:00,1708.5059999999999,740.87195
1995-08-17 11:26:00,2356.265,933.63055
1995-08-17 11:27:00,435.201,1154.045
1995-08-17 11:28:00,1281.74,914.5267
1995-08-17 11:29:00,900.031,749.2401
1995-08-17 11:30:00,662.683,832.8875
1995-08-17 11:31:00,983.495,690.25934
1995-08-17 11:32:00,783.985,752.0016
1995-08-17 11:33:00,603.687,868.93524
1995-08-17 11:34:00,2610.5969999999998,595.48047
1995-08-17 11:35:00,966.18,923.8242
1995-08-17 11:36:00,747.7869999999999,629.43024
1995-08-17 11:37:00,929.933,991.5062
1995-08-17 11:38:00,1678.087,974.3876
1995-08-17 11:39:00,579.558,1141.0011
1995-08-17 11:40:00,2817.484,959.44604
1995-08-17 11:41:00,1958.473,953.01294
1995-08-17 11:42:00,1232.779,1098.503
1995-08-17 11:43:00,622.465,1060.2682
1995-08-17 11:44:00,1126.201,1053.1251
1995-08-17 11:45:00,1342.2279999999998,1190.338
1995-08-17 11:46:00,370.81,653.2325
1995-08-17 11:47:00,344.665,859.011
1995-08-17 11:48:00,1364.88,900.3903
1995-08-17 11:49:00,345.52,647.005
1995-08-17 11:50:00,565.505,543.4754
1995-08-17 11:51:00,897.4430000000001,802.7917
1995-08-17 11:52:00,1449.653,996.60925
1995-08-17 11:53:00,896.711,1041.6796
1995-08-17 11:54:00,592.597,889.1771
1995-08-17 11:55:00,1550.172,878.6657
1995-08-17 11:56:00,971.816,989.5602
1995-08-17 11:57:00,560.695,1150.581
1995-08-17 11:58:00,283.758,741.224
1995-08-17 11:59:00,892.219,969.718
1995-08-17 12:00:00,583.859,995.60175
1995-08-17 12:01:00,743.234,878.8713
1995-08-17 12:02:00,1100.923,714.9889
1995-08-17 12:03:00,693.895,730.7005
1995-08-17 12:04:00,910.9449999999999,837.3361
1995-08-17 12:05:00,605.996,890.7822
1995-08-17 12:06:00,945.626,848.08655
1995-08-17 12:07:00,1663.8139999999999,933.3654
1995-08-17 12:08:00,376.96299999999997,701.14545
1995-08-17 12:09:00,573.789,770.196
1995-08-17 12:10:00,610.097,833.9224
1995-08-17 12:11:00,454.054,918.53735
1995-08-17 12:12:00,775.2379999999999,838.6967
1995-08-17 12:13:00,1388.207,865.1587
1995-08-17 12:14:00,945.505,952.3776
1995-08-17 12:15:00,1496.944,1097.719
1995-08-17 12:16:00,1056.576,893.71606
1995-08-17 12:17:00,911.753,823.1241
1995-08-17 12:18:00,913.006,860.4528
1995-08-17 12:19:00,352.066,841.64124
1995-08-17 12:20:00,152.563,564.98914
1995-08-17 12:21:00,641.709,766.13696
1995-08-17 12:22:00,1562.391,860.09796
1995-08-17 12:23:00,2075.209,964.6084
1995-08-17 12:24:00,766.6,1018.73016
1995-08-17 12:25:00,2726.17,875.29517
1995-08-17 12:26:00,1610.984,1239.6996
1995-08-17 12:27:00,1700.0359999999998,1008.08435
1995-08-17 12:28:00,918.063,908.73663
1995-08-17 12:29:00,3527.0009999999997,1176.3002
1995-08-17 12:30:00,1687.0480000000002,1322.803
1995-08-17 12:31:00,617.027,1383.8538
1995-08-17 12:32:00,542.215,1365.5435
1995-08-17 12:33:00,983.315,1024.066
1995-08-17 12:34:00,421.455,1016.04865
1995-08-17 12:35:00,1235.238,1277.5842
1995-08-17 12:36:00,1154.374,1149.4855
1995-08-17 12:37:00,1045.86,903.179
1995-08-17 12:38:00,2454.544,1082.5732
1995-08-17 12:39:00,2312.441,1533.2579
1995-08-17 12:40:00,2453.07,1376.1754
1995-08-17 12:41:00,323.056,720.06104
1995-08-17 12:42:00,2054.45,1280.7682
1995-08-17 12:43:00,919.942,1411.0625
1995-08-17 12:44:00,2242.069,1382.5099
1995-08-17 12:45:00,1135.253,1415.4182
1995-08-17 12:46:00,2981.862,1394.8417
1995-08-17 12:47:00,929.3389999999999,1876.3191
1995-08-17 12:48:00,1334.249,1384.9114
1995-08-17 12:49:00,1945.575,1451.2793
1995-08-17 12:50:00,1739.5559999999998,996.6221
1995-08-17 12:51:00,2515.866,1334.0187
1995-08-17 12:52:00,1312.585,1905.6262
1995-08-17 12:53:00,2132.259,1810.1056
1995-08-17 12:54:00,1646.373,769.18427
1995-08-17 12:55:00,1131.075,935.7847
1995-08-17 12:56:00,1573.703,1397.662
1995-08-17 12:57:00,2088.6209999999996,854.7828
1995-08-17 12:58:00,541.005,1299.7196
1995-08-17 12:59:00,1425.443,1270.0017
1995-08-17 13:00:00,830.859,1167.0687
1995-08-17 13:01:00,639.1279999999999,729.48315
1995-08-17 13:02:00,543.744,995.119
1995-08-17 13:03:00,663.99,709.943
1995-08-17 13:04:00,690.18,747.6416
1995-08-17 13:05:00,529.039,615.1104
1995-08-17 13:06:00,818.588,923.2467
1995-08-17 13:07:00,554.197,662.9036
1995-08-17 13:08:00,1499.406,868.95435
1995-08-17 13:09:00,1535.49,1211.9828
1995-08-17 13:10:00,540.694,700.35376
1995-08-17 13:11:00,644.3,810.46564
1995-08-17 13:12:00,773.369,1028.9401
1995-08-17 13:13:00,546.379,870.5479
1995-08-17 13:14:00,514.487,949.60315
1995-08-17 13:15:00,1533.247,1039.4962
1995-08-17 13:16:00,1336.982,1091.2083
1995-08-17 13:17:00,945.351,1124.204
1995-08-17 13:18:00,1286.173,1124.0232
1995-08-17 13:19:00,2016.092,1237.2091
1995-08-17 13:20:00,1453.314,1028.5654
1995-08-17 13:21:00,756.101,1078.3586
1995-08-17 13:22:00,1060.988,993.4319
1995-08-17 13:23:00,2176.59,1136.9102
1995-08-17 13:24:00,1260.352,1091.4427
1995-08-17 13:25:00,720.984,1311.8279
1995-08-17 13:26:00,1784.847,1098.8969
1995-08-17 13:27:00,899.698,1078.2361
1995-08-17 13:28:00,2224.473,1115.9418
1995-08-17 13:29:00,1173.865,1319.7299
1995-08-17 13:30:00,2199.42,1048.6785
1995-08-17 13:31:00,914.338,1136.7133
1995-08-17 13:32:00,727.953,1154.5023
1995-08-17 13:33:00,894.591,1153.5573
1995-08-17 13:34:00,1866.695,1180.456
1995-08-17 13:35:00,4230.458,1388.0824
1995-08-17 13:36:00,1596.205,1332.2979
1995-08-17 13:37:00,1055.309,1419.9967
1995-08-17 13:38:00,2204.48,1457.875
1995-08-17 13:39:00,1185.571,1300.1631
1995-08-17 13:40:00,1704.906,1368.0004
1995-08-17 13:41:00,1587.33,1432.2921
1995-08-17 13:42:00,922.718,1085.8623
1995-08-17 13:43:00,1242.4470000000001,1065.3468
1995-08-17 13:44:00,2102.372,1311.5043
1995-08-17 13:45:00,1001.164,1147.8392
1995-08-17 13:46:00,914.5150000000001,971.75446
1995-08-17 13:47:00,821.827,1254.306
1995-08-17 13:48:00,1005.522,1440.0118
1995-08-17 13:49:00,1408.137,1252.7268
1995-08-17 13:50:00,1109.652,1416.8278
1995-08-17 13:51:00,1134.654,1382.8695
1995-08-17 13:52:00,607.11,1102.8094
1995-08-17 13:53:00,1365.167,1189.9421
1995-08-17 13:54:00,868.251,1461.31
1995-08-17 13:55:00,2250.326,926.9557
1995-08-17 13:56:00,729.4350000000001,1040.9609
1995-08-17 13:57:00,583.387,1235.2699
1995-08-17 13:58:00,1959.3460000000002,1284.1918
1995-08-17 13:59:00,1676.168,1522.6268
1995-08-17 14:00:00,802.65,1339.3167
1995-08-17 14:01:00,914.047,1260.871
1995-08-17 14:02:00,564.986,1150.2115
1995-08-17 14:03:00,1793.574,1067.7821
1995-08-17 14:04:00,724.246,1069.3622
1995-08-17 14:05:00,1058.68,1282.5236
1995-08-17 14:06:00,1792.939,1299.0641
1995-08-17 14:07:00,762.031,1042.2783
1995-08-17 14:08:00,834.949,985.59155
1995-08-17 14:09:00,842.417,1201.9482
1995-08-17 14:10:00,1197.049,1125.4226
1995-08-17 14:11:00,776.122,1358.9481
1995-08-17 14:12:00,2492.214,1441.3517
1995-08-17 14:13:00,651.692,1014.2064
1995-08-17 14:14:00,871.7629999999999,913.27155
1995-08-17 14:15:00,702.28,1213.8368
1995-08-17 14:16:00,1216.165,979.1974
1995-08-17 14:17:00,746.3149999999999,1051.559
1995-08-17 14:18:00,1013.678,938.3267
1995-08-17 14:19:00,1185.783,1006.8869
1995-08-17 14:20:00,748.958,1114.0569
1995-08-17 14:21:00,914.609,1053.7153
1995-08-17 14:22:00,2069.6440000000002,1013.58215
1995-08-17 14:23:00,2033.0079999999998,946.9813
1995-08-17 14:24:00,1443.059,1098.1251
1995-08-17 14:25:00,1681.8379999999997,871.7785
1995-08-17 14:26:00,415.461,1176.7753
1995-08-17 14:27:00,485.073,1003.4086
1995-08-17 14:28:00,235.804,758.16547
1995-08-17 14:29:00,1230.616,775.84143
1995-08-17 14:30:00,533.826,950.091
1995-08-17 14:31:00,523.953,709.6891
1995-08-17 14:32:00,1254.144,884.6921
1995-08-17 14:33:00,406.096,849.7068
1995-08-17 14:34:00,389.458,733.3934
1995-08-17 14:35:00,594.882,916.5803
1995-08-17 14:36:00,753.172,696.0784
1995-08-17 14:37:00,332.813,707.84796
1995-08-17 14:38:00,262.925,779.7008
1995-08-17 14:39:00,2037.3840000000002,526.80524
1995-08-17 14:40:00,423.608,596.73724
1995-08-17 14:41:00,563.448,656.4985
1995-08-17 14:42:00,841.7719999999999,695.84973
1995-08-17 14:43:00,1219.043,729.2985
1995-08-17 14:44:00,615.692,831.83606
1995-08-17 14:45:00,401.64099999999996,685.1043
1995-08-17 14:46:00,748.524,930.04315
1995-08-17 14:47:00,717.639,902.59454
1995-08-17 14:48:00,647.293,847.6745
1995-08-17 14:49:00,371.04,970.4631
1995-08-17 14:50:00,948.6669999999999,962.5593
1995-08-17 14:51:00,1470.0069999999998,1130.3037
1995-08-17 14:52:00,1017.393,1074.6351
1995-08-17 14:53:00,1234.636,983.75525
1995-08-17 14:54:00,1381.8549999999998,1185.3585
1995-08-17 14:55:00,1956.913,1193.7513
1995-08-17 14:56:00,1935.113,1456.7145
1995-08-17 14:57:00,1425.894,1427.0243
1995-08-17 14:58:00,1228.988,1366.3864
1995-08-17 14:59:00,3053.1510000000003,1302.963
1995-08-17 15:00:00,1331.281,1410.2345
1995-08-17 15:01:00,1596.01,1295.3073
1995-08-17 15:02:00,499.425,1202.9738
1995-08-17 15:03:00,569.148,882.7603
1995-08-17 15:04:00,1175.0189999999998,1142.0444
1995-08-17 15:05:00,1061.282,1073.0935
1995-08-17 15:06:00,968.692,1201.5583
1995-08-17 15:07:00,768.445,1175.9281
1995-08-17 15:08:00,1598.741,1348.829
1995-08-17 15:09:00,2015.797,1278.1965
1995-08-17 15:10:00,1382.883,1452.8251
1995-08-17 15:11:00,1770.035,1458.3398
1995-08-17 15:12:00,2149.256,1266.5966
1995-08-17 15:13:00,1072.036,1149.902
1995-08-17 15:14:00,782.344,1434.461
1995-08-17 15:15:00,1046.6390000000001,1160.32
1995-08-17 15:16:00,1258.072,1252.3921
1995-08-17 15:17:00,791.995,1351.2803
1995-08-17 15:18:00,1724.7250000000001,1399.884
1995-08-17 15:19:00,421.319,1094.6448
1995-08-17 15:20:00,2039.336,1302.5248
1995-08-17 15:21:00,903.558,1149.1443
1995-08-17 15:22:00,934.396,1199.652
1995-08-17 15:23:00,1337.276,1225.7363
1995-08-17 15:24:00,1798.4650000000001,1083.0979
1995-08-17 15:25:00,672.453,1136.6617
1995-08-17 15:26:00,1322.899,1331.5219
1995-08-17 15:27:00,701.7420000000001,861.5346
1995-08-17 15:28:00,749.179,1053.832
1995-08-17 15:29:00,992.093,1257.8745
1995-08-17 15:30:00,871.935,1332.8499
1995-08-17 15:31:00,1241.771,1179.4138
1995-08-17 15:32:00,494.363,877.0766
1995-08-17 15:33:00,1767.925,999.96136
1995-08-17 15:34:00,702.378,1124.9404
1995-08-17 15:35:00,754.024,933.2647
1995-08-17 15:36:00,1027.893,1214.5924
1995-08-17 15:37:00,576.702,980.7672
1995-08-17 15:38:00,359.663,949.24603
1995-08-17 15:39:00,634.534,909.83093
1995-08-17 15:40:00,975.848,932.9556
1995-08-17 15:41:00,647.542,827.284
1995-08-17 15:42:00,776.081,904.13965
1995-08-17 15:43:00,514.747,1126.735
1995-08-17 15:44:00,821.355,1152.6432
1995-08-17 15:45:00,1627.068,918.2208
1995-08-17 15:46:00,795.014,960.0814
1995-08-17 15:47:00,619.847,795.469
1995-08-17 15:48:00,1539.515,970.3677
1995-08-17 15:49:00,703.436,1198.1215
1995-08-17 15:50:00,797.7669999999999,1167.0587
1995-08-17 15:51:00,2101.402,1235.8755
1995-08-17 15:52:00,553.62,1085.1836
1995-08-17 15:53:00,886.4540000000001,1011.56824
1995-08-17 15:54:00,810.893,1211.7722
1995-08-17 15:55:00,1322.163,1102.0886
1995-08-17 15:56:00,1087.11,1273.5897
1995-08-17 15:57:00,1562.929,1208.2504
1995-08-17 15:58:00,1816.76,1027.3785
1995-08-17 15:59:00,1005.697,1152.4072
1995-08-17 16:00:00,1353.131,1250.2227
1995-08-17 16:01:00,1792.9,1300.4261
1995-08-17 16:02:00,824.826,1134.9618
1995-08-17 16:03:00,849.981,1046.9746
1995-08-17 16:04:00,1388.356,1218.5653
1995-08-17 16:05:00,2174.179,794.93024
1995-08-17 16:06:00,1298.483,1016.82825
1995-08-17 16:07:00,1050.823,1013.31757
1995-08-17 16:08:00,550.788,1057.1307
1995-08-17 16:09:00,2153.561,1026.4065
1995-08-17 16:10:00,374.864,1115.8156
1995-08-17 16:11:00,452.375,896.9297
1995-08-17 16:12:00,654.9209999999999,754.93036
1995-08-17 16:13:00,444.9,1087.7416
1995-08-17 16:14:00,811.771,1142.4097
1995-08-17 16:15:00,536.756,1116.8347
1995-08-17 16:16:00,588.904,769.85443
1995-08-17 16:17:00,805.7479999999999,1083.1666
1995-08-17 16:18:00,901.942,1240.4802
1995-08-17 16:19:00,1982.96,920.66595
1995-08-17 16:20:00,627.9540000000001,971.5499
1995-08-17 16:21:00,1148.194,1106.3363
1995-08-17 16:22:00,1013.9799999999999,1136.1514
1995-08-17 16:23:00,832.7909999999999,1204.3174
1995-08-17 16:24:00,347.378,1049.5958
1995-08-17 16:25:00,578.014,880.9846
1995-08-17 16:26:00,640.243,794.2724
1995-08-17 16:27:00,2064.1200000000003,938.06604
1995-08-17 16:28:00,1219.203,1273.4822
1995-08-17 16:29:00,1111.642,956.3222
1995-08-17 16:30:00,1250.481,947.2277
1995-08-17 16:31:00,552.356,955.16205
1995-08-17 16:32:00,1101.395,933.64795
1995-08-17 16:33:00,955.021,1285.3427
1995-08-17 16:34:00,490.483,1073.6642
1995-08-17 16:35:00,1225.649,948.09717
1995-08-17 16:36:00,1907.686,1076.9961
1995-08-17 16:37:00,853.8969999999999,1165.2133
1995-08-17 16:38:00,1277.974,1389.1744
1995-08-17 16:39:00,883.814,932.22864
1995-08-17 16:40:00,823.737,1320.3446
1995-08-17 16:41:00,1324.983,1205.7948
1995-08-17 16:42:00,688.972,805.1192
1995-08-17 16:43:00,411.065,588.6938
1995-08-17 16:44:00,832.9110000000001,906.7269
1995-08-17 16:45:00,1816.2169999999999,860.1579
1995-08-17 16:46:00,1078.187,1035.5391
1995-08-17 16:47:00,937.521,1186.8596
1995-08-17 16:48:00,452.915,1183.5525
1995-08-17 16:49:00,624.888,1063.9312
1995-08-17 16:50:00,486.33299999999997,1014.48535
1995-08-17 16:51:00,1781.3120000000001,852.6748
1995-08-17 16:52:00,1427.538,962.2153
1995-08-17 16:53:00,1528.833,1218.1409
1995-08-17 16:54:00,1055.544,1164.874
1995-08-17 16:55:00,1158.604,1312.4847
1995-08-17 16:56:00,1173.496,1217.1664
1995-08-17 16:57:00,733.5,1163.177
1995-08-17 16:58:00,651.683,1060.467
1995-08-17 16:59:00,970.635,951.6324
1995-08-17 17:00:00,390.463,887.27625
1995-08-17 17:01:00,432.937,667.60834
1995-08-17 17:02:00,354.576,769.4385
1995-08-17 17:03:00,966.5450000000001,740.67596
1995-08-17 17:04:00,521.284,891.79315
1995-08-17 17:05:00,1036.964,735.53754
1995-08-17 17:06:00,620.477,799.4163
1995-08-17 17:07:00,548.235,739.7754
1995-08-17 17:08:00,778.6659999999999,838.2484
1995-08-17 17:09:00,806.899,989.87335
1995-08-17 17:10:00,1850.773,808.6985
1995-08-17 17:11:00,1625.7569999999998,1063.8987
1995-08-17 17:12:00,1675.818,1004.2831
1995-08-17 17:13:00,1766.438,1207.7021
1995-08-17 17:14:00,913.569,1287.2369
1995-08-17 17:15:00,590.35,1172.169
1995-08-17 17:16:00,2001.864,1001.4588
1995-08-17 17:17:00,546.054,1039.1733
1995-08-17 17:18:00,558.9399999999999,949.28864
1995-08-17 17:19:00,708.855,903.86005
1995-08-17 17:20:00,755.171,927.69714
1995-08-17 17:21:00,512.886,859.0368
1995-08-17 17:22:00,876.314,633.2185
1995-08-17 17:23:00,1088.71,937.5298
1995-08-17 17:24:00,1206.847,952.59814
1995-08-17 17:25:00,1734.282,1146.5564
1995-08-17 17:26:00,972.008,1275.0626
1995-08-17 17:27:00,1322.253,1059.4537
1995-08-17 17:28:00,2583.4390000000003,1010.9851
1995-08-17 17:29:00,581.264,1028.3729
1995-08-17 17:30:00,2267.198,1118.7815
1995-08-17 17:31:00,1083.611,1274.5583
1995-08-17 17:32:00,1588.026,1101.8967
1995-08-17 17:33:00,1295.774,954.796
1995-08-17 17:34:00,819.79,1105.4375
1995-08-17 17:35:00,824.201,1133.7117
1995-08-17 17:36:00,447.57599999999996,769.3341
1995-08-17 17:37:00,1572.081,781.4021
1995-08-17 17:38:00,836.913,881.66235
1995-08-17 17:39:00,454.366,592.52527
1995-08-17 17:40:00,193.013,472.2646
1995-08-17 17:41:00,378.995,817.92194
1995-08-17 17:42:00,200.013,508.21683
1995-08-17 17:43:00,1548.836,728.2869
1995-08-17 17:44:00,2534.352,774.12085
1995-08-17 17:45:00,481.065,831.5379
1995-08-17 17:46:00,1197.536,1075.3591
1995-08-17 17:47:00,1115.4379999999999,1224.3876
1995-08-17 17:48:00,752.225,1028.6788
1995-08-17 17:49:00,551.873,930.03784
1995-08-17 17:50:00,723.542,997.17645
1995-08-17 17:51:00,291.644,819.2362
1995-08-17 17:52:00,1686.467,917.87946
1995-08-17 17:53:00,1042.592,806.52386
1995-08-17 17:54:00,790.406,713.3452
1995-08-17 17:55:00,653.5930000000001,673.9798
1995-08-17 17:56:00,291.353,627.28125
1995-08-17 17:57:00,259.837,571.1455
1995-08-17 17:58:00,375.915,633.6196
1995-08-17 17:59:00,321.7,760.8116
1995-08-17 18:00:00,797.108,821.61646
1995-08-17 18:01:00,728.551,797.47485
1995-08-17 18:02:00,458.702,704.3374
1995-08-17 18:03:00,512.649,564.3434
1995-08-17 18:04:00,486.34499999999997,667.1586
1995-08-17 18:05:00,626.093,645.00183
1995-08-17 18:06:00,1128.293,724.06116
1995-08-17 18:07:00,1254.344,716.7832
1995-08-17 18:08:00,1993.95,743.28064
1995-08-17 18:09:00,1553.3590000000002,1018.08606
1995-08-17 18:10:00,1032.481,706.6501
1995-08-17 18:11:00,965.123,764.61163
1995-08-17 18:12:00,450.046,728.8345
1995-08-17 18:13:00,256.262,534.1921
1995-08-17 18:14:00,560.958,661.33624
1995-08-17 18:15:00,1166.809,518.48065
1995-08-17 18:16:00,505.166,434.82236
1995-08-17 18:17:00,462.185,669.49524
1995-08-17 18:18:00,1253.143,675.55615
1995-08-17 18:19:00,1357.6360000000002,727.6717
1995-08-17 18:20:00,1447.519,682.94556
1995-08-17 18:21:00,1358.823,797.07214
1995-08-17 18:22:00,1081.709,880.7626
1995-08-17 18:23:00,812.885,893.888
1995-08-17 18:24:00,775.761,821.7224
1995-08-17 18:25:00,1333.5210000000002,1060.2808
1995-08-17 18:26:00,921.588,904.0171
1995-08-17 18:27:00,968.979,832.0458
1995-08-17 18:28:00,1169.8809999999999,732.01984
1995-08-17 18:29:00,1162.08,666.4517
1995-08-17 18:30:00,699.572,431.71005
1995-08-17 18:31:00,1922.9160000000002,294.4608
1995-08-17 18:32:00,520.124,782.15717
1995-08-17 18:33:00,1033.016,646.2885
1995-08-17 18:34:00,834.148,779.87695
1995-08-17 18:35:00,655.939,764.8227
1995-08-17 18:36:00,408.73,892.13763
1995-08-17 18:37:00,510.412,736.766
1995-08-17 18:38:00,688.365,554.9616
1995-08-17 18:39:00,505.451,341.4011
1995-08-17 18:40:00,543.509,599.4523
1995-08-17 18:41:00,362.898,833.6923
1995-08-17 18:42:00,987.516,500.04636
1995-08-17 18:43:00,807.046,666.3811
1995-08-17 18:44:00,1300.117,586.8501
1995-08-17 18:45:00,1139.302,768.65045
1995-08-17 18:46:00,748.462,960.2231
1995-08-17 18:47:00,467.401,628.9179
1995-08-17 18:48:00,837.5169999999999,793.7864
1995-08-17 18:49:00,1132.295,1085.5157
1995-08-17 18:50:00,931.379,1029.1345
1995-08-17 18:51:00,1534.7259999999999,716.90607
1995-08-17 18:52:00,427.695,635.7141
1995-08-17 18:53:00,945.5640000000001,719.9871
1995-08-17 18:54:00,1080.647,706.15186
1995-08-17 18:55:00,818.085,794.3392
1995-08-17 18:56:00,2034.177,1011.2409
1995-08-17 18:57:00,1880.394,1037.2328
1995-08-17 18:58:00,1837.2050000000002,805.2484
1995-08-17 18:59:00,1959.998,1030.4857
1995-08-17 19:00:00,1457.169,1189.916
1995-08-17 19:01:00,1910.338,1170.3818
1995-08-17 19:02:00,1201.44,1284.9482
1995-08-17 19:03:00,993.79,904.0443
1995-08-17 19:04:00,1250.497,1290.3772
1995-08-17 19:05:00,1863.522,1005.07623
1995-08-17 19:06:00,945.3879999999999,704.9905
1995-08-17 19:07:00,435.274,432.7227
1995-08-17 19:08:00,1495.518,784.34784
1995-08-17 19:09:00,1762.107,924.6099
1995-08-17 19:10:00,770.718,737.85034
1995-08-17 19:11:00,1343.317,789.0485
1995-08-17 19:12:00,1876.155,445.44788
1995-08-17 19:13:00,1262.763,668.7561
1995-08-17 19:14:00,1236.953,735.83435
1995-08-17 19:15:00,599.857,621.49664
1995-08-17 19:16:00,743.74,420.46106
1995-08-17 19:17:00,1512.748,906.1043
1995-08-17 19:18:00,722.8,925.752
1995-08-17 19:19:00,1047.378,989.8814
1995-08-17 19:20:00,1526.056,1036.9358
1995-08-17 19:21:00,1884.716,1006.55536
1995-08-17 19:22:00,1751.9,668.5476
1995-08-17 19:23:00,403.419,507.12946
1995-08-17 19:24:00,548.9920000000001,661.07855
1995-08-17 19:25:00,1233.358,950.7257
1995-08-17 19:26:00,1147.5330000000001,825.5783
1995-08-17 19:27:00,1010.613,606.864
1995-08-17 19:28:00,524.931,599.6943
1995-08-17 19:29:00,899.413,614.7973
1995-08-17 19:30:00,608.708,594.1409
1995-08-17 19:31:00,878.884,660.6345
1995-08-17 19:32:00,887.682,858.84283
1995-08-17 19:33:00,330.113,683.9488
1995-08-17 19:34:00,1054.244,651.7527
1995-08-17 19:35:00,1012.107,784.96484
1995-08-17 19:36:00,459.989,672.7196
1995-08-17 19:37:00,1088.035,873.5486
1995-08-17 19:38:00,664.85,877.862
1995-08-17 19:39:00,2035.5,705.6887
1995-08-17 19:40:00,333.065,884.6477
1995-08-17 19:41:00,407.854,852.7933
1995-08-17 19:42:00,1475.262,847.2064
1995-08-17 19:43:00,337.173,652.41534
1995-08-17 19:44:00,1272.652,657.5295
1995-08-17 19:45:00,843.359,739.70935
1995-08-17 19:46:00,946.619,782.9683
1995-08-17 19:47:00,973.039,856.3573
1995-08-17 19:48:00,1476.6480000000001,989.1984
1995-08-17 19:49:00,1306.527,742.2309
1995-08-17 19:50:00,1357.455,952.9411
1995-08-17 19:51:00,1075.25,835.9601
1995-08-17 19:52:00,866.496,821.42114
1995-08-17 19:53:00,872.811,755.2061
1995-08-17 19:54:00,621.317,698.96454
1995-08-17 19:55:00,373.116,591.55676
1995-08-17 19:56:00,1244.816,629.5716
1995-08-17 19:57:00,507.564,491.47247
1995-08-17 19:58:00,874.241,560.47107
1995-08-17 19:59:00,695.9789999999999,569.58496
1995-08-17 20:00:00,263.239,512.3281
1995-08-17 20:01:00,543.78,480.80954
1995-08-17 20:02:00,218.195,382.0938
1995-08-17 20:03:00,440.037,377.3314
1995-08-17 20:04:00,94.602,411.9342
1995-08-17 20:05:00,1090.183,390.5474
1995-08-17 20:06:00,574.735,457.88535
1995-08-17 20:07:00,374.563,481.8309
1995-08-17 20:08:00,315.457,504.0103
1995-08-17 20:09:00,558.231,623.75006
1995-08-17 20:10:00,385.99399999999997,475.04282
1995-08-17 20:11:00,143.311,445.06186
1995-08-17 20:12:00,780.8389999999999,459.32193
1995-08-17 20:13:00,1752.493,644.95624
1995-08-17 20:14:00,464.64200000000005,674.50525
1995-08-17 20:15:00,254.477,751.4757
1995-08-17 20:16:00,504.099,713.3295
1995-08-17 20:17:00,578.585,710.6403
1995-08-17 20:18:00,408.707,841.7039
1995-08-17 20:19:00,791.576,715.3318
1995-08-17 20:20:00,425.7,376.7949
1995-08-17 20:21:00,1013.934,602.0999
1995-08-17 20:22:00,964.563,520.9587
1995-08-17 20:23:00,541.005,858.8027
1995-08-17 20:24:00,629.5,800.80566
1995-08-17 20:25:00,307.074,628.4321
1995-08-17 20:26:00,424.356,606.8423
1995-08-17 20:27:00,735.8489999999999,623.7364
1995-08-17 20:28:00,605.374,713.0973
1995-08-17 20:29:00,1153.559,655.8554
1995-08-17 20:30:00,1096.407,719.43896
1995-08-17 20:31:00,1771.532,1040.8119
1995-08-17 20:32:00,536.559,684.2699
1995-08-17 20:33:00,501.48,843.0225
1995-08-17 20:34:00,819.5899999999999,691.168
1995-08-17 20:35:00,1262.2790000000002,554.33685
1995-08-17 20:36:00,156.115,662.8052
1995-08-17 20:37:00,820.903,623.5187
1995-08-17 20:38:00,399.731,436.9506
1995-08-17 20:39:00,508.719,603.0131
1995-08-17 20:40:00,504.43800000000005,656.6101
1995-08-17 20:41:00,547.015,586.9247
1995-08-17 20:42:00,132.233,492.03192
1995-08-17 20:43:00,700.207,543.9128
1995-08-17 20:44:00,445.33000000000004,540.8383
1995-08-17 20:45:00,1735.975,565.7753
1995-08-17 20:46:00,251.975,391.51648
1995-08-17 20:47:00,856.019,520.55237
1995-08-17 20:48:00,610.5550000000001,364.20047
1995-08-17 20:49:00,382.685,751.8052
1995-08-17 20:50:00,464.77,490.195
1995-08-17 20:51:00,392.186,570.6664
1995-08-17 20:52:00,1238.473,326.35873
1995-08-17 20:53:00,2217.3830000000003,547.68695
1995-08-17 20:54:00,375.531,717.12384
1995-08-17 20:55:00,846.055,489.64468
1995-08-17 20:56:00,804.103,670.3382
1995-08-17 20:57:00,1020.871,754.70044
1995-08-17 20:58:00,744.198,692.5365
1995-08-17 20:59:00,697.217,706.6676
1995-08-17 21:00:00,508.54,691.26245
1995-08-17 21:01:00,309.654,656.5947
1995-08-17 21:02:00,788.107,509.8392
1995-08-17 21:03:00,929.471,692.594
1995-08-17 21:04:00,1149.936,607.0617
1995-08-17 21:05:00,902.058,679.7787
1995-08-17 21:06:00,742.387,688.6701
1995-08-17 21:07:00,546.723,711.22894
1995-08-17 21:08:00,564.97,659.8059
1995-08-17 21:09:00,230.86599999999999,347.95578
1995-08-17 21:10:00,236.151,239.42932
1995-08-17 21:11:00,722.095,504.3112
1995-08-17 21:12:00,1372.727,669.1708
1995-08-17 21:13:00,477.136,574.989
1995-08-17 21:14:00,1695.3709999999999,472.10123
1995-08-17 21:15:00,810.763,729.46155
1995-08-17 21:16:00,329.26800000000003,467.61353
1995-08-17 21:17:00,527.985,428.42273
1995-08-17 21:18:00,626.386,240.10162
1995-08-17 21:19:00,1291.4930000000002,405.54892
1995-08-17 21:20:00,250.43800000000002,333.53223
1995-08-17 21:21:00,467.649,592.81006
1995-08-17 21:22:00,255.632,503.5602
1995-08-17 21:23:00,901.876,509.32794
1995-08-17 21:24:00,567.081,569.67474
1995-08-17 21:25:00,517.905,627.34955
1995-08-17 21:26:00,327.168,624.7575
1995-08-17 21:27:00,791.8100000000001,509.14642
1995-08-17 21:28:00,233.072,519.3955
1995-08-17 21:29:00,318.966,658.0538
1995-08-17 21:30:00,153.80100000000002,565.6421
1995-08-17 21:31:00,192.355,401.99966
1995-08-17 21:32:00,178.756,316.87894
1995-08-17 21:33:00,308.271,554.50397
1995-08-17 21:34:00,412.95,507.62277
1995-08-17 21:35:00,972.326,421.5475
1995-08-17 21:36:00,151.69,439.30396
1995-08-17 21:37:00,304.033,278.88528
1995-08-17 21:38:00,731.753,628.6723
1995-08-17 21:39:00,433.251,466.55466
1995-08-17 21:40:00,122.937,280.03085
1995-08-17 21:41:00,521.587,311.0883
1995-08-17 21:42:00,440.86100000000005,278.37955
1995-08-17 21:43:00,152.387,337.3734
1995-08-17 21:44:00,283.897,318.94647
1995-08-17 21:45:00,566.452,418.0817
1995-08-17 21:46:00,232.592,423.5621
1995-08-17 21:47:00,336.306,447.25784
1995-08-17 21:48:00,599.446,463.25558
1995-08-17 21:49:00,2486.073,519.6653
1995-08-17 21:50:00,1626.0240000000001,365.9618
1995-08-17 21:51:00,1146.715,528.7212
1995-08-17 21:52:00,773.72,585.6253
1995-08-17 21:53:00,350.551,636.0658
1995-08-17 21:54:00,194.465,550.2099
1995-08-17 21:55:00,390.927,545.8119
1995-08-17 21:56:00,905.977,546.63513
1995-08-17 21:57:00,224.678,409.49747
1995-08-17 21:58:00,1349.195,453.60876
1995-08-17 21:59:00,561.556,529.31104
1995-08-17 22:00:00,387.196,662.5359
1995-08-17 22:01:00,1062.051,496.66092
1995-08-17 22:02:00,216.496,508.97934
1995-08-17 22:03:00,429.886,513.75397
1995-08-17 22:04:00,162.063,479.51666
1995-08-17 22:05:00,504.71099999999996,389.05066
1995-08-17 22:06:00,415.719,505.2899
1995-08-17 22:07:00,251.971,447.65878
1995-08-17 22:08:00,176.804,395.22348
1995-08-17 22:09:00,376.288,496.55606
1995-08-17 22:10:00,267.531,669.477
1995-08-17 22:11:00,932.246,632.3336
1995-08-17 22:12:00,470.875,546.6534
1995-08-17 22:13:00,551.271,639.0354
1995-08-17 22:14:00,590.339,686.90375
1995-08-17 22:15:00,99.868,480.3707
1995-08-17 22:16:00,274.041,502.62997
1995-08-17 22:17:00,241.107,380.52457
1995-08-17 22:18:00,280.827,218.94936
1995-08-17 22:19:00,84.224,333.71475
1995-08-17 22:20:00,521.071,276.65665
1995-08-17 22:21:00,183.506,376.12695
1995-08-17 22:22:00,422.03,459.48416
1995-08-17 22:23:00,852.077,318.7392
1995-08-17 22:24:00,383.181,303.3713
1995-08-17 22:25:00,136.87,325.55426
1995-08-17 22:26:00,350.723,520.9258
1995-08-17 22:27:00,537.74,539.2388
1995-08-17 22:28:00,374.84299999999996,511.80585
1995-08-17 22:29:00,801.707,478.59302
1995-08-17 22:30:00,206.64000000000001,592.523
1995-08-17 22:31:00,241.439,534.4052
1995-08-17 22:32:00,719.619,374.82492
1995-08-17 22:33:00,487.30100000000004,438.78964
1995-08-17 22:34:00,167.031,351.1538
1995-08-17 22:35:00,234.37500000000003,402.21918
1995-08-17 22:36:00,401.56199999999995,484.88535
1995-08-17 22:37:00,408.458,414.19113
1995-08-17 22:38:00,279.38,467.4189
1995-08-17 22:39:00,252.356,263.85315
1995-08-17 22:40:00,330.839,406.18973
1995-08-17 22:41:00,1670.711,297.5503
1995-08-17 22:42:00,492.739,590.4964
1995-08-17 22:43:00,403.64300000000003,462.04514
1995-08-17 22:44:00,94.697,276.7827
1995-08-17 22:45:00,329.372,360.5221
1995-08-17 22:46:00,229.523,356.1893
1995-08-17 22:47:00,43.946,255.44644
1995-08-17 22:48:00,122.67999999999999,329.88983
1995-08-17 22:49:00,189.28699999999998,271.7546
1995-08-17 22:50:00,500.341,307.63068
1995-08-17 22:51:00,574.2429999999999,423.9832
1995-08-17 22:52:00,289.477,387.37387
1995-08-17 22:53:00,1461.0900000000001,478.94098
1995-08-17 22:54:00,676.5540000000001,481.14877
1995-08-17 22:55:00,517.302,356.10974
1995-08-17 22:56:00,171.918,323.47296
1995-08-17 22:57:00,266.982,353.3895
1995-08-17 22:58:00,250.28199999999998,165.81664
1995-08-17 22:59:00,368.07,232.1349
1995-08-17 23:00:00,316.234,335.30643
1995-08-17 23:01:00,1088.913,241.1397
1995-08-17 23:02:00,224.68099999999998,280.4109
1995-08-17 23:03:00,409.79900000000004,337.9333
1995-08-17 23:04:00,159.017,309.6388
1995-08-17 23:05:00,162.434,340.7475
1995-08-17 23:06:00,117.408,314.97403
1995-08-17 23:07:00,104.05199999999999,53.28131
1995-08-17 23:08:00,209.16299999999998,313.30798
1995-08-17 23:09:00,101.503,303.00464
1995-08-17 23:10:00,497.906,458.2047
1995-08-17 23:11:00,762.6179999999999,408.90305
1995-08-17 23:12:00,159.772,405.46402
1995-08-17 23:13:00,405.35699999999997,491.34546
1995-08-17 23:14:00,2310.013,483.75555
1995-08-17 23:15:00,266.73199999999997,651.4732
1995-08-17 23:16:00,932.348,489.0697
1995-08-17 23:17:00,314.887,594.748
1995-08-17 23:18:00,671.673,822.1352
1995-08-17 23:19:00,1021.779,778.86444
1995-08-17 23:20:00,523.409,855.85175
1995-08-17 23:21:00,1146.735,797.54987
1995-08-17 23:22:00,695.422,787.836
1995-08-17 23:23:00,438.134,690.7028
1995-08-17 23:24:00,601.966,655.0998
1995-08-17 23:25:00,2324.565,592.4384
1995-08-17 23:26:00,367.63,400.79254
1995-08-17 23:27:00,737.588,505.65482
1995-08-17 23:28:00,324.661,484.45483
1995-08-17 23:29:00,303.139,298.10614
1995-08-17 23:30:00,355.476,276.03387
1995-08-17 23:31:00,125.546,265.80304
1995-08-17 23:32:00,156.294,343.00436
1995-08-17 23:33:00,1549.5220000000002,416.99423
1995-08-17 23:34:00,394.811,550.59406
1995-08-17 23:35:00,686.519,461.66022
1995-08-17 23:36:00,241.1,506.9129
1995-08-17 23:37:00,374.572,512.1581
1995-08-17 23:38:00,717.16,499.18295
1995-08-17 23:39:00,756.244,440.16898
1995-08-17 23:40:00,639.0,413.32233
1995-08-17 23:41:00,1417.7160000000001,549.8531
1995-08-17 23:42:00,1503.0240000000001,633.985
1995-08-17 23:43:00,1755.2799999999997,629.3894
1995-08-17 23:44:00,300.634,774.96515
1995-08-17 23:45:00,291.796,670.28125
1995-08-17 23:46:00,224.05,528.628
1995-08-17 23:47:00,328.818,768.0976
1995-08-17 23:48:00,452.397,456.29538
1995-08-17 23:49:00,517.573,458.8737
1995-08-17 23:50:00,1205.311,551.2327
1995-08-17 23:51:00,188.501,503.20016
1995-08-17 23:52:00,261.671,185.72966
1995-08-17 23:53:00,272.152,418.293
1995-08-17 23:54:00,253.473,358.12665
1995-08-17 23:55:00,554.201,332.8758
1995-08-17 23:56:00,141.158,245.07274
1995-08-17 23:57:00,785.086,368.32388
1995-08-17 23:58:00,185.75900000000001,370.91342
1995-08-17 23:59:00,172.757,296.921
1995-08-18 00:00:00,362.621,333.9461
1995-08-18 00:01:00,40.803,284.74625
1995-08-18 00:02:00,1224.3709999999999,308.85132
1995-08-18 00:03:00,675.587,333.43015
1995-08-18 00:04:00,245.242,368.3563
1995-08-18 00:05:00,165.575,493.08603
1995-08-18 00:06:00,268.721,397.79068
1995-08-18 00:07:00,1145.875,454.50406
1995-08-18 00:08:00,267.198,351.3574
1995-08-18 00:09:00,452.188,502.93842
1995-08-18 00:10:00,215.862,404.67035
1995-08-18 00:11:00,802.712,434.09042
1995-08-18 00:12:00,298.892,460.12753
1995-08-18 00:13:00,1620.425,667.8456
1995-08-18 00:14:00,550.141,428.22702
1995-08-18 00:15:00,381.621,526.25385
1995-08-18 00:16:00,557.242,494.61957
1995-08-18 00:17:00,328.53,608.90625
1995-08-18 00:18:00,744.343,625.8302
1995-08-18 00:19:00,413.847,633.28656
1995-08-18 00:20:00,130.782,349.01196
1995-08-18 00:21:00,461.904,393.2657
1995-08-18 00:22:00,52.483000000000004,185.4109
1995-08-18 00:23:00,263.28000000000003,313.58163
1995-08-18 00:24:00,69.06700000000001,105.26804
1995-08-18 00:25:00,118.887,226.51845
1995-08-18 00:26:00,312.491,294.41037
1995-08-18 00:27:00,205.267,223.89726
1995-08-18 00:28:00,104.236,93.22286
1995-08-18 00:29:00,86.834,232.72015
1995-08-18 00:30:00,174.688,206.28072
1995-08-18 00:31:00,1234.0529999999999,276.8541
1995-08-18 00:32:00,186.41,291.65268
1995-08-18 00:33:00,211.796,314.07687
1995-08-18 00:34:00,224.895,240.41373
1995-08-18 00:35:00,229.569,280.16074
1995-08-18 00:36:00,149.60999999999999,230.212
1995-08-18 00:37:00,172.557,321.58057
1995-08-18 00:38:00,683.805,285.49213
1995-08-18 00:39:00,108.30199999999999,243.78296
1995-08-18 00:40:00,152.047,133.68713
1995-08-18 00:41:00,114.83699999999999,149.31972
1995-08-18 00:42:00,339.565,174.64813
1995-08-18 00:43:00,158.899,47.177967
1995-08-18 00:44:00,124.33999999999999,274.89542
1995-08-18 00:45:00,223.119,290.25317
1995-08-18 00:46:00,83.991,226.2127
1995-08-18 00:47:00,147.745,316.72253
1995-08-18 00:48:00,36.854,132.9532
1995-08-18 00:49:00,37.054,179.97934
1995-08-18 00:50:00,286.111,239.24756
1995-08-18 00:51:00,113.68499999999999,116.98915
1995-08-18 00:52:00,165.359,150.89117
1995-08-18 00:53:00,326.178,192.24945
1995-08-18 00:54:00,231.59,293.41403
1995-08-18 00:55:00,426.067,313.333
1995-08-18 00:56:00,231.711,226.44012
1995-08-18 00:57:00,136.89,312.39972
1995-08-18 00:58:00,62.92699999999999,238.07164
1995-08-18 00:59:00,118.97399999999999,250.44386
1995-08-18 01:00:00,280.026,276.7092
1995-08-18 01:01:00,284.048,254.19829
1995-08-18 01:02:00,237.373,283.48148
1995-08-18 01:03:00,486.354,339.78802
1995-08-18 01:04:00,363.505,437.25058
1995-08-18 01:05:00,239.494,256.15445
1995-08-18 01:06:00,347.665,274.85568
1995-08-18 01:07:00,387.167,278.9068
1995-08-18 01:08:00,349.374,431.5114
1995-08-18 01:09:00,538.855,380.62027
1995-08-18 01:10:00,252.162,496.7917
1995-08-18 01:11:00,676.813,358.19257
1995-08-18 01:12:00,867.264,314.7615
1995-08-18 01:13:00,358.545,433.0351
1995-08-18 01:14:00,479.42199999999997,464.19293
1995-08-18 01:15:00,224.245,410.78372
1995-08-18 01:16:00,847.9670000000001,472.56573
1995-08-18 01:17:00,287.911,399.48746
1995-08-18 01:18:00,520.374,434.69043
1995-08-18 01:19:00,188.752,217.9777
1995-08-18 01:20:00,271.416,325.2164
1995-08-18 01:21:00,317.504,304.30655
1995-08-18 01:22:00,583.449,276.85504
1995-08-18 01:23:00,1211.9930000000002,403.38293
1995-08-18 01:24:00,45.762,333.2919
1995-08-18 01:25:00,231.953,348.91486
1995-08-18 01:26:00,607.737,337.70935
1995-08-18 01:27:00,236.762,494.5078
1995-08-18 01:28:00,126.495,435.83395
1995-08-18 01:29:00,112.961,232.56061
1995-08-18 01:30:00,254.721,298.89563
1995-08-18 01:31:00,287.638,338.01538
1995-08-18 01:32:00,166.161,373.5113
1995-08-18 01:33:00,502.77,380.9662
1995-08-18 01:34:00,147.596,451.63565
1995-08-18 01:35:00,480.633,478.40234
1995-08-18 01:36:00,499.522,428.9946
1995-08-18 01:37:00,548.741,549.7312
1995-08-18 01:38:00,233.811,397.6943
1995-08-18 01:39:00,122.208,346.94357
1995-08-18 01:40:00,191.185,347.31558
1995-08-18 01:41:00,392.724,401.36984
1995-08-18 01:42:00,292.891,297.4915
1995-08-18 01:43:00,143.514,294.80588
1995-08-18 01:44:00,969.677,453.79242
1995-08-18 01:45:00,162.408,310.20898
1995-08-18 01:46:00,74.249,389.63678
1995-08-18 01:47:00,210.75,448.0721
1995-08-18 01:48:00,1359.961,373.06174
1995-08-18 01:49:00,1010.745,411.54825
1995-08-18 01:50:00,294.66499999999996,566.21924
1995-08-18 01:51:00,339.38599999999997,256.61862
1995-08-18 01:52:00,275.395,419.17923
1995-08-18 01:53:00,391.635,527.0683
1995-08-18 01:54:00,404.26,465.94553
1995-08-18 01:55:00,524.395,526.9328
1995-08-18 01:56:00,474.778,476.1086
1995-08-18 01:57:00,2286.4480000000003,583.8272
1995-08-18 01:58:00,322.323,664.4395
1995-08-18 01:59:00,495.86199999999997,536.1866
1995-08-18 02:00:00,351.491,405.71103
1995-08-18 02:01:00,397.963,545.5121
1995-08-18 02:02:00,277.118,391.46445
1995-08-18 02:03:00,190.479,343.50668
1995-08-18 02:04:00,140.317,224.37788
1995-08-18 02:05:00,438.996,234.9567
1995-08-18 02:06:00,392.959,262.81165
1995-08-18 02:07:00,106.996,239.68018
1995-08-18 02:08:00,172.751,354.61102
1995-08-18 02:09:00,170.92100000000002,338.83337
1995-08-18 02:10:00,1496.8790000000001,307.14877
1995-08-18 02:11:00,628.304,500.6177
1995-08-18 02:12:00,432.726,479.56204
1995-08-18 02:13:00,230.236,296.8936
1995-08-18 02:14:00,290.429,377.0598
1995-08-18 02:15:00,84.001,108.481224
1995-08-18 02:16:00,74.32000000000001,149.71884
1995-08-18 02:17:00,52.976,157.11394
1995-08-18 02:18:00,73.23,148.77924
1995-08-18 02:19:00,216.181,137.0183
1995-08-18 02:20:00,133.071,141.40674
1995-08-18 02:21:00,227.38199999999998,119.643974
1995-08-18 02:22:00,337.68,284.79965
1995-08-18 02:23:00,1176.1100000000001,162.85765
1995-08-18 02:24:00,24.392,154.25897
1995-08-18 02:25:00,133.305,191.84047
1995-08-18 02:26:00,146.90699999999998,231.32257
1995-08-18 02:27:00,1245.982,238.40794
1995-08-18 02:28:00,100.747,397.64676
1995-08-18 02:29:00,66.941,281.56442
1995-08-18 02:30:00,368.165,207.772
1995-08-18 02:31:00,229.908,281.91187
1995-08-18 02:32:00,1327.398,262.70184
1995-08-18 02:33:00,165.566,278.32852
1995-08-18 02:34:00,354.686,48.39797
1995-08-18 02:35:00,348.331,369.32343
1995-08-18 02:36:00,452.527,500.53326
1995-08-18 02:37:00,361.455,302.3708
1995-08-18 02:38:00,1268.888,259.42377
1995-08-18 02:39:00,639.198,374.4006
1995-08-18 02:40:00,212.95499999999998,426.04526
1995-08-18 02:41:00,444.79600000000005,410.5731
1995-08-18 02:42:00,298.183,380.6707
1995-08-18 02:43:00,343.751,334.56284
1995-08-18 02:44:00,43.768,277.66788
1995-08-18 02:45:00,264.21,358.8212
1995-08-18 02:46:00,232.15,302.467
1995-08-18 02:47:00,227.08599999999998,161.13803
1995-08-18 02:48:00,369.298,397.00192
1995-08-18 02:49:00,285.104,431.14404
1995-08-18 02:50:00,367.372,172.33064
1995-08-18 02:51:00,135.203,366.55545
1995-08-18 02:52:00,271.266,382.27396
1995-08-18 02:53:00,303.301,361.94278
1995-08-18 02:54:00,213.37,405.0243
1995-08-18 02:55:00,383.238,329.74597
1995-08-18 02:56:00,311.326,311.34302
1995-08-18 02:57:00,423.827,258.0584
1995-08-18 02:58:00,472.84299999999996,220.5115
1995-08-18 02:59:00,422.828,294.64853
1995-08-18 03:00:00,678.541,466.7422
1995-08-18 03:01:00,235.69899999999998,485.59134
1995-08-18 03:02:00,651.033,401.5343
1995-08-18 03:03:00,739.246,451.45203
1995-08-18 03:04:00,813.918,480.08777
1995-08-18 03:05:00,207.942,291.38364
1995-08-18 03:06:00,477.24800000000005,343.8237
1995-08-18 03:07:00,206.995,324.67786
1995-08-18 03:08:00,444.44,366.83878
1995-08-18 03:09:00,149.786,283.5599
1995-08-18 03:10:00,208.66799999999998,334.25177
1995-08-18 03:11:00,257.218,327.8803
1995-08-18 03:12:00,197.096,322.10165
1995-08-18 03:13:00,24.109,237.28964
1995-08-18 03:14:00,345.23199999999997,246.9236
1995-08-18 03:15:00,335.233,288.99542
1995-08-18 03:16:00,968.683,152.45856
1995-08-18 03:17:00,34.94,217.83093
1995-08-18 03:18:00,206.753,231.53748
1995-08-18 03:19:00,271.053,90.95184
1995-08-18 03:20:00,314.547,135.481
1995-08-18 03:21:00,259.68,206.49017
1995-08-18 03:22:00,69.458,165.61217
1995-08-18 03:23:00,963.362,348.83945
1995-08-18 03:24:00,910.3629999999999,349.5839
1995-08-18 03:25:00,172.738,320.9634
1995-08-18 03:26:00,352.207,294.21814
1995-08-18 03:27:00,181.919,346.9218
1995-08-18 03:28:00,98.54,278.25275
1995-08-18 03:29:00,105.503,246.33333
1995-08-18 03:30:00,341.488,262.36005
1995-08-18 03:31:00,94.73,195.0219
1995-08-18 03:32:00,163.847,156.74763
1995-08-18 03:33:00,65.167,320.65482
1995-08-18 03:34:00,510.264,276.35956
1995-08-18 03:35:00,334.697,483.11246
1995-08-18 03:36:00,1334.092,480.3716
1995-08-18 03:37:00,290.879,342.93665
1995-08-18 03:38:00,725.0509999999999,283.92715
1995-08-18 03:39:00,60.768,405.13348
1995-08-18 03:40:00,26.384999999999998,100.59207
1995-08-18 03:41:00,115.663,287.7939
1995-08-18 03:42:00,83.191,137.35916
1995-08-18 03:43:00,59.87,161.2105
1995-08-18 03:44:00,446.195,340.15646
1995-08-18 03:45:00,885.378,294.33347
1995-08-18 03:46:00,95.763,316.3708
1995-08-18 03:47:00,30.886,198.09712
1995-08-18 03:48:00,383.91299999999995,324.55844
1995-08-18 03:49:00,354.548,386.86066
1995-08-18 03:50:00,290.519,395.3021
1995-08-18 03:51:00,256.036,289.80466
1995-08-18 03:52:00,335.785,245.58733
1995-08-18 03:53:00,135.664,203.2071
1995-08-18 03:54:00,153.007,231.82716
1995-08-18 03:55:00,91.806,259.651
1995-08-18 03:56:00,679.9639999999999,285.86545
1995-08-18 03:57:00,306.339,146.20442
1995-08-18 03:58:00,227.73100000000002,255.58978
1995-08-18 03:59:00,67.809,150.27332
1995-08-18 04:00:00,851.947,259.92545
1995-08-18 04:01:00,451.817,339.83615
1995-08-18 04:02:00,254.17,314.5481
1995-08-18 04:03:00,38.742,204.3855
1995-08-18 04:04:00,116.38,174.9823
1995-08-18 04:05:00,34.53,183.2186
1995-08-18 04:06:00,148.17,120.14042
1995-08-18 04:07:00,1212.1799999999998,190.44162
1995-08-18 04:08:00,64.871,227.83136
1995-08-18 04:09:00,9.782,96.36459
1995-08-18 04:10:00,86.586,220.16164
1995-08-18 04:11:00,102.44200000000001,173.8305
1995-08-18 04:12:00,52.286,203.11531
1995-08-18 04:13:00,187.031,384.0723
1995-08-18 04:14:00,294.81399999999996,276.36896
1995-08-18 04:15:00,60.181,226.17793
1995-08-18 04:16:00,448.25300000000004,216.40791
1995-08-18 04:17:00,118.02000000000001,186.35211
1995-08-18 04:18:00,366.954,195.03723
1995-08-18 04:19:00,351.801,347.53387
1995-08-18 04:20:00,205.343,219.2993
1995-08-18 04:21:00,96.866,188.74458
1995-08-18 04:22:00,94.52799999999999,148.12169
1995-08-18 04:23:00,276.032,219.70842
1995-08-18 04:24:00,63.075,264.12354
1995-08-18 04:25:00,254.465,291.29205
1995-08-18 04:26:00,138.339,198.58426
1995-08-18 04:27:00,114.97899999999998,209.47224
1995-08-18 04:28:00,41.818999999999996,231.22832
1995-08-18 04:29:00,84.417,99.95097
1995-08-18 04:30:00,251.608,265.96884
1995-08-18 04:31:00,318.486,280.83282
1995-08-18 04:32:00,164.255,374.46487
1995-08-18 04:33:00,339.98400000000004,115.66509
1995-08-18 04:34:00,241.744,109.028656
1995-08-18 04:35:00,380.837,195.99237
1995-08-18 04:36:00,251.192,190.78296
1995-08-18 04:37:00,38.804,151.612
1995-08-18 04:38:00,182.42399999999998,153.21552
1995-08-18 04:39:00,51.556,105.46651
1995-08-18 04:40:00,86.168,176.14441
1995-08-18 04:41:00,41.227000000000004,149.65648
1995-08-18 04:42:00,573.591,242.86247
1995-08-18 04:43:00,187.89100000000002,226.35555
1995-08-18 04:44:00,437.60299999999995,232.91939
1995-08-18 04:45:00,327.585,263.924
1995-08-18 04:46:00,270.752,269.53976
1995-08-18 04:47:00,223.88600000000002,159.98454
1995-08-18 04:48:00,738.899,252.27571
1995-08-18 04:49:00,352.97,264.71307
1995-08-18 04:50:00,306.571,244.07657
1995-08-18 04:51:00,503.132,197.96758
1995-08-18 04:52:00,459.363,250.05139
1995-08-18 04:53:00,713.948,373.65384
1995-08-18 04:54:00,438.399,289.64178
1995-08-18 04:55:00,229.12099999999998,298.6442
1995-08-18 04:56:00,251.989,430.07117
1995-08-18 04:57:00,68.5,215.44572
1995-08-18 04:58:00,94.553,183.16318
1995-08-18 04:59:00,381.044,213.0563
1995-08-18 05:00:00,284.838,208.248
1995-08-18 05:01:00,1314.8139999999999,141.18079
1995-08-18 05:02:00,540.073,241.63947
1995-08-18 05:03:00,79.033,249.58781
1995-08-18 05:04:00,468.086,274.75626
1995-08-18 05:05:00,298.246,284.8599
1995-08-18 05:06:00,61.069,123.16614
1995-08-18 05:07:00,132.58499999999998,225.73769
1995-08-18 05:08:00,181.088,305.73615
1995-08-18 05:09:00,518.605,152.5081
1995-08-18 05:10:00,67.542,175.0539
1995-08-18 05:11:00,167.435,405.39792
1995-08-18 05:12:00,250.816,482.87708
1995-08-18 05:13:00,370.926,320.02997
1995-08-18 05:14:00,127.26400000000001,261.97568
1995-08-18 05:15:00,239.827,268.4498
1995-08-18 05:16:00,99.181,254.23784
1995-08-18 05:17:00,130.389,192.6387
1995-08-18 05:18:00,135.313,225.90068
1995-08-18 05:19:00,246.676,253.11949
1995-08-18 05:20:00,78.489,159.49905
1995-08-18 05:21:00,303.303,305.32
1995-08-18 05:22:00,106.397,120.51456
1995-08-18 05:23:00,253.06300000000002,286.3112
1995-08-18 05:24:00,148.743,220.33075
1995-08-18 05:25:00,9.979,54.50541
1995-08-18 05:26:00,88.525,182.2325
1995-08-18 05:27:00,69.343,186.9397
1995-08-18 05:28:00,0.0,10.850032
1995-08-18 05:33:00,222.239,88.703735
1995-08-18 05:35:00,32.528999999999996,92.13824
1995-08-18 05:36:00,59.882999999999996,92.12851
1995-08-18 05:37:00,16.761,88.57153
1995-08-18 05:38:00,42.48,80.81124
1995-08-18 05:39:00,57.294,109.17408
1995-08-18 05:40:00,196.92,101.70558
1995-08-18 05:41:00,101.693,124.00907
1995-08-18 05:42:00,189.753,141.84485
1995-08-18 05:43:00,49.009,93.45539
1995-08-18 05:45:00,502.59000000000003,228.16637
1995-08-18 05:46:00,160.079,257.08905
1995-08-18 05:47:00,87.148,164.40224
1995-08-18 05:48:00,142.9,145.30904
1995-08-18 05:49:00,51.556,124.85443
1995-08-18 05:50:00,111.268,274.01904
1995-08-18 05:51:00,260.979,173.64378
1995-08-18 05:52:00,156.672,136.00139
1995-08-18 05:53:00,250.981,225.9853
1995-08-18 05:54:00,152.086,199.46451
1995-08-18 05:55:00,368.926,260.26697
1995-08-18 05:56:00,155.698,169.73651
1995-08-18 05:57:00,314.719,477.9303
1995-08-18 05:58:00,207.076,353.81982
1995-08-18 05:59:00,312.408,171.7299
1995-08-18 06:00:00,121.49099999999999,161.20331
1995-08-18 06:01:00,182.48,189.62534
1995-08-18 06:02:00,116.187,208.06818
1995-08-18 06:03:00,144.738,172.0435
1995-08-18 06:04:00,88.04,126.43187
1995-08-18 06:05:00,144.837,233.57774
1995-08-18 06:06:00,122.754,249.19464
1995-08-18 06:07:00,124.04299999999999,279.3873
1995-08-18 06:08:00,331.26800000000003,315.34836
1995-08-18 06:09:00,223.62199999999999,286.65732
1995-08-18 06:10:00,121.944,311.2745
1995-08-18 06:11:00,364.367,179.0802
1995-08-18 06:12:00,292.722,242.41473
1995-08-18 06:13:00,241.482,244.22035
1995-08-18 06:14:00,66.766,286.17462
1995-08-18 06:15:00,139.805,183.96237
1995-08-18 06:16:00,36.168,117.69814
1995-08-18 06:17:00,154.914,249.50299
1995-08-18 06:18:00,116.798,269.50723
1995-08-18 06:19:00,131.24,148.18726
1995-08-18 06:20:00,111.19399999999999,110.79845
1995-08-18 06:21:00,115.146,163.89014
1995-08-18 06:22:00,143.743,149.53131
1995-08-18 06:23:00,42.337,139.29857
1995-08-18 06:24:00,149.042,242.55382
1995-08-18 06:25:00,346.64500000000004,152.69972
1995-08-18 06:26:00,297.49,146.24149
1995-08-18 06:27:00,252.05,103.07671
1995-08-18 06:28:00,141.802,131.46408
1995-08-18 06:29:00,225.503,186.31075
1995-08-18 06:30:00,239.0,218.27089
1995-08-18 06:31:00,33.120999999999995,97.97447
1995-08-18 06:32:00,92.853,170.42142
1995-08-18 06:33:00,55.92,146.32344
1995-08-18 06:34:00,49.378,176.64458
1995-08-18 06:35:00,136.861,111.68626
1995-08-18 06:36:00,26.116,95.20667
1995-08-18 06:37:00,141.46800000000002,93.08266
1995-08-18 06:38:00,641.848,291.84924
1995-08-18 06:39:00,43.875,198.3348
1995-08-18 06:40:00,259.187,186.04771
1995-08-18 06:41:00,103.858,181.52989
1995-08-18 06:42:00,252.42499999999998,115.43501
1995-08-18 06:43:00,439.986,271.11832
1995-08-18 06:44:00,219.769,315.54318
1995-08-18 06:45:00,132.202,233.23604
1995-08-18 06:46:00,71.36,185.52295
1995-08-18 06:47:00,199.972,123.19846
1995-08-18 06:48:00,65.718,184.73906
1995-08-18 06:49:00,56.009,116.10998
1995-08-18 06:50:00,136.181,67.309
1995-08-18 06:51:00,62.391,169.9629
1995-08-18 06:52:00,908.189,217.19087
1995-08-18 06:53:00,216.675,351.86667
1995-08-18 06:54:00,248.591,302.93533
1995-08-18 06:55:00,531.812,351.84967
1995-08-18 06:56:00,1010.7900000000001,399.3788
1995-08-18 06:57:00,337.69100000000003,447.8437
1995-08-18 06:58:00,378.424,473.73077
1995-08-18 06:59:00,715.6569999999999,262.20312
1995-08-18 07:00:00,300.39,425.9058
1995-08-18 07:01:00,234.13,412.09137
1995-08-18 07:02:00,387.605,400.4936
1995-08-18 07:03:00,759.5669999999999,385.71014
1995-08-18 07:04:00,304.554,413.3075
1995-08-18 07:05:00,239.65,374.67657
1995-08-18 07:06:00,246.357,409.1228
1995-08-18 07:07:00,239.14199999999997,274.16293
1995-08-18 07:08:00,439.149,284.6299
1995-08-18 07:09:00,418.267,555.262
1995-08-18 07:10:00,680.657,443.2991
1995-08-18 07:11:00,673.941,425.46918
1995-08-18 07:12:00,478.389,439.884
1995-08-18 07:13:00,425.708,483.89313
1995-08-18 07:14:00,378.93600000000004,488.5038
1995-08-18 07:15:00,752.491,463.5634
1995-08-18 07:16:00,540.366,430.4302
1995-08-18 07:17:00,1008.536,653.67377
1995-08-18 07:18:00,618.794,600.53467
1995-08-18 07:19:00,281.764,533.11774
1995-08-18 07:20:00,483.524,465.15485
1995-08-18 07:21:00,471.238,363.1453
1995-08-18 07:22:00,678.975,589.4217
1995-08-18 07:23:00,2036.4009999999998,385.01062
1995-08-18 07:24:00,632.943,429.5617
1995-08-18 07:25:00,143.719,273.5137
1995-08-18 07:26:00,328.939,440.00595
1995-08-18 07:27:00,233.169,550.84894
1995-08-18 07:28:00,542.646,464.09955
1995-08-18 07:29:00,284.15500000000003,479.6239
1995-08-18 07:30:00,147.314,312.8765
1995-08-18 07:31:00,223.128,230.50127
1995-08-18 07:32:00,203.483,237.85036
1995-08-18 07:33:00,426.425,467.24094
1995-08-18 07:34:00,196.4,404.53574
1995-08-18 07:35:00,360.73400000000004,359.37323
1995-08-18 07:36:00,386.943,512.9995
1995-08-18 07:37:00,991.491,467.0898
1995-08-18 07:38:00,374.071,311.30026
1995-08-18 07:39:00,241.59799999999998,578.2217
1995-08-18 07:40:00,306.647,520.74713
1995-08-18 07:41:00,281.818,681.86755
1995-08-18 07:42:00,340.084,623.87164
1995-08-18 07:43:00,320.917,408.39438
1995-08-18 07:44:00,258.894,568.9397
1995-08-18 07:45:00,210.438,318.63293
1995-08-18 07:46:00,332.26800000000003,509.34985
1995-08-18 07:47:00,718.125,660.1715
1995-08-18 07:48:00,330.22,517.3004
1995-08-18 07:49:00,234.324,294.67194
1995-08-18 07:50:00,65.734,244.6084
1995-08-18 07:51:00,208.541,423.56616
1995-08-18 07:52:00,301.323,341.0424
1995-08-18 07:53:00,260.642,264.8166
1995-08-18 07:54:00,318.565,433.8407
1995-08-18 07:55:00,159.636,390.47964
1995-08-18 07:56:00,1017.203,370.52258
1995-08-18 07:57:00,325.716,381.00296
1995-08-18 07:58:00,240.485,427.8236
1995-08-18 07:59:00,49.736,235.37753
1995-08-18 08:00:00,321.469,356.24567
1995-08-18 08:01:00,356.841,515.1459
1995-08-18 08:02:00,234.512,397.97977
1995-08-18 08:03:00,509.33700000000005,485.42526
1995-08-18 08:04:00,183.309,402.5204
1995-08-18 08:05:00,776.667,432.14005
1995-08-18 08:06:00,750.37,727.292
1995-08-18 08:07:00,491.027,622.03534
1995-08-18 08:08:00,608.472,599.7819
1995-08-18 08:09:00,591.775,447.20654
1995-08-18 08:10:00,322.644,493.0123
1995-08-18 08:11:00,613.053,566.842
1995-08-18 08:12:00,698.249,535.0331
1995-08-18 08:13:00,1522.1939999999997,586.44183
1995-08-18 08:14:00,340.33099999999996,576.00397
1995-08-18 08:15:00,1969.077,501.86087
1995-08-18 08:16:00,197.993,452.06903
1995-08-18 08:17:00,993.9459999999999,462.26355
1995-08-18 08:18:00,246.763,667.84784
1995-08-18 08:19:00,1115.317,516.1002
1995-08-18 08:20:00,627.657,759.6696
1995-08-18 08:21:00,175.745,574.77045
1995-08-18 08:22:00,217.196,342.6678
1995-08-18 08:23:00,146.72,332.32953
1995-08-18 08:24:00,284.443,403.7682
1995-08-18 08:25:00,294.099,634.9971
1995-08-18 08:26:00,599.274,628.2023
1995-08-18 08:27:00,506.7,494.1018
1995-08-18 08:28:00,357.01300000000003,652.08673
1995-08-18 08:29:00,379.22,545.77356
1995-08-18 08:30:00,720.645,682.6403
1995-08-18 08:31:00,424.069,573.33307
1995-08-18 08:32:00,780.39,588.6741
1995-08-18 08:33:00,493.231,606.1491
1995-08-18 08:34:00,76.043,396.7572
1995-08-18 08:35:00,757.836,529.06104
1995-08-18 08:36:00,469.614,529.52124
1995-08-18 08:37:00,490.839,548.72894
1995-08-18 08:38:00,330.09999999999997,591.8696
1995-08-18 08:39:00,540.945,505.03647
1995-08-18 08:40:00,369.17199999999997,669.8381
1995-08-18 08:41:00,852.4970000000001,518.6469
1995-08-18 08:42:00,1558.781,489.05545
1995-08-18 08:43:00,868.249,698.9799
1995-08-18 08:44:00,1148.949,773.2177
1995-08-18 08:45:00,434.619,685.2228
1995-08-18 08:46:00,771.467,915.00745
1995-08-18 08:47:00,639.432,640.2167
1995-08-18 08:48:00,540.015,673.3271
1995-08-18 08:49:00,935.666,924.3443
1995-08-18 08:50:00,563.047,1100.3547
1995-08-18 08:51:00,1570.107,851.73175
1995-08-18 08:52:00,458.73,421.71457
1995-08-18 08:53:00,781.401,827.5779
1995-08-18 08:54:00,1149.702,918.19275
1995-08-18 08:55:00,955.841,909.4927
1995-08-18 08:56:00,862.486,653.80676
1995-08-18 08:57:00,1036.387,979.5938
1995-08-18 08:58:00,1477.115,868.6748
1995-08-18 08:59:00,660.12,907.8504
1995-08-18 09:00:00,1178.166,872.64166
1995-08-18 09:01:00,1024.417,770.63666
1995-08-18 09:02:00,1275.954,993.5623
1995-08-18 09:03:00,681.013,733.9928
1995-08-18 09:04:00,787.3660000000001,559.02826
1995-08-18 09:05:00,327.625,813.18884
1995-08-18 09:06:00,154.274,607.4495
1995-08-18 09:07:00,413.405,579.332
1995-08-18 09:08:00,363.52500000000003,482.5876
1995-08-18 09:09:00,1227.451,587.88226
1995-08-18 09:10:00,407.447,588.73987
1995-08-18 09:11:00,653.7339999999999,598.41266
1995-08-18 09:12:00,399.226,623.1924
1995-08-18 09:13:00,596.428,503.51547
1995-08-18 09:14:00,1327.787,636.2615
1995-08-18 09:15:00,1015.8309999999999,690.6349
1995-08-18 09:16:00,514.263,663.2184
1995-08-18 09:17:00,1375.552,753.07446
1995-08-18 09:18:00,679.461,880.26196
1995-08-18 09:19:00,829.647,658.6052
1995-08-18 09:20:00,745.801,622.2234
1995-08-18 09:21:00,1084.971,832.3596
1995-08-18 09:22:00,825.174,786.797
1995-08-18 09:23:00,243.16400000000002,664.8658
1995-08-18 09:24:00,2023.828,586.1047
1995-08-18 09:25:00,447.24,673.35535
1995-08-18 09:26:00,212.36700000000002,559.99896
1995-08-18 09:27:00,387.217,614.04956
1995-08-18 09:28:00,1265.29,578.3775
1995-08-18 09:29:00,387.731,831.0509
1995-08-18 09:30:00,629.338,721.9632
1995-08-18 09:31:00,742.256,535.6277
1995-08-18 09:32:00,476.376,664.29675
1995-08-18 09:33:00,289.467,614.90216
1995-08-18 09:34:00,2158.589,767.6518
1995-08-18 09:35:00,441.981,917.63544
1995-08-18 09:36:00,681.9549999999999,780.7618
1995-08-18 09:37:00,658.805,877.6257
1995-08-18 09:38:00,583.406,817.1323
1995-08-18 09:39:00,1057.068,695.0793
1995-08-18 09:40:00,694.294,820.1116
1995-08-18 09:41:00,475.879,791.91376
1995-08-18 09:42:00,906.712,764.6945
1995-08-18 09:43:00,595.994,681.81384
1995-08-18 09:44:00,587.082,791.9278
1995-08-18 09:45:00,105.12899999999999,375.15805
1995-08-18 09:46:00,1426.307,738.2782
1995-08-18 09:47:00,792.745,738.275
1995-08-18 09:48:00,529.114,735.73
1995-08-18 09:49:00,496.567,761.051
1995-08-18 09:50:00,674.106,892.26324
1995-08-18 09:51:00,812.915,791.3559
1995-08-18 09:52:00,743.302,790.2451
1995-08-18 09:53:00,1014.395,871.2705
1995-08-18 09:54:00,592.031,893.39014
1995-08-18 09:55:00,2369.093,725.76904
1995-08-18 09:56:00,1068.359,783.7897
1995-08-18 09:57:00,846.272,833.58563
1995-08-18 09:58:00,1206.456,914.38086
1995-08-18 09:59:00,606.7379999999999,1198.5293
1995-08-18 10:00:00,555.2049999999999,795.58636
1995-08-18 10:01:00,985.342,789.9735
1995-08-18 10:02:00,740.778,879.8792
1995-08-18 10:03:00,391.216,981.502
1995-08-18 10:04:00,2141.532,559.6171
1995-08-18 10:05:00,812.379,740.88184
1995-08-18 10:06:00,459.035,881.67834
1995-08-18 10:07:00,869.192,854.49146
1995-08-18 10:08:00,1571.995,1067.9677
1995-08-18 10:09:00,763.0999999999999,1095.3759
1995-08-18 10:10:00,1656.1009999999999,845.47345
1995-08-18 10:11:00,1742.9070000000002,1205.5629
1995-08-18 10:12:00,391.062,871.46185
1995-08-18 10:13:00,417.373,769.1285
1995-08-18 10:14:00,526.5219999999999,1040.9087
1995-08-18 10:15:00,358.664,824.9523
1995-08-18 10:16:00,909.961,775.2049
1995-08-18 10:17:00,676.959,821.5023
1995-08-18 10:18:00,996.1880000000001,808.3117
1995-08-18 10:19:00,636.395,728.1211
1995-08-18 10:20:00,410.451,622.3019
1995-08-18 10:21:00,415.755,798.86615
1995-08-18 10:22:00,443.022,723.89905
1995-08-18 10:23:00,473.275,756.95087
1995-08-18 10:24:00,803.021,652.4088
1995-08-18 10:25:00,348.53700000000003,777.87665
1995-08-18 10:26:00,502.273,711.91907
1995-08-18 10:27:00,693.972,731.9562
1995-08-18 10:28:00,832.394,697.9353
1995-08-18 10:29:00,325.597,512.22974
1995-08-18 10:30:00,780.8059999999999,541.54724
1995-08-18 10:31:00,935.976,800.75867
1995-08-18 10:32:00,574.457,736.4706
1995-08-18 10:33:00,596.082,714.1652
1995-08-18 10:34:00,287.814,726.1666
1995-08-18 10:35:00,699.333,905.3533
1995-08-18 10:36:00,391.152,658.9963
1995-08-18 10:37:00,1506.623,597.9592
1995-08-18 10:38:00,222.292,764.4054
1995-08-18 10:39:00,453.714,701.31256
1995-08-18 10:40:00,707.187,855.1566
1995-08-18 10:41:00,717.7660000000001,744.097
1995-08-18 10:42:00,689.416,719.2765
1995-08-18 10:43:00,742.065,735.9552
1995-08-18 10:44:00,1127.991,942.38184
1995-08-18 10:45:00,2424.306,1000.06165
1995-08-18 10:46:00,1415.529,1244.1678
1995-08-18 10:47:00,669.095,1168.4023
1995-08-18 10:48:00,1297.5729999999999,1146.6714
1995-08-18 10:49:00,1429.471,1242.6571
1995-08-18 10:50:00,2534.4390000000003,969.0327
1995-08-18 10:51:00,2163.962,998.0455
1995-08-18 10:52:00,497.93399999999997,1060.5131
1995-08-18 10:53:00,2158.2799999999997,958.9474
1995-08-18 10:54:00,430.84499999999997,1021.35046
1995-08-18 10:55:00,493.59,929.05054
1995-08-18 10:56:00,347.49399999999997,732.30786
1995-08-18 10:57:00,561.402,719.50525
1995-08-18 10:58:00,1249.349,722.78204
1995-08-18 10:59:00,566.929,901.6863
1995-08-18 11:00:00,614.66,719.88605
1995-08-18 11:01:00,572.5889999999999,740.1086
1995-08-18 11:02:00,375.51099999999997,833.2204
1995-08-18 11:03:00,529.5169999999999,728.8602
1995-08-18 11:04:00,335.891,762.4531
1995-08-18 11:05:00,333.019,803.24445
1995-08-18 11:06:00,940.73,603.8008
1995-08-18 11:07:00,426.808,583.2675
1995-08-18 11:08:00,711.987,795.63043
1995-08-18 11:09:00,625.048,687.3129
1995-08-18 11:10:00,669.9,692.19525
1995-08-18 11:11:00,856.718,772.9128
1995-08-18 11:12:00,833.376,711.1227
1995-08-18 11:13:00,1313.206,1069.0723
1995-08-18 11:14:00,1070.791,1118.9785
1995-08-18 11:15:00,905.268,770.481
1995-08-18 11:16:00,893.174,966.39056
1995-08-18 11:17:00,966.5699999999999,985.4711
1995-08-18 11:18:00,1044.487,1177.4982
1995-08-18 11:19:00,1494.1799999999998,1195.1627
1995-08-18 11:20:00,2270.901,979.6275
1995-08-18 11:21:00,1934.356,1495.4567
1995-08-18 11:22:00,1723.566,1557.8574
1995-08-18 11:23:00,1086.508,1164.908
1995-08-18 11:24:00,1888.577,1252.9504
1995-08-18 11:25:00,2862.889,1455.5847
1995-08-18 11:26:00,794.475,1575.6582
1995-08-18 11:27:00,566.116,1122.8158
1995-08-18 11:28:00,900.8109999999999,1083.4298
1995-08-18 11:29:00,1223.137,1081.926
1995-08-18 11:30:00,869.177,1255.115
1995-08-18 11:31:00,1201.338,1423.2786
1995-08-18 11:32:00,1815.72,1130.0702
1995-08-18 11:33:00,914.1460000000001,1222.3949
1995-08-18 11:34:00,1605.424,1189.924
1995-08-18 11:35:00,1460.374,1423.7683
1995-08-18 11:36:00,1342.633,1265.0828
1995-08-18 11:37:00,543.826,1274.1254
1995-08-18 11:38:00,1134.883,911.71564
1995-08-18 11:39:00,466.337,1037.983
1995-08-18 11:40:00,450.221,692.8299
1995-08-18 11:41:00,917.54,894.7085
1995-08-18 11:42:00,504.892,1101.722
1995-08-18 11:43:00,734.734,978.3718
1995-08-18 11:44:00,923.3149999999999,1000.01434
1995-08-18 11:45:00,1463.407,1024.7261
1995-08-18 11:46:00,859.506,1042.4386
1995-08-18 11:47:00,588.285,891.4054
1995-08-18 11:48:00,559.929,1097.8914
1995-08-18 11:49:00,810.698,795.7835
1995-08-18 11:50:00,718.042,981.5301
1995-08-18 11:51:00,758.41,718.6407
1995-08-18 11:52:00,618.273,722.5688
1995-08-18 11:53:00,1554.2649999999999,705.1575
1995-08-18 11:54:00,355.148,621.76086
1995-08-18 11:55:00,325.894,654.09753
1995-08-18 11:56:00,208.375,532.3199
1995-08-18 11:57:00,372.254,463.01923
1995-08-18 11:58:00,657.479,606.9704
1995-08-18 11:59:00,620.626,771.7129
1995-08-18 12:00:00,763.783,765.43207
1995-08-18 12:01:00,1190.31,866.1662
1995-08-18 12:02:00,1344.657,932.5896
1995-08-18 12:03:00,1458.25,1122.58
1995-08-18 12:04:00,667.715,1170.421
1995-08-18 12:05:00,1329.6860000000001,1017.36035
1995-08-18 12:06:00,422.8,747.05176
1995-08-18 12:07:00,409.71299999999997,787.8454
1995-08-18 12:08:00,318.437,722.9943
1995-08-18 12:09:00,767.337,706.2156
1995-08-18 12:10:00,611.188,750.7423
1995-08-18 12:11:00,568.026,603.4955
1995-08-18 12:12:00,405.674,663.0844
1995-08-18 12:13:00,263.781,623.85645
1995-08-18 12:14:00,674.279,501.47186
1995-08-18 12:15:00,869.203,661.18463
1995-08-18 12:16:00,373.385,645.6012
1995-08-18 12:17:00,1646.158,625.8766
1995-08-18 12:18:00,946.698,894.7888
1995-08-18 12:19:00,395.956,817.95746
1995-08-18 12:20:00,808.13,918.29535
1995-08-18 12:21:00,848.4689999999999,647.3465
1995-08-18 12:22:00,394.892,910.61566
1995-08-18 12:23:00,963.704,731.62463
1995-08-18 12:24:00,362.969,621.6008
1995-08-18 12:25:00,325.981,579.8976
1995-08-18 12:26:00,1464.324,601.30444
1995-08-18 12:27:00,1407.074,634.1752
1995-08-18 12:28:00,540.228,889.1971
1995-08-18 12:29:00,296.784,846.1276
1995-08-18 12:30:00,558.514,740.9703
1995-08-18 12:31:00,1679.313,942.5748
1995-08-18 12:32:00,1178.786,1209.9907
1995-08-18 12:33:00,1235.297,729.3748
1995-08-18 12:34:00,462.498,948.06506
1995-08-18 12:35:00,968.116,988.9076
1995-08-18 12:36:00,1559.849,1204.3794
1995-08-18 12:37:00,673.875,915.41943
1995-08-18 12:38:00,575.787,702.7376
1995-08-18 12:39:00,1253.964,1075.2288
1995-08-18 12:40:00,1622.9470000000001,942.0661
1995-08-18 12:41:00,944.3689999999999,994.6133
1995-08-18 12:42:00,379.421,765.41046
1995-08-18 12:43:00,301.654,592.2279
1995-08-18 12:44:00,519.181,597.85986
1995-08-18 12:45:00,345.513,572.47516
1995-08-18 12:46:00,853.201,711.5242
1995-08-18 12:47:00,1764.064,1143.3833
1995-08-18 12:48:00,753.351,1111.3438
1995-08-18 12:49:00,933.2719999999999,1160.2418
1995-08-18 12:50:00,1570.798,721.263
1995-08-18 12:51:00,1898.953,952.03174
1995-08-18 12:52:00,1037.708,1018.5556
1995-08-18 12:53:00,1046.741,1047.636
1995-08-18 12:54:00,1253.244,1163.8755
1995-08-18 12:55:00,1612.279,1203.2144
1995-08-18 12:56:00,606.734,1109.1876
1995-08-18 12:57:00,445.533,923.86346
1995-08-18 12:58:00,475.12,723.16077
1995-08-18 12:59:00,1441.3380000000002,651.2362
1995-08-18 13:00:00,390.355,758.20605
1995-08-18 13:01:00,636.962,710.88434
1995-08-18 13:02:00,2533.844,828.8392
1995-08-18 13:03:00,688.235,1036.9556
1995-08-18 13:04:00,894.4909999999999,947.22186
1995-08-18 13:05:00,1108.3029999999999,1071.5049
1995-08-18 13:06:00,709.452,1250.3098
1995-08-18 13:07:00,1174.065,1072.3915
1995-08-18 13:08:00,2218.377,1124.9264
1995-08-18 13:09:00,819.641,1389.4152
1995-08-18 13:10:00,1078.854,1038.3577
1995-08-18 13:11:00,2187.886,1243.7256
1995-08-18 13:12:00,1386.067,1411.9644
1995-08-18 13:13:00,1089.918,1071.0208
1995-08-18 13:14:00,1058.604,818.69666
1995-08-18 13:15:00,943.517,1016.6681
1995-08-18 13:16:00,844.695,1024.5989
1995-08-18 13:17:00,325.503,977.04504
1995-08-18 13:18:00,1772.435,951.54517
1995-08-18 13:19:00,1840.728,1097.6666
1995-08-18 13:20:00,1544.524,1316.5452
1995-08-18 13:21:00,1787.3899999999999,1072.9573
1995-08-18 13:22:00,2436.7580000000003,1442.52
1995-08-18 13:23:00,622.47,1618.6256
1995-08-18 13:24:00,656.675,1156.6626
1995-08-18 13:25:00,559.637,1149.9382
1995-08-18 13:26:00,900.811,1113.6476
1995-08-18 13:27:00,991.598,1293.29
1995-08-18 13:28:00,1857.26,1076.8773
1995-08-18 13:29:00,1441.138,1265.8848
1995-08-18 13:30:00,994.74,1331.1127
1995-08-18 13:31:00,684.5930000000001,1330.4547
1995-08-18 13:32:00,2100.995,1305.8276
1995-08-18 13:33:00,734.564,1379.7906
1995-08-18 13:34:00,778.774,1127.6587
1995-08-18 13:35:00,691.9540000000001,1061.4135
1995-08-18 13:36:00,1390.431,882.31793
1995-08-18 13:37:00,395.053,944.58136
1995-08-18 13:38:00,1520.79,962.28
1995-08-18 13:39:00,3426.309,1263.695
1995-08-18 13:40:00,680.896,1210.6775
1995-08-18 13:41:00,643.843,1404.5061
1995-08-18 13:42:00,533.167,1033.5911
1995-08-18 13:43:00,1014.407,953.79297
1995-08-18 13:44:00,770.958,1023.0957
1995-08-18 13:45:00,2086.837,1072.8948
1995-08-18 13:46:00,1405.007,1189.5186
1995-08-18 13:47:00,2196.245,1159.2323
1995-08-18 13:48:00,773.95,1342.386
1995-08-18 13:49:00,2172.49,1227.9208
1995-08-18 13:50:00,1283.049,1116.6658
1995-08-18 13:51:00,2026.9510000000002,1320.772
1995-08-18 13:52:00,880.7090000000001,1195.7606
1995-08-18 13:53:00,2152.826,1140.3092
1995-08-18 13:54:00,1927.064,1335.2537
1995-08-18 13:55:00,667.797,1207.1011
1995-08-18 13:56:00,1412.513,1148.7856
1995-08-18 13:57:00,1076.747,1353.6249
1995-08-18 13:58:00,1811.464,1367.9945
1995-08-18 13:59:00,702.021,1402.7091
1995-08-18 14:00:00,1885.5840000000003,1260.5178
1995-08-18 14:01:00,1917.771,1134.867
1995-08-18 14:02:00,1474.329,1502.1692
1995-08-18 14:03:00,838.802,1488.9397
1995-08-18 14:04:00,927.685,1435.9026
1995-08-18 14:05:00,1064.471,1595.0104
1995-08-18 14:06:00,1356.941,1487.2717
1995-08-18 14:07:00,1259.417,1569.7031
1995-08-18 14:08:00,2268.981,1600.7681
1995-08-18 14:09:00,549.1370000000001,1155.4465
1995-08-18 14:10:00,389.656,1032.3373
1995-08-18 14:11:00,1156.002,1057.2124
1995-08-18 14:12:00,881.68,952.0272
1995-08-18 14:13:00,702.568,982.58344
1995-08-18 14:14:00,1743.626,949.76135
1995-08-18 14:15:00,968.1410000000001,1339.1697
1995-08-18 14:16:00,552.529,1483.9019
1995-08-18 14:17:00,2110.393,1407.8302
1995-08-18 14:18:00,435.78,988.2078
1995-08-18 14:19:00,1755.865,897.46204
1995-08-18 14:20:00,285.353,937.50964
1995-08-18 14:21:00,388.326,822.9819
1995-08-18 14:22:00,1056.655,831.582
1995-08-18 14:23:00,1924.4489999999998,1200.6578
1995-08-18 14:24:00,1859.4080000000001,1127.0206
1995-08-18 14:25:00,1087.714,892.7375
1995-08-18 14:26:00,849.709,948.7618
1995-08-18 14:27:00,1494.827,941.93524
1995-08-18 14:28:00,325.716,1068.6167
1995-08-18 14:29:00,595.007,1152.5111
1995-08-18 14:30:00,2228.738,1135.366
1995-08-18 14:31:00,652.722,929.90955
1995-08-18 14:32:00,427.388,817.99414
1995-08-18 14:33:00,185.85999999999999,710.68036
1995-08-18 14:34:00,1008.2,480.21097
1995-08-18 14:35:00,501.831,774.6174
1995-08-18 14:36:00,201.709,551.4569
1995-08-18 14:37:00,1478.767,594.5974
1995-08-18 14:38:00,323.087,654.8092
1995-08-18 14:39:00,1386.7210000000002,713.49475
1995-08-18 14:40:00,376.733,929.3952
1995-08-18 14:41:00,916.375,913.6714
1995-08-18 14:42:00,1287.896,1073.6688
1995-08-18 14:43:00,1044.539,948.6744
1995-08-18 14:44:00,1398.338,866.6518
1995-08-18 14:45:00,645.141,724.5609
1995-08-18 14:46:00,941.1560000000001,816.7103
1995-08-18 14:47:00,1307.8139999999999,915.21014
1995-08-18 14:48:00,1666.335,1062.6157
1995-08-18 14:49:00,1092.598,1058.3959
1995-08-18 14:50:00,441.242,1088.2754
1995-08-18 14:51:00,416.544,948.61914
1995-08-18 14:52:00,2377.158,1085.9763
1995-08-18 14:53:00,585.408,1073.6339
1995-08-18 14:54:00,1085.6399999999999,804.01447
1995-08-18 14:55:00,1258.4810000000002,610.68146
1995-08-18 14:56:00,2278.254,879.369
1995-08-18 14:57:00,881.586,939.4512
1995-08-18 14:58:00,860.752,1085.7385
1995-08-18 14:59:00,480.467,786.6971
1995-08-18 15:00:00,1052.917,879.33545
1995-08-18 15:01:00,1207.761,772.81836
1995-08-18 15:02:00,1198.204,673.10077
1995-08-18 15:03:00,3093.036,983.03656
1995-08-18 15:04:00,2684.574,1233.3043
1995-08-18 15:05:00,2314.273,1319.2538
1995-08-18 15:06:00,2143.379,1497.5925
1995-08-18 15:07:00,1407.363,1273.7806
1995-08-18 15:08:00,2332.2,1472.5935
1995-08-18 15:09:00,603.814,1463.6094
1995-08-18 15:10:00,453.698,1019.53033
1995-08-18 15:11:00,767.393,1081.014
1995-08-18 15:12:00,708.462,1141.4407
1995-08-18 15:13:00,2463.625,960.9287
1995-08-18 15:14:00,715.797,893.6179
1995-08-18 15:15:00,1973.786,1001.3403
1995-08-18 15:16:00,1945.142,1218.4049
1995-08-18 15:17:00,686.662,1342.6974
1995-08-18 15:18:00,1455.475,1397.2179
1995-08-18 15:19:00,1810.973,1485.5979
1995-08-18 15:20:00,563.936,1143.1993
1995-08-18 15:21:00,1525.6870000000001,1123.9342
1995-08-18 15:22:00,1683.052,1071.7566
1995-08-18 15:23:00,867.698,1036.0988
1995-08-18 15:24:00,488.138,960.09106
1995-08-18 15:25:00,2044.485,1207.4359
1995-08-18 15:26:00,1360.183,982.4695
1995-08-18 15:27:00,911.899,1036.1106
1995-08-18 15:28:00,715.63,1254.87
1995-08-18 15:29:00,1320.844,1435.1346
1995-08-18 15:30:00,1776.032,1385.4851
1995-08-18 15:31:00,1350.452,1501.2836
1995-08-18 15:32:00,1864.587,1595.1229
1995-08-18 15:33:00,460.54200000000003,1065.142
1995-08-18 15:34:00,756.207,977.8209
1995-08-18 15:35:00,2285.754,1082.3
1995-08-18 15:36:00,610.2230000000001,1138.9408
1995-08-18 15:37:00,1060.387,874.8152
1995-08-18 15:38:00,525.5,970.8286
1995-08-18 15:39:00,1580.6650000000002,949.29
1995-08-18 15:40:00,1205.31,1195.0778
1995-08-18 15:41:00,592.671,988.6896
1995-08-18 15:42:00,1489.5,865.993
1995-08-18 15:43:00,963.938,1190.2914
1995-08-18 15:44:00,686.5799999999999,835.4514
1995-08-18 15:45:00,766.8430000000001,834.84894
1995-08-18 15:46:00,1175.0720000000001,1113.9596
1995-08-18 15:47:00,803.932,1077.4701
1995-08-18 15:48:00,741.22,1010.34064
1995-08-18 15:49:00,666.825,1358.8904
1995-08-18 15:50:00,637.981,1107.6831
1995-08-18 15:51:00,877.437,956.17847
1995-08-18 15:52:00,987.904,980.266
1995-08-18 15:53:00,669.266,824.2413
1995-08-18 15:54:00,796.886,1115.7484
1995-08-18 15:55:00,668.815,1029.5424
1995-08-18 15:56:00,2507.491,1056.4639
1995-08-18 15:57:00,1028.087,1305.8738
1995-08-18 15:58:00,829.491,1255.1
1995-08-18 15:59:00,836.7370000000001,1192.6648
1995-08-18 16:00:00,441.488,685.09845
1995-08-18 16:01:00,642.134,890.5556
1995-08-18 16:02:00,904.9250000000001,930.31177
1995-08-18 16:03:00,878.915,1083.8984
1995-08-18 16:04:00,761.864,942.7458
1995-08-18 16:05:00,2535.576,1262.134
1995-08-18 16:06:00,2545.48,1443.108
1995-08-18 16:07:00,1594.33,1493.6489
1995-08-18 16:08:00,2427.561,1332.4047
1995-08-18 16:09:00,2683.881,1568.3458
1995-08-18 16:10:00,2801.993,1565.3241
1995-08-18 16:11:00,2180.188,1351.8717
1995-08-18 16:12:00,1338.1019999999999,1819.9185
1995-08-18 16:13:00,2067.77,1567.3622
1995-08-18 16:14:00,919.969,1413.129
1995-08-18 16:15:00,1161.972,1388.3414
1995-08-18 16:16:00,788.6719999999999,765.3575
1995-08-18 16:17:00,1249.742,1139.274
1995-08-18 16:18:00,733.518,1327.3132
1995-08-18 16:19:00,734.313,1229.8179
1995-08-18 16:20:00,847.6610000000001,1105.3773
1995-08-18 16:21:00,814.036,1226.2207
1995-08-18 16:22:00,640.862,1012.7156
1995-08-18 16:23:00,723.032,1211.7937
1995-08-18 16:24:00,457.861,748.6022
1995-08-18 16:25:00,402.414,970.9408
1995-08-18 16:26:00,1973.813,654.5425
1995-08-18 16:27:00,813.399,1151.3126
1995-08-18 16:28:00,1434.069,1219.4595
1995-08-18 16:29:00,560.144,1098.0968
1995-08-18 16:30:00,605.133,951.1106
1995-08-18 16:31:00,386.92,857.4897
1995-08-18 16:32:00,708.457,914.5232
1995-08-18 16:33:00,695.352,861.1374
1995-08-18 16:34:00,529.241,1082.2246
1995-08-18 16:35:00,715.209,729.8883
1995-08-18 16:36:00,1483.061,587.19244
1995-08-18 16:37:00,505.06,822.9229
1995-08-18 16:38:00,1315.972,851.3326
1995-08-18 16:39:00,694.071,1018.56384
1995-08-18 16:40:00,1552.804,792.301
1995-08-18 16:41:00,1032.801,941.9721
1995-08-18 16:42:00,1430.09,935.3877
1995-08-18 16:43:00,684.579,880.8576
1995-08-18 16:44:00,1097.548,709.8352
1995-08-18 16:45:00,329.755,807.2893
1995-08-18 16:46:00,1202.59,832.3513
1995-08-18 16:47:00,538.169,782.5909
1995-08-18 16:48:00,1511.3090000000002,787.4701
1995-08-18 16:49:00,900.486,1147.6432
1995-08-18 16:50:00,1017.466,1168.4202
1995-08-18 16:51:00,889.615,1242.5349
1995-08-18 16:52:00,585.153,1137.1012
1995-08-18 16:53:00,746.621,1046.4465
1995-08-18 16:54:00,229.338,14.9516115
1995-08-18 16:55:00,172.032,1.7796667
1995-08-18 16:56:00,0.0,23.279808
1995-08-18 17:10:00,816.173,551.9307
1995-08-18 17:11:00,818.569,691.52264
1995-08-18 17:15:00,2229.047,735.48096
1995-08-18 17:20:00,1105.844,979.7191
1995-08-18 17:21:00,519.862,646.84216
1995-08-18 17:22:00,961.6949999999999,753.9333
1995-08-18 17:23:00,395.62,558.21967
1995-08-18 17:24:00,566.203,473.2977
1995-08-18 17:25:00,1930.6399999999999,906.0044
1995-08-18 17:26:00,1235.027,950.84235
1995-08-18 17:27:00,351.985,429.81638
1995-08-18 17:28:00,999.949,782.7867
1995-08-18 17:29:00,1309.016,815.5636
1995-08-18 17:30:00,473.745,942.5658
1995-08-18 17:31:00,1179.32,1135.2142
1995-08-18 17:32:00,1183.525,785.69824
1995-08-18 17:33:00,980.735,1068.7887
1995-08-18 17:34:00,895.226,1177.6337
1995-08-18 17:35:00,1746.2670000000003,1107.377
1995-08-18 17:36:00,1226.295,1119.6826
1995-08-18 17:37:00,1021.091,924.9503
1995-08-18 17:38:00,511.73,1061.302
1995-08-18 17:39:00,1864.335,1135.8954
1995-08-18 17:40:00,978.88,957.2361
1995-08-18 17:41:00,1118.924,939.3122
1995-08-18 17:42:00,488.115,619.17175
1995-08-18 17:43:00,555.448,713.5169
1995-08-18 17:44:00,774.759,841.4102
1995-08-18 17:45:00,373.118,892.873
1995-08-18 17:46:00,1831.4850000000001,853.59326
1995-08-18 17:47:00,950.837,921.5537
1995-08-18 17:48:00,1103.21,906.2925
1995-08-18 17:49:00,1787.8709999999999,944.8371
1995-08-18 17:50:00,835.91,982.3335
1995-08-18 17:51:00,743.288,698.65424
1995-08-18 17:52:00,957.349,633.0534
1995-08-18 17:53:00,906.059,765.1825
1995-08-18 17:54:00,1081.638,790.54364
1995-08-18 17:55:00,871.322,587.35516
1995-08-18 17:56:00,613.072,756.0031
1995-08-18 17:57:00,712.332,789.5923
1995-08-18 17:58:00,482.118,625.4875
1995-08-18 17:59:00,782.026,567.53064
1995-08-18 18:00:00,408.5,730.3918
1995-08-18 18:01:00,780.11,682.70557
1995-08-18 18:02:00,604.46,671.18384
1995-08-18 18:03:00,649.92,608.4289
1995-08-18 18:04:00,1620.0149999999999,609.7593
1995-08-18 18:05:00,1689.398,543.67615
1995-08-18 18:06:00,498.224,628.2341
1995-08-18 18:07:00,769.179,898.526
1995-08-18 18:08:00,173.665,646.2975
1995-08-18 18:09:00,566.809,455.31735
1995-08-18 18:10:00,886.405,722.84247
1995-08-18 18:11:00,373.56100000000004,616.7195
1995-08-18 18:12:00,583.629,487.8887
1995-08-18 18:13:00,455.27599999999995,573.11865
1995-08-18 18:14:00,495.268,452.2311
1995-08-18 18:15:00,534.902,525.4873
1995-08-18 18:16:00,341.396,626.46094
1995-08-18 18:17:00,704.558,566.927
1995-08-18 18:18:00,309.173,688.5626
1995-08-18 18:19:00,566.211,481.15036
1995-08-18 18:20:00,1080.637,719.4266
1995-08-18 18:21:00,823.3710000000001,595.2149
1995-08-18 18:22:00,1898.3910000000003,612.93085
1995-08-18 18:23:00,721.107,727.55804
1995-08-18 18:24:00,765.748,673.2528
1995-08-18 18:25:00,424.216,772.6313
1995-08-18 18:26:00,1046.304,761.6352
1995-08-18 18:27:00,860.535,661.442
1995-08-18 18:28:00,2254.032,801.3476
1995-08-18 18:29:00,384.829,638.93994
1995-08-18 18:30:00,744.608,514.20013
1995-08-18 18:31:00,869.733,351.97336
1995-08-18 18:32:00,289.398,432.89374
1995-08-18 18:33:00,84.671,298.48535
1995-08-18 18:34:00,405.13300000000004,410.09766
1995-08-18 18:35:00,862.794,326.89288
1995-08-18 18:36:00,272.61,518.582
1995-08-18 18:37:00,333.206,408.59335
1995-08-18 18:38:00,343.696,385.31665
1995-08-18 18:39:00,835.6510000000001,639.9003
1995-08-18 18:40:00,500.84,549.5836
1995-08-18 18:41:00,1414.561,581.15594
1995-08-18 18:42:00,1679.7350000000001,707.8358
1995-08-18 18:43:00,1515.067,572.38873
1995-08-18 18:44:00,150.719,517.9934
1995-08-18 18:45:00,714.289,528.8341
1995-08-18 18:46:00,435.366,619.5362
1995-08-18 18:47:00,59.059,394.14935
1995-08-18 18:48:00,443.399,459.9334
1995-08-18 18:49:00,607.103,398.6799
1995-08-18 18:50:00,606.8919999999999,409.06158
1995-08-18 18:51:00,454.385,505.78046
1995-08-18 18:52:00,143.16,476.77155
1995-08-18 18:53:00,133.72899999999998,465.35297
1995-08-18 18:54:00,386.182,599.8317
1995-08-18 18:55:00,761.678,640.7382
1995-08-18 18:56:00,431.266,528.3505
1995-08-18 18:57:00,575.579,527.7983
1995-08-18 18:58:00,248.018,500.2906
1995-08-18 18:59:00,391.489,701.24457
1995-08-18 19:00:00,358.656,489.2324
1995-08-18 19:01:00,595.423,485.69043
1995-08-18 19:02:00,370.234,343.81665
1995-08-18 19:03:00,120.137,430.78256
1995-08-18 19:04:00,126.177,352.49503
1995-08-18 19:05:00,317.047,313.00375
1995-08-18 19:06:00,301.865,475.60132
1995-08-18 19:07:00,479.099,534.3373
1995-08-18 19:08:00,151.713,468.21097
1995-08-18 19:09:00,211.314,348.11588
1995-08-18 19:10:00,726.785,439.9435
1995-08-18 19:11:00,231.996,368.899
1995-08-18 19:12:00,567.127,432.1801
1995-08-18 19:13:00,268.28999999999996,263.61356
1995-08-18 19:14:00,81.846,204.2412
1995-08-18 19:15:00,167.257,311.33005
1995-08-18 19:16:00,298.462,229.4043
1995-08-18 19:17:00,213.57999999999998,351.3018
1995-08-18 19:18:00,235.309,271.40118
1995-08-18 19:19:00,527.248,589.9306
1995-08-18 19:20:00,763.593,376.73203
1995-08-18 19:21:00,475.05699999999996,262.71933
1995-08-18 19:22:00,344.688,431.25967
1995-08-18 19:23:00,231.361,406.9008
1995-08-18 19:24:00,911.4660000000001,443.2144
1995-08-18 19:25:00,271.574,607.5142
1995-08-18 19:26:00,277.468,647.7362
1995-08-18 19:27:00,727.514,543.7307
1995-08-18 19:28:00,384.033,536.63043
1995-08-18 19:29:00,389.626,410.28745
1995-08-18 19:30:00,285.897,316.12814
1995-08-18 19:31:00,297.881,369.39758
1995-08-18 19:32:00,1292.267,370.28528
1995-08-18 19:33:00,226.514,236.21886
1995-08-18 19:34:00,1005.719,491.64017
1995-08-18 19:35:00,259.26,483.7565
1995-08-18 19:36:00,334.734,429.36014
1995-08-18 19:37:00,423.413,610.442
1995-08-18 19:38:00,391.43,383.53983
1995-08-18 19:39:00,332.84,576.07056
1995-08-18 19:40:00,238.115,394.14276
1995-08-18 19:41:00,676.671,292.92126
1995-08-18 19:42:00,239.755,414.15094
1995-08-18 19:43:00,667.7769999999999,314.81512
1995-08-18 19:44:00,191.16200000000003,284.1872
1995-08-18 19:45:00,375.847,413.96292
1995-08-18 19:46:00,658.5699999999999,219.74368
1995-08-18 19:47:00,313.37899999999996,401.758
1995-08-18 19:48:00,560.652,329.0079
1995-08-18 19:49:00,305.96999999999997,478.15826
1995-08-18 19:50:00,780.0449999999998,413.58063
1995-08-18 19:51:00,203.609,526.4404
1995-08-18 19:52:00,548.723,553.3056
1995-08-18 19:53:00,160.364,319.50717
1995-08-18 19:54:00,347.051,457.11795
1995-08-18 19:55:00,354.549,148.55757
1995-08-18 19:56:00,692.306,476.11795
1995-08-18 19:57:00,322.571,464.2189
1995-08-18 19:58:00,423.933,461.33163
1995-08-18 19:59:00,515.368,456.03552
1995-08-18 20:00:00,739.0819999999999,513.4943
1995-08-18 20:01:00,920.616,595.6651
1995-08-18 20:02:00,1069.133,696.836
1995-08-18 20:03:00,505.485,457.37515
1995-08-18 20:04:00,291.018,373.46326
1995-08-18 20:05:00,296.033,407.94934
1995-08-18 20:06:00,207.943,407.38208
1995-08-18 20:07:00,224.287,331.98862
1995-08-18 20:08:00,236.975,319.21768
1995-08-18 20:09:00,424.381,484.08228
1995-08-18 20:10:00,626.944,510.98047
1995-08-18 20:11:00,259.965,312.43185
1995-08-18 20:12:00,388.19100000000003,486.22797
1995-08-18 20:13:00,354.77799999999996,403.7282
1995-08-18 20:14:00,673.698,431.83984
1995-08-18 20:15:00,524.167,438.23993
1995-08-18 20:16:00,1040.525,301.17972
1995-08-18 20:17:00,326.022,306.64417
1995-08-18 20:18:00,507.269,455.0437
1995-08-18 20:19:00,367.84299999999996,384.4344
1995-08-18 20:20:00,738.603,412.2013
1995-08-18 20:21:00,435.647,448.32828
1995-08-18 20:22:00,118.155,287.51657
1995-08-18 20:23:00,314.586,327.86526
1995-08-18 20:24:00,160.85,229.42879
1995-08-18 20:25:00,401.60400000000004,185.68765
1995-08-18 20:26:00,407.332,324.3983
1995-08-18 20:27:00,1082.824,504.0267
1995-08-18 20:28:00,872.428,322.00046
1995-08-18 20:29:00,1699.5649999999998,523.66986
1995-08-18 20:30:00,1421.3419999999999,600.0885
1995-08-18 20:31:00,1797.996,436.05396
1995-08-18 20:32:00,1314.5030000000002,547.00555
1995-08-18 20:33:00,410.994,576.9504
1995-08-18 20:34:00,151.972,543.2945
1995-08-18 20:35:00,50.58,179.58246
1995-08-18 20:36:00,747.436,368.81046
1995-08-18 20:37:00,1099.97,140.00465
1995-08-18 20:38:00,553.84,255.86694
1995-08-18 20:39:00,195.25799999999998,339.68274
1995-08-18 20:40:00,184.082,218.08893
1995-08-18 20:41:00,781.4739999999999,321.1709
1995-08-18 20:42:00,1824.65,548.7953
1995-08-18 20:43:00,200.48000000000002,524.7881
1995-08-18 20:44:00,248.377,501.7803
1995-08-18 20:45:00,352.938,301.07785
1995-08-18 20:46:00,471.26099999999997,535.9602
1995-08-18 20:47:00,565.61,458.18195
1995-08-18 20:48:00,435.89099999999996,418.66644
1995-08-18 20:49:00,417.27,594.92554
1995-08-18 20:50:00,126.05,342.55423
1995-08-18 20:51:00,1176.143,651.73773
1995-08-18 20:52:00,598.7389999999999,580.4327
1995-08-18 20:53:00,616.595,654.35657
1995-08-18 20:54:00,1409.627,739.4004
1995-08-18 20:55:00,1386.845,671.4679
1995-08-18 20:56:00,1273.563,694.98804
1995-08-18 20:57:00,1000.681,731.12067
1995-08-18 20:58:00,785.338,395.34952
1995-08-18 20:59:00,1366.374,543.38403
1995-08-18 21:00:00,953.1560000000001,685.00916
1995-08-18 21:01:00,662.73,452.8029
1995-08-18 21:02:00,685.283,307.93192
1995-08-18 21:03:00,182.406,499.58548
1995-08-18 21:04:00,398.563,475.7036
1995-08-18 21:05:00,520.077,575.26984
1995-08-18 21:06:00,475.647,594.3987
1995-08-18 21:07:00,505.44,774.9351
1995-08-18 21:08:00,1529.9589999999998,717.94476
1995-08-18 21:09:00,1691.0269999999998,741.4173
1995-08-18 21:10:00,236.91400000000002,780.0344
1995-08-18 21:11:00,1087.067,625.9277
1995-08-18 21:12:00,1576.272,679.3795
1995-08-18 21:13:00,302.328,653.065
1995-08-18 21:14:00,651.655,609.07904
1995-08-18 21:15:00,570.404,582.6199
1995-08-18 21:16:00,696.344,581.55
1995-08-18 21:17:00,523.232,485.2075
1995-08-18 21:18:00,691.891,523.0088
1995-08-18 21:19:00,580.741,651.66956
1995-08-18 21:20:00,570.812,646.5034
1995-08-18 21:21:00,593.186,582.3953
1995-08-18 21:22:00,489.015,570.8621
1995-08-18 21:23:00,435.911,615.3922
1995-08-18 21:24:00,1350.574,486.98062
1995-08-18 21:25:00,326.432,407.20062
1995-08-18 21:26:00,469.604,416.9147
1995-08-18 21:27:00,67.849,426.9681
1995-08-18 21:28:00,148.82,372.6699
1995-08-18 21:29:00,155.638,317.19315
1995-08-18 21:30:00,250.981,411.54333
1995-08-18 21:31:00,477.089,493.78934
1995-08-18 21:32:00,76.699,291.63287
1995-08-18 21:33:00,434.361,214.02376
1995-08-18 21:34:00,189.339,296.83365
1995-08-18 21:35:00,212.614,273.86658
1995-08-18 21:36:00,249.426,463.912
1995-08-18 21:37:00,346.16499999999996,475.84775
1995-08-18 21:38:00,298.825,396.61346
1995-08-18 21:39:00,166.428,366.96982
1995-08-18 21:40:00,554.899,319.57288
1995-08-18 21:41:00,326.15,234.34373
1995-08-18 21:42:00,239.049,203.87276
1995-08-18 21:43:00,550.1800000000001,410.05356
1995-08-18 21:44:00,407.99399999999997,436.2987
1995-08-18 21:45:00,1710.8639999999998,432.58267
1995-08-18 21:46:00,44.982,256.2749
1995-08-18 21:47:00,289.465,435.1635
1995-08-18 21:48:00,99.78,367.70926
1995-08-18 21:49:00,256.026,497.35028
1995-08-18 21:50:00,139.64499999999998,399.32974
1995-08-18 21:51:00,226.49,298.03583
1995-08-18 21:52:00,117.421,354.9729
1995-08-18 21:53:00,206.908,344.07965
1995-08-18 21:54:00,205.046,331.45523
1995-08-18 21:55:00,701.473,354.492
1995-08-18 21:56:00,282.332,189.82924
1995-08-18 21:57:00,90.619,284.13336
1995-08-18 21:58:00,140.897,320.1745
1995-08-18 21:59:00,130.56,274.49918
1995-08-18 22:00:00,593.6170000000001,318.02997
1995-08-18 22:01:00,469.344,530.8928
1995-08-18 22:02:00,359.65500000000003,408.90793
1995-08-18 22:03:00,393.928,317.0583
1995-08-18 22:04:00,353.344,550.6411
1995-08-18 22:05:00,623.3299999999999,350.78275
1995-08-18 22:06:00,296.089,429.70236
1995-08-18 22:07:00,444.206,435.90186
1995-08-18 22:08:00,342.135,231.51973
1995-08-18 22:09:00,754.93,345.90417
1995-08-18 22:10:00,1323.617,374.22382
1995-08-18 22:11:00,492.173,406.99008
1995-08-18 22:12:00,344.474,451.32712
1995-08-18 22:13:00,352.575,478.29718
1995-08-18 22:14:00,1089.824,580.2004
1995-08-18 22:15:00,302.873,578.5195
1995-08-18 22:16:00,1640.2529999999997,534.2288
1995-08-18 22:17:00,389.271,604.4457
1995-08-18 22:18:00,456.72200000000004,678.97534
1995-08-18 22:19:00,767.3489999999999,432.71503
1995-08-18 22:20:00,375.979,605.89465
1995-08-18 22:21:00,231.44,578.44763
1995-08-18 22:22:00,575.492,513.1454
1995-08-18 22:23:00,174.163,473.56195
1995-08-18 22:24:00,568.848,469.03323
1995-08-18 22:25:00,483.613,340.6924
1995-08-18 22:26:00,332.462,567.6443
1995-08-18 22:27:00,1193.051,388.62964
1995-08-18 22:28:00,374.623,526.8835
1995-08-18 22:29:00,586.803,402.66663
1995-08-18 22:30:00,288.461,692.2594
1995-08-18 22:31:00,736.124,509.65924
1995-08-18 22:32:00,254.007,456.8537
1995-08-18 22:33:00,375.45099999999996,481.25705
1995-08-18 22:34:00,714.707,525.64703
1995-08-18 22:35:00,378.329,414.6384
1995-08-18 22:36:00,755.354,685.80316
1995-08-18 22:37:00,260.689,512.6492
1995-08-18 22:38:00,279.576,359.04895
1995-08-18 22:39:00,577.901,267.03226
1995-08-18 22:40:00,1262.585,334.66016
1995-08-18 22:41:00,379.895,614.90186
1995-08-18 22:42:00,367.979,546.2308
1995-08-18 22:43:00,610.678,597.3096
1995-08-18 22:44:00,516.548,732.1432
1995-08-18 22:45:00,229.232,646.67755
1995-08-18 22:46:00,347.397,469.029
1995-08-18 22:47:00,659.471,467.4185
1995-08-18 22:48:00,413.959,557.80676
1995-08-18 22:49:00,588.409,617.82153
1995-08-18 22:50:00,437.512,492.76242
1995-08-18 22:51:00,522.804,512.5977
1995-08-18 22:52:00,524.7719999999999,484.46085
1995-08-18 22:53:00,121.741,313.53662
1995-08-18 22:54:00,354.353,407.81696
1995-08-18 22:55:00,283.962,265.42902
1995-08-18 22:56:00,365.84499999999997,201.24585
1995-08-18 22:57:00,97.477,195.34398
1995-08-18 22:58:00,605.13,364.54263
1995-08-18 22:59:00,635.9839999999999,296.06052
1995-08-18 23:00:00,637.633,500.86987
1995-08-18 23:01:00,423.408,313.95807
1995-08-18 23:02:00,438.40200000000004,453.53052
1995-08-18 23:03:00,288.369,299.87576
1995-08-18 23:04:00,193.335,379.4879
1995-08-18 23:05:00,461.975,399.53043
1995-08-18 23:06:00,175.488,345.75897
1995-08-18 23:07:00,288.77,303.30658
1995-08-18 23:08:00,312.924,400.50354
1995-08-18 23:09:00,189.909,396.74808
1995-08-18 23:10:00,120.62,353.7936
1995-08-18 23:11:00,133.278,284.64502
1995-08-18 23:12:00,131.827,302.0153
1995-08-18 23:13:00,584.794,246.77599
1995-08-18 23:14:00,604.0,233.02827
1995-08-18 23:15:00,186.75900000000001,299.91165
1995-08-18 23:16:00,568.4399999999999,318.59592
1995-08-18 23:17:00,485.654,392.62326
1995-08-18 23:18:00,592.116,376.3288
1995-08-18 23:19:00,578.3729999999999,470.80316
1995-08-18 23:20:00,660.506,511.46802
1995-08-18 23:21:00,126.777,425.63434
1995-08-18 23:22:00,377.875,446.85233
1995-08-18 23:23:00,214.267,365.928
1995-08-18 23:24:00,289.467,304.92545
1995-08-18 23:25:00,591.825,242.4434
1995-08-18 23:26:00,264.867,186.6706
1995-08-18 23:27:00,102.85,374.15152
1995-08-18 23:28:00,49.817,44.464085
1995-08-18 23:29:00,232.74400000000003,98.824684
1995-08-18 23:30:00,206.597,294.2867
1995-08-18 23:31:00,225.268,347.6863
1995-08-18 23:32:00,115.603,146.88123
1995-08-18 23:33:00,136.46,302.2619
1995-08-18 23:34:00,329.153,314.26053
1995-08-18 23:35:00,167.37099999999998,326.28085
1995-08-18 23:36:00,514.397,213.56696
1995-08-18 23:37:00,289.385,400.79254
1995-08-18 23:38:00,305.395,364.57086
1995-08-18 23:39:00,207.828,360.53366
1995-08-18 23:40:00,1072.491,406.26605
1995-08-18 23:41:00,467.76800000000003,629.36835
1995-08-18 23:42:00,271.829,329.6829
1995-08-18 23:43:00,475.384,288.4351
1995-08-18 23:44:00,388.406,473.3762
1995-08-18 23:45:00,387.268,447.5822
1995-08-18 23:46:00,186.001,255.70264
1995-08-18 23:47:00,497.995,503.81216
1995-08-18 23:48:00,343.115,606.6296
1995-08-18 23:49:00,409.41700000000003,574.6889
1995-08-18 23:50:00,551.807,658.5801
1995-08-18 23:51:00,397.337,660.0669
1995-08-18 23:52:00,273.868,454.54446
1995-08-18 23:53:00,391.232,560.18677
1995-08-18 23:54:00,506.491,438.7949
1995-08-18 23:55:00,301.525,289.59964
1995-08-18 23:56:00,92.074,311.09738
1995-08-18 23:57:00,376.35699999999997,340.76477
1995-08-18 23:58:00,660.661,520.1263
1995-08-18 23:59:00,487.946,535.9963
1995-08-19 00:00:00,699.343,432.93057
1995-08-19 00:01:00,170.178,490.86136
1995-08-19 00:02:00,513.267,419.23172
1995-08-19 00:03:00,829.563,510.49295
1995-08-19 00:04:00,1064.902,635.10596
1995-08-19 00:05:00,570.267,616.0971
1995-08-19 00:06:00,582.971,694.4907
1995-08-19 00:07:00,1437.25,672.8118
1995-08-19 00:08:00,657.668,757.50836
1995-08-19 00:09:00,351.284,556.4702
1995-08-19 00:10:00,478.647,653.3052
1995-08-19 00:11:00,547.959,659.73315
1995-08-19 00:12:00,336.35,637.2419
1995-08-19 00:13:00,244.766,381.14926
1995-08-19 00:14:00,155.633,427.60403
1995-08-19 00:15:00,197.832,228.23718
1995-08-19 00:16:00,125.102,234.9369
1995-08-19 00:17:00,302.76099999999997,244.76152
1995-08-19 00:18:00,1052.374,239.25008
1995-08-19 00:19:00,418.831,461.60022
1995-08-19 00:20:00,228.445,447.4122
1995-08-19 00:21:00,325.411,413.8013
1995-08-19 00:22:00,792.567,646.11383
1995-08-19 00:23:00,1616.802,483.74332
1995-08-19 00:24:00,169.41,408.191
1995-08-19 00:25:00,364.44399999999996,330.8241
1995-08-19 00:26:00,351.45,199.26234
1995-08-19 00:27:00,43.21,351.09857
1995-08-19 00:28:00,84.475,224.3508
1995-08-19 00:29:00,457.502,309.26752
1995-08-19 00:30:00,111.46000000000001,299.13394
1995-08-19 00:31:00,282.538,538.71454
1995-08-19 00:32:00,469.21200000000005,270.80124
1995-08-19 00:33:00,460.036,455.50583
1995-08-19 00:34:00,250.06,427.7549
1995-08-19 00:35:00,373.692,478.07874
1995-08-19 00:36:00,177.013,312.47894
1995-08-19 00:37:00,292.332,289.74338
1995-08-19 00:38:00,271.763,411.95486
1995-08-19 00:39:00,391.46999999999997,324.28488
1995-08-19 00:40:00,116.834,298.0966
1995-08-19 00:41:00,349.563,481.14716
1995-08-19 00:42:00,155.835,287.72946
1995-08-19 00:43:00,415.574,304.0241
1995-08-19 00:44:00,150.496,363.5169
1995-08-19 00:45:00,373.14099999999996,267.16638
1995-08-19 00:46:00,233.031,377.69687
1995-08-19 00:47:00,58.793,217.85526
1995-08-19 00:48:00,392.294,232.05386
1995-08-19 00:49:00,362.976,419.37143
1995-08-19 00:50:00,69.372,298.82584
1995-08-19 00:51:00,778.035,179.85425
1995-08-19 00:52:00,104.255,101.71817
1995-08-19 00:53:00,392.46500000000003,337.15552
1995-08-19 00:54:00,231.32299999999998,301.95145
1995-08-19 00:55:00,184.793,353.11365
1995-08-19 00:56:00,540.701,436.57486
1995-08-19 00:57:00,562.996,433.2713
1995-08-19 00:58:00,339.238,388.65155
1995-08-19 00:59:00,288.364,317.37436
1995-08-19 01:00:00,1258.301,295.1189
1995-08-19 01:01:00,197.97799999999998,188.22073
1995-08-19 01:02:00,167.65200000000002,288.14404
1995-08-19 01:03:00,295.76,315.19122
1995-08-19 01:04:00,1431.5220000000002,284.9822
1995-08-19 01:05:00,1335.7179999999998,163.97359
1995-08-19 01:06:00,684.504,340.45087
1995-08-19 01:07:00,200.54899999999998,285.1309
1995-08-19 01:08:00,242.989,399.54913
1995-08-19 01:09:00,302.098,282.25458
1995-08-19 01:10:00,334.631,320.20972
1995-08-19 01:11:00,660.3389999999999,252.6926
1995-08-19 01:12:00,143.647,188.04585
1995-08-19 01:13:00,237.83,365.4124
1995-08-19 01:14:00,413.074,292.2703
1995-08-19 01:15:00,72.178,286.64072
1995-08-19 01:16:00,96.215,125.34436
1995-08-19 01:17:00,39.778999999999996,92.30204
1995-08-19 01:18:00,272.792,90.80727
1995-08-19 01:19:00,292.027,190.69922
1995-08-19 01:20:00,324.4,277.17902
1995-08-19 01:21:00,1266.838,345.33463
1995-08-19 01:22:00,404.481,189.74864
1995-08-19 01:23:00,254.15300000000002,272.82904
1995-08-19 01:24:00,735.53,312.07693
1995-08-19 01:25:00,398.563,287.60104
1995-08-19 01:26:00,367.79,340.9069
1995-08-19 01:27:00,462.968,371.9045
1995-08-19 01:28:00,67.088,76.22359
1995-08-19 01:29:00,261.714,219.6816
1995-08-19 01:30:00,745.63,244.05846
1995-08-19 01:31:00,231.624,430.46313
1995-08-19 01:32:00,248.828,321.4257
1995-08-19 01:33:00,1286.2109999999998,145.41513
1995-08-19 01:34:00,55.149,143.13911
1995-08-19 01:35:00,203.812,331.6214
1995-08-19 01:36:00,270.085,224.22577
1995-08-19 01:37:00,183.218,238.48924
1995-08-19 01:38:00,109.061,238.73615
1995-08-19 01:39:00,60.989,138.28404
1995-08-19 01:40:00,1145.7230000000002,94.36186
1995-08-19 01:41:00,69.416,56.682156
1995-08-19 01:42:00,167.674,191.70479
1995-08-19 01:43:00,30.628999999999998,130.64249
1995-08-19 01:44:00,179.378,375.43347
1995-08-19 01:45:00,252.71999999999997,230.32779
1995-08-19 01:46:00,234.481,92.13548
1995-08-19 01:47:00,159.415,113.40569
1995-08-19 01:48:00,39.51,113.337364
1995-08-19 01:49:00,127.755,163.088
1995-08-19 01:50:00,97.354,167.39915
1995-08-19 01:51:00,279.985,196.3454
1995-08-19 01:52:00,274.037,330.32986
1995-08-19 01:53:00,124.196,247.35228
1995-08-19 01:54:00,617.6229999999999,276.61176
1995-08-19 01:55:00,265.029,332.989
1995-08-19 01:56:00,196.016,352.19562
1995-08-19 01:57:00,523.567,364.25568
1995-08-19 01:58:00,333.51,380.08038
1995-08-19 01:59:00,153.052,271.23602
1995-08-19 02:00:00,477.985,382.2065
1995-08-19 02:01:00,235.88400000000001,338.90616
1995-08-19 02:02:00,423.668,394.8241
1995-08-19 02:03:00,398.11,575.5147
1995-08-19 02:04:00,1369.825,496.96216
1995-08-19 02:05:00,1446.815,447.74396
1995-08-19 02:06:00,309.272,634.39264
1995-08-19 02:07:00,30.913,263.01526
1995-08-19 02:08:00,288.191,418.888
1995-08-19 02:09:00,299.32800000000003,291.94882
1995-08-19 02:10:00,281.555,282.91016
1995-08-19 02:11:00,307.126,106.863365
1995-08-19 02:12:00,214.943,278.78387
1995-08-19 02:13:00,510.88,354.5522
1995-08-19 02:14:00,350.509,271.50552
1995-08-19 02:15:00,183.94,484.6873
1995-08-19 02:16:00,288.572,434.49042
1995-08-19 02:17:00,335.328,387.7253
1995-08-19 02:18:00,225.222,426.0196
1995-08-19 02:19:00,109.633,173.27716
1995-08-19 02:20:00,106.627,256.82507
1995-08-19 02:21:00,984.1289999999999,250.97389
1995-08-19 02:22:00,140.903,252.06879
1995-08-19 02:23:00,47.974999999999994,145.93892
1995-08-19 02:24:00,412.53700000000003,228.13075
1995-08-19 02:25:00,959.8659999999999,107.24248
1995-08-19 02:26:00,543.278,237.56557
1995-08-19 02:27:00,106.39399999999999,502.2003
1995-08-19 02:28:00,152.913,296.7266
1995-08-19 02:29:00,98.51899999999999,206.03317
1995-08-19 02:30:00,171.841,279.48544
1995-08-19 02:31:00,360.172,253.08205
1995-08-19 02:32:00,25.354,90.925934
1995-08-19 02:33:00,120.412,155.38426
1995-08-19 02:34:00,226.88400000000001,214.1181
1995-08-19 02:35:00,64.982,204.94872
1995-08-19 02:36:00,199.388,211.86246
1995-08-19 02:37:00,445.57,185.13254
1995-08-19 02:38:00,1309.557,138.29288
1995-08-19 02:39:00,144.65,178.6708
1995-08-19 02:40:00,95.917,147.46893
1995-08-19 02:41:00,376.884,335.80905
1995-08-19 02:42:00,427.244,258.6009
1995-08-19 02:43:00,408.394,275.26138
1995-08-19 02:44:00,243.757,246.50522
1995-08-19 02:45:00,253.355,451.383
1995-08-19 02:46:00,311.476,486.198
1995-08-19 02:47:00,767.785,361.05273
1995-08-19 02:48:00,78.92,247.6458
1995-08-19 02:49:00,379.672,239.0418
1995-08-19 02:50:00,223.165,386.23938
1995-08-19 02:51:00,341.99300000000005,262.74045
1995-08-19 02:52:00,590.251,219.8097
1995-08-19 02:53:00,355.378,306.31573
1995-08-19 02:54:00,1444.9430000000002,225.04022
1995-08-19 02:55:00,205.42,220.36812
1995-08-19 02:56:00,400.134,197.53891
1995-08-19 02:57:00,196.653,330.23145
1995-08-19 02:58:00,282.246,193.41634
1995-08-19 02:59:00,265.744,81.61862
1995-08-19 03:00:00,0.0,18.218246
1995-08-19 03:05:00,664.045,151.0751
1995-08-19 03:07:00,254.846,202.4653
1995-08-19 03:08:00,69.363,123.034294
1995-08-19 03:09:00,156.307,210.95576
1995-08-19 03:10:00,232.847,134.74072
1995-08-19 03:11:00,199.527,114.41636
1995-08-19 03:12:00,48.33,167.88734
1995-08-19 03:13:00,149.728,281.0139
1995-08-19 03:14:00,144.642,191.67401
1995-08-19 03:15:00,115.86600000000001,236.05173
1995-08-19 03:17:00,130.36599999999999,156.95651
1995-08-19 03:18:00,93.737,127.308044
1995-08-19 03:19:00,213.66299999999998,210.64249
1995-08-19 03:20:00,120.91499999999999,255.70667
1995-08-19 03:21:00,99.944,236.26491
1995-08-19 03:22:00,34.755,152.97826
1995-08-19 03:23:00,67.988,91.95947
1995-08-19 03:24:00,162.95000000000002,237.281
1995-08-19 03:25:00,146.952,247.25566
1995-08-19 03:26:00,206.314,366.54544
1995-08-19 03:27:00,169.509,279.61346
1995-08-19 03:28:00,117.634,187.25641
1995-08-19 03:29:00,64.582,198.5835
1995-08-19 03:30:00,193.32,223.13683
1995-08-19 03:31:00,113.00999999999999,219.9465
1995-08-19 03:32:00,708.971,286.15436
1995-08-19 03:33:00,133.798,177.0816
1995-08-19 03:34:00,348.53200000000004,271.13324
1995-08-19 03:35:00,109.817,291.0978
1995-08-19 03:36:00,155.065,121.75467
1995-08-19 03:37:00,554.501,188.01909
1995-08-19 03:38:00,612.8679999999999,269.2204
1995-08-19 03:39:00,233.46099999999998,377.62015
1995-08-19 03:40:00,269.911,377.59415
1995-08-19 03:41:00,175.758,377.94922
1995-08-19 03:42:00,237.172,304.91656
1995-08-19 03:43:00,203.78,264.67163
1995-08-19 03:44:00,227.161,330.14774
1995-08-19 03:45:00,635.492,393.9668
1995-08-19 03:46:00,1177.1970000000001,406.6834
1995-08-19 03:47:00,573.634,422.91983
1995-08-19 03:48:00,83.706,351.75784
1995-08-19 03:49:00,64.08,229.8784
1995-08-19 03:50:00,778.222,166.49454
1995-08-19 03:51:00,413.48600000000005,357.19833
1995-08-19 03:52:00,174.23499999999999,334.29303
1995-08-19 03:53:00,148.271,413.70993
1995-08-19 03:54:00,665.771,365.7363
1995-08-19 03:55:00,87.464,249.24977
1995-08-19 03:56:00,95.07099999999998,126.67303
1995-08-19 03:57:00,69.297,271.69986
1995-08-19 03:58:00,124.195,143.07494
1995-08-19 03:59:00,599.1999999999999,204.67403
1995-08-19 04:00:00,164.386,164.3632
1995-08-19 04:01:00,551.075,281.29602
1995-08-19 04:02:00,13.583,20.907707
1995-08-19 04:03:00,421.155,145.00963
1995-08-19 04:04:00,35.66,118.889336
1995-08-19 04:05:00,71.529,122.602936
1995-08-19 04:06:00,110.577,161.78218
1995-08-19 04:07:00,40.102000000000004,123.03719
1995-08-19 04:08:00,91.931,120.165665
1995-08-19 04:09:00,1161.959,130.4204
1995-08-19 04:10:00,182.536,138.28836
1995-08-19 04:11:00,523.656,236.05898
1995-08-19 04:12:00,157.20499999999998,368.26437
1995-08-19 04:13:00,169.995,220.99284
1995-08-19 04:14:00,250.458,203.9049
1995-08-19 04:15:00,297.59900000000005,203.92455
1995-08-19 04:16:00,111.193,187.81757
1995-08-19 04:17:00,105.31,223.34555
1995-08-19 04:18:00,154.195,283.73987
1995-08-19 04:19:00,137.853,260.20343
1995-08-19 04:20:00,199.789,141.229
1995-08-19 04:21:00,263.894,188.83002
1995-08-19 04:22:00,68.093,238.5123
1995-08-19 04:23:00,126.18900000000001,234.33072
1995-08-19 04:24:00,34.458,103.77462
1995-08-19 04:25:00,11.469999999999999,55.47921
1995-08-19 04:26:00,54.027,199.38548
1995-08-19 04:27:00,25.103,93.41608
1995-08-19 04:28:00,281.397,73.48952
1995-08-19 04:29:00,386.574,201.01944
1995-08-19 04:30:00,105.96900000000001,128.59642
1995-08-19 04:31:00,219.588,16.120947
1995-08-19 04:32:00,25.23,78.48713
1995-08-19 04:33:00,195.9,168.87999
1995-08-19 04:34:00,211.50900000000001,160.33612
1995-08-19 04:35:00,179.683,156.98083
1995-08-19 04:36:00,259.135,115.09002
1995-08-19 04:37:00,142.95,173.17854
1995-08-19 04:38:00,49.562000000000005,120.2874
1995-08-19 04:39:00,506.56800000000004,183.5894
1995-08-19 04:40:00,363.85900000000004,183.91396
1995-08-19 04:41:00,342.2,287.82587
1995-08-19 04:42:00,179.055,161.85251
1995-08-19 04:43:00,45.568999999999996,163.60648
1995-08-19 04:44:00,204.045,190.31049
1995-08-19 04:45:00,161.205,205.84116
1995-08-19 04:46:00,152.706,122.66926
1995-08-19 04:47:00,554.3629999999999,135.45204
1995-08-19 04:48:00,217.433,126.813736
1995-08-19 04:49:00,539.347,186.66022
1995-08-19 04:50:00,92.84,213.35547
1995-08-19 04:51:00,46.142,198.6013
1995-08-19 04:52:00,346.661,244.86993
1995-08-19 04:53:00,350.71,167.50888
1995-08-19 04:54:00,199.109,360.306
1995-08-19 04:55:00,137.785,192.00246
1995-08-19 04:56:00,34.317,150.76216
1995-08-19 04:57:00,352.623,247.10112
1995-08-19 04:58:00,59.381,114.15881
1995-08-19 04:59:00,22.18,112.558205
1995-08-19 05:00:00,22.18,125.45098
1995-08-19 05:01:00,35.302,105.837906
1995-08-19 05:02:00,252.838,59.23923
1995-08-19 05:03:00,14.901,55.80605
1995-08-19 05:04:00,42.359,71.231224
1995-08-19 05:05:00,90.292,115.80765
1995-08-19 05:06:00,91.934,169.3859
1995-08-19 05:07:00,113.58500000000001,226.9088
1995-08-19 05:08:00,116.58,234.919
1995-08-19 05:09:00,79.086,227.16019
1995-08-19 05:10:00,41.846,76.87051
1995-08-19 05:11:00,17.732,38.5083
1995-08-19 05:12:00,22.829,109.57544
1995-08-19 05:13:00,19.233,61.95792
1995-08-19 05:14:00,98.319,193.76846
1995-08-19 05:15:00,31.773,101.66107
1995-08-19 05:16:00,455.085,102.6289
1995-08-19 05:17:00,58.831,114.60159
1995-08-19 05:18:00,93.528,204.92908
1995-08-19 05:19:00,341.882,194.54689
1995-08-19 05:20:00,189.72299999999998,206.92923
1995-08-19 05:21:00,126.293,84.78722
1995-08-19 05:22:00,370.739,185.79832
1995-08-19 05:23:00,595.1450000000001,155.78282
1995-08-19 05:24:00,105.568,143.43497
1995-08-19 05:25:00,122.924,134.98204
1995-08-19 05:26:00,115.81,118.27607
1995-08-19 05:27:00,0.0,9.01026
1995-08-19 05:32:00,157.473,148.11977
1995-08-19 05:34:00,66.982,152.65598
1995-08-19 05:35:00,229.486,116.09261
1995-08-19 05:36:00,1211.883,165.95868
1995-08-19 05:37:00,166.578,247.65883
1995-08-19 05:38:00,40.571,68.00816
1995-08-19 05:39:00,143.43200000000002,156.08754
1995-08-19 05:40:00,174.745,228.09721
1995-08-19 05:41:00,49.714999999999996,56.38841
1995-08-19 05:42:00,17.835,79.07149
1995-08-19 05:44:00,401.32800000000003,107.54686
1995-08-19 05:45:00,135.192,169.93494
1995-08-19 05:46:00,14.298,9.33746
1995-08-19 05:47:00,77.756,70.540565
1995-08-19 05:48:00,491.02299999999997,220.28041
1995-08-19 05:49:00,214.14000000000001,78.16689
1995-08-19 05:50:00,94.977,209.63107
1995-08-19 05:51:00,93.548,115.619156
1995-08-19 05:52:00,91.788,161.33128
1995-08-19 05:53:00,86.726,134.61552
1995-08-19 05:54:00,13.845,109.52726
1995-08-19 05:55:00,72.74300000000001,129.58994
1995-08-19 05:56:00,0.0,45.74102
1995-08-19 05:57:00,27.431,89.88781
1995-08-19 05:58:00,26.957,103.526115
1995-08-19 05:59:00,67.245,50.648277
1995-08-19 06:00:00,141.649,85.93907
1995-08-19 06:01:00,159.761,228.61725
1995-08-19 06:02:00,102.517,99.932396
1995-08-19 06:03:00,53.168,151.6043
1995-08-19 06:04:00,136.147,112.27882
1995-08-19 06:05:00,64.016,98.65299
1995-08-19 06:06:00,72.264,119.33458
1995-08-19 06:07:00,55.648,130.61247
1995-08-19 06:08:00,89.545,70.39743
1995-08-19 06:09:00,1081.324,186.15514
1995-08-19 06:10:00,220.745,267.05093
1995-08-19 06:11:00,70.131,152.77757
1995-08-19 06:12:00,92.634,249.93086
1995-08-19 06:13:00,204.492,170.03287
1995-08-19 06:14:00,520.477,191.22133
1995-08-19 06:15:00,452.155,308.81274
1995-08-19 06:16:00,403.725,214.07503
1995-08-19 06:17:00,1084.029,221.0644
1995-08-19 06:18:00,550.117,200.74355
1995-08-19 06:19:00,1998.608,433.71176
1995-08-19 06:20:00,663.515,347.1075
1995-08-19 06:21:00,580.733,474.62897
1995-08-19 06:22:00,210.77,351.1775
1995-08-19 06:23:00,97.528,241.21672
1995-08-19 06:24:00,266.45300000000003,441.75058
1995-08-19 06:25:00,250.94899999999998,270.13474
1995-08-19 06:26:00,208.298,296.14453
1995-08-19 06:27:00,191.427,248.7497
1995-08-19 06:28:00,835.7629999999999,327.6472
1995-08-19 06:29:00,299.752,232.44537
1995-08-19 06:30:00,890.599,148.44144
1995-08-19 06:31:00,289.076,137.90155
1995-08-19 06:32:00,199.157,216.89694
1995-08-19 06:33:00,21.982,130.25443
1995-08-19 06:34:00,1192.9180000000001,227.72903
1995-08-19 06:35:00,185.10000000000002,125.00924
1995-08-19 06:36:00,30.945,94.35054
1995-08-19 06:37:00,81.771,230.13054
1995-08-19 06:38:00,219.334,160.55598
1995-08-19 06:39:00,911.148,209.35727
1995-08-19 06:40:00,57.327999999999996,128.55873
1995-08-19 06:41:00,204.59799999999998,307.11264
1995-08-19 06:42:00,346.347,191.25047
1995-08-19 06:43:00,114.479,212.96292
1995-08-19 06:44:00,339.464,264.35474
1995-08-19 06:45:00,82.653,247.59233
1995-08-19 06:46:00,49.724,229.33914
1995-08-19 06:47:00,20.175,167.40605
1995-08-19 06:48:00,112.033,249.93422
1995-08-19 06:49:00,46.401,149.16261
1995-08-19 06:50:00,269.392,116.53762
1995-08-19 06:51:00,119.832,219.7681
1995-08-19 06:52:00,40.192,161.37154
1995-08-19 06:53:00,1758.089,115.45106
1995-08-19 06:54:00,125.79,241.6493
1995-08-19 06:55:00,90.961,172.40652
1995-08-19 06:56:00,64.405,96.96418
1995-08-19 06:57:00,46.403999999999996,243.54414
1995-08-19 06:58:00,98.40700000000001,150.72807
1995-08-19 06:59:00,75.315,151.23958
1995-08-19 07:00:00,1018.817,249.42178
1995-08-19 07:01:00,171.488,296.8315
1995-08-19 07:02:00,1062.819,234.78046
1995-08-19 07:03:00,12.234,105.42012
1995-08-19 07:04:00,114.622,61.926136
1995-08-19 07:05:00,105.178,342.97058
1995-08-19 07:06:00,150.305,162.86374
1995-08-19 07:07:00,280.462,122.354935
1995-08-19 07:08:00,332.693,94.33644
1995-08-19 07:09:00,258.44,81.119225
1995-08-19 07:10:00,279.97499999999997,227.3853
1995-08-19 07:11:00,173.064,236.42142
1995-08-19 07:12:00,1188.5140000000001,245.39421
1995-08-19 07:13:00,1615.663,89.34015
1995-08-19 07:14:00,28.991,124.261116
1995-08-19 07:15:00,149.559,163.10764
1995-08-19 07:16:00,131.769,245.6426
1995-08-19 07:17:00,189.828,186.04326
1995-08-19 07:18:00,40.442,52.798084
1995-08-19 07:19:00,175.303,231.79764
1995-08-19 07:20:00,22.857,102.84546
1995-08-19 07:21:00,258.419,206.06319
1995-08-19 07:22:00,2.823,9.9976015
1995-08-19 07:23:00,14.201,85.63329
1995-08-19 07:24:00,95.909,98.10217
1995-08-19 07:25:00,117.304,218.56122
1995-08-19 07:26:00,151.384,265.8828
1995-08-19 07:27:00,182.542,246.64157
1995-08-19 07:28:00,59.071,224.604
1995-08-19 07:29:00,88.477,127.80318
1995-08-19 07:30:00,110.44099999999999,83.51969
1995-08-19 07:31:00,253.43900000000002,252.35942
1995-08-19 07:32:00,69.579,170.54678
1995-08-19 07:33:00,144.015,237.53963
1995-08-19 07:34:00,94.81099999999999,103.25622
1995-08-19 07:35:00,99.981,61.76425
1995-08-19 07:36:00,51.013999999999996,221.63599
1995-08-19 07:37:00,375.902,114.157326
1995-08-19 07:38:00,119.82700000000001,127.55786
1995-08-19 07:39:00,84.369,141.62923
1995-08-19 07:40:00,98.78800000000001,163.24283
1995-08-19 07:41:00,472.61199999999997,78.34126
1995-08-19 07:42:00,206.832,100.681145
1995-08-19 07:43:00,381.889,349.67786
1995-08-19 07:44:00,226.015,133.71269
1995-08-19 07:45:00,187.48799999999997,298.09018
1995-08-19 07:46:00,89.639,99.90357
1995-08-19 07:47:00,329.543,409.9148
1995-08-19 07:48:00,257.52299999999997,285.35446
1995-08-19 07:49:00,368.127,202.99077
1995-08-19 07:50:00,146.562,313.59424
1995-08-19 07:51:00,354.631,410.24567
1995-08-19 07:52:00,406.084,395.8628
1995-08-19 07:53:00,564.9300000000001,392.36563
1995-08-19 07:54:00,640.875,484.9456
1995-08-19 07:55:00,424.92900000000003,561.9745
1995-08-19 07:56:00,222.006,402.23993
1995-08-19 07:57:00,258.69599999999997,416.34137
1995-08-19 07:58:00,94.152,338.04886
1995-08-19 07:59:00,891.259,355.4196
1995-08-19 08:00:00,172.796,290.61044
1995-08-19 08:01:00,270.964,357.8762
1995-08-19 08:02:00,86.235,306.77036
1995-08-19 08:03:00,1311.11,280.4283
1995-08-19 08:04:00,237.268,317.0275
1995-08-19 08:05:00,530.341,265.1616
1995-08-19 08:06:00,199.168,345.96225
1995-08-19 08:07:00,218.92900000000003,297.365
1995-08-19 08:08:00,251.916,264.07867
1995-08-19 08:09:00,26.692999999999998,180.50159
1995-08-19 08:10:00,113.315,194.07166
1995-08-19 08:11:00,77.94399999999999,75.150795
1995-08-19 08:12:00,134.722,180.46213
1995-08-19 08:13:00,142.716,129.50148
1995-08-19 08:14:00,247.292,276.66867
1995-08-19 08:15:00,152.035,169.35973
1995-08-19 08:16:00,445.39300000000003,304.28558
1995-08-19 08:17:00,352.75,330.49594
1995-08-19 08:18:00,192.558,364.27448
1995-08-19 08:19:00,169.04,322.41687
1995-08-19 08:20:00,195.019,281.35593
1995-08-19 08:21:00,172.62199999999999,247.7759
1995-08-19 08:22:00,1455.97,331.94196
1995-08-19 08:23:00,193.55100000000002,291.13
1995-08-19 08:24:00,23.459,135.03334
1995-08-19 08:25:00,279.999,255.61316
1995-08-19 08:26:00,454.746,356.01474
1995-08-19 08:27:00,169.791,358.6289
1995-08-19 08:28:00,135.851,313.50302
1995-08-19 08:29:00,107.928,146.78606
1995-08-19 08:30:00,292.587,250.73274
1995-08-19 08:31:00,173.854,326.08163
1995-08-19 08:32:00,675.963,352.2443
1995-08-19 08:33:00,443.23199999999997,275.5019
1995-08-19 08:34:00,355.04699999999997,261.048
1995-08-19 08:35:00,591.352,371.57214
1995-08-19 08:36:00,919.09,449.40836
1995-08-19 08:37:00,233.61100000000002,380.49472
1995-08-19 08:38:00,406.323,483.6044
1995-08-19 08:39:00,270.01,284.57324
1995-08-19 08:40:00,123.231,313.0581
1995-08-19 08:41:00,253.169,172.27478
1995-08-19 08:42:00,180.39600000000002,265.4703
1995-08-19 08:43:00,282.214,206.34497
1995-08-19 08:44:00,83.135,218.5473
1995-08-19 08:45:00,165.445,197.53835
1995-08-19 08:46:00,68.754,156.2108
1995-08-19 08:47:00,29.798,122.637596
1995-08-19 08:48:00,281.88599999999997,115.84386
1995-08-19 08:49:00,309.802,129.59418
1995-08-19 08:50:00,59.297000000000004,154.62965
1995-08-19 08:51:00,80.17599999999999,228.76115
1995-08-19 08:52:00,12.997,108.76899
1995-08-19 08:53:00,56.614,129.65541
1995-08-19 08:54:00,312.343,102.577225
1995-08-19 08:55:00,112.459,163.47278
1995-08-19 08:56:00,123.473,225.44337
1995-08-19 08:57:00,163.429,195.21735
1995-08-19 08:58:00,305.613,364.0335
1995-08-19 08:59:00,589.8589999999999,33.808678
1995-08-19 09:00:00,417.7,226.649
1995-08-19 09:01:00,38.071,200.97975
1995-08-19 09:02:00,472.326,249.09492
1995-08-19 09:03:00,319.054,259.90903
1995-08-19 09:04:00,170.335,262.1395
1995-08-19 09:05:00,123.406,313.63412
1995-08-19 09:06:00,140.317,175.89488
1995-08-19 09:07:00,129.156,240.69742
1995-08-19 09:08:00,1000.762,106.86753
1995-08-19 09:09:00,180.40800000000002,267.4376
1995-08-19 09:10:00,121.08,191.94624
1995-08-19 09:11:00,227.69400000000002,137.11067
1995-08-19 09:12:00,34.010999999999996,171.02187
1995-08-19 09:13:00,39.737,190.43149
1995-08-19 09:14:00,90.412,186.562
1995-08-19 09:15:00,271.903,343.27087
1995-08-19 09:16:00,842.305,323.50375
1995-08-19 09:17:00,457.766,387.6423
1995-08-19 09:18:00,1016.428,238.47177
1995-08-19 09:19:00,482.421,285.65186
1995-08-19 09:20:00,222.638,443.7383
1995-08-19 09:21:00,566.519,291.20718
1995-08-19 09:22:00,1281.3120000000001,308.7782
1995-08-19 09:23:00,188.117,564.49896
1995-08-19 09:24:00,298.08799999999997,112.50326
1995-08-19 09:25:00,917.659,358.9789
1995-08-19 09:26:00,264.432,430.1347
1995-08-19 09:27:00,105.422,223.30159
1995-08-19 09:28:00,195.297,466.67172
1995-08-19 09:29:00,375.914,304.2748
1995-08-19 09:30:00,380.281,410.24588
1995-08-19 09:31:00,476.113,485.464
1995-08-19 09:32:00,178.219,485.9964
1995-08-19 09:33:00,654.521,296.93137
1995-08-19 09:34:00,440.82599999999996,431.90674
1995-08-19 09:35:00,373.336,463.61545
1995-08-19 09:36:00,782.3929999999999,589.17957
1995-08-19 09:37:00,372.452,603.3473
1995-08-19 09:38:00,414.889,560.4475
1995-08-19 09:39:00,311.729,401.8734
1995-08-19 09:40:00,1509.963,533.6197
1995-08-19 09:41:00,302.752,476.16913
1995-08-19 09:42:00,415.467,456.6649
1995-08-19 09:43:00,903.866,289.5794
1995-08-19 09:44:00,610.94,422.84644
1995-08-19 09:45:00,348.502,497.2353
1995-08-19 09:46:00,400.532,492.15207
1995-08-19 09:47:00,1447.9230000000002,476.10587
1995-08-19 09:48:00,916.7110000000001,335.64447
1995-08-19 09:49:00,1247.926,505.9332
1995-08-19 09:50:00,1565.3829999999998,441.39352
1995-08-19 09:51:00,423.85900000000004,405.43222
1995-08-19 09:52:00,259.806,600.2728
1995-08-19 09:53:00,444.296,565.16
1995-08-19 09:54:00,254.718,491.86572
1995-08-19 09:55:00,189.61399999999998,255.0911
1995-08-19 09:56:00,153.269,375.74197
1995-08-19 09:57:00,295.225,513.83154
1995-08-19 09:58:00,344.677,198.37186
1995-08-19 09:59:00,208.462,458.18106
1995-08-19 10:00:00,313.164,339.44858
1995-08-19 10:01:00,306.303,329.74927
1995-08-19 10:02:00,785.502,273.4366
1995-08-19 10:03:00,169.624,299.9089
1995-08-19 10:04:00,123.508,273.62186
1995-08-19 10:05:00,358.336,310.88776
1995-08-19 10:06:00,586.504,360.3942
1995-08-19 10:07:00,843.817,472.931
1995-08-19 10:08:00,540.064,603.2044
1995-08-19 10:09:00,280.932,489.8801
1995-08-19 10:10:00,175.13400000000001,245.85826
1995-08-19 10:11:00,684.582,355.83792
1995-08-19 10:12:00,443.786,307.64185
1995-08-19 10:13:00,179.793,461.58212
1995-08-19 10:14:00,343.84,508.47794
1995-08-19 10:15:00,235.68099999999998,503.1432
1995-08-19 10:16:00,138.624,469.51874
1995-08-19 10:17:00,677.104,372.26047
1995-08-19 10:18:00,1743.6950000000002,269.61407
1995-08-19 10:19:00,164.288,409.71735
1995-08-19 10:20:00,247.44,396.69916
1995-08-19 10:21:00,818.701,373.43933
1995-08-19 10:22:00,63.81,319.92865
1995-08-19 10:23:00,174.89000000000001,479.4917
1995-08-19 10:24:00,286.898,566.5025
1995-08-19 10:25:00,346.588,421.9055
1995-08-19 10:26:00,468.014,476.15024
1995-08-19 10:27:00,253.531,443.20886
1995-08-19 10:28:00,79.05799999999999,350.28455
1995-08-19 10:29:00,546.846,472.04822
1995-08-19 10:30:00,806.82,407.33652
1995-08-19 10:31:00,1582.8139999999999,434.7349
1995-08-19 10:32:00,701.828,462.22137
1995-08-19 10:33:00,1174.583,627.82495
1995-08-19 10:34:00,137.865,481.12692
1995-08-19 10:35:00,1627.434,135.24289
1995-08-19 10:36:00,197.082,299.34998
1995-08-19 10:37:00,1494.685,397.19955
1995-08-19 10:38:00,189.05200000000002,310.87436
1995-08-19 10:39:00,607.518,485.84943
1995-08-19 10:40:00,842.967,326.3962
1995-08-19 10:41:00,123.923,240.55905
1995-08-19 10:42:00,106.864,195.2296
1995-08-19 10:43:00,71.656,145.59152
1995-08-19 10:44:00,1564.2,202.35764
1995-08-19 10:45:00,90.10600000000001,113.222595
1995-08-19 10:46:00,589.479,340.25146
1995-08-19 10:47:00,156.274,445.20163
1995-08-19 10:48:00,199.417,294.28363
1995-08-19 10:49:00,280.091,306.89218
1995-08-19 10:50:00,757.746,322.97052
1995-08-19 10:51:00,290.643,456.01526
1995-08-19 10:52:00,132.94,365.973
1995-08-19 10:53:00,271.18100000000004,253.93205
1995-08-19 10:54:00,121.38,317.29105
1995-08-19 10:55:00,350.986,359.36087
1995-08-19 10:56:00,153.77700000000002,405.39658
1995-08-19 10:57:00,295.712,397.85403
1995-08-19 10:58:00,1453.7620000000002,566.95544
1995-08-19 10:59:00,732.756,644.92017
1995-08-19 11:00:00,527.188,590.3148
1995-08-19 11:01:00,356.062,626.6096
1995-08-19 11:02:00,356.481,585.483
1995-08-19 11:03:00,262.142,349.71332
1995-08-19 11:04:00,154.51500000000001,265.295
1995-08-19 11:05:00,487.054,313.1637
1995-08-19 11:06:00,82.043,262.0749
1995-08-19 11:07:00,118.751,261.80695
1995-08-19 11:08:00,210.612,218.11337
1995-08-19 11:09:00,177.449,175.86461
1995-08-19 11:10:00,116.17299999999999,160.53896
1995-08-19 11:11:00,279.164,305.3517
1995-08-19 11:12:00,422.40799999999996,342.59634
1995-08-19 11:13:00,40.916,243.55592
1995-08-19 11:14:00,358.127,340.50916
1995-08-19 11:15:00,146.099,250.52686
1995-08-19 11:16:00,126.173,321.4057
1995-08-19 11:17:00,1013.582,291.85526
1995-08-19 11:18:00,1424.691,470.73453
1995-08-19 11:19:00,206.282,246.48398
1995-08-19 11:20:00,351.093,396.7754
1995-08-19 11:21:00,502.898,283.43958
1995-08-19 11:22:00,353.59499999999997,396.3343
1995-08-19 11:23:00,976.433,425.1299
1995-08-19 11:24:00,358.134,424.67966
1995-08-19 11:25:00,251.784,556.77124
1995-08-19 11:26:00,221.535,433.89856
1995-08-19 11:27:00,344.771,354.50012
1995-08-19 11:28:00,362.43899999999996,272.54364
1995-08-19 11:29:00,705.099,469.26865
1995-08-19 11:30:00,545.619,406.54715
1995-08-19 11:31:00,365.53700000000003,475.28143
1995-08-19 11:32:00,402.98699999999997,459.4905
1995-08-19 11:33:00,314.233,531.13306
1995-08-19 11:34:00,491.499,416.07877
1995-08-19 11:35:00,146.706,333.14496
1995-08-19 11:36:00,893.277,328.42572
1995-08-19 11:37:00,757.779,400.924
1995-08-19 11:38:00,1926.643,555.9468
1995-08-19 11:39:00,834.3330000000001,282.24365
1995-08-19 11:40:00,525.135,476.70572
1995-08-19 11:41:00,733.138,594.1676
1995-08-19 11:42:00,464.092,557.63947
1995-08-19 11:43:00,817.795,489.23892
1995-08-19 11:44:00,664.999,465.0755
1995-08-19 11:45:00,510.738,337.41232
1995-08-19 11:46:00,196.132,467.6524
1995-08-19 11:47:00,199.964,593.14624
1995-08-19 11:48:00,254.69300000000004,265.38684
1995-08-19 11:49:00,268.335,436.40234
1995-08-19 11:50:00,771.01,545.8781
1995-08-19 11:51:00,1076.762,439.32767
1995-08-19 11:52:00,330.08799999999997,440.3314
1995-08-19 11:53:00,279.889,555.9776
1995-08-19 11:54:00,693.8199999999999,677.0922
1995-08-19 11:55:00,309.03,439.6192
1995-08-19 11:56:00,338.686,530.7445
1995-08-19 11:57:00,321.094,475.9412
1995-08-19 11:58:00,338.927,429.57874
1995-08-19 11:59:00,154.444,287.0084
1995-08-19 12:00:00,407.989,364.7285
1995-08-19 12:01:00,94.173,163.60129
1995-08-19 12:02:00,145.626,364.97604
1995-08-19 12:03:00,342.491,240.29071
1995-08-19 12:04:00,164.298,323.1456
1995-08-19 12:05:00,542.179,461.09888
1995-08-19 12:06:00,557.073,597.1555
1995-08-19 12:07:00,382.832,546.8007
1995-08-19 12:08:00,1183.107,514.71436
1995-08-19 12:09:00,596.487,595.32007
1995-08-19 12:10:00,455.765,544.9482
1995-08-19 12:11:00,205.142,520.0972
1995-08-19 12:12:00,226.186,393.91388
1995-08-19 12:13:00,217.988,295.3254
1995-08-19 12:14:00,548.755,386.94592
1995-08-19 12:15:00,1685.604,425.31485
1995-08-19 12:16:00,714.936,523.35925
1995-08-19 12:17:00,661.916,594.77014
1995-08-19 12:18:00,447.693,642.5278
1995-08-19 12:19:00,427.546,578.3247
1995-08-19 12:20:00,267.87,404.53226
1995-08-19 12:21:00,425.603,403.7145
1995-08-19 12:22:00,358.927,241.94986
1995-08-19 12:23:00,384.462,329.91696
1995-08-19 12:24:00,185.45499999999998,456.4727
1995-08-19 12:25:00,1586.869,327.60583
1995-08-19 12:26:00,65.17399999999999,265.83853
1995-08-19 12:27:00,98.34100000000001,337.46735
1995-08-19 12:28:00,57.348,92.65765
1995-08-19 12:29:00,146.172,146.97264
1995-08-19 12:30:00,294.521,310.90887
1995-08-19 12:31:00,450.40999999999997,354.2861
1995-08-19 12:32:00,466.11,219.6352
1995-08-19 12:33:00,426.475,480.45633
1995-08-19 12:34:00,284.373,431.9028
1995-08-19 12:35:00,326.161,478.02896
1995-08-19 12:36:00,1683.7250000000001,365.54697
1995-08-19 12:37:00,91.441,381.41904
1995-08-19 12:38:00,460.55699999999996,292.04398
1995-08-19 12:39:00,654.4449999999999,407.32562
1995-08-19 12:40:00,404.751,505.31186
1995-08-19 12:41:00,725.683,504.61847
1995-08-19 12:42:00,337.688,355.4983
1995-08-19 12:43:00,916.14,592.86584
1995-08-19 12:44:00,264.621,492.92538
1995-08-19 12:45:00,253.44899999999998,430.197
1995-08-19 12:46:00,97.795,355.49063
1995-08-19 12:47:00,449.34000000000003,344.05365
1995-08-19 12:48:00,215.822,366.8984
1995-08-19 12:49:00,206.803,409.12924
1995-08-19 12:50:00,156.523,324.01416
1995-08-19 12:51:00,303.521,350.4479
1995-08-19 12:52:00,441.903,379.22113
1995-08-19 12:53:00,296.953,286.4974
1995-08-19 12:54:00,108.808,306.949
1995-08-19 12:55:00,285.94599999999997,194.47614
1995-08-19 12:56:00,189.299,275.42636
1995-08-19 12:57:00,254.59699999999998,182.58705
1995-08-19 12:58:00,235.74200000000002,402.52557
1995-08-19 12:59:00,198.86,274.7815
1995-08-19 13:00:00,693.2339999999999,255.94424
1995-08-19 13:01:00,82.675,155.96437
1995-08-19 13:02:00,667.8199999999999,352.19745
1995-08-19 13:03:00,453.577,500.9053
1995-08-19 13:04:00,290.733,457.95624
1995-08-19 13:05:00,821.859,339.76025
1995-08-19 13:06:00,1369.011,241.2754
1995-08-19 13:07:00,722.0529999999999,404.69568
1995-08-19 13:08:00,1238.7450000000001,695.3037
1995-08-19 13:09:00,1285.89,646.93823
1995-08-19 13:10:00,152.291,459.60605
1995-08-19 13:11:00,173.217,424.36475
1995-08-19 13:12:00,159.84699999999998,195.5376
1995-08-19 13:13:00,188.713,288.9397
1995-08-19 13:14:00,284.931,267.06497
1995-08-19 13:15:00,245.279,259.0975
1995-08-19 13:16:00,67.716,153.88585
1995-08-19 13:17:00,372.711,365.861
1995-08-19 13:18:00,1440.616,582.9609
1995-08-19 13:19:00,529.939,457.55966
1995-08-19 13:20:00,643.272,354.97662
1995-08-19 13:21:00,436.856,570.90765
1995-08-19 13:22:00,86.078,379.91705
1995-08-19 13:23:00,324.045,444.85922
1995-08-19 13:24:00,193.25799999999998,312.29947
1995-08-19 13:25:00,376.24899999999997,301.1728
1995-08-19 13:26:00,367.30899999999997,257.63876
1995-08-19 13:27:00,812.453,257.39197
1995-08-19 13:28:00,419.61199999999997,237.77838
1995-08-19 13:29:00,194.725,450.6073
1995-08-19 13:30:00,197.007,247.19719
1995-08-19 13:31:00,405.773,217.70857
1995-08-19 13:32:00,576.097,156.31047
1995-08-19 13:33:00,142.598,197.39261
1995-08-19 13:34:00,109.499,350.62457
1995-08-19 13:35:00,553.319,317.979
1995-08-19 13:36:00,294.861,306.52216
1995-08-19 13:37:00,220.781,411.16974
1995-08-19 13:38:00,123.463,224.55571
1995-08-19 13:39:00,1326.738,352.418
1995-08-19 13:40:00,285.242,386.1168
1995-08-19 13:41:00,1483.432,397.09286
1995-08-19 13:42:00,508.598,311.85803
1995-08-19 13:43:00,272.803,279.08997
1995-08-19 13:44:00,374.14799999999997,527.856
1995-08-19 13:45:00,440.18,271.60727
1995-08-19 13:46:00,541.187,504.99667
1995-08-19 13:47:00,534.505,558.9898
1995-08-19 13:48:00,441.238,489.45428
1995-08-19 13:49:00,770.534,609.2207
1995-08-19 13:50:00,278.222,399.80783
1995-08-19 13:51:00,583.375,409.00507
1995-08-19 13:52:00,144.442,354.372
1995-08-19 13:53:00,469.229,390.4899
1995-08-19 13:54:00,491.655,376.68918
1995-08-19 13:55:00,335.35699999999997,342.7312
1995-08-19 13:56:00,1011.5200000000001,453.4902
1995-08-19 13:57:00,83.008,422.81876
1995-08-19 13:58:00,309.413,365.58383
1995-08-19 13:59:00,1187.271,434.20435
1995-08-19 14:00:00,150.56,375.55627
1995-08-19 14:01:00,215.559,433.87534
1995-08-19 14:02:00,262.315,535.2432
1995-08-19 14:03:00,550.147,563.90875
1995-08-19 14:04:00,127.59,336.66135
1995-08-19 14:05:00,326.184,462.28012
1995-08-19 14:06:00,456.42699999999996,483.2884
1995-08-19 14:07:00,416.098,423.0199
1995-08-19 14:08:00,397.016,507.6994
1995-08-19 14:09:00,888.7,506.98264
1995-08-19 14:10:00,267.654,300.29025
1995-08-19 14:11:00,230.99,449.96906
1995-08-19 14:12:00,232.418,315.88388
1995-08-19 14:13:00,429.471,385.70242
1995-08-19 14:14:00,1160.116,356.3605
1995-08-19 14:15:00,310.266,285.06293
1995-08-19 14:16:00,203.438,354.39487
1995-08-19 14:17:00,257.93399999999997,308.57132
1995-08-19 14:18:00,232.983,352.69144
1995-08-19 14:19:00,571.521,531.699
1995-08-19 14:20:00,372.498,342.38882
1995-08-19 14:21:00,1030.848,485.59576
1995-08-19 14:22:00,296.719,303.8012
1995-08-19 14:23:00,257.031,359.39783
1995-08-19 14:24:00,316.277,279.86166
1995-08-19 14:25:00,196.913,304.42142
1995-08-19 14:26:00,801.124,502.93048
1995-08-19 14:27:00,1192.257,585.6589
1995-08-19 14:28:00,674.235,542.51697
1995-08-19 14:29:00,790.781,478.58182
1995-08-19 14:30:00,1719.931,632.02203
1995-08-19 14:31:00,1234.673,773.8906
1995-08-19 14:32:00,1046.899,970.8226
1995-08-19 14:33:00,954.636,610.7853
1995-08-19 14:34:00,251.06400000000002,579.9643
1995-08-19 14:35:00,931.769,581.2695
1995-08-19 14:36:00,1352.72,866.10956
1995-08-19 14:37:00,621.76,445.93478
1995-08-19 14:38:00,746.368,668.4563
1995-08-19 14:39:00,499.969,624.3375
1995-08-19 14:40:00,1740.075,627.666
1995-08-19 14:41:00,607.2049999999999,829.25635
1995-08-19 14:42:00,478.781,722.84863
1995-08-19 14:43:00,1545.818,659.1811
1995-08-19 14:44:00,758.052,854.93945
1995-08-19 14:45:00,870.981,842.95013
1995-08-19 14:46:00,753.0930000000001,727.76514
1995-08-19 14:47:00,652.335,729.68933
1995-08-19 14:48:00,503.349,731.0268
1995-08-19 14:49:00,984.536,874.35754
1995-08-19 14:50:00,260.373,612.6979
1995-08-19 14:51:00,1859.8290000000002,614.64374
1995-08-19 14:52:00,334.884,768.32355
1995-08-19 14:53:00,1000.795,518.2929
1995-08-19 14:54:00,277.566,480.18686
1995-08-19 14:55:00,246.977,385.14502
1995-08-19 14:56:00,144.927,453.0336
1995-08-19 14:57:00,1479.7540000000001,376.09766
1995-08-19 14:58:00,607.904,555.14215
1995-08-19 14:59:00,626.396,459.91888
1995-08-19 15:00:00,429.106,549.6233
1995-08-19 15:01:00,523.485,671.6234
1995-08-19 15:02:00,244.166,708.1867
1995-08-19 15:03:00,697.327,523.3657
1995-08-19 15:04:00,383.58299999999997,628.7101
1995-08-19 15:05:00,317.205,598.43243
1995-08-19 15:06:00,533.809,560.1368
1995-08-19 15:07:00,233.767,477.10294
1995-08-19 15:08:00,780.919,442.6824
1995-08-19 15:09:00,199.24,558.0677
1995-08-19 15:10:00,142.073,266.5352
1995-08-19 15:11:00,238.501,351.5303
1995-08-19 15:12:00,381.809,322.14725
1995-08-19 15:13:00,178.484,383.53525
1995-08-19 15:14:00,597.181,424.62466
1995-08-19 15:15:00,847.9359999999999,356.32404
1995-08-19 15:16:00,621.043,590.6115
1995-08-19 15:17:00,672.972,664.2152
1995-08-19 15:18:00,641.211,608.85016
1995-08-19 15:19:00,290.755,593.75116
1995-08-19 15:20:00,802.702,510.1533
1995-08-19 15:21:00,173.18200000000002,337.2276
1995-08-19 15:22:00,703.688,436.16318
1995-08-19 15:23:00,297.13,365.05685
1995-08-19 15:24:00,419.25,407.4695
1995-08-19 15:25:00,179.559,511.42108
1995-08-19 15:26:00,1233.893,365.19894
1995-08-19 15:27:00,1874.432,546.6215
1995-08-19 15:28:00,661.756,435.1338
1995-08-19 15:29:00,252.858,518.25183
1995-08-19 15:30:00,304.474,562.6632
1995-08-19 15:31:00,563.5409999999999,409.82507
1995-08-19 15:32:00,1390.948,387.50537
1995-08-19 15:33:00,158.567,276.98544
1995-08-19 15:34:00,1294.675,345.49188
1995-08-19 15:35:00,350.058,463.72357
1995-08-19 15:36:00,238.886,521.2133
1995-08-19 15:37:00,222.14000000000001,496.98874
1995-08-19 15:38:00,176.477,367.75024
1995-08-19 15:39:00,265.036,336.2552
1995-08-19 15:40:00,459.376,334.9615
1995-08-19 15:41:00,634.284,462.7476
1995-08-19 15:42:00,731.1669999999999,279.04428
1995-08-19 15:43:00,592.2950000000001,338.9183
1995-08-19 15:44:00,338.29,356.5364
1995-08-19 15:45:00,162.154,505.91025
1995-08-19 15:46:00,889.1360000000001,453.7341
1995-08-19 15:47:00,667.3489999999999,553.0807
1995-08-19 15:48:00,179.65099999999998,350.41742
1995-08-19 15:49:00,436.98100000000005,418.44476
1995-08-19 15:50:00,979.677,409.36966
1995-08-19 15:51:00,466.29900000000004,399.91238
1995-08-19 15:52:00,428.942,587.91907
1995-08-19 15:53:00,427.326,499.45612
1995-08-19 15:54:00,1649.121,368.20767
1995-08-19 15:55:00,355.44,445.91776
1995-08-19 15:56:00,696.6600000000001,571.3867
1995-08-19 15:57:00,102.10700000000001,369.24554
1995-08-19 15:58:00,328.52,380.7289
1995-08-19 15:59:00,166.23999999999998,413.7997
1995-08-19 16:00:00,343.777,337.11005
1995-08-19 16:01:00,359.85299999999995,495.31345
1995-08-19 16:02:00,195.712,287.58218
1995-08-19 16:03:00,71.854,338.35455
1995-08-19 16:04:00,181.952,300.16098
1995-08-19 16:05:00,199.475,406.7528
1995-08-19 16:06:00,75.503,153.71327
1995-08-19 16:07:00,168.111,246.54807
1995-08-19 16:08:00,125.62700000000001,269.41632
1995-08-19 16:09:00,54.30800000000001,247.64864
1995-08-19 16:10:00,244.124,264.03366
1995-08-19 16:11:00,576.3439999999999,279.6389
1995-08-19 16:12:00,562.915,362.52213
1995-08-19 16:13:00,141.565,371.99414
1995-08-19 16:14:00,411.204,221.60774
1995-08-19 16:15:00,350.743,300.52408
1995-08-19 16:16:00,147.18699999999998,332.79733
1995-08-19 16:17:00,303.497,309.80933
1995-08-19 16:18:00,146.874,260.05948
1995-08-19 16:19:00,52.649,161.51538
1995-08-19 16:20:00,175.10399999999998,295.90277
1995-08-19 16:21:00,363.829,295.59555
1995-08-19 16:22:00,186.14999999999998,126.73563
1995-08-19 16:23:00,919.4970000000001,207.62752
1995-08-19 16:24:00,194.56300000000002,252.36848
1995-08-19 16:25:00,1120.542,563.6914
1995-08-19 16:26:00,356.863,437.73608
1995-08-19 16:27:00,142.874,510.98267
1995-08-19 16:28:00,355.98199999999997,553.39386
1995-08-19 16:29:00,521.844,651.93445
1995-08-19 16:30:00,298.601,501.85178
1995-08-19 16:31:00,282.856,454.61356
1995-08-19 16:32:00,530.947,205.82843
1995-08-19 16:33:00,341.959,348.68802
1995-08-19 16:34:00,326.8,333.0516
1995-08-19 16:35:00,244.169,231.82306
1995-08-19 16:36:00,137.8,218.46869
1995-08-19 16:37:00,324.495,299.4461
1995-08-19 16:38:00,287.885,244.66052
1995-08-19 16:39:00,339.297,461.90738
1995-08-19 16:40:00,363.909,323.8298
1995-08-19 16:41:00,184.89,352.19257
1995-08-19 16:42:00,192.575,159.68246
1995-08-19 16:43:00,482.97900000000004,280.25473
1995-08-19 16:44:00,271.979,341.60718
1995-08-19 16:45:00,477.475,392.8771
1995-08-19 16:46:00,292.496,269.5915
1995-08-19 16:47:00,670.188,261.43103
1995-08-19 16:48:00,357.342,501.1188
1995-08-19 16:49:00,481.63800000000003,509.63147
1995-08-19 16:50:00,285.799,450.70422
1995-08-19 16:51:00,999.332,513.36115
1995-08-19 16:52:00,373.476,460.12158
1995-08-19 16:53:00,417.423,446.5699
1995-08-19 16:54:00,276.41,546.497
1995-08-19 16:55:00,438.573,526.7211
1995-08-19 16:56:00,362.387,420.43594
1995-08-19 16:57:00,1839.443,476.1491
1995-08-19 16:58:00,475.663,368.07513
1995-08-19 16:59:00,275.496,468.01166
1995-08-19 17:00:00,401.553,367.4516
1995-08-19 17:01:00,307.661,404.2475
1995-08-19 17:02:00,237.949,403.70566
1995-08-19 17:03:00,680.377,405.72266
1995-08-19 17:04:00,233.81,443.82547
1995-08-19 17:05:00,350.001,480.03638
1995-08-19 17:06:00,454.551,358.01724
1995-08-19 17:07:00,197.75300000000001,421.96536
1995-08-19 17:08:00,240.10899999999998,364.64792
1995-08-19 17:09:00,1226.608,211.67862
1995-08-19 17:10:00,331.134,390.79617
1995-08-19 17:11:00,1413.845,356.2353
1995-08-19 17:12:00,661.757,525.74896
1995-08-19 17:13:00,657.148,473.8005
1995-08-19 17:14:00,455.385,564.9322
1995-08-19 17:15:00,933.443,414.75497
1995-08-19 17:16:00,94.301,401.5126
1995-08-19 17:17:00,256.202,220.6701
1995-08-19 17:18:00,340.928,394.00674
1995-08-19 17:19:00,211.29399999999998,374.95093
1995-08-19 17:20:00,348.57,488.21985
1995-08-19 17:21:00,159.119,372.4711
1995-08-19 17:22:00,485.24699999999996,392.91672
1995-08-19 17:23:00,503.12800000000004,277.2252
1995-08-19 17:24:00,285.18399999999997,279.59097
1995-08-19 17:25:00,352.17900000000003,321.8166
1995-08-19 17:26:00,282.94399999999996,298.37982
1995-08-19 17:27:00,316.075,551.75226
1995-08-19 17:28:00,600.446,679.6287
1995-08-19 17:29:00,513.923,478.40097
1995-08-19 17:30:00,1040.166,489.83142
1995-08-19 17:31:00,251.7,431.36066
1995-08-19 17:32:00,175.171,320.15842
1995-08-19 17:33:00,846.1,365.13226
1995-08-19 17:34:00,277.59000000000003,456.86966
1995-08-19 17:35:00,320.40700000000004,429.66293
1995-08-19 17:36:00,526.726,460.6089
1995-08-19 17:37:00,569.827,337.0828
1995-08-19 17:38:00,530.854,237.01642
1995-08-19 17:39:00,222.576,247.34163
1995-08-19 17:40:00,346.568,458.39066
1995-08-19 17:41:00,294.941,356.57663
1995-08-19 17:42:00,621.2429999999999,270.1629
1995-08-19 17:43:00,509.67600000000004,341.26218
1995-08-19 17:44:00,207.971,415.7458
1995-08-19 17:45:00,315.996,371.21716
1995-08-19 17:46:00,1558.0510000000002,459.498
1995-08-19 17:47:00,473.536,550.89056
1995-08-19 17:48:00,374.784,488.47653
1995-08-19 17:49:00,762.309,345.61615
1995-08-19 17:50:00,374.885,420.3409
1995-08-19 17:51:00,493.19599999999997,592.7633
1995-08-19 17:52:00,427.36199999999997,540.852
1995-08-19 17:53:00,1010.6379999999999,429.18698
1995-08-19 17:54:00,316.395,334.08746
1995-08-19 17:55:00,230.81,344.46835
1995-08-19 17:56:00,649.435,389.82666
1995-08-19 17:57:00,436.16400000000004,351.13937
1995-08-19 17:58:00,728.84,318.93427
1995-08-19 17:59:00,1097.038,419.50314
1995-08-19 18:00:00,147.624,482.78433
1995-08-19 18:01:00,118.99,325.306
1995-08-19 18:02:00,915.324,209.32817
1995-08-19 18:03:00,50.954,234.05495
1995-08-19 18:04:00,166.625,379.3372
1995-08-19 18:05:00,177.265,337.88965
1995-08-19 18:06:00,272.724,227.78041
1995-08-19 18:07:00,257.412,384.72137
1995-08-19 18:08:00,183.645,147.68289
1995-08-19 18:09:00,89.356,270.2982
1995-08-19 18:10:00,184.143,260.68427
1995-08-19 18:11:00,226.761,301.434
1995-08-19 18:12:00,184.555,302.93173
1995-08-19 18:13:00,516.487,346.6855
1995-08-19 18:14:00,340.84000000000003,384.5287
1995-08-19 18:15:00,380.776,385.6069
1995-08-19 18:16:00,181.464,259.52402
1995-08-19 18:17:00,635.369,333.68027
1995-08-19 18:18:00,1171.921,322.13153
1995-08-19 18:19:00,147.347,262.91556
1995-08-19 18:20:00,144.367,377.53314
1995-08-19 18:21:00,290.368,439.92355
1995-08-19 18:22:00,418.85699999999997,649.4801
1995-08-19 18:23:00,814.016,254.17918
1995-08-19 18:24:00,600.454,475.56473
1995-08-19 18:25:00,363.833,612.75116
1995-08-19 18:26:00,344.813,486.39435
1995-08-19 18:27:00,310.54900000000004,496.0166
1995-08-19 18:28:00,298.013,404.85202
1995-08-19 18:29:00,345.06,483.83438
1995-08-19 18:30:00,1163.2069999999999,647.93915
1995-08-19 18:31:00,320.391,519.30493
1995-08-19 18:32:00,260.724,473.8974
1995-08-19 18:33:00,282.774,363.35495
1995-08-19 18:34:00,66.676,346.1567
1995-08-19 18:35:00,79.73,280.7135
1995-08-19 18:36:00,130.483,227.76099
1995-08-19 18:37:00,79.986,284.08725
1995-08-19 18:38:00,86.305,207.23155
1995-08-19 18:39:00,122.59,191.52211
1995-08-19 18:40:00,135.319,175.74751
1995-08-19 18:41:00,1146.198,181.69708
1995-08-19 18:42:00,93.797,271.65707
1995-08-19 18:43:00,61.228,242.83086
1995-08-19 18:44:00,152.175,371.656
1995-08-19 18:45:00,213.461,297.9989
1995-08-19 18:46:00,180.13600000000002,206.44298
1995-08-19 18:47:00,1113.971,193.75946
1995-08-19 18:48:00,191.435,91.31358
1995-08-19 18:49:00,140.902,225.4897
1995-08-19 18:50:00,166.975,249.4496
1995-08-19 18:51:00,255.89600000000002,334.5638
1995-08-19 18:52:00,429.497,259.01828
1995-08-19 18:53:00,163.139,163.31834
1995-08-19 18:54:00,931.572,154.39488
1995-08-19 18:55:00,234.33,208.70538
1995-08-19 18:56:00,284.239,172.06883
1995-08-19 18:57:00,241.306,243.15929
1995-08-19 18:58:00,169.527,288.09372
1995-08-19 18:59:00,285.999,337.7927
1995-08-19 19:00:00,374.246,383.6884
1995-08-19 19:01:00,1015.933,264.6985
1995-08-19 19:02:00,340.83299999999997,255.49805
1995-08-19 19:03:00,262.19599999999997,356.49548
1995-08-19 19:04:00,236.127,366.08325
1995-08-19 19:05:00,279.339,411.65448
1995-08-19 19:06:00,2237.839,389.53232
1995-08-19 19:07:00,193.67000000000002,400.2534
1995-08-19 19:08:00,361.448,135.75923
1995-08-19 19:09:00,2043.7969999999998,257.9885
1995-08-19 19:10:00,489.98900000000003,428.20184
1995-08-19 19:11:00,569.398,789.7239
1995-08-19 19:12:00,1098.415,712.1295
1995-08-19 19:13:00,671.209,639.33276
1995-08-19 19:14:00,1801.155,566.32477
1995-08-19 19:15:00,488.48600000000005,583.84143
1995-08-19 19:16:00,812.461,517.17737
1995-08-19 19:17:00,258.858,351.28516
1995-08-19 19:18:00,1497.242,526.2247
1995-08-19 19:19:00,115.67099999999999,300.8148
1995-08-19 19:20:00,665.881,286.21692
1995-08-19 19:21:00,149.238,292.57013
1995-08-19 19:22:00,846.068,502.617
1995-08-19 19:23:00,558.842,285.34912
1995-08-19 19:24:00,114.632,572.2504
1995-08-19 19:25:00,385.561,134.53705
1995-08-19 19:26:00,289.479,269.20288
1995-08-19 19:27:00,295.708,340.83337
1995-08-19 19:28:00,285.105,225.7791
1995-08-19 19:29:00,374.854,458.06546
1995-08-19 19:30:00,493.56,429.44818
1995-08-19 19:31:00,693.881,484.2146
1995-08-19 19:32:00,234.819,341.08514
1995-08-19 19:33:00,1558.465,541.3318
1995-08-19 19:34:00,250.086,426.22122
1995-08-19 19:35:00,1132.911,558.9489
1995-08-19 19:36:00,388.192,460.99356
1995-08-19 19:37:00,168.48,531.05695
1995-08-19 19:38:00,924.1089999999999,526.9434
1995-08-19 19:39:00,621.606,426.1758
1995-08-19 19:40:00,199.288,385.40695
1995-08-19 19:41:00,436.142,420.32684
1995-08-19 19:42:00,246.10299999999998,314.4894
1995-08-19 19:43:00,59.654,269.2364
1995-08-19 19:44:00,123.092,426.51794
1995-08-19 19:45:00,120.283,255.87357
1995-08-19 19:46:00,172.242,218.55557
1995-08-19 19:47:00,95.185,210.16708
1995-08-19 19:48:00,135.97899999999998,302.6384
1995-08-19 19:49:00,1173.786,167.88518
1995-08-19 19:50:00,77.161,145.91061
1995-08-19 19:51:00,0.0,77.76892
1995-08-19 19:52:00,104.584,222.0018
1995-08-19 19:53:00,126.044,213.24991
1995-08-19 19:54:00,322.858,331.89163
1995-08-19 19:55:00,257.693,342.51395
1995-08-19 19:56:00,289.31100000000004,249.13405
1995-08-19 19:57:00,386.409,460.99908
1995-08-19 19:58:00,270.306,359.5434
1995-08-19 19:59:00,372.704,477.53696
1995-08-19 20:00:00,183.42000000000002,341.02023
1995-08-19 20:01:00,93.40499999999999,148.35132
1995-08-19 20:02:00,94.62,232.65005
1995-08-19 20:03:00,1457.415,360.53934
1995-08-19 20:04:00,407.205,514.2149
1995-08-19 20:05:00,137.392,387.1504
1995-08-19 20:06:00,78.253,187.4213
1995-08-19 20:07:00,538.32,248.1414
1995-08-19 20:08:00,100.203,303.92825
1995-08-19 20:09:00,135.835,356.47827
1995-08-19 20:10:00,151.42,149.54546
1995-08-19 20:11:00,306.724,254.96313
1995-08-19 20:12:00,719.29,287.55673
1995-08-19 20:13:00,113.816,341.0773
1995-08-19 20:14:00,61.275999999999996,319.63586
1995-08-19 20:15:00,220.134,215.92401
1995-08-19 20:16:00,380.37399999999997,218.12613
1995-08-19 20:17:00,197.126,291.8653
1995-08-19 20:18:00,419.506,464.5593
1995-08-19 20:19:00,63.492000000000004,165.70969
1995-08-19 20:20:00,365.247,311.10495
1995-08-19 20:21:00,312.213,304.9812
1995-08-19 20:22:00,1089.509,335.47678
1995-08-19 20:23:00,677.206,470.41568
1995-08-19 20:24:00,425.675,541.11096
1995-08-19 20:25:00,706.149,447.50287
1995-08-19 20:26:00,569.971,665.59265
1995-08-19 20:27:00,403.408,508.51923
1995-08-19 20:28:00,657.323,406.66183
1995-08-19 20:29:00,226.549,631.0689
1995-08-19 20:30:00,1321.0970000000002,590.6722
1995-08-19 20:31:00,292.21500000000003,425.44803
1995-08-19 20:32:00,605.29,538.04254
1995-08-19 20:33:00,832.832,640.502
1995-08-19 20:34:00,526.274,592.2143
1995-08-19 20:35:00,324.86400000000003,532.2166
1995-08-19 20:36:00,526.222,392.24243
1995-08-19 20:37:00,364.114,352.30542
1995-08-19 20:38:00,81.872,196.43604
1995-08-19 20:39:00,445.746,338.87164
1995-08-19 20:40:00,789.669,409.79666
1995-08-19 20:41:00,577.31,364.3229
1995-08-19 20:42:00,2514.563,452.8466
1995-08-19 20:43:00,1217.73,451.01685
1995-08-19 20:44:00,133.14100000000002,433.16653
1995-08-19 20:45:00,584.096,536.1889
1995-08-19 20:46:00,306.485,358.06757
1995-08-19 20:47:00,289.615,374.38434
1995-08-19 20:48:00,86.967,227.666
1995-08-19 20:49:00,432.606,316.15915
1995-08-19 20:50:00,380.308,337.0628
1995-08-19 20:51:00,369.31699999999995,437.42722
1995-08-19 20:52:00,153.54999999999998,352.90198
1995-08-19 20:53:00,129.165,199.35242
1995-08-19 20:54:00,190.053,186.27834
1995-08-19 20:55:00,291.77000000000004,333.4965
1995-08-19 20:56:00,278.733,221.4332
1995-08-19 20:57:00,301.927,297.86606
1995-08-19 20:58:00,45.551,171.83182
1995-08-19 20:59:00,495.977,264.517
1995-08-19 21:00:00,314.612,176.31284
1995-08-19 21:01:00,65.407,290.84763
1995-08-19 21:02:00,73.543,306.32513
1995-08-19 21:03:00,248.468,613.4888
1995-08-19 21:04:00,1370.083,303.19025
1995-08-19 21:05:00,208.353,267.38577
1995-08-19 21:06:00,160.97899999999998,431.04474
1995-08-19 21:07:00,17.087,234.86513
1995-08-19 21:08:00,389.253,289.69235
1995-08-19 21:09:00,410.762,247.45663
1995-08-19 21:10:00,281.111,235.38283
1995-08-19 21:11:00,110.979,220.64908
1995-08-19 21:12:00,118.22200000000001,299.28024
1995-08-19 21:13:00,922.949,204.79135
1995-08-19 21:14:00,151.85999999999999,203.93138
1995-08-19 21:15:00,200.351,361.2047
1995-08-19 21:16:00,562.386,548.3464
1995-08-19 21:17:00,245.112,333.42566
1995-08-19 21:18:00,530.944,541.99835
1995-08-19 21:19:00,530.46,477.61636
1995-08-19 21:20:00,517.341,471.25693
1995-08-19 21:21:00,406.142,487.30252
1995-08-19 21:22:00,652.1659999999999,453.21637
1995-08-19 21:23:00,121.061,394.53693
1995-08-19 21:24:00,397.642,193.19508
1995-08-19 21:25:00,158.391,340.40283
1995-08-19 21:26:00,552.435,338.2541
1995-08-19 21:27:00,2203.37,506.08722
1995-08-19 21:28:00,576.015,431.14755
1995-08-19 21:29:00,175.838,505.90903
1995-08-19 21:30:00,351.91700000000003,432.05414
1995-08-19 21:31:00,200.329,349.32504
1995-08-19 21:32:00,302.592,459.18628
1995-08-19 21:33:00,228.48000000000002,337.9614
1995-08-19 21:34:00,1329.3139999999999,387.5628
1995-08-19 21:35:00,374.3,516.598
1995-08-19 21:36:00,648.002,369.40854
1995-08-19 21:37:00,365.891,342.4543
1995-08-19 21:38:00,482.805,308.27283
1995-08-19 21:39:00,150.533,379.3488
1995-08-19 21:40:00,208.402,295.83636
1995-08-19 21:41:00,402.996,233.98917
1995-08-19 21:42:00,267.103,279.44116
1995-08-19 21:43:00,1427.661,406.22003
1995-08-19 21:44:00,460.107,410.9324
1995-08-19 21:45:00,120.278,314.7162
1995-08-19 21:46:00,247.203,347.14902
1995-08-19 21:47:00,180.42000000000002,314.4947
1995-08-19 21:48:00,304.977,405.82623
1995-08-19 21:49:00,251.892,342.18567
1995-08-19 21:50:00,621.473,392.8677
1995-08-19 21:51:00,396.096,556.947
1995-08-19 21:52:00,819.4449999999999,474.51694
1995-08-19 21:53:00,2041.376,544.9175
1995-08-19 21:54:00,543.207,537.0428
1995-08-19 21:55:00,1066.665,388.9101
1995-08-19 21:56:00,693.026,332.80957
1995-08-19 21:57:00,593.957,394.9009
1995-08-19 21:58:00,444.646,587.0601
1995-08-19 21:59:00,841.788,502.94897
1995-08-19 22:00:00,463.27,655.44775
1995-08-19 22:01:00,200.72400000000002,482.4322
1995-08-19 22:02:00,268.40999999999997,342.75168
1995-08-19 22:03:00,322.573,381.11957
1995-08-19 22:04:00,496.736,660.56067
1995-08-19 22:05:00,251.173,271.00558
1995-08-19 22:06:00,619.512,408.33368
1995-08-19 22:07:00,603.231,316.44873
1995-08-19 22:08:00,250.089,211.40356
1995-08-19 22:09:00,378.85,371.29297
1995-08-19 22:10:00,350.674,459.3902
1995-08-19 22:11:00,381.848,319.05603
1995-08-19 22:12:00,480.027,421.86496
1995-08-19 22:13:00,901.2620000000001,418.94867
1995-08-19 22:14:00,1916.462,666.0776
1995-08-19 22:15:00,300.373,565.66046
1995-08-19 22:16:00,192.69,430.3944
1995-08-19 22:17:00,440.073,554.95337
1995-08-19 22:18:00,441.104,476.04172
1995-08-19 22:19:00,384.666,655.05786
1995-08-19 22:20:00,539.297,471.98102
1995-08-19 22:21:00,413.927,364.39972
1995-08-19 22:22:00,373.855,353.1415
1995-08-19 22:23:00,536.773,242.54976
1995-08-19 22:24:00,246.624,625.0291
1995-08-19 22:25:00,725.62,545.86505
1995-08-19 22:26:00,643.3009999999999,375.1496
1995-08-19 22:27:00,557.137,570.47235
1995-08-19 22:28:00,184.892,314.68518
1995-08-19 22:29:00,93.946,247.28467
1995-08-19 22:30:00,556.888,254.67062
1995-08-19 22:31:00,123.39999999999999,249.54398
1995-08-19 22:32:00,212.41299999999998,382.9859
1995-08-19 22:33:00,466.50600000000003,407.15585
1995-08-19 22:34:00,89.831,316.77982
1995-08-19 22:35:00,149.277,228.3894
1995-08-19 22:36:00,131.915,285.70148
1995-08-19 22:37:00,421.611,275.11545
1995-08-19 22:38:00,213.748,351.59503
1995-08-19 22:39:00,401.644,261.46942
1995-08-19 22:40:00,189.106,245.87521
1995-08-19 22:41:00,997.7620000000001,383.46448
1995-08-19 22:42:00,109.642,279.08835
1995-08-19 22:43:00,161.935,323.03107
1995-08-19 22:44:00,118.24600000000001,273.34726
1995-08-19 22:45:00,205.516,278.0049
1995-08-19 22:46:00,218.134,316.3938
1995-08-19 22:47:00,141.891,289.7442
1995-08-19 22:48:00,862.5,305.21823
1995-08-19 22:49:00,97.241,160.31796
1995-08-19 22:50:00,292.662,319.107
1995-08-19 22:51:00,156.18200000000002,264.95047
1995-08-19 22:52:00,327.82300000000004,221.47255
1995-08-19 22:53:00,224.49800000000002,218.28981
1995-08-19 22:54:00,246.933,302.1799
1995-08-19 22:55:00,233.939,348.19763
1995-08-19 22:56:00,731.108,448.09543
1995-08-19 22:57:00,223.862,355.4031
1995-08-19 22:58:00,1096.702,346.49323
1995-08-19 22:59:00,316.373,622.56885
1995-08-19 23:00:00,732.709,505.7522
1995-08-19 23:01:00,542.824,457.9766
1995-08-19 23:02:00,374.509,519.8649
1995-08-19 23:03:00,471.86,597.6626
1995-08-19 23:04:00,527.831,459.5678
1995-08-19 23:05:00,269.48400000000004,427.32373
1995-08-19 23:06:00,155.869,327.55225
1995-08-19 23:07:00,534.128,287.98
1995-08-19 23:08:00,140.805,277.0329
1995-08-19 23:09:00,343.223,222.5112
1995-08-19 23:10:00,266.908,288.08447
1995-08-19 23:11:00,654.655,377.09244
1995-08-19 23:12:00,319.76099999999997,481.78326
1995-08-19 23:13:00,481.75300000000004,386.26724
1995-08-19 23:14:00,814.9259999999999,457.52686
1995-08-19 23:15:00,377.54699999999997,493.02408
1995-08-19 23:16:00,1651.3190000000002,481.01407
1995-08-19 23:17:00,387.566,363.1137
1995-08-19 23:18:00,360.84,508.841
1995-08-19 23:19:00,479.376,459.3004
1995-08-19 23:20:00,507.366,458.3256
1995-08-19 23:21:00,493.449,438.91132
1995-08-19 23:22:00,308.331,542.8109
1995-08-19 23:23:00,923.0699999999999,568.5694
1995-08-19 23:24:00,633.582,565.258
1995-08-19 23:25:00,719.183,503.24658
1995-08-19 23:26:00,1254.271,700.73474
1995-08-19 23:27:00,725.29,762.18744
1995-08-19 23:28:00,1014.465,591.07404
1995-08-19 23:29:00,702.438,717.3509
1995-08-19 23:30:00,775.197,599.42535
1995-08-19 23:31:00,355.078,692.52856
1995-08-19 23:32:00,350.443,548.0125
1995-08-19 23:33:00,450.04200000000003,503.25763
1995-08-19 23:34:00,1154.857,320.62
1995-08-19 23:35:00,253.416,522.7018
1995-08-19 23:36:00,387.513,291.99298
1995-08-19 23:37:00,133.714,311.7557
1995-08-19 23:38:00,1117.226,208.45294
1995-08-19 23:39:00,619.136,308.98135
1995-08-19 23:40:00,435.092,468.03244
1995-08-19 23:41:00,1126.272,409.21472
1995-08-19 23:42:00,438.15999999999997,554.3408
1995-08-19 23:43:00,874.232,573.10004
1995-08-19 23:44:00,314.093,516.72314
1995-08-19 23:45:00,67.103,518.6952
1995-08-19 23:46:00,359.48199999999997,534.7783
1995-08-19 23:47:00,150.381,409.90775
1995-08-19 23:48:00,774.9549999999999,306.48886
1995-08-19 23:49:00,184.97599999999997,216.12321
1995-08-19 23:50:00,328.78,287.53568
1995-08-19 23:51:00,274.583,297.74338
1995-08-19 23:52:00,1335.988,309.25998
1995-08-19 23:53:00,195.465,301.49356
1995-08-19 23:54:00,461.63300000000004,280.09546
1995-08-19 23:55:00,413.209,438.801
1995-08-19 23:56:00,369.293,332.15283
1995-08-19 23:57:00,339.996,335.326
1995-08-19 23:58:00,640.254,449.716
1995-08-19 23:59:00,517.687,379.10745
1995-08-20 00:00:00,484.783,478.63007
1995-08-20 00:01:00,1244.197,491.28558
1995-08-20 00:02:00,126.74499999999999,355.4546
1995-08-20 00:03:00,482.97900000000004,425.15308
1995-08-20 00:04:00,1046.624,376.33813
1995-08-20 00:05:00,403.762,425.42343
1995-08-20 00:06:00,328.995,463.60904
1995-08-20 00:07:00,220.206,441.02176
1995-08-20 00:08:00,169.306,401.52472
1995-08-20 00:09:00,126.179,340.5937
1995-08-20 00:10:00,331.951,541.5819
1995-08-20 00:11:00,224.875,321.27014
1995-08-20 00:12:00,523.578,379.4538
1995-08-20 00:13:00,246.311,336.45966
1995-08-20 00:14:00,220.427,394.9974
1995-08-20 00:15:00,333.216,458.3799
1995-08-20 00:16:00,287.311,300.97055
1995-08-20 00:17:00,731.84,224.28076
1995-08-20 00:18:00,209.505,419.11734
1995-08-20 00:19:00,159.895,427.15384
1995-08-20 00:20:00,270.46299999999997,372.3539
1995-08-20 00:21:00,46.434999999999995,328.89606
1995-08-20 00:22:00,603.796,328.2054
1995-08-20 00:23:00,279.59499999999997,454.42197
1995-08-20 00:24:00,747.938,490.06784
1995-08-20 00:25:00,156.202,427.63245
1995-08-20 00:26:00,922.5699999999999,496.59995
1995-08-20 00:27:00,515.937,487.99966
1995-08-20 00:28:00,2178.743,535.4031
1995-08-20 00:29:00,842.749,443.94107
1995-08-20 00:30:00,641.137,630.73
1995-08-20 00:31:00,629.771,551.9323
1995-08-20 00:32:00,706.476,564.22455
1995-08-20 00:33:00,244.599,458.48068
1995-08-20 00:34:00,295.281,497.58038
1995-08-20 00:35:00,229.76,482.16647
1995-08-20 00:36:00,931.689,534.90045
1995-08-20 00:37:00,250.512,523.57306
1995-08-20 00:38:00,217.74,435.7648
1995-08-20 00:39:00,912.336,378.27643
1995-08-20 00:40:00,212.56699999999998,441.96872
1995-08-20 00:41:00,806.7049999999999,428.57285
1995-08-20 00:42:00,235.759,392.26343
1995-08-20 00:43:00,469.162,431.16196
1995-08-20 00:44:00,457.49199999999996,474.17874
1995-08-20 00:45:00,435.86,368.1112
1995-08-20 00:46:00,339.01099999999997,421.7823
1995-08-20 00:47:00,516.698,432.82858
1995-08-20 00:48:00,299.272,422.58136
1995-08-20 00:49:00,380.80899999999997,300.5179
1995-08-20 00:50:00,260.442,227.12843
1995-08-20 00:51:00,184.028,380.25778
1995-08-20 00:52:00,583.56,501.7338
1995-08-20 00:53:00,278.188,459.12177
1995-08-20 00:54:00,372.609,437.4851
1995-08-20 00:55:00,513.73,349.33676
1995-08-20 00:56:00,230.468,501.2479
1995-08-20 00:57:00,780.24,270.38928
1995-08-20 00:58:00,317.428,422.24722
1995-08-20 00:59:00,255.436,329.66428
1995-08-20 01:00:00,355.164,427.37173
1995-08-20 01:01:00,391.294,424.68066
1995-08-20 01:02:00,171.816,162.66306
1995-08-20 01:03:00,381.832,352.82318
1995-08-20 01:04:00,57.862,247.17554
1995-08-20 01:05:00,179.806,360.8929
1995-08-20 01:06:00,898.357,351.03696
1995-08-20 01:07:00,256.036,280.33978
1995-08-20 01:08:00,513.014,462.3274
1995-08-20 01:09:00,329.169,313.23038
1995-08-20 01:10:00,413.692,269.87473
1995-08-20 01:11:00,226.302,282.58246
1995-08-20 01:12:00,310.094,370.7638
1995-08-20 01:13:00,385.931,349.129
1995-08-20 01:14:00,545.607,250.50371
1995-08-20 01:15:00,547.671,484.3634
1995-08-20 01:16:00,653.533,364.36523
1995-08-20 01:17:00,237.724,415.55664
1995-08-20 01:18:00,545.819,486.9748
1995-08-20 01:19:00,420.178,525.7975
1995-08-20 01:20:00,365.747,453.2391
1995-08-20 01:21:00,189.142,406.2208
1995-08-20 01:22:00,627.373,363.82382
1995-08-20 01:23:00,1371.7269999999999,481.98795
1995-08-20 01:24:00,770.3179999999999,542.1097
1995-08-20 01:25:00,178.898,321.8751
1995-08-20 01:26:00,327.26800000000003,536.047
1995-08-20 01:27:00,340.567,384.43973
1995-08-20 01:28:00,393.795,381.0764
1995-08-20 01:29:00,313.038,400.05292
1995-08-20 01:30:00,523.461,360.59882
1995-08-20 01:31:00,149.65,288.6379
1995-08-20 01:32:00,166.838,244.31427
1995-08-20 01:33:00,466.95699999999994,288.34583
1995-08-20 01:34:00,119.882,322.82333
1995-08-20 01:35:00,180.772,432.07437
1995-08-20 01:36:00,116.376,297.56436
1995-08-20 01:37:00,413.576,307.8001
1995-08-20 01:38:00,256.796,316.68542
1995-08-20 01:39:00,113.496,167.76805
1995-08-20 01:40:00,158.907,128.40129
1995-08-20 01:41:00,284.439,168.80977
1995-08-20 01:42:00,326.446,267.39062
1995-08-20 01:43:00,356.831,286.7233
1995-08-20 01:44:00,233.765,224.85814
1995-08-20 01:45:00,540.383,356.8057
1995-08-20 01:46:00,378.502,397.2816
1995-08-20 01:47:00,276.509,334.54797
1995-08-20 01:48:00,80.342,232.4879
1995-08-20 01:49:00,58.076,245.61401
1995-08-20 01:50:00,482.69899999999996,261.8913
1995-08-20 01:51:00,434.585,242.92865
1995-08-20 01:52:00,319.123,327.15988
1995-08-20 01:53:00,250.998,295.8245
1995-08-20 01:54:00,174.05599999999998,329.6843
1995-08-20 01:55:00,198.247,329.99808
1995-08-20 01:56:00,56.522999999999996,198.3557
1995-08-20 01:57:00,465.811,259.2995
1995-08-20 01:58:00,309.853,308.45148
1995-08-20 01:59:00,796.2520000000001,259.9914
1995-08-20 02:00:00,327.81100000000004,274.6683
1995-08-20 02:01:00,330.85,214.0939
1995-08-20 02:02:00,222.061,189.78038
1995-08-20 02:03:00,99.33200000000001,305.84937
1995-08-20 02:04:00,72.095,229.33914
1995-08-20 02:05:00,131.93599999999998,215.2159
1995-08-20 02:06:00,50.608000000000004,222.51855
1995-08-20 02:07:00,42.935,141.54628
1995-08-20 02:08:00,62.865,240.21524
1995-08-20 02:09:00,127.393,138.41461
1995-08-20 02:10:00,504.725,126.813675
1995-08-20 02:11:00,4.756,154.71613
1995-08-20 02:12:00,156.891,182.93387
1995-08-20 02:13:00,72.971,142.06313
1995-08-20 02:14:00,324.278,211.54015
1995-08-20 02:15:00,99.989,188.19989
1995-08-20 02:16:00,350.975,286.05167
1995-08-20 02:17:00,132.413,132.49957
1995-08-20 02:18:00,320.435,150.13216
1995-08-20 02:19:00,66.801,140.29716
1995-08-20 02:20:00,712.5109999999999,240.36653
1995-08-20 02:21:00,128.499,182.75977
1995-08-20 02:22:00,111.32499999999999,201.01009
1995-08-20 02:23:00,144.819,146.99127
1995-08-20 02:24:00,425.784,203.11531
1995-08-20 02:25:00,1702.836,214.44835
1995-08-20 02:26:00,122.714,220.1629
1995-08-20 02:27:00,525.917,215.22682
1995-08-20 02:28:00,151.052,252.23706
1995-08-20 02:29:00,207.285,129.26927
1995-08-20 02:30:00,698.7559999999999,121.09391
1995-08-20 02:31:00,477.06700000000006,328.0993
1995-08-20 02:32:00,108.325,195.20135
1995-08-20 02:33:00,143.798,153.20787
1995-08-20 02:34:00,142.058,292.6275
1995-08-20 02:35:00,69.251,211.09215
1995-08-20 02:36:00,196.036,249.18272
1995-08-20 02:37:00,229.66899999999998,156.53851
1995-08-20 02:38:00,76.676,304.6031
1995-08-20 02:39:00,650.694,286.44217
1995-08-20 02:40:00,179.392,257.01694
1995-08-20 02:41:00,244.589,160.20201
1995-08-20 02:42:00,1675.8870000000002,193.98674
1995-08-20 02:43:00,1021.504,159.5596
1995-08-20 02:44:00,464.422,230.96292
1995-08-20 02:45:00,109.028,277.8122
1995-08-20 02:46:00,84.497,318.81116
1995-08-20 02:47:00,100.42,200.33914
1995-08-20 02:48:00,204.773,168.17969
1995-08-20 02:49:00,390.84299999999996,74.323105
1995-08-20 02:50:00,255.579,212.6256
1995-08-20 02:51:00,162.178,219.16058
1995-08-20 02:52:00,102.723,76.91073
1995-08-20 02:53:00,213.836,288.8656
1995-08-20 02:54:00,207.87300000000002,117.79622
1995-08-20 02:55:00,89.319,242.87596
1995-08-20 02:56:00,234.73499999999999,251.8706
1995-08-20 02:57:00,482.70300000000003,321.3888
1995-08-20 02:58:00,1316.391,242.19151
1995-08-20 02:59:00,15.51,127.95534
1995-08-20 03:00:00,83.263,134.95895
1995-08-20 03:01:00,168.47000000000003,186.46533
1995-08-20 03:02:00,236.81099999999998,286.76694
1995-08-20 03:03:00,1745.073,266.10458
1995-08-20 03:04:00,459.88,396.17365
1995-08-20 03:05:00,203.419,300.68933
1995-08-20 03:06:00,301.544,234.8684
1995-08-20 03:07:00,62.614999999999995,361.44226
1995-08-20 03:08:00,142.264,187.453
1995-08-20 03:09:00,396.407,258.6976
1995-08-20 03:10:00,899.176,268.7949
1995-08-20 03:11:00,99.602,201.42703
1995-08-20 03:12:00,116.933,159.41658
1995-08-20 03:13:00,359.528,266.97308
1995-08-20 03:14:00,131.474,267.97266
1995-08-20 03:15:00,231.156,155.51608
1995-08-20 03:16:00,48.892,24.883436
1995-08-20 03:17:00,171.013,142.0593
1995-08-20 03:18:00,250.286,75.11917
1995-08-20 03:19:00,0.0,7.0360193
1995-08-20 03:20:00,1373.95,113.44116
1995-08-20 03:21:00,261.073,356.35623
1995-08-20 03:22:00,237.30599999999998,89.13606
1995-08-20 03:23:00,465.046,217.64069
1995-08-20 03:24:00,412.371,286.5617
1995-08-20 03:25:00,218.074,141.69807
1995-08-20 03:26:00,469.387,441.9795
1995-08-20 03:27:00,207.346,320.40674
1995-08-20 03:28:00,161.621,288.9209
1995-08-20 03:29:00,303.2,283.69412
1995-08-20 03:30:00,924.8779999999999,329.5566
1995-08-20 03:31:00,190.949,255.95514
1995-08-20 03:32:00,301.13800000000003,280.0295
1995-08-20 03:33:00,575.36,178.03009
1995-08-20 03:34:00,298.758,229.2727
1995-08-20 03:35:00,232.14000000000001,238.97609
1995-08-20 03:36:00,163.246,315.70743
1995-08-20 03:37:00,208.229,264.69406
1995-08-20 03:38:00,305.491,298.45306
1995-08-20 03:39:00,130.572,241.95357
1995-08-20 03:40:00,8.637,132.87773
1995-08-20 03:41:00,191.3,191.41042
1995-08-20 03:42:00,182.805,234.5657
1995-08-20 03:43:00,130.636,279.82376
1995-08-20 03:44:00,196.726,223.66939
1995-08-20 03:45:00,177.458,221.43013
1995-08-20 03:46:00,360.074,174.43628
1995-08-20 03:47:00,111.83500000000001,171.16104
1995-08-20 03:48:00,87.37,154.58023
1995-08-20 03:49:00,51.305,243.9504
1995-08-20 03:50:00,45.832,154.13997
1995-08-20 03:51:00,108.625,270.7709
1995-08-20 03:52:00,683.494,253.53546
1995-08-20 03:53:00,426.494,282.4063
1995-08-20 03:54:00,362.945,269.58102
1995-08-20 03:55:00,93.911,244.01744
1995-08-20 03:56:00,109.982,159.04503
1995-08-20 03:57:00,96.513,141.56885
1995-08-20 03:58:00,119.053,182.21458
1995-08-20 03:59:00,320.115,226.15042
1995-08-20 04:00:00,79.978,115.72324
1995-08-20 04:01:00,339.221,318.82275
1995-08-20 04:02:00,233.358,312.86798
1995-08-20 04:03:00,239.65699999999998,368.5575
1995-08-20 04:04:00,278.06600000000003,279.08542
1995-08-20 04:05:00,111.775,203.15297
1995-08-20 04:06:00,74.662,162.51282
1995-08-20 04:07:00,239.12,104.59064
1995-08-20 04:08:00,24.169,91.73094
1995-08-20 04:09:00,402.906,45.98058
1995-08-20 04:10:00,220.13,36.855785
1995-08-20 04:11:00,33.574,117.64546
1995-08-20 04:12:00,233.19899999999998,124.08527
1995-08-20 04:13:00,0.0,1.2272463
1995-08-20 04:18:00,2.0949999999999998,139.06415
1995-08-20 04:20:00,121.32,157.69577
1995-08-20 04:21:00,34.491,160.40222
1995-08-20 04:22:00,161.48499999999999,199.0602
1995-08-20 04:23:00,208.154,84.01289
1995-08-20 04:24:00,136.76799999999997,143.50441
1995-08-20 04:25:00,113.459,74.18567
1995-08-20 04:26:00,156.89,161.19054
1995-08-20 04:27:00,140.168,137.96057
1995-08-20 04:28:00,356.723,192.85304
1995-08-20 04:30:00,9.571,69.14095
1995-08-20 04:31:00,714.168,203.69963
1995-08-20 04:32:00,170.671,297.29813
1995-08-20 04:33:00,92.255,171.03812
1995-08-20 04:34:00,361.045,182.31018
1995-08-20 04:35:00,173.75900000000001,64.31549
1995-08-20 04:36:00,349.335,73.44549
1995-08-20 04:37:00,225.57899999999998,272.78427
1995-08-20 04:38:00,490.565,254.72891
1995-08-20 04:39:00,0.669,2.787466
1995-08-20 04:40:00,153.725,11.10774
1995-08-20 04:41:00,72.362,133.46979
1995-08-20 04:42:00,1368.904,124.23633
1995-08-20 04:43:00,11.443,29.31723
1995-08-20 04:44:00,276.671,180.01213
1995-08-20 04:45:00,134.506,272.89734
1995-08-20 04:46:00,265.747,285.74606
1995-08-20 04:47:00,523.499,118.2531
1995-08-20 04:48:00,68.124,210.15077
1995-08-20 04:49:00,56.202,141.28123
1995-08-20 04:50:00,135.189,261.13287
1995-08-20 04:51:00,190.393,194.99675
1995-08-20 04:52:00,1242.421,168.21124
1995-08-20 04:53:00,161.258,148.2345
1995-08-20 04:54:00,170.19799999999998,125.013626
1995-08-20 04:55:00,87.68199999999999,80.542046
1995-08-20 04:56:00,173.509,236.5461
1995-08-20 04:57:00,144.407,124.72793
1995-08-20 04:58:00,687.885,228.93817
1995-08-20 04:59:00,102.268,249.39719
1995-08-20 05:00:00,110.30999999999999,144.59055
1995-08-20 05:01:00,151.415,136.80641
1995-08-20 05:02:00,0.0,15.420231
1995-08-20 05:07:00,266.923,404.8131
1995-08-20 05:09:00,88.66,147.18121
1995-08-20 05:10:00,79.93,325.55225
1995-08-20 05:11:00,2.241,10.175464
1995-08-20 05:12:00,67.474,209.70702
1995-08-20 05:13:00,9.732,62.73134
1995-08-20 05:14:00,20.589,64.138084
1995-08-20 05:15:00,549.444,86.53342
1995-08-20 05:16:00,15.049,107.31806
1995-08-20 05:17:00,37.43599999999999,91.860985
1995-08-20 05:19:00,84.531,59.414562
1995-08-20 05:20:00,57.815,105.60296
1995-08-20 05:21:00,2.766,63.21389
1995-08-20 05:22:00,133.208,161.46758
1995-08-20 05:23:00,170.592,66.19336
1995-08-20 05:24:00,1105.799,100.64842
1995-08-20 05:25:00,87.292,26.485195
1995-08-20 05:26:00,177.392,203.15472
1995-08-20 05:27:00,287.32300000000004,171.81912
1995-08-20 05:28:00,0.0,83.36849
1995-08-20 05:29:00,38.878,78.91331
1995-08-20 05:30:00,88.69,86.74479
1995-08-20 05:31:00,18.57,37.308064
1995-08-20 05:32:00,12.078,80.58673
1995-08-20 05:33:00,9.843,37.12475
1995-08-20 05:34:00,202.883,89.7978
1995-08-20 05:35:00,78.862,166.47241
1995-08-20 05:36:00,26.203,82.84632
1995-08-20 05:37:00,38.064,86.51196
1995-08-20 05:38:00,173.387,55.89974
1995-08-20 05:39:00,12.17,27.83491
1995-08-20 05:40:00,127.952,58.754913
1995-08-20 05:41:00,33.191,50.58224
1995-08-20 05:42:00,55.495999999999995,58.13703
1995-08-20 05:43:00,233.344,53.781742
1995-08-20 05:44:00,74.911,76.58301
1995-08-20 05:45:00,296.475,105.20984
1995-08-20 05:46:00,304.418,149.66502
1995-08-20 05:47:00,266.366,207.08505
1995-08-20 05:48:00,148.881,170.37018
1995-08-20 05:49:00,20.82,50.877243
1995-08-20 05:50:00,66.024,116.6372
1995-08-20 05:51:00,172.593,148.5918
1995-08-20 05:52:00,368.844,96.07782
1995-08-20 05:53:00,69.404,151.65094
1995-08-20 05:54:00,59.373000000000005,175.17769
1995-08-20 05:55:00,388.561,173.10547
1995-08-20 05:56:00,84.851,103.25001
1995-08-20 05:57:00,93.41499999999999,152.93031
1995-08-20 05:58:00,163.946,100.25774
1995-08-20 05:59:00,116.591,56.509052
1995-08-20 06:00:00,275.10699999999997,142.2533
1995-08-20 06:01:00,305.306,85.44443
1995-08-20 06:02:00,43.589,123.03861
1995-08-20 06:03:00,39.259,106.38231
1995-08-20 06:04:00,103.263,219.23355
1995-08-20 06:05:00,37.151,103.28262
1995-08-20 06:06:00,0.0,13.964569
1995-08-20 06:07:00,14.704,86.80158
1995-08-20 06:08:00,6.2620000000000005,85.23828
1995-08-20 06:09:00,402.466,54.62665
1995-08-20 06:10:00,178.779,67.46849
1995-08-20 06:11:00,51.932,211.21304
1995-08-20 06:12:00,0.669,32.994972
1995-08-20 06:13:00,326.375,75.45398
1995-08-20 06:14:00,126.91400000000002,104.98819
1995-08-20 06:15:00,4.97,132.31287
1995-08-20 06:16:00,146.353,138.2424
1995-08-20 06:17:00,65.386,117.57895
1995-08-20 06:18:00,182.255,148.27472
1995-08-20 06:19:00,237.995,173.16916
1995-08-20 06:20:00,281.78499999999997,137.82043
1995-08-20 06:21:00,119.785,177.82362
1995-08-20 06:22:00,103.12100000000001,97.112976
1995-08-20 06:23:00,225.68699999999998,211.67142
1995-08-20 06:24:00,263.05899999999997,286.7779
1995-08-20 06:25:00,702.023,252.75453
1995-08-20 06:26:00,34.076,134.77289
1995-08-20 06:27:00,228.714,156.56429
1995-08-20 06:28:00,56.564,169.87546
1995-08-20 06:29:00,557.667,222.03912
1995-08-20 06:30:00,69.011,63.68757
1995-08-20 06:31:00,258.302,114.109184
1995-08-20 06:32:00,1155.165,84.186646
1995-08-20 06:33:00,24.169,65.93675
1995-08-20 06:34:00,259.357,122.92203
1995-08-20 06:35:00,143.56799999999998,77.604164
1995-08-20 06:36:00,96.579,40.354206
1995-08-20 06:37:00,241.741,174.78757
1995-08-20 06:38:00,159.53300000000002,119.0561
1995-08-20 06:39:00,486.368,262.12708
1995-08-20 06:40:00,180.791,146.89046
1995-08-20 06:41:00,757.033,203.2556
1995-08-20 06:42:00,133.221,165.91203
1995-08-20 06:43:00,235.35,172.27452
1995-08-20 06:44:00,366.829,143.00096
1995-08-20 06:45:00,684.92,121.43736
1995-08-20 06:46:00,65.536,43.881447
1995-08-20 06:47:00,329.854,147.0896
1995-08-20 06:48:00,170.31,169.53415
1995-08-20 06:49:00,169.909,49.40849
1995-08-20 06:50:00,19.733,57.200684
1995-08-20 06:51:00,128.927,116.00817
1995-08-20 06:52:00,214.88400000000001,82.114044
1995-08-20 06:53:00,11.219999999999999,85.84075
1995-08-20 06:54:00,49.085,98.17275
1995-08-20 06:55:00,174.759,108.76224
1995-08-20 06:56:00,22.776,92.80913
1995-08-20 06:57:00,1475.156,186.3639
1995-08-20 06:58:00,29.562,127.73219
1995-08-20 06:59:00,283.393,201.92784
1995-08-20 07:00:00,18.726,127.59096
1995-08-20 07:01:00,170.81300000000002,159.94424
1995-08-20 07:02:00,114.565,222.03487
1995-08-20 07:03:00,96.725,185.09598
1995-08-20 07:04:00,100.819,33.70007
1995-08-20 07:05:00,97.836,114.16156
1995-08-20 07:06:00,344.262,159.29279
1995-08-20 07:07:00,157.662,84.569786
1995-08-20 07:08:00,171.087,217.46259
1995-08-20 07:09:00,157.184,105.43088
1995-08-20 07:10:00,108.08,174.36302
1995-08-20 07:11:00,374.87600000000003,180.49622
1995-08-20 07:12:00,140.877,129.24225
1995-08-20 07:13:00,79.57000000000001,212.00919
1995-08-20 07:14:00,162.47899999999998,174.05206
1995-08-20 07:15:00,104.415,110.93479
1995-08-20 07:16:00,69.529,223.03703
1995-08-20 07:17:00,71.26400000000001,232.08632
1995-08-20 07:18:00,271.22999999999996,221.91525
1995-08-20 07:19:00,301.69,328.03323
1995-08-20 07:20:00,140.382,244.42952
1995-08-20 07:21:00,80.432,209.31955
1995-08-20 07:22:00,159.001,174.35507
1995-08-20 07:23:00,242.064,299.41116
1995-08-20 07:24:00,52.137,188.94756
1995-08-20 07:25:00,253.341,270.39328
1995-08-20 07:26:00,218.355,225.18954
1995-08-20 07:27:00,554.419,226.75226
1995-08-20 07:28:00,387.89500000000004,249.88995
1995-08-20 07:29:00,296.677,394.26956
1995-08-20 07:30:00,261.339,165.09363
1995-08-20 07:31:00,113.664,267.5382
1995-08-20 07:32:00,259.843,217.18692
1995-08-20 07:33:00,324.915,299.2671
1995-08-20 07:34:00,565.565,160.85986
1995-08-20 07:35:00,304.203,254.94899
1995-08-20 07:36:00,133.774,311.95782
1995-08-20 07:37:00,528.678,321.72855
1995-08-20 07:38:00,95.848,250.47313
1995-08-20 07:39:00,247.208,386.91614
1995-08-20 07:40:00,400.23900000000003,300.28165
1995-08-20 07:41:00,421.223,263.42346
1995-08-20 07:42:00,161.356,296.34778
1995-08-20 07:43:00,1559.5810000000001,320.0223
1995-08-20 07:44:00,744.765,238.1754
1995-08-20 07:45:00,825.819,382.6543
1995-08-20 07:46:00,1113.446,252.65558
1995-08-20 07:47:00,114.195,351.05692
1995-08-20 07:48:00,1036.1219999999998,230.24277
1995-08-20 07:49:00,822.29,239.3978
1995-08-20 07:50:00,445.451,177.6454
1995-08-20 07:51:00,378.132,334.63086
1995-08-20 07:52:00,216.493,203.63824
1995-08-20 07:53:00,71.642,271.65213
1995-08-20 07:54:00,655.029,251.67583
1995-08-20 07:55:00,390.161,217.30888
1995-08-20 07:56:00,92.481,107.94972
1995-08-20 07:57:00,156.236,222.25832
1995-08-20 07:58:00,290.579,220.37625
1995-08-20 07:59:00,239.585,185.33182
1995-08-20 08:00:00,90.834,227.04697
1995-08-20 08:01:00,106.31500000000001,75.17124
1995-08-20 08:02:00,509.82599999999996,239.66078
1995-08-20 08:03:00,99.41199999999999,154.44897
1995-08-20 08:04:00,101.395,196.95735
1995-08-20 08:05:00,137.312,272.14218
1995-08-20 08:06:00,169.37,259.1151
1995-08-20 08:07:00,482.58000000000004,233.99611
1995-08-20 08:08:00,188.703,247.49573
1995-08-20 08:09:00,231.799,269.5703
1995-08-20 08:10:00,326.204,261.065
1995-08-20 08:11:00,602.408,188.18797
1995-08-20 08:12:00,248.916,224.21234
1995-08-20 08:13:00,49.895,242.24591
1995-08-20 08:14:00,188.388,92.04014
1995-08-20 08:15:00,69.692,175.41382
1995-08-20 08:16:00,142.151,94.377594
1995-08-20 08:17:00,3.036,61.338093
1995-08-20 08:18:00,196.615,133.05838
1995-08-20 08:19:00,141.15900000000002,291.77106
1995-08-20 08:20:00,99.366,216.02872
1995-08-20 08:21:00,385.072,242.37411
1995-08-20 08:22:00,248.39,181.29756
1995-08-20 08:23:00,66.952,111.15154
1995-08-20 08:24:00,1358.52,200.56526
1995-08-20 08:25:00,65.47,168.00497
1995-08-20 08:26:00,271.827,37.770466
1995-08-20 08:27:00,247.225,279.09464
1995-08-20 08:28:00,1000.591,369.81058
1995-08-20 08:29:00,247.499,196.84015
1995-08-20 08:30:00,42.985,150.35904
1995-08-20 08:31:00,302.813,186.66513
1995-08-20 08:32:00,91.176,238.24463
1995-08-20 08:33:00,225.985,128.01419
1995-08-20 08:34:00,1142.69,253.90324
1995-08-20 08:35:00,424.022,241.99098
1995-08-20 08:36:00,530.788,311.82504
1995-08-20 08:37:00,19.722,198.3886
1995-08-20 08:38:00,247.661,250.12346
1995-08-20 08:39:00,300.51500000000004,268.85394
1995-08-20 08:40:00,336.479,234.36618
1995-08-20 08:41:00,92.148,176.46153
1995-08-20 08:42:00,101.712,348.434
1995-08-20 08:43:00,808.552,134.20796
1995-08-20 08:44:00,562.4639999999999,70.0399
1995-08-20 08:45:00,55.111999999999995,203.01537
1995-08-20 08:46:00,312.363,326.11844
1995-08-20 08:47:00,924.4819999999999,334.65823
1995-08-20 08:48:00,273.254,336.77664
1995-08-20 08:49:00,65.362,302.59003
1995-08-20 08:50:00,18.169,134.60526
1995-08-20 08:51:00,502.77,198.27701
1995-08-20 08:52:00,51.650999999999996,172.43927
1995-08-20 08:53:00,343.44,274.3706
1995-08-20 08:54:00,589.544,296.75116
1995-08-20 08:55:00,381.008,296.01562
1995-08-20 08:56:00,288.812,321.4509
1995-08-20 08:57:00,234.971,317.53214
1995-08-20 08:58:00,525.588,287.1918
1995-08-20 08:59:00,186.039,113.57411
1995-08-20 09:00:00,280.405,266.8438
1995-08-20 09:01:00,137.78300000000002,240.87785
1995-08-20 09:02:00,172.00900000000001,276.93652
1995-08-20 09:03:00,586.998,267.49457
1995-08-20 09:04:00,211.526,260.0133
1995-08-20 09:05:00,268.58,173.0379
1995-08-20 09:06:00,457.218,283.98422
1995-08-20 09:07:00,414.121,291.2172
1995-08-20 09:08:00,125.654,239.86629
1995-08-20 09:09:00,174.458,138.35751
1995-08-20 09:10:00,155.514,262.67807
1995-08-20 09:11:00,139.606,327.8982
1995-08-20 09:12:00,197.175,285.84534
1995-08-20 09:13:00,356.976,214.46838
1995-08-20 09:14:00,506.396,342.48315
1995-08-20 09:15:00,339.384,407.8731
1995-08-20 09:16:00,378.706,240.43227
1995-08-20 09:17:00,287.724,213.03436
1995-08-20 09:18:00,199.20499999999998,270.90454
1995-08-20 09:19:00,345.461,132.01926
1995-08-20 09:20:00,248.886,189.59625
1995-08-20 09:21:00,245.607,329.16357
1995-08-20 09:22:00,135.754,165.58675
1995-08-20 09:23:00,347.725,285.34668
1995-08-20 09:24:00,203.788,263.14294
1995-08-20 09:25:00,352.184,484.49048
1995-08-20 09:26:00,84.831,230.84747
1995-08-20 09:27:00,231.332,276.6172
1995-08-20 09:28:00,73.066,228.93158
1995-08-20 09:29:00,208.751,232.93903
1995-08-20 09:30:00,680.2500000000001,201.64056
1995-08-20 09:31:00,591.9509999999999,317.5323
1995-08-20 09:32:00,187.78799999999998,309.34564
1995-08-20 09:33:00,180.221,294.7241
1995-08-20 09:34:00,520.7909999999999,402.66086
1995-08-20 09:35:00,317.915,369.58255
1995-08-20 09:36:00,354.7,461.93918
1995-08-20 09:37:00,677.705,453.1618
1995-08-20 09:38:00,338.988,517.0578
1995-08-20 09:39:00,172.12800000000001,392.52774
1995-08-20 09:40:00,667.323,358.08777
1995-08-20 09:41:00,104.681,298.47635
1995-08-20 09:42:00,410.867,394.295
1995-08-20 09:43:00,662.58,404.41006
1995-08-20 09:44:00,508.365,398.26465
1995-08-20 09:45:00,267.09000000000003,209.17297
1995-08-20 09:46:00,266.741,369.60748
1995-08-20 09:47:00,329.998,361.42706
1995-08-20 09:48:00,411.0,439.4711
1995-08-20 09:49:00,432.689,470.75906
1995-08-20 09:50:00,251.584,351.62244
1995-08-20 09:51:00,360.33700000000005,270.6735
1995-08-20 09:52:00,198.91500000000002,445.2574
1995-08-20 09:53:00,403.829,273.1286
1995-08-20 09:54:00,511.857,392.2081
1995-08-20 09:55:00,403.185,496.73828
1995-08-20 09:56:00,506.329,388.51224
1995-08-20 09:57:00,541.488,476.67587
1995-08-20 09:58:00,528.982,495.28314
1995-08-20 09:59:00,170.823,509.5402
1995-08-20 10:00:00,55.804,133.23889
1995-08-20 10:01:00,717.9110000000001,305.08948
1995-08-20 10:02:00,323.206,133.44203
1995-08-20 10:03:00,84.135,225.10446
1995-08-20 10:04:00,254.43099999999998,332.92548
1995-08-20 10:05:00,359.86,300.58176
1995-08-20 10:06:00,174.316,452.9165
1995-08-20 10:07:00,371.485,372.69394
1995-08-20 10:08:00,252.101,532.17773
1995-08-20 10:09:00,318.51599999999996,405.32196
1995-08-20 10:10:00,228.845,394.98456
1995-08-20 10:11:00,554.972,440.8808
1995-08-20 10:12:00,108.138,191.59474
1995-08-20 10:13:00,264.42,346.09348
1995-08-20 10:14:00,149.559,312.11084
1995-08-20 10:15:00,841.5999999999999,316.65848
1995-08-20 10:16:00,130.348,231.546
1995-08-20 10:17:00,274.705,352.48322
1995-08-20 10:18:00,255.001,497.7951
1995-08-20 10:19:00,714.057,371.22372
1995-08-20 10:20:00,228.303,340.66797
1995-08-20 10:21:00,231.941,534.4037
1995-08-20 10:22:00,2484.8050000000003,592.08984
1995-08-20 10:23:00,404.181,537.56335
1995-08-20 10:24:00,281.306,561.9345
1995-08-20 10:25:00,820.2909999999999,584.0038
1995-08-20 10:26:00,517.883,650.846
1995-08-20 10:27:00,489.793,532.8389
1995-08-20 10:28:00,333.498,453.85986
1995-08-20 10:29:00,599.393,414.7944
1995-08-20 10:30:00,446.684,604.7388
1995-08-20 10:31:00,1457.4750000000001,524.0403
1995-08-20 10:32:00,1700.5320000000002,452.05844
1995-08-20 10:33:00,1625.921,570.9584
1995-08-20 10:34:00,552.385,483.03168
1995-08-20 10:35:00,817.3249999999999,687.1587
1995-08-20 10:36:00,259.193,745.9931
1995-08-20 10:37:00,344.534,571.9673
1995-08-20 10:38:00,756.517,599.97504
1995-08-20 10:39:00,108.784,432.0748
1995-08-20 10:40:00,546.425,329.19946
1995-08-20 10:41:00,136.65800000000002,180.33722
1995-08-20 10:42:00,1051.941,347.84863
1995-08-20 10:43:00,1522.635,602.97253
1995-08-20 10:44:00,586.922,722.2849
1995-08-20 10:45:00,438.327,699.05133
1995-08-20 10:46:00,239.09099999999998,596.92426
1995-08-20 10:47:00,474.347,570.1217
1995-08-20 10:48:00,253.814,416.5884
1995-08-20 10:49:00,775.0219999999999,492.19745
1995-08-20 10:50:00,784.4590000000001,420.3214
1995-08-20 10:51:00,416.543,425.11954
1995-08-20 10:52:00,486.197,424.50757
1995-08-20 10:53:00,662.646,519.4322
1995-08-20 10:54:00,1461.7350000000001,455.78693
1995-08-20 10:55:00,727.843,510.22156
1995-08-20 10:56:00,187.977,512.5632
1995-08-20 10:57:00,263.397,487.08463
1995-08-20 10:58:00,254.302,407.6591
1995-08-20 10:59:00,163.095,467.30884
1995-08-20 11:00:00,266.863,466.39172
1995-08-20 11:01:00,1280.663,343.85165
1995-08-20 11:02:00,316.39099999999996,294.24152
1995-08-20 11:03:00,169.36700000000002,303.0877
1995-08-20 11:04:00,295.038,319.56018
1995-08-20 11:05:00,418.12399999999997,423.50198
1995-08-20 11:06:00,636.632,474.00342
1995-08-20 11:07:00,242.14600000000002,471.97446
1995-08-20 11:08:00,407.387,342.76627
1995-08-20 11:09:00,177.44099999999997,263.17166
1995-08-20 11:10:00,152.61,323.20062
1995-08-20 11:11:00,1551.4180000000001,312.383
1995-08-20 11:12:00,519.86,206.08679
1995-08-20 11:13:00,215.36100000000002,349.8811
1995-08-20 11:14:00,105.072,225.78981
1995-08-20 11:15:00,1504.636,191.791
1995-08-20 11:16:00,107.05,330.93234
1995-08-20 11:17:00,466.324,373.4415
1995-08-20 11:18:00,189.98399999999998,389.12042
1995-08-20 11:19:00,991.757,226.13428
1995-08-20 11:20:00,1720.0720000000001,303.069
1995-08-20 11:21:00,1520.9579999999999,369.87494
1995-08-20 11:22:00,419.19399999999996,546.373
1995-08-20 11:23:00,439.995,480.54404
1995-08-20 11:24:00,281.764,414.76013
1995-08-20 11:25:00,252.001,457.5131
1995-08-20 11:26:00,465.702,258.04422
1995-08-20 11:27:00,89.127,511.65253
1995-08-20 11:28:00,180.79,354.90228
1995-08-20 11:29:00,1418.27,351.41232
1995-08-20 11:30:00,455.521,354.4125
1995-08-20 11:31:00,351.29200000000003,444.32422
1995-08-20 11:32:00,619.103,538.5674
1995-08-20 11:33:00,463.827,694.26025
1995-08-20 11:34:00,1439.259,518.83026
1995-08-20 11:35:00,212.736,695.51587
1995-08-20 11:36:00,1030.895,635.5226
1995-08-20 11:37:00,1134.441,566.10565
1995-08-20 11:38:00,1859.6339999999998,483.46878
1995-08-20 11:39:00,832.895,590.8254
1995-08-20 11:40:00,1337.592,435.2203
1995-08-20 11:41:00,118.768,436.69714
1995-08-20 11:42:00,2591.619,731.2223
1995-08-20 11:43:00,411.99,771.6658
1995-08-20 11:44:00,284.16499999999996,764.99036
1995-08-20 11:45:00,607.656,580.8054
1995-08-20 11:46:00,2319.511,625.2291
1995-08-20 11:47:00,2703.31,861.90814
1995-08-20 11:48:00,493.281,867.60266
1995-08-20 11:49:00,493.193,776.3472
1995-08-20 11:50:00,1408.911,574.3958
1995-08-20 11:51:00,486.589,861.2583
1995-08-20 11:52:00,166.15200000000002,388.10736
1995-08-20 11:53:00,81.338,287.4383
1995-08-20 11:54:00,1324.3600000000001,495.79504
1995-08-20 11:55:00,706.348,572.6647
1995-08-20 11:56:00,880.653,520.9104
1995-08-20 11:57:00,305.132,607.2427
1995-08-20 11:58:00,546.322,620.3647
1995-08-20 11:59:00,1397.1,758.5681
1995-08-20 12:00:00,499.66,854.19165
1995-08-20 12:01:00,1270.114,920.5693
1995-08-20 12:02:00,106.506,389.009
1995-08-20 12:03:00,101.959,597.80334
1995-08-20 12:04:00,437.50300000000004,304.0526
1995-08-20 12:05:00,69.76,489.00873
1995-08-20 12:06:00,366.05400000000003,472.7979
1995-08-20 12:07:00,379.852,662.8954
1995-08-20 12:08:00,1070.011,639.8722
1995-08-20 12:09:00,183.27599999999998,637.11346
1995-08-20 12:10:00,229.764,458.69763
1995-08-20 12:11:00,482.173,246.8131
1995-08-20 12:12:00,164.921,291.47943
1995-08-20 12:13:00,327.572,327.1954
1995-08-20 12:14:00,752.362,594.1072
1995-08-20 12:15:00,479.579,362.7432
1995-08-20 12:16:00,74.355,355.8243
1995-08-20 12:17:00,403.337,496.02844
1995-08-20 12:18:00,234.47,434.82028
1995-08-20 12:19:00,265.347,359.62955
1995-08-20 12:20:00,239.28500000000003,260.40927
1995-08-20 12:21:00,311.165,296.63275
1995-08-20 12:22:00,770.342,459.695
1995-08-20 12:23:00,756.6229999999999,431.5308
1995-08-20 12:24:00,566.8209999999999,543.4757
1995-08-20 12:25:00,481.57599999999996,697.9336
1995-08-20 12:26:00,761.5419999999999,501.78918
1995-08-20 12:27:00,150.03300000000002,354.98663
1995-08-20 12:28:00,656.365,567.6817
1995-08-20 12:29:00,646.529,289.01077
1995-08-20 12:30:00,289.958,551.5533
1995-08-20 12:31:00,513.608,483.3124
1995-08-20 12:32:00,483.31399999999996,543.1575
1995-08-20 12:33:00,87.765,203.54567
1995-08-20 12:34:00,316.188,268.5723
1995-08-20 12:35:00,416.33099999999996,267.86456
1995-08-20 12:36:00,177.11,459.83386
1995-08-20 12:37:00,638.411,509.6899
1995-08-20 12:38:00,1168.146,490.79007
1995-08-20 12:39:00,536.08,367.20782
1995-08-20 12:40:00,555.892,538.2556
1995-08-20 12:41:00,474.969,561.94574
1995-08-20 12:42:00,2039.338,636.55475
1995-08-20 12:43:00,289.628,698.5271
1995-08-20 12:44:00,1801.114,497.78415
1995-08-20 12:45:00,1046.675,428.2528
1995-08-20 12:46:00,845.5160000000001,605.1127
1995-08-20 12:47:00,366.452,261.63596
1995-08-20 12:48:00,880.6329999999999,457.30432
1995-08-20 12:49:00,1530.708,329.87595
1995-08-20 12:50:00,1272.652,514.76355
1995-08-20 12:51:00,723.907,483.69962
1995-08-20 12:52:00,2352.797,351.5957
1995-08-20 12:53:00,1591.911,661.7106
1995-08-20 12:54:00,189.738,438.2498
1995-08-20 12:55:00,361.078,664.15656
1995-08-20 12:56:00,633.639,475.01556
1995-08-20 12:57:00,690.2470000000001,631.3047
1995-08-20 12:58:00,276.075,419.84494
1995-08-20 12:59:00,327.01,491.5164
1995-08-20 13:00:00,224.052,584.7119
1995-08-20 13:01:00,200.396,849.6516
1995-08-20 13:02:00,311.212,554.5241
1995-08-20 13:03:00,351.313,470.0593
1995-08-20 13:04:00,438.457,501.60175
1995-08-20 13:05:00,1051.861,542.9569
1995-08-20 13:06:00,465.81300000000005,552.75134
1995-08-20 13:07:00,416.096,565.0523
1995-08-20 13:08:00,278.497,476.04422
1995-08-20 13:09:00,118.189,345.59616
1995-08-20 13:10:00,289.625,353.75537
1995-08-20 13:11:00,291.398,594.14233
1995-08-20 13:12:00,998.9200000000001,621.323
1995-08-20 13:13:00,313.78,536.7627
1995-08-20 13:14:00,260.112,434.46384
1995-08-20 13:15:00,211.536,340.873
1995-08-20 13:16:00,974.064,302.6643
1995-08-20 13:17:00,735.532,525.09735
1995-08-20 13:18:00,544.619,507.15344
1995-08-20 13:19:00,688.4860000000001,449.40363
1995-08-20 13:20:00,483.204,525.5556
1995-08-20 13:21:00,290.82300000000004,320.6686
1995-08-20 13:22:00,670.953,405.4617
1995-08-20 13:23:00,304.231,361.2104
1995-08-20 13:24:00,364.21000000000004,363.22797
1995-08-20 13:25:00,349.986,211.8518
1995-08-20 13:26:00,112.453,242.2995
1995-08-20 13:27:00,210.41,298.55917
1995-08-20 13:28:00,175.749,324.30768
1995-08-20 13:29:00,294.187,292.76532
1995-08-20 13:30:00,1351.463,333.68906
1995-08-20 13:31:00,253.148,548.2091
1995-08-20 13:32:00,268.61,478.50497
1995-08-20 13:33:00,581.538,214.25703
1995-08-20 13:34:00,414.887,245.84038
1995-08-20 13:35:00,317.118,358.88007
1995-08-20 13:36:00,121.126,354.39453
1995-08-20 13:37:00,135.118,263.52194
1995-08-20 13:38:00,197.226,338.90338
1995-08-20 13:39:00,484.57,381.42398
1995-08-20 13:40:00,321.669,327.286
1995-08-20 13:41:00,795.7629999999999,460.0444
1995-08-20 13:42:00,303.546,423.37247
1995-08-20 13:43:00,676.42,514.47784
1995-08-20 13:44:00,161.43,379.13864
1995-08-20 13:45:00,373.983,450.57544
1995-08-20 13:46:00,340.21999999999997,330.80765
1995-08-20 13:47:00,188.172,374.06674
1995-08-20 13:48:00,189.987,297.8344
1995-08-20 13:49:00,229.947,416.91928
1995-08-20 13:50:00,352.711,393.4701
1995-08-20 13:51:00,329.993,378.508
1995-08-20 13:52:00,1295.989,446.7917
1995-08-20 13:53:00,269.81,311.5267
1995-08-20 13:54:00,363.434,453.33292
1995-08-20 13:55:00,1059.224,604.4151
1995-08-20 13:56:00,95.47500000000001,444.33652
1995-08-20 13:57:00,547.545,407.69513
1995-08-20 13:58:00,470.75100000000003,676.8818
1995-08-20 13:59:00,122.31099999999999,433.21103
1995-08-20 14:00:00,349.832,284.1816
1995-08-20 14:01:00,1251.612,296.61078
1995-08-20 14:02:00,143.964,276.7799
1995-08-20 14:03:00,596.79,272.07837
1995-08-20 14:04:00,139.065,360.73453
1995-08-20 14:05:00,485.499,420.65524
1995-08-20 14:06:00,289.915,431.44025
1995-08-20 14:07:00,1637.548,406.75107
1995-08-20 14:08:00,674.6080000000001,476.0133
1995-08-20 14:09:00,486.338,631.2694
1995-08-20 14:10:00,476.156,343.9436
1995-08-20 14:11:00,577.744,439.58032
1995-08-20 14:12:00,339.449,368.98825
1995-08-20 14:13:00,294.673,425.40085
1995-08-20 14:14:00,276.284,351.4977
1995-08-20 14:15:00,269.411,556.6675
1995-08-20 14:16:00,506.749,485.15186
1995-08-20 14:17:00,765.001,461.90848
1995-08-20 14:18:00,621.323,469.7997
1995-08-20 14:19:00,37.638999999999996,249.30992
1995-08-20 14:20:00,112.649,178.0843
1995-08-20 14:21:00,177.656,133.1605
1995-08-20 14:22:00,241.27,388.14
1995-08-20 14:23:00,206.758,419.72937
1995-08-20 14:24:00,205.927,318.7584
1995-08-20 14:25:00,148.987,349.40158
1995-08-20 14:26:00,78.259,181.73271
1995-08-20 14:27:00,417.54100000000005,395.1808
1995-08-20 14:28:00,325.252,335.9565
1995-08-20 14:29:00,406.355,205.67198
1995-08-20 14:30:00,93.989,268.72607
1995-08-20 14:31:00,440.58299999999997,440.30762
1995-08-20 14:32:00,436.423,431.1603
1995-08-20 14:33:00,357.798,283.95883
1995-08-20 14:34:00,265.911,294.90027
1995-08-20 14:35:00,38.879,223.39091
1995-08-20 14:36:00,275.40999999999997,270.09683
1995-08-20 14:37:00,523.81,297.0989
1995-08-20 14:38:00,230.185,214.57321
1995-08-20 14:39:00,602.875,571.4124
1995-08-20 14:40:00,396.813,387.64154
1995-08-20 14:41:00,666.811,482.49744
1995-08-20 14:42:00,339.248,667.42285
1995-08-20 14:43:00,1039.747,676.80194
1995-08-20 14:44:00,289.194,664.1705
1995-08-20 14:45:00,263.675,501.2723
1995-08-20 14:46:00,1046.018,554.0109
1995-08-20 14:47:00,317.156,626.0003
1995-08-20 14:48:00,714.144,476.41312
1995-08-20 14:49:00,391.749,550.135
1995-08-20 14:50:00,617.076,531.7086
1995-08-20 14:51:00,607.0840000000001,450.30765
1995-08-20 14:52:00,453.719,744.7887
1995-08-20 14:53:00,1447.681,409.53268
1995-08-20 14:54:00,698.683,428.896
1995-08-20 14:55:00,1486.988,506.12445
1995-08-20 14:56:00,1539.696,655.68854
1995-08-20 14:57:00,1162.2079999999999,700.3902
1995-08-20 14:58:00,1602.7579999999998,593.58527
1995-08-20 14:59:00,888.897,572.07385
1995-08-20 15:00:00,298.671,224.62756
1995-08-20 15:01:00,137.517,445.39294
1995-08-20 15:02:00,437.771,186.11891
1995-08-20 15:03:00,982.544,431.60916
1995-08-20 15:04:00,209.272,211.58524
1995-08-20 15:05:00,329.69,194.48528
1995-08-20 15:06:00,200.792,236.19884
1995-08-20 15:07:00,911.885,458.94147
1995-08-20 15:08:00,347.457,399.9604
1995-08-20 15:09:00,630.711,522.9356
1995-08-20 15:10:00,573.638,501.93378
1995-08-20 15:11:00,432.874,563.843
1995-08-20 15:12:00,1454.268,436.00018
1995-08-20 15:13:00,372.446,365.18796
1995-08-20 15:14:00,908.006,602.52484
1995-08-20 15:15:00,832.0540000000001,435.68567
1995-08-20 15:16:00,601.728,589.13403
1995-08-20 15:17:00,547.946,506.79495
1995-08-20 15:18:00,380.57500000000005,499.64752
1995-08-20 15:19:00,934.3190000000001,520.48773
1995-08-20 15:20:00,856.19,472.38104
1995-08-20 15:21:00,649.056,543.20184
1995-08-20 15:22:00,320.2,486.75705
1995-08-20 15:23:00,202.436,344.24786
1995-08-20 15:24:00,511.16700000000003,274.85568
1995-08-20 15:25:00,440.666,356.2564
1995-08-20 15:26:00,638.659,377.3083
1995-08-20 15:27:00,810.5009999999999,492.41223
1995-08-20 15:28:00,282.59000000000003,324.3384
1995-08-20 15:29:00,419.82500000000005,425.87668
1995-08-20 15:30:00,297.96500000000003,507.23584
1995-08-20 15:31:00,154.519,337.84198
1995-08-20 15:32:00,319.918,255.31882
1995-08-20 15:33:00,228.722,382.99524
1995-08-20 15:34:00,552.992,449.977
1995-08-20 15:35:00,230.07500000000002,486.1267
1995-08-20 15:36:00,200.868,214.57597
1995-08-20 15:37:00,396.392,456.68433
1995-08-20 15:38:00,184.024,326.29117
1995-08-20 15:39:00,151.573,326.4062
1995-08-20 15:40:00,549.045,281.08154
1995-08-20 15:41:00,628.054,520.3574
1995-08-20 15:42:00,438.888,506.0942
1995-08-20 15:43:00,459.598,563.06976
1995-08-20 15:44:00,420.64500000000004,605.63684
1995-08-20 15:45:00,453.64,462.55856
1995-08-20 15:46:00,1072.666,565.05066
1995-08-20 15:47:00,618.039,443.57312
1995-08-20 15:48:00,951.962,340.97522
1995-08-20 15:49:00,1624.0510000000002,500.25858
1995-08-20 15:50:00,603.106,562.3451
1995-08-20 15:51:00,336.487,835.2205
1995-08-20 15:52:00,482.639,608.6946
1995-08-20 15:53:00,889.021,631.90826
1995-08-20 15:54:00,478.201,533.0174
1995-08-20 15:55:00,492.465,676.0338
1995-08-20 15:56:00,1669.85,319.34995
1995-08-20 15:57:00,351.58,529.2984
1995-08-20 15:58:00,160.20499999999998,562.8156
1995-08-20 15:59:00,1156.865,574.313
1995-08-20 16:00:00,487.129,554.30164
1995-08-20 16:01:00,357.272,479.1106
1995-08-20 16:02:00,1430.933,620.3104
1995-08-20 16:03:00,741.992,742.6042
1995-08-20 16:04:00,557.2139999999999,611.2166
1995-08-20 16:05:00,483.186,440.73923
1995-08-20 16:06:00,401.68399999999997,316.19257
1995-08-20 16:07:00,748.8589999999999,451.98178
1995-08-20 16:08:00,834.659,490.35736
1995-08-20 16:09:00,1262.174,613.589
1995-08-20 16:10:00,1062.238,587.5339
1995-08-20 16:11:00,1470.148,689.342
1995-08-20 16:12:00,1725.643,655.42896
1995-08-20 16:13:00,373.931,548.8742
1995-08-20 16:14:00,295.87,678.59674
1995-08-20 16:15:00,998.507,777.0444
1995-08-20 16:16:00,692.5830000000001,674.8194
1995-08-20 16:17:00,2495.088,807.2835
1995-08-20 16:18:00,639.466,865.8032
1995-08-20 16:19:00,1197.492,849.56647
1995-08-20 16:20:00,492.606,401.77048
1995-08-20 16:21:00,421.51300000000003,720.93524
1995-08-20 16:22:00,760.119,660.6891
1995-08-20 16:23:00,1504.0610000000001,541.3897
1995-08-20 16:24:00,264.39300000000003,539.2231
1995-08-20 16:25:00,553.05,838.4273
1995-08-20 16:26:00,258.71,657.4482
1995-08-20 16:27:00,896.809,810.9913
1995-08-20 16:28:00,378.026,548.8346
1995-08-20 16:29:00,858.796,596.38367
1995-08-20 16:30:00,673.668,1013.6388
1995-08-20 16:31:00,623.5120000000001,560.5862
1995-08-20 16:32:00,758.488,781.0283
1995-08-20 16:33:00,748.656,514.041
1995-08-20 16:34:00,365.367,577.00934
1995-08-20 16:35:00,604.6809999999999,587.2045
1995-08-20 16:36:00,697.157,449.30185
1995-08-20 16:37:00,455.738,532.9255
1995-08-20 16:38:00,1303.1560000000002,449.03717
1995-08-20 16:39:00,397.931,430.76587
1995-08-20 16:40:00,443.103,486.35995
1995-08-20 16:41:00,655.484,607.9499
1995-08-20 16:42:00,537.6419999999999,589.3406
1995-08-20 16:43:00,907.916,573.2249
1995-08-20 16:44:00,748.445,601.82477
1995-08-20 16:45:00,607.629,694.28577
1995-08-20 16:46:00,589.791,594.6852
1995-08-20 16:47:00,304.26099999999997,603.8611
1995-08-20 16:48:00,861.8520000000001,527.51843
1995-08-20 16:49:00,721.678,716.03815
1995-08-20 16:50:00,528.325,549.48596
1995-08-20 16:51:00,649.533,583.9706
1995-08-20 16:52:00,268.789,515.3263
1995-08-20 16:53:00,1207.585,482.0854
1995-08-20 16:54:00,202.76,485.26987
1995-08-20 16:55:00,525.131,707.922
1995-08-20 16:56:00,129.642,445.92435
1995-08-20 16:57:00,504.871,496.4761
1995-08-20 16:58:00,404.45799999999997,393.65128
1995-08-20 16:59:00,471.741,426.56097
1995-08-20 17:00:00,884.3290000000001,413.03024
1995-08-20 17:01:00,210.542,510.9092
1995-08-20 17:02:00,623.227,385.22162
1995-08-20 17:03:00,317.923,384.20822
1995-08-20 17:04:00,350.463,394.59973
1995-08-20 17:05:00,528.2950000000001,332.7459
1995-08-20 17:06:00,704.094,642.155
1995-08-20 17:07:00,559.2660000000001,527.0552
1995-08-20 17:08:00,198.99699999999999,383.111
1995-08-20 17:09:00,123.181,398.0686
1995-08-20 17:10:00,663.864,364.08902
1995-08-20 17:11:00,546.1890000000001,310.88315
1995-08-20 17:12:00,511.216,437.69592
1995-08-20 17:13:00,414.527,416.92267
1995-08-20 17:14:00,516.332,643.96454
1995-08-20 17:15:00,627.696,613.3862
1995-08-20 17:16:00,346.95,207.43004
1995-08-20 17:17:00,97.142,332.34195
1995-08-20 17:18:00,94.632,251.52695
1995-08-20 17:19:00,251.746,288.99142
1995-08-20 17:20:00,98.465,235.40752
1995-08-20 17:21:00,358.80999999999995,256.3289
1995-08-20 17:22:00,242.16499999999996,393.00897
1995-08-20 17:23:00,100.66199999999999,275.2863
1995-08-20 17:24:00,152.926,254.31367
1995-08-20 17:25:00,293.55400000000003,272.495
1995-08-20 17:26:00,454.785,474.1305
1995-08-20 17:27:00,284.117,299.97134
1995-08-20 17:28:00,130.851,221.79326
1995-08-20 17:29:00,88.202,206.4405
1995-08-20 17:30:00,184.065,270.83664
1995-08-20 17:31:00,109.661,226.59233
1995-08-20 17:32:00,492.85,414.0963
1995-08-20 17:33:00,75.505,270.9607
1995-08-20 17:34:00,864.286,306.44122
1995-08-20 17:35:00,139.73600000000002,339.1836
1995-08-20 17:36:00,198.472,334.5761
1995-08-20 17:37:00,321.693,331.16953
1995-08-20 17:38:00,1147.663,438.74353
1995-08-20 17:39:00,1067.532,546.1199
1995-08-20 17:40:00,506.87899999999996,485.5765
1995-08-20 17:41:00,405.777,573.355
1995-08-20 17:42:00,254.642,376.16922
1995-08-20 17:43:00,255.497,369.57956
1995-08-20 17:44:00,400.584,484.51456
1995-08-20 17:45:00,589.683,539.32227
1995-08-20 17:46:00,498.614,479.89166
1995-08-20 17:47:00,114.577,340.4206
1995-08-20 17:48:00,61.512,334.75363
1995-08-20 17:49:00,372.589,313.07907
1995-08-20 17:50:00,511.234,269.5191
1995-08-20 17:51:00,845.102,442.26898
1995-08-20 17:52:00,279.293,581.7275
1995-08-20 17:53:00,700.705,537.196
1995-08-20 17:54:00,208.945,338.2159
1995-08-20 17:55:00,1229.183,524.2556
1995-08-20 17:56:00,484.71299999999997,331.74942
1995-08-20 17:57:00,205.224,545.0091
1995-08-20 17:58:00,370.87,301.56613
1995-08-20 17:59:00,201.27,406.60294
1995-08-20 18:00:00,346.617,509.18732
1995-08-20 18:01:00,543.9929999999999,596.76605
1995-08-20 18:02:00,512.867,392.2248
1995-08-20 18:03:00,838.981,464.31674
1995-08-20 18:04:00,466.909,490.84845
1995-08-20 18:05:00,869.467,662.2075
1995-08-20 18:06:00,1363.7259999999999,721.15936
1995-08-20 18:07:00,481.54,654.95526
1995-08-20 18:08:00,484.28700000000003,434.35815
1995-08-20 18:09:00,352.852,452.6672
1995-08-20 18:10:00,363.341,411.7954
1995-08-20 18:11:00,405.923,447.9488
1995-08-20 18:12:00,477.34299999999996,400.5164
1995-08-20 18:13:00,429.172,312.99237
1995-08-20 18:14:00,720.435,360.76215
1995-08-20 18:15:00,410.733,390.56815
1995-08-20 18:16:00,366.932,355.67325
1995-08-20 18:17:00,510.111,388.861
1995-08-20 18:18:00,595.702,363.6965
1995-08-20 18:19:00,120.005,303.1512
1995-08-20 18:20:00,305.49,503.19922
1995-08-20 18:21:00,1655.584,387.00476
1995-08-20 18:22:00,367.651,686.5549
1995-08-20 18:23:00,771.1,551.92865
1995-08-20 18:24:00,246.227,420.78616
1995-08-20 18:25:00,293.979,474.38046
1995-08-20 18:26:00,481.82800000000003,305.34427
1995-08-20 18:27:00,253.99800000000002,369.73898
1995-08-20 18:28:00,328.01899999999995,371.91357
1995-08-20 18:29:00,668.097,608.8609
1995-08-20 18:30:00,318.083,401.21292
1995-08-20 18:31:00,121.778,342.2194
1995-08-20 18:32:00,853.8560000000001,399.3328
1995-08-20 18:33:00,680.734,582.5244
1995-08-20 18:34:00,430.48199999999997,477.31842
1995-08-20 18:35:00,525.734,448.02563
1995-08-20 18:36:00,445.01800000000003,514.4439
1995-08-20 18:37:00,842.477,577.2952
1995-08-20 18:38:00,421.688,432.75534
1995-08-20 18:39:00,358.0,434.24524
1995-08-20 18:40:00,722.5550000000001,325.2271
1995-08-20 18:41:00,391.145,483.48358
1995-08-20 18:42:00,125.424,381.0354
1995-08-20 18:43:00,315.435,375.90314
1995-08-20 18:44:00,335.183,319.54108
1995-08-20 18:45:00,361.467,357.34766
1995-08-20 18:46:00,108.726,202.95564
1995-08-20 18:47:00,63.898,217.27267
1995-08-20 18:48:00,53.227000000000004,271.70804
1995-08-20 18:49:00,324.325,143.85445
1995-08-20 18:50:00,168.60600000000002,143.02748
1995-08-20 18:51:00,130.553,176.4711
1995-08-20 18:52:00,128.114,251.00226
1995-08-20 18:53:00,1375.078,219.70442
1995-08-20 18:54:00,384.964,153.84494
1995-08-20 18:55:00,83.257,205.16626
1995-08-20 18:56:00,202.463,342.09207
1995-08-20 18:57:00,292.13899999999995,277.32098
1995-08-20 18:58:00,300.05,317.51056
1995-08-20 18:59:00,461.65999999999997,344.472
1995-08-20 19:00:00,236.155,343.2308
1995-08-20 19:01:00,483.725,272.6428
1995-08-20 19:02:00,201.689,254.27081
1995-08-20 19:03:00,248.228,355.34244
1995-08-20 19:04:00,367.17199999999997,402.56348
1995-08-20 19:05:00,168.118,442.9139
1995-08-20 19:06:00,364.883,411.82
1995-08-20 19:07:00,239.599,277.2378
1995-08-20 19:08:00,231.153,429.37122
1995-08-20 19:09:00,827.9859999999999,342.87695
1995-08-20 19:10:00,1309.683,339.79745
1995-08-20 19:11:00,97.714,274.65607
1995-08-20 19:12:00,1358.4440000000002,325.011
1995-08-20 19:13:00,88.962,370.92194
1995-08-20 19:14:00,92.725,390.16858
1995-08-20 19:15:00,152.90800000000002,295.1936
1995-08-20 19:16:00,341.866,303.9165
1995-08-20 19:17:00,412.71000000000004,373.04193
1995-08-20 19:18:00,151.114,358.29108
1995-08-20 19:19:00,243.672,320.88666
1995-08-20 19:20:00,261.955,353.5156
1995-08-20 19:21:00,69.933,232.79393
1995-08-20 19:22:00,564.317,255.69955
1995-08-20 19:23:00,388.166,420.96075
1995-08-20 19:24:00,445.613,317.1472
1995-08-20 19:25:00,489.716,301.02383
1995-08-20 19:26:00,102.956,187.74312
1995-08-20 19:27:00,305.654,245.33136
1995-08-20 19:28:00,178.928,189.80959
1995-08-20 19:29:00,89.185,280.37546
1995-08-20 19:30:00,170.775,138.14763
1995-08-20 19:31:00,262.057,219.81812
1995-08-20 19:32:00,569.333,383.30865
1995-08-20 19:33:00,348.424,421.74802
1995-08-20 19:34:00,787.168,427.88577
1995-08-20 19:35:00,1396.0040000000001,447.69794
1995-08-20 19:36:00,296.48,440.04236
1995-08-20 19:37:00,379.096,520.35
1995-08-20 19:38:00,415.799,251.62486
1995-08-20 19:39:00,767.923,385.53003
1995-08-20 19:40:00,1671.498,381.10425
1995-08-20 19:41:00,27.98,252.41283
1995-08-20 19:42:00,658.75,428.8966
1995-08-20 19:43:00,382.112,393.88168
1995-08-20 19:44:00,552.941,351.9407
1995-08-20 19:45:00,122.613,202.03258
1995-08-20 19:46:00,255.833,371.3851
1995-08-20 19:47:00,573.29,194.45367
1995-08-20 19:48:00,133.554,319.1554
1995-08-20 19:49:00,134.823,156.6841
1995-08-20 19:50:00,276.14,335.64786
1995-08-20 19:51:00,571.02,280.1255
1995-08-20 19:52:00,129.47199999999998,344.78217
1995-08-20 19:53:00,374.678,468.5908
1995-08-20 19:54:00,250.146,603.4303
1995-08-20 19:55:00,315.117,457.64166
1995-08-20 19:56:00,316.182,494.71436
1995-08-20 19:57:00,558.1030000000001,684.27545
1995-08-20 19:58:00,387.80400000000003,697.18616
1995-08-20 19:59:00,344.914,464.228
1995-08-20 20:00:00,619.348,548.82465
1995-08-20 20:01:00,445.569,365.08075
1995-08-20 20:02:00,812.5409999999999,413.83572
1995-08-20 20:03:00,90.086,468.00784
1995-08-20 20:04:00,145.998,498.472
1995-08-20 20:05:00,380.35299999999995,336.45563
1995-08-20 20:06:00,389.502,293.5091
1995-08-20 20:07:00,468.592,368.57794
1995-08-20 20:08:00,129.477,264.79822
1995-08-20 20:09:00,738.336,279.99292
1995-08-20 20:10:00,319.024,371.67502
1995-08-20 20:11:00,364.662,315.4991
1995-08-20 20:12:00,315.814,205.09361
1995-08-20 20:13:00,159.069,260.8208
1995-08-20 20:14:00,432.199,372.34128
1995-08-20 20:15:00,1302.768,543.9323
1995-08-20 20:16:00,357.421,506.64
1995-08-20 20:17:00,380.185,574.91986
1995-08-20 20:18:00,223.57999999999998,450.94077
1995-08-20 20:19:00,575.772,333.56876
1995-08-20 20:20:00,531.645,540.3822
1995-08-20 20:21:00,515.995,342.0628
1995-08-20 20:22:00,335.547,453.83624
1995-08-20 20:23:00,1447.99,251.56982
1995-08-20 20:24:00,394.644,151.32475
1995-08-20 20:25:00,171.439,469.0756
1995-08-20 20:26:00,372.315,209.9836
1995-08-20 20:27:00,221.636,372.69125
1995-08-20 20:28:00,437.747,347.0851
1995-08-20 20:29:00,939.965,468.9584
1995-08-20 20:30:00,768.794,410.45615
1995-08-20 20:31:00,377.647,683.6206
1995-08-20 20:32:00,1298.8700000000001,555.3196
1995-08-20 20:33:00,218.458,473.35446
1995-08-20 20:34:00,469.442,513.8244
1995-08-20 20:35:00,519.523,325.75537
1995-08-20 20:36:00,702.4639999999999,402.6516
1995-08-20 20:37:00,492.314,567.78015
1995-08-20 20:38:00,221.755,650.13086
1995-08-20 20:39:00,329.568,550.895
1995-08-20 20:40:00,524.7919999999999,531.5375
1995-08-20 20:41:00,666.48,523.503
1995-08-20 20:42:00,296.657,491.77362
1995-08-20 20:43:00,433.736,273.79816
1995-08-20 20:44:00,269.308,489.41287
1995-08-20 20:45:00,392.005,575.8015
1995-08-20 20:46:00,414.80600000000004,526.4331
1995-08-20 20:47:00,435.836,525.1129
1995-08-20 20:48:00,242.71099999999998,421.54065
1995-08-20 20:49:00,645.146,408.17346
1995-08-20 20:50:00,386.93,384.23447
1995-08-20 20:51:00,140.38000000000002,477.39984
1995-08-20 20:52:00,417.357,308.19247
1995-08-20 20:53:00,1506.811,429.75555
1995-08-20 20:54:00,180.229,267.46268
1995-08-20 20:55:00,233.262,399.88947
1995-08-20 20:56:00,141.239,160.86774
1995-08-20 20:57:00,355.707,331.71945
1995-08-20 20:58:00,243.474,277.52823
1995-08-20 20:59:00,284.155,300.17892
1995-08-20 21:00:00,145.571,355.70776
1995-08-20 21:01:00,268.633,311.24832
1995-08-20 21:02:00,163.553,445.2944
1995-08-20 21:03:00,479.03700000000003,374.10126
1995-08-20 21:04:00,630.478,324.00504
1995-08-20 21:05:00,274.258,338.2835
1995-08-20 21:06:00,423.854,313.26917
1995-08-20 21:07:00,214.21699999999998,282.44684
1995-08-20 21:08:00,135.698,298.86002
1995-08-20 21:09:00,228.388,359.1791
1995-08-20 21:10:00,234.913,326.55798
1995-08-20 21:11:00,348.931,398.28787
1995-08-20 21:12:00,136.959,405.94516
1995-08-20 21:13:00,528.013,322.97607
1995-08-20 21:14:00,305.327,312.12665
1995-08-20 21:15:00,161.036,443.2576
1995-08-20 21:16:00,163.219,293.69424
1995-08-20 21:17:00,81.508,240.4257
1995-08-20 21:18:00,314.162,267.67105
1995-08-20 21:19:00,378.009,287.1183
1995-08-20 21:20:00,296.17,403.7502
1995-08-20 21:21:00,879.389,269.92007
1995-08-20 21:22:00,272.378,401.34738
1995-08-20 21:23:00,160.614,327.94946
1995-08-20 21:24:00,1183.027,298.2174
1995-08-20 21:25:00,786.8,296.68002
1995-08-20 21:26:00,270.379,416.4841
1995-08-20 21:27:00,384.121,375.3055
1995-08-20 21:28:00,251.638,279.40253
1995-08-20 21:29:00,279.13,315.85757
1995-08-20 21:30:00,147.11599999999999,268.9735
1995-08-20 21:31:00,272.668,323.99216
1995-08-20 21:32:00,725.133,343.8793
1995-08-20 21:33:00,382.12,374.5709
1995-08-20 21:34:00,147.398,238.61923
1995-08-20 21:35:00,1626.9149999999997,594.64
1995-08-20 21:36:00,366.01300000000003,825.68317
1995-08-20 21:37:00,496.533,450.83475
1995-08-20 21:38:00,297.616,605.99396
1995-08-20 21:39:00,408.831,408.83698
1995-08-20 21:40:00,350.286,390.75583
1995-08-20 21:41:00,126.788,286.5469
1995-08-20 21:42:00,557.517,462.97363
1995-08-20 21:43:00,161.026,337.96933
1995-08-20 21:44:00,493.145,422.3625
1995-08-20 21:45:00,354.761,401.27585
1995-08-20 21:46:00,400.009,399.6609
1995-08-20 21:47:00,446.066,279.90866
1995-08-20 21:48:00,84.78,277.76727
1995-08-20 21:49:00,514.836,380.53384
1995-08-20 21:50:00,607.973,534.4823
1995-08-20 21:51:00,479.303,398.12094
1995-08-20 21:52:00,310.18,290.19165
1995-08-20 21:53:00,379.117,446.92346
1995-08-20 21:54:00,401.948,332.81387
1995-08-20 21:55:00,172.357,346.39615
1995-08-20 21:56:00,455.201,306.64212
1995-08-20 21:57:00,112.429,326.71
1995-08-20 21:58:00,420.63000000000005,473.62485
1995-08-20 21:59:00,152.143,324.58453
1995-08-20 22:00:00,213.014,377.79044
1995-08-20 22:01:00,336.094,606.75507
1995-08-20 22:02:00,139.604,449.01486
1995-08-20 22:03:00,368.32,327.00922
1995-08-20 22:04:00,271.56399999999996,395.15225
1995-08-20 22:05:00,49.76499999999999,159.39348
1995-08-20 22:06:00,247.851,236.11618
1995-08-20 22:07:00,178.235,283.23956
1995-08-20 22:08:00,394.31600000000003,479.0309
1995-08-20 22:09:00,731.2,633.85754
1995-08-20 22:10:00,737.794,406.38318
1995-08-20 22:11:00,328.522,381.53195
1995-08-20 22:12:00,368.334,376.70718
1995-08-20 22:13:00,190.284,440.7049
1995-08-20 22:14:00,289.481,405.5433
1995-08-20 22:15:00,501.641,513.8819
1995-08-20 22:16:00,1552.898,414.47495
1995-08-20 22:17:00,928.6999999999999,443.11823
1995-08-20 22:18:00,434.677,345.59283
1995-08-20 22:19:00,1656.826,351.62817
1995-08-20 22:20:00,630.944,240.91258
1995-08-20 22:21:00,1304.7340000000002,325.19772
1995-08-20 22:22:00,227.294,360.43228
1995-08-20 22:23:00,227.28099999999998,324.75735
1995-08-20 22:24:00,690.803,478.06436
1995-08-20 22:25:00,390.641,529.6933
1995-08-20 22:26:00,345.024,461.31268
1995-08-20 22:27:00,1111.693,535.29205
1995-08-20 22:28:00,567.0799999999999,488.08688
1995-08-20 22:29:00,493.198,559.6412
1995-08-20 22:30:00,297.016,463.02164
1995-08-20 22:31:00,231.649,230.34004
1995-08-20 22:32:00,809.501,320.57138
1995-08-20 22:33:00,283.31899999999996,441.13095
1995-08-20 22:34:00,187.762,319.35132
1995-08-20 22:35:00,213.643,374.69394
1995-08-20 22:36:00,743.857,387.00458
1995-08-20 22:37:00,346.028,143.68602
1995-08-20 22:38:00,445.475,547.5318
1995-08-20 22:39:00,337.928,438.2749
1995-08-20 22:40:00,669.397,571.4681
1995-08-20 22:41:00,446.335,542.05066
1995-08-20 22:42:00,473.555,676.8918
1995-08-20 22:43:00,362.964,555.61096
1995-08-20 22:44:00,396.023,732.9145
1995-08-20 22:45:00,1125.538,631.28296
1995-08-20 22:46:00,723.862,675.4058
1995-08-20 22:47:00,403.86199999999997,558.7105
1995-08-20 22:48:00,821.261,665.2399
1995-08-20 22:49:00,565.541,684.7599
1995-08-20 22:50:00,39.355000000000004,218.26503
1995-08-20 22:51:00,1093.88,434.78726
1995-08-20 22:52:00,979.2110000000001,419.4434
1995-08-20 22:53:00,291.486,410.33884
1995-08-20 22:54:00,606.011,542.8711
1995-08-20 22:55:00,366.134,470.5569
1995-08-20 22:56:00,408.631,475.18152
1995-08-20 22:57:00,199.263,374.67963
1995-08-20 22:58:00,210.17,537.48016
1995-08-20 22:59:00,1362.9579999999999,510.25348
1995-08-20 23:00:00,196.664,329.24213
1995-08-20 23:01:00,734.283,461.8447
1995-08-20 23:02:00,1483.107,609.24927
1995-08-20 23:03:00,927.019,621.2396
1995-08-20 23:04:00,1485.6680000000001,533.4507
1995-08-20 23:05:00,796.218,761.5592
1995-08-20 23:06:00,294.928,749.5496
1995-08-20 23:07:00,460.603,526.24
1995-08-20 23:08:00,637.5360000000001,574.58215
1995-08-20 23:09:00,900.54,734.79474
1995-08-20 23:10:00,1354.683,841.2026
1995-08-20 23:11:00,1124.379,729.71204
1995-08-20 23:12:00,739.473,723.38525
1995-08-20 23:13:00,942.307,675.2933
1995-08-20 23:14:00,1271.581,662.1244
1995-08-20 23:15:00,768.478,822.10455
1995-08-20 23:16:00,249.097,633.9414
1995-08-20 23:17:00,196.491,668.70825
1995-08-20 23:18:00,183.245,714.038
1995-08-20 23:19:00,487.632,627.76495
1995-08-20 23:20:00,439.91499999999996,525.7163
1995-08-20 23:21:00,223.09099999999998,491.55234
1995-08-20 23:22:00,658.575,476.38785
1995-08-20 23:23:00,337.148,507.9889
1995-08-20 23:24:00,139.404,478.11005
1995-08-20 23:25:00,519.001,377.4234
1995-08-20 23:26:00,134.87699999999998,349.9184
1995-08-20 23:27:00,117.866,386.82202
1995-08-20 23:28:00,116.702,329.71
1995-08-20 23:29:00,177.799,143.69527
1995-08-20 23:30:00,309.785,429.66068
1995-08-20 23:31:00,1508.8280000000002,373.18768
1995-08-20 23:32:00,89.324,295.06934
1995-08-20 23:33:00,261.05,319.17233
1995-08-20 23:34:00,377.65,250.23976
1995-08-20 23:35:00,215.99699999999999,361.55963
1995-08-20 23:36:00,285.309,473.95493
1995-08-20 23:37:00,582.6039999999999,341.29056
1995-08-20 23:38:00,213.459,356.6885
1995-08-20 23:39:00,109.041,313.92862
1995-08-20 23:40:00,183.085,120.62249
1995-08-20 23:41:00,209.545,231.56975
1995-08-20 23:42:00,299.616,294.9913
1995-08-20 23:43:00,236.24,288.0514
1995-08-20 23:44:00,259.834,400.4624
1995-08-20 23:45:00,660.398,588.488
1995-08-20 23:46:00,1427.9540000000002,448.81363
1995-08-20 23:47:00,567.045,493.63837
1995-08-20 23:48:00,438.878,403.43558
1995-08-20 23:49:00,332.298,519.18585
1995-08-20 23:50:00,341.98,424.11514
1995-08-20 23:51:00,715.849,625.80304
1995-08-20 23:52:00,744.715,610.2598
1995-08-20 23:53:00,460.275,682.4627
1995-08-20 23:54:00,625.286,641.53064
1995-08-20 23:55:00,429.536,498.33386
1995-08-20 23:56:00,366.834,725.31866
1995-08-20 23:57:00,612.697,657.4921
1995-08-20 23:58:00,446.672,622.68274
1995-08-20 23:59:00,581.046,538.7681
1995-08-21 00:00:00,345.482,571.3769
1995-08-21 00:01:00,509.68300000000005,560.81274
1995-08-21 00:02:00,474.849,437.5995
1995-08-21 00:03:00,461.35200000000003,569.5925
1995-08-21 00:04:00,300.984,649.4224
1995-08-21 00:05:00,497.616,488.40137
1995-08-21 00:06:00,482.627,519.55084
1995-08-21 00:07:00,305.356,504.55075
1995-08-21 00:08:00,334.132,542.19904
1995-08-21 00:09:00,1425.162,478.7163
1995-08-21 00:10:00,689.235,312.91556
1995-08-21 00:11:00,1409.679,519.90594
1995-08-21 00:12:00,838.28,461.64014
1995-08-21 00:13:00,562.6600000000001,508.29962
1995-08-21 00:14:00,195.94400000000002,446.4329
1995-08-21 00:15:00,103.813,428.12573
1995-08-21 00:16:00,103.848,323.5234
1995-08-21 00:17:00,232.96599999999998,162.07281
1995-08-21 00:18:00,144.458,453.00916
1995-08-21 00:19:00,108.125,322.1428
1995-08-21 00:20:00,73.19,215.97594
1995-08-21 00:21:00,104.666,312.66345
1995-08-21 00:22:00,285.65500000000003,275.7281
1995-08-21 00:23:00,62.01,210.75565
1995-08-21 00:24:00,215.399,390.2249
1995-08-21 00:25:00,179.209,454.59662
1995-08-21 00:26:00,457.54699999999997,447.1839
1995-08-21 00:27:00,907.031,306.9361
1995-08-21 00:28:00,198.616,350.75507
1995-08-21 00:29:00,390.251,364.86438
1995-08-21 00:30:00,316.384,298.79138
1995-08-21 00:31:00,266.955,385.5492
1995-08-21 00:32:00,420.776,453.72824
1995-08-21 00:33:00,486.833,342.38898
1995-08-21 00:34:00,329.206,406.79715
1995-08-21 00:35:00,743.542,474.10602
1995-08-21 00:36:00,462.397,445.2923
1995-08-21 00:37:00,287.782,481.29156
1995-08-21 00:38:00,144.123,430.9619
1995-08-21 00:39:00,229.247,403.85156
1995-08-21 00:40:00,147.012,415.2104
1995-08-21 00:41:00,172.40099999999998,382.70752
1995-08-21 00:42:00,191.494,584.95996
1995-08-21 00:43:00,256.663,365.78543
1995-08-21 00:44:00,938.3280000000001,377.8775
1995-08-21 00:45:00,306.918,509.0669
1995-08-21 00:46:00,367.639,390.96735
1995-08-21 00:47:00,161.239,410.47183
1995-08-21 00:48:00,377.18399999999997,379.52292
1995-08-21 00:49:00,166.4,295.9798
1995-08-21 00:50:00,70.826,302.8055
1995-08-21 00:51:00,106.288,338.1541
1995-08-21 00:52:00,157.895,332.7316
1995-08-21 00:53:00,99.069,205.81749
1995-08-21 00:54:00,122.771,273.1086
1995-08-21 00:55:00,1153.107,281.31757
1995-08-21 00:56:00,861.475,492.5619
1995-08-21 00:57:00,296.544,353.96674
1995-08-21 00:58:00,503.209,424.784
1995-08-21 00:59:00,1047.954,588.8026
1995-08-21 01:00:00,262.166,477.36792
1995-08-21 01:01:00,589.592,612.1778
1995-08-21 01:02:00,316.90999999999997,661.95807
1995-08-21 01:03:00,463.078,553.99457
1995-08-21 01:04:00,277.44100000000003,476.8773
1995-08-21 01:05:00,686.5939999999999,493.337
1995-08-21 01:06:00,373.202,374.56354
1995-08-21 01:07:00,444.669,281.58478
1995-08-21 01:08:00,237.252,451.86948
1995-08-21 01:09:00,451.108,343.47498
1995-08-21 01:10:00,445.869,255.56631
1995-08-21 01:11:00,2142.463,464.0929
1995-08-21 01:12:00,407.762,252.06384
1995-08-21 01:13:00,331.70599999999996,415.8541
1995-08-21 01:14:00,306.63100000000003,228.50362
1995-08-21 01:15:00,1973.65,267.808
1995-08-21 01:16:00,625.631,247.29947
1995-08-21 01:17:00,324.41,395.00873
1995-08-21 01:18:00,661.701,482.2607
1995-08-21 01:19:00,395.899,334.70703
1995-08-21 01:20:00,590.801,419.90656
1995-08-21 01:21:00,432.621,456.98975
1995-08-21 01:22:00,731.614,582.8347
1995-08-21 01:23:00,389.361,640.9491
1995-08-21 01:24:00,567.739,489.71347
1995-08-21 01:25:00,694.46,718.0253
1995-08-21 01:26:00,288.49899999999997,570.90466
1995-08-21 01:27:00,863.526,629.7731
1995-08-21 01:28:00,419.591,443.62103
1995-08-21 01:29:00,377.895,438.4662
1995-08-21 01:30:00,517.999,465.05396
1995-08-21 01:31:00,330.875,373.68152
1995-08-21 01:32:00,382.56,159.21378
1995-08-21 01:33:00,519.1089999999999,406.40784
1995-08-21 01:34:00,79.28399999999999,329.27805
1995-08-21 01:35:00,547.318,357.93457
1995-08-21 01:36:00,223.675,400.1478
1995-08-21 01:37:00,353.67699999999996,582.3989
1995-08-21 01:38:00,323.879,337.03314
1995-08-21 01:39:00,588.576,479.3483
1995-08-21 01:40:00,1964.359,528.82477
1995-08-21 01:41:00,601.245,563.33905
1995-08-21 01:42:00,323.704,600.3861
1995-08-21 01:43:00,638.854,210.17464
1995-08-21 01:44:00,207.91,448.7351
1995-08-21 01:45:00,114.901,305.5158
1995-08-21 01:46:00,330.85699999999997,364.69345
1995-08-21 01:47:00,345.298,333.37912
1995-08-21 01:48:00,459.803,312.80466
1995-08-21 01:49:00,351.024,303.80426
1995-08-21 01:50:00,1581.433,413.65616
1995-08-21 01:51:00,563.865,505.12817
1995-08-21 01:52:00,188.22,350.32156
1995-08-21 01:53:00,593.7,425.10248
1995-08-21 01:54:00,243.792,482.46747
1995-08-21 01:55:00,1428.8139999999999,543.41833
1995-08-21 01:56:00,308.579,458.34882
1995-08-21 01:57:00,87.971,585.5758
1995-08-21 01:58:00,340.256,294.62894
1995-08-21 01:59:00,163.67700000000002,411.76688
1995-08-21 02:00:00,805.221,274.90067
1995-08-21 02:01:00,1039.017,634.88275
1995-08-21 02:02:00,452.355,277.40567
1995-08-21 02:03:00,315.827,445.94034
1995-08-21 02:04:00,734.797,459.01035
1995-08-21 02:05:00,519.213,323.36453
1995-08-21 02:06:00,376.891,241.19905
1995-08-21 02:07:00,77.081,255.67618
1995-08-21 02:08:00,345.8,136.92001
1995-08-21 02:09:00,385.339,286.42422
1995-08-21 02:10:00,103.387,203.7999
1995-08-21 02:11:00,625.775,205.71672
1995-08-21 02:12:00,158.477,235.36649
1995-08-21 02:13:00,37.571,166.73126
1995-08-21 02:14:00,389.162,286.58722
1995-08-21 02:15:00,206.489,232.69284
1995-08-21 02:16:00,154.085,168.01843
1995-08-21 02:17:00,133.876,191.21802
1995-08-21 02:18:00,101.986,218.92114
1995-08-21 02:19:00,775.178,235.202
1995-08-21 02:20:00,18.990000000000002,120.588165
1995-08-21 02:21:00,100.771,211.01237
1995-08-21 02:22:00,215.543,149.93849
1995-08-21 02:23:00,502.075,260.7855
1995-08-21 02:24:00,336.089,264.85577
1995-08-21 02:25:00,347.13800000000003,206.34122
1995-08-21 02:26:00,1069.366,162.3522
1995-08-21 02:27:00,1023.961,186.6586
1995-08-21 02:28:00,129.939,409.52545
1995-08-21 02:29:00,427.972,374.88766
1995-08-21 02:30:00,418.828,527.28564
1995-08-21 02:31:00,202.273,468.0331
1995-08-21 02:32:00,157.924,429.07623
1995-08-21 02:33:00,803.551,522.97455
1995-08-21 02:34:00,437.151,652.4272
1995-08-21 02:35:00,312.449,550.5556
1995-08-21 02:36:00,442.373,496.70483
1995-08-21 02:37:00,317.723,233.76797
1995-08-21 02:38:00,603.499,262.91898
1995-08-21 02:39:00,267.548,436.78128
1995-08-21 02:40:00,1112.635,270.43872
1995-08-21 02:41:00,623.5909999999999,274.08502
1995-08-21 02:42:00,337.055,381.49527
1995-08-21 02:43:00,45.823,222.7428
1995-08-21 02:44:00,120.379,291.54178
1995-08-21 02:45:00,462.33,321.0053
1995-08-21 02:46:00,279.587,257.90244
1995-08-21 02:47:00,141.145,195.79727
1995-08-21 02:48:00,204.512,249.84628
1995-08-21 02:49:00,195.45299999999997,269.5773
1995-08-21 02:50:00,322.834,203.52147
1995-08-21 02:51:00,3.245,76.77561
1995-08-21 02:52:00,549.1790000000001,127.415344
1995-08-21 02:53:00,176.632,194.42377
1995-08-21 02:54:00,707.74,462.53445
1995-08-21 02:55:00,339.53499999999997,385.8588
1995-08-21 02:56:00,556.895,426.8575
1995-08-21 02:57:00,402.816,289.0726
1995-08-21 02:58:00,250.253,449.00842
1995-08-21 02:59:00,332.63800000000003,281.94586
1995-08-21 03:00:00,801.106,338.3769
1995-08-21 03:01:00,638.3969999999999,387.46906
1995-08-21 03:02:00,586.845,493.71997
1995-08-21 03:03:00,848.354,345.1598
1995-08-21 03:04:00,1017.798,238.44608
1995-08-21 03:05:00,375.9,322.9662
1995-08-21 03:06:00,393.904,430.31586
1995-08-21 03:07:00,237.263,349.98904
1995-08-21 03:08:00,169.053,284.77472
1995-08-21 03:09:00,241.734,357.33875
1995-08-21 03:10:00,508.13500000000005,179.67023
1995-08-21 03:11:00,47.989999999999995,92.45218
1995-08-21 03:12:00,189.747,151.8132
1995-08-21 03:13:00,159.618,188.18066
1995-08-21 03:14:00,105.023,133.68695
1995-08-21 03:15:00,186.07500000000002,309.1795
1995-08-21 03:16:00,238.456,169.49756
1995-08-21 03:17:00,292.56399999999996,203.5324
1995-08-21 03:18:00,73.358,137.28648
1995-08-21 03:19:00,359.06600000000003,129.78812
1995-08-21 03:20:00,124.067,288.16348
1995-08-21 03:21:00,89.211,328.60577
1995-08-21 03:22:00,32.274,94.401245
1995-08-21 03:23:00,251.23999999999998,196.0104
1995-08-21 03:24:00,241.584,127.45111
1995-08-21 03:25:00,127.847,115.97453
1995-08-21 03:26:00,295.974,241.96967
1995-08-21 03:27:00,182.11599999999999,192.36282
1995-08-21 03:28:00,110.204,192.73956
1995-08-21 03:29:00,167.665,126.034
1995-08-21 03:30:00,274.426,306.45618
1995-08-21 03:31:00,95.719,355.43115
1995-08-21 03:32:00,113.27600000000001,249.58566
1995-08-21 03:33:00,371.993,348.82727
1995-08-21 03:34:00,198.039,190.04958
1995-08-21 03:35:00,121.665,265.2893
1995-08-21 03:36:00,140.955,314.1352
1995-08-21 03:37:00,422.118,280.9144
1995-08-21 03:38:00,84.09700000000001,214.20367
1995-08-21 03:39:00,121.57199999999999,280.13687
1995-08-21 03:40:00,81.255,300.31094
1995-08-21 03:41:00,311.937,273.2485
1995-08-21 03:42:00,147.706,234.20609
1995-08-21 03:43:00,169.328,109.12424
1995-08-21 03:44:00,16.165,190.00513
1995-08-21 03:45:00,227.40699999999998,139.7188
1995-08-21 03:46:00,92.678,248.77505
1995-08-21 03:47:00,118.236,301.89682
1995-08-21 03:48:00,35.433,171.83807
1995-08-21 03:49:00,33.838,228.9556
1995-08-21 03:50:00,121.617,277.1785
1995-08-21 03:51:00,154.769,354.50217
1995-08-21 03:52:00,992.712,193.49829
1995-08-21 03:53:00,144.18,282.40024
1995-08-21 03:54:00,164.551,228.22844
1995-08-21 03:55:00,207.551,240.5966
1995-08-21 03:56:00,354.327,182.20865
1995-08-21 03:57:00,218.992,379.75778
1995-08-21 03:58:00,330.134,315.20056
1995-08-21 03:59:00,36.048,176.5366
1995-08-21 04:00:00,238.138,238.25125
1995-08-21 04:01:00,124.364,262.11942
1995-08-21 04:02:00,238.169,351.3048
1995-08-21 04:03:00,197.46,269.57355
1995-08-21 04:04:00,344.11400000000003,109.59253
1995-08-21 04:05:00,153.093,188.50182
1995-08-21 04:06:00,122.805,239.8246
1995-08-21 04:07:00,593.699,2.840203
1995-08-21 04:08:00,49.491,173.12134
1995-08-21 04:09:00,556.52,113.96207
1995-08-21 04:10:00,85.241,128.40186
1995-08-21 04:11:00,128.292,127.16185
1995-08-21 04:12:00,161.559,193.85068
1995-08-21 04:13:00,107.77199999999999,258.69055
1995-08-21 04:14:00,191.10299999999998,242.94028
1995-08-21 04:15:00,74.863,104.461174
1995-08-21 04:16:00,140.59,149.79483
1995-08-21 04:17:00,133.68699999999998,145.18094
1995-08-21 04:18:00,68.228,174.88524
1995-08-21 04:19:00,181.764,215.2719
1995-08-21 04:20:00,134.423,236.23933
1995-08-21 04:21:00,171.614,197.60358
1995-08-21 04:22:00,72.577,78.17354
1995-08-21 04:23:00,1.9029999999999998,131.2382
1995-08-21 04:24:00,54.003,129.97559
1995-08-21 04:25:00,213.034,127.17316
1995-08-21 04:26:00,48.93,155.64742
1995-08-21 04:27:00,180.304,102.49048
1995-08-21 04:28:00,135.633,130.2866
1995-08-21 04:29:00,434.424,93.70456
1995-08-21 04:30:00,254.024,159.37
1995-08-21 04:31:00,13.065,90.086
1995-08-21 04:32:00,456.835,322.82535
1995-08-21 04:33:00,145.522,268.55133
1995-08-21 04:34:00,127.10399999999998,247.98322
1995-08-21 04:35:00,166.683,187.78363
1995-08-21 04:36:00,444.228,186.83514
1995-08-21 04:37:00,388.90299999999996,238.10858
1995-08-21 04:38:00,271.425,311.34778
1995-08-21 04:39:00,116.269,266.0078
1995-08-21 04:40:00,199.24599999999998,162.50807
1995-08-21 04:41:00,630.539,203.92268
1995-08-21 04:42:00,337.968,127.57184
1995-08-21 04:43:00,501.15799999999996,163.0596
1995-08-21 04:44:00,175.61599999999999,206.071
1995-08-21 04:45:00,171.642,186.83228
1995-08-21 04:46:00,72.893,190.47348
1995-08-21 04:47:00,241.745,198.20793
1995-08-21 04:48:00,92.19,226.97357
1995-08-21 04:49:00,96.953,147.01321
1995-08-21 04:50:00,192.92499999999998,171.0811
1995-08-21 04:51:00,21.732,88.918976
1995-08-21 04:52:00,76.277,127.59126
1995-08-21 04:53:00,103.986,120.72849
1995-08-21 04:54:00,58.53,115.36719
1995-08-21 04:55:00,12.183,68.68062
1995-08-21 04:56:00,45.053,86.009285
1995-08-21 04:57:00,91.602,95.97224
1995-08-21 04:58:00,246.136,128.88545
1995-08-21 04:59:00,46.004,71.313
1995-08-21 05:00:00,272.613,163.76047
1995-08-21 05:01:00,46.033,4.4646053
1995-08-21 05:02:00,949.578,98.06168
1995-08-21 05:03:00,397.151,214.87265
1995-08-21 05:04:00,352.04400000000004,413.8359
1995-08-21 05:05:00,133.167,65.98596
1995-08-21 05:06:00,150.006,198.42111
1995-08-21 05:07:00,218.808,226.82123
1995-08-21 05:08:00,269.151,261.69244
1995-08-21 05:09:00,292.397,333.84885
1995-08-21 05:10:00,156.452,172.594
1995-08-21 05:11:00,122.503,168.07307
1995-08-21 05:12:00,102.101,135.09958
1995-08-21 05:13:00,118.27,186.51746
1995-08-21 05:14:00,165.961,222.68797
1995-08-21 05:15:00,475.108,208.26895
1995-08-21 05:16:00,117.751,151.63638
1995-08-21 05:17:00,263.77599999999995,123.23341
1995-08-21 05:18:00,122.14200000000001,117.45779
1995-08-21 05:19:00,120.08800000000001,158.6917
1995-08-21 05:20:00,66.384,185.2357
1995-08-21 05:21:00,187.11700000000002,145.75839
1995-08-21 05:22:00,182.875,105.07212
1995-08-21 05:23:00,30.706,72.94033
1995-08-21 05:24:00,158.22,214.92783
1995-08-21 05:25:00,390.56600000000003,271.80872
1995-08-21 05:26:00,255.132,268.19052
1995-08-21 05:27:00,369.057,604.4777
1995-08-21 05:28:00,33.936,252.36449
1995-08-21 05:29:00,306.343,345.36816
1995-08-21 05:30:00,204.62900000000002,121.639
1995-08-21 05:31:00,429.02099999999996,311.3521
1995-08-21 05:32:00,143.614,219.33754
1995-08-21 05:33:00,167.512,244.52046
1995-08-21 05:34:00,73.18,182.35442
1995-08-21 05:35:00,549.6,259.2248
1995-08-21 05:36:00,309.79,136.3057
1995-08-21 05:37:00,60.429,155.08061
1995-08-21 05:38:00,349.697,360.93985
1995-08-21 05:39:00,147.921,210.94202
1995-08-21 05:40:00,246.091,332.27838
1995-08-21 05:41:00,909.5010000000001,429.01654
1995-08-21 05:42:00,741.6999999999999,380.5355
1995-08-21 05:43:00,160.342,253.1527
1995-08-21 05:44:00,670.918,197.98294
1995-08-21 05:45:00,790.231,251.33461
1995-08-21 05:46:00,422.724,654.17065
1995-08-21 05:47:00,104.208,137.09367
1995-08-21 05:48:00,477.111,307.17493
1995-08-21 05:49:00,291.311,316.70285
1995-08-21 05:50:00,200.692,376.0874
1995-08-21 05:51:00,378.882,379.34644
1995-08-21 05:52:00,272.84,185.9096
1995-08-21 05:53:00,57.803999999999995,156.95705
1995-08-21 05:54:00,338.81399999999996,252.26665
1995-08-21 05:55:00,148.386,255.38113
1995-08-21 05:56:00,372.399,195.30176
1995-08-21 05:57:00,421.365,325.4775
1995-08-21 05:58:00,362.776,347.19418
1995-08-21 05:59:00,335.55100000000004,297.9379
1995-08-21 06:00:00,220.676,286.39066
1995-08-21 06:01:00,34.093,192.54012
1995-08-21 06:02:00,300.367,232.78748
1995-08-21 06:03:00,46.982,155.26984
1995-08-21 06:04:00,283.163,268.01883
1995-08-21 06:05:00,370.43,394.67502
1995-08-21 06:06:00,343.159,348.9691
1995-08-21 06:07:00,376.954,269.75748
1995-08-21 06:08:00,108.541,398.2319
1995-08-21 06:09:00,146.864,317.41702
1995-08-21 06:10:00,249.169,276.8431
1995-08-21 06:11:00,121.661,203.72462
1995-08-21 06:12:00,93.51599999999999,189.44627
1995-08-21 06:13:00,160.53300000000002,293.5338
1995-08-21 06:14:00,64.871,196.79478
1995-08-21 06:15:00,240.716,283.8488
1995-08-21 06:16:00,221.758,183.63914
1995-08-21 06:17:00,353.803,280.31952
1995-08-21 06:18:00,91.96,145.47546
1995-08-21 06:19:00,18.38,172.81325
1995-08-21 06:20:00,223.16299999999998,215.18044
1995-08-21 06:21:00,169.50799999999998,137.30376
1995-08-21 06:22:00,182.835,230.74922
1995-08-21 06:23:00,304.377,280.672
1995-08-21 06:24:00,271.807,281.30786
1995-08-21 06:25:00,342.231,341.88306
1995-08-21 06:26:00,188.855,416.6601
1995-08-21 06:27:00,369.345,332.86722
1995-08-21 06:28:00,226.131,359.04312
1995-08-21 06:29:00,197.861,393.10516
1995-08-21 06:30:00,97.06,256.45688
1995-08-21 06:31:00,356.706,93.61632
1995-08-21 06:32:00,112.456,272.71744
1995-08-21 06:33:00,65.848,205.038
1995-08-21 06:34:00,28.785,102.29732
1995-08-21 06:35:00,249.067,218.03596
1995-08-21 06:36:00,39.519999999999996,95.8151
1995-08-21 06:37:00,19.752,27.530878
1995-08-21 06:38:00,20.53,120.664314
1995-08-21 06:39:00,113.17699999999999,198.7847
1995-08-21 06:40:00,229.261,108.85392
1995-08-21 06:41:00,124.634,103.11181
1995-08-21 06:42:00,24.169,91.38818
1995-08-21 06:43:00,1170.5189999999998,225.78603
1995-08-21 06:44:00,122.265,90.18774
1995-08-21 06:45:00,256.371,97.79436
1995-08-21 06:46:00,65.154,215.91635
1995-08-21 06:47:00,154.008,346.5378
1995-08-21 06:48:00,96.679,190.86337
1995-08-21 06:49:00,197.264,201.15492
1995-08-21 06:50:00,243.999,207.37807
1995-08-21 06:51:00,400.365,260.36914
1995-08-21 06:52:00,978.2230000000001,281.58167
1995-08-21 06:53:00,225.605,267.09375
1995-08-21 06:54:00,94.332,247.33228
1995-08-21 06:55:00,252.53,400.31348
1995-08-21 06:56:00,227.21699999999998,294.68546
1995-08-21 06:57:00,302.652,366.9407
1995-08-21 06:58:00,796.6959999999999,437.2278
1995-08-21 06:59:00,693.381,394.7503
1995-08-21 07:00:00,264.669,204.1592
1995-08-21 07:01:00,9.402000000000001,129.54773
1995-08-21 07:02:00,79.482,270.23468
1995-08-21 07:03:00,57.046,124.05796
1995-08-21 07:04:00,183.418,178.13649
1995-08-21 07:05:00,146.921,184.09117
1995-08-21 07:06:00,695.26,129.1093
1995-08-21 07:07:00,275.03499999999997,216.12291
1995-08-21 07:08:00,231.291,228.32542
1995-08-21 07:09:00,243.79899999999998,315.45535
1995-08-21 07:10:00,1274.4250000000002,273.61282
1995-08-21 07:11:00,367.093,272.53464
1995-08-21 07:12:00,503.47599999999994,283.3479
1995-08-21 07:13:00,306.283,399.03302
1995-08-21 07:14:00,341.603,338.46313
1995-08-21 07:15:00,1551.3509999999999,422.67206
1995-08-21 07:16:00,95.514,434.88846
1995-08-21 07:17:00,293.002,313.84198
1995-08-21 07:18:00,74.348,349.28046
1995-08-21 07:19:00,492.221,324.84872
1995-08-21 07:20:00,460.352,436.88608
1995-08-21 07:21:00,330.412,341.36157
1995-08-21 07:22:00,1047.691,192.33958
1995-08-21 07:23:00,394.151,430.88632
1995-08-21 07:24:00,397.24399999999997,294.65247
1995-08-21 07:25:00,433.371,321.48383
1995-08-21 07:26:00,166.114,412.62393
1995-08-21 07:27:00,400.604,385.0248
1995-08-21 07:28:00,67.013,384.6719
1995-08-21 07:29:00,641.428,483.27524
1995-08-21 07:30:00,241.14600000000002,287.00302
1995-08-21 07:31:00,35.010000000000005,160.72601
1995-08-21 07:32:00,163.67,275.276
1995-08-21 07:33:00,35.778999999999996,162.36467
1995-08-21 07:34:00,75.908,70.86589
1995-08-21 07:35:00,284.103,284.9402
1995-08-21 07:36:00,392.989,350.05716
1995-08-21 07:37:00,1271.2549999999999,321.6327
1995-08-21 07:38:00,216.38,413.58655
1995-08-21 07:39:00,237.091,526.9195
1995-08-21 07:40:00,1519.135,325.56454
1995-08-21 07:41:00,437.007,587.0632
1995-08-21 07:42:00,702.949,566.3353
1995-08-21 07:43:00,747.6030000000001,664.1873
1995-08-21 07:44:00,344.454,361.68655
1995-08-21 07:45:00,760.1859999999999,612.17255
1995-08-21 07:46:00,591.7900000000001,452.86606
1995-08-21 07:47:00,590.953,741.9797
1995-08-21 07:48:00,1462.486,496.90564
1995-08-21 07:49:00,343.121,698.0666
1995-08-21 07:50:00,552.782,518.7269
1995-08-21 07:51:00,245.451,385.4368
1995-08-21 07:52:00,1120.184,402.44687
1995-08-21 07:53:00,570.193,671.15533
1995-08-21 07:54:00,442.036,441.32898
1995-08-21 07:55:00,860.217,463.2
1995-08-21 07:56:00,367.88,535.2834
1995-08-21 07:57:00,232.86700000000002,293.7496
1995-08-21 07:58:00,150.85999999999999,468.88086
1995-08-21 07:59:00,388.147,462.95306
1995-08-21 08:00:00,395.343,476.37738
1995-08-21 08:01:00,269.989,388.37482
1995-08-21 08:02:00,533.221,593.83167
1995-08-21 08:03:00,680.3679999999999,540.4739
1995-08-21 08:04:00,427.423,505.34518
1995-08-21 08:05:00,599.8860000000001,498.457
1995-08-21 08:06:00,424.38,508.29987
1995-08-21 08:07:00,846.3090000000001,518.8806
1995-08-21 08:08:00,354.65999999999997,478.666
1995-08-21 08:09:00,201.411,361.486
1995-08-21 08:10:00,90.892,305.63684
1995-08-21 08:11:00,553.547,495.50046
1995-08-21 08:12:00,342.068,549.1724
1995-08-21 08:13:00,144.638,377.60968
1995-08-21 08:14:00,222.291,329.42786
1995-08-21 08:15:00,360.03999999999996,323.78705
1995-08-21 08:16:00,210.994,452.66592
1995-08-21 08:17:00,114.862,355.5112
1995-08-21 08:18:00,248.49599999999998,487.67056
1995-08-21 08:19:00,589.545,423.30103
1995-08-21 08:20:00,346.147,409.54974
1995-08-21 08:21:00,606.968,598.32666
1995-08-21 08:22:00,279.278,489.7654
1995-08-21 08:23:00,180.323,427.5959
1995-08-21 08:24:00,168.202,345.9414
1995-08-21 08:25:00,795.512,181.85168
1995-08-21 08:26:00,987.6809999999999,251.16693
1995-08-21 08:27:00,738.803,390.3003
1995-08-21 08:28:00,956.647,704.74915
1995-08-21 08:29:00,601.01,464.95306
1995-08-21 08:30:00,521.133,576.8074
1995-08-21 08:31:00,872.436,541.2371
1995-08-21 08:32:00,247.682,515.5457
1995-08-21 08:33:00,548.779,462.08664
1995-08-21 08:34:00,404.525,648.2251
1995-08-21 08:35:00,296.448,427.7079
1995-08-21 08:36:00,1572.837,675.5755
1995-08-21 08:37:00,366.168,456.78625
1995-08-21 08:38:00,305.729,523.74817
1995-08-21 08:39:00,1597.207,423.74597
1995-08-21 08:40:00,1428.352,473.98212
1995-08-21 08:41:00,2638.482,591.82355
1995-08-21 08:42:00,3576.2,707.8811
1995-08-21 08:43:00,314.106,834.1362
1995-08-21 08:44:00,515.501,611.659
1995-08-21 08:45:00,92.899,342.13626
1995-08-21 08:46:00,330.76800000000003,227.39249
1995-08-21 08:47:00,112.378,519.13324
1995-08-21 08:48:00,329.486,541.9704
1995-08-21 08:49:00,532.449,407.58856
1995-08-21 08:50:00,201.968,577.8023
1995-08-21 08:51:00,197.438,514.3198
1995-08-21 08:52:00,629.497,533.73773
1995-08-21 08:53:00,387.4,536.794
1995-08-21 08:54:00,152.38,300.9707
1995-08-21 08:55:00,100.86,445.69937
1995-08-21 08:56:00,357.778,333.47446
1995-08-21 08:57:00,522.683,379.23798
1995-08-21 08:58:00,1191.025,576.7093
1995-08-21 08:59:00,575.9309999999999,354.81253
1995-08-21 09:00:00,231.042,579.8832
1995-08-21 09:01:00,213.343,530.4238
1995-08-21 09:02:00,159.94,544.4712
1995-08-21 09:03:00,302.457,384.65094
1995-08-21 09:04:00,677.216,503.50104
1995-08-21 09:05:00,287.525,551.55646
1995-08-21 09:06:00,805.539,441.2982
1995-08-21 09:07:00,431.031,550.9787
1995-08-21 09:08:00,640.4399999999999,509.94348
1995-08-21 09:09:00,163.624,389.46582
1995-08-21 09:10:00,194.095,331.66345
1995-08-21 09:11:00,232.53199999999998,486.10464
1995-08-21 09:12:00,78.733,327.29477
1995-08-21 09:13:00,1114.3229999999999,490.39648
1995-08-21 09:14:00,568.117,555.91626
1995-08-21 09:15:00,582.789,592.3433
1995-08-21 09:16:00,1244.164,485.3705
1995-08-21 09:17:00,168.964,317.12125
1995-08-21 09:18:00,567.583,504.02258
1995-08-21 09:19:00,318.975,588.07715
1995-08-21 09:20:00,673.455,369.4852
1995-08-21 09:21:00,492.921,368.75385
1995-08-21 09:22:00,139.078,375.88696
1995-08-21 09:23:00,135.444,439.32727
1995-08-21 09:24:00,142.197,278.4844
1995-08-21 09:25:00,389.64,402.04962
1995-08-21 09:26:00,227.218,335.47437
1995-08-21 09:27:00,741.388,487.56033
1995-08-21 09:28:00,852.6129999999999,565.9432
1995-08-21 09:29:00,145.27,439.57635
1995-08-21 09:30:00,263.293,451.47015
1995-08-21 09:31:00,245.917,476.13092
1995-08-21 09:32:00,912.526,413.4634
1995-08-21 09:33:00,1367.193,662.92865
1995-08-21 09:34:00,908.771,557.104
1995-08-21 09:35:00,367.139,642.99286
1995-08-21 09:36:00,916.8119999999999,490.5692
1995-08-21 09:37:00,1398.231,535.9725
1995-08-21 09:38:00,1629.343,826.4045
1995-08-21 09:39:00,953.8810000000001,911.9193
1995-08-21 09:40:00,620.6,724.79
1995-08-21 09:41:00,1868.3139999999999,858.7178
1995-08-21 09:42:00,1212.18,791.5985
1995-08-21 09:43:00,414.416,803.43085
1995-08-21 09:44:00,317.118,680.33624
1995-08-21 09:45:00,1216.759,754.9815
1995-08-21 09:46:00,457.205,502.3378
1995-08-21 09:47:00,244.486,664.3751
1995-08-21 09:48:00,543.658,693.4442
1995-08-21 09:49:00,979.616,775.5411
1995-08-21 09:50:00,559.179,833.0808
1995-08-21 09:51:00,272.822,684.3866
1995-08-21 09:52:00,699.777,706.3232
1995-08-21 09:53:00,734.656,670.8419
1995-08-21 09:54:00,691.585,740.9441
1995-08-21 09:55:00,704.663,671.3762
1995-08-21 09:56:00,616.277,699.30304
1995-08-21 09:57:00,280.368,696.5223
1995-08-21 09:58:00,1285.145,776.38654
1995-08-21 09:59:00,959.139,676.9949
1995-08-21 10:00:00,1263.701,799.7687
1995-08-21 10:01:00,516.89,878.78735
1995-08-21 10:02:00,920.587,892.2739
1995-08-21 10:03:00,1470.379,661.8765
1995-08-21 10:04:00,1759.989,1033.0564
1995-08-21 10:05:00,1617.651,1001.18353
1995-08-21 10:06:00,599.3,851.2147
1995-08-21 10:07:00,218.659,918.8566
1995-08-21 10:08:00,247.45999999999998,835.6361
1995-08-21 10:09:00,607.083,675.33167
1995-08-21 10:10:00,869.541,673.2718
1995-08-21 10:11:00,561.121,877.96423
1995-08-21 10:12:00,109.699,452.56058
1995-08-21 10:13:00,691.544,716.9739
1995-08-21 10:14:00,462.14799999999997,766.60095
1995-08-21 10:15:00,183.379,403.80716
1995-08-21 10:16:00,617.038,587.4525
1995-08-21 10:17:00,703.1949999999999,686.6083
1995-08-21 10:18:00,478.71099999999996,501.20718
1995-08-21 10:19:00,567.448,661.0707
1995-08-21 10:20:00,555.969,687.75385
1995-08-21 10:21:00,375.072,620.1653
1995-08-21 10:22:00,363.517,521.366
1995-08-21 10:23:00,336.784,591.8385
1995-08-21 10:24:00,538.9169999999999,598.497
1995-08-21 10:25:00,383.945,477.7627
1995-08-21 10:26:00,1372.321,606.35614
1995-08-21 10:27:00,176.2,524.8568
1995-08-21 10:28:00,357.152,532.5722
1995-08-21 10:29:00,904.09,587.2943
1995-08-21 10:30:00,1290.833,796.0621
1995-08-21 10:31:00,754.369,856.7192
1995-08-21 10:32:00,1154.03,644.6646
1995-08-21 10:33:00,2197.163,544.81287
1995-08-21 10:34:00,784.795,849.7522
1995-08-21 10:35:00,543.696,686.07996
1995-08-21 10:36:00,979.9999999999999,861.85547
1995-08-21 10:37:00,517.61,666.0728
1995-08-21 10:38:00,581.793,811.2705
1995-08-21 10:39:00,207.566,591.4768
1995-08-21 10:40:00,197.128,405.21097
1995-08-21 10:41:00,398.493,591.47534
1995-08-21 10:42:00,653.0169999999999,608.4176
1995-08-21 10:43:00,920.662,761.7334
1995-08-21 10:44:00,1898.662,866.78
1995-08-21 10:45:00,242.6,725.59406
1995-08-21 10:46:00,399.61199999999997,767.8347
1995-08-21 10:47:00,230.871,474.22452
1995-08-21 10:48:00,307.099,764.8004
1995-08-21 10:49:00,668.576,706.884
1995-08-21 10:50:00,344.389,660.7106
1995-08-21 10:51:00,681.2460000000001,643.461
1995-08-21 10:52:00,298.615,697.90894
1995-08-21 10:53:00,4615.651,799.46063
1995-08-21 10:54:00,936.028,877.3442
1995-08-21 10:55:00,352.683,653.75305
1995-08-21 10:56:00,159.63,560.2553
1995-08-21 10:57:00,378.948,597.6894
1995-08-21 10:58:00,206.572,483.60672
1995-08-21 10:59:00,315.29,601.8133
1995-08-21 11:00:00,566.941,657.6146
1995-08-21 11:01:00,565.203,669.03723
1995-08-21 11:02:00,143.421,413.81216
1995-08-21 11:03:00,421.903,611.3062
1995-08-21 11:04:00,570.058,682.5321
1995-08-21 11:05:00,604.62,667.8153
1995-08-21 11:06:00,1402.777,789.6979
1995-08-21 11:07:00,413.73,605.82837
1995-08-21 11:08:00,2068.955,853.8231
1995-08-21 11:09:00,247.703,607.4077
1995-08-21 11:10:00,1402.982,541.76306
1995-08-21 11:11:00,1288.543,943.3418
1995-08-21 11:12:00,1186.572,1041.788
1995-08-21 11:13:00,738.346,953.5376
1995-08-21 11:14:00,651.2090000000001,817.22906
1995-08-21 11:15:00,1112.845,940.53656
1995-08-21 11:16:00,785.51,982.1755
1995-08-21 11:17:00,660.4350000000001,864.48615
1995-08-21 11:18:00,1616.797,1022.4367
1995-08-21 11:19:00,397.267,768.4116
1995-08-21 11:20:00,236.633,693.05817
1995-08-21 11:21:00,611.857,635.129
1995-08-21 11:22:00,399.148,625.56305
1995-08-21 11:23:00,522.379,520.87976
1995-08-21 11:24:00,576.572,695.2964
1995-08-21 11:25:00,294.505,633.56274
1995-08-21 11:26:00,798.803,719.97784
1995-08-21 11:27:00,378.522,693.6472
1995-08-21 11:28:00,465.612,702.31757
1995-08-21 11:29:00,1968.1169999999997,827.502
1995-08-21 11:30:00,1038.7079999999999,873.8693
1995-08-21 11:31:00,1069.176,1049.9822
1995-08-21 11:32:00,676.49,1154.8186
1995-08-21 11:33:00,706.16,605.74335
1995-08-21 11:34:00,877.736,809.0534
1995-08-21 11:35:00,666.0609999999999,822.68604
1995-08-21 11:36:00,776.957,877.93494
1995-08-21 11:37:00,1145.117,1024.8033
1995-08-21 11:38:00,836.982,915.2259
1995-08-21 11:39:00,1086.685,719.83514
1995-08-21 11:40:00,592.789,1097.5446
1995-08-21 11:41:00,2496.379,782.7792
1995-08-21 11:42:00,1466.6550000000002,890.22064
1995-08-21 11:43:00,705.7860000000001,1007.98663
1995-08-21 11:44:00,565.605,919.1018
1995-08-21 11:45:00,763.068,720.4995
1995-08-21 11:46:00,761.552,1000.38055
1995-08-21 11:47:00,511.521,988.1588
1995-08-21 11:48:00,1427.867,654.8993
1995-08-21 11:49:00,577.4879999999999,721.3081
1995-08-21 11:50:00,1508.028,765.7073
1995-08-21 11:51:00,1515.52,888.60425
1995-08-21 11:52:00,482.44599999999997,1057.273
1995-08-21 11:53:00,477.449,934.1258
1995-08-21 11:54:00,1086.526,1166.8359
1995-08-21 11:55:00,491.60699999999997,930.06
1995-08-21 11:56:00,1945.745,875.7541
1995-08-21 11:57:00,1632.134,1338.5793
1995-08-21 11:58:00,1727.1109999999999,1248.0438
1995-08-21 11:59:00,1206.124,1067.8015
1995-08-21 12:00:00,2155.106,1228.3081
1995-08-21 12:01:00,1097.401,1206.8754
1995-08-21 12:02:00,943.062,1224.0353
1995-08-21 12:03:00,1501.134,1165.7339
1995-08-21 12:04:00,1532.565,1086.75
1995-08-21 12:05:00,1451.884,995.2644
1995-08-21 12:06:00,577.427,977.4794
1995-08-21 12:07:00,1166.71,985.5346
1995-08-21 12:08:00,491.961,1044.6326
1995-08-21 12:09:00,1226.028,879.81323
1995-08-21 12:10:00,1428.75,1252.7435
1995-08-21 12:11:00,740.116,1146.6807
1995-08-21 12:12:00,1202.702,1014.5521
1995-08-21 12:13:00,431.143,1086.1967
1995-08-21 12:14:00,895.151,853.4221
1995-08-21 12:15:00,744.119,997.7892
1995-08-21 12:16:00,663.569,959.5074
1995-08-21 12:17:00,672.3,814.81757
1995-08-21 12:18:00,1009.869,1118.0726
1995-08-21 12:19:00,703.351,889.2077
1995-08-21 12:20:00,1008.0409999999999,891.1463
1995-08-21 12:21:00,1251.683,1024.8279
1995-08-21 12:22:00,1462.79,1210.3522
1995-08-21 12:23:00,2023.311,1057.4819
1995-08-21 12:24:00,2082.233,1484.9083
1995-08-21 12:25:00,3700.114,1255.8501
1995-08-21 12:26:00,2533.212,1760.9945
1995-08-21 12:27:00,738.925,1353.7742
1995-08-21 12:28:00,1448.956,1348.8663
1995-08-21 12:29:00,896.84,1179.0372
1995-08-21 12:30:00,1443.4569999999999,1395.7732
1995-08-21 12:31:00,2007.779,1480.7826
1995-08-21 12:32:00,1972.5819999999999,1277.6671
1995-08-21 12:33:00,2028.536,1314.956
1995-08-21 12:34:00,1638.604,1579.6788
1995-08-21 12:35:00,1584.906,1609.9052
1995-08-21 12:36:00,1790.2630000000001,1237.3792
1995-08-21 12:37:00,917.821,1180.864
1995-08-21 12:38:00,1324.666,1294.2976
1995-08-21 12:39:00,1229.259,1321.4818
1995-08-21 12:40:00,496.536,1139.9005
1995-08-21 12:41:00,480.209,1263.8898
1995-08-21 12:42:00,950.829,1205.5623
1995-08-21 12:43:00,646.638,1185.341
1995-08-21 12:44:00,2760.6510000000003,1077.0779
1995-08-21 12:45:00,1318.299,1354.4713
1995-08-21 12:46:00,687.564,1068.8269
1995-08-21 12:47:00,1539.961,1256.3783
1995-08-21 12:48:00,1277.248,1316.86
1995-08-21 12:49:00,1553.213,1423.5856
1995-08-21 12:50:00,603.128,1376.4972
1995-08-21 12:51:00,1643.151,1359.6902
1995-08-21 12:52:00,1047.791,1424.2305
1995-08-21 12:53:00,1236.619,1137.5077
1995-08-21 12:54:00,2377.169,1332.7742
1995-08-21 12:55:00,1027.002,1592.9767
1995-08-21 12:56:00,1240.002,1597.77
1995-08-21 12:57:00,910.498,1485.4412
1995-08-21 12:58:00,2363.033,1420.1234
1995-08-21 12:59:00,2097.7290000000003,1337.0026
1995-08-21 13:00:00,1265.582,1511.8248
1995-08-21 13:01:00,2419.313,1475.8243
1995-08-21 13:02:00,1891.663,1427.4384
1995-08-21 13:03:00,1224.19,1297.6725
1995-08-21 13:04:00,2079.132,1249.1593
1995-08-21 13:05:00,1495.5200000000002,1459.0226
1995-08-21 13:06:00,1516.137,1357.4905
1995-08-21 13:07:00,1065.727,1418.5203
1995-08-21 13:08:00,886.234,1396.9692
1995-08-21 13:09:00,1235.886,1248.4889
1995-08-21 13:10:00,2525.281,1459.354
1995-08-21 13:11:00,575.271,1192.0298
1995-08-21 13:12:00,1715.6689999999999,1122.3009
1995-08-21 13:13:00,539.8629999999999,1119.346
1995-08-21 13:14:00,390.77299999999997,1119.0073
1995-08-21 13:15:00,1630.889,1155.815
1995-08-21 13:16:00,1162.225,996.2278
1995-08-21 13:17:00,2060.091,1409.8881
1995-08-21 13:18:00,1673.273,1409.52
1995-08-21 13:19:00,1372.624,1177.36
1995-08-21 13:20:00,1390.979,1437.729
1995-08-21 13:21:00,591.644,1209.3678
1995-08-21 13:22:00,1174.066,1102.3243
1995-08-21 13:23:00,918.259,1193.7684
1995-08-21 13:24:00,2584.631,1351.6215
1995-08-21 13:25:00,713.985,1217.8527
1995-08-21 13:26:00,2048.054,1079.7909
1995-08-21 13:27:00,620.742,1180.0951
1995-08-21 13:28:00,950.226,1167.8387
1995-08-21 13:29:00,597.63,1144.0061
1995-08-21 13:30:00,1128.167,1058.7885
1995-08-21 13:31:00,1166.965,1232.7258
1995-08-21 13:32:00,1741.533,1049.0074
1995-08-21 13:33:00,676.776,1069.4106
1995-08-21 13:34:00,851.151,1057.8994
1995-08-21 13:35:00,1451.331,1029.1891
1995-08-21 13:36:00,1280.384,1201.9941
1995-08-21 13:37:00,737.99,1233.0889
1995-08-21 13:38:00,1784.6629999999998,1360.4651
1995-08-21 13:39:00,1022.351,1190.0721
1995-08-21 13:40:00,624.043,1221.8595
1995-08-21 13:41:00,398.18199999999996,933.9934
1995-08-21 13:42:00,1828.312,901.34375
1995-08-21 13:43:00,488.21500000000003,764.8402
1995-08-21 13:44:00,1720.7640000000001,687.0409
1995-08-21 13:45:00,1157.939,825.21027
1995-08-21 13:46:00,814.361,993.7715
1995-08-21 13:47:00,1988.459,1119.8359
1995-08-21 13:48:00,630.636,817.3251
1995-08-21 13:49:00,1323.7759999999998,634.06915
1995-08-21 13:50:00,787.44,1048.1116
1995-08-21 13:51:00,548.634,955.63544
1995-08-21 13:52:00,466.471,645.2828
1995-08-21 13:53:00,491.058,371.39737
1995-08-21 13:54:00,423.21,182.32208
1995-08-21 13:55:00,0.0,1.3394527
1995-08-21 14:06:00,402.677,589.66833
1995-08-21 14:07:00,990.192,704.21295
1995-08-21 14:08:00,1362.165,516.9568
1995-08-21 14:09:00,736.28,734.9716
1995-08-21 14:10:00,258.015,730.607
1995-08-21 14:16:00,216.733,461.59097
1995-08-21 14:17:00,1465.314,632.64026
1995-08-21 14:18:00,1846.05,837.3537
1995-08-21 14:19:00,1519.5220000000002,897.0611
1995-08-21 14:20:00,3853.499,778.3143
1995-08-21 14:21:00,280.675,768.84064
1995-08-21 14:22:00,681.672,1034.508
1995-08-21 14:23:00,1565.278,904.805
1995-08-21 14:24:00,253.483,714.89294
1995-08-21 14:25:00,375.281,600.6494
1995-08-21 14:26:00,699.5709999999999,800.4877
1995-08-21 14:27:00,1780.9540000000002,852.76276
1995-08-21 14:28:00,470.397,643.58514
1995-08-21 14:29:00,623.573,858.1375
1995-08-21 14:30:00,735.096,900.1067
1995-08-21 14:31:00,2134.463,949.3761
1995-08-21 14:32:00,869.124,1127.9978
1995-08-21 14:33:00,926.272,1037.4858
1995-08-21 14:34:00,266.564,1014.175
1995-08-21 14:35:00,883.5740000000001,854.5571
1995-08-21 14:36:00,1074.644,844.7702
1995-08-21 14:37:00,1136.6680000000001,855.21783
1995-08-21 14:38:00,560.008,800.24884
1995-08-21 14:39:00,2460.82,1042.245
1995-08-21 14:40:00,1179.842,832.15106
1995-08-21 14:41:00,802.89,975.1288
1995-08-21 14:42:00,2978.602,975.0203
1995-08-21 14:43:00,798.385,1056.5426
1995-08-21 14:44:00,957.525,1012.9549
1995-08-21 14:45:00,1086.684,1150.0029
1995-08-21 14:46:00,773.277,975.5287
1995-08-21 14:47:00,368.093,715.6129
1995-08-21 14:48:00,940.5039999999999,741.1695
1995-08-21 14:49:00,1940.425,1333.3447
1995-08-21 14:50:00,459.375,797.7986
1995-08-21 14:51:00,799.991,885.9621
1995-08-21 14:52:00,569.678,919.4542
1995-08-21 14:53:00,898.725,775.9055
1995-08-21 14:54:00,587.461,870.20135
1995-08-21 14:55:00,815.5500000000001,800.0788
1995-08-21 14:56:00,916.899,1038.2794
1995-08-21 14:57:00,823.393,1018.0414
1995-08-21 14:58:00,892.206,1139.3354
1995-08-21 14:59:00,790.091,977.5059
1995-08-21 15:00:00,1182.589,943.47644
1995-08-21 15:01:00,365.149,574.33466
1995-08-21 15:02:00,1394.3110000000001,668.55273
1995-08-21 15:03:00,477.666,831.55615
1995-08-21 15:04:00,1502.4569999999999,808.6039
1995-08-21 15:05:00,316.16499999999996,879.6734
1995-08-21 15:06:00,457.072,866.1418
1995-08-21 15:07:00,389.75600000000003,675.4781
1995-08-21 15:08:00,537.952,747.0275
1995-08-21 15:09:00,566.0550000000001,351.72604
1995-08-21 15:10:00,435.601,666.4743
1995-08-21 15:11:00,1810.531,663.3283
1995-08-21 15:12:00,749.897,711.1563
1995-08-21 15:13:00,899.681,859.4929
1995-08-21 15:14:00,483.649,1126.1287
1995-08-21 15:15:00,952.682,1014.12756
1995-08-21 15:16:00,1159.684,1165.8624
1995-08-21 15:17:00,977.6759999999999,1053.4795
1995-08-21 15:18:00,1586.53,591.5542
1995-08-21 15:19:00,2390.1,689.0422
1995-08-21 15:20:00,651.249,858.31616
1995-08-21 15:21:00,535.232,830.4128
1995-08-21 15:22:00,389.091,930.7693
1995-08-21 15:23:00,585.969,1066.289
1995-08-21 15:24:00,349.121,954.79285
1995-08-21 15:25:00,574.246,987.21545
1995-08-21 15:26:00,860.584,777.62335
1995-08-21 15:27:00,514.191,700.5414
1995-08-21 15:28:00,479.451,837.66675
1995-08-21 15:29:00,589.65,767.77716
1995-08-21 15:30:00,741.235,963.2575
1995-08-21 15:31:00,784.872,843.59784
1995-08-21 15:32:00,692.282,859.2505
1995-08-21 15:33:00,753.734,893.59705
1995-08-21 15:34:00,2407.763,1010.6884
1995-08-21 15:35:00,305.839,1169.257
1995-08-21 15:36:00,541.816,1041.8093
1995-08-21 15:37:00,1350.2269999999999,1177.8715
1995-08-21 15:38:00,1099.078,1218.3677
1995-08-21 15:39:00,630.158,1241.1233
1995-08-21 15:40:00,1169.263,1251.1848
1995-08-21 15:41:00,1035.026,1228.5233
1995-08-21 15:42:00,2654.468,1276.7084
1995-08-21 15:43:00,3696.875,1353.1095
1995-08-21 15:44:00,2171.603,1515.0427
1995-08-21 15:45:00,2138.6059999999998,1555.586
1995-08-21 15:46:00,1064.533,1335.1542
1995-08-21 15:47:00,1678.386,1167.3289
1995-08-21 15:48:00,800.318,1523.8093
1995-08-21 15:49:00,2256.245,1473.3364
1995-08-21 15:50:00,765.592,1253.6412
1995-08-21 15:51:00,1008.418,1491.3899
1995-08-21 15:52:00,339.20300000000003,1122.3657
1995-08-21 15:53:00,722.509,1035.2139
1995-08-21 15:54:00,806.653,1048.3428
1995-08-21 15:55:00,829.9979999999999,964.5969
1995-08-21 15:56:00,546.625,968.5509
1995-08-21 15:57:00,637.198,742.9216
1995-08-21 15:58:00,2516.745,886.69403
1995-08-21 15:59:00,299.274,601.97656
1995-08-21 16:00:00,855.066,915.3421
1995-08-21 16:01:00,893.764,1022.1332
1995-08-21 16:02:00,1545.632,844.1417
1995-08-21 16:03:00,779.337,693.9938
1995-08-21 16:04:00,383.914,680.4081
1995-08-21 16:05:00,205.54000000000002,716.2269
1995-08-21 16:06:00,670.575,867.01013
1995-08-21 16:07:00,667.725,738.714
1995-08-21 16:08:00,460.188,819.8939
1995-08-21 16:09:00,675.912,608.01263
1995-08-21 16:10:00,660.066,892.9365
1995-08-21 16:11:00,424.058,1027.5164
1995-08-21 16:12:00,415.75,936.0639
1995-08-21 16:13:00,783.146,896.7991
1995-08-21 16:14:00,1329.3319999999999,1041.2108
1995-08-21 16:15:00,545.768,1033.6384
1995-08-21 16:16:00,1593.789,885.071
1995-08-21 16:17:00,707.954,1292.1217
1995-08-21 16:18:00,709.292,1020.261
1995-08-21 16:19:00,1097.833,1016.1883
1995-08-21 16:20:00,1180.752,1052.7919
1995-08-21 16:21:00,888.381,1215.6415
1995-08-21 16:22:00,845.684,1115.9492
1995-08-21 16:23:00,1578.79,1063.1124
1995-08-21 16:24:00,678.894,1089.7932
1995-08-21 16:25:00,561.515,1312.7916
1995-08-21 16:26:00,960.986,1045.1099
1995-08-21 16:27:00,1194.762,1178.4044
1995-08-21 16:28:00,672.59,1092.7771
1995-08-21 16:29:00,841.545,965.3786
1995-08-21 16:30:00,3199.667,1286.255
1995-08-21 16:31:00,627.36,1256.0042
1995-08-21 16:32:00,325.313,948.9914
1995-08-21 16:33:00,863.6899999999999,959.99664
1995-08-21 16:34:00,2275.411,759.10547
1995-08-21 16:35:00,802.777,1225.7908
1995-08-21 16:36:00,814.307,1023.43176
1995-08-21 16:37:00,563.889,953.946
1995-08-21 16:38:00,1663.919,937.2367
1995-08-21 16:39:00,2069.755,1414.3237
1995-08-21 16:40:00,1086.549,1505.9456
1995-08-21 16:41:00,815.371,610.79663
1995-08-21 16:42:00,1192.658,1213.4331
1995-08-21 16:43:00,1725.5990000000002,674.37964
1995-08-21 16:44:00,1588.2610000000002,1023.2007
1995-08-21 16:45:00,418.13599999999997,960.22766
1995-08-21 16:46:00,2163.697,968.94855
1995-08-21 16:47:00,1261.537,1174.2944
1995-08-21 16:48:00,700.203,1314.3104
1995-08-21 16:49:00,1365.435,1211.7122
1995-08-21 16:50:00,1103.927,1020.16705
1995-08-21 16:51:00,347.248,1068.2281
1995-08-21 16:52:00,460.884,806.07886
1995-08-21 16:53:00,3940.3849999999998,917.46545
1995-08-21 16:54:00,1119.374,1039.0741
1995-08-21 16:55:00,847.718,1182.2574
1995-08-21 16:56:00,1490.428,1039.9165
1995-08-21 16:57:00,1197.8709999999999,1050.4453
1995-08-21 16:58:00,903.76,719.7073
1995-08-21 16:59:00,538.125,1074.1147
1995-08-21 17:00:00,885.264,736.54584
1995-08-21 17:01:00,586.729,689.71405
1995-08-21 17:02:00,499.34900000000005,797.0744
1995-08-21 17:03:00,343.523,893.1151
1995-08-21 17:04:00,874.894,978.129
1995-08-21 17:05:00,427.369,914.10724
1995-08-21 17:06:00,1045.509,833.1504
1995-08-21 17:07:00,1010.93,730.1435
1995-08-21 17:08:00,828.693,836.78784
1995-08-21 17:09:00,1624.9979999999998,945.3216
1995-08-21 17:10:00,997.868,936.0635
1995-08-21 17:11:00,531.091,1196.7112
1995-08-21 17:12:00,697.162,1221.4922
1995-08-21 17:13:00,810.295,975.9697
1995-08-21 17:14:00,879.794,950.2003
1995-08-21 17:15:00,601.039,738.19006
1995-08-21 17:16:00,1505.6109999999999,901.32135
1995-08-21 17:17:00,765.655,663.5922
1995-08-21 17:18:00,872.665,626.5812
1995-08-21 17:19:00,342.715,865.0447
1995-08-21 17:20:00,464.875,841.55646
1995-08-21 17:21:00,1331.069,982.02216
1995-08-21 17:22:00,935.025,690.1911
1995-08-21 17:23:00,1415.501,660.4339
1995-08-21 17:24:00,700.602,968.9472
1995-08-21 17:25:00,591.389,794.53754
1995-08-21 17:26:00,459.72499999999997,660.44745
1995-08-21 17:27:00,1040.674,757.3576
1995-08-21 17:28:00,277.079,463.5016
1995-08-21 17:29:00,501.054,678.5378
1995-08-21 17:30:00,440.881,631.1298
1995-08-21 17:31:00,1630.586,800.47925
1995-08-21 17:32:00,1511.826,635.777
1995-08-21 17:33:00,776.89,741.6053
1995-08-21 17:34:00,734.516,905.6541
1995-08-21 17:35:00,522.3159999999999,551.88727
1995-08-21 17:36:00,747.015,732.19073
1995-08-21 17:37:00,2255.2670000000003,847.49036
1995-08-21 17:38:00,680.882,1082.8395
1995-08-21 17:39:00,708.63,937.25995
1995-08-21 17:40:00,771.318,666.5023
1995-08-21 17:41:00,579.783,770.78314
1995-08-21 17:42:00,2086.721,933.6145
1995-08-21 17:43:00,326.514,680.76263
1995-08-21 17:44:00,901.399,966.81
1995-08-21 17:45:00,1520.6390000000001,885.75146
1995-08-21 17:46:00,636.844,734.079
1995-08-21 17:47:00,2250.582,958.90533
1995-08-21 17:48:00,1628.875,1074.8624
1995-08-21 17:49:00,795.187,884.8576
1995-08-21 17:50:00,1762.664,1044.3678
1995-08-21 17:51:00,1170.898,646.39844
1995-08-21 17:52:00,737.7470000000001,1068.1553
1995-08-21 17:53:00,2167.858,854.72565
1995-08-21 17:54:00,781.13,1005.6079
1995-08-21 17:55:00,1431.766,869.8018
1995-08-21 17:56:00,739.9159999999999,1040.8611
1995-08-21 17:57:00,970.23,1256.5305
1995-08-21 17:58:00,1178.636,1075.912
1995-08-21 17:59:00,1444.249,944.40424
1995-08-21 18:00:00,2040.272,1121.1948
1995-08-21 18:01:00,681.4,1137.7563
1995-08-21 18:02:00,1038.843,767.24396
1995-08-21 18:03:00,825.536,902.03973
1995-08-21 18:04:00,1072.194,1062.6675
1995-08-21 18:05:00,624.466,1139.4768
1995-08-21 18:06:00,821.374,847.4289
1995-08-21 18:07:00,996.764,803.686
1995-08-21 18:08:00,726.75,1028.7451
1995-08-21 18:09:00,847.61,942.9213
1995-08-21 18:10:00,1393.1380000000001,799.4347
1995-08-21 18:11:00,407.986,670.7295
1995-08-21 18:12:00,777.513,929.0967
1995-08-21 18:13:00,867.715,892.6791
1995-08-21 18:14:00,267.909,610.3499
1995-08-21 18:15:00,1036.435,883.084
1995-08-21 18:16:00,1187.6889999999999,826.6953
1995-08-21 18:17:00,723.1,777.85583
1995-08-21 18:18:00,1126.249,794.03925
1995-08-21 18:19:00,857.149,844.4501
1995-08-21 18:20:00,1609.8829999999998,1021.73615
1995-08-21 18:21:00,1210.921,994.66266
1995-08-21 18:22:00,2511.697,1088.3284
1995-08-21 18:23:00,1733.849,1091.1963
1995-08-21 18:24:00,143.977,778.9031
1995-08-21 18:25:00,1737.5130000000001,740.2146
1995-08-21 18:26:00,1283.954,940.568
1995-08-21 18:27:00,409.603,812.5756
1995-08-21 18:28:00,435.777,740.5642
1995-08-21 18:29:00,765.279,844.3247
1995-08-21 18:30:00,519.945,941.9334
1995-08-21 18:31:00,1292.638,794.15295
1995-08-21 18:32:00,1645.877,930.7537
1995-08-21 18:33:00,906.516,773.85516
1995-08-21 18:34:00,1060.0739999999998,634.40356
1995-08-21 18:35:00,1363.639,979.743
1995-08-21 18:36:00,2798.8810000000003,1013.3824
1995-08-21 18:37:00,764.151,1233.4998
1995-08-21 18:38:00,675.783,1194.1702
1995-08-21 18:39:00,2008.641,1313.5042
1995-08-21 18:40:00,650.958,965.3933
1995-08-21 18:41:00,769.794,889.3932
1995-08-21 18:42:00,1260.69,1009.8956
1995-08-21 18:43:00,465.131,918.3813
1995-08-21 18:44:00,691.217,785.225
1995-08-21 18:45:00,474.442,858.9511
1995-08-21 18:46:00,805.553,739.90826
1995-08-21 18:47:00,614.106,795.5852
1995-08-21 18:48:00,574.609,812.7343
1995-08-21 18:49:00,889.754,684.48236
1995-08-21 18:50:00,713.795,756.35077
1995-08-21 18:51:00,915.4649999999999,669.01196
1995-08-21 18:52:00,206.573,403.99734
1995-08-21 18:53:00,482.428,456.238
1995-08-21 18:54:00,630.371,691.9745
1995-08-21 18:55:00,470.931,610.7112
1995-08-21 18:56:00,351.343,586.592
1995-08-21 18:57:00,326.829,419.0394
1995-08-21 18:58:00,240.575,424.60944
1995-08-21 18:59:00,912.584,441.1337
1995-08-21 19:00:00,430.767,694.96246
1995-08-21 19:01:00,741.025,601.8837
1995-08-21 19:02:00,1018.885,492.68216
1995-08-21 19:03:00,1891.183,489.4372
1995-08-21 19:04:00,80.216,438.6502
1995-08-21 19:05:00,185.912,202.73462
1995-08-21 19:06:00,214.08100000000002,403.30328
1995-08-21 19:07:00,257.427,365.70816
1995-08-21 19:08:00,630.0540000000001,591.5095
1995-08-21 19:09:00,504.257,527.4499
1995-08-21 19:10:00,171.049,502.55624
1995-08-21 19:11:00,742.767,385.67548
1995-08-21 19:12:00,458.227,371.4384
1995-08-21 19:13:00,752.635,530.2693
1995-08-21 19:14:00,241.23999999999998,398.05414
1995-08-21 19:15:00,529.198,608.31036
1995-08-21 19:16:00,279.966,355.30658
1995-08-21 19:17:00,91.463,270.3713
1995-08-21 19:18:00,181.437,428.9575
1995-08-21 19:19:00,2255.9010000000003,463.37714
1995-08-21 19:20:00,329.155,537.4647
1995-08-21 19:21:00,1014.162,469.3341
1995-08-21 19:22:00,922.754,699.94653
1995-08-21 19:23:00,277.998,640.066
1995-08-21 19:24:00,236.534,481.43854
1995-08-21 19:25:00,489.715,497.29303
1995-08-21 19:26:00,611.672,814.26575
1995-08-21 19:27:00,427.544,510.8389
1995-08-21 19:28:00,1183.456,593.3729
1995-08-21 19:29:00,834.2660000000001,551.26355
1995-08-21 19:30:00,1381.258,771.0875
1995-08-21 19:31:00,695.572,480.07422
1995-08-21 19:32:00,360.387,443.0172
1995-08-21 19:33:00,75.378,452.65878
1995-08-21 19:34:00,173.174,378.7301
1995-08-21 19:35:00,164.622,349.70645
1995-08-21 19:36:00,221.764,456.81006
1995-08-21 19:37:00,110.256,264.99448
1995-08-21 19:38:00,183.407,348.0127
1995-08-21 19:39:00,61.195,282.60233
1995-08-21 19:40:00,100.697,219.54337
1995-08-21 19:41:00,430.006,290.10794
1995-08-21 19:42:00,704.189,329.00632
1995-08-21 19:43:00,918.962,441.015
1995-08-21 19:44:00,627.776,456.08978
1995-08-21 19:45:00,392.59700000000004,461.63156
1995-08-21 19:46:00,543.321,455.20248
1995-08-21 19:47:00,142.994,544.38385
1995-08-21 19:48:00,440.479,435.05768
1995-08-21 19:49:00,361.801,615.26227
1995-08-21 19:50:00,526.639,676.13904
1995-08-21 19:51:00,327.837,484.88953
1995-08-21 19:52:00,1762.2830000000001,336.3385
1995-08-21 19:53:00,579.336,573.3892
1995-08-21 19:54:00,264.835,408.94116
1995-08-21 19:55:00,370.585,528.79395
1995-08-21 19:56:00,2403.902,453.14642
1995-08-21 19:57:00,628.024,436.50183
1995-08-21 19:58:00,1440.712,518.8015
1995-08-21 19:59:00,420.839,623.23254
1995-08-21 20:00:00,334.374,551.1353
1995-08-21 20:01:00,367.30899999999997,408.8112
1995-08-21 20:02:00,538.41,564.0917
1995-08-21 20:03:00,2655.721,704.04755
1995-08-21 20:04:00,1300.622,851.3106
1995-08-21 20:05:00,907.184,934.9623
1995-08-21 20:06:00,936.436,835.8184
1995-08-21 20:07:00,988.665,945.2584
1995-08-21 20:08:00,1163.87,831.1009
1995-08-21 20:09:00,1705.094,805.7033
1995-08-21 20:10:00,553.458,736.99963
1995-08-21 20:11:00,387.83299999999997,650.0526
1995-08-21 20:12:00,928.415,615.35254
1995-08-21 20:13:00,744.917,771.6444
1995-08-21 20:14:00,776.631,510.68323
1995-08-21 20:15:00,2245.8360000000002,753.22266
1995-08-21 20:16:00,1490.066,907.9115
1995-08-21 20:17:00,1499.582,664.96045
1995-08-21 20:18:00,2242.406,786.90485
1995-08-21 20:19:00,958.039,1095.2244
1995-08-21 20:20:00,1182.62,886.69995
1995-08-21 20:21:00,639.777,481.22232
1995-08-21 20:22:00,920.248,477.59653
1995-08-21 20:23:00,1389.673,473.02933
1995-08-21 20:24:00,534.143,584.73285
1995-08-21 20:25:00,1265.916,749.2555
1995-08-21 20:26:00,209.571,617.8298
1995-08-21 20:27:00,399.604,540.8272
1995-08-21 20:28:00,229.031,748.56354
1995-08-21 20:29:00,349.926,593.20685
1995-08-21 20:30:00,390.851,435.7781
1995-08-21 20:31:00,708.846,703.0182
1995-08-21 20:32:00,998.97,347.83966
1995-08-21 20:33:00,444.802,728.96533
1995-08-21 20:34:00,347.427,816.9732
1995-08-21 20:35:00,335.238,432.7266
1995-08-21 20:36:00,253.229,458.17056
1995-08-21 20:37:00,1517.8039999999999,490.8595
1995-08-21 20:38:00,726.399,976.60864
1995-08-21 20:39:00,968.743,774.5974
1995-08-21 20:40:00,580.027,819.77106
1995-08-21 20:41:00,753.475,470.95593
1995-08-21 20:42:00,1446.2839999999999,517.9503
1995-08-21 20:43:00,388.74,880.3468
1995-08-21 20:44:00,504.83299999999997,557.51776
1995-08-21 20:45:00,1159.364,460.514
1995-08-21 20:46:00,577.075,652.2901
1995-08-21 20:47:00,239.33,451.74832
1995-08-21 20:48:00,546.43,298.0628
1995-08-21 20:49:00,224.363,365.3932
1995-08-21 20:50:00,348.948,600.0266
1995-08-21 20:51:00,306.414,464.8289
1995-08-21 20:52:00,355.48499999999996,394.33572
1995-08-21 20:53:00,117.842,436.12024
1995-08-21 20:54:00,81.92,8.521519
1995-08-21 20:55:00,162.598,297.5534
1995-08-21 20:56:00,255.708,244.84332
1995-08-21 20:57:00,308.957,312.44336
1995-08-21 20:58:00,218.881,230.6182
1995-08-21 20:59:00,240.826,326.64624
1995-08-21 21:00:00,194.582,357.62628
1995-08-21 21:01:00,405.204,224.83897
1995-08-21 21:02:00,231.06,372.45773
1995-08-21 21:03:00,166.986,266.51285
1995-08-21 21:04:00,229.36100000000002,314.81482
1995-08-21 21:05:00,165.428,303.10132
1995-08-21 21:06:00,445.17199999999997,420.47934
1995-08-21 21:07:00,217.399,367.4704
1995-08-21 21:08:00,303.711,391.06622
1995-08-21 21:09:00,713.322,556.7031
1995-08-21 21:10:00,221.34799999999998,407.3336
1995-08-21 21:11:00,368.50300000000004,479.79538
1995-08-21 21:12:00,958.727,462.4622
1995-08-21 21:13:00,266.45799999999997,470.44873
1995-08-21 21:14:00,382.191,487.188
1995-08-21 21:15:00,169.981,344.47876
1995-08-21 21:16:00,415.98100000000005,280.65897
1995-08-21 21:17:00,286.514,455.64383
1995-08-21 21:18:00,146.219,303.38596
1995-08-21 21:19:00,193.101,376.8174
1995-08-21 21:20:00,385.304,326.22
1995-08-21 21:21:00,55.424,331.1353
1995-08-21 21:22:00,347.51099999999997,358.20868
1995-08-21 21:23:00,842.1800000000001,536.77734
1995-08-21 21:24:00,326.647,553.69
1995-08-21 21:25:00,140.018,491.87042
1995-08-21 21:26:00,437.652,524.7117
1995-08-21 21:27:00,696.758,532.8692
1995-08-21 21:28:00,564.3249999999999,288.61127
1995-08-21 21:29:00,977.343,505.69275
1995-08-21 21:30:00,696.243,485.85687
1995-08-21 21:31:00,378.894,573.74347
1995-08-21 21:32:00,448.89300000000003,531.0732
1995-08-21 21:33:00,368.56,497.7378
1995-08-21 21:34:00,481.514,470.8873
1995-08-21 21:35:00,128.661,399.22897
1995-08-21 21:36:00,351.746,631.1738
1995-08-21 21:37:00,334.025,555.625
1995-08-21 21:38:00,799.917,537.37695
1995-08-21 21:39:00,1931.757,529.26526
1995-08-21 21:40:00,660.365,311.39307
1995-08-21 21:41:00,572.271,649.5614
1995-08-21 21:42:00,373.764,633.6977
1995-08-21 21:43:00,612.783,631.58575
1995-08-21 21:44:00,619.818,655.811
1995-08-21 21:45:00,378.335,736.0491
1995-08-21 21:46:00,960.6270000000001,718.16693
1995-08-21 21:47:00,742.605,615.47095
1995-08-21 21:48:00,450.181,693.0754
1995-08-21 21:49:00,177.103,314.17697
1995-08-21 21:50:00,125.565,351.9912
1995-08-21 21:51:00,151.286,390.39862
1995-08-21 21:52:00,277.75600000000003,506.3823
1995-08-21 21:53:00,865.561,427.6251
1995-08-21 21:54:00,196.47,614.6135
1995-08-21 21:55:00,456.42699999999996,557.8092
1995-08-21 21:56:00,289.869,395.9663
1995-08-21 21:57:00,202.944,336.28204
1995-08-21 21:58:00,238.578,392.6223
1995-08-21 21:59:00,412.231,366.52707
1995-08-21 22:00:00,351.642,444.3945
1995-08-21 22:01:00,377.839,513.6357
1995-08-21 22:02:00,528.5300000000001,439.30206
1995-08-21 22:03:00,188.372,298.69934
1995-08-21 22:04:00,628.704,336.4278
1995-08-21 22:05:00,393.529,329.42377
1995-08-21 22:06:00,312.446,503.00644
1995-08-21 22:07:00,237.176,404.25195
1995-08-21 22:08:00,338.432,468.0036
1995-08-21 22:09:00,202.987,444.24692
1995-08-21 22:10:00,525.058,333.5788
1995-08-21 22:11:00,448.76,418.66602
1995-08-21 22:12:00,170.79,406.44882
1995-08-21 22:13:00,567.262,312.4855
1995-08-21 22:14:00,335.65599999999995,467.02576
1995-08-21 22:15:00,508.409,418.83014
1995-08-21 22:16:00,219.82,443.6751
1995-08-21 22:17:00,104.306,253.67824
1995-08-21 22:18:00,253.278,214.20941
1995-08-21 22:19:00,224.632,347.78726
1995-08-21 22:20:00,415.572,276.57257
1995-08-21 22:21:00,301.555,191.25882
1995-08-21 22:22:00,186.64600000000002,258.8621
1995-08-21 22:23:00,186.214,169.17455
1995-08-21 22:24:00,188.77,382.25842
1995-08-21 22:25:00,563.399,333.7995
1995-08-21 22:26:00,396.024,376.3464
1995-08-21 22:27:00,753.3870000000001,406.76038
1995-08-21 22:28:00,189.764,284.9383
1995-08-21 22:29:00,167.072,365.33292
1995-08-21 22:30:00,891.0210000000001,459.9545
1995-08-21 22:31:00,421.486,471.58243
1995-08-21 22:32:00,521.767,378.12057
1995-08-21 22:33:00,259.895,480.22498
1995-08-21 22:34:00,177.283,408.80103
1995-08-21 22:35:00,597.062,277.8997
1995-08-21 22:36:00,350.918,301.23547
1995-08-21 22:37:00,881.986,459.46878
1995-08-21 22:38:00,1603.8410000000001,430.53165
1995-08-21 22:39:00,428.325,449.69797
1995-08-21 22:40:00,333.772,340.48572
1995-08-21 22:41:00,561.0409999999999,309.6293
1995-08-21 22:42:00,569.824,302.0231
1995-08-21 22:43:00,774.183,473.16226
1995-08-21 22:44:00,349.869,441.40155
1995-08-21 22:45:00,257.862,422.72116
1995-08-21 22:46:00,1136.713,368.33463
1995-08-21 22:47:00,622.093,568.7601
1995-08-21 22:48:00,299.701,477.315
1995-08-21 22:49:00,234.9,287.372
1995-08-21 22:50:00,259.637,215.89598
1995-08-21 22:51:00,115.269,345.30505
1995-08-21 22:52:00,137.224,324.0269
1995-08-21 22:53:00,142.374,150.48056
1995-08-21 22:54:00,99.383,132.25586
1995-08-21 22:55:00,224.421,233.30653
1995-08-21 22:56:00,880.515,280.87354
1995-08-21 22:57:00,913.714,339.5918
1995-08-21 22:58:00,328.956,378.626
1995-08-21 22:59:00,427.342,457.47394
1995-08-21 23:00:00,315.237,409.55032
1995-08-21 23:01:00,1901.797,504.25095
1995-08-21 23:02:00,308.117,380.40814
1995-08-21 23:03:00,840.607,453.01196
1995-08-21 23:04:00,353.501,601.8544
1995-08-21 23:05:00,192.94299999999998,445.8076
1995-08-21 23:06:00,523.203,286.80933
1995-08-21 23:07:00,54.802,354.2561
1995-08-21 23:08:00,485.641,406.71976
1995-08-21 23:09:00,1483.1570000000002,368.22635
1995-08-21 23:10:00,328.979,491.84082
1995-08-21 23:11:00,223.338,401.99274
1995-08-21 23:12:00,212.82799999999997,526.6233
1995-08-21 23:13:00,534.319,385.81363
1995-08-21 23:14:00,381.32,310.87823
1995-08-21 23:15:00,684.971,328.16348
1995-08-21 23:16:00,534.35,398.4305
1995-08-21 23:17:00,216.68,554.8985
1995-08-21 23:18:00,137.881,352.15182
1995-08-21 23:19:00,128.288,354.9028
1995-08-21 23:20:00,637.756,277.0166
1995-08-21 23:21:00,472.215,321.6684
1995-08-21 23:22:00,42.197,264.22696
1995-08-21 23:23:00,88.918,200.85045
1995-08-21 23:24:00,270.18600000000004,196.38051
1995-08-21 23:25:00,340.44300000000004,304.47037
1995-08-21 23:26:00,206.11399999999998,421.10223
1995-08-21 23:27:00,57.623,153.93504
1995-08-21 23:28:00,51.153999999999996,173.71765
1995-08-21 23:29:00,53.432,240.21857
1995-08-21 23:30:00,565.551,249.55066
1995-08-21 23:31:00,58.18,334.29428
1995-08-21 23:32:00,155.182,333.30673
1995-08-21 23:33:00,258.475,419.90454
1995-08-21 23:34:00,532.719,426.307
1995-08-21 23:35:00,140.996,226.18607
1995-08-21 23:36:00,249.453,360.46884
1995-08-21 23:37:00,612.828,365.13837
1995-08-21 23:38:00,417.125,383.42615
1995-08-21 23:39:00,289.549,472.68948
1995-08-21 23:40:00,259.83,491.58215
1995-08-21 23:41:00,556.409,346.55157
1995-08-21 23:42:00,286.25,261.1076
1995-08-21 23:43:00,809.95,523.546
1995-08-21 23:44:00,395.00399999999996,401.5084
1995-08-21 23:45:00,159.76,271.17255
1995-08-21 23:46:00,195.475,318.7671
1995-08-21 23:47:00,339.501,361.2429
1995-08-21 23:48:00,106.761,285.15857
1995-08-21 23:49:00,351.754,169.53017
1995-08-21 23:50:00,122.529,365.47705
1995-08-21 23:51:00,122.42099999999999,297.04745
1995-08-21 23:52:00,220.279,242.88097
1995-08-21 23:53:00,447.275,333.10132
1995-08-21 23:54:00,680.302,369.63965
1995-08-21 23:55:00,401.454,451.3916
1995-08-21 23:56:00,518.07,483.39258
1995-08-21 23:57:00,219.655,444.03488
1995-08-21 23:58:00,161.72199999999998,375.90512
1995-08-21 23:59:00,967.186,375.5252
1995-08-22 00:00:00,616.051,603.6036
1995-08-22 00:01:00,1112.108,539.31946
1995-08-22 00:02:00,466.489,621.29425
1995-08-22 00:03:00,1332.1009999999999,643.9175
1995-08-22 00:04:00,466.49199999999996,649.3105
1995-08-22 00:05:00,488.75,751.0811
1995-08-22 00:06:00,458.791,465.7621
1995-08-22 00:07:00,527.3100000000001,414.3365
1995-08-22 00:08:00,291.519,337.12036
1995-08-22 00:09:00,488.99,436.99405
1995-08-22 00:10:00,328.981,210.29852
1995-08-22 00:11:00,402.79100000000005,367.85733
1995-08-22 00:12:00,926.0550000000001,424.66364
1995-08-22 00:13:00,218.684,501.59528
1995-08-22 00:14:00,145.693,309.2419
1995-08-22 00:15:00,528.18,421.83792
1995-08-22 00:16:00,345.728,445.87747
1995-08-22 00:17:00,67.172,228.17805
1995-08-22 00:18:00,47.400999999999996,176.53482
1995-08-22 00:19:00,315.168,260.55914
1995-08-22 00:20:00,252.752,370.14847
1995-08-22 00:21:00,638.2869999999999,515.54865
1995-08-22 00:22:00,327.449,391.79227
1995-08-22 00:23:00,89.681,419.99426
1995-08-22 00:24:00,54.465,284.2182
1995-08-22 00:25:00,417.672,270.09412
1995-08-22 00:26:00,362.283,267.2655
1995-08-22 00:27:00,654.624,198.95624
1995-08-22 00:28:00,192.416,269.07547
1995-08-22 00:29:00,349.86,343.48056
1995-08-22 00:30:00,209.614,362.6726
1995-08-22 00:31:00,876.5889999999999,339.54956
1995-08-22 00:32:00,483.21500000000003,307.48148
1995-08-22 00:33:00,431.022,365.2807
1995-08-22 00:34:00,132.544,147.88445
1995-08-22 00:35:00,158.942,254.87357
1995-08-22 00:36:00,240.339,255.95737
1995-08-22 00:37:00,165.221,258.40762
1995-08-22 00:38:00,69.09100000000001,197.1381
1995-08-22 00:39:00,95.22,185.56332
1995-08-22 00:40:00,152.757,326.04013
1995-08-22 00:41:00,761.746,452.30307
1995-08-22 00:42:00,679.066,350.02167
1995-08-22 00:43:00,136.946,291.203
1995-08-22 00:44:00,487.637,415.76288
1995-08-22 00:45:00,137.531,333.38022
1995-08-22 00:46:00,561.997,344.2253
1995-08-22 00:47:00,175.281,266.23135
1995-08-22 00:48:00,238.213,438.23553
1995-08-22 00:49:00,105.801,270.77896
1995-08-22 00:50:00,420.69,291.80875
1995-08-22 00:51:00,382.236,302.223
1995-08-22 00:52:00,435.748,539.1855
1995-08-22 00:53:00,285.727,301.1084
1995-08-22 00:54:00,255.707,445.53622
1995-08-22 00:55:00,122.777,408.2164
1995-08-22 00:56:00,196.337,262.43567
1995-08-22 00:57:00,300.176,270.64343
1995-08-22 00:58:00,164.287,263.60394
1995-08-22 00:59:00,1333.795,273.9097
1995-08-22 01:00:00,111.336,320.1987
1995-08-22 01:01:00,214.214,304.35284
1995-08-22 01:02:00,203.34799999999998,310.11966
1995-08-22 01:03:00,533.883,208.1667
1995-08-22 01:04:00,581.26,229.9524
1995-08-22 01:05:00,125.611,314.42953
1995-08-22 01:06:00,190.486,357.65518
1995-08-22 01:07:00,321.913,289.78748
1995-08-22 01:08:00,323.01200000000006,228.61899
1995-08-22 01:09:00,663.65,395.39545
1995-08-22 01:10:00,251.058,167.66202
1995-08-22 01:11:00,1186.8509999999999,149.42906
1995-08-22 01:12:00,167.881,140.66411
1995-08-22 01:13:00,0.0,2.4865367
1995-08-22 01:18:00,281.969,195.85583
1995-08-22 01:20:00,951.168,180.59352
1995-08-22 01:21:00,210.424,238.02148
1995-08-22 01:22:00,98.122,290.96997
1995-08-22 01:23:00,281.34,258.6056
1995-08-22 01:24:00,253.644,257.23294
1995-08-22 01:25:00,104.72399999999999,105.60174
1995-08-22 01:26:00,1662.1129999999998,182.59615
1995-08-22 01:27:00,317.09999999999997,394.1386
1995-08-22 01:28:00,1344.024,370.3793
1995-08-22 01:30:00,322.51599999999996,469.3294
1995-08-22 01:31:00,1373.925,409.25854
1995-08-22 01:32:00,172.564,198.67441
1995-08-22 01:33:00,377.113,339.79974
1995-08-22 01:34:00,652.3199999999999,323.63516
1995-08-22 01:35:00,178.614,457.06094
1995-08-22 01:36:00,399.989,456.5032
1995-08-22 01:37:00,157.173,301.131
1995-08-22 01:38:00,325.014,369.002
1995-08-22 01:39:00,381.373,324.0289
1995-08-22 01:40:00,215.047,299.97522
1995-08-22 01:41:00,352.317,302.91782
1995-08-22 01:42:00,478.71500000000003,238.30693
1995-08-22 01:43:00,138.197,242.42877
1995-08-22 01:44:00,70.76,129.42204
1995-08-22 01:45:00,665.952,307.6844
1995-08-22 01:46:00,118.356,244.14401
1995-08-22 01:47:00,504.573,562.1015
1995-08-22 01:48:00,449.403,369.10574
1995-08-22 01:49:00,164.484,347.51492
1995-08-22 01:50:00,246.169,304.3642
1995-08-22 01:51:00,98.794,216.78061
1995-08-22 01:52:00,297.844,342.1729
1995-08-22 01:53:00,226.779,289.37512
1995-08-22 01:54:00,498.034,396.23007
1995-08-22 01:55:00,259.811,344.7736
1995-08-22 01:56:00,1501.094,392.72406
1995-08-22 01:57:00,228.048,258.68906
1995-08-22 01:58:00,49.724999999999994,62.369007
1995-08-22 01:59:00,282.974,274.3324
1995-08-22 02:00:00,183.63,222.16083
1995-08-22 02:01:00,704.635,395.02798
1995-08-22 02:02:00,141.615,195.67157
1995-08-22 02:03:00,217.333,237.6079
1995-08-22 02:04:00,141.785,301.70233
1995-08-22 02:05:00,243.29200000000003,127.48572
1995-08-22 02:06:00,168.969,218.52448
1995-08-22 02:07:00,118.463,81.50245
1995-08-22 02:08:00,91.916,49.477604
1995-08-22 02:09:00,18.189,178.31023
1995-08-22 02:10:00,70.151,71.92678
1995-08-22 02:11:00,347.15299999999996,89.20989
1995-08-22 02:12:00,60.625,108.36779
1995-08-22 02:13:00,102.293,93.30314
1995-08-22 02:14:00,222.42,22.328207
1995-08-22 02:15:00,336.873,86.01464
1995-08-22 02:16:00,76.088,121.301575
1995-08-22 02:17:00,11.0,61.601982
1995-08-22 02:18:00,234.047,143.32983
1995-08-22 02:19:00,206.863,256.97107
1995-08-22 02:20:00,90.878,74.979126
1995-08-22 02:21:00,160.939,200.3883
1995-08-22 02:22:00,368.871,228.58484
1995-08-22 02:23:00,258.589,326.15634
1995-08-22 02:24:00,156.305,219.23355
1995-08-22 02:25:00,146.65,216.10406
1995-08-22 02:26:00,30.436,138.81259
1995-08-22 02:27:00,528.893,298.84256
1995-08-22 02:28:00,984.2379999999999,225.13283
1995-08-22 02:29:00,333.859,440.56042
1995-08-22 02:30:00,306.855,318.6485
1995-08-22 02:31:00,132.873,400.78488
1995-08-22 02:32:00,430.723,369.06995
1995-08-22 02:33:00,123.64,233.65807
1995-08-22 02:34:00,188.26299999999998,181.30234
1995-08-22 02:35:00,273.752,172.65144
1995-08-22 02:36:00,12.015,112.79145
1995-08-22 02:37:00,330.341,249.95767
1995-08-22 02:38:00,356.906,185.11035
1995-08-22 02:39:00,402.943,313.10077
1995-08-22 02:40:00,195.584,384.91696
1995-08-22 02:41:00,237.936,286.93396
1995-08-22 02:42:00,283.57099999999997,202.5774
1995-08-22 02:43:00,124.62599999999999,204.55304
1995-08-22 02:44:00,204.888,289.69708
1995-08-22 02:45:00,311.393,251.1964
1995-08-22 02:46:00,164.119,271.85944
1995-08-22 02:47:00,97.124,182.84969
1995-08-22 02:48:00,36.525999999999996,160.36397
1995-08-22 02:49:00,65.344,166.55348
1995-08-22 02:50:00,155.909,187.78174
1995-08-22 02:51:00,57.359,165.55283
1995-08-22 02:52:00,118.714,235.32704
1995-08-22 02:53:00,78.68599999999999,125.070175
1995-08-22 02:54:00,24.706,140.51347
1995-08-22 02:55:00,39.252,90.79703
1995-08-22 02:56:00,775.915,91.08001
1995-08-22 02:57:00,305.791,238.99841
1995-08-22 02:58:00,67.444,301.77206
1995-08-22 02:59:00,204.38899999999998,341.87686
1995-08-22 03:00:00,132.365,132.66563
1995-08-22 03:01:00,106.408,191.26863
1995-08-22 03:02:00,250.02200000000002,162.93283
1995-08-22 03:03:00,149.637,277.33798
1995-08-22 03:04:00,728.984,243.40717
1995-08-22 03:05:00,165.792,273.34033
1995-08-22 03:06:00,197.276,238.41228
1995-08-22 03:07:00,513.165,349.27728
1995-08-22 03:08:00,143.988,357.6562
1995-08-22 03:09:00,404.262,380.45618
1995-08-22 03:10:00,152.40200000000002,246.6554
1995-08-22 03:11:00,195.976,354.97815
1995-08-22 03:12:00,238.942,243.92015
1995-08-22 03:13:00,286.304,279.06714
1995-08-22 03:14:00,211.21699999999998,199.30562
1995-08-22 03:15:00,89.055,136.38414
1995-08-22 03:16:00,312.512,217.61859
1995-08-22 03:17:00,259.651,250.21832
1995-08-22 03:18:00,133.631,281.71335
1995-08-22 03:19:00,1740.372,308.742
1995-08-22 03:20:00,450.839,403.873
1995-08-22 03:21:00,127.037,351.95636
1995-08-22 03:22:00,130.394,368.08252
1995-08-22 03:23:00,456.363,367.9664
1995-08-22 03:24:00,277.505,421.5489
1995-08-22 03:25:00,550.981,416.43414
1995-08-22 03:26:00,331.826,344.3768
1995-08-22 03:27:00,466.906,331.36252
1995-08-22 03:28:00,560.557,304.79303
1995-08-22 03:29:00,707.695,382.80322
1995-08-22 03:30:00,229.592,283.08322
1995-08-22 03:31:00,353.303,255.64389
1995-08-22 03:32:00,509.046,287.10016
1995-08-22 03:33:00,469.161,303.20126
1995-08-22 03:34:00,601.392,389.47552
1995-08-22 03:35:00,431.63100000000003,332.50873
1995-08-22 03:36:00,270.774,266.69086
1995-08-22 03:37:00,516.41,297.1612
1995-08-22 03:38:00,279.359,251.93452
1995-08-22 03:39:00,314.45300000000003,196.82242
1995-08-22 03:40:00,1328.208,248.68146
1995-08-22 03:41:00,328.42900000000003,190.48781
1995-08-22 03:42:00,53.102000000000004,271.17566
1995-08-22 03:43:00,424.511,273.04352
1995-08-22 03:44:00,429.645,254.36931
1995-08-22 03:45:00,443.303,298.78638
1995-08-22 03:46:00,79.611,230.51848
1995-08-22 03:47:00,205.702,176.4655
1995-08-22 03:48:00,232.439,267.3443
1995-08-22 03:49:00,1487.752,347.03217
1995-08-22 03:50:00,460.846,173.60689
1995-08-22 03:51:00,1248.805,270.1461
1995-08-22 03:52:00,210.52800000000002,313.98163
1995-08-22 03:53:00,527.222,392.86057
1995-08-22 03:54:00,1754.2079999999999,272.81064
1995-08-22 03:55:00,164.473,539.8579
1995-08-22 03:56:00,445.277,411.37912
1995-08-22 03:57:00,89.416,420.4434
1995-08-22 03:58:00,953.911,362.79785
1995-08-22 03:59:00,123.868,319.83926
1995-08-22 04:00:00,242.404,345.43027
1995-08-22 04:01:00,314.982,359.32376
1995-08-22 04:02:00,255.494,343.37216
1995-08-22 04:03:00,95.635,182.74188
1995-08-22 04:04:00,178.873,165.63942
1995-08-22 04:05:00,234.63899999999998,299.33008
1995-08-22 04:06:00,63.562000000000005,297.15918
1995-08-22 04:07:00,644.321,334.90305
1995-08-22 04:08:00,178.866,342.91992
1995-08-22 04:09:00,135.625,340.88635
1995-08-22 04:10:00,319.951,95.68095
1995-08-22 04:11:00,252.831,271.27405
1995-08-22 04:12:00,178.352,422.0862
1995-08-22 04:13:00,195.592,317.07574
1995-08-22 04:14:00,119.838,246.40906
1995-08-22 04:15:00,72.856,107.5495
1995-08-22 04:16:00,39.623,98.626915
1995-08-22 04:17:00,143.801,209.9501
1995-08-22 04:18:00,300.72,107.45022
1995-08-22 04:19:00,550.359,283.7779
1995-08-22 04:20:00,395.298,373.30957
1995-08-22 04:21:00,404.207,319.70743
1995-08-22 04:22:00,623.011,367.7525
1995-08-22 04:23:00,150.44,257.20734
1995-08-22 04:24:00,86.213,130.05212
1995-08-22 04:25:00,350.816,256.05295
1995-08-22 04:26:00,138.03,307.73605
1995-08-22 04:27:00,266.148,305.2356
1995-08-22 04:28:00,196.526,296.26385
1995-08-22 04:29:00,66.246,151.69739
1995-08-22 04:30:00,301.945,228.59404
1995-08-22 04:31:00,374.33799999999997,164.34956
1995-08-22 04:32:00,102.769,198.53345
1995-08-22 04:33:00,267.61400000000003,265.1248
1995-08-22 04:34:00,93.416,156.52101
1995-08-22 04:35:00,700.4549999999999,293.03958
1995-08-22 04:36:00,15.927,159.58733
1995-08-22 04:37:00,295.225,167.40526
1995-08-22 04:38:00,31.57,121.82985
1995-08-22 04:39:00,20.124999999999996,157.40198
1995-08-22 04:40:00,147.556,179.46332
1995-08-22 04:41:00,27.073999999999998,79.61311
1995-08-22 04:42:00,1.173,19.491932
1995-08-22 04:43:00,80.78399999999999,101.2524
1995-08-22 04:44:00,56.455999999999996,61.44186
1995-08-22 04:45:00,44.14,101.255325
1995-08-22 04:46:00,217.31,256.87167
1995-08-22 04:47:00,157.66199999999998,137.94872
1995-08-22 04:48:00,277.134,153.00879
1995-08-22 04:49:00,153.871,172.44481
1995-08-22 04:50:00,121.887,215.24518
1995-08-22 04:51:00,104.005,180.7445
1995-08-22 04:52:00,59.32,167.37329
1995-08-22 04:53:00,75.185,64.5066
1995-08-22 04:54:00,0.0,8.059032
1995-08-22 04:59:00,136.952,58.64085
1995-08-22 05:01:00,509.841,233.43674
1995-08-22 05:02:00,160.305,124.52761
1995-08-22 05:03:00,482.903,216.52312
1995-08-22 05:04:00,486.225,264.9454
1995-08-22 05:05:00,855.497,297.35886
1995-08-22 05:06:00,599.891,234.56784
1995-08-22 05:07:00,754.765,437.23407
1995-08-22 05:08:00,129.18,376.98825
1995-08-22 05:09:00,149.454,309.5791
1995-08-22 05:11:00,215.949,300.52954
1995-08-22 05:12:00,282.469,452.94635
1995-08-22 05:13:00,195.142,223.23175
1995-08-22 05:14:00,203.132,248.22267
1995-08-22 05:15:00,216.415,259.8028
1995-08-22 05:16:00,117.85499999999999,216.32355
1995-08-22 05:17:00,22.922,118.00917
1995-08-22 05:18:00,93.198,51.231518
1995-08-22 05:19:00,124.939,94.27051
1995-08-22 05:20:00,79.22200000000001,126.8497
1995-08-22 05:21:00,359.803,328.83752
1995-08-22 05:22:00,352.52,192.99423
1995-08-22 05:23:00,163.843,204.12584
1995-08-22 05:24:00,232.257,187.36317
1995-08-22 05:25:00,20.271,3.7201915
1995-08-22 05:26:00,114.406,180.41817
1995-08-22 05:27:00,196.68699999999998,206.35062
1995-08-22 05:28:00,339.73400000000004,97.08402
1995-08-22 05:29:00,177.906,228.29065
1995-08-22 05:30:00,51.329,109.984566
1995-08-22 05:31:00,383.893,97.24608
1995-08-22 05:32:00,232.126,115.91235
1995-08-22 05:33:00,267.197,215.87158
1995-08-22 05:34:00,239.81,204.94037
1995-08-22 05:35:00,706.546,189.09723
1995-08-22 05:36:00,29.267,95.84793
1995-08-22 05:37:00,611.615,217.24187
1995-08-22 05:38:00,75.15599999999999,211.79488
1995-08-22 05:39:00,107.35900000000001,158.75726
1995-08-22 05:40:00,112.467,111.31536
1995-08-22 05:41:00,133.537,143.51611
1995-08-22 05:42:00,117.66799999999999,153.88858
1995-08-22 05:43:00,87.943,120.033424
1995-08-22 05:44:00,34.556,113.51633
1995-08-22 05:45:00,494.291,156.60658
1995-08-22 05:46:00,44.133,141.88103
1995-08-22 05:47:00,134.093,96.80991
1995-08-22 05:48:00,228.24900000000002,93.55155
1995-08-22 05:49:00,376.77299999999997,212.03072
1995-08-22 05:50:00,36.234,194.06505
1995-08-22 05:51:00,236.53900000000002,71.86775
1995-08-22 05:52:00,317.469,225.0926
1995-08-22 05:53:00,523.9549999999999,170.0146
1995-08-22 05:54:00,1532.734,331.081
1995-08-22 05:55:00,127.46600000000001,244.17381
1995-08-22 05:56:00,163.045,278.98862
1995-08-22 05:57:00,168.78199999999998,228.54204
1995-08-22 05:58:00,503.812,145.69926
1995-08-22 05:59:00,92.741,190.30127
1995-08-22 06:00:00,62.388,179.20879
1995-08-22 06:01:00,108.477,181.90811
1995-08-22 06:02:00,174.09799999999998,169.87953
1995-08-22 06:03:00,598.8850000000001,128.79927
1995-08-22 06:04:00,270.459,264.33475
1995-08-22 06:05:00,64.865,408.13776
1995-08-22 06:06:00,44.365,208.77579
1995-08-22 06:07:00,165.316,167.47826
1995-08-22 06:08:00,87.624,249.93385
1995-08-22 06:09:00,233.584,260.4463
1995-08-22 06:10:00,45.238,52.35054
1995-08-22 06:11:00,196.81,223.14806
1995-08-22 06:12:00,222.813,273.79895
1995-08-22 06:13:00,105.12700000000001,233.54721
1995-08-22 06:14:00,350.08,191.01895
1995-08-22 06:15:00,55.167,169.30751
1995-08-22 06:16:00,30.663,96.09314
1995-08-22 06:17:00,309.53700000000003,138.66573
1995-08-22 06:18:00,70.943,182.36693
1995-08-22 06:19:00,8.82,52.927658
1995-08-22 06:20:00,537.257,82.31645
1995-08-22 06:21:00,243.982,269.14606
1995-08-22 06:22:00,93.329,187.9424
1995-08-22 06:23:00,86.294,202.10529
1995-08-22 06:24:00,261.928,203.7501
1995-08-22 06:25:00,94.315,243.80573
1995-08-22 06:26:00,57.292,116.18383
1995-08-22 06:27:00,0.0,4.8685436
1995-08-22 06:28:00,157.0,117.43694
1995-08-22 06:29:00,119.851,243.18724
1995-08-22 06:30:00,175.148,221.66104
1995-08-22 06:31:00,24.962999999999997,96.22476
1995-08-22 06:32:00,101.02799999999999,115.4329
1995-08-22 06:33:00,284.289,103.51425
1995-08-22 06:34:00,47.463,85.65623
1995-08-22 06:35:00,275.731,242.96239
1995-08-22 06:36:00,171.28199999999998,296.36493
1995-08-22 06:37:00,180.199,142.48813
1995-08-22 06:38:00,488.2,331.61603
1995-08-22 06:39:00,161.014,193.2625
1995-08-22 06:40:00,88.411,220.0543
1995-08-22 06:41:00,220.697,183.92497
1995-08-22 06:42:00,166.971,261.1586
1995-08-22 06:43:00,223.945,172.6787
1995-08-22 06:44:00,178.579,377.3074
1995-08-22 06:45:00,343.523,328.45273
1995-08-22 06:46:00,203.21,259.89062
1995-08-22 06:47:00,163.297,246.7591
1995-08-22 06:48:00,311.027,338.78024
1995-08-22 06:49:00,1136.3519999999999,192.64267
1995-08-22 06:50:00,58.719,233.17809
1995-08-22 06:51:00,381.23,242.91365
1995-08-22 06:52:00,69.19500000000001,135.48808
1995-08-22 06:53:00,223.867,261.42114
1995-08-22 06:54:00,330.052,300.4827
1995-08-22 06:55:00,446.147,332.71204
1995-08-22 06:56:00,683.101,257.2838
1995-08-22 06:57:00,1018.238,512.57275
1995-08-22 06:58:00,1072.405,286.012
1995-08-22 06:59:00,749.5070000000001,520.2441
1995-08-22 07:00:00,471.42999999999995,508.04617
1995-08-22 07:01:00,996.4649999999999,376.48157
1995-08-22 07:02:00,640.95,449.66357
1995-08-22 07:03:00,482.46500000000003,563.8527
1995-08-22 07:04:00,1130.79,478.83755
1995-08-22 07:05:00,90.551,337.3092
1995-08-22 07:06:00,85.806,204.23709
1995-08-22 07:07:00,472.596,332.77344
1995-08-22 07:08:00,20.841,244.82892
1995-08-22 07:09:00,446.54,438.8186
1995-08-22 07:10:00,67.51,273.639
1995-08-22 07:11:00,84.614,249.68044
1995-08-22 07:12:00,15.876999999999999,80.25404
1995-08-22 07:13:00,19.644,136.79228
1995-08-22 07:14:00,77.464,266.66342
1995-08-22 07:15:00,107.302,163.78175
1995-08-22 07:16:00,276.466,171.336
1995-08-22 07:17:00,153.561,310.59506
1995-08-22 07:18:00,49.507,255.80536
1995-08-22 07:19:00,110.033,127.472916
1995-08-22 07:20:00,173.521,315.31155
1995-08-22 07:21:00,236.44699999999997,234.16101
1995-08-22 07:22:00,461.628,334.58157
1995-08-22 07:23:00,348.519,326.37387
1995-08-22 07:24:00,292.911,364.736
1995-08-22 07:25:00,269.941,468.99628
1995-08-22 07:26:00,637.573,626.4122
1995-08-22 07:27:00,258.51099999999997,405.49908
1995-08-22 07:28:00,282.47,290.9853
1995-08-22 07:29:00,1418.2040000000002,482.78433
1995-08-22 07:30:00,492.67699999999996,628.03217
1995-08-22 07:31:00,1497.092,498.71402
1995-08-22 07:32:00,595.736,546.2527
1995-08-22 07:33:00,432.184,654.67755
1995-08-22 07:34:00,255.974,785.1999
1995-08-22 07:35:00,204.89600000000002,570.99713
1995-08-22 07:36:00,216.753,408.4912
1995-08-22 07:37:00,436.04,406.00745
1995-08-22 07:38:00,618.933,308.04684
1995-08-22 07:39:00,256.61,636.43805
1995-08-22 07:40:00,378.129,469.55148
1995-08-22 07:41:00,360.802,586.04535
1995-08-22 07:42:00,473.42900000000003,579.6921
1995-08-22 07:43:00,954.399,556.9013
1995-08-22 07:44:00,429.06899999999996,518.1753
1995-08-22 07:45:00,221.015,544.3136
1995-08-22 07:46:00,440.569,599.78076
1995-08-22 07:47:00,390.555,481.528
1995-08-22 07:48:00,1383.721,400.29837
1995-08-22 07:49:00,273.148,513.4728
1995-08-22 07:50:00,791.528,420.98633
1995-08-22 07:51:00,1702.285,410.13922
1995-08-22 07:52:00,575.928,555.9306
1995-08-22 07:53:00,427.90500000000003,583.3464
1995-08-22 07:54:00,300.381,581.49304
1995-08-22 07:55:00,345.624,744.43353
1995-08-22 07:56:00,507.512,399.85083
1995-08-22 07:57:00,345.928,397.86887
1995-08-22 07:58:00,185.049,584.1901
1995-08-22 07:59:00,196.506,502.1698
1995-08-22 08:00:00,283.08299999999997,449.48483
1995-08-22 08:01:00,451.301,531.31964
1995-08-22 08:02:00,211.99699999999999,457.90634
1995-08-22 08:03:00,276.429,408.3481
1995-08-22 08:04:00,414.30899999999997,521.4156
1995-08-22 08:05:00,255.411,355.69382
1995-08-22 08:06:00,182.41899999999998,308.01443
1995-08-22 08:07:00,149.479,329.30136
1995-08-22 08:08:00,215.392,297.1471
1995-08-22 08:09:00,210.105,368.8674
1995-08-22 08:10:00,297.05199999999996,318.06326
1995-08-22 08:11:00,510.52299999999997,399.0559
1995-08-22 08:12:00,271.827,418.01816
1995-08-22 08:13:00,413.348,576.7057
1995-08-22 08:14:00,78.894,304.49426
1995-08-22 08:15:00,227.664,347.85794
1995-08-22 08:16:00,598.891,581.3858
1995-08-22 08:17:00,517.54,550.92395
1995-08-22 08:18:00,773.987,615.6926
1995-08-22 08:19:00,340.916,767.8585
1995-08-22 08:20:00,1113.7740000000001,487.16306
1995-08-22 08:21:00,398.139,610.2499
1995-08-22 08:22:00,275.759,464.78513
1995-08-22 08:23:00,218.148,402.58368
1995-08-22 08:24:00,370.442,527.9185
1995-08-22 08:25:00,205.064,482.5477
1995-08-22 08:26:00,106.149,347.6617
1995-08-22 08:27:00,797.088,281.619
1995-08-22 08:28:00,848.627,506.84387
1995-08-22 08:29:00,291.192,472.98456
1995-08-22 08:30:00,677.1899999999999,514.99084
1995-08-22 08:31:00,538.048,673.14734
1995-08-22 08:32:00,624.0459999999999,849.71936
1995-08-22 08:33:00,2111.395,664.1039
1995-08-22 08:34:00,981.3,910.1189
1995-08-22 08:35:00,376.962,993.6064
1995-08-22 08:36:00,394.868,637.80365
1995-08-22 08:37:00,333.54499999999996,523.38
1995-08-22 08:38:00,821.0659999999999,515.2505
1995-08-22 08:39:00,1250.954,604.448
1995-08-22 08:40:00,1479.103,631.8793
1995-08-22 08:41:00,652.508,590.43494
1995-08-22 08:42:00,2023.206,726.3522
1995-08-22 08:43:00,1836.4959999999999,922.3617
1995-08-22 08:44:00,1255.8960000000002,1014.41364
1995-08-22 08:45:00,564.6610000000001,1061.8822
1995-08-22 08:46:00,503.676,997.4035
1995-08-22 08:47:00,416.179,599.9971
1995-08-22 08:48:00,139.028,703.1538
1995-08-22 08:49:00,441.459,484.43307
1995-08-22 08:50:00,91.507,496.22684
1995-08-22 08:51:00,406.145,544.4023
1995-08-22 08:52:00,297.136,386.01913
1995-08-22 08:53:00,1280.455,465.45972
1995-08-22 08:54:00,546.0,699.40125
1995-08-22 08:55:00,1272.4389999999999,513.4593
1995-08-22 08:56:00,1451.218,503.20135
1995-08-22 08:57:00,430.988,653.49744
1995-08-22 08:58:00,657.553,612.25964
1995-08-22 08:59:00,1366.721,650.3644
1995-08-22 09:00:00,317.184,571.3084
1995-08-22 09:01:00,555.819,698.31836
1995-08-22 09:02:00,435.299,687.0337
1995-08-22 09:03:00,619.573,490.02664
1995-08-22 09:04:00,446.67699999999996,680.73114
1995-08-22 09:05:00,184.567,489.3058
1995-08-22 09:06:00,1338.453,546.6589
1995-08-22 09:07:00,306.794,513.1459
1995-08-22 09:08:00,662.847,678.52386
1995-08-22 09:09:00,512.3870000000001,677.8648
1995-08-22 09:10:00,557.362,687.7706
1995-08-22 09:11:00,486.002,751.6365
1995-08-22 09:12:00,549.5649999999999,432.61246
1995-08-22 09:13:00,1409.368,682.62665
1995-08-22 09:14:00,1042.281,626.2931
1995-08-22 09:15:00,882.677,944.6684
1995-08-22 09:16:00,1742.4799999999998,662.74786
1995-08-22 09:17:00,398.81199999999995,589.2927
1995-08-22 09:18:00,725.817,538.93054
1995-08-22 09:19:00,504.34099999999995,729.82526
1995-08-22 09:20:00,359.152,717.9626
1995-08-22 09:21:00,1583.47,586.4665
1995-08-22 09:22:00,861.827,693.1062
1995-08-22 09:23:00,696.691,913.26764
1995-08-22 09:24:00,794.855,892.7558
1995-08-22 09:25:00,518.17,588.47986
1995-08-22 09:26:00,547.374,654.77106
1995-08-22 09:27:00,594.643,674.71857
1995-08-22 09:28:00,268.061,663.04834
1995-08-22 09:29:00,1421.675,598.38354
1995-08-22 09:30:00,1694.873,808.43756
1995-08-22 09:31:00,582.6179999999999,647.27234
1995-08-22 09:32:00,1584.963,752.54645
1995-08-22 09:33:00,1194.954,859.86066
1995-08-22 09:34:00,407.998,883.7617
1995-08-22 09:35:00,465.35200000000003,874.43896
1995-08-22 09:36:00,1331.164,942.2927
1995-08-22 09:37:00,1042.164,569.4644
1995-08-22 09:38:00,987.872,891.10925
1995-08-22 09:39:00,672.417,875.7817
1995-08-22 09:40:00,530.154,713.5482
1995-08-22 09:41:00,1826.097,885.8817
1995-08-22 09:42:00,1847.7190000000003,1150.2615
1995-08-22 09:43:00,1095.032,1116.4457
1995-08-22 09:44:00,1377.387,1012.35266
1995-08-22 09:45:00,714.995,1149.2743
1995-08-22 09:46:00,588.884,903.5693
1995-08-22 09:47:00,246.198,770.8803
1995-08-22 09:48:00,227.029,715.5115
1995-08-22 09:49:00,510.501,658.917
1995-08-22 09:50:00,293.47499999999997,646.48517
1995-08-22 09:51:00,636.006,625.6847
1995-08-22 09:52:00,387.482,686.67554
1995-08-22 09:53:00,188.041,489.9391
1995-08-22 09:54:00,133.841,360.9963
1995-08-22 09:55:00,359.748,569.6154
1995-08-22 09:56:00,802.527,688.8481
1995-08-22 09:57:00,664.02,473.79416
1995-08-22 09:58:00,430.952,565.4068
1995-08-22 09:59:00,415.271,461.97272
1995-08-22 10:00:00,1538.461,455.25098
1995-08-22 10:01:00,592.111,475.09525
1995-08-22 10:02:00,652.252,713.2958
1995-08-22 10:03:00,454.81100000000004,570.9696
1995-08-22 10:04:00,837.4209999999999,746.96796
1995-08-22 10:05:00,140.028,357.61908
1995-08-22 10:06:00,1685.73,764.08795
1995-08-22 10:07:00,772.872,553.28735
1995-08-22 10:08:00,287.25,567.84033
1995-08-22 10:09:00,1423.641,394.05533
1995-08-22 10:10:00,376.094,593.507
1995-08-22 10:11:00,354.204,421.43347
1995-08-22 10:12:00,70.32900000000001,224.17476
1995-08-22 10:13:00,553.467,386.14502
1995-08-22 10:14:00,278.018,467.64905
1995-08-22 10:15:00,610.427,548.08685
1995-08-22 10:16:00,313.999,671.5817
1995-08-22 10:17:00,242.441,402.3626
1995-08-22 10:18:00,329.399,385.8186
1995-08-22 10:19:00,203.988,467.59317
1995-08-22 10:20:00,696.49,284.33124
1995-08-22 10:21:00,705.3199999999999,628.00995
1995-08-22 10:22:00,667.176,489.9948
1995-08-22 10:23:00,986.8570000000001,648.8793
1995-08-22 10:24:00,681.9879999999999,625.4911
1995-08-22 10:25:00,971.059,732.87524
1995-08-22 10:26:00,1925.7369999999999,514.2564
1995-08-22 10:27:00,386.713,695.1397
1995-08-22 10:28:00,1163.598,604.1726
1995-08-22 10:29:00,1118.51,902.0449
1995-08-22 10:30:00,1077.757,712.3526
1995-08-22 10:31:00,723.88,640.91785
1995-08-22 10:32:00,304.29200000000003,534.33655
1995-08-22 10:33:00,278.411,632.6677
1995-08-22 10:34:00,291.20799999999997,612.3494
1995-08-22 10:35:00,956.568,818.16797
1995-08-22 10:36:00,542.177,579.3782
1995-08-22 10:37:00,676.789,710.21423
1995-08-22 10:38:00,220.1,553.2548
1995-08-22 10:39:00,1647.7549999999999,685.0883
1995-08-22 10:40:00,324.3,786.2698
1995-08-22 10:41:00,1507.3719999999998,726.51904
1995-08-22 10:42:00,333.382,755.7104
1995-08-22 10:43:00,497.787,818.6134
1995-08-22 10:44:00,849.108,703.2596
1995-08-22 10:45:00,558.345,843.6905
1995-08-22 10:46:00,762.77,821.609
1995-08-22 10:47:00,840.141,609.7223
1995-08-22 10:48:00,781.484,835.8368
1995-08-22 10:49:00,555.156,747.0942
1995-08-22 10:50:00,637.577,761.0071
1995-08-22 10:51:00,1172.921,780.5545
1995-08-22 10:52:00,2837.0069999999996,763.79395
1995-08-22 10:53:00,869.716,1031.3478
1995-08-22 10:54:00,1053.791,1173.9559
1995-08-22 10:55:00,566.929,1176.7769
1995-08-22 10:56:00,414.327,946.9375
1995-08-22 10:57:00,472.805,852.72
1995-08-22 10:58:00,638.097,907.47864
1995-08-22 10:59:00,1221.381,231.75546
1995-08-22 11:00:00,1604.726,790.60175
1995-08-22 11:01:00,241.81300000000002,798.5832
1995-08-22 11:02:00,446.475,598.0707
1995-08-22 11:03:00,345.967,906.06146
1995-08-22 11:04:00,647.234,764.2846
1995-08-22 11:05:00,325.509,694.316
1995-08-22 11:06:00,295.233,715.41986
1995-08-22 11:07:00,628.778,750.45886
1995-08-22 11:08:00,738.753,596.6053
1995-08-22 11:09:00,213.67999999999998,657.95447
1995-08-22 11:10:00,805.66,585.7772
1995-08-22 11:11:00,479.895,826.8757
1995-08-22 11:12:00,941.2090000000001,708.4671
1995-08-22 11:13:00,1604.7869999999998,1110.3364
1995-08-22 11:14:00,737.048,813.8615
1995-08-22 11:15:00,374.48699999999997,1092.6013
1995-08-22 11:16:00,759.611,775.34
1995-08-22 11:17:00,658.242,786.18085
1995-08-22 11:18:00,634.956,770.3574
1995-08-22 11:19:00,380.354,658.2779
1995-08-22 11:20:00,726.827,648.7587
1995-08-22 11:21:00,505.213,426.3828
1995-08-22 11:22:00,726.116,693.06384
1995-08-22 11:23:00,1026.9950000000001,884.5903
1995-08-22 11:24:00,496.281,630.754
1995-08-22 11:25:00,440.26099999999997,550.7808
1995-08-22 11:26:00,1829.129,879.19604
1995-08-22 11:27:00,460.401,957.89105
1995-08-22 11:28:00,953.178,772.8556
1995-08-22 11:29:00,916.061,1148.1039
1995-08-22 11:30:00,658.8910000000001,905.1718
1995-08-22 11:31:00,915.005,799.7725
1995-08-22 11:32:00,680.004,794.805
1995-08-22 11:33:00,484.18899999999996,751.1335
1995-08-22 11:34:00,605.399,795.50964
1995-08-22 11:35:00,486.04,729.9877
1995-08-22 11:36:00,1287.229,856.7392
1995-08-22 11:37:00,726.996,734.7488
1995-08-22 11:38:00,1882.851,977.7271
1995-08-22 11:39:00,1629.365,1119.3983
1995-08-22 11:40:00,1648.6680000000001,1258.2863
1995-08-22 11:41:00,1825.434,1147.2987
1995-08-22 11:42:00,871.357,1049.1085
1995-08-22 11:43:00,1762.2459999999999,1069.0626
1995-08-22 11:44:00,986.013,1198.36
1995-08-22 11:45:00,935.341,1062.9176
1995-08-22 11:46:00,1020.001,972.3001
1995-08-22 11:47:00,1509.134,1150.3505
1995-08-22 11:48:00,805.125,986.39777
1995-08-22 11:49:00,518.751,985.4937
1995-08-22 11:50:00,1101.685,1088.4515
1995-08-22 11:51:00,1071.234,1075.528
1995-08-22 11:52:00,1142.199,1090.0679
1995-08-22 11:53:00,931.55,1161.2988
1995-08-22 11:54:00,1478.583,1143.0374
1995-08-22 11:55:00,1030.446,1051.1034
1995-08-22 11:56:00,529.034,761.3065
1995-08-22 11:57:00,758.308,946.1527
1995-08-22 11:58:00,613.9110000000001,928.67145
1995-08-22 11:59:00,613.3639999999999,715.5432
1995-08-22 12:00:00,416.245,668.9756
1995-08-22 12:01:00,352.073,700.54974
1995-08-22 12:02:00,436.893,664.2942
1995-08-22 12:03:00,501.394,837.12744
1995-08-22 12:04:00,658.4,792.7263
1995-08-22 12:05:00,778.475,989.0776
1995-08-22 12:06:00,793.694,824.38654
1995-08-22 12:07:00,1955.101,816.33374
1995-08-22 12:08:00,227.715,724.27625
1995-08-22 12:09:00,1630.447,744.46765
1995-08-22 12:10:00,1410.206,898.1242
1995-08-22 12:11:00,1284.82,930.1843
1995-08-22 12:12:00,369.76599999999996,992.1477
1995-08-22 12:13:00,574.262,1281.5648
1995-08-22 12:14:00,1455.985,880.9043
1995-08-22 12:15:00,401.402,1041.426
1995-08-22 12:16:00,725.173,826.1264
1995-08-22 12:17:00,851.2769999999999,938.38
1995-08-22 12:18:00,378.608,1017.4982
1995-08-22 12:19:00,1445.396,964.2779
1995-08-22 12:20:00,917.5649999999999,909.43317
1995-08-22 12:21:00,621.1279999999999,779.7343
1995-08-22 12:22:00,673.957,944.2532
1995-08-22 12:23:00,542.98,832.96985
1995-08-22 12:24:00,1025.911,1047.6274
1995-08-22 12:25:00,566.447,1112.2059
1995-08-22 12:26:00,1040.568,889.95
1995-08-22 12:27:00,731.954,1111.5236
1995-08-22 12:28:00,758.853,875.33105
1995-08-22 12:29:00,1004.513,1066.7435
1995-08-22 12:30:00,1343.492,1151.7738
1995-08-22 12:31:00,904.752,1181.6736
1995-08-22 12:32:00,1191.3609999999999,985.85455
1995-08-22 12:33:00,1014.755,890.97955
1995-08-22 12:34:00,1030.595,990.21265
1995-08-22 12:35:00,827.037,1087.9498
1995-08-22 12:36:00,606.479,931.2639
1995-08-22 12:37:00,713.085,980.18036
1995-08-22 12:38:00,1259.964,895.90564
1995-08-22 12:39:00,1375.991,928.92285
1995-08-22 12:40:00,759.687,1046.4985
1995-08-22 12:41:00,1127.437,964.4201
1995-08-22 12:42:00,1086.026,1215.8422
1995-08-22 12:43:00,1399.1779999999999,999.7843
1995-08-22 12:44:00,1791.527,1023.7278
1995-08-22 12:45:00,647.274,1012.8031
1995-08-22 12:46:00,410.767,834.0219
1995-08-22 12:47:00,1716.077,1151.511
1995-08-22 12:48:00,1139.567,1287.8046
1995-08-22 12:49:00,1608.86,1005.49896
1995-08-22 12:50:00,1777.169,1281.5428
1995-08-22 12:51:00,1242.394,1219.6824
1995-08-22 12:52:00,957.63,1107.5552
1995-08-22 12:53:00,378.709,1093.8014
1995-08-22 12:54:00,547.454,920.48975
1995-08-22 12:55:00,300.486,693.77277
1995-08-22 12:56:00,951.833,868.49316
1995-08-22 12:57:00,1727.995,830.1936
1995-08-22 12:58:00,1367.075,1001.71075
1995-08-22 12:59:00,1004.184,1097.8651
1995-08-22 13:00:00,1952.3669999999997,1155.4857
1995-08-22 13:01:00,947.5020000000001,1131.4286
1995-08-22 13:02:00,2144.929,1059.1205
1995-08-22 13:03:00,591.922,1117.4686
1995-08-22 13:04:00,689.139,1164.9902
1995-08-22 13:05:00,1216.619,1310.8723
1995-08-22 13:06:00,476.026,1269.3097
1995-08-22 13:07:00,797.414,1084.125
1995-08-22 13:08:00,1543.607,1000.14465
1995-08-22 13:09:00,1517.486,1160.2285
1995-08-22 13:10:00,1114.083,1319.2426
1995-08-22 13:11:00,1726.742,1045.1737
1995-08-22 13:12:00,1597.1970000000001,949.1042
1995-08-22 13:13:00,1428.312,1401.9396
1995-08-22 13:14:00,1683.542,1282.1277
1995-08-22 13:15:00,570.416,891.40753
1995-08-22 13:16:00,701.523,1004.019
1995-08-22 13:17:00,793.521,1327.0308
1995-08-22 13:18:00,1114.06,1297.1853
1995-08-22 13:19:00,970.106,1104.0587
1995-08-22 13:20:00,1315.158,1058.4504
1995-08-22 13:21:00,1729.923,1276.7133
1995-08-22 13:22:00,1791.302,1276.3995
1995-08-22 13:23:00,575.684,1262.4202
1995-08-22 13:24:00,1172.386,1155.0782
1995-08-22 13:25:00,1955.323,1168.4849
1995-08-22 13:26:00,1333.615,1056.2345
1995-08-22 13:27:00,2492.212,1226.508
1995-08-22 13:28:00,1108.554,1654.798
1995-08-22 13:29:00,901.342,1236.6312
1995-08-22 13:30:00,536.755,1296.6265
1995-08-22 13:31:00,435.303,1315.6823
1995-08-22 13:32:00,1215.791,1102.1833
1995-08-22 13:33:00,1197.77,1395.8325
1995-08-22 13:34:00,1382.932,1359.2776
1995-08-22 13:35:00,1321.944,1173.2318
1995-08-22 13:36:00,1584.0929999999998,1440.3458
1995-08-22 13:37:00,409.249,963.00653
1995-08-22 13:38:00,2440.69,889.6361
1995-08-22 13:39:00,1979.2289999999998,950.1423
1995-08-22 13:40:00,557.933,1303.8326
1995-08-22 13:41:00,600.629,1080.0223
1995-08-22 13:42:00,1967.1989999999998,1039.9547
1995-08-22 13:43:00,1241.373,1056.8341
1995-08-22 13:44:00,790.076,1061.7819
1995-08-22 13:45:00,957.442,1283.2992
1995-08-22 13:46:00,1936.827,1153.6068
1995-08-22 13:47:00,1365.776,1275.6384
1995-08-22 13:48:00,977.721,991.84985
1995-08-22 13:49:00,772.728,1010.20465
1995-08-22 13:50:00,646.962,919.9055
1995-08-22 13:51:00,902.479,831.1386
1995-08-22 13:52:00,502.456,1205.3805
1995-08-22 13:53:00,865.5939999999999,1000.22205
1995-08-22 13:54:00,1951.4010000000003,1061.0791
1995-08-22 13:55:00,272.616,719.46814
1995-08-22 13:56:00,913.358,772.3768
1995-08-22 13:57:00,320.462,527.69086
1995-08-22 13:58:00,835.995,790.6943
1995-08-22 13:59:00,247.02100000000002,467.08826
1995-08-22 14:00:00,723.475,559.3066
1995-08-22 14:01:00,987.264,777.0199
1995-08-22 14:02:00,717.032,562.2771
1995-08-22 14:03:00,424.67,872.6725
1995-08-22 14:04:00,872.501,832.46295
1995-08-22 14:05:00,1598.9930000000002,988.9694
1995-08-22 14:06:00,906.715,1040.5164
1995-08-22 14:07:00,2307.812,1213.3862
1995-08-22 14:08:00,961.277,1285.9702
1995-08-22 14:09:00,838.638,1225.2035
1995-08-22 14:10:00,2177.474,1066.3103
1995-08-22 14:11:00,1107.92,1109.3994
1995-08-22 14:12:00,465.419,1040.6405
1995-08-22 14:13:00,2035.06,1183.6456
1995-08-22 14:14:00,1475.123,1346.8531
1995-08-22 14:15:00,1661.841,1067.6482
1995-08-22 14:16:00,1009.232,1083.8285
1995-08-22 14:17:00,929.798,949.2447
1995-08-22 14:18:00,1410.1109999999999,989.08276
1995-08-22 14:19:00,1011.2719999999999,979.01184
1995-08-22 14:20:00,302.925,765.8503
1995-08-22 14:21:00,1701.327,740.94904
1995-08-22 14:22:00,846.554,1250.1821
1995-08-22 14:23:00,475.008,981.4547
1995-08-22 14:24:00,500.122,928.30444
1995-08-22 14:25:00,780.563,795.9606
1995-08-22 14:26:00,1320.187,1203.8806
1995-08-22 14:27:00,436.84499999999997,833.47107
1995-08-22 14:28:00,967.145,781.5017
1995-08-22 14:29:00,579.564,903.3881
1995-08-22 14:30:00,303.77,866.7275
1995-08-22 14:31:00,258.362,813.39734
1995-08-22 14:32:00,563.108,703.00946
1995-08-22 14:33:00,868.841,640.08276
1995-08-22 14:34:00,722.212,838.0768
1995-08-22 14:35:00,737.668,829.2924
1995-08-22 14:36:00,168.442,596.3019
1995-08-22 14:37:00,580.722,793.1852
1995-08-22 14:38:00,419.721,611.41833
1995-08-22 14:39:00,570.0409999999999,485.33435
1995-08-22 14:40:00,1187.8990000000001,680.4523
1995-08-22 14:41:00,545.359,923.89166
1995-08-22 14:42:00,909.784,725.3855
1995-08-22 14:43:00,595.715,895.7731
1995-08-22 14:44:00,1489.4440000000002,709.61523
1995-08-22 14:45:00,783.911,923.9808
1995-08-22 14:46:00,918.3919999999999,949.4939
1995-08-22 14:47:00,243.24900000000002,703.7218
1995-08-22 14:48:00,950.505,731.995
1995-08-22 14:49:00,783.035,1081.2891
1995-08-22 14:50:00,379.846,904.9575
1995-08-22 14:51:00,1869.864,799.145
1995-08-22 14:52:00,976.139,1267.2695
1995-08-22 14:53:00,1664.565,1108.7922
1995-08-22 14:54:00,1841.868,945.1822
1995-08-22 14:55:00,1067.402,1267.7594
1995-08-22 14:56:00,536.485,1045.6193
1995-08-22 14:57:00,578.3820000000001,954.33307
1995-08-22 14:58:00,854.379,1114.9824
1995-08-22 14:59:00,885.486,940.7808
1995-08-22 15:00:00,680.548,1056.1624
1995-08-22 15:01:00,525.919,914.8699
1995-08-22 15:02:00,832.89,1086.2963
1995-08-22 15:03:00,2127.552,983.27594
1995-08-22 15:04:00,1810.082,886.9502
1995-08-22 15:05:00,1175.4379999999999,1229.5186
1995-08-22 15:06:00,1724.076,1057.7677
1995-08-22 15:07:00,971.33,1251.8513
1995-08-22 15:08:00,260.645,831.6768
1995-08-22 15:09:00,397.701,760.7978
1995-08-22 15:10:00,234.733,624.8381
1995-08-22 15:11:00,987.179,699.0934
1995-08-22 15:12:00,895.7729999999999,1009.993
1995-08-22 15:13:00,776.6170000000001,921.9105
1995-08-22 15:14:00,858.143,1015.4188
1995-08-22 15:15:00,1224.792,1217.2234
1995-08-22 15:16:00,429.007,966.2361
1995-08-22 15:17:00,1358.579,814.562
1995-08-22 15:18:00,888.973,1233.2708
1995-08-22 15:19:00,547.942,1001.5922
1995-08-22 15:20:00,1707.869,904.25836
1995-08-22 15:21:00,466.265,1066.2615
1995-08-22 15:22:00,908.6,978.1771
1995-08-22 15:23:00,773.706,1207.4607
1995-08-22 15:24:00,734.212,1039.5027
1995-08-22 15:25:00,1036.914,1126.8027
1995-08-22 15:26:00,885.395,1142.5514
1995-08-22 15:27:00,1443.573,1016.5322
1995-08-22 15:28:00,1730.111,1005.28735
1995-08-22 15:29:00,936.977,1252.0479
1995-08-22 15:30:00,640.14,994.2635
1995-08-22 15:31:00,1597.425,1343.58
1995-08-22 15:32:00,1300.676,1010.961
1995-08-22 15:33:00,1263.877,1207.4423
1995-08-22 15:34:00,761.073,903.5218
1995-08-22 15:35:00,1073.505,880.3271
1995-08-22 15:36:00,469.882,1082.4865
1995-08-22 15:37:00,486.084,884.40405
1995-08-22 15:38:00,1584.085,1048.637
1995-08-22 15:39:00,419.139,854.51715
1995-08-22 15:40:00,670.422,752.2274
1995-08-22 15:41:00,670.706,764.0095
1995-08-22 15:42:00,1792.125,976.1808
1995-08-22 15:43:00,325.252,882.8619
1995-08-22 15:44:00,1749.781,699.7196
1995-08-22 15:45:00,446.046,579.8258
1995-08-22 15:46:00,551.934,793.5818
1995-08-22 15:47:00,1674.612,836.4531
1995-08-22 15:48:00,1665.276,942.4641
1995-08-22 15:49:00,458.03499999999997,821.9401
1995-08-22 15:50:00,371.689,747.30896
1995-08-22 15:51:00,1331.5289999999998,629.8979
1995-08-22 15:52:00,1179.696,1036.2031
1995-08-22 15:53:00,401.211,840.5005
1995-08-22 15:54:00,1571.184,816.8437
1995-08-22 15:55:00,909.18,1168.8145
1995-08-22 15:56:00,1411.06,1024.07
1995-08-22 15:57:00,1016.952,1129.9495
1995-08-22 15:58:00,1452.614,1213.9672
1995-08-22 15:59:00,928.38,1133.471
1995-08-22 16:00:00,802.266,1133.8513
1995-08-22 16:01:00,1895.346,961.90027
1995-08-22 16:02:00,1785.0919999999999,1176.1407
1995-08-22 16:03:00,1238.681,1518.4529
1995-08-22 16:04:00,779.274,1313.3274
1995-08-22 16:05:00,4255.244,1024.464
1995-08-22 16:06:00,450.108,1262.6063
1995-08-22 16:07:00,920.6179999999999,1245.6935
1995-08-22 16:08:00,1716.603,1039.6694
1995-08-22 16:09:00,1919.441,1056.1614
1995-08-22 16:10:00,1692.4130000000002,1061.6404
1995-08-22 16:11:00,934.056,1537.2656
1995-08-22 16:12:00,3021.55,1325.0273
1995-08-22 16:13:00,1778.0339999999999,1656.264
1995-08-22 16:14:00,2115.569,1680.0111
1995-08-22 16:15:00,2444.348,1808.073
1995-08-22 16:16:00,552.569,1539.0785
1995-08-22 16:17:00,2352.255,1549.1057
1995-08-22 16:18:00,2876.138,1624.0144
1995-08-22 16:19:00,4056.8409999999994,1519.7126
1995-08-22 16:20:00,2327.798,1514.0065
1995-08-22 16:21:00,2098.59,1990.5333
1995-08-22 16:22:00,1591.225,1571.1373
1995-08-22 16:23:00,1633.011,1880.1984
1995-08-22 16:24:00,1864.942,1615.9209
1995-08-22 16:25:00,2292.455,1641.8584
1995-08-22 16:26:00,1743.2749999999999,1550.5151
1995-08-22 16:27:00,1951.91,1481.261
1995-08-22 16:28:00,1384.684,1924.8373
1995-08-22 16:29:00,695.7109999999999,756.045
1995-08-22 16:30:00,460.948,1196.8077
1995-08-22 16:31:00,1619.841,808.424
1995-08-22 16:32:00,453.249,1038.9104
1995-08-22 16:33:00,525.754,885.5215
1995-08-22 16:34:00,1717.972,660.5269
1995-08-22 16:35:00,744.623,1168.365
1995-08-22 16:36:00,532.762,1100.8827
1995-08-22 16:37:00,871.701,858.48785
1995-08-22 16:38:00,678.926,1083.178
1995-08-22 16:39:00,2193.308,987.4822
1995-08-22 16:40:00,2315.61,847.36176
1995-08-22 16:41:00,604.417,1066.3164
1995-08-22 16:42:00,1066.962,956.71216
1995-08-22 16:43:00,953.803,1009.63245
1995-08-22 16:44:00,2049.526,1244.5853
1995-08-22 16:45:00,2071.979,1437.8813
1995-08-22 16:46:00,543.19,1036.345
1995-08-22 16:47:00,827.571,904.36584
1995-08-22 16:48:00,1859.4769999999999,1147.8787
1995-08-22 16:49:00,353.704,1089.7838
1995-08-22 16:50:00,1349.8220000000001,1231.5974
1995-08-22 16:51:00,899.91,1195.1354
1995-08-22 16:52:00,1195.221,947.03876
1995-08-22 16:53:00,725.951,1041.6378
1995-08-22 16:54:00,1264.671,1159.0785
1995-08-22 16:55:00,1350.02,1349.0201
1995-08-22 16:56:00,1595.245,1236.7203
1995-08-22 16:57:00,1116.2069999999999,1269.8738
1995-08-22 16:58:00,1534.54,1320.6176
1995-08-22 16:59:00,922.042,1071.33
1995-08-22 17:00:00,2593.061,1028.266
1995-08-22 17:01:00,1660.7549999999999,1213.8176
1995-08-22 17:02:00,1230.531,1292.8556
1995-08-22 17:03:00,814.461,1151.6061
1995-08-22 17:04:00,483.08,976.32666
1995-08-22 17:05:00,954.206,1280.1107
1995-08-22 17:06:00,707.029,1270.6891
1995-08-22 17:07:00,1266.108,968.3591
1995-08-22 17:08:00,694.146,1211.5028
1995-08-22 17:09:00,990.196,1110.7079
1995-08-22 17:10:00,867.775,1308.3994
1995-08-22 17:11:00,1041.976,988.91705
1995-08-22 17:12:00,467.489,1140.2825
1995-08-22 17:13:00,309.268,815.9453
1995-08-22 17:14:00,339.016,608.0132
1995-08-22 17:15:00,280.566,450.32507
1995-08-22 17:16:00,1057.271,357.0578
1995-08-22 17:17:00,562.839,583.6686
1995-08-22 17:18:00,755.385,523.48773
1995-08-22 17:19:00,928.26,680.7844
1995-08-22 17:20:00,1950.59,989.5276
1995-08-22 17:21:00,1252.507,559.77484
1995-08-22 17:22:00,962.29,1085.4489
1995-08-22 17:23:00,2088.75,888.6357
1995-08-22 17:24:00,1968.219,1155.6655
1995-08-22 17:25:00,631.556,962.6136
1995-08-22 17:26:00,2047.0849999999998,1046.8856
1995-08-22 17:27:00,2107.078,1090.5648
1995-08-22 17:28:00,466.752,1023.9878
1995-08-22 17:29:00,735.606,998.746
1995-08-22 17:30:00,319.734,867.0147
1995-08-22 17:31:00,616.8059999999999,1125.7755
1995-08-22 17:32:00,496.272,953.5285
1995-08-22 17:33:00,552.534,479.6026
1995-08-22 17:34:00,514.623,770.37103
1995-08-22 17:35:00,421.668,746.89557
1995-08-22 17:36:00,529.752,756.4505
1995-08-22 17:37:00,556.577,793.88684
1995-08-22 17:38:00,597.1419999999999,852.92926
1995-08-22 17:39:00,627.059,774.44763
1995-08-22 17:40:00,717.982,749.0094
1995-08-22 17:41:00,511.867,700.20825
1995-08-22 17:42:00,702.0479999999999,557.15063
1995-08-22 17:43:00,465.507,529.08124
1995-08-22 17:44:00,369.78000000000003,580.7971
1995-08-22 17:45:00,834.973,794.4901
1995-08-22 17:46:00,703.448,306.8424
1995-08-22 17:47:00,94.467,578.09326
1995-08-22 17:48:00,1539.583,682.03784
1995-08-22 17:49:00,982.403,804.84406
1995-08-22 17:50:00,1275.344,948.5141
1995-08-22 17:51:00,1095.79,1036.0072
1995-08-22 17:52:00,699.414,1075.5742
1995-08-22 17:53:00,607.072,988.9053
1995-08-22 17:54:00,727.307,885.2193
1995-08-22 17:55:00,1858.4299999999998,791.75916
1995-08-22 17:56:00,532.024,678.8042
1995-08-22 17:57:00,324.118,608.6001
1995-08-22 17:58:00,602.995,627.1845
1995-08-22 17:59:00,1666.6719999999998,560.2783
1995-08-22 18:00:00,854.251,530.3311
1995-08-22 18:01:00,959.932,959.42084
1995-08-22 18:02:00,317.823,585.4855
1995-08-22 18:03:00,852.346,472.6938
1995-08-22 18:04:00,1509.008,519.84955
1995-08-22 18:05:00,491.28000000000003,967.92975
1995-08-22 18:06:00,1584.246,524.32874
1995-08-22 18:07:00,918.124,878.3839
1995-08-22 18:08:00,1962.238,913.2868
1995-08-22 18:09:00,2569.548,1002.18665
1995-08-22 18:10:00,944.861,872.0228
1995-08-22 18:11:00,551.025,1109.2448
1995-08-22 18:12:00,355.266,466.37857
1995-08-22 18:13:00,538.968,584.1935
1995-08-22 18:14:00,316.3,820.00824
1995-08-22 18:15:00,2123.432,824.52466
1995-08-22 18:16:00,602.798,829.90155
1995-08-22 18:17:00,550.349,651.86316
1995-08-22 18:18:00,502.032,734.6898
1995-08-22 18:19:00,674.5649999999999,848.3461
1995-08-22 18:20:00,88.365,534.5474
1995-08-22 18:21:00,1140.49,812.78906
1995-08-22 18:22:00,1268.185,822.21643
1995-08-22 18:23:00,227.31199999999998,695.14136
1995-08-22 18:24:00,356.752,734.8228
1995-08-22 18:25:00,426.745,703.4013
1995-08-22 18:26:00,64.229,288.07263
1995-08-22 18:27:00,350.07800000000003,500.78085
1995-08-22 18:28:00,749.6129999999999,591.06134
1995-08-22 18:29:00,301.335,539.0407
1995-08-22 18:30:00,1980.17,598.0201
1995-08-22 18:31:00,397.851,361.79846
1995-08-22 18:32:00,427.23699999999997,268.5984
1995-08-22 18:33:00,350.829,545.9407
1995-08-22 18:34:00,183.606,604.55743
1995-08-22 18:35:00,3374.6890000000003,664.695
1995-08-22 18:36:00,286.902,743.2973
1995-08-22 18:37:00,676.137,718.73676
1995-08-22 18:38:00,823.457,935.7476
1995-08-22 18:39:00,719.52,706.4881
1995-08-22 18:40:00,677.053,680.8917
1995-08-22 18:41:00,2176.38,682.4549
1995-08-22 18:42:00,1167.176,899.30396
1995-08-22 18:43:00,181.53199999999998,642.8774
1995-08-22 18:44:00,314.505,586.6399
1995-08-22 18:45:00,2241.94,607.9996
1995-08-22 18:46:00,1413.895,801.0439
1995-08-22 18:47:00,2090.18,719.1388
1995-08-22 18:48:00,2274.9,855.67114
1995-08-22 18:49:00,1517.291,857.88153
1995-08-22 18:50:00,308.637,770.73346
1995-08-22 18:51:00,653.418,805.163
1995-08-22 18:52:00,759.593,890.4183
1995-08-22 18:53:00,924.288,935.8057
1995-08-22 18:54:00,730.976,781.23535
1995-08-22 18:55:00,544.12,681.8418
1995-08-22 18:56:00,971.478,1021.2452
1995-08-22 18:57:00,1092.024,966.0456
1995-08-22 18:58:00,1578.202,852.5873
1995-08-22 18:59:00,321.987,757.6245
1995-08-22 19:00:00,516.576,906.16656
1995-08-22 19:01:00,1072.099,840.3115
1995-08-22 19:02:00,554.602,840.11334
1995-08-22 19:03:00,2736.158,943.6886
1995-08-22 19:04:00,720.516,793.79626
1995-08-22 19:05:00,358.2,762.5132
1995-08-22 19:06:00,413.02,720.59894
1995-08-22 19:07:00,1617.309,678.4409
1995-08-22 19:08:00,1155.81,822.745
1995-08-22 19:09:00,949.294,980.837
1995-08-22 19:10:00,804.905,992.4371
1995-08-22 19:11:00,460.715,928.8922
1995-08-22 19:12:00,816.986,647.902
1995-08-22 19:13:00,694.425,616.3944
1995-08-22 19:14:00,1022.5819999999999,564.0817
1995-08-22 19:15:00,383.736,418.2434
1995-08-22 19:16:00,89.216,258.73972
1995-08-22 19:17:00,83.144,199.69225
1995-08-22 19:18:00,1339.2440000000001,444.23587
1995-08-22 19:19:00,373.818,669.3491
1995-08-22 19:20:00,203.205,431.3108
1995-08-22 19:21:00,397.576,583.69446
1995-08-22 19:22:00,263.894,489.66946
1995-08-22 19:23:00,572.681,428.98108
1995-08-22 19:24:00,383.146,391.64096
1995-08-22 19:25:00,1163.315,420.7986
1995-08-22 19:26:00,1047.566,335.38565
1995-08-22 19:27:00,113.588,418.64642
1995-08-22 19:28:00,207.47,371.37622
1995-08-22 19:29:00,1285.17,502.6139
1995-08-22 19:30:00,671.824,592.0486
1995-08-22 19:31:00,627.984,650.34515
1995-08-22 19:32:00,255.731,472.22894
1995-08-22 19:33:00,650.91,514.3714
1995-08-22 19:34:00,294.044,585.2358
1995-08-22 19:35:00,373.47700000000003,261.56595
1995-08-22 19:36:00,188.534,318.36633
1995-08-22 19:37:00,516.126,391.86346
1995-08-22 19:38:00,147.57,331.62363
1995-08-22 19:39:00,119.777,327.19775
1995-08-22 19:40:00,126.735,416.4606
1995-08-22 19:41:00,177.499,277.9726
1995-08-22 19:42:00,279.39099999999996,319.34842
1995-08-22 19:43:00,442.433,317.74304
1995-08-22 19:44:00,437.948,403.07278
1995-08-22 19:45:00,541.361,553.5358
1995-08-22 19:46:00,272.752,554.5763
1995-08-22 19:47:00,146.21200000000002,415.8577
1995-08-22 19:48:00,1094.126,412.22632
1995-08-22 19:49:00,740.328,706.7547
1995-08-22 19:50:00,429.26800000000003,638.25525
1995-08-22 19:51:00,422.60200000000003,452.7754
1995-08-22 19:52:00,718.923,587.5145
1995-08-22 19:53:00,1241.952,500.75095
1995-08-22 19:54:00,319.473,418.7879
1995-08-22 19:55:00,442.68,507.1113
1995-08-22 19:56:00,464.423,408.6459
1995-08-22 19:57:00,320.512,451.40802
1995-08-22 19:58:00,218.127,393.48157
1995-08-22 19:59:00,444.55,433.9614
1995-08-22 20:00:00,233.883,451.79367
1995-08-22 20:01:00,489.877,576.7404
1995-08-22 20:02:00,521.706,464.14526
1995-08-22 20:03:00,630.478,500.62225
1995-08-22 20:04:00,305.43699999999995,515.8327
1995-08-22 20:05:00,517.111,545.441
1995-08-22 20:06:00,403.085,586.278
1995-08-22 20:07:00,516.94,674.85034
1995-08-22 20:08:00,554.97,667.63354
1995-08-22 20:09:00,1788.33,620.2432
1995-08-22 20:10:00,683.281,710.56836
1995-08-22 20:11:00,866.945,723.654
1995-08-22 20:12:00,1622.963,684.71155
1995-08-22 20:13:00,1203.944,638.64215
1995-08-22 20:14:00,1677.091,716.7134
1995-08-22 20:15:00,2193.484,471.5029
1995-08-22 20:16:00,1731.312,596.16095
1995-08-22 20:17:00,118.07600000000001,424.33594
1995-08-22 20:18:00,879.659,569.5792
1995-08-22 20:19:00,630.853,502.94876
1995-08-22 20:20:00,1824.886,776.9001
1995-08-22 20:21:00,658.568,828.0668
1995-08-22 20:22:00,256.829,436.90674
1995-08-22 20:23:00,441.267,610.7179
1995-08-22 20:24:00,290.227,508.37955
1995-08-22 20:25:00,1561.347,473.0664
1995-08-22 20:26:00,425.488,442.82184
1995-08-22 20:27:00,1509.787,486.40457
1995-08-22 20:28:00,1306.192,491.99078
1995-08-22 20:29:00,966.231,592.4392
1995-08-22 20:30:00,509.788,771.647
1995-08-22 20:31:00,342.363,722.2549
1995-08-22 20:32:00,428.919,707.34015
1995-08-22 20:33:00,354.273,782.4784
1995-08-22 20:34:00,1003.026,847.7793
1995-08-22 20:35:00,589.2379999999999,579.3029
1995-08-22 20:36:00,507.305,581.21063
1995-08-22 20:37:00,758.551,552.37756
1995-08-22 20:38:00,684.838,650.1219
1995-08-22 20:39:00,965.785,629.61426
1995-08-22 20:40:00,884.056,734.235
1995-08-22 20:41:00,2361.6050000000005,575.12115
1995-08-22 20:42:00,937.021,760.58276
1995-08-22 20:43:00,576.172,714.5858
1995-08-22 20:44:00,210.11499999999998,492.57034
1995-08-22 20:45:00,267.789,412.50186
1995-08-22 20:46:00,604.395,375.3728
1995-08-22 20:47:00,236.30499999999998,324.13663
1995-08-22 20:48:00,159.553,273.64792
1995-08-22 20:49:00,93.408,285.61154
1995-08-22 20:50:00,750.8910000000001,292.42862
1995-08-22 20:51:00,727.486,370.46167
1995-08-22 20:52:00,307.675,238.06332
1995-08-22 20:53:00,499.099,357.89966
1995-08-22 20:54:00,204.379,381.074
1995-08-22 20:55:00,1201.374,210.81088
1995-08-22 20:56:00,1639.6650000000002,401.26184
1995-08-22 20:57:00,801.222,525.57367
1995-08-22 20:58:00,490.288,309.2656
1995-08-22 20:59:00,521.921,668.7453
1995-08-22 21:00:00,179.445,410.0649
1995-08-22 21:01:00,426.702,529.5162
1995-08-22 21:02:00,350.942,618.4116
1995-08-22 21:03:00,829.896,475.38614
1995-08-22 21:04:00,739.867,618.81464
1995-08-22 21:05:00,694.421,720.4538
1995-08-22 21:06:00,175.129,442.2119
1995-08-22 21:07:00,942.07,548.0845
1995-08-22 21:08:00,615.098,581.0771
1995-08-22 21:09:00,815.313,652.6223
1995-08-22 21:10:00,321.794,573.68756
1995-08-22 21:11:00,1016.746,470.19275
1995-08-22 21:12:00,548.134,655.5639
1995-08-22 21:13:00,144.893,410.0947
1995-08-22 21:14:00,287.135,414.72958
1995-08-22 21:15:00,965.367,492.67673
1995-08-22 21:16:00,606.008,436.91678
1995-08-22 21:17:00,723.7629999999999,305.7373
1995-08-22 21:18:00,368.69,576.97736
1995-08-22 21:19:00,163.526,393.49756
1995-08-22 21:20:00,513.833,410.91708
1995-08-22 21:21:00,321.347,454.58923
1995-08-22 21:22:00,317.284,509.6276
1995-08-22 21:23:00,574.073,508.27634
1995-08-22 21:24:00,2226.301,513.2493
1995-08-22 21:25:00,386.536,537.13336
1995-08-22 21:26:00,867.461,615.1768
1995-08-22 21:27:00,1435.7930000000001,594.0422
1995-08-22 21:28:00,286.811,387.4961
1995-08-22 21:29:00,697.061,633.3292
1995-08-22 21:30:00,635.52,498.58157
1995-08-22 21:31:00,733.964,553.1359
1995-08-22 21:32:00,468.628,477.51233
1995-08-22 21:33:00,1596.8600000000001,547.5182
1995-08-22 21:34:00,279.963,635.03894
1995-08-22 21:35:00,615.558,447.58948
1995-08-22 21:36:00,341.975,544.5035
1995-08-22 21:37:00,718.474,637.48694
1995-08-22 21:38:00,967.694,721.8925
1995-08-22 21:39:00,466.065,732.10126
1995-08-22 21:40:00,753.804,815.59125
1995-08-22 21:41:00,365.701,651.0431
1995-08-22 21:42:00,622.524,592.6696
1995-08-22 21:43:00,675.5699999999999,465.4882
1995-08-22 21:44:00,451.252,510.81717
1995-08-22 21:45:00,1920.6470000000002,565.80475
1995-08-22 21:46:00,690.718,557.7751
1995-08-22 21:47:00,271.93600000000004,587.79694
1995-08-22 21:48:00,276.414,534.9536
1995-08-22 21:49:00,681.2139999999999,647.2794
1995-08-22 21:50:00,629.003,741.56915
1995-08-22 21:51:00,329.439,540.06683
1995-08-22 21:52:00,369.282,638.56805
1995-08-22 21:53:00,841.547,810.59607
1995-08-22 21:54:00,437.88300000000004,462.51944
1995-08-22 21:55:00,237.37,321.43954
1995-08-22 21:56:00,254.113,378.996
1995-08-22 21:57:00,833.833,511.0808
1995-08-22 21:58:00,727.774,539.6661
1995-08-22 21:59:00,541.559,714.0408
1995-08-22 22:00:00,587.7620000000001,502.4787
1995-08-22 22:01:00,650.491,652.9216
1995-08-22 22:02:00,613.5649999999999,564.2512
1995-08-22 22:03:00,164.37199999999999,517.35034
1995-08-22 22:04:00,319.171,550.49646
1995-08-22 22:05:00,324.868,501.30728
1995-08-22 22:06:00,84.892,244.65889
1995-08-22 22:07:00,586.343,432.9608
1995-08-22 22:08:00,746.597,366.36517
1995-08-22 22:09:00,561.37,604.76013
1995-08-22 22:10:00,727.391,614.568
1995-08-22 22:11:00,790.818,616.58136
1995-08-22 22:12:00,142.048,461.17227
1995-08-22 22:13:00,1590.801,399.68097
1995-08-22 22:14:00,602.6320000000001,383.51196
1995-08-22 22:15:00,309.467,583.9859
1995-08-22 22:16:00,643.461,210.0162
1995-08-22 22:17:00,589.561,400.99973
1995-08-22 22:18:00,646.642,552.57367
1995-08-22 22:19:00,246.412,577.3049
1995-08-22 22:20:00,549.634,616.6582
1995-08-22 22:21:00,627.579,662.9622
1995-08-22 22:22:00,550.962,664.19684
1995-08-22 22:23:00,364.858,584.51166
1995-08-22 22:24:00,543.42,536.0401
1995-08-22 22:25:00,344.152,368.6516
1995-08-22 22:26:00,406.341,287.1588
1995-08-22 22:27:00,212.62,605.60187
1995-08-22 22:28:00,550.63,343.3165
1995-08-22 22:29:00,586.852,257.31165
1995-08-22 22:30:00,348.839,588.55066
1995-08-22 22:31:00,491.803,661.46826
1995-08-22 22:32:00,1155.941,499.9114
1995-08-22 22:33:00,931.404,570.12225
1995-08-22 22:34:00,1088.8980000000001,534.3263
1995-08-22 22:35:00,533.285,394.13803
1995-08-22 22:36:00,432.03499999999997,407.71698
1995-08-22 22:37:00,371.364,458.89935
1995-08-22 22:38:00,119.987,441.19485
1995-08-22 22:39:00,436.032,430.22147
1995-08-22 22:40:00,430.72,310.76254
1995-08-22 22:41:00,844.475,343.30847
1995-08-22 22:42:00,364.31,318.94952
1995-08-22 22:43:00,73.902,291.0144
1995-08-22 22:44:00,106.513,294.32755
1995-08-22 22:45:00,1728.5439999999999,338.66214
1995-08-22 22:46:00,146.109,236.81493
1995-08-22 22:47:00,269.931,428.0171
1995-08-22 22:48:00,352.752,375.75238
1995-08-22 22:49:00,849.6569999999999,418.33377
1995-08-22 22:50:00,1281.336,341.6897
1995-08-22 22:51:00,449.812,577.325
1995-08-22 22:52:00,563.655,449.61395
1995-08-22 22:53:00,231.611,450.8477
1995-08-22 22:54:00,179.425,446.32346
1995-08-22 22:55:00,362.257,342.18353
1995-08-22 22:56:00,109.45599999999999,450.86407
1995-08-22 22:57:00,199.726,379.35278
1995-08-22 22:58:00,477.714,500.1926
1995-08-22 22:59:00,354.122,493.88113
1995-08-22 23:00:00,655.916,541.40704
1995-08-22 23:01:00,365.95500000000004,349.6282
1995-08-22 23:02:00,659.393,567.36316
1995-08-22 23:03:00,523.816,434.97617
1995-08-22 23:04:00,167.081,382.1064
1995-08-22 23:05:00,163.734,421.35452
1995-08-22 23:06:00,251.602,378.45535
1995-08-22 23:07:00,279.057,505.82565
1995-08-22 23:08:00,272.188,731.0945
1995-08-22 23:09:00,316.654,383.72397
1995-08-22 23:10:00,189.482,415.97278
1995-08-22 23:11:00,230.127,463.1553
1995-08-22 23:12:00,554.369,503.14343
1995-08-22 23:13:00,496.839,387.78537
1995-08-22 23:14:00,112.01799999999999,223.9628
1995-08-22 23:15:00,544.326,460.60184
1995-08-22 23:16:00,328.949,381.91464
1995-08-22 23:17:00,533.165,440.48148
1995-08-22 23:18:00,631.869,484.69864
1995-08-22 23:19:00,730.726,478.63922
1995-08-22 23:20:00,95.187,377.85727
1995-08-22 23:21:00,498.366,383.1295
1995-08-22 23:22:00,578.3059999999999,509.905
1995-08-22 23:23:00,75.511,437.0076
1995-08-22 23:24:00,147.31300000000002,275.62137
1995-08-22 23:25:00,487.054,315.84534
1995-08-22 23:26:00,127.623,300.40607
1995-08-22 23:27:00,1433.352,331.28946
1995-08-22 23:28:00,97.231,358.22974
1995-08-22 23:29:00,55.952,189.98044
1995-08-22 23:30:00,114.75,238.69922
1995-08-22 23:31:00,245.421,282.87726
1995-08-22 23:32:00,272.732,289.94128
1995-08-22 23:33:00,309.169,312.08096
1995-08-22 23:34:00,382.692,380.11526
1995-08-22 23:35:00,299.43399999999997,431.70593
1995-08-22 23:36:00,198.574,459.44135
1995-08-22 23:37:00,1430.776,353.56427
1995-08-22 23:38:00,99.30499999999999,162.64401
1995-08-22 23:39:00,748.831,407.69592
1995-08-22 23:40:00,333.716,371.83426
1995-08-22 23:41:00,1396.0410000000002,386.08557
1995-08-22 23:42:00,361.347,414.73712
1995-08-22 23:43:00,544.048,464.6861
1995-08-22 23:44:00,268.488,460.3191
1995-08-22 23:45:00,164.602,417.66226
1995-08-22 23:46:00,189.456,376.04282
1995-08-22 23:47:00,406.619,359.5415
1995-08-22 23:48:00,588.99,378.672
1995-08-22 23:49:00,100.52,232.1161
1995-08-22 23:50:00,561.989,406.39734
1995-08-22 23:51:00,221.773,439.56165
1995-08-22 23:52:00,25.754,336.2544
1995-08-22 23:53:00,259.912,527.1194
1995-08-22 23:54:00,319.726,207.3884
1995-08-22 23:55:00,436.101,273.5192
1995-08-22 23:56:00,334.91,400.41895
1995-08-22 23:57:00,283.098,403.98093
1995-08-22 23:58:00,148.601,527.0411
