timestamp,y_req_t1,predicted
1995-08-12 00:00:00,11.0,22.528627
1995-08-12 00:01:00,10.0,14.926853
1995-08-12 00:02:00,7.0,15.332638
1995-08-12 00:03:00,14.0,16.955202
1995-08-12 00:04:00,15.0,17.689325
1995-08-12 00:05:00,26.0,17.086006
1995-08-12 00:06:00,12.0,20.17146
1995-08-12 00:07:00,10.0,18.342146
1995-08-12 00:08:00,11.0,18.126442
1995-08-12 00:09:00,16.0,16.295551
1995-08-12 00:10:00,11.0,12.090781
1995-08-12 00:11:00,19.0,15.343431
1995-08-12 00:12:00,30.0,16.118944
1995-08-12 00:13:00,21.0,19.128304
1995-08-12 00:14:00,42.0,19.08755
1995-08-12 00:15:00,32.0,24.63452
1995-08-12 00:16:00,38.0,26.703676
1995-08-12 00:17:00,23.0,26.888626
1995-08-12 00:18:00,24.0,24.7653
1995-08-12 00:19:00,26.0,22.689291
1995-08-12 00:20:00,18.0,27.086746
1995-08-12 00:21:00,20.0,19.361948
1995-08-12 00:22:00,15.0,18.729261
1995-08-12 00:23:00,20.0,21.029598
1995-08-12 00:24:00,11.0,20.668674
1995-08-12 00:25:00,35.0,17.693274
1995-08-12 00:26:00,24.0,19.307255
1995-08-12 00:27:00,13.0,13.022366
1995-08-12 00:28:00,30.0,19.343721
1995-08-12 00:29:00,21.0,21.222673
1995-08-12 00:30:00,33.0,24.240583
1995-08-12 00:31:00,24.0,26.837946
1995-08-12 00:32:00,32.0,25.236969
1995-08-12 00:33:00,37.0,26.508343
1995-08-12 00:34:00,21.0,20.705355
1995-08-12 00:35:00,47.0,21.330357
1995-08-12 00:36:00,31.0,29.270811
1995-08-12 00:37:00,29.0,26.441751
1995-08-12 00:38:00,19.0,20.96109
1995-08-12 00:39:00,27.0,22.819546
1995-08-12 00:40:00,33.0,26.382036
1995-08-12 00:41:00,20.0,25.925041
1995-08-12 00:42:00,19.0,23.911034
1995-08-12 00:43:00,33.0,22.279018
1995-08-12 00:44:00,56.0,28.515938
1995-08-12 00:45:00,45.0,32.0373
1995-08-12 00:46:00,61.0,34.83306
1995-08-12 00:47:00,25.0,37.466167
1995-08-12 00:48:00,43.0,32.96516
1995-08-12 00:49:00,30.0,28.925009
1995-08-12 00:50:00,21.0,28.05233
1995-08-12 00:51:00,32.0,27.242002
1995-08-12 00:52:00,36.0,26.760208
1995-08-12 00:53:00,20.0,22.894028
1995-08-12 00:54:00,18.0,23.576075
1995-08-12 00:55:00,15.0,21.50187
1995-08-12 00:56:00,16.0,21.286652
1995-08-12 00:57:00,11.0,16.487015
1995-08-12 00:58:00,22.0,18.715202
1995-08-12 00:59:00,17.0,13.791941
1995-08-12 01:00:00,13.0,22.656425
1995-08-12 01:01:00,15.0,17.46582
1995-08-12 01:02:00,18.0,13.793546
1995-08-12 01:03:00,10.0,10.2775135
1995-08-12 01:04:00,4.0,18.118622
1995-08-12 01:05:00,9.0,10.599454
1995-08-12 01:06:00,40.0,17.502851
1995-08-12 01:07:00,22.0,23.93611
1995-08-12 01:08:00,26.0,21.35536
1995-08-12 01:09:00,30.0,26.724068
1995-08-12 01:10:00,26.0,23.99658
1995-08-12 01:11:00,23.0,22.609198
1995-08-12 01:12:00,5.0,18.986706
1995-08-12 01:13:00,7.0,13.970929
1995-08-12 01:14:00,15.0,11.59191
1995-08-12 01:15:00,17.0,18.488031
1995-08-12 01:16:00,22.0,10.568191
1995-08-12 01:17:00,26.0,18.707739
1995-08-12 01:18:00,18.0,17.300917
1995-08-12 01:19:00,39.0,18.527126
1995-08-12 01:20:00,24.0,24.516628
1995-08-12 01:21:00,20.0,23.016691
1995-08-12 01:22:00,11.0,18.927658
1995-08-12 01:23:00,30.0,16.589542
1995-08-12 01:24:00,38.0,23.570147
1995-08-12 01:25:00,17.0,26.87381
1995-08-12 01:26:00,32.0,21.477911
1995-08-12 01:27:00,14.0,19.009233
1995-08-12 01:28:00,32.0,19.315584
1995-08-12 01:29:00,21.0,21.851372
1995-08-12 01:30:00,50.0,21.801825
1995-08-12 01:31:00,18.0,24.606861
1995-08-12 01:32:00,21.0,21.730774
1995-08-12 01:33:00,14.0,20.749931
1995-08-12 01:34:00,21.0,22.707705
1995-08-12 01:35:00,16.0,21.548435
1995-08-12 01:36:00,42.0,22.120968
1995-08-12 01:37:00,17.0,31.051167
1995-08-12 01:38:00,26.0,19.635159
1995-08-12 01:39:00,20.0,20.086401
1995-08-12 01:40:00,7.0,13.28112
1995-08-12 01:41:00,7.0,6.9048576
1995-08-12 01:42:00,14.0,15.387323
1995-08-12 01:43:00,28.0,15.814375
1995-08-12 01:44:00,10.0,23.284266
1995-08-12 01:45:00,15.0,16.30336
1995-08-12 01:46:00,15.0,9.644003
1995-08-12 01:47:00,5.0,2.2440207
1995-08-12 01:48:00,15.0,8.734126
1995-08-12 01:49:00,29.0,17.131245
1995-08-12 01:50:00,20.0,23.768791
1995-08-12 01:51:00,27.0,20.617157
1995-08-12 01:52:00,18.0,14.079155
1995-08-12 01:53:00,9.0,11.386108
1995-08-12 01:54:00,19.0,14.597265
1995-08-12 01:55:00,22.0,20.015142
1995-08-12 01:56:00,22.0,14.65718
1995-08-12 01:57:00,18.0,21.30538
1995-08-12 01:58:00,21.0,15.903189
1995-08-12 01:59:00,24.0,9.9732485
1995-08-12 02:00:00,19.0,15.998901
1995-08-12 02:01:00,8.0,12.818846
1995-08-12 02:02:00,12.0,9.608535
1995-08-12 02:03:00,12.0,14.355778
1995-08-12 02:04:00,14.0,14.909665
1995-08-12 02:05:00,14.0,17.062551
1995-08-12 02:06:00,13.0,9.192734
1995-08-12 02:07:00,11.0,17.528063
1995-08-12 02:08:00,6.0,8.545956
1995-08-12 02:09:00,6.0,2.6906927
1995-08-12 02:10:00,8.0,7.961342
1995-08-12 02:11:00,4.0,8.117925
1995-08-12 02:12:00,16.0,7.1028166
1995-08-12 02:13:00,11.0,13.93207
1995-08-12 02:14:00,11.0,7.608512
1995-08-12 02:15:00,9.0,15.682236
1995-08-12 02:16:00,19.0,12.160325
1995-08-12 02:17:00,49.0,15.216061
1995-08-12 02:18:00,14.0,21.675688
1995-08-12 02:19:00,18.0,18.558979
1995-08-12 02:20:00,13.0,14.51271
1995-08-12 02:21:00,23.0,13.365342
1995-08-12 02:22:00,9.0,18.623863
1995-08-12 02:23:00,5.0,10.281994
1995-08-12 02:24:00,5.0,7.2420683
1995-08-12 02:25:00,13.0,11.50895
1995-08-12 02:26:00,20.0,16.242056
1995-08-12 02:27:00,6.0,11.174445
1995-08-12 02:28:00,11.0,11.419159
1995-08-12 02:29:00,5.0,10.735479
1995-08-12 02:30:00,17.0,11.435683
1995-08-12 02:31:00,28.0,13.765385
1995-08-12 02:32:00,5.0,11.56327
1995-08-12 02:33:00,9.0,7.833844
1995-08-12 02:34:00,3.0,4.0052724
1995-08-12 02:35:00,8.0,10.444105
1995-08-12 02:36:00,13.0,9.017453
1995-08-12 02:37:00,4.0,9.838535
1995-08-12 02:38:00,7.0,7.373536
1995-08-12 02:39:00,9.0,11.255327
1995-08-12 02:40:00,13.0,8.962698
1995-08-12 02:41:00,10.0,13.140663
1995-08-12 02:42:00,15.0,9.31956
1995-08-12 02:43:00,21.0,10.501664
1995-08-12 02:44:00,15.0,15.385105
1995-08-12 02:45:00,7.0,9.015078
1995-08-12 02:46:00,9.0,8.393961
1995-08-12 02:47:00,11.0,7.673417
1995-08-12 02:48:00,9.0,8.982011
1995-08-12 02:49:00,21.0,14.853855
1995-08-12 02:50:00,23.0,14.743304
1995-08-12 02:51:00,16.0,18.88299
1995-08-12 02:52:00,10.0,15.016457
1995-08-12 02:53:00,7.0,16.949038
1995-08-12 02:54:00,15.0,7.912074
1995-08-12 02:55:00,12.0,10.584536
1995-08-12 02:56:00,9.0,9.683688
1995-08-12 02:57:00,6.0,2.5664454
1995-08-12 02:58:00,13.0,11.106589
1995-08-12 02:59:00,7.0,2.9306762
1995-08-12 03:00:00,15.0,10.824697
1995-08-12 03:01:00,18.0,9.05505
1995-08-12 03:02:00,12.0,11.025579
1995-08-12 03:03:00,15.0,14.499445
1995-08-12 03:04:00,9.0,11.485969
1995-08-12 03:05:00,11.0,10.647929
1995-08-12 03:06:00,5.0,9.170825
1995-08-12 03:07:00,13.0,11.674281
1995-08-12 03:08:00,5.0,2.9660997
1995-08-12 03:09:00,5.0,4.771104
1995-08-12 03:10:00,15.0,12.838453
1995-08-12 03:11:00,19.0,17.43738
1995-08-12 03:12:00,16.0,18.099277
1995-08-12 03:13:00,4.0,9.769397
1995-08-12 03:14:00,22.0,9.544083
1995-08-12 03:15:00,17.0,13.162246
1995-08-12 03:16:00,12.0,5.6559987
1995-08-12 03:17:00,14.0,16.782877
1995-08-12 03:18:00,18.0,16.976765
1995-08-12 03:19:00,13.0,11.355344
1995-08-12 03:20:00,35.0,15.689102
1995-08-12 03:21:00,14.0,12.365259
1995-08-12 03:22:00,13.0,10.392633
1995-08-12 03:23:00,9.0,16.008692
1995-08-12 03:24:00,17.0,14.586994
1995-08-12 03:25:00,9.0,15.473362
1995-08-12 03:26:00,15.0,13.610313
1995-08-12 03:27:00,20.0,15.551987
1995-08-12 03:28:00,11.0,17.92454
1995-08-12 03:29:00,5.0,5.968407
1995-08-12 03:30:00,6.0,11.891125
1995-08-12 03:31:00,17.0,12.501909
1995-08-12 03:32:00,22.0,17.223293
1995-08-12 03:33:00,3.0,18.888674
1995-08-12 03:34:00,9.0,6.8449464
1995-08-12 03:35:00,18.0,14.30706
1995-08-12 03:36:00,17.0,15.786291
1995-08-12 03:37:00,6.0,17.316374
1995-08-12 03:38:00,11.0,11.338967
1995-08-12 03:39:00,14.0,17.67798
1995-08-12 03:40:00,17.0,10.577163
1995-08-12 03:41:00,9.0,9.846433
1995-08-12 03:42:00,18.0,13.373184
1995-08-12 03:43:00,7.0,12.304059
1995-08-12 03:44:00,14.0,13.438645
1995-08-12 03:45:00,16.0,12.3857355
1995-08-12 03:46:00,14.0,12.380073
1995-08-12 03:47:00,19.0,11.546672
1995-08-12 03:48:00,21.0,13.419834
1995-08-12 03:49:00,3.0,13.91762
1995-08-12 03:50:00,10.0,8.351233
1995-08-12 03:51:00,5.0,7.538349
1995-08-12 03:52:00,1.0,8.5427265
1995-08-12 03:53:00,4.0,3.4687266
1995-08-12 03:54:00,5.0,8.724845
1995-08-12 03:55:00,11.0,8.0373535
1995-08-12 03:56:00,12.0,6.6903634
1995-08-12 03:57:00,10.0,9.608688
1995-08-12 03:58:00,15.0,6.981286
1995-08-12 03:59:00,11.0,14.982557
1995-08-12 04:00:00,24.0,12.981774
1995-08-12 04:01:00,15.0,14.395394
1995-08-12 04:02:00,15.0,12.62178
1995-08-12 04:03:00,21.0,14.754738
1995-08-12 04:04:00,30.0,17.15784
1995-08-12 04:05:00,16.0,12.790025
1995-08-12 04:06:00,20.0,14.44521
1995-08-12 04:07:00,38.0,15.452948
1995-08-12 04:08:00,19.0,21.487211
1995-08-12 04:09:00,31.0,15.160625
1995-08-12 04:10:00,18.0,18.454245
1995-08-12 04:11:00,12.0,12.642324
1995-08-12 04:12:00,15.0,17.007212
1995-08-12 04:13:00,9.0,16.14248
1995-08-12 04:14:00,15.0,10.249477
1995-08-12 04:15:00,12.0,17.820044
1995-08-12 04:16:00,25.0,16.019949
1995-08-12 04:17:00,2.0,19.119436
1995-08-12 04:18:00,11.0,10.71569
1995-08-12 04:19:00,6.0,16.533434
1995-08-12 04:20:00,7.0,13.489569
1995-08-12 04:21:00,4.0,11.387524
1995-08-12 04:22:00,3.0,1.5840473
1995-08-12 04:23:00,1.0,11.027277
1995-08-12 04:24:00,4.0,2.3941703
1995-08-12 04:25:00,0.0,0.8691187
1995-08-12 04:30:00,21.0,13.416657
1995-08-12 04:32:00,22.0,12.421207
1995-08-12 04:33:00,17.0,16.45807
1995-08-12 04:34:00,14.0,15.23506
1995-08-12 04:35:00,13.0,14.32875
1995-08-12 04:36:00,12.0,12.258357
1995-08-12 04:37:00,12.0,11.01497
1995-08-12 04:38:00,8.0,12.671854
1995-08-12 04:39:00,15.0,11.137099
1995-08-12 04:40:00,27.0,16.104057
1995-08-12 04:42:00,28.0,16.179705
1995-08-12 04:43:00,24.0,15.821375
1995-08-12 04:44:00,26.0,15.021873
1995-08-12 04:45:00,9.0,10.094602
1995-08-12 04:46:00,4.0,14.214393
1995-08-12 04:47:00,11.0,11.976165
1995-08-12 04:48:00,9.0,6.8433022
1995-08-12 04:49:00,5.0,13.9854555
1995-08-12 04:50:00,28.0,12.217104
1995-08-12 04:51:00,21.0,11.40523
1995-08-12 04:52:00,11.0,11.400283
1995-08-12 04:53:00,2.0,10.194431
1995-08-12 04:54:00,16.0,9.826069
1995-08-12 04:55:00,22.0,14.051408
1995-08-12 04:56:00,21.0,14.429612
1995-08-12 04:57:00,12.0,13.894924
1995-08-12 04:58:00,28.0,12.209127
1995-08-12 04:59:00,45.0,17.83134
1995-08-12 05:00:00,27.0,20.324612
1995-08-12 05:01:00,8.0,19.402243
1995-08-12 05:02:00,15.0,14.106705
1995-08-12 05:03:00,7.0,8.733537
1995-08-12 05:04:00,10.0,12.313407
1995-08-12 05:05:00,15.0,11.718422
1995-08-12 05:06:00,8.0,14.309677
1995-08-12 05:07:00,21.0,10.036315
1995-08-12 05:08:00,25.0,15.358593
1995-08-12 05:09:00,13.0,16.308092
1995-08-12 05:10:00,24.0,10.911598
1995-08-12 05:11:00,35.0,16.035181
1995-08-12 05:12:00,12.0,14.388037
1995-08-12 05:13:00,12.0,14.982466
1995-08-12 05:14:00,20.0,14.494346
1995-08-12 05:15:00,16.0,17.151491
1995-08-12 05:16:00,20.0,9.160449
1995-08-12 05:17:00,12.0,14.287653
1995-08-12 05:18:00,19.0,16.556353
1995-08-12 05:19:00,12.0,17.398302
1995-08-12 05:20:00,23.0,15.3018
1995-08-12 05:21:00,26.0,16.59928
1995-08-12 05:22:00,21.0,18.400713
1995-08-12 05:23:00,18.0,16.220964
1995-08-12 05:24:00,14.0,18.226036
1995-08-12 05:25:00,7.0,15.463024
1995-08-12 05:26:00,11.0,12.481589
1995-08-12 05:27:00,3.0,8.13618
1995-08-12 05:28:00,8.0,5.963172
1995-08-12 05:29:00,13.0,13.569638
1995-08-12 05:30:00,3.0,11.955032
1995-08-12 05:31:00,4.0,5.0631657
1995-08-12 05:32:00,5.0,7.54671
1995-08-12 05:33:00,13.0,11.718265
1995-08-12 05:34:00,11.0,11.698796
1995-08-12 05:35:00,18.0,13.376293
1995-08-12 05:36:00,8.0,14.9265
1995-08-12 05:37:00,6.0,12.471854
1995-08-12 05:38:00,6.0,5.731842
1995-08-12 05:39:00,7.0,8.378097
1995-08-12 05:40:00,3.0,10.937948
1995-08-12 05:41:00,16.0,9.941967
1995-08-12 05:42:00,10.0,9.848378
1995-08-12 05:43:00,18.0,13.1356535
1995-08-12 05:44:00,7.0,9.79032
1995-08-12 05:45:00,13.0,9.152993
1995-08-12 05:46:00,10.0,10.799666
1995-08-12 05:47:00,11.0,9.128062
1995-08-12 05:48:00,2.0,9.012718
1995-08-12 05:49:00,14.0,7.1997356
1995-08-12 05:50:00,26.0,14.208217
1995-08-12 05:51:00,7.0,15.836317
1995-08-12 05:52:00,11.0,8.903068
1995-08-12 05:53:00,17.0,12.822757
1995-08-12 05:54:00,17.0,10.227852
1995-08-12 05:55:00,10.0,11.50172
1995-08-12 05:56:00,13.0,10.343346
1995-08-12 05:57:00,11.0,12.530387
1995-08-12 05:58:00,7.0,13.138333
1995-08-12 05:59:00,20.0,8.818322
1995-08-12 06:00:00,35.0,15.328909
1995-08-12 06:01:00,33.0,19.152231
1995-08-12 06:02:00,23.0,19.79243
1995-08-12 06:03:00,20.0,17.173302
1995-08-12 06:04:00,12.0,16.129755
1995-08-12 06:05:00,10.0,14.847586
1995-08-12 06:06:00,33.0,16.818995
1995-08-12 06:07:00,16.0,18.157146
1995-08-12 06:08:00,9.0,10.327087
1995-08-12 06:09:00,16.0,11.152409
1995-08-12 06:10:00,16.0,15.563412
1995-08-12 06:11:00,31.0,15.131403
1995-08-12 06:12:00,20.0,20.710417
1995-08-12 06:13:00,23.0,17.228752
1995-08-12 06:14:00,15.0,17.816652
1995-08-12 06:15:00,6.0,15.738188
1995-08-12 06:16:00,11.0,10.205246
1995-08-12 06:17:00,3.0,14.340358
1995-08-12 06:18:00,0.0,1.9738343
1995-08-12 06:23:00,9.0,10.003618
1995-08-12 06:25:00,4.0,8.889163
1995-08-12 06:26:00,5.0,1.0621004
1995-08-12 06:27:00,8.0,7.893423
1995-08-12 06:28:00,15.0,13.932875
1995-08-12 06:29:00,12.0,12.818968
1995-08-12 06:30:00,12.0,11.917122
1995-08-12 06:31:00,12.0,9.777483
1995-08-12 06:32:00,13.0,13.263932
1995-08-12 06:33:00,9.0,14.014813
1995-08-12 06:35:00,12.0,10.886781
1995-08-12 06:36:00,12.0,12.666998
1995-08-12 06:37:00,8.0,5.9783273
1995-08-12 06:38:00,8.0,9.92515
1995-08-12 06:39:00,18.0,9.282404
1995-08-12 06:40:00,7.0,10.136678
1995-08-12 06:41:00,3.0,10.262147
1995-08-12 06:42:00,2.0,10.282373
1995-08-12 06:43:00,0.0,1.3744237
1995-08-12 06:48:00,7.0,12.025104
1995-08-12 06:50:00,21.0,9.176635
1995-08-12 06:51:00,22.0,15.32189
1995-08-12 06:52:00,24.0,14.531016
1995-08-12 06:53:00,21.0,15.373116
1995-08-12 06:54:00,14.0,2.628243
1995-08-12 06:55:00,11.0,13.48732
1995-08-12 06:56:00,23.0,13.129077
1995-08-12 06:57:00,15.0,16.384485
1995-08-12 06:58:00,15.0,10.076006
1995-08-12 07:00:00,15.0,10.437596
1995-08-12 07:01:00,10.0,14.689021
1995-08-12 07:02:00,26.0,14.901626
1995-08-12 07:03:00,12.0,17.20641
1995-08-12 07:04:00,5.0,9.820124
1995-08-12 07:05:00,20.0,10.526827
1995-08-12 07:06:00,8.0,17.940542
1995-08-12 07:07:00,6.0,11.337387
1995-08-12 07:08:00,6.0,12.686149
1995-08-12 07:09:00,20.0,11.0776615
1995-08-12 07:10:00,21.0,10.675922
1995-08-12 07:11:00,21.0,16.924782
1995-08-12 07:12:00,9.0,15.144758
1995-08-12 07:13:00,5.0,13.746738
1995-08-12 07:14:00,11.0,11.448763
1995-08-12 07:15:00,3.0,15.07617
1995-08-12 07:16:00,16.0,10.25382
1995-08-12 07:17:00,2.0,2.8804305
1995-08-12 07:18:00,5.0,10.532716
1995-08-12 07:19:00,8.0,7.886039
1995-08-12 07:20:00,17.0,10.340956
1995-08-12 07:21:00,4.0,13.772187
1995-08-12 07:22:00,28.0,11.564564
1995-08-12 07:23:00,27.0,16.52838
1995-08-12 07:24:00,33.0,18.574415
1995-08-12 07:25:00,22.0,19.517748
1995-08-12 07:26:00,10.0,15.189089
1995-08-12 07:27:00,19.0,16.93133
1995-08-12 07:28:00,12.0,19.099722
1995-08-12 07:29:00,26.0,15.612211
1995-08-12 07:30:00,17.0,11.605963
1995-08-12 07:31:00,25.0,18.35266
1995-08-12 07:32:00,20.0,17.123417
1995-08-12 07:33:00,19.0,17.963053
1995-08-12 07:34:00,14.0,19.955118
1995-08-12 07:35:00,5.0,9.173764
1995-08-12 07:36:00,7.0,9.3484335
1995-08-12 07:37:00,9.0,11.874717
1995-08-12 07:38:00,13.0,13.459318
1995-08-12 07:39:00,12.0,10.464857
1995-08-12 07:40:00,14.0,12.40639
1995-08-12 07:41:00,8.0,10.533579
1995-08-12 07:42:00,6.0,10.40284
1995-08-12 07:43:00,18.0,11.21125
1995-08-12 07:44:00,9.0,16.145342
1995-08-12 07:45:00,19.0,13.146578
1995-08-12 07:46:00,20.0,15.312164
1995-08-12 07:47:00,19.0,15.573425
1995-08-12 07:48:00,7.0,18.117205
1995-08-12 07:49:00,27.0,8.844911
1995-08-12 07:50:00,32.0,18.294514
1995-08-12 07:51:00,15.0,17.496866
1995-08-12 07:52:00,2.0,10.7651415
1995-08-12 07:53:00,10.0,7.227051
1995-08-12 07:54:00,11.0,18.380936
1995-08-12 07:55:00,16.0,14.510593
1995-08-12 07:56:00,13.0,13.074839
1995-08-12 07:57:00,15.0,12.948297
1995-08-12 07:58:00,18.0,11.605467
1995-08-12 07:59:00,14.0,16.628704
1995-08-12 08:00:00,14.0,14.041898
1995-08-12 08:01:00,3.0,13.699546
1995-08-12 08:02:00,8.0,12.036512
1995-08-12 08:03:00,22.0,11.515323
1995-08-12 08:04:00,10.0,7.43416
1995-08-12 08:05:00,10.0,9.248497
1995-08-12 08:06:00,4.0,3.9324713
1995-08-12 08:07:00,5.0,8.483172
1995-08-12 08:08:00,4.0,9.657335
1995-08-12 08:09:00,14.0,9.139889
1995-08-12 08:10:00,16.0,15.272865
1995-08-12 08:11:00,14.0,10.682712
1995-08-12 08:12:00,13.0,9.7843
1995-08-12 08:13:00,32.0,15.15608
1995-08-12 08:14:00,19.0,18.15738
1995-08-12 08:15:00,20.0,17.255978
1995-08-12 08:16:00,26.0,19.307497
1995-08-12 08:17:00,6.0,19.955019
1995-08-12 08:18:00,17.0,13.306602
1995-08-12 08:19:00,39.0,17.350906
1995-08-12 08:20:00,32.0,22.072994
1995-08-12 08:21:00,14.0,18.914543
1995-08-12 08:22:00,20.0,19.463829
1995-08-12 08:23:00,21.0,20.49282
1995-08-12 08:24:00,16.0,16.420786
1995-08-12 08:25:00,8.0,19.773613
1995-08-12 08:26:00,13.0,14.075888
1995-08-12 08:27:00,21.0,11.156146
1995-08-12 08:28:00,15.0,13.834088
1995-08-12 08:29:00,6.0,17.46358
1995-08-12 08:30:00,11.0,13.00965
1995-08-12 08:31:00,10.0,16.085419
1995-08-12 08:32:00,21.0,16.83233
1995-08-12 08:33:00,20.0,14.893237
1995-08-12 08:34:00,29.0,19.219204
1995-08-12 08:35:00,10.0,11.801068
1995-08-12 08:36:00,19.0,15.617823
1995-08-12 08:37:00,28.0,18.85843
1995-08-12 08:38:00,10.0,18.37658
1995-08-12 08:39:00,20.0,17.047876
1995-08-12 08:40:00,20.0,19.120117
1995-08-12 08:41:00,20.0,20.14565
1995-08-12 08:42:00,12.0,12.692356
1995-08-12 08:43:00,28.0,15.669266
1995-08-12 08:44:00,26.0,13.611515
1995-08-12 08:45:00,11.0,20.36122
1995-08-12 08:46:00,18.0,17.189817
1995-08-12 08:47:00,9.0,18.317638
1995-08-12 08:48:00,11.0,15.116631
1995-08-12 08:49:00,16.0,17.21247
1995-08-12 08:50:00,16.0,16.758583
1995-08-12 08:51:00,20.0,17.527342
1995-08-12 08:52:00,40.0,19.976322
1995-08-12 08:53:00,20.0,21.688791
1995-08-12 08:54:00,18.0,17.79652
1995-08-12 08:55:00,12.0,12.454828
1995-08-12 08:56:00,7.0,14.420201
1995-08-12 08:57:00,14.0,13.522408
1995-08-12 08:58:00,28.0,16.195917
1995-08-12 08:59:00,17.0,18.667652
1995-08-12 09:00:00,19.0,15.3522835
1995-08-12 09:01:00,22.0,13.285244
1995-08-12 09:02:00,15.0,17.38019
1995-08-12 09:03:00,30.0,19.19276
1995-08-12 09:04:00,17.0,15.108843
1995-08-12 09:05:00,22.0,19.953266
1995-08-12 09:06:00,10.0,13.4436
1995-08-12 09:07:00,11.0,12.293032
1995-08-12 09:08:00,10.0,12.109627
1995-08-12 09:09:00,10.0,16.487726
1995-08-12 09:10:00,8.0,18.646698
1995-08-12 09:11:00,11.0,13.439217
1995-08-12 09:12:00,25.0,16.507856
1995-08-12 09:13:00,27.0,21.097204
1995-08-12 09:14:00,16.0,19.005728
1995-08-12 09:15:00,26.0,19.603329
1995-08-12 09:16:00,15.0,15.9910965
1995-08-12 09:17:00,20.0,12.744675
1995-08-12 09:18:00,16.0,17.510286
1995-08-12 09:19:00,14.0,12.339054
1995-08-12 09:20:00,23.0,16.909605
1995-08-12 09:21:00,21.0,19.727983
1995-08-12 09:22:00,26.0,17.833536
1995-08-12 09:23:00,27.0,17.898384
1995-08-12 09:24:00,33.0,18.174656
1995-08-12 09:25:00,37.0,23.462618
1995-08-12 09:26:00,19.0,24.893274
1995-08-12 09:27:00,9.0,19.582766
1995-08-12 09:28:00,23.0,17.271719
1995-08-12 09:29:00,16.0,15.903833
1995-08-12 09:30:00,20.0,16.178404
1995-08-12 09:31:00,37.0,20.046741
1995-08-12 09:32:00,30.0,25.932327
1995-08-12 09:33:00,27.0,18.147188
1995-08-12 09:34:00,26.0,17.499262
1995-08-12 09:35:00,10.0,19.45712
1995-08-12 09:36:00,18.0,18.526354
1995-08-12 09:37:00,10.0,13.851945
1995-08-12 09:38:00,1.0,4.2093625
1995-08-12 09:39:00,10.0,9.513445
1995-08-12 09:40:00,36.0,16.394983
1995-08-12 09:41:00,42.0,23.875328
1995-08-12 09:42:00,20.0,26.524311
1995-08-12 09:43:00,28.0,20.232933
1995-08-12 09:44:00,24.0,19.343712
1995-08-12 09:45:00,14.0,19.470987
1995-08-12 09:46:00,12.0,18.693981
1995-08-12 09:47:00,11.0,18.906046
1995-08-12 09:48:00,19.0,18.971111
1995-08-12 09:49:00,19.0,21.925604
1995-08-12 09:50:00,18.0,18.600805
1995-08-12 09:51:00,7.0,4.9056544
1995-08-12 09:52:00,12.0,13.63739
1995-08-12 09:53:00,30.0,15.728683
1995-08-12 09:54:00,17.0,12.818003
1995-08-12 09:55:00,24.0,18.68993
1995-08-12 09:56:00,14.0,17.260006
1995-08-12 09:57:00,13.0,15.796461
1995-08-12 09:58:00,23.0,16.525785
1995-08-12 09:59:00,33.0,20.733421
1995-08-12 10:00:00,28.0,23.207966
1995-08-12 10:01:00,22.0,21.725199
1995-08-12 10:02:00,4.0,23.14349
1995-08-12 10:03:00,10.0,13.010873
1995-08-12 10:04:00,25.0,17.476322
1995-08-12 10:05:00,26.0,17.29044
1995-08-12 10:06:00,15.0,21.97164
1995-08-12 10:07:00,16.0,18.804203
1995-08-12 10:08:00,41.0,18.337149
1995-08-12 10:09:00,42.0,31.677288
1995-08-12 10:10:00,71.0,30.703886
1995-08-12 10:11:00,20.0,29.69262
1995-08-12 10:12:00,34.0,23.504753
1995-08-12 10:13:00,31.0,24.56229
1995-08-12 10:14:00,34.0,19.943731
1995-08-12 10:15:00,33.0,27.912361
1995-08-12 10:16:00,29.0,29.098131
1995-08-12 10:17:00,16.0,24.367958
1995-08-12 10:18:00,20.0,25.705313
1995-08-12 10:19:00,23.0,20.920345
1995-08-12 10:20:00,20.0,23.208393
1995-08-12 10:21:00,21.0,20.561869
1995-08-12 10:22:00,34.0,25.335306
1995-08-12 10:23:00,21.0,24.357944
1995-08-12 10:24:00,25.0,20.164627
1995-08-12 10:25:00,14.0,19.58171
1995-08-12 10:26:00,17.0,23.993624
1995-08-12 10:27:00,35.0,19.225525
1995-08-12 10:28:00,39.0,27.216824
1995-08-12 10:29:00,34.0,31.708935
1995-08-12 10:30:00,30.0,26.608852
1995-08-12 10:31:00,22.0,25.639889
1995-08-12 10:32:00,30.0,21.676481
1995-08-12 10:33:00,37.0,28.38629
1995-08-12 10:34:00,37.0,27.494713
1995-08-12 10:35:00,31.0,30.8025
1995-08-12 10:36:00,44.0,31.840939
1995-08-12 10:37:00,56.0,29.862123
1995-08-12 10:38:00,37.0,42.904423
1995-08-12 10:39:00,61.0,32.914604
1995-08-12 10:40:00,46.0,38.47319
1995-08-12 10:41:00,31.0,35.577095
1995-08-12 10:42:00,52.0,27.15061
1995-08-12 10:43:00,41.0,29.585718
1995-08-12 10:44:00,28.0,36.91344
1995-08-12 10:45:00,32.0,30.723818
1995-08-12 10:46:00,23.0,26.536566
1995-08-12 10:47:00,15.0,26.92263
1995-08-12 10:48:00,32.0,25.49747
1995-08-12 10:49:00,66.0,30.075315
1995-08-12 10:50:00,77.0,39.475147
1995-08-12 10:51:00,57.0,44.770374
1995-08-12 10:52:00,59.0,39.678352
1995-08-12 10:53:00,43.0,46.858807
1995-08-12 10:54:00,67.0,40.1025
1995-08-12 10:55:00,28.0,51.09786
1995-08-12 10:56:00,43.0,36.1231
1995-08-12 10:57:00,25.0,26.86575
1995-08-12 10:58:00,59.0,29.56396
1995-08-12 10:59:00,63.0,41.99537
1995-08-12 11:00:00,34.0,48.443695
1995-08-12 11:01:00,29.0,35.295815
1995-08-12 11:02:00,21.0,34.54136
1995-08-12 11:03:00,38.0,32.318825
1995-08-12 11:04:00,12.0,35.75904
1995-08-12 11:05:00,47.0,32.609562
1995-08-12 11:06:00,38.0,42.12925
1995-08-12 11:07:00,42.0,39.62683
1995-08-12 11:08:00,44.0,38.531746
1995-08-12 11:09:00,36.0,33.32969
1995-08-12 11:10:00,27.0,41.799522
1995-08-12 11:11:00,51.0,31.590218
1995-08-12 11:12:00,45.0,44.694386
1995-08-12 11:13:00,10.0,38.51403
1995-08-12 11:14:00,25.0,18.010683
1995-08-12 11:15:00,22.0,30.983746
1995-08-12 11:16:00,15.0,18.94873
1995-08-12 11:17:00,11.0,13.22032
1995-08-12 11:18:00,49.0,20.656734
1995-08-12 11:19:00,27.0,35.51294
1995-08-12 11:20:00,24.0,30.548903
1995-08-12 11:21:00,9.0,22.687641
1995-08-12 11:22:00,7.0,12.6343155
1995-08-12 11:23:00,30.0,20.685026
1995-08-12 11:24:00,14.0,29.970278
1995-08-12 11:25:00,22.0,18.961086
1995-08-12 11:26:00,24.0,21.980196
1995-08-12 11:27:00,18.0,22.905903
1995-08-12 11:28:00,25.0,24.606276
1995-08-12 11:29:00,33.0,24.978844
1995-08-12 11:30:00,62.0,26.660019
1995-08-12 11:31:00,14.0,15.261002
1995-08-12 11:32:00,36.0,27.644867
1995-08-12 11:33:00,16.0,32.055935
1995-08-12 11:34:00,19.0,21.890348
1995-08-12 11:35:00,28.0,29.872751
1995-08-12 11:36:00,36.0,28.57872
1995-08-12 11:37:00,36.0,29.595724
1995-08-12 11:38:00,20.0,32.959866
1995-08-12 11:39:00,16.0,22.573503
1995-08-12 11:40:00,13.0,11.028745
1995-08-12 11:41:00,34.0,18.965574
1995-08-12 11:42:00,27.0,20.585987
1995-08-12 11:43:00,24.0,26.158657
1995-08-12 11:44:00,36.0,27.803448
1995-08-12 11:45:00,21.0,29.727749
1995-08-12 11:46:00,51.0,27.378529
1995-08-12 11:47:00,31.0,23.433474
1995-08-12 11:48:00,42.0,32.399513
1995-08-12 11:49:00,65.0,33.368603
1995-08-12 11:50:00,29.0,37.782143
1995-08-12 11:51:00,32.0,30.459661
1995-08-12 11:52:00,25.0,31.715275
1995-08-12 11:53:00,30.0,29.740477
1995-08-12 11:54:00,25.0,28.312382
1995-08-12 11:55:00,18.0,30.829063
1995-08-12 11:56:00,17.0,25.249458
1995-08-12 11:57:00,48.0,21.732779
1995-08-12 11:58:00,58.0,35.69608
1995-08-12 11:59:00,27.0,33.86273
1995-08-12 12:00:00,20.0,18.758615
1995-08-12 12:01:00,36.0,28.550348
1995-08-12 12:02:00,20.0,17.687637
1995-08-12 12:03:00,18.0,23.50442
1995-08-12 12:04:00,36.0,26.609161
1995-08-12 12:05:00,13.0,24.25863
1995-08-12 12:06:00,24.0,25.090317
1995-08-12 12:07:00,26.0,23.104616
1995-08-12 12:08:00,23.0,26.958942
1995-08-12 12:09:00,13.0,26.520264
1995-08-12 12:10:00,17.0,18.234364
1995-08-12 12:11:00,11.0,19.44172
1995-08-12 12:12:00,36.0,24.313444
1995-08-12 12:13:00,50.0,29.899246
1995-08-12 12:14:00,32.0,34.016956
1995-08-12 12:15:00,23.0,30.067802
1995-08-12 12:16:00,15.0,19.93859
1995-08-12 12:17:00,18.0,21.53581
1995-08-12 12:18:00,45.0,21.896893
1995-08-12 12:19:00,31.0,33.710472
1995-08-12 12:20:00,35.0,30.388031
1995-08-12 12:21:00,19.0,25.402199
1995-08-12 12:22:00,8.0,26.802366
1995-08-12 12:23:00,30.0,20.167982
1995-08-12 12:24:00,14.0,22.406046
1995-08-12 12:25:00,40.0,22.94846
1995-08-12 12:26:00,28.0,26.371546
1995-08-12 12:27:00,39.0,26.517395
1995-08-12 12:28:00,36.0,29.290556
1995-08-12 12:29:00,21.0,28.361183
1995-08-12 12:30:00,51.0,25.90879
1995-08-12 12:31:00,28.0,27.07564
1995-08-12 12:32:00,25.0,29.942062
1995-08-12 12:33:00,20.0,25.136477
1995-08-12 12:34:00,32.0,26.799171
1995-08-12 12:35:00,24.0,22.571075
1995-08-12 12:36:00,24.0,23.270414
1995-08-12 12:37:00,41.0,23.823032
1995-08-12 12:38:00,10.0,23.777214
1995-08-12 12:39:00,28.0,17.38354
1995-08-12 12:40:00,28.0,24.875711
1995-08-12 12:41:00,17.0,22.845963
1995-08-12 12:42:00,12.0,19.783792
1995-08-12 12:43:00,32.0,14.5978
1995-08-12 12:44:00,17.0,27.703669
1995-08-12 12:45:00,45.0,25.495651
1995-08-12 12:46:00,31.0,34.345673
1995-08-12 12:47:00,13.0,21.21395
1995-08-12 12:48:00,38.0,24.320772
1995-08-12 12:49:00,25.0,32.56113
1995-08-12 12:50:00,38.0,20.291885
1995-08-12 12:51:00,24.0,30.935034
1995-08-12 12:52:00,27.0,27.412859
1995-08-12 12:53:00,13.0,17.269468
1995-08-12 12:54:00,25.0,23.004917
1995-08-12 12:55:00,37.0,24.358778
1995-08-12 12:56:00,45.0,29.430157
1995-08-12 12:57:00,22.0,32.16618
1995-08-12 12:58:00,36.0,25.620758
1995-08-12 12:59:00,37.0,31.884384
1995-08-12 13:00:00,32.0,34.25245
1995-08-12 13:01:00,31.0,28.613817
1995-08-12 13:02:00,36.0,32.768925
1995-08-12 13:03:00,24.0,35.392467
1995-08-12 13:04:00,24.0,32.18692
1995-08-12 13:05:00,34.0,29.091515
1995-08-12 13:06:00,45.0,31.66087
1995-08-12 13:07:00,37.0,34.001705
1995-08-12 13:08:00,25.0,36.21814
1995-08-12 13:09:00,20.0,29.583721
1995-08-12 13:10:00,26.0,30.481518
1995-08-12 13:11:00,29.0,31.66512
1995-08-12 13:12:00,36.0,28.656656
1995-08-12 13:13:00,24.0,31.526276
1995-08-12 13:14:00,39.0,24.288603
1995-08-12 13:15:00,42.0,35.69637
1995-08-12 13:16:00,43.0,38.556446
1995-08-12 13:17:00,24.0,37.924362
1995-08-12 13:18:00,27.0,28.415337
1995-08-12 13:19:00,43.0,33.06547
1995-08-12 13:20:00,41.0,38.81852
1995-08-12 13:21:00,30.0,39.30888
1995-08-12 13:22:00,33.0,33.421776
1995-08-12 13:23:00,38.0,28.226994
1995-08-12 13:24:00,35.0,35.433407
1995-08-12 13:25:00,41.0,35.014168
1995-08-12 13:26:00,45.0,39.174236
1995-08-12 13:27:00,59.0,38.400173
1995-08-12 13:28:00,57.0,44.747364
1995-08-12 13:29:00,24.0,49.942894
1995-08-12 13:30:00,42.0,30.374346
1995-08-12 13:31:00,53.0,35.947758
1995-08-12 13:32:00,38.0,46.177197
1995-08-12 13:33:00,48.0,37.99902
1995-08-12 13:34:00,48.0,43.44025
1995-08-12 13:35:00,47.0,43.223976
1995-08-12 13:36:00,38.0,41.763893
1995-08-12 13:37:00,33.0,38.860485
1995-08-12 13:38:00,14.0,32.511845
1995-08-12 13:39:00,8.0,22.139618
1995-08-12 13:40:00,29.0,25.108027
1995-08-12 13:41:00,31.0,27.672382
1995-08-12 13:42:00,42.0,30.67044
1995-08-12 13:43:00,52.0,29.360783
1995-08-12 13:44:00,43.0,41.349674
1995-08-12 13:45:00,41.0,40.15712
1995-08-12 13:46:00,46.0,29.90707
1995-08-12 13:47:00,23.0,35.780315
1995-08-12 13:48:00,27.0,28.765907
1995-08-12 13:49:00,33.0,31.137104
1995-08-12 13:50:00,37.0,36.628864
1995-08-12 13:51:00,42.0,31.86808
1995-08-12 13:52:00,37.0,31.614693
1995-08-12 13:53:00,14.0,13.593209
1995-08-12 13:54:00,18.0,24.874378
1995-08-12 13:55:00,19.0,29.10914
1995-08-12 13:56:00,28.0,27.145758
1995-08-12 13:57:00,37.0,30.32226
1995-08-12 13:58:00,25.0,26.035784
1995-08-12 13:59:00,49.0,29.834698
1995-08-12 14:00:00,38.0,38.735615
1995-08-12 14:01:00,40.0,34.12171
1995-08-12 14:02:00,29.0,34.677273
1995-08-12 14:03:00,32.0,33.19659
1995-08-12 14:04:00,25.0,32.87214
1995-08-12 14:05:00,31.0,31.288479
1995-08-12 14:06:00,23.0,34.48008
1995-08-12 14:07:00,33.0,29.609129
1995-08-12 14:08:00,39.0,30.304619
1995-08-12 14:09:00,44.0,34.358646
1995-08-12 14:10:00,55.0,38.946327
1995-08-12 14:11:00,32.0,44.454567
1995-08-12 14:12:00,37.0,36.285336
1995-08-12 14:13:00,30.0,38.073944
1995-08-12 14:14:00,50.0,30.060915
1995-08-12 14:15:00,24.0,41.949726
1995-08-12 14:16:00,23.0,31.445942
1995-08-12 14:17:00,29.0,31.300388
1995-08-12 14:18:00,18.0,25.436659
1995-08-12 14:19:00,23.0,23.04339
1995-08-12 14:20:00,36.0,27.296541
1995-08-12 14:21:00,28.0,34.564568
1995-08-12 14:22:00,33.0,26.44876
1995-08-12 14:23:00,27.0,32.79531
1995-08-12 14:24:00,17.0,30.66015
1995-08-12 14:25:00,32.0,21.914276
1995-08-12 14:26:00,33.0,32.07015
1995-08-12 14:27:00,37.0,31.235374
1995-08-12 14:28:00,34.0,24.997017
1995-08-12 14:29:00,39.0,35.271915
1995-08-12 14:30:00,23.0,29.619587
1995-08-12 14:31:00,31.0,29.078403
1995-08-12 14:32:00,10.0,20.989246
1995-08-12 14:33:00,23.0,24.020657
1995-08-12 14:34:00,39.0,29.2841
1995-08-12 14:35:00,27.0,32.65323
1995-08-12 14:36:00,20.0,22.8491
1995-08-12 14:37:00,22.0,15.008253
1995-08-12 14:38:00,17.0,22.746088
1995-08-12 14:39:00,17.0,18.97804
1995-08-12 14:40:00,30.0,23.442436
1995-08-12 14:41:00,18.0,19.496393
1995-08-12 14:42:00,33.0,22.701878
1995-08-12 14:43:00,27.0,25.749804
1995-08-12 14:44:00,19.0,21.274632
1995-08-12 14:45:00,39.0,27.970303
1995-08-12 14:46:00,19.0,24.067076
1995-08-12 14:47:00,38.0,24.98634
1995-08-12 14:48:00,24.0,23.502293
1995-08-12 14:49:00,27.0,23.841469
1995-08-12 14:50:00,29.0,25.135798
1995-08-12 14:51:00,31.0,26.770819
1995-08-12 14:52:00,41.0,29.703781
1995-08-12 14:53:00,33.0,32.34463
1995-08-12 14:54:00,21.0,32.330997
1995-08-12 14:55:00,21.0,21.935139
1995-08-12 14:56:00,17.0,24.489471
1995-08-12 14:57:00,42.0,27.058388
1995-08-12 14:58:00,29.0,26.731638
1995-08-12 14:59:00,14.0,20.43083
1995-08-12 15:00:00,13.0,27.016342
1995-08-12 15:01:00,35.0,22.458717
1995-08-12 15:02:00,24.0,20.51221
1995-08-12 15:03:00,18.0,22.318275
1995-08-12 15:04:00,19.0,17.537983
1995-08-12 15:05:00,33.0,25.695293
1995-08-12 15:06:00,43.0,29.478521
1995-08-12 15:07:00,34.0,36.180542
1995-08-12 15:08:00,30.0,28.49975
1995-08-12 15:09:00,21.0,30.398083
1995-08-12 15:10:00,68.0,24.5374
1995-08-12 15:11:00,52.0,39.321148
1995-08-12 15:12:00,39.0,39.8742
1995-08-12 15:13:00,21.0,31.215965
1995-08-12 15:14:00,14.0,24.98435
1995-08-12 15:15:00,33.0,27.277954
1995-08-12 15:16:00,36.0,33.763542
1995-08-12 15:17:00,28.0,32.102364
1995-08-12 15:18:00,31.0,31.298141
1995-08-12 15:19:00,52.0,34.005203
1995-08-12 15:20:00,29.0,40.993294
1995-08-12 15:21:00,41.0,34.68989
1995-08-12 15:22:00,38.0,33.690186
1995-08-12 15:23:00,37.0,35.313534
1995-08-12 15:24:00,32.0,35.211643
1995-08-12 15:25:00,20.0,18.133028
1995-08-12 15:26:00,13.0,20.746685
1995-08-12 15:27:00,35.0,24.254772
1995-08-12 15:28:00,25.0,30.167418
1995-08-12 15:29:00,55.0,24.709026
1995-08-12 15:30:00,41.0,24.185455
1995-08-12 15:31:00,33.0,41.851913
1995-08-12 15:32:00,30.0,36.297634
1995-08-12 15:33:00,41.0,29.23567
1995-08-12 15:34:00,26.0,35.162365
1995-08-12 15:35:00,22.0,34.30538
1995-08-12 15:36:00,29.0,24.265263
1995-08-12 15:37:00,37.0,28.085075
1995-08-12 15:38:00,20.0,30.190098
1995-08-12 15:39:00,32.0,27.512505
1995-08-12 15:40:00,73.0,34.780483
1995-08-12 15:41:00,54.0,43.075726
1995-08-12 15:42:00,39.0,34.72251
1995-08-12 15:43:00,30.0,33.218056
1995-08-12 15:44:00,38.0,31.45398
1995-08-12 15:45:00,65.0,34.664143
1995-08-12 15:46:00,70.0,49.13855
1995-08-12 15:47:00,59.0,51.88058
1995-08-12 15:48:00,57.0,45.119843
1995-08-12 15:49:00,41.0,51.577606
1995-08-12 15:50:00,47.0,38.463444
1995-08-12 15:51:00,37.0,37.55477
1995-08-12 15:52:00,41.0,40.41088
1995-08-12 15:53:00,29.0,40.027546
1995-08-12 15:54:00,50.0,34.285675
1995-08-12 15:55:00,34.0,42.788803
1995-08-12 15:56:00,34.0,37.22645
1995-08-12 15:57:00,35.0,28.770485
1995-08-12 15:58:00,22.0,31.309364
1995-08-12 15:59:00,30.0,22.224852
1995-08-12 16:00:00,28.0,30.280788
1995-08-12 16:01:00,50.0,29.56621
1995-08-12 16:02:00,30.0,26.940825
1995-08-12 16:03:00,40.0,25.429733
1995-08-12 16:04:00,54.0,39.58393
1995-08-12 16:05:00,61.0,42.29125
1995-08-12 16:06:00,35.0,45.565575
1995-08-12 16:07:00,30.0,39.03791
1995-08-12 16:08:00,18.0,30.490137
1995-08-12 16:09:00,30.0,23.611479
1995-08-12 16:10:00,54.0,35.135715
1995-08-12 16:11:00,52.0,41.200542
1995-08-12 16:12:00,59.0,39.75376
1995-08-12 16:13:00,44.0,48.658684
1995-08-12 16:14:00,36.0,40.856453
1995-08-12 16:15:00,20.0,38.906963
1995-08-12 16:16:00,42.0,22.389406
1995-08-12 16:17:00,23.0,9.984593
1995-08-12 16:18:00,34.0,35.49261
1995-08-12 16:19:00,24.0,30.172457
1995-08-12 16:20:00,42.0,32.55633
1995-08-12 16:21:00,37.0,38.53492
1995-08-12 16:22:00,26.0,38.79654
1995-08-12 16:23:00,30.0,33.551235
1995-08-12 16:24:00,40.0,36.341446
1995-08-12 16:25:00,41.0,39.974873
1995-08-12 16:26:00,37.0,40.535824
1995-08-12 16:27:00,33.0,38.971336
1995-08-12 16:28:00,40.0,33.885487
1995-08-12 16:29:00,35.0,30.269306
1995-08-12 16:30:00,27.0,27.338644
1995-08-12 16:31:00,30.0,29.12414
1995-08-12 16:32:00,50.0,25.65773
1995-08-12 16:33:00,23.0,42.631992
1995-08-12 16:34:00,23.0,34.104702
1995-08-12 16:35:00,23.0,28.778004
1995-08-12 16:36:00,35.0,31.858898
1995-08-12 16:37:00,56.0,35.262245
1995-08-12 16:38:00,59.0,42.071243
1995-08-12 16:39:00,54.0,36.543747
1995-08-12 16:40:00,44.0,43.31916
1995-08-12 16:41:00,19.0,38.269722
1995-08-12 16:42:00,35.0,29.547655
1995-08-12 16:43:00,57.0,34.3597
1995-08-12 16:44:00,50.0,45.184708
1995-08-12 16:45:00,39.0,43.07543
1995-08-12 16:46:00,11.0,33.01396
1995-08-12 16:47:00,20.0,30.079472
1995-08-12 16:48:00,11.0,8.842186
1995-08-12 16:49:00,42.0,23.375278
1995-08-12 16:50:00,34.0,38.545147
1995-08-12 16:51:00,24.0,24.115591
1995-08-12 16:52:00,15.0,28.985615
1995-08-12 16:53:00,4.0,28.45255
1995-08-12 16:54:00,25.0,21.623205
1995-08-12 16:55:00,58.0,30.007679
1995-08-12 16:56:00,21.0,34.57923
1995-08-12 16:57:00,16.0,29.343098
1995-08-12 16:58:00,35.0,28.361057
1995-08-12 16:59:00,39.0,31.226067
1995-08-12 17:00:00,44.0,34.754627
1995-08-12 17:01:00,26.0,30.579283
1995-08-12 17:02:00,20.0,33.48801
1995-08-12 17:03:00,40.0,31.266617
1995-08-12 17:04:00,33.0,35.963837
1995-08-12 17:05:00,36.0,34.676968
1995-08-12 17:06:00,39.0,35.527332
1995-08-12 17:07:00,26.0,37.687218
1995-08-12 17:08:00,14.0,33.6901
1995-08-12 17:09:00,21.0,25.694447
1995-08-12 17:10:00,41.0,28.117533
1995-08-12 17:11:00,45.0,23.569092
1995-08-12 17:12:00,43.0,36.958336
1995-08-12 17:13:00,33.0,30.123339
1995-08-12 17:14:00,29.0,27.519766
1995-08-12 17:15:00,23.0,27.563446
1995-08-12 17:16:00,34.0,25.622631
1995-08-12 17:17:00,31.0,27.051186
1995-08-12 17:18:00,16.0,27.853981
1995-08-12 17:19:00,34.0,22.921679
1995-08-12 17:20:00,53.0,31.572575
1995-08-12 17:21:00,44.0,40.3187
1995-08-12 17:22:00,32.0,39.851948
1995-08-12 17:23:00,44.0,33.575817
1995-08-12 17:24:00,61.0,39.896423
1995-08-12 17:25:00,29.0,34.380436
1995-08-12 17:26:00,23.0,29.64889
1995-08-12 17:27:00,24.0,29.25242
1995-08-12 17:28:00,23.0,29.560205
1995-08-12 17:29:00,33.0,26.538076
1995-08-12 17:30:00,19.0,35.243317
1995-08-12 17:31:00,35.0,29.823687
1995-08-12 17:32:00,23.0,27.753263
1995-08-12 17:33:00,36.0,30.62311
1995-08-12 17:34:00,57.0,36.87057
1995-08-12 17:35:00,45.0,41.36582
1995-08-12 17:36:00,47.0,40.681583
1995-08-12 17:37:00,47.0,38.891087
1995-08-12 17:38:00,39.0,40.505703
1995-08-12 17:39:00,58.0,30.34852
1995-08-12 17:40:00,43.0,47.17678
1995-08-12 17:41:00,49.0,40.227608
1995-08-12 17:42:00,43.0,43.29908
1995-08-12 17:43:00,56.0,37.82061
1995-08-12 17:44:00,68.0,49.978275
1995-08-12 17:45:00,77.0,47.80973
1995-08-12 17:46:00,51.0,50.338554
1995-08-12 17:47:00,47.0,38.717106
1995-08-12 17:48:00,59.0,45.61993
1995-08-12 17:49:00,43.0,41.587444
1995-08-12 17:50:00,68.0,47.219013
1995-08-12 17:51:00,33.0,57.26494
1995-08-12 17:52:00,30.0,34.75333
1995-08-12 17:53:00,30.0,16.286137
1995-08-12 17:54:00,33.0,33.981785
1995-08-12 17:55:00,27.0,25.254465
1995-08-12 17:56:00,15.0,21.402714
1995-08-12 17:57:00,56.0,28.572296
1995-08-12 17:58:00,49.0,38.32605
1995-08-12 17:59:00,49.0,44.89441
1995-08-12 18:00:00,18.0,44.947815
1995-08-12 18:01:00,27.0,28.59198
1995-08-12 18:02:00,45.0,36.77974
1995-08-12 18:03:00,20.0,35.690315
1995-08-12 18:04:00,65.0,28.787525
1995-08-12 18:05:00,48.0,42.95432
1995-08-12 18:06:00,37.0,36.217056
1995-08-12 18:07:00,28.0,34.52058
1995-08-12 18:08:00,30.0,30.62553
1995-08-12 18:09:00,16.0,29.915155
1995-08-12 18:10:00,16.0,15.8896885
1995-08-12 18:11:00,26.0,31.011135
1995-08-12 18:12:00,38.0,31.106453
1995-08-12 18:13:00,35.0,31.59568
1995-08-12 18:14:00,35.0,32.65949
1995-08-12 18:15:00,45.0,32.909718
1995-08-12 18:16:00,38.0,39.688385
1995-08-12 18:17:00,40.0,34.773685
1995-08-12 18:18:00,39.0,38.95152
1995-08-12 18:19:00,21.0,35.720306
1995-08-12 18:20:00,34.0,33.13452
1995-08-12 18:21:00,41.0,33.540913
1995-08-12 18:22:00,48.0,39.403297
1995-08-12 18:23:00,26.0,28.408949
1995-08-12 18:24:00,24.0,25.9646
1995-08-12 18:25:00,27.0,25.335314
1995-08-12 18:26:00,27.0,32.888844
1995-08-12 18:27:00,40.0,32.193455
1995-08-12 18:28:00,37.0,36.16125
1995-08-12 18:29:00,54.0,36.909824
1995-08-12 18:30:00,30.0,40.69191
1995-08-12 18:31:00,37.0,32.167442
1995-08-12 18:32:00,45.0,38.80485
1995-08-12 18:33:00,45.0,40.851517
1995-08-12 18:34:00,39.0,41.52751
1995-08-12 18:35:00,28.0,36.38325
1995-08-12 18:36:00,33.0,31.070889
1995-08-12 18:37:00,24.0,29.681118
1995-08-12 18:38:00,19.0,26.830294
1995-08-12 18:39:00,18.0,25.999538
1995-08-12 18:40:00,16.0,17.723913
1995-08-12 18:41:00,43.0,28.079418
1995-08-12 18:42:00,51.0,37.46968
1995-08-12 18:43:00,40.0,38.98382
1995-08-12 18:44:00,30.0,37.01224
1995-08-12 18:45:00,47.0,35.407444
1995-08-12 18:46:00,23.0,33.99171
1995-08-12 18:47:00,37.0,32.100098
1995-08-12 18:48:00,15.0,26.364592
1995-08-12 18:49:00,16.0,14.910032
1995-08-12 18:50:00,19.0,27.852612
1995-08-12 18:51:00,29.0,27.06805
1995-08-12 18:52:00,35.0,26.371181
1995-08-12 18:53:00,34.0,28.323805
1995-08-12 18:54:00,39.0,30.463345
1995-08-12 18:55:00,58.0,33.040386
1995-08-12 18:56:00,30.0,37.89836
1995-08-12 18:57:00,35.0,33.340393
1995-08-12 18:58:00,23.0,33.825493
1995-08-12 18:59:00,27.0,29.029263
1995-08-12 19:00:00,44.0,28.989218
1995-08-12 19:01:00,16.0,29.51847
1995-08-12 19:02:00,40.0,27.117466
1995-08-12 19:03:00,11.0,29.247242
1995-08-12 19:04:00,29.0,23.636578
1995-08-12 19:05:00,11.0,18.780231
1995-08-12 19:06:00,35.0,25.659039
1995-08-12 19:07:00,39.0,28.725803
1995-08-12 19:08:00,18.0,23.639349
1995-08-12 19:09:00,25.0,27.299625
1995-08-12 19:10:00,40.0,27.063238
1995-08-12 19:11:00,58.0,32.31997
1995-08-12 19:12:00,61.0,36.858185
1995-08-12 19:13:00,31.0,43.749775
1995-08-12 19:14:00,48.0,33.349163
1995-08-12 19:15:00,41.0,38.87903
1995-08-12 19:16:00,29.0,36.41484
1995-08-12 19:17:00,10.0,30.590984
1995-08-12 19:18:00,22.0,21.202412
1995-08-12 19:19:00,22.0,24.770481
1995-08-12 19:20:00,18.0,24.390564
1995-08-12 19:21:00,38.0,22.619614
1995-08-12 19:22:00,48.0,33.837276
1995-08-12 19:23:00,28.0,31.756577
1995-08-12 19:24:00,29.0,27.496738
1995-08-12 19:25:00,20.0,23.913712
1995-08-12 19:26:00,21.0,26.340267
1995-08-12 19:27:00,18.0,28.406145
1995-08-12 19:28:00,21.0,25.54735
1995-08-12 19:29:00,28.0,24.718468
1995-08-12 19:30:00,26.0,28.005611
1995-08-12 19:31:00,31.0,29.38613
1995-08-12 19:32:00,28.0,32.756874
1995-08-12 19:33:00,32.0,30.409897
1995-08-12 19:34:00,18.0,20.751207
1995-08-12 19:35:00,27.0,26.43504
1995-08-12 19:36:00,49.0,30.036383
1995-08-12 19:37:00,26.0,38.341167
1995-08-12 19:38:00,32.0,31.800522
1995-08-12 19:39:00,63.0,25.84388
1995-08-12 19:40:00,27.0,25.599892
1995-08-12 19:41:00,33.0,29.885303
1995-08-12 19:42:00,24.0,12.5868635
1995-08-12 19:43:00,23.0,26.509268
1995-08-12 19:44:00,16.0,16.656084
1995-08-12 19:45:00,31.0,22.957987
1995-08-12 19:46:00,26.0,24.860329
1995-08-12 19:47:00,43.0,27.85757
1995-08-12 19:48:00,32.0,32.25822
1995-08-12 19:49:00,37.0,29.134161
1995-08-12 19:50:00,40.0,34.04663
1995-08-12 19:51:00,37.0,28.417833
1995-08-12 19:52:00,23.0,26.480812
1995-08-12 19:53:00,41.0,26.272194
1995-08-12 19:54:00,28.0,31.607517
1995-08-12 19:55:00,39.0,25.707726
1995-08-12 19:56:00,40.0,34.006462
1995-08-12 19:57:00,29.0,36.30971
1995-08-12 19:58:00,24.0,19.9029
1995-08-12 19:59:00,51.0,32.0106
1995-08-12 20:00:00,40.0,36.682102
1995-08-12 20:01:00,46.0,33.69433
1995-08-12 20:02:00,32.0,37.958687
1995-08-12 20:03:00,14.0,30.71019
1995-08-12 20:04:00,11.0,19.093445
1995-08-12 20:05:00,45.0,28.673658
1995-08-12 20:06:00,51.0,34.186016
1995-08-12 20:07:00,46.0,34.3419
1995-08-12 20:08:00,50.0,41.57449
1995-08-12 20:09:00,49.0,40.239914
1995-08-12 20:10:00,17.0,38.89371
1995-08-12 20:11:00,15.0,28.308329
1995-08-12 20:12:00,14.0,19.244267
1995-08-12 20:13:00,64.0,28.982475
1995-08-12 20:14:00,28.0,31.225761
1995-08-12 20:15:00,32.0,30.850494
1995-08-12 20:16:00,21.0,35.47771
1995-08-12 20:17:00,29.0,30.748423
1995-08-12 20:18:00,36.0,28.969933
1995-08-12 20:19:00,34.0,35.75061
1995-08-12 20:20:00,45.0,35.12238
1995-08-12 20:21:00,26.0,26.53033
1995-08-12 20:22:00,32.0,29.206236
1995-08-12 20:23:00,45.0,35.2925
1995-08-12 20:24:00,66.0,39.81578
1995-08-12 20:25:00,25.0,45.755432
1995-08-12 20:26:00,17.0,18.831877
1995-08-12 20:27:00,25.0,29.265587
1995-08-12 20:28:00,27.0,32.206142
1995-08-12 20:29:00,55.0,31.608482
1995-08-12 20:30:00,35.0,24.761425
1995-08-12 20:31:00,27.0,35.332146
1995-08-12 20:32:00,39.0,34.6887
1995-08-12 20:33:00,34.0,36.48573
1995-08-12 20:34:00,25.0,30.855143
1995-08-12 20:35:00,42.0,31.716072
1995-08-12 20:36:00,40.0,28.5166
1995-08-12 20:37:00,48.0,28.715487
1995-08-12 20:38:00,54.0,41.541607
1995-08-12 20:39:00,39.0,29.101475
1995-08-12 20:40:00,34.0,31.958603
1995-08-12 20:41:00,37.0,34.130524
1995-08-12 20:42:00,28.0,32.89121
1995-08-12 20:43:00,23.0,31.27385
1995-08-12 20:44:00,19.0,32.35604
1995-08-12 20:45:00,30.0,29.329824
1995-08-12 20:46:00,38.0,26.247355
1995-08-12 20:47:00,17.0,21.532034
1995-08-12 20:48:00,27.0,25.313873
1995-08-12 20:49:00,27.0,27.906675
1995-08-12 20:50:00,26.0,26.21521
1995-08-12 20:51:00,15.0,32.08238
1995-08-12 20:52:00,13.0,18.23374
1995-08-12 20:53:00,31.0,25.819609
1995-08-12 20:54:00,46.0,29.606361
1995-08-12 20:55:00,42.0,32.111916
1995-08-12 20:56:00,36.0,35.986732
1995-08-12 20:57:00,40.0,37.19726
1995-08-12 20:58:00,39.0,36.77639
1995-08-12 20:59:00,52.0,34.9068
1995-08-12 21:00:00,32.0,35.158596
1995-08-12 21:01:00,28.0,28.192362
1995-08-12 21:02:00,54.0,33.02413
1995-08-12 21:03:00,21.0,40.703156
1995-08-12 21:04:00,26.0,29.271568
1995-08-12 21:05:00,21.0,29.093596
1995-08-12 21:06:00,20.0,28.955738
1995-08-12 21:07:00,7.0,7.5107107
1995-08-12 21:08:00,20.0,20.451303
1995-08-12 21:09:00,22.0,20.390345
1995-08-12 21:10:00,11.0,25.43129
1995-08-12 21:11:00,30.0,23.249475
1995-08-12 21:12:00,40.0,22.465096
1995-08-12 21:13:00,19.0,33.8177
1995-08-12 21:14:00,35.0,26.436047
1995-08-12 21:15:00,32.0,25.686817
1995-08-12 21:16:00,18.0,16.797749
1995-08-12 21:17:00,27.0,25.273859
1995-08-12 21:18:00,34.0,29.981592
1995-08-12 21:19:00,41.0,29.311768
1995-08-12 21:20:00,40.0,33.941547
1995-08-12 21:21:00,36.0,30.335915
1995-08-12 21:22:00,28.0,33.849674
1995-08-12 21:23:00,37.0,29.693592
1995-08-12 21:24:00,50.0,35.74643
1995-08-12 21:25:00,34.0,38.246246
1995-08-12 21:26:00,31.0,31.690098
1995-08-12 21:27:00,18.0,26.389923
1995-08-12 21:28:00,38.0,30.169514
1995-08-12 21:29:00,30.0,35.55876
1995-08-12 21:30:00,28.0,22.420895
1995-08-12 21:31:00,16.0,26.865961
1995-08-12 21:32:00,32.0,26.325981
1995-08-12 21:33:00,37.0,32.670918
1995-08-12 21:34:00,42.0,31.97448
1995-08-12 21:35:00,63.0,34.374733
1995-08-12 21:36:00,47.0,44.323833
1995-08-12 21:37:00,36.0,32.7414
1995-08-12 21:38:00,29.0,32.86739
1995-08-12 21:39:00,36.0,28.85729
1995-08-12 21:40:00,41.0,30.536478
1995-08-12 21:41:00,41.0,38.823067
1995-08-12 21:42:00,31.0,37.865765
1995-08-12 21:43:00,14.0,36.272476
1995-08-12 21:44:00,12.0,21.237604
1995-08-12 21:45:00,43.0,25.630953
1995-08-12 21:46:00,29.0,36.167862
1995-08-12 21:47:00,34.0,32.020954
1995-08-12 21:48:00,18.0,30.02195
1995-08-12 21:49:00,18.0,30.04339
1995-08-12 21:50:00,26.0,21.374226
1995-08-12 21:51:00,32.0,18.222021
1995-08-12 21:52:00,19.0,25.258308
1995-08-12 21:53:00,35.0,24.56588
1995-08-12 21:54:00,20.0,28.821407
1995-08-12 21:55:00,17.0,22.403084
1995-08-12 21:56:00,19.0,24.022238
1995-08-12 21:57:00,14.0,24.14348
1995-08-12 21:58:00,37.0,25.539175
1995-08-12 21:59:00,26.0,22.81979
1995-08-12 22:00:00,38.0,26.360886
1995-08-12 22:01:00,25.0,29.31376
1995-08-12 22:02:00,19.0,20.047224
1995-08-12 22:03:00,21.0,25.956295
1995-08-12 22:04:00,32.0,29.748446
1995-08-12 22:05:00,33.0,25.70213
1995-08-12 22:06:00,26.0,31.170345
1995-08-12 22:07:00,19.0,30.819284
1995-08-12 22:08:00,39.0,22.69625
1995-08-12 22:09:00,32.0,28.488688
1995-08-12 22:10:00,39.0,28.752441
1995-08-12 22:11:00,42.0,27.576504
1995-08-12 22:12:00,28.0,29.658297
1995-08-12 22:13:00,29.0,30.696026
1995-08-12 22:14:00,50.0,26.649786
1995-08-12 22:15:00,48.0,35.01355
1995-08-12 22:16:00,36.0,31.66212
1995-08-12 22:17:00,49.0,33.917355
1995-08-12 22:18:00,41.0,39.441685
1995-08-12 22:19:00,34.0,35.910583
1995-08-12 22:20:00,31.0,32.713203
1995-08-12 22:21:00,45.0,29.956953
1995-08-12 22:22:00,69.0,36.28065
1995-08-12 22:23:00,30.0,29.09996
1995-08-12 22:24:00,49.0,32.469112
1995-08-12 22:25:00,33.0,39.46133
1995-08-12 22:26:00,63.0,29.547195
1995-08-12 22:27:00,23.0,29.113405
1995-08-12 22:28:00,29.0,24.548727
1995-08-12 22:29:00,39.0,30.837404
1995-08-12 22:30:00,25.0,38.361057
1995-08-12 22:31:00,30.0,31.589687
1995-08-12 22:32:00,38.0,34.536488
1995-08-12 22:33:00,44.0,38.629707
1995-08-12 22:34:00,35.0,31.475063
1995-08-12 22:35:00,26.0,32.033535
1995-08-12 22:36:00,28.0,28.456984
1995-08-12 22:37:00,32.0,32.695637
1995-08-12 22:38:00,44.0,36.0004
1995-08-12 22:39:00,47.0,40.602394
1995-08-12 22:40:00,66.0,39.8144
1995-08-12 22:41:00,101.0,45.99798
1995-08-12 22:42:00,46.0,53.936314
1995-08-12 22:43:00,18.0,34.487827
1995-08-12 22:44:00,42.0,36.795563
1995-08-12 22:45:00,64.0,41.766872
1995-08-12 22:46:00,55.0,53.28558
1995-08-12 22:47:00,41.0,35.27419
1995-08-12 22:48:00,35.0,40.610462
1995-08-12 22:49:00,57.0,39.238537
1995-08-12 22:50:00,63.0,49.3552
1995-08-12 22:51:00,43.0,47.11656
1995-08-12 22:52:00,35.0,33.682297
1995-08-12 22:53:00,36.0,45.32367
1995-08-12 22:54:00,61.0,38.41591
1995-08-12 22:55:00,40.0,43.331696
1995-08-12 22:56:00,34.0,44.303318
1995-08-12 22:57:00,29.0,39.273376
1995-08-12 22:58:00,48.0,33.6536
1995-08-12 22:59:00,40.0,43.407055
1995-08-12 23:00:00,29.0,40.101425
1995-08-12 23:01:00,40.0,31.4873
1995-08-12 23:02:00,59.0,41.8709
1995-08-12 23:03:00,50.0,41.12919
1995-08-12 23:04:00,61.0,41.025726
1995-08-12 23:05:00,21.0,46.0101
1995-08-12 23:06:00,46.0,32.229267
1995-08-12 23:07:00,28.0,37.392666
1995-08-12 23:08:00,23.0,26.177868
1995-08-12 23:09:00,24.0,30.522888
1995-08-12 23:10:00,33.0,15.034832
1995-08-12 23:11:00,19.0,31.94619
1995-08-12 23:12:00,17.0,28.051651
1995-08-12 23:13:00,31.0,29.875975
1995-08-12 23:14:00,14.0,18.878088
1995-08-12 23:15:00,32.0,27.70065
1995-08-12 23:16:00,43.0,30.183117
1995-08-12 23:17:00,50.0,33.84057
1995-08-12 23:18:00,27.0,31.734875
1995-08-12 23:19:00,39.0,33.33167
1995-08-12 23:20:00,44.0,36.80093
1995-08-12 23:21:00,64.0,41.357834
1995-08-12 23:22:00,58.0,46.02899
1995-08-12 23:23:00,59.0,48.07935
1995-08-12 23:24:00,43.0,50.656673
1995-08-12 23:25:00,47.0,38.41368
1995-08-12 23:26:00,79.0,42.688766
1995-08-12 23:27:00,70.0,52.52825
1995-08-12 23:28:00,50.0,56.138565
1995-08-12 23:29:00,45.0,50.78444
1995-08-12 23:30:00,45.0,42.635273
1995-08-12 23:31:00,74.0,41.91119
1995-08-12 23:32:00,56.0,60.215237
1995-08-12 23:33:00,46.0,47.21423
1995-08-12 23:34:00,46.0,41.164265
1995-08-12 23:35:00,47.0,41.98513
1995-08-12 23:36:00,73.0,47.852352
1995-08-12 23:37:00,46.0,55.727577
1995-08-12 23:38:00,43.0,45.68934
1995-08-12 23:39:00,30.0,43.34049
1995-08-12 23:40:00,15.0,30.3886
1995-08-12 23:41:00,26.0,35.578037
1995-08-12 23:42:00,31.0,29.327526
1995-08-12 23:43:00,33.0,30.86478
1995-08-12 23:44:00,26.0,30.542645
1995-08-12 23:45:00,22.0,28.363737
1995-08-12 23:46:00,25.0,30.70168
1995-08-12 23:47:00,41.0,35.688408
1995-08-12 23:48:00,36.0,40.34287
1995-08-12 23:49:00,19.0,31.426601
1995-08-12 23:50:00,17.0,28.49311
1995-08-12 23:51:00,24.0,21.579954
1995-08-12 23:52:00,31.0,31.094677
1995-08-12 23:53:00,19.0,29.050161
1995-08-12 23:54:00,14.0,23.647728
1995-08-12 23:55:00,46.0,28.111446
1995-08-12 23:56:00,37.0,38.405453
1995-08-12 23:57:00,48.0,39.328884
1995-08-12 23:58:00,41.0,41.66197
1995-08-12 23:59:00,29.0,38.481285
1995-08-13 00:00:00,73.0,32.189697
1995-08-13 00:01:00,53.0,46.97954
1995-08-13 00:02:00,43.0,44.326954
1995-08-13 00:03:00,34.0,36.81633
1995-08-13 00:04:00,42.0,34.701447
1995-08-13 00:05:00,42.0,35.344196
1995-08-13 00:06:00,47.0,36.42206
1995-08-13 00:07:00,51.0,39.10735
1995-08-13 00:08:00,31.0,45.697178
1995-08-13 00:09:00,40.0,31.196072
1995-08-13 00:10:00,20.0,38.360325
1995-08-13 00:11:00,56.0,27.128624
1995-08-13 00:12:00,53.0,45.51041
1995-08-13 00:13:00,66.0,45.9218
1995-08-13 00:14:00,47.0,46.602394
1995-08-13 00:15:00,46.0,41.87643
1995-08-13 00:16:00,21.0,37.783356
1995-08-13 00:17:00,36.0,26.526064
1995-08-13 00:18:00,56.0,32.776085
1995-08-13 00:19:00,41.0,39.59876
1995-08-13 00:20:00,83.0,38.904377
1995-08-13 00:21:00,37.0,55.395596
1995-08-13 00:22:00,25.0,37.126186
1995-08-13 00:23:00,25.0,28.216648
1995-08-13 00:24:00,32.0,30.134844
1995-08-13 00:25:00,36.0,33.265617
1995-08-13 00:26:00,31.0,32.030975
1995-08-13 00:27:00,32.0,28.99526
1995-08-13 00:28:00,39.0,36.929214
1995-08-13 00:29:00,8.0,41.93613
1995-08-13 00:30:00,15.0,12.442436
1995-08-13 00:31:00,32.0,17.128227
1995-08-13 00:32:00,32.0,32.058197
1995-08-13 00:33:00,37.0,30.334846
1995-08-13 00:34:00,27.0,32.567406
1995-08-13 00:35:00,44.0,30.661283
1995-08-13 00:36:00,38.0,34.81082
1995-08-13 00:37:00,34.0,34.237686
1995-08-13 00:38:00,37.0,32.445843
1995-08-13 00:39:00,61.0,35.87388
1995-08-13 00:40:00,48.0,44.349644
1995-08-13 00:41:00,29.0,40.827374
1995-08-13 00:42:00,30.0,31.652111
1995-08-13 00:43:00,38.0,26.621256
1995-08-13 00:44:00,14.0,30.889223
1995-08-13 00:45:00,34.0,21.616781
1995-08-13 00:46:00,52.0,33.70333
1995-08-13 00:47:00,29.0,34.227127
1995-08-13 00:48:00,30.0,33.152576
1995-08-13 00:49:00,46.0,32.74867
1995-08-13 00:50:00,32.0,40.501278
1995-08-13 00:51:00,31.0,33.2253
1995-08-13 00:52:00,18.0,31.79382
1995-08-13 00:53:00,22.0,30.230421
1995-08-13 00:54:00,31.0,27.349476
1995-08-13 00:55:00,43.0,25.641012
1995-08-13 00:56:00,31.0,36.782272
1995-08-13 00:57:00,34.0,28.158285
1995-08-13 00:58:00,29.0,27.30046
1995-08-13 00:59:00,19.0,30.012846
1995-08-13 01:00:00,45.0,25.60035
1995-08-13 01:01:00,31.0,27.352571
1995-08-13 01:02:00,17.0,19.62128
1995-08-13 01:03:00,20.0,22.943716
1995-08-13 01:04:00,18.0,27.50492
1995-08-13 01:05:00,16.0,19.22809
1995-08-13 01:06:00,15.0,25.198097
1995-08-13 01:07:00,19.0,16.931171
1995-08-13 01:08:00,16.0,18.463491
1995-08-13 01:09:00,21.0,19.853685
1995-08-13 01:10:00,13.0,25.161133
1995-08-13 01:11:00,13.0,10.467569
1995-08-13 01:12:00,22.0,16.450043
1995-08-13 01:13:00,16.0,14.718745
1995-08-13 01:14:00,10.0,13.3979435
1995-08-13 01:15:00,11.0,14.234614
1995-08-13 01:16:00,28.0,14.407148
1995-08-13 01:17:00,20.0,11.971528
1995-08-13 01:18:00,8.0,15.040104
1995-08-13 01:19:00,15.0,13.213642
1995-08-13 01:20:00,6.0,16.741102
1995-08-13 01:21:00,29.0,11.026838
1995-08-13 01:22:00,36.0,17.931051
1995-08-13 01:23:00,39.0,25.359308
1995-08-13 01:24:00,41.0,21.355484
1995-08-13 01:25:00,12.0,18.843077
1995-08-13 01:26:00,15.0,12.411681
1995-08-13 01:27:00,30.0,19.36238
1995-08-13 01:28:00,25.0,22.020864
1995-08-13 01:29:00,31.0,17.877493
1995-08-13 01:30:00,18.0,24.082739
1995-08-13 01:31:00,15.0,19.150843
1995-08-13 01:32:00,13.0,17.654198
1995-08-13 01:33:00,9.0,16.663885
1995-08-13 01:34:00,20.0,15.980608
1995-08-13 01:35:00,16.0,17.995085
1995-08-13 01:36:00,32.0,16.18842
1995-08-13 01:37:00,25.0,21.519466
1995-08-13 01:38:00,17.0,18.954576
1995-08-13 01:39:00,19.0,17.412933
1995-08-13 01:40:00,18.0,13.870008
1995-08-13 01:41:00,28.0,18.308249
1995-08-13 01:42:00,26.0,22.208887
1995-08-13 01:43:00,25.0,19.231066
1995-08-13 01:44:00,14.0,18.465504
1995-08-13 01:45:00,23.0,17.642042
1995-08-13 01:46:00,31.0,23.582258
1995-08-13 01:47:00,17.0,23.870953
1995-08-13 01:48:00,10.0,17.234428
1995-08-13 01:49:00,4.0,9.535082
1995-08-13 01:50:00,4.0,5.500383
1995-08-13 01:51:00,27.0,12.530742
1995-08-13 01:52:00,36.0,20.953028
1995-08-13 01:53:00,31.0,28.35102
1995-08-13 01:54:00,30.0,23.30925
1995-08-13 01:55:00,22.0,21.313341
1995-08-13 01:56:00,30.0,20.215956
1995-08-13 01:57:00,13.0,24.647505
1995-08-13 01:58:00,28.0,16.99274
1995-08-13 01:59:00,16.0,13.511571
1995-08-13 02:00:00,23.0,17.67155
1995-08-13 02:01:00,28.0,17.57326
1995-08-13 02:02:00,48.0,24.086626
1995-08-13 02:03:00,21.0,20.84989
1995-08-13 02:04:00,24.0,17.217094
1995-08-13 02:05:00,33.0,26.252455
1995-08-13 02:06:00,31.0,21.624332
1995-08-13 02:07:00,26.0,20.599567
1995-08-13 02:08:00,9.0,14.764804
1995-08-13 02:09:00,3.0,10.463589
1995-08-13 02:10:00,0.0,1.4058776
1995-08-13 03:42:00,14.0,13.154442
1995-08-13 03:43:00,24.0,13.236348
1995-08-13 03:44:00,22.0,15.572573
1995-08-13 03:45:00,13.0,10.234463
1995-08-13 03:47:00,7.0,8.772103
1995-08-13 03:48:00,29.0,12.03557
1995-08-13 03:49:00,19.0,13.572911
1995-08-13 03:52:00,8.0,9.780937
1995-08-13 03:53:00,14.0,12.922365
1995-08-13 03:54:00,6.0,9.925127
1995-08-13 03:55:00,30.0,11.67217
1995-08-13 03:56:00,31.0,17.797012
1995-08-13 03:57:00,13.0,16.293365
1995-08-13 03:58:00,13.0,10.870813
1995-08-13 03:59:00,9.0,10.452965
1995-08-13 04:00:00,9.0,9.119554
1995-08-13 04:01:00,17.0,14.624789
1995-08-13 04:02:00,15.0,13.886439
1995-08-13 04:03:00,30.0,14.959604
1995-08-13 04:04:00,13.0,15.820658
1995-08-13 04:05:00,13.0,15.355316
1995-08-13 04:06:00,20.0,17.208784
1995-08-13 04:07:00,19.0,16.229658
1995-08-13 04:08:00,24.0,18.453014
1995-08-13 04:09:00,11.0,16.64969
1995-08-13 04:10:00,16.0,15.13455
1995-08-13 04:11:00,16.0,13.817372
1995-08-13 04:12:00,33.0,16.100868
1995-08-13 04:13:00,28.0,18.555807
1995-08-13 04:14:00,24.0,18.531885
1995-08-13 04:15:00,29.0,19.369415
1995-08-13 04:16:00,34.0,19.897718
1995-08-13 04:17:00,43.0,24.23092
1995-08-13 04:18:00,10.0,26.634964
1995-08-13 04:19:00,14.0,20.25107
1995-08-13 04:20:00,4.0,16.432253
1995-08-13 04:21:00,8.0,10.960007
1995-08-13 04:22:00,5.0,12.955797
1995-08-13 04:23:00,9.0,11.421004
1995-08-13 04:24:00,12.0,15.44035
1995-08-13 04:25:00,12.0,14.375267
1995-08-13 04:26:00,22.0,15.2838955
1995-08-13 04:27:00,24.0,15.908913
1995-08-13 04:28:00,7.0,11.844517
1995-08-13 04:29:00,10.0,12.498791
1995-08-13 04:30:00,16.0,14.716276
1995-08-13 04:31:00,13.0,16.255285
1995-08-13 04:32:00,17.0,16.963448
1995-08-13 04:33:00,10.0,1.1290994
1995-08-13 04:34:00,12.0,11.796958
1995-08-13 04:35:00,4.0,11.16617
1995-08-13 04:36:00,5.0,6.892043
1995-08-13 04:37:00,16.0,9.394605
1995-08-13 04:38:00,16.0,9.636393
1995-08-13 04:39:00,13.0,14.802536
1995-08-13 04:40:00,11.0,10.077693
1995-08-13 04:41:00,14.0,11.957597
1995-08-13 04:42:00,16.0,12.377352
1995-08-13 04:43:00,10.0,10.182886
1995-08-13 04:44:00,22.0,14.18954
1995-08-13 04:45:00,1.0,2.0316124
1995-08-13 04:46:00,14.0,7.081704
1995-08-13 04:47:00,19.0,15.134161
1995-08-13 04:48:00,15.0,12.506595
1995-08-13 04:49:00,10.0,13.1090975
1995-08-13 04:50:00,11.0,14.309516
1995-08-13 04:51:00,18.0,13.006639
1995-08-13 04:52:00,6.0,17.249464
1995-08-13 04:53:00,10.0,9.27494
1995-08-13 04:54:00,4.0,14.706982
1995-08-13 04:55:00,13.0,10.622236
1995-08-13 04:56:00,25.0,13.602439
1995-08-13 04:57:00,19.0,16.17366
1995-08-13 04:58:00,5.0,10.581343
1995-08-13 04:59:00,6.0,9.992772
1995-08-13 05:00:00,2.0,5.223095
1995-08-13 05:01:00,10.0,7.4563084
1995-08-13 05:02:00,17.0,14.209714
1995-08-13 05:03:00,20.0,13.960303
1995-08-13 05:04:00,16.0,14.034305
1995-08-13 05:05:00,11.0,14.257373
1995-08-13 05:06:00,14.0,8.687835
1995-08-13 05:07:00,13.0,14.405315
1995-08-13 05:08:00,9.0,12.698609
1995-08-13 05:09:00,18.0,12.7779665
1995-08-13 05:10:00,23.0,15.12892
1995-08-13 05:11:00,23.0,17.025639
1995-08-13 05:12:00,39.0,18.046152
1995-08-13 05:13:00,17.0,19.173656
1995-08-13 05:14:00,11.0,17.823019
1995-08-13 05:15:00,9.0,15.947266
1995-08-13 05:16:00,20.0,14.076513
1995-08-13 05:17:00,8.0,14.957017
1995-08-13 05:18:00,12.0,8.598734
1995-08-13 05:19:00,21.0,14.491657
1995-08-13 05:20:00,9.0,12.489698
1995-08-13 05:21:00,6.0,12.4600935
1995-08-13 05:22:00,11.0,10.083391
1995-08-13 05:23:00,6.0,12.945277
1995-08-13 05:24:00,16.0,10.696538
1995-08-13 05:25:00,20.0,16.273817
1995-08-13 05:26:00,16.0,14.314456
1995-08-13 05:27:00,25.0,15.702858
1995-08-13 05:28:00,5.0,19.294022
1995-08-13 05:29:00,10.0,11.451559
1995-08-13 05:30:00,9.0,11.9514475
1995-08-13 05:31:00,7.0,12.238158
1995-08-13 05:32:00,15.0,10.364756
1995-08-13 05:33:00,20.0,13.974167
1995-08-13 05:34:00,5.0,10.370583
1995-08-13 05:35:00,8.0,10.036173
1995-08-13 05:36:00,8.0,12.398862
1995-08-13 05:37:00,15.0,10.3396845
1995-08-13 05:38:00,6.0,12.9795685
1995-08-13 05:39:00,22.0,10.811132
1995-08-13 05:40:00,25.0,19.210587
1995-08-13 05:41:00,12.0,18.729906
1995-08-13 05:42:00,19.0,12.730938
1995-08-13 05:43:00,4.0,10.370412
1995-08-13 05:44:00,6.0,12.434557
1995-08-13 05:45:00,11.0,12.470878
1995-08-13 05:46:00,8.0,13.206541
1995-08-13 05:47:00,9.0,11.99576
1995-08-13 05:48:00,3.0,12.650527
1995-08-13 05:49:00,19.0,8.936227
1995-08-13 05:50:00,10.0,14.405444
1995-08-13 05:51:00,14.0,12.169553
1995-08-13 05:52:00,12.0,11.654163
1995-08-13 05:53:00,19.0,13.3124895
1995-08-13 05:54:00,6.0,5.7210145
1995-08-13 05:55:00,6.0,6.7511764
1995-08-13 05:56:00,15.0,10.698376
1995-08-13 05:57:00,16.0,14.504331
1995-08-13 05:58:00,0.0,3.312068
1995-08-13 06:24:00,2.0,10.293214
1995-08-13 06:25:00,0.0,1.234519
1995-08-13 06:30:00,17.0,11.482397
1995-08-13 06:32:00,22.0,12.257915
1995-08-13 06:33:00,6.0,18.25708
1995-08-13 06:34:00,13.0,10.625069
1995-08-13 06:35:00,11.0,14.554674
1995-08-13 06:36:00,9.0,10.070142
1995-08-13 06:37:00,18.0,11.205371
1995-08-13 06:38:00,13.0,16.420517
1995-08-13 06:39:00,16.0,9.614571
1995-08-13 06:40:00,15.0,12.862354
1995-08-13 06:42:00,10.0,10.71529
1995-08-13 06:43:00,14.0,12.709307
1995-08-13 06:44:00,8.0,13.888913
1995-08-13 06:45:00,10.0,13.088059
1995-08-13 06:46:00,12.0,9.176343
1995-08-13 06:47:00,10.0,13.149199
1995-08-13 06:48:00,19.0,13.31677
1995-08-13 06:49:00,11.0,14.205871
1995-08-13 06:50:00,22.0,12.750995
1995-08-13 06:51:00,13.0,12.982148
1995-08-13 06:52:00,7.0,14.064193
1995-08-13 06:53:00,10.0,8.345603
1995-08-13 06:54:00,6.0,9.750352
1995-08-13 06:55:00,3.0,1.8750091
1995-08-13 06:56:00,5.0,6.5414925
1995-08-13 06:57:00,5.0,7.5112505
1995-08-13 06:58:00,9.0,9.034282
1995-08-13 06:59:00,9.0,9.917255
1995-08-13 07:00:00,22.0,13.663815
1995-08-13 07:01:00,22.0,12.546904
1995-08-13 07:02:00,17.0,15.288097
1995-08-13 07:03:00,30.0,12.889899
1995-08-13 07:04:00,27.0,16.54512
1995-08-13 07:05:00,22.0,16.313553
1995-08-13 07:06:00,19.0,11.292913
1995-08-13 07:07:00,13.0,11.0535345
1995-08-13 07:08:00,18.0,14.61205
1995-08-13 07:09:00,31.0,16.964048
1995-08-13 07:10:00,30.0,18.830809
1995-08-13 07:11:00,3.0,17.625418
1995-08-13 07:12:00,13.0,11.854667
1995-08-13 07:13:00,13.0,12.158637
1995-08-13 07:14:00,13.0,17.022722
1995-08-13 07:15:00,22.0,15.438993
1995-08-13 07:16:00,22.0,17.463724
1995-08-13 07:17:00,13.0,15.044323
1995-08-13 07:18:00,13.0,16.12777
1995-08-13 07:19:00,19.0,17.636723
1995-08-13 07:20:00,21.0,17.066797
1995-08-13 07:21:00,23.0,16.524284
1995-08-13 07:22:00,26.0,15.861031
1995-08-13 07:23:00,10.0,14.86139
1995-08-13 07:24:00,7.0,14.255176
1995-08-13 07:25:00,10.0,11.614705
1995-08-13 07:26:00,19.0,13.096244
1995-08-13 07:27:00,24.0,13.156389
1995-08-13 07:28:00,16.0,18.245285
1995-08-13 07:29:00,18.0,15.43944
1995-08-13 07:30:00,20.0,9.128157
1995-08-13 07:31:00,22.0,15.40206
1995-08-13 07:32:00,24.0,16.295172
1995-08-13 07:33:00,18.0,16.20839
1995-08-13 07:34:00,27.0,19.056078
1995-08-13 07:35:00,33.0,20.985073
1995-08-13 07:36:00,9.0,22.018982
1995-08-13 07:37:00,9.0,15.443329
1995-08-13 07:38:00,28.0,12.255412
1995-08-13 07:39:00,8.0,17.614887
1995-08-13 07:40:00,8.0,12.867458
1995-08-13 07:41:00,8.0,9.715648
1995-08-13 07:42:00,9.0,10.58522
1995-08-13 07:43:00,29.0,13.116171
1995-08-13 07:44:00,24.0,12.312575
1995-08-13 07:45:00,10.0,14.859731
1995-08-13 07:46:00,24.0,14.212764
1995-08-13 07:47:00,21.0,20.121042
1995-08-13 07:48:00,7.0,10.440973
1995-08-13 07:49:00,5.0,9.87137
1995-08-13 07:50:00,11.0,12.39776
1995-08-13 07:51:00,25.0,15.646179
1995-08-13 07:52:00,20.0,14.860812
1995-08-13 07:53:00,14.0,16.152264
1995-08-13 07:54:00,12.0,16.683973
1995-08-13 07:55:00,2.0,9.956424
1995-08-13 07:56:00,11.0,6.6808
1995-08-13 07:57:00,6.0,15.228964
1995-08-13 07:58:00,5.0,11.6985
1995-08-13 07:59:00,1.0,8.4167595
1995-08-13 08:00:00,11.0,5.0247984
1995-08-13 08:01:00,1.0,10.301528
1995-08-13 08:02:00,1.0,6.328634
1995-08-13 08:03:00,18.0,9.606623
1995-08-13 08:04:00,13.0,14.415831
1995-08-13 08:05:00,12.0,10.779055
1995-08-13 08:06:00,14.0,15.0047
1995-08-13 08:07:00,19.0,13.863592
1995-08-13 08:08:00,5.0,15.7951355
1995-08-13 08:09:00,7.0,7.547554
1995-08-13 08:10:00,7.0,11.683831
1995-08-13 08:11:00,13.0,11.461404
1995-08-13 08:12:00,7.0,10.853556
1995-08-13 08:13:00,3.0,4.598419
1995-08-13 08:14:00,3.0,7.687517
1995-08-13 08:15:00,4.0,4.3200994
1995-08-13 08:16:00,11.0,4.539077
1995-08-13 08:17:00,5.0,1.7222741
1995-08-13 08:18:00,6.0,10.82984
1995-08-13 08:19:00,6.0,3.8853264
1995-08-13 08:20:00,1.0,11.502775
1995-08-13 08:21:00,10.0,5.1458163
1995-08-13 08:22:00,2.0,1.5031493
1995-08-13 08:23:00,2.0,7.551812
1995-08-13 08:24:00,1.0,7.974016
1995-08-13 08:25:00,9.0,5.9609194
1995-08-13 08:26:00,9.0,5.5341153
1995-08-13 08:27:00,7.0,11.3539915
1995-08-13 08:28:00,4.0,1.647366
1995-08-13 08:29:00,10.0,8.626791
1995-08-13 08:30:00,16.0,12.89676
1995-08-13 08:31:00,21.0,15.6813755
1995-08-13 08:32:00,9.0,14.411696
1995-08-13 08:33:00,2.0,13.633133
1995-08-13 08:34:00,11.0,9.6399765
1995-08-13 08:35:00,16.0,15.452183
1995-08-13 08:36:00,9.0,14.162447
1995-08-13 08:37:00,19.0,9.73001
1995-08-13 08:38:00,12.0,15.158756
1995-08-13 08:39:00,3.0,3.3835464
1995-08-13 08:40:00,9.0,8.574975
1995-08-13 08:41:00,4.0,10.820192
1995-08-13 08:42:00,5.0,5.773602
1995-08-13 08:43:00,3.0,1.7852423
1995-08-13 08:44:00,2.0,2.2893875
1995-08-13 08:45:00,9.0,6.1939044
1995-08-13 08:46:00,19.0,9.229909
1995-08-13 08:47:00,21.0,15.772369
1995-08-13 08:48:00,26.0,15.160059
1995-08-13 08:49:00,4.0,18.450594
1995-08-13 08:50:00,16.0,11.082926
1995-08-13 08:51:00,22.0,10.556956
1995-08-13 08:52:00,14.0,17.909756
1995-08-13 08:53:00,22.0,13.684984
1995-08-13 08:54:00,15.0,16.98954
1995-08-13 08:55:00,9.0,11.012029
1995-08-13 08:56:00,24.0,13.79605
1995-08-13 08:57:00,18.0,18.253895
1995-08-13 08:58:00,18.0,13.331667
1995-08-13 08:59:00,9.0,19.549835
1995-08-13 09:00:00,12.0,13.009153
1995-08-13 09:01:00,11.0,13.933302
1995-08-13 09:02:00,25.0,16.185593
1995-08-13 09:03:00,37.0,17.740786
1995-08-13 09:04:00,33.0,25.466307
1995-08-13 09:05:00,23.0,18.471817
1995-08-13 09:06:00,23.0,12.621182
1995-08-13 09:07:00,13.0,18.081968
1995-08-13 09:08:00,12.0,15.457569
1995-08-13 09:09:00,27.0,15.968796
1995-08-13 09:10:00,23.0,21.323006
1995-08-13 09:11:00,28.0,20.271473
1995-08-13 09:12:00,14.0,17.739977
1995-08-13 09:13:00,20.0,20.407522
1995-08-13 09:14:00,9.0,17.542881
1995-08-13 09:15:00,11.0,11.992445
1995-08-13 09:16:00,10.0,16.568481
1995-08-13 09:17:00,11.0,11.231277
1995-08-13 09:18:00,23.0,15.232496
1995-08-13 09:19:00,18.0,17.764227
1995-08-13 09:20:00,35.0,22.644573
1995-08-13 09:21:00,13.0,21.784267
1995-08-13 09:22:00,25.0,18.112228
1995-08-13 09:23:00,19.0,19.837374
1995-08-13 09:24:00,28.0,20.421026
1995-08-13 09:25:00,28.0,22.251513
1995-08-13 09:26:00,15.0,22.951036
1995-08-13 09:27:00,15.0,15.904152
1995-08-13 09:28:00,23.0,15.818497
1995-08-13 09:29:00,18.0,18.393509
1995-08-13 09:30:00,34.0,17.994976
1995-08-13 09:31:00,27.0,23.793293
1995-08-13 09:32:00,14.0,15.710957
1995-08-13 09:33:00,11.0,7.5190144
1995-08-13 09:34:00,4.0,17.74428
1995-08-13 09:35:00,9.0,9.011055
1995-08-13 09:36:00,25.0,13.129185
1995-08-13 09:37:00,22.0,16.158575
1995-08-13 09:38:00,15.0,16.908503
1995-08-13 09:39:00,4.0,19.3592
1995-08-13 09:40:00,21.0,13.019156
1995-08-13 09:41:00,10.0,15.120066
1995-08-13 09:42:00,29.0,16.58768
1995-08-13 09:43:00,29.0,20.558609
1995-08-13 09:44:00,10.0,19.325531
1995-08-13 09:45:00,38.0,17.53553
1995-08-13 09:46:00,22.0,20.64536
1995-08-13 09:47:00,11.0,12.921558
1995-08-13 09:48:00,20.0,16.059038
1995-08-13 09:49:00,24.0,21.000505
1995-08-13 09:50:00,26.0,21.300892
1995-08-13 09:51:00,30.0,22.784061
1995-08-13 09:52:00,39.0,15.928717
1995-08-13 09:53:00,47.0,26.730692
1995-08-13 09:54:00,25.0,21.731203
1995-08-13 09:55:00,30.0,24.66156
1995-08-13 09:56:00,12.0,24.761684
1995-08-13 09:57:00,39.0,22.709175
1995-08-13 09:58:00,20.0,23.707506
1995-08-13 09:59:00,22.0,18.848083
1995-08-13 10:00:00,23.0,19.622051
1995-08-13 10:01:00,17.0,24.621683
1995-08-13 10:02:00,28.0,20.85327
1995-08-13 10:03:00,15.0,14.700834
1995-08-13 10:04:00,11.0,11.239643
1995-08-13 10:05:00,31.0,21.302683
1995-08-13 10:06:00,33.0,24.254686
1995-08-13 10:07:00,35.0,24.51201
1995-08-13 10:08:00,34.0,24.56463
1995-08-13 10:09:00,30.0,26.33955
1995-08-13 10:10:00,22.0,19.90445
1995-08-13 10:11:00,23.0,21.214668
1995-08-13 10:12:00,21.0,21.665773
1995-08-13 10:13:00,11.0,11.91528
1995-08-13 10:14:00,25.0,25.602201
1995-08-13 10:15:00,10.0,14.400887
1995-08-13 10:16:00,5.0,10.962984
1995-08-13 10:17:00,24.0,13.162462
1995-08-13 10:18:00,7.0,19.673954
1995-08-13 10:19:00,19.0,16.057562
1995-08-13 10:20:00,22.0,20.322283
1995-08-13 10:21:00,20.0,13.644997
1995-08-13 10:22:00,10.0,15.674959
1995-08-13 10:23:00,8.0,8.01343
1995-08-13 10:24:00,13.0,16.148228
1995-08-13 10:25:00,28.0,15.392384
1995-08-13 10:26:00,27.0,19.642614
1995-08-13 10:27:00,19.0,17.993183
1995-08-13 10:28:00,12.0,18.271158
1995-08-13 10:29:00,18.0,18.210253
1995-08-13 10:30:00,26.0,15.097706
1995-08-13 10:31:00,26.0,19.744371
1995-08-13 10:32:00,16.0,19.551878
1995-08-13 10:33:00,22.0,19.656813
1995-08-13 10:34:00,51.0,19.292542
1995-08-13 10:35:00,20.0,23.048819
1995-08-13 10:36:00,28.0,23.643362
1995-08-13 10:37:00,18.0,26.882835
1995-08-13 10:38:00,24.0,23.04671
1995-08-13 10:39:00,37.0,20.701355
1995-08-13 10:40:00,37.0,28.20627
1995-08-13 10:41:00,29.0,22.923082
1995-08-13 10:42:00,11.0,26.002287
1995-08-13 10:43:00,14.0,16.053732
1995-08-13 10:44:00,12.0,18.824512
1995-08-13 10:45:00,43.0,18.802023
1995-08-13 10:46:00,14.0,20.894642
1995-08-13 10:47:00,34.0,22.110018
1995-08-13 10:48:00,35.0,26.896353
1995-08-13 10:49:00,31.0,29.944172
1995-08-13 10:50:00,32.0,28.206577
1995-08-13 10:51:00,24.0,27.105852
1995-08-13 10:52:00,19.0,25.440605
1995-08-13 10:53:00,23.0,26.257004
1995-08-13 10:54:00,33.0,27.303694
1995-08-13 10:55:00,18.0,6.7237763
1995-08-13 10:56:00,26.0,22.315184
1995-08-13 10:57:00,20.0,28.156387
1995-08-13 10:58:00,25.0,20.89199
1995-08-13 10:59:00,18.0,22.697323
1995-08-13 11:00:00,19.0,26.32655
1995-08-13 11:01:00,12.0,21.973507
1995-08-13 11:02:00,11.0,14.180149
1995-08-13 11:03:00,19.0,20.966127
1995-08-13 11:04:00,14.0,19.349077
1995-08-13 11:05:00,26.0,22.634918
1995-08-13 11:06:00,34.0,24.283817
1995-08-13 11:07:00,29.0,24.672852
1995-08-13 11:08:00,22.0,22.667488
1995-08-13 11:09:00,22.0,24.625763
1995-08-13 11:10:00,32.0,26.248634
1995-08-13 11:11:00,46.0,25.898893
1995-08-13 11:12:00,45.0,32.08002
1995-08-13 11:13:00,39.0,29.959448
1995-08-13 11:14:00,28.0,33.356403
1995-08-13 11:15:00,25.0,30.16256
1995-08-13 11:16:00,37.0,28.881596
1995-08-13 11:17:00,24.0,24.416086
1995-08-13 11:18:00,61.0,29.936287
1995-08-13 11:19:00,42.0,39.184082
1995-08-13 11:20:00,26.0,21.64792
1995-08-13 11:21:00,17.0,13.519887
1995-08-13 11:22:00,16.0,25.062689
1995-08-13 11:23:00,18.0,23.91335
1995-08-13 11:24:00,27.0,27.119719
1995-08-13 11:25:00,46.0,26.28286
1995-08-13 11:26:00,13.0,20.75017
1995-08-13 11:27:00,20.0,25.882353
1995-08-13 11:28:00,12.0,12.446972
1995-08-13 11:29:00,21.0,20.709764
1995-08-13 11:30:00,26.0,22.014772
1995-08-13 11:31:00,48.0,24.92466
1995-08-13 11:32:00,33.0,28.825119
1995-08-13 11:33:00,31.0,32.331715
1995-08-13 11:34:00,34.0,29.810947
1995-08-13 11:35:00,43.0,27.20561
1995-08-13 11:36:00,24.0,36.652275
1995-08-13 11:37:00,36.0,31.73183
1995-08-13 11:38:00,32.0,26.776423
1995-08-13 11:39:00,25.0,27.834545
1995-08-13 11:40:00,50.0,28.54338
1995-08-13 11:41:00,39.0,41.22054
1995-08-13 11:42:00,33.0,37.927734
1995-08-13 11:43:00,19.0,31.176044
1995-08-13 11:44:00,7.0,24.752823
1995-08-13 11:45:00,21.0,18.63714
1995-08-13 11:46:00,19.0,25.032425
1995-08-13 11:47:00,11.0,23.149046
1995-08-13 11:48:00,29.0,21.17105
1995-08-13 11:49:00,26.0,27.44966
1995-08-13 11:50:00,34.0,22.67579
1995-08-13 11:51:00,14.0,17.952414
1995-08-13 11:52:00,27.0,21.15669
1995-08-13 11:53:00,34.0,29.546446
1995-08-13 11:54:00,18.0,17.914778
1995-08-13 11:55:00,25.0,25.172768
1995-08-13 11:56:00,20.0,28.689001
1995-08-13 11:57:00,29.0,26.39599
1995-08-13 11:58:00,22.0,26.59815
1995-08-13 11:59:00,25.0,20.952421
1995-08-13 12:00:00,30.0,24.524786
1995-08-13 12:01:00,52.0,28.529896
1995-08-13 12:02:00,28.0,24.098753
1995-08-13 12:03:00,35.0,31.257225
1995-08-13 12:04:00,27.0,29.37165
1995-08-13 12:05:00,36.0,32.22046
1995-08-13 12:06:00,26.0,35.346077
1995-08-13 12:07:00,31.0,29.255009
1995-08-13 12:08:00,42.0,31.067867
1995-08-13 12:09:00,23.0,33.377224
1995-08-13 12:10:00,14.0,19.542439
1995-08-13 12:11:00,24.0,19.606825
1995-08-13 12:12:00,42.0,27.620264
1995-08-13 12:13:00,33.0,33.67131
1995-08-13 12:14:00,34.0,31.449432
1995-08-13 12:15:00,21.0,29.75945
1995-08-13 12:16:00,32.0,28.103153
1995-08-13 12:17:00,14.0,25.682579
1995-08-13 12:18:00,18.0,19.659073
1995-08-13 12:19:00,11.0,14.662705
1995-08-13 12:20:00,27.0,23.608381
1995-08-13 12:21:00,13.0,20.249691
1995-08-13 12:22:00,9.0,18.791718
1995-08-13 12:23:00,12.0,20.878815
1995-08-13 12:24:00,11.0,10.095374
1995-08-13 12:25:00,27.0,19.260588
1995-08-13 12:26:00,17.0,25.378408
1995-08-13 12:27:00,1.0,0.9423219
1995-08-13 12:28:00,13.0,8.7608
1995-08-13 12:29:00,13.0,14.155644
1995-08-13 12:30:00,16.0,17.918135
1995-08-13 12:31:00,17.0,15.138012
1995-08-13 12:32:00,14.0,20.29261
1995-08-13 12:33:00,36.0,18.806328
1995-08-13 12:34:00,5.0,23.73703
1995-08-13 12:35:00,14.0,13.850986
1995-08-13 12:36:00,26.0,17.89506
1995-08-13 12:37:00,27.0,23.181616
1995-08-13 12:38:00,25.0,19.22918
1995-08-13 12:39:00,9.0,19.021446
1995-08-13 12:40:00,31.0,16.49167
1995-08-13 12:41:00,26.0,21.894758
1995-08-13 12:42:00,15.0,16.771015
1995-08-13 12:43:00,16.0,18.78017
1995-08-13 12:44:00,41.0,18.827541
1995-08-13 12:45:00,28.0,28.186056
1995-08-13 12:46:00,33.0,24.873903
1995-08-13 12:47:00,26.0,24.416275
1995-08-13 12:48:00,33.0,20.858564
1995-08-13 12:49:00,28.0,25.931635
1995-08-13 12:50:00,27.0,22.01812
1995-08-13 12:51:00,29.0,25.334158
1995-08-13 12:52:00,40.0,27.895334
1995-08-13 12:53:00,34.0,26.214672
1995-08-13 12:54:00,37.0,28.602177
1995-08-13 12:55:00,43.0,26.37526
1995-08-13 12:56:00,34.0,28.289658
1995-08-13 12:57:00,50.0,30.842142
1995-08-13 12:58:00,36.0,37.331917
1995-08-13 12:59:00,30.0,35.496048
1995-08-13 13:00:00,41.0,30.376427
1995-08-13 13:01:00,27.0,37.047863
1995-08-13 13:02:00,51.0,27.315477
1995-08-13 13:03:00,43.0,35.64012
1995-08-13 13:04:00,44.0,39.00705
1995-08-13 13:05:00,46.0,40.186855
1995-08-13 13:06:00,43.0,36.862015
1995-08-13 13:07:00,42.0,37.477898
1995-08-13 13:08:00,43.0,39.135242
1995-08-13 13:09:00,47.0,38.46186
1995-08-13 13:10:00,42.0,42.27802
1995-08-13 13:11:00,21.0,37.48466
1995-08-13 13:12:00,36.0,28.950817
1995-08-13 13:13:00,56.0,38.0576
1995-08-13 13:14:00,51.0,46.32201
1995-08-13 13:15:00,51.0,46.74584
1995-08-13 13:16:00,48.0,46.94851
1995-08-13 13:17:00,66.0,44.80976
1995-08-13 13:18:00,31.0,54.01401
1995-08-13 13:19:00,36.0,33.242466
1995-08-13 13:20:00,15.0,36.6021
1995-08-13 13:21:00,28.0,13.372584
1995-08-13 13:22:00,16.0,24.986042
1995-08-13 13:23:00,19.0,17.380703
1995-08-13 13:24:00,22.0,29.103542
1995-08-13 13:25:00,38.0,28.350452
1995-08-13 13:26:00,26.0,18.93209
1995-08-13 13:27:00,39.0,23.553444
1995-08-13 13:28:00,33.0,36.85788
1995-08-13 13:29:00,17.0,17.092299
1995-08-13 13:30:00,27.0,24.475056
1995-08-13 13:31:00,49.0,34.527084
1995-08-13 13:32:00,19.0,27.959232
1995-08-13 13:33:00,16.0,14.685497
1995-08-13 13:34:00,20.0,22.075584
1995-08-13 13:35:00,10.0,24.380178
1995-08-13 13:36:00,37.0,23.904465
1995-08-13 13:37:00,35.0,25.721151
1995-08-13 13:38:00,38.0,31.623886
1995-08-13 13:39:00,56.0,34.1735
1995-08-13 13:40:00,37.0,38.362877
1995-08-13 13:41:00,37.0,38.763893
1995-08-13 13:42:00,47.0,36.28299
1995-08-13 13:43:00,33.0,41.58246
1995-08-13 13:44:00,15.0,31.734802
1995-08-13 13:45:00,40.0,27.25498
1995-08-13 13:46:00,29.0,31.808632
1995-08-13 13:47:00,22.0,33.253597
1995-08-13 13:48:00,41.0,23.819725
1995-08-13 13:49:00,45.0,38.838947
1995-08-13 13:50:00,35.0,35.725025
1995-08-13 13:51:00,35.0,34.554478
1995-08-13 13:52:00,26.0,35.14283
1995-08-13 13:53:00,41.0,32.741596
1995-08-13 13:54:00,17.0,26.35947
1995-08-13 13:55:00,13.0,21.198225
1995-08-13 13:56:00,21.0,22.86642
1995-08-13 13:57:00,31.0,22.470999
1995-08-13 13:58:00,31.0,30.158554
1995-08-13 13:59:00,34.0,33.05525
1995-08-13 14:00:00,33.0,28.192987
1995-08-13 14:01:00,37.0,25.46618
1995-08-13 14:02:00,25.0,21.809628
1995-08-13 14:03:00,30.0,25.54537
1995-08-13 14:04:00,22.0,25.505596
1995-08-13 14:05:00,36.0,28.346703
1995-08-13 14:06:00,42.0,32.25571
1995-08-13 14:07:00,41.0,23.036398
1995-08-13 14:08:00,26.0,31.50439
1995-08-13 14:09:00,34.0,26.984686
1995-08-13 14:10:00,47.0,21.496145
1995-08-13 14:11:00,60.0,35.150898
1995-08-13 14:12:00,77.0,43.414883
1995-08-13 14:13:00,77.0,43.05235
1995-08-13 14:14:00,30.0,50.166916
1995-08-13 14:15:00,44.0,34.656788
1995-08-13 14:16:00,24.0,38.12058
1995-08-13 14:17:00,48.0,30.733273
1995-08-13 14:18:00,44.0,44.00526
1995-08-13 14:19:00,18.0,36.349083
1995-08-13 14:20:00,17.0,29.217602
1995-08-13 14:21:00,19.0,28.375557
1995-08-13 14:22:00,41.0,33.46732
1995-08-13 14:23:00,30.0,37.796192
1995-08-13 14:24:00,29.0,32.270912
1995-08-13 14:25:00,28.0,32.484985
1995-08-13 14:26:00,31.0,33.774334
1995-08-13 14:27:00,54.0,34.1838
1995-08-13 14:28:00,42.0,42.66494
1995-08-13 14:29:00,44.0,39.071564
1995-08-13 14:30:00,33.0,40.946255
1995-08-13 14:31:00,37.0,32.54381
1995-08-13 14:32:00,24.0,36.80881
1995-08-13 14:33:00,33.0,26.77525
1995-08-13 14:34:00,37.0,34.66882
1995-08-13 14:35:00,26.0,32.94217
1995-08-13 14:36:00,14.0,29.734592
1995-08-13 14:37:00,33.0,26.705915
1995-08-13 14:38:00,37.0,34.277508
1995-08-13 14:39:00,24.0,22.954285
1995-08-13 14:40:00,39.0,31.18954
1995-08-13 14:41:00,28.0,32.91888
1995-08-13 14:42:00,29.0,32.541492
1995-08-13 14:43:00,42.0,35.36256
1995-08-13 14:44:00,37.0,30.857876
1995-08-13 14:45:00,46.0,36.337734
1995-08-13 14:46:00,33.0,39.52472
1995-08-13 14:47:00,51.0,31.554787
1995-08-13 14:48:00,35.0,42.141487
1995-08-13 14:49:00,49.0,33.557816
1995-08-13 14:50:00,38.0,39.69104
1995-08-13 14:51:00,45.0,38.645367
1995-08-13 14:52:00,68.0,39.094376
1995-08-13 14:53:00,77.0,52.71069
1995-08-13 14:54:00,72.0,55.855885
1995-08-13 14:55:00,45.0,56.386166
1995-08-13 14:56:00,30.0,45.397816
1995-08-13 14:57:00,27.0,39.892826
1995-08-13 14:58:00,40.0,36.11302
1995-08-13 14:59:00,29.0,36.096558
1995-08-13 15:00:00,47.0,35.4342
1995-08-13 15:01:00,64.0,42.262627
1995-08-13 15:02:00,115.0,49.8992
1995-08-13 15:03:00,60.0,60.97981
1995-08-13 15:04:00,34.0,48.487213
1995-08-13 15:05:00,44.0,31.316196
1995-08-13 15:06:00,61.0,39.897556
1995-08-13 15:07:00,32.0,42.19614
1995-08-13 15:08:00,42.0,29.443668
1995-08-13 15:09:00,37.0,30.476362
1995-08-13 15:10:00,28.0,32.240673
1995-08-13 15:11:00,29.0,36.62541
1995-08-13 15:12:00,22.0,31.052769
1995-08-13 15:13:00,21.0,31.187553
1995-08-13 15:14:00,47.0,29.455343
1995-08-13 15:15:00,27.0,23.688726
1995-08-13 15:16:00,27.0,26.29668
1995-08-13 15:17:00,25.0,37.166912
1995-08-13 15:18:00,35.0,19.907331
1995-08-13 15:19:00,37.0,32.891476
1995-08-13 15:20:00,28.0,40.673317
1995-08-13 15:21:00,18.0,36.01917
1995-08-13 15:22:00,7.0,26.214886
1995-08-13 15:23:00,32.0,21.128826
1995-08-13 15:24:00,18.0,22.258465
1995-08-13 15:25:00,13.0,23.429409
1995-08-13 15:26:00,17.0,25.387094
1995-08-13 15:27:00,18.0,18.80765
1995-08-13 15:28:00,32.0,29.459648
1995-08-13 15:29:00,39.0,25.19757
1995-08-13 15:30:00,29.0,35.96715
1995-08-13 15:31:00,16.0,33.029705
1995-08-13 15:32:00,23.0,28.005371
1995-08-13 15:33:00,43.0,19.467997
1995-08-13 15:34:00,20.0,24.173695
1995-08-13 15:35:00,24.0,27.900536
1995-08-13 15:36:00,8.0,15.271372
1995-08-13 15:37:00,12.0,20.762068
1995-08-13 15:38:00,27.0,22.9668
1995-08-13 15:39:00,40.0,24.60398
1995-08-13 15:40:00,21.0,28.463171
1995-08-13 15:41:00,33.0,29.18222
1995-08-13 15:42:00,25.0,14.583115
1995-08-13 15:43:00,20.0,16.28858
1995-08-13 15:44:00,29.0,23.665594
1995-08-13 15:45:00,60.0,24.16701
1995-08-13 15:46:00,59.0,35.519478
1995-08-13 15:47:00,30.0,34.708183
1995-08-13 15:48:00,48.0,30.788416
1995-08-13 15:49:00,36.0,39.96626
1995-08-13 15:50:00,38.0,31.649143
1995-08-13 15:51:00,44.0,35.046215
1995-08-13 15:52:00,37.0,37.78687
1995-08-13 15:53:00,26.0,28.355793
1995-08-13 15:54:00,20.0,31.198074
1995-08-13 15:55:00,33.0,25.29558
1995-08-13 15:56:00,32.0,29.763111
1995-08-13 15:57:00,33.0,29.142496
1995-08-13 15:58:00,56.0,29.39552
1995-08-13 15:59:00,46.0,41.958218
1995-08-13 16:00:00,35.0,39.87384
1995-08-13 16:01:00,34.0,38.23287
1995-08-13 16:02:00,25.0,26.243088
1995-08-13 16:03:00,35.0,30.758455
1995-08-13 16:04:00,29.0,30.40694
1995-08-13 16:05:00,30.0,32.128704
1995-08-13 16:06:00,36.0,28.776058
1995-08-13 16:07:00,22.0,37.583607
1995-08-13 16:08:00,37.0,32.184277
1995-08-13 16:09:00,35.0,39.350277
1995-08-13 16:10:00,26.0,37.481743
1995-08-13 16:11:00,16.0,17.911753
1995-08-13 16:12:00,48.0,28.426884
1995-08-13 16:13:00,35.0,38.28519
1995-08-13 16:14:00,32.0,24.8407
1995-08-13 16:15:00,20.0,32.58552
1995-08-13 16:16:00,22.0,25.79839
1995-08-13 16:17:00,56.0,26.518917
1995-08-13 16:18:00,43.0,31.59903
1995-08-13 16:19:00,30.0,37.275654
1995-08-13 16:20:00,45.0,31.984688
1995-08-13 16:21:00,23.0,36.470688
1995-08-13 16:22:00,68.0,32.254955
1995-08-13 16:23:00,35.0,24.650776
1995-08-13 16:24:00,36.0,33.030598
1995-08-13 16:25:00,43.0,37.00334
1995-08-13 16:26:00,26.0,30.188374
1995-08-13 16:27:00,39.0,32.748062
1995-08-13 16:28:00,37.0,38.423157
1995-08-13 16:29:00,34.0,33.501835
1995-08-13 16:30:00,42.0,36.811127
1995-08-13 16:31:00,24.0,37.77542
1995-08-13 16:32:00,21.0,33.286083
1995-08-13 16:33:00,42.0,28.745207
1995-08-13 16:34:00,35.0,29.64873
1995-08-13 16:35:00,39.0,35.64575
1995-08-13 16:36:00,62.0,36.961132
1995-08-13 16:37:00,14.0,42.901997
1995-08-13 16:38:00,32.0,24.258661
1995-08-13 16:39:00,60.0,32.16001
1995-08-13 16:40:00,30.0,40.04046
1995-08-13 16:41:00,39.0,32.61642
1995-08-13 16:42:00,45.0,31.940018
1995-08-13 16:43:00,31.0,40.192345
1995-08-13 16:44:00,33.0,31.551792
1995-08-13 16:45:00,37.0,32.321766
1995-08-13 16:46:00,54.0,37.396484
1995-08-13 16:47:00,54.0,43.59266
1995-08-13 16:48:00,45.0,40.635536
1995-08-13 16:49:00,37.0,37.558758
1995-08-13 16:50:00,35.0,36.087635
1995-08-13 16:51:00,36.0,34.98838
1995-08-13 16:52:00,50.0,39.67303
1995-08-13 16:53:00,50.0,41.42644
1995-08-13 16:54:00,34.0,44.21838
1995-08-13 16:55:00,49.0,34.243603
1995-08-13 16:56:00,41.0,34.744236
1995-08-13 16:57:00,32.0,38.520256
1995-08-13 16:58:00,37.0,35.454357
1995-08-13 16:59:00,29.0,38.77347
1995-08-13 17:00:00,30.0,34.14031
1995-08-13 17:01:00,26.0,30.183851
1995-08-13 17:02:00,40.0,33.075096
1995-08-13 17:03:00,42.0,36.530064
1995-08-13 17:04:00,42.0,40.91012
1995-08-13 17:05:00,31.0,19.912806
1995-08-13 17:06:00,47.0,35.36243
1995-08-13 17:07:00,33.0,40.811085
1995-08-13 17:08:00,37.0,33.903038
1995-08-13 17:09:00,34.0,34.217606
1995-08-13 17:10:00,34.0,32.688156
1995-08-13 17:11:00,40.0,35.00221
1995-08-13 17:12:00,52.0,36.7536
1995-08-13 17:13:00,35.0,34.30529
1995-08-13 17:14:00,54.0,37.023506
1995-08-13 17:15:00,36.0,43.546097
1995-08-13 17:16:00,46.0,36.482483
1995-08-13 17:17:00,37.0,36.60218
1995-08-13 17:18:00,28.0,38.569275
1995-08-13 17:19:00,55.0,31.90192
1995-08-13 17:20:00,24.0,40.771717
1995-08-13 17:21:00,32.0,31.781322
1995-08-13 17:22:00,33.0,35.636154
1995-08-13 17:23:00,76.0,36.480972
1995-08-13 17:24:00,42.0,32.846928
1995-08-13 17:25:00,30.0,38.02314
1995-08-13 17:26:00,34.0,31.035816
1995-08-13 17:27:00,35.0,35.965317
1995-08-13 17:28:00,18.0,36.185066
1995-08-13 17:29:00,52.0,31.230972
1995-08-13 17:30:00,37.0,39.248074
1995-08-13 17:31:00,43.0,37.46792
1995-08-13 17:32:00,49.0,42.012993
1995-08-13 17:33:00,16.0,43.20791
1995-08-13 17:34:00,50.0,33.44394
1995-08-13 17:35:00,37.0,37.239006
1995-08-13 17:36:00,25.0,41.430283
1995-08-13 17:37:00,22.0,28.267767
1995-08-13 17:38:00,21.0,30.429651
1995-08-13 17:39:00,15.0,26.452757
1995-08-13 17:40:00,15.0,28.810402
1995-08-13 17:41:00,41.0,24.753578
1995-08-13 17:42:00,52.0,34.884933
1995-08-13 17:43:00,59.0,40.09295
1995-08-13 17:44:00,40.0,44.70012
1995-08-13 17:45:00,48.0,38.041565
1995-08-13 17:46:00,54.0,41.133526
1995-08-13 17:47:00,47.0,45.387352
1995-08-13 17:48:00,48.0,40.97922
1995-08-13 17:49:00,44.0,42.504093
1995-08-13 17:50:00,20.0,36.91661
1995-08-13 17:51:00,49.0,30.17109
1995-08-13 17:52:00,33.0,40.76084
1995-08-13 17:53:00,40.0,30.806177
1995-08-13 17:54:00,37.0,39.91194
1995-08-13 17:55:00,22.0,30.87111
1995-08-13 17:56:00,32.0,32.845497
1995-08-13 17:57:00,27.0,35.047977
1995-08-13 17:58:00,30.0,32.717968
1995-08-13 17:59:00,30.0,22.240671
1995-08-13 18:00:00,20.0,31.556023
1995-08-13 18:01:00,20.0,29.601677
1995-08-13 18:02:00,28.0,29.009552
1995-08-13 18:03:00,44.0,31.167454
1995-08-13 18:04:00,56.0,37.437847
1995-08-13 18:05:00,38.0,44.376747
1995-08-13 18:06:00,46.0,36.06231
1995-08-13 18:07:00,25.0,40.912716
1995-08-13 18:08:00,38.0,32.02644
1995-08-13 18:09:00,41.0,32.44506
1995-08-13 18:10:00,53.0,37.353237
1995-08-13 18:11:00,40.0,43.806305
1995-08-13 18:12:00,32.0,27.113632
1995-08-13 18:13:00,41.0,29.763367
1995-08-13 18:14:00,38.0,37.077366
1995-08-13 18:15:00,33.0,35.744915
1995-08-13 18:16:00,44.0,32.194485
1995-08-13 18:17:00,75.0,41.582134
1995-08-13 18:18:00,65.0,50.981934
1995-08-13 18:19:00,49.0,53.06663
1995-08-13 18:20:00,38.0,44.61767
1995-08-13 18:21:00,45.0,39.48505
1995-08-13 18:22:00,37.0,35.0711
1995-08-13 18:23:00,44.0,41.42291
1995-08-13 18:24:00,31.0,29.857718
1995-08-13 18:25:00,33.0,33.1879
1995-08-13 18:26:00,21.0,36.49439
1995-08-13 18:27:00,14.0,31.498566
1995-08-13 18:28:00,21.0,28.546762
1995-08-13 18:29:00,5.0,13.756086
1995-08-13 18:30:00,24.0,20.109001
1995-08-13 18:31:00,39.0,24.05298
1995-08-13 18:32:00,36.0,27.996561
1995-08-13 18:33:00,26.0,27.245893
1995-08-13 18:34:00,17.0,17.31765
1995-08-13 18:35:00,24.0,23.01628
1995-08-13 18:36:00,22.0,21.461775
1995-08-13 18:37:00,42.0,25.265253
1995-08-13 18:38:00,40.0,34.846085
1995-08-13 18:39:00,76.0,36.424416
1995-08-13 18:40:00,39.0,45.258442
1995-08-13 18:41:00,28.0,36.992107
1995-08-13 18:42:00,33.0,29.694162
1995-08-13 18:43:00,39.0,31.632133
1995-08-13 18:44:00,29.0,35.748882
1995-08-13 18:45:00,36.0,31.724892
1995-08-13 18:46:00,24.0,19.403326
1995-08-13 18:47:00,11.0,27.863985
1995-08-13 18:48:00,32.0,21.935915
1995-08-13 18:49:00,16.0,25.285694
1995-08-13 18:50:00,35.0,28.888622
1995-08-13 18:51:00,35.0,25.261477
1995-08-13 18:52:00,26.0,32.61473
1995-08-13 18:53:00,23.0,16.415056
1995-08-13 18:54:00,39.0,23.949562
1995-08-13 18:55:00,48.0,29.270544
1995-08-13 18:56:00,27.0,33.561375
1995-08-13 18:57:00,23.0,24.945017
1995-08-13 18:58:00,38.0,29.677782
1995-08-13 18:59:00,45.0,33.60585
1995-08-13 19:00:00,31.0,35.14903
1995-08-13 19:01:00,36.0,27.660873
1995-08-13 19:02:00,21.0,32.988605
1995-08-13 19:03:00,22.0,25.530159
1995-08-13 19:04:00,42.0,29.145391
1995-08-13 19:05:00,34.0,39.958466
1995-08-13 19:06:00,29.0,30.206388
1995-08-13 19:07:00,25.0,27.220718
1995-08-13 19:08:00,34.0,32.29539
1995-08-13 19:09:00,34.0,36.769043
1995-08-13 19:10:00,69.0,34.189194
1995-08-13 19:11:00,53.0,43.809307
1995-08-13 19:12:00,41.0,40.799183
1995-08-13 19:13:00,37.0,36.416805
1995-08-13 19:14:00,33.0,35.075542
1995-08-13 19:15:00,40.0,33.803356
1995-08-13 19:16:00,37.0,34.56338
1995-08-13 19:17:00,18.0,26.502625
1995-08-13 19:18:00,33.0,26.661009
1995-08-13 19:19:00,30.0,34.90096
1995-08-13 19:20:00,35.0,32.37219
1995-08-13 19:21:00,24.0,24.181377
1995-08-13 19:22:00,30.0,31.53276
1995-08-13 19:23:00,26.0,30.487547
1995-08-13 19:24:00,31.0,30.438225
1995-08-13 19:25:00,18.0,31.923092
1995-08-13 19:26:00,29.0,30.457037
1995-08-13 19:27:00,38.0,31.921715
1995-08-13 19:28:00,44.0,31.727673
1995-08-13 19:29:00,23.0,37.798355
1995-08-13 19:30:00,20.0,30.310978
1995-08-13 19:31:00,27.0,29.66995
1995-08-13 19:32:00,27.0,18.489384
1995-08-13 19:33:00,25.0,13.041019
1995-08-13 19:34:00,30.0,27.5426
1995-08-13 19:35:00,27.0,24.810707
1995-08-13 19:36:00,43.0,26.993313
1995-08-13 19:37:00,12.0,34.38662
1995-08-13 19:38:00,15.0,27.653399
1995-08-13 19:39:00,31.0,24.074821
1995-08-13 19:40:00,25.0,29.878714
1995-08-13 19:41:00,6.0,15.230879
1995-08-13 19:42:00,20.0,13.236294
1995-08-13 19:43:00,40.0,26.285585
1995-08-13 19:44:00,25.0,25.969538
1995-08-13 19:45:00,22.0,25.446608
1995-08-13 19:46:00,20.0,28.64806
1995-08-13 19:47:00,30.0,24.00879
1995-08-13 19:48:00,17.0,28.420528
1995-08-13 19:49:00,29.0,27.796904
1995-08-13 19:50:00,21.0,30.524
1995-08-13 19:51:00,24.0,26.819355
1995-08-13 19:52:00,26.0,28.173658
1995-08-13 19:53:00,30.0,28.069582
1995-08-13 19:54:00,29.0,26.30434
1995-08-13 19:55:00,43.0,28.974756
1995-08-13 19:56:00,54.0,31.637989
1995-08-13 19:57:00,45.0,37.780674
1995-08-13 19:58:00,18.0,25.15986
1995-08-13 19:59:00,49.0,29.426987
1995-08-13 20:00:00,41.0,39.45861
1995-08-13 20:01:00,12.0,26.39925
1995-08-13 20:02:00,18.0,26.807074
1995-08-13 20:03:00,43.0,26.842745
1995-08-13 20:04:00,24.0,23.64901
1995-08-13 20:05:00,9.0,29.816824
1995-08-13 20:06:00,26.0,23.693785
1995-08-13 20:07:00,42.0,25.244015
1995-08-13 20:08:00,26.0,34.579174
1995-08-13 20:09:00,32.0,28.841948
1995-08-13 20:10:00,29.0,31.450863
1995-08-13 20:11:00,32.0,32.08197
1995-08-13 20:12:00,36.0,32.10336
1995-08-13 20:13:00,35.0,34.99239
1995-08-13 20:14:00,19.0,27.24516
1995-08-13 20:15:00,27.0,27.343853
1995-08-13 20:16:00,34.0,31.407154
1995-08-13 20:17:00,28.0,26.788557
1995-08-13 20:18:00,43.0,30.775572
1995-08-13 20:19:00,38.0,33.836098
1995-08-13 20:20:00,23.0,28.989553
1995-08-13 20:21:00,17.0,19.93233
1995-08-13 20:22:00,45.0,26.098595
1995-08-13 20:23:00,16.0,28.078571
1995-08-13 20:24:00,45.0,27.740475
1995-08-13 20:25:00,23.0,34.531185
1995-08-13 20:26:00,21.0,18.213505
1995-08-13 20:27:00,48.0,26.336206
1995-08-13 20:28:00,28.0,29.725838
1995-08-13 20:29:00,33.0,30.044472
1995-08-13 20:30:00,37.0,29.746202
1995-08-13 20:31:00,13.0,36.381573
1995-08-13 20:32:00,31.0,19.999031
1995-08-13 20:33:00,33.0,27.809134
1995-08-13 20:34:00,21.0,28.738123
1995-08-13 20:35:00,27.0,28.857363
1995-08-13 20:36:00,8.0,27.050007
1995-08-13 20:37:00,23.0,22.372416
1995-08-13 20:38:00,34.0,27.87632
1995-08-13 20:39:00,31.0,25.266605
1995-08-13 20:40:00,26.0,23.823637
1995-08-13 20:41:00,40.0,27.168354
1995-08-13 20:42:00,37.0,36.31215
1995-08-13 20:43:00,38.0,33.3217
1995-08-13 20:44:00,31.0,34.687534
1995-08-13 20:45:00,30.0,26.045887
1995-08-13 20:46:00,11.0,29.333817
1995-08-13 20:47:00,15.0,20.042082
1995-08-13 20:48:00,21.0,25.856062
1995-08-13 20:49:00,37.0,25.325294
1995-08-13 20:50:00,29.0,29.251835
1995-08-13 20:51:00,36.0,26.749481
1995-08-13 20:52:00,46.0,26.13916
1995-08-13 20:53:00,21.0,28.986643
1995-08-13 20:54:00,46.0,29.133335
1995-08-13 20:55:00,36.0,39.07524
1995-08-13 20:56:00,21.0,23.547451
1995-08-13 20:57:00,31.0,29.137724
1995-08-13 20:58:00,19.0,18.925486
1995-08-13 20:59:00,32.0,26.978193
1995-08-13 21:00:00,23.0,28.659054
1995-08-13 21:01:00,30.0,25.91318
1995-08-13 21:02:00,18.0,29.054274
1995-08-13 21:03:00,50.0,23.509502
1995-08-13 21:04:00,39.0,40.27759
1995-08-13 21:05:00,34.0,36.42397
1995-08-13 21:06:00,32.0,30.464485
1995-08-13 21:07:00,41.0,26.819181
1995-08-13 21:08:00,17.0,26.322424
1995-08-13 21:09:00,34.0,28.96994
1995-08-13 21:10:00,15.0,25.454294
1995-08-13 21:11:00,37.0,28.532711
1995-08-13 21:12:00,33.0,35.734753
1995-08-13 21:13:00,31.0,32.619034
1995-08-13 21:14:00,31.0,31.173786
1995-08-13 21:15:00,17.0,27.577778
1995-08-13 21:16:00,41.0,29.022083
1995-08-13 21:17:00,40.0,28.582542
1995-08-13 21:18:00,22.0,25.340199
1995-08-13 21:19:00,51.0,26.798767
1995-08-13 21:20:00,42.0,38.330833
1995-08-13 21:21:00,55.0,37.92855
1995-08-13 21:22:00,18.0,20.781311
1995-08-13 21:23:00,20.0,29.944748
1995-08-13 21:24:00,18.0,27.40568
1995-08-13 21:25:00,20.0,27.209585
1995-08-13 21:26:00,25.0,24.427792
1995-08-13 21:27:00,25.0,19.651056
1995-08-13 21:28:00,6.0,24.551651
1995-08-13 21:29:00,15.0,21.445581
1995-08-13 21:30:00,32.0,19.396877
1995-08-13 21:31:00,17.0,26.352146
1995-08-13 21:32:00,22.0,24.888477
1995-08-13 21:33:00,36.0,17.687717
1995-08-13 21:34:00,31.0,32.03308
1995-08-13 21:35:00,18.0,28.267424
1995-08-13 21:36:00,16.0,25.426476
1995-08-13 21:37:00,22.0,25.71652
1995-08-13 21:38:00,27.0,22.354279
1995-08-13 21:39:00,28.0,24.617615
1995-08-13 21:40:00,33.0,27.023531
1995-08-13 21:41:00,26.0,21.280355
1995-08-13 21:42:00,29.0,20.980593
1995-08-13 21:43:00,31.0,25.514206
1995-08-13 21:44:00,28.0,25.431517
1995-08-13 21:45:00,33.0,25.821642
1995-08-13 21:46:00,39.0,27.597994
1995-08-13 21:47:00,46.0,28.15745
1995-08-13 21:48:00,41.0,32.522682
1995-08-13 21:49:00,25.0,36.189312
1995-08-13 21:50:00,24.0,27.664946
1995-08-13 21:51:00,18.0,24.826256
1995-08-13 21:52:00,25.0,27.826662
1995-08-13 21:53:00,37.0,30.325449
1995-08-13 21:54:00,19.0,30.487907
1995-08-13 21:55:00,21.0,26.787245
1995-08-13 21:56:00,23.0,26.628613
1995-08-13 21:57:00,45.0,27.276619
1995-08-13 21:58:00,29.0,25.286884
1995-08-13 21:59:00,49.0,29.902008
1995-08-13 22:00:00,36.0,32.63076
1995-08-13 22:01:00,68.0,34.48561
1995-08-13 22:02:00,40.0,30.046797
1995-08-13 22:03:00,52.0,35.88363
1995-08-13 22:04:00,46.0,42.34912
1995-08-13 22:05:00,41.0,36.83597
1995-08-13 22:06:00,60.0,36.759487
1995-08-13 22:07:00,50.0,37.18487
1995-08-13 22:08:00,33.0,39.92716
1995-08-13 22:09:00,43.0,33.920284
1995-08-13 22:10:00,33.0,34.560276
1995-08-13 22:11:00,37.0,36.63148
1995-08-13 22:12:00,45.0,35.252304
1995-08-13 22:13:00,39.0,37.184624
1995-08-13 22:14:00,45.0,39.99011
1995-08-13 22:15:00,33.0,39.03877
1995-08-13 22:16:00,27.0,31.236843
1995-08-13 22:17:00,22.0,33.824707
1995-08-13 22:18:00,28.0,30.202623
1995-08-13 22:19:00,45.0,31.995457
1995-08-13 22:20:00,19.0,23.249065
1995-08-13 22:21:00,56.0,31.087566
1995-08-13 22:22:00,54.0,42.190887
1995-08-13 22:23:00,37.0,42.316505
1995-08-13 22:24:00,23.0,27.431175
1995-08-13 22:25:00,9.0,25.402306
1995-08-13 22:26:00,34.0,22.971716
1995-08-13 22:27:00,36.0,29.013536
1995-08-13 22:28:00,44.0,37.495564
1995-08-13 22:29:00,36.0,41.281322
1995-08-13 22:30:00,42.0,38.2793
1995-08-13 22:31:00,41.0,40.72051
1995-08-13 22:32:00,40.0,37.34401
1995-08-13 22:33:00,37.0,38.622593
1995-08-13 22:34:00,15.0,36.779552
1995-08-13 22:35:00,41.0,26.315462
1995-08-13 22:36:00,48.0,35.02679
1995-08-13 22:37:00,51.0,40.06019
1995-08-13 22:38:00,54.0,41.132633
1995-08-13 22:39:00,39.0,44.48117
1995-08-13 22:40:00,41.0,34.89473
1995-08-13 22:41:00,73.0,36.804817
1995-08-13 22:42:00,50.0,51.88941
1995-08-13 22:43:00,33.0,47.538746
1995-08-13 22:44:00,50.0,33.570244
1995-08-13 22:45:00,79.0,42.4164
1995-08-13 22:46:00,47.0,54.19763
1995-08-13 22:47:00,39.0,43.559364
1995-08-13 22:48:00,33.0,38.407867
1995-08-13 22:49:00,20.0,25.158064
1995-08-13 22:50:00,19.0,26.932505
1995-08-13 22:51:00,48.0,32.297813
1995-08-13 22:52:00,31.0,39.28955
1995-08-13 22:53:00,37.0,34.41231
1995-08-13 22:54:00,50.0,37.61907
1995-08-13 22:55:00,20.0,32.4864
1995-08-13 22:56:00,42.0,35.92975
1995-08-13 22:57:00,47.0,39.41385
1995-08-13 22:58:00,45.0,29.024853
1995-08-13 22:59:00,45.0,41.1651
1995-08-13 23:00:00,39.0,38.554825
1995-08-13 23:01:00,25.0,41.3596
1995-08-13 23:02:00,48.0,28.6402
1995-08-13 23:03:00,39.0,41.788605
1995-08-13 23:04:00,11.0,12.506179
1995-08-13 23:05:00,34.0,29.413105
1995-08-13 23:06:00,49.0,37.48288
1995-08-13 23:07:00,57.0,41.88915
1995-08-13 23:08:00,44.0,46.32042
1995-08-13 23:09:00,28.0,42.283634
1995-08-13 23:10:00,25.0,27.091717
1995-08-13 23:11:00,18.0,31.777203
1995-08-13 23:12:00,41.0,29.026384
1995-08-13 23:13:00,36.0,33.23337
1995-08-13 23:14:00,25.0,38.689476
1995-08-13 23:15:00,44.0,30.820747
1995-08-13 23:16:00,31.0,39.12243
1995-08-13 23:17:00,30.0,36.54364
1995-08-13 23:18:00,28.0,32.78608
1995-08-13 23:19:00,36.0,30.768814
1995-08-13 23:20:00,45.0,35.59138
1995-08-13 23:21:00,53.0,41.237564
1995-08-13 23:22:00,34.0,33.91515
1995-08-13 23:23:00,23.0,35.3758
1995-08-13 23:24:00,24.0,32.147934
1995-08-13 23:25:00,11.0,18.571625
1995-08-13 23:26:00,39.0,17.21521
1995-08-13 23:27:00,27.0,31.465622
1995-08-13 23:28:00,11.0,30.494019
1995-08-13 23:29:00,14.0,19.639011
1995-08-13 23:30:00,15.0,15.86187
1995-08-13 23:31:00,16.0,17.112406
1995-08-13 23:32:00,31.0,22.659754
1995-08-13 23:33:00,42.0,27.324106
1995-08-13 23:34:00,29.0,27.914982
1995-08-13 23:35:00,37.0,26.508821
1995-08-13 23:36:00,14.0,31.407211
1995-08-13 23:37:00,30.0,26.176435
1995-08-13 23:38:00,32.0,26.42984
1995-08-13 23:39:00,20.0,20.023312
1995-08-13 23:40:00,15.0,17.05734
1995-08-13 23:41:00,30.0,28.081366
1995-08-13 23:42:00,23.0,22.168425
1995-08-13 23:43:00,52.0,25.08595
1995-08-13 23:44:00,24.0,28.850409
1995-08-13 23:45:00,36.0,29.654116
1995-08-13 23:46:00,35.0,35.667133
1995-08-13 23:47:00,56.0,34.155106
1995-08-13 23:48:00,63.0,41.063538
1995-08-13 23:49:00,49.0,43.016068
1995-08-13 23:50:00,33.0,40.6438
1995-08-13 23:51:00,48.0,35.13193
1995-08-13 23:52:00,41.0,34.10686
1995-08-13 23:53:00,54.0,37.366352
1995-08-13 23:54:00,36.0,21.159485
1995-08-13 23:55:00,43.0,34.20428
1995-08-13 23:56:00,32.0,34.910076
1995-08-13 23:57:00,29.0,23.83598
1995-08-13 23:58:00,52.0,30.540682
1995-08-13 23:59:00,34.0,42.526814
1995-08-14 00:00:00,37.0,26.338682
1995-08-14 00:01:00,38.0,36.22129
1995-08-14 00:02:00,45.0,39.657227
1995-08-14 00:03:00,37.0,35.177773
1995-08-14 00:04:00,24.0,36.979202
1995-08-14 00:05:00,35.0,32.455627
1995-08-14 00:06:00,15.0,27.835358
1995-08-14 00:07:00,29.0,22.490889
1995-08-14 00:08:00,26.0,31.845043
1995-08-14 00:09:00,43.0,29.190504
1995-08-14 00:10:00,34.0,38.74637
1995-08-14 00:11:00,27.0,31.241093
1995-08-14 00:12:00,25.0,29.981304
1995-08-14 00:13:00,30.0,29.126991
1995-08-14 00:14:00,30.0,32.02149
1995-08-14 00:15:00,50.0,32.104076
1995-08-14 00:16:00,37.0,40.72196
1995-08-14 00:17:00,56.0,36.804943
1995-08-14 00:18:00,54.0,39.89198
1995-08-14 00:19:00,36.0,43.614864
1995-08-14 00:20:00,34.0,34.381626
1995-08-14 00:21:00,21.0,27.77884
1995-08-14 00:22:00,51.0,25.611893
1995-08-14 00:23:00,39.0,35.72113
1995-08-14 00:24:00,56.0,37.790485
1995-08-14 00:25:00,37.0,41.74302
1995-08-14 00:26:00,31.0,35.47537
1995-08-14 00:27:00,49.0,30.877607
1995-08-14 00:28:00,39.0,33.497375
1995-08-14 00:29:00,57.0,36.134495
1995-08-14 00:30:00,41.0,46.560604
1995-08-14 00:31:00,30.0,29.271503
1995-08-14 00:32:00,38.0,30.87691
1995-08-14 00:33:00,28.0,34.565086
1995-08-14 00:34:00,26.0,27.828112
1995-08-14 00:35:00,21.0,31.770168
1995-08-14 00:36:00,31.0,30.079056
1995-08-14 00:37:00,22.0,32.640347
1995-08-14 00:38:00,29.0,30.347153
1995-08-14 00:39:00,34.0,31.521515
1995-08-14 00:40:00,36.0,34.382748
1995-08-14 00:41:00,50.0,30.684021
1995-08-14 00:42:00,27.0,33.508846
1995-08-14 00:43:00,24.0,32.67309
1995-08-14 00:44:00,36.0,24.399054
1995-08-14 00:45:00,29.0,25.65116
1995-08-14 00:46:00,14.0,24.618635
1995-08-14 00:47:00,33.0,25.972881
1995-08-14 00:48:00,26.0,27.096786
1995-08-14 00:49:00,20.0,26.797813
1995-08-14 00:50:00,26.0,29.019335
1995-08-14 00:51:00,32.0,30.569399
1995-08-14 00:52:00,39.0,32.110195
1995-08-14 00:53:00,33.0,35.878777
1995-08-14 00:54:00,24.0,28.741087
1995-08-14 00:55:00,50.0,31.19389
1995-08-14 00:56:00,33.0,38.702934
1995-08-14 00:57:00,23.0,28.227573
1995-08-14 00:58:00,24.0,30.863657
1995-08-14 00:59:00,25.0,25.48679
1995-08-14 01:00:00,40.0,25.730167
1995-08-14 01:01:00,26.0,33.786194
1995-08-14 01:02:00,11.0,22.785303
1995-08-14 01:03:00,24.0,17.774426
1995-08-14 01:04:00,32.0,28.49108
1995-08-14 01:05:00,17.0,25.72741
1995-08-14 01:06:00,24.0,23.363146
1995-08-14 01:07:00,34.0,27.851524
1995-08-14 01:08:00,24.0,27.174398
1995-08-14 01:09:00,29.0,24.98774
1995-08-14 01:10:00,24.0,28.511215
1995-08-14 01:11:00,28.0,25.505945
1995-08-14 01:12:00,16.0,24.224756
1995-08-14 01:13:00,18.0,17.33646
1995-08-14 01:14:00,30.0,26.775461
1995-08-14 01:15:00,31.0,25.720604
1995-08-14 01:16:00,26.0,27.474794
1995-08-14 01:17:00,33.0,19.77924
1995-08-14 01:18:00,24.0,27.259724
1995-08-14 01:19:00,9.0,24.239042
1995-08-14 01:20:00,17.0,17.237507
1995-08-14 01:21:00,30.0,20.52064
1995-08-14 01:22:00,28.0,20.020475
1995-08-14 01:23:00,14.0,25.028236
1995-08-14 01:24:00,18.0,18.75708
1995-08-14 01:25:00,26.0,21.905285
1995-08-14 01:26:00,35.0,20.768358
1995-08-14 01:27:00,41.0,26.472565
1995-08-14 01:28:00,20.0,32.43838
1995-08-14 01:29:00,15.0,24.18062
1995-08-14 01:30:00,35.0,23.185
1995-08-14 01:31:00,20.0,27.16681
1995-08-14 01:32:00,15.0,23.91168
1995-08-14 01:33:00,24.0,18.80783
1995-08-14 01:34:00,22.0,20.74121
1995-08-14 01:35:00,12.0,24.708658
1995-08-14 01:36:00,45.0,20.641188
1995-08-14 01:37:00,22.0,32.3935
1995-08-14 01:38:00,15.0,18.93145
1995-08-14 01:39:00,48.0,21.63427
1995-08-14 01:40:00,27.0,21.881536
1995-08-14 01:41:00,30.0,24.788568
1995-08-14 01:42:00,29.0,28.311327
1995-08-14 01:43:00,22.0,24.424656
1995-08-14 01:44:00,15.0,23.364494
1995-08-14 01:45:00,32.0,25.364965
1995-08-14 01:46:00,27.0,28.462925
1995-08-14 01:47:00,30.0,24.495216
1995-08-14 01:48:00,22.0,23.94494
1995-08-14 01:49:00,13.0,15.499414
1995-08-14 01:50:00,16.0,19.8393
1995-08-14 01:51:00,28.0,23.872986
1995-08-14 01:52:00,33.0,26.077482
1995-08-14 01:53:00,20.0,25.074385
1995-08-14 01:54:00,17.0,22.27846
1995-08-14 01:55:00,16.0,25.408154
1995-08-14 01:56:00,24.0,19.732252
1995-08-14 01:57:00,22.0,25.320976
1995-08-14 01:58:00,14.0,18.479265
1995-08-14 01:59:00,7.0,13.355475
1995-08-14 02:00:00,28.0,13.045265
1995-08-14 02:01:00,22.0,23.846682
1995-08-14 02:02:00,32.0,21.237185
1995-08-14 02:03:00,24.0,21.537434
1995-08-14 02:04:00,10.0,22.152626
1995-08-14 02:05:00,18.0,17.781252
1995-08-14 02:06:00,5.0,21.776657
1995-08-14 02:07:00,12.0,13.97291
1995-08-14 02:08:00,13.0,16.18041
1995-08-14 02:09:00,12.0,14.086106
1995-08-14 02:10:00,39.0,16.204012
1995-08-14 02:11:00,37.0,24.563587
1995-08-14 02:12:00,40.0,25.981907
1995-08-14 02:13:00,19.0,17.158863
1995-08-14 02:14:00,20.0,22.060438
1995-08-14 02:15:00,35.0,25.062595
1995-08-14 02:16:00,27.0,23.423677
1995-08-14 02:17:00,22.0,19.85178
1995-08-14 02:18:00,27.0,22.471127
1995-08-14 02:19:00,26.0,24.831121
1995-08-14 02:20:00,16.0,24.699099
1995-08-14 02:21:00,22.0,13.892879
1995-08-14 02:22:00,20.0,22.75849
1995-08-14 02:23:00,11.0,21.55151
1995-08-14 02:24:00,14.0,16.399082
1995-08-14 02:25:00,20.0,17.20562
1995-08-14 02:26:00,29.0,23.251488
1995-08-14 02:27:00,15.0,23.10323
1995-08-14 02:28:00,14.0,19.625593
1995-08-14 02:29:00,14.0,20.005365
1995-08-14 02:30:00,29.0,20.72894
1995-08-14 02:31:00,14.0,19.695105
1995-08-14 02:32:00,25.0,17.473688
1995-08-14 02:33:00,19.0,18.242886
1995-08-14 02:34:00,17.0,18.051924
1995-08-14 02:35:00,24.0,17.245123
1995-08-14 02:36:00,20.0,19.069128
1995-08-14 02:37:00,29.0,19.427855
1995-08-14 02:38:00,32.0,25.608126
1995-08-14 02:39:00,29.0,21.735023
1995-08-14 02:40:00,25.0,26.944715
1995-08-14 02:41:00,30.0,25.255993
1995-08-14 02:42:00,18.0,24.98961
1995-08-14 02:43:00,16.0,19.65016
1995-08-14 02:44:00,12.0,18.874321
1995-08-14 02:45:00,12.0,17.51177
1995-08-14 02:46:00,20.0,14.477669
1995-08-14 02:47:00,19.0,19.4172
1995-08-14 02:48:00,19.0,12.803699
1995-08-14 02:49:00,14.0,14.756627
1995-08-14 02:50:00,13.0,17.180119
1995-08-14 02:51:00,34.0,13.588381
1995-08-14 02:52:00,17.0,22.533785
1995-08-14 02:53:00,29.0,21.73387
1995-08-14 02:54:00,21.0,20.890398
1995-08-14 02:55:00,32.0,16.660929
1995-08-14 02:56:00,16.0,23.610682
1995-08-14 02:57:00,12.0,11.096407
1995-08-14 02:58:00,27.0,18.555216
1995-08-14 02:59:00,13.0,24.50279
1995-08-14 03:00:00,15.0,10.598049
1995-08-14 03:01:00,8.0,20.24539
1995-08-14 03:02:00,12.0,12.739272
1995-08-14 03:03:00,9.0,11.079559
1995-08-14 03:04:00,16.0,13.68711
1995-08-14 03:05:00,16.0,16.691145
1995-08-14 03:06:00,35.0,16.387629
1995-08-14 03:07:00,5.0,26.307667
1995-08-14 03:08:00,18.0,12.468409
1995-08-14 03:09:00,15.0,14.183113
1995-08-14 03:10:00,22.0,16.348232
1995-08-14 03:11:00,15.0,18.383413
1995-08-14 03:12:00,22.0,15.173677
1995-08-14 03:13:00,23.0,18.646357
1995-08-14 03:14:00,15.0,19.028913
1995-08-14 03:15:00,21.0,16.261335
1995-08-14 03:16:00,28.0,19.428837
1995-08-14 03:17:00,24.0,22.824873
1995-08-14 03:18:00,12.0,22.530615
1995-08-14 03:19:00,8.0,16.021893
1995-08-14 03:20:00,10.0,12.627267
1995-08-14 03:21:00,5.0,13.004535
1995-08-14 03:22:00,14.0,12.654954
1995-08-14 03:23:00,7.0,15.696871
1995-08-14 03:24:00,1.0,3.8212452
1995-08-14 03:25:00,10.0,8.233331
1995-08-14 03:26:00,9.0,15.203188
1995-08-14 03:27:00,15.0,11.060442
1995-08-14 03:28:00,17.0,9.331894
1995-08-14 03:29:00,6.0,3.6847472
1995-08-14 03:30:00,18.0,11.143728
1995-08-14 03:31:00,16.0,13.644277
1995-08-14 03:32:00,34.0,17.096504
1995-08-14 03:33:00,25.0,13.305766
1995-08-14 03:34:00,26.0,17.324919
1995-08-14 03:35:00,30.0,19.293741
1995-08-14 03:36:00,30.0,23.193592
1995-08-14 03:37:00,18.0,18.101965
1995-08-14 03:38:00,18.0,19.8958
1995-08-14 03:39:00,46.0,20.730158
1995-08-14 03:40:00,32.0,21.759966
1995-08-14 03:41:00,32.0,20.954798
1995-08-14 03:42:00,23.0,20.3424
1995-08-14 03:43:00,17.0,22.141588
1995-08-14 03:44:00,10.0,17.497435
1995-08-14 03:45:00,19.0,21.436047
1995-08-14 03:46:00,6.0,19.341646
1995-08-14 03:47:00,12.0,12.370489
1995-08-14 03:48:00,7.0,14.487458
1995-08-14 03:49:00,11.0,13.083703
1995-08-14 03:50:00,19.0,12.9443865
1995-08-14 03:51:00,5.0,16.71325
1995-08-14 03:52:00,20.0,13.157753
1995-08-14 03:53:00,12.0,13.177087
1995-08-14 03:54:00,22.0,14.722842
1995-08-14 03:55:00,13.0,20.82496
1995-08-14 03:56:00,21.0,14.571991
1995-08-14 03:57:00,18.0,17.405823
1995-08-14 03:58:00,25.0,17.547642
1995-08-14 03:59:00,20.0,21.126776
1995-08-14 04:00:00,34.0,16.708553
1995-08-14 04:01:00,18.0,22.66513
1995-08-14 04:02:00,9.0,11.364575
1995-08-14 04:03:00,16.0,19.281466
1995-08-14 04:04:00,11.0,15.006346
1995-08-14 04:05:00,18.0,15.209621
1995-08-14 04:06:00,16.0,14.264399
1995-08-14 04:07:00,9.0,17.94934
1995-08-14 04:08:00,18.0,14.390561
1995-08-14 04:09:00,32.0,16.993517
1995-08-14 04:10:00,14.0,23.873863
1995-08-14 04:11:00,11.0,17.48281
1995-08-14 04:12:00,16.0,16.51719
1995-08-14 04:13:00,8.0,15.819548
1995-08-14 04:14:00,1.0,4.145314
1995-08-14 04:15:00,0.0,1.8083451
1995-08-14 04:20:00,10.0,9.021791
1995-08-14 04:22:00,21.0,11.268848
1995-08-14 04:23:00,4.0,15.205242
1995-08-14 04:24:00,7.0,8.866406
1995-08-14 04:25:00,29.0,10.354288
1995-08-14 04:26:00,20.0,20.858908
1995-08-14 04:27:00,4.0,11.112767
1995-08-14 04:28:00,7.0,8.868469
1995-08-14 04:29:00,13.0,11.160239
1995-08-14 04:30:00,11.0,13.18397
1995-08-14 04:32:00,4.0,6.737445
1995-08-14 04:33:00,31.0,10.445155
1995-08-14 04:34:00,27.0,14.947599
1995-08-14 04:35:00,11.0,11.880587
1995-08-14 04:36:00,9.0,13.14566
1995-08-14 04:37:00,1.0,1.8437154
1995-08-14 04:38:00,11.0,10.191969
1995-08-14 04:39:00,6.0,8.31266
1995-08-14 04:40:00,22.0,9.706852
1995-08-14 04:41:00,22.0,17.834305
1995-08-14 04:42:00,23.0,17.441986
1995-08-14 04:43:00,7.0,11.34155
1995-08-14 04:44:00,4.0,5.536661
1995-08-14 04:45:00,18.0,11.305804
1995-08-14 04:46:00,51.0,17.39816
1995-08-14 04:47:00,17.0,24.13108
1995-08-14 04:48:00,8.0,14.564508
1995-08-14 04:49:00,14.0,11.244045
1995-08-14 04:50:00,26.0,16.924038
1995-08-14 04:51:00,14.0,16.9782
1995-08-14 04:52:00,11.0,15.705627
1995-08-14 04:53:00,5.0,10.672368
1995-08-14 04:54:00,1.0,1.5313745
1995-08-14 04:55:00,9.0,8.275732
1995-08-14 04:56:00,10.0,13.931141
1995-08-14 04:57:00,19.0,16.024189
1995-08-14 04:58:00,8.0,15.104404
1995-08-14 04:59:00,29.0,12.40743
1995-08-14 05:00:00,29.0,18.624943
1995-08-14 05:01:00,18.0,18.650661
1995-08-14 05:02:00,44.0,19.402061
1995-08-14 05:03:00,40.0,25.420183
1995-08-14 05:04:00,28.0,24.013458
1995-08-14 05:05:00,21.0,21.939585
1995-08-14 05:06:00,11.0,16.73316
1995-08-14 05:07:00,7.0,17.393692
1995-08-14 05:08:00,12.0,14.538751
1995-08-14 05:09:00,16.0,15.122223
1995-08-14 05:10:00,14.0,15.786892
1995-08-14 05:11:00,28.0,19.163006
1995-08-14 05:12:00,7.0,19.326258
1995-08-14 05:13:00,8.0,11.625862
1995-08-14 05:14:00,5.0,11.608578
1995-08-14 05:15:00,16.0,11.564569
1995-08-14 05:16:00,8.0,11.693732
1995-08-14 05:17:00,39.0,14.065576
1995-08-14 05:18:00,13.0,4.1156564
1995-08-14 05:19:00,18.0,12.316214
1995-08-14 05:20:00,3.0,17.10024
1995-08-14 05:21:00,17.0,13.407376
1995-08-14 05:22:00,21.0,14.9767475
1995-08-14 05:23:00,16.0,17.126183
1995-08-14 05:24:00,17.0,11.48368
1995-08-14 05:25:00,23.0,18.188248
1995-08-14 05:26:00,11.0,20.483564
1995-08-14 05:27:00,18.0,16.21696
1995-08-14 05:28:00,5.0,13.17392
1995-08-14 05:29:00,11.0,11.875699
1995-08-14 05:30:00,37.0,16.417202
1995-08-14 05:31:00,20.0,18.625908
1995-08-14 05:32:00,12.0,10.588646
1995-08-14 05:33:00,16.0,15.243963
1995-08-14 05:34:00,12.0,16.219843
1995-08-14 05:35:00,11.0,16.756264
1995-08-14 05:36:00,26.0,16.798538
1995-08-14 05:37:00,18.0,20.099506
1995-08-14 05:38:00,11.0,19.0201
1995-08-14 05:39:00,13.0,10.309564
1995-08-14 05:40:00,22.0,13.258414
1995-08-14 05:41:00,26.0,16.475973
1995-08-14 05:42:00,10.0,13.2585535
1995-08-14 05:43:00,20.0,15.979147
1995-08-14 05:44:00,33.0,19.012712
1995-08-14 05:45:00,15.0,17.098852
1995-08-14 05:46:00,22.0,20.855839
1995-08-14 05:47:00,36.0,21.604921
1995-08-14 05:48:00,10.0,23.49362
1995-08-14 05:49:00,18.0,15.362614
1995-08-14 05:50:00,9.0,13.267235
1995-08-14 05:51:00,24.0,13.777291
1995-08-14 05:52:00,18.0,17.659859
1995-08-14 05:53:00,9.0,14.037326
1995-08-14 05:54:00,14.0,11.876672
1995-08-14 05:55:00,24.0,15.172949
1995-08-14 05:56:00,30.0,18.65673
1995-08-14 05:57:00,22.0,18.475016
1995-08-14 05:58:00,10.0,16.68821
1995-08-14 05:59:00,12.0,17.144962
1995-08-14 06:00:00,1.0,1.3811908
1995-08-14 06:01:00,4.0,10.360275
1995-08-14 06:02:00,7.0,12.128801
1995-08-14 06:03:00,17.0,13.1775875
1995-08-14 06:04:00,8.0,13.632651
1995-08-14 06:05:00,4.0,12.193227
1995-08-14 06:06:00,11.0,13.841358
1995-08-14 06:07:00,3.0,2.4144258
1995-08-14 06:08:00,9.0,6.4821277
1995-08-14 06:09:00,16.0,12.651018
1995-08-14 06:10:00,12.0,12.291086
1995-08-14 06:11:00,13.0,15.327646
1995-08-14 06:12:00,16.0,9.03894
1995-08-14 06:13:00,16.0,12.618127
1995-08-14 06:14:00,22.0,15.1430855
1995-08-14 06:15:00,18.0,14.26727
1995-08-14 06:16:00,18.0,14.482293
1995-08-14 06:17:00,17.0,14.778006
1995-08-14 06:18:00,16.0,11.745952
1995-08-14 06:19:00,27.0,14.303984
1995-08-14 06:20:00,14.0,17.16019
1995-08-14 06:21:00,9.0,14.476406
1995-08-14 06:22:00,14.0,16.515635
1995-08-14 06:23:00,14.0,15.198467
1995-08-14 06:24:00,16.0,11.037047
1995-08-14 06:25:00,19.0,14.899112
1995-08-14 06:26:00,29.0,16.693748
1995-08-14 06:27:00,19.0,18.205338
1995-08-14 06:28:00,48.0,17.203184
1995-08-14 06:29:00,22.0,19.476576
1995-08-14 06:30:00,32.0,20.149181
1995-08-14 06:31:00,29.0,22.316063
1995-08-14 06:32:00,6.0,23.051016
1995-08-14 06:33:00,9.0,13.991123
1995-08-14 06:34:00,14.0,16.331072
1995-08-14 06:35:00,16.0,16.45045
1995-08-14 06:36:00,16.0,15.516682
1995-08-14 06:37:00,13.0,13.701249
1995-08-14 06:38:00,20.0,17.318462
1995-08-14 06:39:00,45.0,17.457685
1995-08-14 06:40:00,35.0,25.687847
1995-08-14 06:41:00,19.0,17.950253
1995-08-14 06:42:00,11.0,22.920544
1995-08-14 06:43:00,22.0,15.724787
1995-08-14 06:44:00,22.0,23.914627
1995-08-14 06:45:00,19.0,22.247444
1995-08-14 06:46:00,38.0,19.142216
1995-08-14 06:47:00,26.0,24.887638
1995-08-14 06:48:00,30.0,24.768993
1995-08-14 06:49:00,31.0,24.31925
1995-08-14 06:50:00,22.0,23.001608
1995-08-14 06:51:00,11.0,19.349625
1995-08-14 06:52:00,12.0,20.785637
1995-08-14 06:53:00,22.0,15.810682
1995-08-14 06:54:00,14.0,17.95873
1995-08-14 06:55:00,6.0,6.026286
1995-08-14 06:56:00,27.0,12.314379
1995-08-14 06:57:00,19.0,17.940321
1995-08-14 06:58:00,31.0,19.924511
1995-08-14 06:59:00,12.0,8.817741
1995-08-14 07:00:00,26.0,19.806967
1995-08-14 07:01:00,22.0,15.252172
1995-08-14 07:02:00,21.0,19.93763
1995-08-14 07:03:00,16.0,13.023777
1995-08-14 07:04:00,23.0,21.879501
1995-08-14 07:05:00,15.0,19.338022
1995-08-14 07:06:00,13.0,11.6139145
1995-08-14 07:07:00,25.0,19.206495
1995-08-14 07:08:00,21.0,20.957735
1995-08-14 07:09:00,39.0,23.484453
1995-08-14 07:10:00,13.0,25.603025
1995-08-14 07:11:00,24.0,18.316008
1995-08-14 07:12:00,25.0,24.89885
1995-08-14 07:13:00,23.0,24.428991
1995-08-14 07:14:00,22.0,25.436262
1995-08-14 07:15:00,31.0,24.292885
1995-08-14 07:16:00,24.0,24.303946
1995-08-14 07:17:00,28.0,19.014177
1995-08-14 07:18:00,34.0,27.59374
1995-08-14 07:19:00,34.0,26.569063
1995-08-14 07:20:00,21.0,21.523167
1995-08-14 07:21:00,21.0,24.05251
1995-08-14 07:22:00,18.0,23.982317
1995-08-14 07:23:00,49.0,25.659548
1995-08-14 07:24:00,33.0,28.795055
1995-08-14 07:25:00,36.0,26.203617
1995-08-14 07:26:00,28.0,26.09683
1995-08-14 07:27:00,39.0,30.62624
1995-08-14 07:28:00,34.0,34.32607
1995-08-14 07:29:00,22.0,31.911434
1995-08-14 07:30:00,27.0,29.960386
1995-08-14 07:31:00,37.0,31.701595
1995-08-14 07:32:00,44.0,25.381207
1995-08-14 07:33:00,41.0,26.210863
1995-08-14 07:34:00,33.0,22.312695
1995-08-14 07:35:00,18.0,28.995417
1995-08-14 07:36:00,8.0,29.470718
1995-08-14 07:37:00,31.0,21.184135
1995-08-14 07:38:00,32.0,27.200945
1995-08-14 07:39:00,9.0,14.978454
1995-08-14 07:40:00,37.0,23.090717
1995-08-14 07:41:00,29.0,26.267662
1995-08-14 07:42:00,34.0,30.183643
1995-08-14 07:43:00,38.0,32.252125
1995-08-14 07:44:00,32.0,31.122478
1995-08-14 07:45:00,33.0,32.152596
1995-08-14 07:46:00,67.0,34.814938
1995-08-14 07:47:00,19.0,23.56696
1995-08-14 07:48:00,18.0,28.573254
1995-08-14 07:49:00,27.0,30.51789
1995-08-14 07:50:00,21.0,21.289005
1995-08-14 07:51:00,23.0,23.230879
1995-08-14 07:52:00,26.0,14.36393
1995-08-14 07:53:00,53.0,29.046421
1995-08-14 07:54:00,32.0,36.987007
1995-08-14 07:55:00,34.0,25.708107
1995-08-14 07:56:00,12.0,22.531445
1995-08-14 07:57:00,24.0,30.848497
1995-08-14 07:58:00,22.0,21.906176
1995-08-14 07:59:00,37.0,22.437319
1995-08-14 08:00:00,19.0,21.68449
1995-08-14 08:01:00,13.0,18.143818
1995-08-14 08:02:00,29.0,24.234434
1995-08-14 08:03:00,33.0,28.046026
1995-08-14 08:04:00,21.0,19.188152
1995-08-14 08:05:00,21.0,13.22074
1995-08-14 08:06:00,18.0,22.996864
1995-08-14 08:07:00,37.0,23.887632
1995-08-14 08:08:00,22.0,28.56194
1995-08-14 08:09:00,21.0,23.727064
1995-08-14 08:10:00,23.0,24.748371
1995-08-14 08:11:00,42.0,25.630898
1995-08-14 08:12:00,42.0,29.863838
1995-08-14 08:13:00,12.0,31.172123
1995-08-14 08:14:00,24.0,15.696098
1995-08-14 08:15:00,24.0,22.671343
1995-08-14 08:16:00,27.0,28.959581
1995-08-14 08:17:00,52.0,25.842396
1995-08-14 08:18:00,50.0,31.401741
1995-08-14 08:19:00,39.0,32.255756
1995-08-14 08:20:00,35.0,34.603264
1995-08-14 08:21:00,40.0,32.55736
1995-08-14 08:22:00,30.0,31.54786
1995-08-14 08:23:00,25.0,31.211605
1995-08-14 08:24:00,34.0,30.688091
1995-08-14 08:25:00,61.0,34.277103
1995-08-14 08:26:00,54.0,42.06353
1995-08-14 08:27:00,35.0,37.97438
1995-08-14 08:28:00,29.0,37.47309
1995-08-14 08:29:00,46.0,33.31283
1995-08-14 08:30:00,33.0,30.780163
1995-08-14 08:31:00,48.0,32.89251
1995-08-14 08:32:00,26.0,34.093113
1995-08-14 08:33:00,56.0,38.035423
1995-08-14 08:34:00,55.0,46.423336
1995-08-14 08:35:00,46.0,42.624805
1995-08-14 08:36:00,50.0,45.813465
1995-08-14 08:37:00,43.0,48.300312
1995-08-14 08:38:00,33.0,38.970936
1995-08-14 08:39:00,67.0,39.715126
1995-08-14 08:40:00,41.0,45.201744
1995-08-14 08:41:00,50.0,48.309597
1995-08-14 08:42:00,74.0,47.637825
1995-08-14 08:43:00,61.0,55.384384
1995-08-14 08:44:00,57.0,46.36774
1995-08-14 08:45:00,59.0,55.56435
1995-08-14 08:46:00,61.0,44.97463
1995-08-14 08:47:00,48.0,27.766396
1995-08-14 08:48:00,60.0,50.538467
1995-08-14 08:49:00,33.0,56.525726
1995-08-14 08:50:00,30.0,34.709553
1995-08-14 08:51:00,44.0,38.539124
1995-08-14 08:52:00,45.0,45.9265
1995-08-14 08:53:00,44.0,47.399624
1995-08-14 08:54:00,50.0,45.636063
1995-08-14 08:55:00,96.0,45.915836
1995-08-14 08:56:00,90.0,67.209595
1995-08-14 08:57:00,47.0,63.893013
1995-08-14 08:58:00,67.0,50.04171
1995-08-14 08:59:00,68.0,53.346874
1995-08-14 09:00:00,85.0,58.824192
1995-08-14 09:01:00,33.0,64.56944
1995-08-14 09:02:00,27.0,43.483795
1995-08-14 09:03:00,24.0,32.178707
1995-08-14 09:04:00,48.0,51.545162
1995-08-14 09:05:00,66.0,48.659668
1995-08-14 09:06:00,37.0,54.447186
1995-08-14 09:07:00,46.0,41.72356
1995-08-14 09:08:00,43.0,51.034336
1995-08-14 09:09:00,36.0,49.063797
1995-08-14 09:10:00,46.0,49.46515
1995-08-14 09:11:00,90.0,53.492046
1995-08-14 09:12:00,46.0,66.07904
1995-08-14 09:13:00,96.0,57.176075
1995-08-14 09:14:00,62.0,66.47552
1995-08-14 09:15:00,54.0,66.04204
1995-08-14 09:16:00,86.0,62.41822
1995-08-14 09:17:00,32.0,52.40721
1995-08-14 09:18:00,26.0,46.10621
1995-08-14 09:19:00,36.0,40.233536
1995-08-14 09:20:00,30.0,40.64222
1995-08-14 09:21:00,47.0,38.974377
1995-08-14 09:22:00,45.0,44.13822
1995-08-14 09:23:00,66.0,56.232533
1995-08-14 09:24:00,44.0,53.96388
1995-08-14 09:25:00,54.0,52.562645
1995-08-14 09:26:00,44.0,55.03498
1995-08-14 09:27:00,62.0,49.40849
1995-08-14 09:28:00,72.0,58.166958
1995-08-14 09:29:00,54.0,60.67826
1995-08-14 09:30:00,41.0,46.29847
1995-08-14 09:31:00,59.0,53.439934
1995-08-14 09:32:00,55.0,58.42264
1995-08-14 09:33:00,52.0,54.095234
1995-08-14 09:34:00,48.0,56.0373
1995-08-14 09:35:00,64.0,54.480747
1995-08-14 09:36:00,84.0,59.388897
1995-08-14 09:37:00,86.0,64.92426
1995-08-14 09:38:00,72.0,70.813515
1995-08-14 09:39:00,46.0,67.35937
1995-08-14 09:40:00,67.0,58.13021
1995-08-14 09:41:00,55.0,60.394928
1995-08-14 09:42:00,51.0,63.003418
1995-08-14 09:43:00,46.0,58.368034
1995-08-14 09:44:00,46.0,54.000187
1995-08-14 09:45:00,45.0,52.676178
1995-08-14 09:46:00,61.0,48.74022
1995-08-14 09:47:00,34.0,46.27431
1995-08-14 09:48:00,88.0,48.341972
1995-08-14 09:49:00,69.0,58.933636
1995-08-14 09:50:00,77.0,64.65889
1995-08-14 09:51:00,37.0,64.16977
1995-08-14 09:52:00,27.0,54.040672
1995-08-14 09:53:00,69.0,39.238037
1995-08-14 09:54:00,51.0,50.963634
1995-08-14 09:55:00,39.0,48.02567
1995-08-14 09:56:00,67.0,45.256813
1995-08-14 09:57:00,39.0,57.450882
1995-08-14 09:58:00,46.0,45.16639
1995-08-14 09:59:00,65.0,51.761696
1995-08-14 10:00:00,53.0,58.005013
1995-08-14 10:01:00,51.0,59.733643
1995-08-14 10:02:00,48.0,53.37265
1995-08-14 10:03:00,66.0,48.524216
1995-08-14 10:04:00,73.0,57.062946
1995-08-14 10:05:00,69.0,61.674503
1995-08-14 10:06:00,67.0,56.594563
1995-08-14 10:07:00,64.0,63.16011
1995-08-14 10:08:00,76.0,63.182205
1995-08-14 10:09:00,87.0,64.01117
1995-08-14 10:10:00,47.0,69.0766
1995-08-14 10:11:00,58.0,58.4312
1995-08-14 10:12:00,49.0,49.741325
1995-08-14 10:13:00,64.0,59.139496
1995-08-14 10:14:00,69.0,62.595493
1995-08-14 10:15:00,59.0,62.50328
1995-08-14 10:16:00,72.0,60.473465
1995-08-14 10:17:00,60.0,64.37008
1995-08-14 10:18:00,48.0,59.681652
1995-08-14 10:19:00,32.0,57.092136
1995-08-14 10:20:00,57.0,49.9621
1995-08-14 10:21:00,64.0,57.938736
1995-08-14 10:22:00,38.0,59.177162
1995-08-14 10:23:00,61.0,51.09171
1995-08-14 10:24:00,84.0,58.006786
1995-08-14 10:25:00,61.0,64.30662
1995-08-14 10:26:00,7.0,33.223557
1995-08-14 10:27:00,56.0,47.650967
1995-08-14 10:28:00,80.0,58.435932
1995-08-14 10:29:00,60.0,65.55373
1995-08-14 10:30:00,63.0,61.29067
1995-08-14 10:31:00,49.0,61.133297
1995-08-14 10:32:00,61.0,51.763798
1995-08-14 10:33:00,51.0,57.6448
1995-08-14 10:34:00,47.0,46.309917
1995-08-14 10:35:00,30.0,55.704643
1995-08-14 10:36:00,33.0,42.668087
1995-08-14 10:37:00,35.0,46.9166
1995-08-14 10:38:00,44.0,46.758705
1995-08-14 10:39:00,45.0,43.669308
1995-08-14 10:40:00,41.0,48.123074
1995-08-14 10:41:00,71.0,52.903824
1995-08-14 10:42:00,69.0,59.00687
1995-08-14 10:43:00,52.0,52.500923
1995-08-14 10:44:00,46.0,58.55054
1995-08-14 10:45:00,70.0,53.604164
1995-08-14 10:46:00,67.0,60.35027
1995-08-14 10:47:00,81.0,62.527935
1995-08-14 10:48:00,76.0,66.42608
1995-08-14 10:49:00,88.0,65.965904
1995-08-14 10:50:00,39.0,55.503372
1995-08-14 10:51:00,66.0,51.661446
1995-08-14 10:52:00,54.0,60.15627
1995-08-14 10:53:00,43.0,56.72585
1995-08-14 10:54:00,34.0,57.38453
1995-08-14 10:55:00,29.0,33.332905
1995-08-14 10:56:00,22.0,47.978783
1995-08-14 10:57:00,33.0,45.76873
1995-08-14 10:58:00,42.0,42.037346
1995-08-14 10:59:00,37.0,49.081036
1995-08-14 11:00:00,44.0,46.676235
1995-08-14 11:01:00,76.0,48.582176
1995-08-14 11:02:00,55.0,62.156578
1995-08-14 11:03:00,100.0,56.057514
1995-08-14 11:04:00,63.0,74.01031
1995-08-14 11:05:00,48.0,54.192974
1995-08-14 11:06:00,44.0,46.451
1995-08-14 11:07:00,32.0,43.535965
1995-08-14 11:08:00,41.0,50.34919
1995-08-14 11:09:00,80.0,54.2786
1995-08-14 11:10:00,82.0,53.666534
1995-08-14 11:11:00,91.0,67.25381
1995-08-14 11:12:00,52.0,74.55736
1995-08-14 11:13:00,37.0,47.318836
1995-08-14 11:14:00,65.0,57.021626
1995-08-14 11:15:00,99.0,64.65676
1995-08-14 11:16:00,57.0,71.30659
1995-08-14 11:17:00,77.0,67.940315
1995-08-14 11:18:00,44.0,59.11252
1995-08-14 11:19:00,51.0,56.49101
1995-08-14 11:20:00,69.0,62.022224
1995-08-14 11:21:00,63.0,60.327953
1995-08-14 11:22:00,53.0,66.09756
1995-08-14 11:23:00,81.0,63.299004
1995-08-14 11:24:00,49.0,63.192398
1995-08-14 11:25:00,64.0,61.014336
1995-08-14 11:26:00,95.0,65.78016
1995-08-14 11:27:00,47.0,74.23806
1995-08-14 11:28:00,62.0,61.534138
1995-08-14 11:29:00,48.0,66.66374
1995-08-14 11:30:00,49.0,46.456722
1995-08-14 11:31:00,48.0,60.60666
1995-08-14 11:32:00,48.0,52.22692
1995-08-14 11:33:00,22.0,54.955547
1995-08-14 11:34:00,24.0,39.007748
1995-08-14 11:35:00,30.0,49.150097
1995-08-14 11:36:00,33.0,45.320377
1995-08-14 11:37:00,32.0,48.91909
1995-08-14 11:38:00,26.0,31.784557
1995-08-14 11:39:00,68.0,44.711823
1995-08-14 11:40:00,62.0,55.849323
1995-08-14 11:41:00,61.0,57.13082
1995-08-14 11:42:00,39.0,51.770203
1995-08-14 11:43:00,83.0,50.843227
1995-08-14 11:44:00,65.0,61.364967
1995-08-14 11:45:00,53.0,53.78579
1995-08-14 11:46:00,63.0,64.27035
1995-08-14 11:47:00,56.0,62.053547
1995-08-14 11:48:00,70.0,54.959015
1995-08-14 11:49:00,43.0,62.091652
1995-08-14 11:50:00,44.0,55.018364
1995-08-14 11:51:00,36.0,45.372402
1995-08-14 11:52:00,49.0,38.802063
1995-08-14 11:53:00,44.0,49.74937
1995-08-14 11:54:00,64.0,48.1279
1995-08-14 11:55:00,46.0,46.79576
1995-08-14 11:56:00,68.0,45.64517
1995-08-14 11:57:00,54.0,30.377085
1995-08-14 11:58:00,44.0,58.857838
1995-08-14 11:59:00,48.0,50.556263
1995-08-14 12:00:00,47.0,55.117367
1995-08-14 12:01:00,65.0,50.73056
1995-08-14 12:02:00,70.0,55.42392
1995-08-14 12:03:00,49.0,46.94887
1995-08-14 12:04:00,42.0,56.506447
1995-08-14 12:05:00,30.0,30.642265
1995-08-14 12:06:00,48.0,41.707314
1995-08-14 12:07:00,56.0,53.511314
1995-08-14 12:08:00,60.0,54.134445
1995-08-14 12:09:00,69.0,51.6153
1995-08-14 12:10:00,45.0,57.67344
1995-08-14 12:11:00,31.0,54.986053
1995-08-14 12:12:00,73.0,50.763798
1995-08-14 12:13:00,57.0,61.38817
1995-08-14 12:14:00,70.0,49.98015
1995-08-14 12:15:00,55.0,56.481445
1995-08-14 12:16:00,88.0,62.04973
1995-08-14 12:17:00,96.0,68.21842
1995-08-14 12:18:00,84.0,73.71812
1995-08-14 12:19:00,105.0,63.776093
1995-08-14 12:20:00,64.0,71.15346
1995-08-14 12:21:00,85.0,55.260708
1995-08-14 12:22:00,70.0,76.70629
1995-08-14 12:23:00,80.0,71.11459
1995-08-14 12:24:00,49.0,55.02021
1995-08-14 12:25:00,59.0,60.556976
1995-08-14 12:26:00,65.0,50.359818
1995-08-14 12:27:00,85.0,56.110508
1995-08-14 12:28:00,81.0,71.63228
1995-08-14 12:29:00,83.0,72.29282
1995-08-14 12:30:00,69.0,64.03169
1995-08-14 12:31:00,43.0,69.48166
1995-08-14 12:32:00,84.0,63.065742
1995-08-14 12:33:00,72.0,72.71882
1995-08-14 12:34:00,96.0,69.39551
1995-08-14 12:35:00,76.0,70.618416
1995-08-14 12:36:00,100.0,73.24342
1995-08-14 12:37:00,75.0,84.441315
1995-08-14 12:38:00,56.0,75.71326
1995-08-14 12:39:00,90.0,71.33394
1995-08-14 12:40:00,104.0,81.81307
1995-08-14 12:41:00,76.0,84.54306
1995-08-14 12:42:00,90.0,79.72701
1995-08-14 12:43:00,103.0,84.013374
1995-08-14 12:44:00,140.0,88.21301
1995-08-14 12:45:00,77.0,87.46229
1995-08-14 12:46:00,80.0,76.37475
1995-08-14 12:47:00,110.0,88.630875
1995-08-14 12:48:00,124.0,98.79846
1995-08-14 12:49:00,112.0,96.50793
1995-08-14 12:50:00,60.0,94.86538
1995-08-14 12:51:00,72.0,74.48584
1995-08-14 12:52:00,96.0,82.34558
1995-08-14 12:53:00,64.0,87.21183
1995-08-14 12:54:00,61.0,81.940956
1995-08-14 12:55:00,100.0,73.64711
1995-08-14 12:56:00,68.0,89.97405
1995-08-14 12:57:00,96.0,79.571686
1995-08-14 12:58:00,70.0,79.778336
1995-08-14 12:59:00,50.0,76.52147
1995-08-14 13:00:00,95.0,76.415825
1995-08-14 13:01:00,61.0,85.22274
1995-08-14 13:02:00,97.0,75.11522
1995-08-14 13:03:00,52.0,87.678566
1995-08-14 13:04:00,79.0,73.35116
1995-08-14 13:05:00,65.0,73.73038
1995-08-14 13:06:00,51.0,81.44943
1995-08-14 13:07:00,96.0,72.72712
1995-08-14 13:08:00,69.0,80.67813
1995-08-14 13:09:00,82.0,76.32651
1995-08-14 13:10:00,58.0,82.873955
1995-08-14 13:11:00,47.0,74.63861
1995-08-14 13:12:00,71.0,59.971752
1995-08-14 13:13:00,73.0,44.84792
1995-08-14 13:14:00,58.0,40.56836
1995-08-14 13:15:00,66.0,70.74865
1995-08-14 13:16:00,100.0,72.33299
1995-08-14 13:17:00,61.0,66.528046
1995-08-14 13:18:00,86.0,64.40195
1995-08-14 13:19:00,85.0,75.96923
1995-08-14 13:20:00,74.0,70.96513
1995-08-14 13:21:00,79.0,67.260216
1995-08-14 13:22:00,92.0,75.06863
1995-08-14 13:23:00,76.0,77.707535
1995-08-14 13:24:00,103.0,76.87366
1995-08-14 13:25:00,53.0,81.89822
1995-08-14 13:26:00,73.0,52.082424
1995-08-14 13:27:00,79.0,74.940186
1995-08-14 13:28:00,103.0,79.568726
1995-08-14 13:29:00,54.0,73.863014
1995-08-14 13:30:00,96.0,69.09408
1995-08-14 13:31:00,38.0,72.77526
1995-08-14 13:32:00,44.0,61.236305
1995-08-14 13:33:00,71.0,64.35359
1995-08-14 13:34:00,54.0,67.36674
1995-08-14 13:35:00,104.0,68.46925
1995-08-14 13:36:00,62.0,78.36044
1995-08-14 13:37:00,109.0,72.268326
1995-08-14 13:38:00,72.0,84.66409
1995-08-14 13:39:00,97.0,85.70673
1995-08-14 13:40:00,62.0,91.67462
1995-08-14 13:41:00,69.0,76.52221
1995-08-14 13:42:00,98.0,70.04475
1995-08-14 13:43:00,88.0,89.21355
1995-08-14 13:44:00,87.0,84.32194
1995-08-14 13:45:00,116.0,81.75284
1995-08-14 13:46:00,66.0,86.8766
1995-08-14 13:47:00,85.0,73.997826
1995-08-14 13:48:00,66.0,73.78185
1995-08-14 13:49:00,64.0,73.06698
1995-08-14 13:50:00,44.0,61.897846
1995-08-14 13:51:00,48.0,56.404312
1995-08-14 13:52:00,56.0,59.598114
1995-08-14 13:53:00,67.0,59.322243
1995-08-14 13:54:00,55.0,72.990974
1995-08-14 13:55:00,46.0,51.545525
1995-08-14 13:56:00,56.0,58.556477
1995-08-14 13:57:00,75.0,68.707405
1995-08-14 13:58:00,92.0,74.32515
1995-08-14 13:59:00,79.0,76.851715
1995-08-14 14:00:00,37.0,70.81218
1995-08-14 14:01:00,78.0,66.69873
1995-08-14 14:02:00,77.0,67.868256
1995-08-14 14:03:00,44.0,76.408775
1995-08-14 14:04:00,76.0,58.320187
1995-08-14 14:05:00,83.0,65.89521
1995-08-14 14:06:00,61.0,62.504158
1995-08-14 14:07:00,31.0,45.992275
1995-08-14 14:08:00,53.0,46.85554
1995-08-14 14:09:00,51.0,58.643894
1995-08-14 14:10:00,46.0,57.15419
1995-08-14 14:11:00,70.0,57.767185
1995-08-14 14:12:00,61.0,68.05645
1995-08-14 14:13:00,41.0,52.26005
1995-08-14 14:14:00,77.0,51.407562
1995-08-14 14:15:00,38.0,70.10857
1995-08-14 14:16:00,58.0,56.408966
1995-08-14 14:17:00,69.0,59.505344
1995-08-14 14:18:00,77.0,55.968315
1995-08-14 14:19:00,56.0,55.604473
1995-08-14 14:20:00,53.0,63.460915
1995-08-14 14:21:00,59.0,47.063557
1995-08-14 14:22:00,40.0,46.84038
1995-08-14 14:23:00,57.0,45.233017
1995-08-14 14:24:00,48.0,49.134712
1995-08-14 14:25:00,89.0,49.651627
1995-08-14 14:26:00,40.0,60.563343
1995-08-14 14:27:00,64.0,56.57416
1995-08-14 14:28:00,78.0,61.58897
1995-08-14 14:29:00,75.0,67.57115
1995-08-14 14:30:00,49.0,70.442795
1995-08-14 14:31:00,69.0,56.830765
1995-08-14 14:32:00,74.0,64.49498
1995-08-14 14:33:00,65.0,68.69086
1995-08-14 14:34:00,99.0,64.12982
1995-08-14 14:35:00,78.0,78.36733
1995-08-14 14:36:00,85.0,68.958145
1995-08-14 14:37:00,131.0,73.43289
1995-08-14 14:38:00,60.0,72.93229
1995-08-14 14:39:00,77.0,75.86653
1995-08-14 14:40:00,68.0,73.98295
1995-08-14 14:41:00,64.0,75.51886
1995-08-14 14:42:00,97.0,71.825935
1995-08-14 14:43:00,53.0,79.72986
1995-08-14 14:44:00,62.0,70.48938
1995-08-14 14:45:00,80.0,73.17481
1995-08-14 14:46:00,87.0,75.79253
1995-08-14 14:47:00,82.0,62.386898
1995-08-14 14:48:00,76.0,72.78877
1995-08-14 14:49:00,71.0,69.115944
1995-08-14 14:50:00,56.0,76.01644
1995-08-14 14:51:00,44.0,70.61019
1995-08-14 14:52:00,68.0,63.702988
1995-08-14 14:53:00,67.0,69.73697
1995-08-14 14:54:00,45.0,61.716118
1995-08-14 14:55:00,66.0,62.248737
1995-08-14 14:56:00,80.0,68.71203
1995-08-14 14:57:00,84.0,74.70092
1995-08-14 14:58:00,89.0,77.92491
1995-08-14 14:59:00,48.0,48.575512
1995-08-14 15:00:00,29.0,67.035645
1995-08-14 15:01:00,75.0,56.359245
1995-08-14 15:02:00,88.0,73.46445
1995-08-14 15:03:00,74.0,80.47776
1995-08-14 15:04:00,99.0,75.57471
1995-08-14 15:05:00,91.0,79.40753
1995-08-14 15:06:00,69.0,83.947205
1995-08-14 15:07:00,74.0,66.89952
1995-08-14 15:08:00,48.0,68.34329
1995-08-14 15:09:00,74.0,65.53849
1995-08-14 15:10:00,91.0,72.86728
1995-08-14 15:11:00,60.0,77.595955
1995-08-14 15:12:00,35.0,59.652462
1995-08-14 15:13:00,83.0,62.891632
1995-08-14 15:14:00,102.0,68.17576
1995-08-14 15:15:00,78.0,81.66871
1995-08-14 15:16:00,75.0,72.66552
1995-08-14 15:17:00,68.0,62.58764
1995-08-14 15:18:00,108.0,71.16341
1995-08-14 15:19:00,66.0,77.26398
1995-08-14 15:20:00,35.0,66.372444
1995-08-14 15:21:00,46.0,54.61074
1995-08-14 15:22:00,75.0,61.567127
1995-08-14 15:23:00,47.0,72.88919
1995-08-14 15:24:00,60.0,54.681534
1995-08-14 15:25:00,51.0,64.53709
1995-08-14 15:26:00,58.0,42.104206
1995-08-14 15:27:00,76.0,65.803345
1995-08-14 15:28:00,56.0,66.282005
1995-08-14 15:29:00,63.0,68.58184
1995-08-14 15:30:00,48.0,68.03624
1995-08-14 15:31:00,66.0,62.296196
1995-08-14 15:32:00,64.0,69.04553
1995-08-14 15:33:00,64.0,69.47248
1995-08-14 15:34:00,57.0,68.38544
1995-08-14 15:35:00,0.0,1.7504578
1995-08-14 15:40:00,56.0,33.741627
1995-08-14 15:42:00,113.0,61.8292
1995-08-14 15:43:00,58.0,68.101944
1995-08-14 15:44:00,71.0,60.273293
1995-08-14 15:45:00,100.0,69.638954
1995-08-14 15:46:00,54.0,68.40529
1995-08-14 15:47:00,63.0,64.046585
1995-08-14 15:48:00,34.0,48.330658
1995-08-14 15:49:00,77.0,58.54566
1995-08-14 15:50:00,88.0,67.528885
1995-08-14 15:52:00,57.0,65.06862
1995-08-14 15:53:00,60.0,64.960014
1995-08-14 15:54:00,76.0,63.84031
1995-08-14 15:55:00,93.0,72.623024
1995-08-14 15:56:00,70.0,77.495056
1995-08-14 15:57:00,6.0,40.908978
1995-08-14 15:58:00,76.0,46.554073
1995-08-14 15:59:00,63.0,60.986694
1995-08-14 16:00:00,30.0,41.042233
1995-08-14 16:01:00,37.0,50.484688
1995-08-14 16:02:00,33.0,40.517242
1995-08-14 16:03:00,41.0,41.213898
1995-08-14 16:04:00,71.0,39.37414
1995-08-14 16:05:00,51.0,63.75991
1995-08-14 16:06:00,83.0,53.59366
1995-08-14 16:07:00,89.0,61.47024
1995-08-14 16:08:00,86.0,53.454044
1995-08-14 16:09:00,76.0,73.53518
1995-08-14 16:10:00,62.0,71.79233
1995-08-14 16:11:00,80.0,53.89028
1995-08-14 16:12:00,57.0,57.83184
1995-08-14 16:13:00,55.0,66.9358
1995-08-14 16:14:00,97.0,55.19628
1995-08-14 16:15:00,68.0,73.724785
1995-08-14 16:16:00,85.0,67.185104
1995-08-14 16:17:00,62.0,72.40709
1995-08-14 16:18:00,60.0,73.249054
1995-08-14 16:19:00,59.0,67.08423
1995-08-14 16:20:00,64.0,66.41123
1995-08-14 16:21:00,67.0,62.16727
1995-08-14 16:22:00,67.0,67.22127
1995-08-14 16:23:00,60.0,67.70078
1995-08-14 16:24:00,65.0,33.342827
1995-08-14 16:25:00,69.0,65.57105
1995-08-14 16:26:00,64.0,63.750397
1995-08-14 16:27:00,84.0,68.34637
1995-08-14 16:28:00,65.0,75.204666
1995-08-14 16:29:00,76.0,70.06535
1995-08-14 16:30:00,69.0,70.395966
1995-08-14 16:31:00,56.0,67.41725
1995-08-14 16:32:00,48.0,60.679585
1995-08-14 16:33:00,45.0,57.616196
1995-08-14 16:34:00,66.0,56.09232
1995-08-14 16:35:00,90.0,64.70606
1995-08-14 16:36:00,75.0,74.20639
1995-08-14 16:37:00,57.0,71.607765
1995-08-14 16:38:00,46.0,65.77153
1995-08-14 16:39:00,26.0,49.076473
1995-08-14 16:40:00,72.0,52.108387
1995-08-14 16:41:00,45.0,66.49045
1995-08-14 16:42:00,40.0,49.921112
1995-08-14 16:43:00,57.0,46.929214
1995-08-14 16:44:00,46.0,47.19759
1995-08-14 16:45:00,51.0,53.57791
1995-08-14 16:46:00,63.0,55.7532
1995-08-14 16:47:00,38.0,31.443775
1995-08-14 16:48:00,67.0,45.422447
1995-08-14 16:49:00,52.0,61.416527
1995-08-14 16:50:00,64.0,50.297897
1995-08-14 16:51:00,82.0,61.978157
1995-08-14 16:52:00,66.0,71.58097
1995-08-14 16:53:00,49.0,62.410477
1995-08-14 16:54:00,44.0,56.241592
1995-08-14 16:55:00,95.0,54.474052
1995-08-14 16:56:00,68.0,69.40396
1995-08-14 16:57:00,59.0,67.17613
1995-08-14 16:58:00,74.0,59.59719
1995-08-14 16:59:00,75.0,65.93481
1995-08-14 17:00:00,59.0,60.615326
1995-08-14 17:01:00,56.0,59.177937
1995-08-14 17:02:00,59.0,55.93456
1995-08-14 17:03:00,98.0,54.032246
1995-08-14 17:04:00,60.0,65.14114
1995-08-14 17:05:00,86.0,51.967216
1995-08-14 17:06:00,65.0,59.67219
1995-08-14 17:07:00,48.0,24.861988
1995-08-14 17:08:00,36.0,52.32356
1995-08-14 17:09:00,47.0,42.91057
1995-08-14 17:10:00,63.0,53.109238
1995-08-14 17:11:00,98.0,56.778942
1995-08-14 17:12:00,87.0,74.72031
1995-08-14 17:13:00,60.0,72.79613
1995-08-14 17:14:00,107.0,67.349205
1995-08-14 17:15:00,103.0,75.80637
1995-08-14 17:16:00,42.0,65.98526
1995-08-14 17:17:00,73.0,54.021015
1995-08-14 17:18:00,61.0,52.834393
1995-08-14 17:19:00,76.0,64.18733
1995-08-14 17:20:00,19.0,58.724976
1995-08-14 17:21:00,38.0,54.296288
1995-08-14 17:22:00,54.0,49.937344
1995-08-14 17:23:00,40.0,58.652058
1995-08-14 17:24:00,35.0,38.07246
1995-08-14 17:25:00,28.0,27.754135
1995-08-14 17:26:00,43.0,29.307352
1995-08-14 17:27:00,34.0,54.497997
1995-08-14 17:28:00,40.0,45.460823
1995-08-14 17:29:00,71.0,46.82965
1995-08-14 17:30:00,44.0,45.49544
1995-08-14 17:31:00,48.0,55.462193
1995-08-14 17:32:00,49.0,40.69022
1995-08-14 17:33:00,37.0,44.112915
1995-08-14 17:34:00,48.0,43.997063
1995-08-14 17:35:00,40.0,51.39933
1995-08-14 17:36:00,43.0,49.61156
1995-08-14 17:37:00,40.0,50.959385
1995-08-14 17:38:00,54.0,48.46747
1995-08-14 17:39:00,43.0,36.020325
1995-08-14 17:40:00,42.0,48.198402
1995-08-14 17:41:00,37.0,51.15627
1995-08-14 17:42:00,33.0,25.951591
1995-08-14 17:43:00,16.0,26.44552
1995-08-14 17:44:00,55.0,37.754395
1995-08-14 17:45:00,53.0,42.391174
1995-08-14 17:46:00,37.0,42.021557
1995-08-14 17:47:00,76.0,43.49734
1995-08-14 17:48:00,47.0,56.07724
1995-08-14 17:49:00,37.0,44.070656
1995-08-14 17:50:00,54.0,43.979805
1995-08-14 17:51:00,51.0,41.149914
1995-08-14 17:52:00,45.0,47.87459
1995-08-14 17:53:00,45.0,44.814175
1995-08-14 17:54:00,44.0,46.064293
1995-08-14 17:55:00,63.0,47.31939
1995-08-14 17:56:00,47.0,53.574764
1995-08-14 17:57:00,46.0,48.991768
1995-08-14 17:58:00,32.0,50.659386
1995-08-14 17:59:00,42.0,35.598938
1995-08-14 18:00:00,58.0,39.441425
1995-08-14 18:01:00,39.0,48.11902
1995-08-14 18:02:00,50.0,43.741207
1995-08-14 18:03:00,66.0,44.83146
1995-08-14 18:04:00,62.0,43.99878
1995-08-14 18:05:00,46.0,57.41842
1995-08-14 18:06:00,63.0,50.750694
1995-08-14 18:07:00,66.0,58.518208
1995-08-14 18:08:00,66.0,55.36038
1995-08-14 18:09:00,65.0,58.181095
1995-08-14 18:10:00,55.0,58.24742
1995-08-14 18:11:00,49.0,53.76176
1995-08-14 18:12:00,36.0,54.058914
1995-08-14 18:13:00,37.0,43.061646
1995-08-14 18:14:00,30.0,28.33742
1995-08-14 18:15:00,61.0,41.466385
1995-08-14 18:16:00,45.0,42.542572
1995-08-14 18:17:00,26.0,31.346352
1995-08-14 18:18:00,29.0,31.744461
1995-08-14 18:19:00,25.0,31.81668
1995-08-14 18:20:00,34.0,26.923689
1995-08-14 18:21:00,20.0,25.811592
1995-08-14 18:22:00,36.0,26.546272
1995-08-14 18:23:00,21.0,43.55352
1995-08-14 18:24:00,14.0,33.729885
1995-08-14 18:25:00,18.0,28.768661
1995-08-14 18:26:00,58.0,30.544893
1995-08-14 18:27:00,36.0,41.464844
1995-08-14 18:28:00,35.0,38.724144
1995-08-14 18:29:00,57.0,36.377163
1995-08-14 18:30:00,105.0,44.243095
1995-08-14 18:31:00,70.0,47.734077
1995-08-14 18:32:00,72.0,56.98357
1995-08-14 18:33:00,28.0,51.83618
1995-08-14 18:34:00,24.0,49.543694
1995-08-14 18:35:00,30.0,42.974174
1995-08-14 18:36:00,29.0,17.566648
1995-08-14 18:37:00,51.0,33.44703
1995-08-14 18:38:00,34.0,36.083107
1995-08-14 18:39:00,28.0,38.83355
1995-08-14 18:40:00,17.0,17.401426
1995-08-14 18:41:00,36.0,30.142498
1995-08-14 18:42:00,34.0,37.198936
1995-08-14 18:43:00,29.0,40.84059
1995-08-14 18:44:00,43.0,36.761353
1995-08-14 18:45:00,41.0,36.262455
1995-08-14 18:46:00,40.0,45.262966
1995-08-14 18:47:00,30.0,37.97979
1995-08-14 18:48:00,60.0,35.0598
1995-08-14 18:49:00,39.0,45.894802
1995-08-14 18:50:00,51.0,41.472164
1995-08-14 18:51:00,30.0,35.86391
1995-08-14 18:52:00,18.0,29.753233
1995-08-14 18:53:00,43.0,33.89085
1995-08-14 18:54:00,60.0,42.835403
1995-08-14 18:55:00,52.0,42.864914
1995-08-14 18:56:00,64.0,45.004387
1995-08-14 18:57:00,37.0,47.133156
1995-08-14 18:58:00,38.0,46.72864
1995-08-14 18:59:00,34.0,46.32605
1995-08-14 19:00:00,47.0,44.341255
1995-08-14 19:01:00,52.0,45.781322
1995-08-14 19:02:00,39.0,49.43597
1995-08-14 19:03:00,32.0,39.272118
1995-08-14 19:04:00,50.0,33.351562
1995-08-14 19:05:00,46.0,42.15873
1995-08-14 19:06:00,23.0,29.696402
1995-08-14 19:07:00,42.0,29.427313
1995-08-14 19:08:00,27.0,27.015747
1995-08-14 19:09:00,45.0,37.469185
1995-08-14 19:10:00,32.0,34.34018
1995-08-14 19:11:00,62.0,32.271942
1995-08-14 19:12:00,32.0,38.43395
1995-08-14 19:13:00,27.0,25.54914
1995-08-14 19:14:00,47.0,37.452137
1995-08-14 19:15:00,44.0,41.787525
1995-08-14 19:16:00,29.0,37.143814
1995-08-14 19:17:00,45.0,39.348305
1995-08-14 19:18:00,66.0,43.584526
1995-08-14 19:19:00,36.0,51.19982
1995-08-14 19:20:00,25.0,42.61031
1995-08-14 19:21:00,30.0,35.47703
1995-08-14 19:22:00,30.0,36.337
1995-08-14 19:23:00,71.0,37.863728
1995-08-14 19:24:00,55.0,51.599648
1995-08-14 19:25:00,43.0,51.10956
1995-08-14 19:26:00,55.0,44.58891
1995-08-14 19:27:00,29.0,41.862347
1995-08-14 19:28:00,62.0,36.015633
1995-08-14 19:29:00,41.0,40.294952
1995-08-14 19:30:00,65.0,44.042458
1995-08-14 19:31:00,69.0,52.713432
1995-08-14 19:32:00,38.0,54.22264
1995-08-14 19:33:00,21.0,31.40664
1995-08-14 19:34:00,42.0,41.039185
1995-08-14 19:35:00,41.0,43.475662
1995-08-14 19:36:00,32.0,40.827435
1995-08-14 19:37:00,51.0,41.571934
1995-08-14 19:38:00,39.0,31.416916
1995-08-14 19:39:00,63.0,45.508568
1995-08-14 19:40:00,47.0,51.75863
1995-08-14 19:41:00,44.0,48.00654
1995-08-14 19:42:00,31.0,44.11257
1995-08-14 19:43:00,60.0,42.834263
1995-08-14 19:44:00,52.0,46.053867
1995-08-14 19:45:00,69.0,47.876015
1995-08-14 19:46:00,30.0,52.531136
1995-08-14 19:47:00,50.0,38.909134
1995-08-14 19:48:00,54.0,48.757263
1995-08-14 19:49:00,34.0,49.18968
1995-08-14 19:50:00,27.0,43.76686
1995-08-14 19:51:00,12.0,36.90846
1995-08-14 19:52:00,18.0,35.11762
1995-08-14 19:53:00,13.0,20.13554
1995-08-14 19:54:00,18.0,21.074005
1995-08-14 19:55:00,34.0,21.260227
1995-08-14 19:56:00,30.0,23.074549
1995-08-14 19:57:00,29.0,24.235806
1995-08-14 19:58:00,32.0,28.613647
1995-08-14 19:59:00,38.0,27.623425
1995-08-14 20:00:00,35.0,25.555138
1995-08-14 20:01:00,32.0,34.447357
1995-08-14 20:02:00,22.0,37.087208
1995-08-14 20:03:00,15.0,30.020493
1995-08-14 20:04:00,14.0,21.368225
1995-08-14 20:05:00,28.0,21.352797
1995-08-14 20:06:00,50.0,25.560442
1995-08-14 20:07:00,34.0,31.727383
1995-08-14 20:08:00,41.0,29.871397
1995-08-14 20:09:00,66.0,32.05487
1995-08-14 20:10:00,45.0,41.64525
1995-08-14 20:11:00,36.0,36.90405
1995-08-14 20:12:00,29.0,37.288395
1995-08-14 20:13:00,49.0,32.245506
1995-08-14 20:14:00,39.0,43.32374
1995-08-14 20:15:00,29.0,40.6919
1995-08-14 20:16:00,26.0,20.451042
1995-08-14 20:17:00,35.0,32.704483
1995-08-14 20:18:00,20.0,33.58637
1995-08-14 20:19:00,26.0,29.04968
1995-08-14 20:20:00,30.0,29.780813
1995-08-14 20:21:00,48.0,31.59655
1995-08-14 20:22:00,43.0,42.528526
1995-08-14 20:23:00,52.0,41.979607
1995-08-14 20:24:00,46.0,36.445557
1995-08-14 20:25:00,57.0,40.96359
1995-08-14 20:26:00,82.0,48.768074
1995-08-14 20:27:00,65.0,42.999973
1995-08-14 20:28:00,38.0,51.563168
1995-08-14 20:29:00,26.0,42.99304
1995-08-14 20:30:00,44.0,36.481133
1995-08-14 20:31:00,56.0,43.046017
1995-08-14 20:32:00,56.0,42.145706
1995-08-14 20:33:00,61.0,50.796528
1995-08-14 20:34:00,27.0,53.30286
1995-08-14 20:35:00,40.0,39.858833
1995-08-14 20:36:00,36.0,43.338364
1995-08-14 20:37:00,39.0,44.07301
1995-08-14 20:38:00,52.0,41.305855
1995-08-14 20:39:00,47.0,44.590454
1995-08-14 20:40:00,33.0,47.54261
1995-08-14 20:41:00,41.0,41.904408
1995-08-14 20:42:00,42.0,35.770016
1995-08-14 20:43:00,20.0,36.566616
1995-08-14 20:44:00,27.0,37.452953
1995-08-14 20:45:00,39.0,37.684544
1995-08-14 20:46:00,48.0,34.952072
1995-08-14 20:47:00,40.0,35.68817
1995-08-14 20:48:00,58.0,42.830677
1995-08-14 20:49:00,42.0,40.377254
1995-08-14 20:50:00,44.0,37.537476
1995-08-14 20:51:00,42.0,44.59854
1995-08-14 20:52:00,55.0,40.69493
1995-08-14 20:53:00,21.0,25.579086
1995-08-14 20:54:00,39.0,35.082253
1995-08-14 20:55:00,12.0,38.422424
1995-08-14 20:56:00,28.0,33.06925
1995-08-14 20:57:00,23.0,14.437671
1995-08-14 20:58:00,27.0,12.820009
1995-08-14 20:59:00,19.0,12.453138
1995-08-14 21:00:00,27.0,28.286863
1995-08-14 21:01:00,33.0,32.001835
1995-08-14 21:02:00,23.0,25.793093
1995-08-14 21:03:00,20.0,21.410145
1995-08-14 21:04:00,14.0,11.774826
1995-08-14 21:05:00,15.0,28.844978
1995-08-14 21:06:00,19.0,24.519323
1995-08-14 21:07:00,16.0,25.29692
1995-08-14 21:08:00,23.0,27.016964
1995-08-14 21:09:00,24.0,22.769634
1995-08-14 21:10:00,31.0,23.08633
1995-08-14 21:11:00,26.0,24.139614
1995-08-14 21:12:00,32.0,25.406115
1995-08-14 21:13:00,30.0,23.795393
1995-08-14 21:14:00,49.0,30.290083
1995-08-14 21:15:00,40.0,31.513382
1995-08-14 21:16:00,35.0,36.26239
1995-08-14 21:17:00,37.0,35.06089
1995-08-14 21:18:00,65.0,36.794407
1995-08-14 21:19:00,79.0,40.43468
1995-08-14 21:20:00,37.0,35.219406
1995-08-14 21:21:00,30.0,32.408012
1995-08-14 21:22:00,34.0,23.970396
1995-08-14 21:23:00,65.0,31.402458
1995-08-14 21:24:00,27.0,32.647804
1995-08-14 21:25:00,26.0,36.37998
1995-08-14 21:26:00,61.0,32.191494
1995-08-14 21:27:00,55.0,42.703163
1995-08-14 21:28:00,39.0,46.33667
1995-08-14 21:29:00,34.0,41.299107
1995-08-14 21:30:00,35.0,40.80213
1995-08-14 21:31:00,43.0,40.940945
1995-08-14 21:32:00,49.0,30.031078
1995-08-14 21:33:00,60.0,44.705925
1995-08-14 21:34:00,34.0,31.261093
1995-08-14 21:35:00,31.0,32.82842
1995-08-14 21:36:00,59.0,37.67627
1995-08-14 21:37:00,25.0,41.528343
1995-08-14 21:38:00,23.0,31.398563
1995-08-14 21:39:00,32.0,30.984577
1995-08-14 21:40:00,19.0,17.508896
1995-08-14 21:41:00,25.0,29.941051
1995-08-14 21:42:00,40.0,33.771034
1995-08-14 21:43:00,34.0,26.899672
1995-08-14 21:44:00,43.0,31.986786
1995-08-14 21:45:00,32.0,25.71747
1995-08-14 21:46:00,47.0,36.198303
1995-08-14 21:47:00,40.0,36.891834
1995-08-14 21:48:00,31.0,36.956615
1995-08-14 21:49:00,29.0,36.97015
1995-08-14 21:50:00,33.0,32.2583
1995-08-14 21:51:00,28.0,37.233013
1995-08-14 21:52:00,21.0,35.27406
1995-08-14 21:53:00,28.0,23.6522
1995-08-14 21:54:00,28.0,25.517132
1995-08-14 21:55:00,30.0,32.97352
1995-08-14 21:56:00,23.0,33.403347
1995-08-14 21:57:00,25.0,22.955221
1995-08-14 21:58:00,41.0,30.926788
1995-08-14 21:59:00,54.0,39.326164
1995-08-14 22:00:00,57.0,38.84329
1995-08-14 22:01:00,47.0,40.094193
1995-08-14 22:02:00,34.0,43.631023
1995-08-14 22:03:00,38.0,31.602074
1995-08-14 22:04:00,33.0,29.19275
1995-08-14 22:05:00,46.0,36.001038
1995-08-14 22:06:00,34.0,40.648823
1995-08-14 22:07:00,16.0,32.22449
1995-08-14 22:08:00,31.0,29.111395
1995-08-14 22:09:00,40.0,36.14535
1995-08-14 22:10:00,61.0,39.76761
1995-08-14 22:11:00,51.0,42.02206
1995-08-14 22:12:00,42.0,44.277443
1995-08-14 22:13:00,54.0,41.855274
1995-08-14 22:14:00,49.0,49.8951
1995-08-14 22:15:00,34.0,45.836353
1995-08-14 22:16:00,66.0,36.875603
1995-08-14 22:17:00,44.0,40.23512
1995-08-14 22:18:00,55.0,44.70255
1995-08-14 22:19:00,25.0,12.456991
1995-08-14 22:20:00,35.0,36.351276
1995-08-14 22:21:00,21.0,25.359768
1995-08-14 22:22:00,17.0,23.83544
1995-08-14 22:23:00,32.0,28.482332
1995-08-14 22:24:00,27.0,24.144403
1995-08-14 22:25:00,39.0,30.45609
1995-08-14 22:26:00,42.0,39.682137
1995-08-14 22:27:00,58.0,33.902832
1995-08-14 22:28:00,41.0,40.96421
1995-08-14 22:29:00,57.0,45.791306
1995-08-14 22:30:00,49.0,44.903515
1995-08-14 22:31:00,31.0,28.486023
1995-08-14 22:32:00,64.0,38.27796
1995-08-14 22:33:00,37.0,42.210777
1995-08-14 22:34:00,32.0,36.344597
1995-08-14 22:35:00,34.0,38.704685
1995-08-14 22:36:00,27.0,16.220818
1995-08-14 22:37:00,18.0,30.528389
1995-08-14 22:38:00,36.0,29.614084
1995-08-14 22:39:00,27.0,37.66869
1995-08-14 22:40:00,30.0,26.03951
1995-08-14 22:41:00,25.0,34.05624
1995-08-14 22:42:00,26.0,20.381617
1995-08-14 22:43:00,24.0,21.865755
1995-08-14 22:44:00,36.0,23.88355
1995-08-14 22:45:00,36.0,32.434155
1995-08-14 22:46:00,28.0,35.60432
1995-08-14 22:47:00,23.0,26.136967
1995-08-14 22:48:00,31.0,30.739061
1995-08-14 22:49:00,38.0,28.854338
1995-08-14 22:50:00,31.0,33.52839
1995-08-14 22:51:00,44.0,34.605377
1995-08-14 22:52:00,26.0,19.676897
1995-08-14 22:53:00,21.0,32.23988
1995-08-14 22:54:00,21.0,25.698927
1995-08-14 22:55:00,21.0,26.669247
1995-08-14 22:56:00,23.0,28.913244
1995-08-14 22:57:00,34.0,17.155209
1995-08-14 22:58:00,43.0,31.1548
1995-08-14 22:59:00,48.0,38.605404
1995-08-14 23:00:00,31.0,38.01205
1995-08-14 23:01:00,32.0,35.702484
1995-08-14 23:02:00,22.0,18.4744
1995-08-14 23:03:00,37.0,24.519735
1995-08-14 23:04:00,33.0,33.55284
1995-08-14 23:05:00,39.0,25.455513
1995-08-14 23:06:00,50.0,34.902897
1995-08-14 23:07:00,39.0,39.26756
1995-08-14 23:08:00,27.0,34.982212
1995-08-14 23:09:00,26.0,20.332464
1995-08-14 23:10:00,37.0,28.902714
1995-08-14 23:11:00,54.0,36.57981
1995-08-14 23:12:00,50.0,31.007568
1995-08-14 23:13:00,41.0,37.82588
1995-08-14 23:14:00,17.0,32.799896
1995-08-14 23:15:00,39.0,22.269009
1995-08-14 23:16:00,45.0,36.190536
1995-08-14 23:17:00,22.0,25.983835
1995-08-14 23:18:00,34.0,23.501352
1995-08-14 23:19:00,37.0,26.662815
1995-08-14 23:20:00,55.0,37.54057
1995-08-14 23:21:00,24.0,34.858677
1995-08-14 23:22:00,38.0,24.084747
1995-08-14 23:23:00,33.0,29.625502
1995-08-14 23:24:00,23.0,31.227215
1995-08-14 23:25:00,35.0,28.560192
1995-08-14 23:26:00,22.0,26.643274
1995-08-14 23:27:00,29.0,29.13725
1995-08-14 23:28:00,31.0,28.14583
1995-08-14 23:29:00,30.0,29.01368
1995-08-14 23:30:00,31.0,31.411312
1995-08-14 23:31:00,44.0,26.002666
1995-08-14 23:32:00,27.0,26.950819
1995-08-14 23:33:00,46.0,28.33942
1995-08-14 23:34:00,53.0,36.432194
1995-08-14 23:35:00,44.0,44.901947
1995-08-14 23:36:00,28.0,41.06835
1995-08-14 23:37:00,19.0,26.803282
1995-08-14 23:38:00,36.0,26.577847
1995-08-14 23:39:00,30.0,36.194374
1995-08-14 23:40:00,58.0,33.18897
1995-08-14 23:41:00,28.0,28.290796
1995-08-14 23:42:00,35.0,35.303528
1995-08-14 23:43:00,27.0,31.560097
1995-08-14 23:44:00,26.0,28.903862
1995-08-14 23:45:00,29.0,33.10679
1995-08-14 23:46:00,20.0,31.380295
1995-08-14 23:47:00,42.0,29.336037
1995-08-14 23:48:00,27.0,37.16382
1995-08-14 23:49:00,46.0,30.205956
1995-08-14 23:50:00,28.0,28.103548
1995-08-14 23:51:00,28.0,24.747253
1995-08-14 23:52:00,33.0,33.739662
1995-08-14 23:53:00,24.0,19.864899
1995-08-14 23:54:00,25.0,27.422411
1995-08-14 23:55:00,17.0,24.434237
1995-08-14 23:56:00,11.0,23.436743
1995-08-14 23:57:00,19.0,27.239456
1995-08-14 23:58:00,21.0,21.930923
1995-08-14 23:59:00,12.0,26.796753
1995-08-15 00:00:00,9.0,10.979901
1995-08-15 00:01:00,26.0,18.026777
1995-08-15 00:02:00,15.0,15.285999
1995-08-15 00:03:00,31.0,14.874147
1995-08-15 00:04:00,30.0,25.155233
1995-08-15 00:05:00,28.0,25.99937
1995-08-15 00:06:00,8.0,18.154713
1995-08-15 00:07:00,13.0,15.04767
1995-08-15 00:08:00,31.0,20.410452
1995-08-15 00:09:00,16.0,15.078945
1995-08-15 00:10:00,28.0,14.441853
1995-08-15 00:11:00,17.0,21.211723
1995-08-15 00:12:00,13.0,24.012135
1995-08-15 00:13:00,11.0,18.739965
1995-08-15 00:14:00,28.0,20.500607
1995-08-15 00:15:00,18.0,25.715527
1995-08-15 00:16:00,36.0,22.522676
1995-08-15 00:17:00,13.0,23.316479
1995-08-15 00:18:00,24.0,18.547417
1995-08-15 00:19:00,35.0,24.045616
1995-08-15 00:20:00,37.0,27.645788
1995-08-15 00:21:00,19.0,27.500902
1995-08-15 00:22:00,19.0,22.72426
1995-08-15 00:23:00,18.0,21.94186
1995-08-15 00:24:00,25.0,22.110144
1995-08-15 00:25:00,23.0,25.403004
1995-08-15 00:26:00,32.0,24.170124
1995-08-15 00:27:00,9.0,16.5587
1995-08-15 00:28:00,18.0,19.999756
1995-08-15 00:29:00,35.0,20.178669
1995-08-15 00:30:00,27.0,22.116404
1995-08-15 00:31:00,43.0,21.18202
1995-08-15 00:32:00,39.0,29.426239
1995-08-15 00:33:00,26.0,29.389656
1995-08-15 00:34:00,47.0,28.068535
1995-08-15 00:35:00,48.0,35.51934
1995-08-15 00:36:00,11.0,31.010601
1995-08-15 00:37:00,40.0,18.177313
1995-08-15 00:38:00,30.0,30.668386
1995-08-15 00:39:00,40.0,28.934776
1995-08-15 00:40:00,33.0,32.108845
1995-08-15 00:41:00,22.0,15.875807
1995-08-15 00:42:00,27.0,22.286541
1995-08-15 00:43:00,14.0,24.528925
1995-08-15 00:44:00,26.0,19.58065
1995-08-15 00:45:00,21.0,19.79911
1995-08-15 00:46:00,30.0,27.748596
1995-08-15 00:47:00,18.0,21.093433
1995-08-15 00:48:00,34.0,22.053978
1995-08-15 00:49:00,11.0,25.305449
1995-08-15 00:50:00,38.0,15.380449
1995-08-15 00:51:00,64.0,28.941265
1995-08-15 00:52:00,30.0,27.54966
1995-08-15 00:53:00,45.0,30.870707
1995-08-15 00:54:00,56.0,29.306505
1995-08-15 00:55:00,26.0,20.006992
1995-08-15 00:56:00,18.0,29.936272
1995-08-15 00:57:00,38.0,22.860975
1995-08-15 00:58:00,21.0,30.324522
1995-08-15 00:59:00,26.0,20.730104
1995-08-15 01:00:00,25.0,18.461597
1995-08-15 01:01:00,19.0,28.00775
1995-08-15 01:02:00,33.0,23.631573
1995-08-15 01:03:00,25.0,30.43627
1995-08-15 01:04:00,24.0,20.61716
1995-08-15 01:05:00,27.0,25.707897
1995-08-15 01:06:00,25.0,27.18998
1995-08-15 01:07:00,23.0,30.103497
1995-08-15 01:08:00,13.0,27.048069
1995-08-15 01:09:00,32.0,24.271696
1995-08-15 01:10:00,27.0,23.082155
1995-08-15 01:11:00,19.0,29.696636
1995-08-15 01:12:00,15.0,10.251393
1995-08-15 01:13:00,10.0,13.050832
1995-08-15 01:14:00,15.0,12.296281
1995-08-15 01:15:00,8.0,15.151022
1995-08-15 01:16:00,4.0,10.3205185
1995-08-15 01:17:00,31.0,18.117792
1995-08-15 01:18:00,15.0,18.119917
1995-08-15 01:19:00,14.0,19.365568
1995-08-15 01:20:00,22.0,17.265247
1995-08-15 01:21:00,11.0,18.290018
1995-08-15 01:22:00,18.0,14.512432
1995-08-15 01:23:00,14.0,10.239451
1995-08-15 01:24:00,13.0,17.022932
1995-08-15 01:25:00,13.0,4.4243197
1995-08-15 01:26:00,17.0,15.123083
1995-08-15 01:27:00,16.0,18.182169
1995-08-15 01:28:00,18.0,19.267225
1995-08-15 01:29:00,16.0,20.826204
1995-08-15 01:30:00,15.0,13.680179
1995-08-15 01:31:00,27.0,18.613567
1995-08-15 01:32:00,27.0,22.168451
1995-08-15 01:33:00,22.0,23.362902
1995-08-15 01:34:00,12.0,19.478651
1995-08-15 01:35:00,19.0,16.782118
1995-08-15 01:36:00,16.0,21.23825
1995-08-15 01:37:00,13.0,9.227597
1995-08-15 01:38:00,37.0,17.718521
1995-08-15 01:39:00,46.0,21.237164
1995-08-15 01:40:00,36.0,28.529924
1995-08-15 01:41:00,22.0,26.51178
1995-08-15 01:42:00,23.0,19.996527
1995-08-15 01:43:00,20.0,21.38809
1995-08-15 01:44:00,22.0,23.344282
1995-08-15 01:45:00,16.0,20.389519
1995-08-15 01:46:00,14.0,18.617397
1995-08-15 01:47:00,17.0,21.781816
1995-08-15 01:48:00,15.0,19.379538
1995-08-15 01:49:00,25.0,16.567251
1995-08-15 01:50:00,31.0,19.302254
1995-08-15 01:51:00,22.0,26.460764
1995-08-15 01:52:00,19.0,15.658436
1995-08-15 01:53:00,13.0,19.150078
1995-08-15 01:54:00,5.0,19.618277
1995-08-15 01:55:00,7.0,9.530893
1995-08-15 01:56:00,5.0,14.472447
1995-08-15 01:57:00,13.0,12.027036
1995-08-15 01:58:00,14.0,9.608964
1995-08-15 01:59:00,17.0,16.964464
1995-08-15 02:00:00,25.0,15.556028
1995-08-15 02:01:00,6.0,5.8194532
1995-08-15 02:02:00,6.0,10.280348
1995-08-15 02:03:00,14.0,12.500168
1995-08-15 02:04:00,6.0,17.722279
1995-08-15 02:05:00,10.0,12.890092
1995-08-15 02:06:00,26.0,17.306639
1995-08-15 02:07:00,22.0,19.646467
1995-08-15 02:08:00,25.0,21.524912
1995-08-15 02:09:00,25.0,19.225124
1995-08-15 02:10:00,17.0,21.10954
1995-08-15 02:11:00,12.0,20.053171
1995-08-15 02:12:00,1.0,2.117726
1995-08-15 02:13:00,7.0,5.3132005
1995-08-15 02:14:00,5.0,9.789101
1995-08-15 02:15:00,15.0,9.975672
1995-08-15 02:16:00,21.0,17.033184
1995-08-15 02:17:00,24.0,17.966213
1995-08-15 02:18:00,5.0,18.419006
1995-08-15 02:19:00,24.0,12.8291
1995-08-15 02:20:00,26.0,18.26469
1995-08-15 02:21:00,8.0,19.070593
1995-08-15 02:22:00,3.0,8.9415
1995-08-15 02:23:00,32.0,10.270995
1995-08-15 02:24:00,26.0,18.059034
1995-08-15 02:25:00,31.0,19.620115
1995-08-15 02:26:00,27.0,21.396103
1995-08-15 02:27:00,35.0,20.732256
1995-08-15 02:28:00,26.0,24.724005
1995-08-15 02:29:00,26.0,18.939804
1995-08-15 02:30:00,18.0,21.464148
1995-08-15 02:31:00,27.0,22.489931
1995-08-15 02:32:00,17.0,23.19387
1995-08-15 02:33:00,38.0,22.315819
1995-08-15 02:34:00,14.0,26.783522
1995-08-15 02:35:00,27.0,22.22071
1995-08-15 02:36:00,34.0,23.128292
1995-08-15 02:37:00,51.0,23.3857
1995-08-15 02:38:00,29.0,32.124454
1995-08-15 02:39:00,16.0,26.511911
1995-08-15 02:40:00,26.0,21.727247
1995-08-15 02:41:00,43.0,17.337965
1995-08-15 02:42:00,24.0,25.069544
1995-08-15 02:43:00,14.0,19.017561
1995-08-15 02:44:00,23.0,13.92276
1995-08-15 02:45:00,20.0,21.374882
1995-08-15 02:46:00,25.0,22.005533
1995-08-15 02:47:00,24.0,28.256039
1995-08-15 02:48:00,45.0,24.072681
1995-08-15 02:49:00,29.0,33.62427
1995-08-15 02:50:00,42.0,24.447283
1995-08-15 02:51:00,24.0,30.347929
1995-08-15 02:52:00,22.0,12.509161
1995-08-15 02:53:00,32.0,23.006273
1995-08-15 02:54:00,27.0,25.378698
1995-08-15 02:55:00,19.0,21.351038
1995-08-15 02:56:00,5.0,27.277313
1995-08-15 02:57:00,10.0,20.073515
1995-08-15 02:58:00,37.0,19.030622
1995-08-15 02:59:00,18.0,27.80237
1995-08-15 03:00:00,17.0,21.440252
1995-08-15 03:01:00,20.0,23.089966
1995-08-15 03:02:00,26.0,24.571274
1995-08-15 03:03:00,27.0,21.980421
1995-08-15 03:04:00,33.0,25.973513
1995-08-15 03:05:00,23.0,26.819408
1995-08-15 03:06:00,8.0,22.827856
1995-08-15 03:07:00,6.0,18.828426
1995-08-15 03:08:00,14.0,13.641313
1995-08-15 03:09:00,7.0,13.175062
1995-08-15 03:10:00,8.0,15.327425
1995-08-15 03:11:00,6.0,15.117929
1995-08-15 03:12:00,6.0,10.247919
1995-08-15 03:13:00,14.0,9.321285
1995-08-15 03:14:00,36.0,16.401741
1995-08-15 03:15:00,17.0,14.4528055
1995-08-15 03:16:00,14.0,18.94774
1995-08-15 03:17:00,33.0,18.49808
1995-08-15 03:18:00,26.0,22.197376
1995-08-15 03:19:00,20.0,19.473795
1995-08-15 03:20:00,8.0,20.642368
1995-08-15 03:21:00,23.0,16.086832
1995-08-15 03:22:00,11.0,18.069866
1995-08-15 03:23:00,15.0,19.210485
1995-08-15 03:24:00,19.0,19.657173
1995-08-15 03:25:00,17.0,20.655289
1995-08-15 03:26:00,8.0,10.972566
1995-08-15 03:27:00,10.0,5.174764
1995-08-15 03:28:00,29.0,14.47185
1995-08-15 03:29:00,22.0,21.527752
1995-08-15 03:30:00,24.0,20.6315
1995-08-15 03:31:00,7.0,6.993535
1995-08-15 03:32:00,26.0,15.558069
1995-08-15 03:33:00,17.0,17.627975
1995-08-15 03:34:00,22.0,20.253637
1995-08-15 03:35:00,9.0,17.383127
1995-08-15 03:36:00,13.0,13.687499
1995-08-15 03:37:00,6.0,12.887161
1995-08-15 03:38:00,27.0,12.851838
1995-08-15 03:39:00,17.0,20.870085
1995-08-15 03:40:00,17.0,20.54879
1995-08-15 03:41:00,22.0,17.711742
1995-08-15 03:42:00,14.0,20.302153
1995-08-15 03:43:00,9.0,11.366867
1995-08-15 03:44:00,8.0,13.760045
1995-08-15 03:45:00,3.0,4.2213125
1995-08-15 03:46:00,5.0,7.4306936
1995-08-15 03:47:00,8.0,12.806948
1995-08-15 03:48:00,5.0,11.421656
1995-08-15 03:49:00,7.0,7.8224697
1995-08-15 03:50:00,9.0,12.502869
1995-08-15 03:51:00,11.0,9.283865
1995-08-15 03:52:00,9.0,8.068711
1995-08-15 03:53:00,11.0,9.386898
1995-08-15 03:54:00,4.0,14.072301
1995-08-15 03:55:00,15.0,6.970867
1995-08-15 03:56:00,33.0,16.223145
1995-08-15 03:57:00,9.0,15.70475
1995-08-15 03:58:00,17.0,11.77211
1995-08-15 03:59:00,5.0,12.647575
1995-08-15 04:00:00,19.0,11.945884
1995-08-15 04:01:00,9.0,9.408336
1995-08-15 04:02:00,24.0,14.407391
1995-08-15 04:03:00,15.0,8.996801
1995-08-15 04:04:00,20.0,15.811083
1995-08-15 04:05:00,29.0,17.992933
1995-08-15 04:06:00,17.0,20.258173
1995-08-15 04:07:00,15.0,13.605395
1995-08-15 04:08:00,12.0,19.044788
1995-08-15 04:09:00,36.0,16.633156
1995-08-15 04:10:00,26.0,21.536686
1995-08-15 04:11:00,15.0,21.14823
1995-08-15 04:12:00,22.0,18.7043
1995-08-15 04:13:00,12.0,19.960005
1995-08-15 04:14:00,12.0,14.167368
1995-08-15 04:15:00,4.0,4.102416
1995-08-15 04:16:00,19.0,12.483869
1995-08-15 04:17:00,12.0,16.826427
1995-08-15 04:18:00,20.0,11.463885
1995-08-15 04:19:00,23.0,18.219744
1995-08-15 04:20:00,20.0,20.37337
1995-08-15 04:21:00,13.0,18.855444
1995-08-15 04:22:00,7.0,8.804593
1995-08-15 04:23:00,5.0,5.4634185
1995-08-15 04:24:00,9.0,12.190443
1995-08-15 04:25:00,19.0,12.825153
1995-08-15 04:26:00,21.0,18.625187
1995-08-15 04:27:00,19.0,19.68736
1995-08-15 04:28:00,8.0,18.905235
1995-08-15 04:29:00,17.0,12.906607
1995-08-15 04:30:00,14.0,17.970102
1995-08-15 04:31:00,12.0,15.669144
1995-08-15 04:32:00,21.0,17.135101
1995-08-15 04:33:00,32.0,18.80026
1995-08-15 04:34:00,10.0,20.02014
1995-08-15 04:35:00,11.0,15.20332
1995-08-15 04:36:00,11.0,16.868412
1995-08-15 04:37:00,9.0,13.332822
1995-08-15 04:38:00,19.0,16.243479
1995-08-15 04:39:00,17.0,14.242302
1995-08-15 04:40:00,17.0,13.908297
1995-08-15 04:41:00,18.0,18.25411
1995-08-15 04:42:00,13.0,17.25522
1995-08-15 04:43:00,8.0,15.335571
1995-08-15 04:44:00,18.0,11.759071
1995-08-15 04:45:00,30.0,14.126138
1995-08-15 04:46:00,19.0,20.779617
1995-08-15 04:47:00,21.0,18.200783
1995-08-15 04:48:00,14.0,16.413084
1995-08-15 04:49:00,22.0,17.22471
1995-08-15 04:50:00,14.0,14.787936
1995-08-15 04:51:00,21.0,9.942142
1995-08-15 04:52:00,25.0,18.555355
1995-08-15 04:53:00,13.0,20.36104
1995-08-15 04:54:00,28.0,16.308128
1995-08-15 04:55:00,22.0,21.656
1995-08-15 04:56:00,24.0,20.633537
1995-08-15 04:57:00,13.0,21.576973
1995-08-15 04:58:00,21.0,17.40226
1995-08-15 04:59:00,19.0,11.959633
1995-08-15 05:00:00,27.0,20.783014
1995-08-15 05:01:00,18.0,23.356897
1995-08-15 05:02:00,22.0,15.387175
1995-08-15 05:03:00,23.0,13.257738
1995-08-15 05:04:00,20.0,19.304031
1995-08-15 05:05:00,20.0,21.735338
1995-08-15 05:06:00,33.0,21.407885
1995-08-15 05:07:00,22.0,23.544888
1995-08-15 05:08:00,24.0,18.915298
1995-08-15 05:09:00,27.0,21.154219
1995-08-15 05:10:00,21.0,22.750452
1995-08-15 05:11:00,29.0,19.68422
1995-08-15 05:12:00,15.0,16.790974
1995-08-15 05:13:00,20.0,16.545527
1995-08-15 05:14:00,21.0,20.960955
1995-08-15 05:15:00,14.0,23.020918
1995-08-15 05:16:00,39.0,20.959509
1995-08-15 05:17:00,42.0,25.462854
1995-08-15 05:18:00,15.0,28.853924
1995-08-15 05:19:00,13.0,21.808681
1995-08-15 05:20:00,21.0,19.670404
1995-08-15 05:21:00,24.0,19.50852
1995-08-15 05:22:00,22.0,14.331861
1995-08-15 05:23:00,29.0,23.113537
1995-08-15 05:24:00,23.0,18.538126
1995-08-15 05:25:00,17.0,23.88107
1995-08-15 05:26:00,14.0,18.148716
1995-08-15 05:27:00,1.0,2.633476
1995-08-15 05:28:00,14.0,12.504031
1995-08-15 05:29:00,8.0,13.349661
1995-08-15 05:30:00,14.0,16.615072
1995-08-15 05:31:00,9.0,2.5374017
1995-08-15 05:32:00,20.0,1.7122166
1995-08-15 05:33:00,11.0,11.427933
1995-08-15 05:34:00,12.0,10.911925
1995-08-15 05:35:00,7.0,15.311993
1995-08-15 05:36:00,4.0,2.3206391
1995-08-15 05:37:00,14.0,10.16455
1995-08-15 05:38:00,10.0,14.551733
1995-08-15 05:39:00,20.0,15.043022
1995-08-15 05:40:00,33.0,15.395836
1995-08-15 05:41:00,27.0,20.661882
1995-08-15 05:42:00,24.0,23.048355
1995-08-15 05:43:00,7.0,16.421032
1995-08-15 05:44:00,11.0,14.944284
1995-08-15 05:45:00,9.0,15.756275
1995-08-15 05:46:00,14.0,14.9469385
1995-08-15 05:47:00,9.0,11.879617
1995-08-15 05:48:00,9.0,8.062166
1995-08-15 05:49:00,6.0,13.162361
1995-08-15 05:50:00,7.0,8.480475
1995-08-15 05:51:00,0.0,2.403379
1995-08-15 05:56:00,2.0,2.2994368
1995-08-15 05:58:00,14.0,11.685428
1995-08-15 05:59:00,5.0,8.341016
1995-08-15 06:00:00,14.0,12.938659
1995-08-15 06:01:00,21.0,11.9193945
1995-08-15 06:02:00,15.0,17.684902
1995-08-15 06:03:00,28.0,13.594896
1995-08-15 06:04:00,30.0,20.174973
1995-08-15 06:05:00,43.0,22.194168
1995-08-15 06:06:00,25.0,24.963692
1995-08-15 06:08:00,24.0,18.402573
1995-08-15 06:09:00,25.0,20.56063
1995-08-15 06:10:00,20.0,22.519318
1995-08-15 06:11:00,6.0,17.212196
1995-08-15 06:12:00,3.0,10.136314
1995-08-15 06:13:00,22.0,9.961383
1995-08-15 06:14:00,20.0,19.376963
1995-08-15 06:15:00,21.0,14.431305
1995-08-15 06:16:00,11.0,18.846876
1995-08-15 06:17:00,17.0,9.841487
1995-08-15 06:18:00,28.0,17.359852
1995-08-15 06:19:00,16.0,21.351833
1995-08-15 06:20:00,15.0,11.038356
1995-08-15 06:21:00,21.0,19.371819
1995-08-15 06:22:00,9.0,16.150383
1995-08-15 06:23:00,9.0,17.182907
1995-08-15 06:24:00,9.0,12.81624
1995-08-15 06:25:00,7.0,14.764082
1995-08-15 06:26:00,15.0,15.751194
1995-08-15 06:27:00,27.0,13.459821
1995-08-15 06:28:00,7.0,12.047747
1995-08-15 06:29:00,12.0,8.444839
1995-08-15 06:30:00,18.0,15.542021
1995-08-15 06:31:00,27.0,18.441397
1995-08-15 06:32:00,14.0,22.132425
1995-08-15 06:33:00,35.0,18.24049
1995-08-15 06:34:00,11.0,12.037348
1995-08-15 06:35:00,36.0,17.637224
1995-08-15 06:36:00,32.0,22.780193
1995-08-15 06:37:00,20.0,19.351328
1995-08-15 06:38:00,19.0,15.965675
1995-08-15 06:39:00,34.0,22.246851
1995-08-15 06:40:00,34.0,25.048817
1995-08-15 06:41:00,20.0,25.310015
1995-08-15 06:42:00,16.0,19.670404
1995-08-15 06:43:00,10.0,13.543925
1995-08-15 06:44:00,12.0,13.516799
1995-08-15 06:45:00,27.0,19.133875
1995-08-15 06:46:00,21.0,16.736378
1995-08-15 06:47:00,11.0,17.307838
1995-08-15 06:48:00,26.0,18.104177
1995-08-15 06:49:00,17.0,20.265438
1995-08-15 06:50:00,31.0,17.913633
1995-08-15 06:51:00,30.0,23.799938
1995-08-15 06:52:00,20.0,22.014053
1995-08-15 06:53:00,23.0,21.953978
1995-08-15 06:54:00,36.0,18.264515
1995-08-15 06:55:00,14.0,11.555517
1995-08-15 06:56:00,26.0,19.857597
1995-08-15 06:57:00,14.0,23.95225
1995-08-15 06:58:00,44.0,13.127833
1995-08-15 06:59:00,26.0,31.788208
1995-08-15 07:00:00,45.0,27.937616
1995-08-15 07:01:00,21.0,27.299759
1995-08-15 07:02:00,13.0,17.313366
1995-08-15 07:03:00,5.0,27.03574
1995-08-15 07:04:00,12.0,21.410076
1995-08-15 07:05:00,12.0,18.170849
1995-08-15 07:06:00,18.0,20.985775
1995-08-15 07:07:00,12.0,18.875221
1995-08-15 07:08:00,29.0,18.921747
1995-08-15 07:09:00,21.0,29.498585
1995-08-15 07:10:00,18.0,11.028369
1995-08-15 07:11:00,17.0,16.479353
1995-08-15 07:12:00,18.0,20.63755
1995-08-15 07:13:00,38.0,20.345304
1995-08-15 07:14:00,22.0,19.95259
1995-08-15 07:15:00,34.0,21.039713
1995-08-15 07:16:00,44.0,28.826149
1995-08-15 07:17:00,27.0,35.080162
1995-08-15 07:18:00,21.0,22.825214
1995-08-15 07:19:00,14.0,26.23413
1995-08-15 07:20:00,30.0,19.219448
1995-08-15 07:21:00,16.0,28.786083
1995-08-15 07:22:00,27.0,25.48026
1995-08-15 07:23:00,17.0,24.505266
1995-08-15 07:24:00,20.0,27.826593
1995-08-15 07:25:00,29.0,24.674112
1995-08-15 07:26:00,50.0,28.474531
1995-08-15 07:27:00,49.0,35.862278
1995-08-15 07:28:00,14.0,21.311783
1995-08-15 07:29:00,19.0,28.889769
1995-08-15 07:30:00,30.0,15.323599
1995-08-15 07:31:00,62.0,27.99036
1995-08-15 07:32:00,38.0,27.29561
1995-08-15 07:33:00,17.0,16.420658
1995-08-15 07:34:00,35.0,21.876879
1995-08-15 07:35:00,21.0,30.416826
1995-08-15 07:36:00,30.0,17.60136
1995-08-15 07:37:00,33.0,29.13082
1995-08-15 07:38:00,30.0,18.64384
1995-08-15 07:39:00,29.0,28.742987
1995-08-15 07:40:00,12.0,18.856112
1995-08-15 07:41:00,10.0,1.6659622
1995-08-15 07:42:00,5.0,12.133961
1995-08-15 07:43:00,25.0,24.871405
1995-08-15 07:44:00,37.0,25.599632
1995-08-15 07:45:00,19.0,18.39957
1995-08-15 07:46:00,34.0,20.574966
1995-08-15 07:47:00,32.0,25.951014
1995-08-15 07:48:00,48.0,32.910107
1995-08-15 07:49:00,37.0,35.706276
1995-08-15 07:50:00,27.0,29.044739
1995-08-15 07:51:00,37.0,32.714134
1995-08-15 07:52:00,45.0,36.6182
1995-08-15 07:53:00,21.0,35.131466
1995-08-15 07:54:00,34.0,29.591808
1995-08-15 07:55:00,16.0,33.5361
1995-08-15 07:56:00,27.0,25.112085
1995-08-15 07:57:00,18.0,19.788105
1995-08-15 07:58:00,33.0,31.069298
1995-08-15 07:59:00,58.0,24.025156
1995-08-15 08:00:00,32.0,43.387844
1995-08-15 08:01:00,25.0,36.685955
1995-08-15 08:02:00,45.0,33.085773
1995-08-15 08:03:00,61.0,39.545277
1995-08-15 08:04:00,102.0,43.25013
1995-08-15 08:05:00,50.0,52.112858
1995-08-15 08:06:00,67.0,42.695435
1995-08-15 08:07:00,18.0,51.75454
1995-08-15 08:08:00,53.0,38.039936
1995-08-15 08:09:00,45.0,49.292343
1995-08-15 08:10:00,35.0,45.455208
1995-08-15 08:11:00,40.0,45.61666
1995-08-15 08:12:00,61.0,46.68715
1995-08-15 08:13:00,47.0,45.23745
1995-08-15 08:14:00,65.0,48.866844
1995-08-15 08:15:00,60.0,47.009388
1995-08-15 08:16:00,50.0,36.60872
1995-08-15 08:17:00,64.0,49.716843
1995-08-15 08:18:00,41.0,56.86505
1995-08-15 08:19:00,69.0,58.236065
1995-08-15 08:20:00,80.0,57.39366
1995-08-15 08:21:00,56.0,58.489437
1995-08-15 08:22:00,60.0,55.988884
1995-08-15 08:23:00,71.0,59.54035
1995-08-15 08:24:00,55.0,57.089478
1995-08-15 08:25:00,61.0,50.53993
1995-08-15 08:26:00,67.0,57.454895
1995-08-15 08:27:00,37.0,34.878723
1995-08-15 08:28:00,50.0,48.20566
1995-08-15 08:29:00,33.0,57.36724
1995-08-15 08:30:00,44.0,48.098484
1995-08-15 08:31:00,57.0,46.634674
1995-08-15 08:32:00,45.0,57.88901
1995-08-15 08:33:00,54.0,53.768158
1995-08-15 08:34:00,49.0,56.868473
1995-08-15 08:35:00,43.0,58.21545
1995-08-15 08:36:00,67.0,46.704945
1995-08-15 08:37:00,61.0,59.964687
1995-08-15 08:38:00,21.0,51.654755
1995-08-15 08:39:00,37.0,45.118313
1995-08-15 08:40:00,27.0,44.92533
1995-08-15 08:41:00,34.0,43.99512
1995-08-15 08:42:00,43.0,44.14908
1995-08-15 08:43:00,54.0,45.540768
1995-08-15 08:44:00,51.0,44.820675
1995-08-15 08:45:00,89.0,52.016743
1995-08-15 08:46:00,46.0,56.916313
1995-08-15 08:47:00,47.0,48.47057
1995-08-15 08:48:00,51.0,53.245358
1995-08-15 08:49:00,13.0,56.20492
1995-08-15 08:50:00,17.0,42.947803
1995-08-15 08:51:00,27.0,26.032917
1995-08-15 08:52:00,53.0,38.91745
1995-08-15 08:53:00,27.0,49.346848
1995-08-15 08:54:00,58.0,41.55107
1995-08-15 08:55:00,47.0,38.14088
1995-08-15 08:56:00,61.0,45.045506
1995-08-15 08:57:00,48.0,50.471924
1995-08-15 08:58:00,45.0,43.660393
1995-08-15 08:59:00,64.0,48.44794
1995-08-15 09:00:00,72.0,51.281002
1995-08-15 09:01:00,58.0,56.103184
1995-08-15 09:02:00,52.0,37.192173
1995-08-15 09:03:00,49.0,46.90011
1995-08-15 09:04:00,41.0,47.345512
1995-08-15 09:05:00,31.0,32.528316
1995-08-15 09:06:00,27.0,47.86739
1995-08-15 09:07:00,68.0,43.38754
1995-08-15 09:08:00,29.0,31.70739
1995-08-15 09:09:00,75.0,43.752655
1995-08-15 09:10:00,44.0,33.710217
1995-08-15 09:11:00,38.0,48.07262
1995-08-15 09:12:00,41.0,34.2866
1995-08-15 09:13:00,43.0,47.008907
1995-08-15 09:14:00,45.0,44.338715
1995-08-15 09:15:00,43.0,42.689068
1995-08-15 09:16:00,55.0,44.204884
1995-08-15 09:17:00,35.0,46.14197
1995-08-15 09:18:00,43.0,47.905704
1995-08-15 09:19:00,71.0,46.71608
1995-08-15 09:20:00,45.0,45.126583
1995-08-15 09:21:00,45.0,50.271046
1995-08-15 09:22:00,39.0,52.519318
1995-08-15 09:23:00,55.0,39.646935
1995-08-15 09:24:00,47.0,47.00955
1995-08-15 09:25:00,18.0,45.131897
1995-08-15 09:26:00,32.0,38.799194
1995-08-15 09:27:00,33.0,42.88703
1995-08-15 09:28:00,43.0,41.410805
1995-08-15 09:29:00,55.0,46.532288
1995-08-15 09:30:00,59.0,52.231567
1995-08-15 09:31:00,56.0,46.8598
1995-08-15 09:32:00,67.0,53.69991
1995-08-15 09:33:00,71.0,48.249725
1995-08-15 09:34:00,31.0,51.25617
1995-08-15 09:35:00,40.0,40.147213
1995-08-15 09:36:00,42.0,47.94934
1995-08-15 09:37:00,54.0,46.150536
1995-08-15 09:38:00,35.0,47.795048
1995-08-15 09:39:00,47.0,42.112377
1995-08-15 09:40:00,35.0,46.884247
1995-08-15 09:41:00,38.0,41.0774
1995-08-15 09:42:00,41.0,41.48826
1995-08-15 09:43:00,50.0,44.30293
1995-08-15 09:44:00,69.0,47.877914
1995-08-15 09:45:00,67.0,55.924297
1995-08-15 09:46:00,55.0,50.649323
1995-08-15 09:47:00,32.0,47.58872
1995-08-15 09:48:00,55.0,47.372124
1995-08-15 09:49:00,42.0,45.229424
1995-08-15 09:50:00,44.0,43.73832
1995-08-15 09:51:00,56.0,48.535316
1995-08-15 09:52:00,28.0,48.912056
1995-08-15 09:53:00,31.0,43.586845
1995-08-15 09:54:00,37.0,41.47903
1995-08-15 09:55:00,43.0,45.295944
1995-08-15 09:56:00,55.0,45.311256
1995-08-15 09:57:00,54.0,53.58728
1995-08-15 09:58:00,31.0,34.359936
1995-08-15 09:59:00,29.0,42.923447
1995-08-15 10:00:00,36.0,28.871504
1995-08-15 10:01:00,50.0,47.461132
1995-08-15 10:02:00,43.0,31.995007
1995-08-15 10:03:00,73.0,46.081318
1995-08-15 10:04:00,32.0,49.56317
1995-08-15 10:05:00,34.0,43.16461
1995-08-15 10:06:00,54.0,46.81461
1995-08-15 10:07:00,53.0,48.791763
1995-08-15 10:08:00,65.0,52.240704
1995-08-15 10:09:00,39.0,54.40976
1995-08-15 10:10:00,40.0,51.058125
1995-08-15 10:11:00,49.0,42.18224
1995-08-15 10:12:00,61.0,49.123047
1995-08-15 10:13:00,67.0,56.089355
1995-08-15 10:14:00,60.0,58.601162
1995-08-15 10:15:00,50.0,57.218117
1995-08-15 10:16:00,65.0,52.207993
1995-08-15 10:17:00,67.0,59.19303
1995-08-15 10:18:00,60.0,59.32489
1995-08-15 10:19:00,50.0,60.97455
1995-08-15 10:20:00,45.0,58.742096
1995-08-15 10:21:00,55.0,53.436935
1995-08-15 10:22:00,36.0,56.3052
1995-08-15 10:23:00,47.0,50.86412
1995-08-15 10:24:00,58.0,50.98869
1995-08-15 10:25:00,33.0,33.967815
1995-08-15 10:26:00,45.0,48.654884
1995-08-15 10:27:00,33.0,50.626263
1995-08-15 10:28:00,58.0,47.96984
1995-08-15 10:29:00,89.0,50.729836
1995-08-15 10:30:00,76.0,57.7082
1995-08-15 10:31:00,93.0,65.70142
1995-08-15 10:32:00,50.0,60.017212
1995-08-15 10:33:00,48.0,60.406345
1995-08-15 10:34:00,41.0,57.386616
1995-08-15 10:35:00,41.0,51.263443
1995-08-15 10:36:00,78.0,53.16466
1995-08-15 10:37:00,78.0,63.02259
1995-08-15 10:38:00,51.0,56.804104
1995-08-15 10:39:00,99.0,49.363174
1995-08-15 10:40:00,31.0,61.842026
1995-08-15 10:41:00,51.0,52.894855
1995-08-15 10:42:00,45.0,50.8871
1995-08-15 10:43:00,48.0,45.629913
1995-08-15 10:44:00,76.0,52.589314
1995-08-15 10:45:00,67.0,56.91294
1995-08-15 10:46:00,68.0,54.96011
1995-08-15 10:47:00,57.0,59.353836
1995-08-15 10:48:00,83.0,60.12799
1995-08-15 10:49:00,85.0,67.54523
1995-08-15 10:50:00,76.0,68.55421
1995-08-15 10:51:00,72.0,70.75238
1995-08-15 10:52:00,86.0,53.622
1995-08-15 10:53:00,87.0,69.482834
1995-08-15 10:54:00,89.0,67.07365
1995-08-15 10:55:00,83.0,74.06487
1995-08-15 10:56:00,75.0,72.24866
1995-08-15 10:57:00,95.0,72.4951
1995-08-15 10:58:00,72.0,72.3318
1995-08-15 10:59:00,39.0,52.011192
1995-08-15 11:00:00,78.0,57.698624
1995-08-15 11:01:00,86.0,69.86023
1995-08-15 11:02:00,84.0,72.380035
1995-08-15 11:03:00,71.0,60.03473
1995-08-15 11:04:00,78.0,71.95008
1995-08-15 11:05:00,51.0,72.2531
1995-08-15 11:06:00,50.0,65.55429
1995-08-15 11:07:00,91.0,63.964348
1995-08-15 11:08:00,55.0,74.7263
1995-08-15 11:09:00,78.0,69.90852
1995-08-15 11:10:00,88.0,73.344
1995-08-15 11:11:00,76.0,75.44242
1995-08-15 11:12:00,55.0,72.56972
1995-08-15 11:13:00,77.0,72.18934
1995-08-15 11:14:00,83.0,73.45092
1995-08-15 11:15:00,75.0,72.73749
1995-08-15 11:16:00,63.0,71.02957
1995-08-15 11:17:00,100.0,72.07914
1995-08-15 11:18:00,83.0,83.1216
1995-08-15 11:19:00,79.0,75.936905
1995-08-15 11:20:00,78.0,70.107414
1995-08-15 11:21:00,43.0,79.22455
1995-08-15 11:22:00,49.0,69.358795
1995-08-15 11:23:00,64.0,65.71339
1995-08-15 11:24:00,39.0,55.9436
1995-08-15 11:25:00,69.0,58.877876
1995-08-15 11:26:00,79.0,60.59497
1995-08-15 11:27:00,82.0,65.524536
1995-08-15 11:28:00,81.0,71.95777
1995-08-15 11:29:00,104.0,68.121086
1995-08-15 11:30:00,76.0,77.18344
1995-08-15 11:31:00,80.0,71.15759
1995-08-15 11:32:00,50.0,65.59766
1995-08-15 11:33:00,64.0,58.21302
1995-08-15 11:34:00,50.0,70.49446
1995-08-15 11:35:00,45.0,64.74834
1995-08-15 11:36:00,47.0,58.018494
1995-08-15 11:37:00,68.0,61.317345
1995-08-15 11:38:00,93.0,68.76114
1995-08-15 11:39:00,55.0,73.542816
1995-08-15 11:40:00,82.0,63.418663
1995-08-15 11:41:00,50.0,71.92466
1995-08-15 11:42:00,90.0,63.173515
1995-08-15 11:43:00,81.0,78.49812
1995-08-15 11:44:00,81.0,80.32145
1995-08-15 11:45:00,79.0,71.12838
1995-08-15 11:46:00,67.0,70.45986
1995-08-15 11:47:00,77.0,71.83896
1995-08-15 11:48:00,64.0,74.604965
1995-08-15 11:49:00,58.0,69.82195
1995-08-15 11:50:00,61.0,63.788574
1995-08-15 11:51:00,39.0,66.74594
1995-08-15 11:52:00,55.0,58.970226
1995-08-15 11:53:00,67.0,66.62568
1995-08-15 11:54:00,55.0,65.348236
1995-08-15 11:55:00,85.0,64.90472
1995-08-15 11:56:00,47.0,73.0124
1995-08-15 11:57:00,27.0,60.699295
1995-08-15 11:58:00,35.0,49.16635
1995-08-15 11:59:00,34.0,56.13557
1995-08-15 12:00:00,77.0,55.272594
1995-08-15 12:01:00,64.0,70.15059
1995-08-15 12:02:00,93.0,67.974014
1995-08-15 12:03:00,56.0,70.48887
1995-08-15 12:04:00,84.0,61.556087
1995-08-15 12:05:00,76.0,72.01422
1995-08-15 12:06:00,99.0,78.4395
1995-08-15 12:07:00,105.0,64.13004
1995-08-15 12:08:00,64.0,82.01146
1995-08-15 12:09:00,76.0,72.028595
1995-08-15 12:10:00,74.0,72.591644
1995-08-15 12:11:00,79.0,77.13764
1995-08-15 12:12:00,60.0,72.88024
1995-08-15 12:13:00,50.0,62.519787
1995-08-15 12:14:00,47.0,64.373886
1995-08-15 12:15:00,53.0,63.025826
1995-08-15 12:16:00,59.0,59.445625
1995-08-15 12:17:00,85.0,66.68246
1995-08-15 12:18:00,80.0,71.84104
1995-08-15 12:19:00,90.0,69.31164
1995-08-15 12:20:00,75.0,75.88402
1995-08-15 12:21:00,79.0,73.50707
1995-08-15 12:22:00,62.0,75.21945
1995-08-15 12:23:00,45.0,69.45122
1995-08-15 12:24:00,52.0,40.53323
1995-08-15 12:25:00,58.0,63.72268
1995-08-15 12:26:00,49.0,65.14881
1995-08-15 12:27:00,69.0,59.05499
1995-08-15 12:28:00,56.0,72.777054
1995-08-15 12:29:00,60.0,66.50773
1995-08-15 12:30:00,58.0,68.058525
1995-08-15 12:31:00,59.0,61.226513
1995-08-15 12:32:00,54.0,64.33518
1995-08-15 12:33:00,83.0,64.986855
1995-08-15 12:34:00,57.0,67.815735
1995-08-15 12:35:00,66.0,65.98104
1995-08-15 12:36:00,68.0,55.91173
1995-08-15 12:37:00,54.0,65.84085
1995-08-15 12:38:00,62.0,60.627167
1995-08-15 12:39:00,39.0,58.983612
1995-08-15 12:40:00,37.0,55.069088
1995-08-15 12:41:00,58.0,55.168633
1995-08-15 12:42:00,73.0,58.272823
1995-08-15 12:43:00,55.0,63.050346
1995-08-15 12:44:00,36.0,58.95596
1995-08-15 12:45:00,67.0,49.842537
1995-08-15 12:46:00,91.0,62.568905
1995-08-15 12:47:00,82.0,75.08561
1995-08-15 12:48:00,93.0,72.07117
1995-08-15 12:49:00,88.0,77.15713
1995-08-15 12:50:00,109.0,73.29219
1995-08-15 12:51:00,116.0,77.21204
1995-08-15 12:52:00,104.0,85.88362
1995-08-15 12:53:00,67.0,82.22874
1995-08-15 12:54:00,75.0,76.9764
1995-08-15 12:55:00,74.0,74.60597
1995-08-15 12:56:00,78.0,83.80463
1995-08-15 12:57:00,87.0,56.773735
1995-08-15 12:58:00,93.0,79.056175
1995-08-15 12:59:00,45.0,76.07703
1995-08-15 13:00:00,58.0,63.298332
1995-08-15 13:01:00,69.0,64.95976
1995-08-15 13:02:00,94.0,71.72249
1995-08-15 13:03:00,77.0,78.847336
1995-08-15 13:04:00,77.0,74.266266
1995-08-15 13:05:00,62.0,68.77016
1995-08-15 13:06:00,74.0,73.52367
1995-08-15 13:07:00,55.0,75.239334
1995-08-15 13:08:00,55.0,61.424026
1995-08-15 13:09:00,61.0,64.08214
1995-08-15 13:10:00,55.0,69.09415
1995-08-15 13:11:00,64.0,59.41819
1995-08-15 13:12:00,68.0,60.629196
1995-08-15 13:13:00,107.0,67.873055
1995-08-15 13:14:00,67.0,77.54609
1995-08-15 13:15:00,78.0,72.040474
1995-08-15 13:16:00,81.0,76.77636
1995-08-15 13:17:00,72.0,83.21539
1995-08-15 13:18:00,79.0,75.09954
1995-08-15 13:19:00,95.0,78.83907
1995-08-15 13:20:00,117.0,75.76602
1995-08-15 13:21:00,87.0,91.43062
1995-08-15 13:22:00,52.0,72.01171
1995-08-15 13:23:00,64.0,73.23826
1995-08-15 13:24:00,73.0,74.11529
1995-08-15 13:25:00,62.0,76.59873
1995-08-15 13:26:00,75.0,71.9185
1995-08-15 13:27:00,68.0,69.82489
1995-08-15 13:28:00,96.0,69.75198
1995-08-15 13:29:00,119.0,79.426056
1995-08-15 13:30:00,79.0,78.61071
1995-08-15 13:31:00,71.0,83.20082
1995-08-15 13:32:00,49.0,79.478455
1995-08-15 13:33:00,57.0,58.972687
1995-08-15 13:34:00,72.0,71.79007
1995-08-15 13:35:00,45.0,72.097786
1995-08-15 13:36:00,51.0,59.585403
1995-08-15 13:37:00,73.0,65.362854
1995-08-15 13:38:00,57.0,71.22451
1995-08-15 13:39:00,78.0,69.63622
1995-08-15 13:40:00,77.0,75.833336
1995-08-15 13:41:00,95.0,78.675385
1995-08-15 13:42:00,78.0,83.81655
1995-08-15 13:43:00,85.0,79.36188
1995-08-15 13:44:00,86.0,82.24668
1995-08-15 13:45:00,62.0,61.304512
1995-08-15 13:46:00,49.0,75.58296
1995-08-15 13:47:00,63.0,68.427795
1995-08-15 13:48:00,88.0,73.71021
1995-08-15 13:49:00,43.0,80.67879
1995-08-15 13:50:00,76.0,53.949936
1995-08-15 13:51:00,53.0,57.99829
1995-08-15 13:52:00,70.0,64.005005
1995-08-15 13:53:00,66.0,54.29721
1995-08-15 13:54:00,87.0,69.25949
1995-08-15 13:55:00,58.0,77.068886
1995-08-15 13:56:00,95.0,67.11543
1995-08-15 13:57:00,70.0,81.58034
1995-08-15 13:58:00,55.0,63.820984
1995-08-15 13:59:00,37.0,50.026417
1995-08-15 14:00:00,59.0,61.61924
1995-08-15 14:01:00,45.0,61.469616
1995-08-15 14:02:00,72.0,56.132763
1995-08-15 14:03:00,60.0,58.238438
1995-08-15 14:04:00,87.0,50.956524
1995-08-15 14:05:00,67.0,75.717354
1995-08-15 14:06:00,75.0,68.59064
1995-08-15 14:07:00,56.0,56.025146
1995-08-15 14:08:00,73.0,71.39494
1995-08-15 14:09:00,44.0,68.60218
1995-08-15 14:10:00,40.0,48.76251
1995-08-15 14:11:00,52.0,48.06097
1995-08-15 14:12:00,99.0,56.90281
1995-08-15 14:13:00,62.0,52.12821
1995-08-15 14:14:00,53.0,44.321995
1995-08-15 14:15:00,72.0,62.431133
1995-08-15 14:16:00,77.0,63.93502
1995-08-15 14:17:00,48.0,68.407936
1995-08-15 14:18:00,36.0,46.51435
1995-08-15 14:19:00,40.0,50.575737
1995-08-15 14:20:00,26.0,49.02967
1995-08-15 14:21:00,58.0,53.154114
1995-08-15 14:22:00,58.0,55.14938
1995-08-15 14:23:00,33.0,28.189259
1995-08-15 14:24:00,46.0,41.595184
1995-08-15 14:25:00,22.0,53.453434
1995-08-15 14:26:00,62.0,36.710476
1995-08-15 14:27:00,56.0,49.66774
1995-08-15 14:28:00,60.0,54.32628
1995-08-15 14:29:00,78.0,56.710327
1995-08-15 14:30:00,54.0,53.38038
1995-08-15 14:31:00,83.0,61.633186
1995-08-15 14:32:00,72.0,65.3683
1995-08-15 14:33:00,82.0,66.670006
1995-08-15 14:34:00,61.0,65.40052
1995-08-15 14:35:00,33.0,64.74756
1995-08-15 14:36:00,47.0,44.078274
1995-08-15 14:37:00,58.0,56.125164
1995-08-15 14:38:00,55.0,49.85082
1995-08-15 14:39:00,49.0,60.469185
1995-08-15 14:40:00,58.0,57.11591
1995-08-15 14:41:00,92.0,59.511723
1995-08-15 14:42:00,68.0,61.921425
1995-08-15 14:43:00,64.0,68.852615
1995-08-15 14:44:00,112.0,65.945274
1995-08-15 14:45:00,51.0,71.92118
1995-08-15 14:46:00,71.0,64.46675
1995-08-15 14:47:00,78.0,71.61687
1995-08-15 14:48:00,51.0,65.47681
1995-08-15 14:49:00,80.0,62.240597
1995-08-15 14:50:00,59.0,60.713387
1995-08-15 14:51:00,91.0,64.872734
1995-08-15 14:52:00,82.0,67.44283
1995-08-15 14:53:00,95.0,72.892006
1995-08-15 14:54:00,108.0,78.818245
1995-08-15 14:55:00,126.0,87.3695
1995-08-15 14:56:00,91.0,88.554665
1995-08-15 14:57:00,124.0,77.35056
1995-08-15 14:58:00,135.0,93.113434
1995-08-15 14:59:00,134.0,96.71081
1995-08-15 15:00:00,97.0,97.55961
1995-08-15 15:01:00,112.0,89.237724
1995-08-15 15:02:00,111.0,96.498535
1995-08-15 15:03:00,137.0,99.218925
1995-08-15 15:04:00,71.0,101.1375
1995-08-15 15:05:00,66.0,82.41313
1995-08-15 15:06:00,121.0,81.57522
1995-08-15 15:07:00,70.0,79.00229
1995-08-15 15:08:00,33.0,89.450455
1995-08-15 15:09:00,5.0,46.69728
1995-08-15 15:10:00,0.0,0.9523213
1995-08-15 15:20:00,66.0,79.92198
1995-08-15 15:21:00,92.0,63.909355
1995-08-15 15:22:00,84.0,61.10705
1995-08-15 15:23:00,96.0,72.1163
1995-08-15 15:24:00,86.0,75.52102
1995-08-15 15:25:00,64.0,81.35819
1995-08-15 15:30:00,67.0,49.685066
1995-08-15 15:31:00,95.0,72.926544
1995-08-15 15:32:00,104.0,76.07254
1995-08-15 15:33:00,73.0,83.882256
1995-08-15 15:34:00,88.0,81.09354
1995-08-15 15:35:00,92.0,85.008965
1995-08-15 15:36:00,67.0,78.752396
1995-08-15 15:37:00,108.0,77.89278
1995-08-15 15:38:00,90.0,77.68048
1995-08-15 15:39:00,91.0,82.332664
1995-08-15 15:40:00,68.0,78.943184
1995-08-15 15:41:00,58.0,69.231384
1995-08-15 15:42:00,36.0,63.937065
1995-08-15 15:43:00,41.0,29.27167
1995-08-15 15:44:00,61.0,60.617943
1995-08-15 15:45:00,58.0,46.707787
1995-08-15 15:46:00,72.0,43.66712
1995-08-15 15:47:00,123.0,70.2727
1995-08-15 15:48:00,62.0,65.50069
1995-08-15 15:49:00,91.0,71.026306
1995-08-15 15:50:00,95.0,80.86279
1995-08-15 15:51:00,70.0,76.82447
1995-08-15 15:52:00,54.0,84.380424
1995-08-15 15:53:00,41.0,67.74234
1995-08-15 15:54:00,59.0,61.94309
1995-08-15 15:55:00,70.0,71.350525
1995-08-15 15:56:00,39.0,66.450745
1995-08-15 15:57:00,76.0,59.27006
1995-08-15 15:58:00,105.0,64.68034
1995-08-15 15:59:00,107.0,80.26269
1995-08-15 16:00:00,108.0,88.980995
1995-08-15 16:01:00,76.0,92.4598
1995-08-15 16:02:00,93.0,78.54305
1995-08-15 16:03:00,128.0,78.900085
1995-08-15 16:04:00,79.0,92.73249
1995-08-15 16:05:00,122.0,81.61673
1995-08-15 16:06:00,83.0,89.96993
1995-08-15 16:07:00,64.0,85.392426
1995-08-15 16:08:00,75.0,66.65039
1995-08-15 16:09:00,49.0,46.91803
1995-08-15 16:10:00,81.0,71.18305
1995-08-15 16:11:00,71.0,72.05389
1995-08-15 16:12:00,67.0,52.364597
1995-08-15 16:13:00,47.0,74.72157
1995-08-15 16:14:00,81.0,61.693813
1995-08-15 16:15:00,59.0,69.448494
1995-08-15 16:16:00,95.0,70.35526
1995-08-15 16:17:00,80.0,77.82957
1995-08-15 16:18:00,57.0,78.465
1995-08-15 16:19:00,61.0,50.544403
1995-08-15 16:20:00,76.0,69.458336
1995-08-15 16:21:00,62.0,48.37677
1995-08-15 16:22:00,51.0,72.22833
1995-08-15 16:23:00,57.0,62.01721
1995-08-15 16:24:00,76.0,61.772186
1995-08-15 16:25:00,110.0,72.54723
1995-08-15 16:26:00,105.0,83.54533
1995-08-15 16:27:00,86.0,84.68186
1995-08-15 16:28:00,59.0,74.3936
1995-08-15 16:29:00,58.0,67.12115
1995-08-15 16:30:00,41.0,76.02008
1995-08-15 16:31:00,61.0,51.635513
1995-08-15 16:32:00,44.0,66.69101
1995-08-15 16:33:00,32.0,38.10328
1995-08-15 16:34:00,45.0,48.88064
1995-08-15 16:35:00,53.0,48.498165
1995-08-15 16:36:00,72.0,52.012154
1995-08-15 16:37:00,32.0,65.84161
1995-08-15 16:38:00,75.0,50.68369
1995-08-15 16:39:00,97.0,60.307953
1995-08-15 16:40:00,64.0,64.94077
1995-08-15 16:41:00,76.0,67.51467
1995-08-15 16:42:00,89.0,69.68656
1995-08-15 16:43:00,78.0,75.982
1995-08-15 16:44:00,52.0,62.09532
1995-08-15 16:45:00,42.0,64.20322
1995-08-15 16:46:00,30.0,53.333553
1995-08-15 16:47:00,46.0,55.132217
1995-08-15 16:48:00,98.0,55.403233
1995-08-15 16:49:00,59.0,69.61275
1995-08-15 16:50:00,50.0,60.852264
1995-08-15 16:51:00,50.0,57.075603
1995-08-15 16:52:00,39.0,52.109158
1995-08-15 16:53:00,38.0,45.045086
1995-08-15 16:54:00,60.0,52.697414
1995-08-15 16:55:00,103.0,62.658962
1995-08-15 16:56:00,71.0,76.72875
1995-08-15 16:57:00,98.0,71.34115
1995-08-15 16:58:00,61.0,74.47572
1995-08-15 16:59:00,47.0,68.38136
1995-08-15 17:00:00,48.0,42.63657
1995-08-15 17:01:00,88.0,58.701344
1995-08-15 17:02:00,75.0,56.15325
1995-08-15 17:03:00,61.0,68.33794
1995-08-15 17:04:00,55.0,55.58755
1995-08-15 17:05:00,76.0,58.656353
1995-08-15 17:06:00,67.0,69.342384
1995-08-15 17:07:00,67.0,68.162994
1995-08-15 17:08:00,37.0,54.89328
1995-08-15 17:09:00,43.0,36.93239
1995-08-15 17:10:00,40.0,58.72469
1995-08-15 17:11:00,61.0,46.771107
1995-08-15 17:12:00,86.0,60.593884
1995-08-15 17:13:00,61.0,58.108307
1995-08-15 17:14:00,62.0,48.63273
1995-08-15 17:15:00,38.0,63.378586
1995-08-15 17:16:00,68.0,51.021374
1995-08-15 17:17:00,50.0,60.849022
1995-08-15 17:18:00,26.0,58.45492
1995-08-15 17:19:00,44.0,40.99444
1995-08-15 17:20:00,42.0,39.05903
1995-08-15 17:21:00,62.0,49.619526
1995-08-15 17:22:00,76.0,61.67964
1995-08-15 17:23:00,41.0,54.73413
1995-08-15 17:24:00,69.0,54.083652
1995-08-15 17:25:00,54.0,63.192337
1995-08-15 17:26:00,46.0,60.26137
1995-08-15 17:27:00,38.0,55.40555
1995-08-15 17:28:00,63.0,49.80713
1995-08-15 17:29:00,29.0,48.884754
1995-08-15 17:30:00,38.0,24.412058
1995-08-15 17:31:00,34.0,38.007854
1995-08-15 17:32:00,44.0,41.64664
1995-08-15 17:33:00,59.0,48.436447
1995-08-15 17:34:00,68.0,52.732285
1995-08-15 17:35:00,72.0,56.843285
1995-08-15 17:36:00,61.0,61.920612
1995-08-15 17:37:00,58.0,55.7368
1995-08-15 17:38:00,47.0,58.56318
1995-08-15 17:39:00,38.0,54.370113
1995-08-15 17:40:00,53.0,50.585968
1995-08-15 17:41:00,39.0,44.975155
1995-08-15 17:42:00,50.0,45.345543
1995-08-15 17:43:00,56.0,54.680576
1995-08-15 17:44:00,57.0,53.400166
1995-08-15 17:45:00,51.0,53.642506
1995-08-15 17:46:00,36.0,30.494972
1995-08-15 17:47:00,42.0,48.889977
1995-08-15 17:48:00,53.0,45.627968
1995-08-15 17:49:00,55.0,49.35704
1995-08-15 17:50:00,48.0,42.439316
1995-08-15 17:51:00,28.0,45.262028
1995-08-15 17:52:00,52.0,39.230633
1995-08-15 17:53:00,33.0,51.720352
1995-08-15 17:54:00,68.0,41.511494
1995-08-15 17:55:00,43.0,55.571148
1995-08-15 17:56:00,59.0,49.985302
1995-08-15 17:57:00,29.0,54.269875
1995-08-15 17:58:00,44.0,42.96241
1995-08-15 17:59:00,55.0,43.412212
1995-08-15 18:00:00,41.0,51.67682
1995-08-15 18:01:00,28.0,36.49598
1995-08-15 18:02:00,71.0,33.345234
1995-08-15 18:03:00,48.0,54.586987
1995-08-15 18:04:00,57.0,48.992924
1995-08-15 18:05:00,40.0,45.59074
1995-08-15 18:06:00,26.0,35.293945
1995-08-15 18:07:00,33.0,41.4077
1995-08-15 18:08:00,56.0,37.82371
1995-08-15 18:09:00,33.0,43.748177
1995-08-15 18:10:00,48.0,42.689705
1995-08-15 18:11:00,70.0,46.389507
1995-08-15 18:12:00,51.0,54.95795
1995-08-15 18:13:00,57.0,49.740864
1995-08-15 18:14:00,22.0,51.67859
1995-08-15 18:15:00,29.0,35.782528
1995-08-15 18:16:00,14.0,31.00431
1995-08-15 18:17:00,17.0,29.048113
1995-08-15 18:18:00,30.0,20.348734
1995-08-15 18:19:00,56.0,34.492897
1995-08-15 18:20:00,56.0,45.868893
1995-08-15 18:21:00,37.0,49.419666
1995-08-15 18:22:00,44.0,28.415625
1995-08-15 18:23:00,39.0,45.264256
1995-08-15 18:24:00,48.0,39.20392
1995-08-15 18:25:00,30.0,39.930576
1995-08-15 18:26:00,57.0,39.781483
1995-08-15 18:27:00,34.0,42.72771
1995-08-15 18:28:00,50.0,36.265324
1995-08-15 18:29:00,24.0,41.47911
1995-08-15 18:30:00,26.0,31.683388
1995-08-15 18:31:00,43.0,27.21808
1995-08-15 18:32:00,22.0,32.044487
1995-08-15 18:33:00,20.0,31.832718
1995-08-15 18:34:00,19.0,25.941788
1995-08-15 18:35:00,26.0,30.940943
1995-08-15 18:36:00,51.0,31.794086
1995-08-15 18:37:00,32.0,41.55387
1995-08-15 18:38:00,33.0,24.177008
1995-08-15 18:39:00,58.0,33.222168
1995-08-15 18:40:00,30.0,29.856062
1995-08-15 18:41:00,26.0,29.774275
1995-08-15 18:42:00,19.0,34.811
1995-08-15 18:43:00,36.0,25.530746
1995-08-15 18:44:00,28.0,27.840479
1995-08-15 18:45:00,23.0,34.376606
1995-08-15 18:46:00,52.0,29.35191
1995-08-15 18:47:00,13.0,43.96667
1995-08-15 18:48:00,30.0,23.891026
1995-08-15 18:49:00,19.0,23.2062
1995-08-15 18:50:00,20.0,27.954496
1995-08-15 18:51:00,59.0,28.87619
1995-08-15 18:52:00,31.0,42.618835
1995-08-15 18:53:00,15.0,16.473595
1995-08-15 18:54:00,54.0,30.149582
1995-08-15 18:55:00,57.0,42.88209
1995-08-15 18:56:00,45.0,43.182335
1995-08-15 18:57:00,44.0,42.096973
1995-08-15 18:58:00,31.0,43.10106
1995-08-15 18:59:00,66.0,39.741062
1995-08-15 19:00:00,27.0,47.132984
1995-08-15 19:01:00,41.0,35.63834
1995-08-15 19:02:00,40.0,36.271355
1995-08-15 19:03:00,51.0,38.103344
1995-08-15 19:04:00,45.0,39.1714
1995-08-15 19:05:00,31.0,34.9
1995-08-15 19:06:00,36.0,34.748756
1995-08-15 19:07:00,15.0,34.531555
1995-08-15 19:08:00,26.0,29.748049
1995-08-15 19:09:00,40.0,24.145164
1995-08-15 19:10:00,39.0,39.698414
1995-08-15 19:11:00,36.0,40.037884
1995-08-15 19:12:00,30.0,34.88477
1995-08-15 19:13:00,20.0,30.715052
1995-08-15 19:14:00,41.0,32.523888
1995-08-15 19:15:00,37.0,39.57593
1995-08-15 19:16:00,55.0,38.851856
1995-08-15 19:17:00,69.0,44.17183
1995-08-15 19:18:00,52.0,49.531464
1995-08-15 19:19:00,22.0,44.912487
1995-08-15 19:20:00,32.0,35.06205
1995-08-15 19:21:00,44.0,37.10244
1995-08-15 19:22:00,25.0,26.498783
1995-08-15 19:23:00,56.0,30.135956
1995-08-15 19:24:00,49.0,27.593378
1995-08-15 19:25:00,43.0,37.520103
1995-08-15 19:26:00,24.0,34.855377
1995-08-15 19:27:00,19.0,33.646824
1995-08-15 19:28:00,28.0,34.45957
1995-08-15 19:29:00,26.0,29.208345
1995-08-15 19:30:00,33.0,27.166172
1995-08-15 19:31:00,33.0,30.763952
1995-08-15 19:32:00,43.0,35.213413
1995-08-15 19:33:00,16.0,21.040459
1995-08-15 19:34:00,30.0,30.506802
1995-08-15 19:35:00,27.0,29.124493
1995-08-15 19:36:00,39.0,32.90688
1995-08-15 19:37:00,36.0,31.573639
1995-08-15 19:38:00,30.0,32.980793
1995-08-15 19:39:00,27.0,31.509857
1995-08-15 19:40:00,36.0,29.624552
1995-08-15 19:41:00,33.0,35.244373
1995-08-15 19:42:00,37.0,34.36165
1995-08-15 19:43:00,29.0,33.67474
1995-08-15 19:44:00,31.0,28.610697
1995-08-15 19:45:00,13.0,7.616111
1995-08-15 19:46:00,18.0,21.67805
1995-08-15 19:47:00,26.0,29.158468
1995-08-15 19:48:00,33.0,21.472649
1995-08-15 19:49:00,52.0,33.446808
1995-08-15 19:50:00,37.0,30.929277
1995-08-15 19:51:00,40.0,35.422726
1995-08-15 19:52:00,52.0,37.746128
1995-08-15 19:53:00,12.0,27.45447
1995-08-15 19:54:00,21.0,21.605217
1995-08-15 19:55:00,18.0,30.616468
1995-08-15 19:56:00,34.0,24.191845
1995-08-15 19:57:00,41.0,33.444252
1995-08-15 19:58:00,32.0,36.300426
1995-08-15 19:59:00,34.0,34.1555
1995-08-15 20:00:00,36.0,34.791252
1995-08-15 20:01:00,28.0,30.521257
1995-08-15 20:02:00,13.0,30.28217
1995-08-15 20:03:00,28.0,20.908522
1995-08-15 20:04:00,33.0,31.853313
1995-08-15 20:05:00,41.0,26.592525
1995-08-15 20:06:00,12.0,24.44925
1995-08-15 20:07:00,30.0,27.245577
1995-08-15 20:08:00,36.0,21.781813
1995-08-15 20:09:00,21.0,30.07762
1995-08-15 20:10:00,29.0,26.516018
1995-08-15 20:11:00,11.0,10.475345
1995-08-15 20:12:00,32.0,25.787254
1995-08-15 20:13:00,34.0,29.690329
1995-08-15 20:14:00,20.0,30.77548
1995-08-15 20:15:00,25.0,15.045647
1995-08-15 20:16:00,18.0,25.524626
1995-08-15 20:17:00,40.0,23.614079
1995-08-15 20:18:00,25.0,29.627954
1995-08-15 20:19:00,16.0,30.80937
1995-08-15 20:20:00,18.0,28.379166
1995-08-15 20:21:00,21.0,23.834648
1995-08-15 20:22:00,44.0,26.695606
1995-08-15 20:23:00,30.0,26.850267
1995-08-15 20:24:00,8.0,19.652208
1995-08-15 20:25:00,44.0,24.033236
1995-08-15 20:26:00,12.0,24.274523
1995-08-15 20:27:00,14.0,14.748785
1995-08-15 20:28:00,30.0,25.326712
1995-08-15 20:29:00,27.0,26.707647
1995-08-15 20:30:00,29.0,26.615343
1995-08-15 20:31:00,31.0,28.750357
1995-08-15 20:32:00,31.0,26.491323
1995-08-15 20:33:00,23.0,29.112772
1995-08-15 20:34:00,25.0,23.709385
1995-08-15 20:35:00,18.0,30.792736
1995-08-15 20:36:00,28.0,28.889826
1995-08-15 20:37:00,26.0,29.065418
1995-08-15 20:38:00,46.0,28.54019
1995-08-15 20:39:00,40.0,37.509415
1995-08-15 20:40:00,20.0,32.011147
1995-08-15 20:41:00,29.0,29.909466
1995-08-15 20:42:00,33.0,28.991356
1995-08-15 20:43:00,20.0,23.608006
1995-08-15 20:44:00,42.0,28.123394
1995-08-15 20:45:00,10.0,20.314772
1995-08-15 20:46:00,28.0,24.907297
1995-08-15 20:47:00,27.0,30.013992
1995-08-15 20:48:00,46.0,27.396585
1995-08-15 20:49:00,28.0,35.78498
1995-08-15 20:50:00,26.0,28.165537
1995-08-15 20:51:00,45.0,30.226854
1995-08-15 20:52:00,41.0,28.038403
1995-08-15 20:53:00,38.0,37.848312
1995-08-15 20:54:00,38.0,32.72667
1995-08-15 20:55:00,32.0,33.225727
1995-08-15 20:56:00,28.0,19.824223
1995-08-15 20:57:00,11.0,24.197226
1995-08-15 20:58:00,23.0,17.224676
1995-08-15 20:59:00,8.0,29.275835
1995-08-15 21:00:00,42.0,25.348093
1995-08-15 21:01:00,22.0,18.825424
1995-08-15 21:02:00,20.0,18.980993
1995-08-15 21:03:00,35.0,22.557243
1995-08-15 21:04:00,34.0,24.647982
1995-08-15 21:05:00,16.0,15.282747
1995-08-15 21:06:00,52.0,28.377596
1995-08-15 21:07:00,15.0,32.013508
1995-08-15 21:08:00,23.0,24.96904
1995-08-15 21:09:00,26.0,30.40509
1995-08-15 21:10:00,39.0,23.267817
1995-08-15 21:11:00,36.0,33.8312
1995-08-15 21:12:00,36.0,33.185074
1995-08-15 21:13:00,19.0,19.74538
1995-08-15 21:14:00,52.0,29.456839
1995-08-15 21:15:00,41.0,40.39399
1995-08-15 21:16:00,34.0,37.80435
1995-08-15 21:17:00,21.0,34.68568
1995-08-15 21:18:00,24.0,31.11309
1995-08-15 21:19:00,15.0,31.995472
1995-08-15 21:20:00,22.0,26.742794
1995-08-15 21:21:00,42.0,28.116173
1995-08-15 21:22:00,25.0,25.856869
1995-08-15 21:23:00,52.0,29.546242
1995-08-15 21:24:00,27.0,39.34971
1995-08-15 21:25:00,35.0,22.014366
1995-08-15 21:26:00,16.0,25.83688
1995-08-15 21:27:00,31.0,29.898796
1995-08-15 21:28:00,21.0,33.381603
1995-08-15 21:29:00,27.0,26.01268
1995-08-15 21:30:00,43.0,28.097637
1995-08-15 21:31:00,27.0,33.044468
1995-08-15 21:32:00,42.0,31.78426
1995-08-15 21:33:00,27.0,36.130848
1995-08-15 21:34:00,49.0,33.24975
1995-08-15 21:35:00,52.0,40.179558
1995-08-15 21:36:00,65.0,42.537537
1995-08-15 21:37:00,24.0,43.990993
1995-08-15 21:38:00,24.0,35.716736
1995-08-15 21:39:00,34.0,33.95917
1995-08-15 21:40:00,30.0,36.648758
1995-08-15 21:41:00,31.0,33.752686
1995-08-15 21:42:00,42.0,37.16498
1995-08-15 21:43:00,31.0,32.1377
1995-08-15 21:44:00,26.0,35.02686
1995-08-15 21:45:00,38.0,32.736496
1995-08-15 21:46:00,35.0,36.273666
1995-08-15 21:47:00,48.0,35.803097
1995-08-15 21:48:00,34.0,38.970497
1995-08-15 21:49:00,28.0,26.987614
1995-08-15 21:50:00,27.0,34.369656
1995-08-15 21:51:00,27.0,33.9265
1995-08-15 21:52:00,25.0,33.64242
1995-08-15 21:53:00,11.0,18.930319
1995-08-15 21:54:00,19.0,28.662298
1995-08-15 21:55:00,27.0,15.140432
1995-08-15 21:56:00,38.0,29.829897
1995-08-15 21:57:00,54.0,36.07908
1995-08-15 21:58:00,22.0,30.132809
1995-08-15 21:59:00,27.0,27.260317
1995-08-15 22:00:00,38.0,32.213783
1995-08-15 22:01:00,41.0,35.503513
1995-08-15 22:02:00,25.0,28.39216
1995-08-15 22:03:00,22.0,29.44616
1995-08-15 22:04:00,36.0,29.82764
1995-08-15 22:05:00,39.0,34.313538
1995-08-15 22:06:00,34.0,35.67536
1995-08-15 22:07:00,41.0,29.944172
1995-08-15 22:08:00,25.0,31.244469
1995-08-15 22:09:00,41.0,25.272242
1995-08-15 22:10:00,29.0,39.932167
1995-08-15 22:11:00,33.0,22.941656
1995-08-15 22:12:00,33.0,32.40455
1995-08-15 22:13:00,25.0,35.133312
1995-08-15 22:14:00,49.0,33.128613
1995-08-15 22:15:00,33.0,36.469788
1995-08-15 22:16:00,32.0,36.61059
1995-08-15 22:17:00,38.0,36.158886
1995-08-15 22:18:00,21.0,36.55012
1995-08-15 22:19:00,24.0,29.697866
1995-08-15 22:20:00,28.0,33.214523
1995-08-15 22:21:00,27.0,25.91411
1995-08-15 22:22:00,22.0,33.62115
1995-08-15 22:23:00,23.0,25.864162
1995-08-15 22:24:00,21.0,26.911995
1995-08-15 22:25:00,20.0,29.935549
1995-08-15 22:26:00,37.0,30.436464
1995-08-15 22:27:00,41.0,31.888924
1995-08-15 22:28:00,34.0,23.813257
1995-08-15 22:29:00,53.0,33.706028
1995-08-15 22:30:00,43.0,34.515415
1995-08-15 22:31:00,23.0,40.746456
1995-08-15 22:32:00,52.0,33.930386
1995-08-15 22:33:00,40.0,44.78893
1995-08-15 22:34:00,22.0,35.431065
1995-08-15 22:35:00,31.0,26.055948
1995-08-15 22:36:00,29.0,29.884096
1995-08-15 22:37:00,42.0,33.025105
1995-08-15 22:38:00,30.0,26.361193
1995-08-15 22:39:00,40.0,34.935326
1995-08-15 22:40:00,43.0,33.603104
1995-08-15 22:41:00,31.0,38.315765
1995-08-15 22:42:00,27.0,33.710953
1995-08-15 22:43:00,81.0,33.774567
1995-08-15 22:44:00,25.0,43.39718
1995-08-15 22:45:00,42.0,29.793373
1995-08-15 22:46:00,21.0,40.224148
1995-08-15 22:47:00,33.0,31.237865
1995-08-15 22:48:00,24.0,32.984024
1995-08-15 22:49:00,35.0,30.414915
1995-08-15 22:50:00,23.0,31.469296
1995-08-15 22:51:00,49.0,29.217625
1995-08-15 22:52:00,28.0,24.135149
1995-08-15 22:53:00,22.0,32.028538
1995-08-15 22:54:00,38.0,26.683578
1995-08-15 22:55:00,22.0,18.173647
1995-08-15 22:56:00,14.0,18.590807
1995-08-15 22:57:00,29.0,29.573856
1995-08-15 22:58:00,37.0,31.698666
1995-08-15 22:59:00,39.0,35.686764
1995-08-15 23:00:00,36.0,32.998306
1995-08-15 23:01:00,28.0,34.333347
1995-08-15 23:02:00,21.0,33.332928
1995-08-15 23:03:00,26.0,32.00447
1995-08-15 23:04:00,47.0,31.949398
1995-08-15 23:05:00,24.0,36.17472
1995-08-15 23:06:00,38.0,30.260122
1995-08-15 23:07:00,47.0,36.551598
1995-08-15 23:08:00,34.0,32.660755
1995-08-15 23:09:00,24.0,32.665836
1995-08-15 23:10:00,27.0,33.111668
1995-08-15 23:11:00,35.0,33.53147
1995-08-15 23:12:00,44.0,37.02387
1995-08-15 23:13:00,51.0,38.738354
1995-08-15 23:14:00,29.0,28.417007
1995-08-15 23:15:00,21.0,29.5422
1995-08-15 23:16:00,24.0,28.116173
1995-08-15 23:17:00,27.0,23.95472
1995-08-15 23:18:00,25.0,31.050915
1995-08-15 23:19:00,36.0,28.807005
1995-08-15 23:20:00,44.0,24.877913
1995-08-15 23:21:00,41.0,38.73377
1995-08-15 23:22:00,41.0,36.743736
1995-08-15 23:23:00,33.0,27.051693
1995-08-15 23:24:00,21.0,35.408115
1995-08-15 23:25:00,36.0,32.429092
1995-08-15 23:26:00,34.0,35.970978
1995-08-15 23:27:00,22.0,36.43408
1995-08-15 23:28:00,18.0,26.206686
1995-08-15 23:29:00,12.0,23.12119
1995-08-15 23:30:00,7.0,28.138735
1995-08-15 23:31:00,21.0,21.24229
1995-08-15 23:32:00,17.0,13.7077
1995-08-15 23:33:00,15.0,24.895021
1995-08-15 23:34:00,31.0,26.01315
1995-08-15 23:35:00,18.0,17.639042
1995-08-15 23:36:00,15.0,20.62967
1995-08-15 23:37:00,15.0,14.28558
1995-08-15 23:38:00,50.0,23.654064
1995-08-15 23:39:00,13.0,22.589567
1995-08-15 23:40:00,22.0,17.954826
1995-08-15 23:41:00,30.0,25.930645
1995-08-15 23:42:00,27.0,17.906446
1995-08-15 23:43:00,26.0,18.634201
1995-08-15 23:44:00,29.0,27.01498
1995-08-15 23:45:00,33.0,31.362843
1995-08-15 23:46:00,40.0,27.40849
1995-08-15 23:47:00,28.0,30.530088
1995-08-15 23:48:00,7.0,21.891397
1995-08-15 23:49:00,33.0,21.848495
1995-08-15 23:50:00,20.0,22.967928
1995-08-15 23:51:00,19.0,26.01507
1995-08-15 23:52:00,21.0,29.232512
1995-08-15 23:53:00,33.0,21.153025
1995-08-15 23:54:00,21.0,27.085314
1995-08-15 23:55:00,27.0,21.566328
1995-08-15 23:56:00,17.0,30.553522
1995-08-15 23:57:00,35.0,25.383911
1995-08-15 23:58:00,33.0,29.913769
1995-08-15 23:59:00,13.0,24.842
1995-08-16 00:00:00,9.0,13.845963
1995-08-16 00:01:00,25.0,17.624369
1995-08-16 00:02:00,25.0,19.084415
1995-08-16 00:03:00,28.0,21.486101
1995-08-16 00:04:00,26.0,23.590076
1995-08-16 00:05:00,9.0,27.428423
1995-08-16 00:06:00,18.0,15.376036
1995-08-16 00:07:00,28.0,18.617996
1995-08-16 00:08:00,21.0,20.776617
1995-08-16 00:09:00,15.0,19.703999
1995-08-16 00:10:00,11.0,14.466107
1995-08-16 00:11:00,20.0,18.507095
1995-08-16 00:12:00,26.0,20.492811
1995-08-16 00:13:00,27.0,23.391632
1995-08-16 00:14:00,12.0,20.569416
1995-08-16 00:15:00,21.0,18.324682
1995-08-16 00:16:00,12.0,18.825628
1995-08-16 00:17:00,14.0,20.368467
1995-08-16 00:18:00,18.0,18.51236
1995-08-16 00:19:00,36.0,22.09182
1995-08-16 00:20:00,10.0,27.96292
1995-08-16 00:21:00,6.0,11.544264
1995-08-16 00:22:00,23.0,17.11839
1995-08-16 00:23:00,32.0,19.780958
1995-08-16 00:24:00,46.0,24.964687
1995-08-16 00:25:00,36.0,27.626543
1995-08-16 00:26:00,21.0,28.821157
1995-08-16 00:27:00,34.0,23.26954
1995-08-16 00:28:00,32.0,26.823408
1995-08-16 00:29:00,23.0,27.39511
1995-08-16 00:30:00,17.0,18.774168
1995-08-16 00:31:00,51.0,22.58649
1995-08-16 00:32:00,30.0,26.638588
1995-08-16 00:33:00,33.0,24.647438
1995-08-16 00:34:00,13.0,24.162779
1995-08-16 00:35:00,20.0,19.022253
1995-08-16 00:36:00,46.0,23.660883
1995-08-16 00:37:00,37.0,22.679178
1995-08-16 00:38:00,47.0,31.322514
1995-08-16 00:39:00,42.0,31.640388
1995-08-16 00:40:00,17.0,36.30449
1995-08-16 00:41:00,29.0,23.639496
1995-08-16 00:42:00,55.0,28.50079
1995-08-16 00:43:00,20.0,11.161953
1995-08-16 00:44:00,15.0,20.996645
1995-08-16 00:45:00,10.0,26.139368
1995-08-16 00:46:00,7.0,16.281277
1995-08-16 00:47:00,17.0,21.89412
1995-08-16 00:48:00,10.0,23.555828
1995-08-16 00:49:00,34.0,21.00083
1995-08-16 00:50:00,43.0,28.003075
1995-08-16 00:51:00,30.0,35.21454
1995-08-16 00:52:00,20.0,30.971197
1995-08-16 00:53:00,16.0,26.448294
1995-08-16 00:54:00,22.0,25.132612
1995-08-16 00:55:00,14.0,26.529425
1995-08-16 00:56:00,9.0,24.199791
1995-08-16 00:57:00,20.0,20.890629
1995-08-16 00:58:00,33.0,25.17464
1995-08-16 00:59:00,38.0,27.943218
1995-08-16 01:00:00,28.0,30.142683
1995-08-16 01:01:00,39.0,29.363447
1995-08-16 01:02:00,25.0,33.180515
1995-08-16 01:03:00,29.0,29.057507
1995-08-16 01:04:00,22.0,26.056173
1995-08-16 01:05:00,16.0,27.412697
1995-08-16 01:06:00,26.0,24.744627
1995-08-16 01:07:00,38.0,25.452919
1995-08-16 01:08:00,27.0,30.69147
1995-08-16 01:09:00,19.0,27.556581
1995-08-16 01:10:00,28.0,23.919771
1995-08-16 01:11:00,27.0,28.006968
1995-08-16 01:12:00,39.0,27.591211
1995-08-16 01:13:00,12.0,24.270233
1995-08-16 01:14:00,20.0,13.6855345
1995-08-16 01:15:00,20.0,24.152126
1995-08-16 01:16:00,14.0,20.62921
1995-08-16 01:17:00,27.0,18.949263
1995-08-16 01:18:00,11.0,20.240522
1995-08-16 01:19:00,42.0,17.173124
1995-08-16 01:20:00,29.0,30.844906
1995-08-16 01:21:00,30.0,27.726835
1995-08-16 01:22:00,14.0,27.75504
1995-08-16 01:23:00,5.0,24.051212
1995-08-16 01:24:00,24.0,17.060888
1995-08-16 01:25:00,16.0,20.177431
1995-08-16 01:26:00,7.0,18.301617
1995-08-16 01:27:00,5.0,9.953775
1995-08-16 01:28:00,9.0,14.259865
1995-08-16 01:29:00,15.0,17.92478
1995-08-16 01:30:00,27.0,15.357384
1995-08-16 01:31:00,15.0,23.55116
1995-08-16 01:32:00,22.0,18.740873
1995-08-16 01:33:00,13.0,12.405735
1995-08-16 01:34:00,21.0,18.378769
1995-08-16 01:35:00,32.0,18.146183
1995-08-16 01:36:00,20.0,20.457626
1995-08-16 01:37:00,38.0,22.76288
1995-08-16 01:38:00,31.0,20.893806
1995-08-16 01:39:00,39.0,23.68326
1995-08-16 01:40:00,20.0,26.02771
1995-08-16 01:41:00,23.0,26.130484
1995-08-16 01:42:00,35.0,24.589949
1995-08-16 01:43:00,15.0,26.344563
1995-08-16 01:44:00,22.0,20.432577
1995-08-16 01:45:00,16.0,22.433407
1995-08-16 01:46:00,8.0,18.691235
1995-08-16 01:47:00,11.0,11.593944
1995-08-16 01:48:00,19.0,18.223534
1995-08-16 01:49:00,16.0,20.54471
1995-08-16 01:50:00,17.0,17.314474
1995-08-16 01:51:00,30.0,17.328829
1995-08-16 01:52:00,18.0,25.52254
1995-08-16 01:53:00,23.0,17.436197
1995-08-16 01:54:00,37.0,25.062807
1995-08-16 01:55:00,27.0,28.44164
1995-08-16 01:56:00,30.0,20.34737
1995-08-16 01:57:00,26.0,26.536802
1995-08-16 01:58:00,28.0,24.16576
1995-08-16 01:59:00,35.0,25.115976
1995-08-16 02:00:00,24.0,23.275803
1995-08-16 02:01:00,26.0,25.509497
1995-08-16 02:02:00,14.0,15.273319
1995-08-16 02:03:00,6.0,16.092936
1995-08-16 02:04:00,16.0,16.14887
1995-08-16 02:05:00,29.0,18.4639
1995-08-16 02:06:00,13.0,25.096514
1995-08-16 02:07:00,34.0,19.7012
1995-08-16 02:08:00,17.0,24.002445
1995-08-16 02:09:00,12.0,23.478167
1995-08-16 02:10:00,9.0,18.709126
1995-08-16 02:11:00,4.0,11.253344
1995-08-16 02:12:00,36.0,17.02451
1995-08-16 02:13:00,18.0,12.143249
1995-08-16 02:14:00,9.0,19.259457
1995-08-16 02:15:00,7.0,16.528418
1995-08-16 02:16:00,18.0,13.908023
1995-08-16 02:17:00,28.0,19.89857
1995-08-16 02:18:00,15.0,10.716857
1995-08-16 02:19:00,20.0,18.0216
1995-08-16 02:20:00,34.0,18.703873
1995-08-16 02:21:00,14.0,22.252188
1995-08-16 02:22:00,18.0,17.135174
1995-08-16 02:23:00,27.0,17.88843
1995-08-16 02:24:00,14.0,22.671953
1995-08-16 02:25:00,9.0,14.757142
1995-08-16 02:26:00,12.0,16.012074
1995-08-16 02:27:00,7.0,14.951269
1995-08-16 02:28:00,8.0,7.8230553
1995-08-16 02:29:00,3.0,10.381771
1995-08-16 02:30:00,3.0,2.9893663
1995-08-16 02:31:00,22.0,14.440233
1995-08-16 02:32:00,34.0,17.579771
1995-08-16 02:33:00,33.0,20.867931
1995-08-16 02:34:00,26.0,16.087933
1995-08-16 02:35:00,16.0,20.86103
1995-08-16 02:36:00,16.0,12.102565
1995-08-16 02:37:00,25.0,14.755244
1995-08-16 02:38:00,11.0,19.147364
1995-08-16 02:39:00,23.0,14.248398
1995-08-16 02:40:00,29.0,18.91013
1995-08-16 02:41:00,24.0,20.418953
1995-08-16 02:42:00,18.0,14.234988
1995-08-16 02:43:00,18.0,15.013193
1995-08-16 02:44:00,32.0,20.49005
1995-08-16 02:45:00,39.0,22.927618
1995-08-16 02:46:00,24.0,19.217974
1995-08-16 02:47:00,9.0,11.792355
1995-08-16 02:48:00,6.0,19.048601
1995-08-16 02:49:00,10.0,13.704579
1995-08-16 02:50:00,22.0,18.54017
1995-08-16 02:51:00,15.0,16.699512
1995-08-16 02:52:00,24.0,17.097704
1995-08-16 02:53:00,25.0,21.13956
1995-08-16 02:54:00,9.0,23.61811
1995-08-16 02:55:00,9.0,18.673744
1995-08-16 02:56:00,23.0,16.793306
1995-08-16 02:57:00,14.0,17.259226
1995-08-16 02:58:00,3.0,11.860251
1995-08-16 02:59:00,18.0,14.600717
1995-08-16 03:00:00,20.0,16.99537
1995-08-16 03:01:00,15.0,13.9322405
1995-08-16 03:02:00,9.0,17.142513
1995-08-16 03:03:00,10.0,8.354727
1995-08-16 03:04:00,11.0,10.866613
1995-08-16 03:05:00,11.0,15.0774
1995-08-16 03:06:00,18.0,16.925034
1995-08-16 03:07:00,9.0,16.8252
1995-08-16 03:08:00,14.0,12.341328
1995-08-16 03:09:00,9.0,15.426613
1995-08-16 03:10:00,16.0,15.4466095
1995-08-16 03:11:00,22.0,14.173328
1995-08-16 03:12:00,22.0,16.12977
1995-08-16 03:13:00,22.0,17.913845
1995-08-16 03:14:00,18.0,19.766981
1995-08-16 03:15:00,23.0,19.427927
1995-08-16 03:16:00,9.0,18.834076
1995-08-16 03:17:00,7.0,17.944082
1995-08-16 03:18:00,8.0,14.208902
1995-08-16 03:19:00,13.0,13.04568
1995-08-16 03:20:00,43.0,16.237974
1995-08-16 03:21:00,30.0,22.133612
1995-08-16 03:22:00,13.0,20.757917
1995-08-16 03:23:00,15.0,17.22982
1995-08-16 03:24:00,15.0,18.942024
1995-08-16 03:25:00,20.0,13.172109
1995-08-16 03:26:00,20.0,18.38169
1995-08-16 03:27:00,5.0,10.436031
1995-08-16 03:28:00,14.0,13.196773
1995-08-16 03:29:00,7.0,11.194167
1995-08-16 03:30:00,12.0,15.2730255
1995-08-16 03:31:00,31.0,17.995869
1995-08-16 03:32:00,15.0,18.940233
1995-08-16 03:33:00,22.0,17.821875
1995-08-16 03:34:00,25.0,18.13134
1995-08-16 03:35:00,25.0,23.600891
1995-08-16 03:36:00,20.0,19.309725
1995-08-16 03:37:00,16.0,18.315193
1995-08-16 03:38:00,29.0,18.424662
1995-08-16 03:39:00,13.0,21.044899
1995-08-16 03:40:00,18.0,17.26601
1995-08-16 03:41:00,20.0,19.701872
1995-08-16 03:42:00,15.0,22.691912
1995-08-16 03:43:00,22.0,16.285175
1995-08-16 03:44:00,34.0,20.311813
1995-08-16 03:45:00,16.0,24.136606
1995-08-16 03:46:00,10.0,17.858538
1995-08-16 03:47:00,21.0,19.018177
1995-08-16 03:48:00,14.0,17.062344
1995-08-16 03:49:00,18.0,21.24045
1995-08-16 03:50:00,24.0,22.138681
1995-08-16 03:51:00,23.0,14.861655
1995-08-16 03:52:00,16.0,11.173786
1995-08-16 03:53:00,9.0,11.128647
1995-08-16 03:54:00,44.0,17.087313
1995-08-16 03:55:00,26.0,27.219137
1995-08-16 03:56:00,10.0,16.403421
1995-08-16 03:57:00,16.0,19.69405
1995-08-16 03:58:00,24.0,16.580286
1995-08-16 03:59:00,23.0,21.761137
1995-08-16 04:00:00,12.0,19.786821
1995-08-16 04:01:00,23.0,14.960586
1995-08-16 04:02:00,18.0,21.019896
1995-08-16 04:03:00,21.0,14.156797
1995-08-16 04:04:00,42.0,22.314589
1995-08-16 04:05:00,22.0,27.320435
1995-08-16 04:06:00,29.0,25.119787
1995-08-16 04:07:00,12.0,13.247184
1995-08-16 04:08:00,7.0,17.821247
1995-08-16 04:09:00,5.0,12.481155
1995-08-16 04:10:00,1.0,3.9394574
1995-08-16 04:11:00,16.0,9.428334
1995-08-16 04:12:00,20.0,13.637596
1995-08-16 04:13:00,8.0,9.467318
1995-08-16 04:14:00,15.0,13.825656
1995-08-16 04:15:00,17.0,16.54864
1995-08-16 04:16:00,28.0,16.046564
1995-08-16 04:17:00,42.0,18.278378
1995-08-16 04:18:00,23.0,26.99178
1995-08-16 04:19:00,17.0,20.455692
1995-08-16 04:20:00,24.0,17.732557
1995-08-16 04:21:00,11.0,20.64742
1995-08-16 04:22:00,26.0,16.42989
1995-08-16 04:23:00,18.0,17.479588
1995-08-16 04:24:00,15.0,12.563416
1995-08-16 04:25:00,7.0,19.081562
1995-08-16 04:26:00,6.0,8.931697
1995-08-16 04:27:00,16.0,13.03534
1995-08-16 04:28:00,7.0,9.418778
1995-08-16 04:29:00,13.0,14.256587
1995-08-16 04:30:00,13.0,14.78887
1995-08-16 04:31:00,14.0,16.843708
1995-08-16 04:32:00,6.0,10.438341
1995-08-16 04:33:00,1.0,8.724275
1995-08-16 04:34:00,6.0,1.9005117
1995-08-16 04:35:00,15.0,10.562738
1995-08-16 04:36:00,30.0,15.123667
1995-08-16 04:37:00,5.0,21.172396
1995-08-16 04:38:00,8.0,6.9377017
1995-08-16 04:39:00,5.0,4.617132
1995-08-16 04:40:00,7.0,11.339376
1995-08-16 04:41:00,16.0,8.3848
1995-08-16 04:42:00,18.0,12.613768
1995-08-16 04:43:00,15.0,16.321604
1995-08-16 04:44:00,11.0,13.024255
1995-08-16 04:45:00,29.0,13.786606
1995-08-16 04:46:00,3.0,4.353125
1995-08-16 04:47:00,1.0,5.8259974
1995-08-16 04:48:00,7.0,4.896521
1995-08-16 04:49:00,14.0,11.61888
1995-08-16 04:50:00,4.0,13.0768385
1995-08-16 04:51:00,2.0,2.4641278
1995-08-16 04:52:00,7.0,8.206038
1995-08-16 04:53:00,28.0,10.287324
1995-08-16 04:54:00,7.0,19.509308
1995-08-16 04:55:00,1.0,3.1320047
1995-08-16 04:56:00,6.0,4.554672
1995-08-16 04:57:00,6.0,7.670615
1995-08-16 04:58:00,1.0,1.6250901
1995-08-16 04:59:00,7.0,10.510045
1995-08-16 05:00:00,3.0,0.9274645
1995-08-16 05:01:00,30.0,8.133839
1995-08-16 05:02:00,7.0,3.3426132
1995-08-16 05:03:00,6.0,7.386981
1995-08-16 05:04:00,2.0,2.3498502
1995-08-16 05:05:00,7.0,8.098184
1995-08-16 05:06:00,4.0,8.373409
1995-08-16 05:07:00,5.0,9.676228
1995-08-16 05:08:00,7.0,7.4202423
1995-08-16 05:09:00,16.0,6.802934
1995-08-16 05:10:00,14.0,9.660308
1995-08-16 05:11:00,27.0,11.880216
1995-08-16 05:12:00,21.0,16.439287
1995-08-16 05:13:00,6.0,1.7642083
1995-08-16 05:14:00,20.0,12.780335
1995-08-16 05:15:00,5.0,14.410179
1995-08-16 05:16:00,18.0,15.716133
1995-08-16 05:17:00,9.0,14.001982
1995-08-16 05:18:00,20.0,13.030201
1995-08-16 05:19:00,32.0,16.867693
1995-08-16 05:20:00,18.0,16.2142
1995-08-16 05:21:00,14.0,14.239969
1995-08-16 05:22:00,14.0,13.538263
1995-08-16 05:23:00,11.0,14.836595
1995-08-16 05:24:00,24.0,14.998444
1995-08-16 05:25:00,18.0,12.793934
1995-08-16 05:26:00,22.0,16.617722
1995-08-16 05:27:00,14.0,14.581469
1995-08-16 05:28:00,18.0,12.4961195
1995-08-16 05:29:00,13.0,18.505463
1995-08-16 05:30:00,20.0,15.885521
1995-08-16 05:31:00,24.0,17.238146
1995-08-16 05:32:00,6.0,12.963236
1995-08-16 05:33:00,14.0,12.43943
1995-08-16 05:34:00,19.0,12.73176
1995-08-16 05:35:00,17.0,17.543583
1995-08-16 05:36:00,23.0,17.611101
1995-08-16 05:37:00,30.0,21.302183
1995-08-16 05:38:00,18.0,14.627967
1995-08-16 05:39:00,17.0,17.835114
1995-08-16 05:40:00,8.0,14.049216
1995-08-16 05:41:00,20.0,15.350998
1995-08-16 05:42:00,8.0,20.195374
1995-08-16 05:43:00,10.0,10.003361
1995-08-16 05:44:00,9.0,15.548317
1995-08-16 05:45:00,6.0,16.652119
1995-08-16 05:46:00,4.0,14.810982
1995-08-16 05:47:00,12.0,7.848851
1995-08-16 05:48:00,1.0,13.7871275
1995-08-16 05:49:00,17.0,10.0695715
1995-08-16 05:50:00,14.0,15.66399
1995-08-16 05:51:00,19.0,16.396763
1995-08-16 05:52:00,18.0,7.2907066
1995-08-16 05:53:00,4.0,13.716339
1995-08-16 05:54:00,11.0,9.819523
1995-08-16 05:55:00,13.0,10.32419
1995-08-16 05:56:00,16.0,14.572875
1995-08-16 05:57:00,7.0,16.219034
1995-08-16 05:58:00,18.0,11.922953
1995-08-16 05:59:00,12.0,9.957651
1995-08-16 06:00:00,5.0,10.760926
1995-08-16 06:01:00,12.0,12.380901
1995-08-16 06:02:00,8.0,10.167758
1995-08-16 06:03:00,32.0,12.570706
1995-08-16 06:04:00,17.0,15.382359
1995-08-16 06:05:00,16.0,16.957508
1995-08-16 06:06:00,15.0,10.239545
1995-08-16 06:07:00,17.0,14.827724
1995-08-16 06:08:00,17.0,15.283617
1995-08-16 06:09:00,20.0,17.533506
1995-08-16 06:10:00,22.0,15.783226
1995-08-16 06:11:00,11.0,17.300486
1995-08-16 06:12:00,3.0,15.028517
1995-08-16 06:13:00,2.0,6.652961
1995-08-16 06:14:00,24.0,10.186479
1995-08-16 06:15:00,8.0,9.144178
1995-08-16 06:16:00,23.0,9.481879
1995-08-16 06:17:00,18.0,18.340874
1995-08-16 06:18:00,16.0,11.457655
1995-08-16 06:19:00,9.0,15.161018
1995-08-16 06:20:00,21.0,14.078454
1995-08-16 06:21:00,34.0,16.308191
1995-08-16 06:22:00,12.0,17.517168
1995-08-16 06:23:00,28.0,15.766117
1995-08-16 06:24:00,21.0,21.649315
1995-08-16 06:25:00,14.0,20.649775
1995-08-16 06:26:00,16.0,18.205027
1995-08-16 06:27:00,12.0,13.340519
1995-08-16 06:28:00,10.0,16.427246
1995-08-16 06:29:00,30.0,15.546444
1995-08-16 06:30:00,17.0,18.03384
1995-08-16 06:31:00,29.0,17.257397
1995-08-16 06:32:00,25.0,24.023813
1995-08-16 06:33:00,28.0,21.57448
1995-08-16 06:34:00,16.0,21.204725
1995-08-16 06:35:00,20.0,20.089422
1995-08-16 06:36:00,15.0,22.394548
1995-08-16 06:37:00,3.0,1.8404255
1995-08-16 06:38:00,16.0,8.422944
1995-08-16 06:39:00,19.0,11.8092985
1995-08-16 06:40:00,12.0,14.360095
1995-08-16 06:41:00,8.0,8.415105
1995-08-16 06:42:00,15.0,13.971333
1995-08-16 06:43:00,14.0,14.376712
1995-08-16 06:44:00,18.0,14.047034
1995-08-16 06:45:00,38.0,18.84057
1995-08-16 06:46:00,38.0,27.412872
1995-08-16 06:47:00,10.0,25.064379
1995-08-16 06:48:00,11.0,15.536224
1995-08-16 06:49:00,21.0,11.917784
1995-08-16 06:50:00,33.0,18.668736
1995-08-16 06:51:00,25.0,20.31098
1995-08-16 06:52:00,22.0,20.321806
1995-08-16 06:53:00,25.0,23.457031
1995-08-16 06:54:00,11.0,12.909007
1995-08-16 06:55:00,24.0,19.115873
1995-08-16 06:56:00,18.0,22.0977
1995-08-16 06:57:00,26.0,21.01546
1995-08-16 06:58:00,17.0,23.30834
1995-08-16 06:59:00,25.0,17.994686
1995-08-16 07:00:00,32.0,20.534784
1995-08-16 07:01:00,36.0,26.48199
1995-08-16 07:02:00,27.0,30.482336
1995-08-16 07:03:00,14.0,20.110743
1995-08-16 07:04:00,17.0,16.939835
1995-08-16 07:05:00,13.0,15.067402
1995-08-16 07:06:00,5.0,2.8154747
1995-08-16 07:07:00,35.0,15.472708
1995-08-16 07:08:00,5.0,15.742798
1995-08-16 07:09:00,10.0,15.360285
1995-08-16 07:10:00,1.0,4.2203765
1995-08-16 07:11:00,9.0,12.359277
1995-08-16 07:12:00,16.0,12.383869
1995-08-16 07:13:00,45.0,19.379354
1995-08-16 07:14:00,29.0,25.021318
1995-08-16 07:15:00,38.0,23.061241
1995-08-16 07:16:00,22.0,28.813707
1995-08-16 07:17:00,10.0,22.194998
1995-08-16 07:18:00,8.0,19.12396
1995-08-16 07:19:00,27.0,17.904604
1995-08-16 07:20:00,14.0,20.30817
1995-08-16 07:21:00,11.0,18.604134
1995-08-16 07:22:00,11.0,17.317719
1995-08-16 07:23:00,32.0,20.775833
1995-08-16 07:24:00,44.0,20.69898
1995-08-16 07:25:00,23.0,23.947824
1995-08-16 07:26:00,30.0,27.80684
1995-08-16 07:27:00,22.0,27.159746
1995-08-16 07:28:00,33.0,23.186787
1995-08-16 07:29:00,22.0,28.896982
1995-08-16 07:30:00,22.0,24.96657
1995-08-16 07:31:00,52.0,26.88941
1995-08-16 07:32:00,42.0,33.806545
1995-08-16 07:33:00,34.0,34.86626
1995-08-16 07:34:00,24.0,34.214054
1995-08-16 07:35:00,45.0,26.77013
1995-08-16 07:36:00,81.0,37.03603
1995-08-16 07:37:00,18.0,30.22748
1995-08-16 07:38:00,38.0,26.93313
1995-08-16 07:39:00,27.0,36.79027
1995-08-16 07:40:00,69.0,34.640385
1995-08-16 07:41:00,23.0,34.00077
1995-08-16 07:42:00,32.0,32.1062
1995-08-16 07:43:00,28.0,28.954546
1995-08-16 07:44:00,43.0,34.838284
1995-08-16 07:45:00,50.0,30.01264
1995-08-16 07:46:00,29.0,27.281939
1995-08-16 07:47:00,19.0,28.024677
1995-08-16 07:48:00,21.0,32.41237
1995-08-16 07:49:00,31.0,30.829975
1995-08-16 07:50:00,39.0,26.149199
1995-08-16 07:51:00,46.0,40.3313
1995-08-16 07:52:00,39.0,27.021873
1995-08-16 07:53:00,24.0,32.032875
1995-08-16 07:54:00,44.0,36.532803
1995-08-16 07:55:00,24.0,25.574213
1995-08-16 07:56:00,18.0,21.110912
1995-08-16 07:57:00,26.0,8.670546
1995-08-16 07:58:00,27.0,29.285955
1995-08-16 07:59:00,36.0,27.085226
1995-08-16 08:00:00,31.0,28.585934
1995-08-16 08:01:00,40.0,33.81613
1995-08-16 08:02:00,30.0,33.4889
1995-08-16 08:03:00,31.0,34.77192
1995-08-16 08:04:00,49.0,37.65467
1995-08-16 08:05:00,59.0,41.376923
1995-08-16 08:06:00,50.0,42.976826
1995-08-16 08:07:00,40.0,46.004387
1995-08-16 08:08:00,37.0,31.000313
1995-08-16 08:09:00,33.0,39.712234
1995-08-16 08:10:00,40.0,41.653667
1995-08-16 08:11:00,41.0,42.349957
1995-08-16 08:12:00,61.0,40.95339
1995-08-16 08:13:00,73.0,40.855206
1995-08-16 08:14:00,30.0,43.379093
1995-08-16 08:15:00,21.0,42.609875
1995-08-16 08:16:00,41.0,38.407734
1995-08-16 08:17:00,37.0,45.445995
1995-08-16 08:18:00,38.0,41.55166
1995-08-16 08:19:00,44.0,44.3328
1995-08-16 08:20:00,31.0,42.401924
1995-08-16 08:21:00,50.0,43.798313
1995-08-16 08:22:00,46.0,44.645508
1995-08-16 08:23:00,19.0,45.2625
1995-08-16 08:24:00,53.0,39.96572
1995-08-16 08:25:00,38.0,34.41031
1995-08-16 08:26:00,38.0,44.613132
1995-08-16 08:27:00,41.0,45.432255
1995-08-16 08:28:00,51.0,45.029686
1995-08-16 08:29:00,12.0,31.5085
1995-08-16 08:30:00,26.0,11.962142
1995-08-16 08:31:00,39.0,28.852457
1995-08-16 08:32:00,44.0,39.121437
1995-08-16 08:33:00,26.0,24.166307
1995-08-16 08:34:00,36.0,34.891853
1995-08-16 08:35:00,22.0,41.702213
1995-08-16 08:36:00,23.0,34.733356
1995-08-16 08:37:00,35.0,35.960426
1995-08-16 08:38:00,29.0,32.04198
1995-08-16 08:39:00,29.0,25.387762
1995-08-16 08:40:00,41.0,29.676517
1995-08-16 08:41:00,55.0,39.425884
1995-08-16 08:42:00,30.0,41.250656
1995-08-16 08:43:00,31.0,39.1603
1995-08-16 08:44:00,42.0,38.979893
1995-08-16 08:45:00,24.0,19.515186
1995-08-16 08:46:00,26.0,18.23405
1995-08-16 08:47:00,36.0,20.417053
1995-08-16 08:48:00,19.0,23.729883
1995-08-16 08:49:00,48.0,24.01034
1995-08-16 08:50:00,64.0,38.649998
1995-08-16 08:51:00,38.0,47.41546
1995-08-16 08:52:00,56.0,38.935165
1995-08-16 08:53:00,80.0,47.993046
1995-08-16 08:54:00,18.0,51.79852
1995-08-16 08:55:00,50.0,38.582
1995-08-16 08:56:00,68.0,44.63788
1995-08-16 08:57:00,35.0,52.038715
1995-08-16 08:58:00,27.0,47.752045
1995-08-16 08:59:00,42.0,38.85942
1995-08-16 09:00:00,42.0,34.272736
1995-08-16 09:01:00,58.0,46.945877
1995-08-16 09:02:00,39.0,54.391212
1995-08-16 09:03:00,55.0,44.76867
1995-08-16 09:04:00,36.0,49.310394
1995-08-16 09:05:00,20.0,45.945522
1995-08-16 09:06:00,23.0,34.069267
1995-08-16 09:07:00,86.0,35.747826
1995-08-16 09:08:00,36.0,43.03137
1995-08-16 09:09:00,55.0,40.871147
1995-08-16 09:10:00,69.0,47.97766
1995-08-16 09:11:00,45.0,57.211205
1995-08-16 09:12:00,53.0,48.08003
1995-08-16 09:13:00,45.0,35.98935
1995-08-16 09:14:00,20.0,29.697369
1995-08-16 09:15:00,39.0,39.942883
1995-08-16 09:16:00,35.0,48.355152
1995-08-16 09:17:00,33.0,44.75749
1995-08-16 09:18:00,39.0,43.773735
1995-08-16 09:19:00,25.0,36.104694
1995-08-16 09:20:00,37.0,35.795403
1995-08-16 09:21:00,61.0,46.686317
1995-08-16 09:22:00,57.0,46.10164
1995-08-16 09:23:00,42.0,53.05855
1995-08-16 09:24:00,45.0,45.35696
1995-08-16 09:25:00,64.0,47.330482
1995-08-16 09:26:00,33.0,28.385637
1995-08-16 09:27:00,79.0,45.58092
1995-08-16 09:28:00,38.0,56.030937
1995-08-16 09:29:00,36.0,49.855595
1995-08-16 09:30:00,31.0,48.52979
1995-08-16 09:31:00,29.0,41.45882
1995-08-16 09:32:00,23.0,28.440462
1995-08-16 09:33:00,61.0,39.29315
1995-08-16 09:34:00,47.0,45.004696
1995-08-16 09:35:00,67.0,48.291603
1995-08-16 09:36:00,76.0,51.374237
1995-08-16 09:37:00,50.0,56.436317
1995-08-16 09:38:00,65.0,55.80307
1995-08-16 09:39:00,71.0,59.061375
1995-08-16 09:40:00,49.0,51.28139
1995-08-16 09:41:00,30.0,51.659763
1995-08-16 09:42:00,54.0,49.018627
1995-08-16 09:43:00,58.0,48.63869
1995-08-16 09:44:00,69.0,51.03322
1995-08-16 09:45:00,75.0,58.33614
1995-08-16 09:46:00,73.0,57.56063
1995-08-16 09:47:00,65.0,58.617905
1995-08-16 09:48:00,45.0,65.27444
1995-08-16 09:49:00,63.0,59.578785
1995-08-16 09:50:00,68.0,61.238888
1995-08-16 09:51:00,44.0,45.564888
1995-08-16 09:52:00,15.0,56.903553
1995-08-16 09:53:00,45.0,38.018654
1995-08-16 09:54:00,59.0,46.770332
1995-08-16 09:55:00,65.0,58.423744
1995-08-16 09:56:00,53.0,61.29878
1995-08-16 09:57:00,34.0,47.64244
1995-08-16 09:58:00,38.0,47.119408
1995-08-16 09:59:00,43.0,50.429737
1995-08-16 10:00:00,20.0,48.904324
1995-08-16 10:01:00,61.0,43.521847
1995-08-16 10:02:00,86.0,51.758842
1995-08-16 10:03:00,64.0,59.399525
1995-08-16 10:04:00,54.0,58.732353
1995-08-16 10:05:00,57.0,59.470272
1995-08-16 10:06:00,55.0,58.745655
1995-08-16 10:07:00,46.0,54.134052
1995-08-16 10:08:00,60.0,43.649822
1995-08-16 10:09:00,62.0,58.35578
1995-08-16 10:10:00,51.0,57.11771
1995-08-16 10:11:00,62.0,57.345066
1995-08-16 10:12:00,77.0,59.805824
1995-08-16 10:13:00,36.0,57.258995
1995-08-16 10:14:00,74.0,55.075638
1995-08-16 10:15:00,77.0,50.515556
1995-08-16 10:16:00,89.0,67.50115
1995-08-16 10:17:00,76.0,67.5773
1995-08-16 10:18:00,28.0,55.07882
1995-08-16 10:19:00,53.0,32.826435
1995-08-16 10:20:00,39.0,33.148952
1995-08-16 10:21:00,44.0,54.32894
1995-08-16 10:22:00,41.0,55.064407
1995-08-16 10:23:00,88.0,48.84143
1995-08-16 10:24:00,59.0,58.13235
1995-08-16 10:25:00,54.0,57.37331
1995-08-16 10:26:00,73.0,48.600716
1995-08-16 10:27:00,70.0,67.29717
1995-08-16 10:28:00,51.0,47.91207
1995-08-16 10:29:00,50.0,44.770702
1995-08-16 10:30:00,43.0,47.690094
1995-08-16 10:31:00,75.0,51.337574
1995-08-16 10:32:00,80.0,64.715645
1995-08-16 10:33:00,49.0,68.88673
1995-08-16 10:34:00,51.0,59.753048
1995-08-16 10:35:00,31.0,53.49328
1995-08-16 10:36:00,46.0,50.511135
1995-08-16 10:37:00,68.0,49.92095
1995-08-16 10:38:00,82.0,49.04511
1995-08-16 10:39:00,46.0,64.24894
1995-08-16 10:40:00,34.0,47.553455
1995-08-16 10:41:00,35.0,49.512302
1995-08-16 10:42:00,31.0,50.782314
1995-08-16 10:43:00,47.0,50.477753
1995-08-16 10:44:00,34.0,50.921577
1995-08-16 10:45:00,62.0,43.010525
1995-08-16 10:46:00,52.0,56.391582
1995-08-16 10:47:00,67.0,56.329002
1995-08-16 10:48:00,64.0,56.356045
1995-08-16 10:49:00,43.0,58.11414
1995-08-16 10:50:00,78.0,50.83962
1995-08-16 10:51:00,59.0,61.22791
1995-08-16 10:52:00,51.0,59.15014
1995-08-16 10:53:00,43.0,57.258938
1995-08-16 10:54:00,76.0,54.955013
1995-08-16 10:55:00,54.0,64.997925
1995-08-16 10:56:00,71.0,55.986572
1995-08-16 10:57:00,51.0,52.461853
1995-08-16 10:58:00,63.0,57.91477
1995-08-16 10:59:00,80.0,61.589058
1995-08-16 11:00:00,37.0,66.36621
1995-08-16 11:01:00,47.0,51.480644
1995-08-16 11:02:00,33.0,55.825012
1995-08-16 11:03:00,42.0,49.8437
1995-08-16 11:04:00,38.0,43.75352
1995-08-16 11:05:00,36.0,48.23985
1995-08-16 11:06:00,63.0,47.168617
1995-08-16 11:07:00,82.0,54.264
1995-08-16 11:08:00,72.0,61.75477
1995-08-16 11:09:00,83.0,63.98278
1995-08-16 11:10:00,52.0,63.488426
1995-08-16 11:11:00,64.0,58.97043
1995-08-16 11:12:00,68.0,57.48149
1995-08-16 11:13:00,34.0,45.663612
1995-08-16 11:14:00,33.0,43.156704
1995-08-16 11:15:00,48.0,47.315426
1995-08-16 11:16:00,48.0,54.138706
1995-08-16 11:17:00,58.0,54.0841
1995-08-16 11:18:00,35.0,55.48061
1995-08-16 11:19:00,64.0,48.90693
1995-08-16 11:20:00,94.0,57.5503
1995-08-16 11:21:00,67.0,58.161938
1995-08-16 11:22:00,67.0,63.456512
1995-08-16 11:23:00,52.0,55.02256
1995-08-16 11:24:00,36.0,32.91407
1995-08-16 11:25:00,43.0,44.098732
1995-08-16 11:26:00,39.0,52.872154
1995-08-16 11:27:00,61.0,51.07616
1995-08-16 11:28:00,62.0,55.298656
1995-08-16 11:29:00,34.0,61.162277
1995-08-16 11:30:00,78.0,49.965176
1995-08-16 11:31:00,43.0,56.639072
1995-08-16 11:32:00,88.0,56.723896
1995-08-16 11:33:00,64.0,67.991516
1995-08-16 11:34:00,65.0,65.4225
1995-08-16 11:35:00,57.0,64.300606
1995-08-16 11:36:00,54.0,61.62145
1995-08-16 11:37:00,106.0,54.342346
1995-08-16 11:38:00,73.0,75.002174
1995-08-16 11:39:00,56.0,63.29444
1995-08-16 11:40:00,38.0,61.719288
1995-08-16 11:41:00,53.0,58.29762
1995-08-16 11:42:00,73.0,59.891445
1995-08-16 11:43:00,79.0,65.97951
1995-08-16 11:44:00,42.0,61.50409
1995-08-16 11:45:00,49.0,56.790047
1995-08-16 11:46:00,111.0,57.38038
1995-08-16 11:47:00,62.0,73.78463
1995-08-16 11:48:00,80.0,73.63483
1995-08-16 11:49:00,105.0,72.82009
1995-08-16 11:50:00,68.0,80.51456
1995-08-16 11:51:00,74.0,72.29024
1995-08-16 11:52:00,90.0,71.9617
1995-08-16 11:53:00,79.0,68.736465
1995-08-16 11:54:00,50.0,66.93385
1995-08-16 11:55:00,53.0,66.5143
1995-08-16 11:56:00,73.0,61.375824
1995-08-16 11:57:00,32.0,71.02311
1995-08-16 11:58:00,23.0,61.283005
1995-08-16 11:59:00,29.0,54.31248
1995-08-16 12:00:00,69.0,53.572384
1995-08-16 12:01:00,71.0,64.932785
1995-08-16 12:02:00,74.0,73.56145
1995-08-16 12:03:00,52.0,71.01271
1995-08-16 12:04:00,47.0,56.055717
1995-08-16 12:05:00,60.0,58.38477
1995-08-16 12:06:00,81.0,66.418304
1995-08-16 12:07:00,53.0,72.59151
1995-08-16 12:08:00,70.0,66.613556
1995-08-16 12:09:00,69.0,65.864944
1995-08-16 12:10:00,51.0,70.218956
1995-08-16 12:11:00,37.0,50.324112
1995-08-16 12:12:00,69.0,47.16872
1995-08-16 12:13:00,99.0,62.200623
1995-08-16 12:14:00,77.0,68.06429
1995-08-16 12:15:00,53.0,72.66274
1995-08-16 12:16:00,54.0,56.75881
1995-08-16 12:17:00,63.0,49.254288
1995-08-16 12:18:00,67.0,64.84123
1995-08-16 12:19:00,79.0,56.149464
1995-08-16 12:20:00,41.0,62.251213
1995-08-16 12:21:00,50.0,54.943756
1995-08-16 12:22:00,41.0,51.315544
1995-08-16 12:23:00,29.0,47.651882
1995-08-16 12:24:00,67.0,51.407536
1995-08-16 12:25:00,45.0,54.825573
1995-08-16 12:26:00,60.0,53.702988
1995-08-16 12:27:00,44.0,55.31173
1995-08-16 12:28:00,66.0,47.264767
1995-08-16 12:29:00,84.0,61.016792
1995-08-16 12:30:00,59.0,66.015
1995-08-16 12:31:00,73.0,65.329414
1995-08-16 12:32:00,62.0,57.387924
1995-08-16 12:33:00,45.0,66.227234
1995-08-16 12:34:00,68.0,57.17918
1995-08-16 12:35:00,50.0,54.642834
1995-08-16 12:36:00,71.0,58.36996
1995-08-16 12:37:00,65.0,66.01081
1995-08-16 12:38:00,47.0,61.61888
1995-08-16 12:39:00,88.0,51.076435
1995-08-16 12:40:00,57.0,58.00054
1995-08-16 12:41:00,67.0,46.9407
1995-08-16 12:42:00,82.0,59.463383
1995-08-16 12:43:00,84.0,67.898476
1995-08-16 12:44:00,83.0,70.96993
1995-08-16 12:45:00,69.0,68.71615
1995-08-16 12:46:00,48.0,60.35015
1995-08-16 12:47:00,63.0,60.796017
1995-08-16 12:48:00,65.0,60.679703
1995-08-16 12:49:00,39.0,53.892715
1995-08-16 12:50:00,37.0,45.671066
1995-08-16 12:51:00,47.0,45.74579
1995-08-16 12:52:00,43.0,47.454617
1995-08-16 12:53:00,53.0,50.534153
1995-08-16 12:54:00,66.0,55.74113
1995-08-16 12:55:00,48.0,63.485626
1995-08-16 12:56:00,46.0,36.45093
1995-08-16 12:57:00,56.0,46.24015
1995-08-16 12:58:00,47.0,59.615078
1995-08-16 12:59:00,48.0,51.46628
1995-08-16 13:00:00,66.0,51.042713
1995-08-16 13:01:00,45.0,47.452213
1995-08-16 13:02:00,45.0,43.293533
1995-08-16 13:03:00,75.0,51.62402
1995-08-16 13:04:00,48.0,60.969906
1995-08-16 13:05:00,52.0,53.102932
1995-08-16 13:06:00,58.0,29.289387
1995-08-16 13:07:00,71.0,56.934208
1995-08-16 13:08:00,38.0,61.725986
1995-08-16 13:09:00,45.0,46.9877
1995-08-16 13:10:00,79.0,46.897984
1995-08-16 13:11:00,39.0,62.80949
1995-08-16 13:12:00,48.0,51.391808
1995-08-16 13:13:00,69.0,54.202553
1995-08-16 13:14:00,65.0,49.115616
1995-08-16 13:15:00,46.0,46.986362
1995-08-16 13:16:00,85.0,51.627384
1995-08-16 13:17:00,64.0,62.07932
1995-08-16 13:18:00,75.0,53.781086
1995-08-16 13:19:00,79.0,67.52611
1995-08-16 13:20:00,89.0,69.61807
1995-08-16 13:21:00,66.0,69.37054
1995-08-16 13:22:00,76.0,65.845726
1995-08-16 13:23:00,56.0,67.014946
1995-08-16 13:24:00,58.0,59.013393
1995-08-16 13:25:00,66.0,65.50141
1995-08-16 13:26:00,64.0,65.23864
1995-08-16 13:27:00,115.0,64.44303
1995-08-16 13:28:00,62.0,79.72855
1995-08-16 13:29:00,69.0,68.848015
1995-08-16 13:30:00,64.0,70.81094
1995-08-16 13:31:00,59.0,71.441216
1995-08-16 13:32:00,66.0,65.78535
1995-08-16 13:33:00,48.0,67.46604
1995-08-16 13:34:00,56.0,60.962994
1995-08-16 13:35:00,53.0,54.816177
1995-08-16 13:36:00,59.0,61.005024
1995-08-16 13:37:00,85.0,63.22326
1995-08-16 13:38:00,88.0,74.0215
1995-08-16 13:39:00,102.0,76.676476
1995-08-16 13:40:00,98.0,79.56907
1995-08-16 13:41:00,46.0,86.724
1995-08-16 13:42:00,72.0,68.47883
1995-08-16 13:43:00,90.0,76.73412
1995-08-16 13:44:00,89.0,74.870766
1995-08-16 13:45:00,92.0,72.7956
1995-08-16 13:46:00,77.0,79.863815
1995-08-16 13:47:00,52.0,75.146
1995-08-16 13:48:00,90.0,63.574615
1995-08-16 13:49:00,60.0,80.90262
1995-08-16 13:50:00,53.0,50.52225
1995-08-16 13:51:00,55.0,62.7815
1995-08-16 13:52:00,59.0,67.21613
1995-08-16 13:53:00,42.0,64.03352
1995-08-16 13:54:00,51.0,57.971653
1995-08-16 13:55:00,65.0,60.42087
1995-08-16 13:56:00,61.0,66.092476
1995-08-16 13:57:00,60.0,65.50538
1995-08-16 13:58:00,77.0,64.017555
1995-08-16 13:59:00,77.0,70.758675
1995-08-16 14:00:00,39.0,73.82137
1995-08-16 14:01:00,69.0,56.920067
1995-08-16 14:02:00,56.0,65.61665
1995-08-16 14:03:00,70.0,64.74618
1995-08-16 14:04:00,83.0,69.7675
1995-08-16 14:05:00,67.0,74.67118
1995-08-16 14:06:00,101.0,66.12598
1995-08-16 14:07:00,90.0,68.29973
1995-08-16 14:08:00,89.0,72.88838
1995-08-16 14:09:00,63.0,76.74855
1995-08-16 14:10:00,87.0,75.00819
1995-08-16 14:11:00,94.0,71.725784
1995-08-16 14:12:00,99.0,77.1714
1995-08-16 14:13:00,93.0,80.57852
1995-08-16 14:14:00,96.0,81.52094
1995-08-16 14:15:00,68.0,76.66151
1995-08-16 14:16:00,71.0,72.218315
1995-08-16 14:17:00,77.0,78.88511
1995-08-16 14:18:00,102.0,77.14178
1995-08-16 14:19:00,60.0,66.86078
1995-08-16 14:20:00,60.0,62.462112
1995-08-16 14:21:00,74.0,67.53186
1995-08-16 14:22:00,74.0,71.6195
1995-08-16 14:23:00,60.0,62.47452
1995-08-16 14:24:00,48.0,54.31934
1995-08-16 14:25:00,84.0,61.578583
1995-08-16 14:26:00,39.0,65.90947
1995-08-16 14:27:00,97.0,60.854153
1995-08-16 14:28:00,57.0,71.86946
1995-08-16 14:29:00,89.0,68.15452
1995-08-16 14:30:00,41.0,73.931335
1995-08-16 14:31:00,84.0,64.59937
1995-08-16 14:32:00,52.0,64.38239
1995-08-16 14:33:00,93.0,71.57038
1995-08-16 14:34:00,43.0,66.610756
1995-08-16 14:35:00,85.0,63.89196
1995-08-16 14:36:00,80.0,73.17838
1995-08-16 14:37:00,91.0,78.69993
1995-08-16 14:38:00,83.0,78.22694
1995-08-16 14:39:00,55.0,76.757484
1995-08-16 14:40:00,62.0,71.30152
1995-08-16 14:41:00,85.0,71.34839
1995-08-16 14:42:00,72.0,81.4108
1995-08-16 14:43:00,52.0,74.731895
1995-08-16 14:44:00,57.0,67.5995
1995-08-16 14:45:00,51.0,48.42735
1995-08-16 14:46:00,54.0,55.39323
1995-08-16 14:47:00,59.0,62.778126
1995-08-16 14:48:00,85.0,56.014732
1995-08-16 14:49:00,64.0,54.353508
1995-08-16 14:50:00,35.0,61.933426
1995-08-16 14:51:00,102.0,59.31011
1995-08-16 14:52:00,63.0,79.52779
1995-08-16 14:53:00,48.0,40.55935
1995-08-16 14:54:00,44.0,58.5767
1995-08-16 14:55:00,40.0,58.572468
1995-08-16 14:56:00,47.0,52.43791
1995-08-16 14:57:00,59.0,50.92804
1995-08-16 14:58:00,59.0,55.011047
1995-08-16 14:59:00,73.0,54.834064
1995-08-16 15:00:00,29.0,50.79087
1995-08-16 15:01:00,70.0,57.048386
1995-08-16 15:02:00,32.0,52.649284
1995-08-16 15:03:00,73.0,53.837696
1995-08-16 15:04:00,69.0,60.869965
1995-08-16 15:05:00,52.0,66.7067
1995-08-16 15:06:00,49.0,49.46083
1995-08-16 15:07:00,55.0,49.81033
1995-08-16 15:08:00,65.0,58.80939
1995-08-16 15:09:00,64.0,48.688152
1995-08-16 15:10:00,59.0,62.320377
1995-08-16 15:11:00,56.0,45.232445
1995-08-16 15:12:00,35.0,45.823444
1995-08-16 15:13:00,53.0,34.48211
1995-08-16 15:14:00,52.0,55.414745
1995-08-16 15:15:00,34.0,58.62319
1995-08-16 15:16:00,59.0,37.953144
1995-08-16 15:17:00,78.0,56.13192
1995-08-16 15:18:00,57.0,62.700413
1995-08-16 15:19:00,80.0,61.495148
1995-08-16 15:20:00,97.0,59.74381
1995-08-16 15:21:00,82.0,71.71916
1995-08-16 15:22:00,98.0,71.10376
1995-08-16 15:23:00,100.0,74.06155
1995-08-16 15:24:00,96.0,82.512665
1995-08-16 15:25:00,95.0,71.057465
1995-08-16 15:26:00,62.0,75.67932
1995-08-16 15:27:00,85.0,76.92997
1995-08-16 15:28:00,88.0,81.99951
1995-08-16 15:29:00,75.0,81.2738
1995-08-16 15:30:00,78.0,69.7164
1995-08-16 15:31:00,99.0,77.510185
1995-08-16 15:32:00,93.0,83.623856
1995-08-16 15:33:00,59.0,73.81531
1995-08-16 15:34:00,67.0,70.422905
1995-08-16 15:35:00,86.0,73.25546
1995-08-16 15:36:00,75.0,66.92679
1995-08-16 15:37:00,104.0,72.66134
1995-08-16 15:38:00,99.0,77.357216
1995-08-16 15:39:00,63.0,79.512695
1995-08-16 15:40:00,54.0,74.83572
1995-08-16 15:41:00,50.0,51.674606
1995-08-16 15:42:00,64.0,64.69378
1995-08-16 15:43:00,56.0,64.66293
1995-08-16 15:44:00,48.0,69.023926
1995-08-16 15:45:00,45.0,57.2518
1995-08-16 15:46:00,58.0,63.333168
1995-08-16 15:47:00,80.0,66.40917
1995-08-16 15:48:00,55.0,70.877335
1995-08-16 15:49:00,40.0,57.605213
1995-08-16 15:50:00,51.0,51.630344
1995-08-16 15:51:00,61.0,46.13145
1995-08-16 15:52:00,65.0,65.94815
1995-08-16 15:53:00,78.0,55.77277
1995-08-16 15:54:00,53.0,48.704514
1995-08-16 15:55:00,37.0,25.337065
1995-08-16 15:56:00,34.0,54.988777
1995-08-16 15:57:00,52.0,53.77422
1995-08-16 15:58:00,67.0,52.26281
1995-08-16 15:59:00,82.0,63.090332
1995-08-16 16:00:00,35.0,65.38529
1995-08-16 16:01:00,73.0,52.39252
1995-08-16 16:02:00,68.0,56.847614
1995-08-16 16:03:00,81.0,57.181263
1995-08-16 16:04:00,74.0,69.145134
1995-08-16 16:05:00,31.0,53.4898
1995-08-16 16:06:00,48.0,54.85441
1995-08-16 16:07:00,30.0,57.254967
1995-08-16 16:08:00,68.0,51.805984
1995-08-16 16:09:00,53.0,58.09227
1995-08-16 16:10:00,63.0,56.17765
1995-08-16 16:11:00,51.0,59.732452
1995-08-16 16:12:00,35.0,43.38921
1995-08-16 16:13:00,80.0,49.91124
1995-08-16 16:14:00,94.0,53.71037
1995-08-16 16:15:00,95.0,68.41766
1995-08-16 16:16:00,98.0,75.66513
1995-08-16 16:17:00,53.0,78.53983
1995-08-16 16:18:00,49.0,61.975994
1995-08-16 16:19:00,51.0,55.53113
1995-08-16 16:20:00,57.0,55.664776
1995-08-16 16:21:00,94.0,57.019913
1995-08-16 16:22:00,69.0,66.00666
1995-08-16 16:23:00,91.0,69.62541
1995-08-16 16:24:00,86.0,57.372585
1995-08-16 16:25:00,65.0,74.9172
1995-08-16 16:26:00,86.0,64.05037
1995-08-16 16:27:00,85.0,75.40026
1995-08-16 16:28:00,58.0,77.62317
1995-08-16 16:29:00,103.0,68.35748
1995-08-16 16:30:00,69.0,81.72932
1995-08-16 16:31:00,55.0,73.457596
1995-08-16 16:32:00,62.0,68.33731
1995-08-16 16:33:00,96.0,70.55943
1995-08-16 16:34:00,42.0,79.80292
1995-08-16 16:35:00,6.0,63.863472
1995-08-16 16:36:00,11.0,17.32404
1995-08-16 16:37:00,0.0,0.5825392
1995-08-16 16:47:00,46.0,51.75898
1995-08-16 16:48:00,65.0,64.37507
1995-08-16 16:49:00,45.0,71.81125
1995-08-16 16:50:00,55.0,46.979748
1995-08-16 16:51:00,48.0,42.432274
1995-08-16 16:52:00,33.0,59.674824
1995-08-16 16:54:00,76.0,43.895626
1995-08-16 16:57:00,44.0,52.875072
1995-08-16 16:58:00,55.0,51.525536
1995-08-16 16:59:00,59.0,61.82836
1995-08-16 17:00:00,62.0,55.924732
1995-08-16 17:01:00,58.0,55.60134
1995-08-16 17:02:00,86.0,58.83218
1995-08-16 17:03:00,64.0,62.63353
1995-08-16 17:04:00,51.0,61.523106
1995-08-16 17:05:00,34.0,59.563538
1995-08-16 17:06:00,55.0,50.73087
1995-08-16 17:07:00,82.0,59.178913
1995-08-16 17:08:00,65.0,65.890526
1995-08-16 17:09:00,55.0,66.6172
1995-08-16 17:10:00,82.0,59.625023
1995-08-16 17:11:00,72.0,63.753517
1995-08-16 17:12:00,68.0,66.99248
1995-08-16 17:13:00,50.0,69.40994
1995-08-16 17:14:00,65.0,58.76167
1995-08-16 17:15:00,76.0,50.789326
1995-08-16 17:16:00,90.0,64.46235
1995-08-16 17:17:00,48.0,69.20426
1995-08-16 17:18:00,26.0,55.96049
1995-08-16 17:19:00,33.0,46.33799
1995-08-16 17:20:00,43.0,50.871292
1995-08-16 17:21:00,43.0,50.656303
1995-08-16 17:22:00,54.0,51.55169
1995-08-16 17:23:00,43.0,51.98418
1995-08-16 17:24:00,38.0,32.43073
1995-08-16 17:25:00,32.0,39.90639
1995-08-16 17:26:00,53.0,44.30228
1995-08-16 17:27:00,42.0,42.740704
1995-08-16 17:28:00,36.0,42.559547
1995-08-16 17:29:00,31.0,48.688057
1995-08-16 17:30:00,57.0,44.273678
1995-08-16 17:31:00,57.0,44.19758
1995-08-16 17:32:00,29.0,45.91756
1995-08-16 17:33:00,45.0,44.507366
1995-08-16 17:34:00,55.0,48.534477
1995-08-16 17:35:00,56.0,54.11402
1995-08-16 17:36:00,73.0,47.94731
1995-08-16 17:37:00,59.0,61.34062
1995-08-16 17:38:00,62.0,55.686153
1995-08-16 17:39:00,45.0,64.00764
1995-08-16 17:40:00,63.0,54.420963
1995-08-16 17:41:00,79.0,57.302708
1995-08-16 17:42:00,55.0,60.70765
1995-08-16 17:43:00,49.0,56.943134
1995-08-16 17:44:00,20.0,41.707123
1995-08-16 17:45:00,26.0,44.198914
1995-08-16 17:46:00,26.0,37.61141
1995-08-16 17:47:00,37.0,41.17759
1995-08-16 17:48:00,37.0,41.670635
1995-08-16 17:49:00,61.0,43.917564
1995-08-16 17:50:00,49.0,44.114807
1995-08-16 17:51:00,53.0,50.548668
1995-08-16 17:52:00,32.0,46.61486
1995-08-16 17:53:00,33.0,43.890133
1995-08-16 17:54:00,42.0,37.38753
1995-08-16 17:55:00,44.0,44.088882
1995-08-16 17:56:00,38.0,47.585777
1995-08-16 17:57:00,32.0,29.901854
1995-08-16 17:58:00,30.0,27.669184
1995-08-16 17:59:00,70.0,37.62284
1995-08-16 18:00:00,57.0,50.25831
1995-08-16 18:01:00,31.0,49.07139
1995-08-16 18:02:00,23.0,34.977856
1995-08-16 18:03:00,46.0,36.37447
1995-08-16 18:04:00,28.0,48.65557
1995-08-16 18:05:00,17.0,34.682487
1995-08-16 18:06:00,34.0,35.253765
1995-08-16 18:07:00,36.0,34.955517
1995-08-16 18:08:00,34.0,32.412354
1995-08-16 18:09:00,70.0,36.895473
1995-08-16 18:10:00,35.0,47.718872
1995-08-16 18:11:00,40.0,41.65136
1995-08-16 18:12:00,57.0,43.815758
1995-08-16 18:13:00,68.0,45.373573
1995-08-16 18:14:00,65.0,55.46246
1995-08-16 18:15:00,30.0,36.521206
1995-08-16 18:16:00,36.0,40.335293
1995-08-16 18:17:00,46.0,35.892635
1995-08-16 18:18:00,38.0,38.046368
1995-08-16 18:19:00,46.0,43.17825
1995-08-16 18:20:00,29.0,38.36957
1995-08-16 18:21:00,26.0,40.558975
1995-08-16 18:22:00,24.0,31.270962
1995-08-16 18:23:00,39.0,26.111254
1995-08-16 18:24:00,16.0,24.822796
1995-08-16 18:25:00,15.0,19.524334
1995-08-16 18:26:00,39.0,28.921505
1995-08-16 18:27:00,28.0,34.53237
1995-08-16 18:28:00,27.0,32.583286
1995-08-16 18:29:00,49.0,33.118298
1995-08-16 18:30:00,44.0,31.828892
1995-08-16 18:31:00,46.0,40.976337
1995-08-16 18:32:00,62.0,34.007298
1995-08-16 18:33:00,16.0,32.79734
1995-08-16 18:34:00,44.0,27.878267
1995-08-16 18:35:00,52.0,38.40885
1995-08-16 18:36:00,58.0,43.386997
1995-08-16 18:37:00,59.0,50.752323
1995-08-16 18:38:00,41.0,49.88223
1995-08-16 18:39:00,29.0,26.407534
1995-08-16 18:40:00,37.0,38.202538
1995-08-16 18:41:00,41.0,43.775368
1995-08-16 18:42:00,39.0,43.452774
1995-08-16 18:43:00,41.0,43.51001
1995-08-16 18:44:00,45.0,43.198097
1995-08-16 18:45:00,28.0,42.53814
1995-08-16 18:46:00,32.0,37.018505
1995-08-16 18:47:00,54.0,35.369514
1995-08-16 18:48:00,38.0,47.410473
1995-08-16 18:49:00,36.0,41.25924
1995-08-16 18:50:00,47.0,41.15706
1995-08-16 18:51:00,38.0,41.835804
1995-08-16 18:52:00,37.0,41.57908
1995-08-16 18:53:00,56.0,42.958523
1995-08-16 18:54:00,57.0,47.001762
1995-08-16 18:55:00,48.0,52.301403
1995-08-16 18:56:00,39.0,42.732464
1995-08-16 18:57:00,22.0,43.805202
1995-08-16 18:58:00,21.0,37.980587
1995-08-16 18:59:00,24.0,35.52061
1995-08-16 19:00:00,22.0,30.966206
1995-08-16 19:01:00,81.0,26.81883
1995-08-16 19:02:00,44.0,48.287243
1995-08-16 19:03:00,62.0,42.802555
1995-08-16 19:04:00,67.0,53.356865
1995-08-16 19:05:00,31.0,49.11695
1995-08-16 19:06:00,34.0,34.702827
1995-08-16 19:07:00,49.0,40.704296
1995-08-16 19:08:00,49.0,43.8668
1995-08-16 19:09:00,24.0,25.280613
1995-08-16 19:10:00,25.0,35.021156
1995-08-16 19:11:00,37.0,31.268917
1995-08-16 19:12:00,21.0,24.849918
1995-08-16 19:13:00,28.0,22.547316
1995-08-16 19:14:00,34.0,31.384941
1995-08-16 19:15:00,18.0,30.208546
1995-08-16 19:16:00,34.0,33.021072
1995-08-16 19:17:00,56.0,30.900028
1995-08-16 19:18:00,63.0,43.286694
1995-08-16 19:19:00,47.0,46.425293
1995-08-16 19:20:00,32.0,45.32335
1995-08-16 19:21:00,53.0,35.837666
1995-08-16 19:22:00,25.0,45.353764
1995-08-16 19:23:00,25.0,35.456783
1995-08-16 19:24:00,29.0,34.41504
1995-08-16 19:25:00,16.0,14.395233
1995-08-16 19:26:00,31.0,28.37794
1995-08-16 19:27:00,36.0,32.933304
1995-08-16 19:28:00,38.0,25.940355
1995-08-16 19:29:00,34.0,37.097218
1995-08-16 19:30:00,41.0,30.826788
1995-08-16 19:31:00,30.0,22.018576
1995-08-16 19:32:00,41.0,35.797974
1995-08-16 19:33:00,34.0,39.465305
1995-08-16 19:34:00,11.0,17.0816
1995-08-16 19:35:00,30.0,24.867426
1995-08-16 19:36:00,37.0,29.733414
1995-08-16 19:37:00,39.0,31.084839
1995-08-16 19:38:00,24.0,26.203384
1995-08-16 19:39:00,40.0,20.386362
1995-08-16 19:40:00,37.0,37.702244
1995-08-16 19:41:00,64.0,34.51686
1995-08-16 19:42:00,46.0,41.334187
1995-08-16 19:43:00,41.0,44.027626
1995-08-16 19:44:00,26.0,37.949734
1995-08-16 19:45:00,36.0,31.722466
1995-08-16 19:46:00,39.0,29.419966
1995-08-16 19:47:00,35.0,33.37397
1995-08-16 19:48:00,37.0,35.94331
1995-08-16 19:49:00,45.0,29.777578
1995-08-16 19:50:00,47.0,40.839592
1995-08-16 19:51:00,41.0,42.192886
1995-08-16 19:52:00,32.0,42.859184
1995-08-16 19:53:00,32.0,28.008904
1995-08-16 19:54:00,54.0,36.55551
1995-08-16 19:55:00,35.0,36.751667
1995-08-16 19:56:00,27.0,37.520103
1995-08-16 19:57:00,40.0,34.52583
1995-08-16 19:58:00,42.0,40.281853
1995-08-16 19:59:00,54.0,33.35404
1995-08-16 20:00:00,48.0,43.05136
1995-08-16 20:01:00,58.0,40.932735
1995-08-16 20:02:00,49.0,49.30928
1995-08-16 20:03:00,80.0,46.411316
1995-08-16 20:04:00,35.0,45.60972
1995-08-16 20:05:00,38.0,39.716263
1995-08-16 20:06:00,24.0,26.154518
1995-08-16 20:07:00,37.0,32.827427
1995-08-16 20:08:00,19.0,32.172142
1995-08-16 20:09:00,56.0,30.441246
1995-08-16 20:10:00,33.0,43.5469
1995-08-16 20:11:00,43.0,39.004093
1995-08-16 20:12:00,57.0,43.455235
1995-08-16 20:13:00,45.0,48.032692
1995-08-16 20:14:00,26.0,43.21826
1995-08-16 20:15:00,39.0,33.39448
1995-08-16 20:16:00,49.0,41.119064
1995-08-16 20:17:00,26.0,40.753742
1995-08-16 20:18:00,24.0,34.584057
1995-08-16 20:19:00,42.0,33.516186
1995-08-16 20:20:00,30.0,37.110474
1995-08-16 20:21:00,28.0,31.47488
1995-08-16 20:22:00,32.0,32.698658
1995-08-16 20:23:00,27.0,37.35907
1995-08-16 20:24:00,21.0,27.762123
1995-08-16 20:25:00,28.0,31.711063
1995-08-16 20:26:00,26.0,20.794666
1995-08-16 20:27:00,46.0,32.22355
1995-08-16 20:28:00,61.0,38.548733
1995-08-16 20:29:00,67.0,44.146248
1995-08-16 20:30:00,49.0,37.56946
1995-08-16 20:31:00,25.0,27.24357
1995-08-16 20:32:00,27.0,34.93567
1995-08-16 20:33:00,45.0,33.50906
1995-08-16 20:34:00,38.0,39.22342
1995-08-16 20:35:00,22.0,26.222141
1995-08-16 20:36:00,39.0,30.380938
1995-08-16 20:37:00,38.0,35.61592
1995-08-16 20:38:00,49.0,37.1565
1995-08-16 20:39:00,42.0,32.15772
1995-08-16 20:40:00,16.0,24.316517
1995-08-16 20:41:00,11.0,14.905174
1995-08-16 20:42:00,26.0,29.020773
1995-08-16 20:43:00,31.0,32.0824
1995-08-16 20:44:00,44.0,32.275322
1995-08-16 20:45:00,46.0,41.76165
1995-08-16 20:46:00,24.0,42.73503
1995-08-16 20:47:00,24.0,32.247543
1995-08-16 20:48:00,2.0,29.720146
1995-08-16 20:49:00,6.0,24.691607
1995-08-16 20:50:00,22.0,23.22613
1995-08-16 20:51:00,26.0,28.172115
1995-08-16 20:52:00,15.0,26.217455
1995-08-16 20:53:00,18.0,26.392046
1995-08-16 20:54:00,14.0,15.269127
1995-08-16 20:55:00,13.0,14.946007
1995-08-16 20:56:00,23.0,16.821625
1995-08-16 20:57:00,37.0,22.701115
1995-08-16 20:58:00,23.0,29.569586
1995-08-16 20:59:00,30.0,24.309027
1995-08-16 21:00:00,25.0,30.639717
1995-08-16 21:01:00,32.0,33.107944
1995-08-16 21:02:00,32.0,29.542156
1995-08-16 21:03:00,49.0,30.00643
1995-08-16 21:04:00,39.0,31.534763
1995-08-16 21:05:00,54.0,34.656578
1995-08-16 21:06:00,40.0,40.32871
1995-08-16 21:07:00,26.0,25.149029
1995-08-16 21:08:00,45.0,28.90193
1995-08-16 21:09:00,52.0,35.170685
1995-08-16 21:10:00,40.0,26.585592
1995-08-16 21:11:00,40.0,36.831715
1995-08-16 21:12:00,58.0,40.373528
1995-08-16 21:13:00,37.0,42.485264
1995-08-16 21:14:00,24.0,37.47055
1995-08-16 21:15:00,44.0,29.863655
1995-08-16 21:16:00,48.0,41.440514
1995-08-16 21:17:00,17.0,41.523434
1995-08-16 21:18:00,40.0,33.703793
1995-08-16 21:19:00,42.0,38.070004
1995-08-16 21:20:00,35.0,42.713356
1995-08-16 21:21:00,30.0,41.560944
1995-08-16 21:22:00,29.0,34.79299
1995-08-16 21:23:00,47.0,34.52805
1995-08-16 21:24:00,31.0,40.699703
1995-08-16 21:25:00,29.0,32.732925
1995-08-16 21:26:00,51.0,33.70712
1995-08-16 21:27:00,49.0,39.20526
1995-08-16 21:28:00,36.0,41.478596
1995-08-16 21:29:00,52.0,37.588825
1995-08-16 21:30:00,27.0,39.975674
1995-08-16 21:31:00,52.0,38.030525
1995-08-16 21:32:00,48.0,45.443745
1995-08-16 21:33:00,48.0,42.408855
1995-08-16 21:34:00,41.0,43.895924
1995-08-16 21:35:00,38.0,35.282448
1995-08-16 21:36:00,33.0,42.425835
1995-08-16 21:37:00,48.0,29.46726
1995-08-16 21:38:00,32.0,38.263
1995-08-16 21:39:00,65.0,36.548046
1995-08-16 21:40:00,49.0,42.779785
1995-08-16 21:41:00,26.0,43.548615
1995-08-16 21:42:00,43.0,35.004772
1995-08-16 21:43:00,58.0,42.97502
1995-08-16 21:44:00,28.0,50.04265
1995-08-16 21:45:00,36.0,33.007378
1995-08-16 21:46:00,54.0,33.971867
1995-08-16 21:47:00,38.0,39.31951
1995-08-16 21:48:00,48.0,36.08256
1995-08-16 21:49:00,36.0,42.35648
1995-08-16 21:50:00,24.0,42.743843
1995-08-16 21:51:00,45.0,37.827023
1995-08-16 21:52:00,25.0,39.84024
1995-08-16 21:53:00,21.0,31.106384
1995-08-16 21:54:00,20.0,28.82765
1995-08-16 21:55:00,13.0,28.654535
1995-08-16 21:56:00,49.0,25.228964
1995-08-16 21:57:00,44.0,40.01083
1995-08-16 21:58:00,39.0,40.391285
1995-08-16 21:59:00,52.0,40.364857
1995-08-16 22:00:00,34.0,33.61588
1995-08-16 22:01:00,22.0,13.927073
1995-08-16 22:02:00,21.0,27.957527
1995-08-16 22:03:00,14.0,31.660946
1995-08-16 22:04:00,20.0,24.183432
1995-08-16 22:05:00,39.0,28.929054
1995-08-16 22:06:00,31.0,34.154285
1995-08-16 22:07:00,43.0,33.612717
1995-08-16 22:08:00,51.0,36.013046
1995-08-16 22:09:00,76.0,38.081882
1995-08-16 22:10:00,60.0,48.684597
1995-08-16 22:11:00,48.0,45.107067
1995-08-16 22:12:00,43.0,43.31972
1995-08-16 22:13:00,56.0,40.134735
1995-08-16 22:14:00,42.0,45.842113
1995-08-16 22:15:00,36.0,40.05558
1995-08-16 22:16:00,54.0,39.69992
1995-08-16 22:17:00,27.0,48.443886
1995-08-16 22:18:00,35.0,38.342537
1995-08-16 22:19:00,30.0,37.208202
1995-08-16 22:20:00,41.0,34.927788
1995-08-16 22:21:00,51.0,42.633442
1995-08-16 22:22:00,31.0,44.915325
1995-08-16 22:23:00,25.0,28.205687
1995-08-16 22:24:00,38.0,33.98123
1995-08-16 22:25:00,45.0,34.55681
1995-08-16 22:26:00,29.0,28.355526
1995-08-16 22:27:00,31.0,36.767475
1995-08-16 22:28:00,27.0,23.91477
1995-08-16 22:29:00,25.0,32.648453
1995-08-16 22:30:00,30.0,27.202564
1995-08-16 22:31:00,27.0,22.070105
1995-08-16 22:32:00,27.0,27.4951
1995-08-16 22:33:00,39.0,29.236671
1995-08-16 22:34:00,28.0,34.380184
1995-08-16 22:35:00,10.0,19.881023
1995-08-16 22:36:00,35.0,27.632147
1995-08-16 22:37:00,22.0,28.008945
1995-08-16 22:38:00,32.0,29.21557
1995-08-16 22:39:00,22.0,32.586388
1995-08-16 22:40:00,23.0,30.082605
1995-08-16 22:41:00,38.0,29.474264
1995-08-16 22:42:00,20.0,32.623363
1995-08-16 22:43:00,28.0,25.085695
1995-08-16 22:44:00,23.0,29.284657
1995-08-16 22:45:00,32.0,24.133394
1995-08-16 22:46:00,44.0,31.73716
1995-08-16 22:47:00,21.0,29.787949
1995-08-16 22:48:00,18.0,28.752697
1995-08-16 22:49:00,24.0,28.979145
1995-08-16 22:50:00,16.0,27.823212
1995-08-16 22:51:00,49.0,28.084654
1995-08-16 22:52:00,31.0,33.363983
1995-08-16 22:53:00,37.0,28.78396
1995-08-16 22:54:00,25.0,32.869957
1995-08-16 22:55:00,25.0,33.11363
1995-08-16 22:56:00,36.0,32.194927
1995-08-16 22:57:00,23.0,28.169458
1995-08-16 22:58:00,6.0,29.614807
1995-08-16 22:59:00,10.0,13.367651
1995-08-16 23:00:00,29.0,20.445034
1995-08-16 23:01:00,16.0,21.504755
1995-08-16 23:02:00,25.0,24.557627
1995-08-16 23:03:00,31.0,20.674513
1995-08-16 23:04:00,41.0,25.659826
1995-08-16 23:05:00,50.0,29.471148
1995-08-16 23:06:00,22.0,30.568413
1995-08-16 23:07:00,34.0,29.964725
1995-08-16 23:08:00,22.0,34.350494
1995-08-16 23:09:00,30.0,17.252815
1995-08-16 23:10:00,14.0,26.910824
1995-08-16 23:11:00,11.0,12.078543
1995-08-16 23:12:00,24.0,17.36264
1995-08-16 23:13:00,15.0,25.523214
1995-08-16 23:14:00,20.0,25.364695
1995-08-16 23:15:00,23.0,25.791521
1995-08-16 23:16:00,19.0,19.288908
1995-08-16 23:17:00,24.0,23.447098
1995-08-16 23:18:00,15.0,21.500248
1995-08-16 23:19:00,23.0,25.80221
1995-08-16 23:20:00,8.0,17.877443
1995-08-16 23:21:00,13.0,21.265175
1995-08-16 23:22:00,30.0,19.813719
1995-08-16 23:23:00,51.0,28.58707
1995-08-16 23:24:00,29.0,33.218906
1995-08-16 23:25:00,31.0,27.923166
1995-08-16 23:26:00,29.0,30.349747
1995-08-16 23:27:00,28.0,30.049986
1995-08-16 23:28:00,24.0,19.426212
1995-08-16 23:29:00,55.0,29.433989
1995-08-16 23:30:00,25.0,29.270493
1995-08-16 23:31:00,27.0,15.011219
1995-08-16 23:32:00,51.0,31.733444
1995-08-16 23:33:00,48.0,38.944687
1995-08-16 23:34:00,57.0,35.43544
1995-08-16 23:35:00,44.0,43.754364
1995-08-16 23:36:00,33.0,29.767622
1995-08-16 23:37:00,52.0,34.95975
1995-08-16 23:38:00,36.0,35.14417
1995-08-16 23:39:00,44.0,37.703114
1995-08-16 23:40:00,30.0,37.71418
1995-08-16 23:41:00,47.0,35.573692
1995-08-16 23:42:00,69.0,40.937836
1995-08-16 23:43:00,53.0,36.40041
1995-08-16 23:44:00,47.0,42.739532
1995-08-16 23:45:00,27.0,40.451862
1995-08-16 23:46:00,49.0,37.852924
1995-08-16 23:47:00,21.0,45.12972
1995-08-16 23:48:00,19.0,17.687384
1995-08-16 23:49:00,22.0,23.47442
1995-08-16 23:50:00,20.0,33.63427
1995-08-16 23:51:00,8.0,10.9172
1995-08-16 23:52:00,27.0,15.53347
1995-08-16 23:53:00,20.0,14.807058
1995-08-16 23:54:00,31.0,13.352731
1995-08-16 23:55:00,21.0,17.680883
1995-08-16 23:56:00,37.0,27.095333
1995-08-16 23:57:00,57.0,35.85943
1995-08-16 23:58:00,33.0,33.861225
1995-08-16 23:59:00,23.0,20.05896
1995-08-17 00:00:00,33.0,28.115131
1995-08-17 00:01:00,27.0,22.556807
1995-08-17 00:02:00,20.0,20.713135
1995-08-17 00:03:00,28.0,29.882837
1995-08-17 00:04:00,31.0,29.038822
1995-08-17 00:05:00,18.0,19.394659
1995-08-17 00:06:00,20.0,26.68482
1995-08-17 00:07:00,17.0,13.637536
1995-08-17 00:08:00,8.0,11.493735
1995-08-17 00:09:00,17.0,19.309057
1995-08-17 00:10:00,40.0,23.329178
1995-08-17 00:11:00,37.0,30.185598
1995-08-17 00:12:00,32.0,29.0622
1995-08-17 00:13:00,49.0,28.861177
1995-08-17 00:14:00,20.0,29.479954
1995-08-17 00:15:00,25.0,29.655365
1995-08-17 00:16:00,36.0,25.723541
1995-08-17 00:17:00,34.0,28.009562
1995-08-17 00:18:00,7.0,28.544474
1995-08-17 00:19:00,24.0,20.041138
1995-08-17 00:20:00,20.0,24.211222
1995-08-17 00:21:00,19.0,13.241376
1995-08-17 00:22:00,35.0,20.21364
1995-08-17 00:23:00,36.0,27.174774
1995-08-17 00:24:00,28.0,27.10421
1995-08-17 00:25:00,24.0,25.568518
1995-08-17 00:26:00,33.0,26.177608
1995-08-17 00:27:00,25.0,26.873243
1995-08-17 00:28:00,26.0,18.83678
1995-08-17 00:29:00,37.0,25.692314
1995-08-17 00:30:00,47.0,31.248718
1995-08-17 00:31:00,23.0,27.530104
1995-08-17 00:32:00,24.0,26.147224
1995-08-17 00:33:00,22.0,25.189497
1995-08-17 00:34:00,20.0,25.957144
1995-08-17 00:35:00,18.0,24.536777
1995-08-17 00:36:00,23.0,22.430569
1995-08-17 00:37:00,34.0,22.64756
1995-08-17 00:38:00,20.0,27.181776
1995-08-17 00:39:00,11.0,18.23549
1995-08-17 00:40:00,14.0,24.572609
1995-08-17 00:41:00,32.0,17.475948
1995-08-17 00:42:00,27.0,23.794914
1995-08-17 00:43:00,27.0,26.4769
1995-08-17 00:44:00,27.0,26.634668
1995-08-17 00:45:00,29.0,26.734884
1995-08-17 00:46:00,37.0,28.601301
1995-08-17 00:47:00,14.0,25.58266
1995-08-17 00:48:00,20.0,24.945232
1995-08-17 00:49:00,15.0,15.780325
1995-08-17 00:50:00,32.0,24.2514
1995-08-17 00:51:00,16.0,25.508858
1995-08-17 00:52:00,15.0,21.282188
1995-08-17 00:53:00,18.0,21.267292
1995-08-17 00:54:00,32.0,21.304832
1995-08-17 00:55:00,9.0,22.805635
1995-08-17 00:56:00,36.0,22.128544
1995-08-17 00:57:00,21.0,29.26596
1995-08-17 00:58:00,19.0,20.266523
1995-08-17 00:59:00,25.0,23.45021
1995-08-17 01:00:00,14.0,26.327421
1995-08-17 01:01:00,15.0,11.930852
1995-08-17 01:02:00,3.0,11.997129
1995-08-17 01:03:00,14.0,10.367544
1995-08-17 01:04:00,29.0,18.138817
1995-08-17 01:05:00,30.0,23.37372
1995-08-17 01:06:00,50.0,25.547522
1995-08-17 01:07:00,35.0,24.618427
1995-08-17 01:08:00,38.0,29.244682
1995-08-17 01:09:00,13.0,19.618183
1995-08-17 01:10:00,19.0,18.571318
1995-08-17 01:11:00,27.0,22.146378
1995-08-17 01:12:00,39.0,27.72113
1995-08-17 01:13:00,22.0,27.545656
1995-08-17 01:14:00,22.0,26.128525
1995-08-17 01:15:00,21.0,17.34417
1995-08-17 01:16:00,34.0,22.919746
1995-08-17 01:17:00,24.0,24.88053
1995-08-17 01:18:00,9.0,13.726651
1995-08-17 01:19:00,37.0,18.59404
1995-08-17 01:20:00,18.0,15.56357
1995-08-17 01:21:00,9.0,10.009244
1995-08-17 01:22:00,24.0,19.586418
1995-08-17 01:23:00,2.0,14.088711
1995-08-17 01:24:00,10.0,12.568147
1995-08-17 01:25:00,36.0,12.971145
1995-08-17 01:26:00,26.0,23.167553
1995-08-17 01:27:00,33.0,24.70332
1995-08-17 01:28:00,11.0,16.182781
1995-08-17 01:29:00,17.0,19.624382
1995-08-17 01:30:00,22.0,21.08931
1995-08-17 01:31:00,17.0,13.115218
1995-08-17 01:32:00,5.0,20.516596
1995-08-17 01:33:00,3.0,10.56326
1995-08-17 01:34:00,21.0,11.4579315
1995-08-17 01:35:00,22.0,20.449238
1995-08-17 01:36:00,25.0,18.667385
1995-08-17 01:37:00,31.0,24.330667
1995-08-17 01:38:00,18.0,24.630419
1995-08-17 01:39:00,20.0,17.77521
1995-08-17 01:40:00,12.0,16.022112
1995-08-17 01:41:00,16.0,18.63356
1995-08-17 01:42:00,20.0,14.66777
1995-08-17 01:43:00,23.0,19.47395
1995-08-17 01:44:00,11.0,11.518017
1995-08-17 01:45:00,40.0,18.100048
1995-08-17 01:46:00,16.0,28.579489
1995-08-17 01:47:00,21.0,11.601485
1995-08-17 01:48:00,21.0,17.956444
1995-08-17 01:49:00,22.0,20.400251
1995-08-17 01:50:00,17.0,21.270744
1995-08-17 01:51:00,25.0,18.65979
1995-08-17 01:52:00,27.0,23.84023
1995-08-17 01:53:00,33.0,24.329008
1995-08-17 01:54:00,18.0,26.426556
1995-08-17 01:55:00,30.0,22.462757
1995-08-17 01:56:00,25.0,22.55821
1995-08-17 01:57:00,25.0,14.486044
1995-08-17 01:58:00,25.0,24.529205
1995-08-17 01:59:00,17.0,25.076555
1995-08-17 02:00:00,50.0,23.69501
1995-08-17 02:01:00,23.0,20.804468
1995-08-17 02:02:00,26.0,26.472105
1995-08-17 02:03:00,16.0,23.918245
1995-08-17 02:04:00,5.0,3.3721647
1995-08-17 02:05:00,14.0,15.057274
1995-08-17 02:06:00,13.0,13.363418
1995-08-17 02:07:00,33.0,19.18054
1995-08-17 02:08:00,25.0,21.391079
1995-08-17 02:09:00,18.0,25.104473
1995-08-17 02:10:00,37.0,22.763208
1995-08-17 02:11:00,8.0,18.973864
1995-08-17 02:12:00,23.0,17.29054
1995-08-17 02:13:00,14.0,19.866522
1995-08-17 02:14:00,12.0,22.232744
1995-08-17 02:15:00,28.0,14.739472
1995-08-17 02:16:00,39.0,21.788858
1995-08-17 02:17:00,13.0,24.787537
1995-08-17 02:18:00,5.0,10.191061
1995-08-17 02:19:00,41.0,16.425247
1995-08-17 02:20:00,17.0,27.334934
1995-08-17 02:21:00,12.0,18.4996
1995-08-17 02:22:00,5.0,14.82715
1995-08-17 02:23:00,15.0,16.009819
1995-08-17 02:24:00,20.0,15.141514
1995-08-17 02:25:00,13.0,14.218503
1995-08-17 02:26:00,12.0,15.173241
1995-08-17 02:27:00,21.0,16.637962
1995-08-17 02:28:00,36.0,13.897669
1995-08-17 02:29:00,17.0,17.73058
1995-08-17 02:30:00,5.0,12.077361
1995-08-17 02:31:00,3.0,14.677766
1995-08-17 02:32:00,8.0,7.161869
1995-08-17 02:33:00,7.0,15.404312
1995-08-17 02:34:00,8.0,7.712084
1995-08-17 02:35:00,21.0,17.483751
1995-08-17 02:36:00,26.0,17.151318
1995-08-17 02:37:00,20.0,18.59682
1995-08-17 02:38:00,23.0,20.818338
1995-08-17 02:39:00,16.0,18.71301
1995-08-17 02:40:00,22.0,16.182838
1995-08-17 02:41:00,4.0,6.2354875
1995-08-17 02:42:00,16.0,8.903112
1995-08-17 02:43:00,36.0,16.915407
1995-08-17 02:44:00,21.0,18.963223
1995-08-17 02:45:00,10.0,10.911269
1995-08-17 02:46:00,13.0,11.090557
1995-08-17 02:47:00,15.0,14.153549
1995-08-17 02:48:00,9.0,9.38482
1995-08-17 02:49:00,3.0,2.8855424
1995-08-17 02:50:00,8.0,9.302524
1995-08-17 02:51:00,6.0,6.253242
1995-08-17 02:52:00,14.0,14.984371
1995-08-17 02:53:00,17.0,7.762554
1995-08-17 02:54:00,8.0,15.62689
1995-08-17 02:55:00,12.0,13.586537
1995-08-17 02:56:00,21.0,14.866602
1995-08-17 02:57:00,9.0,11.887968
1995-08-17 02:58:00,7.0,11.653367
1995-08-17 02:59:00,11.0,14.133381
1995-08-17 03:00:00,12.0,10.468072
1995-08-17 03:01:00,9.0,16.09262
1995-08-17 03:02:00,15.0,10.73158
1995-08-17 03:03:00,10.0,15.058674
1995-08-17 03:04:00,2.0,15.840296
1995-08-17 03:05:00,18.0,9.239807
1995-08-17 03:06:00,10.0,15.7003975
1995-08-17 03:07:00,18.0,9.738916
1995-08-17 03:08:00,16.0,14.281542
1995-08-17 03:09:00,12.0,12.105849
1995-08-17 03:10:00,12.0,8.289996
1995-08-17 03:11:00,4.0,3.0142102
1995-08-17 03:12:00,12.0,7.8010683
1995-08-17 03:13:00,22.0,15.524319
1995-08-17 03:14:00,9.0,9.224209
1995-08-17 03:15:00,14.0,14.516408
1995-08-17 03:16:00,4.0,4.031112
1995-08-17 03:17:00,0.0,3.337687
1995-08-17 03:22:00,6.0,10.736405
1995-08-17 03:24:00,5.0,6.7318573
1995-08-17 03:25:00,15.0,9.502028
1995-08-17 03:26:00,7.0,9.621675
1995-08-17 03:27:00,2.0,7.9781036
1995-08-17 03:28:00,5.0,3.9213505
1995-08-17 03:29:00,16.0,10.871003
1995-08-17 03:30:00,15.0,9.712641
1995-08-17 03:31:00,7.0,8.149713
1995-08-17 03:32:00,5.0,8.510851
1995-08-17 03:34:00,4.0,1.956363
1995-08-17 03:35:00,6.0,7.947294
1995-08-17 03:36:00,14.0,10.349768
1995-08-17 03:37:00,4.0,8.965346
1995-08-17 03:38:00,18.0,7.8009863
1995-08-17 03:39:00,22.0,15.719301
1995-08-17 03:40:00,10.0,7.707349
1995-08-17 03:41:00,10.0,16.03544
1995-08-17 03:42:00,18.0,9.140818
1995-08-17 03:43:00,22.0,10.568673
1995-08-17 03:44:00,8.0,8.667761
1995-08-17 03:45:00,19.0,12.750076
1995-08-17 03:46:00,13.0,16.86712
1995-08-17 03:47:00,22.0,16.243774
1995-08-17 03:48:00,9.0,17.90175
1995-08-17 03:49:00,12.0,16.218317
1995-08-17 03:50:00,9.0,13.887322
1995-08-17 03:51:00,19.0,16.300253
1995-08-17 03:52:00,21.0,16.242657
1995-08-17 03:53:00,18.0,16.880144
1995-08-17 03:54:00,8.0,10.140722
1995-08-17 03:55:00,37.0,15.776442
1995-08-17 03:56:00,28.0,21.58564
1995-08-17 03:57:00,21.0,21.24689
1995-08-17 03:58:00,13.0,16.8054
1995-08-17 03:59:00,24.0,18.707884
1995-08-17 04:00:00,21.0,14.09811
1995-08-17 04:01:00,30.0,12.909097
1995-08-17 04:02:00,22.0,21.29845
1995-08-17 04:03:00,29.0,17.101173
1995-08-17 04:04:00,24.0,16.284578
1995-08-17 04:05:00,31.0,22.05099
1995-08-17 04:06:00,42.0,20.54771
1995-08-17 04:07:00,16.0,23.332026
1995-08-17 04:08:00,23.0,19.674679
1995-08-17 04:09:00,29.0,22.781912
1995-08-17 04:10:00,39.0,24.381315
1995-08-17 04:11:00,15.0,26.302773
1995-08-17 04:12:00,13.0,20.316988
1995-08-17 04:13:00,18.0,19.255907
1995-08-17 04:14:00,31.0,22.625645
1995-08-17 04:15:00,29.0,27.602495
1995-08-17 04:16:00,30.0,26.281157
1995-08-17 04:17:00,23.0,26.151735
1995-08-17 04:18:00,14.0,22.791632
1995-08-17 04:19:00,34.0,19.92218
1995-08-17 04:20:00,25.0,27.210493
1995-08-17 04:21:00,13.0,18.975235
1995-08-17 04:22:00,21.0,18.276852
1995-08-17 04:23:00,19.0,21.086266
1995-08-17 04:24:00,12.0,12.484553
1995-08-17 04:25:00,19.0,20.078197
1995-08-17 04:26:00,11.0,14.324752
1995-08-17 04:27:00,2.0,9.575145
1995-08-17 04:28:00,5.0,14.197933
1995-08-17 04:29:00,6.0,14.47685
1995-08-17 04:30:00,25.0,15.667465
1995-08-17 04:31:00,18.0,19.815144
1995-08-17 04:32:00,18.0,19.866491
1995-08-17 04:33:00,10.0,10.504157
1995-08-17 04:34:00,10.0,9.177113
1995-08-17 04:35:00,13.0,15.061281
1995-08-17 04:36:00,30.0,14.397637
1995-08-17 04:37:00,31.0,15.520739
1995-08-17 04:38:00,9.0,18.746311
1995-08-17 04:39:00,10.0,9.16185
1995-08-17 04:40:00,16.0,13.955357
1995-08-17 04:41:00,6.0,8.242022
1995-08-17 04:42:00,16.0,10.252758
1995-08-17 04:43:00,24.0,10.714148
1995-08-17 04:44:00,12.0,17.049534
1995-08-17 04:45:00,25.0,10.404047
1995-08-17 04:46:00,28.0,20.58996
1995-08-17 04:47:00,16.0,20.42263
1995-08-17 04:48:00,19.0,11.716193
1995-08-17 04:49:00,20.0,19.522436
1995-08-17 04:50:00,16.0,20.506493
1995-08-17 04:51:00,12.0,18.718153
1995-08-17 04:52:00,16.0,16.799305
1995-08-17 04:53:00,10.0,17.855597
1995-08-17 04:54:00,1.0,10.207496
1995-08-17 04:55:00,7.0,10.947986
1995-08-17 04:56:00,6.0,12.098552
1995-08-17 04:57:00,2.0,1.2142744
1995-08-17 04:58:00,2.0,10.718919
1995-08-17 04:59:00,2.0,6.830376
1995-08-17 05:00:00,12.0,8.172469
1995-08-17 05:01:00,10.0,12.173004
1995-08-17 05:02:00,17.0,14.162334
1995-08-17 05:03:00,0.0,1.9629047
1995-08-17 05:08:00,16.0,11.22609
1995-08-17 05:10:00,9.0,10.613799
1995-08-17 05:11:00,9.0,8.543496
1995-08-17 05:12:00,39.0,9.870398
1995-08-17 05:13:00,22.0,18.840973
1995-08-17 05:14:00,14.0,14.70332
1995-08-17 05:15:00,4.0,9.560954
1995-08-17 05:16:00,13.0,13.660182
1995-08-17 05:17:00,24.0,14.857662
1995-08-17 05:18:00,17.0,19.710812
1995-08-17 05:20:00,7.0,12.207087
1995-08-17 05:21:00,4.0,7.853772
1995-08-17 05:22:00,4.0,10.917002
1995-08-17 05:23:00,17.0,10.979402
1995-08-17 05:24:00,13.0,13.475967
1995-08-17 05:25:00,19.0,12.016247
1995-08-17 05:26:00,39.0,15.898489
1995-08-17 05:27:00,39.0,20.434065
1995-08-17 05:28:00,15.0,15.57049
1995-08-17 05:29:00,11.0,13.03187
1995-08-17 05:30:00,8.0,17.786385
1995-08-17 05:31:00,23.0,15.289875
1995-08-17 05:32:00,7.0,11.296144
1995-08-17 05:33:00,19.0,15.186995
1995-08-17 05:34:00,1.0,4.1124864
1995-08-17 05:35:00,13.0,8.6966505
1995-08-17 05:36:00,24.0,13.090878
1995-08-17 05:37:00,15.0,18.03105
1995-08-17 05:38:00,12.0,14.63046
1995-08-17 05:39:00,11.0,8.952273
1995-08-17 05:40:00,8.0,16.788822
1995-08-17 05:41:00,23.0,13.078238
1995-08-17 05:42:00,16.0,15.688871
1995-08-17 05:43:00,13.0,11.604961
1995-08-17 05:44:00,15.0,16.889162
1995-08-17 05:45:00,15.0,15.78652
1995-08-17 05:46:00,20.0,16.074139
1995-08-17 05:47:00,9.0,17.612797
1995-08-17 05:48:00,2.0,4.3005643
1995-08-17 05:49:00,4.0,4.2660108
1995-08-17 05:50:00,10.0,9.778563
1995-08-17 05:51:00,2.0,7.614339
1995-08-17 05:52:00,17.0,7.258339
1995-08-17 05:53:00,23.0,13.89648
1995-08-17 05:54:00,10.0,14.044566
1995-08-17 05:55:00,19.0,14.260698
1995-08-17 05:56:00,11.0,12.709307
1995-08-17 05:57:00,13.0,13.33697
1995-08-17 05:58:00,5.0,3.0423598
1995-08-17 05:59:00,19.0,9.641395
1995-08-17 06:00:00,24.0,16.681679
1995-08-17 06:01:00,27.0,17.476698
1995-08-17 06:02:00,8.0,17.524128
1995-08-17 06:03:00,18.0,12.099454
1995-08-17 06:04:00,15.0,17.36285
1995-08-17 06:05:00,13.0,15.434612
1995-08-17 06:06:00,1.0,2.0246365
1995-08-17 06:07:00,7.0,8.334963
1995-08-17 06:08:00,14.0,13.045081
1995-08-17 06:09:00,11.0,7.635311
1995-08-17 06:10:00,12.0,11.585272
1995-08-17 06:11:00,21.0,11.641571
1995-08-17 06:12:00,10.0,11.870561
1995-08-17 06:13:00,11.0,8.362898
1995-08-17 06:14:00,20.0,12.41755
1995-08-17 06:15:00,4.0,3.055552
1995-08-17 06:16:00,3.0,9.793115
1995-08-17 06:17:00,17.0,8.142543
1995-08-17 06:18:00,10.0,8.311641
1995-08-17 06:19:00,5.0,14.896364
1995-08-17 06:20:00,5.0,6.641137
1995-08-17 06:21:00,9.0,9.247192
1995-08-17 06:22:00,6.0,15.769527
1995-08-17 06:23:00,11.0,9.911333
1995-08-17 06:24:00,6.0,15.221262
1995-08-17 06:25:00,10.0,7.33797
1995-08-17 06:26:00,15.0,8.341192
1995-08-17 06:27:00,10.0,14.240238
1995-08-17 06:28:00,19.0,10.932152
1995-08-17 06:29:00,12.0,11.014105
1995-08-17 06:30:00,5.0,7.510908
1995-08-17 06:31:00,7.0,9.778534
1995-08-17 06:32:00,19.0,10.798915
1995-08-17 06:33:00,28.0,14.231113
1995-08-17 06:34:00,19.0,12.935356
1995-08-17 06:35:00,16.0,17.547916
1995-08-17 06:36:00,14.0,13.100325
1995-08-17 06:37:00,31.0,16.37034
1995-08-17 06:38:00,11.0,11.083078
1995-08-17 06:39:00,18.0,15.878958
1995-08-17 06:40:00,27.0,15.788914
1995-08-17 06:41:00,8.0,11.982372
1995-08-17 06:42:00,8.0,2.3349972
1995-08-17 06:43:00,9.0,13.141913
1995-08-17 06:44:00,1.0,5.664643
1995-08-17 06:45:00,13.0,7.2251167
1995-08-17 06:46:00,19.0,14.345621
1995-08-17 06:47:00,3.0,10.283443
1995-08-17 06:48:00,15.0,14.209207
1995-08-17 06:49:00,12.0,9.352219
1995-08-17 06:50:00,11.0,12.577043
1995-08-17 06:51:00,23.0,12.602392
1995-08-17 06:52:00,31.0,18.305046
1995-08-17 06:53:00,36.0,19.245667
1995-08-17 06:54:00,25.0,17.042778
1995-08-17 06:55:00,24.0,19.819239
1995-08-17 06:56:00,52.0,21.802917
1995-08-17 06:57:00,30.0,23.451778
1995-08-17 06:58:00,29.0,22.273365
1995-08-17 06:59:00,22.0,23.544613
1995-08-17 07:00:00,28.0,19.558254
1995-08-17 07:01:00,21.0,16.589262
1995-08-17 07:02:00,8.0,20.55064
1995-08-17 07:03:00,36.0,16.285967
1995-08-17 07:04:00,43.0,29.580803
1995-08-17 07:05:00,31.0,31.367798
1995-08-17 07:06:00,31.0,23.333216
1995-08-17 07:07:00,26.0,28.969727
1995-08-17 07:08:00,28.0,24.51656
1995-08-17 07:09:00,30.0,30.125284
1995-08-17 07:10:00,40.0,24.721987
1995-08-17 07:11:00,34.0,29.036537
1995-08-17 07:12:00,42.0,30.612436
1995-08-17 07:13:00,37.0,30.18557
1995-08-17 07:14:00,41.0,33.94209
1995-08-17 07:15:00,11.0,25.928911
1995-08-17 07:16:00,23.0,29.15095
1995-08-17 07:17:00,25.0,28.345135
1995-08-17 07:18:00,26.0,29.738014
1995-08-17 07:19:00,29.0,30.963743
1995-08-17 07:20:00,32.0,30.108665
1995-08-17 07:21:00,29.0,32.7678
1995-08-17 07:22:00,21.0,30.964802
1995-08-17 07:23:00,23.0,22.199333
1995-08-17 07:24:00,40.0,30.839804
1995-08-17 07:25:00,58.0,32.01749
1995-08-17 07:26:00,30.0,35.91228
1995-08-17 07:27:00,36.0,34.274326
1995-08-17 07:28:00,26.0,31.842419
1995-08-17 07:29:00,29.0,34.747776
1995-08-17 07:30:00,18.0,27.082422
1995-08-17 07:31:00,23.0,22.658998
1995-08-17 07:32:00,35.0,29.480047
1995-08-17 07:33:00,26.0,32.85158
1995-08-17 07:34:00,12.0,32.057545
1995-08-17 07:35:00,20.0,17.861225
1995-08-17 07:36:00,24.0,32.05502
1995-08-17 07:37:00,19.0,30.18754
1995-08-17 07:38:00,21.0,26.546638
1995-08-17 07:39:00,28.0,26.382114
1995-08-17 07:40:00,30.0,30.282772
1995-08-17 07:41:00,30.0,30.731094
1995-08-17 07:42:00,43.0,31.36525
1995-08-17 07:43:00,22.0,26.838144
1995-08-17 07:44:00,39.0,28.574762
1995-08-17 07:45:00,40.0,34.060837
1995-08-17 07:46:00,35.0,33.083176
1995-08-17 07:47:00,40.0,33.053204
1995-08-17 07:48:00,41.0,26.068336
1995-08-17 07:49:00,32.0,35.99
1995-08-17 07:50:00,34.0,35.657124
1995-08-17 07:51:00,35.0,34.532166
1995-08-17 07:52:00,42.0,33.616554
1995-08-17 07:53:00,48.0,39.472202
1995-08-17 07:54:00,38.0,37.697197
1995-08-17 07:55:00,35.0,33.226532
1995-08-17 07:56:00,35.0,32.373302
1995-08-17 07:57:00,37.0,36.551582
1995-08-17 07:58:00,25.0,33.26281
1995-08-17 07:59:00,49.0,35.53997
1995-08-17 08:00:00,46.0,38.98037
1995-08-17 08:01:00,36.0,40.767464
1995-08-17 08:02:00,52.0,39.073704
1995-08-17 08:03:00,67.0,44.762035
1995-08-17 08:04:00,31.0,48.943542
1995-08-17 08:05:00,43.0,42.43336
1995-08-17 08:06:00,33.0,45.80101
1995-08-17 08:07:00,45.0,41.137695
1995-08-17 08:08:00,44.0,46.517918
1995-08-17 08:09:00,41.0,44.100033
1995-08-17 08:10:00,36.0,40.901196
1995-08-17 08:11:00,49.0,44.690216
1995-08-17 08:12:00,26.0,45.32459
1995-08-17 08:13:00,65.0,40.36979
1995-08-17 08:14:00,58.0,48.25792
1995-08-17 08:15:00,46.0,50.59267
1995-08-17 08:16:00,54.0,48.528492
1995-08-17 08:17:00,52.0,46.384354
1995-08-17 08:18:00,54.0,54.841175
1995-08-17 08:19:00,41.0,50.548668
1995-08-17 08:20:00,54.0,46.45487
1995-08-17 08:21:00,54.0,43.862885
1995-08-17 08:22:00,35.0,49.579834
1995-08-17 08:23:00,50.0,45.5209
1995-08-17 08:24:00,64.0,44.436398
1995-08-17 08:25:00,27.0,47.394306
1995-08-17 08:26:00,75.0,44.738094
1995-08-17 08:27:00,33.0,51.917053
1995-08-17 08:28:00,44.0,43.501766
1995-08-17 08:29:00,23.0,49.610172
1995-08-17 08:30:00,28.0,39.95662
1995-08-17 08:31:00,38.0,41.316326
1995-08-17 08:32:00,44.0,45.199467
1995-08-17 08:33:00,32.0,40.42339
1995-08-17 08:34:00,43.0,20.210407
1995-08-17 08:35:00,43.0,39.516014
1995-08-17 08:36:00,41.0,48.602634
1995-08-17 08:37:00,31.0,30.331902
1995-08-17 08:38:00,30.0,32.0316
1995-08-17 08:39:00,48.0,40.713146
1995-08-17 08:40:00,42.0,44.73996
1995-08-17 08:41:00,45.0,46.202366
1995-08-17 08:42:00,36.0,39.75994
1995-08-17 08:43:00,22.0,29.548521
1995-08-17 08:44:00,44.0,37.57993
1995-08-17 08:45:00,36.0,42.90908
1995-08-17 08:46:00,60.0,36.713863
1995-08-17 08:47:00,43.0,47.200577
1995-08-17 08:48:00,39.0,33.77087
1995-08-17 08:49:00,45.0,48.54165
1995-08-17 08:50:00,35.0,32.699276
1995-08-17 08:51:00,60.0,46.43736
1995-08-17 08:52:00,45.0,44.055775
1995-08-17 08:53:00,21.0,32.462234
1995-08-17 08:54:00,58.0,37.577114
1995-08-17 08:55:00,54.0,37.96053
1995-08-17 08:56:00,50.0,53.678787
1995-08-17 08:57:00,57.0,44.92728
1995-08-17 08:58:00,33.0,40.782692
1995-08-17 08:59:00,62.0,44.885273
1995-08-17 09:00:00,36.0,43.696865
1995-08-17 09:01:00,32.0,45.944256
1995-08-17 09:02:00,47.0,43.02991
1995-08-17 09:03:00,54.0,46.154133
1995-08-17 09:04:00,50.0,45.75563
1995-08-17 09:05:00,62.0,42.836407
1995-08-17 09:06:00,45.0,54.602467
1995-08-17 09:07:00,58.0,47.14604
1995-08-17 09:08:00,68.0,50.264957
1995-08-17 09:09:00,54.0,55.88688
1995-08-17 09:10:00,64.0,56.11887
1995-08-17 09:11:00,43.0,50.667118
1995-08-17 09:12:00,51.0,45.330738
1995-08-17 09:13:00,44.0,48.828053
1995-08-17 09:14:00,41.0,50.965714
1995-08-17 09:15:00,33.0,34.889526
1995-08-17 09:16:00,32.0,41.516644
1995-08-17 09:17:00,68.0,42.4444
1995-08-17 09:18:00,48.0,54.585102
1995-08-17 09:19:00,30.0,50.4948
1995-08-17 09:20:00,74.0,46.313416
1995-08-17 09:21:00,68.0,58.43956
1995-08-17 09:22:00,63.0,53.801285
1995-08-17 09:23:00,23.0,58.027245
1995-08-17 09:24:00,49.0,47.585682
1995-08-17 09:25:00,65.0,53.29112
1995-08-17 09:26:00,50.0,60.76623
1995-08-17 09:27:00,62.0,54.444725
1995-08-17 09:28:00,87.0,55.283195
1995-08-17 09:29:00,72.0,57.365517
1995-08-17 09:30:00,34.0,58.330822
1995-08-17 09:31:00,52.0,50.592117
1995-08-17 09:32:00,50.0,58.19552
1995-08-17 09:33:00,48.0,55.73093
1995-08-17 09:34:00,72.0,46.410423
1995-08-17 09:35:00,23.0,61.760513
1995-08-17 09:36:00,53.0,47.76059
1995-08-17 09:37:00,40.0,51.88405
1995-08-17 09:38:00,54.0,48.496735
1995-08-17 09:39:00,65.0,54.16616
1995-08-17 09:40:00,48.0,49.00704
1995-08-17 09:41:00,50.0,54.176395
1995-08-17 09:42:00,48.0,53.640133
1995-08-17 09:43:00,46.0,54.186264
1995-08-17 09:44:00,40.0,54.316753
1995-08-17 09:45:00,62.0,50.17181
1995-08-17 09:46:00,31.0,44.308155
1995-08-17 09:47:00,21.0,40.763718
1995-08-17 09:48:00,55.0,36.44977
1995-08-17 09:49:00,55.0,49.69977
1995-08-17 09:50:00,69.0,46.94287
1995-08-17 09:51:00,49.0,33.42464
1995-08-17 09:52:00,44.0,46.65728
1995-08-17 09:53:00,53.0,48.028122
1995-08-17 09:54:00,63.0,56.668488
1995-08-17 09:55:00,48.0,67.676094
1995-08-17 09:56:00,36.0,50.559704
1995-08-17 09:57:00,86.0,50.28278
1995-08-17 09:58:00,43.0,53.163048
1995-08-17 09:59:00,46.0,50.98072
1995-08-17 10:00:00,61.0,56.332638
1995-08-17 10:01:00,30.0,55.84179
1995-08-17 10:02:00,58.0,46.67195
1995-08-17 10:03:00,54.0,47.057632
1995-08-17 10:04:00,42.0,56.686337
1995-08-17 10:05:00,33.0,44.88266
1995-08-17 10:06:00,48.0,42.23317
1995-08-17 10:07:00,68.0,44.031868
1995-08-17 10:08:00,59.0,57.240273
1995-08-17 10:09:00,99.0,57.92373
1995-08-17 10:10:00,58.0,69.56109
1995-08-17 10:11:00,61.0,59.095695
1995-08-17 10:12:00,44.0,63.23661
1995-08-17 10:13:00,38.0,34.56483
1995-08-17 10:14:00,35.0,48.804203
1995-08-17 10:15:00,39.0,11.429467
1995-08-17 10:16:00,52.0,44.159782
1995-08-17 10:17:00,48.0,34.947502
1995-08-17 10:18:00,30.0,50.944866
1995-08-17 10:19:00,25.0,29.725317
1995-08-17 10:20:00,40.0,39.45994
1995-08-17 10:21:00,64.0,50.122383
1995-08-17 10:22:00,46.0,40.62212
1995-08-17 10:23:00,68.0,48.17074
1995-08-17 10:24:00,68.0,57.511868
1995-08-17 10:25:00,57.0,55.45646
1995-08-17 10:26:00,51.0,59.13333
1995-08-17 10:27:00,81.0,55.19995
1995-08-17 10:28:00,97.0,64.91361
1995-08-17 10:29:00,53.0,73.276924
1995-08-17 10:30:00,49.0,62.302383
1995-08-17 10:31:00,80.0,50.84828
1995-08-17 10:32:00,74.0,54.58945
1995-08-17 10:33:00,49.0,57.910496
1995-08-17 10:34:00,82.0,61.21705
1995-08-17 10:35:00,52.0,51.917053
1995-08-17 10:36:00,42.0,60.378506
1995-08-17 10:37:00,65.0,54.817932
1995-08-17 10:38:00,83.0,63.38553
1995-08-17 10:39:00,121.0,70.19274
1995-08-17 10:40:00,93.0,75.44953
1995-08-17 10:41:00,66.0,78.45806
1995-08-17 10:42:00,96.0,69.96052
1995-08-17 10:43:00,64.0,85.0889
1995-08-17 10:44:00,96.0,73.515526
1995-08-17 10:45:00,72.0,78.62358
1995-08-17 10:46:00,77.0,76.79928
1995-08-17 10:47:00,83.0,74.13553
1995-08-17 10:48:00,71.0,75.23065
1995-08-17 10:49:00,37.0,74.795265
1995-08-17 10:50:00,48.0,62.554325
1995-08-17 10:51:00,55.0,67.4572
1995-08-17 10:52:00,65.0,64.604
1995-08-17 10:53:00,85.0,64.93914
1995-08-17 10:54:00,55.0,69.14704
1995-08-17 10:55:00,56.0,59.858295
1995-08-17 10:56:00,45.0,65.06899
1995-08-17 10:57:00,106.0,52.762054
1995-08-17 10:58:00,72.0,66.394325
1995-08-17 10:59:00,36.0,75.85044
1995-08-17 11:00:00,62.0,58.07328
1995-08-17 11:01:00,70.0,56.009296
1995-08-17 11:02:00,48.0,73.28191
1995-08-17 11:03:00,100.0,59.705585
1995-08-17 11:04:00,79.0,75.717575
1995-08-17 11:05:00,68.0,73.8386
1995-08-17 11:06:00,61.0,67.32183
1995-08-17 11:07:00,63.0,70.906815
1995-08-17 11:08:00,58.0,66.17715
1995-08-17 11:09:00,60.0,60.9432
1995-08-17 11:10:00,105.0,65.36428
1995-08-17 11:11:00,75.0,72.053185
1995-08-17 11:12:00,44.0,74.96684
1995-08-17 11:13:00,90.0,63.36422
1995-08-17 11:14:00,96.0,75.843956
1995-08-17 11:15:00,72.0,79.16237
1995-08-17 11:16:00,36.0,69.654854
1995-08-17 11:17:00,49.0,59.39598
1995-08-17 11:18:00,63.0,60.412907
1995-08-17 11:19:00,80.0,68.88323
1995-08-17 11:20:00,60.0,56.991257
1995-08-17 11:21:00,58.0,51.506214
1995-08-17 11:22:00,57.0,61.978127
1995-08-17 11:23:00,73.0,64.793816
1995-08-17 11:24:00,69.0,58.902893
1995-08-17 11:25:00,44.0,72.60021
1995-08-17 11:26:00,61.0,63.288857
1995-08-17 11:27:00,69.0,49.869843
1995-08-17 11:28:00,57.0,67.413536
1995-08-17 11:29:00,31.0,61.980377
1995-08-17 11:30:00,39.0,49.064312
1995-08-17 11:31:00,37.0,52.087334
1995-08-17 11:32:00,39.0,51.434395
1995-08-17 11:33:00,65.0,50.601456
1995-08-17 11:34:00,35.0,62.112656
1995-08-17 11:35:00,53.0,52.795403
1995-08-17 11:36:00,25.0,56.355034
1995-08-17 11:37:00,62.0,45.956997
1995-08-17 11:38:00,57.0,60.866776
1995-08-17 11:39:00,74.0,51.799713
1995-08-17 11:40:00,52.0,69.14711
1995-08-17 11:41:00,41.0,61.312206
1995-08-17 11:42:00,51.0,50.15229
1995-08-17 11:43:00,59.0,52.740948
1995-08-17 11:44:00,61.0,58.233974
1995-08-17 11:45:00,71.0,58.563915
1995-08-17 11:46:00,22.0,45.450436
1995-08-17 11:47:00,45.0,37.460205
1995-08-17 11:48:00,66.0,51.97301
1995-08-17 11:49:00,35.0,45.327347
1995-08-17 11:50:00,27.0,46.327316
1995-08-17 11:51:00,52.0,45.900616
1995-08-17 11:52:00,63.0,51.93472
1995-08-17 11:53:00,69.0,55.138027
1995-08-17 11:54:00,49.0,52.478107
1995-08-17 11:55:00,56.0,55.19033
1995-08-17 11:56:00,64.0,55.6349
1995-08-17 11:57:00,76.0,51.12181
1995-08-17 11:58:00,38.0,42.490135
1995-08-17 11:59:00,75.0,54.73264
1995-08-17 12:00:00,67.0,52.11811
1995-08-17 12:01:00,73.0,56.34686
1995-08-17 12:02:00,57.0,64.37685
1995-08-17 12:03:00,40.0,57.213814
1995-08-17 12:04:00,56.0,52.932865
1995-08-17 12:05:00,57.0,53.29551
1995-08-17 12:06:00,51.0,58.048668
1995-08-17 12:07:00,67.0,58.213585
1995-08-17 12:08:00,39.0,46.13841
1995-08-17 12:09:00,58.0,48.56909
1995-08-17 12:10:00,59.0,49.368855
1995-08-17 12:11:00,74.0,46.18432
1995-08-17 12:12:00,77.0,58.44551
1995-08-17 12:13:00,83.0,56.21605
1995-08-17 12:14:00,73.0,66.08383
1995-08-17 12:15:00,85.0,65.8036
1995-08-17 12:16:00,50.0,67.20084
1995-08-17 12:17:00,52.0,59.861286
1995-08-17 12:18:00,50.0,60.50607
1995-08-17 12:19:00,45.0,43.217384
1995-08-17 12:20:00,23.0,30.979864
1995-08-17 12:21:00,70.0,46.44998
1995-08-17 12:22:00,70.0,62.238426
1995-08-17 12:23:00,94.0,66.87845
1995-08-17 12:24:00,68.0,69.651924
1995-08-17 12:25:00,61.0,68.950676
1995-08-17 12:26:00,63.0,64.32509
1995-08-17 12:27:00,58.0,67.87739
1995-08-17 12:28:00,41.0,61.295925
1995-08-17 12:29:00,82.0,56.9246
1995-08-17 12:30:00,68.0,67.87502
1995-08-17 12:31:00,76.0,54.794807
1995-08-17 12:32:00,85.0,56.859062
1995-08-17 12:33:00,65.0,68.345474
1995-08-17 12:34:00,55.0,46.34677
1995-08-17 12:35:00,86.0,63.928795
1995-08-17 12:36:00,68.0,72.31285
1995-08-17 12:37:00,47.0,67.94439
1995-08-17 12:38:00,67.0,62.814632
1995-08-17 12:39:00,113.0,68.06775
1995-08-17 12:40:00,69.0,78.27924
1995-08-17 12:41:00,28.0,44.221626
1995-08-17 12:42:00,70.0,51.80402
1995-08-17 12:43:00,75.0,66.55607
1995-08-17 12:44:00,101.0,73.958
1995-08-17 12:45:00,69.0,80.91101
1995-08-17 12:46:00,87.0,74.09229
1995-08-17 12:47:00,104.0,72.27965
1995-08-17 12:48:00,83.0,83.57859
1995-08-17 12:49:00,82.0,78.7246
1995-08-17 12:50:00,43.0,77.018616
1995-08-17 12:51:00,72.0,66.41152
1995-08-17 12:52:00,115.0,75.05822
1995-08-17 12:53:00,131.0,91.37888
1995-08-17 12:54:00,39.0,91.65686
1995-08-17 12:55:00,45.0,59.081768
1995-08-17 12:56:00,70.0,77.29723
1995-08-17 12:57:00,44.0,77.06666
1995-08-17 12:58:00,72.0,53.58655
1995-08-17 12:59:00,74.0,76.25188
1995-08-17 13:00:00,63.0,70.53064
1995-08-17 13:01:00,40.0,62.4383
1995-08-17 13:02:00,66.0,52.474052
1995-08-17 13:03:00,42.0,62.873295
1995-08-17 13:04:00,61.0,61.53998
1995-08-17 13:05:00,42.0,54.806038
1995-08-17 13:06:00,72.0,58.176834
1995-08-17 13:07:00,42.0,59.321987
1995-08-17 13:08:00,70.0,58.36829
1995-08-17 13:09:00,75.0,71.57921
1995-08-17 13:10:00,49.0,62.158325
1995-08-17 13:11:00,52.0,58.350967
1995-08-17 13:12:00,68.0,59.642746
1995-08-17 13:13:00,65.0,59.55597
1995-08-17 13:14:00,78.0,58.225758
1995-08-17 13:15:00,80.0,75.12887
1995-08-17 13:16:00,70.0,73.681076
1995-08-17 13:17:00,76.0,68.057045
1995-08-17 13:18:00,74.0,71.76248
1995-08-17 13:19:00,81.0,72.04744
1995-08-17 13:20:00,58.0,70.97786
1995-08-17 13:21:00,67.0,61.23506
1995-08-17 13:22:00,53.0,65.86689
1995-08-17 13:23:00,78.0,64.97515
1995-08-17 13:24:00,62.0,67.64302
1995-08-17 13:25:00,90.0,59.926792
1995-08-17 13:26:00,76.0,71.5463
1995-08-17 13:27:00,64.0,63.810852
1995-08-17 13:28:00,61.0,68.347855
1995-08-17 13:29:00,86.0,64.89356
1995-08-17 13:30:00,52.0,72.60842
1995-08-17 13:31:00,48.0,64.08685
1995-08-17 13:32:00,57.0,57.60801
1995-08-17 13:33:00,67.0,61.170223
1995-08-17 13:34:00,80.0,65.70044
1995-08-17 13:35:00,85.0,73.98188
1995-08-17 13:36:00,69.0,73.497086
1995-08-17 13:37:00,71.0,69.38866
1995-08-17 13:38:00,77.0,73.52213
1995-08-17 13:39:00,64.0,70.3733
1995-08-17 13:40:00,75.0,68.277855
1995-08-17 13:41:00,80.0,71.03424
1995-08-17 13:42:00,45.0,66.47681
1995-08-17 13:43:00,41.0,62.82979
1995-08-17 13:44:00,70.0,61.058887
1995-08-17 13:45:00,57.0,66.521286
1995-08-17 13:46:00,39.0,62.093155
1995-08-17 13:47:00,75.0,53.64756
1995-08-17 13:48:00,91.0,64.83204
1995-08-17 13:49:00,72.0,73.221375
1995-08-17 13:50:00,84.0,69.98082
1995-08-17 13:51:00,84.0,72.669624
1995-08-17 13:52:00,64.0,61.99104
1995-08-17 13:53:00,81.0,72.52542
1995-08-17 13:54:00,118.0,71.17703
1995-08-17 13:55:00,49.0,87.11426
1995-08-17 13:56:00,48.0,62.596615
1995-08-17 13:57:00,73.0,57.427975
1995-08-17 13:58:00,83.0,79.600426
1995-08-17 13:59:00,95.0,77.41982
1995-08-17 14:00:00,72.0,70.06179
1995-08-17 14:01:00,61.0,69.59427
1995-08-17 14:02:00,62.0,58.09768
1995-08-17 14:03:00,66.0,73.0716
1995-08-17 14:04:00,53.0,62.997803
1995-08-17 14:05:00,80.0,62.846954
1995-08-17 14:06:00,86.0,72.68214
1995-08-17 14:07:00,58.0,67.26826
1995-08-17 14:08:00,46.0,64.05204
1995-08-17 14:09:00,83.0,60.67785
1995-08-17 14:10:00,71.0,72.25372
1995-08-17 14:11:00,107.0,64.12808
1995-08-17 14:12:00,106.0,85.08914
1995-08-17 14:13:00,55.0,69.330215
1995-08-17 14:14:00,52.0,64.59039
1995-08-17 14:15:00,82.0,59.84846
1995-08-17 14:16:00,58.0,74.67833
1995-08-17 14:17:00,65.0,64.45027
1995-08-17 14:18:00,52.0,70.476326
1995-08-17 14:19:00,67.0,65.37757
1995-08-17 14:20:00,63.0,63.98597
1995-08-17 14:21:00,79.0,66.04351
1995-08-17 14:22:00,62.0,72.87996
1995-08-17 14:23:00,60.0,71.49813
1995-08-17 14:24:00,67.0,68.647
1995-08-17 14:25:00,44.0,70.44143
1995-08-17 14:26:00,75.0,49.372387
1995-08-17 14:27:00,61.0,54.285267
1995-08-17 14:28:00,35.0,35.322807
1995-08-17 14:29:00,66.0,54.84988
1995-08-17 14:30:00,69.0,53.480576
1995-08-17 14:31:00,52.0,57.01092
1995-08-17 14:32:00,68.0,61.950325
1995-08-17 14:33:00,48.0,50.6451
1995-08-17 14:34:00,45.0,48.054184
1995-08-17 14:35:00,72.0,53.974937
1995-08-17 14:36:00,59.0,63.9663
1995-08-17 14:37:00,39.0,48.308434
1995-08-17 14:38:00,48.0,36.47614
1995-08-17 14:39:00,34.0,58.153927
1995-08-17 14:40:00,42.0,42.39382
1995-08-17 14:41:00,55.0,48.1538
1995-08-17 14:42:00,46.0,57.906845
1995-08-17 14:43:00,56.0,51.99233
1995-08-17 14:44:00,50.0,51.252007
1995-08-17 14:45:00,40.0,45.471535
1995-08-17 14:46:00,81.0,50.96553
1995-08-17 14:47:00,77.0,56.03178
1995-08-17 14:48:00,79.0,58.512928
1995-08-17 14:49:00,76.0,49.846054
1995-08-17 14:50:00,90.0,65.30851
1995-08-17 14:51:00,107.0,71.70751
1995-08-17 14:52:00,99.0,73.60551
1995-08-17 14:53:00,65.0,79.52072
1995-08-17 14:54:00,96.0,72.31694
1995-08-17 14:55:00,87.0,85.84552
1995-08-17 14:56:00,95.0,83.2724
1995-08-17 14:57:00,87.0,77.4257
1995-08-17 14:58:00,110.0,76.5164
1995-08-17 14:59:00,94.0,87.38235
1995-08-17 15:00:00,76.0,81.51476
1995-08-17 15:01:00,77.0,76.65603
1995-08-17 15:02:00,75.0,56.68119
1995-08-17 15:03:00,48.0,61.26611
1995-08-17 15:04:00,75.0,67.42029
1995-08-17 15:05:00,70.0,70.63881
1995-08-17 15:06:00,100.0,70.606674
1995-08-17 15:07:00,77.0,72.30467
1995-08-17 15:08:00,102.0,75.506096
1995-08-17 15:09:00,79.0,85.97805
1995-08-17 15:10:00,90.0,79.230286
1995-08-17 15:11:00,104.0,81.56499
1995-08-17 15:12:00,69.0,90.20443
1995-08-17 15:13:00,60.0,76.739426
1995-08-17 15:14:00,90.0,68.193306
1995-08-17 15:15:00,67.0,74.411865
1995-08-17 15:16:00,83.0,76.6814
1995-08-17 15:17:00,88.0,69.81385
1995-08-17 15:18:00,104.0,83.672935
1995-08-17 15:19:00,60.0,64.71436
1995-08-17 15:20:00,89.0,76.55049
1995-08-17 15:21:00,65.0,73.72667
1995-08-17 15:22:00,74.0,75.04169
1995-08-17 15:23:00,77.0,78.86058
1995-08-17 15:24:00,54.0,80.37129
1995-08-17 15:25:00,58.0,59.962654
1995-08-17 15:26:00,72.0,69.18107
1995-08-17 15:27:00,39.0,65.56058
1995-08-17 15:28:00,58.0,58.960934
1995-08-17 15:29:00,90.0,65.500084
1995-08-17 15:30:00,95.0,72.27409
1995-08-17 15:31:00,84.0,73.75511
1995-08-17 15:32:00,46.0,60.34866
1995-08-17 15:33:00,78.0,68.86014
1995-08-17 15:34:00,69.0,65.18847
1995-08-17 15:35:00,53.0,67.05637
1995-08-17 15:36:00,112.0,68.44448
1995-08-17 15:37:00,56.0,67.5384
1995-08-17 15:38:00,68.0,48.613373
1995-08-17 15:39:00,67.0,62.525906
1995-08-17 15:40:00,80.0,70.64414
1995-08-17 15:41:00,56.0,66.27918
1995-08-17 15:42:00,71.0,64.73354
1995-08-17 15:43:00,99.0,59.07481
1995-08-17 15:44:00,109.0,75.557625
1995-08-17 15:45:00,64.0,88.644
1995-08-17 15:46:00,64.0,68.96505
1995-08-17 15:47:00,58.0,61.05128
1995-08-17 15:48:00,75.0,71.12443
1995-08-17 15:49:00,91.0,64.89595
1995-08-17 15:50:00,119.0,71.50155
1995-08-17 15:51:00,122.0,88.58794
1995-08-17 15:52:00,70.0,68.33903
1995-08-17 15:53:00,66.0,72.267105
1995-08-17 15:54:00,82.0,70.56117
1995-08-17 15:55:00,85.0,80.59553
1995-08-17 15:56:00,95.0,77.74417
1995-08-17 15:57:00,81.0,82.69613
1995-08-17 15:58:00,60.0,81.731926
1995-08-17 15:59:00,45.0,70.803955
1995-08-17 16:00:00,96.0,65.86775
1995-08-17 16:01:00,83.0,85.36166
1995-08-17 16:02:00,63.0,67.60418
1995-08-17 16:03:00,62.0,67.31177
1995-08-17 16:04:00,82.0,73.85099
1995-08-17 16:05:00,36.0,77.13861
1995-08-17 16:06:00,66.0,61.00665
1995-08-17 16:07:00,48.0,69.72621
1995-08-17 16:08:00,58.0,46.147717
1995-08-17 16:09:00,61.0,68.45399
1995-08-17 16:10:00,65.0,27.3493
1995-08-17 16:11:00,48.0,40.633514
1995-08-17 16:12:00,39.0,53.188366
1995-08-17 16:13:00,82.0,37.100914
1995-08-17 16:14:00,97.0,60.423683
1995-08-17 16:15:00,78.0,59.921825
1995-08-17 16:16:00,49.0,57.530144
1995-08-17 16:17:00,85.0,57.034187
1995-08-17 16:18:00,103.0,69.25376
1995-08-17 16:19:00,56.0,85.70273
1995-08-17 16:20:00,60.0,54.641056
1995-08-17 16:21:00,75.0,65.35789
1995-08-17 16:22:00,65.0,72.26888
1995-08-17 16:23:00,78.0,60.394753
1995-08-17 16:24:00,56.0,31.349743
1995-08-17 16:25:00,49.0,52.399826
1995-08-17 16:26:00,59.0,54.197895
1995-08-17 16:27:00,84.0,64.59909
1995-08-17 16:28:00,105.0,73.84535
1995-08-17 16:29:00,49.0,77.64758
1995-08-17 16:30:00,53.0,63.212418
1995-08-17 16:31:00,48.0,46.677097
1995-08-17 16:32:00,61.0,60.58378
1995-08-17 16:33:00,100.0,65.2322
1995-08-17 16:34:00,63.0,59.157536
1995-08-17 16:35:00,67.0,67.39302
1995-08-17 16:36:00,71.0,69.241234
1995-08-17 16:37:00,78.0,66.0783
1995-08-17 16:38:00,99.0,73.216385
1995-08-17 16:39:00,46.0,75.518936
1995-08-17 16:40:00,92.0,59.183533
1995-08-17 16:41:00,76.0,75.21364
1995-08-17 16:42:00,40.0,64.76862
1995-08-17 16:43:00,30.0,42.5325
1995-08-17 16:44:00,78.0,56.19742
1995-08-17 16:45:00,50.0,70.80988
1995-08-17 16:46:00,74.0,60.929527
1995-08-17 16:47:00,84.0,67.33297
1995-08-17 16:48:00,78.0,53.719997
1995-08-17 16:49:00,88.0,63.523216
1995-08-17 16:50:00,72.0,55.77125
1995-08-17 16:51:00,59.0,75.33749
1995-08-17 16:52:00,67.0,69.10494
1995-08-17 16:53:00,87.0,71.585266
1995-08-17 16:54:00,72.0,74.71789
1995-08-17 16:55:00,84.0,73.51773
1995-08-17 16:56:00,70.0,73.217865
1995-08-17 16:57:00,57.0,64.54221
1995-08-17 16:58:00,60.0,55.649323
1995-08-17 16:59:00,60.0,64.70083
1995-08-17 17:00:00,47.0,41.516075
1995-08-17 17:01:00,40.0,43.10277
1995-08-17 17:02:00,54.0,39.608807
1995-08-17 17:03:00,54.0,57.74222
1995-08-17 17:04:00,68.0,49.322605
1995-08-17 17:05:00,43.0,62.999115
1995-08-17 17:06:00,51.0,48.399876
1995-08-17 17:07:00,48.0,46.886814
1995-08-17 17:08:00,60.0,51.80155
1995-08-17 17:09:00,74.0,55.61921
1995-08-17 17:10:00,59.0,69.224785
1995-08-17 17:11:00,70.0,63.595375
1995-08-17 17:12:00,65.0,64.087906
1995-08-17 17:13:00,68.0,62.679974
1995-08-17 17:14:00,74.0,58.580166
1995-08-17 17:15:00,69.0,52.93388
1995-08-17 17:16:00,59.0,65.15225
1995-08-17 17:17:00,49.0,47.454365
1995-08-17 17:18:00,63.0,46.130825
1995-08-17 17:19:00,49.0,54.850067
1995-08-17 17:20:00,66.0,53.15374
1995-08-17 17:21:00,50.0,49.96611
1995-08-17 17:22:00,33.0,55.83458
1995-08-17 17:23:00,52.0,48.64351
1995-08-17 17:24:00,55.0,55.19786
1995-08-17 17:25:00,72.0,56.360752
1995-08-17 17:26:00,72.0,61.825695
1995-08-17 17:27:00,54.0,63.37773
1995-08-17 17:28:00,50.0,57.516
1995-08-17 17:29:00,39.0,46.873814
1995-08-17 17:30:00,71.0,52.749905
1995-08-17 17:31:00,61.0,58.756794
1995-08-17 17:32:00,49.0,59.691837
1995-08-17 17:33:00,40.0,54.624134
1995-08-17 17:34:00,54.0,47.375465
1995-08-17 17:35:00,48.0,50.688942
1995-08-17 17:36:00,31.0,41.22861
1995-08-17 17:37:00,35.0,46.853203
1995-08-17 17:38:00,33.0,44.826412
1995-08-17 17:39:00,26.0,37.17922
1995-08-17 17:40:00,18.0,25.080118
1995-08-17 17:41:00,67.0,30.23918
1995-08-17 17:42:00,36.0,28.767931
1995-08-17 17:43:00,46.0,45.342484
1995-08-17 17:44:00,51.0,49.0997
1995-08-17 17:45:00,50.0,43.16445
1995-08-17 17:46:00,88.0,51.07703
1995-08-17 17:47:00,68.0,62.38551
1995-08-17 17:48:00,50.0,54.39494
1995-08-17 17:49:00,45.0,46.171
1995-08-17 17:50:00,61.0,48.883766
1995-08-17 17:51:00,40.0,42.71886
1995-08-17 17:52:00,67.0,50.589005
1995-08-17 17:53:00,42.0,53.083546
1995-08-17 17:54:00,37.0,46.313698
1995-08-17 17:55:00,38.0,43.395847
1995-08-17 17:56:00,25.0,34.74773
1995-08-17 17:57:00,29.0,26.332224
1995-08-17 17:58:00,34.0,34.10138
1995-08-17 17:59:00,49.0,34.202435
1995-08-17 18:00:00,73.0,45.21934
1995-08-17 18:01:00,51.0,53.30944
1995-08-17 18:02:00,40.0,40.377876
1995-08-17 18:03:00,32.0,38.677307
1995-08-17 18:04:00,44.0,35.59799
1995-08-17 18:05:00,43.0,41.42992
1995-08-17 18:06:00,53.0,44.730385
1995-08-17 18:07:00,44.0,48.65795
1995-08-17 18:08:00,56.0,47.48634
1995-08-17 18:09:00,58.0,52.455914
1995-08-17 18:10:00,34.0,49.783066
1995-08-17 18:11:00,41.0,43.999187
1995-08-17 18:12:00,33.0,37.083687
1995-08-17 18:13:00,20.0,27.763988
1995-08-17 18:14:00,42.0,35.139633
1995-08-17 18:15:00,24.0,43.859943
1995-08-17 18:16:00,18.0,34.12146
1995-08-17 18:17:00,42.0,29.880531
1995-08-17 18:18:00,46.0,40.698032
1995-08-17 18:19:00,47.0,42.34362
1995-08-17 18:20:00,34.0,45.70847
1995-08-17 18:21:00,41.0,42.682228
1995-08-17 18:22:00,51.0,42.636467
1995-08-17 18:23:00,52.0,43.893345
1995-08-17 18:24:00,40.0,45.014874
1995-08-17 18:25:00,67.0,41.13001
1995-08-17 18:26:00,48.0,50.45466
1995-08-17 18:27:00,44.0,48.386166
1995-08-17 18:28:00,35.0,45.347378
1995-08-17 18:29:00,33.0,41.802963
1995-08-17 18:30:00,16.0,39.44318
1995-08-17 18:31:00,13.0,36.082314
1995-08-17 18:32:00,31.0,29.505863
1995-08-17 18:33:00,35.0,35.12622
1995-08-17 18:34:00,34.0,37.634724
1995-08-17 18:35:00,37.0,36.09425
1995-08-17 18:36:00,47.0,33.66244
1995-08-17 18:37:00,36.0,38.662544
1995-08-17 18:38:00,28.0,37.962997
1995-08-17 18:39:00,16.0,33.20685
1995-08-17 18:40:00,32.0,30.723833
1995-08-17 18:41:00,67.0,30.467756
1995-08-17 18:42:00,30.0,44.100742
1995-08-17 18:43:00,46.0,35.50704
1995-08-17 18:44:00,28.0,37.345337
1995-08-17 18:45:00,43.0,36.214138
1995-08-17 18:46:00,60.0,39.015903
1995-08-17 18:47:00,30.0,40.34479
1995-08-17 18:48:00,50.0,36.84399
1995-08-17 18:49:00,80.0,42.74969
1995-08-17 18:50:00,60.0,52.208763
1995-08-17 18:51:00,41.0,52.92947
1995-08-17 18:52:00,32.0,35.956055
1995-08-17 18:53:00,45.0,39.725536
1995-08-17 18:54:00,39.0,43.640507
1995-08-17 18:55:00,48.0,42.89716
1995-08-17 18:56:00,79.0,45.274437
1995-08-17 18:57:00,63.0,56.414383
1995-08-17 18:58:00,43.0,54.034817
1995-08-17 18:59:00,46.0,49.132847
1995-08-17 19:00:00,55.0,47.71139
1995-08-17 19:01:00,62.0,53.243793
1995-08-17 19:02:00,73.0,54.325985
1995-08-17 19:03:00,36.0,55.608467
1995-08-17 19:04:00,72.0,48.08548
1995-08-17 19:05:00,48.0,56.211414
1995-08-17 19:06:00,25.0,52.11329
1995-08-17 19:07:00,16.0,30.995903
1995-08-17 19:08:00,33.0,39.716515
1995-08-17 19:09:00,52.0,46.49555
1995-08-17 19:10:00,27.0,44.052402
1995-08-17 19:11:00,33.0,40.163803
1995-08-17 19:12:00,19.0,43.788235
1995-08-17 19:13:00,24.0,35.28916
1995-08-17 19:14:00,35.0,35.486572
1995-08-17 19:15:00,31.0,39.144333
1995-08-17 19:16:00,17.0,39.21899
1995-08-17 19:17:00,45.0,30.545563
1995-08-17 19:18:00,47.0,42.78638
1995-08-17 19:19:00,53.0,42.867226
1995-08-17 19:20:00,61.0,44.777554
1995-08-17 19:21:00,58.0,50.43062
1995-08-17 19:22:00,26.0,49.368904
1995-08-17 19:23:00,21.0,32.721344
1995-08-17 19:24:00,32.0,31.076569
1995-08-17 19:25:00,59.0,39.490456
1995-08-17 19:26:00,38.0,46.689503
1995-08-17 19:27:00,28.0,41.296223
1995-08-17 19:28:00,23.0,35.128513
1995-08-17 19:29:00,28.0,34.161385
1995-08-17 19:30:00,29.0,34.45052
1995-08-17 19:31:00,33.0,35.344723
1995-08-17 19:32:00,48.0,35.052044
1995-08-17 19:33:00,28.0,32.99927
1995-08-17 19:34:00,41.0,35.42157
1995-08-17 19:35:00,41.0,41.162476
1995-08-17 19:36:00,31.0,35.53108
1995-08-17 19:37:00,56.0,36.292484
1995-08-17 19:38:00,49.0,43.06857
1995-08-17 19:39:00,36.0,42.340347
1995-08-17 19:40:00,40.0,30.318773
1995-08-17 19:41:00,50.0,33.370815
1995-08-17 19:42:00,60.0,43.658264
1995-08-17 19:43:00,33.0,35.58791
1995-08-17 19:44:00,37.0,37.892723
1995-08-17 19:45:00,41.0,41.807636
1995-08-17 19:46:00,47.0,42.65194
1995-08-17 19:47:00,50.0,43.03032
1995-08-17 19:48:00,62.0,46.28774
1995-08-17 19:49:00,29.0,52.139153
1995-08-17 19:50:00,53.0,37.73341
1995-08-17 19:51:00,42.0,47.295017
1995-08-17 19:52:00,41.0,40.37336
1995-08-17 19:53:00,37.0,44.000282
1995-08-17 19:54:00,28.0,39.814407
1995-08-17 19:55:00,23.0,31.500736
1995-08-17 19:56:00,36.0,35.38562
1995-08-17 19:57:00,19.0,37.688675
1995-08-17 19:58:00,26.0,33.54766
1995-08-17 19:59:00,29.0,33.27526
1995-08-17 20:00:00,23.0,24.35583
1995-08-17 20:01:00,26.0,31.342518
1995-08-17 20:02:00,19.0,23.700615
1995-08-17 20:03:00,21.0,27.749315
1995-08-17 20:04:00,25.0,16.388697
1995-08-17 20:05:00,28.0,30.02317
1995-08-17 20:06:00,35.0,31.17883
1995-08-17 20:07:00,29.0,29.379457
1995-08-17 20:08:00,38.0,28.664745
1995-08-17 20:09:00,56.0,34.51681
1995-08-17 20:10:00,35.0,35.307274
1995-08-17 20:11:00,24.0,20.476025
1995-08-17 20:12:00,33.0,32.39328
1995-08-17 20:13:00,57.0,38.196068
1995-08-17 20:14:00,42.0,38.008812
1995-08-17 20:15:00,61.0,29.569826
1995-08-17 20:16:00,57.0,41.26321
1995-08-17 20:17:00,63.0,44.73235
1995-08-17 20:18:00,69.0,40.86001
1995-08-17 20:19:00,54.0,51.87342
1995-08-17 20:20:00,24.0,39.7871
1995-08-17 20:21:00,45.0,37.87825
1995-08-17 20:22:00,29.0,43.205643
1995-08-17 20:23:00,65.0,35.848373
1995-08-17 20:24:00,54.0,45.22397
1995-08-17 20:25:00,43.0,37.835976
1995-08-17 20:26:00,37.0,38.35948
1995-08-17 20:27:00,45.0,41.117527
1995-08-17 20:28:00,51.0,41.849277
1995-08-17 20:29:00,45.0,50.810284
1995-08-17 20:30:00,51.0,45.711353
1995-08-17 20:31:00,82.0,50.51881
1995-08-17 20:32:00,34.0,51.48017
1995-08-17 20:33:00,52.0,41.70195
1995-08-17 20:34:00,36.0,47.733208
1995-08-17 20:35:00,26.0,45.00168
1995-08-17 20:36:00,37.0,22.703506
1995-08-17 20:37:00,42.0,42.87314
1995-08-17 20:38:00,25.0,37.800457
1995-08-17 20:39:00,39.0,36.416527
1995-08-17 20:40:00,39.0,39.721428
1995-08-17 20:41:00,36.0,40.551643
1995-08-17 20:42:00,27.0,21.076962
1995-08-17 20:43:00,34.0,37.28644
1995-08-17 20:44:00,31.0,35.474743
1995-08-17 20:45:00,33.0,40.70528
1995-08-17 20:46:00,21.0,26.383152
1995-08-17 20:47:00,29.0,33.2277
1995-08-17 20:48:00,20.0,34.778847
1995-08-17 20:49:00,58.0,27.51814
1995-08-17 20:50:00,26.0,39.08644
1995-08-17 20:51:00,36.0,31.228111
1995-08-17 20:52:00,16.0,39.467342
1995-08-17 20:53:00,34.0,32.167088
1995-08-17 20:54:00,41.0,31.026249
1995-08-17 20:55:00,31.0,38.98812
1995-08-17 20:56:00,41.0,35.128193
1995-08-17 20:57:00,48.0,39.169636
1995-08-17 20:58:00,43.0,41.941025
1995-08-17 20:59:00,35.0,39.44724
1995-08-17 21:00:00,37.0,35.99285
1995-08-17 21:01:00,37.0,30.62768
1995-08-17 21:02:00,31.0,38.377464
1995-08-17 21:03:00,44.0,36.961388
1995-08-17 21:04:00,33.0,41.79248
1995-08-17 21:05:00,39.0,36.539146
1995-08-17 21:06:00,38.0,39.746483
1995-08-17 21:07:00,40.0,37.34252
1995-08-17 21:08:00,36.0,37.816456
1995-08-17 21:09:00,15.0,25.946142
1995-08-17 21:10:00,9.0,23.6981
1995-08-17 21:11:00,42.0,25.973307
1995-08-17 21:12:00,61.0,36.32853
1995-08-17 21:13:00,28.0,40.102688
1995-08-17 21:14:00,25.0,35.995533
1995-08-17 21:15:00,36.0,32.846016
1995-08-17 21:16:00,18.0,29.155945
1995-08-17 21:17:00,21.0,31.041988
1995-08-17 21:18:00,10.0,31.169662
1995-08-17 21:19:00,18.0,27.126537
1995-08-17 21:20:00,17.0,23.483927
1995-08-17 21:21:00,40.0,27.023924
1995-08-17 21:22:00,38.0,27.454353
1995-08-17 21:23:00,37.0,35.99189
1995-08-17 21:24:00,35.0,34.705833
1995-08-17 21:25:00,56.0,34.257065
1995-08-17 21:26:00,42.0,31.205261
1995-08-17 21:27:00,32.0,40.49354
1995-08-17 21:28:00,27.0,27.338482
1995-08-17 21:29:00,49.0,29.352945
1995-08-17 21:30:00,36.0,23.206125
1995-08-17 21:31:00,28.0,25.343151
1995-08-17 21:32:00,20.0,21.644466
1995-08-17 21:33:00,52.0,26.60585
1995-08-17 21:34:00,47.0,35.41007
1995-08-17 21:35:00,43.0,39.71538
1995-08-17 21:36:00,29.0,23.499245
1995-08-17 21:37:00,16.0,28.817568
1995-08-17 21:38:00,52.0,30.118011
1995-08-17 21:39:00,34.0,36.767376
1995-08-17 21:40:00,14.0,18.942278
1995-08-17 21:41:00,20.0,28.281761
1995-08-17 21:42:00,16.0,28.599955
1995-08-17 21:43:00,19.0,16.349163
1995-08-17 21:44:00,22.0,24.490232
1995-08-17 21:45:00,38.0,28.611107
1995-08-17 21:46:00,30.0,27.086706
1995-08-17 21:47:00,38.0,28.761189
1995-08-17 21:48:00,35.0,34.96873
1995-08-17 21:49:00,43.0,36.20254
1995-08-17 21:50:00,21.0,38.527645
1995-08-17 21:51:00,23.0,33.488075
1995-08-17 21:52:00,38.0,32.34252
1995-08-17 21:53:00,45.0,32.81947
1995-08-17 21:54:00,32.0,25.075523
1995-08-17 21:55:00,36.0,31.895206
1995-08-17 21:56:00,40.0,37.88463
1995-08-17 21:57:00,23.0,25.357355
1995-08-17 21:58:00,33.0,31.567024
1995-08-17 21:59:00,39.0,34.23826
1995-08-17 22:00:00,53.0,32.59757
1995-08-17 22:01:00,35.0,39.120728
1995-08-17 22:02:00,28.0,26.08981
1995-08-17 22:03:00,36.0,31.721375
1995-08-17 22:04:00,29.0,25.218904
1995-08-17 22:05:00,23.0,34.246902
1995-08-17 22:06:00,35.0,28.744526
1995-08-17 22:07:00,27.0,25.775448
1995-08-17 22:08:00,27.0,22.87498
1995-08-17 22:09:00,58.0,29.449324
1995-08-17 22:10:00,49.0,27.341082
1995-08-17 22:11:00,44.0,38.04863
1995-08-17 22:12:00,34.0,37.080498
1995-08-17 22:13:00,48.0,37.489616
1995-08-17 22:14:00,51.0,41.392323
1995-08-17 22:15:00,28.0,18.196993
1995-08-17 22:16:00,41.0,28.65457
1995-08-17 22:17:00,24.0,28.933443
1995-08-17 22:18:00,16.0,27.629826
1995-08-17 22:19:00,23.0,16.247221
1995-08-17 22:20:00,21.0,30.44123
1995-08-17 22:21:00,27.0,22.405037
1995-08-17 22:22:00,39.0,30.147272
1995-08-17 22:23:00,21.0,38.258553
1995-08-17 22:24:00,17.0,29.827972
1995-08-17 22:25:00,19.0,19.51479
1995-08-17 22:26:00,46.0,28.19981
1995-08-17 22:27:00,42.0,36.36002
1995-08-17 22:28:00,39.0,32.448418
1995-08-17 22:29:00,40.0,36.930176
1995-08-17 22:30:00,46.0,27.099379
1995-08-17 22:31:00,37.0,30.261122
1995-08-17 22:32:00,23.0,38.90758
1995-08-17 22:33:00,32.0,30.568308
1995-08-17 22:34:00,20.0,23.80351
1995-08-17 22:35:00,35.0,24.557257
1995-08-17 22:36:00,40.0,31.709278
1995-08-17 22:37:00,31.0,31.116814
1995-08-17 22:38:00,41.0,29.535181
1995-08-17 22:39:00,16.0,29.190008
1995-08-17 22:40:00,29.0,28.429129
1995-08-17 22:41:00,17.0,37.657932
1995-08-17 22:42:00,40.0,30.38503
1995-08-17 22:43:00,30.0,32.63093
1995-08-17 22:44:00,16.0,17.886375
1995-08-17 22:45:00,28.0,25.814846
1995-08-17 22:46:00,24.0,23.988298
1995-08-17 22:47:00,15.0,13.04626
1995-08-17 22:48:00,29.0,19.214972
1995-08-17 22:49:00,21.0,21.925478
1995-08-17 22:50:00,33.0,28.088558
1995-08-17 22:51:00,29.0,31.528503
1995-08-17 22:52:00,31.0,26.342665
1995-08-17 22:53:00,45.0,32.54449
1995-08-17 22:54:00,33.0,36.80852
1995-08-17 22:55:00,19.0,33.105682
1995-08-17 22:56:00,15.0,22.510023
1995-08-17 22:57:00,21.0,21.523617
1995-08-17 22:58:00,9.0,25.2282
1995-08-17 22:59:00,12.0,24.56168
1995-08-17 23:00:00,26.0,21.759922
1995-08-17 23:01:00,16.0,27.011967
1995-08-17 23:02:00,20.0,21.675137
1995-08-17 23:03:00,22.0,23.368643
1995-08-17 23:04:00,24.0,17.747454
1995-08-17 23:05:00,21.0,19.504496
1995-08-17 23:06:00,24.0,16.324928
1995-08-17 23:07:00,3.0,18.933655
1995-08-17 23:08:00,23.0,14.088808
1995-08-17 23:09:00,25.0,14.726917
1995-08-17 23:10:00,36.0,23.325216
1995-08-17 23:11:00,34.0,30.50064
1995-08-17 23:12:00,28.0,20.785055
1995-08-17 23:13:00,49.0,30.269686
1995-08-17 23:14:00,40.0,37.131287
1995-08-17 23:15:00,44.0,26.038956
1995-08-17 23:16:00,28.0,37.44159
1995-08-17 23:17:00,40.0,27.028803
1995-08-17 23:18:00,67.0,34.12455
1995-08-17 23:19:00,64.0,43.123734
1995-08-17 23:20:00,55.0,40.704517
1995-08-17 23:21:00,64.0,47.20539
1995-08-17 23:22:00,56.0,45.797897
1995-08-17 23:23:00,45.0,37.955597
1995-08-17 23:24:00,40.0,40.644512
1995-08-17 23:25:00,34.0,42.9745
1995-08-17 23:26:00,20.0,32.51624
1995-08-17 23:27:00,25.0,36.716255
1995-08-17 23:28:00,25.0,30.129477
1995-08-17 23:29:00,14.0,27.56011
1995-08-17 23:30:00,12.0,25.462906
1995-08-17 23:31:00,15.0,15.046932
1995-08-17 23:32:00,23.0,18.04899
1995-08-17 23:33:00,38.0,29.159332
1995-08-17 23:34:00,49.0,32.4908
1995-08-17 23:35:00,29.0,39.16865
1995-08-17 23:36:00,28.0,28.550137
1995-08-17 23:37:00,32.0,31.024525
1995-08-17 23:38:00,30.0,35.074295
1995-08-17 23:39:00,23.0,33.134308
1995-08-17 23:40:00,20.0,28.366623
1995-08-17 23:41:00,31.0,29.581402
1995-08-17 23:42:00,41.0,34.56922
1995-08-17 23:43:00,35.0,39.048565
1995-08-17 23:44:00,37.0,29.188265
1995-08-17 23:45:00,32.0,29.119078
1995-08-17 23:46:00,30.0,26.70902
1995-08-17 23:47:00,51.0,29.27499
1995-08-17 23:48:00,22.0,37.649067
1995-08-17 23:49:00,25.0,30.79817
1995-08-17 23:50:00,36.0,32.83452
1995-08-17 23:51:00,33.0,22.760523
1995-08-17 23:52:00,10.0,26.411657
1995-08-17 23:53:00,25.0,20.315624
1995-08-17 23:54:00,20.0,25.384773
1995-08-17 23:55:00,18.0,27.60656
1995-08-17 23:56:00,14.0,19.175999
1995-08-17 23:57:00,23.0,24.711681
1995-08-17 23:58:00,24.0,20.160004
1995-08-17 23:59:00,16.0,19.700548
1995-08-18 00:00:00,18.0,22.19966
1995-08-18 00:01:00,17.0,10.064247
1995-08-18 00:02:00,19.0,22.122059
1995-08-18 00:03:00,24.0,24.608076
1995-08-18 00:04:00,18.0,20.339645
1995-08-18 00:05:00,31.0,20.207632
1995-08-18 00:06:00,29.0,22.573645
1995-08-18 00:07:00,30.0,28.151049
1995-08-18 00:08:00,20.0,23.048767
1995-08-18 00:09:00,32.0,21.418354
1995-08-18 00:10:00,25.0,23.153963
1995-08-18 00:11:00,28.0,25.211699
1995-08-18 00:12:00,32.0,22.240377
1995-08-18 00:13:00,51.0,30.032335
1995-08-18 00:14:00,23.0,34.45855
1995-08-18 00:15:00,32.0,25.254698
1995-08-18 00:16:00,24.0,29.643316
1995-08-18 00:17:00,44.0,23.460438
1995-08-18 00:18:00,48.0,35.620323
1995-08-18 00:19:00,41.0,29.673468
1995-08-18 00:20:00,15.0,18.654316
1995-08-18 00:21:00,29.0,22.665451
1995-08-18 00:22:00,7.0,11.966957
1995-08-18 00:23:00,24.0,17.292341
1995-08-18 00:24:00,5.0,11.212951
1995-08-18 00:25:00,12.0,14.386686
1995-08-18 00:26:00,26.0,17.665003
1995-08-18 00:27:00,12.0,20.836895
1995-08-18 00:28:00,4.0,15.8590355
1995-08-18 00:29:00,14.0,12.114954
1995-08-18 00:30:00,14.0,17.32504
1995-08-18 00:31:00,22.0,20.436789
1995-08-18 00:32:00,21.0,18.808903
1995-08-18 00:33:00,24.0,18.64178
1995-08-18 00:34:00,17.0,21.09593
1995-08-18 00:35:00,24.0,19.549997
1995-08-18 00:36:00,17.0,16.648415
1995-08-18 00:37:00,32.0,19.029654
1995-08-18 00:38:00,24.0,25.688534
1995-08-18 00:39:00,13.0,16.350796
1995-08-18 00:40:00,7.0,13.67804
1995-08-18 00:41:00,8.0,13.66358
1995-08-18 00:42:00,12.0,15.318979
1995-08-18 00:43:00,4.0,15.619741
1995-08-18 00:44:00,20.0,12.113303
1995-08-18 00:45:00,29.0,19.276297
1995-08-18 00:46:00,18.0,13.846518
1995-08-18 00:47:00,24.0,16.36531
1995-08-18 00:48:00,8.0,9.136225
1995-08-18 00:49:00,10.0,11.301739
1995-08-18 00:50:00,25.0,19.61832
1995-08-18 00:51:00,11.0,14.606866
1995-08-18 00:52:00,11.0,17.6502
1995-08-18 00:53:00,19.0,17.701765
1995-08-18 00:54:00,28.0,17.745214
1995-08-18 00:55:00,23.0,23.120844
1995-08-18 00:56:00,14.0,19.692436
1995-08-18 00:57:00,22.0,12.835831
1995-08-18 00:58:00,17.0,10.667472
1995-08-18 00:59:00,20.0,13.701197
1995-08-18 01:00:00,30.0,21.613184
1995-08-18 01:01:00,22.0,20.394485
1995-08-18 01:02:00,20.0,20.475088
1995-08-18 01:03:00,23.0,24.969994
1995-08-18 01:04:00,30.0,23.038816
1995-08-18 01:05:00,17.0,22.10193
1995-08-18 01:06:00,17.0,22.290167
1995-08-18 01:07:00,21.0,22.150187
1995-08-18 01:08:00,33.0,24.615513
1995-08-18 01:09:00,29.0,26.256926
1995-08-18 01:10:00,31.0,22.730297
1995-08-18 01:11:00,22.0,25.54999
1995-08-18 01:12:00,18.0,24.487381
1995-08-18 01:13:00,26.0,22.40916
1995-08-18 01:14:00,32.0,24.550074
1995-08-18 01:15:00,32.0,22.41554
1995-08-18 01:16:00,36.0,27.313791
1995-08-18 01:17:00,20.0,24.449533
1995-08-18 01:18:00,32.0,24.45
1995-08-18 01:19:00,13.0,22.660627
1995-08-18 01:20:00,15.0,17.848522
1995-08-18 01:21:00,21.0,19.972662
1995-08-18 01:22:00,17.0,22.874496
1995-08-18 01:23:00,31.0,22.390945
1995-08-18 01:24:00,17.0,9.208544
1995-08-18 01:25:00,19.0,20.04291
1995-08-18 01:26:00,24.0,21.910877
1995-08-18 01:27:00,38.0,19.040712
1995-08-18 01:28:00,35.0,18.835146
1995-08-18 01:29:00,13.0,16.26003
1995-08-18 01:30:00,28.0,18.23268
1995-08-18 01:31:00,23.0,21.258455
1995-08-18 01:32:00,24.0,18.706991
1995-08-18 01:33:00,27.0,25.390839
1995-08-18 01:34:00,32.0,16.740248
1995-08-18 01:35:00,37.0,27.94106
1995-08-18 01:36:00,29.0,30.043873
1995-08-18 01:37:00,41.0,27.75554
1995-08-18 01:38:00,23.0,24.696507
1995-08-18 01:39:00,18.0,18.419895
1995-08-18 01:40:00,24.0,20.638834
1995-08-18 01:41:00,30.0,26.07867
1995-08-18 01:42:00,22.0,23.51502
1995-08-18 01:43:00,21.0,18.098316
1995-08-18 01:44:00,37.0,24.969282
1995-08-18 01:45:00,17.0,22.94636
1995-08-18 01:46:00,24.0,13.862941
1995-08-18 01:47:00,40.0,22.272089
1995-08-18 01:48:00,26.0,29.172874
1995-08-18 01:49:00,33.0,28.139944
1995-08-18 01:50:00,31.0,24.77965
1995-08-18 01:51:00,14.0,26.54606
1995-08-18 01:52:00,24.0,18.694601
1995-08-18 01:53:00,50.0,25.18876
1995-08-18 01:54:00,35.0,31.069138
1995-08-18 01:55:00,35.0,30.71599
1995-08-18 01:56:00,30.0,29.60313
1995-08-18 01:57:00,48.0,30.82681
1995-08-18 01:58:00,45.0,29.26063
1995-08-18 01:59:00,25.0,31.958794
1995-08-18 02:00:00,22.0,26.030893
1995-08-18 02:01:00,33.0,24.919062
1995-08-18 02:02:00,20.0,25.004393
1995-08-18 02:03:00,19.0,18.068365
1995-08-18 02:04:00,11.0,17.8977
1995-08-18 02:05:00,13.0,21.447464
1995-08-18 02:06:00,20.0,20.616497
1995-08-18 02:07:00,15.0,14.108373
1995-08-18 02:08:00,23.0,16.441978
1995-08-18 02:09:00,22.0,18.527313
1995-08-18 02:10:00,20.0,24.98004
1995-08-18 02:11:00,36.0,22.758585
1995-08-18 02:12:00,28.0,27.668514
1995-08-18 02:13:00,16.0,23.113543
1995-08-18 02:14:00,17.0,20.726215
1995-08-18 02:15:00,5.0,13.317186
1995-08-18 02:16:00,6.0,10.624996
1995-08-18 02:17:00,8.0,9.217329
1995-08-18 02:18:00,9.0,10.899909
1995-08-18 02:19:00,10.0,15.315458
1995-08-18 02:20:00,10.0,13.690714
1995-08-18 02:21:00,12.0,17.837263
1995-08-18 02:22:00,27.0,18.778912
1995-08-18 02:23:00,13.0,20.122871
1995-08-18 02:24:00,7.0,6.9867435
1995-08-18 02:25:00,13.0,13.932867
1995-08-18 02:26:00,15.0,13.934235
1995-08-18 02:27:00,26.0,18.208975
1995-08-18 02:28:00,34.0,14.756619
1995-08-18 02:29:00,17.0,12.261633
1995-08-18 02:30:00,15.0,18.77836
1995-08-18 02:31:00,19.0,15.758284
1995-08-18 02:32:00,17.0,18.577389
1995-08-18 02:33:00,19.0,14.946794
1995-08-18 02:34:00,3.0,18.450422
1995-08-18 02:35:00,27.0,16.048332
1995-08-18 02:36:00,39.0,19.929943
1995-08-18 02:37:00,20.0,23.053785
1995-08-18 02:38:00,14.0,20.614723
1995-08-18 02:39:00,24.0,19.921528
1995-08-18 02:40:00,22.0,16.725674
1995-08-18 02:41:00,27.0,22.906109
1995-08-18 02:42:00,18.0,21.57821
1995-08-18 02:43:00,16.0,20.501165
1995-08-18 02:44:00,15.0,11.216985
1995-08-18 02:45:00,22.0,14.838215
1995-08-18 02:46:00,19.0,17.998463
1995-08-18 02:47:00,9.0,18.085604
1995-08-18 02:48:00,34.0,16.88362
1995-08-18 02:49:00,34.0,21.826052
1995-08-18 02:50:00,9.0,22.037807
1995-08-18 02:51:00,27.0,13.221147
1995-08-18 02:52:00,34.0,21.32335
1995-08-18 02:53:00,26.0,23.626106
1995-08-18 02:54:00,28.0,21.21031
1995-08-18 02:55:00,16.0,24.096832
1995-08-18 02:56:00,20.0,20.251749
1995-08-18 02:57:00,12.0,22.709259
1995-08-18 02:58:00,11.0,20.160448
1995-08-18 02:59:00,15.0,17.892248
1995-08-18 03:00:00,31.0,18.916353
1995-08-18 03:01:00,31.0,21.478657
1995-08-18 03:02:00,23.0,25.959278
1995-08-18 03:03:00,32.0,25.398201
1995-08-18 03:04:00,25.0,26.71718
1995-08-18 03:05:00,12.0,18.091343
1995-08-18 03:06:00,15.0,18.875256
1995-08-18 03:07:00,14.0,17.927717
1995-08-18 03:08:00,20.0,18.297737
1995-08-18 03:09:00,15.0,16.375713
1995-08-18 03:10:00,21.0,17.739098
1995-08-18 03:11:00,22.0,20.939247
1995-08-18 03:12:00,20.0,20.298882
1995-08-18 03:13:00,13.0,7.6087227
1995-08-18 03:14:00,16.0,17.944918
1995-08-18 03:15:00,21.0,20.235712
1995-08-18 03:16:00,8.0,23.787472
1995-08-18 03:17:00,10.0,8.137156
1995-08-18 03:18:00,9.0,16.365803
1995-08-18 03:19:00,5.0,14.415463
1995-08-18 03:20:00,8.0,14.909881
1995-08-18 03:21:00,14.0,13.379063
1995-08-18 03:22:00,9.0,10.523546
1995-08-18 03:23:00,31.0,13.304592
1995-08-18 03:24:00,34.0,23.113777
1995-08-18 03:25:00,19.0,18.43328
1995-08-18 03:26:00,20.0,20.147472
1995-08-18 03:27:00,20.0,19.382147
1995-08-18 03:28:00,15.0,12.793243
1995-08-18 03:29:00,14.0,11.871601
1995-08-18 03:30:00,17.0,18.328741
1995-08-18 03:31:00,13.0,11.580279
1995-08-18 03:32:00,11.0,14.254896
1995-08-18 03:33:00,21.0,10.315486
1995-08-18 03:34:00,22.0,18.348927
1995-08-18 03:35:00,46.0,19.5177
1995-08-18 03:36:00,46.0,29.430325
1995-08-18 03:37:00,21.0,26.90184
1995-08-18 03:38:00,13.0,22.12046
1995-08-18 03:39:00,20.0,12.942877
1995-08-18 03:40:00,3.0,7.484806
1995-08-18 03:41:00,23.0,13.402338
1995-08-18 03:42:00,8.0,11.12216
1995-08-18 03:43:00,10.0,11.099219
1995-08-18 03:44:00,39.0,14.86574
1995-08-18 03:45:00,22.0,24.404049
1995-08-18 03:46:00,20.0,13.223104
1995-08-18 03:47:00,11.0,10.138372
1995-08-18 03:48:00,28.0,17.655624
1995-08-18 03:49:00,28.0,22.137926
1995-08-18 03:50:00,27.0,21.783756
1995-08-18 03:51:00,18.0,20.070309
1995-08-18 03:52:00,14.0,20.596458
1995-08-18 03:53:00,11.0,13.804116
1995-08-18 03:54:00,13.0,15.060677
1995-08-18 03:55:00,21.0,12.376449
1995-08-18 03:56:00,25.0,22.488895
1995-08-18 03:57:00,6.0,20.028635
1995-08-18 03:58:00,12.0,12.813796
1995-08-18 03:59:00,7.0,10.503549
1995-08-18 04:00:00,20.0,15.542551
1995-08-18 04:01:00,32.0,18.90728
1995-08-18 04:02:00,19.0,18.246262
1995-08-18 04:03:00,11.0,8.180744
1995-08-18 04:04:00,11.0,14.631675
1995-08-18 04:05:00,12.0,7.381234
1995-08-18 04:06:00,10.0,13.418376
1995-08-18 04:07:00,17.0,17.303434
1995-08-18 04:08:00,18.0,9.307715
1995-08-18 04:09:00,7.0,4.740285
1995-08-18 04:10:00,17.0,10.21224
1995-08-18 04:11:00,12.0,12.28551
1995-08-18 04:12:00,16.0,9.025907
1995-08-18 04:13:00,37.0,14.711952
1995-08-18 04:14:00,22.0,19.669601
1995-08-18 04:15:00,16.0,11.830967
1995-08-18 04:16:00,13.0,18.96658
1995-08-18 04:17:00,11.0,13.837696
1995-08-18 04:18:00,15.0,16.451403
1995-08-18 04:19:00,35.0,16.86368
1995-08-18 04:20:00,13.0,18.647083
1995-08-18 04:21:00,10.0,11.049816
1995-08-18 04:22:00,8.0,10.6641035
1995-08-18 04:23:00,15.0,15.073471
1995-08-18 04:24:00,21.0,11.680587
1995-08-18 04:25:00,20.0,17.796076
1995-08-18 04:26:00,13.0,15.879215
1995-08-18 04:27:00,13.0,13.781682
1995-08-18 04:28:00,15.0,8.602221
1995-08-18 04:29:00,5.0,10.485281
1995-08-18 04:30:00,20.0,13.913253
1995-08-18 04:31:00,26.0,19.172256
1995-08-18 04:32:00,26.0,18.83459
1995-08-18 04:33:00,5.0,21.286795
1995-08-18 04:34:00,4.0,13.357522
1995-08-18 04:35:00,11.0,11.345517
1995-08-18 04:36:00,11.0,15.114601
1995-08-18 04:37:00,9.0,8.407572
1995-08-18 04:38:00,11.0,13.77037
1995-08-18 04:39:00,9.0,8.413478
1995-08-18 04:40:00,13.0,10.59537
1995-08-18 04:41:00,14.0,9.463156
1995-08-18 04:42:00,24.0,16.332716
1995-08-18 04:43:00,20.0,17.347271
1995-08-18 04:44:00,17.0,19.886873
1995-08-18 04:45:00,20.0,17.899137
1995-08-18 04:46:00,18.0,17.04502
1995-08-18 04:47:00,8.0,15.749781
1995-08-18 04:48:00,15.0,13.145225
1995-08-18 04:49:00,13.0,15.480457
1995-08-18 04:50:00,8.0,14.31711
1995-08-18 04:51:00,10.0,14.099017
1995-08-18 04:52:00,18.0,13.738077
1995-08-18 04:53:00,28.0,19.75778
1995-08-18 04:54:00,17.0,20.387587
1995-08-18 04:55:00,14.0,16.921137
1995-08-18 04:56:00,30.0,16.859694
1995-08-18 04:57:00,11.0,12.712797
1995-08-18 04:58:00,10.0,11.880544
1995-08-18 04:59:00,15.0,16.676115
1995-08-18 05:00:00,13.0,17.159178
1995-08-18 05:01:00,6.0,17.603844
1995-08-18 05:02:00,20.0,13.858923
1995-08-18 05:03:00,10.0,11.182595
1995-08-18 05:04:00,21.0,16.11347
1995-08-18 05:05:00,17.0,17.039371
1995-08-18 05:06:00,5.0,9.850954
1995-08-18 05:07:00,12.0,10.041597
1995-08-18 05:08:00,22.0,13.807159
1995-08-18 05:09:00,10.0,18.417002
1995-08-18 05:10:00,10.0,9.812746
1995-08-18 05:11:00,44.0,13.501578
1995-08-18 05:12:00,46.0,23.282482
1995-08-18 05:13:00,23.0,24.246319
1995-08-18 05:14:00,20.0,16.081703
1995-08-18 05:15:00,19.0,18.076283
1995-08-18 05:16:00,19.0,12.448745
1995-08-18 05:17:00,11.0,14.575437
1995-08-18 05:18:00,15.0,12.140078
1995-08-18 05:19:00,24.0,15.78891
1995-08-18 05:20:00,11.0,12.145771
1995-08-18 05:21:00,23.0,16.009186
1995-08-18 05:22:00,4.0,13.172264
1995-08-18 05:23:00,20.0,14.447737
1995-08-18 05:24:00,14.0,15.125948
1995-08-18 05:25:00,2.0,4.179629
1995-08-18 05:26:00,10.0,7.3994436
1995-08-18 05:27:00,19.0,9.905799
1995-08-18 05:28:00,0.0,2.5574276
1995-08-18 05:33:00,8.0,13.126615
1995-08-18 05:35:00,8.0,9.186889
1995-08-18 05:36:00,10.0,9.659129
1995-08-18 05:37:00,7.0,4.202685
1995-08-18 05:38:00,10.0,7.475152
1995-08-18 05:39:00,15.0,8.933776
1995-08-18 05:40:00,13.0,11.560191
1995-08-18 05:41:00,11.0,10.182273
1995-08-18 05:42:00,9.0,14.276467
1995-08-18 05:43:00,5.0,7.2146006
1995-08-18 05:45:00,25.0,15.109131
1995-08-18 05:46:00,24.0,15.144936
1995-08-18 05:47:00,13.0,10.429168
1995-08-18 05:48:00,11.0,11.482504
1995-08-18 05:49:00,11.0,8.403858
1995-08-18 05:50:00,23.0,11.102543
1995-08-18 05:51:00,17.0,15.903667
1995-08-18 05:52:00,14.0,13.189562
1995-08-18 05:53:00,20.0,16.461184
1995-08-18 05:54:00,17.0,14.606498
1995-08-18 05:55:00,22.0,18.909327
1995-08-18 05:56:00,11.0,16.003616
1995-08-18 05:57:00,47.0,15.713602
1995-08-18 05:58:00,32.0,21.10387
1995-08-18 05:59:00,12.0,21.384972
1995-08-18 06:00:00,11.0,13.678201
1995-08-18 06:01:00,13.0,15.108656
1995-08-18 06:02:00,17.0,13.571577
1995-08-18 06:03:00,11.0,14.680529
1995-08-18 06:04:00,8.0,11.090664
1995-08-18 06:05:00,20.0,12.649264
1995-08-18 06:06:00,23.0,11.573104
1995-08-18 06:07:00,23.0,14.203652
1995-08-18 06:08:00,33.0,20.230736
1995-08-18 06:09:00,24.0,21.978733
1995-08-18 06:10:00,27.0,15.92461
1995-08-18 06:11:00,11.0,23.339384
1995-08-18 06:12:00,18.0,18.181309
1995-08-18 06:13:00,15.0,19.47934
1995-08-18 06:14:00,18.0,14.161778
1995-08-18 06:15:00,10.0,12.866444
1995-08-18 06:16:00,6.0,8.365292
1995-08-18 06:17:00,18.0,13.076512
1995-08-18 06:18:00,24.0,11.771269
1995-08-18 06:19:00,15.0,12.9795885
1995-08-18 06:20:00,8.0,13.300374
1995-08-18 06:21:00,12.0,12.579991
1995-08-18 06:22:00,13.0,12.995496
1995-08-18 06:23:00,10.0,8.282836
1995-08-18 06:24:00,29.0,12.082069
1995-08-18 06:25:00,13.0,21.40719
1995-08-18 06:26:00,9.0,17.20588
1995-08-18 06:27:00,4.0,14.434509
1995-08-18 06:28:00,8.0,10.198817
1995-08-18 06:29:00,16.0,14.393812
1995-08-18 06:30:00,22.0,16.595427
1995-08-18 06:31:00,8.0,9.084693
1995-08-18 06:32:00,14.0,8.695104
1995-08-18 06:33:00,14.0,8.166486
1995-08-18 06:34:00,19.0,9.415148
1995-08-18 06:35:00,11.0,14.129766
1995-08-18 06:36:00,7.0,6.053127
1995-08-18 06:37:00,7.0,12.266079
1995-08-18 06:38:00,40.0,14.118786
1995-08-18 06:39:00,12.0,8.983944
1995-08-18 06:40:00,16.0,14.634917
1995-08-18 06:41:00,16.0,13.102533
1995-08-18 06:42:00,8.0,15.443285
1995-08-18 06:43:00,28.0,16.382807
1995-08-18 06:44:00,26.0,17.458786
1995-08-18 06:45:00,18.0,15.146908
1995-08-18 06:46:00,12.0,11.106145
1995-08-18 06:47:00,6.0,15.556633
1995-08-18 06:48:00,16.0,9.742171
1995-08-18 06:49:00,7.0,9.277471
1995-08-18 06:50:00,3.0,12.793007
1995-08-18 06:51:00,13.0,6.373264
1995-08-18 06:52:00,21.0,15.660164
1995-08-18 06:53:00,35.0,17.104666
1995-08-18 06:54:00,30.0,20.49544
1995-08-18 06:55:00,40.0,18.899157
1995-08-18 06:56:00,34.0,26.89799
1995-08-18 06:57:00,43.0,23.545473
1995-08-18 06:58:00,35.0,28.409481
1995-08-18 06:59:00,12.0,27.47624
1995-08-18 07:00:00,29.0,18.724827
1995-08-18 07:01:00,26.0,20.998302
1995-08-18 07:02:00,25.0,23.411377
1995-08-18 07:03:00,23.0,24.361729
1995-08-18 07:04:00,26.0,22.085892
1995-08-18 07:05:00,22.0,21.094456
1995-08-18 07:06:00,30.0,20.859497
1995-08-18 07:07:00,16.0,21.365576
1995-08-18 07:08:00,19.0,24.508081
1995-08-18 07:09:00,46.0,25.547003
1995-08-18 07:10:00,31.0,36.087963
1995-08-18 07:11:00,26.0,32.182693
1995-08-18 07:12:00,23.0,28.094196
1995-08-18 07:13:00,25.0,26.555946
1995-08-18 07:14:00,37.0,27.193092
1995-08-18 07:15:00,22.0,31.620075
1995-08-18 07:16:00,23.0,28.190407
1995-08-18 07:17:00,59.0,28.545656
1995-08-18 07:18:00,40.0,38.37004
1995-08-18 07:19:00,29.0,26.78225
1995-08-18 07:20:00,22.0,29.336016
1995-08-18 07:21:00,20.0,28.960217
1995-08-18 07:22:00,45.0,29.074308
1995-08-18 07:23:00,21.0,37.53175
1995-08-18 07:24:00,19.0,28.732578
1995-08-18 07:25:00,10.0,15.404644
1995-08-18 07:26:00,24.0,23.209766
1995-08-18 07:27:00,33.0,22.337748
1995-08-18 07:28:00,28.0,30.99842
1995-08-18 07:29:00,25.0,24.052927
1995-08-18 07:30:00,19.0,16.823746
1995-08-18 07:31:00,15.0,20.9593
1995-08-18 07:32:00,13.0,20.070293
1995-08-18 07:33:00,40.0,24.711306
1995-08-18 07:34:00,31.0,22.651552
1995-08-18 07:35:00,24.0,27.608482
1995-08-18 07:36:00,45.0,28.055315
1995-08-18 07:37:00,34.0,37.45043
1995-08-18 07:38:00,17.0,29.189669
1995-08-18 07:39:00,40.0,22.69412
1995-08-18 07:40:00,43.0,28.044296
1995-08-18 07:41:00,56.0,28.829811
1995-08-18 07:42:00,44.0,32.081955
1995-08-18 07:43:00,28.0,32.090008
1995-08-18 07:44:00,45.0,25.747795
1995-08-18 07:45:00,18.0,29.137459
1995-08-18 07:46:00,38.0,27.889141
1995-08-18 07:47:00,59.0,36.110104
1995-08-18 07:48:00,33.0,34.38231
1995-08-18 07:49:00,17.0,27.004515
1995-08-18 07:50:00,16.0,10.866288
1995-08-18 07:51:00,48.0,23.853773
1995-08-18 07:52:00,28.0,32.71317
1995-08-18 07:53:00,17.0,26.728735
1995-08-18 07:54:00,45.0,26.373615
1995-08-18 07:55:00,30.0,22.406944
1995-08-18 07:56:00,25.0,35.91721
1995-08-18 07:57:00,31.0,27.467178
1995-08-18 07:58:00,23.0,27.435167
1995-08-18 07:59:00,14.0,11.997572
1995-08-18 08:00:00,35.0,24.522474
1995-08-18 08:01:00,59.0,31.511902
1995-08-18 08:02:00,32.0,28.771734
1995-08-18 08:03:00,46.0,38.66995
1995-08-18 08:04:00,43.0,28.469627
1995-08-18 08:05:00,41.0,42.610485
1995-08-18 08:06:00,58.0,42.207027
1995-08-18 08:07:00,51.0,42.65964
1995-08-18 08:08:00,56.0,48.483
1995-08-18 08:09:00,24.0,45.800922
1995-08-18 08:10:00,32.0,31.835857
1995-08-18 08:11:00,52.0,37.894855
1995-08-18 08:12:00,39.0,46.293568
1995-08-18 08:13:00,43.0,46.61812
1995-08-18 08:14:00,37.0,34.707176
1995-08-18 08:15:00,26.0,45.962906
1995-08-18 08:16:00,26.0,23.600069
1995-08-18 08:17:00,30.0,36.833733
1995-08-18 08:18:00,45.0,27.839447
1995-08-18 08:19:00,36.0,42.740555
1995-08-18 08:20:00,53.0,41.488136
1995-08-18 08:21:00,33.0,26.79963
1995-08-18 08:22:00,20.0,28.9929
1995-08-18 08:23:00,32.0,18.03051
1995-08-18 08:24:00,41.0,32.60468
1995-08-18 08:25:00,49.0,31.811653
1995-08-18 08:26:00,60.0,39.005447
1995-08-18 08:27:00,37.0,41.996273
1995-08-18 08:28:00,49.0,37.005264
1995-08-18 08:29:00,45.0,38.824986
1995-08-18 08:30:00,62.0,44.921257
1995-08-18 08:31:00,41.0,42.61939
1995-08-18 08:32:00,42.0,48.094982
1995-08-18 08:33:00,41.0,47.067112
1995-08-18 08:34:00,21.0,12.555462
1995-08-18 08:35:00,42.0,42.48456
1995-08-18 08:36:00,38.0,44.295097
1995-08-18 08:37:00,43.0,42.611202
1995-08-18 08:38:00,45.0,37.939243
1995-08-18 08:39:00,33.0,45.32674
1995-08-18 08:40:00,48.0,38.85638
1995-08-18 08:41:00,37.0,45.213367
1995-08-18 08:42:00,31.0,47.04748
1995-08-18 08:43:00,52.0,41.626778
1995-08-18 08:44:00,60.0,48.89866
1995-08-18 08:45:00,38.0,41.96008
1995-08-18 08:46:00,75.0,46.778397
1995-08-18 08:47:00,45.0,48.726
1995-08-18 08:48:00,40.0,46.061855
1995-08-18 08:49:00,72.0,48.411713
1995-08-18 08:50:00,76.0,50.212902
1995-08-18 08:51:00,65.0,56.41099
1995-08-18 08:52:00,19.0,47.367844
1995-08-18 08:53:00,53.0,45.71213
1995-08-18 08:54:00,86.0,51.462955
1995-08-18 08:55:00,66.0,60.97567
1995-08-18 08:56:00,39.0,57.343815
1995-08-18 08:57:00,62.0,54.986187
1995-08-18 08:58:00,56.0,55.80169
1995-08-18 08:59:00,58.0,54.43066
1995-08-18 09:00:00,59.0,57.96578
1995-08-18 09:01:00,41.0,57.028877
1995-08-18 09:02:00,60.0,53.603954
1995-08-18 09:03:00,33.0,52.828747
1995-08-18 09:04:00,26.0,48.96417
1995-08-18 09:05:00,64.0,37.116135
1995-08-18 09:06:00,36.0,29.732313
1995-08-18 09:07:00,39.0,43.509426
1995-08-18 09:08:00,30.0,43.010998
1995-08-18 09:09:00,41.0,46.483253
1995-08-18 09:10:00,52.0,44.62601
1995-08-18 09:11:00,38.0,51.5655
1995-08-18 09:12:00,37.0,40.145035
1995-08-18 09:13:00,23.0,45.90975
1995-08-18 09:14:00,36.0,37.544254
1995-08-18 09:15:00,44.0,47.355873
1995-08-18 09:16:00,45.0,42.381306
1995-08-18 09:17:00,53.0,49.733303
1995-08-18 09:18:00,61.0,47.033875
1995-08-18 09:19:00,46.0,51.04344
1995-08-18 09:20:00,28.0,50.15094
1995-08-18 09:21:00,50.0,42.482544
1995-08-18 09:22:00,48.0,48.41678
1995-08-18 09:23:00,44.0,32.178993
1995-08-18 09:24:00,38.0,52.121647
1995-08-18 09:25:00,39.0,40.479942
1995-08-18 09:26:00,32.0,28.941807
1995-08-18 09:27:00,46.0,40.569824
1995-08-18 09:28:00,36.0,44.022938
1995-08-18 09:29:00,61.0,41.083076
1995-08-18 09:30:00,51.0,47.29722
1995-08-18 09:31:00,29.0,50.470264
1995-08-18 09:32:00,45.0,41.643135
1995-08-18 09:33:00,46.0,40.55948
1995-08-18 09:34:00,72.0,49.90346
1995-08-18 09:35:00,70.0,45.257473
1995-08-18 09:36:00,66.0,55.004772
1995-08-18 09:37:00,70.0,54.710403
1995-08-18 09:38:00,62.0,53.0725
1995-08-18 09:39:00,47.0,58.26938
1995-08-18 09:40:00,55.0,50.00698
1995-08-18 09:41:00,58.0,47.927887
1995-08-18 09:42:00,49.0,55.436756
1995-08-18 09:43:00,51.0,48.518665
1995-08-18 09:44:00,51.0,51.100403
1995-08-18 09:45:00,17.0,25.008307
1995-08-18 09:46:00,74.0,45.669796
1995-08-18 09:47:00,57.0,56.836994
1995-08-18 09:48:00,57.0,51.68552
1995-08-18 09:49:00,65.0,50.835835
1995-08-18 09:50:00,71.0,54.27143
1995-08-18 09:51:00,63.0,55.917297
1995-08-18 09:52:00,54.0,60.152073
1995-08-18 09:53:00,72.0,59.225185
1995-08-18 09:54:00,65.0,52.191185
1995-08-18 09:55:00,52.0,63.175255
1995-08-18 09:56:00,52.0,60.89643
1995-08-18 09:57:00,54.0,56.877605
1995-08-18 09:58:00,54.0,59.063324
1995-08-18 09:59:00,84.0,53.581596
1995-08-18 10:00:00,48.0,57.015236
1995-08-18 10:01:00,46.0,58.55304
1995-08-18 10:02:00,52.0,54.848206
1995-08-18 10:03:00,85.0,47.8206
1995-08-18 10:04:00,28.0,68.2515
1995-08-18 10:05:00,34.0,53.158348
1995-08-18 10:06:00,48.0,42.79037
1995-08-18 10:07:00,66.0,53.058975
1995-08-18 10:08:00,74.0,62.278965
1995-08-18 10:09:00,70.0,58.91932
1995-08-18 10:10:00,51.0,60.35223
1995-08-18 10:11:00,82.0,60.670673
1995-08-18 10:12:00,42.0,49.787777
1995-08-18 10:13:00,53.0,48.73314
1995-08-18 10:14:00,82.0,48.344925
1995-08-18 10:15:00,62.0,54.71157
1995-08-18 10:16:00,67.0,60.9336
1995-08-18 10:17:00,52.0,61.780567
1995-08-18 10:18:00,50.0,59.93571
1995-08-18 10:19:00,41.0,51.35415
1995-08-18 10:20:00,31.0,46.5174
1995-08-18 10:21:00,50.0,43.636974
1995-08-18 10:22:00,48.0,45.605717
1995-08-18 10:23:00,62.0,46.682873
1995-08-18 10:24:00,38.0,55.019005
1995-08-18 10:25:00,72.0,42.680435
1995-08-18 10:26:00,59.0,50.833908
1995-08-18 10:27:00,83.0,58.3827
1995-08-18 10:28:00,58.0,60.94131
1995-08-18 10:29:00,29.0,49.493217
1995-08-18 10:30:00,37.0,50.754025
1995-08-18 10:31:00,65.0,52.899467
1995-08-18 10:32:00,51.0,54.974335
1995-08-18 10:33:00,59.0,56.784317
1995-08-18 10:34:00,56.0,46.28459
1995-08-18 10:35:00,94.0,55.363094
1995-08-18 10:36:00,40.0,54.80745
1995-08-18 10:37:00,40.0,56.493835
1995-08-18 10:38:00,72.0,35.882874
1995-08-18 10:39:00,60.0,54.766056
1995-08-18 10:40:00,63.0,60.11068
1995-08-18 10:41:00,58.0,61.02451
1995-08-18 10:42:00,56.0,56.60643
1995-08-18 10:43:00,57.0,58.63195
1995-08-18 10:44:00,79.0,60.646214
1995-08-18 10:45:00,80.0,66.450745
1995-08-18 10:46:00,79.0,66.40461
1995-08-18 10:47:00,75.0,57.819386
1995-08-18 10:48:00,79.0,66.69818
1995-08-18 10:49:00,116.0,68.59787
1995-08-18 10:50:00,55.0,77.32576
1995-08-18 10:51:00,51.0,71.559
1995-08-18 10:52:00,55.0,51.719284
1995-08-18 10:53:00,48.0,65.23331
1995-08-18 10:54:00,62.0,48.966743
1995-08-18 10:55:00,50.0,51.863728
1995-08-18 10:56:00,35.0,47.77782
1995-08-18 10:57:00,33.0,46.80711
1995-08-18 10:58:00,35.0,51.07615
1995-08-18 10:59:00,71.0,45.46542
1995-08-18 11:00:00,41.0,57.736313
1995-08-18 11:01:00,54.0,47.22592
1995-08-18 11:02:00,51.0,44.998837
1995-08-18 11:03:00,46.0,49.10337
1995-08-18 11:04:00,52.0,44.197124
1995-08-18 11:05:00,70.0,45.31966
1995-08-18 11:06:00,34.0,65.0568
1995-08-18 11:07:00,33.0,43.92369
1995-08-18 11:08:00,64.0,49.07797
1995-08-18 11:09:00,47.0,53.819004
1995-08-18 11:10:00,44.0,49.59175
1995-08-18 11:11:00,57.0,49.69378
1995-08-18 11:12:00,40.0,53.731373
1995-08-18 11:13:00,77.0,50.62315
1995-08-18 11:14:00,78.0,60.423595
1995-08-18 11:15:00,44.0,63.14604
1995-08-18 11:16:00,70.0,54.9193
1995-08-18 11:17:00,62.0,62.095535
1995-08-18 11:18:00,82.0,61.651226
1995-08-18 11:19:00,80.0,68.81352
1995-08-18 11:20:00,60.0,70.583084
1995-08-18 11:21:00,87.0,63.09321
1995-08-18 11:22:00,94.0,70.18079
1995-08-18 11:23:00,62.0,68.871765
1995-08-18 11:24:00,92.0,67.33199
1995-08-18 11:25:00,101.0,77.06383
1995-08-18 11:26:00,113.0,70.68897
1995-08-18 11:27:00,71.0,63.587364
1995-08-18 11:28:00,61.0,69.187096
1995-08-18 11:29:00,61.0,70.81752
1995-08-18 11:30:00,92.0,66.696304
1995-08-18 11:31:00,113.0,75.99768
1995-08-18 11:32:00,68.0,87.56203
1995-08-18 11:33:00,68.0,69.57929
1995-08-18 11:34:00,70.0,73.4232
1995-08-18 11:35:00,85.0,75.35445
1995-08-18 11:36:00,79.0,72.81485
1995-08-18 11:37:00,73.0,60.04122
1995-08-18 11:38:00,48.0,72.3835
1995-08-18 11:39:00,46.0,48.304012
1995-08-18 11:40:00,35.0,48.87738
1995-08-18 11:41:00,64.0,60.075985
1995-08-18 11:42:00,74.0,51.76591
1995-08-18 11:43:00,73.0,66.19204
1995-08-18 11:44:00,63.0,68.97696
1995-08-18 11:45:00,69.0,69.37362
1995-08-18 11:46:00,64.0,67.104355
1995-08-18 11:47:00,55.0,60.41964
1995-08-18 11:48:00,77.0,54.935593
1995-08-18 11:49:00,55.0,67.27064
1995-08-18 11:50:00,70.0,62.172813
1995-08-18 11:51:00,40.0,65.23918
1995-08-18 11:52:00,45.0,53.54159
1995-08-18 11:53:00,42.0,58.46689
1995-08-18 11:54:00,35.0,45.701508
1995-08-18 11:55:00,46.0,38.53263
1995-08-18 11:56:00,31.0,32.513718
1995-08-18 11:57:00,27.0,40.026184
1995-08-18 11:58:00,52.0,45.519848
1995-08-18 11:59:00,69.0,50.11117
1995-08-18 12:00:00,58.0,61.81063
1995-08-18 12:01:00,82.0,61.219482
1995-08-18 12:02:00,65.0,70.589775
1995-08-18 12:03:00,84.0,63.263084
1995-08-18 12:04:00,82.0,58.815125
1995-08-18 12:05:00,73.0,66.62375
1995-08-18 12:06:00,45.0,46.51564
1995-08-18 12:07:00,54.0,36.91822
1995-08-18 12:08:00,48.0,48.417614
1995-08-18 12:09:00,52.0,54.57559
1995-08-18 12:10:00,63.0,53.338852
1995-08-18 12:11:00,46.0,55.528973
1995-08-18 12:12:00,40.0,42.845238
1995-08-18 12:13:00,47.0,35.91434
1995-08-18 12:14:00,40.0,49.8716
1995-08-18 12:15:00,63.0,52.969448
1995-08-18 12:16:00,46.0,46.742424
1995-08-18 12:17:00,50.0,56.167427
1995-08-18 12:18:00,61.0,55.673557
1995-08-18 12:19:00,61.0,49.534103
1995-08-18 12:20:00,78.0,56.472702
1995-08-18 12:21:00,39.0,63.469147
1995-08-18 12:22:00,68.0,45.60208
1995-08-18 12:23:00,54.0,60.248726
1995-08-18 12:24:00,39.0,47.18952
1995-08-18 12:25:00,45.0,44.689823
1995-08-18 12:26:00,39.0,53.09759
1995-08-18 12:27:00,45.0,51.481396
1995-08-18 12:28:00,62.0,48.318886
1995-08-18 12:29:00,54.0,44.355225
1995-08-18 12:30:00,52.0,51.03903
1995-08-18 12:31:00,87.0,54.2926
1995-08-18 12:32:00,105.0,66.050064
1995-08-18 12:33:00,45.0,74.75061
1995-08-18 12:34:00,61.0,47.480698
1995-08-18 12:35:00,84.0,60.150146
1995-08-18 12:36:00,84.0,69.839554
1995-08-18 12:37:00,54.0,58.393635
1995-08-18 12:38:00,36.0,53.95397
1995-08-18 12:39:00,113.0,52.612293
1995-08-18 12:40:00,64.0,71.05712
1995-08-18 12:41:00,71.0,65.36207
1995-08-18 12:42:00,46.0,46.842457
1995-08-18 12:43:00,39.0,48.018234
1995-08-18 12:44:00,36.0,48.778004
1995-08-18 12:45:00,39.0,43.948963
1995-08-18 12:46:00,66.0,51.11218
1995-08-18 12:47:00,93.0,64.25168
1995-08-18 12:48:00,78.0,65.60661
1995-08-18 12:49:00,95.0,69.83313
1995-08-18 12:50:00,46.0,79.27299
1995-08-18 12:51:00,63.0,63.234528
1995-08-18 12:52:00,63.0,66.36104
1995-08-18 12:53:00,63.0,71.144135
1995-08-18 12:54:00,79.0,68.76108
1995-08-18 12:55:00,81.0,72.70993
1995-08-18 12:56:00,67.0,62.77746
1995-08-18 12:57:00,45.0,54.35119
1995-08-18 12:58:00,41.0,49.93136
1995-08-18 12:59:00,37.0,58.927433
1995-08-18 13:00:00,46.0,45.1084
1995-08-18 13:01:00,47.0,55.87432
1995-08-18 13:02:00,69.0,59.85136
1995-08-18 13:03:00,66.0,61.204174
1995-08-18 13:04:00,50.0,65.36175
1995-08-18 13:05:00,60.0,59.76148
1995-08-18 13:06:00,93.0,60.90508
1995-08-18 13:07:00,76.0,70.02185
1995-08-18 13:08:00,80.0,73.39662
1995-08-18 13:09:00,87.0,66.036125
1995-08-18 13:10:00,53.0,73.92705
1995-08-18 13:11:00,96.0,66.40769
1995-08-18 13:12:00,118.0,75.68414
1995-08-18 13:13:00,56.0,81.5616
1995-08-18 13:14:00,36.0,68.86907
1995-08-18 13:15:00,68.0,60.662323
1995-08-18 13:16:00,59.0,64.44163
1995-08-18 13:17:00,55.0,45.171947
1995-08-18 13:18:00,70.0,68.68723
1995-08-18 13:19:00,70.0,70.68251
1995-08-18 13:20:00,87.0,68.458954
1995-08-18 13:21:00,58.0,78.70533
1995-08-18 13:22:00,84.0,69.89848
1995-08-18 13:23:00,89.0,61.96017
1995-08-18 13:24:00,53.0,65.70378
1995-08-18 13:25:00,71.0,55.674072
1995-08-18 13:26:00,74.0,67.81301
1995-08-18 13:27:00,91.0,70.53732
1995-08-18 13:28:00,69.0,77.74492
1995-08-18 13:29:00,102.0,74.61993
1995-08-18 13:30:00,94.0,76.87385
1995-08-18 13:31:00,86.0,69.095856
1995-08-18 13:32:00,84.0,78.74525
1995-08-18 13:33:00,80.0,69.14266
1995-08-18 13:34:00,69.0,68.281494
1995-08-18 13:35:00,60.0,65.90147
1995-08-18 13:36:00,49.0,71.622826
1995-08-18 13:37:00,51.0,48.718628
1995-08-18 13:38:00,62.0,64.91336
1995-08-18 13:39:00,101.0,71.01679
1995-08-18 13:40:00,65.0,68.960884
1995-08-18 13:41:00,98.0,62.371727
1995-08-18 13:42:00,52.0,63.453598
1995-08-18 13:43:00,66.0,65.089226
1995-08-18 13:44:00,67.0,66.11996
1995-08-18 13:45:00,74.0,72.617935
1995-08-18 13:46:00,114.0,73.736435
1995-08-18 13:47:00,67.0,86.36979
1995-08-18 13:48:00,89.0,65.84024
1995-08-18 13:49:00,70.0,80.08653
1995-08-18 13:50:00,55.0,75.97936
1995-08-18 13:51:00,76.0,69.89669
1995-08-18 13:52:00,61.0,68.0392
1995-08-18 13:53:00,66.0,70.1871
1995-08-18 13:54:00,82.0,68.46806
1995-08-18 13:55:00,63.0,61.920013
1995-08-18 13:56:00,62.0,69.84715
1995-08-18 13:57:00,82.0,70.75741
1995-08-18 13:58:00,105.0,76.52824
1995-08-18 13:59:00,84.0,70.85588
1995-08-18 14:00:00,70.0,79.5761
1995-08-18 14:01:00,60.0,74.93458
1995-08-18 14:02:00,103.0,72.57891
1995-08-18 14:03:00,84.0,72.56758
1995-08-18 14:04:00,92.0,72.93515
1995-08-18 14:05:00,136.0,74.85601
1995-08-18 14:06:00,96.0,91.937225
1995-08-18 14:07:00,100.0,84.43874
1995-08-18 14:08:00,122.0,88.78316
1995-08-18 14:09:00,66.0,68.63979
1995-08-18 14:10:00,53.0,42.39677
1995-08-18 14:11:00,65.0,78.74734
1995-08-18 14:12:00,57.0,68.32359
1995-08-18 14:13:00,64.0,63.2884
1995-08-18 14:14:00,64.0,78.31327
1995-08-18 14:15:00,88.0,71.62553
1995-08-18 14:16:00,95.0,63.975746
1995-08-18 14:17:00,103.0,83.45463
1995-08-18 14:18:00,51.0,57.859337
1995-08-18 14:19:00,52.0,71.96859
1995-08-18 14:20:00,51.0,40.18925
1995-08-18 14:21:00,56.0,46.284218
1995-08-18 14:22:00,52.0,68.0524
1995-08-18 14:23:00,87.0,66.670425
1995-08-18 14:24:00,78.0,78.47114
1995-08-18 14:25:00,41.0,73.47162
1995-08-18 14:26:00,45.0,59.43015
1995-08-18 14:27:00,56.0,61.379303
1995-08-18 14:28:00,63.0,47.921375
1995-08-18 14:29:00,76.0,59.741894
1995-08-18 14:30:00,97.0,73.26485
1995-08-18 14:31:00,58.0,70.645676
1995-08-18 14:32:00,54.0,53.223774
1995-08-18 14:33:00,37.0,30.629633
1995-08-18 14:34:00,27.0,57.41917
1995-08-18 14:35:00,62.0,46.355534
1995-08-18 14:36:00,40.0,33.0449
1995-08-18 14:37:00,41.0,58.61586
1995-08-18 14:38:00,36.0,44.165585
1995-08-18 14:39:00,69.0,55.955276
1995-08-18 14:40:00,74.0,44.709087
1995-08-18 14:41:00,73.0,68.184364
1995-08-18 14:42:00,89.0,70.93247
1995-08-18 14:43:00,73.0,73.90205
1995-08-18 14:44:00,52.0,70.614494
1995-08-18 14:45:00,37.0,59.86912
1995-08-18 14:46:00,52.0,58.542107
1995-08-18 14:47:00,69.0,60.613182
1995-08-18 14:48:00,75.0,67.10835
1995-08-18 14:49:00,71.0,66.658775
1995-08-18 14:50:00,75.0,49.852695
1995-08-18 14:51:00,66.0,52.8593
1995-08-18 14:52:00,92.0,67.817215
1995-08-18 14:53:00,61.0,63.734688
1995-08-18 14:54:00,58.0,67.86221
1995-08-18 14:55:00,25.0,64.25012
1995-08-18 14:56:00,43.0,57.101112
1995-08-18 14:57:00,57.0,54.686497
1995-08-18 14:58:00,73.0,59.172024
1995-08-18 14:59:00,43.0,48.26909
1995-08-18 15:00:00,66.0,55.652752
1995-08-18 15:01:00,40.0,62.812836
1995-08-18 15:02:00,30.0,55.2033
1995-08-18 15:03:00,72.0,55.253494
1995-08-18 15:04:00,74.0,68.3995
1995-08-18 15:05:00,89.0,66.85356
1995-08-18 15:06:00,106.0,68.66105
1995-08-18 15:07:00,75.0,76.936066
1995-08-18 15:08:00,74.0,77.872955
1995-08-18 15:09:00,70.0,56.594864
1995-08-18 15:10:00,48.0,42.006535
1995-08-18 15:11:00,65.0,55.190815
1995-08-18 15:12:00,72.0,61.563217
1995-08-18 15:13:00,56.0,70.97405
1995-08-18 15:14:00,41.0,59.39964
1995-08-18 15:15:00,78.0,56.729317
1995-08-18 15:16:00,82.0,68.10007
1995-08-18 15:17:00,84.0,62.48657
1995-08-18 15:18:00,75.0,75.56664
1995-08-18 15:19:00,90.0,73.92069
1995-08-18 15:20:00,53.0,62.750183
1995-08-18 15:21:00,62.0,68.21245
1995-08-18 15:22:00,60.0,71.86668
1995-08-18 15:23:00,63.0,64.24564
1995-08-18 15:24:00,45.0,50.957825
1995-08-18 15:25:00,92.0,58.883102
1995-08-18 15:26:00,55.0,75.91944
1995-08-18 15:27:00,58.0,64.06665
1995-08-18 15:28:00,74.0,60.031208
1995-08-18 15:29:00,122.0,70.667816
1995-08-18 15:30:00,82.0,83.96973
1995-08-18 15:31:00,101.0,76.03462
1995-08-18 15:32:00,101.0,86.315475
1995-08-18 15:33:00,61.0,61.765182
1995-08-18 15:34:00,59.0,65.75462
1995-08-18 15:35:00,62.0,73.28092
1995-08-18 15:36:00,57.0,58.81327
1995-08-18 15:37:00,48.0,65.86147
1995-08-18 15:38:00,49.0,53.822166
1995-08-18 15:39:00,68.0,62.226093
1995-08-18 15:40:00,105.0,69.847084
1995-08-18 15:41:00,61.0,64.83872
1995-08-18 15:42:00,55.0,67.047905
1995-08-18 15:43:00,75.0,67.74493
1995-08-18 15:44:00,45.0,64.58348
1995-08-18 15:45:00,53.0,62.55763
1995-08-18 15:46:00,87.0,62.973824
1995-08-18 15:47:00,78.0,75.88061
1995-08-18 15:48:00,73.0,67.55948
1995-08-18 15:49:00,95.0,65.36403
1995-08-18 15:50:00,88.0,68.015076
1995-08-18 15:51:00,75.0,74.20076
1995-08-18 15:52:00,62.0,72.28035
1995-08-18 15:53:00,49.0,62.04561
1995-08-18 15:54:00,103.0,64.30743
1995-08-18 15:55:00,74.0,70.8382
1995-08-18 15:56:00,94.0,79.34747
1995-08-18 15:57:00,100.0,74.87421
1995-08-18 15:58:00,84.0,75.737915
1995-08-18 15:59:00,83.0,69.881546
1995-08-18 16:00:00,38.0,51.01734
1995-08-18 16:01:00,57.0,56.02944
1995-08-18 16:02:00,61.0,60.38433
1995-08-18 16:03:00,75.0,61.98158
1995-08-18 16:04:00,63.0,63.815483
1995-08-18 16:05:00,108.0,71.573044
1995-08-18 16:06:00,97.0,81.36161
1995-08-18 16:07:00,88.0,82.94974
1995-08-18 16:08:00,84.0,81.72542
1995-08-18 16:09:00,97.0,84.1834
1995-08-18 16:10:00,97.0,87.11762
1995-08-18 16:11:00,66.0,83.59513
1995-08-18 16:12:00,115.0,75.49015
1995-08-18 16:13:00,96.0,88.22637
1995-08-18 16:14:00,67.0,77.39403
1995-08-18 16:15:00,82.0,75.84377
1995-08-18 16:16:00,28.0,67.89631
1995-08-18 16:17:00,52.0,57.768444
1995-08-18 16:18:00,74.0,55.66464
1995-08-18 16:19:00,71.0,60.760902
1995-08-18 16:20:00,73.0,67.66247
1995-08-18 16:21:00,80.0,67.43399
1995-08-18 16:22:00,65.0,63.616386
1995-08-18 16:23:00,80.0,63.828125
1995-08-18 16:24:00,43.0,50.72601
1995-08-18 16:25:00,67.0,43.559055
1995-08-18 16:26:00,50.0,68.97663
1995-08-18 16:27:00,75.0,61.48883
1995-08-18 16:28:00,91.0,73.34907
1995-08-18 16:29:00,62.0,61.65535
1995-08-18 16:30:00,55.0,56.683887
1995-08-18 16:31:00,47.0,42.060307
1995-08-18 16:32:00,59.0,52.885296
1995-08-18 16:33:00,62.0,57.366325
1995-08-18 16:34:00,87.0,52.394543
1995-08-18 16:35:00,51.0,62.88807
1995-08-18 16:36:00,30.0,63.39701
1995-08-18 16:37:00,50.0,39.859097
1995-08-18 16:38:00,67.0,59.68718
1995-08-18 16:39:00,63.0,58.725887
1995-08-18 16:40:00,43.0,68.43465
1995-08-18 16:41:00,61.0,53.41052
1995-08-18 16:42:00,49.0,61.546215
1995-08-18 16:43:00,54.0,50.503803
1995-08-18 16:44:00,32.0,59.882156
1995-08-18 16:45:00,36.0,37.336178
1995-08-18 16:46:00,52.0,47.260914
1995-08-18 16:47:00,51.0,46.56261
1995-08-18 16:48:00,47.0,53.51879
1995-08-18 16:49:00,101.0,51.64504
1995-08-18 16:50:00,82.0,67.19222
1995-08-18 16:51:00,91.0,65.04556
1995-08-18 16:52:00,77.0,59.72759
1995-08-18 16:53:00,72.0,64.4557
1995-08-18 16:54:00,1.0,29.090754
1995-08-18 16:55:00,1.0,11.789244
1995-08-18 16:56:00,0.0,1.0598412
1995-08-18 17:10:00,43.0,51.75679
1995-08-18 17:11:00,46.0,51.33564
1995-08-18 17:15:00,52.0,56.154015
1995-08-18 17:20:00,66.0,63.614624
1995-08-18 17:21:00,35.0,48.051003
1995-08-18 17:22:00,49.0,52.74128
1995-08-18 17:23:00,29.0,42.024113
1995-08-18 17:24:00,26.0,41.267685
1995-08-18 17:25:00,87.0,47.330162
1995-08-18 17:26:00,69.0,61.145325
1995-08-18 17:27:00,22.0,38.27798
1995-08-18 17:28:00,52.0,47.957596
1995-08-18 17:29:00,53.0,54.596848
1995-08-18 17:30:00,54.0,45.804226
1995-08-18 17:31:00,89.0,59.70324
1995-08-18 17:32:00,49.0,61.951855
1995-08-18 17:33:00,75.0,56.46988
1995-08-18 17:34:00,83.0,62.31455
1995-08-18 17:35:00,68.0,68.47267
1995-08-18 17:36:00,62.0,64.60253
1995-08-18 17:37:00,46.0,62.183506
1995-08-18 17:38:00,53.0,46.512753
1995-08-18 17:39:00,80.0,58.63354
1995-08-18 17:40:00,48.0,62.48139
1995-08-18 17:41:00,50.0,56.44763
1995-08-18 17:42:00,28.0,44.186554
1995-08-18 17:43:00,36.0,42.01968
1995-08-18 17:44:00,52.0,46.47398
1995-08-18 17:45:00,51.0,42.25291
1995-08-18 17:46:00,67.0,56.42728
1995-08-18 17:47:00,57.0,57.961727
1995-08-18 17:48:00,54.0,56.750572
1995-08-18 17:49:00,53.0,55.937656
1995-08-18 17:50:00,56.0,51.415684
1995-08-18 17:51:00,32.0,51.632
1995-08-18 17:52:00,31.0,46.6472
1995-08-18 17:53:00,42.0,43.915154
1995-08-18 17:54:00,43.0,49.509132
1995-08-18 17:55:00,24.0,50.574604
1995-08-18 17:56:00,39.0,40.150696
1995-08-18 17:57:00,44.0,46.171463
1995-08-18 17:58:00,31.0,42.95373
1995-08-18 17:59:00,27.0,40.68876
1995-08-18 18:00:00,41.0,32.895645
1995-08-18 18:01:00,46.0,45.416813
1995-08-18 18:02:00,37.0,43.724113
1995-08-18 18:03:00,32.0,41.986115
1995-08-18 18:04:00,31.0,39.703957
1995-08-18 18:05:00,26.0,41.751354
1995-08-18 18:06:00,27.0,34.260788
1995-08-18 18:07:00,60.0,35.250015
1995-08-18 18:08:00,32.0,24.471174
1995-08-18 18:09:00,20.0,35.991104
1995-08-18 18:10:00,38.0,33.471504
1995-08-18 18:11:00,37.0,34.443867
1995-08-18 18:12:00,28.0,37.91052
1995-08-18 18:13:00,35.0,31.584274
1995-08-18 18:14:00,27.0,36.43092
1995-08-18 18:15:00,31.0,31.871998
1995-08-18 18:16:00,54.0,29.209982
1995-08-18 18:17:00,44.0,42.0508
1995-08-18 18:18:00,43.0,31.151756
1995-08-18 18:19:00,26.0,37.856373
1995-08-18 18:20:00,60.0,33.585423
1995-08-18 18:21:00,35.0,46.0223
1995-08-18 18:22:00,33.0,38.64
1995-08-18 18:23:00,37.0,37.51586
1995-08-18 18:24:00,36.0,38.713642
1995-08-18 18:25:00,43.0,33.048817
1995-08-18 18:26:00,51.0,41.731228
1995-08-18 18:27:00,36.0,43.258984
1995-08-18 18:28:00,50.0,40.590527
1995-08-18 18:29:00,35.0,37.34059
1995-08-18 18:30:00,26.0,40.484894
1995-08-18 18:31:00,15.0,35.929615
1995-08-18 18:32:00,21.0,26.66219
1995-08-18 18:33:00,13.0,14.917762
1995-08-18 18:34:00,22.0,26.609924
1995-08-18 18:35:00,19.0,29.90111
1995-08-18 18:36:00,31.0,24.054892
1995-08-18 18:37:00,22.0,28.855042
1995-08-18 18:38:00,21.0,24.958529
1995-08-18 18:39:00,60.0,28.78154
1995-08-18 18:40:00,43.0,36.447968
1995-08-18 18:41:00,40.0,39.529446
1995-08-18 18:42:00,50.0,40.1509
1995-08-18 18:43:00,30.0,42.781673
1995-08-18 18:44:00,26.0,22.736635
1995-08-18 18:45:00,23.0,32.50162
1995-08-18 18:46:00,40.0,31.474545
1995-08-18 18:47:00,15.0,16.87038
1995-08-18 18:48:00,27.0,27.793087
1995-08-18 18:49:00,24.0,32.037365
1995-08-18 18:50:00,28.0,29.968285
1995-08-18 18:51:00,36.0,30.28718
1995-08-18 18:52:00,33.0,20.769594
1995-08-18 18:53:00,34.0,21.141212
1995-08-18 18:54:00,42.0,29.373526
1995-08-18 18:55:00,52.0,39.00004
1995-08-18 18:56:00,31.0,36.694134
1995-08-18 18:57:00,41.0,36.219578
1995-08-18 18:58:00,33.0,27.809595
1995-08-18 18:59:00,57.0,31.891926
1995-08-18 19:00:00,35.0,32.37428
1995-08-18 19:01:00,31.0,36.096516
1995-08-18 19:02:00,18.0,29.343618
1995-08-18 19:03:00,26.0,17.084488
1995-08-18 19:04:00,25.0,18.27448
1995-08-18 19:05:00,22.0,30.448652
1995-08-18 19:06:00,39.0,26.15527
1995-08-18 19:07:00,42.0,34.40662
1995-08-18 19:08:00,32.0,23.234905
1995-08-18 19:09:00,18.0,23.707376
1995-08-18 19:10:00,41.0,33.703213
1995-08-18 19:11:00,24.0,28.148268
1995-08-18 19:12:00,33.0,34.462116
1995-08-18 19:13:00,16.0,26.668692
1995-08-18 19:14:00,10.0,13.301558
1995-08-18 19:15:00,25.0,18.290207
1995-08-18 19:16:00,13.0,26.058226
1995-08-18 19:17:00,27.0,19.480658
1995-08-18 19:18:00,18.0,24.58194
1995-08-18 19:19:00,60.0,28.298038
1995-08-18 19:20:00,32.0,42.40328
1995-08-18 19:21:00,11.0,31.876709
1995-08-18 19:22:00,24.0,24.259052
1995-08-18 19:23:00,31.0,25.795635
1995-08-18 19:24:00,34.0,30.841816
1995-08-18 19:25:00,44.0,27.310368
1995-08-18 19:26:00,60.0,29.456758
1995-08-18 19:27:00,51.0,41.11329
1995-08-18 19:28:00,39.0,33.979565
1995-08-18 19:29:00,25.0,33.530243
1995-08-18 19:30:00,17.0,27.7986
1995-08-18 19:31:00,24.0,26.533775
1995-08-18 19:32:00,28.0,31.554424
1995-08-18 19:33:00,10.0,22.980062
1995-08-18 19:34:00,38.0,27.097141
1995-08-18 19:35:00,33.0,26.640888
1995-08-18 19:36:00,23.0,28.597506
1995-08-18 19:37:00,47.0,27.669485
1995-08-18 19:38:00,19.0,33.226215
1995-08-18 19:39:00,44.0,27.271261
1995-08-18 19:40:00,24.0,27.08301
1995-08-18 19:41:00,19.0,33.19753
1995-08-18 19:42:00,29.0,24.360073
1995-08-18 19:43:00,21.0,31.301552
1995-08-18 19:44:00,18.0,22.49891
1995-08-18 19:45:00,30.0,26.066761
1995-08-18 19:46:00,14.0,30.534855
1995-08-18 19:47:00,27.0,24.656391
1995-08-18 19:48:00,19.0,31.162857
1995-08-18 19:49:00,34.0,24.423517
1995-08-18 19:50:00,25.0,33.280678
1995-08-18 19:51:00,35.0,23.31816
1995-08-18 19:52:00,51.0,31.702969
1995-08-18 19:53:00,20.0,21.213175
1995-08-18 19:54:00,36.0,26.696188
1995-08-18 19:55:00,7.0,31.1064
1995-08-18 19:56:00,37.0,23.278337
1995-08-18 19:57:00,36.0,28.916426
1995-08-18 19:58:00,37.0,31.69109
1995-08-18 19:59:00,31.0,31.841259
1995-08-18 20:00:00,35.0,31.67929
1995-08-18 20:01:00,44.0,34.333263
1995-08-18 20:02:00,45.0,38.690033
1995-08-18 20:03:00,22.0,36.18761
1995-08-18 20:04:00,14.0,26.09335
1995-08-18 20:05:00,26.0,23.839811
1995-08-18 20:06:00,32.0,23.54806
1995-08-18 20:07:00,22.0,25.569798
1995-08-18 20:08:00,21.0,24.513275
1995-08-18 20:09:00,36.0,27.634577
1995-08-18 20:10:00,45.0,34.43335
1995-08-18 20:11:00,19.0,26.132347
1995-08-18 20:12:00,35.0,26.775673
1995-08-18 20:13:00,24.0,30.555191
1995-08-18 20:14:00,34.0,30.586422
1995-08-18 20:15:00,24.0,32.82254
1995-08-18 20:16:00,16.0,30.623886
1995-08-18 20:17:00,17.0,25.825327
1995-08-18 20:18:00,32.0,28.184011
1995-08-18 20:19:00,22.0,29.6506
1995-08-18 20:20:00,28.0,29.66451
1995-08-18 20:21:00,31.0,28.409468
1995-08-18 20:22:00,14.0,17.648026
1995-08-18 20:23:00,18.0,23.92374
1995-08-18 20:24:00,13.0,19.313139
1995-08-18 20:25:00,10.0,24.685904
1995-08-18 20:26:00,24.0,23.444532
1995-08-18 20:27:00,41.0,25.054977
1995-08-18 20:28:00,19.0,32.090782
1995-08-18 20:29:00,37.0,28.369305
1995-08-18 20:30:00,37.0,32.185543
1995-08-18 20:31:00,18.0,32.42525
1995-08-18 20:32:00,25.0,27.169106
1995-08-18 20:33:00,24.0,26.294395
1995-08-18 20:34:00,26.0,19.514496
1995-08-18 20:35:00,7.0,12.572586
1995-08-18 20:36:00,29.0,22.216188
1995-08-18 20:37:00,7.0,27.014893
1995-08-18 20:38:00,12.0,18.20957
1995-08-18 20:39:00,16.0,18.209126
1995-08-18 20:40:00,8.0,18.010666
1995-08-18 20:41:00,17.0,16.87144
1995-08-18 20:42:00,37.0,22.132162
1995-08-18 20:43:00,30.0,21.22981
1995-08-18 20:44:00,36.0,23.34716
1995-08-18 20:45:00,16.0,27.872637
1995-08-18 20:46:00,35.0,23.631866
1995-08-18 20:47:00,32.0,29.318727
1995-08-18 20:48:00,26.0,26.791996
1995-08-18 20:49:00,47.0,25.293623
1995-08-18 20:50:00,20.0,19.211266
1995-08-18 20:51:00,58.0,27.535784
1995-08-18 20:52:00,35.0,34.644157
1995-08-18 20:53:00,41.0,29.496214
1995-08-18 20:54:00,48.0,33.693604
1995-08-18 20:55:00,36.0,39.106525
1995-08-18 20:56:00,37.0,33.785862
1995-08-18 20:57:00,35.0,35.02992
1995-08-18 20:58:00,14.0,34.20262
1995-08-18 20:59:00,22.0,28.386927
1995-08-18 21:00:00,36.0,29.907034
1995-08-18 21:01:00,17.0,33.655533
1995-08-18 21:02:00,9.0,28.333712
1995-08-18 21:03:00,17.0,17.344387
1995-08-18 21:04:00,30.0,22.462606
1995-08-18 21:05:00,45.0,29.628262
1995-08-18 21:06:00,39.0,30.901077
1995-08-18 21:07:00,70.0,32.052387
1995-08-18 21:08:00,61.0,43.275394
1995-08-18 21:09:00,49.0,47.44449
1995-08-18 21:10:00,39.0,28.269009
1995-08-18 21:11:00,37.0,39.36008
1995-08-18 21:12:00,35.0,38.544563
1995-08-18 21:13:00,37.0,29.80469
1995-08-18 21:14:00,39.0,36.64347
1995-08-18 21:15:00,34.0,37.750294
1995-08-18 21:16:00,33.0,36.201878
1995-08-18 21:17:00,25.0,35.88707
1995-08-18 21:18:00,32.0,33.14717
1995-08-18 21:19:00,42.0,36.839653
1995-08-18 21:20:00,40.0,38.5231
1995-08-18 21:21:00,34.0,39.369175
1995-08-18 21:22:00,28.0,35.81475
1995-08-18 21:23:00,38.0,32.450172
1995-08-18 21:24:00,28.0,38.692722
1995-08-18 21:25:00,19.0,29.266113
1995-08-18 21:26:00,22.0,28.074987
1995-08-18 21:27:00,22.0,14.157809
1995-08-18 21:28:00,18.0,21.846327
1995-08-18 21:29:00,18.0,20.554026
1995-08-18 21:30:00,28.0,24.142504
1995-08-18 21:31:00,43.0,32.9014
1995-08-18 21:32:00,18.0,16.755077
1995-08-18 21:33:00,11.0,29.715261
1995-08-18 21:34:00,16.0,19.226835
1995-08-18 21:35:00,15.0,22.93181
1995-08-18 21:36:00,34.0,23.615347
1995-08-18 21:37:00,35.0,27.408659
1995-08-18 21:38:00,24.0,28.188032
1995-08-18 21:39:00,21.0,18.831314
1995-08-18 21:40:00,24.0,28.900938
1995-08-18 21:41:00,11.0,24.208685
1995-08-18 21:42:00,10.0,20.423801
1995-08-18 21:43:00,39.0,24.270859
1995-08-18 21:44:00,27.0,27.652948
1995-08-18 21:45:00,34.0,27.989525
1995-08-18 21:46:00,9.0,10.665079
1995-08-18 21:47:00,33.0,22.500652
1995-08-18 21:48:00,26.0,16.879156
1995-08-18 21:49:00,41.0,23.044937
1995-08-18 21:50:00,26.0,24.010141
1995-08-18 21:51:00,26.0,22.625408
1995-08-18 21:52:00,25.0,19.924026
1995-08-18 21:53:00,26.0,24.266382
1995-08-18 21:54:00,32.0,23.909489
1995-08-18 21:55:00,30.0,32.03036
1995-08-18 21:56:00,10.0,26.143147
1995-08-18 21:57:00,18.0,12.294452
1995-08-18 21:58:00,22.0,17.092346
1995-08-18 21:59:00,21.0,18.6404
1995-08-18 22:00:00,26.0,26.101877
1995-08-18 22:01:00,45.0,27.828394
1995-08-18 22:02:00,28.0,31.221867
1995-08-18 22:03:00,20.0,30.24139
1995-08-18 22:04:00,48.0,26.024578
1995-08-18 22:05:00,29.0,35.69567
1995-08-18 22:06:00,33.0,26.50597
1995-08-18 22:07:00,28.0,29.313139
1995-08-18 22:08:00,13.0,27.25207
1995-08-18 22:09:00,23.0,26.093994
1995-08-18 22:10:00,25.0,29.356882
1995-08-18 22:11:00,25.0,28.589455
1995-08-18 22:12:00,32.0,27.167105
1995-08-18 22:13:00,35.0,28.618265
1995-08-18 22:14:00,38.0,32.121185
1995-08-18 22:15:00,38.0,28.08948
1995-08-18 22:16:00,34.0,36.872433
1995-08-18 22:17:00,42.0,30.26194
1995-08-18 22:18:00,37.0,34.28304
1995-08-18 22:19:00,30.0,35.588547
1995-08-18 22:20:00,43.0,29.767694
1995-08-18 22:21:00,40.0,27.751516
1995-08-18 22:22:00,35.0,35.238056
1995-08-18 22:23:00,34.0,24.312376
1995-08-18 22:24:00,33.0,33.42597
1995-08-18 22:25:00,20.0,32.703278
1995-08-18 22:26:00,40.0,26.902447
1995-08-18 22:27:00,24.0,37.6012
1995-08-18 22:28:00,36.0,29.131086
1995-08-18 22:29:00,24.0,36.3925
1995-08-18 22:30:00,49.0,27.028341
1995-08-18 22:31:00,32.0,39.157112
1995-08-18 22:32:00,32.0,26.45522
1995-08-18 22:33:00,34.0,30.130486
1995-08-18 22:34:00,38.0,35.000652
1995-08-18 22:35:00,23.0,31.90319
1995-08-18 22:36:00,71.0,33.293106
1995-08-18 22:37:00,35.0,28.332146
1995-08-18 22:38:00,18.0,30.843023
1995-08-18 22:39:00,13.0,31.62233
1995-08-18 22:40:00,21.0,30.032084
1995-08-18 22:41:00,41.0,27.44791
1995-08-18 22:42:00,38.0,32.72193
1995-08-18 22:43:00,39.0,36.44519
1995-08-18 22:44:00,50.0,34.959736
1995-08-18 22:45:00,41.0,27.968527
1995-08-18 22:46:00,23.0,33.10669
1995-08-18 22:47:00,31.0,33.683586
1995-08-18 22:48:00,41.0,31.688282
1995-08-18 22:49:00,36.0,37.01323
1995-08-18 22:50:00,28.0,33.88205
1995-08-18 22:51:00,35.0,32.99512
1995-08-18 22:52:00,36.0,35.101406
1995-08-18 22:53:00,17.0,18.247942
1995-08-18 22:54:00,25.0,27.860626
1995-08-18 22:55:00,17.0,27.535042
1995-08-18 22:56:00,11.0,27.862877
1995-08-18 22:57:00,8.0,13.258136
1995-08-18 22:58:00,32.0,21.732025
1995-08-18 22:59:00,20.0,31.489555
1995-08-18 23:00:00,43.0,29.107224
1995-08-18 23:01:00,17.0,33.08779
1995-08-18 23:02:00,27.0,27.560137
1995-08-18 23:03:00,16.0,26.773283
1995-08-18 23:04:00,19.0,22.085281
1995-08-18 23:05:00,27.0,26.02691
1995-08-18 23:06:00,20.0,20.999498
1995-08-18 23:07:00,21.0,24.510021
1995-08-18 23:08:00,34.0,22.07855
1995-08-18 23:09:00,26.0,22.073847
1995-08-18 23:10:00,27.0,18.283167
1995-08-18 23:11:00,17.0,18.639013
1995-08-18 23:12:00,21.0,19.05989
1995-08-18 23:13:00,18.0,29.281017
1995-08-18 23:14:00,19.0,25.866098
1995-08-18 23:15:00,18.0,17.165388
1995-08-18 23:16:00,27.0,24.572805
1995-08-18 23:17:00,32.0,27.050282
1995-08-18 23:18:00,29.0,29.378805
1995-08-18 23:19:00,31.0,29.63796
1995-08-18 23:20:00,30.0,28.890375
1995-08-18 23:21:00,19.0,20.408548
1995-08-18 23:22:00,30.0,24.77853
1995-08-18 23:23:00,22.0,24.506495
1995-08-18 23:24:00,19.0,22.751545
1995-08-18 23:25:00,16.0,26.047144
1995-08-18 23:26:00,9.0,20.010529
1995-08-18 23:27:00,26.0,12.530896
1995-08-18 23:28:00,3.0,10.879482
1995-08-18 23:29:00,5.0,15.594208
1995-08-18 23:30:00,23.0,14.8328085
1995-08-18 23:31:00,32.0,22.158422
1995-08-18 23:32:00,8.0,17.646727
1995-08-18 23:33:00,24.0,15.788881
1995-08-18 23:34:00,34.0,26.432396
1995-08-18 23:35:00,24.0,23.028284
1995-08-18 23:36:00,12.0,25.413746
1995-08-18 23:37:00,39.0,20.331919
1995-08-18 23:38:00,29.0,26.772785
1995-08-18 23:39:00,23.0,23.304596
1995-08-18 23:40:00,33.0,26.511747
1995-08-18 23:41:00,58.0,27.45708
1995-08-18 23:42:00,14.0,26.866028
1995-08-18 23:43:00,16.0,25.159698
1995-08-18 23:44:00,35.0,23.123594
1995-08-18 23:45:00,34.0,28.981625
1995-08-18 23:46:00,12.0,23.989752
1995-08-18 23:47:00,48.0,24.002708
1995-08-18 23:48:00,47.0,30.79836
1995-08-18 23:49:00,40.0,31.610168
1995-08-18 23:50:00,59.0,33.24084
1995-08-18 23:51:00,50.0,30.975046
1995-08-18 23:52:00,31.0,30.167982
1995-08-18 23:53:00,52.0,31.271755
1995-08-18 23:54:00,31.0,39.129875
1995-08-18 23:55:00,16.0,30.119675
1995-08-18 23:56:00,18.0,14.958809
1995-08-18 23:57:00,29.0,25.807125
1995-08-18 23:58:00,41.0,30.540487
1995-08-18 23:59:00,42.0,32.177803
1995-08-19 00:00:00,26.0,37.612926
1995-08-19 00:01:00,28.0,21.289824
1995-08-19 00:02:00,29.0,29.919638
1995-08-19 00:03:00,37.0,31.979198
1995-08-19 00:04:00,50.0,34.02594
1995-08-19 00:05:00,42.0,38.15965
1995-08-19 00:06:00,52.0,37.043674
1995-08-19 00:07:00,49.0,42.054096
1995-08-19 00:08:00,53.0,40.57502
1995-08-19 00:09:00,31.0,35.40748
1995-08-19 00:10:00,43.0,34.057503
1995-08-19 00:11:00,41.0,38.13781
1995-08-19 00:12:00,40.0,31.470707
1995-08-19 00:13:00,17.0,27.522907
1995-08-19 00:14:00,24.0,19.542982
1995-08-19 00:15:00,12.0,22.103252
1995-08-19 00:16:00,15.0,17.098408
1995-08-19 00:17:00,17.0,23.090729
1995-08-19 00:18:00,18.0,26.143425
1995-08-19 00:19:00,38.0,25.049519
1995-08-19 00:20:00,28.0,25.637247
1995-08-19 00:21:00,27.0,26.221004
1995-08-19 00:22:00,55.0,30.204155
1995-08-19 00:23:00,31.0,41.93786
1995-08-19 00:24:00,18.0,22.663544
1995-08-19 00:25:00,15.0,26.421457
1995-08-19 00:26:00,10.0,21.339323
1995-08-19 00:27:00,16.0,10.159095
1995-08-19 00:28:00,14.0,12.370582
1995-08-19 00:29:00,22.0,19.72603
1995-08-19 00:30:00,19.0,14.769977
1995-08-19 00:31:00,50.0,21.329515
1995-08-19 00:32:00,15.0,30.004448
1995-08-19 00:33:00,31.0,23.66534
1995-08-19 00:34:00,26.0,24.66396
1995-08-19 00:35:00,33.0,25.532557
1995-08-19 00:36:00,17.0,23.702593
1995-08-19 00:37:00,15.0,22.26295
1995-08-19 00:38:00,32.0,19.231886
1995-08-19 00:39:00,19.0,24.40565
1995-08-19 00:40:00,18.0,14.5902605
1995-08-19 00:41:00,36.0,21.863192
1995-08-19 00:42:00,20.0,19.464039
1995-08-19 00:43:00,21.0,23.583788
1995-08-19 00:44:00,29.0,18.852499
1995-08-19 00:45:00,16.0,24.430828
1995-08-19 00:46:00,31.0,19.762278
1995-08-19 00:47:00,12.0,16.305159
1995-08-19 00:48:00,12.0,20.127136
1995-08-19 00:49:00,34.0,18.504541
1995-08-19 00:50:00,17.0,15.387882
1995-08-19 00:51:00,9.0,23.80833
1995-08-19 00:52:00,5.0,16.072779
1995-08-19 00:53:00,27.0,15.331007
1995-08-19 00:54:00,27.0,20.850004
1995-08-19 00:55:00,24.0,19.869188
1995-08-19 00:56:00,40.0,23.498245
1995-08-19 00:57:00,31.0,30.426062
1995-08-19 00:58:00,22.0,27.307932
1995-08-19 00:59:00,20.0,21.41681
1995-08-19 01:00:00,19.0,23.170647
1995-08-19 01:01:00,8.0,17.208618
1995-08-19 01:02:00,12.0,14.907492
1995-08-19 01:03:00,17.0,17.39465
1995-08-19 01:04:00,21.0,18.634108
1995-08-19 01:05:00,9.0,20.355633
1995-08-19 01:06:00,25.0,17.563437
1995-08-19 01:07:00,10.0,18.805157
1995-08-19 01:08:00,15.0,14.927742
1995-08-19 01:09:00,13.0,17.50816
1995-08-19 01:10:00,16.0,19.103325
1995-08-19 01:11:00,16.0,20.266193
1995-08-19 01:12:00,11.0,16.807714
1995-08-19 01:13:00,31.0,18.703655
1995-08-19 01:14:00,21.0,23.75129
1995-08-19 01:15:00,16.0,11.175263
1995-08-19 01:16:00,6.0,13.135603
1995-08-19 01:17:00,5.0,6.5574884
1995-08-19 01:18:00,7.0,14.720237
1995-08-19 01:19:00,15.0,15.993816
1995-08-19 01:20:00,21.0,16.798878
1995-08-19 01:21:00,22.0,20.55692
1995-08-19 01:22:00,10.0,19.469046
1995-08-19 01:23:00,17.0,15.531944
1995-08-19 01:24:00,19.0,19.300985
1995-08-19 01:25:00,18.0,20.133087
1995-08-19 01:26:00,21.0,18.41405
1995-08-19 01:27:00,23.0,17.284214
1995-08-19 01:28:00,3.0,12.111136
1995-08-19 01:29:00,10.0,12.819294
1995-08-19 01:30:00,20.0,15.440577
1995-08-19 01:31:00,28.0,16.375805
1995-08-19 01:32:00,21.0,17.254042
1995-08-19 01:33:00,6.0,17.995552
1995-08-19 01:34:00,8.0,8.351146
1995-08-19 01:35:00,18.0,12.486656
1995-08-19 01:36:00,17.0,17.995579
1995-08-19 01:37:00,13.0,14.522765
1995-08-19 01:38:00,15.0,12.577865
1995-08-19 01:39:00,10.0,10.662802
1995-08-19 01:40:00,6.0,13.60505
1995-08-19 01:41:00,4.0,7.9062815
1995-08-19 01:42:00,15.0,12.067452
1995-08-19 01:43:00,7.0,8.760571
1995-08-19 01:44:00,30.0,12.263482
1995-08-19 01:45:00,16.0,18.90684
1995-08-19 01:46:00,5.0,15.424698
1995-08-19 01:47:00,4.0,9.963819
1995-08-19 01:48:00,7.0,8.248982
1995-08-19 01:49:00,14.0,11.770194
1995-08-19 01:50:00,11.0,12.8433075
1995-08-19 01:51:00,19.0,17.34026
1995-08-19 01:52:00,37.0,18.735165
1995-08-19 01:53:00,18.0,14.303462
1995-08-19 01:54:00,26.0,17.408836
1995-08-19 01:55:00,30.0,17.684996
1995-08-19 01:56:00,23.0,18.711056
1995-08-19 01:57:00,28.0,21.42564
1995-08-19 01:58:00,31.0,21.065207
1995-08-19 01:59:00,16.0,17.38155
1995-08-19 02:00:00,35.0,19.5802
1995-08-19 02:01:00,24.0,22.029888
1995-08-19 02:02:00,31.0,20.26268
1995-08-19 02:03:00,47.0,23.127752
1995-08-19 02:04:00,37.0,27.754642
1995-08-19 02:05:00,26.0,27.157799
1995-08-19 02:06:00,42.0,20.207697
1995-08-19 02:07:00,10.0,12.314426
1995-08-19 02:08:00,20.0,17.425339
1995-08-19 02:09:00,19.0,20.87348
1995-08-19 02:10:00,16.0,20.350811
1995-08-19 02:11:00,2.0,19.127804
1995-08-19 02:12:00,21.0,12.754686
1995-08-19 02:13:00,28.0,20.949282
1995-08-19 02:14:00,15.0,23.578543
1995-08-19 02:15:00,37.0,14.766909
1995-08-19 02:16:00,35.0,23.680223
1995-08-19 02:17:00,23.0,25.844116
1995-08-19 02:18:00,27.0,20.949528
1995-08-19 02:19:00,6.0,15.968597
1995-08-19 02:20:00,13.0,13.239261
1995-08-19 02:21:00,16.0,19.888199
1995-08-19 02:22:00,18.0,14.606688
1995-08-19 02:23:00,8.0,9.51352
1995-08-19 02:24:00,12.0,18.218515
1995-08-19 02:25:00,7.0,18.61942
1995-08-19 02:26:00,14.0,14.423628
1995-08-19 02:27:00,33.0,12.823295
1995-08-19 02:28:00,17.0,17.668627
1995-08-19 02:29:00,11.0,13.936221
1995-08-19 02:30:00,22.0,15.03739
1995-08-19 02:31:00,19.0,22.144054
1995-08-19 02:32:00,6.0,8.430561
1995-08-19 02:33:00,9.0,13.639895
1995-08-19 02:34:00,14.0,17.58409
1995-08-19 02:35:00,16.0,12.092133
1995-08-19 02:36:00,18.0,17.031588
1995-08-19 02:37:00,16.0,18.385164
1995-08-19 02:38:00,15.0,16.819244
1995-08-19 02:39:00,9.0,14.68048
1995-08-19 02:40:00,10.0,12.26198
1995-08-19 02:41:00,30.0,17.242365
1995-08-19 02:42:00,19.0,19.936527
1995-08-19 02:43:00,21.0,18.647617
1995-08-19 02:44:00,14.0,17.514616
1995-08-19 02:45:00,35.0,16.45566
1995-08-19 02:46:00,43.0,20.184017
1995-08-19 02:47:00,28.0,26.755138
1995-08-19 02:48:00,17.0,12.955099
1995-08-19 02:49:00,16.0,21.356913
1995-08-19 02:50:00,28.0,17.678358
1995-08-19 02:51:00,16.0,22.370209
1995-08-19 02:52:00,15.0,19.34296
1995-08-19 02:53:00,21.0,18.319166
1995-08-19 02:54:00,15.0,21.051617
1995-08-19 02:55:00,9.0,16.05171
1995-08-19 02:56:00,7.0,16.898289
1995-08-19 02:57:00,20.0,14.797409
1995-08-19 02:58:00,10.0,19.494633
1995-08-19 02:59:00,4.0,16.416355
1995-08-19 03:00:00,0.0,2.1593647
1995-08-19 03:05:00,9.0,18.068684
1995-08-19 03:07:00,12.0,13.339582
1995-08-19 03:08:00,6.0,8.797207
1995-08-19 03:09:00,13.0,11.716124
1995-08-19 03:10:00,10.0,16.353212
1995-08-19 03:11:00,8.0,15.323412
1995-08-19 03:12:00,11.0,6.207572
1995-08-19 03:13:00,29.0,12.263366
1995-08-19 03:14:00,14.0,15.280344
1995-08-19 03:15:00,16.0,11.811003
1995-08-19 03:17:00,8.0,12.599847
1995-08-19 03:18:00,7.0,10.59178
1995-08-19 03:19:00,15.0,13.707515
1995-08-19 03:20:00,18.0,11.658964
1995-08-19 03:21:00,14.0,10.987455
1995-08-19 03:22:00,10.0,7.5091934
1995-08-19 03:23:00,7.0,8.5318575
1995-08-19 03:24:00,19.0,11.863115
1995-08-19 03:25:00,23.0,11.641146
1995-08-19 03:26:00,36.0,17.27501
1995-08-19 03:27:00,25.0,17.61952
1995-08-19 03:28:00,12.0,12.192812
1995-08-19 03:29:00,16.0,9.253192
1995-08-19 03:30:00,23.0,14.69171
1995-08-19 03:31:00,17.0,13.168528
1995-08-19 03:32:00,28.0,19.366253
1995-08-19 03:33:00,9.0,15.881496
1995-08-19 03:34:00,18.0,15.157471
1995-08-19 03:35:00,19.0,12.528532
1995-08-19 03:36:00,7.0,13.997283
1995-08-19 03:37:00,12.0,13.2247925
1995-08-19 03:38:00,29.0,15.357689
1995-08-19 03:39:00,29.0,19.582335
1995-08-19 03:40:00,30.0,20.25753
1995-08-19 03:41:00,27.0,20.233065
1995-08-19 03:42:00,28.0,19.481377
1995-08-19 03:43:00,17.0,19.333048
1995-08-19 03:44:00,31.0,17.491323
1995-08-19 03:45:00,35.0,23.438612
1995-08-19 03:46:00,27.0,28.22944
1995-08-19 03:47:00,23.0,23.965122
1995-08-19 03:48:00,17.0,13.0229845
1995-08-19 03:49:00,10.0,11.615617
1995-08-19 03:50:00,9.0,18.004814
1995-08-19 03:51:00,26.0,16.677404
1995-08-19 03:52:00,19.0,18.326952
1995-08-19 03:53:00,29.0,17.078888
1995-08-19 03:54:00,29.0,25.041943
1995-08-19 03:55:00,14.0,13.453824
1995-08-19 03:56:00,6.0,12.644231
1995-08-19 03:57:00,19.0,9.85476
1995-08-19 03:58:00,11.0,14.764672
1995-08-19 03:59:00,15.0,17.0966
1995-08-19 04:00:00,7.0,16.410456
1995-08-19 04:01:00,18.0,15.351843
1995-08-19 04:02:00,1.0,2.963018
1995-08-19 04:03:00,10.0,8.306278
1995-08-19 04:04:00,4.0,7.807851
1995-08-19 04:05:00,7.0,9.355667
1995-08-19 04:06:00,13.0,10.176076
1995-08-19 04:07:00,7.0,8.134499
1995-08-19 04:08:00,15.0,10.876297
1995-08-19 04:09:00,10.0,15.579014
1995-08-19 04:10:00,8.0,14.097786
1995-08-19 04:11:00,10.0,14.067888
1995-08-19 04:12:00,28.0,12.323978
1995-08-19 04:13:00,13.0,17.094322
1995-08-19 04:14:00,12.0,13.799084
1995-08-19 04:15:00,12.0,15.502916
1995-08-19 04:16:00,13.0,11.198942
1995-08-19 04:17:00,15.0,12.10464
1995-08-19 04:18:00,25.0,14.049445
1995-08-19 04:19:00,18.0,14.939077
1995-08-19 04:20:00,8.0,14.986464
1995-08-19 04:21:00,14.0,13.542864
1995-08-19 04:22:00,15.0,9.825752
1995-08-19 04:23:00,16.0,13.274091
1995-08-19 04:24:00,7.0,8.407316
1995-08-19 04:25:00,2.0,3.0524325
1995-08-19 04:26:00,16.0,5.278135
1995-08-19 04:27:00,8.0,6.5430245
1995-08-19 04:28:00,6.0,14.279039
1995-08-19 04:29:00,18.0,13.008498
1995-08-19 04:30:00,11.0,13.091778
1995-08-19 04:31:00,2.0,13.476948
1995-08-19 04:32:00,5.0,4.635206
1995-08-19 04:33:00,17.0,10.536461
1995-08-19 04:34:00,16.0,15.243418
1995-08-19 04:35:00,18.0,13.786352
1995-08-19 04:36:00,9.0,14.279374
1995-08-19 04:37:00,15.0,11.831101
1995-08-19 04:38:00,10.0,7.6940565
1995-08-19 04:39:00,17.0,15.061029
1995-08-19 04:40:00,13.0,14.92169
1995-08-19 04:41:00,24.0,13.728646
1995-08-19 04:42:00,10.0,14.78439
1995-08-19 04:43:00,7.0,10.0972595
1995-08-19 04:44:00,16.0,13.222999
1995-08-19 04:45:00,18.0,11.687921
1995-08-19 04:46:00,9.0,13.119591
1995-08-19 04:47:00,7.0,13.05809
1995-08-19 04:48:00,8.0,11.122539
1995-08-19 04:49:00,14.0,12.468405
1995-08-19 04:50:00,15.0,10.134414
1995-08-19 04:51:00,13.0,7.7986174
1995-08-19 04:52:00,17.0,14.473705
1995-08-19 04:53:00,12.0,16.63488
1995-08-19 04:54:00,27.0,12.968734
1995-08-19 04:55:00,12.0,14.933173
1995-08-19 04:56:00,8.0,8.00138
1995-08-19 04:57:00,18.0,12.535617
1995-08-19 04:58:00,7.0,9.959815
1995-08-19 04:59:00,7.0,5.208176
1995-08-19 05:00:00,7.0,5.2735047
1995-08-19 05:01:00,13.0,10.1274395
1995-08-19 05:02:00,4.0,12.695785
1995-08-19 05:03:00,3.0,2.9474452
1995-08-19 05:04:00,7.0,6.248678
1995-08-19 05:05:00,15.0,10.322289
1995-08-19 05:06:00,17.0,11.236481
1995-08-19 05:07:00,18.0,10.982172
1995-08-19 05:08:00,27.0,11.550597
1995-08-19 05:09:00,26.0,10.451253
1995-08-19 05:10:00,5.0,8.427169
1995-08-19 05:11:00,2.0,5.031441
1995-08-19 05:12:00,9.0,4.7204313
1995-08-19 05:13:00,4.0,7.1516457
1995-08-19 05:14:00,18.0,7.6721992
1995-08-19 05:15:00,9.0,8.43281
1995-08-19 05:16:00,9.0,11.286514
1995-08-19 05:17:00,11.0,8.944337
1995-08-19 05:18:00,21.0,10.858225
1995-08-19 05:19:00,17.0,13.537588
1995-08-19 05:20:00,19.0,13.916876
1995-08-19 05:21:00,7.0,11.89719
1995-08-19 05:22:00,13.0,13.865514
1995-08-19 05:23:00,7.0,14.2152195
1995-08-19 05:24:00,8.0,11.219918
1995-08-19 05:25:00,6.0,10.617043
1995-08-19 05:26:00,4.0,10.151078
1995-08-19 05:27:00,0.0,1.4639666
1995-08-19 05:32:00,15.0,11.133133
1995-08-19 05:34:00,10.0,9.33707
1995-08-19 05:35:00,7.0,13.859097
1995-08-19 05:36:00,14.0,11.763307
1995-08-19 05:37:00,17.0,12.791057
1995-08-19 05:38:00,4.0,7.089878
1995-08-19 05:39:00,7.0,9.542217
1995-08-19 05:40:00,18.0,9.838367
1995-08-19 05:41:00,5.0,8.30408
1995-08-19 05:42:00,4.0,5.5741973
1995-08-19 05:44:00,8.0,11.508161
1995-08-19 05:45:00,13.0,10.470421
1995-08-19 05:46:00,1.0,2.8794882
1995-08-19 05:47:00,5.0,9.004631
1995-08-19 05:48:00,27.0,11.173029
1995-08-19 05:49:00,7.0,16.987492
1995-08-19 05:50:00,19.0,10.88372
1995-08-19 05:51:00,8.0,11.799963
1995-08-19 05:52:00,9.0,9.584336
1995-08-19 05:53:00,9.0,9.107734
1995-08-19 05:54:00,7.0,2.144508
1995-08-19 05:55:00,9.0,9.455402
1995-08-19 05:56:00,3.0,2.9913619
1995-08-19 05:57:00,5.0,3.833736
1995-08-19 05:58:00,8.0,5.7732177
1995-08-19 05:59:00,5.0,9.529748
1995-08-19 06:00:00,10.0,7.452132
1995-08-19 06:01:00,24.0,10.601022
1995-08-19 06:02:00,11.0,13.2925825
1995-08-19 06:03:00,13.0,9.38991
1995-08-19 06:04:00,10.0,11.777446
1995-08-19 06:05:00,10.0,8.636261
1995-08-19 06:06:00,11.0,9.396463
1995-08-19 06:07:00,15.0,6.2971787
1995-08-19 06:08:00,6.0,11.454555
1995-08-19 06:09:00,17.0,11.814483
1995-08-19 06:10:00,20.0,15.454699
1995-08-19 06:11:00,11.0,9.116816
1995-08-19 06:12:00,21.0,9.536099
1995-08-19 06:13:00,12.0,16.416613
1995-08-19 06:14:00,15.0,14.232602
1995-08-19 06:15:00,23.0,15.529371
1995-08-19 06:16:00,14.0,18.616028
1995-08-19 06:17:00,10.0,16.215652
1995-08-19 06:18:00,13.0,14.296947
1995-08-19 06:19:00,29.0,15.312403
1995-08-19 06:20:00,21.0,19.032633
1995-08-19 06:21:00,18.0,18.342285
1995-08-19 06:22:00,16.0,15.624762
1995-08-19 06:23:00,9.0,11.488863
1995-08-19 06:24:00,23.0,16.04822
1995-08-19 06:25:00,20.0,16.924051
1995-08-19 06:26:00,19.0,17.177515
1995-08-19 06:27:00,12.0,16.108747
1995-08-19 06:28:00,15.0,17.944277
1995-08-19 06:29:00,12.0,18.120377
1995-08-19 06:30:00,4.0,16.172106
1995-08-19 06:31:00,3.0,11.614243
1995-08-19 06:32:00,9.0,10.7408695
1995-08-19 06:33:00,7.0,6.2851806
1995-08-19 06:34:00,16.0,13.741845
1995-08-19 06:35:00,9.0,12.517141
1995-08-19 06:36:00,5.0,7.473772
1995-08-19 06:37:00,16.0,7.357562
1995-08-19 06:38:00,12.0,14.138877
1995-08-19 06:39:00,14.0,13.249915
1995-08-19 06:40:00,6.0,9.0717535
1995-08-19 06:41:00,27.0,12.091271
1995-08-19 06:42:00,12.0,17.64802
1995-08-19 06:43:00,12.0,11.177365
1995-08-19 06:44:00,26.0,14.0201235
1995-08-19 06:45:00,16.0,12.144574
1995-08-19 06:46:00,15.0,9.853994
1995-08-19 06:47:00,9.0,8.0046425
1995-08-19 06:48:00,17.0,12.713252
1995-08-19 06:49:00,9.0,9.081493
1995-08-19 06:50:00,6.0,13.657037
1995-08-19 06:51:00,17.0,11.800046
1995-08-19 06:52:00,11.0,8.260028
1995-08-19 06:53:00,14.0,13.479765
1995-08-19 06:54:00,17.0,11.828018
1995-08-19 06:55:00,13.0,11.725398
1995-08-19 06:56:00,4.0,9.562286
1995-08-19 06:57:00,20.0,8.494296
1995-08-19 06:58:00,9.0,12.524027
1995-08-19 06:59:00,6.0,8.271566
1995-08-19 07:00:00,21.0,12.838783
1995-08-19 07:01:00,31.0,15.305714
1995-08-19 07:02:00,16.0,23.000835
1995-08-19 07:03:00,4.0,3.3952732
1995-08-19 07:04:00,2.0,8.8831005
1995-08-19 07:05:00,21.0,10.954439
1995-08-19 07:06:00,10.0,15.361027
1995-08-19 07:07:00,10.0,16.004288
1995-08-19 07:08:00,5.0,13.800036
1995-08-19 07:09:00,5.0,11.381175
1995-08-19 07:10:00,17.0,11.8423605
1995-08-19 07:11:00,19.0,15.22072
1995-08-19 07:12:00,14.0,16.987886
1995-08-19 07:13:00,3.0,17.15334
1995-08-19 07:14:00,4.0,6.906929
1995-08-19 07:15:00,7.0,10.85563
1995-08-19 07:16:00,9.0,11.292656
1995-08-19 07:17:00,9.0,12.2677965
1995-08-19 07:18:00,4.0,8.326929
1995-08-19 07:19:00,15.0,8.600041
1995-08-19 07:20:00,6.0,6.865519
1995-08-19 07:21:00,19.0,12.251
1995-08-19 07:22:00,1.0,3.4446058
1995-08-19 07:23:00,2.0,1.1038983
1995-08-19 07:24:00,9.0,7.529582
1995-08-19 07:25:00,18.0,8.197293
1995-08-19 07:26:00,24.0,10.840546
1995-08-19 07:27:00,16.0,14.362322
1995-08-19 07:28:00,17.0,9.76882
1995-08-19 07:29:00,7.0,10.073774
1995-08-19 07:30:00,5.0,11.359515
1995-08-19 07:31:00,19.0,14.13301
1995-08-19 07:32:00,16.0,9.826008
1995-08-19 07:33:00,21.0,11.533552
1995-08-19 07:34:00,9.0,10.661998
1995-08-19 07:35:00,3.0,10.134968
1995-08-19 07:36:00,18.0,7.0269623
1995-08-19 07:37:00,11.0,17.786068
1995-08-19 07:38:00,10.0,12.172995
1995-08-19 07:39:00,10.0,9.582583
1995-08-19 07:40:00,12.0,10.80078
1995-08-19 07:41:00,5.0,14.43578
1995-08-19 07:42:00,10.0,11.716545
1995-08-19 07:43:00,34.0,14.568246
1995-08-19 07:44:00,13.0,20.10976
1995-08-19 07:45:00,25.0,14.187263
1995-08-19 07:46:00,5.0,11.785512
1995-08-19 07:47:00,38.0,14.638754
1995-08-19 07:48:00,18.0,20.644098
1995-08-19 07:49:00,13.0,21.629889
1995-08-19 07:50:00,22.0,11.996044
1995-08-19 07:51:00,45.0,20.269718
1995-08-19 07:52:00,38.0,25.242975
1995-08-19 07:53:00,32.0,27.971193
1995-08-19 07:54:00,32.0,25.792831
1995-08-19 07:55:00,36.0,25.846909
1995-08-19 07:56:00,21.0,22.360147
1995-08-19 07:57:00,33.0,20.507143
1995-08-19 07:58:00,19.0,15.10866
1995-08-19 07:59:00,26.0,24.27694
1995-08-19 08:00:00,20.0,17.90318
1995-08-19 08:01:00,28.0,22.404892
1995-08-19 08:02:00,23.0,17.215952
1995-08-19 08:03:00,20.0,27.556957
1995-08-19 08:04:00,26.0,19.974108
1995-08-19 08:05:00,16.0,27.136679
1995-08-19 08:06:00,25.0,17.226162
1995-08-19 08:07:00,14.0,18.40584
1995-08-19 08:08:00,14.0,19.06174
1995-08-19 08:09:00,8.0,6.1212068
1995-08-19 08:10:00,13.0,13.066716
1995-08-19 08:11:00,5.0,11.015889
1995-08-19 08:12:00,12.0,13.569045
1995-08-19 08:13:00,8.0,13.380499
1995-08-19 08:14:00,20.0,14.870617
1995-08-19 08:15:00,13.0,13.999157
1995-08-19 08:16:00,30.0,19.16338
1995-08-19 08:17:00,24.0,23.847672
1995-08-19 08:18:00,28.0,19.42075
1995-08-19 08:19:00,22.0,19.810871
1995-08-19 08:20:00,15.0,18.16644
1995-08-19 08:21:00,16.0,17.8255
1995-08-19 08:22:00,27.0,21.344944
1995-08-19 08:23:00,21.0,18.166063
1995-08-19 08:24:00,6.0,10.007706
1995-08-19 08:25:00,20.0,14.049022
1995-08-19 08:26:00,30.0,20.753965
1995-08-19 08:27:00,31.0,19.7369
1995-08-19 08:28:00,20.0,16.740788
1995-08-19 08:29:00,9.0,13.092235
1995-08-19 08:30:00,22.0,18.196669
1995-08-19 08:31:00,29.0,17.247232
1995-08-19 08:32:00,36.0,25.472736
1995-08-19 08:33:00,14.0,26.806398
1995-08-19 08:34:00,13.0,20.329355
1995-08-19 08:35:00,25.0,20.150522
1995-08-19 08:36:00,27.0,23.33158
1995-08-19 08:37:00,21.0,19.972033
1995-08-19 08:38:00,23.0,22.255
1995-08-19 08:39:00,13.0,18.492943
1995-08-19 08:40:00,17.0,13.95918
1995-08-19 08:41:00,10.0,19.083895
1995-08-19 08:42:00,20.0,15.58313
1995-08-19 08:43:00,11.0,20.143328
1995-08-19 08:44:00,14.0,11.714745
1995-08-19 08:45:00,13.0,16.95146
1995-08-19 08:46:00,9.0,11.297421
1995-08-19 08:47:00,8.0,8.002337
1995-08-19 08:48:00,7.0,15.744661
1995-08-19 08:49:00,12.0,14.876399
1995-08-19 08:50:00,10.0,9.66239
1995-08-19 08:51:00,17.0,8.719563
1995-08-19 08:52:00,8.0,2.749815
1995-08-19 08:53:00,10.0,7.0609264
1995-08-19 08:54:00,10.0,14.0277815
1995-08-19 08:55:00,15.0,13.467387
1995-08-19 08:56:00,20.0,13.115474
1995-08-19 08:57:00,19.0,14.852929
1995-08-19 08:58:00,36.0,17.274591
1995-08-19 08:59:00,4.0,20.512081
1995-08-19 09:00:00,12.0,16.417065
1995-08-19 09:01:00,8.0,7.489956
1995-08-19 09:02:00,17.0,16.504242
1995-08-19 09:03:00,18.0,18.582514
1995-08-19 09:04:00,16.0,15.1830845
1995-08-19 09:05:00,24.0,12.775214
1995-08-19 09:06:00,11.0,15.200966
1995-08-19 09:07:00,25.0,12.137008
1995-08-19 09:08:00,8.0,16.239134
1995-08-19 09:09:00,31.0,14.154778
1995-08-19 09:10:00,12.0,14.857606
1995-08-19 09:11:00,6.0,16.989666
1995-08-19 09:12:00,10.0,6.5881186
1995-08-19 09:13:00,13.0,7.700615
1995-08-19 09:14:00,21.0,11.865112
1995-08-19 09:15:00,40.0,18.302128
1995-08-19 09:16:00,26.0,23.793482
1995-08-19 09:17:00,27.0,20.795525
1995-08-19 09:18:00,15.0,22.761538
1995-08-19 09:19:00,14.0,19.754093
1995-08-19 09:20:00,23.0,18.130606
1995-08-19 09:21:00,16.0,20.876432
1995-08-19 09:22:00,19.0,19.848137
1995-08-19 09:23:00,41.0,16.985373
1995-08-19 09:24:00,6.0,24.857012
1995-08-19 09:25:00,26.0,15.226519
1995-08-19 09:26:00,24.0,18.254107
1995-08-19 09:27:00,9.0,15.858
1995-08-19 09:28:00,39.0,16.369682
1995-08-19 09:29:00,18.0,27.125305
1995-08-19 09:30:00,26.0,22.017126
1995-08-19 09:31:00,37.0,24.800407
1995-08-19 09:32:00,35.0,21.695435
1995-08-19 09:33:00,15.0,28.146309
1995-08-19 09:34:00,31.0,21.749418
1995-08-19 09:35:00,25.0,25.843708
1995-08-19 09:36:00,49.0,27.110193
1995-08-19 09:37:00,44.0,30.937166
1995-08-19 09:38:00,40.0,30.575752
1995-08-19 09:39:00,18.0,27.178537
1995-08-19 09:40:00,38.0,27.631887
1995-08-19 09:41:00,31.0,26.653208
1995-08-19 09:42:00,26.0,28.427326
1995-08-19 09:43:00,16.0,29.531061
1995-08-19 09:44:00,20.0,26.139898
1995-08-19 09:45:00,22.0,23.714163
1995-08-19 09:46:00,24.0,25.224312
1995-08-19 09:47:00,31.0,27.650488
1995-08-19 09:48:00,16.0,29.308775
1995-08-19 09:49:00,21.0,24.975029
1995-08-19 09:50:00,20.0,25.2858
1995-08-19 09:51:00,16.0,24.771223
1995-08-19 09:52:00,34.0,20.868073
1995-08-19 09:53:00,29.0,27.428308
1995-08-19 09:54:00,23.0,22.623674
1995-08-19 09:55:00,11.0,19.87189
1995-08-19 09:56:00,19.0,16.53085
1995-08-19 09:57:00,37.0,23.17506
1995-08-19 09:58:00,13.0,28.109724
1995-08-19 09:59:00,28.0,19.448343
1995-08-19 10:00:00,18.0,24.678562
1995-08-19 10:01:00,22.0,24.45111
1995-08-19 10:02:00,15.0,25.526896
1995-08-19 10:03:00,16.0,18.504755
1995-08-19 10:04:00,14.0,17.43484
1995-08-19 10:05:00,30.0,21.56499
1995-08-19 10:06:00,29.0,27.28792
1995-08-19 10:07:00,31.0,27.060562
1995-08-19 10:08:00,48.0,26.048487
1995-08-19 10:09:00,29.0,27.156563
1995-08-19 10:10:00,11.0,21.771603
1995-08-19 10:11:00,24.0,22.576618
1995-08-19 10:12:00,13.0,24.548294
1995-08-19 10:13:00,35.0,16.887615
1995-08-19 10:14:00,41.0,27.132675
1995-08-19 10:15:00,36.0,23.132626
1995-08-19 10:16:00,40.0,20.591784
1995-08-19 10:17:00,30.0,32.242977
1995-08-19 10:18:00,16.0,30.922785
1995-08-19 10:19:00,23.0,20.155031
1995-08-19 10:20:00,29.0,21.210634
1995-08-19 10:21:00,26.0,29.127869
1995-08-19 10:22:00,14.0,13.273836
1995-08-19 10:23:00,38.0,18.397772
1995-08-19 10:24:00,52.0,26.282614
1995-08-19 10:25:00,31.0,28.834862
1995-08-19 10:26:00,35.0,30.254057
1995-08-19 10:27:00,32.0,25.015314
1995-08-19 10:28:00,19.0,14.941468
1995-08-19 10:29:00,45.0,27.90099
1995-08-19 10:30:00,26.0,36.18486
1995-08-19 10:31:00,35.0,33.315876
1995-08-19 10:32:00,33.0,33.205616
1995-08-19 10:33:00,45.0,33.240982
1995-08-19 10:34:00,19.0,20.82837
1995-08-19 10:35:00,6.0,31.717484
1995-08-19 10:36:00,11.0,17.243177
1995-08-19 10:37:00,20.0,24.117058
1995-08-19 10:38:00,19.0,20.902124
1995-08-19 10:39:00,29.0,26.759142
1995-08-19 10:40:00,16.0,29.608158
1995-08-19 10:41:00,6.0,14.396359
1995-08-19 10:42:00,8.0,12.332192
1995-08-19 10:43:00,7.0,11.548993
1995-08-19 10:44:00,11.0,17.85735
1995-08-19 10:45:00,3.0,11.446388
1995-08-19 10:46:00,32.0,18.32435
1995-08-19 10:47:00,27.0,17.48035
1995-08-19 10:48:00,15.0,20.125877
1995-08-19 10:49:00,17.0,20.274439
1995-08-19 10:50:00,17.0,19.521393
1995-08-19 10:51:00,30.0,19.602718
1995-08-19 10:52:00,25.0,15.517643
1995-08-19 10:53:00,16.0,20.119476
1995-08-19 10:54:00,22.0,14.624215
1995-08-19 10:55:00,31.0,21.290207
1995-08-19 10:56:00,27.0,20.485489
1995-08-19 10:57:00,30.0,23.00874
1995-08-19 10:58:00,56.0,27.3209
1995-08-19 10:59:00,45.0,33.22951
1995-08-19 11:00:00,37.0,33.578167
1995-08-19 11:01:00,28.0,27.273619
1995-08-19 11:02:00,28.0,27.635479
1995-08-19 11:03:00,15.0,23.321064
1995-08-19 11:04:00,11.0,16.524645
1995-08-19 11:05:00,21.0,19.66137
1995-08-19 11:06:00,16.0,13.3507185
1995-08-19 11:07:00,14.0,16.416605
1995-08-19 11:08:00,14.0,19.09998
1995-08-19 11:09:00,10.0,18.609888
1995-08-19 11:10:00,10.0,14.34979
1995-08-19 11:11:00,21.0,19.390917
1995-08-19 11:12:00,22.0,22.497051
1995-08-19 11:13:00,16.0,9.318495
1995-08-19 11:14:00,20.0,21.38272
1995-08-19 11:15:00,12.0,18.6761
1995-08-19 11:16:00,18.0,13.946382
1995-08-19 11:17:00,31.0,21.5525
1995-08-19 11:18:00,40.0,25.62036
1995-08-19 11:19:00,10.0,24.498894
1995-08-19 11:20:00,26.0,18.707546
1995-08-19 11:21:00,13.0,25.033487
1995-08-19 11:22:00,23.0,20.685104
1995-08-19 11:23:00,29.0,25.179846
1995-08-19 11:24:00,24.0,25.251362
1995-08-19 11:25:00,46.0,20.557402
1995-08-19 11:26:00,28.0,25.239784
1995-08-19 11:27:00,17.0,26.68431
1995-08-19 11:28:00,15.0,22.72439
1995-08-19 11:29:00,34.0,23.510386
1995-08-19 11:30:00,24.0,27.963009
1995-08-19 11:31:00,27.0,24.66509
1995-08-19 11:32:00,34.0,26.862772
1995-08-19 11:33:00,36.0,26.435602
1995-08-19 11:34:00,30.0,29.331697
1995-08-19 11:35:00,16.0,19.295479
1995-08-19 11:36:00,21.0,25.588942
1995-08-19 11:37:00,28.0,27.16427
1995-08-19 11:38:00,43.0,28.868383
1995-08-19 11:39:00,12.0,32.379143
1995-08-19 11:40:00,25.0,23.529175
1995-08-19 11:41:00,33.0,25.494768
1995-08-19 11:42:00,36.0,28.53129
1995-08-19 11:43:00,27.0,30.595873
1995-08-19 11:44:00,23.0,29.390787
1995-08-19 11:45:00,14.0,28.70093
1995-08-19 11:46:00,26.0,17.267408
1995-08-19 11:47:00,43.0,20.375866
1995-08-19 11:48:00,14.0,28.630909
1995-08-19 11:49:00,22.0,20.438292
1995-08-19 11:50:00,42.0,27.969784
1995-08-19 11:51:00,29.0,33.732418
1995-08-19 11:52:00,26.0,24.779821
1995-08-19 11:53:00,31.0,23.5731
1995-08-19 11:54:00,49.0,30.159632
1995-08-19 11:55:00,23.0,29.29887
1995-08-19 11:56:00,29.0,26.167166
1995-08-19 11:57:00,31.0,24.624645
1995-08-19 11:58:00,27.0,27.518385
1995-08-19 11:59:00,14.0,18.91338
1995-08-19 12:00:00,28.0,24.740416
1995-08-19 12:01:00,9.0,15.308252
1995-08-19 12:02:00,23.0,13.8652935
1995-08-19 12:03:00,14.0,22.604301
1995-08-19 12:04:00,19.0,16.603476
1995-08-19 12:05:00,41.0,27.288595
1995-08-19 12:06:00,48.0,31.61111
1995-08-19 12:07:00,41.0,31.917534
1995-08-19 12:08:00,29.0,35.423855
1995-08-19 12:09:00,43.0,31.012356
1995-08-19 12:10:00,33.0,32.892776
1995-08-19 12:11:00,35.0,26.139736
1995-08-19 12:12:00,18.0,27.062637
1995-08-19 12:13:00,14.0,20.81362
1995-08-19 12:14:00,30.0,23.547703
1995-08-19 12:15:00,31.0,31.178688
1995-08-19 12:16:00,31.0,29.294182
1995-08-19 12:17:00,41.0,31.214684
1995-08-19 12:18:00,34.0,33.08665
1995-08-19 12:19:00,22.0,28.523159
1995-08-19 12:20:00,16.0,22.65946
1995-08-19 12:21:00,17.0,27.142738
1995-08-19 12:22:00,11.0,25.381578
1995-08-19 12:23:00,20.0,23.456121
1995-08-19 12:24:00,34.0,19.091557
1995-08-19 12:25:00,18.0,27.906862
1995-08-19 12:26:00,13.0,12.459776
1995-08-19 12:27:00,26.0,13.860116
1995-08-19 12:28:00,4.0,11.75863
1995-08-19 12:29:00,7.0,14.807933
1995-08-19 12:30:00,28.0,17.127146
1995-08-19 12:31:00,26.0,24.291292
1995-08-19 12:32:00,14.0,28.117472
1995-08-19 12:33:00,38.0,22.745153
1995-08-19 12:34:00,27.0,24.993143
1995-08-19 12:35:00,36.0,26.42447
1995-08-19 12:36:00,18.0,32.92408
1995-08-19 12:37:00,26.0,15.573338
1995-08-19 12:38:00,17.0,25.80924
1995-08-19 12:39:00,32.0,24.589163
1995-08-19 12:40:00,36.0,26.589132
1995-08-19 12:41:00,36.0,30.37624
1995-08-19 12:42:00,17.0,26.883434
1995-08-19 12:43:00,49.0,25.979082
1995-08-19 12:44:00,30.0,25.638662
1995-08-19 12:45:00,20.0,25.00278
1995-08-19 12:46:00,19.0,16.969406
1995-08-19 12:47:00,30.0,24.858091
1995-08-19 12:48:00,26.0,23.65333
1995-08-19 12:49:00,30.0,22.195385
1995-08-19 12:50:00,22.0,19.830563
1995-08-19 12:51:00,32.0,22.91974
1995-08-19 12:52:00,30.0,30.0799
1995-08-19 12:53:00,18.0,24.972422
1995-08-19 12:54:00,20.0,16.626251
1995-08-19 12:55:00,10.0,24.174307
1995-08-19 12:56:00,19.0,18.543022
1995-08-19 12:57:00,11.0,21.391783
1995-08-19 12:58:00,29.0,17.866974
1995-08-19 12:59:00,18.0,20.331717
1995-08-19 13:00:00,15.0,25.339697
1995-08-19 13:01:00,9.0,13.180575
1995-08-19 13:02:00,26.0,19.12647
1995-08-19 13:03:00,46.0,26.894756
1995-08-19 13:04:00,31.0,26.194462
1995-08-19 13:05:00,19.0,31.73351
1995-08-19 13:06:00,9.0,25.644424
1995-08-19 13:07:00,18.0,16.91273
1995-08-19 13:08:00,54.0,23.589602
1995-08-19 13:09:00,37.0,33.058285
1995-08-19 13:10:00,19.0,19.118689
1995-08-19 13:11:00,30.0,19.519857
1995-08-19 13:12:00,6.0,18.656229
1995-08-19 13:13:00,13.0,16.473574
1995-08-19 13:14:00,13.0,19.118458
1995-08-19 13:15:00,18.0,18.902346
1995-08-19 13:16:00,10.0,12.9821415
1995-08-19 13:17:00,28.0,19.018282
1995-08-19 13:18:00,51.0,26.38694
1995-08-19 13:19:00,35.0,32.79537
1995-08-19 13:20:00,20.0,30.460682
1995-08-19 13:21:00,35.0,25.228527
1995-08-19 13:22:00,16.0,15.110994
1995-08-19 13:23:00,34.0,22.594275
1995-08-19 13:24:00,21.0,22.930395
1995-08-19 13:25:00,20.0,24.222519
1995-08-19 13:26:00,16.0,24.173021
1995-08-19 13:27:00,16.0,23.746408
1995-08-19 13:28:00,13.0,22.236633
1995-08-19 13:29:00,27.0,16.441145
1995-08-19 13:30:00,14.0,20.316778
1995-08-19 13:31:00,11.0,20.736464
1995-08-19 13:32:00,6.0,19.34363
1995-08-19 13:33:00,9.0,13.894636
1995-08-19 13:34:00,21.0,12.824629
1995-08-19 13:35:00,22.0,22.770546
1995-08-19 13:36:00,21.0,20.92091
1995-08-19 13:37:00,25.0,19.419853
1995-08-19 13:38:00,13.0,16.82911
1995-08-19 13:39:00,29.0,20.634167
1995-08-19 13:40:00,31.0,21.923904
1995-08-19 13:41:00,24.0,25.535727
1995-08-19 13:42:00,20.0,24.814966
1995-08-19 13:43:00,14.0,21.7141
1995-08-19 13:44:00,41.0,21.74501
1995-08-19 13:45:00,12.0,25.410307
1995-08-19 13:46:00,36.0,20.58345
1995-08-19 13:47:00,43.0,29.976526
1995-08-19 13:48:00,37.0,29.724709
1995-08-19 13:49:00,49.0,30.857473
1995-08-19 13:50:00,20.0,28.255188
1995-08-19 13:51:00,19.0,27.316357
1995-08-19 13:52:00,19.0,19.991467
1995-08-19 13:53:00,21.0,25.599283
1995-08-19 13:54:00,24.0,26.762802
1995-08-19 13:55:00,19.0,25.734745
1995-08-19 13:56:00,31.0,25.574947
1995-08-19 13:57:00,25.0,14.915974
1995-08-19 13:58:00,32.0,23.119822
1995-08-19 13:59:00,28.0,29.230314
1995-08-19 14:00:00,28.0,20.101765
1995-08-19 14:01:00,38.0,22.455072
1995-08-19 14:02:00,40.0,25.94031
1995-08-19 14:03:00,52.0,32.12094
1995-08-19 14:04:00,18.0,20.018019
1995-08-19 14:05:00,36.0,25.121805
1995-08-19 14:06:00,38.0,31.140236
1995-08-19 14:07:00,31.0,31.083115
1995-08-19 14:08:00,43.0,29.993067
1995-08-19 14:09:00,35.0,35.092785
1995-08-19 14:10:00,13.0,25.482485
1995-08-19 14:11:00,24.0,21.150707
1995-08-19 14:12:00,16.0,23.810926
1995-08-19 14:13:00,29.0,24.828386
1995-08-19 14:14:00,24.0,29.16013
1995-08-19 14:15:00,19.0,26.373812
1995-08-19 14:16:00,20.0,22.594725
1995-08-19 14:17:00,17.0,22.979542
1995-08-19 14:18:00,24.0,23.317295
1995-08-19 14:19:00,47.0,27.20765
1995-08-19 14:20:00,22.0,31.04105
1995-08-19 14:21:00,35.0,27.854366
1995-08-19 14:22:00,16.0,28.364395
1995-08-19 14:23:00,17.0,22.77125
1995-08-19 14:24:00,16.0,25.735044
1995-08-19 14:25:00,17.0,17.128115
1995-08-19 14:26:00,47.0,26.508638
1995-08-19 14:27:00,48.0,32.93184
1995-08-19 14:28:00,33.0,37.08901
1995-08-19 14:29:00,22.0,32.994648
1995-08-19 14:30:00,55.0,30.599709
1995-08-19 14:31:00,48.0,39.23613
1995-08-19 14:32:00,57.0,40.19043
1995-08-19 14:33:00,22.0,43.84713
1995-08-19 14:34:00,26.0,23.361526
1995-08-19 14:35:00,41.0,31.770584
1995-08-19 14:36:00,70.0,37.625908
1995-08-19 14:37:00,15.0,43.53364
1995-08-19 14:38:00,38.0,29.323997
1995-08-19 14:39:00,33.0,32.96065
1995-08-19 14:40:00,31.0,32.396885
1995-08-19 14:41:00,50.0,32.66082
1995-08-19 14:42:00,44.0,36.92864
1995-08-19 14:43:00,34.0,39.124516
1995-08-19 14:44:00,44.0,35.924774
1995-08-19 14:45:00,50.0,38.107662
1995-08-19 14:46:00,38.0,45.054947
1995-08-19 14:47:00,38.0,39.892467
1995-08-19 14:48:00,45.0,36.447155
1995-08-19 14:49:00,53.0,39.12425
1995-08-19 14:50:00,29.0,35.15731
1995-08-19 14:51:00,36.0,40.39488
1995-08-19 14:52:00,43.0,32.90211
1995-08-19 14:53:00,30.0,37.528122
1995-08-19 14:54:00,22.0,27.951355
1995-08-19 14:55:00,15.0,26.615362
1995-08-19 14:56:00,24.0,20.069622
1995-08-19 14:57:00,20.0,31.979805
1995-08-19 14:58:00,34.0,28.834904
1995-08-19 14:59:00,26.0,30.999954
1995-08-19 15:00:00,27.0,28.447714
1995-08-19 15:01:00,45.0,30.264698
1995-08-19 15:02:00,62.0,27.724636
1995-08-19 15:03:00,25.0,43.17113
1995-08-19 15:04:00,33.0,31.341099
1995-08-19 15:05:00,31.0,28.885979
1995-08-19 15:06:00,34.0,33.00322
1995-08-19 15:07:00,23.0,26.037466
1995-08-19 15:08:00,23.0,31.17242
1995-08-19 15:09:00,34.0,21.684393
1995-08-19 15:10:00,15.0,19.523474
1995-08-19 15:11:00,19.0,22.87021
1995-08-19 15:12:00,20.0,28.230068
1995-08-19 15:13:00,27.0,21.131006
1995-08-19 15:14:00,33.0,30.485918
1995-08-19 15:15:00,18.0,31.80265
1995-08-19 15:16:00,44.0,27.99016
1995-08-19 15:17:00,51.0,36.488533
1995-08-19 15:18:00,43.0,39.86198
1995-08-19 15:19:00,41.0,29.014132
1995-08-19 15:20:00,30.0,38.13233
1995-08-19 15:21:00,13.0,22.083843
1995-08-19 15:22:00,31.0,28.968876
1995-08-19 15:23:00,22.0,28.551567
1995-08-19 15:24:00,31.0,28.519611
1995-08-19 15:25:00,45.0,22.448536
1995-08-19 15:26:00,24.0,34.58664
1995-08-19 15:27:00,39.0,32.223778
1995-08-19 15:28:00,18.0,33.457584
1995-08-19 15:29:00,26.0,22.305231
1995-08-19 15:30:00,34.0,26.346746
1995-08-19 15:31:00,23.0,32.816704
1995-08-19 15:32:00,23.0,30.581053
1995-08-19 15:33:00,14.0,18.843527
1995-08-19 15:34:00,20.0,26.60235
1995-08-19 15:35:00,30.0,23.527788
1995-08-19 15:36:00,36.0,24.420748
1995-08-19 15:37:00,28.0,24.504074
1995-08-19 15:38:00,19.0,21.195107
1995-08-19 15:39:00,23.0,23.036495
1995-08-19 15:40:00,23.0,27.145147
1995-08-19 15:41:00,34.0,29.563995
1995-08-19 15:42:00,17.0,31.269371
1995-08-19 15:43:00,18.0,27.12723
1995-08-19 15:44:00,17.0,24.900331
1995-08-19 15:45:00,27.0,20.509512
1995-08-19 15:46:00,35.0,28.755335
1995-08-19 15:47:00,38.0,30.955027
1995-08-19 15:48:00,15.0,22.252344
1995-08-19 15:49:00,32.0,25.334366
1995-08-19 15:50:00,32.0,32.5531
1995-08-19 15:51:00,21.0,28.07833
1995-08-19 15:52:00,47.0,24.896515
1995-08-19 15:53:00,33.0,32.558365
1995-08-19 15:54:00,20.0,33.628002
1995-08-19 15:55:00,26.0,21.687714
1995-08-19 15:56:00,44.0,29.227388
1995-08-19 15:57:00,20.0,18.40583
1995-08-19 15:58:00,24.0,24.969572
1995-08-19 15:59:00,24.0,21.244194
1995-08-19 16:00:00,23.0,25.414085
1995-08-19 16:01:00,38.0,26.598171
1995-08-19 16:02:00,16.0,24.17933
1995-08-19 16:03:00,22.0,12.039232
1995-08-19 16:04:00,21.0,22.209768
1995-08-19 16:05:00,39.0,20.390049
1995-08-19 16:06:00,10.0,14.329919
1995-08-19 16:07:00,14.0,17.868086
1995-08-19 16:08:00,18.0,18.512026
1995-08-19 16:09:00,20.0,11.314057
1995-08-19 16:10:00,17.0,23.346666
1995-08-19 16:11:00,24.0,25.771095
1995-08-19 16:12:00,26.0,26.782434
1995-08-19 16:13:00,30.0,20.319443
1995-08-19 16:14:00,15.0,27.309525
1995-08-19 16:15:00,25.0,24.084509
1995-08-19 16:16:00,22.0,20.84315
1995-08-19 16:17:00,24.0,23.125809
1995-08-19 16:18:00,16.0,19.598309
1995-08-19 16:19:00,9.0,10.880315
1995-08-19 16:20:00,31.0,17.998528
1995-08-19 16:21:00,30.0,27.640265
1995-08-19 16:22:00,6.0,20.571962
1995-08-19 16:23:00,14.0,18.222288
1995-08-19 16:24:00,18.0,17.275776
1995-08-19 16:25:00,50.0,24.947268
1995-08-19 16:26:00,27.0,29.568281
1995-08-19 16:27:00,40.0,20.229977
1995-08-19 16:28:00,50.0,29.049252
1995-08-19 16:29:00,50.0,32.106556
1995-08-19 16:30:00,37.0,30.402185
1995-08-19 16:31:00,28.0,29.738586
1995-08-19 16:32:00,11.0,31.926418
1995-08-19 16:33:00,26.0,23.89645
1995-08-19 16:34:00,18.0,27.350342
1995-08-19 16:35:00,15.0,21.428768
1995-08-19 16:36:00,12.0,19.623842
1995-08-19 16:37:00,22.0,19.73773
1995-08-19 16:38:00,15.0,22.643778
1995-08-19 16:39:00,42.0,21.698978
1995-08-19 16:40:00,19.0,28.690409
1995-08-19 16:41:00,24.0,19.281195
1995-08-19 16:42:00,9.0,22.217234
1995-08-19 16:43:00,25.0,23.352137
1995-08-19 16:44:00,23.0,23.635567
1995-08-19 16:45:00,34.0,24.69693
1995-08-19 16:46:00,17.0,24.065372
1995-08-19 16:47:00,17.0,23.65036
1995-08-19 16:48:00,36.0,23.370037
1995-08-19 16:49:00,43.0,28.123434
1995-08-19 16:50:00,31.0,26.396376
1995-08-19 16:51:00,39.0,29.942682
1995-08-19 16:52:00,30.0,29.547647
1995-08-19 16:53:00,33.0,27.363937
1995-08-19 16:54:00,41.0,28.070177
1995-08-19 16:55:00,41.0,31.969193
1995-08-19 16:56:00,29.0,31.29198
1995-08-19 16:57:00,38.0,32.815025
1995-08-19 16:58:00,20.0,31.128216
1995-08-19 16:59:00,31.0,24.136
1995-08-19 17:00:00,26.0,29.618595
1995-08-19 17:01:00,25.0,25.417776
1995-08-19 17:02:00,29.0,23.402061
1995-08-19 17:03:00,32.0,29.09074
1995-08-19 17:04:00,29.0,24.639122
1995-08-19 17:05:00,30.0,27.074528
1995-08-19 17:06:00,24.0,29.320065
1995-08-19 17:07:00,28.0,22.354507
1995-08-19 17:08:00,27.0,23.670904
1995-08-19 17:09:00,11.0,30.50683
1995-08-19 17:10:00,31.0,22.804802
1995-08-19 17:11:00,26.0,32.731846
1995-08-19 17:12:00,39.0,28.916248
1995-08-19 17:13:00,24.0,32.441154
1995-08-19 17:14:00,45.0,28.886534
1995-08-19 17:15:00,27.0,36.519756
1995-08-19 17:16:00,26.0,17.451918
1995-08-19 17:17:00,10.0,25.379145
1995-08-19 17:18:00,30.0,23.848642
1995-08-19 17:19:00,26.0,24.115507
1995-08-19 17:20:00,39.0,27.557821
1995-08-19 17:21:00,26.0,21.606474
1995-08-19 17:22:00,35.0,29.170069
1995-08-19 17:23:00,16.0,31.99862
1995-08-19 17:24:00,14.0,23.827892
1995-08-19 17:25:00,18.0,24.676762
1995-08-19 17:26:00,18.0,25.267834
1995-08-19 17:27:00,55.0,23.707052
1995-08-19 17:28:00,62.0,35.998188
1995-08-19 17:29:00,35.0,36.536407
1995-08-19 17:30:00,31.0,34.023735
1995-08-19 17:31:00,23.0,25.73231
1995-08-19 17:32:00,15.0,23.89787
1995-08-19 17:33:00,27.0,28.463614
1995-08-19 17:34:00,23.0,25.126526
1995-08-19 17:35:00,22.0,28.174501
1995-08-19 17:36:00,38.0,28.239101
1995-08-19 17:37:00,21.0,33.691708
1995-08-19 17:38:00,13.0,28.483261
1995-08-19 17:39:00,8.0,19.881655
1995-08-19 17:40:00,36.0,22.42711
1995-08-19 17:41:00,19.0,26.829325
1995-08-19 17:42:00,18.0,25.377089
1995-08-19 17:43:00,23.0,27.104364
1995-08-19 17:44:00,31.0,21.33354
1995-08-19 17:45:00,37.0,26.983898
1995-08-19 17:46:00,38.0,32.255646
1995-08-19 17:47:00,46.0,30.21408
1995-08-19 17:48:00,30.0,30.087215
1995-08-19 17:49:00,17.0,32.1145
1995-08-19 17:50:00,24.0,25.829107
1995-08-19 17:51:00,44.0,30.141272
1995-08-19 17:52:00,39.0,31.264462
1995-08-19 17:53:00,22.0,34.795715
1995-08-19 17:54:00,12.0,24.992771
1995-08-19 17:55:00,20.0,20.756212
1995-08-19 17:56:00,27.0,27.829226
1995-08-19 17:57:00,24.0,27.821857
1995-08-19 17:58:00,17.0,29.267902
1995-08-19 17:59:00,31.0,26.85625
1995-08-19 18:00:00,31.0,21.104382
1995-08-19 18:01:00,16.0,18.646694
1995-08-19 18:02:00,9.0,26.90327
1995-08-19 18:03:00,11.0,11.8755455
1995-08-19 18:04:00,30.0,19.14369
1995-08-19 18:05:00,28.0,21.496065
1995-08-19 18:06:00,13.0,24.608498
1995-08-19 18:07:00,32.0,20.668856
1995-08-19 18:08:00,8.0,22.79094
1995-08-19 18:09:00,19.0,12.6760235
1995-08-19 18:10:00,22.0,20.220049
1995-08-19 18:11:00,23.0,21.478512
1995-08-19 18:12:00,28.0,19.736712
1995-08-19 18:13:00,34.0,27.479887
1995-08-19 18:14:00,31.0,27.937672
1995-08-19 18:15:00,29.0,27.744614
1995-08-19 18:16:00,16.0,22.301186
1995-08-19 18:17:00,29.0,25.241474
1995-08-19 18:18:00,15.0,28.862537
1995-08-19 18:19:00,11.0,14.647376
1995-08-19 18:20:00,30.0,13.521919
1995-08-19 18:21:00,41.0,24.697462
1995-08-19 18:22:00,53.0,27.421232
1995-08-19 18:23:00,14.0,36.501076
1995-08-19 18:24:00,33.0,24.314568
1995-08-19 18:25:00,47.0,28.064453
1995-08-19 18:26:00,32.0,30.501354
1995-08-19 18:27:00,29.0,26.790352
1995-08-19 18:28:00,25.0,24.713507
1995-08-19 18:29:00,37.0,25.126408
1995-08-19 18:30:00,45.0,32.67339
1995-08-19 18:31:00,33.0,29.109262
1995-08-19 18:32:00,25.0,26.350744
1995-08-19 18:33:00,23.0,23.498596
1995-08-19 18:34:00,16.0,15.455381
1995-08-19 18:35:00,13.0,13.037616
1995-08-19 18:36:00,17.0,17.96501
1995-08-19 18:37:00,23.0,14.677168
1995-08-19 18:38:00,14.0,14.3664465
1995-08-19 18:39:00,16.0,15.74621
1995-08-19 18:40:00,14.0,18.149776
1995-08-19 18:41:00,16.0,24.952137
1995-08-19 18:42:00,19.0,14.302816
1995-08-19 18:43:00,16.0,11.982381
1995-08-19 18:44:00,29.0,18.944317
1995-08-19 18:45:00,17.0,24.464617
1995-08-19 18:46:00,13.0,20.485653
1995-08-19 18:47:00,14.0,22.775154
1995-08-19 18:48:00,5.0,18.90216
1995-08-19 18:49:00,10.0,12.484534
1995-08-19 18:50:00,15.0,15.632109
1995-08-19 18:51:00,31.0,17.788813
1995-08-19 18:52:00,20.0,25.454048
1995-08-19 18:53:00,8.0,17.703014
1995-08-19 18:54:00,7.0,17.689775
1995-08-19 18:55:00,17.0,15.167019
1995-08-19 18:56:00,9.0,19.00683
1995-08-19 18:57:00,20.0,17.658255
1995-08-19 18:58:00,22.0,18.721827
1995-08-19 18:59:00,25.0,19.046766
1995-08-19 19:00:00,33.0,22.583336
1995-08-19 19:01:00,16.0,23.92865
1995-08-19 19:02:00,11.0,19.743456
1995-08-19 19:03:00,22.0,19.188745
1995-08-19 19:04:00,24.0,17.984766
1995-08-19 19:05:00,28.0,20.133898
1995-08-19 19:06:00,29.0,23.046003
1995-08-19 19:07:00,27.0,19.730062
1995-08-19 19:08:00,9.0,24.801182
1995-08-19 19:09:00,16.0,20.512625
1995-08-19 19:10:00,25.0,21.58302
1995-08-19 19:11:00,56.0,24.265768
1995-08-19 19:12:00,47.0,33.9071
1995-08-19 19:13:00,40.0,33.771202
1995-08-19 19:14:00,31.0,32.21284
1995-08-19 19:15:00,31.0,29.999407
1995-08-19 19:16:00,23.0,29.141878
1995-08-19 19:17:00,12.0,24.686626
1995-08-19 19:18:00,23.0,22.345394
1995-08-19 19:19:00,6.0,18.14275
1995-08-19 19:20:00,11.0,19.669598
1995-08-19 19:21:00,15.0,17.295586
1995-08-19 19:22:00,30.0,20.646915
1995-08-19 19:23:00,13.0,28.07862
1995-08-19 19:24:00,28.0,15.838217
1995-08-19 19:25:00,9.0,27.615734
1995-08-19 19:26:00,12.0,18.265911
1995-08-19 19:27:00,21.0,17.535597
1995-08-19 19:28:00,15.0,21.559008
1995-08-19 19:29:00,38.0,19.384583
1995-08-19 19:30:00,29.0,27.977528
1995-08-19 19:31:00,34.0,25.609642
1995-08-19 19:32:00,15.0,23.490088
1995-08-19 19:33:00,41.0,24.997698
1995-08-19 19:34:00,26.0,25.771338
1995-08-19 19:35:00,40.0,29.378784
1995-08-19 19:36:00,28.0,29.642534
1995-08-19 19:37:00,18.0,21.931694
1995-08-19 19:38:00,39.0,27.557209
1995-08-19 19:39:00,24.0,31.660385
1995-08-19 19:40:00,16.0,20.691816
1995-08-19 19:41:00,22.0,25.348616
1995-08-19 19:42:00,14.0,22.034117
1995-08-19 19:43:00,12.0,11.848131
1995-08-19 19:44:00,31.0,17.989012
1995-08-19 19:45:00,12.0,17.63701
1995-08-19 19:46:00,13.0,18.006355
1995-08-19 19:47:00,13.0,13.753097
1995-08-19 19:48:00,23.0,16.583694
1995-08-19 19:49:00,11.0,23.192623
1995-08-19 19:50:00,9.0,11.93585
1995-08-19 19:51:00,3.0,2.0404444
1995-08-19 19:52:00,17.0,14.791528
1995-08-19 19:53:00,18.0,17.565193
1995-08-19 19:54:00,30.0,21.743101
1995-08-19 19:55:00,29.0,22.489529
1995-08-19 19:56:00,19.0,21.911118
1995-08-19 19:57:00,46.0,22.130028
1995-08-19 19:58:00,32.0,26.559061
1995-08-19 19:59:00,37.0,27.232038
1995-08-19 20:00:00,18.0,23.7368
1995-08-19 20:01:00,5.0,13.443055
1995-08-19 20:02:00,19.0,13.241176
1995-08-19 20:03:00,39.0,24.507612
1995-08-19 20:04:00,44.0,29.83961
1995-08-19 20:05:00,25.0,21.829088
1995-08-19 20:06:00,8.0,15.174124
1995-08-19 20:07:00,24.0,20.881048
1995-08-19 20:08:00,17.0,17.001637
1995-08-19 20:09:00,27.0,16.53853
1995-08-19 20:10:00,11.0,21.416655
1995-08-19 20:11:00,18.0,18.76777
1995-08-19 20:12:00,26.0,23.513815
1995-08-19 20:13:00,23.0,18.702318
1995-08-19 20:14:00,23.0,13.264112
1995-08-19 20:15:00,15.0,23.244568
1995-08-19 20:16:00,15.0,22.842306
1995-08-19 20:17:00,22.0,21.181469
1995-08-19 20:18:00,41.0,24.683546
1995-08-19 20:19:00,9.0,13.502256
1995-08-19 20:20:00,28.0,20.461851
1995-08-19 20:21:00,27.0,24.919746
1995-08-19 20:22:00,23.0,28.159994
1995-08-19 20:23:00,36.0,28.114986
1995-08-19 20:24:00,43.0,27.585491
1995-08-19 20:25:00,26.0,32.468052
1995-08-19 20:26:00,52.0,30.178804
1995-08-19 20:27:00,27.0,32.75038
1995-08-19 20:28:00,21.0,31.597202
1995-08-19 20:29:00,44.0,24.112064
1995-08-19 20:30:00,52.0,31.652233
1995-08-19 20:31:00,27.0,30.123993
1995-08-19 20:32:00,50.0,31.168205
1995-08-19 20:33:00,44.0,35.875076
1995-08-19 20:34:00,36.0,36.26461
1995-08-19 20:35:00,30.0,30.51303
1995-08-19 20:36:00,24.0,31.896187
1995-08-19 20:37:00,21.0,28.247858
1995-08-19 20:38:00,8.0,13.94471
1995-08-19 20:39:00,29.0,23.275148
1995-08-19 20:40:00,42.0,29.842329
1995-08-19 20:41:00,18.0,30.302835
1995-08-19 20:42:00,36.0,30.445211
1995-08-19 20:43:00,27.0,30.390223
1995-08-19 20:44:00,19.0,19.635445
1995-08-19 20:45:00,45.0,27.443073
1995-08-19 20:46:00,18.0,28.078566
1995-08-19 20:47:00,15.0,24.349688
1995-08-19 20:48:00,14.0,14.252103
1995-08-19 20:49:00,20.0,24.541021
1995-08-19 20:50:00,21.0,26.46282
1995-08-19 20:51:00,27.0,26.830872
1995-08-19 20:52:00,22.0,21.271662
1995-08-19 20:53:00,11.0,18.469547
1995-08-19 20:54:00,9.0,17.308123
1995-08-19 20:55:00,18.0,20.093782
1995-08-19 20:56:00,14.0,23.217525
1995-08-19 20:57:00,19.0,22.176065
1995-08-19 20:58:00,7.0,9.011711
1995-08-19 20:59:00,18.0,19.127977
1995-08-19 21:00:00,11.0,21.878859
1995-08-19 21:01:00,17.0,10.784518
1995-08-19 21:02:00,18.0,11.720314
1995-08-19 21:03:00,59.0,20.28204
1995-08-19 21:04:00,27.0,30.640818
1995-08-19 21:05:00,12.0,23.0203
1995-08-19 21:06:00,33.0,15.667662
1995-08-19 21:07:00,11.0,2.4708571
1995-08-19 21:08:00,21.0,20.436758
1995-08-19 21:09:00,15.0,23.107471
1995-08-19 21:10:00,17.0,20.163435
1995-08-19 21:11:00,13.0,17.252996
1995-08-19 21:12:00,25.0,17.547
1995-08-19 21:13:00,14.0,23.076937
1995-08-19 21:14:00,13.0,18.014977
1995-08-19 21:15:00,30.0,17.373281
1995-08-19 21:16:00,58.0,25.383366
1995-08-19 21:17:00,23.0,24.953876
1995-08-19 21:18:00,51.0,25.48422
1995-08-19 21:19:00,42.0,36.228886
1995-08-19 21:20:00,31.0,33.711132
1995-08-19 21:21:00,39.0,29.91172
1995-08-19 21:22:00,32.0,32.13514
1995-08-19 21:23:00,22.0,19.985188
1995-08-19 21:24:00,9.0,24.368866
1995-08-19 21:25:00,23.0,17.966028
1995-08-19 21:26:00,33.0,24.533077
1995-08-19 21:27:00,40.0,31.27066
1995-08-19 21:28:00,29.0,29.119997
1995-08-19 21:29:00,29.0,21.759499
1995-08-19 21:30:00,27.0,26.85056
1995-08-19 21:31:00,20.0,20.78182
1995-08-19 21:32:00,31.0,22.493538
1995-08-19 21:33:00,23.0,25.095163
1995-08-19 21:34:00,23.0,27.379969
1995-08-19 21:35:00,35.0,26.460102
1995-08-19 21:36:00,21.0,34.05028
1995-08-19 21:37:00,13.0,24.762077
1995-08-19 21:38:00,15.0,24.08055
1995-08-19 21:39:00,24.0,16.046236
1995-08-19 21:40:00,17.0,22.966635
1995-08-19 21:41:00,13.0,24.898973
1995-08-19 21:42:00,20.0,20.119019
1995-08-19 21:43:00,32.0,26.488302
1995-08-19 21:44:00,27.0,26.450611
1995-08-19 21:45:00,13.0,17.529694
1995-08-19 21:46:00,20.0,21.675034
1995-08-19 21:47:00,19.0,20.535221
1995-08-19 21:48:00,33.0,22.84104
1995-08-19 21:49:00,29.0,23.866856
1995-08-19 21:50:00,31.0,29.414228
1995-08-19 21:51:00,53.0,28.119839
1995-08-19 21:52:00,33.0,36.083233
1995-08-19 21:53:00,42.0,32.70792
1995-08-19 21:54:00,33.0,32.6859
1995-08-19 21:55:00,17.0,30.965572
1995-08-19 21:56:00,13.0,27.62945
1995-08-19 21:57:00,16.0,24.884003
1995-08-19 21:58:00,24.0,24.376415
1995-08-19 21:59:00,31.0,27.628134
1995-08-19 22:00:00,46.0,28.57183
1995-08-19 22:01:00,25.0,24.010853
1995-08-19 22:02:00,17.0,25.602379
1995-08-19 22:03:00,20.0,24.763262
1995-08-19 22:04:00,49.0,27.2761
1995-08-19 22:05:00,17.0,25.983765
1995-08-19 22:06:00,30.0,27.669943
1995-08-19 22:07:00,21.0,28.447897
1995-08-19 22:08:00,11.0,22.654293
1995-08-19 22:09:00,28.0,24.547539
1995-08-19 22:10:00,35.0,26.264029
1995-08-19 22:11:00,18.0,26.891691
1995-08-19 22:12:00,29.0,25.35606
1995-08-19 22:13:00,27.0,29.539055
1995-08-19 22:14:00,56.0,30.175385
1995-08-19 22:15:00,33.0,30.557072
1995-08-19 22:16:00,18.0,23.667746
1995-08-19 22:17:00,41.0,27.381857
1995-08-19 22:18:00,35.0,33.21468
1995-08-19 22:19:00,46.0,28.830309
1995-08-19 22:20:00,28.0,35.429752
1995-08-19 22:21:00,22.0,29.238596
1995-08-19 22:22:00,20.0,26.591158
1995-08-19 22:23:00,13.0,29.00679
1995-08-19 22:24:00,50.0,19.300062
1995-08-19 22:25:00,35.0,33.449074
1995-08-19 22:26:00,23.0,29.722233
1995-08-19 22:27:00,33.0,28.268353
1995-08-19 22:28:00,15.0,24.481209
1995-08-19 22:29:00,11.0,13.089366
1995-08-19 22:30:00,13.0,24.992617
1995-08-19 22:31:00,13.0,16.01613
1995-08-19 22:32:00,33.0,19.566755
1995-08-19 22:33:00,42.0,26.44868
1995-08-19 22:34:00,17.0,17.396605
1995-08-19 22:35:00,13.0,17.604713
1995-08-19 22:36:00,19.0,15.787565
1995-08-19 22:37:00,20.0,24.321556
1995-08-19 22:38:00,31.0,20.329199
1995-08-19 22:39:00,16.0,27.38761
1995-08-19 22:40:00,12.0,20.081621
1995-08-19 22:41:00,32.0,22.131626
1995-08-19 22:42:00,19.0,17.480944
1995-08-19 22:43:00,22.0,18.964518
1995-08-19 22:44:00,19.0,19.279125
1995-08-19 22:45:00,19.0,21.108065
1995-08-19 22:46:00,29.0,20.89838
1995-08-19 22:47:00,17.0,20.16219
1995-08-19 22:48:00,23.0,21.977737
1995-08-19 22:49:00,11.0,16.64699
1995-08-19 22:50:00,24.0,19.400188
1995-08-19 22:51:00,21.0,20.662905
1995-08-19 22:52:00,14.0,24.778063
1995-08-19 22:53:00,14.0,19.534397
1995-08-19 22:54:00,24.0,18.660471
1995-08-19 22:55:00,28.0,23.242302
1995-08-19 22:56:00,44.0,26.09656
1995-08-19 22:57:00,25.0,26.085876
1995-08-19 22:58:00,27.0,28.766752
1995-08-19 22:59:00,56.0,25.719725
1995-08-19 23:00:00,36.0,33.433506
1995-08-19 23:01:00,28.0,29.71439
1995-08-19 23:02:00,27.0,27.581118
1995-08-19 23:03:00,48.0,29.80167
1995-08-19 23:04:00,27.0,35.431522
1995-08-19 23:05:00,28.0,24.49281
1995-08-19 23:06:00,17.0,20.765213
1995-08-19 23:07:00,18.0,26.609583
1995-08-19 23:08:00,16.0,18.325178
1995-08-19 23:09:00,13.0,22.941393
1995-08-19 23:10:00,20.0,19.837364
1995-08-19 23:11:00,28.0,24.278404
1995-08-19 23:12:00,37.0,25.838697
1995-08-19 23:13:00,23.0,28.483253
1995-08-19 23:14:00,37.0,28.162685
1995-08-19 23:15:00,33.0,25.948347
1995-08-19 23:16:00,35.0,31.778732
1995-08-19 23:17:00,16.0,27.985584
1995-08-19 23:18:00,36.0,24.114471
1995-08-19 23:19:00,27.0,31.090267
1995-08-19 23:20:00,31.0,30.170725
1995-08-19 23:21:00,24.0,30.107641
1995-08-19 23:22:00,38.0,25.013428
1995-08-19 23:23:00,52.0,34.890564
1995-08-19 23:24:00,41.0,37.65247
1995-08-19 23:25:00,32.0,36.188602
1995-08-19 23:26:00,51.0,33.63385
1995-08-19 23:27:00,50.0,40.06806
1995-08-19 23:28:00,32.0,40.45216
1995-08-19 23:29:00,41.0,35.64979
1995-08-19 23:30:00,34.0,39.593166
1995-08-19 23:31:00,40.0,29.213684
1995-08-19 23:32:00,26.0,31.780743
1995-08-19 23:33:00,27.0,30.779087
1995-08-19 23:34:00,14.0,32.542366
1995-08-19 23:35:00,29.0,20.71758
1995-08-19 23:36:00,12.0,27.894287
1995-08-19 23:37:00,16.0,16.665081
1995-08-19 23:38:00,11.0,26.10538
1995-08-19 23:39:00,17.0,25.380314
1995-08-19 23:40:00,23.0,24.564672
1995-08-19 23:41:00,20.0,27.665895
1995-08-19 23:42:00,25.0,25.913893
1995-08-19 23:43:00,32.0,27.61411
1995-08-19 23:44:00,32.0,25.372623
1995-08-19 23:45:00,25.0,13.753772
1995-08-19 23:46:00,24.0,25.73303
1995-08-19 23:47:00,18.0,18.226702
1995-08-19 23:48:00,16.0,26.85811
1995-08-19 23:49:00,11.0,19.894958
1995-08-19 23:50:00,15.0,20.159393
1995-08-19 23:51:00,19.0,21.421679
1995-08-19 23:52:00,19.0,27.025475
1995-08-19 23:53:00,18.0,18.76207
1995-08-19 23:54:00,13.0,23.176514
1995-08-19 23:55:00,30.0,20.236143
1995-08-19 23:56:00,20.0,25.491173
1995-08-19 23:57:00,15.0,23.547913
1995-08-19 23:58:00,29.0,21.657928
1995-08-19 23:59:00,23.0,28.60627
1995-08-20 00:00:00,27.0,22.922403
1995-08-20 00:01:00,39.0,24.115202
1995-08-20 00:02:00,12.0,17.800346
1995-08-20 00:03:00,31.0,17.882067
1995-08-20 00:04:00,21.0,24.00467
1995-08-20 00:05:00,18.0,21.266039
1995-08-20 00:06:00,34.0,20.143997
1995-08-20 00:07:00,30.0,21.012262
1995-08-20 00:08:00,30.0,20.835314
1995-08-20 00:09:00,17.0,19.853048
1995-08-20 00:10:00,59.0,23.000578
1995-08-20 00:11:00,22.0,29.390049
1995-08-20 00:12:00,26.0,25.803986
1995-08-20 00:13:00,19.0,23.523853
1995-08-20 00:14:00,23.0,20.153734
1995-08-20 00:15:00,38.0,23.890457
1995-08-20 00:16:00,16.0,26.672485
1995-08-20 00:17:00,11.0,21.765936
1995-08-20 00:18:00,28.0,18.089977
1995-08-20 00:19:00,35.0,18.067842
1995-08-20 00:20:00,32.0,27.577219
1995-08-20 00:21:00,18.0,12.012831
1995-08-20 00:22:00,22.0,22.153696
1995-08-20 00:23:00,39.0,22.71986
1995-08-20 00:24:00,49.0,30.96295
1995-08-20 00:25:00,29.0,24.724588
1995-08-20 00:26:00,38.0,29.6916
1995-08-20 00:27:00,29.0,32.83114
1995-08-20 00:28:00,38.0,30.378836
1995-08-20 00:29:00,19.0,32.264034
1995-08-20 00:30:00,42.0,28.047806
1995-08-20 00:31:00,29.0,33.963055
1995-08-20 00:32:00,26.0,29.788338
1995-08-20 00:33:00,19.0,21.651922
1995-08-20 00:34:00,26.0,22.314734
1995-08-20 00:35:00,29.0,22.738163
1995-08-20 00:36:00,36.0,28.451864
1995-08-20 00:37:00,37.0,24.387598
1995-08-20 00:38:00,30.0,25.060204
1995-08-20 00:39:00,26.0,28.936861
1995-08-20 00:40:00,26.0,21.489485
1995-08-20 00:41:00,29.0,29.450268
1995-08-20 00:42:00,22.0,22.111284
1995-08-20 00:43:00,26.0,24.924425
1995-08-20 00:44:00,31.0,26.30274
1995-08-20 00:45:00,22.0,29.55558
1995-08-20 00:46:00,27.0,22.584337
1995-08-20 00:47:00,32.0,29.08995
1995-08-20 00:48:00,29.0,26.51758
1995-08-20 00:49:00,15.0,27.877201
1995-08-20 00:50:00,10.0,20.23141
1995-08-20 00:51:00,26.0,17.408424
1995-08-20 00:52:00,39.0,28.001305
1995-08-20 00:53:00,31.0,28.784386
1995-08-20 00:54:00,30.0,26.843302
1995-08-20 00:55:00,23.0,28.349474
1995-08-20 00:56:00,33.0,22.96311
1995-08-20 00:57:00,14.0,32.176975
1995-08-20 00:58:00,29.0,19.514568
1995-08-20 00:59:00,21.0,22.982687
1995-08-20 01:00:00,28.0,22.709
1995-08-20 01:01:00,28.0,27.524532
1995-08-20 01:02:00,7.0,22.300474
1995-08-20 01:03:00,29.0,18.046661
1995-08-20 01:04:00,14.0,12.882256
1995-08-20 01:05:00,29.0,18.021084
1995-08-20 01:06:00,27.0,27.175493
1995-08-20 01:07:00,16.0,24.10643
1995-08-20 01:08:00,41.0,24.979753
1995-08-20 01:09:00,19.0,30.388973
1995-08-20 01:10:00,13.0,23.068447
1995-08-20 01:11:00,16.0,19.14295
1995-08-20 01:12:00,28.0,20.484577
1995-08-20 01:13:00,25.0,24.881844
1995-08-20 01:14:00,14.0,26.72617
1995-08-20 01:15:00,38.0,20.270412
1995-08-20 01:16:00,19.0,28.72297
1995-08-20 01:17:00,30.0,18.854345
1995-08-20 01:18:00,41.0,27.304853
1995-08-20 01:19:00,43.0,28.912004
1995-08-20 01:20:00,29.0,28.419376
1995-08-20 01:21:00,26.0,22.82527
1995-08-20 01:22:00,22.0,26.527258
1995-08-20 01:23:00,33.0,26.85048
1995-08-20 01:24:00,24.0,29.967192
1995-08-20 01:25:00,16.0,21.698162
1995-08-20 01:26:00,37.0,22.132982
1995-08-20 01:27:00,28.0,28.38173
1995-08-20 01:28:00,22.0,25.721878
1995-08-20 01:29:00,25.0,22.110624
1995-08-20 01:30:00,24.0,26.386057
1995-08-20 01:31:00,16.0,19.572477
1995-08-20 01:32:00,13.0,18.375202
1995-08-20 01:33:00,20.0,21.417492
1995-08-20 01:34:00,24.0,18.172312
1995-08-20 01:35:00,37.0,21.488138
1995-08-20 01:36:00,21.0,19.015318
1995-08-20 01:37:00,22.0,23.205957
1995-08-20 01:38:00,20.0,21.867275
1995-08-20 01:39:00,7.0,17.980154
1995-08-20 01:40:00,4.0,15.860352
1995-08-20 01:41:00,10.0,17.07419
1995-08-20 01:42:00,21.0,15.905924
1995-08-20 01:43:00,19.0,19.404299
1995-08-20 01:44:00,13.0,18.026613
1995-08-20 01:45:00,29.0,17.783617
1995-08-20 01:46:00,26.0,24.60835
1995-08-20 01:47:00,25.0,21.089777
1995-08-20 01:48:00,12.0,14.739967
1995-08-20 01:49:00,12.0,9.902874
1995-08-20 01:50:00,26.0,16.76059
1995-08-20 01:51:00,14.0,23.659742
1995-08-20 01:52:00,23.0,18.708529
1995-08-20 01:53:00,17.0,22.035484
1995-08-20 01:54:00,22.0,16.201078
1995-08-20 01:55:00,28.0,17.665476
1995-08-20 01:56:00,11.0,11.220664
1995-08-20 01:57:00,19.0,20.324465
1995-08-20 01:58:00,31.0,21.124475
1995-08-20 01:59:00,15.0,25.472233
1995-08-20 02:00:00,14.0,18.094088
1995-08-20 02:01:00,8.0,17.457682
1995-08-20 02:02:00,9.0,14.047128
1995-08-20 02:03:00,25.0,11.590349
1995-08-20 02:04:00,14.0,12.721219
1995-08-20 02:05:00,12.0,13.734803
1995-08-20 02:06:00,15.0,8.465639
1995-08-20 02:07:00,10.0,8.740958
1995-08-20 02:08:00,18.0,9.306749
1995-08-20 02:09:00,10.0,14.553416
1995-08-20 02:10:00,9.0,15.889416
1995-08-20 02:11:00,6.0,2.2906861
1995-08-20 02:12:00,12.0,11.986511
1995-08-20 02:13:00,8.0,11.347316
1995-08-20 02:14:00,19.0,14.1477375
1995-08-20 02:15:00,12.0,12.653151
1995-08-20 02:16:00,28.0,18.016567
1995-08-20 02:17:00,10.0,17.039625
1995-08-20 02:18:00,9.0,17.560638
1995-08-20 02:19:00,11.0,7.127144
1995-08-20 02:20:00,20.0,15.836254
1995-08-20 02:21:00,12.0,14.437435
1995-08-20 02:22:00,13.0,12.881306
1995-08-20 02:23:00,12.0,12.629077
1995-08-20 02:24:00,15.0,16.06272
1995-08-20 02:25:00,20.0,16.793455
1995-08-20 02:26:00,15.0,14.051161
1995-08-20 02:27:00,16.0,17.315998
1995-08-20 02:28:00,13.0,14.232712
1995-08-20 02:29:00,7.0,15.314148
1995-08-20 02:30:00,5.0,13.46845
1995-08-20 02:31:00,27.0,11.762382
1995-08-20 02:32:00,12.0,13.02895
1995-08-20 02:33:00,6.0,12.346771
1995-08-20 02:34:00,26.0,11.390929
1995-08-20 02:35:00,17.0,11.825911
1995-08-20 02:36:00,18.0,16.176815
1995-08-20 02:37:00,9.0,15.705065
1995-08-20 02:38:00,23.0,9.407688
1995-08-20 02:39:00,26.0,19.440393
1995-08-20 02:40:00,17.0,17.47401
1995-08-20 02:41:00,9.0,15.712128
1995-08-20 02:42:00,12.0,14.672646
1995-08-20 02:43:00,11.0,16.260141
1995-08-20 02:44:00,12.0,16.157717
1995-08-20 02:45:00,12.0,12.121225
1995-08-20 02:46:00,18.0,11.003142
1995-08-20 02:47:00,17.0,11.896929
1995-08-20 02:48:00,9.0,16.609138
1995-08-20 02:49:00,4.0,14.450713
1995-08-20 02:50:00,12.0,10.969731
1995-08-20 02:51:00,15.0,14.173962
1995-08-20 02:52:00,5.0,11.750246
1995-08-20 02:53:00,23.0,11.053325
1995-08-20 02:54:00,6.0,15.818071
1995-08-20 02:55:00,17.0,8.968507
1995-08-20 02:56:00,24.0,17.47498
1995-08-20 02:57:00,23.0,20.514282
1995-08-20 02:58:00,15.0,18.87689
1995-08-20 02:59:00,7.0,2.6894772
1995-08-20 03:00:00,6.0,8.348844
1995-08-20 03:01:00,10.0,11.1612425
1995-08-20 03:02:00,26.0,14.396081
1995-08-20 03:03:00,25.0,19.207872
1995-08-20 03:04:00,25.0,16.868881
1995-08-20 03:05:00,20.0,16.07724
1995-08-20 03:06:00,12.0,17.951288
1995-08-20 03:07:00,23.0,9.2264
1995-08-20 03:08:00,11.0,14.893169
1995-08-20 03:09:00,19.0,15.062098
1995-08-20 03:10:00,16.0,18.56807
1995-08-20 03:11:00,10.0,11.513025
1995-08-20 03:12:00,7.0,11.349501
1995-08-20 03:13:00,17.0,13.56272
1995-08-20 03:14:00,18.0,12.2759
1995-08-20 03:15:00,12.0,15.3570175
1995-08-20 03:16:00,1.0,7.0776005
1995-08-20 03:17:00,10.0,9.078309
1995-08-20 03:18:00,4.0,14.863891
1995-08-20 03:19:00,1.0,2.97419
1995-08-20 03:20:00,7.0,7.1211433
1995-08-20 03:21:00,23.0,10.605803
1995-08-20 03:22:00,5.0,17.484571
1995-08-20 03:23:00,13.0,11.785451
1995-08-20 03:24:00,13.0,15.532173
1995-08-20 03:25:00,8.0,15.405392
1995-08-20 03:26:00,35.0,14.062796
1995-08-20 03:27:00,23.0,16.830687
1995-08-20 03:28:00,19.0,16.096033
1995-08-20 03:29:00,17.0,17.563232
1995-08-20 03:30:00,31.0,16.860962
1995-08-20 03:31:00,19.0,16.903152
1995-08-20 03:32:00,19.0,15.712004
1995-08-20 03:33:00,7.0,19.135248
1995-08-20 03:34:00,10.0,13.72253
1995-08-20 03:35:00,9.0,16.24246
1995-08-20 03:36:00,20.0,14.705791
1995-08-20 03:37:00,13.0,16.886442
1995-08-20 03:38:00,21.0,17.317785
1995-08-20 03:39:00,15.0,14.095698
1995-08-20 03:40:00,6.0,1.7977409
1995-08-20 03:41:00,16.0,13.106502
1995-08-20 03:42:00,25.0,14.5731125
1995-08-20 03:43:00,27.0,15.392998
1995-08-20 03:44:00,15.0,15.919344
1995-08-20 03:45:00,18.0,14.5144
1995-08-20 03:46:00,14.0,18.288248
1995-08-20 03:47:00,11.0,12.098214
1995-08-20 03:48:00,9.0,10.165854
1995-08-20 03:49:00,21.0,7.8574038
1995-08-20 03:50:00,9.0,8.174554
1995-08-20 03:51:00,24.0,12.196127
1995-08-20 03:52:00,18.0,22.499
1995-08-20 03:53:00,24.0,17.911505
1995-08-20 03:54:00,17.0,19.702236
1995-08-20 03:55:00,17.0,11.428866
1995-08-20 03:56:00,10.0,13.429326
1995-08-20 03:57:00,8.0,12.465165
1995-08-20 03:58:00,14.0,12.805549
1995-08-20 03:59:00,19.0,16.94037
1995-08-20 04:00:00,7.0,9.95232
1995-08-20 04:01:00,30.0,13.557735
1995-08-20 04:02:00,27.0,18.98441
1995-08-20 04:03:00,30.0,17.74353
1995-08-20 04:04:00,17.0,20.416258
1995-08-20 04:05:00,14.0,13.079997
1995-08-20 04:06:00,11.0,11.578007
1995-08-20 04:07:00,5.0,17.219461
1995-08-20 04:08:00,5.0,8.216618
1995-08-20 04:09:00,2.0,13.37302
1995-08-20 04:10:00,3.0,10.97395
1995-08-20 04:11:00,8.0,6.023459
1995-08-20 04:12:00,10.0,9.575795
1995-08-20 04:13:00,0.0,1.5797131
1995-08-20 04:18:00,11.0,1.8746293
1995-08-20 04:20:00,16.0,12.949886
1995-08-20 04:21:00,13.0,8.0841255
1995-08-20 04:22:00,20.0,13.084868
1995-08-20 04:23:00,8.0,15.9659195
1995-08-20 04:24:00,9.0,13.529961
1995-08-20 04:25:00,3.0,14.206052
1995-08-20 04:26:00,9.0,10.9265175
1995-08-20 04:27:00,9.0,13.884292
1995-08-20 04:28:00,26.0,15.661539
1995-08-20 04:30:00,3.0,2.8509371
1995-08-20 04:31:00,15.0,12.460967
1995-08-20 04:32:00,12.0,14.231861
1995-08-20 04:33:00,7.0,12.230658
1995-08-20 04:34:00,14.0,15.262882
1995-08-20 04:35:00,4.0,13.6020565
1995-08-20 04:36:00,4.0,10.804962
1995-08-20 04:37:00,18.0,10.601832
1995-08-20 04:38:00,18.0,18.03765
1995-08-20 04:39:00,1.0,2.8174436
1995-08-20 04:40:00,1.0,10.183977
1995-08-20 04:41:00,10.0,8.067544
1995-08-20 04:42:00,8.0,12.230629
1995-08-20 04:43:00,2.0,1.8296602
1995-08-20 04:44:00,11.0,10.24741
1995-08-20 04:45:00,20.0,9.279082
1995-08-20 04:46:00,22.0,14.232068
1995-08-20 04:47:00,7.0,17.009422
1995-08-20 04:48:00,17.0,9.14423
1995-08-20 04:49:00,10.0,7.9174004
1995-08-20 04:50:00,16.0,11.804383
1995-08-20 04:51:00,14.0,13.08051
1995-08-20 04:52:00,7.0,14.811668
1995-08-20 04:53:00,8.0,11.575149
1995-08-20 04:54:00,7.0,10.761899
1995-08-20 04:55:00,3.0,9.206897
1995-08-20 04:56:00,18.0,10.640186
1995-08-20 04:57:00,5.0,12.811043
1995-08-20 04:58:00,17.0,12.360955
1995-08-20 04:59:00,15.0,10.898709
1995-08-20 05:00:00,7.0,11.822264
1995-08-20 05:01:00,6.0,11.385693
1995-08-20 05:02:00,0.0,2.1882098
1995-08-20 05:07:00,45.0,20.798138
1995-08-20 05:09:00,8.0,10.919746
1995-08-20 05:10:00,40.0,9.575919
1995-08-20 05:11:00,1.0,3.2231398
1995-08-20 05:12:00,15.0,9.734923
1995-08-20 05:13:00,2.0,3.6108408
1995-08-20 05:14:00,3.0,6.18779
1995-08-20 05:15:00,3.0,11.35321
1995-08-20 05:16:00,6.0,2.9544737
1995-08-20 05:17:00,6.0,7.11932
1995-08-20 05:19:00,2.0,7.2138605
1995-08-20 05:20:00,5.0,4.89288
1995-08-20 05:21:00,1.0,1.8346467
1995-08-20 05:22:00,12.0,8.345855
1995-08-20 05:23:00,5.0,9.58738
1995-08-20 05:24:00,7.0,12.26495
1995-08-20 05:25:00,2.0,6.8499527
1995-08-20 05:26:00,13.0,8.537434
1995-08-20 05:27:00,13.0,11.298182
1995-08-20 05:28:00,3.0,1.5622241
1995-08-20 05:29:00,8.0,4.432967
1995-08-20 05:30:00,6.0,7.140259
1995-08-20 05:31:00,2.0,4.5804186
1995-08-20 05:32:00,3.0,1.304595
1995-08-20 05:33:00,2.0,0.9371896
1995-08-20 05:34:00,6.0,7.801776
1995-08-20 05:35:00,15.0,7.5688496
1995-08-20 05:36:00,6.0,6.0450006
1995-08-20 05:37:00,8.0,6.5103216
1995-08-20 05:38:00,2.0,7.9255323
1995-08-20 05:39:00,2.0,1.4614196
1995-08-20 05:40:00,5.0,6.8952365
1995-08-20 05:41:00,2.0,7.4789476
1995-08-20 05:42:00,10.0,7.7134876
1995-08-20 05:43:00,5.0,9.049655
1995-08-20 05:44:00,6.0,8.619179
1995-08-20 05:45:00,13.0,8.877758
1995-08-20 05:46:00,16.0,11.076515
1995-08-20 05:47:00,17.0,11.645875
1995-08-20 05:48:00,14.0,10.304617
1995-08-20 05:49:00,2.0,7.3435802
1995-08-20 05:50:00,7.0,6.935452
1995-08-20 05:51:00,15.0,6.648492
1995-08-20 05:52:00,8.0,14.820461
1995-08-20 05:53:00,13.0,7.3629246
1995-08-20 05:54:00,13.0,8.093038
1995-08-20 05:55:00,15.0,12.1468115
1995-08-20 05:56:00,8.0,9.544181
1995-08-20 05:57:00,16.0,7.863555
1995-08-20 05:58:00,9.0,12.971885
1995-08-20 05:59:00,5.0,10.485212
1995-08-20 06:00:00,13.0,11.309
1995-08-20 06:01:00,4.0,15.318151
1995-08-20 06:02:00,9.0,7.898611
1995-08-20 06:03:00,4.0,5.0042896
1995-08-20 06:04:00,18.0,7.951271
1995-08-20 06:05:00,5.0,8.202676
1995-08-20 06:06:00,1.0,2.6753702
1995-08-20 06:07:00,3.0,3.0742335
1995-08-20 06:08:00,2.0,0.5969949
1995-08-20 06:09:00,1.0,5.350606
1995-08-20 06:10:00,5.0,6.6995897
1995-08-20 06:11:00,13.0,6.075056
1995-08-20 06:12:00,1.0,1.5770385
1995-08-20 06:13:00,5.0,6.1821437
1995-08-20 06:14:00,4.0,7.743759
1995-08-20 06:15:00,5.0,0.9331031
1995-08-20 06:16:00,12.0,7.0277157
1995-08-20 06:17:00,11.0,6.9077907
1995-08-20 06:18:00,15.0,10.51827
1995-08-20 06:19:00,15.0,11.837016
1995-08-20 06:20:00,12.0,13.925009
1995-08-20 06:21:00,16.0,8.826141
1995-08-20 06:22:00,8.0,11.373458
1995-08-20 06:23:00,17.0,11.040699
1995-08-20 06:24:00,25.0,17.31699
1995-08-20 06:25:00,21.0,20.3591
1995-08-20 06:26:00,5.0,7.87024
1995-08-20 06:27:00,3.0,9.67279
1995-08-20 06:28:00,10.0,6.1681223
1995-08-20 06:29:00,15.0,13.565426
1995-08-20 06:30:00,4.0,8.985236
1995-08-20 06:31:00,5.0,8.76857
1995-08-20 06:32:00,5.0,8.559053
1995-08-20 06:33:00,5.0,5.0447617
1995-08-20 06:34:00,9.0,7.2640295
1995-08-20 06:35:00,5.0,11.033441
1995-08-20 06:36:00,4.0,8.561306
1995-08-20 06:37:00,13.0,9.636979
1995-08-20 06:38:00,7.0,10.042574
1995-08-20 06:39:00,19.0,12.120459
1995-08-20 06:40:00,6.0,13.336023
1995-08-20 06:41:00,12.0,10.975783
1995-08-20 06:42:00,5.0,10.4880495
1995-08-20 06:43:00,5.0,9.332182
1995-08-20 06:44:00,10.0,9.955833
1995-08-20 06:45:00,7.0,12.5914545
1995-08-20 06:46:00,1.0,7.1304646
1995-08-20 06:47:00,9.0,8.371425
1995-08-20 06:48:00,10.0,9.147355
1995-08-20 06:49:00,2.0,12.496033
1995-08-20 06:50:00,6.0,3.8170586
1995-08-20 06:51:00,9.0,7.8191957
1995-08-20 06:52:00,7.0,10.472383
1995-08-20 06:53:00,6.0,2.3797805
1995-08-20 06:54:00,9.0,6.9685698
1995-08-20 06:55:00,12.0,8.47502
1995-08-20 06:56:00,7.0,8.853512
1995-08-20 06:57:00,17.0,8.807521
1995-08-20 06:58:00,3.0,7.320035
1995-08-20 06:59:00,11.0,10.010761
1995-08-20 07:00:00,5.0,5.6377707
1995-08-20 07:01:00,12.0,8.301022
1995-08-20 07:02:00,14.0,8.8351555
1995-08-20 07:03:00,12.0,10.42348
1995-08-20 07:04:00,2.0,9.908386
1995-08-20 07:05:00,12.0,8.315051
1995-08-20 07:06:00,14.0,12.833683
1995-08-20 07:07:00,6.0,10.16681
1995-08-20 07:08:00,15.0,8.421497
1995-08-20 07:09:00,8.0,12.404412
1995-08-20 07:10:00,14.0,9.71598
1995-08-20 07:11:00,15.0,15.377739
1995-08-20 07:12:00,8.0,12.344735
1995-08-20 07:13:00,14.0,8.045612
1995-08-20 07:14:00,14.0,14.847454
1995-08-20 07:15:00,8.0,10.399646
1995-08-20 07:16:00,17.0,7.4722347
1995-08-20 07:17:00,17.0,9.300986
1995-08-20 07:18:00,20.0,18.433666
1995-08-20 07:19:00,35.0,18.14506
1995-08-20 07:20:00,12.0,15.902338
1995-08-20 07:21:00,9.0,11.132198
1995-08-20 07:22:00,9.0,12.167945
1995-08-20 07:23:00,22.0,14.510638
1995-08-20 07:24:00,11.0,9.435216
1995-08-20 07:25:00,25.0,16.443819
1995-08-20 07:26:00,21.0,18.8882
1995-08-20 07:27:00,17.0,18.43414
1995-08-20 07:28:00,12.0,20.294235
1995-08-20 07:29:00,32.0,15.812435
1995-08-20 07:30:00,10.0,18.693785
1995-08-20 07:31:00,14.0,11.541546
1995-08-20 07:32:00,15.0,17.078897
1995-08-20 07:33:00,25.0,17.180136
1995-08-20 07:34:00,8.0,21.961319
1995-08-20 07:35:00,16.0,13.701891
1995-08-20 07:36:00,17.0,13.724864
1995-08-20 07:37:00,19.0,19.33001
1995-08-20 07:38:00,16.0,11.495576
1995-08-20 07:39:00,24.0,16.159758
1995-08-20 07:40:00,19.0,19.771309
1995-08-20 07:41:00,12.0,19.226507
1995-08-20 07:42:00,17.0,14.014606
1995-08-20 07:43:00,18.0,19.803926
1995-08-20 07:44:00,15.0,18.118353
1995-08-20 07:45:00,24.0,19.03557
1995-08-20 07:46:00,10.0,21.125578
1995-08-20 07:47:00,10.0,12.785386
1995-08-20 07:48:00,9.0,17.103569
1995-08-20 07:49:00,10.0,16.82369
1995-08-20 07:50:00,6.0,14.934704
1995-08-20 07:51:00,26.0,11.744709
1995-08-20 07:52:00,7.0,18.020218
1995-08-20 07:53:00,14.0,9.424635
1995-08-20 07:54:00,10.0,17.036451
1995-08-20 07:55:00,10.0,15.568531
1995-08-20 07:56:00,3.0,10.064817
1995-08-20 07:57:00,9.0,9.506204
1995-08-20 07:58:00,13.0,12.065957
1995-08-20 07:59:00,12.0,14.529736
1995-08-20 08:00:00,16.0,10.01942
1995-08-20 08:01:00,5.0,12.127523
1995-08-20 08:02:00,13.0,9.763598
1995-08-20 08:03:00,11.0,11.577557
1995-08-20 08:04:00,13.0,10.631209
1995-08-20 08:05:00,25.0,12.765644
1995-08-20 08:06:00,19.0,17.777555
1995-08-20 08:07:00,17.0,19.228785
1995-08-20 08:08:00,17.0,15.01186
1995-08-20 08:09:00,21.0,17.669329
1995-08-20 08:10:00,18.0,17.90602
1995-08-20 08:11:00,9.0,17.82564
1995-08-20 08:12:00,10.0,13.896529
1995-08-20 08:13:00,10.0,7.46039
1995-08-20 08:14:00,4.0,13.213585
1995-08-20 08:15:00,10.0,6.0733943
1995-08-20 08:16:00,7.0,11.334123
1995-08-20 08:17:00,2.0,4.2917714
1995-08-20 08:18:00,12.0,11.14685
1995-08-20 08:19:00,30.0,13.126089
1995-08-20 08:20:00,17.0,13.189247
1995-08-20 08:21:00,24.0,19.117365
1995-08-20 08:22:00,11.0,16.86245
1995-08-20 08:23:00,4.0,9.730539
1995-08-20 08:24:00,11.0,13.673075
1995-08-20 08:25:00,9.0,9.107955
1995-08-20 08:26:00,2.0,15.037817
1995-08-20 08:27:00,20.0,9.905867
1995-08-20 08:28:00,32.0,18.121672
1995-08-20 08:29:00,13.0,19.61545
1995-08-20 08:30:00,5.0,8.676452
1995-08-20 08:31:00,11.0,13.286961
1995-08-20 08:32:00,19.0,10.977291
1995-08-20 08:33:00,9.0,17.699484
1995-08-20 08:34:00,16.0,15.188297
1995-08-20 08:35:00,13.0,17.228355
1995-08-20 08:36:00,17.0,15.726263
1995-08-20 08:37:00,7.0,5.821363
1995-08-20 08:38:00,12.0,12.690022
1995-08-20 08:39:00,15.0,13.884153
1995-08-20 08:40:00,13.0,17.390427
1995-08-20 08:41:00,10.0,11.963304
1995-08-20 08:42:00,31.0,10.91637
1995-08-20 08:43:00,9.0,19.803965
1995-08-20 08:44:00,3.0,16.344837
1995-08-20 08:45:00,9.0,6.277609
1995-08-20 08:46:00,25.0,14.369722
1995-08-20 08:47:00,27.0,19.667236
1995-08-20 08:48:00,24.0,19.648369
1995-08-20 08:49:00,18.0,11.843784
1995-08-20 08:50:00,7.0,6.5562162
1995-08-20 08:51:00,15.0,14.987927
1995-08-20 08:52:00,11.0,9.010518
1995-08-20 08:53:00,19.0,17.199778
1995-08-20 08:54:00,23.0,17.858816
1995-08-20 08:55:00,21.0,21.207684
1995-08-20 08:56:00,18.0,18.50416
1995-08-20 08:57:00,20.0,17.88204
1995-08-20 08:58:00,18.0,19.364
1995-08-20 08:59:00,4.0,17.724998
1995-08-20 09:00:00,14.0,11.465926
1995-08-20 09:01:00,15.0,12.0789385
1995-08-20 09:02:00,19.0,17.036142
1995-08-20 09:03:00,18.0,20.072857
1995-08-20 09:04:00,14.0,16.33307
1995-08-20 09:05:00,9.0,17.479897
1995-08-20 09:06:00,19.0,17.09544
1995-08-20 09:07:00,18.0,18.696865
1995-08-20 09:08:00,14.0,12.758494
1995-08-20 09:09:00,8.0,15.709427
1995-08-20 09:10:00,17.0,11.952019
1995-08-20 09:11:00,29.0,13.151338
1995-08-20 09:12:00,18.0,18.980227
1995-08-20 09:13:00,14.0,20.342632
1995-08-20 09:14:00,27.0,19.463585
1995-08-20 09:15:00,33.0,22.328129
1995-08-20 09:16:00,14.0,22.365618
1995-08-20 09:17:00,11.0,20.568003
1995-08-20 09:18:00,16.0,16.519005
1995-08-20 09:19:00,5.0,19.5662
1995-08-20 09:20:00,10.0,12.567419
1995-08-20 09:21:00,24.0,14.978172
1995-08-20 09:22:00,9.0,15.856493
1995-08-20 09:23:00,21.0,18.019302
1995-08-20 09:24:00,17.0,17.893631
1995-08-20 09:25:00,42.0,21.435175
1995-08-20 09:26:00,13.0,14.2753315
1995-08-20 09:27:00,17.0,19.442518
1995-08-20 09:28:00,12.0,11.508458
1995-08-20 09:29:00,17.0,16.43945
1995-08-20 09:30:00,12.0,20.753883
1995-08-20 09:31:00,22.0,17.663086
1995-08-20 09:32:00,21.0,19.256994
1995-08-20 09:33:00,19.0,19.026325
1995-08-20 09:34:00,34.0,22.172512
1995-08-20 09:35:00,32.0,23.620195
1995-08-20 09:36:00,35.0,23.166763
1995-08-20 09:37:00,33.0,27.363335
1995-08-20 09:38:00,35.0,26.002005
1995-08-20 09:39:00,21.0,21.797895
1995-08-20 09:40:00,26.0,25.389776
1995-08-20 09:41:00,20.0,16.625515
1995-08-20 09:42:00,33.0,24.258318
1995-08-20 09:43:00,27.0,28.016943
1995-08-20 09:44:00,23.0,28.291725
1995-08-20 09:45:00,11.0,21.361998
1995-08-20 09:46:00,18.0,17.459705
1995-08-20 09:47:00,23.0,23.30087
1995-08-20 09:48:00,32.0,26.313671
1995-08-20 09:49:00,37.0,27.459082
1995-08-20 09:50:00,20.0,23.324005
1995-08-20 09:51:00,16.0,24.432308
1995-08-20 09:52:00,30.0,18.887741
1995-08-20 09:53:00,17.0,26.103247
1995-08-20 09:54:00,27.0,26.142078
1995-08-20 09:55:00,41.0,26.499983
1995-08-20 09:56:00,35.0,31.105927
1995-08-20 09:57:00,37.0,30.579155
1995-08-20 09:58:00,36.0,28.993156
1995-08-20 09:59:00,39.0,23.163445
1995-08-20 10:00:00,6.0,12.767994
1995-08-20 10:01:00,18.0,24.2608
1995-08-20 10:02:00,6.0,22.843653
1995-08-20 10:03:00,16.0,13.437615
1995-08-20 10:04:00,23.0,22.239086
1995-08-20 10:05:00,27.0,25.168089
1995-08-20 10:06:00,42.0,22.294909
1995-08-20 10:07:00,31.0,27.71585
1995-08-20 10:08:00,50.0,27.107199
1995-08-20 10:09:00,39.0,31.427048
1995-08-20 10:10:00,30.0,27.923338
1995-08-20 10:11:00,29.0,30.951088
1995-08-20 10:12:00,9.0,17.963766
1995-08-20 10:13:00,22.0,19.2267
1995-08-20 10:14:00,21.0,18.868774
1995-08-20 10:15:00,26.0,26.285053
1995-08-20 10:16:00,14.0,18.269505
1995-08-20 10:17:00,24.0,20.679491
1995-08-20 10:18:00,41.0,23.557156
1995-08-20 10:19:00,29.0,33.24112
1995-08-20 10:20:00,20.0,23.781893
1995-08-20 10:21:00,41.0,21.002127
1995-08-20 10:22:00,47.0,34.84857
1995-08-20 10:23:00,36.0,31.697277
1995-08-20 10:24:00,33.0,27.627218
1995-08-20 10:25:00,35.0,30.91144
1995-08-20 10:26:00,44.0,32.83651
1995-08-20 10:27:00,33.0,33.17636
1995-08-20 10:28:00,22.0,27.629852
1995-08-20 10:29:00,21.0,30.103905
1995-08-20 10:30:00,42.0,26.876328
1995-08-20 10:31:00,35.0,36.674114
1995-08-20 10:32:00,26.0,35.229553
1995-08-20 10:33:00,34.0,32.925385
1995-08-20 10:34:00,19.0,34.227825
1995-08-20 10:35:00,37.0,29.704132
1995-08-20 10:36:00,45.0,24.76529
1995-08-20 10:37:00,29.0,32.33715
1995-08-20 10:38:00,34.0,33.879032
1995-08-20 10:39:00,20.0,19.05445
1995-08-20 10:40:00,17.0,30.188892
1995-08-20 10:41:00,7.0,19.251184
1995-08-20 10:42:00,20.0,22.543213
1995-08-20 10:43:00,40.0,26.123255
1995-08-20 10:44:00,51.0,31.14941
1995-08-20 10:45:00,37.0,33.806858
1995-08-20 10:46:00,28.0,26.433952
1995-08-20 10:47:00,29.0,29.88395
1995-08-20 10:48:00,21.0,24.30995
1995-08-20 10:49:00,27.0,31.075836
1995-08-20 10:50:00,22.0,32.86865
1995-08-20 10:51:00,18.0,26.093193
1995-08-20 10:52:00,19.0,26.441994
1995-08-20 10:53:00,29.0,28.797306
1995-08-20 10:54:00,17.0,30.161407
1995-08-20 10:55:00,24.0,26.932312
1995-08-20 10:56:00,26.0,19.71614
1995-08-20 10:57:00,22.0,22.930202
1995-08-20 10:58:00,19.0,22.533049
1995-08-20 10:59:00,23.0,20.478535
1995-08-20 11:00:00,28.0,23.00494
1995-08-20 11:01:00,19.0,29.466505
1995-08-20 11:02:00,13.0,22.669888
1995-08-20 11:03:00,16.0,15.819555
1995-08-20 11:04:00,19.0,21.580671
1995-08-20 11:05:00,29.0,23.632395
1995-08-20 11:06:00,29.0,26.327604
1995-08-20 11:07:00,29.0,25.492695
1995-08-20 11:08:00,18.0,24.699154
1995-08-20 11:09:00,14.0,18.486786
1995-08-20 11:10:00,20.0,15.227253
1995-08-20 11:11:00,23.0,23.004906
1995-08-20 11:12:00,9.0,25.77873
1995-08-20 11:13:00,18.0,19.22848
1995-08-20 11:14:00,11.0,13.320917
1995-08-20 11:15:00,9.0,19.09218
1995-08-20 11:16:00,26.0,14.826448
1995-08-20 11:17:00,32.0,23.48081
1995-08-20 11:18:00,23.0,20.485716
1995-08-20 11:19:00,11.0,25.737467
1995-08-20 11:20:00,17.0,20.200888
1995-08-20 11:21:00,19.0,23.619362
1995-08-20 11:22:00,33.0,22.080372
1995-08-20 11:23:00,26.0,22.78215
1995-08-20 11:24:00,17.0,24.281628
1995-08-20 11:25:00,22.0,19.777782
1995-08-20 11:26:00,16.0,25.340889
1995-08-20 11:27:00,36.0,14.693458
1995-08-20 11:28:00,22.0,20.572842
1995-08-20 11:29:00,21.0,25.375257
1995-08-20 11:30:00,22.0,23.278309
1995-08-20 11:31:00,26.0,23.55015
1995-08-20 11:32:00,37.0,23.3646
1995-08-20 11:33:00,47.0,29.133356
1995-08-20 11:34:00,32.0,34.723568
1995-08-20 11:35:00,41.0,21.154224
1995-08-20 11:36:00,45.0,33.04254
1995-08-20 11:37:00,35.0,33.873867
1995-08-20 11:38:00,19.0,32.653877
1995-08-20 11:39:00,28.0,26.954344
1995-08-20 11:40:00,21.0,28.139936
1995-08-20 11:41:00,16.0,18.30789
1995-08-20 11:42:00,32.0,24.899073
1995-08-20 11:43:00,30.0,27.572567
1995-08-20 11:44:00,40.0,23.161722
1995-08-20 11:45:00,25.0,32.56459
1995-08-20 11:46:00,30.0,30.48642
1995-08-20 11:47:00,44.0,31.370304
1995-08-20 11:48:00,36.0,34.1022
1995-08-20 11:49:00,33.0,33.284725
1995-08-20 11:50:00,22.0,32.722134
1995-08-20 11:51:00,41.0,27.595663
1995-08-20 11:52:00,14.0,21.983522
1995-08-20 11:53:00,14.0,13.493819
1995-08-20 11:54:00,27.0,24.894169
1995-08-20 11:55:00,28.0,28.36359
1995-08-20 11:56:00,26.0,29.116283
1995-08-20 11:57:00,26.0,24.547844
1995-08-20 11:58:00,24.0,29.85178
1995-08-20 11:59:00,36.0,29.299692
1995-08-20 12:00:00,49.0,32.90409
1995-08-20 12:01:00,46.0,36.31932
1995-08-20 12:02:00,16.0,18.923487
1995-08-20 12:03:00,22.0,13.540326
1995-08-20 12:04:00,16.0,27.333029
1995-08-20 12:05:00,23.0,13.005763
1995-08-20 12:06:00,35.0,25.039825
1995-08-20 12:07:00,43.0,26.749475
1995-08-20 12:08:00,49.0,35.17299
1995-08-20 12:09:00,45.0,24.064762
1995-08-20 12:10:00,19.0,26.865377
1995-08-20 12:11:00,9.0,27.54158
1995-08-20 12:12:00,14.0,16.893557
1995-08-20 12:13:00,18.0,23.673386
1995-08-20 12:14:00,52.0,26.535194
1995-08-20 12:15:00,19.0,34.425705
1995-08-20 12:16:00,21.0,14.392774
1995-08-20 12:17:00,39.0,26.462624
1995-08-20 12:18:00,34.0,23.368462
1995-08-20 12:19:00,20.0,25.992998
1995-08-20 12:20:00,17.0,22.063742
1995-08-20 12:21:00,21.0,24.981699
1995-08-20 12:22:00,36.0,27.889444
1995-08-20 12:23:00,26.0,30.441809
1995-08-20 12:24:00,37.0,28.507423
1995-08-20 12:25:00,47.0,31.565842
1995-08-20 12:26:00,35.0,36.072765
1995-08-20 12:27:00,12.0,20.047901
1995-08-20 12:28:00,40.0,26.005661
1995-08-20 12:29:00,13.0,33.36268
1995-08-20 12:30:00,47.0,20.806564
1995-08-20 12:31:00,30.0,33.45485
1995-08-20 12:32:00,39.0,27.830126
1995-08-20 12:33:00,14.0,16.629063
1995-08-20 12:34:00,13.0,24.366465
1995-08-20 12:35:00,19.0,23.21517
1995-08-20 12:36:00,34.0,20.036654
1995-08-20 12:37:00,45.0,29.506758
1995-08-20 12:38:00,30.0,37.302692
1995-08-20 12:39:00,21.0,30.931501
1995-08-20 12:40:00,43.0,28.028622
1995-08-20 12:41:00,39.0,32.311684
1995-08-20 12:42:00,47.0,36.34132
1995-08-20 12:43:00,48.0,30.073477
1995-08-20 12:44:00,18.0,40.79669
1995-08-20 12:45:00,13.0,29.151962
1995-08-20 12:46:00,30.0,27.10606
1995-08-20 12:47:00,11.0,28.710272
1995-08-20 12:48:00,32.0,26.334888
1995-08-20 12:49:00,12.0,31.691399
1995-08-20 12:50:00,21.0,24.004013
1995-08-20 12:51:00,20.0,27.136492
1995-08-20 12:52:00,11.0,27.400242
1995-08-20 12:53:00,31.0,23.222174
1995-08-20 12:54:00,21.0,23.224062
1995-08-20 12:55:00,36.0,25.269068
1995-08-20 12:56:00,24.0,32.302704
1995-08-20 12:57:00,30.0,28.402737
1995-08-20 12:58:00,21.0,24.319052
1995-08-20 12:59:00,22.0,23.757261
1995-08-20 13:00:00,37.0,22.760313
1995-08-20 13:01:00,58.0,22.996212
1995-08-20 13:02:00,40.0,29.354479
1995-08-20 13:03:00,24.0,31.626335
1995-08-20 13:04:00,30.0,29.75352
1995-08-20 13:05:00,32.0,32.69258
1995-08-20 13:06:00,34.0,31.239292
1995-08-20 13:07:00,27.0,29.277575
1995-08-20 13:08:00,23.0,25.439243
1995-08-20 13:09:00,16.0,18.667025
1995-08-20 13:10:00,19.0,22.55105
1995-08-20 13:11:00,49.0,23.16265
1995-08-20 13:12:00,58.0,34.454407
1995-08-20 13:13:00,30.0,31.751167
1995-08-20 13:14:00,25.0,26.032072
1995-08-20 13:15:00,17.0,23.209091
1995-08-20 13:16:00,17.0,30.90266
1995-08-20 13:17:00,36.0,27.92043
1995-08-20 13:18:00,34.0,31.086308
1995-08-20 13:19:00,24.0,31.285591
1995-08-20 13:20:00,32.0,26.590565
1995-08-20 13:21:00,14.0,28.806757
1995-08-20 13:22:00,18.0,26.857533
1995-08-20 13:23:00,21.0,23.383333
1995-08-20 13:24:00,20.0,26.58145
1995-08-20 13:25:00,8.0,24.880968
1995-08-20 13:26:00,12.0,14.364648
1995-08-20 13:27:00,26.0,19.601746
1995-08-20 13:28:00,27.0,21.422672
1995-08-20 13:29:00,20.0,23.933268
1995-08-20 13:30:00,23.0,27.165688
1995-08-20 13:31:00,45.0,25.314043
1995-08-20 13:32:00,35.0,25.505793
1995-08-20 13:33:00,9.0,30.919361
1995-08-20 13:34:00,11.0,21.817732
1995-08-20 13:35:00,22.0,20.941067
1995-08-20 13:36:00,22.0,19.30011
1995-08-20 13:37:00,12.0,20.932463
1995-08-20 13:38:00,34.0,17.113953
1995-08-20 13:39:00,29.0,27.061888
1995-08-20 13:40:00,21.0,26.612934
1995-08-20 13:41:00,49.0,26.281456
1995-08-20 13:42:00,24.0,28.206745
1995-08-20 13:43:00,40.0,28.889399
1995-08-20 13:44:00,24.0,23.152973
1995-08-20 13:45:00,34.0,28.655554
1995-08-20 13:46:00,20.0,28.099031
1995-08-20 13:47:00,23.0,22.122368
1995-08-20 13:48:00,20.0,22.785002
1995-08-20 13:49:00,35.0,23.036581
1995-08-20 13:50:00,27.0,27.603033
1995-08-20 13:51:00,25.0,26.58846
1995-08-20 13:52:00,37.0,29.114504
1995-08-20 13:53:00,18.0,26.047247
1995-08-20 13:54:00,29.0,23.675615
1995-08-20 13:55:00,50.0,28.88994
1995-08-20 13:56:00,30.0,18.96553
1995-08-20 13:57:00,32.0,30.56313
1995-08-20 13:58:00,48.0,30.590775
1995-08-20 13:59:00,31.0,19.688263
1995-08-20 14:00:00,13.0,28.968483
1995-08-20 14:01:00,14.0,27.304989
1995-08-20 14:02:00,12.0,16.234884
1995-08-20 14:03:00,14.0,24.913265
1995-08-20 14:04:00,23.0,15.512602
1995-08-20 14:05:00,27.0,25.85357
1995-08-20 14:06:00,30.0,26.519562
1995-08-20 14:07:00,30.0,28.912989
1995-08-20 14:08:00,33.0,28.221914
1995-08-20 14:09:00,47.0,30.108213
1995-08-20 14:10:00,21.0,34.391098
1995-08-20 14:11:00,23.0,29.845463
1995-08-20 14:12:00,16.0,27.714798
1995-08-20 14:13:00,29.0,23.963491
1995-08-20 14:14:00,21.0,26.152227
1995-08-20 14:15:00,48.0,23.515768
1995-08-20 14:16:00,35.0,32.68774
1995-08-20 14:17:00,34.0,31.674156
1995-08-20 14:18:00,27.0,32.26094
1995-08-20 14:19:00,13.0,10.446722
1995-08-20 14:20:00,7.0,14.785614
1995-08-20 14:21:00,7.0,17.357824
1995-08-20 14:22:00,34.0,19.054932
1995-08-20 14:23:00,38.0,23.740196
1995-08-20 14:24:00,20.0,25.491192
1995-08-20 14:25:00,23.0,16.917284
1995-08-20 14:26:00,10.0,12.659278
1995-08-20 14:27:00,39.0,24.514809
1995-08-20 14:28:00,30.0,28.359545
1995-08-20 14:29:00,13.0,27.068806
1995-08-20 14:30:00,16.0,15.005949
1995-08-20 14:31:00,38.0,23.953987
1995-08-20 14:32:00,33.0,29.301586
1995-08-20 14:33:00,15.0,28.254316
1995-08-20 14:34:00,19.0,21.874773
1995-08-20 14:35:00,7.0,9.76541
1995-08-20 14:36:00,20.0,20.111406
1995-08-20 14:37:00,22.0,23.351816
1995-08-20 14:38:00,12.0,21.340725
1995-08-20 14:39:00,50.0,20.866325
1995-08-20 14:40:00,25.0,28.877073
1995-08-20 14:41:00,36.0,28.654287
1995-08-20 14:42:00,50.0,28.122913
1995-08-20 14:43:00,57.0,37.054417
1995-08-20 14:44:00,44.0,29.98064
1995-08-20 14:45:00,24.0,27.548685
1995-08-20 14:46:00,50.0,32.19461
1995-08-20 14:47:00,41.0,32.895687
1995-08-20 14:48:00,29.0,36.179028
1995-08-20 14:49:00,33.0,28.506073
1995-08-20 14:50:00,35.0,31.431744
1995-08-20 14:51:00,28.0,33.06457
1995-08-20 14:52:00,69.0,30.256218
1995-08-20 14:53:00,21.0,44.083336
1995-08-20 14:54:00,32.0,30.535824
1995-08-20 14:55:00,33.0,31.622143
1995-08-20 14:56:00,34.0,32.684376
1995-08-20 14:57:00,41.0,31.467316
1995-08-20 14:58:00,28.0,37.20118
1995-08-20 14:59:00,25.0,32.029575
1995-08-20 15:00:00,7.0,23.781498
1995-08-20 15:01:00,18.0,13.287356
1995-08-20 15:02:00,9.0,26.234125
1995-08-20 15:03:00,18.0,23.51429
1995-08-20 15:04:00,10.0,20.518457
1995-08-20 15:05:00,10.0,21.299158
1995-08-20 15:06:00,9.0,17.825235
1995-08-20 15:07:00,39.0,19.760406
1995-08-20 15:08:00,23.0,28.943857
1995-08-20 15:09:00,35.0,25.624897
1995-08-20 15:10:00,34.0,32.141026
1995-08-20 15:11:00,29.0,28.72442
1995-08-20 15:12:00,22.0,29.926966
1995-08-20 15:13:00,16.0,25.312292
1995-08-20 15:14:00,44.0,24.607533
1995-08-20 15:15:00,22.0,29.985981
1995-08-20 15:16:00,32.0,27.898537
1995-08-20 15:17:00,26.0,30.078041
1995-08-20 15:18:00,27.0,28.04744
1995-08-20 15:19:00,30.0,30.627703
1995-08-20 15:20:00,24.0,29.883411
1995-08-20 15:21:00,35.0,28.02346
1995-08-20 15:22:00,23.0,29.282303
1995-08-20 15:23:00,15.0,22.797039
1995-08-20 15:24:00,13.0,24.843225
1995-08-20 15:25:00,17.0,23.451668
1995-08-20 15:26:00,23.0,27.7979
1995-08-20 15:27:00,35.0,26.519949
1995-08-20 15:28:00,18.0,24.038303
1995-08-20 15:29:00,29.0,24.40683
1995-08-20 15:30:00,33.0,27.913769
1995-08-20 15:31:00,15.0,21.803919
1995-08-20 15:32:00,13.0,22.107775
1995-08-20 15:33:00,32.0,19.668972
1995-08-20 15:34:00,38.0,26.967224
1995-08-20 15:35:00,29.0,24.527233
1995-08-20 15:36:00,12.0,21.089636
1995-08-20 15:37:00,37.0,25.87461
1995-08-20 15:38:00,19.0,22.556053
1995-08-20 15:39:00,22.0,16.411705
1995-08-20 15:40:00,19.0,27.417513
1995-08-20 15:41:00,43.0,28.389008
1995-08-20 15:42:00,36.0,31.766247
1995-08-20 15:43:00,32.0,30.52237
1995-08-20 15:44:00,44.0,28.996618
1995-08-20 15:45:00,34.0,31.761684
1995-08-20 15:46:00,39.0,32.576138
1995-08-20 15:47:00,22.0,32.80163
1995-08-20 15:48:00,13.0,28.208479
1995-08-20 15:49:00,34.0,24.337627
1995-08-20 15:50:00,35.0,30.488897
1995-08-20 15:51:00,59.0,27.175957
1995-08-20 15:52:00,39.0,34.82547
1995-08-20 15:53:00,41.0,34.14876
1995-08-20 15:54:00,26.0,33.77421
1995-08-20 15:55:00,39.0,31.184097
1995-08-20 15:56:00,13.0,34.84554
1995-08-20 15:57:00,26.0,21.99272
1995-08-20 15:58:00,33.0,19.817938
1995-08-20 15:59:00,36.0,30.537148
1995-08-20 16:00:00,34.0,34.233955
1995-08-20 16:01:00,21.0,27.621029
1995-08-20 16:02:00,41.0,28.315514
1995-08-20 16:03:00,48.0,36.223953
1995-08-20 16:04:00,38.0,36.840355
1995-08-20 16:05:00,15.0,34.57928
1995-08-20 16:06:00,14.0,26.333801
1995-08-20 16:07:00,19.0,27.08206
1995-08-20 16:08:00,24.0,29.155521
1995-08-20 16:09:00,34.0,29.24246
1995-08-20 16:10:00,29.0,32.977093
1995-08-20 16:11:00,35.0,30.90314
1995-08-20 16:12:00,29.0,34.832977
1995-08-20 16:13:00,21.0,28.597908
1995-08-20 16:14:00,32.0,23.843222
1995-08-20 16:15:00,46.0,31.599823
1995-08-20 16:16:00,32.0,36.5106
1995-08-20 16:17:00,51.0,32.9459
1995-08-20 16:18:00,41.0,40.469826
1995-08-20 16:19:00,47.0,36.634014
1995-08-20 16:20:00,21.0,35.808212
1995-08-20 16:21:00,28.0,28.781952
1995-08-20 16:22:00,30.0,31.998924
1995-08-20 16:23:00,23.0,31.651962
1995-08-20 16:24:00,26.0,22.609316
1995-08-20 16:25:00,55.0,31.276104
1995-08-20 16:26:00,35.0,26.636097
1995-08-20 16:27:00,56.0,34.808895
1995-08-20 16:28:00,28.0,35.289913
1995-08-20 16:29:00,34.0,33.581795
1995-08-20 16:30:00,76.0,34.79369
1995-08-20 16:31:00,32.0,45.385117
1995-08-20 16:32:00,48.0,37.473442
1995-08-20 16:33:00,24.0,41.497974
1995-08-20 16:34:00,27.0,31.087677
1995-08-20 16:35:00,34.0,33.59714
1995-08-20 16:36:00,23.0,35.543526
1995-08-20 16:37:00,24.0,28.660454
1995-08-20 16:38:00,21.0,31.391182
1995-08-20 16:39:00,20.0,27.49379
1995-08-20 16:40:00,23.0,27.876587
1995-08-20 16:41:00,46.0,30.23599
1995-08-20 16:42:00,35.0,36.642742
1995-08-20 16:43:00,37.0,34.18862
1995-08-20 16:44:00,33.0,35.394802
1995-08-20 16:45:00,52.0,34.214775
1995-08-20 16:46:00,40.0,40.21335
1995-08-20 16:47:00,37.0,31.049332
1995-08-20 16:48:00,32.0,37.590534
1995-08-20 16:49:00,40.0,35.4305
1995-08-20 16:50:00,22.0,37.24777
1995-08-20 16:51:00,29.0,32.150227
1995-08-20 16:52:00,31.0,25.702377
1995-08-20 16:53:00,26.0,33.72932
1995-08-20 16:54:00,30.0,24.702751
1995-08-20 16:55:00,49.0,32.381332
1995-08-20 16:56:00,24.0,19.253817
1995-08-20 16:57:00,29.0,32.214108
1995-08-20 16:58:00,18.0,31.119316
1995-08-20 16:59:00,31.0,29.1909
1995-08-20 17:00:00,31.0,33.740334
1995-08-20 17:01:00,36.0,24.19948
1995-08-20 17:02:00,19.0,35.235065
1995-08-20 17:03:00,22.0,25.416428
1995-08-20 17:04:00,22.0,27.378378
1995-08-20 17:05:00,20.0,29.187654
1995-08-20 17:06:00,45.0,28.216656
1995-08-20 17:07:00,39.0,36.239807
1995-08-20 17:08:00,19.0,20.662708
1995-08-20 17:09:00,25.0,17.683722
1995-08-20 17:10:00,28.0,31.057148
1995-08-20 17:11:00,18.0,30.859722
1995-08-20 17:12:00,29.0,27.612677
1995-08-20 17:13:00,30.0,29.683012
1995-08-20 17:14:00,51.0,30.879705
1995-08-20 17:15:00,46.0,37.461334
1995-08-20 17:16:00,8.0,32.727993
1995-08-20 17:17:00,13.0,11.874342
1995-08-20 17:18:00,12.0,13.009758
1995-08-20 17:19:00,24.0,20.131037
1995-08-20 17:20:00,13.0,15.752651
1995-08-20 17:21:00,20.0,23.165064
1995-08-20 17:22:00,31.0,22.496187
1995-08-20 17:23:00,17.0,17.33221
1995-08-20 17:24:00,20.0,18.58434
1995-08-20 17:25:00,23.0,23.685396
1995-08-20 17:26:00,44.0,25.687624
1995-08-20 17:27:00,19.0,27.544792
1995-08-20 17:28:00,12.0,18.109741
1995-08-20 17:29:00,12.0,12.861538
1995-08-20 17:30:00,21.0,17.364487
1995-08-20 17:31:00,13.0,16.584406
1995-08-20 17:32:00,37.0,19.65656
1995-08-20 17:33:00,17.0,14.9934025
1995-08-20 17:34:00,25.0,24.975164
1995-08-20 17:35:00,26.0,18.069988
1995-08-20 17:36:00,25.0,19.30332
1995-08-20 17:37:00,33.0,25.000202
1995-08-20 17:38:00,41.0,28.839579
1995-08-20 17:39:00,46.0,33.02228
1995-08-20 17:40:00,32.0,33.189514
1995-08-20 17:41:00,30.0,26.645178
1995-08-20 17:42:00,16.0,24.055466
1995-08-20 17:43:00,19.0,21.752121
1995-08-20 17:44:00,35.0,25.639393
1995-08-20 17:45:00,42.0,32.047108
1995-08-20 17:46:00,36.0,32.004086
1995-08-20 17:47:00,19.0,17.585318
1995-08-20 17:48:00,19.0,13.686616
1995-08-20 17:49:00,24.0,27.21858
1995-08-20 17:50:00,18.0,28.613987
1995-08-20 17:51:00,35.0,25.931492
1995-08-20 17:52:00,40.0,27.348902
1995-08-20 17:53:00,43.0,33.272278
1995-08-20 17:54:00,16.0,25.819815
1995-08-20 17:55:00,40.0,26.874685
1995-08-20 17:56:00,12.0,31.894703
1995-08-20 17:57:00,37.0,19.049578
1995-08-20 17:58:00,16.0,30.318802
1995-08-20 17:59:00,24.0,18.124416
1995-08-20 18:00:00,40.0,25.811981
1995-08-20 18:01:00,47.0,32.24575
1995-08-20 18:02:00,24.0,34.405304
1995-08-20 18:03:00,34.0,30.339777
1995-08-20 18:04:00,33.0,29.906319
1995-08-20 18:05:00,54.0,33.34542
1995-08-20 18:06:00,50.0,40.738197
1995-08-20 18:07:00,36.0,35.901875
1995-08-20 18:08:00,20.0,33.885784
1995-08-20 18:09:00,18.0,27.440538
1995-08-20 18:10:00,22.0,29.022104
1995-08-20 18:11:00,28.0,27.54772
1995-08-20 18:12:00,26.0,29.885561
1995-08-20 18:13:00,18.0,28.202978
1995-08-20 18:14:00,23.0,28.603235
1995-08-20 18:15:00,29.0,26.896181
1995-08-20 18:16:00,21.0,26.902473
1995-08-20 18:17:00,23.0,27.80967
1995-08-20 18:18:00,19.0,29.101532
1995-08-20 18:19:00,14.0,13.830339
1995-08-20 18:20:00,38.0,22.20184
1995-08-20 18:21:00,26.0,34.116554
1995-08-20 18:22:00,58.0,27.480104
1995-08-20 18:23:00,39.0,37.137184
1995-08-20 18:24:00,27.0,26.339653
1995-08-20 18:25:00,29.0,25.875496
1995-08-20 18:26:00,17.0,29.339212
1995-08-20 18:27:00,20.0,23.141068
1995-08-20 18:28:00,23.0,26.36298
1995-08-20 18:29:00,45.0,28.38364
1995-08-20 18:30:00,24.0,29.737392
1995-08-20 18:31:00,21.0,18.223824
1995-08-20 18:32:00,27.0,27.904394
1995-08-20 18:33:00,42.0,30.786385
1995-08-20 18:34:00,30.0,32.78314
1995-08-20 18:35:00,27.0,30.712437
1995-08-20 18:36:00,39.0,28.575089
1995-08-20 18:37:00,41.0,34.72817
1995-08-20 18:38:00,32.0,32.866364
1995-08-20 18:39:00,22.0,28.208939
1995-08-20 18:40:00,22.0,29.9031
1995-08-20 18:41:00,39.0,27.385551
1995-08-20 18:42:00,21.0,19.412191
1995-08-20 18:43:00,29.0,26.216663
1995-08-20 18:44:00,23.0,27.617064
1995-08-20 18:45:00,28.0,28.036589
1995-08-20 18:46:00,14.0,18.486647
1995-08-20 18:47:00,14.0,12.430951
1995-08-20 18:48:00,16.0,10.403139
1995-08-20 18:49:00,8.0,24.10852
1995-08-20 18:50:00,8.0,17.112276
1995-08-20 18:51:00,12.0,15.413908
1995-08-20 18:52:00,18.0,15.975512
1995-08-20 18:53:00,15.0,23.412657
1995-08-20 18:54:00,11.0,21.517073
1995-08-20 18:55:00,15.0,10.689325
1995-08-20 18:56:00,28.0,18.880156
1995-08-20 18:57:00,25.0,21.997807
1995-08-20 18:58:00,25.0,22.535322
1995-08-20 18:59:00,23.0,24.000126
1995-08-20 19:00:00,23.0,22.12985
1995-08-20 19:01:00,18.0,25.552212
1995-08-20 19:02:00,14.0,19.363325
1995-08-20 19:03:00,28.0,19.916445
1995-08-20 19:04:00,32.0,26.423529
1995-08-20 19:05:00,33.0,19.031267
1995-08-20 19:06:00,40.0,27.664768
1995-08-20 19:07:00,19.0,24.678476
1995-08-20 19:08:00,42.0,22.166994
1995-08-20 19:09:00,22.0,28.5414
1995-08-20 19:10:00,25.0,27.19558
1995-08-20 19:11:00,18.0,15.732277
1995-08-20 19:12:00,21.0,26.582266
1995-08-20 19:13:00,23.0,13.486512
1995-08-20 19:14:00,23.0,14.420419
1995-08-20 19:15:00,21.0,20.37658
1995-08-20 19:16:00,17.0,24.469055
1995-08-20 19:17:00,27.0,25.63456
1995-08-20 19:18:00,24.0,20.169632
1995-08-20 19:19:00,25.0,22.795195
1995-08-20 19:20:00,28.0,22.607773
1995-08-20 19:21:00,16.0,14.69216
1995-08-20 19:22:00,20.0,24.11383
1995-08-20 19:23:00,36.0,24.833055
1995-08-20 19:24:00,21.0,28.586851
1995-08-20 19:25:00,18.0,27.13525
1995-08-20 19:26:00,9.0,14.795252
1995-08-20 19:27:00,14.0,19.574327
1995-08-20 19:28:00,11.0,20.516806
1995-08-20 19:29:00,28.0,12.378965
1995-08-20 19:30:00,9.0,22.155928
1995-08-20 19:31:00,16.0,17.105766
1995-08-20 19:32:00,45.0,20.944227
1995-08-20 19:33:00,33.0,29.362223
1995-08-20 19:34:00,29.0,26.88872
1995-08-20 19:35:00,35.0,28.33809
1995-08-20 19:36:00,24.0,25.213648
1995-08-20 19:37:00,35.0,27.304152
1995-08-20 19:38:00,12.0,27.458384
1995-08-20 19:39:00,24.0,21.206646
1995-08-20 19:40:00,24.0,24.010273
1995-08-20 19:41:00,10.0,7.589267
1995-08-20 19:42:00,28.0,20.69583
1995-08-20 19:43:00,24.0,26.136047
1995-08-20 19:44:00,21.0,26.569267
1995-08-20 19:45:00,8.0,18.375124
1995-08-20 19:46:00,29.0,13.8271475
1995-08-20 19:47:00,13.0,27.055332
1995-08-20 19:48:00,20.0,17.007101
1995-08-20 19:49:00,11.0,17.612389
1995-08-20 19:50:00,27.0,19.378542
1995-08-20 19:51:00,14.0,25.923859
1995-08-20 19:52:00,22.0,17.874632
1995-08-20 19:53:00,43.0,24.389141
1995-08-20 19:54:00,55.0,25.664074
1995-08-20 19:55:00,33.0,27.83588
1995-08-20 19:56:00,40.0,27.904373
1995-08-20 19:57:00,59.0,31.039566
1995-08-20 19:58:00,56.0,33.23836
1995-08-20 19:59:00,29.0,32.776867
1995-08-20 20:00:00,44.0,30.742723
1995-08-20 20:01:00,28.0,33.570614
1995-08-20 20:02:00,24.0,33.605644
1995-08-20 20:03:00,23.0,16.449299
1995-08-20 20:04:00,23.0,17.44758
1995-08-20 20:05:00,32.0,28.484392
1995-08-20 20:06:00,18.0,30.304857
1995-08-20 20:07:00,26.0,26.617365
1995-08-20 20:08:00,15.0,17.173935
1995-08-20 20:09:00,20.0,26.244171
1995-08-20 20:10:00,23.0,24.170681
1995-08-20 20:11:00,17.0,26.787464
1995-08-20 20:12:00,7.0,24.437748
1995-08-20 20:13:00,21.0,15.749445
1995-08-20 20:14:00,35.0,24.820679
1995-08-20 20:15:00,47.0,29.358742
1995-08-20 20:16:00,33.0,26.828497
1995-08-20 20:17:00,44.0,29.776184
1995-08-20 20:18:00,41.0,27.93872
1995-08-20 20:19:00,18.0,35.52129
1995-08-20 20:20:00,44.0,29.817154
1995-08-20 20:21:00,21.0,35.034187
1995-08-20 20:22:00,27.0,26.24125
1995-08-20 20:23:00,12.0,31.701893
1995-08-20 20:24:00,6.0,23.643726
1995-08-20 20:25:00,34.0,16.295881
1995-08-20 20:26:00,12.0,24.985218
1995-08-20 20:27:00,21.0,18.961428
1995-08-20 20:28:00,28.0,25.83981
1995-08-20 20:29:00,43.0,28.438265
1995-08-20 20:30:00,26.0,34.488304
1995-08-20 20:31:00,39.0,27.240541
1995-08-20 20:32:00,37.0,33.620903
1995-08-20 20:33:00,28.0,23.075214
1995-08-20 20:34:00,25.0,28.984028
1995-08-20 20:35:00,16.0,29.65872
1995-08-20 20:36:00,22.0,26.69556
1995-08-20 20:37:00,37.0,27.533592
1995-08-20 20:38:00,42.0,24.964193
1995-08-20 20:39:00,34.0,28.391405
1995-08-20 20:40:00,34.0,31.524834
1995-08-20 20:41:00,33.0,32.100067
1995-08-20 20:42:00,31.0,27.832085
1995-08-20 20:43:00,16.0,29.03373
1995-08-20 20:44:00,33.0,22.530277
1995-08-20 20:45:00,39.0,29.50825
1995-08-20 20:46:00,36.0,31.603909
1995-08-20 20:47:00,36.0,31.08902
1995-08-20 20:48:00,26.0,25.124277
1995-08-20 20:49:00,26.0,28.67346
1995-08-20 20:50:00,27.0,28.039497
1995-08-20 20:51:00,26.0,19.520704
1995-08-20 20:52:00,19.0,26.808115
1995-08-20 20:53:00,32.0,28.810509
1995-08-20 20:54:00,14.0,24.502924
1995-08-20 20:55:00,22.0,19.846924
1995-08-20 20:56:00,8.0,17.587967
1995-08-20 20:57:00,19.0,22.546682
1995-08-20 20:58:00,18.0,23.230352
1995-08-20 20:59:00,19.0,24.257969
1995-08-20 21:00:00,27.0,19.457647
1995-08-20 21:01:00,25.0,24.929352
1995-08-20 21:02:00,34.0,21.960558
1995-08-20 21:03:00,26.0,27.303106
1995-08-20 21:04:00,24.0,24.274914
1995-08-20 21:05:00,13.0,25.082138
1995-08-20 21:06:00,21.0,23.516827
1995-08-20 21:07:00,12.0,21.6982
1995-08-20 21:08:00,16.0,14.003624
1995-08-20 21:09:00,28.0,21.408596
1995-08-20 21:10:00,29.0,22.22566
1995-08-20 21:11:00,28.0,28.573734
1995-08-20 21:12:00,26.0,19.462486
1995-08-20 21:13:00,22.0,26.580246
1995-08-20 21:14:00,23.0,23.431877
1995-08-20 21:15:00,34.0,20.108795
1995-08-20 21:16:00,21.0,21.683971
1995-08-20 21:17:00,15.0,13.912659
1995-08-20 21:18:00,20.0,20.963886
1995-08-20 21:19:00,22.0,24.562685
1995-08-20 21:20:00,36.0,23.02569
1995-08-20 21:21:00,18.0,28.641459
1995-08-20 21:22:00,29.0,22.596096
1995-08-20 21:23:00,29.0,21.567066
1995-08-20 21:24:00,26.0,29.432188
1995-08-20 21:25:00,23.0,28.442146
1995-08-20 21:26:00,23.0,22.274635
1995-08-20 21:27:00,24.0,26.50742
1995-08-20 21:28:00,14.0,22.38025
1995-08-20 21:29:00,17.0,21.373827
1995-08-20 21:30:00,19.0,14.8572235
1995-08-20 21:31:00,23.0,21.984219
1995-08-20 21:32:00,32.0,21.019518
1995-08-20 21:33:00,30.0,25.17469
1995-08-20 21:34:00,12.0,21.287395
1995-08-20 21:35:00,58.0,22.036112
1995-08-20 21:36:00,67.0,32.103123
1995-08-20 21:37:00,35.0,36.4181
1995-08-20 21:38:00,48.0,28.425606
1995-08-20 21:39:00,27.0,33.806583
1995-08-20 21:40:00,30.0,28.02501
1995-08-20 21:41:00,13.0,20.92291
1995-08-20 21:42:00,38.0,28.994438
1995-08-20 21:43:00,20.0,22.439737
1995-08-20 21:44:00,37.0,28.425726
1995-08-20 21:45:00,27.0,29.979311
1995-08-20 21:46:00,23.0,29.155405
1995-08-20 21:47:00,17.0,28.470253
1995-08-20 21:48:00,15.0,13.117745
1995-08-20 21:49:00,31.0,26.87827
1995-08-20 21:50:00,40.0,28.922453
1995-08-20 21:51:00,25.0,30.838043
1995-08-20 21:52:00,17.0,26.154894
1995-08-20 21:53:00,34.0,26.500456
1995-08-20 21:54:00,24.0,30.035673
1995-08-20 21:55:00,19.0,19.01444
1995-08-20 21:56:00,23.0,26.119316
1995-08-20 21:57:00,26.0,18.574505
1995-08-20 21:58:00,36.0,27.114658
1995-08-20 21:59:00,22.0,21.182232
1995-08-20 22:00:00,30.0,24.28598
1995-08-20 22:01:00,45.0,26.668863
1995-08-20 22:02:00,35.0,21.596941
1995-08-20 22:03:00,20.0,29.719471
1995-08-20 22:04:00,27.0,24.060411
1995-08-20 22:05:00,9.0,12.046455
1995-08-20 22:06:00,14.0,19.90426
1995-08-20 22:07:00,19.0,20.318893
1995-08-20 22:08:00,45.0,24.670813
1995-08-20 22:09:00,56.0,33.17563
1995-08-20 22:10:00,29.0,37.38432
1995-08-20 22:11:00,27.0,26.869198
1995-08-20 22:12:00,22.0,28.5757
1995-08-20 22:13:00,37.0,22.028576
1995-08-20 22:14:00,28.0,29.67964
1995-08-20 22:15:00,42.0,28.740526
1995-08-20 22:16:00,31.0,35.69098
1995-08-20 22:17:00,27.0,33.46731
1995-08-20 22:18:00,17.0,28.415436
1995-08-20 22:19:00,17.0,30.119087
1995-08-20 22:20:00,9.0,26.553602
1995-08-20 22:21:00,18.0,25.424807
1995-08-20 22:22:00,11.0,21.970776
1995-08-20 22:23:00,16.0,19.430382
1995-08-20 22:24:00,24.0,27.752785
1995-08-20 22:25:00,34.0,28.899998
1995-08-20 22:26:00,24.0,25.653814
1995-08-20 22:27:00,38.0,28.299644
1995-08-20 22:28:00,28.0,30.642832
1995-08-20 22:29:00,35.0,28.971004
1995-08-20 22:30:00,23.0,27.418503
1995-08-20 22:31:00,11.0,25.731724
1995-08-20 22:32:00,16.0,23.249048
1995-08-20 22:33:00,22.0,21.67513
1995-08-20 22:34:00,16.0,21.27701
1995-08-20 22:35:00,23.0,21.178862
1995-08-20 22:36:00,32.0,26.893959
1995-08-20 22:37:00,8.0,27.863035
1995-08-20 22:38:00,38.0,20.99092
1995-08-20 22:39:00,27.0,28.648554
1995-08-20 22:40:00,46.0,29.551224
1995-08-20 22:41:00,40.0,32.134296
1995-08-20 22:42:00,48.0,30.789856
1995-08-20 22:43:00,32.0,29.675295
1995-08-20 22:44:00,50.0,29.239555
1995-08-20 22:45:00,44.0,37.88534
1995-08-20 22:46:00,48.0,37.36323
1995-08-20 22:47:00,30.0,34.36599
1995-08-20 22:48:00,45.0,32.570488
1995-08-20 22:49:00,36.0,36.186085
1995-08-20 22:50:00,8.0,12.880399
1995-08-20 22:51:00,29.0,25.542263
1995-08-20 22:52:00,29.0,29.406593
1995-08-20 22:53:00,26.0,24.76129
1995-08-20 22:54:00,37.0,31.540192
1995-08-20 22:55:00,25.0,31.809174
1995-08-20 22:56:00,28.0,30.280766
1995-08-20 22:57:00,18.0,22.63053
1995-08-20 22:58:00,34.0,22.560333
1995-08-20 22:59:00,39.0,33.716305
1995-08-20 23:00:00,21.0,23.527712
1995-08-20 23:01:00,32.0,28.945713
1995-08-20 23:02:00,38.0,32.920677
1995-08-20 23:03:00,37.0,35.529022
1995-08-20 23:04:00,27.0,36.404236
1995-08-20 23:05:00,37.0,31.846943
1995-08-20 23:06:00,38.0,27.834553
1995-08-20 23:07:00,26.0,33.244606
1995-08-20 23:08:00,31.0,33.74103
1995-08-20 23:09:00,58.0,35.22358
1995-08-20 23:10:00,52.0,43.78423
1995-08-20 23:11:00,45.0,41.791565
1995-08-20 23:12:00,33.0,40.33891
1995-08-20 23:13:00,32.0,36.259468
1995-08-20 23:14:00,29.0,36.686325
1995-08-20 23:15:00,37.0,34.593826
1995-08-20 23:16:00,23.0,25.860424
1995-08-20 23:17:00,34.0,22.647533
1995-08-20 23:18:00,46.0,23.502604
1995-08-20 23:19:00,53.0,35.88859
1995-08-20 23:20:00,33.0,38.0046
1995-08-20 23:21:00,27.0,27.284319
1995-08-20 23:22:00,39.0,32.031757
1995-08-20 23:23:00,32.0,30.256493
1995-08-20 23:24:00,30.0,18.271618
1995-08-20 23:25:00,23.0,30.673513
1995-08-20 23:26:00,21.0,19.352648
1995-08-20 23:27:00,25.0,18.165398
1995-08-20 23:28:00,23.0,18.404234
1995-08-20 23:29:00,9.0,20.021622
1995-08-20 23:30:00,40.0,20.758064
1995-08-20 23:31:00,28.0,30.437363
1995-08-20 23:32:00,21.0,14.981673
1995-08-20 23:33:00,24.0,24.936827
1995-08-20 23:34:00,11.0,28.045279
1995-08-20 23:35:00,20.0,18.654425
1995-08-20 23:36:00,41.0,23.817896
1995-08-20 23:37:00,20.0,33.982418
1995-08-20 23:38:00,24.0,22.449497
1995-08-20 23:39:00,19.0,16.605024
1995-08-20 23:40:00,7.0,21.750465
1995-08-20 23:41:00,13.0,19.414333
1995-08-20 23:42:00,22.0,21.20375
1995-08-20 23:43:00,19.0,22.370165
1995-08-20 23:44:00,25.0,22.037401
1995-08-20 23:45:00,55.0,26.933924
1995-08-20 23:46:00,30.0,33.952923
1995-08-20 23:47:00,32.0,30.061085
1995-08-20 23:48:00,21.0,28.205547
1995-08-20 23:49:00,33.0,24.033396
1995-08-20 23:50:00,20.0,28.107351
1995-08-20 23:51:00,47.0,27.518663
1995-08-20 23:52:00,51.0,35.143322
1995-08-20 23:53:00,51.0,33.839108
1995-08-20 23:54:00,48.0,36.466927
1995-08-20 23:55:00,33.0,34.322952
1995-08-20 23:56:00,57.0,29.178284
1995-08-20 23:57:00,46.0,41.158096
1995-08-20 23:58:00,42.0,34.752094
1995-08-20 23:59:00,29.0,36.613586
1995-08-21 00:00:00,37.0,29.251202
1995-08-21 00:01:00,42.0,33.943054
1995-08-21 00:02:00,25.0,34.54319
1995-08-21 00:03:00,44.0,28.323112
1995-08-21 00:04:00,52.0,28.003925
1995-08-21 00:05:00,34.0,39.71708
1995-08-21 00:06:00,43.0,34.4262
1995-08-21 00:07:00,29.0,31.613995
1995-08-21 00:08:00,40.0,30.887535
1995-08-21 00:09:00,32.0,38.058956
1995-08-21 00:10:00,17.0,32.628654
1995-08-21 00:11:00,30.0,28.804468
1995-08-21 00:12:00,26.0,31.867657
1995-08-21 00:13:00,22.0,28.981068
1995-08-21 00:14:00,20.0,20.912899
1995-08-21 00:15:00,20.0,17.177134
1995-08-21 00:16:00,17.0,16.834562
1995-08-21 00:17:00,9.0,23.383049
1995-08-21 00:18:00,37.0,16.252094
1995-08-21 00:19:00,18.0,13.850316
1995-08-21 00:20:00,12.0,15.428728
1995-08-21 00:21:00,24.0,13.490346
1995-08-21 00:22:00,21.0,24.73979
1995-08-21 00:23:00,13.0,13.265443
1995-08-21 00:24:00,39.0,20.404196
1995-08-21 00:25:00,43.0,24.926521
1995-08-21 00:26:00,40.0,31.742298
1995-08-21 00:27:00,21.0,34.087856
1995-08-21 00:28:00,26.0,20.706545
1995-08-21 00:29:00,29.0,26.465864
1995-08-21 00:30:00,17.0,26.32973
1995-08-21 00:31:00,28.0,21.845608
1995-08-21 00:32:00,34.0,28.415092
1995-08-21 00:33:00,22.0,29.848978
1995-08-21 00:34:00,27.0,24.770327
1995-08-21 00:35:00,40.0,28.853676
1995-08-21 00:36:00,30.0,30.711763
1995-08-21 00:37:00,25.0,25.739717
1995-08-21 00:38:00,28.0,20.302034
1995-08-21 00:39:00,23.0,21.731565
1995-08-21 00:40:00,31.0,19.11618
1995-08-21 00:41:00,31.0,23.808886
1995-08-21 00:42:00,37.0,24.146748
1995-08-21 00:43:00,34.0,27.296494
1995-08-21 00:44:00,26.0,32.191372
1995-08-21 00:45:00,43.0,24.136503
1995-08-21 00:46:00,31.0,29.658165
1995-08-21 00:47:00,28.0,21.08995
1995-08-21 00:48:00,24.0,28.323553
1995-08-21 00:49:00,17.0,21.41458
1995-08-21 00:50:00,18.0,13.206768
1995-08-21 00:51:00,32.0,16.397509
1995-08-21 00:52:00,30.0,21.974422
1995-08-21 00:53:00,12.0,16.305553
1995-08-21 00:54:00,21.0,15.814234
1995-08-21 00:55:00,25.0,24.930014
1995-08-21 00:56:00,35.0,28.84631
1995-08-21 00:57:00,22.0,27.141342
1995-08-21 00:58:00,29.0,26.074436
1995-08-21 00:59:00,49.0,28.698833
1995-08-21 01:00:00,22.0,27.067568
1995-08-21 01:01:00,46.0,29.701576
1995-08-21 01:02:00,44.0,29.0561
1995-08-21 01:03:00,40.0,31.014118
1995-08-21 01:04:00,28.0,29.754421
1995-08-21 01:05:00,33.0,31.03054
1995-08-21 01:06:00,21.0,28.451168
1995-08-21 01:07:00,12.0,25.315115
1995-08-21 01:08:00,30.0,18.510824
1995-08-21 01:09:00,20.0,27.729431
1995-08-21 01:10:00,13.0,25.072098
1995-08-21 01:11:00,28.0,25.170591
1995-08-21 01:12:00,13.0,23.887964
1995-08-21 01:13:00,19.0,18.863165
1995-08-21 01:14:00,14.0,21.261475
1995-08-21 01:15:00,13.0,22.247171
1995-08-21 01:16:00,12.0,20.634687
1995-08-21 01:17:00,21.0,15.65279
1995-08-21 01:18:00,25.0,24.13591
1995-08-21 01:19:00,15.0,25.138489
1995-08-21 01:20:00,20.0,20.547962
1995-08-21 01:21:00,28.0,21.83016
1995-08-21 01:22:00,43.0,28.031744
1995-08-21 01:23:00,44.0,26.800285
1995-08-21 01:24:00,27.0,30.988932
1995-08-21 01:25:00,50.0,28.304333
1995-08-21 01:26:00,28.0,27.566294
1995-08-21 01:27:00,42.0,31.063133
1995-08-21 01:28:00,23.0,30.14471
1995-08-21 01:29:00,21.0,24.457235
1995-08-21 01:30:00,33.0,27.070326
1995-08-21 01:31:00,19.0,27.086117
1995-08-21 01:32:00,5.0,23.497381
1995-08-21 01:33:00,24.0,18.456354
1995-08-21 01:34:00,18.0,13.561291
1995-08-21 01:35:00,21.0,24.69492
1995-08-21 01:36:00,29.0,20.63121
1995-08-21 01:37:00,56.0,24.585922
1995-08-21 01:38:00,20.0,29.573944
1995-08-21 01:39:00,32.0,26.805046
1995-08-21 01:40:00,36.0,30.112938
1995-08-21 01:41:00,35.0,26.835384
1995-08-21 01:42:00,30.0,26.209463
1995-08-21 01:43:00,9.0,27.743319
1995-08-21 01:44:00,23.0,18.360888
1995-08-21 01:45:00,14.0,15.520758
1995-08-21 01:46:00,26.0,17.906609
1995-08-21 01:47:00,27.0,23.677994
1995-08-21 01:48:00,21.0,25.283169
1995-08-21 01:49:00,20.0,21.823837
1995-08-21 01:50:00,28.0,27.344097
1995-08-21 01:51:00,34.0,27.422419
1995-08-21 01:52:00,15.0,23.910576
1995-08-21 01:53:00,24.0,25.704586
1995-08-21 01:54:00,28.0,23.034054
1995-08-21 01:55:00,37.0,28.825659
1995-08-21 01:56:00,27.0,26.82697
1995-08-21 01:57:00,33.0,15.514236
1995-08-21 01:58:00,17.0,26.741444
1995-08-21 01:59:00,24.0,20.61481
1995-08-21 02:00:00,15.0,27.438131
1995-08-21 02:01:00,62.0,24.82843
1995-08-21 02:02:00,13.0,32.22153
1995-08-21 02:03:00,28.0,20.200287
1995-08-21 02:04:00,28.0,28.781313
1995-08-21 02:05:00,17.0,27.884382
1995-08-21 02:06:00,9.0,22.45529
1995-08-21 02:07:00,10.0,11.648091
1995-08-21 02:08:00,4.0,18.154503
1995-08-21 02:09:00,22.0,17.581081
1995-08-21 02:10:00,11.0,15.184343
1995-08-21 02:11:00,13.0,19.185476
1995-08-21 02:12:00,14.0,16.49336
1995-08-21 02:13:00,6.0,8.787269
1995-08-21 02:14:00,22.0,16.417826
1995-08-21 02:15:00,15.0,19.41131
1995-08-21 02:16:00,11.0,15.608437
1995-08-21 02:17:00,14.0,14.539873
1995-08-21 02:18:00,18.0,12.278829
1995-08-21 02:19:00,19.0,17.991947
1995-08-21 02:20:00,8.0,6.5462155
1995-08-21 02:21:00,15.0,12.14019
1995-08-21 02:22:00,12.0,16.087675
1995-08-21 02:23:00,21.0,17.367504
1995-08-21 02:24:00,20.0,19.60661
1995-08-21 02:25:00,13.0,20.223433
1995-08-21 02:26:00,6.0,16.928286
1995-08-21 02:27:00,14.0,14.457378
1995-08-21 02:28:00,22.0,12.230027
1995-08-21 02:29:00,28.0,18.379097
1995-08-21 02:30:00,43.0,19.023838
1995-08-21 02:31:00,34.0,21.072372
1995-08-21 02:32:00,32.0,16.969128
1995-08-21 02:33:00,58.0,23.809448
1995-08-21 02:34:00,47.0,28.690035
1995-08-21 02:35:00,37.0,29.914736
1995-08-21 02:36:00,27.0,30.569128
1995-08-21 02:37:00,13.0,25.36066
1995-08-21 02:38:00,15.0,21.004513
1995-08-21 02:39:00,30.0,18.541933
1995-08-21 02:40:00,13.0,26.056606
1995-08-21 02:41:00,17.0,21.586298
1995-08-21 02:42:00,17.0,20.075867
1995-08-21 02:43:00,9.0,9.866011
1995-08-21 02:44:00,13.0,15.981373
1995-08-21 02:45:00,20.0,19.678026
1995-08-21 02:46:00,16.0,20.56594
1995-08-21 02:47:00,8.0,16.957731
1995-08-21 02:48:00,17.0,15.16296
1995-08-21 02:49:00,18.0,18.773046
1995-08-21 02:50:00,10.0,20.384104
1995-08-21 02:51:00,3.0,3.8684406
1995-08-21 02:52:00,7.0,12.005967
1995-08-21 02:53:00,21.0,14.073764
1995-08-21 02:54:00,41.0,19.897743
1995-08-21 02:55:00,35.0,23.862455
1995-08-21 02:56:00,28.0,26.57189
1995-08-21 02:57:00,19.0,20.942234
1995-08-21 02:58:00,33.0,17.869322
1995-08-21 02:59:00,15.0,22.658175
1995-08-21 03:00:00,22.0,20.285713
1995-08-21 03:01:00,23.0,23.30513
1995-08-21 03:02:00,29.0,23.851984
1995-08-21 03:03:00,15.0,24.828096
1995-08-21 03:04:00,8.0,19.902721
1995-08-21 03:05:00,10.0,14.547166
1995-08-21 03:06:00,23.0,15.95237
1995-08-21 03:07:00,21.0,18.225964
1995-08-21 03:08:00,13.0,16.431276
1995-08-21 03:09:00,29.0,16.360342
1995-08-21 03:10:00,9.0,24.311375
1995-08-21 03:11:00,4.0,9.742222
1995-08-21 03:12:00,9.0,13.259713
1995-08-21 03:13:00,11.0,12.630543
1995-08-21 03:14:00,9.0,12.546161
1995-08-21 03:15:00,25.0,14.536565
1995-08-21 03:16:00,11.0,17.37017
1995-08-21 03:17:00,11.0,16.561752
1995-08-21 03:18:00,7.0,8.369021
1995-08-21 03:19:00,8.0,14.268097
1995-08-21 03:20:00,22.0,12.200708
1995-08-21 03:21:00,31.0,11.826832
1995-08-21 03:22:00,4.0,8.087165
1995-08-21 03:23:00,15.0,14.096396
1995-08-21 03:24:00,14.0,16.710403
1995-08-21 03:25:00,7.0,14.145516
1995-08-21 03:26:00,19.0,15.810715
1995-08-21 03:27:00,12.0,17.7527
1995-08-21 03:28:00,9.0,12.597435
1995-08-21 03:29:00,10.0,15.167868
1995-08-21 03:30:00,27.0,17.331696
1995-08-21 03:31:00,32.0,12.616955
1995-08-21 03:32:00,13.0,13.371203
1995-08-21 03:33:00,38.0,17.439102
1995-08-21 03:34:00,13.0,18.30702
1995-08-21 03:35:00,19.0,13.037341
1995-08-21 03:36:00,22.0,15.127811
1995-08-21 03:37:00,26.0,20.09141
1995-08-21 03:38:00,13.0,12.610353
1995-08-21 03:39:00,19.0,13.545711
1995-08-21 03:40:00,22.0,13.026161
1995-08-21 03:41:00,23.0,20.05023
1995-08-21 03:42:00,20.0,15.693861
1995-08-21 03:43:00,6.0,16.63303
1995-08-21 03:44:00,12.0,1.8679397
1995-08-21 03:45:00,12.0,16.668995
1995-08-21 03:46:00,23.0,13.043236
1995-08-21 03:47:00,19.0,15.718876
1995-08-21 03:48:00,12.0,9.12763
1995-08-21 03:49:00,23.0,9.9334345
1995-08-21 03:50:00,27.0,15.263037
1995-08-21 03:51:00,37.0,15.042189
1995-08-21 03:52:00,17.0,22.832611
1995-08-21 03:53:00,29.0,14.904469
1995-08-21 03:54:00,16.0,20.97966
1995-08-21 03:55:00,14.0,18.691526
1995-08-21 03:56:00,11.0,21.002079
1995-08-21 03:57:00,33.0,16.774061
1995-08-21 03:58:00,29.0,21.97811
1995-08-21 03:59:00,9.0,10.860747
1995-08-21 04:00:00,16.0,16.491585
1995-08-21 04:01:00,19.0,13.287765
1995-08-21 04:02:00,38.0,17.377802
1995-08-21 04:03:00,22.0,20.214455
1995-08-21 04:04:00,7.0,21.001444
1995-08-21 04:05:00,11.0,13.181089
1995-08-21 04:06:00,15.0,14.415319
1995-08-21 04:07:00,1.0,19.318481
1995-08-21 04:08:00,14.0,6.9723516
1995-08-21 04:09:00,9.0,18.363075
1995-08-21 04:10:00,8.0,10.783301
1995-08-21 04:11:00,9.0,12.389107
1995-08-21 04:12:00,17.0,14.977521
1995-08-21 04:13:00,14.0,13.613821
1995-08-21 04:14:00,25.0,16.835094
1995-08-21 04:15:00,8.0,11.56658
1995-08-21 04:16:00,16.0,12.419864
1995-08-21 04:17:00,13.0,16.225111
1995-08-21 04:18:00,15.0,11.541112
1995-08-21 04:19:00,27.0,17.639624
1995-08-21 04:20:00,19.0,16.465593
1995-08-21 04:21:00,22.0,15.855066
1995-08-21 04:22:00,5.0,12.015353
1995-08-21 04:23:00,7.0,3.0742278
1995-08-21 04:24:00,12.0,8.1776495
1995-08-21 04:25:00,9.0,14.383521
1995-08-21 04:26:00,17.0,9.43647
1995-08-21 04:27:00,16.0,14.939458
1995-08-21 04:28:00,13.0,12.250887
1995-08-21 04:29:00,11.0,15.244064
1995-08-21 04:30:00,15.0,13.347899
1995-08-21 04:31:00,4.0,3.7206445
1995-08-21 04:32:00,36.0,11.16168
1995-08-21 04:33:00,24.0,15.025404
1995-08-21 04:34:00,15.0,14.292411
1995-08-21 04:35:00,16.0,15.105921
1995-08-21 04:36:00,21.0,17.879545
1995-08-21 04:37:00,31.0,17.49203
1995-08-21 04:38:00,35.0,18.915499
1995-08-21 04:39:00,21.0,14.072768
1995-08-21 04:40:00,10.0,16.947775
1995-08-21 04:41:00,12.0,19.936268
1995-08-21 04:42:00,5.0,18.047705
1995-08-21 04:43:00,5.0,13.86125
1995-08-21 04:44:00,9.0,13.473107
1995-08-21 04:45:00,11.0,15.479771
1995-08-21 04:46:00,10.0,10.245839
1995-08-21 04:47:00,14.0,15.808538
1995-08-21 04:48:00,18.0,11.371582
1995-08-21 04:49:00,12.0,11.621188
1995-08-21 04:50:00,15.0,14.694389
1995-08-21 04:51:00,8.0,6.3460093
1995-08-21 04:52:00,10.0,9.434848
1995-08-21 04:53:00,10.0,11.689823
1995-08-21 04:54:00,9.0,9.6132555
1995-08-21 04:55:00,2.0,2.1065474
1995-08-21 04:56:00,11.0,8.149577
1995-08-21 04:57:00,12.0,10.558423
1995-08-21 04:58:00,14.0,13.649714
1995-08-21 04:59:00,5.0,8.017172
1995-08-21 05:00:00,17.0,11.041862
1995-08-21 05:01:00,1.0,9.075265
1995-08-21 05:02:00,7.0,10.356183
1995-08-21 05:03:00,23.0,11.624541
1995-08-21 05:04:00,30.0,17.475288
1995-08-21 05:05:00,3.0,16.515408
1995-08-21 05:06:00,14.0,10.589955
1995-08-21 05:07:00,20.0,13.551833
1995-08-21 05:08:00,28.0,17.219471
1995-08-21 05:09:00,31.0,17.209404
1995-08-21 05:10:00,11.0,13.244021
1995-08-21 05:11:00,11.0,12.635353
1995-08-21 05:12:00,7.0,11.421353
1995-08-21 05:13:00,16.0,12.446629
1995-08-21 05:14:00,25.0,15.448778
1995-08-21 05:15:00,22.0,20.719362
1995-08-21 05:16:00,13.0,13.324533
1995-08-21 05:17:00,7.0,17.160547
1995-08-21 05:18:00,8.0,11.816276
1995-08-21 05:19:00,12.0,12.349763
1995-08-21 05:20:00,16.0,11.08349
1995-08-21 05:21:00,9.0,14.745327
1995-08-21 05:22:00,9.0,13.299583
1995-08-21 05:23:00,4.0,7.441781
1995-08-21 05:24:00,29.0,10.018201
1995-08-21 05:25:00,34.0,19.256622
1995-08-21 05:26:00,23.0,18.00903
1995-08-21 05:27:00,60.0,20.499674
1995-08-21 05:28:00,15.0,8.47876
1995-08-21 05:29:00,26.0,17.99971
1995-08-21 05:30:00,4.0,16.122389
1995-08-21 05:31:00,22.0,14.001867
1995-08-21 05:32:00,15.0,13.7489605
1995-08-21 05:33:00,13.0,14.572946
1995-08-21 05:34:00,11.0,12.45539
1995-08-21 05:35:00,25.0,17.058039
1995-08-21 05:36:00,11.0,18.00626
1995-08-21 05:37:00,6.0,11.5495405
1995-08-21 05:38:00,32.0,15.782726
1995-08-21 05:39:00,13.0,16.126656
1995-08-21 05:40:00,28.0,15.988583
1995-08-21 05:41:00,36.0,23.76414
1995-08-21 05:42:00,30.0,25.958603
1995-08-21 05:43:00,10.0,19.179087
1995-08-21 05:44:00,19.0,17.279623
1995-08-21 05:45:00,24.0,20.404226
1995-08-21 05:46:00,54.0,21.67427
1995-08-21 05:47:00,8.0,17.669792
1995-08-21 05:48:00,20.0,17.139385
1995-08-21 05:49:00,23.0,20.03682
1995-08-21 05:50:00,32.0,18.970007
1995-08-21 05:51:00,23.0,23.779242
1995-08-21 05:52:00,9.0,20.91197
1995-08-21 05:53:00,6.0,9.650797
1995-08-21 05:54:00,12.0,15.568411
1995-08-21 05:55:00,18.0,14.943509
1995-08-21 05:56:00,19.0,21.557001
1995-08-21 05:57:00,26.0,22.085054
1995-08-21 05:58:00,26.0,23.029379
1995-08-21 05:59:00,20.0,23.877653
1995-08-21 06:00:00,19.0,18.105814
1995-08-21 06:01:00,10.0,9.049307
1995-08-21 06:02:00,21.0,18.305502
1995-08-21 06:03:00,7.0,10.445739
1995-08-21 06:04:00,23.0,15.397945
1995-08-21 06:05:00,43.0,22.503263
1995-08-21 06:06:00,34.0,25.984974
1995-08-21 06:07:00,21.0,24.312817
1995-08-21 06:08:00,28.0,16.492798
1995-08-21 06:09:00,22.0,18.026672
1995-08-21 06:10:00,18.0,19.51722
1995-08-21 06:11:00,12.0,17.517874
1995-08-21 06:12:00,11.0,12.6955595
1995-08-21 06:13:00,24.0,13.761561
1995-08-21 06:14:00,12.0,14.363816
1995-08-21 06:15:00,21.0,17.876545
1995-08-21 06:16:00,16.0,18.695028
1995-08-21 06:17:00,20.0,19.653646
1995-08-21 06:18:00,6.0,13.047744
1995-08-21 06:19:00,7.0,5.552659
1995-08-21 06:20:00,17.0,13.934452
1995-08-21 06:21:00,11.0,16.87286
1995-08-21 06:22:00,16.0,15.303991
1995-08-21 06:23:00,23.0,18.781311
1995-08-21 06:24:00,27.0,18.937551
1995-08-21 06:25:00,23.0,20.795622
1995-08-21 06:26:00,27.0,16.814781
1995-08-21 06:27:00,30.0,21.164991
1995-08-21 06:28:00,20.0,19.975073
1995-08-21 06:29:00,32.0,19.014349
1995-08-21 06:30:00,13.0,13.986867
1995-08-21 06:31:00,4.0,19.66554
1995-08-21 06:32:00,23.0,12.662802
1995-08-21 06:33:00,15.0,11.248015
1995-08-21 06:34:00,4.0,5.398871
1995-08-21 06:35:00,20.0,14.443366
1995-08-21 06:36:00,8.0,11.161231
1995-08-21 06:37:00,2.0,5.9960856
1995-08-21 06:38:00,4.0,4.391732
1995-08-21 06:39:00,18.0,11.519447
1995-08-21 06:40:00,9.0,14.629752
1995-08-21 06:41:00,5.0,11.9305315
1995-08-21 06:42:00,5.0,4.995177
1995-08-21 06:43:00,24.0,9.573713
1995-08-21 06:44:00,10.0,13.823506
1995-08-21 06:45:00,7.0,15.198965
1995-08-21 06:46:00,20.0,10.301727
1995-08-21 06:47:00,32.0,13.880602
1995-08-21 06:48:00,15.0,12.872227
1995-08-21 06:49:00,22.0,13.736602
1995-08-21 06:50:00,13.0,17.827763
1995-08-21 06:51:00,22.0,15.054432
1995-08-21 06:52:00,20.0,18.072685
1995-08-21 06:53:00,17.0,16.296034
1995-08-21 06:54:00,13.0,11.677745
1995-08-21 06:55:00,37.0,14.504242
1995-08-21 06:56:00,25.0,19.177181
1995-08-21 06:57:00,32.0,19.56067
1995-08-21 06:58:00,30.0,25.395218
1995-08-21 06:59:00,33.0,23.71576
1995-08-21 07:00:00,13.0,22.301409
1995-08-21 07:01:00,4.0,3.6833053
1995-08-21 07:02:00,23.0,12.376082
1995-08-21 07:03:00,8.0,13.471775
1995-08-21 07:04:00,14.0,16.190243
1995-08-21 07:05:00,17.0,16.91195
1995-08-21 07:06:00,11.0,20.883438
1995-08-21 07:07:00,19.0,18.255644
1995-08-21 07:08:00,17.0,19.20886
1995-08-21 07:09:00,25.0,19.507023
1995-08-21 07:10:00,21.0,23.30754
1995-08-21 07:11:00,15.0,23.765886
1995-08-21 07:12:00,18.0,21.101635
1995-08-21 07:13:00,26.0,21.759928
1995-08-21 07:14:00,19.0,22.671038
1995-08-21 07:15:00,30.0,22.571323
1995-08-21 07:16:00,32.0,13.531693
1995-08-21 07:17:00,16.0,22.425089
1995-08-21 07:18:00,21.0,12.756395
1995-08-21 07:19:00,18.0,24.652838
1995-08-21 07:20:00,35.0,24.885885
1995-08-21 07:21:00,20.0,27.259043
1995-08-21 07:22:00,10.0,25.646578
1995-08-21 07:23:00,27.0,19.364151
1995-08-21 07:24:00,15.0,23.923532
1995-08-21 07:25:00,17.0,22.675762
1995-08-21 07:26:00,22.0,19.28961
1995-08-21 07:27:00,29.0,23.565039
1995-08-21 07:28:00,24.0,13.664887
1995-08-21 07:29:00,46.0,24.380875
1995-08-21 07:30:00,20.0,24.03333
1995-08-21 07:31:00,8.0,11.923994
1995-08-21 07:32:00,30.0,19.917603
1995-08-21 07:33:00,11.0,9.543929
1995-08-21 07:34:00,5.0,13.834927
1995-08-21 07:35:00,29.0,17.54689
1995-08-21 07:36:00,24.0,28.748959
1995-08-21 07:37:00,18.0,26.671812
1995-08-21 07:38:00,27.0,19.55201
1995-08-21 07:39:00,36.0,21.837582
1995-08-21 07:40:00,22.0,31.104267
1995-08-21 07:41:00,49.0,23.312218
1995-08-21 07:42:00,43.0,32.733414
1995-08-21 07:43:00,46.0,34.28798
1995-08-21 07:44:00,17.0,28.296173
1995-08-21 07:45:00,53.0,29.792551
1995-08-21 07:46:00,34.0,37.50499
1995-08-21 07:47:00,50.0,31.532467
1995-08-21 07:48:00,28.0,40.41079
1995-08-21 07:49:00,50.0,29.979635
1995-08-21 07:50:00,19.0,37.76398
1995-08-21 07:51:00,16.0,22.238594
1995-08-21 07:52:00,21.0,30.047558
1995-08-21 07:53:00,51.0,30.128624
1995-08-21 07:54:00,20.0,35.369194
1995-08-21 07:55:00,28.0,32.379326
1995-08-21 07:56:00,28.0,29.206985
1995-08-21 07:57:00,13.0,24.889034
1995-08-21 07:58:00,29.0,18.230272
1995-08-21 07:59:00,33.0,30.120134
1995-08-21 08:00:00,33.0,30.82624
1995-08-21 08:01:00,30.0,26.505903
1995-08-21 08:02:00,49.0,30.853882
1995-08-21 08:03:00,43.0,40.315666
1995-08-21 08:04:00,38.0,35.580547
1995-08-21 08:05:00,36.0,37.67889
1995-08-21 08:06:00,35.0,34.304028
1995-08-21 08:07:00,33.0,33.47351
1995-08-21 08:08:00,29.0,33.487392
1995-08-21 08:09:00,15.0,25.604757
1995-08-21 08:10:00,13.0,17.452036
1995-08-21 08:11:00,36.0,28.634214
1995-08-21 08:12:00,43.0,30.739077
1995-08-21 08:13:00,25.0,21.693264
1995-08-21 08:14:00,23.0,24.091034
1995-08-21 08:15:00,29.0,28.684004
1995-08-21 08:16:00,39.0,24.938435
1995-08-21 08:17:00,24.0,19.92666
1995-08-21 08:18:00,53.0,25.029037
1995-08-21 08:19:00,39.0,38.598408
1995-08-21 08:20:00,26.0,32.053524
1995-08-21 08:21:00,54.0,35.80823
1995-08-21 08:22:00,43.0,31.92199
1995-08-21 08:23:00,24.0,26.68808
1995-08-21 08:24:00,34.0,26.640223
1995-08-21 08:25:00,12.0,32.081608
1995-08-21 08:26:00,17.0,29.688177
1995-08-21 08:27:00,29.0,28.876219
1995-08-21 08:28:00,65.0,32.25322
1995-08-21 08:29:00,31.0,42.23931
1995-08-21 08:30:00,47.0,38.137882
1995-08-21 08:31:00,39.0,43.674217
1995-08-21 08:32:00,42.0,29.70228
1995-08-21 08:33:00,26.0,42.267662
1995-08-21 08:34:00,61.0,36.130783
1995-08-21 08:35:00,32.0,35.656445
1995-08-21 08:36:00,64.0,42.740993
1995-08-21 08:37:00,30.0,38.88248
1995-08-21 08:38:00,35.0,32.37386
1995-08-21 08:39:00,27.0,35.48707
1995-08-21 08:40:00,32.0,35.930267
1995-08-21 08:41:00,38.0,41.977802
1995-08-21 08:42:00,36.0,42.36839
1995-08-21 08:43:00,42.0,32.08197
1995-08-21 08:44:00,25.0,39.355038
1995-08-21 08:45:00,13.0,18.339891
1995-08-21 08:46:00,11.0,24.82216
1995-08-21 08:47:00,28.0,15.772099
1995-08-21 08:48:00,40.0,31.046581
1995-08-21 08:49:00,24.0,36.096073
1995-08-21 08:50:00,36.0,22.839645
1995-08-21 08:51:00,38.0,26.348076
1995-08-21 08:52:00,47.0,38.12056
1995-08-21 08:53:00,30.0,37.345592
1995-08-21 08:54:00,20.0,20.152771
1995-08-21 08:55:00,35.0,14.047763
1995-08-21 08:56:00,27.0,32.91543
1995-08-21 08:57:00,26.0,34.212063
1995-08-21 08:58:00,37.0,33.96884
1995-08-21 08:59:00,19.0,36.163147
1995-08-21 09:00:00,32.0,24.219128
1995-08-21 09:01:00,36.0,25.872498
1995-08-21 09:02:00,46.0,22.703075
1995-08-21 09:03:00,26.0,33.223663
1995-08-21 09:04:00,32.0,36.525116
1995-08-21 09:05:00,38.0,32.015804
1995-08-21 09:06:00,22.0,37.315353
1995-08-21 09:07:00,33.0,29.260303
1995-08-21 09:08:00,24.0,35.013206
1995-08-21 09:09:00,20.0,21.699173
1995-08-21 09:10:00,17.0,20.303583
1995-08-21 09:11:00,42.0,23.281307
1995-08-21 09:12:00,19.0,14.998222
1995-08-21 09:13:00,48.0,25.326273
1995-08-21 09:14:00,47.0,39.549164
1995-08-21 09:15:00,56.0,38.008533
1995-08-21 09:16:00,38.0,43.68292
1995-08-21 09:17:00,13.0,24.068443
1995-08-21 09:18:00,40.0,31.92101
1995-08-21 09:19:00,46.0,31.720306
1995-08-21 09:20:00,17.0,38.15066
1995-08-21 09:21:00,19.0,35.841812
1995-08-21 09:22:00,19.0,19.728975
1995-08-21 09:23:00,37.0,20.517817
1995-08-21 09:24:00,17.0,20.983343
1995-08-21 09:25:00,35.0,29.29754
1995-08-21 09:26:00,26.0,26.490143
1995-08-21 09:27:00,48.0,32.208416
1995-08-21 09:28:00,54.0,37.85037
1995-08-21 09:29:00,23.0,22.746986
1995-08-21 09:30:00,34.0,23.32063
1995-08-21 09:31:00,44.0,26.958189
1995-08-21 09:32:00,32.0,37.599037
1995-08-21 09:33:00,55.0,37.210007
1995-08-21 09:34:00,42.0,44.282528
1995-08-21 09:35:00,51.0,36.623524
1995-08-21 09:36:00,26.0,44.54183
1995-08-21 09:37:00,34.0,38.316807
1995-08-21 09:38:00,69.0,39.89193
1995-08-21 09:39:00,59.0,47.68881
1995-08-21 09:40:00,40.0,47.75573
1995-08-21 09:41:00,66.0,46.170845
1995-08-21 09:42:00,46.0,50.99206
1995-08-21 09:43:00,43.0,38.453403
1995-08-21 09:44:00,32.0,40.426582
1995-08-21 09:45:00,54.0,41.058716
1995-08-21 09:46:00,25.0,44.956535
1995-08-21 09:47:00,41.0,28.182606
1995-08-21 09:48:00,45.0,42.162228
1995-08-21 09:49:00,69.0,45.92991
1995-08-21 09:50:00,57.0,47.567398
1995-08-21 09:51:00,45.0,37.446255
1995-08-21 09:52:00,62.0,47.01797
1995-08-21 09:53:00,56.0,53.454006
1995-08-21 09:54:00,68.0,53.46172
1995-08-21 09:55:00,55.0,55.54547
1995-08-21 09:56:00,43.0,52.564255
1995-08-21 09:57:00,50.0,42.390533
1995-08-21 09:58:00,68.0,55.78306
1995-08-21 09:59:00,36.0,57.13786
1995-08-21 10:00:00,57.0,51.835766
1995-08-21 10:01:00,61.0,48.34436
1995-08-21 10:02:00,64.0,51.84974
1995-08-21 10:03:00,45.0,57.019028
1995-08-21 10:04:00,80.0,54.495323
1995-08-21 10:05:00,70.0,58.57934
1995-08-21 10:06:00,48.0,53.379303
1995-08-21 10:07:00,65.0,32.630825
1995-08-21 10:08:00,59.0,42.18332
1995-08-21 10:09:00,46.0,53.36538
1995-08-21 10:10:00,45.0,55.13187
1995-08-21 10:11:00,70.0,49.643646
1995-08-21 10:12:00,25.0,28.000586
1995-08-21 10:13:00,66.0,47.26692
1995-08-21 10:14:00,50.0,50.281216
1995-08-21 10:15:00,22.0,34.7869
1995-08-21 10:16:00,54.0,43.73015
1995-08-21 10:17:00,50.0,52.682297
1995-08-21 10:18:00,38.0,51.17643
1995-08-21 10:19:00,59.0,47.123184
1995-08-21 10:20:00,55.0,51.058235
1995-08-21 10:21:00,40.0,47.065414
1995-08-21 10:22:00,38.0,45.326366
1995-08-21 10:23:00,56.0,43.761726
1995-08-21 10:24:00,44.0,50.71436
1995-08-21 10:25:00,33.0,45.353577
1995-08-21 10:26:00,54.0,45.993397
1995-08-21 10:27:00,35.0,30.796024
1995-08-21 10:28:00,40.0,41.476986
1995-08-21 10:29:00,59.0,44.44839
1995-08-21 10:30:00,64.0,52.140316
1995-08-21 10:31:00,68.0,56.971848
1995-08-21 10:32:00,44.0,58.54421
1995-08-21 10:33:00,30.0,56.456505
1995-08-21 10:34:00,50.0,47.02127
1995-08-21 10:35:00,35.0,47.539185
1995-08-21 10:36:00,62.0,48.38579
1995-08-21 10:37:00,37.0,48.253445
1995-08-21 10:38:00,60.0,48.404564
1995-08-21 10:39:00,31.0,31.404953
1995-08-21 10:40:00,23.0,28.812449
1995-08-21 10:41:00,67.0,38.95728
1995-08-21 10:42:00,39.0,52.419476
1995-08-21 10:43:00,75.0,52.691063
1995-08-21 10:44:00,70.0,58.173336
1995-08-21 10:45:00,45.0,40.27386
1995-08-21 10:46:00,49.0,45.37448
1995-08-21 10:47:00,28.0,31.93021
1995-08-21 10:48:00,94.0,41.009407
1995-08-21 10:49:00,57.0,55.23472
1995-08-21 10:50:00,48.0,49.793068
1995-08-21 10:51:00,45.0,54.966274
1995-08-21 10:52:00,52.0,46.342144
1995-08-21 10:53:00,70.0,60.616
1995-08-21 10:54:00,62.0,59.82888
1995-08-21 10:55:00,39.0,42.88774
1995-08-21 10:56:00,25.0,30.07416
1995-08-21 10:57:00,39.0,35.898495
1995-08-21 10:58:00,26.0,27.92749
1995-08-21 10:59:00,33.0,34.13189
1995-08-21 11:00:00,56.0,42.775444
1995-08-21 11:01:00,57.0,46.47998
1995-08-21 11:02:00,22.0,23.651266
1995-08-21 11:03:00,52.0,36.900875
1995-08-21 11:04:00,67.0,44.61458
1995-08-21 11:05:00,54.0,53.156464
1995-08-21 11:06:00,76.0,56.023785
1995-08-21 11:07:00,46.0,52.756706
1995-08-21 11:08:00,100.0,58.536655
1995-08-21 11:09:00,33.0,44.718754
1995-08-21 11:10:00,40.0,50.950367
1995-08-21 11:11:00,53.0,58.62743
1995-08-21 11:12:00,81.0,56.309544
1995-08-21 11:13:00,69.0,64.64719
1995-08-21 11:14:00,51.0,56.29356
1995-08-21 11:15:00,76.0,61.938168
1995-08-21 11:16:00,63.0,60.60569
1995-08-21 11:17:00,58.0,57.928814
1995-08-21 11:18:00,76.0,62.5716
1995-08-21 11:19:00,46.0,50.483864
1995-08-21 11:20:00,46.0,37.585365
1995-08-21 11:21:00,40.0,53.466938
1995-08-21 11:22:00,35.0,44.453247
1995-08-21 11:23:00,33.0,46.74404
1995-08-21 11:24:00,51.0,46.803394
1995-08-21 11:25:00,44.0,39.55949
1995-08-21 11:26:00,76.0,50.132465
1995-08-21 11:27:00,51.0,50.17831
1995-08-21 11:28:00,62.0,53.564434
1995-08-21 11:29:00,72.0,63.965683
1995-08-21 11:30:00,66.0,62.151035
1995-08-21 11:31:00,75.0,65.91263
1995-08-21 11:32:00,93.0,56.723015
1995-08-21 11:33:00,35.0,62.147633
1995-08-21 11:34:00,60.0,53.164482
1995-08-21 11:35:00,64.0,57.504753
1995-08-21 11:36:00,75.0,62.76274
1995-08-21 11:37:00,111.0,66.13596
1995-08-21 11:38:00,60.0,71.188354
1995-08-21 11:39:00,46.0,66.615395
1995-08-21 11:40:00,75.0,56.424213
1995-08-21 11:41:00,52.0,73.9941
1995-08-21 11:42:00,59.0,69.21448
1995-08-21 11:43:00,71.0,59.680176
1995-08-21 11:44:00,53.0,55.644676
1995-08-21 11:45:00,39.0,62.978733
1995-08-21 11:46:00,67.0,55.65397
1995-08-21 11:47:00,95.0,52.960247
1995-08-21 11:48:00,40.0,75.37316
1995-08-21 11:49:00,52.0,52.78673
1995-08-21 11:50:00,60.0,58.96631
1995-08-21 11:51:00,60.0,65.67627
1995-08-21 11:52:00,60.0,52.896656
1995-08-21 11:53:00,69.0,51.37169
1995-08-21 11:54:00,97.0,68.92443
1995-08-21 11:55:00,63.0,60.690617
1995-08-21 11:56:00,84.0,71.0907
1995-08-21 11:57:00,116.0,76.31684
1995-08-21 11:58:00,78.0,85.286865
1995-08-21 11:59:00,65.0,75.87995
1995-08-21 12:00:00,74.0,76.474205
1995-08-21 12:01:00,72.0,72.37465
1995-08-21 12:02:00,79.0,69.99646
1995-08-21 12:03:00,69.0,75.04401
1995-08-21 12:04:00,50.0,75.309425
1995-08-21 12:05:00,53.0,64.06833
1995-08-21 12:06:00,46.0,58.230217
1995-08-21 12:07:00,55.0,59.227196
1995-08-21 12:08:00,54.0,49.36153
1995-08-21 12:09:00,52.0,62.79738
1995-08-21 12:10:00,96.0,61.397896
1995-08-21 12:11:00,87.0,64.6925
1995-08-21 12:12:00,69.0,74.653755
1995-08-21 12:13:00,59.0,52.18335
1995-08-21 12:14:00,48.0,62.493076
1995-08-21 12:15:00,72.0,58.393406
1995-08-21 12:16:00,63.0,60.930798
1995-08-21 12:17:00,49.0,61.504475
1995-08-21 12:18:00,104.0,58.223495
1995-08-21 12:19:00,53.0,64.48573
1995-08-21 12:20:00,67.0,63.638016
1995-08-21 12:21:00,64.0,72.408485
1995-08-21 12:22:00,102.0,72.12648
1995-08-21 12:23:00,63.0,84.0103
1995-08-21 12:24:00,96.0,77.29331
1995-08-21 12:25:00,68.0,86.32672
1995-08-21 12:26:00,96.0,77.502174
1995-08-21 12:27:00,62.0,72.96935
1995-08-21 12:28:00,82.0,69.87253
1995-08-21 12:29:00,64.0,68.04796
1995-08-21 12:30:00,84.0,70.70603
1995-08-21 12:31:00,114.0,74.52602
1995-08-21 12:32:00,70.0,86.52595
1995-08-21 12:33:00,69.0,75.52649
1995-08-21 12:34:00,105.0,74.03535
1995-08-21 12:35:00,126.0,86.3832
1995-08-21 12:36:00,58.0,90.86306
1995-08-21 12:37:00,58.0,68.35424
1995-08-21 12:38:00,77.0,74.932076
1995-08-21 12:39:00,74.0,77.168945
1995-08-21 12:40:00,55.0,57.251717
1995-08-21 12:41:00,84.0,54.449932
1995-08-21 12:42:00,74.0,72.782265
1995-08-21 12:43:00,86.0,62.816093
1995-08-21 12:44:00,70.0,82.13763
1995-08-21 12:45:00,80.0,75.35995
1995-08-21 12:46:00,60.0,64.65344
1995-08-21 12:47:00,81.0,65.70928
1995-08-21 12:48:00,83.0,75.21269
1995-08-21 12:49:00,97.0,77.907074
1995-08-21 12:50:00,82.0,67.95054
1995-08-21 12:51:00,103.0,78.651375
1995-08-21 12:52:00,84.0,80.17814
1995-08-21 12:53:00,58.0,78.95271
1995-08-21 12:54:00,81.0,78.38251
1995-08-21 12:55:00,110.0,74.9671
1995-08-21 12:56:00,109.0,85.96167
1995-08-21 12:57:00,95.0,77.82487
1995-08-21 12:58:00,95.0,87.482544
1995-08-21 12:59:00,67.0,89.10921
1995-08-21 13:00:00,87.0,82.49164
1995-08-21 13:01:00,82.0,90.16404
1995-08-21 13:02:00,78.0,84.050476
1995-08-21 13:03:00,67.0,77.14576
1995-08-21 13:04:00,55.0,80.27408
1995-08-21 13:05:00,85.0,72.589226
1995-08-21 13:06:00,70.0,80.08982
1995-08-21 13:07:00,81.0,75.08993
1995-08-21 13:08:00,83.0,71.58277
1995-08-21 13:09:00,68.0,75.99033
1995-08-21 13:10:00,88.0,81.31014
1995-08-21 13:11:00,63.0,63.767906
1995-08-21 13:12:00,55.0,78.18856
1995-08-21 13:13:00,51.0,56.5311
1995-08-21 13:14:00,62.0,44.31574
1995-08-21 13:15:00,80.0,73.521034
1995-08-21 13:16:00,64.0,73.69397
1995-08-21 13:17:00,96.0,74.86708
1995-08-21 13:18:00,86.0,81.84878
1995-08-21 13:19:00,62.0,80.30726
1995-08-21 13:20:00,90.0,75.54718
1995-08-21 13:21:00,66.0,62.531357
1995-08-21 13:22:00,54.0,75.250824
1995-08-21 13:23:00,65.0,65.86307
1995-08-21 13:24:00,101.0,75.18617
1995-08-21 13:25:00,62.0,72.29296
1995-08-21 13:26:00,63.0,76.41623
1995-08-21 13:27:00,57.0,61.234734
1995-08-21 13:28:00,70.0,63.574432
1995-08-21 13:29:00,60.0,57.77268
1995-08-21 13:30:00,66.0,65.656975
1995-08-21 13:31:00,74.0,68.07618
1995-08-21 13:32:00,54.0,73.89676
1995-08-21 13:33:00,56.0,58.661446
1995-08-21 13:34:00,66.0,61.19074
1995-08-21 13:35:00,58.0,67.9108
1995-08-21 13:36:00,87.0,65.56766
1995-08-21 13:37:00,74.0,69.202286
1995-08-21 13:38:00,94.0,75.24748
1995-08-21 13:39:00,75.0,74.97434
1995-08-21 13:40:00,71.0,62.83545
1995-08-21 13:41:00,50.0,53.127716
1995-08-21 13:42:00,65.0,64.33652
1995-08-21 13:43:00,45.0,55.51981
1995-08-21 13:44:00,40.0,60.547993
1995-08-21 13:45:00,45.0,52.703278
1995-08-21 13:46:00,79.0,55.498093
1995-08-21 13:47:00,78.0,70.77842
1995-08-21 13:48:00,43.0,66.34437
1995-08-21 13:49:00,32.0,60.529095
1995-08-21 13:50:00,63.0,51.567818
1995-08-21 13:51:00,57.0,55.688046
1995-08-21 13:52:00,31.0,51.554432
1995-08-21 13:53:00,10.0,45.340008
1995-08-21 13:54:00,3.0,34.40451
1995-08-21 13:55:00,0.0,0.5292332
1995-08-21 14:06:00,60.0,42.90629
1995-08-21 14:07:00,64.0,56.612526
1995-08-21 14:08:00,43.0,61.58876
1995-08-21 14:09:00,52.0,54.725468
1995-08-21 14:10:00,53.0,35.764202
1995-08-21 14:16:00,35.0,32.167706
1995-08-21 14:17:00,55.0,51.67801
1995-08-21 14:18:00,70.0,52.369457
1995-08-21 14:19:00,69.0,59.51553
1995-08-21 14:20:00,50.0,63.302933
1995-08-21 14:21:00,32.0,41.831894
1995-08-21 14:22:00,78.0,49.756653
1995-08-21 14:23:00,50.0,61.234882
1995-08-21 14:24:00,32.0,35.461155
1995-08-21 14:25:00,33.0,40.54878
1995-08-21 14:26:00,52.0,47.474827
1995-08-21 14:27:00,69.0,55.858162
1995-08-21 14:28:00,35.0,50.11595
1995-08-21 14:29:00,74.0,48.65498
1995-08-21 14:30:00,66.0,55.906414
1995-08-21 14:31:00,70.0,62.054268
1995-08-21 14:32:00,80.0,63.49787
1995-08-21 14:33:00,85.0,65.77261
1995-08-21 14:34:00,58.0,36.980526
1995-08-21 14:35:00,52.0,60.74232
1995-08-21 14:36:00,51.0,59.454964
1995-08-21 14:37:00,48.0,58.019337
1995-08-21 14:38:00,48.0,49.37379
1995-08-21 14:39:00,78.0,60.19031
1995-08-21 14:40:00,45.0,64.65764
1995-08-21 14:41:00,50.0,52.25485
1995-08-21 14:42:00,60.0,58.232025
1995-08-21 14:43:00,46.0,55.006695
1995-08-21 14:44:00,59.0,53.616142
1995-08-21 14:45:00,67.0,58.801147
1995-08-21 14:46:00,47.0,56.706036
1995-08-21 14:47:00,29.0,44.946106
1995-08-21 14:48:00,39.0,49.73015
1995-08-21 14:49:00,91.0,55.1194
1995-08-21 14:50:00,36.0,55.255074
1995-08-21 14:51:00,67.0,52.382427
1995-08-21 14:52:00,47.0,54.488155
1995-08-21 14:53:00,44.0,52.5072
1995-08-21 14:54:00,50.0,50.07218
1995-08-21 14:55:00,52.0,53.378952
1995-08-21 14:56:00,82.0,54.42572
1995-08-21 14:57:00,74.0,58.94041
1995-08-21 14:58:00,85.0,62.847168
1995-08-21 14:59:00,66.0,61.573483
1995-08-21 15:00:00,68.0,67.10858
1995-08-21 15:01:00,26.0,45.99595
1995-08-21 15:02:00,41.0,51.916374
1995-08-21 15:03:00,47.0,46.994907
1995-08-21 15:04:00,60.0,55.27831
1995-08-21 15:05:00,54.0,44.59578
1995-08-21 15:06:00,80.0,48.804005
1995-08-21 15:07:00,42.0,50.97155
1995-08-21 15:08:00,61.0,51.223747
1995-08-21 15:09:00,21.0,53.590054
1995-08-21 15:10:00,59.0,38.411003
1995-08-21 15:11:00,58.0,56.784676
1995-08-21 15:12:00,51.0,56.298367
1995-08-21 15:13:00,60.0,54.04062
1995-08-21 15:14:00,87.0,51.791367
1995-08-21 15:15:00,92.0,64.92628
1995-08-21 15:16:00,86.0,72.12195
1995-08-21 15:17:00,75.0,68.21119
1995-08-21 15:18:00,33.0,72.20491
1995-08-21 15:19:00,42.0,56.678856
1995-08-21 15:20:00,54.0,53.2707
1995-08-21 15:21:00,52.0,48.67647
1995-08-21 15:22:00,59.0,43.93961
1995-08-21 15:23:00,83.0,50.52258
1995-08-21 15:24:00,70.0,49.034348
1995-08-21 15:25:00,77.0,52.878155
1995-08-21 15:26:00,70.0,69.31868
1995-08-21 15:27:00,48.0,52.607704
1995-08-21 15:28:00,67.0,48.53161
1995-08-21 15:29:00,57.0,53.168835
1995-08-21 15:30:00,88.0,60.97895
1995-08-21 15:31:00,64.0,63.101433
1995-08-21 15:32:00,67.0,60.122276
1995-08-21 15:33:00,73.0,59.682808
1995-08-21 15:34:00,91.0,72.020134
1995-08-21 15:35:00,73.0,47.699768
1995-08-21 15:36:00,86.0,50.68512
1995-08-21 15:37:00,86.0,70.84746
1995-08-21 15:38:00,108.0,72.29691
1995-08-21 15:39:00,94.0,69.32378
1995-08-21 15:40:00,85.0,78.91075
1995-08-21 15:41:00,80.0,75.65318
1995-08-21 15:42:00,109.0,82.46298
1995-08-21 15:43:00,82.0,89.63092
1995-08-21 15:44:00,120.0,79.80858
1995-08-21 15:45:00,119.0,91.12621
1995-08-21 15:46:00,82.0,83.92355
1995-08-21 15:47:00,52.0,81.26792
1995-08-21 15:48:00,102.0,69.36275
1995-08-21 15:49:00,94.0,90.65562
1995-08-21 15:50:00,67.0,71.769806
1995-08-21 15:51:00,97.0,76.235634
1995-08-21 15:52:00,62.0,45.357964
1995-08-21 15:53:00,70.0,67.779915
1995-08-21 15:54:00,74.0,72.45618
1995-08-21 15:55:00,64.0,72.06803
1995-08-21 15:56:00,61.0,62.888405
1995-08-21 15:57:00,52.0,60.392555
1995-08-21 15:58:00,65.0,69.61965
1995-08-21 15:59:00,32.0,48.666252
1995-08-21 16:00:00,72.0,52.79189
1995-08-21 16:01:00,65.0,67.13717
1995-08-21 16:02:00,48.0,72.255295
1995-08-21 16:03:00,31.0,58.85481
1995-08-21 16:04:00,31.0,39.719807
1995-08-21 16:05:00,44.0,29.042461
1995-08-21 16:06:00,71.0,49.965916
1995-08-21 16:07:00,47.0,61.23654
1995-08-21 16:08:00,61.0,42.663826
1995-08-21 16:09:00,44.0,54.730038
1995-08-21 16:10:00,62.0,53.509186
1995-08-21 16:11:00,84.0,45.493492
1995-08-21 16:12:00,101.0,53.131187
1995-08-21 16:13:00,74.0,70.0848
1995-08-21 16:14:00,122.0,75.873024
1995-08-21 16:15:00,67.0,62.8973
1995-08-21 16:16:00,69.0,71.48209
1995-08-21 16:17:00,112.0,63.87603
1995-08-21 16:18:00,72.0,67.69194
1995-08-21 16:19:00,72.0,74.26458
1995-08-21 16:20:00,84.0,71.34749
1995-08-21 16:21:00,132.0,71.741875
1995-08-21 16:22:00,72.0,72.523705
1995-08-21 16:23:00,74.0,77.89026
1995-08-21 16:24:00,71.0,66.55835
1995-08-21 16:25:00,94.0,60.13047
1995-08-21 16:26:00,76.0,76.02243
1995-08-21 16:27:00,91.0,75.81718
1995-08-21 16:28:00,72.0,66.74723
1995-08-21 16:29:00,68.0,69.42891
1995-08-21 16:30:00,91.0,77.31852
1995-08-21 16:31:00,87.0,63.180733
1995-08-21 16:32:00,60.0,45.074154
1995-08-21 16:33:00,63.0,64.10427
1995-08-21 16:34:00,45.0,71.117546
1995-08-21 16:35:00,75.0,58.87519
1995-08-21 16:36:00,61.0,61.337437
1995-08-21 16:37:00,65.0,50.99464
1995-08-21 16:38:00,58.0,70.18765
1995-08-21 16:39:00,124.0,68.89576
1995-08-21 16:40:00,96.0,80.37549
1995-08-21 16:41:00,33.0,77.199066
1995-08-21 16:42:00,90.0,58.057087
1995-08-21 16:43:00,31.0,83.82112
1995-08-21 16:44:00,48.0,57.2578
1995-08-21 16:45:00,43.0,37.421547
1995-08-21 16:46:00,54.0,67.5977
1995-08-21 16:47:00,69.0,63.95713
1995-08-21 16:48:00,85.0,58.725544
1995-08-21 16:49:00,78.0,72.83636
1995-08-21 16:50:00,48.0,70.59848
1995-08-21 16:51:00,50.0,36.028652
1995-08-21 16:52:00,42.0,41.336216
1995-08-21 16:53:00,66.0,61.911285
1995-08-21 16:54:00,49.0,67.52386
1995-08-21 16:55:00,68.0,57.05921
1995-08-21 16:56:00,45.0,66.516136
1995-08-21 16:57:00,52.0,56.416355
1995-08-21 16:58:00,29.0,56.45366
1995-08-21 16:59:00,56.0,42.93103
1995-08-21 17:00:00,36.0,55.053127
1995-08-21 17:01:00,39.0,47.03337
1995-08-21 17:02:00,43.0,40.846348
1995-08-21 17:03:00,65.0,39.23375
1995-08-21 17:04:00,73.0,57.01955
1995-08-21 17:05:00,61.0,48.833996
1995-08-21 17:06:00,66.0,59.005524
1995-08-21 17:07:00,41.0,62.519455
1995-08-21 17:08:00,44.0,54.585583
1995-08-21 17:09:00,60.0,54.933567
1995-08-21 17:10:00,57.0,59.243713
1995-08-21 17:11:00,75.0,47.18719
1995-08-21 17:12:00,79.0,55.402832
1995-08-21 17:13:00,66.0,60.087635
1995-08-21 17:14:00,53.0,59.681072
1995-08-21 17:15:00,36.0,52.619987
1995-08-21 17:16:00,69.0,53.94839
1995-08-21 17:17:00,28.0,56.006496
1995-08-21 17:18:00,27.0,49.04276
1995-08-21 17:19:00,46.0,32.914845
1995-08-21 17:20:00,55.0,41.401016
1995-08-21 17:21:00,72.0,55.46876
1995-08-21 17:22:00,36.0,61.050926
1995-08-21 17:23:00,37.0,47.65881
1995-08-21 17:24:00,67.0,45.32948
1995-08-21 17:25:00,46.0,49.18092
1995-08-21 17:26:00,31.0,41.635155
1995-08-21 17:27:00,47.0,45.332848
1995-08-21 17:28:00,20.0,33.944805
1995-08-21 17:29:00,49.0,34.576847
1995-08-21 17:30:00,42.0,41.07785
1995-08-21 17:31:00,66.0,48.66946
1995-08-21 17:32:00,37.0,53.769306
1995-08-21 17:33:00,46.0,47.791836
1995-08-21 17:34:00,65.0,47.71147
1995-08-21 17:35:00,22.0,48.69193
1995-08-21 17:36:00,42.0,40.604153
1995-08-21 17:37:00,54.0,51.509193
1995-08-21 17:38:00,53.0,46.230442
1995-08-21 17:39:00,51.0,48.974857
1995-08-21 17:40:00,33.0,49.548035
1995-08-21 17:41:00,42.0,41.04525
1995-08-21 17:42:00,68.0,47.645702
1995-08-21 17:43:00,29.0,39.142582
1995-08-21 17:44:00,93.0,40.27751
1995-08-21 17:45:00,53.0,60.847015
1995-08-21 17:46:00,42.0,47.270485
1995-08-21 17:47:00,53.0,51.546326
1995-08-21 17:48:00,53.0,54.170082
1995-08-21 17:49:00,37.0,48.655464
1995-08-21 17:50:00,55.0,49.67523
1995-08-21 17:51:00,22.0,50.716785
1995-08-21 17:52:00,69.0,41.197403
1995-08-21 17:53:00,48.0,55.504208
1995-08-21 17:54:00,56.0,50.081264
1995-08-21 17:55:00,38.0,52.234943
1995-08-21 17:56:00,54.0,45.681183
1995-08-21 17:57:00,103.0,50.026333
1995-08-21 17:58:00,51.0,65.74161
1995-08-21 17:59:00,45.0,56.755695
1995-08-21 18:00:00,59.0,53.09928
1995-08-21 18:01:00,53.0,50.381912
1995-08-21 18:02:00,33.0,54.505383
1995-08-21 18:03:00,40.0,47.817936
1995-08-21 18:04:00,50.0,48.280872
1995-08-21 18:05:00,62.0,44.213272
1995-08-21 18:06:00,42.0,51.154877
1995-08-21 18:07:00,37.0,47.35016
1995-08-21 18:08:00,51.0,44.292896
1995-08-21 18:09:00,50.0,47.33448
1995-08-21 18:10:00,37.0,50.771786
1995-08-21 18:11:00,24.0,35.98689
1995-08-21 18:12:00,53.0,41.579556
1995-08-21 18:13:00,52.0,47.00159
1995-08-21 18:14:00,23.0,32.503265
1995-08-21 18:15:00,53.0,40.070694
1995-08-21 18:16:00,48.0,47.94815
1995-08-21 18:17:00,42.0,45.052544
1995-08-21 18:18:00,42.0,46.30101
1995-08-21 18:19:00,43.0,45.538715
1995-08-21 18:20:00,69.0,44.815025
1995-08-21 18:21:00,56.0,54.208424
1995-08-21 18:22:00,59.0,54.35905
1995-08-21 18:23:00,55.0,52.74046
1995-08-21 18:24:00,28.0,23.279657
1995-08-21 18:25:00,40.0,46.100483
1995-08-21 18:26:00,41.0,45.355522
1995-08-21 18:27:00,33.0,36.205097
1995-08-21 18:28:00,39.0,35.402916
1995-08-21 18:29:00,47.0,42.135933
1995-08-21 18:30:00,66.0,40.7417
1995-08-21 18:31:00,44.0,51.37516
1995-08-21 18:32:00,54.0,47.584084
1995-08-21 18:33:00,36.0,47.67858
1995-08-21 18:34:00,31.0,44.45302
1995-08-21 18:35:00,46.0,40.57607
1995-08-21 18:36:00,71.0,47.26715
1995-08-21 18:37:00,53.0,51.474228
1995-08-21 18:38:00,65.0,46.130226
1995-08-21 18:39:00,93.0,54.24719
1995-08-21 18:40:00,44.0,54.00698
1995-08-21 18:41:00,48.0,51.796062
1995-08-21 18:42:00,57.0,52.615234
1995-08-21 18:43:00,44.0,44.71303
1995-08-21 18:44:00,41.0,49.17812
1995-08-21 18:45:00,48.0,41.940315
1995-08-21 18:46:00,37.0,48.60365
1995-08-21 18:47:00,44.0,45.01708
1995-08-21 18:48:00,41.0,43.872063
1995-08-21 18:49:00,38.0,47.82578
1995-08-21 18:50:00,37.0,46.44913
1995-08-21 18:51:00,33.0,46.623363
1995-08-21 18:52:00,16.0,24.679224
1995-08-21 18:53:00,19.0,33.382053
1995-08-21 18:54:00,50.0,35.03379
1995-08-21 18:55:00,38.0,37.37686
1995-08-21 18:56:00,36.0,34.99717
1995-08-21 18:57:00,26.0,33.508762
1995-08-21 18:58:00,28.0,26.259317
1995-08-21 18:59:00,29.0,34.83595
1995-08-21 19:00:00,51.0,33.021927
1995-08-21 19:01:00,45.0,42.1445
1995-08-21 19:02:00,29.0,43.938217
1995-08-21 19:03:00,27.0,40.709984
1995-08-21 19:04:00,21.0,12.311696
1995-08-21 19:05:00,10.0,23.20122
1995-08-21 19:06:00,27.0,18.777586
1995-08-21 19:07:00,27.0,23.174017
1995-08-21 19:08:00,46.0,30.449455
1995-08-21 19:09:00,34.0,36.207962
1995-08-21 19:10:00,30.0,22.930538
1995-08-21 19:11:00,24.0,32.619698
1995-08-21 19:12:00,25.0,30.454021
1995-08-21 19:13:00,33.0,32.93804
1995-08-21 19:14:00,25.0,26.565613
1995-08-21 19:15:00,41.0,31.328571
1995-08-21 19:16:00,20.0,29.187244
1995-08-21 19:17:00,13.0,13.518284
1995-08-21 19:18:00,41.0,18.904533
1995-08-21 19:19:00,40.0,35.992588
1995-08-21 19:20:00,38.0,29.616886
1995-08-21 19:21:00,29.0,34.60193
1995-08-21 19:22:00,45.0,32.916824
1995-08-21 19:23:00,45.0,30.053732
1995-08-21 19:24:00,30.0,30.319168
1995-08-21 19:25:00,38.0,33.14784
1995-08-21 19:26:00,67.0,36.503033
1995-08-21 19:27:00,31.0,38.735386
1995-08-21 19:28:00,41.0,39.067616
1995-08-21 19:29:00,35.0,40.388306
1995-08-21 19:30:00,53.0,39.466114
1995-08-21 19:31:00,23.0,42.95519
1995-08-21 19:32:00,18.0,30.542698
1995-08-21 19:33:00,20.0,14.9099
1995-08-21 19:34:00,22.0,23.802973
1995-08-21 19:35:00,19.0,23.604204
1995-08-21 19:36:00,32.0,23.553192
1995-08-21 19:37:00,17.0,20.01633
1995-08-21 19:38:00,27.0,21.26001
1995-08-21 19:39:00,18.0,14.247682
1995-08-21 19:40:00,16.0,15.60825
1995-08-21 19:41:00,32.0,27.324783
1995-08-21 19:42:00,20.0,34.297596
1995-08-21 19:43:00,35.0,27.73126
1995-08-21 19:44:00,30.0,33.262897
1995-08-21 19:45:00,32.0,28.249804
1995-08-21 19:46:00,32.0,33.396843
1995-08-21 19:47:00,42.0,20.374271
1995-08-21 19:48:00,35.0,33.098854
1995-08-21 19:49:00,45.0,30.487877
1995-08-21 19:50:00,48.0,37.604183
1995-08-21 19:51:00,31.0,34.41172
1995-08-21 19:52:00,17.0,35.91274
1995-08-21 19:53:00,41.0,30.447214
1995-08-21 19:54:00,21.0,25.938223
1995-08-21 19:55:00,35.0,29.423845
1995-08-21 19:56:00,30.0,35.50709
1995-08-21 19:57:00,24.0,31.56099
1995-08-21 19:58:00,28.0,30.48076
1995-08-21 19:59:00,34.0,30.261412
1995-08-21 20:00:00,26.0,27.641077
1995-08-21 20:01:00,19.0,27.668882
1995-08-21 20:02:00,44.0,29.075413
1995-08-21 20:03:00,62.0,38.016144
1995-08-21 20:04:00,51.0,42.060192
1995-08-21 20:05:00,59.0,41.230145
1995-08-21 20:06:00,44.0,46.262196
1995-08-21 20:07:00,53.0,43.059998
1995-08-21 20:08:00,44.0,45.298054
1995-08-21 20:09:00,44.0,41.99046
1995-08-21 20:10:00,30.0,38.5051
1995-08-21 20:11:00,31.0,32.26873
1995-08-21 20:12:00,36.0,37.556618
1995-08-21 20:13:00,48.0,40.730076
1995-08-21 20:14:00,22.0,42.36756
1995-08-21 20:15:00,39.0,36.345406
1995-08-21 20:16:00,53.0,39.968
1995-08-21 20:17:00,25.0,44.934013
1995-08-21 20:18:00,28.0,36.81522
1995-08-21 20:19:00,48.0,35.2043
1995-08-21 20:20:00,33.0,41.920685
1995-08-21 20:21:00,21.0,36.286118
1995-08-21 20:22:00,21.0,31.059383
1995-08-21 20:23:00,18.0,29.058674
1995-08-21 20:24:00,25.0,30.469452
1995-08-21 20:25:00,39.0,29.372793
1995-08-21 20:26:00,26.0,25.02838
1995-08-21 20:27:00,26.0,30.17601
1995-08-21 20:28:00,45.0,24.901215
1995-08-21 20:29:00,33.0,33.71489
1995-08-21 20:30:00,32.0,30.966944
1995-08-21 20:31:00,49.0,35.928947
1995-08-21 20:32:00,20.0,42.24551
1995-08-21 20:33:00,34.0,30.018717
1995-08-21 20:34:00,50.0,30.091923
1995-08-21 20:35:00,25.0,33.295418
1995-08-21 20:36:00,23.0,26.59175
1995-08-21 20:37:00,31.0,29.147247
1995-08-21 20:38:00,87.0,34.73294
1995-08-21 20:39:00,50.0,42.524075
1995-08-21 20:40:00,54.0,43.431458
1995-08-21 20:41:00,22.0,45.303387
1995-08-21 20:42:00,27.0,34.091297
1995-08-21 20:43:00,57.0,30.781277
1995-08-21 20:44:00,32.0,40.693848
1995-08-21 20:45:00,23.0,36.61427
1995-08-21 20:46:00,41.0,32.467747
1995-08-21 20:47:00,22.0,26.622026
1995-08-21 20:48:00,13.0,32.019104
1995-08-21 20:49:00,19.0,22.050219
1995-08-21 20:50:00,49.0,24.877932
1995-08-21 20:51:00,35.0,31.726093
1995-08-21 20:52:00,33.0,28.71569
1995-08-21 20:53:00,32.0,20.618538
1995-08-21 20:54:00,1.0,16.699432
1995-08-21 20:55:00,28.0,17.008461
1995-08-21 20:56:00,13.0,27.275366
1995-08-21 20:57:00,21.0,20.30429
1995-08-21 20:58:00,18.0,24.155136
1995-08-21 20:59:00,30.0,25.272173
1995-08-21 21:00:00,24.0,21.797667
1995-08-21 21:01:00,14.0,29.88646
1995-08-21 21:02:00,31.0,21.796015
1995-08-21 21:03:00,17.0,20.247128
1995-08-21 21:04:00,30.0,23.285423
1995-08-21 21:05:00,30.0,21.951921
1995-08-21 21:06:00,36.0,29.067741
1995-08-21 21:07:00,31.0,27.38608
1995-08-21 21:08:00,38.0,28.334433
1995-08-21 21:09:00,54.0,31.717148
1995-08-21 21:10:00,32.0,26.98664
1995-08-21 21:11:00,37.0,30.690706
1995-08-21 21:12:00,31.0,36.949875
1995-08-21 21:13:00,36.0,26.454859
1995-08-21 21:14:00,36.0,32.69516
1995-08-21 21:15:00,19.0,23.4635
1995-08-21 21:16:00,15.0,27.528328
1995-08-21 21:17:00,37.0,22.827679
1995-08-21 21:18:00,21.0,17.412802
1995-08-21 21:19:00,29.0,22.732357
1995-08-21 21:20:00,24.0,28.704819
1995-08-21 21:21:00,23.0,12.331785
1995-08-21 21:22:00,26.0,26.663218
1995-08-21 21:23:00,54.0,29.422142
1995-08-21 21:24:00,45.0,31.731728
1995-08-21 21:25:00,30.0,23.05671
1995-08-21 21:26:00,34.0,31.364239
1995-08-21 21:27:00,35.0,32.7749
1995-08-21 21:28:00,17.0,32.67299
1995-08-21 21:29:00,47.0,28.605734
1995-08-21 21:30:00,31.0,38.05213
1995-08-21 21:31:00,40.0,26.296127
1995-08-21 21:32:00,43.0,33.66002
1995-08-21 21:33:00,34.0,32.44594
1995-08-21 21:34:00,28.0,32.152603
1995-08-21 21:35:00,22.0,18.755474
1995-08-21 21:36:00,56.0,27.905628
1995-08-21 21:37:00,40.0,33.014877
1995-08-21 21:38:00,40.0,39.278275
1995-08-21 21:39:00,35.0,39.656246
1995-08-21 21:40:00,17.0,35.614124
1995-08-21 21:41:00,44.0,29.866459
1995-08-21 21:42:00,43.0,30.929026
1995-08-21 21:43:00,43.0,38.624653
1995-08-21 21:44:00,45.0,38.856426
1995-08-21 21:45:00,54.0,34.26349
1995-08-21 21:46:00,54.0,43.79875
1995-08-21 21:47:00,39.0,45.189365
1995-08-21 21:48:00,50.0,35.65583
1995-08-21 21:49:00,17.0,28.736982
1995-08-21 21:50:00,19.0,17.522114
1995-08-21 21:51:00,22.0,22.909773
1995-08-21 21:52:00,36.0,27.278877
1995-08-21 21:53:00,28.0,36.173683
1995-08-21 21:54:00,49.0,23.224606
1995-08-21 21:55:00,46.0,36.273853
1995-08-21 21:56:00,25.0,32.566734
1995-08-21 21:57:00,18.0,24.899178
1995-08-21 21:58:00,34.0,27.176407
1995-08-21 21:59:00,23.0,32.53896
1995-08-21 22:00:00,31.0,28.263021
1995-08-21 22:01:00,40.0,31.104366
1995-08-21 22:02:00,32.0,36.3127
1995-08-21 22:03:00,16.0,23.150663
1995-08-21 22:04:00,20.0,30.022053
1995-08-21 22:05:00,24.0,28.761665
1995-08-21 22:06:00,35.0,27.856361
1995-08-21 22:07:00,29.0,27.014452
1995-08-21 22:08:00,40.0,28.139723
1995-08-21 22:09:00,35.0,26.417913
1995-08-21 22:10:00,22.0,34.81395
1995-08-21 22:11:00,31.0,29.157858
1995-08-21 22:12:00,19.0,24.301147
1995-08-21 22:13:00,20.0,30.872797
1995-08-21 22:14:00,41.0,26.067
1995-08-21 22:15:00,27.0,34.24377
1995-08-21 22:16:00,31.0,22.612463
1995-08-21 22:17:00,13.0,19.384611
1995-08-21 22:18:00,13.0,22.047928
1995-08-21 22:19:00,30.0,22.645481
1995-08-21 22:20:00,20.0,28.71125
1995-08-21 22:21:00,11.0,24.592548
1995-08-21 22:22:00,16.0,18.207275
1995-08-21 22:23:00,11.0,20.382263
1995-08-21 22:24:00,32.0,17.613466
1995-08-21 22:25:00,23.0,28.232206
1995-08-21 22:26:00,30.0,26.588375
1995-08-21 22:27:00,27.0,30.56538
1995-08-21 22:28:00,21.0,21.68713
1995-08-21 22:29:00,23.0,21.961351
1995-08-21 22:30:00,37.0,29.705757
1995-08-21 22:31:00,42.0,27.501379
1995-08-21 22:32:00,18.0,32.35302
1995-08-21 22:33:00,29.0,22.785711
1995-08-21 22:34:00,26.0,21.983215
1995-08-21 22:35:00,18.0,29.701738
1995-08-21 22:36:00,21.0,25.014172
1995-08-21 22:37:00,35.0,29.390772
1995-08-21 22:38:00,32.0,33.318306
1995-08-21 22:39:00,23.0,28.794117
1995-08-21 22:40:00,19.0,26.36874
1995-08-21 22:41:00,13.0,28.011234
1995-08-21 22:42:00,13.0,25.329739
1995-08-21 22:43:00,32.0,23.694267
1995-08-21 22:44:00,26.0,26.769773
1995-08-21 22:45:00,26.0,24.312086
1995-08-21 22:46:00,17.0,26.902918
1995-08-21 22:47:00,42.0,26.34146
1995-08-21 22:48:00,28.0,26.886658
1995-08-21 22:49:00,13.0,24.7482
1995-08-21 22:50:00,10.0,20.414276
1995-08-21 22:51:00,19.0,14.953224
1995-08-21 22:52:00,25.0,18.969234
1995-08-21 22:53:00,9.0,20.862963
1995-08-21 22:54:00,8.0,14.091902
1995-08-21 22:55:00,20.0,18.185448
1995-08-21 22:56:00,27.0,23.2622
1995-08-21 22:57:00,23.0,26.446985
1995-08-21 22:58:00,23.0,25.390644
1995-08-21 22:59:00,29.0,27.395624
1995-08-21 23:00:00,27.0,29.048155
1995-08-21 23:01:00,39.0,30.03326
1995-08-21 23:02:00,28.0,26.560007
1995-08-21 23:03:00,32.0,27.638004
1995-08-21 23:04:00,41.0,26.782078
1995-08-21 23:05:00,30.0,22.465038
1995-08-21 23:06:00,16.0,29.992098
1995-08-21 23:07:00,18.0,11.730669
1995-08-21 23:08:00,28.0,25.875797
1995-08-21 23:09:00,23.0,29.515371
1995-08-21 23:10:00,35.0,25.288351
1995-08-21 23:11:00,26.0,24.753878
1995-08-21 23:12:00,36.0,24.334818
1995-08-21 23:13:00,19.0,31.688564
1995-08-21 23:14:00,14.0,25.611862
1995-08-21 23:15:00,18.0,26.188976
1995-08-21 23:16:00,27.0,27.786785
1995-08-21 23:17:00,47.0,23.194908
1995-08-21 23:18:00,18.0,21.404669
1995-08-21 23:19:00,19.0,15.559534
1995-08-21 23:20:00,21.0,27.764036
1995-08-21 23:21:00,25.0,26.693388
1995-08-21 23:22:00,18.0,11.162539
1995-08-21 23:23:00,10.0,13.86018
1995-08-21 23:24:00,12.0,19.144352
1995-08-21 23:25:00,20.0,19.531225
1995-08-21 23:26:00,33.0,22.128593
1995-08-21 23:27:00,10.0,11.93071
1995-08-21 23:28:00,10.0,10.574574
1995-08-21 23:29:00,14.0,9.723241
1995-08-21 23:30:00,29.0,20.830452
1995-08-21 23:31:00,29.0,13.676276
1995-08-21 23:32:00,32.0,19.602022
1995-08-21 23:33:00,44.0,24.80878
1995-08-21 23:34:00,45.0,29.761621
1995-08-21 23:35:00,13.0,23.582573
1995-08-21 23:36:00,28.0,19.478704
1995-08-21 23:37:00,37.0,28.147526
1995-08-21 23:38:00,26.0,26.693203
1995-08-21 23:39:00,38.0,23.646517
1995-08-21 23:40:00,35.0,24.663658
1995-08-21 23:41:00,26.0,31.535614
1995-08-21 23:42:00,13.0,24.261154
1995-08-21 23:43:00,36.0,25.668129
1995-08-21 23:44:00,23.0,29.932613
1995-08-21 23:45:00,16.0,18.785887
1995-08-21 23:46:00,18.0,19.65269
1995-08-21 23:47:00,33.0,24.985397
1995-08-21 23:48:00,21.0,17.89673
1995-08-21 23:49:00,11.0,23.605795
1995-08-21 23:50:00,28.0,15.548431
1995-08-21 23:51:00,22.0,20.220636
1995-08-21 23:52:00,16.0,20.75325
1995-08-21 23:53:00,29.0,24.512442
1995-08-21 23:54:00,27.0,30.66566
1995-08-21 23:55:00,35.0,27.937353
1995-08-21 23:56:00,28.0,31.38424
1995-08-21 23:57:00,31.0,22.804647
1995-08-21 23:58:00,22.0,20.718105
1995-08-21 23:59:00,30.0,27.31356
1995-08-22 00:00:00,49.0,27.211073
1995-08-22 00:01:00,42.0,34.710114
1995-08-22 00:02:00,45.0,32.85181
1995-08-22 00:03:00,51.0,34.089314
1995-08-22 00:04:00,45.0,36.250072
1995-08-22 00:05:00,50.0,34.906338
1995-08-22 00:06:00,26.0,34.584507
1995-08-22 00:07:00,16.0,31.174892
1995-08-22 00:08:00,13.0,22.523743
1995-08-22 00:09:00,22.0,24.81765
1995-08-22 00:10:00,8.0,24.799873
1995-08-22 00:11:00,21.0,19.69929
1995-08-22 00:12:00,28.0,24.042446
1995-08-22 00:13:00,37.0,22.430206
1995-08-22 00:14:00,17.0,18.960253
1995-08-22 00:15:00,33.0,27.232153
1995-08-22 00:16:00,33.0,26.471397
1995-08-22 00:17:00,12.0,14.583099
1995-08-22 00:18:00,8.0,12.592012
1995-08-22 00:19:00,16.0,19.613146
1995-08-22 00:20:00,37.0,19.711147
1995-08-22 00:21:00,48.0,29.944328
1995-08-22 00:22:00,29.0,31.137135
1995-08-22 00:23:00,27.0,16.990683
1995-08-22 00:24:00,20.0,12.826966
1995-08-22 00:25:00,17.0,24.882479
1995-08-22 00:26:00,18.0,24.245646
1995-08-22 00:27:00,13.0,26.843363
1995-08-22 00:28:00,16.0,18.163784
1995-08-22 00:29:00,24.0,24.302776
1995-08-22 00:30:00,26.0,22.334448
1995-08-22 00:31:00,29.0,27.131186
1995-08-22 00:32:00,21.0,27.17691
1995-08-22 00:33:00,21.0,23.09726
1995-08-22 00:34:00,8.0,19.209318
1995-08-22 00:35:00,13.0,15.816259
1995-08-22 00:36:00,15.0,17.358997
1995-08-22 00:37:00,21.0,16.766811
1995-08-22 00:38:00,12.0,12.0082245
1995-08-22 00:39:00,11.0,12.689318
1995-08-22 00:40:00,30.0,13.580738
1995-08-22 00:41:00,46.0,27.709534
1995-08-22 00:42:00,24.0,34.14308
1995-08-22 00:43:00,21.0,19.891392
1995-08-22 00:44:00,43.0,24.41682
1995-08-22 00:45:00,24.0,20.976034
1995-08-22 00:46:00,26.0,25.47058
1995-08-22 00:47:00,20.0,22.257412
1995-08-22 00:48:00,41.0,19.868437
1995-08-22 00:49:00,26.0,18.056913
1995-08-22 00:50:00,31.0,26.376513
1995-08-22 00:51:00,22.0,27.527838
1995-08-22 00:52:00,51.0,26.445303
1995-08-22 00:53:00,17.0,28.819523
1995-08-22 00:54:00,42.0,21.5112
1995-08-22 00:55:00,27.0,20.670721
1995-08-22 00:56:00,17.0,21.8841
1995-08-22 00:57:00,19.0,22.453775
1995-08-22 00:58:00,17.0,22.152681
1995-08-22 00:59:00,19.0,23.841925
1995-08-22 01:00:00,26.0,18.050175
1995-08-22 01:01:00,20.0,21.689224
1995-08-22 01:02:00,22.0,19.60481
1995-08-22 01:03:00,14.0,25.549559
1995-08-22 01:04:00,15.0,23.020992
1995-08-22 01:05:00,18.0,14.660185
1995-08-22 01:06:00,32.0,17.458776
1995-08-22 01:07:00,20.0,25.637964
1995-08-22 01:08:00,15.0,21.104277
1995-08-22 01:09:00,32.0,21.458069
1995-08-22 01:10:00,8.0,25.068386
1995-08-22 01:11:00,5.0,18.653858
1995-08-22 01:12:00,3.0,14.839121
1995-08-22 01:13:00,0.0,1.656816
1995-08-22 01:18:00,12.0,18.351954
1995-08-22 01:20:00,10.0,20.855793
1995-08-22 01:21:00,13.0,15.992962
1995-08-22 01:22:00,20.0,12.407404
1995-08-22 01:23:00,20.0,19.74669
1995-08-22 01:24:00,18.0,18.64735
1995-08-22 01:25:00,6.0,15.1098995
1995-08-22 01:26:00,16.0,17.417898
1995-08-22 01:27:00,33.0,17.452705
1995-08-22 01:28:00,28.0,23.403847
1995-08-22 01:30:00,20.0,20.314116
1995-08-22 01:31:00,20.0,21.343197
1995-08-22 01:32:00,6.0,17.90829
1995-08-22 01:33:00,14.0,15.175562
1995-08-22 01:34:00,18.0,18.119707
1995-08-22 01:35:00,33.0,18.505857
1995-08-22 01:36:00,35.0,24.3883
1995-08-22 01:37:00,21.0,18.781689
1995-08-22 01:38:00,33.0,22.427597
1995-08-22 01:39:00,20.0,25.171652
1995-08-22 01:40:00,21.0,19.756834
1995-08-22 01:41:00,19.0,21.850565
1995-08-22 01:42:00,13.0,22.472553
1995-08-22 01:43:00,14.0,16.925144
1995-08-22 01:44:00,6.0,10.902387
1995-08-22 01:45:00,28.0,14.4368725
1995-08-22 01:46:00,15.0,15.301353
1995-08-22 01:47:00,52.0,18.666565
1995-08-22 01:48:00,26.0,32.744034
1995-08-22 01:49:00,20.0,19.808832
1995-08-22 01:50:00,20.0,20.145945
1995-08-22 01:51:00,13.0,15.277607
1995-08-22 01:52:00,24.0,19.389399
1995-08-22 01:53:00,25.0,20.423233
1995-08-22 01:54:00,35.0,25.380081
1995-08-22 01:55:00,23.0,23.716726
1995-08-22 01:56:00,30.0,26.854536
1995-08-22 01:57:00,15.0,23.28734
1995-08-22 01:58:00,4.0,10.355254
1995-08-22 01:59:00,18.0,15.041195
1995-08-22 02:00:00,10.0,19.488546
1995-08-22 02:01:00,35.0,19.802488
1995-08-22 02:02:00,13.0,18.939785
1995-08-22 02:03:00,16.0,17.065708
1995-08-22 02:04:00,24.0,17.920055
1995-08-22 02:05:00,6.0,19.42819
1995-08-22 02:06:00,14.0,14.1237545
1995-08-22 02:07:00,5.0,13.371001
1995-08-22 02:08:00,2.0,11.249549
1995-08-22 02:09:00,7.0,5.6451135
1995-08-22 02:10:00,4.0,9.188387
1995-08-22 02:11:00,11.0,12.279974
1995-08-22 02:12:00,11.0,8.05161
1995-08-22 02:13:00,10.0,11.600854
1995-08-22 02:14:00,2.0,15.751553
1995-08-22 02:15:00,8.0,14.092399
1995-08-22 02:16:00,9.0,9.223636
1995-08-22 02:17:00,3.0,2.6741874
1995-08-22 02:18:00,11.0,10.039068
1995-08-22 02:19:00,28.0,15.0865555
1995-08-22 02:20:00,6.0,11.664244
1995-08-22 02:21:00,21.0,9.423554
1995-08-22 02:22:00,21.0,18.7335
1995-08-22 02:23:00,30.0,16.366846
1995-08-22 02:24:00,13.0,13.870508
1995-08-22 02:25:00,12.0,14.322023
1995-08-22 02:26:00,7.0,7.6410074
1995-08-22 02:27:00,29.0,16.836094
1995-08-22 02:28:00,19.0,19.842903
1995-08-22 02:29:00,35.0,17.267918
1995-08-22 02:30:00,18.0,21.47221
1995-08-22 02:31:00,30.0,13.256259
1995-08-22 02:32:00,29.0,23.212486
1995-08-22 02:33:00,10.0,14.8789015
1995-08-22 02:34:00,6.0,15.777885
1995-08-22 02:35:00,7.0,15.637371
1995-08-22 02:36:00,5.0,2.760492
1995-08-22 02:37:00,24.0,12.84002
1995-08-22 02:38:00,16.0,19.031673
1995-08-22 02:39:00,24.0,17.83969
1995-08-22 02:40:00,29.0,16.575985
1995-08-22 02:41:00,27.0,19.634514
1995-08-22 02:42:00,17.0,18.459259
1995-08-22 02:43:00,12.0,15.589766
1995-08-22 02:44:00,23.0,15.888565
1995-08-22 02:45:00,20.0,20.60547
1995-08-22 02:46:00,24.0,18.555975
1995-08-22 02:47:00,14.0,13.334199
1995-08-22 02:48:00,10.0,10.4972725
1995-08-22 02:49:00,14.0,9.334682
1995-08-22 02:50:00,15.0,14.967612
1995-08-22 02:51:00,16.0,9.211051
1995-08-22 02:52:00,21.0,15.62886
1995-08-22 02:53:00,10.0,13.298278
1995-08-22 02:54:00,10.0,7.621024
1995-08-22 02:55:00,7.0,9.783001
1995-08-22 02:56:00,11.0,15.025866
1995-08-22 02:57:00,19.0,17.741045
1995-08-22 02:58:00,21.0,11.863054
1995-08-22 02:59:00,31.0,17.011797
1995-08-22 03:00:00,11.0,17.932474
1995-08-22 03:01:00,16.0,13.464283
1995-08-22 03:02:00,25.0,17.266449
1995-08-22 03:03:00,28.0,18.05862
1995-08-22 03:04:00,20.0,20.468391
1995-08-22 03:05:00,18.0,17.590502
1995-08-22 03:06:00,13.0,17.177801
1995-08-22 03:07:00,33.0,18.86805
1995-08-22 03:08:00,33.0,16.857246
1995-08-22 03:09:00,31.0,23.967949
1995-08-22 03:10:00,16.0,16.762619
1995-08-22 03:11:00,32.0,17.636148
1995-08-22 03:12:00,16.0,18.843275
1995-08-22 03:13:00,18.0,19.760847
1995-08-22 03:14:00,10.0,19.593815
1995-08-22 03:15:00,5.0,11.763486
1995-08-22 03:16:00,15.0,15.016699
1995-08-22 03:17:00,24.0,16.22719
1995-08-22 03:18:00,24.0,14.438749
1995-08-22 03:19:00,27.0,20.503027
1995-08-22 03:20:00,34.0,21.820196
1995-08-22 03:21:00,18.0,15.818657
1995-08-22 03:22:00,26.0,15.446693
1995-08-22 03:23:00,25.0,23.126066
1995-08-22 03:24:00,30.0,20.213757
1995-08-22 03:25:00,29.0,23.835718
1995-08-22 03:26:00,22.0,24.098333
1995-08-22 03:27:00,19.0,22.751087
1995-08-22 03:28:00,18.0,21.672953
1995-08-22 03:29:00,25.0,22.18111
1995-08-22 03:30:00,12.0,19.749828
1995-08-22 03:31:00,10.0,18.846073
1995-08-22 03:32:00,13.0,16.980665
1995-08-22 03:33:00,16.0,16.410131
1995-08-22 03:34:00,26.0,18.72966
1995-08-22 03:35:00,18.0,22.177319
1995-08-22 03:36:00,14.0,19.376852
1995-08-22 03:37:00,12.0,19.753801
1995-08-22 03:38:00,10.0,16.906948
1995-08-22 03:39:00,8.0,15.166792
1995-08-22 03:40:00,9.0,13.714504
1995-08-22 03:41:00,10.0,14.402645
1995-08-22 03:42:00,16.0,7.991027
1995-08-22 03:43:00,23.0,17.744572
1995-08-22 03:44:00,14.0,20.520346
1995-08-22 03:45:00,12.0,17.667883
1995-08-22 03:46:00,12.0,11.248772
1995-08-22 03:47:00,9.0,14.855337
1995-08-22 03:48:00,21.0,14.475665
1995-08-22 03:49:00,24.0,20.228256
1995-08-22 03:50:00,9.0,21.496616
1995-08-22 03:51:00,12.0,15.816143
1995-08-22 03:52:00,14.0,15.199669
1995-08-22 03:53:00,25.0,17.493326
1995-08-22 03:54:00,19.0,20.62663
1995-08-22 03:55:00,20.0,15.472868
1995-08-22 03:56:00,24.0,18.012438
1995-08-22 03:57:00,23.0,13.289179
1995-08-22 03:58:00,19.0,19.750378
1995-08-22 03:59:00,18.0,13.916211
1995-08-22 04:00:00,15.0,16.784239
1995-08-22 04:01:00,20.0,18.740427
1995-08-22 04:02:00,20.0,16.80653
1995-08-22 04:03:00,8.0,12.167072
1995-08-22 04:04:00,8.0,13.849098
1995-08-22 04:05:00,17.0,14.049478
1995-08-22 04:06:00,18.0,12.401485
1995-08-22 04:07:00,27.0,19.002327
1995-08-22 04:08:00,21.0,17.038546
1995-08-22 04:09:00,20.0,16.632702
1995-08-22 04:10:00,5.0,20.598328
1995-08-22 04:11:00,18.0,12.006897
1995-08-22 04:12:00,36.0,17.575424
1995-08-22 04:13:00,26.0,22.286486
1995-08-22 04:14:00,13.0,16.605507
1995-08-22 04:15:00,5.0,13.806701
1995-08-22 04:16:00,5.0,10.491227
1995-08-22 04:17:00,13.0,10.997005
1995-08-22 04:18:00,7.0,16.381348
1995-08-22 04:19:00,25.0,12.693466
1995-08-22 04:20:00,33.0,20.88026
1995-08-22 04:21:00,24.0,22.84491
1995-08-22 04:22:00,23.0,22.50806
1995-08-22 04:23:00,17.0,15.347418
1995-08-22 04:24:00,8.0,12.248944
1995-08-22 04:25:00,24.0,17.046345
1995-08-22 04:26:00,25.0,15.096409
1995-08-22 04:27:00,23.0,20.266275
1995-08-22 04:28:00,26.0,17.483334
1995-08-22 04:29:00,10.0,13.678614
1995-08-22 04:30:00,17.0,17.753439
1995-08-22 04:31:00,8.0,19.270279
1995-08-22 04:32:00,12.0,13.910319
1995-08-22 04:33:00,19.0,14.90834
1995-08-22 04:34:00,9.0,12.586819
1995-08-22 04:35:00,26.0,16.653992
1995-08-22 04:36:00,7.0,4.5358763
1995-08-22 04:37:00,8.0,11.546187
1995-08-22 04:38:00,8.0,8.554485
1995-08-22 04:39:00,7.0,5.102407
1995-08-22 04:40:00,21.0,12.889132
1995-08-22 04:41:00,5.0,7.7916555
1995-08-22 04:42:00,2.0,2.6665618
1995-08-22 04:43:00,9.0,7.417637
1995-08-22 04:44:00,8.0,8.832687
1995-08-22 04:45:00,7.0,8.857366
1995-08-22 04:46:00,31.0,10.975381
1995-08-22 04:47:00,13.0,15.659782
1995-08-22 04:48:00,13.0,14.90707
1995-08-22 04:49:00,16.0,12.425044
1995-08-22 04:50:00,15.0,12.398651
1995-08-22 04:51:00,14.0,12.105502
1995-08-22 04:52:00,14.0,10.606276
1995-08-22 04:53:00,5.0,9.726603
1995-08-22 04:54:00,0.0,1.978409
1995-08-22 04:59:00,6.0,11.796088
1995-08-22 05:01:00,25.0,15.6208515
1995-08-22 05:02:00,8.0,14.544671
1995-08-22 05:03:00,21.0,14.0313835
1995-08-22 05:04:00,26.0,17.57094
1995-08-22 05:05:00,23.0,18.830767
1995-08-22 05:06:00,17.0,21.526178
1995-08-22 05:07:00,32.0,17.477028
1995-08-22 05:08:00,16.0,14.358941
1995-08-22 05:09:00,17.0,14.166569
1995-08-22 05:11:00,24.0,15.858683
1995-08-22 05:12:00,48.0,18.91292
1995-08-22 05:13:00,13.0,17.751114
1995-08-22 05:14:00,13.0,15.770103
1995-08-22 05:15:00,15.0,17.879406
1995-08-22 05:16:00,15.0,14.027524
1995-08-22 05:17:00,5.0,7.2538195
1995-08-22 05:18:00,2.0,10.748088
1995-08-22 05:19:00,8.0,10.860064
1995-08-22 05:20:00,14.0,10.431877
1995-08-22 05:21:00,36.0,16.897968
1995-08-22 05:22:00,16.0,21.853655
1995-08-22 05:23:00,12.0,17.223694
1995-08-22 05:24:00,9.0,16.175688
1995-08-22 05:25:00,1.0,6.782681
1995-08-22 05:26:00,3.0,9.170905
1995-08-22 05:27:00,16.0,9.5799465
1995-08-22 05:28:00,7.0,15.323528
1995-08-22 05:29:00,19.0,13.177523
1995-08-22 05:30:00,9.0,9.390563
1995-08-22 05:31:00,7.0,14.978694
1995-08-22 05:32:00,6.0,12.076784
1995-08-22 05:33:00,17.0,10.679483
1995-08-22 05:34:00,15.0,15.788013
1995-08-22 05:35:00,15.0,15.862043
1995-08-22 05:36:00,5.0,7.444951
1995-08-22 05:37:00,15.0,12.505236
1995-08-22 05:38:00,13.0,11.290551
1995-08-22 05:39:00,10.0,12.036313
1995-08-22 05:40:00,5.0,12.204357
1995-08-22 05:41:00,11.0,11.296023
1995-08-22 05:42:00,12.0,12.287063
1995-08-22 05:43:00,7.0,11.155877
1995-08-22 05:44:00,7.0,7.9678946
1995-08-22 05:45:00,17.0,12.565355
1995-08-22 05:46:00,13.0,8.641283
1995-08-22 05:47:00,6.0,11.870644
1995-08-22 05:48:00,5.0,8.938483
1995-08-22 05:49:00,19.0,11.848302
1995-08-22 05:50:00,13.0,6.7137413
1995-08-22 05:51:00,6.0,12.45316
1995-08-22 05:52:00,18.0,10.800299
1995-08-22 05:53:00,13.0,16.803444
1995-08-22 05:54:00,23.0,15.681086
1995-08-22 05:55:00,15.0,14.507266
1995-08-22 05:56:00,17.0,14.735431
1995-08-22 05:57:00,21.0,15.267721
1995-08-22 05:58:00,10.0,17.589222
1995-08-22 05:59:00,11.0,11.452723
1995-08-22 06:00:00,11.0,9.276843
1995-08-22 06:01:00,12.0,12.52245
1995-08-22 06:02:00,12.0,14.974553
1995-08-22 06:03:00,11.0,15.682001
1995-08-22 06:04:00,23.0,15.339138
1995-08-22 06:05:00,29.0,10.852609
1995-08-22 06:06:00,12.0,10.240513
1995-08-22 06:07:00,10.0,13.7998495
1995-08-22 06:08:00,18.0,10.64085
1995-08-22 06:09:00,24.0,18.772823
1995-08-22 06:10:00,4.0,10.412406
1995-08-22 06:11:00,10.0,11.899352
1995-08-22 06:12:00,22.0,16.375961
1995-08-22 06:13:00,16.0,12.93511
1995-08-22 06:14:00,12.0,17.430685
1995-08-22 06:15:00,12.0,9.155153
1995-08-22 06:16:00,9.0,8.618204
1995-08-22 06:17:00,12.0,17.331678
1995-08-22 06:18:00,13.0,10.359064
1995-08-22 06:19:00,4.0,4.3879995
1995-08-22 06:20:00,6.0,9.361508
1995-08-22 06:21:00,26.0,12.258929
1995-08-22 06:22:00,12.0,12.826169
1995-08-22 06:23:00,14.0,11.396567
1995-08-22 06:24:00,14.0,15.45826
1995-08-22 06:25:00,20.0,12.548357
1995-08-22 06:26:00,9.0,9.785585
1995-08-22 06:27:00,1.0,2.634295
1995-08-22 06:28:00,14.0,8.614329
1995-08-22 06:29:00,23.0,12.165522
1995-08-22 06:30:00,18.0,17.457436
1995-08-22 06:31:00,5.0,5.440996
1995-08-22 06:32:00,11.0,9.710115
1995-08-22 06:33:00,11.0,15.195675
1995-08-22 06:34:00,7.0,8.261745
1995-08-22 06:35:00,23.0,11.07547
1995-08-22 06:36:00,23.0,17.602394
1995-08-22 06:37:00,9.0,19.600351
1995-08-22 06:38:00,42.0,14.568839
1995-08-22 06:39:00,16.0,17.466406
1995-08-22 06:40:00,16.0,12.187922
1995-08-22 06:41:00,15.0,17.110666
1995-08-22 06:42:00,28.0,15.45047
1995-08-22 06:43:00,15.0,18.955761
1995-08-22 06:44:00,40.0,15.518871
1995-08-22 06:45:00,32.0,25.502438
1995-08-22 06:46:00,14.0,23.199478
1995-08-22 06:47:00,19.0,19.358845
1995-08-22 06:48:00,29.0,21.564035
1995-08-22 06:49:00,14.0,25.773481
1995-08-22 06:50:00,12.0,14.400186
1995-08-22 06:51:00,17.0,17.49852
1995-08-22 06:52:00,7.0,11.984947
1995-08-22 06:53:00,20.0,15.746506
1995-08-22 06:54:00,33.0,18.459454
1995-08-22 06:55:00,24.0,24.086452
1995-08-22 06:56:00,16.0,24.349276
1995-08-22 06:57:00,37.0,18.538755
1995-08-22 06:58:00,12.0,27.247282
1995-08-22 06:59:00,30.0,18.979788
1995-08-22 07:00:00,36.0,26.704311
1995-08-22 07:01:00,22.0,30.283339
1995-08-22 07:02:00,18.0,26.296732
1995-08-22 07:03:00,37.0,24.703646
1995-08-22 07:04:00,23.0,29.856443
1995-08-22 07:05:00,13.0,14.973498
1995-08-22 07:06:00,10.0,13.169947
1995-08-22 07:07:00,26.0,19.999075
1995-08-22 07:08:00,11.0,7.2830544
1995-08-22 07:09:00,36.0,19.472866
1995-08-22 07:10:00,17.0,14.904351
1995-08-22 07:11:00,13.0,13.733827
1995-08-22 07:12:00,6.0,5.226176
1995-08-22 07:13:00,7.0,6.5618715
1995-08-22 07:14:00,19.0,11.134024
1995-08-22 07:15:00,17.0,17.346645
1995-08-22 07:16:00,15.0,22.531395
1995-08-22 07:17:00,29.0,14.994958
1995-08-22 07:18:00,20.0,10.80769
1995-08-22 07:19:00,15.0,18.865747
1995-08-22 07:20:00,35.0,18.655647
1995-08-22 07:21:00,27.0,22.249317
1995-08-22 07:22:00,21.0,25.381578
1995-08-22 07:23:00,24.0,23.842619
1995-08-22 07:24:00,29.0,23.550665
1995-08-22 07:25:00,42.0,24.712526
1995-08-22 07:26:00,54.0,30.471245
1995-08-22 07:27:00,32.0,25.862108
1995-08-22 07:28:00,17.0,24.882696
1995-08-22 07:29:00,43.0,26.455645
1995-08-22 07:30:00,53.0,32.819187
1995-08-22 07:31:00,28.0,39.910778
1995-08-22 07:32:00,35.0,32.65871
1995-08-22 07:33:00,41.0,29.606735
1995-08-22 07:34:00,60.0,27.515326
1995-08-22 07:35:00,39.0,26.211369
1995-08-22 07:36:00,28.0,27.43971
1995-08-22 07:37:00,33.0,29.407051
1995-08-22 07:38:00,18.0,34.663734
1995-08-22 07:39:00,47.0,23.035166
1995-08-22 07:40:00,34.0,36.70918
1995-08-22 07:41:00,46.0,31.09861
1995-08-22 07:42:00,41.0,36.39779
1995-08-22 07:43:00,42.0,43.690548
1995-08-22 07:44:00,37.0,35.723206
1995-08-22 07:45:00,41.0,27.800413
1995-08-22 07:46:00,58.0,38.554024
1995-08-22 07:47:00,38.0,36.6454
1995-08-22 07:48:00,30.0,46.808445
1995-08-22 07:49:00,39.0,33.439663
1995-08-22 07:50:00,26.0,41.377693
1995-08-22 07:51:00,27.0,37.90296
1995-08-22 07:52:00,38.0,36.307346
1995-08-22 07:53:00,35.0,34.558804
1995-08-22 07:54:00,38.0,31.321697
1995-08-22 07:55:00,66.0,35.604156
1995-08-22 07:56:00,27.0,41.9702
1995-08-22 07:57:00,25.0,36.006393
1995-08-22 07:58:00,40.0,24.683111
1995-08-22 07:59:00,44.0,26.483793
1995-08-22 08:00:00,41.0,33.64523
1995-08-22 08:01:00,52.0,40.433605
1995-08-22 08:02:00,33.0,29.686787
1995-08-22 08:03:00,30.0,34.704094
1995-08-22 08:04:00,48.0,36.21901
1995-08-22 08:05:00,24.0,31.948147
1995-08-22 08:06:00,20.0,25.69327
1995-08-22 08:07:00,24.0,21.418524
1995-08-22 08:08:00,22.0,24.660648
1995-08-22 08:09:00,36.0,26.119576
1995-08-22 08:10:00,27.0,32.397045
1995-08-22 08:11:00,32.0,36.190624
1995-08-22 08:12:00,32.0,32.75038
1995-08-22 08:13:00,54.0,32.50301
1995-08-22 08:14:00,19.0,17.088654
1995-08-22 08:15:00,25.0,24.704325
1995-08-22 08:16:00,62.0,34.461456
1995-08-22 08:17:00,46.0,41.66509
1995-08-22 08:18:00,45.0,42.156826
1995-08-22 08:19:00,49.0,36.172813
1995-08-22 08:20:00,32.0,43.05692
1995-08-22 08:21:00,39.0,35.425835
1995-08-22 08:22:00,30.0,33.56327
1995-08-22 08:23:00,42.0,28.674862
1995-08-22 08:24:00,54.0,31.971771
1995-08-22 08:25:00,43.0,32.199184
1995-08-22 08:26:00,30.0,19.926706
1995-08-22 08:27:00,31.0,40.369225
1995-08-22 08:28:00,48.0,39.060043
1995-08-22 08:29:00,39.0,39.436718
1995-08-22 08:30:00,46.0,44.60587
1995-08-22 08:31:00,44.0,42.092266
1995-08-22 08:32:00,73.0,42.616955
1995-08-22 08:33:00,44.0,48.075382
1995-08-22 08:34:00,58.0,47.073334
1995-08-22 08:35:00,57.0,40.878685
1995-08-22 08:36:00,38.0,37.271564
1995-08-22 08:37:00,38.0,40.474907
1995-08-22 08:38:00,35.0,44.67489
1995-08-22 08:39:00,43.0,45.33202
1995-08-22 08:40:00,46.0,45.703457
1995-08-22 08:41:00,33.0,43.83972
1995-08-22 08:42:00,41.0,45.771164
1995-08-22 08:43:00,62.0,44.096786
1995-08-22 08:44:00,59.0,50.301956
1995-08-22 08:45:00,52.0,46.742847
1995-08-22 08:46:00,60.0,45.968605
1995-08-22 08:47:00,26.0,44.94752
1995-08-22 08:48:00,40.0,21.891697
1995-08-22 08:49:00,25.0,42.619274
1995-08-22 08:50:00,36.0,17.141146
1995-08-22 08:51:00,51.0,38.280807
1995-08-22 08:52:00,27.0,42.820408
1995-08-22 08:53:00,32.0,37.88995
1995-08-22 08:54:00,60.0,41.564423
1995-08-22 08:55:00,30.0,48.30239
1995-08-22 08:56:00,24.0,41.22516
1995-08-22 08:57:00,32.0,35.081944
1995-08-22 08:58:00,36.0,39.131596
1995-08-22 08:59:00,35.0,42.05508
1995-08-22 09:00:00,29.0,37.79808
1995-08-22 09:01:00,80.0,36.42908
1995-08-22 09:02:00,52.0,44.47009
1995-08-22 09:03:00,35.0,46.169224
1995-08-22 09:04:00,53.0,42.46642
1995-08-22 09:05:00,29.0,30.774343
1995-08-22 09:06:00,40.0,42.34977
1995-08-22 09:07:00,45.0,42.19752
1995-08-22 09:08:00,68.0,43.67933
1995-08-22 09:09:00,59.0,49.47279
1995-08-22 09:10:00,51.0,50.083992
1995-08-22 09:11:00,66.0,48.364223
1995-08-22 09:12:00,24.0,52.46856
1995-08-22 09:13:00,73.0,47.98633
1995-08-22 09:14:00,43.0,56.040157
1995-08-22 09:15:00,72.0,53.70434
1995-08-22 09:16:00,44.0,60.35773
1995-08-22 09:17:00,27.0,48.26001
1995-08-22 09:18:00,34.0,46.367897
1995-08-22 09:19:00,44.0,45.101757
1995-08-22 09:20:00,49.0,44.451817
1995-08-22 09:21:00,42.0,51.308598
1995-08-22 09:22:00,50.0,49.504063
1995-08-22 09:23:00,78.0,47.235664
1995-08-22 09:24:00,53.0,56.961895
1995-08-22 09:25:00,27.0,51.43422
1995-08-22 09:26:00,38.0,46.8018
1995-08-22 09:27:00,39.0,47.58031
1995-08-22 09:28:00,46.0,31.30515
1995-08-22 09:29:00,45.0,51.110825
1995-08-22 09:30:00,71.0,50.399853
1995-08-22 09:31:00,40.0,50.322704
1995-08-22 09:32:00,50.0,52.839348
1995-08-22 09:33:00,51.0,50.02211
1995-08-22 09:34:00,52.0,46.001854
1995-08-22 09:35:00,65.0,47.25426
1995-08-22 09:36:00,78.0,56.12631
1995-08-22 09:37:00,31.0,61.4787
1995-08-22 09:38:00,59.0,50.717354
1995-08-22 09:39:00,61.0,54.127216
1995-08-22 09:40:00,41.0,53.555145
1995-08-22 09:41:00,65.0,54.47326
1995-08-22 09:42:00,88.0,57.52568
1995-08-22 09:43:00,73.0,62.95293
1995-08-22 09:44:00,79.0,65.76561
1995-08-22 09:45:00,81.0,60.26444
1995-08-22 09:46:00,51.0,54.787918
1995-08-22 09:47:00,44.0,31.361286
1995-08-22 09:48:00,40.0,35.89844
1995-08-22 09:49:00,49.0,50.530025
1995-08-22 09:50:00,47.0,47.46735
1995-08-22 09:51:00,54.0,50.84597
1995-08-22 09:52:00,65.0,51.33116
1995-08-22 09:53:00,35.0,24.961668
1995-08-22 09:54:00,32.0,26.401203
1995-08-22 09:55:00,50.0,43.18026
1995-08-22 09:56:00,76.0,54.125088
1995-08-22 09:57:00,38.0,60.90812
1995-08-22 09:58:00,38.0,47.064648
1995-08-22 09:59:00,30.0,45.786373
1995-08-22 10:00:00,34.0,50.505264
1995-08-22 10:01:00,28.0,46.14657
1995-08-22 10:02:00,46.0,45.26934
1995-08-22 10:03:00,32.0,45.491516
1995-08-22 10:04:00,53.0,45.277702
1995-08-22 10:05:00,17.0,26.623219
1995-08-22 10:06:00,70.0,41.86402
1995-08-22 10:07:00,39.0,51.186085
1995-08-22 10:08:00,41.0,39.12489
1995-08-22 10:09:00,27.0,48.785885
1995-08-22 10:10:00,41.0,41.05293
1995-08-22 10:11:00,25.0,41.913113
1995-08-22 10:12:00,10.0,13.81492
1995-08-22 10:13:00,22.0,33.37883
1995-08-22 10:14:00,34.0,29.463469
1995-08-22 10:15:00,40.0,38.426945
1995-08-22 10:16:00,49.0,39.177845
1995-08-22 10:17:00,26.0,31.865597
1995-08-22 10:18:00,27.0,35.950565
1995-08-22 10:19:00,36.0,28.544128
1995-08-22 10:20:00,18.0,41.437397
1995-08-22 10:21:00,54.0,33.82643
1995-08-22 10:22:00,36.0,42.485573
1995-08-22 10:23:00,51.0,40.89663
1995-08-22 10:24:00,43.0,42.40214
1995-08-22 10:25:00,58.0,43.617992
1995-08-22 10:26:00,33.0,47.685104
1995-08-22 10:27:00,35.0,37.43271
1995-08-22 10:28:00,40.0,40.382248
1995-08-22 10:29:00,79.0,42.510296
1995-08-22 10:30:00,44.0,50.81445
1995-08-22 10:31:00,39.0,46.54353
1995-08-22 10:32:00,29.0,35.97272
1995-08-22 10:33:00,47.0,33.027905
1995-08-22 10:34:00,44.0,38.196323
1995-08-22 10:35:00,71.0,47.23297
1995-08-22 10:36:00,38.0,45.280716
1995-08-22 10:37:00,63.0,48.179417
1995-08-22 10:38:00,36.0,29.493334
1995-08-22 10:39:00,57.0,48.231564
1995-08-22 10:40:00,56.0,41.744762
1995-08-22 10:41:00,49.0,50.610657
1995-08-22 10:42:00,63.0,47.038433
1995-08-22 10:43:00,51.0,49.034824
1995-08-22 10:44:00,60.0,54.037968
1995-08-22 10:45:00,61.0,50.526707
1995-08-22 10:46:00,71.0,55.60636
1995-08-22 10:47:00,36.0,57.842865
1995-08-22 10:48:00,57.0,54.31926
1995-08-22 10:49:00,47.0,49.48107
1995-08-22 10:50:00,50.0,51.87917
1995-08-22 10:51:00,55.0,56.86243
1995-08-22 10:52:00,49.0,60.803738
1995-08-22 10:53:00,71.0,52.397614
1995-08-22 10:54:00,74.0,60.733578
1995-08-22 10:55:00,73.0,49.9151
1995-08-22 10:56:00,70.0,47.182354
1995-08-22 10:57:00,52.0,49.22419
1995-08-22 10:58:00,85.0,52.630497
1995-08-22 10:59:00,11.0,64.135475
1995-08-22 11:00:00,61.0,51.160324
1995-08-22 11:01:00,51.0,40.1882
1995-08-22 11:02:00,39.0,46.76178
1995-08-22 11:03:00,73.0,45.952305
1995-08-22 11:04:00,59.0,56.965187
1995-08-22 11:05:00,40.0,48.088734
1995-08-22 11:06:00,55.0,44.59588
1995-08-22 11:07:00,78.0,54.618458
1995-08-22 11:08:00,43.0,60.61897
1995-08-22 11:09:00,41.0,35.961308
1995-08-22 11:10:00,45.0,50.992023
1995-08-22 11:11:00,71.0,49.841045
1995-08-22 11:12:00,66.0,60.564754
1995-08-22 11:13:00,102.0,61.6832
1995-08-22 11:14:00,56.0,65.01842
1995-08-22 11:15:00,93.0,46.911747
1995-08-22 11:16:00,55.0,60.561172
1995-08-22 11:17:00,55.0,57.740486
1995-08-22 11:18:00,50.0,55.407967
1995-08-22 11:19:00,41.0,46.651234
1995-08-22 11:20:00,55.0,54.97044
1995-08-22 11:21:00,23.0,55.159313
1995-08-22 11:22:00,70.0,48.9246
1995-08-22 11:23:00,72.0,62.692394
1995-08-22 11:24:00,47.0,55.546013
1995-08-22 11:25:00,34.0,48.68839
1995-08-22 11:26:00,88.0,54.106586
1995-08-22 11:27:00,68.0,55.79733
1995-08-22 11:28:00,72.0,63.89035
1995-08-22 11:29:00,86.0,66.51237
1995-08-22 11:30:00,63.0,60.79746
1995-08-22 11:31:00,57.0,65.848946
1995-08-22 11:32:00,55.0,58.18488
1995-08-22 11:33:00,56.0,50.75984
1995-08-22 11:34:00,57.0,54.730835
1995-08-22 11:35:00,59.0,54.101936
1995-08-22 11:36:00,82.0,62.814266
1995-08-22 11:37:00,59.0,65.51559
1995-08-22 11:38:00,91.0,65.94052
1995-08-22 11:39:00,80.0,74.44046
1995-08-22 11:40:00,97.0,72.75106
1995-08-22 11:41:00,80.0,79.62115
1995-08-22 11:42:00,59.0,70.1397
1995-08-22 11:43:00,62.0,68.24599
1995-08-22 11:44:00,71.0,69.38121
1995-08-22 11:45:00,64.0,66.657166
1995-08-22 11:46:00,52.0,67.966415
1995-08-22 11:47:00,79.0,63.915703
1995-08-22 11:48:00,48.0,62.52648
1995-08-22 11:49:00,47.0,52.14963
1995-08-22 11:50:00,73.0,59.992195
1995-08-22 11:51:00,72.0,66.13894
1995-08-22 11:52:00,86.0,66.862755
1995-08-22 11:53:00,78.0,67.307175
1995-08-22 11:54:00,82.0,69.97689
1995-08-22 11:55:00,62.0,67.93341
1995-08-22 11:56:00,39.0,57.2805
1995-08-22 11:57:00,60.0,57.328682
1995-08-22 11:58:00,70.0,56.563896
1995-08-22 11:59:00,41.0,60.707798
1995-08-22 12:00:00,41.0,46.717663
1995-08-22 12:01:00,60.0,42.955986
1995-08-22 12:02:00,59.0,49.6862
1995-08-22 12:03:00,73.0,53.969173
1995-08-22 12:04:00,72.0,63.429657
1995-08-22 12:05:00,95.0,67.47088
1995-08-22 12:06:00,61.0,71.05183
1995-08-22 12:07:00,64.0,70.19967
1995-08-22 12:08:00,44.0,30.943745
1995-08-22 12:09:00,54.0,59.527565
1995-08-22 12:10:00,51.0,62.169228
1995-08-22 12:11:00,68.0,59.90312
1995-08-22 12:12:00,58.0,47.084568
1995-08-22 12:13:00,104.0,55.542587
1995-08-22 12:14:00,62.0,77.57752
1995-08-22 12:15:00,80.0,47.042843
1995-08-22 12:16:00,67.0,64.517
1995-08-22 12:17:00,74.0,68.46949
1995-08-22 12:18:00,75.0,50.488922
1995-08-22 12:19:00,88.0,72.19779
1995-08-22 12:20:00,61.0,72.33026
1995-08-22 12:21:00,52.0,62.445984
1995-08-22 12:22:00,75.0,60.199795
1995-08-22 12:23:00,63.0,57.9296
1995-08-22 12:24:00,105.0,68.296555
1995-08-22 12:25:00,89.0,64.03365
1995-08-22 12:26:00,73.0,73.40227
1995-08-22 12:27:00,99.0,66.63326
1995-08-22 12:28:00,75.0,75.819374
1995-08-22 12:29:00,82.0,76.01361
1995-08-22 12:30:00,102.0,79.119415
1995-08-22 12:31:00,78.0,79.41098
1995-08-22 12:32:00,62.0,75.45376
1995-08-22 12:33:00,57.0,72.4567
1995-08-22 12:34:00,60.0,69.13567
1995-08-22 12:35:00,75.0,66.42351
1995-08-22 12:36:00,55.0,62.364746
1995-08-22 12:37:00,79.0,62.587425
1995-08-22 12:38:00,65.0,72.22463
1995-08-22 12:39:00,62.0,69.22167
1995-08-22 12:40:00,77.0,64.66835
1995-08-22 12:41:00,79.0,72.40713
1995-08-22 12:42:00,96.0,72.525215
1995-08-22 12:43:00,61.0,83.69062
1995-08-22 12:44:00,69.0,75.041756
1995-08-22 12:45:00,59.0,64.15392
1995-08-22 12:46:00,61.0,53.042545
1995-08-22 12:47:00,93.0,70.67756
1995-08-22 12:48:00,90.0,76.879524
1995-08-22 12:49:00,66.0,80.69044
1995-08-22 12:50:00,101.0,75.866425
1995-08-22 12:51:00,75.0,80.77976
1995-08-22 12:52:00,50.0,73.0298
1995-08-22 12:53:00,57.0,49.309746
1995-08-22 12:54:00,61.0,57.491364
1995-08-22 12:55:00,36.0,49.46615
1995-08-22 12:56:00,67.0,58.103092
1995-08-22 12:57:00,60.0,64.76003
1995-08-22 12:58:00,81.0,66.50329
1995-08-22 12:59:00,68.0,68.06593
1995-08-22 13:00:00,70.0,69.9504
1995-08-22 13:01:00,64.0,67.34321
1995-08-22 13:02:00,59.0,70.20072
1995-08-22 13:03:00,62.0,56.608707
1995-08-22 13:04:00,79.0,60.793304
1995-08-22 13:05:00,88.0,71.47096
1995-08-22 13:06:00,87.0,57.75561
1995-08-22 13:07:00,81.0,69.87763
1995-08-22 13:08:00,68.0,72.20798
1995-08-22 13:09:00,82.0,73.20697
1995-08-22 13:10:00,114.0,71.98884
1995-08-22 13:11:00,66.0,87.957924
1995-08-22 13:12:00,49.0,76.01464
1995-08-22 13:13:00,98.0,66.67542
1995-08-22 13:14:00,77.0,86.62191
1995-08-22 13:15:00,43.0,61.120438
1995-08-22 13:16:00,66.0,59.179745
1995-08-22 13:17:00,130.0,65.60941
1995-08-22 13:18:00,96.0,78.30034
1995-08-22 13:19:00,80.0,79.56008
1995-08-22 13:20:00,70.0,74.41996
1995-08-22 13:21:00,85.0,78.93068
1995-08-22 13:22:00,83.0,80.41659
1995-08-22 13:23:00,75.0,60.299244
1995-08-22 13:24:00,73.0,75.085175
1995-08-22 13:25:00,73.0,80.105515
1995-08-22 13:26:00,65.0,77.20719
1995-08-22 13:27:00,80.0,81.204666
1995-08-22 13:28:00,113.0,74.88748
1995-08-22 13:29:00,70.0,77.87044
1995-08-22 13:30:00,87.0,59.141075
1995-08-22 13:31:00,89.0,57.22478
1995-08-22 13:32:00,69.0,74.99116
1995-08-22 13:33:00,98.0,79.00393
1995-08-22 13:34:00,86.0,86.27268
1995-08-22 13:35:00,72.0,80.03616
1995-08-22 13:36:00,106.0,82.934525
1995-08-22 13:37:00,51.0,63.127357
1995-08-22 13:38:00,50.0,78.222595
1995-08-22 13:39:00,45.0,71.92476
1995-08-22 13:40:00,74.0,53.60911
1995-08-22 13:41:00,73.0,61.56683
1995-08-22 13:42:00,77.0,74.84234
1995-08-22 13:43:00,71.0,74.95276
1995-08-22 13:44:00,61.0,67.38405
1995-08-22 13:45:00,104.0,69.4086
1995-08-22 13:46:00,79.0,86.389824
1995-08-22 13:47:00,92.0,81.45781
1995-08-22 13:48:00,56.0,76.20106
1995-08-22 13:49:00,63.0,67.725784
1995-08-22 13:50:00,59.0,64.599556
1995-08-22 13:51:00,46.0,69.13537
1995-08-22 13:52:00,85.0,54.354435
1995-08-22 13:53:00,68.0,70.2033
1995-08-22 13:54:00,73.0,75.06112
1995-08-22 13:55:00,37.0,41.577515
1995-08-22 13:56:00,56.0,61.053383
1995-08-22 13:57:00,24.0,47.756763
1995-08-22 13:58:00,68.0,58.883842
1995-08-22 13:59:00,25.0,43.47474
1995-08-22 14:00:00,44.0,50.532642
1995-08-22 14:01:00,47.0,59.606205
1995-08-22 14:02:00,37.0,54.83047
1995-08-22 14:03:00,70.0,44.62205
1995-08-22 14:04:00,66.0,63.623535
1995-08-22 14:05:00,79.0,70.08334
1995-08-22 14:06:00,101.0,68.930466
1995-08-22 14:07:00,90.0,81.428406
1995-08-22 14:08:00,83.0,73.29297
1995-08-22 14:09:00,92.0,68.29292
1995-08-22 14:10:00,71.0,82.794
1995-08-22 14:11:00,67.0,74.32181
1995-08-22 14:12:00,61.0,54.817055
1995-08-22 14:13:00,93.0,66.83367
1995-08-22 14:14:00,84.0,78.01238
1995-08-22 14:15:00,58.0,74.17398
1995-08-22 14:16:00,56.0,66.06419
1995-08-22 14:17:00,40.0,64.80916
1995-08-22 14:18:00,55.0,60.880733
1995-08-22 14:19:00,56.0,63.24047
1995-08-22 14:20:00,33.0,45.90974
1995-08-22 14:21:00,44.0,57.014736
1995-08-22 14:22:00,85.0,57.845196
1995-08-22 14:23:00,75.0,52.29501
1995-08-22 14:24:00,64.0,57.39057
1995-08-22 14:25:00,55.0,61.949963
1995-08-22 14:26:00,99.0,64.622025
1995-08-22 14:27:00,54.0,56.447193
1995-08-22 14:28:00,57.0,65.1426
1995-08-22 14:29:00,70.0,56.6391
1995-08-22 14:30:00,67.0,49.133793
1995-08-22 14:31:00,57.0,42.736164
1995-08-22 14:32:00,51.0,54.758373
1995-08-22 14:33:00,50.0,58.299255
1995-08-22 14:34:00,63.0,55.747707
1995-08-22 14:35:00,67.0,58.396408
1995-08-22 14:36:00,34.0,34.392567
1995-08-22 14:37:00,67.0,49.98472
1995-08-22 14:38:00,39.0,49.963585
1995-08-22 14:39:00,32.0,51.382565
1995-08-22 14:40:00,54.0,51.29661
1995-08-22 14:41:00,75.0,52.24926
1995-08-22 14:42:00,58.0,64.239136
1995-08-22 14:43:00,67.0,57.00865
1995-08-22 14:44:00,50.0,64.51819
1995-08-22 14:45:00,68.0,55.880344
1995-08-22 14:46:00,80.0,60.22598
1995-08-22 14:47:00,45.0,43.51205
1995-08-22 14:48:00,57.0,55.35734
1995-08-22 14:49:00,89.0,55.478832
1995-08-22 14:50:00,57.0,51.787994
1995-08-22 14:51:00,78.0,63.515617
1995-08-22 14:52:00,116.0,68.63183
1995-08-22 14:53:00,91.0,75.40048
1995-08-22 14:54:00,62.0,79.58928
1995-08-22 14:55:00,87.0,70.61258
1995-08-22 14:56:00,60.0,57.791065
1995-08-22 14:57:00,58.0,57.33861
1995-08-22 14:58:00,94.0,64.0481
1995-08-22 14:59:00,71.0,72.553444
1995-08-22 15:00:00,80.0,63.461617
1995-08-22 15:01:00,65.0,57.80239
1995-08-22 15:02:00,92.0,66.724205
1995-08-22 15:03:00,74.0,79.870255
1995-08-22 15:04:00,54.0,73.46065
1995-08-22 15:05:00,100.0,64.43189
1995-08-22 15:06:00,68.0,81.231995
1995-08-22 15:07:00,78.0,71.35177
1995-08-22 15:08:00,44.0,35.460728
1995-08-22 15:09:00,42.0,50.405487
1995-08-22 15:10:00,31.0,25.730167
1995-08-22 15:11:00,57.0,58.782303
1995-08-22 15:12:00,87.0,61.135487
1995-08-22 15:13:00,71.0,67.54591
1995-08-22 15:14:00,129.0,70.06816
1995-08-22 15:15:00,115.0,80.93793
1995-08-22 15:16:00,58.0,60.286354
1995-08-22 15:17:00,51.0,72.545906
1995-08-22 15:18:00,118.0,65.23479
1995-08-22 15:19:00,72.0,66.78766
1995-08-22 15:20:00,71.0,78.837204
1995-08-22 15:21:00,72.0,56.705788
1995-08-22 15:22:00,86.0,73.05751
1995-08-22 15:23:00,100.0,70.81807
1995-08-22 15:24:00,91.0,74.63114
1995-08-22 15:25:00,82.0,76.80685
1995-08-22 15:26:00,81.0,71.860214
1995-08-22 15:27:00,68.0,82.75889
1995-08-22 15:28:00,58.0,78.52181
1995-08-22 15:29:00,92.0,67.55918
1995-08-22 15:30:00,57.0,64.57716
1995-08-22 15:31:00,136.0,73.35815
1995-08-22 15:32:00,65.0,87.83296
1995-08-22 15:33:00,92.0,78.97403
1995-08-22 15:34:00,51.0,70.160706
1995-08-22 15:35:00,49.0,77.52756
1995-08-22 15:36:00,77.0,50.104652
1995-08-22 15:37:00,63.0,55.26916
1995-08-22 15:38:00,85.0,76.01677
1995-08-22 15:39:00,53.0,52.525738
1995-08-22 15:40:00,57.0,61.150925
1995-08-22 15:41:00,50.0,60.744972
1995-08-22 15:42:00,90.0,72.23898
1995-08-22 15:43:00,48.0,50.257122
1995-08-22 15:44:00,43.0,66.91338
1995-08-22 15:45:00,28.0,47.197773
1995-08-22 15:46:00,68.0,48.128857
1995-08-22 15:47:00,67.0,71.296524
1995-08-22 15:48:00,70.0,70.258255
1995-08-22 15:49:00,54.0,55.920555
1995-08-22 15:50:00,45.0,48.685497
1995-08-22 15:51:00,43.0,61.313454
1995-08-22 15:52:00,85.0,60.63669
1995-08-22 15:53:00,47.0,55.354843
1995-08-22 15:54:00,60.0,65.37745
1995-08-22 15:55:00,93.0,63.34056
1995-08-22 15:56:00,66.0,75.324814
1995-08-22 15:57:00,96.0,69.74402
1995-08-22 15:58:00,88.0,77.8431
1995-08-22 15:59:00,74.0,71.56073
1995-08-22 16:00:00,80.0,68.3468
1995-08-22 16:01:00,61.0,76.31438
1995-08-22 16:02:00,71.0,70.29197
1995-08-22 16:03:00,115.0,72.01077
1995-08-22 16:04:00,93.0,73.08506
1995-08-22 16:05:00,62.0,83.96892
1995-08-22 16:06:00,58.0,49.546417
1995-08-22 16:07:00,89.0,62.70053
1995-08-22 16:08:00,58.0,76.637924
1995-08-22 16:09:00,83.0,68.481285
1995-08-22 16:10:00,47.0,72.045975
1995-08-22 16:11:00,140.0,61.546753
1995-08-22 16:12:00,105.0,89.25873
1995-08-22 16:13:00,95.0,86.60779
1995-08-22 16:14:00,105.0,84.36866
1995-08-22 16:15:00,121.0,92.02257
1995-08-22 16:16:00,80.0,67.28642
1995-08-22 16:17:00,105.0,80.62934
1995-08-22 16:18:00,103.0,95.8993
1995-08-22 16:19:00,76.0,98.03613
1995-08-22 16:20:00,85.0,85.24462
1995-08-22 16:21:00,110.0,85.79956
1995-08-22 16:22:00,69.0,91.57075
1995-08-22 16:23:00,94.0,81.2518
1995-08-22 16:24:00,69.0,84.166504
1995-08-22 16:25:00,70.0,85.21329
1995-08-22 16:26:00,68.0,81.34912
1995-08-22 16:27:00,69.0,80.42731
1995-08-22 16:28:00,93.0,78.613174
1995-08-22 16:29:00,27.0,72.19953
1995-08-22 16:30:00,57.0,32.398445
1995-08-22 16:31:00,36.0,66.31133
1995-08-22 16:32:00,51.0,34.715923
1995-08-22 16:33:00,55.0,45.309425
1995-08-22 16:34:00,35.0,63.15516
1995-08-22 16:35:00,74.0,51.786434
1995-08-22 16:36:00,71.0,55.340816
1995-08-22 16:37:00,65.0,65.90969
1995-08-22 16:38:00,69.0,60.490498
1995-08-22 16:39:00,62.0,73.15186
1995-08-22 16:40:00,45.0,66.87133
1995-08-22 16:41:00,50.0,53.74949
1995-08-22 16:42:00,37.0,60.335
1995-08-22 16:43:00,52.0,52.877228
1995-08-22 16:44:00,80.0,61.361042
1995-08-22 16:45:00,94.0,71.51092
1995-08-22 16:46:00,49.0,58.507225
1995-08-22 16:47:00,42.0,55.9126
1995-08-22 16:48:00,73.0,57.310047
1995-08-22 16:49:00,61.0,46.484726
1995-08-22 16:50:00,71.0,66.42396
1995-08-22 16:51:00,67.0,65.15509
1995-08-22 16:52:00,56.0,66.108376
1995-08-22 16:53:00,50.0,58.368347
1995-08-22 16:54:00,69.0,58.78407
1995-08-22 16:55:00,93.0,66.50606
1995-08-22 16:56:00,69.0,77.1884
1995-08-22 16:57:00,80.0,71.13702
1995-08-22 16:58:00,78.0,72.45166
1995-08-22 16:59:00,47.0,71.138596
1995-08-22 17:00:00,49.0,65.27336
1995-08-22 17:01:00,58.0,60.32655
1995-08-22 17:02:00,67.0,60.14659
1995-08-22 17:03:00,53.0,58.35026
1995-08-22 17:04:00,40.0,40.790474
1995-08-22 17:05:00,80.0,50.94572
1995-08-22 17:06:00,85.0,57.489693
1995-08-22 17:07:00,63.0,69.68832
1995-08-22 17:08:00,77.0,58.01306
1995-08-22 17:09:00,70.0,66.84793
1995-08-22 17:10:00,75.0,64.04196
1995-08-22 17:11:00,53.0,66.34087
1995-08-22 17:12:00,63.0,41.19221
1995-08-22 17:13:00,45.0,33.89616
1995-08-22 17:14:00,35.0,35.674583
1995-08-22 17:15:00,23.0,34.646683
1995-08-22 17:16:00,17.0,48.617916
1995-08-22 17:17:00,37.0,36.95945
1995-08-22 17:18:00,28.0,47.182926
1995-08-22 17:19:00,47.0,44.52905
1995-08-22 17:20:00,70.0,53.784065
1995-08-22 17:21:00,27.0,62.29466
1995-08-22 17:22:00,57.0,47.201057
1995-08-22 17:23:00,46.0,55.469353
1995-08-22 17:24:00,63.0,53.740795
1995-08-22 17:25:00,46.0,48.926113
1995-08-22 17:26:00,56.0,53.76231
1995-08-22 17:27:00,45.0,57.665157
1995-08-22 17:28:00,48.0,41.38704
1995-08-22 17:29:00,58.0,47.613514
1995-08-22 17:30:00,37.0,35.048992
1995-08-22 17:31:00,80.0,43.74135
1995-08-22 17:32:00,72.0,51.801174
1995-08-22 17:33:00,22.0,51.719284
1995-08-22 17:34:00,58.0,41.104294
1995-08-22 17:35:00,46.0,43.462433
1995-08-22 17:36:00,53.0,46.16502
1995-08-22 17:37:00,55.0,48.7585
1995-08-22 17:38:00,52.0,47.844795
1995-08-22 17:39:00,57.0,48.568302
1995-08-22 17:40:00,43.0,52.855167
1995-08-22 17:41:00,43.0,45.94308
1995-08-22 17:42:00,27.0,45.717766
1995-08-22 17:43:00,27.0,37.115734
1995-08-22 17:44:00,36.0,34.302032
1995-08-22 17:45:00,79.0,44.212193
1995-08-22 17:46:00,13.0,54.42765
1995-08-22 17:47:00,27.0,9.246156
1995-08-22 17:48:00,53.0,41.40006
1995-08-22 17:49:00,63.0,49.007298
1995-08-22 17:50:00,72.0,54.659554
1995-08-22 17:51:00,79.0,60.450195
1995-08-22 17:52:00,70.0,57.468693
1995-08-22 17:53:00,74.0,52.527435
1995-08-22 17:54:00,52.0,56.664196
1995-08-22 17:55:00,53.0,60.44167
1995-08-22 17:56:00,30.0,46.441654
1995-08-22 17:57:00,30.0,35.069435
1995-08-22 17:58:00,45.0,44.428154
1995-08-22 17:59:00,36.0,49.0778
1995-08-22 18:00:00,32.0,46.593773
1995-08-22 18:01:00,65.0,44.87976
1995-08-22 18:02:00,32.0,35.954433
1995-08-22 18:03:00,24.0,45.516098
1995-08-22 18:04:00,24.0,42.633846
1995-08-22 18:05:00,68.0,34.402855
1995-08-22 18:06:00,32.0,53.202694
1995-08-22 18:07:00,58.0,44.53653
1995-08-22 18:08:00,57.0,50.2257
1995-08-22 18:09:00,60.0,51.96133
1995-08-22 18:10:00,34.0,53.6101
1995-08-22 18:11:00,51.0,40.68411
1995-08-22 18:12:00,20.0,36.64838
1995-08-22 18:13:00,29.0,35.759136
1995-08-22 18:14:00,45.0,30.76115
1995-08-22 18:15:00,61.0,48.37398
1995-08-22 18:16:00,47.0,45.160854
1995-08-22 18:17:00,34.0,42.09126
1995-08-22 18:18:00,37.0,39.771606
1995-08-22 18:19:00,50.0,42.520172
1995-08-22 18:20:00,24.0,14.212337
1995-08-22 18:21:00,49.0,40.228313
1995-08-22 18:22:00,53.0,45.55644
1995-08-22 18:23:00,35.0,27.062878
1995-08-22 18:24:00,50.0,35.778275
1995-08-22 18:25:00,45.0,38.725433
1995-08-22 18:26:00,14.0,9.04235
1995-08-22 18:27:00,35.0,30.383966
1995-08-22 18:28:00,36.0,39.584717
1995-08-22 18:29:00,29.0,32.392796
1995-08-22 18:30:00,34.0,38.31542
1995-08-22 18:31:00,19.0,32.855247
1995-08-22 18:32:00,12.0,28.80859
1995-08-22 18:33:00,39.0,24.503405
1995-08-22 18:34:00,48.0,23.497223
1995-08-22 18:35:00,69.0,39.315197
1995-08-22 18:36:00,38.0,34.63047
1995-08-22 18:37:00,48.0,39.58374
1995-08-22 18:38:00,57.0,43.790092
1995-08-22 18:39:00,39.0,47.058655
1995-08-22 18:40:00,31.0,40.79621
1995-08-22 18:41:00,29.0,41.68909
1995-08-22 18:42:00,58.0,35.69629
1995-08-22 18:43:00,30.0,27.805288
1995-08-22 18:44:00,38.0,29.69335
1995-08-22 18:45:00,37.0,43.168106
1995-08-22 18:46:00,51.0,39.239918
1995-08-22 18:47:00,43.0,42.975674
1995-08-22 18:48:00,37.0,46.414448
1995-08-22 18:49:00,48.0,43.070724
1995-08-22 18:50:00,31.0,34.14251
1995-08-22 18:51:00,41.0,37.385475
1995-08-22 18:52:00,58.0,42.56346
1995-08-22 18:53:00,54.0,48.720573
1995-08-22 18:54:00,38.0,48.09144
1995-08-22 18:55:00,34.0,42.273727
1995-08-22 18:56:00,76.0,40.592915
1995-08-22 18:57:00,66.0,55.590572
1995-08-22 18:58:00,51.0,55.700344
1995-08-22 18:59:00,36.0,41.601837
1995-08-22 19:00:00,51.0,41.023502
1995-08-22 19:01:00,57.0,48.813026
1995-08-22 19:02:00,46.0,44.527344
1995-08-22 19:03:00,69.0,47.95379
1995-08-22 19:04:00,37.0,50.55774
1995-08-22 19:05:00,33.0,41.588917
1995-08-22 19:06:00,34.0,39.03349
1995-08-22 19:07:00,35.0,44.494316
1995-08-22 19:08:00,43.0,43.75465
1995-08-22 19:09:00,55.0,44.238018
1995-08-22 19:10:00,68.0,47.273766
1995-08-22 19:11:00,55.0,46.342854
1995-08-22 19:12:00,29.0,51.559845
1995-08-22 19:13:00,31.0,40.17882
1995-08-22 19:14:00,29.0,39.662315
1995-08-22 19:15:00,18.0,33.962975
1995-08-22 19:16:00,11.0,13.312309
1995-08-22 19:17:00,10.0,12.18508
1995-08-22 19:18:00,29.0,29.912685
1995-08-22 19:19:00,58.0,27.98875
1995-08-22 19:20:00,30.0,25.464136
1995-08-22 19:21:00,43.0,32.36192
1995-08-22 19:22:00,30.0,23.59603
1995-08-22 19:23:00,27.0,36.639763
1995-08-22 19:24:00,23.0,32.918823
1995-08-22 19:25:00,27.0,34.306847
1995-08-22 19:26:00,20.0,33.347027
1995-08-22 19:27:00,18.0,16.79337
1995-08-22 19:28:00,32.0,23.679134
1995-08-22 19:29:00,40.0,31.981918
1995-08-22 19:30:00,40.0,35.763966
1995-08-22 19:31:00,39.0,37.21107
1995-08-22 19:32:00,24.0,27.55949
1995-08-22 19:33:00,32.0,34.38926
1995-08-22 19:34:00,37.0,27.156664
1995-08-22 19:35:00,11.0,33.355522
1995-08-22 19:36:00,21.0,19.34475
1995-08-22 19:37:00,29.0,26.783278
1995-08-22 19:38:00,23.0,20.131142
1995-08-22 19:39:00,22.0,15.503904
1995-08-22 19:40:00,34.0,18.919596
1995-08-22 19:41:00,19.0,25.758696
1995-08-22 19:42:00,24.0,27.18662
1995-08-22 19:43:00,23.0,27.663675
1995-08-22 19:44:00,42.0,28.61268
1995-08-22 19:45:00,51.0,34.283756
1995-08-22 19:46:00,47.0,29.923685
1995-08-22 19:47:00,26.0,22.855652
1995-08-22 19:48:00,30.0,34.530533
1995-08-22 19:49:00,59.0,33.834503
1995-08-22 19:50:00,51.0,37.369396
1995-08-22 19:51:00,31.0,37.91669
1995-08-22 19:52:00,48.0,36.247505
1995-08-22 19:53:00,34.0,39.925842
1995-08-22 19:54:00,20.0,30.011206
1995-08-22 19:55:00,29.0,30.008507
1995-08-22 19:56:00,26.0,30.968315
1995-08-22 19:57:00,35.0,27.87641
1995-08-22 19:58:00,31.0,27.158335
1995-08-22 19:59:00,33.0,31.387676
1995-08-22 20:00:00,37.0,27.213373
1995-08-22 20:01:00,65.0,34.52814
1995-08-22 20:02:00,38.0,40.705082
1995-08-22 20:03:00,41.0,38.129776
1995-08-22 20:04:00,39.0,31.600132
1995-08-22 20:05:00,50.0,36.829216
1995-08-22 20:06:00,40.0,38.50378
1995-08-22 20:07:00,48.0,37.432632
1995-08-22 20:08:00,61.0,41.38908
1995-08-22 20:09:00,48.0,48.397026
1995-08-22 20:10:00,51.0,44.125965
1995-08-22 20:11:00,58.0,48.50691
1995-08-22 20:12:00,43.0,52.683525
1995-08-22 20:13:00,33.0,44.49002
1995-08-22 20:14:00,38.0,44.085518
1995-08-22 20:15:00,9.0,45.363724
1995-08-22 20:16:00,26.0,35.400093
1995-08-22 20:17:00,15.0,15.087883
1995-08-22 20:18:00,23.0,31.048065
1995-08-22 20:19:00,24.0,35.0012
1995-08-22 20:20:00,61.0,33.370266
1995-08-22 20:21:00,45.0,45.490154
1995-08-22 20:22:00,21.0,26.42436
1995-08-22 20:23:00,38.0,31.037071
1995-08-22 20:24:00,31.0,27.771402
1995-08-22 20:25:00,31.0,36.923347
1995-08-22 20:26:00,24.0,31.775356
1995-08-22 20:27:00,29.0,33.88142
1995-08-22 20:28:00,29.0,32.98968
1995-08-22 20:29:00,32.0,34.433205
1995-08-22 20:30:00,40.0,33.132812
1995-08-22 20:31:00,36.0,32.5276
1995-08-22 20:32:00,40.0,31.783955
1995-08-22 20:33:00,48.0,32.384357
1995-08-22 20:34:00,78.0,41.911007
1995-08-22 20:35:00,34.0,46.660507
1995-08-22 20:36:00,29.0,35.144833
1995-08-22 20:37:00,30.0,35.48039
1995-08-22 20:38:00,36.0,33.114937
1995-08-22 20:39:00,36.0,37.82599
1995-08-22 20:40:00,42.0,38.92652
1995-08-22 20:41:00,26.0,41.4457
1995-08-22 20:42:00,42.0,34.45189
1995-08-22 20:43:00,32.0,37.312668
1995-08-22 20:44:00,19.0,25.279097
1995-08-22 20:45:00,19.0,24.91987
1995-08-22 20:46:00,25.0,31.577492
1995-08-22 20:47:00,15.0,24.960733
1995-08-22 20:48:00,16.0,20.517653
1995-08-22 20:49:00,18.0,15.249437
1995-08-22 20:50:00,20.0,28.455544
1995-08-22 20:51:00,24.0,28.049995
1995-08-22 20:52:00,14.0,22.674633
1995-08-22 20:53:00,25.0,25.925264
1995-08-22 20:54:00,25.0,22.856754
1995-08-22 20:55:00,11.0,30.48519
1995-08-22 20:56:00,22.0,26.982296
1995-08-22 20:57:00,34.0,27.878061
1995-08-22 20:58:00,13.0,27.9084
1995-08-22 20:59:00,36.0,24.792768
1995-08-22 21:00:00,24.0,23.978148
1995-08-22 21:01:00,32.0,28.208424
1995-08-22 21:02:00,46.0,27.502527
1995-08-22 21:03:00,35.0,35.051933
1995-08-22 21:04:00,47.0,32.660275
1995-08-22 21:05:00,61.0,36.332294
1995-08-22 21:06:00,26.0,24.833744
1995-08-22 21:07:00,38.0,33.99161
1995-08-22 21:08:00,35.0,35.642166
1995-08-22 21:09:00,41.0,35.227688
1995-08-22 21:10:00,34.0,31.64782
1995-08-22 21:11:00,28.0,34.86001
1995-08-22 21:12:00,46.0,32.682327
1995-08-22 21:13:00,20.0,20.54731
1995-08-22 21:14:00,27.0,25.76789
1995-08-22 21:15:00,35.0,32.9994
1995-08-22 21:16:00,28.0,34.653217
1995-08-22 21:17:00,15.0,32.321033
1995-08-22 21:18:00,42.0,24.228466
1995-08-22 21:19:00,20.0,23.138926
1995-08-22 21:20:00,27.0,29.289019
1995-08-22 21:21:00,26.0,25.61751
1995-08-22 21:22:00,31.0,24.868624
1995-08-22 21:23:00,39.0,33.080395
1995-08-22 21:24:00,36.0,36.99523
1995-08-22 21:25:00,26.0,32.161396
1995-08-22 21:26:00,43.0,29.72427
1995-08-22 21:27:00,30.0,39.751858
1995-08-22 21:28:00,14.0,26.05135
1995-08-22 21:29:00,33.0,29.365372
1995-08-22 21:30:00,27.0,33.842136
1995-08-22 21:31:00,32.0,30.487726
1995-08-22 21:32:00,19.0,30.65655
1995-08-22 21:33:00,33.0,29.295887
1995-08-22 21:34:00,29.0,26.659042
1995-08-22 21:35:00,25.0,30.058197
1995-08-22 21:36:00,28.0,25.53798
1995-08-22 21:37:00,48.0,31.801334
1995-08-22 21:38:00,57.0,39.105637
1995-08-22 21:39:00,48.0,37.642323
1995-08-22 21:40:00,63.0,39.72611
1995-08-22 21:41:00,36.0,35.57161
1995-08-22 21:42:00,32.0,39.27789
1995-08-22 21:43:00,24.0,37.677624
1995-08-22 21:44:00,27.0,28.4853
1995-08-22 21:45:00,31.0,35.53168
1995-08-22 21:46:00,23.0,35.6362
1995-08-22 21:47:00,27.0,24.504549
1995-08-22 21:48:00,30.0,25.522797
1995-08-22 21:49:00,56.0,31.792336
1995-08-22 21:50:00,62.0,39.229607
1995-08-22 21:51:00,32.0,34.8497
1995-08-22 21:52:00,47.0,31.215412
1995-08-22 21:53:00,88.0,43.711895
1995-08-22 21:54:00,29.0,43.1526
1995-08-22 21:55:00,17.0,28.42076
1995-08-22 21:56:00,25.0,25.462198
1995-08-22 21:57:00,34.0,34.116924
1995-08-22 21:58:00,39.0,38.16095
1995-08-22 21:59:00,45.0,37.227154
1995-08-22 22:00:00,27.0,41.274155
1995-08-22 22:01:00,43.0,35.925926
1995-08-22 22:02:00,34.0,42.000034
1995-08-22 22:03:00,33.0,25.072334
1995-08-22 22:04:00,40.0,31.38874
1995-08-22 22:05:00,39.0,32.24185
1995-08-22 22:06:00,14.0,17.210642
1995-08-22 22:07:00,39.0,31.631454
1995-08-22 22:08:00,25.0,40.838276
1995-08-22 22:09:00,47.0,33.053696
1995-08-22 22:10:00,44.0,40.29959
1995-08-22 22:11:00,38.0,41.433155
1995-08-22 22:12:00,22.0,20.964468
1995-08-22 22:13:00,26.0,33.59149
1995-08-22 22:14:00,26.0,33.38238
1995-08-22 22:15:00,38.0,26.66724
1995-08-22 22:16:00,11.0,36.492245
1995-08-22 22:17:00,24.0,28.139174
1995-08-22 22:18:00,38.0,30.89444
1995-08-22 22:19:00,43.0,24.192192
1995-08-22 22:20:00,42.0,38.1519
1995-08-22 22:21:00,54.0,39.051342
1995-08-22 22:22:00,42.0,41.21113
1995-08-22 22:23:00,37.0,34.020496
1995-08-22 22:24:00,36.0,37.718693
1995-08-22 22:25:00,18.0,32.59027
1995-08-22 22:26:00,13.0,29.666996
1995-08-22 22:27:00,44.0,20.43691
1995-08-22 22:28:00,22.0,37.46824
1995-08-22 22:29:00,12.0,29.908676
1995-08-22 22:30:00,42.0,24.984865
1995-08-22 22:31:00,51.0,35.82829
1995-08-22 22:32:00,33.0,40.455917
1995-08-22 22:33:00,41.0,36.145245
1995-08-22 22:34:00,28.0,40.334984
1995-08-22 22:35:00,20.0,33.969776
1995-08-22 22:36:00,18.0,29.609837
1995-08-22 22:37:00,26.0,27.74765
1995-08-22 22:38:00,23.0,18.305046
1995-08-22 22:39:00,27.0,28.367693
1995-08-22 22:40:00,14.0,29.229406
1995-08-22 22:41:00,26.0,27.365297
1995-08-22 22:42:00,22.0,27.056181
1995-08-22 22:43:00,15.0,14.185155
1995-08-22 22:44:00,19.0,15.568274
1995-08-22 22:45:00,26.0,27.959316
1995-08-22 22:46:00,17.0,19.903852
1995-08-22 22:47:00,25.0,22.950134
1995-08-22 22:48:00,24.0,25.444609
1995-08-22 22:49:00,29.0,26.463722
1995-08-22 22:50:00,20.0,30.94465
1995-08-22 22:51:00,40.0,25.292645
1995-08-22 22:52:00,34.0,34.003326
1995-08-22 22:53:00,32.0,24.140364
1995-08-22 22:54:00,25.0,19.431097
1995-08-22 22:55:00,26.0,28.501451
1995-08-22 22:56:00,29.0,18.313416
1995-08-22 22:57:00,34.0,22.340101
1995-08-22 22:58:00,55.0,30.847404
1995-08-22 22:59:00,39.0,30.044436
1995-08-22 23:00:00,44.0,37.09322
1995-08-22 23:01:00,21.0,32.70956
1995-08-22 23:02:00,40.0,31.646622
1995-08-22 23:03:00,28.0,35.39219
1995-08-22 23:04:00,19.0,22.600592
1995-08-22 23:05:00,27.0,21.884527
1995-08-22 23:06:00,27.0,24.832457
1995-08-22 23:07:00,43.0,25.923506
1995-08-22 23:08:00,67.0,29.374952
1995-08-22 23:09:00,25.0,31.560005
1995-08-22 23:10:00,26.0,21.510508
1995-08-22 23:11:00,42.0,25.398064
1995-08-22 23:12:00,39.0,36.913864
1995-08-22 23:13:00,23.0,35.426754
1995-08-22 23:14:00,10.0,19.128529
1995-08-22 23:15:00,42.0,26.689117
1995-08-22 23:16:00,25.0,30.888311
1995-08-22 23:17:00,35.0,31.722038
1995-08-22 23:18:00,34.0,34.725826
1995-08-22 23:19:00,31.0,35.017483
1995-08-22 23:20:00,19.0,16.984827
1995-08-22 23:21:00,22.0,31.268814
1995-08-22 23:22:00,40.0,29.617376
1995-08-22 23:23:00,22.0,14.803885
1995-08-22 23:24:00,17.0,18.71251
1995-08-22 23:25:00,25.0,26.862906
1995-08-22 23:26:00,22.0,19.042427
1995-08-22 23:27:00,24.0,28.519886
1995-08-22 23:28:00,25.0,16.231474
1995-08-22 23:29:00,10.0,10.966302
1995-08-22 23:30:00,13.0,16.927282
1995-08-22 23:31:00,18.0,19.32623
1995-08-22 23:32:00,24.0,22.606024
1995-08-22 23:33:00,25.0,22.728504
1995-08-22 23:34:00,27.0,25.520174
1995-08-22 23:35:00,31.0,26.812584
1995-08-22 23:36:00,34.0,23.74999
1995-08-22 23:37:00,26.0,28.913359
1995-08-22 23:38:00,9.0,17.232903
1995-08-22 23:39:00,23.0,22.100994
1995-08-22 23:40:00,25.0,27.067917
1995-08-22 23:41:00,23.0,27.627745
1995-08-22 23:42:00,27.0,27.724821
1995-08-22 23:43:00,21.0,27.445929
1995-08-22 23:44:00,29.0,21.697659
1995-08-22 23:45:00,22.0,21.15583
1995-08-22 23:46:00,24.0,21.647879
1995-08-22 23:47:00,22.0,28.06927
1995-08-22 23:48:00,31.0,28.108767
1995-08-22 23:49:00,14.0,16.398676
1995-08-22 23:50:00,34.0,23.753431
1995-08-22 23:51:00,31.0,23.013737
1995-08-22 23:52:00,19.0,8.349155
1995-08-22 23:53:00,39.0,23.092905
1995-08-22 23:54:00,13.0,26.927383
1995-08-22 23:55:00,21.0,22.55475
1995-08-22 23:56:00,29.0,24.540194
1995-08-22 23:57:00,29.0,24.760517
1995-08-22 23:58:00,46.0,19.371752
