timestamp,y_bytes_imp_t1,predicted
1995-08-16 00:00:00,155.946,616.5108
1995-08-16 00:01:00,325.66299999999995,582.1634
1995-08-16 00:02:00,181.711,522.8417
1995-08-16 00:03:00,213.621,483.7153
1995-08-16 00:04:00,303.77,466.69214
1995-08-16 00:05:00,715.0019999999998,465.16666
1995-08-16 00:06:00,117.61699999999999,457.15753
1995-08-16 00:07:00,204.34,445.1418
1995-08-16 00:08:00,160.00799999999998,432.0722
1995-08-16 00:09:00,202.59,438.32614
1995-08-16 00:10:00,92.92199999999998,435.80328
1995-08-16 00:11:00,234.608,417.9433
1995-08-16 00:12:00,265.058,408.87595
1995-08-16 00:13:00,301.609,381.70895
1995-08-16 00:14:00,248.05100000000002,390.44824
1995-08-16 00:15:00,295.33299999999997,413.15393
1995-08-16 00:16:00,114.238,408.04388
1995-08-16 00:17:00,532.451,400.20572
1995-08-16 00:18:00,269.753,384.54672
1995-08-16 00:19:00,462.654,384.45734
1995-08-16 00:20:00,465.998,388.63028
1995-08-16 00:21:00,80.387,401.9049
1995-08-16 00:22:00,479.832,411.8155
1995-08-16 00:23:00,269.485,392.97412
1995-08-16 00:24:00,869.8789999999999,396.1757
1995-08-16 00:25:00,331.93399999999997,417.83014
1995-08-16 00:26:00,515.7139999999999,500.82483
1995-08-16 00:27:00,405.683,549.1272
1995-08-16 00:28:00,387.53499999999997,573.1235
1995-08-16 00:29:00,612.249,579.6588
1995-08-16 00:30:00,160.47299999999998,581.7585
1995-08-16 00:31:00,1138.6280000000002,576.66296
1995-08-16 00:32:00,284.748,543.77203
1995-08-16 00:33:00,318.382,576.6233
1995-08-16 00:34:00,179.17900000000003,585.84485
1995-08-16 00:35:00,359.375,592.25366
1995-08-16 00:36:00,333.24,560.53174
1995-08-16 00:37:00,168.511,556.4227
1995-08-16 00:38:00,542.421,577.9922
1995-08-16 00:39:00,365.12,579.4168
1995-08-16 00:40:00,883.2819999999998,609.81165
1995-08-16 00:41:00,388.519,627.1609
1995-08-16 00:42:00,701.522,629.72614
1995-08-16 00:43:00,40.536,621.0949
1995-08-16 00:44:00,232.897,659.0882
1995-08-16 00:45:00,934.642,616.92535
1995-08-16 00:46:00,118.209,577.07605
1995-08-16 00:47:00,1555.595,558.00775
1995-08-16 00:48:00,677.177,493.67856
1995-08-16 00:49:00,1124.3439999999998,535.7646
1995-08-16 00:50:00,562.265,551.83984
1995-08-16 00:51:00,1626.9199999999998,600.0729
1995-08-16 00:52:00,1229.809,642.0566
1995-08-16 00:53:00,891.391,721.25543
1995-08-16 00:54:00,2046.339,751.7651
1995-08-16 00:55:00,803.419,780.5791
1995-08-16 00:56:00,613.812,838.5929
1995-08-16 00:57:00,875.951,842.83466
1995-08-16 00:58:00,1165.426,849.2905
1995-08-16 00:59:00,1698.2179999999998,825.7735
1995-08-16 01:00:00,480.11600000000004,822.3218
1995-08-16 01:01:00,1354.61,847.1044
1995-08-16 01:02:00,937.4670000000001,838.5723
1995-08-16 01:03:00,930.211,838.3973
1995-08-16 01:04:00,367.136,839.78955
1995-08-16 01:05:00,1259.5,846.5819
1995-08-16 01:06:00,1249.511,784.63257
1995-08-16 01:07:00,418.75,758.36414
1995-08-16 01:08:00,1421.359,767.13513
1995-08-16 01:09:00,1554.5240000000003,759.8918
1995-08-16 01:10:00,928.192,772.46844
1995-08-16 01:11:00,996.11,768.40784
1995-08-16 01:12:00,1438.2999999999997,793.5682
1995-08-16 01:13:00,189.90200000000002,797.91956
1995-08-16 01:14:00,155.625,812.91516
1995-08-16 01:15:00,502.46999999999997,760.76355
1995-08-16 01:16:00,198.421,694.28595
1995-08-16 01:17:00,234.729,640.65625
1995-08-16 01:18:00,176.062,596.2294
1995-08-16 01:19:00,447.726,557.50366
1995-08-16 01:20:00,560.428,492.99832
1995-08-16 01:21:00,594.886,478.22238
1995-08-16 01:22:00,413.50500000000005,471.6373
1995-08-16 01:23:00,786.372,476.12753
1995-08-16 01:24:00,528.656,457.35684
1995-08-16 01:25:00,172.946,456.03616
1995-08-16 01:26:00,141.911,465.20398
1995-08-16 01:27:00,45.491,459.92352
1995-08-16 01:28:00,187.93099999999998,434.4369
1995-08-16 01:29:00,424.3709999999999,403.92416
1995-08-16 01:30:00,121.792,383.98224
1995-08-16 01:31:00,568.499,394.00366
1995-08-16 01:32:00,976.6660000000002,405.78455
1995-08-16 01:33:00,80.46600000000001,423.23337
1995-08-16 01:34:00,435.15,456.02817
1995-08-16 01:35:00,128.267,436.54147
1995-08-16 01:36:00,218.416,452.67172
1995-08-16 01:37:00,433.154,472.19275
1995-08-16 01:38:00,188.75099999999998,486.10846
1995-08-16 01:39:00,225.842,513.38904
1995-08-16 01:40:00,304.403,530.75745
1995-08-16 01:41:00,698.301,527.82166
1995-08-16 01:42:00,557.958,525.61475
1995-08-16 01:43:00,340.51599999999996,525.82935
1995-08-16 01:44:00,622.5709999999999,543.2783
1995-08-16 01:45:00,414.675,525.26056
1995-08-16 01:46:00,180.40599999999998,517.6539
1995-08-16 01:47:00,84.71499999999999,495.20013
1995-08-16 01:48:00,278.58000000000004,464.86124
1995-08-16 01:49:00,215.69400000000002,428.67102
1995-08-16 01:50:00,126.139,429.7904
1995-08-16 01:51:00,191.081,427.0367
1995-08-16 01:52:00,389.155,405.80856
1995-08-16 01:53:00,141.77100000000002,392.52304
1995-08-16 01:54:00,658.2980000000001,401.94714
1995-08-16 01:55:00,567.518,416.81302
1995-08-16 01:56:00,176.946,452.082
1995-08-16 01:57:00,818.0920000000001,493.61722
1995-08-16 01:58:00,438.244,498.77948
1995-08-16 01:59:00,1408.8950000000002,518.0944
1995-08-16 02:00:00,247.865,547.92865
1995-08-16 02:01:00,1876.6170000000002,603.25037
1995-08-16 02:02:00,95.29799999999999,602.4066
1995-08-16 02:03:00,137.454,634.952
1995-08-16 02:04:00,587.878,614.4475
1995-08-16 02:05:00,161.69,545.55237
1995-08-16 02:06:00,581.677,500.8718
1995-08-16 02:07:00,521.232,467.57336
1995-08-16 02:08:00,345.327,444.9907
1995-08-16 02:09:00,478.26099999999997,460.80634
1995-08-16 02:10:00,275.127,446.26053
1995-08-16 02:11:00,97.41000000000001,415.18814
1995-08-16 02:12:00,971.823,398.0907
1995-08-16 02:13:00,78.53399999999999,341.63293
1995-08-16 02:14:00,280.882,365.0982
1995-08-16 02:15:00,255.929,369.11646
1995-08-16 02:16:00,336.0930000000001,329.0791
1995-08-16 02:17:00,637.175,319.1207
1995-08-16 02:18:00,50.108000000000004,310.85666
1995-08-16 02:19:00,605.7189999999999,337.89322
1995-08-16 02:20:00,324.32599999999996,352.68823
1995-08-16 02:21:00,353.173,363.81476
1995-08-16 02:22:00,250.292,397.5194
1995-08-16 02:23:00,248.00799999999998,437.5521
1995-08-16 02:24:00,433.217,437.89627
1995-08-16 02:25:00,116.619,453.79675
1995-08-16 02:26:00,351.65900000000005,466.2647
1995-08-16 02:27:00,152.291,448.37732
1995-08-16 02:28:00,62.80499999999999,450.93127
1995-08-16 02:29:00,61.214000000000006,420.64252
1995-08-16 02:30:00,9.508000000000001,394.33295
1995-08-16 02:31:00,1031.8509999999999,338.0426
1995-08-16 02:32:00,593.3729999999999,260.2225
1995-08-16 02:33:00,457.123,251.75597
1995-08-16 02:34:00,149.777,304.0545
1995-08-16 02:35:00,273.59000000000003,355.74063
1995-08-16 02:36:00,63.238,397.6782
1995-08-16 02:37:00,160.403,395.90186
1995-08-16 02:38:00,280.92400000000004,380.99695
1995-08-16 02:39:00,123.935,364.399
1995-08-16 02:40:00,214.49099999999999,362.03812
1995-08-16 02:41:00,180.657,364.16168
1995-08-16 02:42:00,95.35100000000001,368.357
1995-08-16 02:43:00,113.657,370.61212
1995-08-16 02:44:00,475.53100000000006,346.75192
1995-08-16 02:45:00,563.915,349.9822
1995-08-16 02:46:00,157.944,382.12457
1995-08-16 02:47:00,76.437,426.05392
1995-08-16 02:48:00,348.158,422.68414
1995-08-16 02:49:00,150.906,406.70007
1995-08-16 02:50:00,509.724,377.33414
1995-08-16 02:51:00,146.734,360.31677
1995-08-16 02:52:00,322.882,375.3801
1995-08-16 02:53:00,270.407,365.71692
1995-08-16 02:54:00,679.285,372.09238
1995-08-16 02:55:00,631.359,388.38287
1995-08-16 02:56:00,615.7909999999999,379.2518
1995-08-16 02:57:00,149.918,373.42258
1995-08-16 02:58:00,96.912,406.55188
1995-08-16 02:59:00,988.703,374.9655
1995-08-16 03:00:00,257.16700000000003,348.28082
1995-08-16 03:01:00,146.81199999999998,364.67657
1995-08-16 03:02:00,306.78999999999996,395.16977
1995-08-16 03:03:00,35.038000000000004,398.4481
1995-08-16 03:04:00,84.785,385.08588
1995-08-16 03:05:00,237.25900000000001,341.6678
1995-08-16 03:06:00,1088.819,314.19586
1995-08-16 03:07:00,179.564,308.14297
1995-08-16 03:08:00,110.431,342.82605
1995-08-16 03:09:00,214.67200000000003,359.414
1995-08-16 03:10:00,377.558,352.38235
1995-08-16 03:11:00,143.959,323.55063
1995-08-16 03:12:00,149.932,318.61743
1995-08-16 03:13:00,221.55599999999995,313.7492
1995-08-16 03:14:00,245.615,312.03262
1995-08-16 03:15:00,417.077,324.52405
1995-08-16 03:16:00,235.15800000000002,343.36176
1995-08-16 03:17:00,288.125,373.24014
1995-08-16 03:18:00,124.34900000000002,357.5556
1995-08-16 03:19:00,123.68900000000001,333.20428
1995-08-16 03:20:00,269.558,315.10724
1995-08-16 03:21:00,300.36,305.38742
1995-08-16 03:22:00,232.81900000000002,329.6315
1995-08-16 03:23:00,262.769,374.66757
1995-08-16 03:24:00,277.166,400.0071
1995-08-16 03:25:00,130.977,413.422
1995-08-16 03:26:00,208.736,403.22375
1995-08-16 03:27:00,48.401,380.0021
1995-08-16 03:28:00,148.106,385.90897
1995-08-16 03:29:00,72.355,357.7735
1995-08-16 03:30:00,210.12700000000004,343.0798
1995-08-16 03:31:00,351.58399999999995,319.26807
1995-08-16 03:32:00,171.627,304.31943
1995-08-16 03:33:00,204.05300000000003,328.57956
1995-08-16 03:34:00,170.888,353.18436
1995-08-16 03:35:00,593.5250000000001,373.19424
1995-08-16 03:36:00,242.639,393.3268
1995-08-16 03:37:00,236.0,420.47278
1995-08-16 03:38:00,358.072,417.1834
1995-08-16 03:39:00,690.6509999999998,402.10812
1995-08-16 03:40:00,249.72399999999996,410.47214
1995-08-16 03:41:00,345.88300000000004,423.6001
1995-08-16 03:42:00,375.533,410.87973
1995-08-16 03:43:00,138.843,425.85962
1995-08-16 03:44:00,526.975,434.3012
1995-08-16 03:45:00,1107.7,413.7132
1995-08-16 03:46:00,181.72500000000002,423.4109
1995-08-16 03:47:00,1384.249,446.1267
1995-08-16 03:48:00,170.71699999999998,440.84528
1995-08-16 03:49:00,775.209,455.901
1995-08-16 03:50:00,482.179,433.4845
1995-08-16 03:51:00,140.37,416.90262
1995-08-16 03:52:00,65.379,417.92728
1995-08-16 03:53:00,87.07900000000001,393.1675
1995-08-16 03:54:00,411.49399999999997,353.60248
1995-08-16 03:55:00,671.0560000000002,331.9955
1995-08-16 03:56:00,125.47500000000001,380.53296
1995-08-16 03:57:00,405.228,410.2295
1995-08-16 03:58:00,140.27100000000002,402.32617
1995-08-16 03:59:00,633.908,380.46066
1995-08-16 04:00:00,265.036,390.06726
1995-08-16 04:01:00,245.65000000000003,413.47122
1995-08-16 04:02:00,333.216,408.58072
1995-08-16 04:03:00,131.217,420.835
1995-08-16 04:04:00,393.973,421.49942
1995-08-16 04:05:00,458.726,421.30786
1995-08-16 04:06:00,1142.978,442.64542
1995-08-16 04:07:00,60.116,489.73364
1995-08-16 04:08:00,237.837,543.0819
1995-08-16 04:09:00,58.303,512.39667
1995-08-16 04:10:00,7.131,450.31488
1995-08-16 04:11:00,60.650999999999996,372.41785
1995-08-16 04:12:00,126.155,260.58304
1995-08-16 04:13:00,36.457,213.7555
1995-08-16 04:14:00,122.302,211.45377
1995-08-16 04:15:00,449.505,182.46588
1995-08-16 04:16:00,193.708,154.45612
1995-08-16 04:17:00,235.10500000000002,183.42973
1995-08-16 04:18:00,566.002,217.07437
1995-08-16 04:19:00,238.219,295.73822
1995-08-16 04:20:00,198.823,367.39474
1995-08-16 04:21:00,201.406,403.3158
1995-08-16 04:22:00,212.91500000000002,409.6517
1995-08-16 04:23:00,136.652,392.74002
1995-08-16 04:24:00,157.658,378.6669
1995-08-16 04:25:00,334.39700000000005,334.68344
1995-08-16 04:26:00,46.74099999999999,297.93277
1995-08-16 04:27:00,179.86499999999998,261.87448
1995-08-16 04:28:00,30.872999999999998,221.26155
1995-08-16 04:29:00,264.082,213.20596
1995-08-16 04:30:00,159.2,220.82155
1995-08-16 04:31:00,237.13600000000002,236.8618
1995-08-16 04:32:00,59.382999999999996,240.27238
1995-08-16 04:33:00,81.92,243.64085
1995-08-16 04:34:00,16.015,207.84312
1995-08-16 04:35:00,133.814,148.23776
1995-08-16 04:36:00,247.26000000000002,120.92795
1995-08-16 04:37:00,343.81600000000003,129.02403
1995-08-16 04:38:00,19.592,177.33974
1995-08-16 04:39:00,12.059,208.41907
1995-08-16 04:40:00,162.39899999999997,208.42542
1995-08-16 04:41:00,52.466,189.06879
1995-08-16 04:42:00,125.244,185.33763
1995-08-16 04:43:00,250.57699999999997,183.16983
1995-08-16 04:44:00,109.29799999999999,207.20665
1995-08-16 04:45:00,243.564,214.51796
1995-08-16 04:46:00,11.818,206.32268
1995-08-16 04:47:00,27.098999999999997,238.58484
1995-08-16 04:48:00,29.377,230.46997
1995-08-16 04:49:00,234.976,174.04904
1995-08-16 04:50:00,1157.766,166.02078
1995-08-16 04:51:00,14.344000000000003,210.25166
1995-08-16 04:52:00,119.91200000000002,249.42711
1995-08-16 04:53:00,352.65500000000003,256.7494
1995-08-16 04:54:00,267.924,243.09163
1995-08-16 04:55:00,3.005,265.45428
1995-08-16 04:56:00,29.039,262.55994
1995-08-16 04:57:00,24.773000000000003,227.65068
1995-08-16 04:58:00,4.179,174.97633
1995-08-16 04:59:00,250.62199999999999,149.38416
1995-08-16 05:00:00,8.034,101.82879
1995-08-16 05:01:00,125.77300000000001,102.1261
1995-08-16 05:02:00,5.732,91.630844
1995-08-16 05:03:00,89.97700000000002,139.94316
1995-08-16 05:04:00,15.214,172.16461
1995-08-16 05:05:00,52.55,184.53448
1995-08-16 05:06:00,76.20299999999999,170.18254
1995-08-16 05:07:00,49.296,153.44496
1995-08-16 05:08:00,48.92,144.07483
1995-08-16 05:09:00,66.737,120.55533
1995-08-16 05:10:00,74.764,108.39977
1995-08-16 05:11:00,282.823,118.02681
1995-08-16 05:12:00,212.31,142.27113
1995-08-16 05:13:00,16.845,195.12498
1995-08-16 05:14:00,114.21300000000001,242.73706
1995-08-16 05:15:00,101.55199999999999,249.2104
1995-08-16 05:16:00,660.9319999999999,295.26532
1995-08-16 05:17:00,144.39100000000002,301.214
1995-08-16 05:18:00,314.292,313.6703
1995-08-16 05:19:00,255.381,332.34692
1995-08-16 05:20:00,174.524,354.64346
1995-08-16 05:21:00,162.90999999999997,357.41718
1995-08-16 05:22:00,198.40799999999996,351.4984
1995-08-16 05:23:00,190.16600000000003,330.8882
1995-08-16 05:24:00,240.049,306.93475
1995-08-16 05:25:00,94.31199999999998,298.2201
1995-08-16 05:26:00,1041.836,297.53464
1995-08-16 05:27:00,148.637,298.31427
1995-08-16 05:28:00,119.523,316.60797
1995-08-16 05:29:00,386.31100000000004,333.29492
1995-08-16 05:30:00,317.426,331.5082
1995-08-16 05:31:00,203.86499999999998,330.33636
1995-08-16 05:32:00,97.32199999999999,343.46185
1995-08-16 05:33:00,119.168,335.83392
1995-08-16 05:34:00,117.021,317.83984
1995-08-16 05:35:00,433.444,298.5011
1995-08-16 05:36:00,296.347,305.42346
1995-08-16 05:37:00,464.06800000000004,310.3143
1995-08-16 05:38:00,130.62,302.46375
1995-08-16 05:39:00,171.232,334.49442
1995-08-16 05:40:00,114.026,340.5685
1995-08-16 05:41:00,368.844,325.12964
1995-08-16 05:42:00,583.597,287.5054
1995-08-16 05:43:00,47.22299999999999,281.61356
1995-08-16 05:44:00,285.00300000000004,271.9436
1995-08-16 05:45:00,1576.158,241.4604
1995-08-16 05:46:00,311.483,219.11334
1995-08-16 05:47:00,29.697999999999997,267.41446
1995-08-16 05:48:00,163.84,287.3516
1995-08-16 05:49:00,323.806,265.19528
1995-08-16 05:50:00,282.376,208.59402
1995-08-16 05:51:00,454.70199999999994,207.94904
1995-08-16 05:52:00,29.814999999999998,216.91315
1995-08-16 05:53:00,256.96999999999997,244.03706
1995-08-16 05:54:00,278.459,244.34656
1995-08-16 05:55:00,89.761,229.61377
1995-08-16 05:56:00,234.52,231.29568
1995-08-16 05:57:00,1080.518,208.3481
1995-08-16 05:58:00,170.898,224.32016
1995-08-16 05:59:00,58.962,260.96036
1995-08-16 06:00:00,84.009,260.83063
1995-08-16 06:01:00,274.846,241.99944
1995-08-16 06:02:00,64.435,217.13994
1995-08-16 06:03:00,255.177,216.51868
1995-08-16 06:04:00,159.459,203.10901
1995-08-16 06:05:00,430.163,205.22173
1995-08-16 06:06:00,95.67000000000002,198.88846
1995-08-16 06:07:00,934.274,204.63628
1995-08-16 06:08:00,494.55899999999997,199.67752
1995-08-16 06:09:00,355.269,213.20958
1995-08-16 06:10:00,1745.3750000000002,246.47624
1995-08-16 06:11:00,346.276,284.3271
1995-08-16 06:12:00,1040.789,344.34995
1995-08-16 06:13:00,26.613,354.52588
1995-08-16 06:14:00,390.273,341.11777
1995-08-16 06:15:00,37.37,299.36105
1995-08-16 06:16:00,122.628,311.60107
1995-08-16 06:17:00,241.387,306.00638
1995-08-16 06:18:00,66.029,298.37985
1995-08-16 06:19:00,168.13400000000001,310.63815
1995-08-16 06:20:00,465.77199999999993,306.86014
1995-08-16 06:21:00,849.938,290.6406
1995-08-16 06:22:00,191.487,280.16846
1995-08-16 06:23:00,208.727,341.8699
1995-08-16 06:24:00,576.595,369.15402
1995-08-16 06:25:00,848.316,378.27158
1995-08-16 06:26:00,532.68,401.5156
1995-08-16 06:27:00,117.118,415.37027
1995-08-16 06:28:00,354.945,425.04672
1995-08-16 06:29:00,774.8079999999999,414.1973
1995-08-16 06:30:00,167.168,393.17953
1995-08-16 06:31:00,174.642,418.38034
1995-08-16 06:32:00,610.206,439.51697
1995-08-16 06:33:00,517.987,441.76944
1995-08-16 06:34:00,292.586,479.2664
1995-08-16 06:35:00,1066.579,501.29358
1995-08-16 06:36:00,560.0120000000001,469.8905
1995-08-16 06:37:00,16.68,463.34872
1995-08-16 06:38:00,86.627,470.60614
1995-08-16 06:39:00,93.147,408.12656
1995-08-16 06:40:00,118.67800000000001,344.86884
1995-08-16 06:41:00,40.95,308.32095
1995-08-16 06:42:00,225.06199999999998,271.93747
1995-08-16 06:43:00,604.819,259.71353
1995-08-16 06:44:00,217.676,269.11752
1995-08-16 06:45:00,518.6949999999999,273.24426
1995-08-16 06:46:00,687.571,288.90576
1995-08-16 06:47:00,355.96399999999994,341.2979
1995-08-16 06:48:00,157.834,430.4226
1995-08-16 06:49:00,125.949,441.45358
1995-08-16 06:50:00,230.678,427.16934
1995-08-16 06:51:00,257.918,395.51138
1995-08-16 06:52:00,215.91,415.6737
1995-08-16 06:53:00,630.494,428.13394
1995-08-16 06:54:00,82.742,443.52954
1995-08-16 06:55:00,624.1850000000001,462.21716
1995-08-16 06:56:00,505.346,427.68945
1995-08-16 06:57:00,414.607,412.01785
1995-08-16 06:58:00,477.081,398.36517
1995-08-16 06:59:00,249.569,420.18198
1995-08-16 07:00:00,222.939,417.94693
1995-08-16 07:01:00,471.712,446.45004
1995-08-16 07:02:00,510.57700000000006,462.97107
1995-08-16 07:03:00,169.25600000000006,528.5272
1995-08-16 07:04:00,118.04699999999998,572.69354
1995-08-16 07:05:00,99.302,528.6647
1995-08-16 07:06:00,6.537,465.64886
1995-08-16 07:07:00,240.395,406.9883
1995-08-16 07:08:00,67.105,336.27634
1995-08-16 07:09:00,181.474,309.62717
1995-08-16 07:10:00,3.646,282.27634
1995-08-16 07:11:00,696.904,273.30838
1995-08-16 07:12:00,57.488,252.27078
1995-08-16 07:13:00,361.941,244.14522
1995-08-16 07:14:00,207.061,232.39919
1995-08-16 07:15:00,203.382,281.26306
1995-08-16 07:16:00,516.216,318.0067
1995-08-16 07:17:00,311.644,358.3508
1995-08-16 07:18:00,246.528,398.27594
1995-08-16 07:19:00,428.108,385.11273
1995-08-16 07:20:00,204.63099999999997,352.41074
1995-08-16 07:21:00,197.954,368.00372
1995-08-16 07:22:00,242.148,359.5149
1995-08-16 07:23:00,278.87,355.05362
1995-08-16 07:24:00,183.242,347.64615
1995-08-16 07:25:00,167.94899999999998,345.64154
1995-08-16 07:26:00,593.404,366.51184
1995-08-16 07:27:00,472.53499999999997,364.84583
1995-08-16 07:28:00,285.384,379.07507
1995-08-16 07:29:00,375.034,402.36908
1995-08-16 07:30:00,392.363,412.3856
1995-08-16 07:31:00,770.918,409.4893
1995-08-16 07:32:00,878.354,419.78815
1995-08-16 07:33:00,819.465,473.95206
1995-08-16 07:34:00,1461.434,540.5683
1995-08-16 07:35:00,423.79799999999994,608.3239
1995-08-16 07:36:00,842.8820000000001,674.4458
1995-08-16 07:37:00,306.887,740.94415
1995-08-16 07:38:00,335.815,805.8773
1995-08-16 07:39:00,985.06,793.56866
1995-08-16 07:40:00,1229.8709999999999,772.8735
1995-08-16 07:41:00,313.724,725.0495
1995-08-16 07:42:00,464.28900000000004,744.4829
1995-08-16 07:43:00,308.148,689.07935
1995-08-16 07:44:00,492.022,651.05786
1995-08-16 07:45:00,306.57099999999997,596.8582
1995-08-16 07:46:00,193.64,553.6075
1995-08-16 07:47:00,208.058,555.70874
1995-08-16 07:48:00,520.065,510.13876
1995-08-16 07:49:00,481.7949999999999,473.77115
1995-08-16 07:50:00,235.646,472.86258
1995-08-16 07:51:00,769.106,477.28195
1995-08-16 07:52:00,248.71,463.09595
1995-08-16 07:53:00,284.13,503.95145
1995-08-16 07:54:00,626.3149999999999,511.90558
1995-08-16 07:55:00,181.224,523.81647
1995-08-16 07:56:00,158.11,548.6851
1995-08-16 07:57:00,80.67800000000001,540.52124
1995-08-16 07:58:00,284.211,495.43127
1995-08-16 07:59:00,240.616,470.36853
1995-08-16 08:00:00,205.567,465.65952
1995-08-16 08:01:00,654.82,446.73376
1995-08-16 08:02:00,312.183,459.76135
1995-08-16 08:03:00,369.932,487.77823
1995-08-16 08:04:00,547.312,525.036
1995-08-16 08:05:00,581.5210000000001,537.41516
1995-08-16 08:06:00,520.601,565.48376
1995-08-16 08:07:00,629.387,616.17584
1995-08-16 08:08:00,261.966,644.5362
1995-08-16 08:09:00,467.053,650.7183
1995-08-16 08:10:00,579.756,631.5597
1995-08-16 08:11:00,768.904,617.6427
1995-08-16 08:12:00,480.863,619.0083
1995-08-16 08:13:00,481.385,620.05133
1995-08-16 08:14:00,408.333,644.7558
1995-08-16 08:15:00,509.57,696.48724
1995-08-16 08:16:00,1092.386,691.4261
1995-08-16 08:17:00,904.538,667.28894
1995-08-16 08:18:00,619.794,689.8182
1995-08-16 08:19:00,730.51,693.9707
1995-08-16 08:20:00,693.7959999999999,721.0539
1995-08-16 08:21:00,1693.105,758.92474
1995-08-16 08:22:00,1297.991,753.1523
1995-08-16 08:23:00,2037.974,807.8027
1995-08-16 08:24:00,2389.011,861.6021
1995-08-16 08:25:00,254.01,912.15155
1995-08-16 08:26:00,824.554,1005.1354
1995-08-16 08:27:00,870.404,984.2586
1995-08-16 08:28:00,758.107,940.215
1995-08-16 08:29:00,210.129,922.6743
1995-08-16 08:30:00,107.061,885.63477
1995-08-16 08:31:00,227.022,800.73694
1995-08-16 08:32:00,535.326,716.12335
1995-08-16 08:33:00,134.245,650.3328
1995-08-16 08:34:00,336.64099999999996,622.48413
1995-08-16 08:35:00,1079.597,557.5077
1995-08-16 08:36:00,688.17,515.5306
1995-08-16 08:37:00,1281.544,538.92883
1995-08-16 08:38:00,314.812,542.7469
1995-08-16 08:39:00,202.188,566.90594
1995-08-16 08:40:00,282.075,564.98126
1995-08-16 08:41:00,527.098,545.8324
1995-08-16 08:42:00,496.388,528.1691
1995-08-16 08:43:00,949.2819999999999,547.6158
1995-08-16 08:44:00,1100.436,552.4562
1995-08-16 08:45:00,149.496,575.95844
1995-08-16 08:46:00,146.706,622.86615
1995-08-16 08:47:00,154.575,612.55695
1995-08-16 08:48:00,199.635,604.9311
1995-08-16 08:49:00,174.445,586.4044
1995-08-16 08:50:00,749.183,557.2088
1995-08-16 08:51:00,672.3669999999998,553.9954
1995-08-16 08:52:00,516.941,592.3413
1995-08-16 08:53:00,857.111,641.1912
1995-08-16 08:54:00,625.532,672.4957
1995-08-16 08:55:00,791.012,733.7527
1995-08-16 08:56:00,541.602,730.93097
1995-08-16 08:57:00,1094.9209999999998,742.92096
1995-08-16 08:58:00,1630.853,751.64453
1995-08-16 08:59:00,515.842,789.3899
1995-08-16 09:00:00,292.606,834.5574
1995-08-16 09:01:00,1445.706,821.4818
1995-08-16 09:02:00,1226.536,774.3549
1995-08-16 09:03:00,626.814,804.7989
1995-08-16 09:04:00,900.345,831.7421
1995-08-16 09:05:00,671.0649999999999,813.0084
1995-08-16 09:06:00,404.76,805.8125
1995-08-16 09:07:00,384.4409999999999,762.7663
1995-08-16 09:08:00,405.741,712.3995
1995-08-16 09:09:00,310.866,705.9145
1995-08-16 09:10:00,659.4280000000001,687.8037
1995-08-16 09:11:00,717.822,704.91974
1995-08-16 09:12:00,494.151,761.88367
1995-08-16 09:13:00,244.93499999999997,788.7691
1995-08-16 09:14:00,158.481,808.0971
1995-08-16 09:15:00,478.15500000000003,783.3214
1995-08-16 09:16:00,912.366,736.37775
1995-08-16 09:17:00,731.348,696.4157
1995-08-16 09:18:00,478.599,686.5355
1995-08-16 09:19:00,276.588,680.82904
1995-08-16 09:20:00,280.036,677.4795
1995-08-16 09:21:00,1046.917,658.0561
1995-08-16 09:22:00,507.895,639.7515
1995-08-16 09:23:00,1667.94,679.2393
1995-08-16 09:24:00,460.801,705.13007
1995-08-16 09:25:00,491.353,754.7778
1995-08-16 09:26:00,112.221,772.41516
1995-08-16 09:27:00,572.9549999999999,774.98883
1995-08-16 09:28:00,500.175,717.05884
1995-08-16 09:29:00,751.425,728.6002
1995-08-16 09:30:00,1315.519,727.047
1995-08-16 09:31:00,333.602,728.9234
1995-08-16 09:32:00,191.969,761.3026
1995-08-16 09:33:00,421.09000000000003,732.587
1995-08-16 09:34:00,631.054,674.6649
1995-08-16 09:35:00,1024.683,637.29517
1995-08-16 09:36:00,820.044,643.9345
1995-08-16 09:37:00,517.341,691.3546
1995-08-16 09:38:00,1062.6779999999999,763.9893
1995-08-16 09:39:00,1161.368,775.2989
1995-08-16 09:40:00,457.031,837.14984
1995-08-16 09:41:00,592.59,903.1276
1995-08-16 09:42:00,894.941,884.4039
1995-08-16 09:43:00,667.708,848.7689
1995-08-16 09:44:00,577.795,847.7128
1995-08-16 09:45:00,1456.084,820.7724
1995-08-16 09:46:00,801.6269999999998,827.2291
1995-08-16 09:47:00,717.798,871.9018
1995-08-16 09:48:00,1749.2830000000004,913.8698
1995-08-16 09:49:00,1362.452,941.5344
1995-08-16 09:50:00,1486.311,964.839
1995-08-16 09:51:00,369.252,942.1164
1995-08-16 09:52:00,1237.0420000000001,967.6938
1995-08-16 09:53:00,446.991,963.15735
1995-08-16 09:54:00,522.503,915.6908
1995-08-16 09:55:00,1243.245,872.3413
1995-08-16 09:56:00,955.9550000000002,866.9013
1995-08-16 09:57:00,316.472,895.8498
1995-08-16 09:58:00,535.184,912.28125
1995-08-16 09:59:00,859.982,877.0097
1995-08-16 10:00:00,610.675,830.54456
1995-08-16 10:01:00,981.4920000000001,812.2018
1995-08-16 10:02:00,833.178,772.714
1995-08-16 10:03:00,709.575,815.2894
1995-08-16 10:04:00,1377.194,866.30804
1995-08-16 10:05:00,1223.203,923.2242
1995-08-16 10:06:00,1311.568,982.42004
1995-08-16 10:07:00,649.47,1008.1269
1995-08-16 10:08:00,350.447,1048.4423
1995-08-16 10:09:00,1879.317,1034.4368
1995-08-16 10:10:00,739.528,1011.0513
1995-08-16 10:11:00,1488.6779999999999,1030.9369
1995-08-16 10:12:00,1212.992,1010.68066
1995-08-16 10:13:00,699.987,1030.2697
1995-08-16 10:14:00,1196.144,1053.7693
1995-08-16 10:15:00,532.376,1028.5109
1995-08-16 10:16:00,2867.6650000000004,1020.71906
1995-08-16 10:17:00,1081.232,1016.5301
1995-08-16 10:18:00,616.6229999999999,1126.1244
1995-08-16 10:19:00,250.273,1184.3179
1995-08-16 10:20:00,207.24500000000003,1152.1036
1995-08-16 10:21:00,1507.866,1050.5553
1995-08-16 10:22:00,2165.8740000000003,988.6787
1995-08-16 10:23:00,1224.209,969.84625
1995-08-16 10:24:00,707.438,991.5694
1995-08-16 10:25:00,791.4219999999999,1060.353
1995-08-16 10:26:00,501.578,1076.9427
1995-08-16 10:27:00,3351.1549999999997,1069.9823
1995-08-16 10:28:00,462.755,1012.66656
1995-08-16 10:29:00,374.847,1093.0714
1995-08-16 10:30:00,495.79999999999995,1095.607
1995-08-16 10:31:00,743.027,1069.3734
1995-08-16 10:32:00,1138.336,1003.6545
1995-08-16 10:33:00,1617.2649999999999,963.31854
1995-08-16 10:34:00,1067.414,969.2827
1995-08-16 10:35:00,641.7620000000001,991.7697
1995-08-16 10:36:00,944.1039999999999,1007.6244
1995-08-16 10:37:00,611.124,968.79016
1995-08-16 10:38:00,455.0009999999999,925.9668
1995-08-16 10:39:00,1448.413,878.51935
1995-08-16 10:40:00,504.625,904.68695
1995-08-16 10:41:00,523.206,914.62463
1995-08-16 10:42:00,1882.426,897.381
1995-08-16 10:43:00,1969.492,837.4937
1995-08-16 10:44:00,1697.8349999999998,830.88446
1995-08-16 10:45:00,564.571,866.8708
1995-08-16 10:46:00,1142.927,896.9274
1995-08-16 10:47:00,1537.8310000000001,930.08594
1995-08-16 10:48:00,994.25,949.40234
1995-08-16 10:49:00,1049.742,993.4646
1995-08-16 10:50:00,676.8049999999998,1016.709
1995-08-16 10:51:00,1466.947,991.18884
1995-08-16 10:52:00,960.3639999999999,1007.11383
1995-08-16 10:53:00,950.764,1070.1909
1995-08-16 10:54:00,1639.9830000000002,1075.0206
1995-08-16 10:55:00,1998.911,1040.7008
1995-08-16 10:56:00,664.376,1057.7029
1995-08-16 10:57:00,467.254,1092.8044
1995-08-16 10:58:00,954.41,1104.6605
1995-08-16 10:59:00,2098.876,1087.5986
1995-08-16 11:00:00,1591.519,1069.4597
1995-08-16 11:01:00,736.043,1126.1869
1995-08-16 11:02:00,1288.5560000000003,1161.3899
1995-08-16 11:03:00,903.584,1129.3744
1995-08-16 11:04:00,345.12600000000003,1101.4971
1995-08-16 11:05:00,544.8919999999999,1079.9636
1995-08-16 11:06:00,895.6469999999999,1007.0431
1995-08-16 11:07:00,1017.64,922.54425
1995-08-16 11:08:00,763.965,891.356
1995-08-16 11:09:00,1885.8590000000002,926.28094
1995-08-16 11:10:00,1028.215,954.9427
1995-08-16 11:11:00,945.929,1014.2506
1995-08-16 11:12:00,715.362,1038.3652
1995-08-16 11:13:00,370.792,1052.823
1995-08-16 11:14:00,373.012,1058.965
1995-08-16 11:15:00,699.396,1010.6503
1995-08-16 11:16:00,1534.208,964.74927
1995-08-16 11:17:00,1269.95,920.6096
1995-08-16 11:18:00,714.5100000000001,905.58765
1995-08-16 11:19:00,1260.276,908.8261
1995-08-16 11:20:00,1228.639,909.9206
1995-08-16 11:21:00,603.508,918.54846
1995-08-16 11:22:00,956.7780000000001,999.5645
1995-08-16 11:23:00,539.634,1032.7843
1995-08-16 11:24:00,213.724,1039.6322
1995-08-16 11:25:00,345.593,1019.0356
1995-08-16 11:26:00,721.0980000000001,966.6669
1995-08-16 11:27:00,573.833,904.4009
1995-08-16 11:28:00,688.302,863.38074
1995-08-16 11:29:00,1090.387,850.9866
1995-08-16 11:30:00,1015.883,859.2711
1995-08-16 11:31:00,528.726,864.0442
1995-08-16 11:32:00,841.834,897.7871
1995-08-16 11:33:00,3199.5930000000003,907.0691
1995-08-16 11:34:00,1302.9979999999998,944.198
1995-08-16 11:35:00,1514.842,1070.6257
1995-08-16 11:36:00,878.0879999999999,1161.2096
1995-08-16 11:37:00,773.05,1240.5815
1995-08-16 11:38:00,957.338,1255.1907
1995-08-16 11:39:00,766.875,1297.0752
1995-08-16 11:40:00,1408.3,1289.5367
1995-08-16 11:41:00,1906.979,1235.5785
1995-08-16 11:42:00,1287.248,1182.836
1995-08-16 11:43:00,1525.1779999999999,1187.5518
1995-08-16 11:44:00,732.383,1209.488
1995-08-16 11:45:00,877.321,1211.6736
1995-08-16 11:46:00,1115.003,1174.4647
1995-08-16 11:47:00,1083.263,1124.9354
1995-08-16 11:48:00,1936.78,1157.0201
1995-08-16 11:49:00,1078.836,1143.2388
1995-08-16 11:50:00,1121.82,1193.2722
1995-08-16 11:51:00,1348.023,1261.9432
1995-08-16 11:52:00,1024.58,1265.46
1995-08-16 11:53:00,735.57,1262.339
1995-08-16 11:54:00,826.434,1283.3463
1995-08-16 11:55:00,848.414,1259.8823
1995-08-16 11:56:00,699.258,1225.4896
1995-08-16 11:57:00,1172.047,1170.7227
1995-08-16 11:58:00,910.356,1106.3236
1995-08-16 11:59:00,698.827,1049.8954
1995-08-16 12:00:00,1450.1000000000001,965.4667
1995-08-16 12:01:00,1546.1299999999999,888.8397
1995-08-16 12:02:00,1160.444,902.1925
1995-08-16 12:03:00,1040.903,943.663
1995-08-16 12:04:00,600.775,980.24066
1995-08-16 12:05:00,851.156,1000.6494
1995-08-16 12:06:00,1081.792,979.3024
1995-08-16 12:07:00,2123.566,977.0681
1995-08-16 12:08:00,1600.088,1019.42145
1995-08-16 12:09:00,896.7730000000001,1071.4474
1995-08-16 12:10:00,1135.307,1122.2682
1995-08-16 12:11:00,504.372,1161.844
1995-08-16 12:12:00,431.724,1140.4568
1995-08-16 12:13:00,756.787,1104.9108
1995-08-16 12:14:00,711.954,1077.1028
1995-08-16 12:15:00,1635.95,1088.5521
1995-08-16 12:16:00,531.044,1103.1741
1995-08-16 12:17:00,452.71,1135.0138
1995-08-16 12:18:00,762.8729999999998,1106.9136
1995-08-16 12:19:00,557.116,1060.287
1995-08-16 12:20:00,563.89,1053.4551
1995-08-16 12:21:00,662.616,1052.6713
1995-08-16 12:22:00,532.675,1005.2524
1995-08-16 12:23:00,428.563,963.6122
1995-08-16 12:24:00,861.505,910.725
1995-08-16 12:25:00,620.999,834.5101
1995-08-16 12:26:00,710.389,806.23114
1995-08-16 12:27:00,615.624,770.8098
1995-08-16 12:28:00,453.174,784.55725
1995-08-16 12:29:00,1396.168,793.39124
1995-08-16 12:30:00,845.304,818.6741
1995-08-16 12:31:00,1521.752,891.6178
1995-08-16 12:32:00,591.906,931.5198
1995-08-16 12:33:00,1344.215,984.4799
1995-08-16 12:34:00,3899.8460000000005,998.61884
1995-08-16 12:35:00,551.726,998.7333
1995-08-16 12:36:00,1438.131,1137.1455
1995-08-16 12:37:00,1307.962,1170.2218
1995-08-16 12:38:00,873.363,1207.4508
1995-08-16 12:39:00,600.877,1225.9596
1995-08-16 12:40:00,721.002,1215.525
1995-08-16 12:41:00,424.3999999999999,1194.54
1995-08-16 12:42:00,722.7489999999999,1158.0782
1995-08-16 12:43:00,876.076,1114.549
1995-08-16 12:44:00,1194.0049999999999,1107.3108
1995-08-16 12:45:00,1045.298,1115.8632
1995-08-16 12:46:00,685.671,1100.0686
1995-08-16 12:47:00,800.617,1111.7439
1995-08-16 12:48:00,680.694,1072.4663
1995-08-16 12:49:00,479.828,1033.1199
1995-08-16 12:50:00,447.195,1015.47986
1995-08-16 12:51:00,437.273,946.1364
1995-08-16 12:52:00,559.652,887.22546
1995-08-16 12:53:00,700.498,840.3929
1995-08-16 12:54:00,844.622,802.4413
1995-08-16 12:55:00,1631.691,793.27686
1995-08-16 12:56:00,279.062,812.37036
1995-08-16 12:57:00,539.399,869.1427
1995-08-16 12:58:00,2150.271,874.41064
1995-08-16 12:59:00,805.031,858.77655
1995-08-16 13:00:00,722.9970000000001,887.05725
1995-08-16 13:01:00,428.05100000000004,913.99695
1995-08-16 13:02:00,373.9649999999999,919.6487
1995-08-16 13:03:00,1322.432,889.88275
1995-08-16 13:04:00,1652.014,862.8588
1995-08-16 13:05:00,714.2890000000001,895.86346
1995-08-16 13:06:00,231.034,925.56177
1995-08-16 13:07:00,1054.317,925.02856
1995-08-16 13:08:00,1591.034,897.3167
1995-08-16 13:09:00,563.535,925.5783
1995-08-16 13:10:00,555.993,928.8218
1995-08-16 13:11:00,1823.4490000000003,924.6848
1995-08-16 13:12:00,591.094,932.445
1995-08-16 13:13:00,1144.216,977.7838
1995-08-16 13:14:00,439.079,970.7547
1995-08-16 13:15:00,354.31600000000003,975.7909
1995-08-16 13:16:00,567.509,964.9373
1995-08-16 13:17:00,1084.697,938.57605
1995-08-16 13:18:00,525.532,942.31464
1995-08-16 13:19:00,2087.84,953.97186
1995-08-16 13:20:00,1784.148,965.91003
1995-08-16 13:21:00,1558.7419999999997,1061.2081
1995-08-16 13:22:00,1028.506,1170.0162
1995-08-16 13:23:00,903.269,1214.4955
1995-08-16 13:24:00,704.321,1269.4286
1995-08-16 13:25:00,3015.08,1254.7711
1995-08-16 13:26:00,1016.763,1219.6772
1995-08-16 13:27:00,1097.562,1280.2015
1995-08-16 13:28:00,2092.838,1277.1152
1995-08-16 13:29:00,1503.633,1314.6453
1995-08-16 13:30:00,2025.439,1359.772
1995-08-16 13:31:00,1542.834,1378.6514
1995-08-16 13:32:00,986.194,1380.8629
1995-08-16 13:33:00,2121.182,1381.4476
1995-08-16 13:34:00,1703.139,1382.6267
1995-08-16 13:35:00,589.4399999999999,1400.4028
1995-08-16 13:36:00,887.29,1412.3958
1995-08-16 13:37:00,2515.34,1325.7235
1995-08-16 13:38:00,2503.891,1263.7201
1995-08-16 13:39:00,2368.142,1316.1022
1995-08-16 13:40:00,1502.12,1381.7767
1995-08-16 13:41:00,4137.069,1478.2948
1995-08-16 13:42:00,1712.6950000000002,1529.348
1995-08-16 13:43:00,1934.0900000000001,1609.9067
1995-08-16 13:44:00,958.411,1620.0952
1995-08-16 13:45:00,981.681,1661.7594
1995-08-16 13:46:00,1962.615,1631.4594
1995-08-16 13:47:00,1315.2949999999996,1606.3682
1995-08-16 13:48:00,840.321,1606.8115
1995-08-16 13:49:00,1742.17,1518.1539
1995-08-16 13:50:00,467.187,1432.741
1995-08-16 13:51:00,881.765,1381.5825
1995-08-16 13:52:00,1774.27,1288.8931
1995-08-16 13:53:00,1046.432,1197.5558
1995-08-16 13:54:00,825.343,1183.0669
1995-08-16 13:55:00,1721.8729999999998,1131.7653
1995-08-16 13:56:00,1096.358,1093.9329
1995-08-16 13:57:00,895.273,1103.1489
1995-08-16 13:58:00,1135.789,1110.0114
1995-08-16 13:59:00,1302.4020000000003,1101.7839
1995-08-16 14:00:00,1705.0660000000003,1111.184
1995-08-16 14:01:00,867.965,1147.165
1995-08-16 14:02:00,803.8670000000001,1185.0883
1995-08-16 14:03:00,1269.989,1204.3362
1995-08-16 14:04:00,1723.752,1197.3234
1995-08-16 14:05:00,1223.769,1215.5804
1995-08-16 14:06:00,817.778,1282.8069
1995-08-16 14:07:00,619.62,1277.7975
1995-08-16 14:08:00,809.86,1312.3185
1995-08-16 14:09:00,1226.646,1311.2173
1995-08-16 14:10:00,1876.1319999999998,1297.6464
1995-08-16 14:11:00,1024.287,1282.725
1995-08-16 14:12:00,1086.9560000000001,1312.6017
1995-08-16 14:13:00,1206.459,1357.5984
1995-08-16 14:14:00,1695.693,1397.8672
1995-08-16 14:15:00,835.75,1420.2646
1995-08-16 14:16:00,915.2860000000001,1458.3846
1995-08-16 14:17:00,2162.292,1446.1016
1995-08-16 14:18:00,1167.016,1407.51
1995-08-16 14:19:00,598.39,1411.1069
1995-08-16 14:20:00,689.549,1418.7365
1995-08-16 14:21:00,1118.382,1338.8145
1995-08-16 14:22:00,929.678,1252.576
1995-08-16 14:23:00,631.693,1213.5402
1995-08-16 14:24:00,442.599,1186.4711
1995-08-16 14:25:00,799.7750000000001,1145.1598
1995-08-16 14:26:00,599.321,1065.7041
1995-08-16 14:27:00,1049.749,1050.1028
1995-08-16 14:28:00,837.625,1003.5796
1995-08-16 14:29:00,930.992,1008.63983
1995-08-16 14:30:00,1161.113,1024.7346
1995-08-16 14:31:00,1177.249,1064.8568
1995-08-16 14:32:00,830.2839999999999,1078.719
1995-08-16 14:33:00,1608.5100000000002,1103.3895
1995-08-16 14:34:00,647.841,1100.8005
1995-08-16 14:35:00,1141.198,1148.2375
1995-08-16 14:36:00,1202.776,1112.3082
1995-08-16 14:37:00,2029.966,1132.136
1995-08-16 14:38:00,1703.979,1178.118
1995-08-16 14:39:00,1338.3009999999997,1283.7465
1995-08-16 14:40:00,2181.187,1366.8574
1995-08-16 14:41:00,1018.6110000000001,1387.4318
1995-08-16 14:42:00,2774.7229999999995,1439.1023
1995-08-16 14:43:00,1206.994,1443.993
1995-08-16 14:44:00,2103.7509999999997,1515.7614
1995-08-16 14:45:00,486.953,1491.5323
1995-08-16 14:46:00,586.192,1524.1016
1995-08-16 14:47:00,1458.0939999999996,1432.4614
1995-08-16 14:48:00,591.302,1316.5184
1995-08-16 14:49:00,476.61400000000003,1235.0355
1995-08-16 14:50:00,711.173,1177.2401
1995-08-16 14:51:00,891.953,1117.8904
1995-08-16 14:52:00,1957.9529999999997,1034.4406
1995-08-16 14:53:00,266.549,1048.3806
1995-08-16 14:54:00,845.75,1085.837
1995-08-16 14:55:00,1604.202,1063.0735
1995-08-16 14:56:00,627.189,995.4811
1995-08-16 14:57:00,543.2860000000001,976.7323
1995-08-16 14:58:00,556.775,948.22174
1995-08-16 14:59:00,473.64099999999996,928.8551
1995-08-16 15:00:00,345.1549999999999,949.8637
1995-08-16 15:01:00,1719.6270000000002,980.7667
1995-08-16 15:02:00,326.45799999999997,933.5549
1995-08-16 15:03:00,880.096,946.15643
1995-08-16 15:04:00,604.646,884.34717
1995-08-16 15:05:00,859.633,909.35974
1995-08-16 15:06:00,383.62,908.6179
1995-08-16 15:07:00,463.228,904.0469
1995-08-16 15:08:00,858.325,905.3593
1995-08-16 15:09:00,357.507,918.05475
1995-08-16 15:10:00,952.5329999999999,947.8456
1995-08-16 15:11:00,459.867,950.0696
1995-08-16 15:12:00,332.7799999999999,958.58344
1995-08-16 15:13:00,221.47,936.09045
1995-08-16 15:14:00,672.158,867.0645
1995-08-16 15:15:00,1137.712,800.8798
1995-08-16 15:16:00,273.208,791.6478
1995-08-16 15:17:00,864.566,799.17664
1995-08-16 15:18:00,688.244,782.23627
1995-08-16 15:19:00,1382.644,800.0418
1995-08-16 15:20:00,837.654,823.3811
1995-08-16 15:21:00,988.3420000000001,907.18555
1995-08-16 15:22:00,1178.0130000000001,1001.6381
1995-08-16 15:23:00,1088.855,1091.8755
1995-08-16 15:24:00,2737.7410000000004,1179.5681
1995-08-16 15:25:00,685.6949999999999,1266.4977
1995-08-16 15:26:00,1322.7540000000001,1401.5826
1995-08-16 15:27:00,1952.6160000000002,1443.8839
1995-08-16 15:28:00,4210.378,1465.2048
1995-08-16 15:29:00,2635.727,1505.2028
1995-08-16 15:30:00,935.899,1671.1483
1995-08-16 15:31:00,2543.557,1748.3134
1995-08-16 15:32:00,1832.283,1733.7065
1995-08-16 15:33:00,1042.933,1797.245
1995-08-16 15:34:00,1305.356,1800.1307
1995-08-16 15:35:00,1263.379,1716.9866
1995-08-16 15:36:00,760.217,1630.6914
1995-08-16 15:37:00,1076.413,1599.694
1995-08-16 15:38:00,1052.702,1536.2184
1995-08-16 15:39:00,1218.978,1487.2766
1995-08-16 15:40:00,1006.597,1423.4465
1995-08-16 15:41:00,505.96399999999994,1385.4683
1995-08-16 15:42:00,929.111,1326.6699
1995-08-16 15:43:00,737.7520000000002,1216.8604
1995-08-16 15:44:00,1084.3020000000001,1148.7783
1995-08-16 15:45:00,621.378,1106.7743
1995-08-16 15:46:00,1446.426,1070.7837
1995-08-16 15:47:00,3227.446,1009.33826
1995-08-16 15:48:00,925.915,1023.50793
1995-08-16 15:49:00,591.598,1129.5387
1995-08-16 15:50:00,580.335,1171.8082
1995-08-16 15:51:00,452.472,1130.644
1995-08-16 15:52:00,2150.31,1085.7623
1995-08-16 15:53:00,644.408,1037.3469
1995-08-16 15:54:00,284.64,1046.2247
1995-08-16 15:55:00,133.123,1062.8313
1995-08-16 15:56:00,613.1179999999999,1015.6648
1995-08-16 15:57:00,733.314,927.38055
1995-08-16 15:58:00,566.496,856.4201
1995-08-16 15:59:00,835.9830000000001,797.0114
1995-08-16 16:00:00,761.2810000000001,806.6661
1995-08-16 16:01:00,774.22,879.49316
1995-08-16 16:02:00,647.67,899.98267
1995-08-16 16:03:00,671.051,930.10754
1995-08-16 16:04:00,1080.093,929.1777
1995-08-16 16:05:00,479.201,956.859
1995-08-16 16:06:00,1033.766,1017.7184
1995-08-16 16:07:00,1240.483,1011.419
1995-08-16 16:08:00,811.9489999999998,1007.0695
1995-08-16 16:09:00,892.4970000000001,985.3108
1995-08-16 16:10:00,792.7139999999999,986.2179
1995-08-16 16:11:00,1492.3200000000002,980.212
1995-08-16 16:12:00,304.232,980.0107
1995-08-16 16:13:00,761.89,999.85187
1995-08-16 16:14:00,565.276,968.83575
1995-08-16 16:15:00,1262.906,964.974
1995-08-16 16:16:00,2285.022,1003.7479
1995-08-16 16:17:00,1476.716,1098.1902
1995-08-16 16:18:00,1020.011,1217.7465
1995-08-16 16:19:00,768.4020000000002,1288.905
1995-08-16 16:20:00,745.091,1289.5342
1995-08-16 16:21:00,786.7099999999999,1264.91
1995-08-16 16:22:00,767.465,1221.1511
1995-08-16 16:23:00,1164.397,1200.9471
1995-08-16 16:24:00,584.199,1200.9551
1995-08-16 16:25:00,1320.725,1230.4126
1995-08-16 16:26:00,824.2189999999999,1241.8495
1995-08-16 16:27:00,1474.607,1253.2017
1995-08-16 16:28:00,1694.599,1257.5331
1995-08-16 16:29:00,1639.653,1302.6171
1995-08-16 16:30:00,1547.0900000000001,1335.7863
1995-08-16 16:31:00,2398.382,1402.9092
1995-08-16 16:32:00,1922.844,1436.0392
1995-08-16 16:33:00,1075.238,1462.3618
1995-08-16 16:34:00,1778.209,1488.816
1995-08-16 16:35:00,1205.392,1489.5276
1995-08-16 16:36:00,244.587,1467.84
1995-08-16 16:37:00,0.0,1353.8177
1995-08-16 16:38:00,229.376,1211.0864
1995-08-16 16:39:00,0.0,968.0637
1995-08-16 16:40:00,0.0,754.31604
1995-08-16 16:41:00,378.04599999999994,554.8602
1995-08-16 16:42:00,683.2719999999999,403.93002
1995-08-16 16:43:00,1251.533,372.7398
1995-08-16 16:44:00,872.343,454.83014
1995-08-16 16:45:00,879.7180000000001,632.9185
1995-08-16 16:46:00,1038.333,785.72406
1995-08-16 16:47:00,527.917,895.2959
1995-08-16 16:48:00,1219.049,972.2382
1995-08-16 16:49:00,1339.3419999999999,1003.61316
1995-08-16 16:50:00,489.59,1052.5713
1995-08-16 16:51:00,378.3949999999999,1098.5244
1995-08-16 16:52:00,3402.557,1101.6288
1995-08-16 16:53:00,448.071,1040.1686
1995-08-16 16:54:00,540.191,1056.9521
1995-08-16 16:55:00,864.2379999999999,1025.2074
1995-08-16 16:56:00,516.55,1026.4043
1995-08-16 16:57:00,611.444,1052.9346
1995-08-16 16:58:00,710.031,1046.6073
1995-08-16 16:59:00,2162.495,1019.27386
1995-08-16 17:00:00,804.373,1007.37897
1995-08-16 17:01:00,780.9760000000001,1036.3586
1995-08-16 17:02:00,980.7210000000001,1049.4523
1995-08-16 17:03:00,810.597,1057.2106
1995-08-16 17:04:00,969.3600000000001,1046.2202
1995-08-16 17:05:00,774.7339999999999,1058.9532
1995-08-16 17:06:00,877.151,1067.9325
1995-08-16 17:07:00,1252.657,1024.273
1995-08-16 17:08:00,1405.7050000000002,1020.07947
1995-08-16 17:09:00,2363.546,1065.1191
1995-08-16 17:10:00,1576.641,1098.294
1995-08-16 17:11:00,1768.1789999999999,1166.1622
1995-08-16 17:12:00,1491.398,1254.4034
1995-08-16 17:13:00,3269.5,1326.6951
1995-08-16 17:14:00,1560.093,1377.369
1995-08-16 17:15:00,695.453,1449.9929
1995-08-16 17:16:00,1698.082,1477.0798
1995-08-16 17:17:00,1739.9370000000001,1472.7826
1995-08-16 17:18:00,934.485,1479.125
1995-08-16 17:19:00,1172.568,1425.2307
1995-08-16 17:20:00,1316.829,1331.1173
1995-08-16 17:21:00,946.485,1223.9235
1995-08-16 17:22:00,1288.4540000000002,1148.4541
1995-08-16 17:23:00,1045.779,1079.0636
1995-08-16 17:24:00,279.042,1047.7074
1995-08-16 17:25:00,415.71999999999997,978.3132
1995-08-16 17:26:00,705.4689999999998,919.958
1995-08-16 17:27:00,365.992,860.7619
1995-08-16 17:28:00,410.848,813.63165
1995-08-16 17:29:00,1040.581,765.7699
1995-08-16 17:30:00,601.26,745.62756
1995-08-16 17:31:00,394.999,759.8414
1995-08-16 17:32:00,343.87200000000007,759.4241
1995-08-16 17:33:00,728.665,767.749
1995-08-16 17:34:00,1513.3029999999999,751.1907
1995-08-16 17:35:00,1118.675,751.8193
1995-08-16 17:36:00,511.734,826.3986
1995-08-16 17:37:00,1138.526,880.2463
1995-08-16 17:38:00,848.6860000000001,922.43823
1995-08-16 17:39:00,2124.891,999.70435
1995-08-16 17:40:00,2297.7509999999997,1050.7227
1995-08-16 17:41:00,871.536,1096.5386
1995-08-16 17:42:00,1075.806,1181.8752
1995-08-16 17:43:00,906.61,1226.3208
1995-08-16 17:44:00,381.06,1251.8302
1995-08-16 17:45:00,578.947,1227.0433
1995-08-16 17:46:00,491.26199999999994,1120.5823
1995-08-16 17:47:00,573.321,1050.6642
1995-08-16 17:48:00,666.504,979.91174
1995-08-16 17:49:00,686.384,906.78845
1995-08-16 17:50:00,554.502,864.9434
1995-08-16 17:51:00,787.5830000000001,849.35767
1995-08-16 17:52:00,563.632,839.6546
1995-08-16 17:53:00,932.8340000000002,850.4717
1995-08-16 17:54:00,415.624,823.16296
1995-08-16 17:55:00,689.467,805.0161
1995-08-16 17:56:00,846.1409999999998,789.50854
1995-08-16 17:57:00,253.58499999999998,808.66565
1995-08-16 17:58:00,181.068,829.2356
1995-08-16 17:59:00,1260.988,798.16705
1995-08-16 18:00:00,819.324,739.33405
1995-08-16 18:01:00,711.6029999999998,759.98193
1995-08-16 18:02:00,438.612,786.9069
1995-08-16 18:03:00,689.2909999999999,815.36914
1995-08-16 18:04:00,2668.1789999999996,811.6132
1995-08-16 18:05:00,830.225,790.7183
1995-08-16 18:06:00,892.7080000000001,845.9317
1995-08-16 18:07:00,572.8779999999999,826.11597
1995-08-16 18:08:00,328.507,826.40045
1995-08-16 18:09:00,722.977,815.99945
1995-08-16 18:10:00,1356.991,804.4585
1995-08-16 18:11:00,1232.4279999999999,823.8567
1995-08-16 18:12:00,2498.517,870.64166
1995-08-16 18:13:00,618.106,902.08527
1995-08-16 18:14:00,2468.9739999999997,1007.7793
1995-08-16 18:15:00,370.759,1064.5042
1995-08-16 18:16:00,982.65,1148.2479
1995-08-16 18:17:00,353.331,1153.4518
1995-08-16 18:18:00,448.16700000000003,1132.5521
1995-08-16 18:19:00,749.438,1102.57
1995-08-16 18:20:00,484.071,1043.6254
1995-08-16 18:21:00,1419.747,969.9258
1995-08-16 18:22:00,314.781,899.45526
1995-08-16 18:23:00,234.238,881.94696
1995-08-16 18:24:00,160.738,826.5604
1995-08-16 18:25:00,171.521,785.9355
1995-08-16 18:26:00,532.353,682.13586
1995-08-16 18:27:00,1436.847,616.6827
1995-08-16 18:28:00,590.178,588.2425
1995-08-16 18:29:00,792.0029999999998,614.7301
1995-08-16 18:30:00,313.528,635.213
1995-08-16 18:31:00,723.534,658.1084
1995-08-16 18:32:00,349.483,686.3163
1995-08-16 18:33:00,287.724,715.6934
1995-08-16 18:34:00,372.799,740.72296
1995-08-16 18:35:00,1272.882,695.64594
1995-08-16 18:36:00,833.655,682.5134
1995-08-16 18:37:00,1517.914,739.8495
1995-08-16 18:38:00,1036.768,787.54755
1995-08-16 18:39:00,249.439,846.8187
1995-08-16 18:40:00,584.676,895.3364
1995-08-16 18:41:00,1158.847,874.42615
1995-08-16 18:42:00,772.946,839.516
1995-08-16 18:43:00,962.2180000000001,848.9977
1995-08-16 18:44:00,841.847,861.4727
1995-08-16 18:45:00,743.0110000000001,883.34705
1995-08-16 18:46:00,725.578,911.9397
1995-08-16 18:47:00,461.734,888.92474
1995-08-16 18:48:00,1036.443,883.6815
1995-08-16 18:49:00,766.11,876.4023
1995-08-16 18:50:00,726.5790000000001,858.2545
1995-08-16 18:51:00,713.4330000000001,866.63336
1995-08-16 18:52:00,1250.156,871.4234
1995-08-16 18:53:00,1902.787,856.87103
1995-08-16 18:54:00,1862.289,880.32245
1995-08-16 18:55:00,2582.3160000000003,952.4896
1995-08-16 18:56:00,640.398,1035.021
1995-08-16 18:57:00,1046.882,1124.633
1995-08-16 18:58:00,909.829,1156.7643
1995-08-16 18:59:00,673.52,1125.3846
1995-08-16 19:00:00,425.39799999999997,1074.708
1995-08-16 19:01:00,301.723,1000.5029
1995-08-16 19:02:00,744.0120000000001,921.0
1995-08-16 19:03:00,523.223,911.2832
1995-08-16 19:04:00,1910.834,888.3133
1995-08-16 19:05:00,585.182,876.09015
1995-08-16 19:06:00,388.6379999999999,920.4683
1995-08-16 19:07:00,964.4060000000001,902.6932
1995-08-16 19:08:00,747.5709999999999,859.2003
1995-08-16 19:09:00,162.078,859.01776
1995-08-16 19:10:00,558.882,865.7778
1995-08-16 19:11:00,364.729,829.09607
1995-08-16 19:12:00,245.23199999999997,823.2547
1995-08-16 19:13:00,264.706,788.99506
1995-08-16 19:14:00,452.406,724.5441
1995-08-16 19:15:00,359.41299999999995,665.467
1995-08-16 19:16:00,790.231,612.77325
1995-08-16 19:17:00,413.543,595.6541
1995-08-16 19:18:00,582.664,628.09863
1995-08-16 19:19:00,597.034,667.854
1995-08-16 19:20:00,1254.885,711.3915
1995-08-16 19:21:00,502.05899999999997,761.1868
1995-08-16 19:22:00,968.505,791.43475
1995-08-16 19:23:00,658.836,811.01154
1995-08-16 19:24:00,640.1049999999999,801.28455
1995-08-16 19:25:00,103.971,796.82416
1995-08-16 19:26:00,395.681,788.3629
1995-08-16 19:27:00,446.538,758.5834
1995-08-16 19:28:00,259.119,711.607
1995-08-16 19:29:00,1091.819,688.9624
1995-08-16 19:30:00,377.26500000000004,671.85645
1995-08-16 19:31:00,151.632,685.5207
1995-08-16 19:32:00,1212.736,657.5522
1995-08-16 19:33:00,628.2719999999999,625.9536
1995-08-16 19:34:00,89.204,645.0337
1995-08-16 19:35:00,326.3490000000001,669.5916
1995-08-16 19:36:00,440.178,641.6379
1995-08-16 19:37:00,351.81399999999996,627.30743
1995-08-16 19:38:00,216.42100000000002,628.7051
1995-08-16 19:39:00,150.528,621.2618
1995-08-16 19:40:00,1544.729,599.4575
1995-08-16 19:41:00,448.961,572.0534
1995-08-16 19:42:00,628.492,622.8058
1995-08-16 19:43:00,1890.768,675.31757
1995-08-16 19:44:00,582.285,709.25116
1995-08-16 19:45:00,457.496,784.461
1995-08-16 19:46:00,293.648,828.0727
1995-08-16 19:47:00,372.37399999999997,832.0355
1995-08-16 19:48:00,707.3809999999999,817.39307
1995-08-16 19:49:00,302.518,800.3902
1995-08-16 19:50:00,742.537,784.40485
1995-08-16 19:51:00,1279.237,771.0096
1995-08-16 19:52:00,798.507,768.885
1995-08-16 19:53:00,258.694,793.8272
1995-08-16 19:54:00,736.4269999999998,819.65015
1995-08-16 19:55:00,407.851,775.7885
1995-08-16 19:56:00,490.965,801.79736
1995-08-16 19:57:00,1205.112,803.4537
1995-08-16 19:58:00,1290.207,799.2806
1995-08-16 19:59:00,403.085,813.02936
1995-08-16 20:00:00,958.5989999999998,857.5213
1995-08-16 20:01:00,551.896,876.9553
1995-08-16 20:02:00,968.082,882.89935
1995-08-16 20:03:00,954.1669999999999,872.0827
1995-08-16 20:04:00,491.309,886.7201
1995-08-16 20:05:00,824.1329999999998,966.60376
1995-08-16 20:06:00,155.934,965.6012
1995-08-16 20:07:00,456.187,952.90875
1995-08-16 20:08:00,274.94,862.501
1995-08-16 20:09:00,435.455,813.1856
1995-08-16 20:10:00,462.466,732.86505
1995-08-16 20:11:00,762.029,732.086
1995-08-16 20:12:00,776.635,737.3721
1995-08-16 20:13:00,1178.664,748.9751
1995-08-16 20:14:00,466.927,779.4922
1995-08-16 20:15:00,424.568,799.3286
1995-08-16 20:16:00,1947.5000000000005,776.2301
1995-08-16 20:17:00,362.404,754.97205
1995-08-16 20:18:00,614.57,815.4881
1995-08-16 20:19:00,489.103,787.9346
1995-08-16 20:20:00,589.208,781.8135
1995-08-16 20:21:00,342.229,751.3385
1995-08-16 20:22:00,571.072,727.8852
1995-08-16 20:23:00,1868.3360000000002,703.4546
1995-08-16 20:24:00,282.46999999999997,689.51215
1995-08-16 20:25:00,1390.299,719.52997
1995-08-16 20:26:00,153.835,693.707
1995-08-16 20:27:00,631.364,710.6666
1995-08-16 20:28:00,595.641,674.6818
1995-08-16 20:29:00,709.0,676.61945
1995-08-16 20:30:00,358.359,709.563
1995-08-16 20:31:00,181.1,750.6736
1995-08-16 20:32:00,553.395,759.8159
1995-08-16 20:33:00,530.448,731.3056
1995-08-16 20:34:00,798.656,697.78033
1995-08-16 20:35:00,242.383,663.4761
1995-08-16 20:36:00,471.83500000000004,674.9873
1995-08-16 20:37:00,499.871,628.7838
1995-08-16 20:38:00,575.551,628.64484
1995-08-16 20:39:00,280.894,638.5086
1995-08-16 20:40:00,169.302,650.71405
1995-08-16 20:41:00,80.47,631.56323
1995-08-16 20:42:00,604.773,624.6622
1995-08-16 20:43:00,1368.966,595.3674
1995-08-16 20:44:00,443.531,579.38525
1995-08-16 20:45:00,2097.1620000000003,596.91754
1995-08-16 20:46:00,840.0459999999999,603.32697
1995-08-16 20:47:00,558.054,706.6264
1995-08-16 20:48:00,1071.293,766.4342
1995-08-16 20:49:00,1160.2710000000002,761.2663
1995-08-16 20:50:00,327.92400000000004,719.26996
1995-08-16 20:51:00,1725.159,707.5519
1995-08-16 20:52:00,374.665,684.97186
1995-08-16 20:53:00,1183.441,744.6739
1995-08-16 20:54:00,104.372,750.0846
1995-08-16 20:55:00,123.188,736.13727
1995-08-16 20:56:00,150.604,696.1058
1995-08-16 20:57:00,258.05,572.9327
1995-08-16 20:58:00,424.0730000000001,515.25244
1995-08-16 20:59:00,246.922,500.88303
1995-08-16 21:00:00,712.595,505.73212
1995-08-16 21:01:00,1940.117,505.31458
1995-08-16 21:02:00,1258.8329999999999,546.6999
1995-08-16 21:03:00,621.412,604.6811
1995-08-16 21:04:00,353.182,687.8274
1995-08-16 21:05:00,707.114,753.1553
1995-08-16 21:06:00,872.762,802.98395
1995-08-16 21:07:00,196.307,869.72784
1995-08-16 21:08:00,297.907,895.81744
1995-08-16 21:09:00,456.736,857.3129
1995-08-16 21:10:00,180.724,822.1256
1995-08-16 21:11:00,1221.653,796.31006
1995-08-16 21:12:00,825.0240000000001,760.9394
1995-08-16 21:13:00,643.869,750.3193
1995-08-16 21:14:00,705.8939999999999,775.97296
1995-08-16 21:15:00,449.862,789.29974
1995-08-16 21:16:00,1845.65,787.0818
1995-08-16 21:17:00,533.162,766.3057
1995-08-16 21:18:00,898.681,810.813
1995-08-16 21:19:00,1259.176,805.07465
1995-08-16 21:20:00,836.437,808.968
1995-08-16 21:21:00,1646.047,825.9077
1995-08-16 21:22:00,556.309,844.9713
1995-08-16 21:23:00,793.7739999999999,848.8092
1995-08-16 21:24:00,1295.927,832.9009
1995-08-16 21:25:00,414.73,842.328
1995-08-16 21:26:00,889.564,871.5125
1995-08-16 21:27:00,491.173,853.56415
1995-08-16 21:28:00,725.52,829.63525
1995-08-16 21:29:00,531.699,845.2881
1995-08-16 21:30:00,501.77600000000007,823.2939
1995-08-16 21:31:00,744.924,831.21967
1995-08-16 21:32:00,1036.439,812.06476
1995-08-16 21:33:00,626.078,809.7587
1995-08-16 21:34:00,628.051,844.0296
1995-08-16 21:35:00,336.0419999999999,846.8845
1995-08-16 21:36:00,1019.57,847.9948
1995-08-16 21:37:00,269.724,830.7
1995-08-16 21:38:00,494.82,822.92236
1995-08-16 21:39:00,550.0169999999999,791.6892
1995-08-16 21:40:00,559.121,768.23804
1995-08-16 21:41:00,549.771,782.0199
1995-08-16 21:42:00,482.941,794.3962
1995-08-16 21:43:00,907.3509999999999,770.1861
1995-08-16 21:44:00,1377.8899999999999,774.46124
1995-08-16 21:45:00,379.481,819.1216
1995-08-16 21:46:00,315.296,837.2349
1995-08-16 21:47:00,371.872,824.3006
1995-08-16 21:48:00,436.716,812.4854
1995-08-16 21:49:00,670.119,789.9194
1995-08-16 21:50:00,975.383,779.2586
1995-08-16 21:51:00,1551.0,753.0981
1995-08-16 21:52:00,535.0219999999999,730.9364
1995-08-16 21:53:00,428.638,770.8256
1995-08-16 21:54:00,435.33900000000006,738.4732
1995-08-16 21:55:00,356.17600000000004,683.9932
1995-08-16 21:56:00,1022.2009999999999,632.51105
1995-08-16 21:57:00,537.302,566.6374
1995-08-16 21:58:00,917.3829999999999,588.11505
1995-08-16 21:59:00,1634.069,594.90985
1995-08-16 22:00:00,331.61300000000006,624.24475
1995-08-16 22:01:00,110.37200000000001,704.42035
1995-08-16 22:02:00,292.023,717.02795
1995-08-16 22:03:00,817.16,663.1432
1995-08-16 22:04:00,298.966,643.4592
1995-08-16 22:05:00,1054.93,628.6149
1995-08-16 22:06:00,462.972,613.00775
1995-08-16 22:07:00,821.803,631.5122
1995-08-16 22:08:00,492.07800000000003,610.4534
1995-08-16 22:09:00,608.076,640.6886
1995-08-16 22:10:00,3650.3160000000003,675.0508
1995-08-16 22:11:00,527.029,719.1677
1995-08-16 22:12:00,638.012,904.43524
1995-08-16 22:13:00,559.402,1019.3392
1995-08-16 22:14:00,598.07,1032.5408
1995-08-16 22:15:00,591.2189999999999,1026.9667
1995-08-16 22:16:00,611.691,1013.0118
1995-08-16 22:17:00,1165.104,960.36456
1995-08-16 22:18:00,738.401,923.3861
1995-08-16 22:19:00,519.187,881.76935
1995-08-16 22:20:00,701.816,859.5362
1995-08-16 22:21:00,1164.158,800.8879
1995-08-16 22:22:00,1171.8509999999999,729.2167
1995-08-16 22:23:00,257.162,746.91156
1995-08-16 22:24:00,568.016,773.5027
1995-08-16 22:25:00,418.859,751.251
1995-08-16 22:26:00,214.15,743.7098
1995-08-16 22:27:00,725.056,752.4438
1995-08-16 22:28:00,186.337,730.76276
1995-08-16 22:29:00,669.939,701.596
1995-08-16 22:30:00,312.458,667.15643
1995-08-16 22:31:00,189.19400000000002,641.7077
1995-08-16 22:32:00,303.825,615.568
1995-08-16 22:33:00,362.26400000000007,583.5709
1995-08-16 22:34:00,540.1800000000001,551.34393
1995-08-16 22:35:00,128.711,561.5573
1995-08-16 22:36:00,916.592,564.86005
1995-08-16 22:37:00,274.994,527.8751
1995-08-16 22:38:00,633.395,549.4873
1995-08-16 22:39:00,505.59999999999997,538.30695
1995-08-16 22:40:00,694.347,555.598
1995-08-16 22:41:00,416.046,552.65326
1995-08-16 22:42:00,411.503,567.8003
1995-08-16 22:43:00,242.27700000000002,585.7781
1995-08-16 22:44:00,376.348,588.9127
1995-08-16 22:45:00,257.875,571.1679
1995-08-16 22:46:00,570.102,551.1636
1995-08-16 22:47:00,282.671,548.03534
1995-08-16 22:48:00,967.403,577.11884
1995-08-16 22:49:00,668.55,555.9331
1995-08-16 22:50:00,430.443,549.94965
1995-08-16 22:51:00,823.521,555.7403
1995-08-16 22:52:00,571.699,531.9235
1995-08-16 22:53:00,303.95099999999996,561.4177
1995-08-16 22:54:00,416.432,576.58105
1995-08-16 22:55:00,970.184,592.71326
1995-08-16 22:56:00,584.675,561.8956
1995-08-16 22:57:00,310.803,562.5175
1995-08-16 22:58:00,498.221,573.7452
1995-08-16 22:59:00,102.708,580.175
1995-08-16 23:00:00,221.591,539.29816
1995-08-16 23:01:00,172.84199999999998,503.32242
1995-08-16 23:02:00,321.901,502.41296
1995-08-16 23:03:00,172.515,466.83597
1995-08-16 23:04:00,390.231,442.4015
1995-08-16 23:05:00,457.926,449.47977
1995-08-16 23:06:00,327.82,494.35733
1995-08-16 23:07:00,493.76400000000007,529.4215
1995-08-16 23:08:00,1069.214,535.54364
1995-08-16 23:09:00,125.21000000000001,551.53845
1995-08-16 23:10:00,352.077,554.25684
1995-08-16 23:11:00,79.18,564.747
1995-08-16 23:12:00,185.501,560.08105
1995-08-16 23:13:00,274.92600000000004,527.74475
1995-08-16 23:14:00,363.476,513.6514
1995-08-16 23:15:00,414.73900000000003,489.20374
1995-08-16 23:16:00,194.14900000000003,467.0355
1995-08-16 23:17:00,265.15999999999997,459.7545
1995-08-16 23:18:00,158.204,460.0542
1995-08-16 23:19:00,426.77899999999994,442.70584
1995-08-16 23:20:00,110.137,414.0814
1995-08-16 23:21:00,997.8130000000001,389.9248
1995-08-16 23:22:00,300.62399999999997,337.00134
1995-08-16 23:23:00,618.828,344.0527
1995-08-16 23:24:00,501.757,377.80695
1995-08-16 23:25:00,341.201,443.5459
1995-08-16 23:26:00,616.581,495.65894
1995-08-16 23:27:00,532.618,515.8162
1995-08-16 23:28:00,199.744,526.9782
1995-08-16 23:29:00,777.946,538.8146
1995-08-16 23:30:00,281.936,530.2048
1995-08-16 23:31:00,82.569,576.99756
1995-08-16 23:32:00,698.096,599.5884
1995-08-16 23:33:00,748.059,547.2996
1995-08-16 23:34:00,444.69800000000004,572.25287
1995-08-16 23:35:00,1199.474,601.3729
1995-08-16 23:36:00,307.597,642.7456
1995-08-16 23:37:00,573.374,691.48254
1995-08-16 23:38:00,331.403,681.14355
1995-08-16 23:39:00,958.392,683.18665
1995-08-16 23:40:00,520.722,696.2731
1995-08-16 23:41:00,581.904,726.48376
1995-08-16 23:42:00,1098.356,735.5549
1995-08-16 23:43:00,373.041,764.29663
1995-08-16 23:44:00,557.034,804.2773
1995-08-16 23:45:00,463.752,811.07526
1995-08-16 23:46:00,487.207,819.7889
1995-08-16 23:47:00,930.0039999999999,789.2279
1995-08-16 23:48:00,109.19699999999999,793.8749
1995-08-16 23:49:00,165.283,766.46014
1995-08-16 23:50:00,861.131,717.9829
1995-08-16 23:51:00,41.926,667.51483
1995-08-16 23:52:00,151.514,636.57666
1995-08-16 23:53:00,97.22800000000001,566.04474
1995-08-16 23:54:00,71.674,490.6875
1995-08-16 23:55:00,96.91499999999999,443.11368
1995-08-16 23:56:00,340.137,441.45654
1995-08-16 23:57:00,550.419,442.74976
1995-08-16 23:58:00,393.652,458.6627
1995-08-16 23:59:00,148.737,495.7135
1995-08-17 00:00:00,332.767,524.2166
1995-08-17 00:01:00,175.856,513.57556
1995-08-17 00:02:00,128.511,526.30963
1995-08-17 00:03:00,1531.5629999999996,505.5906
1995-08-17 00:04:00,387.76,480.1551
1995-08-17 00:05:00,143.779,509.14612
1995-08-17 00:06:00,425.505,515.8753
1995-08-17 00:07:00,64.568,500.30215
1995-08-17 00:08:00,71.774,461.03934
1995-08-17 00:09:00,314.832,414.49518
1995-08-17 00:10:00,469.923,357.3622
1995-08-17 00:11:00,438.809,345.628
1995-08-17 00:12:00,343.37,372.1531
1995-08-17 00:13:00,483.56,436.6129
1995-08-17 00:14:00,283.105,481.58752
1995-08-17 00:15:00,529.669,513.752
1995-08-17 00:16:00,400.4240000000001,520.9432
1995-08-17 00:17:00,364.58000000000004,537.5784
1995-08-17 00:18:00,392.45599999999996,553.8163
1995-08-17 00:19:00,523.074,579.663
1995-08-17 00:20:00,504.63900000000007,568.8199
1995-08-17 00:21:00,83.815,555.81506
1995-08-17 00:22:00,339.793,544.59784
1995-08-17 00:23:00,305.182,535.3439
1995-08-17 00:24:00,224.47099999999995,534.6743
1995-08-17 00:25:00,306.973,527.3025
1995-08-17 00:26:00,478.664,517.73
1995-08-17 00:27:00,343.264,520.67615
1995-08-17 00:28:00,153.90800000000002,546.9697
1995-08-17 00:29:00,408.188,544.32074
1995-08-17 00:30:00,1733.0670000000002,518.1222
1995-08-17 00:31:00,287.676,523.6084
1995-08-17 00:32:00,427.23999999999995,602.53644
1995-08-17 00:33:00,355.50699999999995,633.53577
1995-08-17 00:34:00,513.944,647.9122
1995-08-17 00:35:00,731.221,618.07733
1995-08-17 00:36:00,374.43,611.4324
1995-08-17 00:37:00,315.194,616.0186
1995-08-17 00:38:00,421.593,614.1496
1995-08-17 00:39:00,199.483,605.916
1995-08-17 00:40:00,1093.739,585.6538
1995-08-17 00:41:00,187.847,555.8264
1995-08-17 00:42:00,191.008,530.658
1995-08-17 00:43:00,442.82599999999996,544.2945
1995-08-17 00:44:00,395.197,544.0296
1995-08-17 00:45:00,343.79699999999997,556.8569
1995-08-17 00:46:00,524.04,571.00525
1995-08-17 00:47:00,292.187,571.4741
1995-08-17 00:48:00,1136.663,578.2861
1995-08-17 00:49:00,149.99,574.9081
1995-08-17 00:50:00,501.75500000000005,581.7227
1995-08-17 00:51:00,385.879,567.4636
1995-08-17 00:52:00,262.568,548.331
1995-08-17 00:53:00,448.43899999999996,535.1487
1995-08-17 00:54:00,359.618,522.3134
1995-08-17 00:55:00,248.11399999999998,513.8239
1995-08-17 00:56:00,1291.1460000000002,523.63165
1995-08-17 00:57:00,927.8479999999998,515.75745
1995-08-17 00:58:00,169.21999999999997,562.69855
1995-08-17 00:59:00,394.035,614.4158
1995-08-17 01:00:00,502.0739999999999,601.288
1995-08-17 01:01:00,95.70100000000001,597.1986
1995-08-17 01:02:00,64.58,579.02734
1995-08-17 01:03:00,94.248,552.6151
1995-08-17 01:04:00,321.435,496.12686
1995-08-17 01:05:00,414.14000000000004,462.59692
1995-08-17 01:06:00,307.185,457.69507
1995-08-17 01:07:00,267.661,485.19122
1995-08-17 01:08:00,1512.4270000000001,492.19836
1995-08-17 01:09:00,128.695,506.68088
1995-08-17 01:10:00,150.319,599.3382
1995-08-17 01:11:00,383.49799999999993,618.4728
1995-08-17 01:12:00,1691.159,588.629
1995-08-17 01:13:00,1209.362,579.0292
1995-08-17 01:14:00,883.901,622.2397
1995-08-17 01:15:00,103.05099999999999,660.40784
1995-08-17 01:16:00,512.3389999999999,655.5709
1995-08-17 01:17:00,253.92,599.79517
1995-08-17 01:18:00,80.41000000000001,574.5716
1995-08-17 01:19:00,219.175,521.71185
1995-08-17 01:20:00,101.078,442.32242
1995-08-17 01:21:00,31.607,429.81067
1995-08-17 01:22:00,229.75900000000001,399.9292
1995-08-17 01:23:00,88.99099999999999,374.56223
1995-08-17 01:24:00,104.75199999999998,331.54474
1995-08-17 01:25:00,99.86700000000002,268.29175
1995-08-17 01:26:00,289.774,239.9033
1995-08-17 01:27:00,1110.147,282.21637
1995-08-17 01:28:00,100.125,315.2917
1995-08-17 01:29:00,484.91300000000007,387.35007
1995-08-17 01:30:00,378.404,374.22015
1995-08-17 01:31:00,72.496,371.38702
1995-08-17 01:32:00,381.318,397.56384
1995-08-17 01:33:00,66.854,415.22232
1995-08-17 01:34:00,125.007,393.55856
1995-08-17 01:35:00,1891.9379999999999,351.54938
1995-08-17 01:36:00,291.76099999999997,346.84543
1995-08-17 01:37:00,1538.0620000000001,417.13104
1995-08-17 01:38:00,568.069,439.1526
1995-08-17 01:39:00,170.81600000000003,492.3099
1995-08-17 01:40:00,170.57700000000003,534.5125
1995-08-17 01:41:00,401.003,515.8839
1995-08-17 01:42:00,160.935,487.05704
1995-08-17 01:43:00,218.946,470.64185
1995-08-17 01:44:00,68.83200000000001,451.03583
1995-08-17 01:45:00,1761.882,455.14975
1995-08-17 01:46:00,685.606,426.40005
1995-08-17 01:47:00,63.068,474.1713
1995-08-17 01:48:00,195.59100000000004,521.3417
1995-08-17 01:49:00,303.035,494.4443
1995-08-17 01:50:00,1176.823,469.49985
1995-08-17 01:51:00,309.418,461.15515
1995-08-17 01:52:00,435.166,483.53174
1995-08-17 01:53:00,981.811,494.22592
1995-08-17 01:54:00,739.9099999999999,513.6885
1995-08-17 01:55:00,434.433,546.6872
1995-08-17 01:56:00,282.95099999999996,560.7727
1995-08-17 01:57:00,92.41100000000002,521.00415
1995-08-17 01:58:00,389.813,493.81644
1995-08-17 01:59:00,664.119,495.06314
1995-08-17 02:00:00,476.935,496.84247
1995-08-17 02:01:00,152.864,491.0527
1995-08-17 02:02:00,659.2379999999999,513.9725
1995-08-17 02:03:00,298.402,514.8702
1995-08-17 02:04:00,17.471,508.9524
1995-08-17 02:05:00,194.966,476.86444
1995-08-17 02:06:00,95.285,409.90317
1995-08-17 02:07:00,328.76,363.90405
1995-08-17 02:08:00,260.034,318.2744
1995-08-17 02:09:00,878.735,319.8781
1995-08-17 02:10:00,1899.159,327.0132
1995-08-17 02:11:00,140.803,350.62775
1995-08-17 02:12:00,241.695,421.49963
1995-08-17 02:13:00,233.30999999999997,445.67694
1995-08-17 02:14:00,1250.314,465.78683
1995-08-17 02:15:00,125.57600000000002,472.6702
1995-08-17 02:16:00,298.711,489.73398
1995-08-17 02:17:00,410.97700000000003,505.08954
1995-08-17 02:18:00,39.016999999999996,520.2349
1995-08-17 02:19:00,279.201,498.41595
1995-08-17 02:20:00,434.5990000000001,451.39825
1995-08-17 02:21:00,255.27000000000004,432.99405
1995-08-17 02:22:00,110.46,413.345
1995-08-17 02:23:00,506.20599999999996,416.92914
1995-08-17 02:24:00,186.55100000000004,393.34973
1995-08-17 02:25:00,143.958,401.4993
1995-08-17 02:26:00,218.09199999999998,393.61288
1995-08-17 02:27:00,189.61299999999997,370.74542
1995-08-17 02:28:00,109.898,344.48764
1995-08-17 02:29:00,121.01899999999999,344.29657
1995-08-17 02:30:00,48.769999999999996,348.0589
1995-08-17 02:31:00,151.097,336.76736
1995-08-17 02:32:00,67.286,310.1385
1995-08-17 02:33:00,121.827,262.05215
1995-08-17 02:34:00,36.914,229.2383
1995-08-17 02:35:00,765.4929999999999,200.46811
1995-08-17 02:36:00,483.059,185.16818
1995-08-17 02:37:00,227.44099999999997,229.7013
1995-08-17 02:38:00,465.455,275.45108
1995-08-17 02:39:00,275.867,304.05942
1995-08-17 02:40:00,202.499,327.95883
1995-08-17 02:41:00,36.756,327.6723
1995-08-17 02:42:00,90.43400000000001,326.7354
1995-08-17 02:43:00,239.295,282.93655
1995-08-17 02:44:00,147.52100000000002,280.85962
1995-08-17 02:45:00,66.544,318.98608
1995-08-17 02:46:00,72.372,340.6756
1995-08-17 02:47:00,115.239,291.85373
1995-08-17 02:48:00,42.56,274.06927
1995-08-17 02:49:00,17.481,274.16724
1995-08-17 02:50:00,95.13399999999999,250.29605
1995-08-17 02:51:00,37.495,190.30255
1995-08-17 02:52:00,592.114,145.18918
1995-08-17 02:53:00,56.236999999999995,108.486534
1995-08-17 02:54:00,275.505,106.97343
1995-08-17 02:55:00,286.68399999999997,153.8142
1995-08-17 02:56:00,213.12199999999999,157.64322
1995-08-17 02:57:00,124.64,173.28955
1995-08-17 02:58:00,100.28800000000001,225.98792
1995-08-17 02:59:00,369.493,261.4867
1995-08-17 03:00:00,68.594,271.22067
1995-08-17 03:01:00,233.496,279.8515
1995-08-17 03:02:00,100.441,283.33813
1995-08-17 03:03:00,165.853,295.65817
1995-08-17 03:04:00,178.54000000000002,277.05887
1995-08-17 03:05:00,93.001,270.84427
1995-08-17 03:06:00,227.965,245.46863
1995-08-17 03:07:00,81.55900000000001,231.20271
1995-08-17 03:08:00,161.778,212.98792
1995-08-17 03:09:00,140.279,212.46126
1995-08-17 03:10:00,56.713,221.0086
1995-08-17 03:11:00,11.591,231.39796
1995-08-17 03:12:00,53.034000000000006,213.90492
1995-08-17 03:13:00,243.28699999999995,178.15012
1995-08-17 03:14:00,46.0,189.62662
1995-08-17 03:15:00,172.689,192.9832
1995-08-17 03:16:00,14.364000000000003,174.94391
1995-08-17 03:17:00,0.0,164.95863
1995-08-17 03:18:00,36.568,131.30258
1995-08-17 03:19:00,85.736,95.83328
1995-08-17 03:20:00,156.273,64.270645
1995-08-17 03:21:00,78.14699999999999,82.18365
1995-08-17 03:22:00,134.802,113.87886
1995-08-17 03:23:00,20.589,150.59619
1995-08-17 03:24:00,30.43,129.486
1995-08-17 03:25:00,119.699,134.93806
1995-08-17 03:26:00,79.586,145.53142
1995-08-17 03:27:00,75.16199999999999,166.8049
1995-08-17 03:28:00,47.876000000000005,160.3082
1995-08-17 03:29:00,1152.9370000000001,128.87677
1995-08-17 03:30:00,89.08,103.287865
1995-08-17 03:31:00,55.336999999999996,133.10188
1995-08-17 03:32:00,57.318,166.04552
1995-08-17 03:33:00,138.839,160.24316
1995-08-17 03:34:00,3.2600000000000002,130.10965
1995-08-17 03:35:00,100.58700000000002,133.7596
1995-08-17 03:36:00,105.409,146.27353
1995-08-17 03:37:00,17.866,149.63397
1995-08-17 03:38:00,414.898,156.70787
1995-08-17 03:39:00,249.642,135.34138
1995-08-17 03:40:00,42.723,172.19704
1995-08-17 03:41:00,377.26899999999995,202.54802
1995-08-17 03:42:00,87.534,232.06123
1995-08-17 03:43:00,102.45,269.4545
1995-08-17 03:44:00,49.672,279.6709
1995-08-17 03:45:00,904.2089999999998,259.84933
1995-08-17 03:46:00,590.4739999999999,228.13263
1995-08-17 03:47:00,298.093,252.01184
1995-08-17 03:48:00,1341.1140000000003,295.9204
1995-08-17 03:49:00,1247.134,329.3669
1995-08-17 03:50:00,167.18400000000003,360.23697
1995-08-17 03:51:00,377.513,407.94302
1995-08-17 03:52:00,210.655,410.59256
1995-08-17 03:53:00,257.886,421.3262
1995-08-17 03:54:00,79.37700000000001,430.234
1995-08-17 03:55:00,291.585,436.21814
1995-08-17 03:56:00,298.197,426.20026
1995-08-17 03:57:00,392.89400000000006,422.9129
1995-08-17 03:58:00,259.13700000000006,424.7454
1995-08-17 03:59:00,407.32,421.17816
1995-08-17 04:00:00,119.072,380.91074
1995-08-17 04:01:00,110.017,359.51132
1995-08-17 04:02:00,404.64300000000003,337.58264
1995-08-17 04:03:00,245.093,300.44186
1995-08-17 04:04:00,148.012,289.72095
1995-08-17 04:05:00,419.604,295.35242
1995-08-17 04:06:00,189.27100000000002,310.56985
1995-08-17 04:07:00,285.938,334.66098
1995-08-17 04:08:00,229.30199999999996,346.07907
1995-08-17 04:09:00,433.36899999999997,334.5995
1995-08-17 04:10:00,346.90999999999997,338.09076
1995-08-17 04:11:00,1258.0710000000001,372.4516
1995-08-17 04:12:00,1562.1170000000002,421.88153
1995-08-17 04:13:00,397.192,466.48285
1995-08-17 04:14:00,337.765,528.3291
1995-08-17 04:15:00,667.3249999999999,568.518
1995-08-17 04:16:00,422.74600000000004,581.57855
1995-08-17 04:17:00,646.967,606.94714
1995-08-17 04:18:00,323.27,607.0249
1995-08-17 04:19:00,317.15500000000003,610.15027
1995-08-17 04:20:00,696.4880000000002,579.92126
1995-08-17 04:21:00,162.489,544.01544
1995-08-17 04:22:00,225.644,527.7588
1995-08-17 04:23:00,284.512,492.21838
1995-08-17 04:24:00,87.113,450.34558
1995-08-17 04:25:00,594.0790000000001,421.15747
1995-08-17 04:26:00,106.688,349.08694
1995-08-17 04:27:00,50.516999999999996,321.43732
1995-08-17 04:28:00,764.333,307.05438
1995-08-17 04:29:00,628.655,270.47113
1995-08-17 04:30:00,779.4859999999998,277.97107
1995-08-17 04:31:00,267.038,270.63052
1995-08-17 04:32:00,1234.596,304.0043
1995-08-17 04:33:00,59.603,308.18088
1995-08-17 04:34:00,52.345,340.247
1995-08-17 04:35:00,237.492,339.83514
1995-08-17 04:36:00,295.004,301.3948
1995-08-17 04:37:00,156.566,254.26949
1995-08-17 04:38:00,166.062,254.06636
1995-08-17 04:39:00,58.471000000000004,261.92163
1995-08-17 04:40:00,139.921,237.68378
1995-08-17 04:41:00,37.598,216.6583
1995-08-17 04:42:00,91.758,200.78331
1995-08-17 04:43:00,89.214,188.13937
1995-08-17 04:44:00,284.573,169.57419
1995-08-17 04:45:00,89.43100000000001,197.224
1995-08-17 04:46:00,309.01800000000003,225.83516
1995-08-17 04:47:00,295.503,248.69193
1995-08-17 04:48:00,86.90799999999999,283.20456
1995-08-17 04:49:00,270.574,305.23386
1995-08-17 04:50:00,533.866,301.64508
1995-08-17 04:51:00,1232.414,308.6073
1995-08-17 04:52:00,643.458,323.206
1995-08-17 04:53:00,576.562,352.805
1995-08-17 04:54:00,90.112,389.65985
1995-08-17 04:55:00,132.217,387.1043
1995-08-17 04:56:00,116.517,300.66656
1995-08-17 04:57:00,2.5529999999999995,231.77728
1995-08-17 04:58:00,237.847,187.31671
1995-08-17 04:59:00,92.55499999999999,159.2062
1995-08-17 05:00:00,143.857,141.36966
1995-08-17 05:01:00,161.763,120.084465
1995-08-17 05:02:00,221.96099999999998,128.47496
1995-08-17 05:03:00,0.0,131.93213
1995-08-17 05:04:00,43.883,164.06073
1995-08-17 05:05:00,490.809,153.36444
1995-08-17 05:06:00,24.883,159.17912
1995-08-17 05:07:00,435.186,199.92749
1995-08-17 05:08:00,117.83099999999999,205.80028
1995-08-17 05:09:00,67.544,244.89513
1995-08-17 05:10:00,194.269,250.22508
1995-08-17 05:11:00,51.722,226.09305
1995-08-17 05:12:00,148.239,194.86559
1995-08-17 05:13:00,291.16700000000003,178.39125
1995-08-17 05:14:00,186.684,209.83813
1995-08-17 05:15:00,54.42200000000001,263.13486
1995-08-17 05:16:00,1317.4810000000002,285.4724
1995-08-17 05:17:00,468.219,248.76149
1995-08-17 05:18:00,319.872,270.6893
1995-08-17 05:19:00,184.985,287.9293
1995-08-17 05:20:00,100.32900000000001,322.0864
1995-08-17 05:21:00,52.18099999999999,308.33224
1995-08-17 05:22:00,127.699,249.03238
1995-08-17 05:23:00,556.763,183.02777
1995-08-17 05:24:00,167.728,109.32097
1995-08-17 05:25:00,108.65599999999999,110.03465
1995-08-17 05:26:00,397.39300000000003,118.09356
1995-08-17 05:27:00,644.605,155.46848
1995-08-17 05:28:00,150.539,194.75967
1995-08-17 05:29:00,136.407,259.53867
1995-08-17 05:30:00,299.505,285.2205
1995-08-17 05:31:00,373.436,289.94565
1995-08-17 05:32:00,89.68400000000001,270.3894
1995-08-17 05:33:00,451.68100000000004,284.90836
1995-08-17 05:34:00,0.096,279.13647
1995-08-17 05:35:00,121.463,310.8693
1995-08-17 05:36:00,133.628,323.2832
1995-08-17 05:37:00,215.82,310.78702
1995-08-17 05:38:00,158.105,318.51874
1995-08-17 05:39:00,46.667,324.31436
1995-08-17 05:40:00,480.604,317.6737
1995-08-17 05:41:00,210.392,288.10144
1995-08-17 05:42:00,158.568,285.1076
1995-08-17 05:43:00,75.666,306.8982
1995-08-17 05:44:00,289.95300000000003,340.04968
1995-08-17 05:45:00,365.346,333.39838
1995-08-17 05:46:00,275.12899999999996,299.83438
1995-08-17 05:47:00,683.891,308.03488
1995-08-17 05:48:00,0.11,300.72928
1995-08-17 05:49:00,25.941000000000003,286.87582
1995-08-17 05:50:00,147.45999999999998,246.34435
1995-08-17 05:51:00,31.415000000000003,215.42659
1995-08-17 05:52:00,105.245,185.7882
1995-08-17 05:53:00,128.804,166.74736
1995-08-17 05:54:00,84.307,185.38019
1995-08-17 05:55:00,167.775,221.99416
1995-08-17 05:56:00,93.78899999999999,225.92938
1995-08-17 05:57:00,159.14499999999998,231.25131
1995-08-17 05:58:00,7.917999999999999,207.85542
1995-08-17 05:59:00,108.504,200.86037
1995-08-17 06:00:00,313.76,153.66666
1995-08-17 06:01:00,1155.953,157.20177
1995-08-17 06:02:00,247.996,188.29091
1995-08-17 06:03:00,158.722,247.44145
1995-08-17 06:04:00,386.726,286.96463
1995-08-17 06:05:00,318.058,308.48602
1995-08-17 06:06:00,3.381,304.58603
1995-08-17 06:07:00,163.414,287.7205
1995-08-17 06:08:00,185.726,229.61472
1995-08-17 06:09:00,57.759,220.42252
1995-08-17 06:10:00,109.423,212.58208
1995-08-17 06:11:00,124.19499999999998,188.99208
1995-08-17 06:12:00,86.677,166.62845
1995-08-17 06:13:00,40.535,155.00237
1995-08-17 06:14:00,105.137,133.08221
1995-08-17 06:15:00,15.642000000000001,128.64034
1995-08-17 06:16:00,106.01500000000001,132.02312
1995-08-17 06:17:00,113.12,126.65279
1995-08-17 06:18:00,56.108,99.05978
1995-08-17 06:19:00,1204.633,123.75275
1995-08-17 06:20:00,33.626,143.79631
1995-08-17 06:21:00,108.24300000000001,185.01552
1995-08-17 06:22:00,275.478,213.16798
1995-08-17 06:23:00,78.94,236.30173
1995-08-17 06:24:00,191.224,242.7957
1995-08-17 06:25:00,35.89,221.0206
1995-08-17 06:26:00,50.579,220.85979
1995-08-17 06:27:00,205.53500000000003,211.77174
1995-08-17 06:28:00,117.59700000000001,198.92738
1995-08-17 06:29:00,87.157,209.88905
1995-08-17 06:30:00,32.849000000000004,215.42659
1995-08-17 06:31:00,113.41,195.48737
1995-08-17 06:32:00,163.644,176.3821
1995-08-17 06:33:00,188.723,159.14659
1995-08-17 06:34:00,105.756,157.58476
1995-08-17 06:35:00,254.986,186.82916
1995-08-17 06:36:00,135.968,204.01741
1995-08-17 06:37:00,711.489,222.59973
1995-08-17 06:38:00,80.749,250.65897
1995-08-17 06:39:00,200.017,313.2563
1995-08-17 06:40:00,184.25700000000003,326.41992
1995-08-17 06:41:00,86.28399999999999,331.8064
1995-08-17 06:42:00,15.787999999999998,344.83606
1995-08-17 06:43:00,185.27,306.7372
1995-08-17 06:44:00,29.42,297.50623
1995-08-17 06:45:00,34.575,271.82846
1995-08-17 06:46:00,167.08,245.52187
1995-08-17 06:47:00,52.44799999999999,231.47906
1995-08-17 06:48:00,181.155,245.9263
1995-08-17 06:49:00,43.116,221.28621
1995-08-17 06:50:00,109.293,236.70901
1995-08-17 06:51:00,143.416,238.81552
1995-08-17 06:52:00,274.837,230.79231
1995-08-17 06:53:00,794.071,243.96245
1995-08-17 06:54:00,173.331,259.0984
1995-08-17 06:55:00,279.46099999999996,335.84116
1995-08-17 06:56:00,518.499,351.92975
1995-08-17 06:57:00,354.32500000000005,373.35257
1995-08-17 06:58:00,304.164,395.01752
1995-08-17 06:59:00,326.179,419.00034
1995-08-17 07:00:00,244.09,423.36414
1995-08-17 07:01:00,145.982,421.03772
1995-08-17 07:02:00,269.06399999999996,433.32547
1995-08-17 07:03:00,243.06,413.57507
1995-08-17 07:04:00,491.28,374.17313
1995-08-17 07:05:00,678.2629999999999,366.78836
1995-08-17 07:06:00,253.053,403.8892
1995-08-17 07:07:00,365.00199999999995,429.67645
1995-08-17 07:08:00,288.21,452.09607
1995-08-17 07:09:00,745.287,487.3684
1995-08-17 07:10:00,286.868,517.5612
1995-08-17 07:11:00,767.408,532.9613
1995-08-17 07:12:00,919.4280000000001,525.7745
1995-08-17 07:13:00,330.698,551.6941
1995-08-17 07:14:00,1309.5830000000003,581.96686
1995-08-17 07:15:00,205.768,577.82715
1995-08-17 07:16:00,1579.166,589.7512
1995-08-17 07:17:00,657.65,538.3868
1995-08-17 07:18:00,945.9749999999999,546.1662
1995-08-17 07:19:00,693.4300000000001,534.9355
1995-08-17 07:20:00,959.838,550.9547
1995-08-17 07:21:00,1496.8000000000002,557.48126
1995-08-17 07:22:00,581.899,568.7876
1995-08-17 07:23:00,232.762,602.85767
1995-08-17 07:24:00,1171.7259999999999,604.59973
1995-08-17 07:25:00,632.111,572.82025
1995-08-17 07:26:00,462.194,578.0902
1995-08-17 07:27:00,1358.693,630.00714
1995-08-17 07:28:00,453.935,630.09204
1995-08-17 07:29:00,1991.036,669.3248
1995-08-17 07:30:00,320.001,661.7823
1995-08-17 07:31:00,231.43800000000002,687.1925
1995-08-17 07:32:00,470.782,670.6249
1995-08-17 07:33:00,765.162,613.8646
1995-08-17 07:34:00,586.223,585.54065
1995-08-17 07:35:00,282.014,596.5507
1995-08-17 07:36:00,1994.284,543.4463
1995-08-17 07:37:00,666.6089999999999,494.93515
1995-08-17 07:38:00,889.5329999999999,519.833
1995-08-17 07:39:00,456.854,513.5979
1995-08-17 07:40:00,874.497,527.78723
1995-08-17 07:41:00,622.307,522.9883
1995-08-17 07:42:00,535.311,521.22144
1995-08-17 07:43:00,235.211,532.5884
1995-08-17 07:44:00,457.49,551.26337
1995-08-17 07:45:00,1920.6019999999999,541.13055
1995-08-17 07:46:00,773.543,561.02747
1995-08-17 07:47:00,598.746,650.2509
1995-08-17 07:48:00,268.486,674.8438
1995-08-17 07:49:00,751.508,673.1841
1995-08-17 07:50:00,2911.177,679.3235
1995-08-17 07:51:00,758.775,690.7345
1995-08-17 07:52:00,552.469,780.0188
1995-08-17 07:53:00,1501.8,792.50323
1995-08-17 07:54:00,518.386,799.81744
1995-08-17 07:55:00,438.195,854.7751
1995-08-17 07:56:00,442.767,858.4996
1995-08-17 07:57:00,880.1590000000001,787.59326
1995-08-17 07:58:00,456.606,730.6865
1995-08-17 07:59:00,714.726,715.2064
1995-08-17 08:00:00,955.68,688.16583
1995-08-17 08:01:00,637.726,677.3798
1995-08-17 08:02:00,629.885,655.5255
1995-08-17 08:03:00,1140.058,659.8209
1995-08-17 08:04:00,749.0870000000001,684.8244
1995-08-17 08:05:00,1322.8410000000001,737.211
1995-08-17 08:06:00,920.5069999999998,742.8728
1995-08-17 08:07:00,800.269,773.36926
1995-08-17 08:08:00,755.565,788.1537
1995-08-17 08:09:00,680.323,781.41986
1995-08-17 08:10:00,478.04800000000006,777.83673
1995-08-17 08:11:00,943.9449999999999,775.52155
1995-08-17 08:12:00,620.953,763.9378
1995-08-17 08:13:00,769.652,781.7074
1995-08-17 08:14:00,540.141,767.53735
1995-08-17 08:15:00,605.4680000000001,780.5516
1995-08-17 08:16:00,714.251,804.6703
1995-08-17 08:17:00,466.389,793.8021
1995-08-17 08:18:00,1682.133,824.44617
1995-08-17 08:19:00,585.211,841.3278
1995-08-17 08:20:00,786.971,909.765
1995-08-17 08:21:00,317.29200000000003,924.5965
1995-08-17 08:22:00,680.394,919.7318
1995-08-17 08:23:00,1267.411,894.1924
1995-08-17 08:24:00,321.89300000000003,871.31494
1995-08-17 08:25:00,533.793,868.12885
1995-08-17 08:26:00,753.567,856.81067
1995-08-17 08:27:00,472.394,819.9823
1995-08-17 08:28:00,358.987,819.8102
1995-08-17 08:29:00,928.672,802.65155
1995-08-17 08:30:00,342.943,795.05383
1995-08-17 08:31:00,723.128,799.7385
1995-08-17 08:32:00,638.408,782.7187
1995-08-17 08:33:00,327.596,772.45056
1995-08-17 08:34:00,123.021,760.47534
1995-08-17 08:35:00,361.81399999999996,712.61096
1995-08-17 08:36:00,894.9759999999999,692.8576
1995-08-17 08:37:00,254.035,685.7783
1995-08-17 08:38:00,230.439,715.151
1995-08-17 08:39:00,389.456,704.8905
1995-08-17 08:40:00,634.252,661.7772
1995-08-17 08:41:00,1823.261,621.0277
1995-08-17 08:42:00,385.861,603.3892
1995-08-17 08:43:00,186.53699999999998,675.6463
1995-08-17 08:44:00,816.769,701.9009
1995-08-17 08:45:00,529.636,697.3227
1995-08-17 08:46:00,408.981,699.3129
1995-08-17 08:47:00,704.4689999999999,706.64984
1995-08-17 08:48:00,271.907,695.73016
1995-08-17 08:49:00,1309.3360000000005,708.4104
1995-08-17 08:50:00,229.118,699.2812
1995-08-17 08:51:00,1027.799,717.4496
1995-08-17 08:52:00,494.18399999999997,694.78815
1995-08-17 08:53:00,245.684,699.5158
1995-08-17 08:54:00,443.534,725.06445
1995-08-17 08:55:00,311.893,693.51154
1995-08-17 08:56:00,2199.56,673.13196
1995-08-17 08:57:00,582.495,655.7646
1995-08-17 08:58:00,321.15,738.765
1995-08-17 08:59:00,1190.031,781.64526
1995-08-17 09:00:00,315.573,766.34766
1995-08-17 09:01:00,629.883,791.9131
1995-08-17 09:02:00,825.0729999999999,771.7558
1995-08-17 09:03:00,694.3679999999999,747.0924
1995-08-17 09:04:00,447.59,765.0964
1995-08-17 09:05:00,298.085,783.59595
1995-08-17 09:06:00,1353.3779999999997,781.1067
1995-08-17 09:07:00,755.795,789.84296
1995-08-17 09:08:00,707.662,773.0947
1995-08-17 09:09:00,1581.4009999999998,793.364
1995-08-17 09:10:00,830.76,838.502
1995-08-17 09:11:00,581.633,901.6318
1995-08-17 09:12:00,430.003,962.5417
1995-08-17 09:13:00,564.741,943.08606
1995-08-17 09:14:00,839.292,897.94366
1995-08-17 09:15:00,257.73,842.20056
1995-08-17 09:16:00,311.136,819.4745
1995-08-17 09:17:00,469.256,766.49646
1995-08-17 09:18:00,1190.44,692.9994
1995-08-17 09:19:00,640.093,688.2265
1995-08-17 09:20:00,1488.991,712.5645
1995-08-17 09:21:00,1174.464,700.5323
1995-08-17 09:22:00,603.195,763.29425
1995-08-17 09:23:00,834.534,835.1707
1995-08-17 09:24:00,1003.965,867.4059
1995-08-17 09:25:00,1088.424,861.5159
1995-08-17 09:26:00,2093.035,850.1192
1995-08-17 09:27:00,1152.892,869.7417
1995-08-17 09:28:00,1062.998,934.6986
1995-08-17 09:29:00,927.102,976.228
1995-08-17 09:30:00,708.475,1023.1386
1995-08-17 09:31:00,1101.699,1094.2484
1995-08-17 09:32:00,1112.258,1051.0612
1995-08-17 09:33:00,961.576,1040.969
1995-08-17 09:34:00,369.442,1022.86676
1995-08-17 09:35:00,1255.742,1009.237
1995-08-17 09:36:00,774.423,988.64825
1995-08-17 09:37:00,628.111,957.20685
1995-08-17 09:38:00,563.04,923.7443
1995-08-17 09:39:00,832.3449999999999,892.4291
1995-08-17 09:40:00,397.366,872.9879
1995-08-17 09:41:00,855.752,878.62933
1995-08-17 09:42:00,1228.7469999999998,858.54596
1995-08-17 09:43:00,1886.995,817.6563
1995-08-17 09:44:00,1120.644,807.12366
1995-08-17 09:45:00,801.406,852.0673
1995-08-17 09:46:00,315.808,889.26
1995-08-17 09:47:00,315.814,931.31903
1995-08-17 09:48:00,439.753,890.1759
1995-08-17 09:49:00,1567.856,824.76917
1995-08-17 09:50:00,341.953,802.4586
1995-08-17 09:51:00,196.143,825.03345
1995-08-17 09:52:00,426.773,843.40936
1995-08-17 09:53:00,557.184,830.1868
1995-08-17 09:54:00,887.0690000000001,839.9907
1995-08-17 09:55:00,2832.0349999999994,826.19977
1995-08-17 09:56:00,534.993,843.347
1995-08-17 09:57:00,1068.0,938.8898
1995-08-17 09:58:00,491.85200000000003,980.5631
1995-08-17 09:59:00,649.551,1040.4338
1995-08-17 10:00:00,1322.092,1020.795
1995-08-17 10:01:00,998.294,997.8512
1995-08-17 10:02:00,514.0269999999999,1027.9563
1995-08-17 10:03:00,392.46500000000003,1004.4956
1995-08-17 10:04:00,1725.0209999999997,976.9956
1995-08-17 10:05:00,408.274,949.6066
1995-08-17 10:06:00,431.72499999999997,931.9043
1995-08-17 10:07:00,422.811,821.5262
1995-08-17 10:08:00,1213.479,774.89655
1995-08-17 10:09:00,1861.123,747.02344
1995-08-17 10:10:00,1222.752,801.54645
1995-08-17 10:11:00,832.51,932.54504
1995-08-17 10:12:00,4546.123,1002.8356
1995-08-17 10:13:00,267.175,1037.7725
1995-08-17 10:14:00,670.907,1179.514
1995-08-17 10:15:00,124.693,1170.2046
1995-08-17 10:16:00,504.799,1095.9675
1995-08-17 10:17:00,255.40300000000005,1024.1112
1995-08-17 10:18:00,1192.4299999999998,964.1145
1995-08-17 10:19:00,170.948,896.9315
1995-08-17 10:20:00,473.9789999999999,849.96094
1995-08-17 10:21:00,640.033,766.84937
1995-08-17 10:22:00,315.103,724.0608
1995-08-17 10:23:00,485.248,730.16034
1995-08-17 10:24:00,736.575,660.51904
1995-08-17 10:25:00,689.3009999999999,699.06195
1995-08-17 10:26:00,1818.062,749.40076
1995-08-17 10:27:00,604.904,789.3253
1995-08-17 10:28:00,946.51,851.9279
1995-08-17 10:29:00,905.9159999999999,901.1947
1995-08-17 10:30:00,991.6649999999998,959.0217
1995-08-17 10:31:00,553.275,1003.38477
1995-08-17 10:32:00,528.3969999999999,1009.3618
1995-08-17 10:33:00,674.929,1017.9425
1995-08-17 10:34:00,2361.346,1024.8698
1995-08-17 10:35:00,343.769,999.6435
1995-08-17 10:36:00,887.985,1080.5809
1995-08-17 10:37:00,1301.01,1065.3375
1995-08-17 10:38:00,1020.311,1023.8267
1995-08-17 10:39:00,2538.414,1025.3501
1995-08-17 10:40:00,1396.7929999999997,1055.8419
1995-08-17 10:41:00,1466.2239999999997,1197.7567
1995-08-17 10:42:00,977.7,1282.084
1995-08-17 10:43:00,3615.2509999999997,1316.029
1995-08-17 10:44:00,1834.807,1339.4395
1995-08-17 10:45:00,1412.46,1442.235
1995-08-17 10:46:00,1994.046,1491.4937
1995-08-17 10:47:00,1771.53,1546.604
1995-08-17 10:48:00,1813.819,1597.1937
1995-08-17 10:49:00,1258.932,1639.9865
1995-08-17 10:50:00,839.869,1651.1838
1995-08-17 10:51:00,2774.456,1541.7633
1995-08-17 10:52:00,1234.547,1438.3359
1995-08-17 10:53:00,827.187,1420.8096
1995-08-17 10:54:00,809.893,1382.4015
1995-08-17 10:55:00,700.181,1325.3134
1995-08-17 10:56:00,799.553,1241.8582
1995-08-17 10:57:00,555.024,1187.7253
1995-08-17 10:58:00,613.943,1117.2765
1995-08-17 10:59:00,1864.4850000000001,1091.7651
1995-08-17 11:00:00,778.892,1061.5367
1995-08-17 11:01:00,560.121,1064.2418
1995-08-17 11:02:00,1347.8600000000001,1049.1718
1995-08-17 11:03:00,900.614,1021.28436
1995-08-17 11:04:00,1245.332,1017.38495
1995-08-17 11:05:00,1107.3139999999999,1042.287
1995-08-17 11:06:00,863.8389999999999,1091.6704
1995-08-17 11:07:00,2393.29,1108.438
1995-08-17 11:08:00,835.468,1093.5768
1995-08-17 11:09:00,697.9159999999999,1142.3278
1995-08-17 11:10:00,1226.432,1142.9961
1995-08-17 11:11:00,929.7899999999998,1124.3381
1995-08-17 11:12:00,1651.151,1163.688
1995-08-17 11:13:00,1659.1100000000001,1186.5154
1995-08-17 11:14:00,1717.403,1211.4208
1995-08-17 11:15:00,1192.4470000000001,1271.685
1995-08-17 11:16:00,869.0350000000001,1328.7711
1995-08-17 11:17:00,724.649,1353.988
1995-08-17 11:18:00,832.8050000000001,1308.2994
1995-08-17 11:19:00,1350.432,1205.0162
1995-08-17 11:20:00,523.917,1163.3325
1995-08-17 11:21:00,471.728,1184.5011
1995-08-17 11:22:00,836.507,1159.6421
1995-08-17 11:23:00,1192.693,1117.3268
1995-08-17 11:24:00,580.3969999999999,1078.9536
1995-08-17 11:25:00,1708.5059999999999,1075.7954
1995-08-17 11:26:00,2356.265,1048.4962
1995-08-17 11:27:00,435.2010000000001,1049.3291
1995-08-17 11:28:00,1281.7400000000002,1116.7281
1995-08-17 11:29:00,900.031,1121.3245
1995-08-17 11:30:00,662.683,1108.3806
1995-08-17 11:31:00,983.495,1039.6404
1995-08-17 11:32:00,783.9850000000001,996.8387
1995-08-17 11:33:00,603.687,955.4436
1995-08-17 11:34:00,2610.5969999999993,924.9292
1995-08-17 11:35:00,966.18,912.71576
1995-08-17 11:36:00,747.7869999999999,972.9638
1995-08-17 11:37:00,929.9330000000001,987.21796
1995-08-17 11:38:00,1678.0869999999998,950.99615
1995-08-17 11:39:00,579.558,968.4249
1995-08-17 11:40:00,2817.484,1021.1531
1995-08-17 11:41:00,1958.473,1068.5077
1995-08-17 11:42:00,1232.779,1171.0609
1995-08-17 11:43:00,622.465,1226.5459
1995-08-17 11:44:00,1126.201,1239.729
1995-08-17 11:45:00,1342.2279999999998,1230.7117
1995-08-17 11:46:00,370.81,1196.582
1995-08-17 11:47:00,344.665,1191.8162
1995-08-17 11:48:00,1364.88,1120.7716
1995-08-17 11:49:00,345.52,1035.5999
1995-08-17 11:50:00,565.505,1003.5917
1995-08-17 11:51:00,897.4430000000001,951.327
1995-08-17 11:52:00,1449.6529999999998,864.1416
1995-08-17 11:53:00,896.711,838.6729
1995-08-17 11:54:00,592.597,880.84467
1995-08-17 11:55:00,1550.172,956.6565
1995-08-17 11:56:00,971.816,959.79724
1995-08-17 11:57:00,560.695,947.5369
1995-08-17 11:58:00,283.758,998.4896
1995-08-17 11:59:00,892.2190000000002,1033.4623
1995-08-17 12:00:00,583.859,998.43774
1995-08-17 12:01:00,743.234,1025.3296
1995-08-17 12:02:00,1100.923,1016.8125
1995-08-17 12:03:00,693.895,1020.13916
1995-08-17 12:04:00,910.9449999999999,1036.4419
1995-08-17 12:05:00,605.996,1044.8185
1995-08-17 12:06:00,945.626,1067.2362
1995-08-17 12:07:00,1663.8139999999999,1068.5215
1995-08-17 12:08:00,376.96299999999997,1080.2775
1995-08-17 12:09:00,573.789,1127.2062
1995-08-17 12:10:00,610.097,1096.4581
1995-08-17 12:11:00,454.05400000000003,1048.1526
1995-08-17 12:12:00,775.2379999999999,1009.56476
1995-08-17 12:13:00,1388.207,992.89166
1995-08-17 12:14:00,945.505,976.0775
1995-08-17 12:15:00,1496.944,1020.7949
1995-08-17 12:16:00,1056.576,1054.1642
1995-08-17 12:17:00,911.753,1128.4963
1995-08-17 12:18:00,913.006,1157.1008
1995-08-17 12:19:00,352.06600000000003,1140.6123
1995-08-17 12:20:00,152.563,1132.3018
1995-08-17 12:21:00,641.709,1072.5671
1995-08-17 12:22:00,1562.391,986.5989
1995-08-17 12:23:00,2075.209,946.14087
1995-08-17 12:24:00,766.6,948.4061
1995-08-17 12:25:00,2726.17,1035.5234
1995-08-17 12:26:00,1610.9839999999997,1062.0051
1995-08-17 12:27:00,1700.0359999999998,1140.0651
1995-08-17 12:28:00,918.063,1201.468
1995-08-17 12:29:00,3527.0009999999997,1233.74
1995-08-17 12:30:00,1687.0480000000002,1212.9172
1995-08-17 12:31:00,617.027,1315.8623
1995-08-17 12:32:00,542.215,1407.8557
1995-08-17 12:33:00,983.3150000000002,1410.5713
1995-08-17 12:34:00,421.455,1379.9465
1995-08-17 12:35:00,1235.238,1315.8936
1995-08-17 12:36:00,1154.374,1278.2026
1995-08-17 12:37:00,1045.86,1247.0144
1995-08-17 12:38:00,2454.544,1249.1449
1995-08-17 12:39:00,2312.441,1232.9767
1995-08-17 12:40:00,2453.07,1280.1215
1995-08-17 12:41:00,323.056,1338.4263
1995-08-17 12:42:00,2054.45,1412.952
1995-08-17 12:43:00,919.942,1357.3606
1995-08-17 12:44:00,2242.069,1363.2948
1995-08-17 12:45:00,1135.253,1352.196
1995-08-17 12:46:00,2981.862,1416.2961
1995-08-17 12:47:00,929.3389999999999,1396.8668
1995-08-17 12:48:00,1334.2490000000003,1503.7384
1995-08-17 12:49:00,1945.575,1553.0737
1995-08-17 12:50:00,1739.5559999999998,1543.6398
1995-08-17 12:51:00,2515.866,1549.8687
1995-08-17 12:52:00,1312.585,1503.5085
1995-08-17 12:53:00,2132.259,1554.6565
1995-08-17 12:54:00,1646.3729999999998,1566.8584
1995-08-17 12:55:00,1131.075,1657.8019
1995-08-17 12:56:00,1573.7030000000002,1613.809
1995-08-17 12:57:00,2088.6209999999996,1562.2654
1995-08-17 12:58:00,541.005,1505.27
1995-08-17 12:59:00,1425.443,1460.8683
1995-08-17 13:00:00,830.8590000000002,1384.8578
1995-08-17 13:01:00,639.1279999999999,1351.9053
1995-08-17 13:02:00,543.744,1299.2504
1995-08-17 13:03:00,663.9899999999999,1200.2335
1995-08-17 13:04:00,690.18,1106.954
1995-08-17 13:05:00,529.039,1009.32324
1995-08-17 13:06:00,818.588,969.0765
1995-08-17 13:07:00,554.197,913.5702
1995-08-17 13:08:00,1499.406,903.2795
1995-08-17 13:09:00,1535.4900000000002,857.5205
1995-08-17 13:10:00,540.694,901.3536
1995-08-17 13:11:00,644.3,956.4906
1995-08-17 13:12:00,773.369,967.6887
1995-08-17 13:13:00,546.379,974.61835
1995-08-17 13:14:00,514.487,997.12897
1995-08-17 13:15:00,1533.2470000000003,1015.5979
1995-08-17 13:16:00,1336.982,1027.0433
1995-08-17 13:17:00,945.351,1106.5098
1995-08-17 13:18:00,1286.173,1147.2915
1995-08-17 13:19:00,2016.092,1187.268
1995-08-17 13:20:00,1453.314,1214.764
1995-08-17 13:21:00,756.1010000000001,1258.5159
1995-08-17 13:22:00,1060.988,1273.9077
1995-08-17 13:23:00,2176.59,1258.4307
1995-08-17 13:24:00,1260.352,1227.7484
1995-08-17 13:25:00,720.984,1249.0835
1995-08-17 13:26:00,1784.847,1264.9672
1995-08-17 13:27:00,899.698,1260.4781
1995-08-17 13:28:00,2224.473,1281.9934
1995-08-17 13:29:00,1173.865,1291.7181
1995-08-17 13:30:00,2199.42,1309.2219
1995-08-17 13:31:00,914.338,1298.2826
1995-08-17 13:32:00,727.953,1331.721
1995-08-17 13:33:00,894.591,1324.4537
1995-08-17 13:34:00,1866.6949999999997,1298.4751
1995-08-17 13:35:00,4230.458,1248.1674
1995-08-17 13:36:00,1596.205,1303.5382
1995-08-17 13:37:00,1055.309,1474.0417
1995-08-17 13:38:00,2204.48,1528.6385
1995-08-17 13:39:00,1185.571,1526.051
1995-08-17 13:40:00,1704.906,1541.9845
1995-08-17 13:41:00,1587.3299999999997,1508.9362
1995-08-17 13:42:00,922.7179999999998,1495.894
1995-08-17 13:43:00,1242.4470000000001,1518.3154
1995-08-17 13:44:00,2102.372,1478.992
1995-08-17 13:45:00,1001.164,1420.1963
1995-08-17 13:46:00,914.5150000000001,1401.2457
1995-08-17 13:47:00,821.827,1319.1168
1995-08-17 13:48:00,1005.5220000000002,1266.8818
1995-08-17 13:49:00,1408.137,1256.7476
1995-08-17 13:50:00,1109.652,1249.243
1995-08-17 13:51:00,1134.654,1280.9276
1995-08-17 13:52:00,607.11,1304.2368
1995-08-17 13:53:00,1365.167,1319.8962
1995-08-17 13:54:00,868.251,1282.0004
1995-08-17 13:55:00,2250.326,1271.171
1995-08-17 13:56:00,729.4350000000001,1293.784
1995-08-17 13:57:00,583.387,1341.0042
1995-08-17 13:58:00,1959.3460000000002,1304.0864
1995-08-17 13:59:00,1676.168,1264.9059
1995-08-17 14:00:00,802.6499999999999,1267.9332
1995-08-17 14:01:00,914.047,1321.7872
1995-08-17 14:02:00,564.986,1327.3855
1995-08-17 14:03:00,1793.574,1316.0867
1995-08-17 14:04:00,724.246,1273.6926
1995-08-17 14:05:00,1058.68,1282.4695
1995-08-17 14:06:00,1792.939,1240.5518
1995-08-17 14:07:00,762.031,1216.2297
1995-08-17 14:08:00,834.949,1285.5535
1995-08-17 14:09:00,842.417,1284.3525
1995-08-17 14:10:00,1197.049,1235.3417
1995-08-17 14:11:00,776.1220000000001,1218.0743
1995-08-17 14:12:00,2492.214,1213.8954
1995-08-17 14:13:00,651.692,1258.306
1995-08-17 14:14:00,871.7629999999998,1393.1002
1995-08-17 14:15:00,702.28,1370.388
1995-08-17 14:16:00,1216.165,1347.868
1995-08-17 14:17:00,746.3149999999999,1324.3353
1995-08-17 14:18:00,1013.678,1287.7523
1995-08-17 14:19:00,1185.783,1251.5588
1995-08-17 14:20:00,748.958,1211.9675
1995-08-17 14:21:00,914.609,1197.3403
1995-08-17 14:22:00,2069.6440000000002,1161.786
1995-08-17 14:23:00,2033.0079999999998,1155.9772
1995-08-17 14:24:00,1443.059,1166.495
1995-08-17 14:25:00,1681.8379999999997,1249.4027
1995-08-17 14:26:00,415.461,1281.7295
1995-08-17 14:27:00,485.073,1278.8704
1995-08-17 14:28:00,235.804,1237.5886
1995-08-17 14:29:00,1230.616,1187.6726
1995-08-17 14:30:00,533.826,1079.1398
1995-08-17 14:31:00,523.953,1028.2078
1995-08-17 14:32:00,1254.144,996.3953
1995-08-17 14:33:00,406.09600000000006,944.267
1995-08-17 14:34:00,389.458,942.919
1995-08-17 14:35:00,594.882,907.3009
1995-08-17 14:36:00,753.172,865.8031
1995-08-17 14:37:00,332.813,859.9685
1995-08-17 14:38:00,262.925,894.0917
1995-08-17 14:39:00,2037.3840000000002,876.3829
1995-08-17 14:40:00,423.608,849.61414
1995-08-17 14:41:00,563.448,840.3331
1995-08-17 14:42:00,841.7719999999999,829.15125
1995-08-17 14:43:00,1219.043,826.5182
1995-08-17 14:44:00,615.692,818.6626
1995-08-17 14:45:00,401.64099999999996,852.37524
1995-08-17 14:46:00,748.524,883.1447
1995-08-17 14:47:00,717.639,875.1566
1995-08-17 14:48:00,647.293,880.5617
1995-08-17 14:49:00,371.04,915.2418
1995-08-17 14:50:00,948.6669999999999,947.5427
1995-08-17 14:51:00,1470.0069999999998,931.6103
1995-08-17 14:52:00,1017.393,981.25415
1995-08-17 14:53:00,1234.636,1081.529
1995-08-17 14:54:00,1381.8549999999998,1165.5531
1995-08-17 14:55:00,1956.913,1200.7257
1995-08-17 14:56:00,1935.1129999999998,1247.7025
1995-08-17 14:57:00,1425.894,1304.4685
1995-08-17 14:58:00,1228.988,1355.541
1995-08-17 14:59:00,3053.1510000000003,1396.2592
1995-08-17 15:00:00,1331.281,1439.277
1995-08-17 15:01:00,1596.0100000000002,1564.4138
1995-08-17 15:02:00,499.425,1596.267
1995-08-17 15:03:00,569.148,1579.5358
1995-08-17 15:04:00,1175.0189999999998,1542.243
1995-08-17 15:05:00,1061.282,1469.1228
1995-08-17 15:06:00,968.692,1429.7756
1995-08-17 15:07:00,768.445,1378.9658
1995-08-17 15:08:00,1598.741,1354.9106
1995-08-17 15:09:00,2015.7970000000003,1319.5927
1995-08-17 15:10:00,1382.8829999999998,1339.2485
1995-08-17 15:11:00,1770.035,1366.1456
1995-08-17 15:12:00,2149.256,1416.3733
1995-08-17 15:13:00,1072.036,1508.0248
1995-08-17 15:14:00,782.344,1606.222
1995-08-17 15:15:00,1046.6390000000001,1607.851
1995-08-17 15:16:00,1258.072,1562.0269
1995-08-17 15:17:00,791.995,1503.499
1995-08-17 15:18:00,1724.7250000000001,1463.308
1995-08-17 15:19:00,421.319,1445.4426
1995-08-17 15:20:00,2039.336,1474.6107
1995-08-17 15:21:00,903.558,1410.9227
1995-08-17 15:22:00,934.396,1428.7173
1995-08-17 15:23:00,1337.276,1384.0858
1995-08-17 15:24:00,1798.465,1352.5941
1995-08-17 15:25:00,672.453,1374.417
1995-08-17 15:26:00,1322.899,1368.4691
1995-08-17 15:27:00,701.7420000000001,1336.0005
1995-08-17 15:28:00,749.179,1315.7472
1995-08-17 15:29:00,992.093,1254.3146
1995-08-17 15:30:00,871.935,1173.0483
1995-08-17 15:31:00,1241.771,1173.1764
1995-08-17 15:32:00,494.363,1163.316
1995-08-17 15:33:00,1767.925,1194.562
1995-08-17 15:34:00,702.378,1173.0248
1995-08-17 15:35:00,754.024,1202.816
1995-08-17 15:36:00,1027.893,1180.4453
1995-08-17 15:37:00,576.702,1156.7732
1995-08-17 15:38:00,359.66300000000007,1194.9719
1995-08-17 15:39:00,634.534,1186.9551
1995-08-17 15:40:00,975.848,1134.2928
1995-08-17 15:41:00,647.542,1094.0475
1995-08-17 15:42:00,776.0810000000001,1085.4689
1995-08-17 15:43:00,514.747,1049.1205
1995-08-17 15:44:00,821.355,1041.7552
1995-08-17 15:45:00,1627.068,1045.0139
1995-08-17 15:46:00,795.014,1124.2422
1995-08-17 15:47:00,619.847,1192.7537
1995-08-17 15:48:00,1539.515,1152.3025
1995-08-17 15:49:00,703.436,1106.4152
1995-08-17 15:50:00,797.7669999999999,1138.2269
1995-08-17 15:51:00,2101.402,1168.9634
1995-08-17 15:52:00,553.62,1239.8809
1995-08-17 15:53:00,886.4540000000001,1374.5529
1995-08-17 15:54:00,810.893,1380.6077
1995-08-17 15:55:00,1322.1629999999998,1340.3457
1995-08-17 15:56:00,1087.11,1318.9778
1995-08-17 15:57:00,1562.929,1335.4618
1995-08-17 15:58:00,1816.76,1364.0886
1995-08-17 15:59:00,1005.697,1412.6272
1995-08-17 16:00:00,1353.1309999999999,1428.7435
1995-08-17 16:01:00,1792.9,1395.6223
1995-08-17 16:02:00,824.826,1419.1882
1995-08-17 16:03:00,849.9809999999999,1420.4232
1995-08-17 16:04:00,1388.356,1402.9111
1995-08-17 16:05:00,2174.179,1366.5854
1995-08-17 16:06:00,1298.483,1343.1215
1995-08-17 16:07:00,1050.823,1304.2236
1995-08-17 16:08:00,550.788,1289.1133
1995-08-17 16:09:00,2153.561,1250.0139
1995-08-17 16:10:00,374.864,1180.612
1995-08-17 16:11:00,452.37499999999994,1185.8643
1995-08-17 16:12:00,654.9209999999999,1137.183
1995-08-17 16:13:00,444.9,1073.1523
1995-08-17 16:14:00,811.771,1033.5156
1995-08-17 16:15:00,536.756,985.45044
1995-08-17 16:16:00,588.904,974.4377
1995-08-17 16:17:00,805.7479999999999,961.85004
1995-08-17 16:18:00,901.9420000000001,953.8588
1995-08-17 16:19:00,1982.96,993.7928
1995-08-17 16:20:00,627.9540000000001,1066.8191
1995-08-17 16:21:00,1148.194,1106.3971
1995-08-17 16:22:00,1013.98,1122.8888
1995-08-17 16:23:00,832.7909999999999,1160.6093
1995-08-17 16:24:00,347.378,1170.5867
1995-08-17 16:25:00,578.014,1192.2378
1995-08-17 16:26:00,640.243,1144.5293
1995-08-17 16:27:00,2064.1200000000003,1089.3723
1995-08-17 16:28:00,1219.203,1061.942
1995-08-17 16:29:00,1111.642,1127.5975
1995-08-17 16:30:00,1250.481,1210.7135
1995-08-17 16:31:00,552.356,1231.4899
1995-08-17 16:32:00,1101.395,1263.9531
1995-08-17 16:33:00,955.021,1229.9152
1995-08-17 16:34:00,490.483,1211.5209
1995-08-17 16:35:00,1225.649,1235.4215
1995-08-17 16:36:00,1907.6860000000001,1233.1302
1995-08-17 16:37:00,853.8969999999999,1241.8966
1995-08-17 16:38:00,1277.974,1301.9506
1995-08-17 16:39:00,883.8139999999999,1307.4912
1995-08-17 16:40:00,823.737,1349.57
1995-08-17 16:41:00,1324.983,1328.9285
1995-08-17 16:42:00,688.972,1318.7771
1995-08-17 16:43:00,411.065,1344.1628
1995-08-17 16:44:00,832.911,1298.4723
1995-08-17 16:45:00,1816.2169999999999,1178.0938
1995-08-17 16:46:00,1078.187,1125.9354
1995-08-17 16:47:00,937.521,1138.153
1995-08-17 16:48:00,452.915,1140.2916
1995-08-17 16:49:00,624.888,1190.0306
1995-08-17 16:50:00,486.3329999999999,1165.8746
1995-08-17 16:51:00,1781.3120000000004,1188.3091
1995-08-17 16:52:00,1427.538,1178.5714
1995-08-17 16:53:00,1528.833,1167.0345
1995-08-17 16:54:00,1055.544,1192.7671
1995-08-17 16:55:00,1158.604,1255.181
1995-08-17 16:56:00,1173.496,1279.3196
1995-08-17 16:57:00,733.5,1294.1414
1995-08-17 16:58:00,651.683,1333.5768
1995-08-17 16:59:00,970.635,1303.6158
1995-08-17 17:00:00,390.46299999999997,1260.7932
1995-08-17 17:01:00,432.937,1205.8877
1995-08-17 17:02:00,354.576,1122.729
1995-08-17 17:03:00,966.5450000000001,1031.4236
1995-08-17 17:04:00,521.284,956.3973
1995-08-17 17:05:00,1036.964,917.9811
1995-08-17 17:06:00,620.477,907.49255
1995-08-17 17:07:00,548.235,898.6867
1995-08-17 17:08:00,778.6659999999999,882.13605
1995-08-17 17:09:00,806.899,872.2731
1995-08-17 17:10:00,1850.7730000000001,892.7237
1995-08-17 17:11:00,1625.7569999999998,943.883
1995-08-17 17:12:00,1675.818,1036.5979
1995-08-17 17:13:00,1766.438,1130.3718
1995-08-17 17:14:00,913.569,1198.3004
1995-08-17 17:15:00,590.35,1250.7249
1995-08-17 17:16:00,2001.864,1277.8726
1995-08-17 17:17:00,546.054,1272.8082
1995-08-17 17:18:00,558.9399999999999,1311.6399
1995-08-17 17:19:00,708.855,1267.4684
1995-08-17 17:20:00,755.1710000000002,1244.195
1995-08-17 17:21:00,512.886,1215.8948
1995-08-17 17:22:00,876.314,1164.9862
1995-08-17 17:23:00,1088.71,1107.8096
1995-08-17 17:24:00,1206.847,1046.6228
1995-08-17 17:25:00,1734.282,1015.56665
1995-08-17 17:26:00,972.008,1019.2344
1995-08-17 17:27:00,1322.253,1071.5592
1995-08-17 17:28:00,2583.4390000000003,1108.2225
1995-08-17 17:29:00,581.264,1153.7324
1995-08-17 17:30:00,2267.198,1225.1909
1995-08-17 17:31:00,1083.611,1207.3402
1995-08-17 17:32:00,1588.026,1259.9585
1995-08-17 17:33:00,1295.774,1293.0474
1995-08-17 17:34:00,819.79,1310.9966
1995-08-17 17:35:00,824.2009999999999,1293.5052
1995-08-17 17:36:00,447.57599999999996,1254.4172
1995-08-17 17:37:00,1572.081,1194.4071
1995-08-17 17:38:00,836.913,1105.7109
1995-08-17 17:39:00,454.366,1060.1956
1995-08-17 17:40:00,193.013,990.4622
1995-08-17 17:41:00,378.995,935.9069
1995-08-17 17:42:00,200.013,785.6824
1995-08-17 17:43:00,1548.8359999999998,752.33826
1995-08-17 17:44:00,2534.352,714.407
1995-08-17 17:45:00,481.065,749.8676
1995-08-17 17:46:00,1197.536,866.27325
1995-08-17 17:47:00,1115.4379999999999,918.0902
1995-08-17 17:48:00,752.225,1012.20776
1995-08-17 17:49:00,551.873,1077.4225
1995-08-17 17:50:00,723.542,1094.2644
1995-08-17 17:51:00,291.644,1074.2511
1995-08-17 17:52:00,1686.4670000000003,1087.0883
1995-08-17 17:53:00,1042.592,1027.8959
1995-08-17 17:54:00,790.406,1072.8436
1995-08-17 17:55:00,653.5930000000001,1042.8007
1995-08-17 17:56:00,291.353,995.64594
1995-08-17 17:57:00,259.837,947.06885
1995-08-17 17:58:00,375.9150000000001,863.39874
1995-08-17 17:59:00,321.7,797.10834
1995-08-17 18:00:00,797.108,764.90594
1995-08-17 18:01:00,728.5510000000002,727.3266
1995-08-17 18:02:00,458.702,738.06976
1995-08-17 18:03:00,512.649,754.41583
1995-08-17 18:04:00,486.34499999999997,725.6861
1995-08-17 18:05:00,626.093,702.2336
1995-08-17 18:06:00,1128.293,680.76074
1995-08-17 18:07:00,1254.344,694.3452
1995-08-17 18:08:00,1993.95,731.48596
1995-08-17 18:09:00,1553.359,767.30695
1995-08-17 18:10:00,1032.481,853.5517
1995-08-17 18:11:00,965.123,969.3414
1995-08-17 18:12:00,450.046,1013.083
1995-08-17 18:13:00,256.262,1030.113
1995-08-17 18:14:00,560.958,992.61444
1995-08-17 18:15:00,1166.809,926.33704
1995-08-17 18:16:00,505.16599999999994,874.2761
1995-08-17 18:17:00,462.185,838.2111
1995-08-17 18:18:00,1253.143,768.8016
1995-08-17 18:19:00,1357.636,751.51544
1995-08-17 18:20:00,1447.519,776.8231
1995-08-17 18:21:00,1358.823,832.29474
1995-08-17 18:22:00,1081.709,887.26685
1995-08-17 18:23:00,812.885,947.49536
1995-08-17 18:24:00,775.761,993.3442
1995-08-17 18:25:00,1333.5210000000002,1024.5908
1995-08-17 18:26:00,921.5880000000001,1017.35474
1995-08-17 18:27:00,968.979,1067.2188
1995-08-17 18:28:00,1169.8809999999999,1083.6849
1995-08-17 18:29:00,1162.08,1046.1875
1995-08-17 18:30:00,699.572,1000.9407
1995-08-17 18:31:00,1922.9160000000004,966.0025
1995-08-17 18:32:00,520.124,906.4467
1995-08-17 18:33:00,1033.016,881.3626
1995-08-17 18:34:00,834.148,831.9778
1995-08-17 18:35:00,655.939,819.9119
1995-08-17 18:36:00,408.73,823.749
1995-08-17 18:37:00,510.412,804.7103
1995-08-17 18:38:00,688.365,793.2485
1995-08-17 18:39:00,505.451,766.22516
1995-08-17 18:40:00,543.509,738.7115
1995-08-17 18:41:00,362.898,692.7375
1995-08-17 18:42:00,987.516,668.38995
1995-08-17 18:43:00,807.046,645.13727
1995-08-17 18:44:00,1300.117,683.6643
1995-08-17 18:45:00,1139.302,704.2756
1995-08-17 18:46:00,748.462,734.4449
1995-08-17 18:47:00,467.401,784.3678
1995-08-17 18:48:00,837.5169999999999,846.4134
1995-08-17 18:49:00,1132.295,826.0848
1995-08-17 18:50:00,931.3790000000001,835.0451
1995-08-17 18:51:00,1534.7259999999999,906.3873
1995-08-17 18:52:00,427.695,950.8336
1995-08-17 18:53:00,945.5640000000001,971.7842
1995-08-17 18:54:00,1080.647,945.5569
1995-08-17 18:55:00,818.0850000000002,927.1035
1995-08-17 18:56:00,2034.1769999999997,907.5379
1995-08-17 18:57:00,1880.3940000000002,890.2578
1995-08-17 18:58:00,1837.2050000000002,972.34784
1995-08-17 18:59:00,1959.998,1057.9417
1995-08-17 19:00:00,1457.1690000000003,1129.0663
1995-08-17 19:01:00,1910.338,1170.119
1995-08-17 19:02:00,1201.44,1217.7751
1995-08-17 19:03:00,993.79,1269.0847
1995-08-17 19:04:00,1250.497,1326.1808
1995-08-17 19:05:00,1863.5220000000002,1282.8695
1995-08-17 19:06:00,945.3879999999999,1281.8765
1995-08-17 19:07:00,435.274,1292.7089
1995-08-17 19:08:00,1495.518,1195.1461
1995-08-17 19:09:00,1762.107,1043.227
1995-08-17 19:10:00,770.718,978.84766
1995-08-17 19:11:00,1343.317,962.64685
1995-08-17 19:12:00,1876.1550000000002,915.2239
1995-08-17 19:13:00,1262.763,890.489
1995-08-17 19:14:00,1236.953,893.1694
1995-08-17 19:15:00,599.857,889.07526
1995-08-17 19:16:00,743.74,890.42883
1995-08-17 19:17:00,1512.748,873.6259
1995-08-17 19:18:00,722.8,854.5497
1995-08-17 19:19:00,1047.378,903.1958
1995-08-17 19:20:00,1526.056,894.1432
1995-08-17 19:21:00,1884.716,886.2853
1995-08-17 19:22:00,1751.9,934.9123
1995-08-17 19:23:00,403.4189999999999,1007.73364
1995-08-17 19:24:00,548.9920000000001,1044.1869
1995-08-17 19:25:00,1233.358,1014.387
1995-08-17 19:26:00,1147.5330000000001,974.74255
1995-08-17 19:27:00,1010.613,994.0721
1995-08-17 19:28:00,524.931,996.831
1995-08-17 19:29:00,899.413,967.0658
1995-08-17 19:30:00,608.708,911.6198
1995-08-17 19:31:00,878.884,838.43805
1995-08-17 19:32:00,887.682,758.02826
1995-08-17 19:33:00,330.11300000000006,701.6025
1995-08-17 19:34:00,1054.244,697.05536
1995-08-17 19:35:00,1012.107,676.15564
1995-08-17 19:36:00,459.989,700.87335
1995-08-17 19:37:00,1088.035,715.9229
1995-08-17 19:38:00,664.85,705.6462
1995-08-17 19:39:00,2035.5,735.5089
1995-08-17 19:40:00,333.065,767.9821
1995-08-17 19:41:00,407.854,847.0092
1995-08-17 19:42:00,1475.262,864.64014
1995-08-17 19:43:00,337.17299999999994,895.42865
1995-08-17 19:44:00,1272.652,944.8511
1995-08-17 19:45:00,843.359,947.2849
1995-08-17 19:46:00,946.619,952.7805
1995-08-17 19:47:00,973.039,946.4514
1995-08-17 19:48:00,1476.648,968.7471
1995-08-17 19:49:00,1306.527,984.293
1995-08-17 19:50:00,1357.455,1030.5913
1995-08-17 19:51:00,1075.25,985.79443
1995-08-17 19:52:00,866.496,1001.8683
1995-08-17 19:53:00,872.811,1013.0454
1995-08-17 19:54:00,621.317,989.54565
1995-08-17 19:55:00,373.116,991.95496
1995-08-17 19:56:00,1244.816,943.3437
1995-08-17 19:57:00,507.56399999999996,880.2959
1995-08-17 19:58:00,874.2410000000001,857.17004
1995-08-17 19:59:00,695.979,789.7872
1995-08-17 20:00:00,263.239,734.08435
1995-08-17 20:01:00,543.78,702.05927
1995-08-17 20:02:00,218.195,649.6312
1995-08-17 20:03:00,440.0369999999999,615.2837
1995-08-17 20:04:00,94.60200000000002,566.32446
1995-08-17 20:05:00,1090.183,543.8372
1995-08-17 20:06:00,574.735,523.33923
1995-08-17 20:07:00,374.563,558.0608
1995-08-17 20:08:00,315.457,565.8117
1995-08-17 20:09:00,558.231,583.1791
1995-08-17 20:10:00,385.99399999999997,595.18085
1995-08-17 20:11:00,143.311,644.3158
1995-08-17 20:12:00,780.8389999999999,662.61804
1995-08-17 20:13:00,1752.493,627.5139
1995-08-17 20:14:00,464.64200000000005,621.9472
1995-08-17 20:15:00,254.477,706.0715
1995-08-17 20:16:00,504.099,748.03436
1995-08-17 20:17:00,578.585,747.3184
1995-08-17 20:18:00,408.707,747.44727
1995-08-17 20:19:00,791.576,781.9778
1995-08-17 20:20:00,425.7,809.2153
1995-08-17 20:21:00,1013.934,834.7483
1995-08-17 20:22:00,964.563,824.1922
1995-08-17 20:23:00,541.005,820.2706
1995-08-17 20:24:00,629.5,795.79645
1995-08-17 20:25:00,307.074,771.6973
1995-08-17 20:26:00,424.356,769.5893
1995-08-17 20:27:00,735.8489999999999,749.82513
1995-08-17 20:28:00,605.374,723.5596
1995-08-17 20:29:00,1153.559,712.24426
1995-08-17 20:30:00,1096.407,722.89557
1995-08-17 20:31:00,1771.532,753.3064
1995-08-17 20:32:00,536.559,797.0336
1995-08-17 20:33:00,501.48,899.26184
1995-08-17 20:34:00,819.5899999999999,915.3029
1995-08-17 20:35:00,1262.2790000000002,913.9983
1995-08-17 20:36:00,156.115,902.99744
1995-08-17 20:37:00,820.903,880.7161
1995-08-17 20:38:00,399.731,864.7671
1995-08-17 20:39:00,508.71899999999994,845.8169
1995-08-17 20:40:00,504.43800000000005,804.3338
1995-08-17 20:41:00,547.015,767.5936
1995-08-17 20:42:00,132.233,738.996
1995-08-17 20:43:00,700.207,691.7015
1995-08-17 20:44:00,445.33000000000004,653.1155
1995-08-17 20:45:00,1735.975,650.40735
1995-08-17 20:46:00,251.975,635.06165
1995-08-17 20:47:00,856.019,657.7301
1995-08-17 20:48:00,610.5550000000001,630.5235
1995-08-17 20:49:00,382.685,616.6087
1995-08-17 20:50:00,464.77,596.92566
1995-08-17 20:51:00,392.186,643.6679
1995-08-17 20:52:00,1238.473,630.97833
1995-08-17 20:53:00,2217.3830000000003,622.36646
1995-08-17 20:54:00,375.531,602.83
1995-08-17 20:55:00,846.055,671.15607
1995-08-17 20:56:00,804.103,712.31537
1995-08-17 20:57:00,1020.8710000000001,709.8482
1995-08-17 20:58:00,744.198,772.74634
1995-08-17 20:59:00,697.2169999999999,830.32404
1995-08-17 21:00:00,508.54,856.48364
1995-08-17 21:01:00,309.654,837.46686
1995-08-17 21:02:00,788.107,830.52454
1995-08-17 21:03:00,929.471,799.41254
1995-08-17 21:04:00,1149.936,784.23486
1995-08-17 21:05:00,902.0580000000001,739.71063
1995-08-17 21:06:00,742.3870000000001,741.1902
1995-08-17 21:07:00,546.723,753.498
1995-08-17 21:08:00,564.97,743.8669
1995-08-17 21:09:00,230.86599999999999,711.2737
1995-08-17 21:10:00,236.151,682.0818
1995-08-17 21:11:00,722.095,623.72144
1995-08-17 21:12:00,1372.7269999999999,551.9817
1995-08-17 21:13:00,477.136,572.09033
1995-08-17 21:14:00,1695.3709999999999,649.16956
1995-08-17 21:15:00,810.7630000000001,659.73645
1995-08-17 21:16:00,329.26800000000003,677.04736
1995-08-17 21:17:00,527.985,686.781
1995-08-17 21:18:00,626.386,656.7479
1995-08-17 21:19:00,1291.4930000000002,645.89087
1995-08-17 21:20:00,250.43800000000002,618.7513
1995-08-17 21:21:00,467.649,649.3324
1995-08-17 21:22:00,255.632,647.1238
1995-08-17 21:23:00,901.876,651.10596
1995-08-17 21:24:00,567.081,630.67426
1995-08-17 21:25:00,517.905,649.76385
1995-08-17 21:26:00,327.168,642.7649
1995-08-17 21:27:00,791.8100000000001,658.09406
1995-08-17 21:28:00,233.072,674.996
1995-08-17 21:29:00,318.966,675.49
1995-08-17 21:30:00,153.80100000000002,652.06537
1995-08-17 21:31:00,192.355,652.88837
1995-08-17 21:32:00,178.756,645.7334
1995-08-17 21:33:00,308.271,628.3216
1995-08-17 21:34:00,412.95,608.3135
1995-08-17 21:35:00,972.326,607.3764
1995-08-17 21:36:00,151.69,624.8932
1995-08-17 21:37:00,304.033,667.52295
1995-08-17 21:38:00,731.753,688.9955
1995-08-17 21:39:00,433.2509999999999,656.53925
1995-08-17 21:40:00,122.93699999999998,674.48895
1995-08-17 21:41:00,521.587,680.26294
1995-08-17 21:42:00,440.861,648.8217
1995-08-17 21:43:00,152.387,624.0259
1995-08-17 21:44:00,283.897,591.3284
1995-08-17 21:45:00,566.452,524.00714
1995-08-17 21:46:00,232.592,484.95178
1995-08-17 21:47:00,336.306,468.62598
1995-08-17 21:48:00,599.446,449.98532
1995-08-17 21:49:00,2486.073,450.95627
1995-08-17 21:50:00,1626.0240000000001,473.97278
1995-08-17 21:51:00,1146.715,581.94025
1995-08-17 21:52:00,773.7199999999999,658.8743
1995-08-17 21:53:00,350.551,685.8706
1995-08-17 21:54:00,194.465,723.1859
1995-08-17 21:55:00,390.927,739.128
1995-08-17 21:56:00,905.977,728.9254
1995-08-17 21:57:00,224.678,722.41766
1995-08-17 21:58:00,1349.195,735.39886
1995-08-17 21:59:00,561.556,710.35547
1995-08-17 22:00:00,387.196,720.60724
1995-08-17 22:01:00,1062.051,702.75916
1995-08-17 22:02:00,216.496,704.97705
1995-08-17 22:03:00,429.88599999999997,742.89923
1995-08-17 22:04:00,162.063,733.56793
1995-08-17 22:05:00,504.71099999999996,719.6038
1995-08-17 22:06:00,415.719,666.60876
1995-08-17 22:07:00,251.971,625.9368
1995-08-17 22:08:00,176.80400000000003,601.0127
1995-08-17 22:09:00,376.288,560.05774
1995-08-17 22:10:00,267.531,514.13983
1995-08-17 22:11:00,932.246,553.5938
1995-08-17 22:12:00,470.87499999999994,579.14886
1995-08-17 22:13:00,551.271,601.7865
1995-08-17 22:14:00,590.339,614.71643
1995-08-17 22:15:00,99.868,631.5894
1995-08-17 22:16:00,274.041,679.4132
1995-08-17 22:17:00,241.107,650.3573
1995-08-17 22:18:00,280.827,633.4018
1995-08-17 22:19:00,84.224,630.2606
1995-08-17 22:20:00,521.071,588.3003
1995-08-17 22:21:00,183.506,522.5683
1995-08-17 22:22:00,422.03,494.7846
1995-08-17 22:23:00,852.077,486.6471
1995-08-17 22:24:00,383.181,513.7683
1995-08-17 22:25:00,136.87,535.5509
1995-08-17 22:26:00,350.723,521.44995
1995-08-17 22:27:00,537.74,506.05923
1995-08-17 22:28:00,374.84299999999996,528.45526
1995-08-17 22:29:00,801.707,548.66425
1995-08-17 22:30:00,206.64000000000001,565.1668
1995-08-17 22:31:00,241.439,603.83496
1995-08-17 22:32:00,719.619,622.47375
1995-08-17 22:33:00,487.30100000000004,629.89374
1995-08-17 22:34:00,167.031,625.83405
1995-08-17 22:35:00,234.37500000000003,615.6743
1995-08-17 22:36:00,401.56199999999995,596.6441
1995-08-17 22:37:00,408.458,595.0904
1995-08-17 22:38:00,279.38,596.9721
1995-08-17 22:39:00,252.356,582.90594
1995-08-17 22:40:00,330.839,580.97186
1995-08-17 22:41:00,1670.711,529.06116
1995-08-17 22:42:00,492.739,526.84644
1995-08-17 22:43:00,403.64300000000003,572.3133
1995-08-17 22:44:00,94.697,601.09283
1995-08-17 22:45:00,329.372,623.035
1995-08-17 22:46:00,229.523,603.86646
1995-08-17 22:47:00,43.946,585.5683
1995-08-17 22:48:00,122.67999999999999,534.7894
1995-08-17 22:49:00,189.28699999999998,495.7981
1995-08-17 22:50:00,500.341,467.1022
1995-08-17 22:51:00,574.2429999999999,460.39493
1995-08-17 22:52:00,289.477,464.15747
1995-08-17 22:53:00,1461.09,469.0257
1995-08-17 22:54:00,676.5540000000001,477.14645
1995-08-17 22:55:00,517.302,538.7454
1995-08-17 22:56:00,171.918,591.9774
1995-08-17 22:57:00,266.982,586.93506
1995-08-17 22:58:00,250.28199999999998,567.17566
1995-08-17 22:59:00,368.07,541.7685
1995-08-17 23:00:00,316.234,514.55237
1995-08-17 23:01:00,1088.913,481.23688
1995-08-17 23:02:00,224.681,473.54532
1995-08-17 23:03:00,409.7990000000001,476.24863
1995-08-17 23:04:00,159.017,458.8101
1995-08-17 23:05:00,162.434,456.25375
1995-08-17 23:06:00,117.408,461.76825
1995-08-17 23:07:00,104.05199999999999,466.8426
1995-08-17 23:08:00,209.16299999999998,473.53842
1995-08-17 23:09:00,101.503,431.01892
1995-08-17 23:10:00,497.906,411.89844
1995-08-17 23:11:00,762.6179999999999,411.23196
1995-08-17 23:12:00,159.772,466.76132
1995-08-17 23:13:00,405.35699999999997,519.35
1995-08-17 23:14:00,2310.013,550.79376
1995-08-17 23:15:00,266.73199999999997,570.7699
1995-08-17 23:16:00,932.348,651.6966
1995-08-17 23:17:00,314.887,684.6676
1995-08-17 23:18:00,671.673,699.6429
1995-08-17 23:19:00,1021.779,687.11456
1995-08-17 23:20:00,523.409,728.19275
1995-08-17 23:21:00,1146.735,774.388
1995-08-17 23:22:00,695.422,795.38184
1995-08-17 23:23:00,438.134,825.7007
1995-08-17 23:24:00,601.966,857.808
1995-08-17 23:25:00,2324.565,843.367
1995-08-17 23:26:00,367.63,798.41266
1995-08-17 23:27:00,737.588,856.4071
1995-08-17 23:28:00,324.66100000000006,825.707
1995-08-17 23:29:00,303.139,807.85406
1995-08-17 23:30:00,355.476,756.45087
1995-08-17 23:31:00,125.546,689.769
1995-08-17 23:32:00,156.294,621.34875
1995-08-17 23:33:00,1549.5220000000002,557.5031
1995-08-17 23:34:00,394.811,494.07962
1995-08-17 23:35:00,686.519,523.15765
1995-08-17 23:36:00,241.1,573.465
1995-08-17 23:37:00,374.57199999999995,594.7281
1995-08-17 23:38:00,717.16,623.9393
1995-08-17 23:39:00,756.244,604.52576
1995-08-17 23:40:00,639.0000000000001,607.21625
1995-08-17 23:41:00,1417.7160000000001,609.79175
1995-08-17 23:42:00,1503.0240000000001,614.87427
1995-08-17 23:43:00,1755.2799999999997,649.4183
1995-08-17 23:44:00,300.634,726.80585
1995-08-17 23:45:00,291.796,779.47925
1995-08-17 23:46:00,224.05,790.68176
1995-08-17 23:47:00,328.818,773.0499
1995-08-17 23:48:00,452.397,744.7664
1995-08-17 23:49:00,517.573,731.44604
1995-08-17 23:50:00,1205.311,692.9546
1995-08-17 23:51:00,188.501,669.3496
1995-08-17 23:52:00,261.671,674.38214
1995-08-17 23:53:00,272.152,636.25
1995-08-17 23:54:00,253.473,547.1999
1995-08-17 23:55:00,554.201,481.94592
1995-08-17 23:56:00,141.158,444.99142
1995-08-17 23:57:00,785.086,437.51846
1995-08-17 23:58:00,185.75900000000001,383.0649
1995-08-17 23:59:00,172.757,382.15485
1995-08-18 00:00:00,362.62100000000004,374.5781
1995-08-18 00:01:00,40.803,345.7971
1995-08-18 00:02:00,1224.3709999999999,314.82785
1995-08-18 00:03:00,675.587,287.45203
1995-08-18 00:04:00,245.242,310.48047
1995-08-18 00:05:00,165.575,353.4284
1995-08-18 00:06:00,268.721,355.63232
1995-08-18 00:07:00,1145.875,379.87082
1995-08-18 00:08:00,267.198,415.15308
1995-08-18 00:09:00,452.18799999999993,454.46967
1995-08-18 00:10:00,215.862,469.00458
1995-08-18 00:11:00,802.712,491.36536
1995-08-18 00:12:00,298.892,483.1307
1995-08-18 00:13:00,1620.4249999999997,508.16898
1995-08-18 00:14:00,550.141,531.02606
1995-08-18 00:15:00,381.621,613.76135
1995-08-18 00:16:00,557.242,665.2736
1995-08-18 00:17:00,328.53,670.3973
1995-08-18 00:18:00,744.343,670.3089
1995-08-18 00:19:00,413.847,660.53595
1995-08-18 00:20:00,130.782,673.21277
1995-08-18 00:21:00,461.90400000000005,665.8308
1995-08-18 00:22:00,52.483000000000004,616.9633
1995-08-18 00:23:00,263.28000000000003,574.964
1995-08-18 00:24:00,69.06700000000001,514.25336
1995-08-18 00:25:00,118.887,463.103
1995-08-18 00:26:00,312.491,405.8405
1995-08-18 00:27:00,205.26700000000002,395.4868
1995-08-18 00:28:00,104.236,408.69974
1995-08-18 00:29:00,86.834,421.35214
1995-08-18 00:30:00,174.688,385.64328
1995-08-18 00:31:00,1234.0529999999999,360.31012
1995-08-18 00:32:00,186.41,349.61826
1995-08-18 00:33:00,211.796,367.29083
1995-08-18 00:34:00,224.895,398.52737
1995-08-18 00:35:00,229.569,397.03784
1995-08-18 00:36:00,149.60999999999999,395.16013
1995-08-18 00:37:00,172.55700000000002,369.47577
1995-08-18 00:38:00,683.805,345.58887
1995-08-18 00:39:00,108.30199999999999,346.82202
1995-08-18 00:40:00,152.047,375.197
1995-08-18 00:41:00,114.83699999999999,385.237
1995-08-18 00:42:00,339.565,373.9036
1995-08-18 00:43:00,158.899,352.30365
1995-08-18 00:44:00,124.33999999999999,357.59402
1995-08-18 00:45:00,223.119,336.61853
1995-08-18 00:46:00,83.99100000000001,353.32745
1995-08-18 00:47:00,147.745,407.4683
1995-08-18 00:48:00,36.854,440.49115
1995-08-18 00:49:00,37.054,453.51297
1995-08-18 00:50:00,286.111,431.28476
1995-08-18 00:51:00,113.68499999999999,400.86127
1995-08-18 00:52:00,165.359,380.01117
1995-08-18 00:53:00,326.17800000000005,350.4039
1995-08-18 00:54:00,231.59,327.47354
1995-08-18 00:55:00,426.06700000000006,328.5412
1995-08-18 00:56:00,231.711,346.51437
1995-08-18 00:57:00,136.89,367.00266
1995-08-18 00:58:00,62.926999999999985,379.37344
1995-08-18 00:59:00,118.97399999999999,384.69687
1995-08-18 01:00:00,280.026,390.7666
1995-08-18 01:01:00,284.048,402.88562
1995-08-18 01:02:00,237.373,407.60458
1995-08-18 01:03:00,486.3539999999999,442.08374
1995-08-18 01:04:00,363.505,463.59344
1995-08-18 01:05:00,239.494,483.00272
1995-08-18 01:06:00,347.665,478.10986
1995-08-18 01:07:00,387.1669999999999,459.55853
1995-08-18 01:08:00,349.3740000000001,448.76254
1995-08-18 01:09:00,538.855,445.79773
1995-08-18 01:10:00,252.162,436.42896
1995-08-18 01:11:00,676.813,466.4078
1995-08-18 01:12:00,867.264,461.13135
1995-08-18 01:13:00,358.5450000000001,489.30005
1995-08-18 01:14:00,479.42199999999997,502.73273
1995-08-18 01:15:00,224.24500000000003,510.40445
1995-08-18 01:16:00,847.9670000000001,521.0286
1995-08-18 01:17:00,287.911,527.1112
1995-08-18 01:18:00,520.374,557.1589
1995-08-18 01:19:00,188.752,542.68066
1995-08-18 01:20:00,271.416,541.62225
1995-08-18 01:21:00,317.504,520.0593
1995-08-18 01:22:00,583.449,489.2059
1995-08-18 01:23:00,1211.9930000000002,462.43033
1995-08-18 01:24:00,45.762,447.5813
1995-08-18 01:25:00,231.953,494.0672
1995-08-18 01:26:00,607.737,489.06836
1995-08-18 01:27:00,236.762,469.74994
1995-08-18 01:28:00,126.495,429.90643
1995-08-18 01:29:00,112.961,424.29694
1995-08-18 01:30:00,254.721,400.14
1995-08-18 01:31:00,287.638,372.3627
1995-08-18 01:32:00,166.161,376.75305
1995-08-18 01:33:00,502.77,397.3174
1995-08-18 01:34:00,147.596,402.44995
1995-08-18 01:35:00,480.633,414.39948
1995-08-18 01:36:00,499.522,450.7499
1995-08-18 01:37:00,548.741,490.3344
1995-08-18 01:38:00,233.81100000000004,514.969
1995-08-18 01:39:00,122.208,526.93475
1995-08-18 01:40:00,191.185,548.9743
1995-08-18 01:41:00,392.724,545.9989
1995-08-18 01:42:00,292.891,540.4761
1995-08-18 01:43:00,143.514,529.6363
1995-08-18 01:44:00,969.677,529.2681
1995-08-18 01:45:00,162.408,505.07535
1995-08-18 01:46:00,74.249,554.10095
1995-08-18 01:47:00,210.74999999999997,568.6396
1995-08-18 01:48:00,1359.9609999999998,564.4877
1995-08-18 01:49:00,1010.745,560.4595
1995-08-18 01:50:00,294.66499999999996,602.8234
1995-08-18 01:51:00,339.38599999999997,616.49713
1995-08-18 01:52:00,275.395,607.509
1995-08-18 01:53:00,391.635,584.2265
1995-08-18 01:54:00,404.26,567.4698
1995-08-18 01:55:00,524.395,580.2377
1995-08-18 01:56:00,474.7780000000001,570.86395
1995-08-18 01:57:00,2286.4480000000003,587.1868
1995-08-18 01:58:00,322.323,584.2244
1995-08-18 01:59:00,495.862,684.7678
1995-08-18 02:00:00,351.491,714.7315
1995-08-18 02:01:00,397.963,703.1129
1995-08-18 02:02:00,277.118,672.6922
1995-08-18 02:03:00,190.479,635.1912
1995-08-18 02:04:00,140.317,588.0157
1995-08-18 02:05:00,438.996,545.6078
1995-08-18 02:06:00,392.959,489.214
1995-08-18 02:07:00,106.996,437.57727
1995-08-18 02:08:00,172.751,422.92007
1995-08-18 02:09:00,170.92100000000002,364.8227
1995-08-18 02:10:00,1496.8790000000004,346.33206
1995-08-18 02:11:00,628.304,323.2624
1995-08-18 02:12:00,432.726,334.47916
1995-08-18 02:13:00,230.236,390.7819
1995-08-18 02:14:00,290.429,429.12158
1995-08-18 02:15:00,84.001,439.82162
1995-08-18 02:16:00,74.32000000000001,441.9479
1995-08-18 02:17:00,52.976,398.69882
1995-08-18 02:18:00,73.23,350.32437
1995-08-18 02:19:00,216.181,319.67752
1995-08-18 02:20:00,133.071,294.91006
1995-08-18 02:21:00,227.382,272.723
1995-08-18 02:22:00,337.67999999999995,229.2128
1995-08-18 02:23:00,1176.1100000000001,212.00934
1995-08-18 02:24:00,24.392,214.20734
1995-08-18 02:25:00,133.305,256.29807
1995-08-18 02:26:00,146.90699999999998,278.25876
1995-08-18 02:27:00,1245.982,291.8437
1995-08-18 02:28:00,100.747,275.0588
1995-08-18 02:29:00,66.941,326.4563
1995-08-18 02:30:00,368.1650000000001,364.96036
1995-08-18 02:31:00,229.908,376.6296
1995-08-18 02:32:00,1327.3979999999997,372.8405
1995-08-18 02:33:00,165.566,376.18454
1995-08-18 02:34:00,354.686,390.75806
1995-08-18 02:35:00,348.3310000000001,386.04367
1995-08-18 02:36:00,452.527,317.0538
1995-08-18 02:37:00,361.455,324.4605
1995-08-18 02:38:00,1268.888,373.5855
1995-08-18 02:39:00,639.1979999999999,371.65277
1995-08-18 02:40:00,212.95499999999998,415.4805
1995-08-18 02:41:00,444.796,427.45984
1995-08-18 02:42:00,298.183,429.65518
1995-08-18 02:43:00,343.75100000000003,460.6899
1995-08-18 02:44:00,43.768,450.89267
1995-08-18 02:45:00,264.21,439.09894
1995-08-18 02:46:00,232.15,390.4338
1995-08-18 02:47:00,227.08599999999998,355.80835
1995-08-18 02:48:00,369.298,327.79504
1995-08-18 02:49:00,285.104,309.19962
1995-08-18 02:50:00,367.372,321.4118
1995-08-18 02:51:00,135.203,339.1361
1995-08-18 02:52:00,271.266,351.6554
1995-08-18 02:53:00,303.301,353.34802
1995-08-18 02:54:00,213.36999999999998,372.14523
1995-08-18 02:55:00,383.238,402.48065
1995-08-18 02:56:00,311.326,422.47147
1995-08-18 02:57:00,423.82699999999994,408.3937
1995-08-18 02:58:00,472.84299999999996,373.5068
1995-08-18 02:59:00,422.828,342.0082
1995-08-18 03:00:00,678.541,314.27478
1995-08-18 03:01:00,235.69899999999998,303.85605
1995-08-18 03:02:00,651.033,334.70102
1995-08-18 03:03:00,739.2460000000001,374.8474
1995-08-18 03:04:00,813.918,412.3275
1995-08-18 03:05:00,207.942,448.6226
1995-08-18 03:06:00,477.24800000000005,464.12225
1995-08-18 03:07:00,206.995,430.30127
1995-08-18 03:08:00,444.44,433.178
1995-08-18 03:09:00,149.786,420.3887
1995-08-18 03:10:00,208.668,406.5497
1995-08-18 03:11:00,257.218,391.48938
1995-08-18 03:12:00,197.096,375.297
1995-08-18 03:13:00,24.109,372.45065
1995-08-18 03:14:00,345.23199999999997,365.21182
1995-08-18 03:15:00,335.233,347.31363
1995-08-18 03:16:00,968.683,331.68765
1995-08-18 03:17:00,34.94,326.87576
1995-08-18 03:18:00,206.753,336.1375
1995-08-18 03:19:00,271.053,297.26105
1995-08-18 03:20:00,314.547,279.35864
1995-08-18 03:21:00,259.68,246.0368
1995-08-18 03:22:00,69.458,233.31923
1995-08-18 03:23:00,963.362,259.10254
1995-08-18 03:24:00,910.3629999999999,227.85454
1995-08-18 03:25:00,172.73800000000003,261.792
1995-08-18 03:26:00,352.207,322.6793
1995-08-18 03:27:00,181.919,354.68427
1995-08-18 03:28:00,98.54,370.36438
1995-08-18 03:29:00,105.503,379.86807
1995-08-18 03:30:00,341.488,351.56787
1995-08-18 03:31:00,94.73,336.9113
1995-08-18 03:32:00,163.847,304.555
1995-08-18 03:33:00,65.167,265.71228
1995-08-18 03:34:00,510.264,270.01865
1995-08-18 03:35:00,334.697,246.59561
1995-08-18 03:36:00,1334.092,263.26434
1995-08-18 03:37:00,290.879,311.34927
1995-08-18 03:38:00,725.0509999999999,423.95422
1995-08-18 03:39:00,60.768,469.62375
1995-08-18 03:40:00,26.384999999999994,480.27444
1995-08-18 03:41:00,115.663,466.1132
1995-08-18 03:42:00,83.19099999999999,369.4179
1995-08-18 03:43:00,59.87,311.70135
1995-08-18 03:44:00,446.195,241.51445
1995-08-18 03:45:00,885.3779999999999,209.4447
1995-08-18 03:46:00,95.763,223.89621
1995-08-18 03:47:00,30.886,288.2285
1995-08-18 03:48:00,383.9129999999999,289.11383
1995-08-18 03:49:00,354.548,275.3078
1995-08-18 03:50:00,290.519,288.45483
1995-08-18 03:51:00,256.036,323.67462
1995-08-18 03:52:00,335.785,364.4462
1995-08-18 03:53:00,135.664,364.90823
1995-08-18 03:54:00,153.007,350.7293
1995-08-18 03:55:00,91.806,331.9185
1995-08-18 03:56:00,679.964,291.9298
1995-08-18 03:57:00,306.339,303.69034
1995-08-18 03:58:00,227.73100000000002,347.53128
1995-08-18 03:59:00,67.809,374.77255
1995-08-18 04:00:00,851.947,350.40137
1995-08-18 04:01:00,451.817,325.76697
1995-08-18 04:02:00,254.17,355.61572
1995-08-18 04:03:00,38.742,389.33002
1995-08-18 04:04:00,116.38,381.91284
1995-08-18 04:05:00,34.53,343.66394
1995-08-18 04:06:00,148.17,287.6745
1995-08-18 04:07:00,1212.1799999999998,221.24965
1995-08-18 04:08:00,64.871,179.08623
1995-08-18 04:09:00,9.782,207.59756
1995-08-18 04:10:00,86.58599999999998,236.10336
1995-08-18 04:11:00,102.44200000000001,236.94826
1995-08-18 04:12:00,52.285999999999994,233.89624
1995-08-18 04:13:00,187.031,230.52359
1995-08-18 04:14:00,294.81399999999996,237.87383
1995-08-18 04:15:00,60.181,274.22192
1995-08-18 04:16:00,448.25300000000004,325.8437
1995-08-18 04:17:00,118.02000000000001,356.25137
1995-08-18 04:18:00,366.954,348.01663
1995-08-18 04:19:00,351.801,317.21893
1995-08-18 04:20:00,205.343,311.5316
1995-08-18 04:21:00,96.866,341.83328
1995-08-18 04:22:00,94.52799999999998,337.1416
1995-08-18 04:23:00,276.032,319.67236
1995-08-18 04:24:00,63.075,320.35028
1995-08-18 04:25:00,254.465,320.72232
1995-08-18 04:26:00,138.339,323.08505
1995-08-18 04:27:00,114.97899999999998,342.20032
1995-08-18 04:28:00,41.818999999999996,327.55905
1995-08-18 04:29:00,84.41700000000002,330.1878
1995-08-18 04:30:00,251.608,308.7918
1995-08-18 04:31:00,318.486,266.40805
1995-08-18 04:32:00,164.255,272.93634
1995-08-18 04:33:00,339.98400000000004,311.38837
1995-08-18 04:34:00,241.744,322.76285
1995-08-18 04:35:00,380.837,315.5597
1995-08-18 04:36:00,251.192,286.6361
1995-08-18 04:37:00,38.804,279.19162
1995-08-18 04:38:00,182.424,255.17934
1995-08-18 04:39:00,51.556,220.08856
1995-08-18 04:40:00,86.168,214.01945
1995-08-18 04:41:00,41.227000000000004,206.59312
1995-08-18 04:42:00,573.591,193.28714
1995-08-18 04:43:00,187.891,209.12119
1995-08-18 04:44:00,437.60299999999995,244.89265
1995-08-18 04:45:00,327.585,272.21948
1995-08-18 04:46:00,270.752,303.7619
1995-08-18 04:47:00,223.88600000000005,319.60486
1995-08-18 04:48:00,738.899,319.5404
1995-08-18 04:49:00,352.97,306.99527
1995-08-18 04:50:00,306.571,331.32346
1995-08-18 04:51:00,503.132,329.04883
1995-08-18 04:52:00,459.363,338.80392
1995-08-18 04:53:00,713.9480000000001,343.41046
1995-08-18 04:54:00,438.399,346.31284
1995-08-18 04:55:00,229.12099999999995,390.5895
1995-08-18 04:56:00,251.98900000000003,426.1208
1995-08-18 04:57:00,68.5,444.5279
1995-08-18 04:58:00,94.55299999999998,463.9246
1995-08-18 04:59:00,381.044,441.05023
1995-08-18 05:00:00,284.838,407.49512
1995-08-18 05:01:00,1314.8139999999996,384.69217
1995-08-18 05:02:00,540.073,349.68262
1995-08-18 05:03:00,79.033,316.6707
1995-08-18 05:04:00,468.086,295.5903
1995-08-18 05:05:00,298.246,277.05737
1995-08-18 05:06:00,61.069,282.18372
1995-08-18 05:07:00,132.58499999999998,299.41855
1995-08-18 05:08:00,181.08799999999997,300.14105
1995-08-18 05:09:00,518.605,294.96045
1995-08-18 05:10:00,67.542,306.05753
1995-08-18 05:11:00,167.435,328.00723
1995-08-18 05:12:00,250.816,318.1895
1995-08-18 05:13:00,370.926,322.83176
1995-08-18 05:14:00,127.26400000000001,359.56558
1995-08-18 05:15:00,239.827,382.13556
1995-08-18 05:16:00,99.181,375.7138
1995-08-18 05:17:00,130.389,371.03793
1995-08-18 05:18:00,135.313,351.93814
1995-08-18 05:19:00,246.67600000000002,315.79483
1995-08-18 05:20:00,78.489,298.7295
1995-08-18 05:21:00,303.303,302.84866
1995-08-18 05:22:00,106.397,274.73456
1995-08-18 05:23:00,253.06300000000002,277.1275
1995-08-18 05:24:00,148.743,248.70486
1995-08-18 05:25:00,9.979,238.16995
1995-08-18 05:26:00,88.525,223.22418
1995-08-18 05:27:00,69.343,162.70247
1995-08-18 05:28:00,0.0,133.19366
1995-08-18 05:29:00,187.88,153.71724
1995-08-18 05:30:00,80.01100000000001,146.33571
1995-08-18 05:31:00,24.876,152.99255
1995-08-18 05:32:00,136.99599999999998,202.21483
1995-08-18 05:33:00,222.239,209.85413
1995-08-18 05:34:00,29.356,208.5172
1995-08-18 05:35:00,32.528999999999996,209.40384
1995-08-18 05:36:00,59.882999999999996,186.79846
1995-08-18 05:37:00,16.761,167.1274
1995-08-18 05:38:00,42.48,151.33795
1995-08-18 05:39:00,57.294,119.271225
1995-08-18 05:40:00,196.92,108.1511
1995-08-18 05:41:00,101.693,103.67296
1995-08-18 05:42:00,189.753,105.3723
1995-08-18 05:43:00,49.009,112.27922
1995-08-18 05:44:00,65.866,107.56295
1995-08-18 05:45:00,502.59,87.64492
1995-08-18 05:46:00,160.079,96.2973
1995-08-18 05:47:00,87.14799999999998,122.18127
1995-08-18 05:48:00,142.9,148.97572
1995-08-18 05:49:00,51.556,164.5219
1995-08-18 05:50:00,111.268,181.45743
1995-08-18 05:51:00,260.979,190.24178
1995-08-18 05:52:00,156.672,197.17705
1995-08-18 05:53:00,250.98099999999997,230.87846
1995-08-18 05:54:00,152.086,250.06012
1995-08-18 05:55:00,368.926,270.02042
1995-08-18 05:56:00,155.698,284.80154
1995-08-18 05:57:00,314.719,267.3697
1995-08-18 05:58:00,207.076,255.52357
1995-08-18 05:59:00,312.408,291.71622
1995-08-18 06:00:00,121.49099999999999,313.76984
1995-08-18 06:01:00,182.47999999999996,297.9036
1995-08-18 06:02:00,116.187,260.99353
1995-08-18 06:03:00,144.738,252.23068
1995-08-18 06:04:00,88.04,254.22124
1995-08-18 06:05:00,144.837,241.92908
1995-08-18 06:06:00,122.754,223.72409
1995-08-18 06:07:00,124.04299999999999,218.5871
1995-08-18 06:08:00,331.26800000000003,227.40543
1995-08-18 06:09:00,223.62199999999999,230.39207
1995-08-18 06:10:00,121.94400000000002,250.68245
1995-08-18 06:11:00,364.3670000000001,276.23477
1995-08-18 06:12:00,292.722,307.06375
1995-08-18 06:13:00,241.48200000000003,324.9307
1995-08-18 06:14:00,66.766,328.3409
1995-08-18 06:15:00,139.805,312.92014
1995-08-18 06:16:00,36.168,290.6407
1995-08-18 06:17:00,154.914,244.64572
1995-08-18 06:18:00,116.798,218.47568
1995-08-18 06:19:00,131.24,193.242
1995-08-18 06:20:00,111.19399999999999,192.28299
1995-08-18 06:21:00,115.146,200.73079
1995-08-18 06:22:00,143.743,200.38326
1995-08-18 06:23:00,42.337,201.7897
1995-08-18 06:24:00,149.042,211.85347
1995-08-18 06:25:00,346.64500000000004,210.71515
1995-08-18 06:26:00,297.49,252.19133
1995-08-18 06:27:00,252.05,286.375
1995-08-18 06:28:00,141.802,294.0865
1995-08-18 06:29:00,225.503,287.2386
1995-08-18 06:30:00,239.0,273.28546
1995-08-18 06:31:00,33.120999999999995,290.20068
1995-08-18 06:32:00,92.853,312.14966
1995-08-18 06:33:00,55.92000000000001,302.21832
1995-08-18 06:34:00,49.378,281.8779
1995-08-18 06:35:00,136.861,248.74382
1995-08-18 06:36:00,26.116000000000003,229.58192
1995-08-18 06:37:00,141.46800000000002,220.1956
1995-08-18 06:38:00,641.848,220.47453
1995-08-18 06:39:00,43.875,200.99127
1995-08-18 06:40:00,259.187,253.27565
1995-08-18 06:41:00,103.858,254.093
1995-08-18 06:42:00,252.42499999999995,255.05495
1995-08-18 06:43:00,439.986,260.30206
1995-08-18 06:44:00,219.769,257.72754
1995-08-18 06:45:00,132.202,302.22067
1995-08-18 06:46:00,71.36,323.004
1995-08-18 06:47:00,199.972,310.26547
1995-08-18 06:48:00,65.718,310.44394
1995-08-18 06:49:00,56.009,290.39557
1995-08-18 06:50:00,136.181,251.21135
1995-08-18 06:51:00,62.39099999999999,209.9692
1995-08-18 06:52:00,908.189,176.15677
1995-08-18 06:53:00,216.675,150.24352
1995-08-18 06:54:00,248.591,201.47633
1995-08-18 06:55:00,531.812,260.34927
1995-08-18 06:56:00,1010.7900000000001,319.46567
1995-08-18 06:57:00,337.69100000000003,389.32346
1995-08-18 06:58:00,378.4239999999999,481.6127
1995-08-18 06:59:00,715.6569999999999,550.93634
1995-08-18 07:00:00,300.39,581.4582
1995-08-18 07:01:00,234.13,551.9899
1995-08-18 07:02:00,387.605,498.0204
1995-08-18 07:03:00,759.5669999999999,494.85956
1995-08-18 07:04:00,304.554,476.21155
1995-08-18 07:05:00,239.65,494.60358
1995-08-18 07:06:00,246.357,485.78976
1995-08-18 07:07:00,239.142,444.86984
1995-08-18 07:08:00,439.149,408.04868
1995-08-18 07:09:00,418.26699999999994,374.8042
1995-08-18 07:10:00,680.657,365.29538
1995-08-18 07:11:00,673.941,411.3253
1995-08-18 07:12:00,478.38900000000007,448.6381
1995-08-18 07:13:00,425.708,489.194
1995-08-18 07:14:00,378.936,490.97684
1995-08-18 07:15:00,752.491,484.4007
1995-08-18 07:16:00,540.366,507.06424
1995-08-18 07:17:00,1008.5359999999998,505.34277
1995-08-18 07:18:00,618.794,499.44705
1995-08-18 07:19:00,281.764,547.3303
1995-08-18 07:20:00,483.524,586.3117
1995-08-18 07:21:00,471.238,571.1566
1995-08-18 07:22:00,678.9749999999999,538.8713
1995-08-18 07:23:00,2036.4009999999998,518.64484
1995-08-18 07:24:00,632.943,554.8645
1995-08-18 07:25:00,143.719,627.389
1995-08-18 07:26:00,328.939,633.64325
1995-08-18 07:27:00,233.16900000000004,612.3678
1995-08-18 07:28:00,542.646,565.9261
1995-08-18 07:29:00,284.15500000000003,526.11804
1995-08-18 07:30:00,147.314,519.62714
1995-08-18 07:31:00,223.128,497.64456
1995-08-18 07:32:00,203.483,447.472
1995-08-18 07:33:00,426.425,400.92566
1995-08-18 07:34:00,196.4,355.36313
1995-08-18 07:35:00,360.73400000000004,367.544
1995-08-18 07:36:00,386.94300000000004,379.6648
1995-08-18 07:37:00,991.4909999999999,404.25226
1995-08-18 07:38:00,374.071,443.64896
1995-08-18 07:39:00,241.598,501.34973
1995-08-18 07:40:00,306.647,524.6005
1995-08-18 07:41:00,281.818,533.2956
1995-08-18 07:42:00,340.084,565.1557
1995-08-18 07:43:00,320.917,607.4758
1995-08-18 07:44:00,258.894,643.0036
1995-08-18 07:45:00,210.43799999999996,627.5241
1995-08-18 07:46:00,332.26800000000003,620.38684
1995-08-18 07:47:00,718.125,578.0007
1995-08-18 07:48:00,330.22,557.8212
1995-08-18 07:49:00,234.32399999999998,578.70905
1995-08-18 07:50:00,65.734,582.2715
1995-08-18 07:51:00,208.541,549.6188
1995-08-18 07:52:00,301.323,481.07886
1995-08-18 07:53:00,260.642,473.16318
1995-08-18 07:54:00,318.565,455.72186
1995-08-18 07:55:00,159.636,447.1321
1995-08-18 07:56:00,1017.203,452.14172
1995-08-18 07:57:00,325.716,450.71414
1995-08-18 07:58:00,240.485,457.49548
1995-08-18 07:59:00,49.73599999999999,457.5697
1995-08-18 08:00:00,321.46899999999994,452.40027
1995-08-18 08:01:00,356.84100000000007,406.87024
1995-08-18 08:02:00,234.512,421.15613
1995-08-18 08:03:00,509.33700000000005,460.92755
1995-08-18 08:04:00,183.309,493.6033
1995-08-18 08:05:00,776.667,527.5302
1995-08-18 08:06:00,750.37,544.02124
1995-08-18 08:07:00,491.027,601.6777
1995-08-18 08:08:00,608.472,656.6464
1995-08-18 08:09:00,591.775,694.0339
1995-08-18 08:10:00,322.644,723.9451
1995-08-18 08:11:00,613.053,733.7266
1995-08-18 08:12:00,698.2490000000001,696.9876
1995-08-18 08:13:00,1522.1939999999997,700.38043
1995-08-18 08:14:00,340.331,725.43677
1995-08-18 08:15:00,1969.077,783.8618
1995-08-18 08:16:00,197.993,791.6097
1995-08-18 08:17:00,993.9459999999999,820.9615
1995-08-18 08:18:00,246.763,776.6932
1995-08-18 08:19:00,1115.317,763.4556
1995-08-18 08:20:00,627.657,725.6078
1995-08-18 08:21:00,175.745,748.63666
1995-08-18 08:22:00,217.196,792.56445
1995-08-18 08:23:00,146.72,734.87195
1995-08-18 08:24:00,284.443,658.54126
1995-08-18 08:25:00,294.099,563.323
1995-08-18 08:26:00,599.274,547.35803
1995-08-18 08:27:00,506.7,533.08124
1995-08-18 08:28:00,357.01300000000003,582.3881
1995-08-18 08:29:00,379.22,585.23895
1995-08-18 08:30:00,720.645,576.9427
1995-08-18 08:31:00,424.069,561.22
1995-08-18 08:32:00,780.39,605.8279
1995-08-18 08:33:00,493.231,646.81696
1995-08-18 08:34:00,76.043,662.3695
1995-08-18 08:35:00,757.836,656.454
1995-08-18 08:36:00,469.614,602.5959
1995-08-18 08:37:00,490.839,586.6081
1995-08-18 08:38:00,330.1,567.93823
1995-08-18 08:39:00,540.945,559.955
1995-08-18 08:40:00,369.17199999999997,577.5572
1995-08-18 08:41:00,852.4970000000001,606.1631
1995-08-18 08:42:00,1558.781,616.2182
1995-08-18 08:43:00,868.2489999999999,647.75256
1995-08-18 08:44:00,1148.949,697.3636
1995-08-18 08:45:00,434.61899999999997,744.6902
1995-08-18 08:46:00,771.4669999999999,803.5337
1995-08-18 08:47:00,639.4320000000001,790.7255
1995-08-18 08:48:00,540.015,844.0261
1995-08-18 08:49:00,935.666,878.71246
1995-08-18 08:50:00,563.047,880.8107
1995-08-18 08:51:00,1570.107,913.15204
1995-08-18 08:52:00,458.73,945.67084
1995-08-18 08:53:00,781.401,976.1395
1995-08-18 08:54:00,1149.702,923.02155
1995-08-18 08:55:00,955.841,905.07385
1995-08-18 08:56:00,862.486,932.34467
1995-08-18 08:57:00,1036.387,966.6845
1995-08-18 08:58:00,1477.115,960.05334
1995-08-18 08:59:00,660.12,985.26807
1995-08-18 09:00:00,1178.166,1032.4437
1995-08-18 09:01:00,1024.417,1024.3749
1995-08-18 09:02:00,1275.954,1020.1756
1995-08-18 09:03:00,681.013,986.86255
1995-08-18 09:04:00,787.3660000000001,997.12286
1995-08-18 09:05:00,327.625,959.13605
1995-08-18 09:06:00,154.274,890.98114
1995-08-18 09:07:00,413.40500000000003,840.8159
1995-08-18 09:08:00,363.52500000000003,781.0957
1995-08-18 09:09:00,1227.451,749.15356
1995-08-18 09:10:00,407.447,694.9086
1995-08-18 09:11:00,653.734,702.07
1995-08-18 09:12:00,399.226,717.6318
1995-08-18 09:13:00,596.428,711.7416
1995-08-18 09:14:00,1327.787,681.14905
1995-08-18 09:15:00,1015.8309999999999,633.5737
1995-08-18 09:16:00,514.263,639.9694
1995-08-18 09:17:00,1375.5520000000001,643.4002
1995-08-18 09:18:00,679.461,672.1234
1995-08-18 09:19:00,829.647,734.262
1995-08-18 09:20:00,745.801,790.5531
1995-08-18 09:21:00,1084.971,808.05853
1995-08-18 09:22:00,825.174,800.49963
1995-08-18 09:23:00,243.16400000000002,825.05475
1995-08-18 09:24:00,2023.828,828.192
1995-08-18 09:25:00,447.24,808.8319
1995-08-18 09:26:00,212.36700000000002,837.12274
1995-08-18 09:27:00,387.2169999999999,809.5044
1995-08-18 09:28:00,1265.29,775.00995
1995-08-18 09:29:00,387.731,752.96136
1995-08-18 09:30:00,629.338,781.7608
1995-08-18 09:31:00,742.256,806.60046
1995-08-18 09:32:00,476.376,821.95087
1995-08-18 09:33:00,289.467,792.38947
1995-08-18 09:34:00,2158.589,774.75574
1995-08-18 09:35:00,441.981,748.2972
1995-08-18 09:36:00,681.9549999999999,809.92004
1995-08-18 09:37:00,658.805,870.91974
1995-08-18 09:38:00,583.406,912.5754
1995-08-18 09:39:00,1057.068,928.5388
1995-08-18 09:40:00,694.294,922.31793
1995-08-18 09:41:00,475.8790000000001,949.2078
1995-08-18 09:42:00,906.7120000000001,934.8059
1995-08-18 09:43:00,595.994,916.2587
1995-08-18 09:44:00,587.082,875.9763
1995-08-18 09:45:00,105.12899999999999,880.40796
1995-08-18 09:46:00,1426.307,840.86237
1995-08-18 09:47:00,792.745,770.3413
1995-08-18 09:48:00,529.114,796.3534
1995-08-18 09:49:00,496.567,820.6023
1995-08-18 09:50:00,674.106,815.0426
1995-08-18 09:51:00,812.915,821.2397
1995-08-18 09:52:00,743.3019999999999,845.57245
1995-08-18 09:53:00,1014.395,865.87067
1995-08-18 09:54:00,592.031,850.7953
1995-08-18 09:55:00,2369.093,873.7495
1995-08-18 09:56:00,1068.359,874.58374
1995-08-18 09:57:00,846.272,939.8289
1995-08-18 09:58:00,1206.456,953.3299
1995-08-18 09:59:00,606.7379999999999,969.19745
1995-08-18 10:00:00,555.2049999999999,993.4011
1995-08-18 10:01:00,985.3420000000001,1017.82825
1995-08-18 10:02:00,740.778,989.10516
1995-08-18 10:03:00,391.216,984.0685
1995-08-18 10:04:00,2141.532,971.043
1995-08-18 10:05:00,812.379,968.1633
1995-08-18 10:06:00,459.035,999.99164
1995-08-18 10:07:00,869.192,982.8692
1995-08-18 10:08:00,1571.995,945.44006
1995-08-18 10:09:00,763.0999999999999,941.4145
1995-08-18 10:10:00,1656.1009999999999,980.08264
1995-08-18 10:11:00,1742.9070000000002,982.54395
1995-08-18 10:12:00,391.062,1008.5271
1995-08-18 10:13:00,417.373,1057.8893
1995-08-18 10:14:00,526.5219999999999,1049.5219
1995-08-18 10:15:00,358.664,1013.21924
1995-08-18 10:16:00,909.9609999999999,1013.7702
1995-08-18 10:17:00,676.959,996.76746
1995-08-18 10:18:00,996.1880000000001,1017.9872
1995-08-18 10:19:00,636.395,1009.1937
1995-08-18 10:20:00,410.4510000000001,1002.6339
1995-08-18 10:21:00,415.755,987.1284
1995-08-18 10:22:00,443.022,917.61993
1995-08-18 10:23:00,473.275,835.3542
1995-08-18 10:24:00,803.021,811.97565
1995-08-18 10:25:00,348.53700000000003,807.1902
1995-08-18 10:26:00,502.273,810.21814
1995-08-18 10:27:00,693.972,818.35016
1995-08-18 10:28:00,832.394,811.0979
1995-08-18 10:29:00,325.597,829.9146
1995-08-18 10:30:00,780.8059999999999,848.1832
1995-08-18 10:31:00,935.976,829.2715
1995-08-18 10:32:00,574.457,844.6084
1995-08-18 10:33:00,596.082,883.69867
1995-08-18 10:34:00,287.814,889.6545
1995-08-18 10:35:00,699.333,885.1831
1995-08-18 10:36:00,391.152,845.611
1995-08-18 10:37:00,1506.623,881.01843
1995-08-18 10:38:00,222.29200000000003,864.2835
1995-08-18 10:39:00,453.714,862.82965
1995-08-18 10:40:00,707.187,851.36365
1995-08-18 10:41:00,717.7660000000001,868.56726
1995-08-18 10:42:00,689.416,905.62964
1995-08-18 10:43:00,742.0650000000002,918.87335
1995-08-18 10:44:00,1127.991,939.5308
1995-08-18 10:45:00,2424.306,946.3188
1995-08-18 10:46:00,1415.5290000000002,975.1295
1995-08-18 10:47:00,669.095,1070.9634
1995-08-18 10:48:00,1297.5729999999999,1163.9904
1995-08-18 10:49:00,1429.471,1174.0312
1995-08-18 10:50:00,2534.4390000000003,1207.6847
1995-08-18 10:51:00,2163.962,1278.7946
1995-08-18 10:52:00,497.93399999999997,1349.04
1995-08-18 10:53:00,2158.2799999999997,1392.2389
1995-08-18 10:54:00,430.8449999999999,1336.0575
1995-08-18 10:55:00,493.59,1317.4453
1995-08-18 10:56:00,347.49399999999997,1235.4899
1995-08-18 10:57:00,561.402,1142.9834
1995-08-18 10:58:00,1249.349,1048.5889
1995-08-18 10:59:00,566.929,963.23645
1995-08-18 11:00:00,614.66,907.46265
1995-08-18 11:01:00,572.5889999999999,876.2124
1995-08-18 11:02:00,375.511,833.0956
1995-08-18 11:03:00,529.5169999999999,796.3784
1995-08-18 11:04:00,335.891,768.02356
1995-08-18 11:05:00,333.019,750.00854
1995-08-18 11:06:00,940.73,747.25867
1995-08-18 11:07:00,426.808,782.0666
1995-08-18 11:08:00,711.987,818.6598
1995-08-18 11:09:00,625.048,810.3514
1995-08-18 11:10:00,669.9000000000001,826.9518
1995-08-18 11:11:00,856.718,817.63995
1995-08-18 11:12:00,833.3760000000001,818.21765
1995-08-18 11:13:00,1313.206,856.01636
1995-08-18 11:14:00,1070.791,872.81726
1995-08-18 11:15:00,905.268,948.5438
1995-08-18 11:16:00,893.174,1028.1211
1995-08-18 11:17:00,966.5699999999999,1048.4044
1995-08-18 11:18:00,1044.487,1081.2739
1995-08-18 11:19:00,1494.1799999999996,1116.5953
1995-08-18 11:20:00,2270.901,1145.7646
1995-08-18 11:21:00,1934.356,1202.6207
1995-08-18 11:22:00,1723.5659999999998,1286.2322
1995-08-18 11:23:00,1086.508,1395.0476
1995-08-18 11:24:00,1888.577,1484.4275
1995-08-18 11:25:00,2862.8889999999997,1482.7712
1995-08-18 11:26:00,794.475,1531.454
1995-08-18 11:27:00,566.116,1659.8657
1995-08-18 11:28:00,900.8109999999999,1701.831
1995-08-18 11:29:00,1223.137,1650.5524
1995-08-18 11:30:00,869.177,1588.917
1995-08-18 11:31:00,1201.338,1530.4231
1995-08-18 11:32:00,1815.72,1490.0327
1995-08-18 11:33:00,914.1460000000001,1478.4707
1995-08-18 11:34:00,1605.424,1463.7302
1995-08-18 11:35:00,1460.3739999999998,1419.6088
1995-08-18 11:36:00,1342.633,1387.3959
1995-08-18 11:37:00,543.826,1353.8634
1995-08-18 11:38:00,1134.883,1372.2327
1995-08-18 11:39:00,466.337,1357.945
1995-08-18 11:40:00,450.221,1298.3721
1995-08-18 11:41:00,917.5399999999998,1217.8436
1995-08-18 11:42:00,504.89199999999994,1122.2478
1995-08-18 11:43:00,734.7340000000002,1074.8057
1995-08-18 11:44:00,923.3149999999999,1058.9106
1995-08-18 11:45:00,1463.407,1083.112
1995-08-18 11:46:00,859.5060000000001,1066.0695
1995-08-18 11:47:00,588.285,1089.4594
1995-08-18 11:48:00,559.929,1098.902
1995-08-18 11:49:00,810.698,1083.2368
1995-08-18 11:50:00,718.042,1067.3746
1995-08-18 11:51:00,758.4099999999999,1065.7385
1995-08-18 11:52:00,618.273,1064.4829
1995-08-18 11:53:00,1554.2649999999999,1012.57153
1995-08-18 11:54:00,355.148,984.583
1995-08-18 11:55:00,325.894,962.4115
1995-08-18 11:56:00,208.37499999999997,898.8781
1995-08-18 11:57:00,372.2540000000001,826.512
1995-08-18 11:58:00,657.479,776.3546
1995-08-18 11:59:00,620.626,734.8153
1995-08-18 12:00:00,763.783,713.1414
1995-08-18 12:01:00,1190.31,719.0561
1995-08-18 12:02:00,1344.657,740.98737
1995-08-18 12:03:00,1458.25,827.23334
1995-08-18 12:04:00,667.7150000000001,906.7735
1995-08-18 12:05:00,1329.6860000000001,1000.83624
1995-08-18 12:06:00,422.8,1069.0822
1995-08-18 12:07:00,409.71299999999997,1145.3553
1995-08-18 12:08:00,318.437,1149.7474
1995-08-18 12:09:00,767.3369999999999,1131.4395
1995-08-18 12:10:00,611.188,1082.6761
1995-08-18 12:11:00,568.026,1026.3105
1995-08-18 12:12:00,405.674,998.0631
1995-08-18 12:13:00,263.781,937.60345
1995-08-18 12:14:00,674.2789999999999,874.07733
1995-08-18 12:15:00,869.203,793.8387
1995-08-18 12:16:00,373.385,767.2687
1995-08-18 12:17:00,1646.158,778.59973
1995-08-18 12:18:00,946.698,771.38464
1995-08-18 12:19:00,395.956,828.74945
1995-08-18 12:20:00,808.13,877.2307
1995-08-18 12:21:00,848.4689999999999,886.74945
1995-08-18 12:22:00,394.892,938.05096
1995-08-18 12:23:00,963.704,954.36523
1995-08-18 12:24:00,362.969,956.9793
1995-08-18 12:25:00,325.981,973.5852
1995-08-18 12:26:00,1464.324,946.86536
1995-08-18 12:27:00,1407.074,905.59814
1995-08-18 12:28:00,540.228,911.39655
1995-08-18 12:29:00,296.784,919.5228
1995-08-18 12:30:00,558.514,954.3005
1995-08-18 12:31:00,1679.313,951.7363
1995-08-18 12:32:00,1178.786,929.5188
1995-08-18 12:33:00,1235.297,1003.4159
1995-08-18 12:34:00,462.49800000000005,1109.0037
1995-08-18 12:35:00,968.116,1107.1312
1995-08-18 12:36:00,1559.849,1085.3115
1995-08-18 12:37:00,673.875,1107.5289
1995-08-18 12:38:00,575.787,1146.3767
1995-08-18 12:39:00,1253.964,1136.0623
1995-08-18 12:40:00,1622.9470000000001,1070.7526
1995-08-18 12:41:00,944.3689999999999,1107.7155
1995-08-18 12:42:00,379.421,1160.0337
1995-08-18 12:43:00,301.654,1156.766
1995-08-18 12:44:00,519.181,1097.3503
1995-08-18 12:45:00,345.51300000000003,1002.00586
1995-08-18 12:46:00,853.201,923.5811
1995-08-18 12:47:00,1764.064,847.1265
1995-08-18 12:48:00,753.351,820.6431
1995-08-18 12:49:00,933.2719999999998,912.3043
1995-08-18 12:50:00,1570.798,980.03577
1995-08-18 12:51:00,1898.953,1028.3087
1995-08-18 12:52:00,1037.708,1051.61
1995-08-18 12:53:00,1046.741,1095.0281
1995-08-18 12:54:00,1253.244,1149.9529
1995-08-18 12:55:00,1612.279,1179.3931
1995-08-18 12:56:00,606.734,1223.5684
1995-08-18 12:57:00,445.533,1279.2288
1995-08-18 12:58:00,475.12,1279.9052
1995-08-18 12:59:00,1441.3380000000002,1194.4851
1995-08-18 13:00:00,390.35499999999996,1114.8511
1995-08-18 13:01:00,636.962,1075.6356
1995-08-18 13:02:00,2533.844,1015.2038
1995-08-18 13:03:00,688.235,949.0542
1995-08-18 13:04:00,894.4909999999999,1024.4401
1995-08-18 13:05:00,1108.3029999999999,1068.2158
1995-08-18 13:06:00,709.4520000000001,1089.8953
1995-08-18 13:07:00,1174.065,1102.6473
1995-08-18 13:08:00,2218.377,1144.525
1995-08-18 13:09:00,819.641,1201.7437
1995-08-18 13:10:00,1078.854,1309.7623
1995-08-18 13:11:00,2187.886,1341.4985
1995-08-18 13:12:00,1386.067,1338.6395
1995-08-18 13:13:00,1089.918,1396.4156
1995-08-18 13:14:00,1058.604,1450.804
1995-08-18 13:15:00,943.517,1459.7893
1995-08-18 13:16:00,844.695,1419.4978
1995-08-18 13:17:00,325.503,1382.6809
1995-08-18 13:18:00,1772.435,1320.7343
1995-08-18 13:19:00,1840.728,1217.0361
1995-08-18 13:20:00,1544.524,1194.3341
1995-08-18 13:21:00,1787.3899999999999,1258.7351
1995-08-18 13:22:00,2436.7580000000003,1326.7959
1995-08-18 13:23:00,622.47,1332.9658
1995-08-18 13:24:00,656.675,1389.9829
1995-08-18 13:25:00,559.637,1412.3335
1995-08-18 13:26:00,900.8109999999999,1384.2299
1995-08-18 13:27:00,991.598,1329.0409
1995-08-18 13:28:00,1857.26,1314.9219
1995-08-18 13:29:00,1441.138,1317.7186
1995-08-18 13:30:00,994.74,1322.5312
1995-08-18 13:31:00,684.5930000000001,1342.1428
1995-08-18 13:32:00,2100.995,1342.7999
1995-08-18 13:33:00,734.564,1321.7358
1995-08-18 13:34:00,778.774,1358.2864
1995-08-18 13:35:00,691.9540000000001,1372.1312
1995-08-18 13:36:00,1390.4310000000003,1361.0688
1995-08-18 13:37:00,395.053,1314.8699
1995-08-18 13:38:00,1520.79,1245.4575
1995-08-18 13:39:00,3426.3090000000007,1168.9983
1995-08-18 13:40:00,680.896,1143.9773
1995-08-18 13:41:00,643.843,1271.1045
1995-08-18 13:42:00,533.167,1317.7168
1995-08-18 13:43:00,1014.407,1354.8208
1995-08-18 13:44:00,770.958,1271.2739
1995-08-18 13:45:00,2086.837,1229.2407
1995-08-18 13:46:00,1405.0069999999998,1183.1189
1995-08-18 13:47:00,2196.245,1220.1716
1995-08-18 13:48:00,773.95,1274.1558
1995-08-18 13:49:00,2172.49,1316.5247
1995-08-18 13:50:00,1283.049,1298.4507
1995-08-18 13:51:00,2026.951,1279.0825
1995-08-18 13:52:00,880.7090000000001,1291.0652
1995-08-18 13:53:00,2152.826,1314.7546
1995-08-18 13:54:00,1927.064,1323.0253
1995-08-18 13:55:00,667.7969999999999,1352.5642
1995-08-18 13:56:00,1412.513,1407.4268
1995-08-18 13:57:00,1076.747,1377.9142
1995-08-18 13:58:00,1811.464,1364.1488
1995-08-18 13:59:00,702.0210000000001,1351.7072
1995-08-18 14:00:00,1885.5840000000005,1405.8273
1995-08-18 14:01:00,1917.771,1402.8293
1995-08-18 14:02:00,1474.329,1403.2086
1995-08-18 14:03:00,838.802,1392.5924
1995-08-18 14:04:00,927.685,1430.4248
1995-08-18 14:05:00,1064.471,1404.8083
1995-08-18 14:06:00,1356.941,1386.5786
1995-08-18 14:07:00,1259.417,1450.9017
1995-08-18 14:08:00,2268.981,1492.6062
1995-08-18 14:09:00,549.1370000000001,1521.6953
1995-08-18 14:10:00,389.656,1589.3906
1995-08-18 14:11:00,1156.002,1556.0951
1995-08-18 14:12:00,881.68,1453.2357
1995-08-18 14:13:00,702.568,1366.599
1995-08-18 14:14:00,1743.626,1288.7474
1995-08-18 14:15:00,968.1410000000001,1260.421
1995-08-18 14:16:00,552.529,1261.0312
1995-08-18 14:17:00,2110.393,1264.9426
1995-08-18 14:18:00,435.78,1262.4486
1995-08-18 14:19:00,1755.865,1351.0814
1995-08-18 14:20:00,285.353,1282.1136
1995-08-18 14:21:00,388.326,1274.2302
1995-08-18 14:22:00,1056.655,1243.5626
1995-08-18 14:23:00,1924.4489999999998,1140.0573
1995-08-18 14:24:00,1859.4080000000001,1072.6376
1995-08-18 14:25:00,1087.714,1104.3052
1995-08-18 14:26:00,849.709,1152.3202
1995-08-18 14:27:00,1494.827,1137.799
1995-08-18 14:28:00,325.716,1106.5305
1995-08-18 14:29:00,595.007,1090.0648
1995-08-18 14:30:00,2228.738,1096.073
1995-08-18 14:31:00,652.722,1085.5018
1995-08-18 14:32:00,427.38800000000003,1179.8096
1995-08-18 14:33:00,185.85999999999999,1201.0438
1995-08-18 14:34:00,1008.2,1141.386
1995-08-18 14:35:00,501.831,1034.9456
1995-08-18 14:36:00,201.709,937.46735
1995-08-18 14:37:00,1478.767,892.84204
1995-08-18 14:38:00,323.087,832.38837
1995-08-18 14:39:00,1386.7210000000002,805.69214
1995-08-18 14:40:00,376.73299999999995,759.08575
1995-08-18 14:41:00,916.375,788.1922
1995-08-18 14:42:00,1287.896,777.6877
1995-08-18 14:43:00,1044.539,829.3678
1995-08-18 14:44:00,1398.338,918.5563
1995-08-18 14:45:00,645.1410000000001,994.88214
1995-08-18 14:46:00,941.1560000000001,1066.0387
1995-08-18 14:47:00,1307.8139999999999,1056.0358
1995-08-18 14:48:00,1666.335,1060.1052
1995-08-18 14:49:00,1092.598,1065.3702
1995-08-18 14:50:00,441.242,1141.0433
1995-08-18 14:51:00,416.544,1150.0066
1995-08-18 14:52:00,2377.158,1148.5424
1995-08-18 14:53:00,585.408,1098.1249
1995-08-18 14:54:00,1085.6399999999999,1157.3988
1995-08-18 14:55:00,1258.4810000000002,1152.8777
1995-08-18 14:56:00,2278.254,1134.7799
1995-08-18 14:57:00,881.586,1112.6307
1995-08-18 14:58:00,860.7520000000001,1135.4562
1995-08-18 14:59:00,480.467,1110.1661
1995-08-18 15:00:00,1052.917,1084.4508
1995-08-18 15:01:00,1207.761,1038.647
1995-08-18 15:02:00,1198.204,1037.131
1995-08-18 15:03:00,3093.036,1023.81366
1995-08-18 15:04:00,2684.574,978.51746
1995-08-18 15:05:00,2314.273,1100.6727
1995-08-18 15:06:00,2143.379,1226.9226
1995-08-18 15:07:00,1407.363,1351.6196
1995-08-18 15:08:00,2332.2,1457.9535
1995-08-18 15:09:00,603.814,1529.2238
1995-08-18 15:10:00,453.698,1566.5818
1995-08-18 15:11:00,767.393,1545.6989
1995-08-18 15:12:00,708.4619999999999,1434.8827
1995-08-18 15:13:00,2463.625,1353.3391
1995-08-18 15:14:00,715.797,1281.7388
1995-08-18 15:15:00,1973.786,1249.6167
1995-08-18 15:16:00,1945.142,1160.266
1995-08-18 15:17:00,686.662,1181.2451
1995-08-18 15:18:00,1455.475,1236.1979
1995-08-18 15:19:00,1810.973,1291.1031
1995-08-18 15:20:00,563.936,1322.3271
1995-08-18 15:21:00,1525.6870000000001,1406.4764
1995-08-18 15:22:00,1683.052,1364.5753
1995-08-18 15:23:00,867.698,1358.4714
1995-08-18 15:24:00,488.138,1352.9391
1995-08-18 15:25:00,2044.485,1292.5734
1995-08-18 15:26:00,1360.183,1221.751
1995-08-18 15:27:00,911.899,1242.8954
1995-08-18 15:28:00,715.63,1243.0223
1995-08-18 15:29:00,1320.844,1237.0837
1995-08-18 15:30:00,1776.032,1190.7935
1995-08-18 15:31:00,1350.452,1215.3915
1995-08-18 15:32:00,1864.5870000000002,1302.5105
1995-08-18 15:33:00,460.54200000000003,1370.1088
1995-08-18 15:34:00,756.207,1442.9949
1995-08-18 15:35:00,2285.754,1439.3253
1995-08-18 15:36:00,610.2230000000001,1406.7714
1995-08-18 15:37:00,1060.387,1401.1726
1995-08-18 15:38:00,525.5,1334.4773
1995-08-18 15:39:00,1580.6650000000002,1276.7255
1995-08-18 15:40:00,1205.31,1186.3713
1995-08-18 15:41:00,592.671,1161.6312
1995-08-18 15:42:00,1489.5,1183.77
1995-08-18 15:43:00,963.938,1155.1575
1995-08-18 15:44:00,686.5799999999999,1152.2152
1995-08-18 15:45:00,766.8430000000001,1183.1571
1995-08-18 15:46:00,1175.0720000000001,1144.1262
1995-08-18 15:47:00,803.932,1064.5496
1995-08-18 15:48:00,741.22,1097.9286
1995-08-18 15:49:00,666.8249999999999,1125.2139
1995-08-18 15:50:00,637.981,1157.6404
1995-08-18 15:51:00,877.437,1169.7886
1995-08-18 15:52:00,987.904,1167.1454
1995-08-18 15:53:00,669.266,1183.7401
1995-08-18 15:54:00,796.886,1169.4022
1995-08-18 15:55:00,668.815,1127.9054
1995-08-18 15:56:00,2507.491,1170.2299
1995-08-18 15:57:00,1028.087,1168.8418
1995-08-18 15:58:00,829.491,1252.7495
1995-08-18 15:59:00,836.7370000000001,1318.1832
1995-08-18 16:00:00,441.48800000000006,1328.2344
1995-08-18 16:01:00,642.134,1310.4365
1995-08-18 16:02:00,904.9250000000001,1241.6259
1995-08-18 16:03:00,878.915,1186.0886
1995-08-18 16:04:00,761.864,1160.3682
1995-08-18 16:05:00,2535.576,1169.945
1995-08-18 16:06:00,2545.48,1127.939
1995-08-18 16:07:00,1594.3300000000002,1250.037
1995-08-18 16:08:00,2427.561,1386.6384
1995-08-18 16:09:00,2683.881,1478.1312
1995-08-18 16:10:00,2801.993,1550.5807
1995-08-18 16:11:00,2180.188,1664.135
1995-08-18 16:12:00,1338.102,1782.333
1995-08-18 16:13:00,2067.77,1818.5764
1995-08-18 16:14:00,919.9690000000002,1835.5448
1995-08-18 16:15:00,1161.972,1871.8005
1995-08-18 16:16:00,788.6719999999999,1820.8246
1995-08-18 16:17:00,1249.742,1718.3525
1995-08-18 16:18:00,733.518,1543.1262
1995-08-18 16:19:00,734.313,1429.4507
1995-08-18 16:20:00,847.6610000000001,1328.0751
1995-08-18 16:21:00,814.0360000000001,1232.1492
1995-08-18 16:22:00,640.862,1189.9952
1995-08-18 16:23:00,723.0319999999999,1173.8599
1995-08-18 16:24:00,457.861,1134.5992
1995-08-18 16:25:00,402.41400000000004,1099.9127
1995-08-18 16:26:00,1973.813,1052.4401
1995-08-18 16:27:00,813.399,977.42084
1995-08-18 16:28:00,1434.069,989.6323
1995-08-18 16:29:00,560.144,990.73206
1995-08-18 16:30:00,605.133,1037.5325
1995-08-18 16:31:00,386.92,1032.5977
1995-08-18 16:32:00,708.457,1012.6562
1995-08-18 16:33:00,695.352,966.1284
1995-08-18 16:34:00,529.241,945.2353
1995-08-18 16:35:00,715.209,923.774
1995-08-18 16:36:00,1483.0609999999997,942.3336
1995-08-18 16:37:00,505.06,945.5524
1995-08-18 16:38:00,1315.972,922.22766
1995-08-18 16:39:00,694.071,903.5038
1995-08-18 16:40:00,1552.804,912.4256
1995-08-18 16:41:00,1032.801,933.7569
1995-08-18 16:42:00,1430.09,973.7547
1995-08-18 16:43:00,684.579,1004.7171
1995-08-18 16:44:00,1097.548,1022.0001
1995-08-18 16:45:00,329.755,1023.29126
1995-08-18 16:46:00,1202.59,1017.60614
1995-08-18 16:47:00,538.169,988.2146
1995-08-18 16:48:00,1511.3090000000002,984.99725
1995-08-18 16:49:00,900.4859999999999,970.2307
1995-08-18 16:50:00,1017.466,1002.9179
1995-08-18 16:51:00,889.615,1093.505
1995-08-18 16:52:00,585.153,1173.2083
1995-08-18 16:53:00,746.621,1237.3593
1995-08-18 16:54:00,229.338,1251.7666
1995-08-18 16:55:00,172.032,1257.8998
1995-08-18 16:56:00,0.0,1109.1294
1995-08-18 16:57:00,0.0,948.5081
1995-08-18 16:58:00,0.0,758.3146
1995-08-18 16:59:00,283.389,593.0411
1995-08-18 17:00:00,0.0,446.51074
1995-08-18 17:01:00,0.0,308.74536
1995-08-18 17:02:00,0.0,209.5971
1995-08-18 17:03:00,0.0,139.1313
1995-08-18 17:04:00,726.2639999999999,94.8149
1995-08-18 17:05:00,412.01099999999997,59.95705
1995-08-18 17:06:00,872.614,68.445114
1995-08-18 17:07:00,410.104,192.57744
1995-08-18 17:08:00,335.56,394.24002
1995-08-18 17:09:00,437.074,578.8156
1995-08-18 17:10:00,816.1730000000001,653.93854
1995-08-18 17:11:00,818.569,736.54065
1995-08-18 17:12:00,631.03,776.3707
1995-08-18 17:13:00,599.428,803.4436
1995-08-18 17:14:00,467.159,823.54224
1995-08-18 17:15:00,2229.047,853.90234
1995-08-18 17:16:00,832.902,850.9636
1995-08-18 17:17:00,455.991,903.3889
1995-08-18 17:18:00,930.908,937.7816
1995-08-18 17:19:00,1071.683,932.1172
1995-08-18 17:20:00,1105.844,1006.65625
1995-08-18 17:21:00,519.862,1056.5162
1995-08-18 17:22:00,961.6949999999999,1107.1716
1995-08-18 17:23:00,395.62000000000006,1076.9878
1995-08-18 17:24:00,566.203,1052.6774
1995-08-18 17:25:00,1930.64,982.0161
1995-08-18 17:26:00,1235.027,920.32074
1995-08-18 17:27:00,351.985,943.8641
1995-08-18 17:28:00,999.949,1001.24945
1995-08-18 17:29:00,1309.0159999999998,975.4968
1995-08-18 17:30:00,473.745,936.39636
1995-08-18 17:31:00,1179.32,917.83496
1995-08-18 17:32:00,1183.525,877.9384
1995-08-18 17:33:00,980.735,931.31287
1995-08-18 17:34:00,895.2259999999999,951.901
1995-08-18 17:35:00,1746.2670000000003,1016.66864
1995-08-18 17:36:00,1226.295,1070.8297
1995-08-18 17:37:00,1021.091,1112.6807
1995-08-18 17:38:00,511.73,1149.1095
1995-08-18 17:39:00,1864.335,1184.5797
1995-08-18 17:40:00,978.88,1145.9868
1995-08-18 17:41:00,1118.924,1178.3427
1995-08-18 17:42:00,488.115,1193.1991
1995-08-18 17:43:00,555.448,1148.3235
1995-08-18 17:44:00,774.7589999999999,1060.918
1995-08-18 17:45:00,373.11800000000005,965.2879
1995-08-18 17:46:00,1831.4850000000001,931.0925
1995-08-18 17:47:00,950.837,881.5348
1995-08-18 17:48:00,1103.21,935.0435
1995-08-18 17:49:00,1787.8709999999999,974.6503
1995-08-18 17:50:00,835.9099999999999,995.31274
1995-08-18 17:51:00,743.288,1001.427
1995-08-18 17:52:00,957.349,1034.9147
1995-08-18 17:53:00,906.059,1009.139
1995-08-18 17:54:00,1081.638,989.3509
1995-08-18 17:55:00,871.322,964.8451
1995-08-18 17:56:00,613.072,948.6046
1995-08-18 17:57:00,712.332,919.6174
1995-08-18 17:58:00,482.118,856.4943
1995-08-18 17:59:00,782.026,829.14325
1995-08-18 18:00:00,408.5,785.8746
1995-08-18 18:01:00,780.11,739.152
1995-08-18 18:02:00,604.46,697.21295
1995-08-18 18:03:00,649.9200000000001,694.4655
1995-08-18 18:04:00,1620.0149999999999,686.9297
1995-08-18 18:05:00,1689.398,674.932
1995-08-18 18:06:00,498.224,728.8599
1995-08-18 18:07:00,769.179,788.28503
1995-08-18 18:08:00,173.665,798.04126
1995-08-18 18:09:00,566.809,838.9449
1995-08-18 18:10:00,886.405,847.00665
1995-08-18 18:11:00,373.56100000000004,815.3876
1995-08-18 18:12:00,583.629,834.1134
1995-08-18 18:13:00,455.27599999999995,799.9429
1995-08-18 18:14:00,495.268,777.57794
1995-08-18 18:15:00,534.902,759.4479
1995-08-18 18:16:00,341.396,699.84546
1995-08-18 18:17:00,704.558,655.7359
1995-08-18 18:18:00,309.173,657.8
1995-08-18 18:19:00,566.211,677.7199
1995-08-18 18:20:00,1080.637,686.60034
1995-08-18 18:21:00,823.3710000000002,680.3203
1995-08-18 18:22:00,1898.3910000000003,738.7075
1995-08-18 18:23:00,721.107,774.87213
1995-08-18 18:24:00,765.748,824.2912
1995-08-18 18:25:00,424.216,844.3033
1995-08-18 18:26:00,1046.304,867.1482
1995-08-18 18:27:00,860.5349999999999,847.67053
1995-08-18 18:28:00,2254.032,859.54297
1995-08-18 18:29:00,384.829,853.7257
1995-08-18 18:30:00,744.608,928.6099
1995-08-18 18:31:00,869.733,912.6634
1995-08-18 18:32:00,289.398,873.2086
1995-08-18 18:33:00,84.671,836.4623
1995-08-18 18:34:00,405.13300000000004,785.16907
1995-08-18 18:35:00,862.794,714.5694
1995-08-18 18:36:00,272.61,639.8502
1995-08-18 18:37:00,333.206,606.1456
1995-08-18 18:38:00,343.696,582.02185
1995-08-18 18:39:00,835.6510000000001,561.2414
1995-08-18 18:40:00,500.8399999999999,484.2052
1995-08-18 18:41:00,1414.561,521.98315
1995-08-18 18:42:00,1679.735,559.1974
1995-08-18 18:43:00,1515.067,616.2553
1995-08-18 18:44:00,150.719,695.5245
1995-08-18 18:45:00,714.2890000000001,796.71246
1995-08-18 18:46:00,435.366,813.6825
1995-08-18 18:47:00,59.059,806.63837
1995-08-18 18:48:00,443.39899999999994,796.48413
1995-08-18 18:49:00,607.103,707.044
1995-08-18 18:50:00,606.8919999999999,649.706
1995-08-18 18:51:00,454.385,579.9654
1995-08-18 18:52:00,143.16,549.0616
1995-08-18 18:53:00,133.72899999999998,536.7345
1995-08-18 18:54:00,386.182,508.2736
1995-08-18 18:55:00,761.6780000000001,473.24915
1995-08-18 18:56:00,431.2660000000001,487.88434
1995-08-18 18:57:00,575.579,550.8219
1995-08-18 18:58:00,248.018,574.0709
1995-08-18 18:59:00,391.48900000000003,594.8762
1995-08-18 19:00:00,358.656,582.0353
1995-08-18 19:01:00,595.423,607.80475
1995-08-18 19:02:00,370.23400000000004,595.4678
1995-08-18 19:03:00,120.137,590.42847
1995-08-18 19:04:00,126.177,586.16705
1995-08-18 19:05:00,317.047,589.7132
1995-08-18 19:06:00,301.865,551.7697
1995-08-18 19:07:00,479.09900000000005,493.1636
1995-08-18 19:08:00,151.713,499.67975
1995-08-18 19:09:00,211.314,541.20447
1995-08-18 19:10:00,726.785,577.14844
1995-08-18 19:11:00,231.996,550.8505
1995-08-18 19:12:00,567.127,555.92896
1995-08-18 19:13:00,268.28999999999996,545.1401
1995-08-18 19:14:00,81.846,565.28314
1995-08-18 19:15:00,167.25700000000003,551.41
1995-08-18 19:16:00,298.462,521.26074
1995-08-18 19:17:00,213.57999999999998,499.61768
1995-08-18 19:18:00,235.30900000000003,473.06778
1995-08-18 19:19:00,527.248,443.35175
1995-08-18 19:20:00,763.593,419.71997
1995-08-18 19:21:00,475.05699999999996,457.63196
1995-08-18 19:22:00,344.688,488.06158
1995-08-18 19:23:00,231.36099999999996,487.09894
1995-08-18 19:24:00,911.4660000000001,493.8668
1995-08-18 19:25:00,271.574,506.51547
1995-08-18 19:26:00,277.468,529.9523
1995-08-18 19:27:00,727.514,535.48816
1995-08-18 19:28:00,384.033,558.98346
1995-08-18 19:29:00,389.626,625.6941
1995-08-18 19:30:00,285.897,676.7839
1995-08-18 19:31:00,297.881,661.8505
1995-08-18 19:32:00,1292.267,604.14514
1995-08-18 19:33:00,226.51400000000004,571.4477
1995-08-18 19:34:00,1005.719,577.0108
1995-08-18 19:35:00,259.26,551.6897
1995-08-18 19:36:00,334.734,577.0508
1995-08-18 19:37:00,423.413,570.6587
1995-08-18 19:38:00,391.43,554.1625
1995-08-18 19:39:00,332.84,567.1779
1995-08-18 19:40:00,238.115,566.15814
1995-08-18 19:41:00,676.671,575.8951
1995-08-18 19:42:00,239.75499999999997,567.6318
1995-08-18 19:43:00,667.7769999999999,561.78705
1995-08-18 19:44:00,191.16200000000003,550.3537
1995-08-18 19:45:00,375.847,555.4928
1995-08-18 19:46:00,658.5699999999999,504.829
1995-08-18 19:47:00,313.37899999999996,500.01736
1995-08-18 19:48:00,560.652,494.92975
1995-08-18 19:49:00,305.96999999999997,481.88297
1995-08-18 19:50:00,780.0449999999998,484.1829
1995-08-18 19:51:00,203.60900000000004,496.21533
1995-08-18 19:52:00,548.723,522.9488
1995-08-18 19:53:00,160.364,551.4449
1995-08-18 19:54:00,347.051,585.2813
1995-08-18 19:55:00,354.549,588.2139
1995-08-18 19:56:00,692.3059999999999,604.9628
1995-08-18 19:57:00,322.57099999999997,577.5372
1995-08-18 19:58:00,423.933,600.0947
1995-08-18 19:59:00,515.368,611.27405
1995-08-18 20:00:00,739.0819999999999,636.237
1995-08-18 20:01:00,920.6160000000001,641.95685
1995-08-18 20:02:00,1069.133,655.836
1995-08-18 20:03:00,505.485,692.1073
1995-08-18 20:04:00,291.018,734.7357
1995-08-18 20:05:00,296.033,749.3421
1995-08-18 20:06:00,207.94299999999998,714.55554
1995-08-18 20:07:00,224.287,659.65137
1995-08-18 20:08:00,236.97499999999997,620.81854
1995-08-18 20:09:00,424.381,596.48834
1995-08-18 20:10:00,626.944,572.9349
1995-08-18 20:11:00,259.965,555.69403
1995-08-18 20:12:00,388.19100000000003,570.67
1995-08-18 20:13:00,354.77799999999996,544.94934
1995-08-18 20:14:00,673.6980000000001,514.0244
1995-08-18 20:15:00,524.167,476.31982
1995-08-18 20:16:00,1040.525,486.95117
1995-08-18 20:17:00,326.022,489.785
1995-08-18 20:18:00,507.26899999999995,504.91534
1995-08-18 20:19:00,367.84299999999996,498.82446
1995-08-18 20:20:00,738.603,503.7797
1995-08-18 20:21:00,435.647,510.11945
1995-08-18 20:22:00,118.155,518.64984
1995-08-18 20:23:00,314.586,542.3904
1995-08-18 20:24:00,160.85,520.0924
1995-08-18 20:25:00,401.604,515.6757
1995-08-18 20:26:00,407.332,470.0656
1995-08-18 20:27:00,1082.824,420.68378
1995-08-18 20:28:00,872.428,421.67813
1995-08-18 20:29:00,1699.5649999999998,470.92593
1995-08-18 20:30:00,1421.3419999999999,489.98676
1995-08-18 20:31:00,1797.996,559.9274
1995-08-18 20:32:00,1314.503,657.1177
1995-08-18 20:33:00,410.994,712.2668
1995-08-18 20:34:00,151.972,767.3924
1995-08-18 20:35:00,50.58,768.5699
1995-08-18 20:36:00,747.436,731.58527
1995-08-18 20:37:00,1099.97,637.9251
1995-08-18 20:38:00,553.84,609.1407
1995-08-18 20:39:00,195.25799999999995,581.1105
1995-08-18 20:40:00,184.08199999999997,570.3493
1995-08-18 20:41:00,781.4739999999999,488.07938
1995-08-18 20:42:00,1824.65,397.8865
1995-08-18 20:43:00,200.48,382.6399
1995-08-18 20:44:00,248.377,459.33725
1995-08-18 20:45:00,352.938,497.65942
1995-08-18 20:46:00,471.2609999999999,532.232
1995-08-18 20:47:00,565.61,542.0898
1995-08-18 20:48:00,435.89099999999996,541.7725
1995-08-18 20:49:00,417.27,540.66583
1995-08-18 20:50:00,126.05,543.13574
1995-08-18 20:51:00,1176.143,566.25635
1995-08-18 20:52:00,598.7389999999999,545.66907
1995-08-18 20:53:00,616.595,595.8176
1995-08-18 20:54:00,1409.6269999999997,608.60986
1995-08-18 20:55:00,1386.845,663.03937
1995-08-18 20:56:00,1273.563,745.2154
1995-08-18 20:57:00,1000.681,809.0315
1995-08-18 20:58:00,785.3379999999999,861.43414
1995-08-18 20:59:00,1366.374,860.35504
1995-08-18 21:00:00,953.1560000000001,837.4479
1995-08-18 21:01:00,662.73,835.0911
1995-08-18 21:02:00,685.2829999999999,858.9579
1995-08-18 21:03:00,182.406,806.5091
1995-08-18 21:04:00,398.563,725.3229
1995-08-18 21:05:00,520.077,635.4351
1995-08-18 21:06:00,475.647,579.5013
1995-08-18 21:07:00,505.44,587.58856
1995-08-18 21:08:00,1529.9589999999998,598.07056
1995-08-18 21:09:00,1691.0269999999998,657.7157
1995-08-18 21:10:00,236.91400000000002,750.99066
1995-08-18 21:11:00,1087.067,844.1004
1995-08-18 21:12:00,1576.272,860.7401
1995-08-18 21:13:00,302.328,888.2156
1995-08-18 21:14:00,651.655,914.4665
1995-08-18 21:15:00,570.404,881.7836
1995-08-18 21:16:00,696.344,854.8941
1995-08-18 21:17:00,523.232,799.2932
1995-08-18 21:18:00,691.891,775.8787
1995-08-18 21:19:00,580.741,737.4796
1995-08-18 21:20:00,570.812,687.9221
1995-08-18 21:21:00,593.186,667.2271
1995-08-18 21:22:00,489.015,676.20746
1995-08-18 21:23:00,435.91099999999994,653.7396
1995-08-18 21:24:00,1350.574,630.87683
1995-08-18 21:25:00,326.432,642.24554
1995-08-18 21:26:00,469.604,674.5413
1995-08-18 21:27:00,67.849,670.1325
1995-08-18 21:28:00,148.82,653.8071
1995-08-18 21:29:00,155.638,622.5905
1995-08-18 21:30:00,250.98099999999997,599.8902
1995-08-18 21:31:00,477.089,557.02405
1995-08-18 21:32:00,76.699,543.2674
1995-08-18 21:33:00,434.36099999999993,567.3126
1995-08-18 21:34:00,189.33900000000003,543.75854
1995-08-18 21:35:00,212.61400000000003,508.88016
1995-08-18 21:36:00,249.426,460.42142
1995-08-18 21:37:00,346.165,439.1015
1995-08-18 21:38:00,298.825,445.44028
1995-08-18 21:39:00,166.428,471.88974
1995-08-18 21:40:00,554.899,476.15686
1995-08-18 21:41:00,326.15,474.8973
1995-08-18 21:42:00,239.04900000000004,482.50238
1995-08-18 21:43:00,550.1800000000001,446.09592
1995-08-18 21:44:00,407.9939999999999,422.5283
1995-08-18 21:45:00,1710.864,442.98138
1995-08-18 21:46:00,44.982,453.59857
1995-08-18 21:47:00,289.465,541.45966
1995-08-18 21:48:00,99.78,537.23553
1995-08-18 21:49:00,256.026,550.8789
1995-08-18 21:50:00,139.64499999999998,544.3718
1995-08-18 21:51:00,226.49,554.9716
1995-08-18 21:52:00,117.421,535.88116
1995-08-18 21:53:00,206.90799999999996,537.22656
1995-08-18 21:54:00,205.046,536.9873
1995-08-18 21:55:00,701.4730000000001,510.63797
1995-08-18 21:56:00,282.332,510.79764
1995-08-18 21:57:00,90.61900000000001,494.964
1995-08-18 21:58:00,140.897,497.57956
1995-08-18 21:59:00,130.56,475.92905
1995-08-18 22:00:00,593.6170000000001,456.19843
1995-08-18 22:01:00,469.344,424.93295
1995-08-18 22:02:00,359.65500000000003,433.8106
1995-08-18 22:03:00,393.928,477.50433
1995-08-18 22:04:00,353.344,503.84595
1995-08-18 22:05:00,623.3299999999999,505.8676
1995-08-18 22:06:00,296.089,507.4836
1995-08-18 22:07:00,444.2060000000001,509.4798
1995-08-18 22:08:00,342.135,521.37054
1995-08-18 22:09:00,754.93,531.4059
1995-08-18 22:10:00,1323.617,518.0015
1995-08-18 22:11:00,492.173,523.6164
1995-08-18 22:12:00,344.47399999999993,575.4807
1995-08-18 22:13:00,352.575,589.0355
1995-08-18 22:14:00,1089.824,596.5365
1995-08-18 22:15:00,302.873,613.5583
1995-08-18 22:16:00,1640.253,651.97845
1995-08-18 22:17:00,389.271,650.4287
1995-08-18 22:18:00,456.722,703.7172
1995-08-18 22:19:00,767.3489999999999,712.20776
1995-08-18 22:20:00,375.979,712.4384
1995-08-18 22:21:00,231.43999999999997,712.3274
1995-08-18 22:22:00,575.492,687.133
1995-08-18 22:23:00,174.163,691.1444
1995-08-18 22:24:00,568.848,694.32
1995-08-18 22:25:00,483.613,665.82184
1995-08-18 22:26:00,332.462,636.10944
1995-08-18 22:27:00,1193.051,621.209
1995-08-18 22:28:00,374.623,591.48737
1995-08-18 22:29:00,586.803,606.80255
1995-08-18 22:30:00,288.461,613.2968
1995-08-18 22:31:00,736.124,622.52325
1995-08-18 22:32:00,254.007,621.37384
1995-08-18 22:33:00,375.45099999999996,618.9429
1995-08-18 22:34:00,714.707,586.2524
1995-08-18 22:35:00,378.32900000000006,561.1799
1995-08-18 22:36:00,755.3540000000002,579.74554
1995-08-18 22:37:00,260.689,584.9443
1995-08-18 22:38:00,279.576,650.23413
1995-08-18 22:39:00,577.901,652.8282
1995-08-18 22:40:00,1262.585,623.268
1995-08-18 22:41:00,379.8949999999999,586.6807
1995-08-18 22:42:00,367.979,598.91785
1995-08-18 22:43:00,610.678,622.94135
1995-08-18 22:44:00,516.548,642.8507
1995-08-18 22:45:00,229.232,658.9286
1995-08-18 22:46:00,347.397,688.4234
1995-08-18 22:47:00,659.471,696.4371
1995-08-18 22:48:00,413.959,662.6224
1995-08-18 22:49:00,588.409,662.1298
1995-08-18 22:50:00,437.512,663.30255
1995-08-18 22:51:00,522.804,667.34247
1995-08-18 22:52:00,524.7719999999999,637.2473
1995-08-18 22:53:00,121.741,642.2905
1995-08-18 22:54:00,354.353,662.3185
1995-08-18 22:55:00,283.962,623.27136
1995-08-18 22:56:00,365.8449999999999,589.99207
1995-08-18 22:57:00,97.477,556.3257
1995-08-18 22:58:00,605.13,518.8624
1995-08-18 22:59:00,635.9839999999999,477.18585
1995-08-18 23:00:00,637.633,456.82764
1995-08-18 23:01:00,423.4080000000001,449.6518
1995-08-18 23:02:00,438.40200000000004,473.07483
1995-08-18 23:03:00,288.369,472.30307
1995-08-18 23:04:00,193.335,479.826
1995-08-18 23:05:00,461.9750000000001,491.2547
1995-08-18 23:06:00,175.488,473.92932
1995-08-18 23:07:00,288.77,464.99207
1995-08-18 23:08:00,312.924,428.217
1995-08-18 23:09:00,189.909,402.42868
1995-08-18 23:10:00,120.62,393.01706
1995-08-18 23:11:00,133.278,399.5059
1995-08-18 23:12:00,131.827,391.54822
1995-08-18 23:13:00,584.794,377.1211
1995-08-18 23:14:00,604.0,363.78247
1995-08-18 23:15:00,186.75900000000001,352.04953
1995-08-18 23:16:00,568.4399999999999,338.62384
1995-08-18 23:17:00,485.654,343.9296
1995-08-18 23:18:00,592.116,373.8674
1995-08-18 23:19:00,578.3729999999999,411.63474
1995-08-18 23:20:00,660.506,456.8268
1995-08-18 23:21:00,126.777,504.3093
1995-08-18 23:22:00,377.875,534.03424
1995-08-18 23:23:00,214.267,528.6915
1995-08-18 23:24:00,289.467,532.8815
1995-08-18 23:25:00,591.825,510.4104
1995-08-18 23:26:00,264.867,480.47064
1995-08-18 23:27:00,102.85,462.3182
1995-08-18 23:28:00,49.817,430.29745
1995-08-18 23:29:00,232.74400000000003,400.6455
1995-08-18 23:30:00,206.597,345.79504
1995-08-18 23:31:00,225.268,302.3381
1995-08-18 23:32:00,115.603,305.55115
1995-08-18 23:33:00,136.46,336.0997
1995-08-18 23:34:00,329.15299999999996,318.7019
1995-08-18 23:35:00,167.37099999999998,331.8662
1995-08-18 23:36:00,514.397,365.42093
1995-08-18 23:37:00,289.385,374.15707
1995-08-18 23:38:00,305.395,357.65387
1995-08-18 23:39:00,207.828,376.39752
1995-08-18 23:40:00,1072.491,388.91544
1995-08-18 23:41:00,467.76800000000003,382.43408
1995-08-18 23:42:00,271.829,421.09088
1995-08-18 23:43:00,475.38399999999996,499.564
1995-08-18 23:44:00,388.40600000000006,506.288
1995-08-18 23:45:00,387.268,483.298
1995-08-18 23:46:00,186.001,479.22986
1995-08-18 23:47:00,497.995,482.80795
1995-08-18 23:48:00,343.115,467.27084
1995-08-18 23:49:00,409.41700000000003,490.0593
1995-08-18 23:50:00,551.807,522.65
1995-08-18 23:51:00,397.337,539.6591
1995-08-18 23:52:00,273.868,583.5108
1995-08-18 23:53:00,391.2320000000001,612.8771
1995-08-18 23:54:00,506.491,628.87836
1995-08-18 23:55:00,301.525,659.50354
1995-08-18 23:56:00,92.074,654.2312
1995-08-18 23:57:00,376.35699999999997,609.1985
1995-08-18 23:58:00,660.661,551.1709
1995-08-18 23:59:00,487.946,533.83093
1995-08-19 00:00:00,699.343,533.33685
1995-08-19 00:01:00,170.17799999999997,563.72217
1995-08-19 00:02:00,513.267,568.3358
1995-08-19 00:03:00,829.563,552.6356
1995-08-19 00:04:00,1064.902,569.8305
1995-08-19 00:05:00,570.267,606.68805
1995-08-19 00:06:00,582.971,691.42834
1995-08-19 00:07:00,1437.25,746.7954
1995-08-19 00:08:00,657.668,797.3794
1995-08-19 00:09:00,351.284,863.3519
1995-08-19 00:10:00,478.647,910.3918
1995-08-19 00:11:00,547.959,901.5555
1995-08-19 00:12:00,336.35,888.2815
1995-08-19 00:13:00,244.766,882.98737
1995-08-19 00:14:00,155.633,859.65234
1995-08-19 00:15:00,197.832,790.5211
1995-08-19 00:16:00,125.102,714.679
1995-08-19 00:17:00,302.76099999999997,632.1133
1995-08-19 00:18:00,1052.374,549.5916
1995-08-19 00:19:00,418.831,474.2752
1995-08-19 00:20:00,228.445,465.69583
1995-08-19 00:21:00,325.411,486.32462
1995-08-19 00:22:00,792.567,491.5639
1995-08-19 00:23:00,1616.8020000000001,497.62027
1995-08-19 00:24:00,169.41,564.8419
1995-08-19 00:25:00,364.44399999999996,655.60205
1995-08-19 00:26:00,351.45,644.68414
1995-08-19 00:27:00,43.21,611.88947
1995-08-19 00:28:00,84.47500000000001,574.9475
1995-08-19 00:29:00,457.502,509.0446
1995-08-19 00:30:00,111.46000000000001,463.04495
1995-08-19 00:31:00,282.538,438.79984
1995-08-19 00:32:00,469.21200000000005,420.54755
1995-08-19 00:33:00,460.036,437.56396
1995-08-19 00:34:00,250.06,443.35233
1995-08-19 00:35:00,373.692,460.27673
1995-08-19 00:36:00,177.013,497.02136
1995-08-19 00:37:00,292.332,529.4444
1995-08-19 00:38:00,271.763,519.5796
1995-08-19 00:39:00,391.46999999999997,499.4434
1995-08-19 00:40:00,116.834,490.49805
1995-08-19 00:41:00,349.563,471.62274
1995-08-19 00:42:00,155.835,453.43973
1995-08-19 00:43:00,415.574,445.4447
1995-08-19 00:44:00,150.496,429.52286
1995-08-19 00:45:00,373.14099999999996,439.74033
1995-08-19 00:46:00,233.031,447.73257
1995-08-19 00:47:00,58.793,454.19012
1995-08-19 00:48:00,392.294,468.46024
1995-08-19 00:49:00,362.976,456.64377
1995-08-19 00:50:00,69.372,424.9921
1995-08-19 00:51:00,778.035,432.1597
1995-08-19 00:52:00,104.25499999999998,434.92224
1995-08-19 00:53:00,392.46500000000003,430.05136
1995-08-19 00:54:00,231.32299999999998,380.27774
1995-08-19 00:55:00,184.79300000000003,358.28195
1995-08-19 00:56:00,540.701,371.44586
1995-08-19 00:57:00,562.996,391.86823
1995-08-19 00:58:00,339.23799999999994,457.76675
1995-08-19 00:59:00,288.364,513.7181
1995-08-19 01:00:00,1258.301,543.0878
1995-08-19 01:01:00,197.978,532.001
1995-08-19 01:02:00,167.65200000000002,553.42
1995-08-19 01:03:00,295.76,534.04114
1995-08-19 01:04:00,1431.5220000000004,532.17163
1995-08-19 01:05:00,1335.7179999999998,499.50363
1995-08-19 01:06:00,684.504,502.1207
1995-08-19 01:07:00,200.54899999999998,523.6802
1995-08-19 01:08:00,242.989,549.266
1995-08-19 01:09:00,302.098,537.63794
1995-08-19 01:10:00,334.631,518.022
1995-08-19 01:11:00,660.3389999999999,514.5143
1995-08-19 01:12:00,143.647,490.6425
1995-08-19 01:13:00,237.83,494.80356
1995-08-19 01:14:00,413.074,478.39288
1995-08-19 01:15:00,72.178,450.05832
1995-08-19 01:16:00,96.215,393.1146
1995-08-19 01:17:00,39.778999999999996,374.66644
1995-08-19 01:18:00,272.792,343.68692
1995-08-19 01:19:00,292.027,326.05365
1995-08-19 01:20:00,324.4,317.85464
1995-08-19 01:21:00,1266.838,321.2691
1995-08-19 01:22:00,404.481,334.71518
1995-08-19 01:23:00,254.15300000000002,386.19977
1995-08-19 01:24:00,735.5299999999999,423.27853
1995-08-19 01:25:00,398.563,439.555
1995-08-19 01:26:00,367.79,454.52844
1995-08-19 01:27:00,462.9680000000001,449.52084
1995-08-19 01:28:00,67.088,443.62732
1995-08-19 01:29:00,261.714,456.17148
1995-08-19 01:30:00,745.63,401.98676
1995-08-19 01:31:00,231.624,366.0688
1995-08-19 01:32:00,248.828,373.45657
1995-08-19 01:33:00,1286.2109999999998,402.44894
1995-08-19 01:34:00,55.149,404.58456
1995-08-19 01:35:00,203.812,416.55066
1995-08-19 01:36:00,270.085,399.21835
1995-08-19 01:37:00,183.218,353.35352
1995-08-19 01:38:00,109.06099999999999,331.16614
1995-08-19 01:39:00,60.989,313.38983
1995-08-19 01:40:00,1145.7230000000002,315.12296
1995-08-19 01:41:00,69.416,307.44775
1995-08-19 01:42:00,167.674,322.41986
1995-08-19 01:43:00,30.628999999999998,325.22247
1995-08-19 01:44:00,179.37799999999996,345.3101
1995-08-19 01:45:00,252.72,331.4555
1995-08-19 01:46:00,234.481,368.0358
1995-08-19 01:47:00,159.415,404.80685
1995-08-19 01:48:00,39.51,409.38446
1995-08-19 01:49:00,127.755,390.59283
1995-08-19 01:50:00,97.354,347.03552
1995-08-19 01:51:00,279.985,333.56992
1995-08-19 01:52:00,274.037,284.856
1995-08-19 01:53:00,124.196,275.32568
1995-08-19 01:54:00,617.6229999999999,298.88678
1995-08-19 01:55:00,265.029,294.0286
1995-08-19 01:56:00,196.016,324.39697
1995-08-19 01:57:00,523.567,371.51184
1995-08-19 01:58:00,333.51,377.6538
1995-08-19 01:59:00,153.052,405.32162
1995-08-19 02:00:00,477.985,452.10727
1995-08-19 02:01:00,235.88400000000001,432.35843
1995-08-19 02:02:00,423.668,438.99448
1995-08-19 02:03:00,398.11,430.38528
1995-08-19 02:04:00,1369.825,430.65518
1995-08-19 02:05:00,1446.815,470.22446
1995-08-19 02:06:00,309.272,526.45044
1995-08-19 02:07:00,30.913,581.1637
1995-08-19 02:08:00,288.191,607.2779
1995-08-19 02:09:00,299.32800000000003,573.3827
1995-08-19 02:10:00,281.555,559.45764
1995-08-19 02:11:00,307.126,547.55884
1995-08-19 02:12:00,214.94299999999998,510.068
1995-08-19 02:13:00,510.87999999999994,443.67844
1995-08-19 02:14:00,350.509,424.21875
1995-08-19 02:15:00,183.94,436.1652
1995-08-19 02:16:00,288.572,423.47925
1995-08-19 02:17:00,335.32800000000003,430.74997
1995-08-19 02:18:00,225.222,463.07596
1995-08-19 02:19:00,109.633,468.83414
1995-08-19 02:20:00,106.627,469.78845
1995-08-19 02:21:00,984.1289999999999,441.2856
1995-08-19 02:22:00,140.903,411.94867
1995-08-19 02:23:00,47.974999999999994,410.1207
1995-08-19 02:24:00,412.537,402.73697
1995-08-19 02:25:00,959.8659999999998,389.741
1995-08-19 02:26:00,543.278,375.82867
1995-08-19 02:27:00,106.39399999999998,398.4353
1995-08-19 02:28:00,152.913,434.4556
1995-08-19 02:29:00,98.51899999999999,453.44452
1995-08-19 02:30:00,171.841,452.64288
1995-08-19 02:31:00,360.172,435.6914
1995-08-19 02:32:00,25.354,431.69736
1995-08-19 02:33:00,120.412,426.46957
1995-08-19 02:34:00,226.88400000000004,417.35016
1995-08-19 02:35:00,64.982,406.521
1995-08-19 02:36:00,199.388,417.60107
1995-08-19 02:37:00,445.57,376.8069
1995-08-19 02:38:00,1309.557,350.82507
1995-08-19 02:39:00,144.65,356.61554
1995-08-19 02:40:00,95.917,383.0067
1995-08-19 02:41:00,376.884,385.96585
1995-08-19 02:42:00,427.244,374.42572
1995-08-19 02:43:00,408.39400000000006,364.40167
1995-08-19 02:44:00,243.75699999999998,357.84793
1995-08-19 02:45:00,253.355,356.43668
1995-08-19 02:46:00,311.476,351.80557
1995-08-19 02:47:00,767.7849999999999,361.55524
1995-08-19 02:48:00,78.92,381.23032
1995-08-19 02:49:00,379.672,406.535
1995-08-19 02:50:00,223.165,404.7559
1995-08-19 02:51:00,341.99300000000005,419.09186
1995-08-19 02:52:00,590.251,433.40076
1995-08-19 02:53:00,355.37800000000004,424.6171
1995-08-19 02:54:00,1444.9430000000002,426.16812
1995-08-19 02:55:00,205.42,416.97076
1995-08-19 02:56:00,400.134,463.36102
1995-08-19 02:57:00,196.653,439.74417
1995-08-19 02:58:00,282.246,416.30188
1995-08-19 02:59:00,265.744,406.26462
1995-08-19 03:00:00,0.0,384.19717
1995-08-19 03:01:00,243.22500000000002,340.68054
1995-08-19 03:02:00,243.447,275.50095
1995-08-19 03:03:00,201.90499999999997,267.47955
1995-08-19 03:04:00,369.616,280.31186
1995-08-19 03:05:00,664.045,306.1015
1995-08-19 03:06:00,76.617,333.3562
1995-08-19 03:07:00,254.84600000000003,382.09006
1995-08-19 03:08:00,69.363,366.82916
1995-08-19 03:09:00,156.307,361.50363
1995-08-19 03:10:00,232.84700000000004,330.24487
1995-08-19 03:11:00,199.527,310.06186
1995-08-19 03:12:00,48.33,310.78003
1995-08-19 03:13:00,149.728,269.83868
1995-08-19 03:14:00,144.642,227.56807
1995-08-19 03:15:00,115.86600000000001,218.9311
1995-08-19 03:16:00,64.437,216.7648
1995-08-19 03:17:00,130.36599999999999,214.65149
1995-08-19 03:18:00,93.737,233.69037
1995-08-19 03:19:00,213.66299999999998,239.5603
1995-08-19 03:20:00,120.91499999999999,211.15474
1995-08-19 03:21:00,99.944,208.7599
1995-08-19 03:22:00,34.755,227.70476
1995-08-19 03:23:00,67.988,243.53629
1995-08-19 03:24:00,162.95000000000005,232.60475
1995-08-19 03:25:00,146.952,201.69994
1995-08-19 03:26:00,206.31400000000002,204.1175
1995-08-19 03:27:00,169.50900000000001,204.59315
1995-08-19 03:28:00,117.634,235.08429
1995-08-19 03:29:00,64.582,266.77847
1995-08-19 03:30:00,193.32,273.6216
1995-08-19 03:31:00,113.00999999999999,296.39734
1995-08-19 03:32:00,708.971,302.9962
1995-08-19 03:33:00,133.798,292.00104
1995-08-19 03:34:00,348.53200000000004,325.63803
1995-08-19 03:35:00,109.817,341.23367
1995-08-19 03:36:00,155.065,359.5709
1995-08-19 03:37:00,554.501,370.35388
1995-08-19 03:38:00,612.8679999999999,335.30267
1995-08-19 03:39:00,233.46099999999998,338.744
1995-08-19 03:40:00,269.911,386.73624
1995-08-19 03:41:00,175.758,406.23355
1995-08-19 03:42:00,237.172,422.97736
1995-08-19 03:43:00,203.78,421.3077
1995-08-19 03:44:00,227.161,423.34033
1995-08-19 03:45:00,635.492,409.54416
1995-08-19 03:46:00,1177.1970000000001,412.97122
1995-08-19 03:47:00,573.634,448.22125
1995-08-19 03:48:00,83.706,491.07318
1995-08-19 03:49:00,64.08,501.83932
1995-08-19 03:50:00,778.222,487.2962
1995-08-19 03:51:00,413.48600000000005,440.92905
1995-08-19 03:52:00,174.23499999999999,416.41116
1995-08-19 03:53:00,148.271,413.2151
1995-08-19 03:54:00,665.771,402.9581
1995-08-19 03:55:00,87.464,411.21893
1995-08-19 03:56:00,95.07099999999998,432.05103
1995-08-19 03:57:00,69.297,419.27795
1995-08-19 03:58:00,124.19499999999998,379.74237
1995-08-19 03:59:00,599.1999999999999,375.28918
1995-08-19 04:00:00,164.386,369.8456
1995-08-19 04:01:00,551.075,373.1492
1995-08-19 04:02:00,13.582999999999998,355.67007
1995-08-19 04:03:00,421.15500000000003,380.6198
1995-08-19 04:04:00,35.66,353.4033
1995-08-19 04:05:00,71.529,333.06107
1995-08-19 04:06:00,110.577,308.56982
1995-08-19 04:07:00,40.102000000000004,297.75998
1995-08-19 04:08:00,91.93100000000001,283.90015
1995-08-19 04:09:00,1161.959,268.3041
1995-08-19 04:10:00,182.536,254.8074
1995-08-19 04:11:00,523.656,284.42642
1995-08-19 04:12:00,157.20499999999998,301.64417
1995-08-19 04:13:00,169.995,310.2431
1995-08-19 04:14:00,250.458,328.16406
1995-08-19 04:15:00,297.59900000000005,332.73605
1995-08-19 04:16:00,111.193,328.63968
1995-08-19 04:17:00,105.31,325.19528
1995-08-19 04:18:00,154.195,308.8235
1995-08-19 04:19:00,137.853,299.87387
1995-08-19 04:20:00,199.789,313.59528
1995-08-19 04:21:00,263.894,312.08536
1995-08-19 04:22:00,68.093,288.59433
1995-08-19 04:23:00,126.18900000000001,273.33185
1995-08-19 04:24:00,34.458,258.76657
1995-08-19 04:25:00,11.469999999999999,240.78737
1995-08-19 04:26:00,54.027,211.3845
1995-08-19 04:27:00,25.103,172.51653
1995-08-19 04:28:00,281.397,172.38882
1995-08-19 04:29:00,386.574,180.69804
1995-08-19 04:30:00,105.96900000000001,184.01796
1995-08-19 04:31:00,219.588,227.00896
1995-08-19 04:32:00,25.23,248.22931
1995-08-19 04:33:00,195.9,240.92831
1995-08-19 04:34:00,211.50900000000001,221.69212
1995-08-19 04:35:00,179.683,220.20836
1995-08-19 04:36:00,259.135,234.9035
1995-08-19 04:37:00,142.95,243.26935
1995-08-19 04:38:00,49.562000000000005,264.879
1995-08-19 04:39:00,506.56800000000004,269.01257
1995-08-19 04:40:00,363.85900000000004,239.133
1995-08-19 04:41:00,342.2,233.96028
1995-08-19 04:42:00,179.055,236.60547
1995-08-19 04:43:00,45.568999999999996,261.69226
1995-08-19 04:44:00,204.04500000000002,283.77563
1995-08-19 04:45:00,161.205,252.44347
1995-08-19 04:46:00,152.706,231.58427
1995-08-19 04:47:00,554.3629999999999,220.63809
1995-08-19 04:48:00,217.433,205.17982
1995-08-19 04:49:00,539.347,223.3022
1995-08-19 04:50:00,92.83999999999999,230.58127
1995-08-19 04:51:00,46.142,235.83455
1995-08-19 04:52:00,346.661,233.30386
1995-08-19 04:53:00,350.71,230.64577
1995-08-19 04:54:00,199.109,245.2526
1995-08-19 04:55:00,137.785,281.65698
1995-08-19 04:56:00,34.317,319.1684
1995-08-19 04:57:00,352.62300000000005,323.13065
1995-08-19 04:58:00,59.381,280.9455
1995-08-19 04:59:00,22.18,244.1241
1995-08-19 05:00:00,22.18,216.28906
1995-08-19 05:01:00,35.302,162.9046
1995-08-19 05:02:00,252.838,112.47987
1995-08-19 05:03:00,14.901,93.05289
1995-08-19 05:04:00,42.359,98.21621
1995-08-19 05:05:00,90.292,88.529396
1995-08-19 05:06:00,91.93399999999998,84.43453
1995-08-19 05:07:00,113.58500000000001,103.23288
1995-08-19 05:08:00,116.58,107.3446
1995-08-19 05:09:00,79.086,129.511
1995-08-19 05:10:00,41.846,165.67853
1995-08-19 05:11:00,17.732,209.18253
1995-08-19 05:12:00,22.828999999999997,213.9668
1995-08-19 05:13:00,19.233,191.42363
1995-08-19 05:14:00,98.31899999999999,167.41226
1995-08-19 05:15:00,31.773,152.20116
1995-08-19 05:16:00,455.085,161.26143
1995-08-19 05:17:00,58.831,150.89528
1995-08-19 05:18:00,93.528,155.82222
1995-08-19 05:19:00,341.882,182.33969
1995-08-19 05:20:00,189.72299999999996,191.71341
1995-08-19 05:21:00,126.293,205.2433
1995-08-19 05:22:00,370.739,236.05675
1995-08-19 05:23:00,595.1450000000001,260.51117
1995-08-19 05:24:00,105.568,278.53882
1995-08-19 05:25:00,122.924,288.2025
1995-08-19 05:26:00,115.81,275.9638
1995-08-19 05:27:00,0.0,245.95114
1995-08-19 05:28:00,217.11799999999997,218.45886
1995-08-19 05:29:00,89.39800000000001,193.04025
1995-08-19 05:30:00,71.766,144.76184
1995-08-19 05:31:00,149.269,126.915924
1995-08-19 05:32:00,157.473,149.94159
1995-08-19 05:33:00,1370.27,170.59218
1995-08-19 05:34:00,66.982,208.14261
1995-08-19 05:35:00,229.486,295.9346
1995-08-19 05:36:00,1211.883,346.7581
1995-08-19 05:37:00,166.578,340.00464
1995-08-19 05:38:00,40.571,352.68677
1995-08-19 05:39:00,143.43200000000002,371.07245
1995-08-19 05:40:00,174.74500000000003,357.36206
1995-08-19 05:41:00,49.714999999999996,341.2233
1995-08-19 05:42:00,17.835,333.67557
1995-08-19 05:43:00,297.53700000000003,300.2992
1995-08-19 05:44:00,401.32800000000003,250.75787
1995-08-19 05:45:00,135.192,232.87268
1995-08-19 05:46:00,14.297999999999998,253.9108
1995-08-19 05:47:00,77.756,269.20526
1995-08-19 05:48:00,491.02299999999997,246.9842
1995-08-19 05:49:00,214.14000000000001,228.0241
1995-08-19 05:50:00,94.97699999999999,240.75026
1995-08-19 05:51:00,93.548,248.60257
1995-08-19 05:52:00,91.788,254.97743
1995-08-19 05:53:00,86.726,249.2515
1995-08-19 05:54:00,13.845,242.57271
1995-08-19 05:55:00,72.74300000000001,223.06306
1995-08-19 05:56:00,0.0,207.08104
1995-08-19 05:57:00,27.431,181.56592
1995-08-19 05:58:00,26.957,186.50687
1995-08-19 05:59:00,67.245,195.75995
1995-08-19 06:00:00,141.649,202.76447
1995-08-19 06:01:00,159.761,209.65773
1995-08-19 06:02:00,102.51699999999998,218.30672
1995-08-19 06:03:00,53.168000000000006,239.36745
1995-08-19 06:04:00,136.147,235.82785
1995-08-19 06:05:00,64.016,255.1801
1995-08-19 06:06:00,72.264,236.49463
1995-08-19 06:07:00,55.648,210.47397
1995-08-19 06:08:00,89.545,187.61452
1995-08-19 06:09:00,1081.324,149.59729
1995-08-19 06:10:00,220.745,118.8058
1995-08-19 06:11:00,70.131,146.93611
1995-08-19 06:12:00,92.634,166.60002
1995-08-19 06:13:00,204.492,180.60626
1995-08-19 06:14:00,520.477,201.85828
1995-08-19 06:15:00,452.155,209.13739
1995-08-19 06:16:00,403.725,221.55026
1995-08-19 06:17:00,1084.029,251.50157
1995-08-19 06:18:00,550.117,266.91647
1995-08-19 06:19:00,1998.6080000000002,304.95166
1995-08-19 06:20:00,663.515,329.6331
1995-08-19 06:21:00,580.733,411.2567
1995-08-19 06:22:00,210.77,480.32385
1995-08-19 06:23:00,97.528,510.5022
1995-08-19 06:24:00,266.45300000000003,506.2987
1995-08-19 06:25:00,250.94899999999998,490.7019
1995-08-19 06:26:00,208.298,475.8095
1995-08-19 06:27:00,191.42700000000002,455.20706
1995-08-19 06:28:00,835.7629999999999,442.08206
1995-08-19 06:29:00,299.752,417.76855
1995-08-19 06:30:00,890.599,422.2668
1995-08-19 06:31:00,289.076,388.44254
1995-08-19 06:32:00,199.157,379.30185
1995-08-19 06:33:00,21.982,351.1469
1995-08-19 06:34:00,1192.9180000000001,328.77713
1995-08-19 06:35:00,185.10000000000002,289.26837
1995-08-19 06:36:00,30.945,284.45993
1995-08-19 06:37:00,81.771,291.86133
1995-08-19 06:38:00,219.334,251.97435
1995-08-19 06:39:00,911.148,235.93318
1995-08-19 06:40:00,57.327999999999996,227.1238
1995-08-19 06:41:00,204.59799999999998,262.76953
1995-08-19 06:42:00,346.347,251.96507
1995-08-19 06:43:00,114.479,243.471
1995-08-19 06:44:00,339.464,248.05077
1995-08-19 06:45:00,82.65300000000002,236.96104
1995-08-19 06:46:00,49.724,254.0174
1995-08-19 06:47:00,20.175,255.17763
1995-08-19 06:48:00,112.033,257.07767
1995-08-19 06:49:00,46.401,254.48267
1995-08-19 06:50:00,269.392,268.6753
1995-08-19 06:51:00,119.832,266.30173
1995-08-19 06:52:00,40.19200000000001,264.41348
1995-08-19 06:53:00,1758.0890000000002,247.35507
1995-08-19 06:54:00,125.79000000000002,211.38603
1995-08-19 06:55:00,90.961,242.27083
1995-08-19 06:56:00,64.405,268.8228
1995-08-19 06:57:00,46.403999999999996,289.45837
1995-08-19 06:58:00,98.40700000000001,283.69833
1995-08-19 06:59:00,75.315,291.1641
1995-08-19 07:00:00,1018.817,264.47656
1995-08-19 07:01:00,171.488,238.26642
1995-08-19 07:02:00,1062.819,266.36078
1995-08-19 07:03:00,12.234,287.91034
1995-08-19 07:04:00,114.62200000000001,329.58917
1995-08-19 07:05:00,105.178,305.29694
1995-08-19 07:06:00,150.305,265.72714
1995-08-19 07:07:00,280.462,270.05154
1995-08-19 07:08:00,332.6929999999999,258.5034
1995-08-19 07:09:00,258.44,249.91008
1995-08-19 07:10:00,279.97499999999997,247.10365
1995-08-19 07:11:00,173.06400000000002,241.70973
1995-08-19 07:12:00,1188.5140000000001,249.99373
1995-08-19 07:13:00,1615.663,271.9802
1995-08-19 07:14:00,28.991,304.22684
1995-08-19 07:15:00,149.559,318.56262
1995-08-19 07:16:00,131.769,282.25925
1995-08-19 07:17:00,189.828,257.43887
1995-08-19 07:18:00,40.442,249.54546
1995-08-19 07:19:00,175.303,243.11185
1995-08-19 07:20:00,22.857,187.92221
1995-08-19 07:21:00,258.419,161.93051
1995-08-19 07:22:00,2.823,142.23705
1995-08-19 07:23:00,14.200999999999999,147.0327
1995-08-19 07:24:00,95.90900000000002,131.50163
1995-08-19 07:25:00,117.304,71.885315
1995-08-19 07:26:00,151.384,88.59827
1995-08-19 07:27:00,182.542,122.97327
1995-08-19 07:28:00,59.071,169.48203
1995-08-19 07:29:00,88.477,209.2941
1995-08-19 07:30:00,110.44099999999999,228.99042
1995-08-19 07:31:00,253.43900000000002,226.63208
1995-08-19 07:32:00,69.579,213.86577
1995-08-19 07:33:00,144.015,200.83997
1995-08-19 07:34:00,94.81099999999999,190.41287
1995-08-19 07:35:00,99.981,202.12225
1995-08-19 07:36:00,51.013999999999996,201.08084
1995-08-19 07:37:00,375.90200000000004,177.95204
1995-08-19 07:38:00,119.82700000000001,190.5459
1995-08-19 07:39:00,84.36899999999999,223.4243
1995-08-19 07:40:00,98.78800000000001,232.17981
1995-08-19 07:41:00,472.612,234.49219
1995-08-19 07:42:00,206.832,231.59192
1995-08-19 07:43:00,381.889,229.58397
1995-08-19 07:44:00,226.01500000000001,233.71982
1995-08-19 07:45:00,187.48799999999997,264.91278
1995-08-19 07:46:00,89.639,290.51263
1995-08-19 07:47:00,329.543,317.29642
1995-08-19 07:48:00,257.52299999999997,321.68854
1995-08-19 07:49:00,368.12699999999995,376.21317
1995-08-19 07:50:00,146.562,419.84683
1995-08-19 07:51:00,354.631,428.44904
1995-08-19 07:52:00,406.084,411.5528
1995-08-19 07:53:00,564.9300000000001,432.8308
1995-08-19 07:54:00,640.875,474.3587
1995-08-19 07:55:00,424.9290000000001,519.1493
1995-08-19 07:56:00,222.006,559.30115
1995-08-19 07:57:00,258.69599999999997,596.0821
1995-08-19 07:58:00,94.152,586.7283
1995-08-19 07:59:00,891.259,571.2064
1995-08-19 08:00:00,172.79600000000002,522.8081
1995-08-19 08:01:00,270.964,495.65042
1995-08-19 08:02:00,86.235,480.75797
1995-08-19 08:03:00,1311.1100000000001,441.363
1995-08-19 08:04:00,237.26799999999997,391.6728
1995-08-19 08:05:00,530.341,393.96854
1995-08-19 08:06:00,199.168,376.7762
1995-08-19 08:07:00,218.92900000000003,363.9891
1995-08-19 08:08:00,251.91599999999997,364.48196
1995-08-19 08:09:00,26.692999999999998,340.64804
1995-08-19 08:10:00,113.31499999999998,328.7825
1995-08-19 08:11:00,77.94399999999999,290.55978
1995-08-19 08:12:00,134.722,272.68918
1995-08-19 08:13:00,142.716,237.10023
1995-08-19 08:14:00,247.292,222.46895
1995-08-19 08:15:00,152.035,197.08766
1995-08-19 08:16:00,445.39300000000003,228.80815
1995-08-19 08:17:00,352.75,262.2183
1995-08-19 08:18:00,192.558,302.83878
1995-08-19 08:19:00,169.04,355.88388
1995-08-19 08:20:00,195.019,398.3655
1995-08-19 08:21:00,172.62199999999999,417.46555
1995-08-19 08:22:00,1455.9699999999998,417.6272
1995-08-19 08:23:00,193.55100000000002,422.0165
1995-08-19 08:24:00,23.459,453.90955
1995-08-19 08:25:00,279.999,447.35663
1995-08-19 08:26:00,454.746,396.5328
1995-08-19 08:27:00,169.791,373.41452
1995-08-19 08:28:00,135.851,383.34073
1995-08-19 08:29:00,107.928,374.43585
1995-08-19 08:30:00,292.587,358.04498
1995-08-19 08:31:00,173.854,321.69583
1995-08-19 08:32:00,675.963,296.15726
1995-08-19 08:33:00,443.23199999999997,287.48657
1995-08-19 08:34:00,355.04699999999997,307.33643
1995-08-19 08:35:00,591.352,314.42273
1995-08-19 08:36:00,919.09,319.74045
1995-08-19 08:37:00,233.61100000000002,351.42166
1995-08-19 08:38:00,406.323,398.20273
1995-08-19 08:39:00,270.01,408.88132
1995-08-19 08:40:00,123.23100000000001,394.41962
1995-08-19 08:41:00,253.169,360.00262
1995-08-19 08:42:00,180.39600000000002,322.36353
1995-08-19 08:43:00,282.214,291.2222
1995-08-19 08:44:00,83.13500000000002,261.07474
1995-08-19 08:45:00,165.44500000000002,237.4767
1995-08-19 08:46:00,68.754,228.66795
1995-08-19 08:47:00,29.798,239.91214
1995-08-19 08:48:00,281.88599999999997,227.6704
1995-08-19 08:49:00,309.802,206.96996
1995-08-19 08:50:00,59.297000000000004,208.06357
1995-08-19 08:51:00,80.17599999999997,222.38138
1995-08-19 08:52:00,12.997,221.91975
1995-08-19 08:53:00,56.614,244.59431
1995-08-19 08:54:00,312.343,268.3238
1995-08-19 08:55:00,112.45899999999999,276.12564
1995-08-19 08:56:00,123.473,264.1979
1995-08-19 08:57:00,163.429,262.60187
1995-08-19 08:58:00,305.613,271.59192
1995-08-19 08:59:00,589.8589999999999,297.0404
1995-08-19 09:00:00,417.7,330.23715
1995-08-19 09:01:00,38.071,337.60703
1995-08-19 09:02:00,472.3260000000001,335.9019
1995-08-19 09:03:00,319.054,323.27502
1995-08-19 09:04:00,170.335,331.83893
1995-08-19 09:05:00,123.406,334.10275
1995-08-19 09:06:00,140.317,351.1595
1995-08-19 09:07:00,129.156,358.2551
1995-08-19 09:08:00,1000.762,349.6505
1995-08-19 09:09:00,180.40800000000002,349.4311
1995-08-19 09:10:00,121.08,367.01288
1995-08-19 09:11:00,227.694,390.4717
1995-08-19 09:12:00,34.010999999999996,381.05264
1995-08-19 09:13:00,39.737,361.28882
1995-08-19 09:14:00,90.412,299.222
1995-08-19 09:15:00,271.903,256.10886
1995-08-19 09:16:00,842.305,255.95163
1995-08-19 09:17:00,457.766,284.85675
1995-08-19 09:18:00,1016.428,336.164
1995-08-19 09:19:00,482.421,393.79526
1995-08-19 09:20:00,222.638,416.71616
1995-08-19 09:21:00,566.519,422.2995
1995-08-19 09:22:00,1281.3120000000001,435.1802
1995-08-19 09:23:00,188.11699999999996,453.3753
1995-08-19 09:24:00,298.08799999999997,507.32996
1995-08-19 09:25:00,917.659,549.4731
1995-08-19 09:26:00,264.432,512.8147
1995-08-19 09:27:00,105.422,519.21045
1995-08-19 09:28:00,195.297,521.2628
1995-08-19 09:29:00,375.91399999999993,488.42075
1995-08-19 09:30:00,380.281,465.75476
1995-08-19 09:31:00,476.113,465.56613
1995-08-19 09:32:00,178.21900000000002,465.96964
1995-08-19 09:33:00,654.521,494.60892
1995-08-19 09:34:00,440.82599999999996,481.96164
1995-08-19 09:35:00,373.336,484.45428
1995-08-19 09:36:00,782.3929999999999,521.02124
1995-08-19 09:37:00,372.452,534.2775
1995-08-19 09:38:00,414.88900000000007,593.5284
1995-08-19 09:39:00,311.729,630.82355
1995-08-19 09:40:00,1509.963,649.0486
1995-08-19 09:41:00,302.752,621.22797
1995-08-19 09:42:00,415.467,657.6673
1995-08-19 09:43:00,903.866,657.473
1995-08-19 09:44:00,610.94,646.9368
1995-08-19 09:45:00,348.502,639.75464
1995-08-19 09:46:00,400.532,615.2028
1995-08-19 09:47:00,1447.9230000000002,583.4423
1995-08-19 09:48:00,916.711,540.5329
1995-08-19 09:49:00,1247.926,541.25525
1995-08-19 09:50:00,1565.3829999999998,540.5531
1995-08-19 09:51:00,423.85900000000004,563.33484
1995-08-19 09:52:00,259.806,605.8841
1995-08-19 09:53:00,444.296,624.0174
1995-08-19 09:54:00,254.718,622.67053
1995-08-19 09:55:00,189.61399999999998,624.6391
1995-08-19 09:56:00,153.269,612.05176
1995-08-19 09:57:00,295.225,568.7398
1995-08-19 09:58:00,344.677,527.84894
1995-08-19 09:59:00,208.462,485.07965
1995-08-19 10:00:00,313.164,452.90787
1995-08-19 10:01:00,306.303,430.44092
1995-08-19 10:02:00,785.502,391.2212
1995-08-19 10:03:00,169.624,407.76233
1995-08-19 10:04:00,123.508,424.2429
1995-08-19 10:05:00,358.336,410.5751
1995-08-19 10:06:00,586.504,387.22766
1995-08-19 10:07:00,843.817,380.24573
1995-08-19 10:08:00,540.064,401.95346
1995-08-19 10:09:00,280.932,441.19412
1995-08-19 10:10:00,175.13400000000001,507.1298
1995-08-19 10:11:00,684.582,521.28394
1995-08-19 10:12:00,443.78600000000006,486.10205
1995-08-19 10:13:00,179.793,464.1964
1995-08-19 10:14:00,343.84,415.31308
1995-08-19 10:15:00,235.68099999999998,410.30487
1995-08-19 10:16:00,138.624,434.31345
1995-08-19 10:17:00,677.104,458.07416
1995-08-19 10:18:00,1743.6950000000002,477.00186
1995-08-19 10:19:00,164.28800000000004,494.44504
1995-08-19 10:20:00,247.44,529.3427
1995-08-19 10:21:00,818.701,542.81067
1995-08-19 10:22:00,63.81,547.3639
1995-08-19 10:23:00,174.89000000000001,557.0987
1995-08-19 10:24:00,286.898,511.95135
1995-08-19 10:25:00,346.588,473.0303
1995-08-19 10:26:00,468.014,493.80972
1995-08-19 10:27:00,253.531,527.3937
1995-08-19 10:28:00,79.05799999999999,552.6824
1995-08-19 10:29:00,546.846,552.857
1995-08-19 10:30:00,806.82,525.1515
1995-08-19 10:31:00,1582.8139999999999,546.30743
1995-08-19 10:32:00,701.828,559.577
1995-08-19 10:33:00,1174.583,603.97455
1995-08-19 10:34:00,137.865,678.5163
1995-08-19 10:35:00,1627.434,728.0814
1995-08-19 10:36:00,197.082,685.9183
1995-08-19 10:37:00,1494.685,666.86487
1995-08-19 10:38:00,189.05200000000002,622.4936
1995-08-19 10:39:00,607.518,638.08954
1995-08-19 10:40:00,842.9670000000001,615.11206
1995-08-19 10:41:00,123.92300000000002,595.6437
1995-08-19 10:42:00,106.864,579.50336
1995-08-19 10:43:00,71.656,484.29858
1995-08-19 10:44:00,1564.2,416.24844
1995-08-19 10:45:00,90.10600000000001,328.1704
1995-08-19 10:46:00,589.479,355.5511
1995-08-19 10:47:00,156.274,325.1526
1995-08-19 10:48:00,199.417,368.35605
1995-08-19 10:49:00,280.091,378.8036
1995-08-19 10:50:00,757.7459999999999,384.40088
1995-08-19 10:51:00,290.643,393.31958
1995-08-19 10:52:00,132.94,395.4294
1995-08-19 10:53:00,271.18100000000004,410.6384
1995-08-19 10:54:00,121.38,415.3773
1995-08-19 10:55:00,350.98600000000005,417.1045
1995-08-19 10:56:00,153.77700000000002,389.15338
1995-08-19 10:57:00,295.712,418.03488
1995-08-19 10:58:00,1453.7620000000004,427.9743
1995-08-19 10:59:00,732.756,447.97827
1995-08-19 11:00:00,527.188,535.9277
1995-08-19 11:01:00,356.062,597.1886
1995-08-19 11:02:00,356.481,626.4727
1995-08-19 11:03:00,262.142,626.1521
1995-08-19 11:04:00,154.51500000000001,576.0287
1995-08-19 11:05:00,487.054,529.55457
1995-08-19 11:06:00,82.043,481.94058
1995-08-19 11:07:00,118.751,462.1978
1995-08-19 11:08:00,210.612,450.3815
1995-08-19 11:09:00,177.449,414.09692
1995-08-19 11:10:00,116.17299999999999,373.21133
1995-08-19 11:11:00,279.164,322.48007
1995-08-19 11:12:00,422.40799999999996,320.7443
1995-08-19 11:13:00,40.91599999999999,323.96936
1995-08-19 11:14:00,358.127,340.47098
1995-08-19 11:15:00,146.099,352.1791
1995-08-19 11:16:00,126.173,372.44623
1995-08-19 11:17:00,1013.5819999999999,369.68784
1995-08-19 11:18:00,1424.691,362.26044
1995-08-19 11:19:00,206.282,399.86493
1995-08-19 11:20:00,351.093,476.66437
1995-08-19 11:21:00,502.8980000000001,478.97745
1995-08-19 11:22:00,353.5949999999999,471.44467
1995-08-19 11:23:00,976.4330000000001,479.68423
1995-08-19 11:24:00,358.134,483.5859
1995-08-19 11:25:00,251.784,521.8751
1995-08-19 11:26:00,221.535,528.19745
1995-08-19 11:27:00,344.771,551.83356
1995-08-19 11:28:00,362.43899999999996,556.78845
1995-08-19 11:29:00,705.099,517.533
1995-08-19 11:30:00,545.619,492.41748
1995-08-19 11:31:00,365.53700000000003,522.8599
1995-08-19 11:32:00,402.987,530.77765
1995-08-19 11:33:00,314.233,527.552
1995-08-19 11:34:00,491.49899999999997,513.0758
1995-08-19 11:35:00,146.706,513.7766
1995-08-19 11:36:00,893.277,550.7982
1995-08-19 11:37:00,757.7789999999999,540.8765
1995-08-19 11:38:00,1926.643,560.49805
1995-08-19 11:39:00,834.3330000000002,568.4613
1995-08-19 11:40:00,525.135,612.6385
1995-08-19 11:41:00,733.1379999999999,609.43933
1995-08-19 11:42:00,464.092,606.8953
1995-08-19 11:43:00,817.795,624.35455
1995-08-19 11:44:00,664.999,623.0777
1995-08-19 11:45:00,510.738,631.40314
1995-08-19 11:46:00,196.132,631.34094
1995-08-19 11:47:00,199.964,583.5107
1995-08-19 11:48:00,254.69300000000004,520.8473
1995-08-19 11:49:00,268.335,503.38696
1995-08-19 11:50:00,771.0099999999999,459.0591
1995-08-19 11:51:00,1076.762,436.5554
1995-08-19 11:52:00,330.08799999999997,455.0233
1995-08-19 11:53:00,279.889,475.69772
1995-08-19 11:54:00,693.8199999999999,475.16635
1995-08-19 11:55:00,309.03,462.2218
1995-08-19 11:56:00,338.686,487.46542
1995-08-19 11:57:00,321.094,497.04178
1995-08-19 11:58:00,338.9270000000001,496.88068
1995-08-19 11:59:00,154.444,519.4645
1995-08-19 12:00:00,407.989,524.1393
1995-08-19 12:01:00,94.17300000000002,497.93637
1995-08-19 12:02:00,145.626,473.1561
1995-08-19 12:03:00,342.491,432.5098
1995-08-19 12:04:00,164.29799999999997,403.62015
1995-08-19 12:05:00,542.179,396.8522
1995-08-19 12:06:00,557.073,374.79614
1995-08-19 12:07:00,382.832,421.78067
1995-08-19 12:08:00,1183.107,482.91922
1995-08-19 12:09:00,596.487,534.74927
1995-08-19 12:10:00,455.765,589.6381
1995-08-19 12:11:00,205.14199999999997,657.06384
1995-08-19 12:12:00,226.186,678.32495
1995-08-19 12:13:00,217.988,659.6555
1995-08-19 12:14:00,548.755,635.9282
1995-08-19 12:15:00,1685.604,554.0083
1995-08-19 12:16:00,714.936,534.1553
1995-08-19 12:17:00,661.916,563.0343
1995-08-19 12:18:00,447.693,609.46094
1995-08-19 12:19:00,427.54599999999994,652.9732
1995-08-19 12:20:00,267.87,656.27155
1995-08-19 12:21:00,425.603,658.56165
1995-08-19 12:22:00,358.92699999999996,636.58624
1995-08-19 12:23:00,384.46199999999993,619.6479
1995-08-19 12:24:00,185.45499999999998,551.6654
1995-08-19 12:25:00,1586.869,500.0434
1995-08-19 12:26:00,65.17399999999999,469.26074
1995-08-19 12:27:00,98.34100000000002,475.09366
1995-08-19 12:28:00,57.348,446.9481
1995-08-19 12:29:00,146.172,427.0805
1995-08-19 12:30:00,294.521,382.04922
1995-08-19 12:31:00,450.40999999999997,349.0422
1995-08-19 12:32:00,466.11,363.57922
1995-08-19 12:33:00,426.475,398.26978
1995-08-19 12:34:00,284.373,444.52466
1995-08-19 12:35:00,326.16099999999994,476.25803
1995-08-19 12:36:00,1683.7250000000004,511.4777
1995-08-19 12:37:00,91.441,543.6298
1995-08-19 12:38:00,460.557,606.04926
1995-08-19 12:39:00,654.4449999999999,619.29553
1995-08-19 12:40:00,404.751,604.35333
1995-08-19 12:41:00,725.6830000000001,607.9202
1995-08-19 12:42:00,337.68799999999993,614.1464
1995-08-19 12:43:00,916.14,622.0864
1995-08-19 12:44:00,264.621,606.5063
1995-08-19 12:45:00,253.44899999999998,634.3832
1995-08-19 12:46:00,97.795,640.4746
1995-08-19 12:47:00,449.34000000000003,618.1614
1995-08-19 12:48:00,215.82200000000003,550.7413
1995-08-19 12:49:00,206.803,535.92914
1995-08-19 12:50:00,156.523,537.76056
1995-08-19 12:51:00,303.521,534.2532
1995-08-19 12:52:00,441.903,497.34924
1995-08-19 12:53:00,296.953,481.56094
1995-08-19 12:54:00,108.808,480.83887
1995-08-19 12:55:00,285.94599999999997,450.50174
1995-08-19 12:56:00,189.299,435.3855
1995-08-19 12:57:00,254.59699999999998,383.744
1995-08-19 12:58:00,235.74200000000002,357.0717
1995-08-19 12:59:00,198.86,327.71353
1995-08-19 13:00:00,693.2339999999999,332.32794
1995-08-19 13:01:00,82.675,328.62787
1995-08-19 13:02:00,667.8199999999999,338.55258
1995-08-19 13:03:00,453.577,312.5234
1995-08-19 13:04:00,290.733,314.19046
1995-08-19 13:05:00,821.859,365.66797
1995-08-19 13:06:00,1369.011,405.2204
1995-08-19 13:07:00,722.0529999999999,451.70917
1995-08-19 13:08:00,1238.7450000000001,465.4338
1995-08-19 13:09:00,1285.89,479.13507
1995-08-19 13:10:00,152.291,553.5699
1995-08-19 13:11:00,173.217,630.78827
1995-08-19 13:12:00,159.84699999999998,642.2387
1995-08-19 13:13:00,188.713,655.65674
1995-08-19 13:14:00,284.931,621.80853
1995-08-19 13:15:00,245.279,578.8821
1995-08-19 13:16:00,67.716,540.3002
1995-08-19 13:17:00,372.71100000000007,506.7028
1995-08-19 13:18:00,1440.616,454.6202
1995-08-19 13:19:00,529.939,444.6864
1995-08-19 13:20:00,643.2719999999999,486.27246
1995-08-19 13:21:00,436.856,539.2553
1995-08-19 13:22:00,86.07799999999999,560.82874
1995-08-19 13:23:00,324.045,578.3083
1995-08-19 13:24:00,193.25799999999998,536.9189
1995-08-19 13:25:00,376.24899999999997,524.4493
1995-08-19 13:26:00,367.30899999999997,518.14557
1995-08-19 13:27:00,812.453,503.8763
1995-08-19 13:28:00,419.61199999999997,472.1323
1995-08-19 13:29:00,194.725,469.62244
1995-08-19 13:30:00,197.007,429.4477
1995-08-19 13:31:00,405.773,448.0619
1995-08-19 13:32:00,576.097,456.72205
1995-08-19 13:33:00,142.598,454.61572
1995-08-19 13:34:00,109.499,460.26498
1995-08-19 13:35:00,553.319,440.09555
1995-08-19 13:36:00,294.861,436.00464
1995-08-19 13:37:00,220.781,454.54797
1995-08-19 13:38:00,123.463,469.2557
1995-08-19 13:39:00,1326.738,482.3883
1995-08-19 13:40:00,285.242,475.44962
1995-08-19 13:41:00,1483.432,525.87463
1995-08-19 13:42:00,508.598,548.0487
1995-08-19 13:43:00,272.803,587.4265
1995-08-19 13:44:00,374.148,592.83136
1995-08-19 13:45:00,440.18,582.93225
1995-08-19 13:46:00,541.187,587.38043
1995-08-19 13:47:00,534.505,555.9473
1995-08-19 13:48:00,441.238,556.4153
1995-08-19 13:49:00,770.534,581.9878
1995-08-19 13:50:00,278.222,611.2546
1995-08-19 13:51:00,583.375,640.3158
1995-08-19 13:52:00,144.442,634.06024
1995-08-19 13:53:00,469.229,598.0784
1995-08-19 13:54:00,491.655,563.49805
1995-08-19 13:55:00,335.357,545.0854
1995-08-19 13:56:00,1011.5200000000001,540.76465
1995-08-19 13:57:00,83.008,537.21533
1995-08-19 13:58:00,309.413,563.72217
1995-08-19 13:59:00,1187.271,527.3896
1995-08-19 14:00:00,150.56,519.0105
1995-08-19 14:01:00,215.559,535.55865
1995-08-19 14:02:00,262.315,561.52954
1995-08-19 14:03:00,550.147,585.2474
1995-08-19 14:04:00,127.59,608.69885
1995-08-19 14:05:00,326.184,658.43384
1995-08-19 14:06:00,456.42699999999996,630.12103
1995-08-19 14:07:00,416.09799999999996,605.7629
1995-08-19 14:08:00,397.01599999999996,611.5138
1995-08-19 14:09:00,888.7,624.7781
1995-08-19 14:10:00,267.654,644.6377
1995-08-19 14:11:00,230.99,681.95746
1995-08-19 14:12:00,232.418,669.317
1995-08-19 14:13:00,429.471,637.7966
1995-08-19 14:14:00,1160.116,602.31213
1995-08-19 14:15:00,310.266,574.7224
1995-08-19 14:16:00,203.438,606.8383
1995-08-19 14:17:00,257.93399999999997,606.13605
1995-08-19 14:18:00,232.983,574.7825
1995-08-19 14:19:00,571.521,558.1437
1995-08-19 14:20:00,372.498,542.996
1995-08-19 14:21:00,1030.848,563.4007
1995-08-19 14:22:00,296.719,584.9587
1995-08-19 14:23:00,257.031,637.9418
1995-08-19 14:24:00,316.277,634.6736
1995-08-19 14:25:00,196.913,575.7908
1995-08-19 14:26:00,801.124,529.14856
1995-08-19 14:27:00,1192.257,504.75974
1995-08-19 14:28:00,674.235,543.31134
1995-08-19 14:29:00,790.7809999999998,621.7146
1995-08-19 14:30:00,1719.931,678.47656
1995-08-19 14:31:00,1234.673,686.31696
1995-08-19 14:32:00,1046.899,785.30096
1995-08-19 14:33:00,954.636,878.9018
1995-08-19 14:34:00,251.06400000000002,941.6179
1995-08-19 14:35:00,931.7689999999999,957.47656
1995-08-19 14:36:00,1352.72,909.82263
1995-08-19 14:37:00,621.76,900.0221
1995-08-19 14:38:00,746.368,940.7783
1995-08-19 14:39:00,499.969,870.8985
1995-08-19 14:40:00,1740.075,826.6054
1995-08-19 14:41:00,607.2049999999999,784.7309
1995-08-19 14:42:00,478.781,787.1811
1995-08-19 14:43:00,1545.818,779.1594
1995-08-19 14:44:00,758.052,764.46075
1995-08-19 14:45:00,870.981,792.74176
1995-08-19 14:46:00,753.093,812.0124
1995-08-19 14:47:00,652.335,829.2599
1995-08-19 14:48:00,503.349,802.0603
1995-08-19 14:49:00,984.536,798.236
1995-08-19 14:50:00,260.373,790.2279
1995-08-19 14:51:00,1859.8290000000002,825.57074
1995-08-19 14:52:00,334.884,782.5611
1995-08-19 14:53:00,1000.795,830.3104
1995-08-19 14:54:00,277.566,834.4941
1995-08-19 14:55:00,246.977,823.3549
1995-08-19 14:56:00,144.927,781.3252
1995-08-19 14:57:00,1479.7540000000001,680.32275
1995-08-19 14:58:00,607.904,609.58704
1995-08-19 14:59:00,626.396,602.36304
1995-08-19 15:00:00,429.106,578.82654
1995-08-19 15:01:00,523.485,566.9008
1995-08-19 15:02:00,244.16599999999997,562.08813
1995-08-19 15:03:00,697.327,580.5271
1995-08-19 15:04:00,383.58299999999997,625.44556
1995-08-19 15:05:00,317.205,641.55927
1995-08-19 15:06:00,533.809,647.44653
1995-08-19 15:07:00,233.76699999999997,640.8642
1995-08-19 15:08:00,780.919,636.3056
1995-08-19 15:09:00,199.24,606.9986
1995-08-19 15:10:00,142.073,614.6454
1995-08-19 15:11:00,238.501,613.0061
1995-08-19 15:12:00,381.809,571.0737
1995-08-19 15:13:00,178.484,521.1
1995-08-19 15:14:00,597.181,480.1963
1995-08-19 15:15:00,847.936,460.11395
1995-08-19 15:16:00,621.043,493.56207
1995-08-19 15:17:00,672.972,511.40005
1995-08-19 15:18:00,641.2110000000001,557.2657
1995-08-19 15:19:00,290.755,612.99304
1995-08-19 15:20:00,802.702,670.69403
1995-08-19 15:21:00,173.18200000000002,699.3787
1995-08-19 15:22:00,703.688,723.2875
1995-08-19 15:23:00,297.13,673.9585
1995-08-19 15:24:00,419.25,651.5663
1995-08-19 15:25:00,179.55900000000003,616.44995
1995-08-19 15:26:00,1233.893,583.8125
1995-08-19 15:27:00,1874.432,584.62634
1995-08-19 15:28:00,661.756,613.12714
1995-08-19 15:29:00,252.858,683.86993
1995-08-19 15:30:00,304.474,719.0803
1995-08-19 15:31:00,563.5409999999999,729.6112
1995-08-19 15:32:00,1390.948,713.62103
1995-08-19 15:33:00,158.567,693.7125
1995-08-19 15:34:00,1294.675,693.19434
1995-08-19 15:35:00,350.058,671.6674
1995-08-19 15:36:00,238.886,670.6714
1995-08-19 15:37:00,222.14000000000001,645.92914
1995-08-19 15:38:00,176.477,611.7965
1995-08-19 15:39:00,265.036,558.337
1995-08-19 15:40:00,459.376,523.1884
1995-08-19 15:41:00,634.284,501.49884
1995-08-19 15:42:00,731.167,492.96356
1995-08-19 15:43:00,592.2950000000001,519.2145
1995-08-19 15:44:00,338.29,528.22955
1995-08-19 15:45:00,162.154,567.3356
1995-08-19 15:46:00,889.1360000000002,565.82544
1995-08-19 15:47:00,667.3489999999999,555.00116
1995-08-19 15:48:00,179.65099999999998,594.1436
1995-08-19 15:49:00,436.98100000000005,640.5849
1995-08-19 15:50:00,979.677,623.9224
1995-08-19 15:51:00,466.29900000000004,611.88873
1995-08-19 15:52:00,428.942,627.7799
1995-08-19 15:53:00,427.32599999999996,624.9655
1995-08-19 15:54:00,1649.121,632.2401
1995-08-19 15:55:00,355.44,646.8726
1995-08-19 15:56:00,696.6600000000001,679.8773
1995-08-19 15:57:00,102.10700000000003,691.70325
1995-08-19 15:58:00,328.52,706.9676
1995-08-19 15:59:00,166.23999999999998,702.843
1995-08-19 16:00:00,343.777,699.056
1995-08-19 16:01:00,359.853,683.33954
1995-08-19 16:02:00,195.712,645.9379
1995-08-19 16:03:00,71.854,625.3527
1995-08-19 16:04:00,181.952,589.4375
1995-08-19 16:05:00,199.475,558.29645
1995-08-19 16:06:00,75.503,522.91296
1995-08-19 16:07:00,168.111,527.5546
1995-08-19 16:08:00,125.62700000000001,494.227
1995-08-19 16:09:00,54.30800000000001,488.04596
1995-08-19 16:10:00,244.124,475.6558
1995-08-19 16:11:00,576.3439999999999,447.51996
1995-08-19 16:12:00,562.915,417.25827
1995-08-19 16:13:00,141.565,448.81018
1995-08-19 16:14:00,411.204,470.35886
1995-08-19 16:15:00,350.743,471.90662
1995-08-19 16:16:00,147.18699999999998,469.73627
1995-08-19 16:17:00,303.497,483.06314
1995-08-19 16:18:00,146.874,489.28873
1995-08-19 16:19:00,52.649,493.0492
1995-08-19 16:20:00,175.10399999999996,477.0755
1995-08-19 16:21:00,363.829,442.2103
1995-08-19 16:22:00,186.14999999999998,422.14984
1995-08-19 16:23:00,919.4970000000001,416.9897
1995-08-19 16:24:00,194.56300000000002,376.43723
1995-08-19 16:25:00,1120.542,369.9699
1995-08-19 16:26:00,356.863,384.71826
1995-08-19 16:27:00,142.874,478.25052
1995-08-19 16:28:00,355.98199999999997,536.1246
1995-08-19 16:29:00,521.844,559.66376
1995-08-19 16:30:00,298.601,584.86957
1995-08-19 16:31:00,282.856,622.37067
1995-08-19 16:32:00,530.947,636.2978
1995-08-19 16:33:00,341.959,621.6528
1995-08-19 16:34:00,326.8,584.67535
1995-08-19 16:35:00,244.169,556.1875
1995-08-19 16:36:00,137.8,541.1846
1995-08-19 16:37:00,324.49500000000006,489.20605
1995-08-19 16:38:00,287.885,452.30902
1995-08-19 16:39:00,339.2970000000001,433.65
1995-08-19 16:40:00,363.90899999999993,402.00674
1995-08-19 16:41:00,184.89,436.4339
1995-08-19 16:42:00,192.575,442.47626
1995-08-19 16:43:00,482.97900000000004,441.96585
1995-08-19 16:44:00,271.979,399.19135
1995-08-19 16:45:00,477.475,393.46967
1995-08-19 16:46:00,292.496,402.28876
1995-08-19 16:47:00,670.188,435.4144
1995-08-19 16:48:00,357.342,446.75272
1995-08-19 16:49:00,481.63800000000003,470.1574
1995-08-19 16:50:00,285.799,518.9289
1995-08-19 16:51:00,999.332,558.17584
1995-08-19 16:52:00,373.476,597.0758
1995-08-19 16:53:00,417.423,658.83057
1995-08-19 16:54:00,276.41,698.6103
1995-08-19 16:55:00,438.573,696.9823
1995-08-19 16:56:00,362.387,689.3466
1995-08-19 16:57:00,1839.443,687.2146
1995-08-19 16:58:00,475.66300000000007,666.4802
1995-08-19 16:59:00,275.496,692.30975
1995-08-19 17:00:00,401.553,675.2899
1995-08-19 17:01:00,307.661,657.79175
1995-08-19 17:02:00,237.949,660.5915
1995-08-19 17:03:00,680.377,623.48236
1995-08-19 17:04:00,233.81,598.9001
1995-08-19 17:05:00,350.00100000000003,605.38696
1995-08-19 17:06:00,454.551,610.0078
1995-08-19 17:07:00,197.75300000000001,603.2624
1995-08-19 17:08:00,240.10899999999998,592.7487
1995-08-19 17:09:00,1226.608,553.7844
1995-08-19 17:10:00,331.134,524.99066
1995-08-19 17:11:00,1413.845,519.9596
1995-08-19 17:12:00,661.757,514.6894
1995-08-19 17:13:00,657.148,574.8632
1995-08-19 17:14:00,455.385,619.70276
1995-08-19 17:15:00,933.443,649.6984
1995-08-19 17:16:00,94.301,678.0423
1995-08-19 17:17:00,256.202,706.32886
1995-08-19 17:18:00,340.928,705.75256
1995-08-19 17:19:00,211.29399999999995,675.9276
1995-08-19 17:20:00,348.57,662.58325
1995-08-19 17:21:00,159.119,623.8254
1995-08-19 17:22:00,485.24699999999996,616.8772
1995-08-19 17:23:00,503.12800000000004,600.0693
1995-08-19 17:24:00,285.18399999999997,590.42755
1995-08-19 17:25:00,352.1790000000001,566.9489
1995-08-19 17:26:00,282.94399999999996,547.13824
1995-08-19 17:27:00,316.075,510.52997
1995-08-19 17:28:00,600.446,499.36795
1995-08-19 17:29:00,513.923,535.8274
1995-08-19 17:30:00,1040.166,611.0238
1995-08-19 17:31:00,251.70000000000002,665.1385
1995-08-19 17:32:00,175.171,707.8013
1995-08-19 17:33:00,846.0999999999999,685.6489
1995-08-19 17:34:00,277.59000000000003,650.82104
1995-08-19 17:35:00,320.40700000000004,657.04913
1995-08-19 17:36:00,526.726,639.1914
1995-08-19 17:37:00,569.827,620.4852
1995-08-19 17:38:00,530.854,636.3228
1995-08-19 17:39:00,222.576,640.7459
1995-08-19 17:40:00,346.5679999999999,615.6594
1995-08-19 17:41:00,294.941,586.35266
1995-08-19 17:42:00,621.2429999999999,580.56616
1995-08-19 17:43:00,509.6760000000001,585.0494
1995-08-19 17:44:00,207.971,589.59045
1995-08-19 17:45:00,315.996,566.86456
1995-08-19 17:46:00,1558.0510000000002,559.8003
1995-08-19 17:47:00,473.536,549.1447
1995-08-19 17:48:00,374.78399999999993,601.85815
1995-08-19 17:49:00,762.3090000000001,652.9527
1995-08-19 17:50:00,374.885,678.58594
1995-08-19 17:51:00,493.19599999999997,681.5371
1995-08-19 17:52:00,427.36199999999997,680.13446
1995-08-19 17:53:00,1010.6379999999999,704.0958
1995-08-19 17:54:00,316.395,721.13275
1995-08-19 17:55:00,230.81,733.21844
1995-08-19 17:56:00,649.435,724.8377
1995-08-19 17:57:00,436.16400000000004,700.00134
1995-08-19 17:58:00,728.84,656.44653
1995-08-19 17:59:00,1097.038,631.90234
1995-08-19 18:00:00,147.624,620.40924
1995-08-19 18:01:00,118.99,636.85504
1995-08-19 18:02:00,915.324,627.694
1995-08-19 18:03:00,50.954,596.68994
1995-08-19 18:04:00,166.62499999999997,583.62634
1995-08-19 18:05:00,177.26499999999996,537.2304
1995-08-19 18:06:00,272.724,525.84296
1995-08-19 18:07:00,257.412,541.092
1995-08-19 18:08:00,183.645,525.3865
1995-08-19 18:09:00,89.356,515.83307
1995-08-19 18:10:00,184.143,464.9079
1995-08-19 18:11:00,226.76100000000002,427.02048
1995-08-19 18:12:00,184.555,436.60675
1995-08-19 18:13:00,516.487,435.62384
1995-08-19 18:14:00,340.84000000000003,418.9828
1995-08-19 18:15:00,380.776,453.2587
1995-08-19 18:16:00,181.464,473.9006
1995-08-19 18:17:00,635.369,493.08826
1995-08-19 18:18:00,1171.921,492.75757
1995-08-19 18:19:00,147.347,504.36182
1995-08-19 18:20:00,144.367,528.64813
1995-08-19 18:21:00,290.368,502.76678
1995-08-19 18:22:00,418.857,501.58344
1995-08-19 18:23:00,814.016,533.2311
1995-08-19 18:24:00,600.454,582.614
1995-08-19 18:25:00,363.833,608.2057
1995-08-19 18:26:00,344.813,629.8121
1995-08-19 18:27:00,310.54900000000004,669.9701
1995-08-19 18:28:00,298.013,704.9655
1995-08-19 18:29:00,345.05999999999995,720.83136
1995-08-19 18:30:00,1163.2069999999999,706.4346
1995-08-19 18:31:00,320.391,718.0393
1995-08-19 18:32:00,260.724,769.4513
1995-08-19 18:33:00,282.774,774.39435
1995-08-19 18:34:00,66.676,733.81635
1995-08-19 18:35:00,79.73,682.722
1995-08-19 18:36:00,130.483,608.921
1995-08-19 18:37:00,79.986,543.3349
1995-08-19 18:38:00,86.305,490.49417
1995-08-19 18:39:00,122.59,452.70575
1995-08-19 18:40:00,135.319,415.55267
1995-08-19 18:41:00,1146.198,379.45288
1995-08-19 18:42:00,93.797,330.75885
1995-08-19 18:43:00,61.228,354.27475
1995-08-19 18:44:00,152.175,368.14566
1995-08-19 18:45:00,213.461,366.2961
1995-08-19 18:46:00,180.13600000000002,390.53134
1995-08-19 18:47:00,1113.971,395.48138
1995-08-19 18:48:00,191.435,393.83548
1995-08-19 18:49:00,140.902,401.4925
1995-08-19 18:50:00,166.975,354.14948
1995-08-19 18:51:00,255.89600000000002,346.1922
1995-08-19 18:52:00,429.497,325.2058
1995-08-19 18:53:00,163.13900000000004,331.6961
1995-08-19 18:54:00,931.572,362.48874
1995-08-19 18:55:00,234.33,360.08804
1995-08-19 18:56:00,284.239,365.26645
1995-08-19 18:57:00,241.306,398.60883
1995-08-19 18:58:00,169.527,360.95224
1995-08-19 18:59:00,285.999,352.94302
1995-08-19 19:00:00,374.246,380.71942
1995-08-19 19:01:00,1015.933,413.12634
1995-08-19 19:02:00,340.83299999999997,459.05273
1995-08-19 19:03:00,262.19599999999997,497.88184
1995-08-19 19:04:00,236.127,497.44815
1995-08-19 19:05:00,279.339,518.2622
1995-08-19 19:06:00,2237.839,505.8837
1995-08-19 19:07:00,193.67000000000002,487.0401
1995-08-19 19:08:00,361.448,569.61664
1995-08-19 19:09:00,2043.7969999999998,602.34344
1995-08-19 19:10:00,489.98900000000003,596.48987
1995-08-19 19:11:00,569.398,638.8843
1995-08-19 19:12:00,1098.415,645.3151
1995-08-19 19:13:00,671.209,690.8248
1995-08-19 19:14:00,1801.1549999999997,765.13556
1995-08-19 19:15:00,488.48600000000005,818.2304
1995-08-19 19:16:00,812.461,885.0412
1995-08-19 19:17:00,258.858,898.8353
1995-08-19 19:18:00,1497.2420000000002,879.568
1995-08-19 19:19:00,115.67099999999999,821.60333
1995-08-19 19:20:00,665.881,796.2882
1995-08-19 19:21:00,149.238,673.78235
1995-08-19 19:22:00,846.068,619.0969
1995-08-19 19:23:00,558.842,535.62494
1995-08-19 19:24:00,114.632,534.3701
1995-08-19 19:25:00,385.561,539.0094
1995-08-19 19:26:00,289.479,529.20184
1995-08-19 19:27:00,295.708,512.3293
1995-08-19 19:28:00,285.105,485.15012
1995-08-19 19:29:00,374.854,470.78793
1995-08-19 19:30:00,493.55999999999995,457.4062
1995-08-19 19:31:00,693.881,501.33475
1995-08-19 19:32:00,234.819,543.7173
1995-08-19 19:33:00,1558.465,610.8824
1995-08-19 19:34:00,250.08600000000004,617.00055
1995-08-19 19:35:00,1132.911,676.10565
1995-08-19 19:36:00,388.192,672.8852
1995-08-19 19:37:00,168.48,716.61426
1995-08-19 19:38:00,924.1089999999999,726.86273
1995-08-19 19:39:00,621.606,722.66437
1995-08-19 19:40:00,199.288,718.3964
1995-08-19 19:41:00,436.142,704.8689
1995-08-19 19:42:00,246.10299999999998,667.03406
1995-08-19 19:43:00,59.654,654.67804
1995-08-19 19:44:00,123.092,639.8055
1995-08-19 19:45:00,120.283,563.4988
1995-08-19 19:46:00,172.242,543.5682
1995-08-19 19:47:00,95.185,504.0458
1995-08-19 19:48:00,135.97899999999998,492.00616
1995-08-19 19:49:00,1173.786,474.73544
1995-08-19 19:50:00,77.161,452.7276
1995-08-19 19:51:00,0.0,476.73474
1995-08-19 19:52:00,104.584,498.06653
1995-08-19 19:53:00,126.044,500.11945
1995-08-19 19:54:00,322.858,504.68762
1995-08-19 19:55:00,257.693,516.51154
1995-08-19 19:56:00,289.31100000000004,539.99896
1995-08-19 19:57:00,386.409,567.68445
1995-08-19 19:58:00,270.306,569.7761
1995-08-19 19:59:00,372.704,609.0411
1995-08-19 20:00:00,183.42000000000002,639.22784
1995-08-19 20:01:00,93.405,630.3733
1995-08-19 20:02:00,94.62,616.2618
1995-08-19 20:03:00,1457.4149999999997,542.8858
1995-08-19 20:04:00,407.20500000000004,479.84488
1995-08-19 20:05:00,137.392,511.1654
1995-08-19 20:06:00,78.253,562.5767
1995-08-19 20:07:00,538.32,583.72015
1995-08-19 20:08:00,100.203,573.79785
1995-08-19 20:09:00,135.835,578.48987
1995-08-19 20:10:00,151.42,538.467
1995-08-19 20:11:00,306.724,525.69257
1995-08-19 20:12:00,719.29,508.4016
1995-08-19 20:13:00,113.816,505.1583
1995-08-19 20:14:00,61.275999999999996,536.67993
1995-08-19 20:15:00,220.134,525.441
1995-08-19 20:16:00,380.37399999999997,524.77826
1995-08-19 20:17:00,197.126,517.5596
1995-08-19 20:18:00,419.506,507.0364
1995-08-19 20:19:00,63.492000000000004,482.8072
1995-08-19 20:20:00,365.247,505.99356
1995-08-19 20:21:00,312.213,477.13406
1995-08-19 20:22:00,1089.509,458.3696
1995-08-19 20:23:00,677.2060000000001,460.42926
1995-08-19 20:24:00,425.675,473.57678
1995-08-19 20:25:00,706.149,516.52734
1995-08-19 20:26:00,569.971,568.62524
1995-08-19 20:27:00,403.408,604.8323
1995-08-19 20:28:00,657.323,643.2153
1995-08-19 20:29:00,226.549,660.8186
1995-08-19 20:30:00,1321.0970000000002,643.6048
1995-08-19 20:31:00,292.21500000000003,654.82544
1995-08-19 20:32:00,605.29,705.48193
1995-08-19 20:33:00,832.832,699.7431
1995-08-19 20:34:00,526.274,702.8163
1995-08-19 20:35:00,324.86400000000003,719.4265
1995-08-19 20:36:00,526.222,731.04193
1995-08-19 20:37:00,364.114,707.592
1995-08-19 20:38:00,81.872,677.27026
1995-08-19 20:39:00,445.746,640.7524
1995-08-19 20:40:00,789.6690000000001,583.1699
1995-08-19 20:41:00,577.31,549.1513
1995-08-19 20:42:00,2514.563,548.5095
1995-08-19 20:43:00,1217.73,562.7167
1995-08-19 20:44:00,133.14100000000002,647.90466
1995-08-19 20:45:00,584.096,706.2331
1995-08-19 20:46:00,306.485,702.3208
1995-08-19 20:47:00,289.615,722.25964
1995-08-19 20:48:00,86.967,701.49286
1995-08-19 20:49:00,432.606,647.89105
1995-08-19 20:50:00,380.308,574.4558
1995-08-19 20:51:00,369.31699999999995,540.3308
1995-08-19 20:52:00,153.54999999999998,522.74146
1995-08-19 20:53:00,129.165,536.65924
1995-08-19 20:54:00,190.053,501.465
1995-08-19 20:55:00,291.77000000000004,475.08948
1995-08-19 20:56:00,278.733,465.87762
1995-08-19 20:57:00,301.927,460.01883
1995-08-19 20:58:00,45.550999999999995,470.1722
1995-08-19 20:59:00,495.977,477.7631
1995-08-19 21:00:00,314.612,467.56192
1995-08-19 21:01:00,65.407,474.3899
1995-08-19 21:02:00,73.543,474.7329
1995-08-19 21:03:00,248.468,469.69324
1995-08-19 21:04:00,1370.083,481.7718
1995-08-19 21:05:00,208.353,532.6001
1995-08-19 21:06:00,160.97899999999998,580.56604
1995-08-19 21:07:00,17.087,589.0753
1995-08-19 21:08:00,389.25299999999993,605.6173
1995-08-19 21:09:00,410.76199999999994,580.2254
1995-08-19 21:10:00,281.111,563.1612
1995-08-19 21:11:00,110.979,546.68365
1995-08-19 21:12:00,118.22200000000001,544.7673
1995-08-19 21:13:00,922.949,518.942
1995-08-19 21:14:00,151.85999999999999,487.0852
1995-08-19 21:15:00,200.35100000000003,486.40414
1995-08-19 21:16:00,562.386,461.1037
1995-08-19 21:17:00,245.112,457.7214
1995-08-19 21:18:00,530.944,496.27573
1995-08-19 21:19:00,530.46,526.48193
1995-08-19 21:20:00,517.341,578.39014
1995-08-19 21:21:00,406.142,628.5145
1995-08-19 21:22:00,652.1659999999999,662.65497
1995-08-19 21:23:00,121.06100000000002,679.38293
1995-08-19 21:24:00,397.642,699.67145
1995-08-19 21:25:00,158.391,668.4488
1995-08-19 21:26:00,552.435,625.47784
1995-08-19 21:27:00,2203.37,580.1536
1995-08-19 21:28:00,576.015,573.9477
1995-08-19 21:29:00,175.838,640.85583
1995-08-19 21:30:00,351.917,662.65344
1995-08-19 21:31:00,200.329,630.79364
1995-08-19 21:32:00,302.592,608.3473
1995-08-19 21:33:00,228.48000000000002,590.8586
1995-08-19 21:34:00,1329.3139999999999,596.0754
1995-08-19 21:35:00,374.3,585.52655
1995-08-19 21:36:00,648.002,615.6905
1995-08-19 21:37:00,365.891,603.1322
1995-08-19 21:38:00,482.805,609.4368
1995-08-19 21:39:00,150.533,591.8731
1995-08-19 21:40:00,208.40200000000002,591.6595
1995-08-19 21:41:00,402.996,597.7622
1995-08-19 21:42:00,267.103,593.5557
1995-08-19 21:43:00,1427.661,590.2451
1995-08-19 21:44:00,460.107,580.61444
1995-08-19 21:45:00,120.278,615.1073
1995-08-19 21:46:00,247.203,624.6535
1995-08-19 21:47:00,180.42000000000002,584.66907
1995-08-19 21:48:00,304.977,549.16925
1995-08-19 21:49:00,251.892,514.9232
1995-08-19 21:50:00,621.473,504.3506
1995-08-19 21:51:00,396.096,514.2808
1995-08-19 21:52:00,819.4449999999999,539.40594
1995-08-19 21:53:00,2041.3760000000002,595.66705
1995-08-19 21:54:00,543.207,644.1933
1995-08-19 21:55:00,1066.665,678.23114
1995-08-19 21:56:00,693.026,677.7743
1995-08-19 21:57:00,593.957,686.3048
1995-08-19 21:58:00,444.64599999999996,676.0964
1995-08-19 21:59:00,841.788,638.613
1995-08-19 22:00:00,463.27,609.2659
1995-08-19 22:01:00,200.72400000000002,625.8256
1995-08-19 22:02:00,268.40999999999997,653.1484
1995-08-19 22:03:00,322.573,652.35474
1995-08-19 22:04:00,496.736,616.2791
1995-08-19 22:05:00,251.173,576.40027
1995-08-19 22:06:00,619.512,593.9026
1995-08-19 22:07:00,603.231,580.0669
1995-08-19 22:08:00,250.089,596.5911
1995-08-19 22:09:00,378.85,595.2631
1995-08-19 22:10:00,350.67400000000004,567.9915
1995-08-19 22:11:00,381.848,549.54156
1995-08-19 22:12:00,480.027,550.1999
1995-08-19 22:13:00,901.2620000000001,553.67114
1995-08-19 22:14:00,1916.4619999999998,569.12787
1995-08-19 22:15:00,300.373,579.9276
1995-08-19 22:16:00,192.69,657.0451
1995-08-19 22:17:00,440.073,704.955
1995-08-19 22:18:00,441.104,678.04956
1995-08-19 22:19:00,384.66600000000005,652.97955
1995-08-19 22:20:00,539.297,638.4913
1995-08-19 22:21:00,413.927,646.8519
1995-08-19 22:22:00,373.855,646.4579
1995-08-19 22:23:00,536.773,628.73895
1995-08-19 22:24:00,246.62399999999997,615.53845
1995-08-19 22:25:00,725.62,594.24097
1995-08-19 22:26:00,643.3009999999999,578.37286
1995-08-19 22:27:00,557.137,592.14703
1995-08-19 22:28:00,184.892,610.2797
1995-08-19 22:29:00,93.946,629.8197
1995-08-19 22:30:00,556.888,579.5721
1995-08-19 22:31:00,123.39999999999999,501.21832
1995-08-19 22:32:00,212.41299999999998,465.56598
1995-08-19 22:33:00,466.50600000000003,427.8593
1995-08-19 22:34:00,89.831,433.2766
1995-08-19 22:35:00,149.277,471.19458
1995-08-19 22:36:00,131.915,475.86377
1995-08-19 22:37:00,421.611,459.89935
1995-08-19 22:38:00,213.74799999999996,453.92575
1995-08-19 22:39:00,401.644,462.49802
1995-08-19 22:40:00,189.10599999999997,478.34982
1995-08-19 22:41:00,997.7620000000001,492.59143
1995-08-19 22:42:00,109.642,485.221
1995-08-19 22:43:00,161.935,525.35535
1995-08-19 22:44:00,118.24600000000001,521.8847
1995-08-19 22:45:00,205.51599999999996,520.0198
1995-08-19 22:46:00,218.13399999999996,531.99896
1995-08-19 22:47:00,141.891,532.92694
1995-08-19 22:48:00,862.5,529.555
1995-08-19 22:49:00,97.241,515.6256
1995-08-19 22:50:00,292.662,534.72217
1995-08-19 22:51:00,156.18200000000002,496.08572
1995-08-19 22:52:00,327.82300000000004,491.87503
1995-08-19 22:53:00,224.49800000000002,468.27322
1995-08-19 22:54:00,246.933,457.25418
1995-08-19 22:55:00,233.939,440.12134
1995-08-19 22:56:00,731.108,434.92853
1995-08-19 22:57:00,223.862,451.79507
1995-08-19 22:58:00,1096.702,507.21545
1995-08-19 22:59:00,316.373,513.74133
1995-08-19 23:00:00,732.709,533.42365
1995-08-19 23:01:00,542.824,592.49664
1995-08-19 23:02:00,374.509,637.95905
1995-08-19 23:03:00,471.85999999999996,666.9062
1995-08-19 23:04:00,527.831,673.948
1995-08-19 23:05:00,269.48400000000004,678.24115
1995-08-19 23:06:00,155.869,668.2695
1995-08-19 23:07:00,534.128,641.9005
1995-08-19 23:08:00,140.805,571.33234
1995-08-19 23:09:00,343.223,557.3285
1995-08-19 23:10:00,266.908,512.17975
1995-08-19 23:11:00,654.655,474.17917
1995-08-19 23:12:00,319.7609999999999,439.38458
1995-08-19 23:13:00,481.75300000000004,457.16772
1995-08-19 23:14:00,814.9259999999999,485.0658
1995-08-19 23:15:00,377.5469999999999,502.1749
1995-08-19 23:16:00,1651.3190000000002,537.7843
1995-08-19 23:17:00,387.5659999999999,561.5305
1995-08-19 23:18:00,360.84,636.01495
1995-08-19 23:19:00,479.376,647.8193
1995-08-19 23:20:00,507.366,661.235
1995-08-19 23:21:00,493.449,673.43524
1995-08-19 23:22:00,308.331,682.77734
1995-08-19 23:23:00,923.0699999999999,672.4183
1995-08-19 23:24:00,633.582,674.23584
1995-08-19 23:25:00,719.1829999999999,712.11475
1995-08-19 23:26:00,1254.271,727.4349
1995-08-19 23:27:00,725.29,741.2567
1995-08-19 23:28:00,1014.465,777.8725
1995-08-19 23:29:00,702.438,824.36926
1995-08-19 23:30:00,775.197,841.15247
1995-08-19 23:31:00,355.078,832.4886
1995-08-19 23:32:00,350.443,833.63165
1995-08-19 23:33:00,450.04200000000003,831.69543
1995-08-19 23:34:00,1154.857,814.42804
1995-08-19 23:35:00,253.416,789.16785
1995-08-19 23:36:00,387.513,762.5713
1995-08-19 23:37:00,133.714,701.8941
1995-08-19 23:38:00,1117.226,627.3239
1995-08-19 23:39:00,619.136,555.39966
1995-08-19 23:40:00,435.0919999999999,538.05994
1995-08-19 23:41:00,1126.272,534.4851
1995-08-19 23:42:00,438.15999999999997,499.32898
1995-08-19 23:43:00,874.2319999999999,510.12683
1995-08-19 23:44:00,314.093,521.6347
1995-08-19 23:45:00,67.103,552.0945
1995-08-19 23:46:00,359.48199999999997,558.5752
1995-08-19 23:47:00,150.381,557.3753
1995-08-19 23:48:00,774.9549999999999,560.3756
1995-08-19 23:49:00,184.97599999999997,553.1464
1995-08-19 23:50:00,328.78,532.2213
1995-08-19 23:51:00,274.583,507.0018
1995-08-19 23:52:00,1335.988,498.98495
1995-08-19 23:53:00,195.465,477.89313
1995-08-19 23:54:00,461.63300000000004,507.0897
1995-08-19 23:55:00,413.209,502.79446
1995-08-19 23:56:00,369.293,483.57922
1995-08-19 23:57:00,339.996,500.85464
1995-08-19 23:58:00,640.2539999999999,523.10114
1995-08-19 23:59:00,517.687,519.2155
1995-08-20 00:00:00,484.783,537.64716
1995-08-20 00:01:00,1244.197,551.79535
1995-08-20 00:02:00,126.74499999999999,547.16394
1995-08-20 00:03:00,482.97900000000004,597.93146
1995-08-20 00:04:00,1046.624,563.0179
1995-08-20 00:05:00,403.762,565.0192
1995-08-20 00:06:00,328.99499999999995,575.3049
1995-08-20 00:07:00,220.206,576.99646
1995-08-20 00:08:00,169.306,587.3306
1995-08-20 00:09:00,126.179,594.674
1995-08-20 00:10:00,331.951,585.4718
1995-08-20 00:11:00,224.875,556.0295
1995-08-20 00:12:00,523.578,583.6689
1995-08-20 00:13:00,246.311,554.6131
1995-08-20 00:14:00,220.427,558.1723
1995-08-20 00:15:00,333.216,537.1488
1995-08-20 00:16:00,287.311,520.31165
1995-08-20 00:17:00,731.84,523.7038
1995-08-20 00:18:00,209.505,508.9069
1995-08-20 00:19:00,159.895,507.77905
1995-08-20 00:20:00,270.46299999999997,505.65283
1995-08-20 00:21:00,46.43499999999999,525.6176
1995-08-20 00:22:00,603.796,549.9264
1995-08-20 00:23:00,279.59499999999997,528.3384
1995-08-20 00:24:00,747.938,522.51746
1995-08-20 00:25:00,156.202,526.2269
1995-08-20 00:26:00,922.5699999999999,569.03796
1995-08-20 00:27:00,515.937,598.6449
1995-08-20 00:28:00,2178.743,623.5887
1995-08-20 00:29:00,842.749,607.3273
1995-08-20 00:30:00,641.137,656.34406
1995-08-20 00:31:00,629.771,682.5775
1995-08-20 00:32:00,706.4759999999999,688.8954
1995-08-20 00:33:00,244.599,689.08453
1995-08-20 00:34:00,295.281,679.78284
1995-08-20 00:35:00,229.76,651.8403
1995-08-20 00:36:00,931.689,608.1997
1995-08-20 00:37:00,250.512,587.3111
1995-08-20 00:38:00,217.74,593.40814
1995-08-20 00:39:00,912.336,591.5082
1995-08-20 00:40:00,212.56699999999998,568.7211
1995-08-20 00:41:00,806.7049999999998,589.9871
1995-08-20 00:42:00,235.759,593.8539
1995-08-20 00:43:00,469.162,604.19196
1995-08-20 00:44:00,457.49199999999996,587.93524
1995-08-20 00:45:00,435.86,576.91675
1995-08-20 00:46:00,339.01099999999997,594.8688
1995-08-20 00:47:00,516.698,572.6415
1995-08-20 00:48:00,299.272,541.5027
1995-08-20 00:49:00,380.8089999999999,540.7106
1995-08-20 00:50:00,260.442,545.16016
1995-08-20 00:51:00,184.02799999999996,525.2513
1995-08-20 00:52:00,583.56,499.66727
1995-08-20 00:53:00,278.188,492.4709
1995-08-20 00:54:00,372.609,518.3396
1995-08-20 00:55:00,513.73,530.35767
1995-08-20 00:56:00,230.468,534.622
1995-08-20 00:57:00,780.24,555.5633
1995-08-20 00:58:00,317.428,576.9755
1995-08-20 00:59:00,255.43600000000004,576.4418
1995-08-20 01:00:00,355.164,574.83624
1995-08-20 01:01:00,391.29400000000004,568.36035
1995-08-20 01:02:00,171.816,572.56775
1995-08-20 01:03:00,381.83200000000005,578.9269
1995-08-20 01:04:00,57.862,529.43854
1995-08-20 01:05:00,179.806,512.4453
1995-08-20 01:06:00,898.357,478.67484
1995-08-20 01:07:00,256.036,468.9174
1995-08-20 01:08:00,513.014,489.1293
1995-08-20 01:09:00,329.1689999999999,493.4689
1995-08-20 01:10:00,413.69200000000006,514.57904
1995-08-20 01:11:00,226.302,517.7148
1995-08-20 01:12:00,310.094,505.48148
1995-08-20 01:13:00,385.931,485.33636
1995-08-20 01:14:00,545.607,481.4948
1995-08-20 01:15:00,547.671,500.69183
1995-08-20 01:16:00,653.533,495.84464
1995-08-20 01:17:00,237.724,513.4272
1995-08-20 01:18:00,545.819,517.04834
1995-08-20 01:19:00,420.178,532.68256
1995-08-20 01:20:00,365.747,559.23737
1995-08-20 01:21:00,189.142,595.4891
1995-08-20 01:22:00,627.373,595.69543
1995-08-20 01:23:00,1371.7269999999996,596.9635
1995-08-20 01:24:00,770.3179999999999,593.5604
1995-08-20 01:25:00,178.898,640.34875
1995-08-20 01:26:00,327.26800000000003,658.4518
1995-08-20 01:27:00,340.567,621.92566
1995-08-20 01:28:00,393.795,598.96423
1995-08-20 01:29:00,313.038,573.5566
1995-08-20 01:30:00,523.461,551.86993
1995-08-20 01:31:00,149.65,538.7998
1995-08-20 01:32:00,166.838,537.2387
1995-08-20 01:33:00,466.95699999999994,514.6073
1995-08-20 01:34:00,119.882,492.26813
1995-08-20 01:35:00,180.772,468.1743
1995-08-20 01:36:00,116.376,471.41446
1995-08-20 01:37:00,413.5760000000001,485.95175
1995-08-20 01:38:00,256.796,486.05453
1995-08-20 01:39:00,113.496,496.0538
1995-08-20 01:40:00,158.907,499.47958
1995-08-20 01:41:00,284.439,448.22226
1995-08-20 01:42:00,326.446,385.67923
1995-08-20 01:43:00,356.831,351.29498
1995-08-20 01:44:00,233.76500000000001,345.84268
1995-08-20 01:45:00,540.383,347.62372
1995-08-20 01:46:00,378.502,333.97363
1995-08-20 01:47:00,276.509,362.74158
1995-08-20 01:48:00,80.342,386.93317
1995-08-20 01:49:00,58.076,418.1612
1995-08-20 01:50:00,482.69899999999996,416.08118
1995-08-20 01:51:00,434.5849999999999,414.63867
1995-08-20 01:52:00,319.123,426.10162
1995-08-20 01:53:00,250.998,438.31314
1995-08-20 01:54:00,174.05599999999998,458.37057
1995-08-20 01:55:00,198.247,454.314
1995-08-20 01:56:00,56.523,440.9908
1995-08-20 01:57:00,465.811,440.36407
1995-08-20 01:58:00,309.853,397.36273
1995-08-20 01:59:00,796.2520000000002,396.5324
1995-08-20 02:00:00,327.811,414.24252
1995-08-20 02:01:00,330.85,444.4237
1995-08-20 02:02:00,222.061,441.84714
1995-08-20 02:03:00,99.332,410.25775
1995-08-20 02:04:00,72.095,384.42276
1995-08-20 02:05:00,131.93599999999998,395.87796
1995-08-20 02:06:00,50.608000000000004,406.23987
1995-08-20 02:07:00,42.935,365.20367
1995-08-20 02:08:00,62.865,349.60617
1995-08-20 02:09:00,127.393,346.43634
1995-08-20 02:10:00,504.725,346.58066
1995-08-20 02:11:00,4.756,338.8172
1995-08-20 02:12:00,156.891,339.95822
1995-08-20 02:13:00,72.971,326.98853
1995-08-20 02:14:00,324.278,324.56198
1995-08-20 02:15:00,99.989,278.62097
1995-08-20 02:16:00,350.975,284.29337
1995-08-20 02:17:00,132.413,297.4874
1995-08-20 02:18:00,320.43500000000006,326.43683
1995-08-20 02:19:00,66.801,340.15842
1995-08-20 02:20:00,712.5109999999999,334.39655
1995-08-20 02:21:00,128.499,331.95203
1995-08-20 02:22:00,111.32499999999999,336.88306
1995-08-20 02:23:00,144.819,322.31448
1995-08-20 02:24:00,425.78399999999993,317.74597
1995-08-20 02:25:00,1702.836,319.8017
1995-08-20 02:26:00,122.714,322.02106
1995-08-20 02:27:00,525.917,368.19443
1995-08-20 02:28:00,151.052,388.3432
1995-08-20 02:29:00,207.285,396.56302
1995-08-20 02:30:00,698.7559999999999,392.36523
1995-08-20 02:31:00,477.06700000000006,381.92258
1995-08-20 02:32:00,108.325,368.2532
1995-08-20 02:33:00,143.798,370.60327
1995-08-20 02:34:00,142.058,374.48648
1995-08-20 02:35:00,69.251,368.1969
1995-08-20 02:36:00,196.036,362.60617
1995-08-20 02:37:00,229.66899999999998,360.87805
1995-08-20 02:38:00,76.676,365.0743
1995-08-20 02:39:00,650.694,372.87384
1995-08-20 02:40:00,179.392,370.08008
1995-08-20 02:41:00,244.589,398.42102
1995-08-20 02:42:00,1675.8870000000002,398.6464
1995-08-20 02:43:00,1021.504,374.79895
1995-08-20 02:44:00,464.42199999999997,405.40018
1995-08-20 02:45:00,109.028,437.90753
1995-08-20 02:46:00,84.497,423.10645
1995-08-20 02:47:00,100.42,369.516
1995-08-20 02:48:00,204.773,341.84732
1995-08-20 02:49:00,390.84299999999996,321.6434
1995-08-20 02:50:00,255.579,301.36844
1995-08-20 02:51:00,162.178,276.83917
1995-08-20 02:52:00,102.723,255.15256
1995-08-20 02:53:00,213.836,251.18723
1995-08-20 02:54:00,207.87300000000002,222.5038
1995-08-20 02:55:00,89.319,239.59554
1995-08-20 02:56:00,234.73499999999996,250.96492
1995-08-20 02:57:00,482.70300000000003,260.20416
1995-08-20 02:58:00,1316.391,280.08307
1995-08-20 02:59:00,15.51,315.88626
1995-08-20 03:00:00,83.263,360.2633
1995-08-20 03:01:00,168.47000000000003,316.53384
1995-08-20 03:02:00,236.81099999999998,282.915
1995-08-20 03:03:00,1745.073,275.56918
1995-08-20 03:04:00,459.88000000000005,287.249
1995-08-20 03:05:00,203.419,351.97348
1995-08-20 03:06:00,301.544,421.7804
1995-08-20 03:07:00,62.614999999999995,455.01703
1995-08-20 03:08:00,142.264,455.48212
1995-08-20 03:09:00,396.407,431.27585
1995-08-20 03:10:00,899.176,415.21378
1995-08-20 03:11:00,99.60199999999999,437.44742
1995-08-20 03:12:00,116.933,460.48077
1995-08-20 03:13:00,359.528,435.4172
1995-08-20 03:14:00,131.474,406.06223
1995-08-20 03:15:00,231.156,395.69022
1995-08-20 03:16:00,48.891999999999996,385.7868
1995-08-20 03:17:00,171.013,393.88248
1995-08-20 03:18:00,250.286,320.95853
1995-08-20 03:19:00,0.0,290.1496
1995-08-20 03:20:00,1373.95,268.72498
1995-08-20 03:21:00,261.073,218.10298
1995-08-20 03:22:00,237.30599999999998,247.95818
1995-08-20 03:23:00,465.046,300.645
1995-08-20 03:24:00,412.371,329.0283
1995-08-20 03:25:00,218.074,356.58453
1995-08-20 03:26:00,469.387,357.98605
1995-08-20 03:27:00,207.346,354.1563
1995-08-20 03:28:00,161.621,386.02942
1995-08-20 03:29:00,303.2,419.52316
1995-08-20 03:30:00,924.8779999999998,439.8515
1995-08-20 03:31:00,190.949,458.0421
1995-08-20 03:32:00,301.13800000000003,468.39813
1995-08-20 03:33:00,575.36,464.28223
1995-08-20 03:34:00,298.758,455.444
1995-08-20 03:35:00,232.14000000000001,444.11935
1995-08-20 03:36:00,163.246,411.0182
1995-08-20 03:37:00,208.229,373.6394
1995-08-20 03:38:00,305.491,363.011
1995-08-20 03:39:00,130.572,365.82217
1995-08-20 03:40:00,8.637,372.03568
1995-08-20 03:41:00,191.3,346.25198
1995-08-20 03:42:00,182.805,285.88638
1995-08-20 03:43:00,130.636,256.61188
1995-08-20 03:44:00,196.726,262.67667
1995-08-20 03:45:00,177.458,274.32614
1995-08-20 03:46:00,360.07399999999996,283.62177
1995-08-20 03:47:00,111.83500000000001,280.54816
1995-08-20 03:48:00,87.37,283.0054
1995-08-20 03:49:00,51.305,290.10004
1995-08-20 03:50:00,45.831999999999994,287.74918
1995-08-20 03:51:00,108.625,298.11484
1995-08-20 03:52:00,683.494,301.31705
1995-08-20 03:53:00,426.494,325.34024
1995-08-20 03:54:00,362.94499999999994,348.10358
1995-08-20 03:55:00,93.911,381.3889
1995-08-20 03:56:00,109.982,396.55685
1995-08-20 03:57:00,96.513,378.39078
1995-08-20 03:58:00,119.053,348.93237
1995-08-20 03:59:00,320.11500000000007,323.97147
1995-08-20 04:00:00,79.978,316.9695
1995-08-20 04:01:00,339.221,323.3997
1995-08-20 04:02:00,233.35800000000003,313.32303
1995-08-20 04:03:00,239.65699999999998,336.21658
1995-08-20 04:04:00,278.06600000000003,364.3218
1995-08-20 04:05:00,111.775,399.2687
1995-08-20 04:06:00,74.662,412.9629
1995-08-20 04:07:00,239.12,409.55252
1995-08-20 04:08:00,24.169,380.08994
1995-08-20 04:09:00,402.906,333.86288
1995-08-20 04:10:00,220.13,301.74786
1995-08-20 04:11:00,33.574,274.70267
1995-08-20 04:12:00,233.19899999999998,257.96768
1995-08-20 04:13:00,0.0,245.53313
1995-08-20 04:14:00,20.212000000000003,258.37708
1995-08-20 04:15:00,561.669,233.67317
1995-08-20 04:16:00,119.75500000000001,229.61285
1995-08-20 04:17:00,253.922,269.65277
1995-08-20 04:18:00,2.0949999999999998,294.2724
1995-08-20 04:19:00,824.8069999999999,322.65817
1995-08-20 04:20:00,121.32,330.8041
1995-08-20 04:21:00,34.491,337.89764
1995-08-20 04:22:00,161.48499999999999,322.42966
1995-08-20 04:23:00,208.154,306.5415
1995-08-20 04:24:00,136.76799999999997,304.42975
1995-08-20 04:25:00,113.459,313.28458
1995-08-20 04:26:00,156.89,298.79245
1995-08-20 04:27:00,140.168,262.09137
1995-08-20 04:28:00,356.723,252.0629
1995-08-20 04:29:00,188.32500000000002,248.18277
1995-08-20 04:30:00,9.571,247.97812
1995-08-20 04:31:00,714.168,268.9841
1995-08-20 04:32:00,170.671,245.20207
1995-08-20 04:33:00,92.25499999999998,256.66626
1995-08-20 04:34:00,361.045,256.0062
1995-08-20 04:35:00,173.75900000000001,233.06204
1995-08-20 04:36:00,349.335,238.22867
1995-08-20 04:37:00,225.57899999999998,229.47902
1995-08-20 04:38:00,490.565,225.80396
1995-08-20 04:39:00,0.669,238.09723
1995-08-20 04:40:00,153.725,263.6918
1995-08-20 04:41:00,72.362,214.07967
1995-08-20 04:42:00,1368.9039999999998,180.06776
1995-08-20 04:43:00,11.443,161.0019
1995-08-20 04:44:00,276.671,209.32187
1995-08-20 04:45:00,134.506,208.35635
1995-08-20 04:46:00,265.747,232.36479
1995-08-20 04:47:00,523.499,269.39716
1995-08-20 04:48:00,68.124,298.2863
1995-08-20 04:49:00,56.202000000000005,305.33435
1995-08-20 04:50:00,135.189,297.46722
1995-08-20 04:51:00,190.393,293.49155
1995-08-20 04:52:00,1242.421,259.02054
1995-08-20 04:53:00,161.258,259.02396
1995-08-20 04:54:00,170.19799999999998,260.07803
1995-08-20 04:55:00,87.68199999999999,262.54953
1995-08-20 04:56:00,173.509,261.26572
1995-08-20 04:57:00,144.407,245.42258
1995-08-20 04:58:00,687.8850000000001,251.87012
1995-08-20 04:59:00,102.268,245.56787
1995-08-20 05:00:00,110.30999999999999,282.3824
1995-08-20 05:01:00,151.415,302.67618
1995-08-20 05:02:00,0.0,291.849
1995-08-20 05:03:00,196.568,270.79556
1995-08-20 05:04:00,63.476,215.5604
1995-08-20 05:05:00,186.614,207.36864
1995-08-20 05:06:00,180.09899999999996,225.91904
1995-08-20 05:07:00,266.923,234.01683
1995-08-20 05:08:00,123.38700000000001,292.00397
1995-08-20 05:09:00,88.66,350.13562
1995-08-20 05:10:00,79.93,370.41086
1995-08-20 05:11:00,2.241,366.3242
1995-08-20 05:12:00,67.474,368.1929
1995-08-20 05:13:00,9.732,348.08203
1995-08-20 05:14:00,20.589,355.05957
1995-08-20 05:15:00,549.444,341.64413
1995-08-20 05:16:00,15.049,313.9059
1995-08-20 05:17:00,37.43599999999999,301.5638
1995-08-20 05:18:00,8.529,246.3969
1995-08-20 05:19:00,84.531,182.3674
1995-08-20 05:20:00,57.815,122.93278
1995-08-20 05:21:00,2.766,103.72932
1995-08-20 05:22:00,133.208,95.04391
1995-08-20 05:23:00,170.592,78.22505
1995-08-20 05:24:00,1105.799,107.66109
1995-08-20 05:25:00,87.292,130.81462
1995-08-20 05:26:00,177.39200000000002,195.06818
1995-08-20 05:27:00,287.32300000000004,200.5685
1995-08-20 05:28:00,0.0,227.24504
1995-08-20 05:29:00,38.878,243.26843
1995-08-20 05:30:00,88.69,225.28746
1995-08-20 05:31:00,18.57,202.64053
1995-08-20 05:32:00,12.078,190.52269
1995-08-20 05:33:00,9.843,154.01804
1995-08-20 05:34:00,202.883,125.8816
1995-08-20 05:35:00,78.862,107.67106
1995-08-20 05:36:00,26.203000000000003,103.34555
1995-08-20 05:37:00,38.064,115.03994
1995-08-20 05:38:00,173.387,123.15916
1995-08-20 05:39:00,12.17,124.76793
1995-08-20 05:40:00,127.952,116.614845
1995-08-20 05:41:00,33.191,110.5857
1995-08-20 05:42:00,55.49599999999999,113.14565
1995-08-20 05:43:00,233.344,108.22975
1995-08-20 05:44:00,74.911,117.397415
1995-08-20 05:45:00,296.475,121.758194
1995-08-20 05:46:00,304.418,131.16809
1995-08-20 05:47:00,266.366,165.87321
1995-08-20 05:48:00,148.881,207.21365
1995-08-20 05:49:00,20.82,234.98422
1995-08-20 05:50:00,66.024,248.78638
1995-08-20 05:51:00,172.593,200.1041
1995-08-20 05:52:00,368.844,159.07405
1995-08-20 05:53:00,69.404,172.3442
1995-08-20 05:54:00,59.373000000000005,192.16304
1995-08-20 05:55:00,388.561,197.55624
1995-08-20 05:56:00,84.851,221.54782
1995-08-20 05:57:00,93.41499999999999,246.46022
1995-08-20 05:58:00,163.946,236.72626
1995-08-20 05:59:00,116.591,232.85902
1995-08-20 06:00:00,275.10699999999997,248.24385
1995-08-20 06:01:00,305.306,235.53358
1995-08-20 06:02:00,43.589,246.53731
1995-08-20 06:03:00,39.259,217.95667
1995-08-20 06:04:00,103.26299999999999,194.22504
1995-08-20 06:05:00,37.151,145.30272
1995-08-20 06:06:00,0.0,143.38165
1995-08-20 06:07:00,14.704,136.98738
1995-08-20 06:08:00,6.2620000000000005,122.344475
1995-08-20 06:09:00,402.466,102.47699
1995-08-20 06:10:00,178.779,73.5509
1995-08-20 06:11:00,51.932,54.926456
1995-08-20 06:12:00,0.669,63.078476
1995-08-20 06:13:00,326.375,89.80444
1995-08-20 06:14:00,126.914,99.89577
1995-08-20 06:15:00,4.97,104.934006
1995-08-20 06:16:00,146.353,106.041504
1995-08-20 06:17:00,65.386,103.21468
1995-08-20 06:18:00,182.255,118.58266
1995-08-20 06:19:00,237.995,148.49272
1995-08-20 06:20:00,281.78499999999997,177.6674
1995-08-20 06:21:00,119.78499999999998,195.02545
1995-08-20 06:22:00,103.12100000000001,220.51279
1995-08-20 06:23:00,225.68699999999998,245.15424
1995-08-20 06:24:00,263.05899999999997,237.43225
1995-08-20 06:25:00,702.023,259.84653
1995-08-20 06:26:00,34.076,290.0112
1995-08-20 06:27:00,228.71399999999997,322.3809
1995-08-20 06:28:00,56.56399999999999,297.9743
1995-08-20 06:29:00,557.667,276.24744
1995-08-20 06:30:00,69.011,253.16972
1995-08-20 06:31:00,258.302,247.7818
1995-08-20 06:32:00,1155.165,238.16035
1995-08-20 06:33:00,24.169,243.19354
1995-08-20 06:34:00,259.357,281.72574
1995-08-20 06:35:00,143.56799999999998,290.33453
1995-08-20 06:36:00,96.579,315.53622
1995-08-20 06:37:00,241.741,312.38013
1995-08-20 06:38:00,159.53300000000002,309.57983
1995-08-20 06:39:00,486.368,304.65695
1995-08-20 06:40:00,180.79099999999997,316.3258
1995-08-20 06:41:00,757.033,349.41037
1995-08-20 06:42:00,133.221,348.84674
1995-08-20 06:43:00,235.35,345.20328
1995-08-20 06:44:00,366.829,307.43326
1995-08-20 06:45:00,684.92,278.9002
1995-08-20 06:46:00,65.536,259.6657
1995-08-20 06:47:00,329.854,251.40857
1995-08-20 06:48:00,170.31,228.33792
1995-08-20 06:49:00,169.909,245.22432
1995-08-20 06:50:00,19.733,255.63678
1995-08-20 06:51:00,128.927,249.42392
1995-08-20 06:52:00,214.88400000000001,244.46596
1995-08-20 06:53:00,11.219999999999999,240.19731
1995-08-20 06:54:00,49.085,241.64386
1995-08-20 06:55:00,174.759,245.85007
1995-08-20 06:56:00,22.775999999999996,239.29095
1995-08-20 06:57:00,1475.156,238.01842
1995-08-20 06:58:00,29.562,212.29276
1995-08-20 06:59:00,283.393,261.50656
1995-08-20 07:00:00,18.726,277.40933
1995-08-20 07:01:00,170.81300000000002,265.2871
1995-08-20 07:02:00,114.565,223.70795
1995-08-20 07:03:00,96.725,212.98608
1995-08-20 07:04:00,100.819,208.02332
1995-08-20 07:05:00,97.83600000000001,217.76013
1995-08-20 07:06:00,344.26199999999994,196.38702
1995-08-20 07:07:00,157.662,198.34833
1995-08-20 07:08:00,171.087,215.10907
1995-08-20 07:09:00,157.184,203.53824
1995-08-20 07:10:00,108.08,216.48032
1995-08-20 07:11:00,374.876,208.30862
1995-08-20 07:12:00,140.877,215.95457
1995-08-20 07:13:00,79.57000000000001,244.24777
1995-08-20 07:14:00,162.47899999999998,259.675
1995-08-20 07:15:00,104.415,280.54556
1995-08-20 07:16:00,69.529,283.90457
1995-08-20 07:17:00,71.26400000000001,261.9339
1995-08-20 07:18:00,271.22999999999996,245.76088
1995-08-20 07:19:00,301.69,246.22559
1995-08-20 07:20:00,140.382,272.52646
1995-08-20 07:21:00,80.432,317.90195
1995-08-20 07:22:00,159.001,330.71655
1995-08-20 07:23:00,242.064,318.2386
1995-08-20 07:24:00,52.137,282.4769
1995-08-20 07:25:00,253.341,267.90128
1995-08-20 07:26:00,218.355,236.19104
1995-08-20 07:27:00,554.419,233.04811
1995-08-20 07:28:00,387.895,233.67982
1995-08-20 07:29:00,296.677,266.81213
1995-08-20 07:30:00,261.339,292.3861
1995-08-20 07:31:00,113.664,326.73572
1995-08-20 07:32:00,259.843,339.48834
1995-08-20 07:33:00,324.9150000000001,327.9655
1995-08-20 07:34:00,565.565,317.8678
1995-08-20 07:35:00,304.203,305.31766
1995-08-20 07:36:00,133.774,306.17746
1995-08-20 07:37:00,528.678,311.8812
1995-08-20 07:38:00,95.848,306.58987
1995-08-20 07:39:00,247.20799999999997,318.3255
1995-08-20 07:40:00,400.23900000000003,298.24686
1995-08-20 07:41:00,421.223,282.5
1995-08-20 07:42:00,161.35600000000002,283.72345
1995-08-20 07:43:00,1559.5810000000001,285.55695
1995-08-20 07:44:00,744.7650000000001,294.7193
1995-08-20 07:45:00,825.819,349.6202
1995-08-20 07:46:00,1113.446,379.3594
1995-08-20 07:47:00,114.19500000000001,402.23618
1995-08-20 07:48:00,1036.1219999999998,425.62582
1995-08-20 07:49:00,822.29,395.0621
1995-08-20 07:50:00,445.451,377.67203
1995-08-20 07:51:00,378.132,383.0525
1995-08-20 07:52:00,216.49300000000002,374.7481
1995-08-20 07:53:00,71.642,389.45984
1995-08-20 07:54:00,655.029,368.74908
1995-08-20 07:55:00,390.161,345.79874
1995-08-20 07:56:00,92.481,345.6582
1995-08-20 07:57:00,156.236,335.92123
1995-08-20 07:58:00,290.579,290.36728
1995-08-20 07:59:00,239.58500000000004,254.74364
1995-08-20 08:00:00,90.83399999999999,234.43724
1995-08-20 08:01:00,106.31500000000001,228.39926
1995-08-20 08:02:00,509.82599999999996,224.06961
1995-08-20 08:03:00,99.41199999999999,231.97174
1995-08-20 08:04:00,101.39499999999998,246.13455
1995-08-20 08:05:00,137.312,245.4928
1995-08-20 08:06:00,169.37000000000003,239.24115
1995-08-20 08:07:00,482.58000000000004,250.35625
1995-08-20 08:08:00,188.70299999999997,271.09732
1995-08-20 08:09:00,231.799,293.1579
1995-08-20 08:10:00,326.204,296.7521
1995-08-20 08:11:00,602.408,281.18405
1995-08-20 08:12:00,248.91600000000003,277.84735
1995-08-20 08:13:00,49.895,277.20343
1995-08-20 08:14:00,188.388,267.07767
1995-08-20 08:15:00,69.692,244.03284
1995-08-20 08:16:00,142.151,221.37556
1995-08-20 08:17:00,3.036,189.97601
1995-08-20 08:18:00,196.615,178.176
1995-08-20 08:19:00,141.15900000000002,152.81789
1995-08-20 08:20:00,99.366,169.28703
1995-08-20 08:21:00,385.072,204.61447
1995-08-20 08:22:00,248.38999999999996,236.21078
1995-08-20 08:23:00,66.952,274.9193
1995-08-20 08:24:00,1358.52,279.05804
1995-08-20 08:25:00,65.47,270.7855
1995-08-20 08:26:00,271.827,296.66968
1995-08-20 08:27:00,247.225,303.68958
1995-08-20 08:28:00,1000.591,274.99786
1995-08-20 08:29:00,247.49900000000002,285.29694
1995-08-20 08:30:00,42.98500000000001,344.3528
1995-08-20 08:31:00,302.813,365.17316
1995-08-20 08:32:00,91.176,358.14288
1995-08-20 08:33:00,225.985,337.35928
1995-08-20 08:34:00,1142.69,319.01785
1995-08-20 08:35:00,424.02199999999993,324.12433
1995-08-20 08:36:00,530.788,357.83224
1995-08-20 08:37:00,19.722,376.647
1995-08-20 08:38:00,247.66099999999997,382.4811
1995-08-20 08:39:00,300.51500000000004,360.5817
1995-08-20 08:40:00,336.47900000000004,330.62674
1995-08-20 08:41:00,92.14799999999998,332.7678
1995-08-20 08:42:00,101.71199999999999,336.03098
1995-08-20 08:43:00,808.5520000000001,304.84912
1995-08-20 08:44:00,562.4639999999999,325.23975
1995-08-20 08:45:00,55.111999999999995,344.56067
1995-08-20 08:46:00,312.363,331.7154
1995-08-20 08:47:00,924.4819999999999,341.55478
1995-08-20 08:48:00,273.254,356.41904
1995-08-20 08:49:00,65.362,408.94794
1995-08-20 08:50:00,18.169,422.4386
1995-08-20 08:51:00,502.77,411.22913
1995-08-20 08:52:00,51.650999999999996,370.11746
1995-08-20 08:53:00,343.44,356.35568
1995-08-20 08:54:00,589.544,350.86685
1995-08-20 08:55:00,381.008,343.99252
1995-08-20 08:56:00,288.812,349.14627
1995-08-20 08:57:00,234.971,374.09427
1995-08-20 08:58:00,525.588,385.97647
1995-08-20 08:59:00,186.039,376.26712
1995-08-20 09:00:00,280.405,380.99454
1995-08-20 09:01:00,137.78300000000002,360.71884
1995-08-20 09:02:00,172.00900000000001,343.52264
1995-08-20 09:03:00,586.998,338.36325
1995-08-20 09:04:00,211.526,334.65277
1995-08-20 09:05:00,268.58,357.0258
1995-08-20 09:06:00,457.218,365.64212
1995-08-20 09:07:00,414.121,352.84286
1995-08-20 09:08:00,125.654,354.06924
1995-08-20 09:09:00,174.45799999999997,361.32666
1995-08-20 09:10:00,155.514,361.0703
1995-08-20 09:11:00,139.606,333.50726
1995-08-20 09:12:00,197.175,317.14542
1995-08-20 09:13:00,356.976,305.9606
1995-08-20 09:14:00,506.396,297.86496
1995-08-20 09:15:00,339.38400000000007,296.21655
1995-08-20 09:16:00,378.706,328.15884
1995-08-20 09:17:00,287.724,363.9366
1995-08-20 09:18:00,199.20499999999998,362.16113
1995-08-20 09:19:00,345.461,360.48868
1995-08-20 09:20:00,248.886,366.29785
1995-08-20 09:21:00,245.607,335.48004
1995-08-20 09:22:00,135.754,312.43704
1995-08-20 09:23:00,347.725,309.0166
1995-08-20 09:24:00,203.788,291.7624
1995-08-20 09:25:00,352.184,288.7701
1995-08-20 09:26:00,84.831,285.96127
1995-08-20 09:27:00,231.33200000000002,320.63477
1995-08-20 09:28:00,73.066,314.40204
1995-08-20 09:29:00,208.751,287.82227
1995-08-20 09:30:00,680.2500000000001,265.31116
1995-08-20 09:31:00,591.9509999999999,269.76657
1995-08-20 09:32:00,187.78799999999998,289.96878
1995-08-20 09:33:00,180.221,324.72046
1995-08-20 09:34:00,520.7909999999999,357.76608
1995-08-20 09:35:00,317.915,370.9787
1995-08-20 09:36:00,354.7,404.76947
1995-08-20 09:37:00,677.7050000000002,428.81155
1995-08-20 09:38:00,338.988,452.0159
1995-08-20 09:39:00,172.12800000000001,502.43045
1995-08-20 09:40:00,667.3230000000001,534.15533
1995-08-20 09:41:00,104.68099999999998,520.52954
1995-08-20 09:42:00,410.867,508.6283
1995-08-20 09:43:00,662.58,471.2766
1995-08-20 09:44:00,508.365,463.3601
1995-08-20 09:45:00,267.09000000000003,475.6507
1995-08-20 09:46:00,266.741,476.54825
1995-08-20 09:47:00,329.998,459.91977
1995-08-20 09:48:00,411.0,444.62045
1995-08-20 09:49:00,432.689,446.7971
1995-08-20 09:50:00,251.58400000000003,456.53265
1995-08-20 09:51:00,360.33700000000005,474.26807
1995-08-20 09:52:00,198.91500000000002,473.1041
1995-08-20 09:53:00,403.829,447.03116
1995-08-20 09:54:00,511.85699999999997,425.1603
1995-08-20 09:55:00,403.185,417.23642
1995-08-20 09:56:00,506.329,413.3021
1995-08-20 09:57:00,541.488,416.33377
1995-08-20 09:58:00,528.982,426.98328
1995-08-20 09:59:00,170.823,459.3083
1995-08-20 10:00:00,55.804,485.62808
1995-08-20 10:01:00,717.9110000000001,493.23453
1995-08-20 10:02:00,323.206,467.44427
1995-08-20 10:03:00,84.135,459.46237
1995-08-20 10:04:00,254.43099999999998,415.41858
1995-08-20 10:05:00,359.86,379.32635
1995-08-20 10:06:00,174.316,352.95535
1995-08-20 10:07:00,371.48500000000007,372.6842
1995-08-20 10:08:00,252.10099999999997,419.22275
1995-08-20 10:09:00,318.51599999999996,455.24063
1995-08-20 10:10:00,228.84499999999997,487.28735
1995-08-20 10:11:00,554.972,513.92334
1995-08-20 10:12:00,108.138,527.5631
1995-08-20 10:13:00,264.42,511.07062
1995-08-20 10:14:00,149.559,461.99048
1995-08-20 10:15:00,841.5999999999999,442.52798
1995-08-20 10:16:00,130.348,424.5947
1995-08-20 10:17:00,274.705,441.05017
1995-08-20 10:18:00,255.001,447.10242
1995-08-20 10:19:00,714.057,440.6368
1995-08-20 10:20:00,228.303,452.34985
1995-08-20 10:21:00,231.94100000000003,477.9908
1995-08-20 10:22:00,2484.8050000000003,481.41626
1995-08-20 10:23:00,404.181,496.3524
1995-08-20 10:24:00,281.306,609.3214
1995-08-20 10:25:00,820.2909999999999,673.5938
1995-08-20 10:26:00,517.883,702.3761
1995-08-20 10:27:00,489.793,710.8545
1995-08-20 10:28:00,333.498,724.52783
1995-08-20 10:29:00,599.393,738.05347
1995-08-20 10:30:00,446.684,696.91724
1995-08-20 10:31:00,1457.4750000000001,664.5938
1995-08-20 10:32:00,1700.5320000000002,656.1577
1995-08-20 10:33:00,1625.921,671.3638
1995-08-20 10:34:00,552.385,670.55084
1995-08-20 10:35:00,817.3249999999999,706.174
1995-08-20 10:36:00,259.193,709.95465
1995-08-20 10:37:00,344.534,714.1324
1995-08-20 10:38:00,756.5169999999999,700.4768
1995-08-20 10:39:00,108.784,664.1196
1995-08-20 10:40:00,546.425,666.8412
1995-08-20 10:41:00,136.65800000000002,614.89215
1995-08-20 10:42:00,1051.941,571.23956
1995-08-20 10:43:00,1522.635,494.86157
1995-08-20 10:44:00,586.922,466.92242
1995-08-20 10:45:00,438.327,524.58624
1995-08-20 10:46:00,239.09099999999998,598.3382
1995-08-20 10:47:00,474.347,637.1762
1995-08-20 10:48:00,253.814,628.31476
1995-08-20 10:49:00,775.0219999999999,606.59
1995-08-20 10:50:00,784.4590000000002,582.2376
1995-08-20 10:51:00,416.54300000000006,593.2456
1995-08-20 10:52:00,486.19700000000006,600.2967
1995-08-20 10:53:00,662.646,591.3583
1995-08-20 10:54:00,1461.7350000000001,568.1072
1995-08-20 10:55:00,727.8429999999998,568.51556
1995-08-20 10:56:00,187.977,584.8942
1995-08-20 10:57:00,263.397,589.35114
1995-08-20 10:58:00,254.302,590.5014
1995-08-20 10:59:00,163.09499999999997,593.29987
1995-08-20 11:00:00,266.863,570.9259
1995-08-20 11:01:00,1280.663,538.32404
1995-08-20 11:02:00,316.39099999999996,505.78015
1995-08-20 11:03:00,169.36700000000002,516.47766
1995-08-20 11:04:00,295.038,508.2041
1995-08-20 11:05:00,418.12399999999997,480.60065
1995-08-20 11:06:00,636.632,459.3348
1995-08-20 11:07:00,242.14600000000002,472.3078
1995-08-20 11:08:00,407.387,510.74994
1995-08-20 11:09:00,177.44099999999997,507.95468
1995-08-20 11:10:00,152.61,500.9515
1995-08-20 11:11:00,1551.4180000000001,472.418
1995-08-20 11:12:00,519.86,453.91318
1995-08-20 11:13:00,215.36100000000002,478.70682
1995-08-20 11:14:00,105.072,479.5242
1995-08-20 11:15:00,1504.636,461.76675
1995-08-20 11:16:00,107.05,434.34213
1995-08-20 11:17:00,466.324,448.64944
1995-08-20 11:18:00,189.98399999999998,438.73822
1995-08-20 11:19:00,991.7570000000001,451.75183
1995-08-20 11:20:00,1720.0720000000001,459.478
1995-08-20 11:21:00,1520.9579999999996,481.5626
1995-08-20 11:22:00,419.19399999999996,512.52515
1995-08-20 11:23:00,439.995,537.44
1995-08-20 11:24:00,281.764,568.2317
1995-08-20 11:25:00,252.001,578.38654
1995-08-20 11:26:00,465.70200000000006,566.72766
1995-08-20 11:27:00,89.12699999999998,521.3418
1995-08-20 11:28:00,180.79,497.08618
1995-08-20 11:29:00,1418.2699999999998,474.72867
1995-08-20 11:30:00,455.52099999999996,452.77463
1995-08-20 11:31:00,351.29200000000003,466.6033
1995-08-20 11:32:00,619.103,481.43576
1995-08-20 11:33:00,463.827,489.38126
1995-08-20 11:34:00,1439.259,519.4367
1995-08-20 11:35:00,212.73599999999996,550.1284
1995-08-20 11:36:00,1030.895,562.27374
1995-08-20 11:37:00,1134.441,567.1849
1995-08-20 11:38:00,1859.6339999999998,578.1795
1995-08-20 11:39:00,832.895,595.56445
1995-08-20 11:40:00,1337.592,635.9519
1995-08-20 11:41:00,118.768,643.8252
1995-08-20 11:42:00,2591.6189999999997,654.7683
1995-08-20 11:43:00,411.99,614.44653
1995-08-20 11:44:00,284.16499999999996,666.06445
1995-08-20 11:45:00,607.656,678.8772
1995-08-20 11:46:00,2319.511,662.2509
1995-08-20 11:47:00,2703.31,646.6497
1995-08-20 11:48:00,493.281,683.73193
1995-08-20 11:49:00,493.193,775.01294
1995-08-20 11:50:00,1408.911,796.9567
1995-08-20 11:51:00,486.589,784.2339
1995-08-20 11:52:00,166.15200000000002,781.4359
1995-08-20 11:53:00,81.338,792.98456
1995-08-20 11:54:00,1324.3600000000004,690.87854
1995-08-20 11:55:00,706.348,595.61456
1995-08-20 11:56:00,880.653,588.24994
1995-08-20 11:57:00,305.132,583.87164
1995-08-20 11:58:00,546.322,572.10095
1995-08-20 11:59:00,1397.1,557.4596
1995-08-20 12:00:00,499.66,565.6806
1995-08-20 12:01:00,1270.114,600.5657
1995-08-20 12:02:00,106.506,639.3793
1995-08-20 12:03:00,101.959,701.56744
1995-08-20 12:04:00,437.503,702.8896
1995-08-20 12:05:00,69.76,664.37054
1995-08-20 12:06:00,366.0540000000001,599.1513
1995-08-20 12:07:00,379.852,569.6941
1995-08-20 12:08:00,1070.011,563.9057
1995-08-20 12:09:00,183.276,574.60956
1995-08-20 12:10:00,229.764,613.4083
1995-08-20 12:11:00,482.173,613.70514
1995-08-20 12:12:00,164.921,574.5917
1995-08-20 12:13:00,327.572,491.62656
1995-08-20 12:14:00,752.362,445.89496
1995-08-20 12:15:00,479.579,409.28412
1995-08-20 12:16:00,74.355,460.32666
1995-08-20 12:17:00,403.337,467.28146
1995-08-20 12:18:00,234.47,453.01758
1995-08-20 12:19:00,265.347,462.2725
1995-08-20 12:20:00,239.28500000000003,468.20523
1995-08-20 12:21:00,311.165,458.7734
1995-08-20 12:22:00,770.342,462.4948
1995-08-20 12:23:00,756.6229999999998,464.07834
1995-08-20 12:24:00,566.8209999999999,510.0171
1995-08-20 12:25:00,481.57599999999996,553.1375
1995-08-20 12:26:00,761.5419999999999,578.7702
1995-08-20 12:27:00,150.03300000000002,609.0208
1995-08-20 12:28:00,656.365,635.7317
1995-08-20 12:29:00,646.5289999999999,612.55664
1995-08-20 12:30:00,289.958,595.0887
1995-08-20 12:31:00,513.608,560.2728
1995-08-20 12:32:00,483.31399999999996,570.9282
1995-08-20 12:33:00,87.765,573.74945
1995-08-20 12:34:00,316.188,580.26794
1995-08-20 12:35:00,416.33099999999996,535.2908
1995-08-20 12:36:00,177.11,489.27304
1995-08-20 12:37:00,638.411,461.47247
1995-08-20 12:38:00,1168.146,457.99826
1995-08-20 12:39:00,536.08,488.1023
1995-08-20 12:40:00,555.892,542.15985
1995-08-20 12:41:00,474.969,559.6083
1995-08-20 12:42:00,2039.338,578.07416
1995-08-20 12:43:00,289.628,581.5132
1995-08-20 12:44:00,1801.114,649.1592
1995-08-20 12:45:00,1046.675,698.7275
1995-08-20 12:46:00,845.5160000000001,736.899
1995-08-20 12:47:00,366.452,736.21277
1995-08-20 12:48:00,880.6329999999999,722.07007
1995-08-20 12:49:00,1530.708,673.49115
1995-08-20 12:50:00,1272.652,667.4458
1995-08-20 12:51:00,723.907,673.2362
1995-08-20 12:52:00,2352.797,684.69476
1995-08-20 12:53:00,1591.911,670.0108
1995-08-20 12:54:00,189.73800000000003,688.2496
1995-08-20 12:55:00,361.078,745.9733
1995-08-20 12:56:00,633.639,719.94366
1995-08-20 12:57:00,690.2470000000001,692.1791
1995-08-20 12:58:00,276.075,668.7829
1995-08-20 12:59:00,327.01,667.2836
1995-08-20 13:00:00,224.052,628.69196
1995-08-20 13:01:00,200.396,593.9625
1995-08-20 13:02:00,311.212,560.005
1995-08-20 13:03:00,351.313,558.5177
1995-08-20 13:04:00,438.457,540.92584
1995-08-20 13:05:00,1051.861,528.71173
1995-08-20 13:06:00,465.81300000000005,530.4056
1995-08-20 13:07:00,416.096,566.0195
1995-08-20 13:08:00,278.497,577.5849
1995-08-20 13:09:00,118.189,579.6472
1995-08-20 13:10:00,289.625,556.5443
1995-08-20 13:11:00,291.398,509.25293
1995-08-20 13:12:00,998.9200000000001,485.67047
1995-08-20 13:13:00,313.78,501.37845
1995-08-20 13:14:00,260.112,559.3455
1995-08-20 13:15:00,211.536,588.3958
1995-08-20 13:16:00,974.064,587.51715
1995-08-20 13:17:00,735.5320000000002,558.045
1995-08-20 13:18:00,544.619,553.7636
1995-08-20 13:19:00,688.4860000000001,570.9248
1995-08-20 13:20:00,483.204,600.41077
1995-08-20 13:21:00,290.82300000000004,625.0854
1995-08-20 13:22:00,670.953,647.6175
1995-08-20 13:23:00,304.231,629.14276
1995-08-20 13:24:00,364.21000000000004,612.34564
1995-08-20 13:25:00,349.986,603.5647
1995-08-20 13:26:00,112.453,571.2064
1995-08-20 13:27:00,210.41,524.5945
1995-08-20 13:28:00,175.749,445.09402
1995-08-20 13:29:00,294.187,428.0411
1995-08-20 13:30:00,1351.463,428.66666
1995-08-20 13:31:00,253.148,406.34097
1995-08-20 13:32:00,268.61,454.60568
1995-08-20 13:33:00,581.538,513.3128
1995-08-20 13:34:00,414.887,560.9725
1995-08-20 13:35:00,317.118,531.92596
1995-08-20 13:36:00,121.126,486.24295
1995-08-20 13:37:00,135.118,466.08374
1995-08-20 13:38:00,197.22599999999997,454.31876
1995-08-20 13:39:00,484.57,428.6665
1995-08-20 13:40:00,321.66900000000004,445.6718
1995-08-20 13:41:00,795.7629999999999,461.3079
1995-08-20 13:42:00,303.546,442.63513
1995-08-20 13:43:00,676.42,487.62137
1995-08-20 13:44:00,161.43,498.1157
1995-08-20 13:45:00,373.983,514.3655
1995-08-20 13:46:00,340.21999999999997,527.5587
1995-08-20 13:47:00,188.172,538.5257
1995-08-20 13:48:00,189.98699999999997,531.79675
1995-08-20 13:49:00,229.947,515.29047
1995-08-20 13:50:00,352.711,504.35767
1995-08-20 13:51:00,329.993,506.23215
1995-08-20 13:52:00,1295.989,511.75616
1995-08-20 13:53:00,269.81,509.52936
1995-08-20 13:54:00,363.434,561.4943
1995-08-20 13:55:00,1059.224,557.67236
1995-08-20 13:56:00,95.47500000000001,554.1085
1995-08-20 13:57:00,547.545,596.5572
1995-08-20 13:58:00,470.751,617.0946
1995-08-20 13:59:00,122.31099999999999,641.4974
1995-08-20 14:00:00,349.832,666.8831
1995-08-20 14:01:00,1251.612,664.0552
1995-08-20 14:02:00,143.964,626.6972
1995-08-20 14:03:00,596.79,613.09106
1995-08-20 14:04:00,139.065,565.18475
1995-08-20 14:05:00,485.4990000000001,538.08563
1995-08-20 14:06:00,289.915,524.436
1995-08-20 14:07:00,1637.5480000000002,510.1292
1995-08-20 14:08:00,674.6080000000001,513.0617
1995-08-20 14:09:00,486.33799999999997,573.58167
1995-08-20 14:10:00,476.156,601.7022
1995-08-20 14:11:00,577.744,639.2919
1995-08-20 14:12:00,339.449,645.1451
1995-08-20 14:13:00,294.673,636.63556
1995-08-20 14:14:00,276.284,619.05426
1995-08-20 14:15:00,269.411,587.5775
1995-08-20 14:16:00,506.749,571.0382
1995-08-20 14:17:00,765.0009999999999,576.90405
1995-08-20 14:18:00,621.323,585.222
1995-08-20 14:19:00,37.638999999999996,592.4669
1995-08-20 14:20:00,112.649,595.2248
1995-08-20 14:21:00,177.65600000000003,550.4413
1995-08-20 14:22:00,241.26999999999998,500.5007
1995-08-20 14:23:00,206.758,446.0107
1995-08-20 14:24:00,205.927,427.92575
1995-08-20 14:25:00,148.987,443.46326
1995-08-20 14:26:00,78.259,432.42084
1995-08-20 14:27:00,417.5410000000001,421.31628
1995-08-20 14:28:00,325.252,394.07547
1995-08-20 14:29:00,406.355,427.01492
1995-08-20 14:30:00,93.98899999999999,452.66663
1995-08-20 14:31:00,440.58299999999997,466.46115
1995-08-20 14:32:00,436.423,445.12314
1995-08-20 14:33:00,357.798,462.9077
1995-08-20 14:34:00,265.911,483.68036
1995-08-20 14:35:00,38.879,499.90875
1995-08-20 14:36:00,275.40999999999997,501.02972
1995-08-20 14:37:00,523.81,463.38968
1995-08-20 14:38:00,230.18499999999997,437.4169
1995-08-20 14:39:00,602.875,425.24936
1995-08-20 14:40:00,396.813,417.9408
1995-08-20 14:41:00,666.811,447.57922
1995-08-20 14:42:00,339.248,475.74408
1995-08-20 14:43:00,1039.747,515.1323
1995-08-20 14:44:00,289.194,546.68677
1995-08-20 14:45:00,263.675,613.53174
1995-08-20 14:46:00,1046.018,656.74347
1995-08-20 14:47:00,317.156,667.8533
1995-08-20 14:48:00,714.144,710.0615
1995-08-20 14:49:00,391.749,721.14996
1995-08-20 14:50:00,617.076,726.1489
1995-08-20 14:51:00,607.0840000000001,700.9615
1995-08-20 14:52:00,453.719,697.31085
1995-08-20 14:53:00,1447.681,668.79175
1995-08-20 14:54:00,698.683,681.9958
1995-08-20 14:55:00,1486.9880000000003,674.9098
1995-08-20 14:56:00,1539.696,689.4185
1995-08-20 14:57:00,1162.2079999999999,735.3311
1995-08-20 14:58:00,1602.7579999999998,756.3607
1995-08-20 14:59:00,888.897,776.45447
1995-08-20 15:00:00,298.671,809.9327
1995-08-20 15:01:00,137.517,834.02936
1995-08-20 15:02:00,437.771,781.3339
1995-08-20 15:03:00,982.544,719.1748
1995-08-20 15:04:00,209.272,649.2398
1995-08-20 15:05:00,329.69,620.88855
1995-08-20 15:06:00,200.792,589.3129
1995-08-20 15:07:00,911.885,542.4724
1995-08-20 15:08:00,347.457,498.4343
1995-08-20 15:09:00,630.711,516.91266
1995-08-20 15:10:00,573.638,509.9022
1995-08-20 15:11:00,432.8740000000001,530.0016
1995-08-20 15:12:00,1454.268,579.7959
1995-08-20 15:13:00,372.446,602.91986
1995-08-20 15:14:00,908.006,647.9341
1995-08-20 15:15:00,832.0540000000001,650.8794
1995-08-20 15:16:00,601.728,691.18225
1995-08-20 15:17:00,547.946,712.9985
1995-08-20 15:18:00,380.57500000000005,718.6971
1995-08-20 15:19:00,934.3190000000001,713.67676
1995-08-20 15:20:00,856.1899999999999,685.4542
1995-08-20 15:21:00,649.0559999999999,691.1765
1995-08-20 15:22:00,320.2,692.2157
1995-08-20 15:23:00,202.436,702.98883
1995-08-20 15:24:00,511.167,679.74475
1995-08-20 15:25:00,440.666,638.4057
1995-08-20 15:26:00,638.6590000000001,586.05
1995-08-20 15:27:00,810.5009999999999,542.2403
1995-08-20 15:28:00,282.59000000000003,536.25397
1995-08-20 15:29:00,419.82500000000005,557.0921
1995-08-20 15:30:00,297.96500000000003,561.3095
1995-08-20 15:31:00,154.519,558.591
1995-08-20 15:32:00,319.918,532.5051
1995-08-20 15:33:00,228.722,491.3276
1995-08-20 15:34:00,552.992,441.20456
1995-08-20 15:35:00,230.07500000000002,420.42358
1995-08-20 15:36:00,200.868,429.14502
1995-08-20 15:37:00,396.392,443.0244
1995-08-20 15:38:00,184.02399999999997,418.65475
1995-08-20 15:39:00,151.573,420.91815
1995-08-20 15:40:00,549.045,421.45047
1995-08-20 15:41:00,628.054,419.47922
1995-08-20 15:42:00,438.888,444.85626
1995-08-20 15:43:00,459.59800000000007,491.20065
1995-08-20 15:44:00,420.64500000000004,537.1044
1995-08-20 15:45:00,453.64,578.4148
1995-08-20 15:46:00,1072.666,600.91455
1995-08-20 15:47:00,618.039,622.51654
1995-08-20 15:48:00,951.962,669.11426
1995-08-20 15:49:00,1624.051,684.0932
1995-08-20 15:50:00,603.106,670.1243
1995-08-20 15:51:00,336.487,712.7509
1995-08-20 15:52:00,482.639,745.22906
1995-08-20 15:53:00,889.021,774.1223
1995-08-20 15:54:00,478.201,779.4574
1995-08-20 15:55:00,492.465,799.05273
1995-08-20 15:56:00,1669.85,779.9112
1995-08-20 15:57:00,351.58000000000004,755.14496
1995-08-20 15:58:00,160.20499999999998,739.2752
1995-08-20 15:59:00,1156.865,708.32825
1995-08-20 16:00:00,487.129,680.7724
1995-08-20 16:01:00,357.272,697.53406
1995-08-20 16:02:00,1430.933,708.89984
1995-08-20 16:03:00,741.992,689.5737
1995-08-20 16:04:00,557.2139999999999,723.37616
1995-08-20 16:05:00,483.186,751.0176
1995-08-20 16:06:00,401.68399999999997,773.3187
1995-08-20 16:07:00,748.8589999999999,755.04034
1995-08-20 16:08:00,834.659,678.7464
1995-08-20 16:09:00,1262.174,659.7225
1995-08-20 16:10:00,1062.238,652.84045
1995-08-20 16:11:00,1470.1480000000001,681.0482
1995-08-20 16:12:00,1725.6429999999998,717.80005
1995-08-20 16:13:00,373.931,771.1695
1995-08-20 16:14:00,295.87,817.28503
1995-08-20 16:15:00,998.507,802.6432
1995-08-20 16:16:00,692.5830000000001,743.21674
1995-08-20 16:17:00,2495.088,737.60004
1995-08-20 16:18:00,639.466,736.9139
1995-08-20 16:19:00,1197.492,835.24786
1995-08-20 16:20:00,492.606,864.313
1995-08-20 16:21:00,421.5130000000001,903.224
1995-08-20 16:22:00,760.119,892.41724
1995-08-20 16:23:00,1504.0610000000001,846.4932
1995-08-20 16:24:00,264.39300000000003,797.9396
1995-08-20 16:25:00,553.05,806.48175
1995-08-20 16:26:00,258.71,782.82587
1995-08-20 16:27:00,896.809,773.76624
1995-08-20 16:28:00,378.02600000000007,755.843
1995-08-20 16:29:00,858.796,749.27155
1995-08-20 16:30:00,673.668,737.30707
1995-08-20 16:31:00,623.5120000000001,736.05444
1995-08-20 16:32:00,758.488,775.9545
1995-08-20 16:33:00,748.656,802.18915
1995-08-20 16:34:00,365.367,822.21265
1995-08-20 16:35:00,604.6809999999999,793.8263
1995-08-20 16:36:00,697.157,770.2006
1995-08-20 16:37:00,455.738,745.2853
1995-08-20 16:38:00,1303.1560000000002,724.57007
1995-08-20 16:39:00,397.931,691.87854
1995-08-20 16:40:00,443.103,703.34143
1995-08-20 16:41:00,655.484,679.2369
1995-08-20 16:42:00,537.6419999999999,656.7765
1995-08-20 16:43:00,907.916,666.80133
1995-08-20 16:44:00,748.445,658.3616
1995-08-20 16:45:00,607.629,664.7504
1995-08-20 16:46:00,589.791,675.1004
1995-08-20 16:47:00,304.26099999999997,710.52344
1995-08-20 16:48:00,861.8520000000001,736.99347
1995-08-20 16:49:00,721.678,751.3372
1995-08-20 16:50:00,528.325,753.63885
1995-08-20 16:51:00,649.533,771.3488
1995-08-20 16:52:00,268.789,743.5097
1995-08-20 16:53:00,1207.585,709.61
1995-08-20 16:54:00,202.76,678.5356
1995-08-20 16:55:00,525.131,691.87836
1995-08-20 16:56:00,129.642,690.2232
1995-08-20 16:57:00,504.8709999999999,701.991
1995-08-20 16:58:00,404.458,671.25586
1995-08-20 16:59:00,471.741,635.52594
1995-08-20 17:00:00,884.3290000000001,575.82666
1995-08-20 17:01:00,210.542,562.9771
1995-08-20 17:02:00,623.227,576.4579
1995-08-20 17:03:00,317.923,585.7808
1995-08-20 17:04:00,350.463,585.6784
1995-08-20 17:05:00,528.2950000000001,571.81573
1995-08-20 17:06:00,704.094,556.405
1995-08-20 17:07:00,559.2660000000001,542.29803
1995-08-20 17:08:00,198.99699999999999,576.9048
1995-08-20 17:09:00,123.181,603.7668
1995-08-20 17:10:00,663.864,585.1086
1995-08-20 17:11:00,546.1890000000001,563.3171
1995-08-20 17:12:00,511.216,557.9211
1995-08-20 17:13:00,414.52700000000004,557.3942
1995-08-20 17:14:00,516.332,570.37054
1995-08-20 17:15:00,627.696,600.2181
1995-08-20 17:16:00,346.95,644.3334
1995-08-20 17:17:00,97.14200000000001,670.7204
1995-08-20 17:18:00,94.632,642.5421
1995-08-20 17:19:00,251.74600000000004,583.71545
1995-08-20 17:20:00,98.465,544.98926
1995-08-20 17:21:00,358.81,527.7049
1995-08-20 17:22:00,242.165,493.36948
1995-08-20 17:23:00,100.66199999999999,483.26004
1995-08-20 17:24:00,152.926,489.2204
1995-08-20 17:25:00,293.55400000000003,473.6487
1995-08-20 17:26:00,454.785,451.05112
1995-08-20 17:27:00,284.117,452.02832
1995-08-20 17:28:00,130.851,472.1
1995-08-20 17:29:00,88.202,465.84732
1995-08-20 17:30:00,184.065,428.96277
1995-08-20 17:31:00,109.661,356.6326
1995-08-20 17:32:00,492.8500000000001,326.65097
1995-08-20 17:33:00,75.505,322.1383
1995-08-20 17:34:00,864.286,358.28226
1995-08-20 17:35:00,139.73600000000002,377.8104
1995-08-20 17:36:00,198.472,436.45956
1995-08-20 17:37:00,321.693,460.72818
1995-08-20 17:38:00,1147.663,449.5706
1995-08-20 17:39:00,1067.532,469.29285
1995-08-20 17:40:00,506.87899999999996,492.4539
1995-08-20 17:41:00,405.777,557.2993
1995-08-20 17:42:00,254.64199999999997,598.6792
1995-08-20 17:43:00,255.497,620.93726
1995-08-20 17:44:00,400.584,599.46014
1995-08-20 17:45:00,589.683,569.0403
1995-08-20 17:46:00,498.614,550.20624
1995-08-20 17:47:00,114.577,557.4232
1995-08-20 17:48:00,61.512,561.0107
1995-08-20 17:49:00,372.589,550.2501
1995-08-20 17:50:00,511.234,524.6041
1995-08-20 17:51:00,845.1019999999999,485.66205
1995-08-20 17:52:00,279.293,470.08374
1995-08-20 17:53:00,700.705,499.32288
1995-08-20 17:54:00,208.945,523.3223
1995-08-20 17:55:00,1229.183,571.02106
1995-08-20 17:56:00,484.71299999999997,570.433
1995-08-20 17:57:00,205.224,612.3495
1995-08-20 17:58:00,370.87000000000006,613.05115
1995-08-20 17:59:00,201.27,600.9326
1995-08-20 18:00:00,346.617,600.7013
1995-08-20 18:01:00,543.9929999999999,589.56116
1995-08-20 18:02:00,512.867,596.9094
1995-08-20 18:03:00,838.981,625.9521
1995-08-20 18:04:00,466.909,633.14276
1995-08-20 18:05:00,869.467,649.8558
1995-08-20 18:06:00,1363.7259999999999,667.8572
1995-08-20 18:07:00,481.54,697.52075
1995-08-20 18:08:00,484.28700000000003,764.24884
1995-08-20 18:09:00,352.852,798.54694
1995-08-20 18:10:00,363.341,771.16364
1995-08-20 18:11:00,405.923,724.21954
1995-08-20 18:12:00,477.34299999999996,661.7865
1995-08-20 18:13:00,429.172,627.0326
1995-08-20 18:14:00,720.435,600.9987
1995-08-20 18:15:00,410.73299999999995,546.4526
1995-08-20 18:16:00,366.932,527.5236
1995-08-20 18:17:00,510.11099999999993,512.75635
1995-08-20 18:18:00,595.702,496.8878
1995-08-20 18:19:00,120.005,512.3164
1995-08-20 18:20:00,305.49,534.2124
1995-08-20 18:21:00,1655.5840000000003,523.6987
1995-08-20 18:22:00,367.651,543.7859
1995-08-20 18:23:00,771.1,594.8719
1995-08-20 18:24:00,246.227,640.45636
1995-08-20 18:25:00,293.979,693.49243
1995-08-20 18:26:00,481.82800000000003,698.0518
1995-08-20 18:27:00,253.99800000000002,698.4833
1995-08-20 18:28:00,328.01899999999995,673.20123
1995-08-20 18:29:00,668.097,644.89874
1995-08-20 18:30:00,318.083,607.2028
1995-08-20 18:31:00,121.778,635.0665
1995-08-20 18:32:00,853.8560000000002,645.29297
1995-08-20 18:33:00,680.734,613.90784
1995-08-20 18:34:00,430.48199999999997,604.99347
1995-08-20 18:35:00,525.734,615.1286
1995-08-20 18:36:00,445.01800000000003,626.53656
1995-08-20 18:37:00,842.477,635.0964
1995-08-20 18:38:00,421.688,651.8667
1995-08-20 18:39:00,357.99999999999994,689.86414
1995-08-20 18:40:00,722.5550000000001,702.28845
1995-08-20 18:41:00,391.145,667.0076
1995-08-20 18:42:00,125.424,655.1723
1995-08-20 18:43:00,315.435,664.0111
1995-08-20 18:44:00,335.183,624.65204
1995-08-20 18:45:00,361.467,595.05585
1995-08-20 18:46:00,108.726,563.34644
1995-08-20 18:47:00,63.89800000000001,555.47394
1995-08-20 18:48:00,53.227000000000004,508.7064
1995-08-20 18:49:00,324.325,435.6252
1995-08-20 18:50:00,168.60600000000002,408.0212
1995-08-20 18:51:00,130.553,416.08276
1995-08-20 18:52:00,128.114,408.937
1995-08-20 18:53:00,1375.078,401.03632
1995-08-20 18:54:00,384.964,396.30637
1995-08-20 18:55:00,83.257,432.17352
1995-08-20 18:56:00,202.463,458.05612
1995-08-20 18:57:00,292.13899999999995,461.42654
1995-08-20 18:58:00,300.05,479.049
1995-08-20 18:59:00,461.65999999999997,496.4802
1995-08-20 19:00:00,236.155,510.6463
1995-08-20 19:01:00,483.725,536.62854
1995-08-20 19:02:00,201.68900000000002,522.67896
1995-08-20 19:03:00,248.228,549.3154
1995-08-20 19:04:00,367.17199999999997,537.5292
1995-08-20 19:05:00,168.118,524.4837
1995-08-20 19:06:00,364.883,526.4179
1995-08-20 19:07:00,239.599,526.99164
1995-08-20 19:08:00,231.153,544.12427
1995-08-20 19:09:00,827.9859999999999,548.33704
1995-08-20 19:10:00,1309.683,568.5481
1995-08-20 19:11:00,97.714,571.31055
1995-08-20 19:12:00,1358.4440000000002,599.8726
1995-08-20 19:13:00,88.96200000000002,595.9189
1995-08-20 19:14:00,92.725,591.94995
1995-08-20 19:15:00,152.90800000000002,586.4065
1995-08-20 19:16:00,341.866,542.16016
1995-08-20 19:17:00,412.71000000000004,503.8126
1995-08-20 19:18:00,151.114,485.75665
1995-08-20 19:19:00,243.672,493.5687
1995-08-20 19:20:00,261.955,472.28796
1995-08-20 19:21:00,69.933,464.47534
1995-08-20 19:22:00,564.317,448.22842
1995-08-20 19:23:00,388.166,429.06644
1995-08-20 19:24:00,445.613,438.0731
1995-08-20 19:25:00,489.71599999999995,477.49686
1995-08-20 19:26:00,102.956,521.4453
1995-08-20 19:27:00,305.654,534.6343
1995-08-20 19:28:00,178.928,498.3679
1995-08-20 19:29:00,89.185,475.1514
1995-08-20 19:30:00,170.775,445.47742
1995-08-20 19:31:00,262.057,430.82016
1995-08-20 19:32:00,569.333,406.182
1995-08-20 19:33:00,348.424,398.9291
1995-08-20 19:34:00,787.1680000000001,434.87015
1995-08-20 19:35:00,1396.0040000000001,469.0413
1995-08-20 19:36:00,296.48,508.7303
1995-08-20 19:37:00,379.096,586.7194
1995-08-20 19:38:00,415.799,630.8111
1995-08-20 19:39:00,767.923,655.663
1995-08-20 19:40:00,1671.498,642.76154
1995-08-20 19:41:00,27.980000000000004,660.38
1995-08-20 19:42:00,658.75,708.8934
1995-08-20 19:43:00,382.112,672.4139
1995-08-20 19:44:00,552.941,643.07996
1995-08-20 19:45:00,122.61300000000001,644.0924
1995-08-20 19:46:00,255.833,644.1822
1995-08-20 19:47:00,573.29,564.2149
1995-08-20 19:48:00,133.554,543.10895
1995-08-20 19:49:00,134.823,519.07324
1995-08-20 19:50:00,276.14,512.8134
1995-08-20 19:51:00,571.02,486.15582
1995-08-20 19:52:00,129.47199999999998,473.73737
1995-08-20 19:53:00,374.678,497.10196
1995-08-20 19:54:00,250.146,496.44293
1995-08-20 19:55:00,315.117,521.1928
1995-08-20 19:56:00,316.182,571.04565
1995-08-20 19:57:00,558.1030000000001,605.9367
1995-08-20 19:58:00,387.8040000000001,600.41144
1995-08-20 19:59:00,344.914,646.3544
1995-08-20 20:00:00,619.348,694.8258
1995-08-20 20:01:00,445.5690000000001,706.8747
1995-08-20 20:02:00,812.5409999999999,721.9096
1995-08-20 20:03:00,90.08600000000001,723.10626
1995-08-20 20:04:00,145.998,708.3277
1995-08-20 20:05:00,380.35299999999995,690.3876
1995-08-20 20:06:00,389.502,679.9014
1995-08-20 20:07:00,468.592,692.9684
1995-08-20 20:08:00,129.477,687.8924
1995-08-20 20:09:00,738.336,663.34875
1995-08-20 20:10:00,319.024,636.5529
1995-08-20 20:11:00,364.662,627.7158
1995-08-20 20:12:00,315.814,593.80695
1995-08-20 20:13:00,159.069,560.0867
1995-08-20 20:14:00,432.199,525.3781
1995-08-20 20:15:00,1302.768,463.16394
1995-08-20 20:16:00,357.421,462.8167
1995-08-20 20:17:00,380.185,547.6782
1995-08-20 20:18:00,223.58,601.43115
1995-08-20 20:19:00,575.772,646.83453
1995-08-20 20:20:00,531.645,674.95447
1995-08-20 20:21:00,515.995,650.7221
1995-08-20 20:22:00,335.547,666.35834
1995-08-20 20:23:00,1447.9899999999998,654.6411
1995-08-20 20:24:00,394.644,631.1836
1995-08-20 20:25:00,171.43899999999996,618.4541
1995-08-20 20:26:00,372.315,580.6496
1995-08-20 20:27:00,221.636,557.20776
1995-08-20 20:28:00,437.747,541.133
1995-08-20 20:29:00,939.9650000000001,528.6736
1995-08-20 20:30:00,768.794,528.0878
1995-08-20 20:31:00,377.64699999999993,577.6797
1995-08-20 20:32:00,1298.8700000000001,607.3672
1995-08-20 20:33:00,218.458,653.35
1995-08-20 20:34:00,469.44200000000006,711.40485
1995-08-20 20:35:00,519.523,703.8167
1995-08-20 20:36:00,702.4639999999999,674.9862
1995-08-20 20:37:00,492.3140000000001,630.24176
1995-08-20 20:38:00,221.755,598.5943
1995-08-20 20:39:00,329.5679999999999,598.6407
1995-08-20 20:40:00,524.7919999999999,615.7355
1995-08-20 20:41:00,666.48,620.4427
1995-08-20 20:42:00,296.657,619.3656
1995-08-20 20:43:00,433.736,628.7538
1995-08-20 20:44:00,269.308,610.43823
1995-08-20 20:45:00,392.005,607.7706
1995-08-20 20:46:00,414.806,606.0772
1995-08-20 20:47:00,435.836,621.48285
1995-08-20 20:48:00,242.71099999999998,625.4842
1995-08-20 20:49:00,645.146,637.8524
1995-08-20 20:50:00,386.93,628.2215
1995-08-20 20:51:00,140.38000000000002,620.8067
1995-08-20 20:52:00,417.357,607.3652
1995-08-20 20:53:00,1506.811,597.965
1995-08-20 20:54:00,180.229,580.8766
1995-08-20 20:55:00,233.262,623.81354
1995-08-20 20:56:00,141.239,620.8567
1995-08-20 20:57:00,355.707,589.07666
1995-08-20 20:58:00,243.474,543.3224
1995-08-20 20:59:00,284.155,526.5321
1995-08-20 21:00:00,145.571,521.9926
1995-08-20 21:01:00,268.633,511.29254
1995-08-20 21:02:00,163.553,507.77136
1995-08-20 21:03:00,479.037,533.727
1995-08-20 21:04:00,630.478,553.7344
1995-08-20 21:05:00,274.258,554.5258
1995-08-20 21:06:00,423.854,575.2497
1995-08-20 21:07:00,214.21699999999998,561.37885
1995-08-20 21:08:00,135.698,562.7886
1995-08-20 21:09:00,228.38800000000003,544.2239
1995-08-20 21:10:00,234.913,530.3649
1995-08-20 21:11:00,348.931,513.187
1995-08-20 21:12:00,136.959,526.0198
1995-08-20 21:13:00,528.013,546.2511
1995-08-20 21:14:00,305.327,547.6079
1995-08-20 21:15:00,161.03599999999997,537.6272
1995-08-20 21:16:00,163.219,525.721
1995-08-20 21:17:00,81.50800000000001,510.14417
1995-08-20 21:18:00,314.162,501.61307
1995-08-20 21:19:00,378.00899999999996,473.00055
1995-08-20 21:20:00,296.17,465.55905
1995-08-20 21:21:00,879.389,469.05432
1995-08-20 21:22:00,272.378,490.4282
1995-08-20 21:23:00,160.614,519.0152
1995-08-20 21:24:00,1183.027,528.93726
1995-08-20 21:25:00,786.7999999999998,536.15735
1995-08-20 21:26:00,270.379,584.66187
1995-08-20 21:27:00,384.1209999999999,603.46075
1995-08-20 21:28:00,251.63800000000003,593.3693
1995-08-20 21:29:00,279.13,597.6533
1995-08-20 21:30:00,147.11599999999999,592.28925
1995-08-20 21:31:00,272.668,582.01337
1995-08-20 21:32:00,725.133,557.50507
1995-08-20 21:33:00,382.12,553.8237
1995-08-20 21:34:00,147.398,581.2572
1995-08-20 21:35:00,1626.9149999999997,612.42
1995-08-20 21:36:00,366.01300000000003,601.6044
1995-08-20 21:37:00,496.533,657.0975
1995-08-20 21:38:00,297.616,734.5133
1995-08-20 21:39:00,408.831,756.5919
1995-08-20 21:40:00,350.286,755.3237
1995-08-20 21:41:00,126.788,724.9695
1995-08-20 21:42:00,557.517,694.9509
1995-08-20 21:43:00,161.026,644.39996
1995-08-20 21:44:00,493.145,625.1251
1995-08-20 21:45:00,354.761,582.1284
1995-08-20 21:46:00,400.009,579.386
1995-08-20 21:47:00,446.066,555.0263
1995-08-20 21:48:00,84.78,534.8964
1995-08-20 21:49:00,514.836,507.0948
1995-08-20 21:50:00,607.973,481.83127
1995-08-20 21:51:00,479.30300000000005,480.11044
1995-08-20 21:52:00,310.18,514.37994
1995-08-20 21:53:00,379.117,532.57355
1995-08-20 21:54:00,401.9479999999999,523.9416
1995-08-20 21:55:00,172.357,534.4541
1995-08-20 21:56:00,455.20099999999996,530.5475
1995-08-20 21:57:00,112.42900000000002,520.9954
1995-08-20 21:58:00,420.63000000000005,521.48413
1995-08-20 21:59:00,152.143,523.5397
1995-08-20 22:00:00,213.014,523.8619
1995-08-20 22:01:00,336.094,514.2405
1995-08-20 22:02:00,139.604,512.85284
1995-08-20 22:03:00,368.32,537.9236
1995-08-20 22:04:00,271.56399999999996,554.43677
1995-08-20 22:05:00,49.76499999999999,560.8484
1995-08-20 22:06:00,247.851,561.08075
1995-08-20 22:07:00,178.235,538.5009
1995-08-20 22:08:00,394.31600000000003,504.70862
1995-08-20 22:09:00,731.2,497.58032
1995-08-20 22:10:00,737.794,522.659
1995-08-20 22:11:00,328.522,578.6711
1995-08-20 22:12:00,368.334,608.79535
1995-08-20 22:13:00,190.28399999999996,597.4849
1995-08-20 22:14:00,289.481,602.78424
1995-08-20 22:15:00,501.641,602.0322
1995-08-20 22:16:00,1552.898,587.0917
1995-08-20 22:17:00,928.6999999999999,588.469
1995-08-20 22:18:00,434.67699999999996,640.9216
1995-08-20 22:19:00,1656.826,656.31116
1995-08-20 22:20:00,630.944,647.9907
1995-08-20 22:21:00,1304.7340000000002,638.4871
1995-08-20 22:22:00,227.294,611.5127
1995-08-20 22:23:00,227.28099999999998,640.8121
1995-08-20 22:24:00,690.803,611.7307
1995-08-20 22:25:00,390.641,563.25665
1995-08-20 22:26:00,345.024,549.94604
1995-08-20 22:27:00,1111.693,544.5142
1995-08-20 22:28:00,567.0799999999999,526.5728
1995-08-20 22:29:00,493.1979999999999,556.8437
1995-08-20 22:30:00,297.016,572.9509
1995-08-20 22:31:00,231.649,590.5387
1995-08-20 22:32:00,809.501,601.6359
1995-08-20 22:33:00,283.31899999999996,559.0809
1995-08-20 22:34:00,187.76200000000003,545.2033
1995-08-20 22:35:00,213.643,545.1915
1995-08-20 22:36:00,743.857,520.5445
1995-08-20 22:37:00,346.028,488.04758
1995-08-20 22:38:00,445.475,512.48596
1995-08-20 22:39:00,337.928,487.59286
1995-08-20 22:40:00,669.397,506.94635
1995-08-20 22:41:00,446.335,525.98444
1995-08-20 22:42:00,473.555,560.8479
1995-08-20 22:43:00,362.964,613.95636
1995-08-20 22:44:00,396.02299999999997,665.291
1995-08-20 22:45:00,1125.538,679.7873
1995-08-20 22:46:00,723.8619999999999,698.23584
1995-08-20 22:47:00,403.86199999999997,727.69006
1995-08-20 22:48:00,821.261,741.14264
1995-08-20 22:49:00,565.541,729.6636
1995-08-20 22:50:00,39.355000000000004,746.4488
1995-08-20 22:51:00,1093.88,744.5575
1995-08-20 22:52:00,979.2110000000001,684.27057
1995-08-20 22:53:00,291.486,680.6466
1995-08-20 22:54:00,606.011,673.5555
1995-08-20 22:55:00,366.134,657.69604
1995-08-20 22:56:00,408.631,676.7978
1995-08-20 22:57:00,199.263,662.6469
1995-08-20 22:58:00,210.16999999999996,648.0844
1995-08-20 22:59:00,1362.9579999999999,624.182
1995-08-20 23:00:00,196.664,601.7787
1995-08-20 23:01:00,734.283,636.9287
1995-08-20 23:02:00,1483.107,634.9129
1995-08-20 23:03:00,927.019,635.153
1995-08-20 23:04:00,1485.6680000000001,678.6658
1995-08-20 23:05:00,796.218,726.08075
1995-08-20 23:06:00,294.928,756.72406
1995-08-20 23:07:00,460.60299999999995,778.88293
1995-08-20 23:08:00,637.5360000000001,784.58185
1995-08-20 23:09:00,900.54,780.145
1995-08-20 23:10:00,1354.683,769.5388
1995-08-20 23:11:00,1124.379,795.08484
1995-08-20 23:12:00,739.473,846.924
1995-08-20 23:13:00,942.3069999999999,877.3615
1995-08-20 23:14:00,1271.581,881.6749
1995-08-20 23:15:00,768.478,876.9389
1995-08-20 23:16:00,249.09700000000004,869.3691
1995-08-20 23:17:00,196.491,867.7437
1995-08-20 23:18:00,183.24499999999998,820.0893
1995-08-20 23:19:00,487.632,775.6214
1995-08-20 23:20:00,439.91499999999996,743.22894
1995-08-20 23:21:00,223.09099999999998,727.0126
1995-08-20 23:22:00,658.575,692.1708
1995-08-20 23:23:00,337.148,660.125
1995-08-20 23:24:00,139.404,646.68243
1995-08-20 23:25:00,519.001,606.93335
1995-08-20 23:26:00,134.87699999999998,557.10406
1995-08-20 23:27:00,117.866,534.4509
1995-08-20 23:28:00,116.702,521.78406
1995-08-20 23:29:00,177.799,494.85565
1995-08-20 23:30:00,309.785,476.51227
1995-08-20 23:31:00,1508.8280000000002,431.42764
1995-08-20 23:32:00,89.324,447.87955
1995-08-20 23:33:00,261.05,496.3577
1995-08-20 23:34:00,377.65,489.77667
1995-08-20 23:35:00,215.99699999999999,489.68903
1995-08-20 23:36:00,285.309,459.5
1995-08-20 23:37:00,582.6039999999999,438.80154
1995-08-20 23:38:00,213.459,460.7329
1995-08-20 23:39:00,109.041,498.85898
1995-08-20 23:40:00,183.08499999999998,507.61597
1995-08-20 23:41:00,209.545,498.30667
1995-08-20 23:42:00,299.616,461.98267
1995-08-20 23:43:00,236.24000000000004,428.67444
1995-08-20 23:44:00,259.834,430.96637
1995-08-20 23:45:00,660.398,426.2028
1995-08-20 23:46:00,1427.9540000000002,429.3865
1995-08-20 23:47:00,567.045,472.62253
1995-08-20 23:48:00,438.87799999999993,540.2974
1995-08-20 23:49:00,332.298,590.92554
1995-08-20 23:50:00,341.98,595.02295
1995-08-20 23:51:00,715.849,603.65765
1995-08-20 23:52:00,744.7149999999999,586.9549
1995-08-20 23:53:00,460.275,610.52435
1995-08-20 23:54:00,625.286,641.63605
1995-08-20 23:55:00,429.536,667.88916
1995-08-20 23:56:00,366.834,701.7226
1995-08-20 23:57:00,612.697,693.6827
1995-08-20 23:58:00,446.672,691.0696
1995-08-20 23:59:00,581.046,707.30786
1995-08-21 00:00:00,345.482,714.15234
1995-08-21 00:01:00,509.68300000000005,692.2449
1995-08-21 00:02:00,474.849,663.60785
1995-08-21 00:03:00,461.35200000000003,653.8443
1995-08-21 00:04:00,300.984,633.56433
1995-08-21 00:05:00,497.61600000000004,660.50256
1995-08-21 00:06:00,482.62699999999995,694.19324
1995-08-21 00:07:00,305.356,709.6098
1995-08-21 00:08:00,334.132,730.2963
1995-08-21 00:09:00,1425.162,722.722
1995-08-21 00:10:00,689.235,720.3036
1995-08-21 00:11:00,1409.6789999999999,736.1611
1995-08-21 00:12:00,838.28,710.3776
1995-08-21 00:13:00,562.6600000000001,721.99176
1995-08-21 00:14:00,195.94400000000002,726.3233
1995-08-21 00:15:00,103.813,742.7919
1995-08-21 00:16:00,103.848,731.41516
1995-08-21 00:17:00,232.96599999999998,693.3341
1995-08-21 00:18:00,144.458,643.5583
1995-08-21 00:19:00,108.125,587.76276
1995-08-21 00:20:00,73.19,570.87787
1995-08-21 00:21:00,104.666,547.3191
1995-08-21 00:22:00,285.65500000000003,530.99457
1995-08-21 00:23:00,62.01,522.1497
1995-08-21 00:24:00,215.399,535.62494
1995-08-21 00:25:00,179.209,508.5297
1995-08-21 00:26:00,457.54699999999997,514.2605
1995-08-21 00:27:00,907.031,547.182
1995-08-21 00:28:00,198.616,585.0758
1995-08-21 00:29:00,390.251,609.56445
1995-08-21 00:30:00,316.384,622.54504
1995-08-21 00:31:00,266.955,653.3551
1995-08-21 00:32:00,420.776,654.3047
1995-08-21 00:33:00,486.8330000000001,669.65594
1995-08-21 00:34:00,329.206,671.7384
1995-08-21 00:35:00,743.542,673.4728
1995-08-21 00:36:00,462.397,666.84204
1995-08-21 00:37:00,287.782,694.14185
1995-08-21 00:38:00,144.123,681.9202
1995-08-21 00:39:00,229.247,671.8218
1995-08-21 00:40:00,147.012,644.377
1995-08-21 00:41:00,172.401,627.2637
1995-08-21 00:42:00,191.494,627.84
1995-08-21 00:43:00,256.663,632.6694
1995-08-21 00:44:00,938.3280000000002,637.22076
1995-08-21 00:45:00,306.918,642.8317
1995-08-21 00:46:00,367.639,672.704
1995-08-21 00:47:00,161.239,690.8221
1995-08-21 00:48:00,377.18399999999997,707.95685
1995-08-21 00:49:00,166.4,691.5552
1995-08-21 00:50:00,70.826,658.28394
1995-08-21 00:51:00,106.288,617.70953
1995-08-21 00:52:00,157.895,568.04736
1995-08-21 00:53:00,99.069,569.4034
1995-08-21 00:54:00,122.771,594.1642
1995-08-21 00:55:00,1153.107,578.91345
1995-08-21 00:56:00,861.4749999999999,565.39484
1995-08-21 00:57:00,296.544,589.1469
1995-08-21 00:58:00,503.20899999999995,623.0524
1995-08-21 00:59:00,1047.954,646.3945
1995-08-21 01:00:00,262.166,666.17944
1995-08-21 01:01:00,589.592,712.3573
1995-08-21 01:02:00,316.90999999999997,717.7906
1995-08-21 01:03:00,463.078,719.06244
1995-08-21 01:04:00,277.44100000000003,707.47076
1995-08-21 01:05:00,686.5939999999999,710.8813
1995-08-21 01:06:00,373.202,691.5159
1995-08-21 01:07:00,444.669,688.9864
1995-08-21 01:08:00,237.252,659.98425
1995-08-21 01:09:00,451.10800000000006,633.2997
1995-08-21 01:10:00,445.869,612.53485
1995-08-21 01:11:00,2142.463,581.05536
1995-08-21 01:12:00,407.76199999999994,559.64746
1995-08-21 01:13:00,331.70599999999996,629.5812
1995-08-21 01:14:00,306.63100000000003,631.43005
1995-08-21 01:15:00,1973.65,634.6269
1995-08-21 01:16:00,625.631,624.8582
1995-08-21 01:17:00,324.41,678.2086
1995-08-21 01:18:00,661.701,702.14716
1995-08-21 01:19:00,395.899,688.5886
1995-08-21 01:20:00,590.801,702.4847
1995-08-21 01:21:00,432.621,689.38635
1995-08-21 01:22:00,731.614,672.3577
1995-08-21 01:23:00,389.361,648.91595
1995-08-21 01:24:00,567.739,664.2977
1995-08-21 01:25:00,694.46,683.1282
1995-08-21 01:26:00,288.49899999999997,682.50037
1995-08-21 01:27:00,863.526,707.9566
1995-08-21 01:28:00,419.591,707.87836
1995-08-21 01:29:00,377.895,706.99756
1995-08-21 01:30:00,517.999,671.7853
1995-08-21 01:31:00,330.875,647.1064
1995-08-21 01:32:00,382.56,637.6539
1995-08-21 01:33:00,519.1089999999999,621.46466
1995-08-21 01:34:00,79.28399999999999,561.14014
1995-08-21 01:35:00,547.318,553.305
1995-08-21 01:36:00,223.675,523.73334
1995-08-21 01:37:00,353.67699999999996,514.772
1995-08-21 01:38:00,323.879,515.2325
1995-08-21 01:39:00,588.576,550.3992
1995-08-21 01:40:00,1964.359,579.4052
1995-08-21 01:41:00,601.245,604.5062
1995-08-21 01:42:00,323.704,675.936
1995-08-21 01:43:00,638.854,722.47107
1995-08-21 01:44:00,207.91,741.9495
1995-08-21 01:45:00,114.901,706.8326
1995-08-21 01:46:00,330.85699999999997,672.33655
1995-08-21 01:47:00,345.298,613.5509
1995-08-21 01:48:00,459.803,574.03424
1995-08-21 01:49:00,351.024,553.2911
1995-08-21 01:50:00,1581.4330000000002,549.90594
1995-08-21 01:51:00,563.865,549.76404
1995-08-21 01:52:00,188.22,576.19714
1995-08-21 01:53:00,593.7,609.1583
1995-08-21 01:54:00,243.792,606.70886
1995-08-21 01:55:00,1428.8139999999999,610.1601
1995-08-21 01:56:00,308.579,610.5343
1995-08-21 01:57:00,87.97100000000002,678.52496
1995-08-21 01:58:00,340.25600000000003,683.0101
1995-08-21 01:59:00,163.677,681.18854
1995-08-21 02:00:00,805.221,667.4117
1995-08-21 02:01:00,1039.017,649.72205
1995-08-21 02:02:00,452.3550000000001,618.1845
1995-08-21 02:03:00,315.827,655.3843
1995-08-21 02:04:00,734.797,644.8196
1995-08-21 02:05:00,519.213,633.8166
1995-08-21 02:06:00,376.89099999999996,630.0773
1995-08-21 02:07:00,77.081,602.02576
1995-08-21 02:08:00,345.80000000000007,568.75824
1995-08-21 02:09:00,385.33899999999994,510.92886
1995-08-21 02:10:00,103.387,455.05014
1995-08-21 02:11:00,625.775,430.3426
1995-08-21 02:12:00,158.477,404.71378
1995-08-21 02:13:00,37.571,405.8046
1995-08-21 02:14:00,389.16200000000003,429.31296
1995-08-21 02:15:00,206.489,438.07617
1995-08-21 02:16:00,154.085,423.86273
1995-08-21 02:17:00,133.876,407.75385
1995-08-21 02:18:00,101.986,396.30234
1995-08-21 02:19:00,775.178,393.3694
1995-08-21 02:20:00,18.990000000000002,382.3786
1995-08-21 02:21:00,100.771,400.2983
1995-08-21 02:22:00,215.543,385.80188
1995-08-21 02:23:00,502.075,375.71542
1995-08-21 02:24:00,336.089,378.99673
1995-08-21 02:25:00,347.138,376.5945
1995-08-21 02:26:00,1069.366,409.48138
1995-08-21 02:27:00,1023.961,429.23395
1995-08-21 02:28:00,129.939,435.89172
1995-08-21 02:29:00,427.972,450.89352
1995-08-21 02:30:00,418.82800000000003,467.17572
1995-08-21 02:31:00,202.273,482.23434
1995-08-21 02:32:00,157.924,538.88654
1995-08-21 02:33:00,803.551,584.1715
1995-08-21 02:34:00,437.151,622.6525
1995-08-21 02:35:00,312.449,671.2333
1995-08-21 02:36:00,442.37300000000005,718.31396
1995-08-21 02:37:00,317.723,741.78955
1995-08-21 02:38:00,603.499,738.1329
1995-08-21 02:39:00,267.548,715.7322
1995-08-21 02:40:00,1112.635,690.6289
1995-08-21 02:41:00,623.5909999999999,674.84326
1995-08-21 02:42:00,337.055,671.00385
1995-08-21 02:43:00,45.823,647.6443
1995-08-21 02:44:00,120.379,619.5934
1995-08-21 02:45:00,462.33,546.1511
1995-08-21 02:46:00,279.587,495.2181
1995-08-21 02:47:00,141.145,487.28812
1995-08-21 02:48:00,204.512,476.86014
1995-08-21 02:49:00,195.45299999999997,435.64087
1995-08-21 02:50:00,322.834,421.00003
1995-08-21 02:51:00,3.245,401.18454
1995-08-21 02:52:00,549.1790000000001,390.55762
1995-08-21 02:53:00,176.632,335.77808
1995-08-21 02:54:00,707.7400000000001,311.63544
1995-08-21 02:55:00,339.53499999999997,334.92505
1995-08-21 02:56:00,556.895,408.52313
1995-08-21 02:57:00,402.816,481.33575
1995-08-21 02:58:00,250.253,519.6036
1995-08-21 02:59:00,332.63800000000003,534.02264
1995-08-21 03:00:00,801.106,552.41736
1995-08-21 03:01:00,638.3969999999999,537.2585
1995-08-21 03:02:00,586.845,554.0188
1995-08-21 03:03:00,848.354,581.88605
1995-08-21 03:04:00,1017.798,613.38477
1995-08-21 03:05:00,375.9,617.8855
1995-08-21 03:06:00,393.904,579.7117
1995-08-21 03:07:00,237.263,558.13214
1995-08-21 03:08:00,169.053,564.1456
1995-08-21 03:09:00,241.734,552.852
1995-08-21 03:10:00,508.13500000000005,526.43585
1995-08-21 03:11:00,47.989999999999995,524.6335
1995-08-21 03:12:00,189.747,489.7748
1995-08-21 03:13:00,159.618,454.17673
1995-08-21 03:14:00,105.023,417.12256
1995-08-21 03:15:00,186.075,403.4211
1995-08-21 03:16:00,238.456,372.79883
1995-08-21 03:17:00,292.56399999999996,399.62646
1995-08-21 03:18:00,73.358,416.28418
1995-08-21 03:19:00,359.06600000000003,429.5117
1995-08-21 03:20:00,124.067,415.23273
1995-08-21 03:21:00,89.211,395.13486
1995-08-21 03:22:00,32.274,403.58328
1995-08-21 03:23:00,251.23999999999998,425.77307
1995-08-21 03:24:00,241.584,393.33173
1995-08-21 03:25:00,127.847,375.7675
1995-08-21 03:26:00,295.974,378.30948
1995-08-21 03:27:00,182.11599999999999,361.96628
1995-08-21 03:28:00,110.204,380.5999
1995-08-21 03:29:00,167.665,384.7551
1995-08-21 03:30:00,274.426,390.13202
1995-08-21 03:31:00,95.719,397.57227
1995-08-21 03:32:00,113.27600000000001,428.28665
1995-08-21 03:33:00,371.993,446.1814
1995-08-21 03:34:00,198.039,438.18686
1995-08-21 03:35:00,121.665,460.6717
1995-08-21 03:36:00,140.955,459.34317
1995-08-21 03:37:00,422.118,479.82773
1995-08-21 03:38:00,84.097,465.10956
1995-08-21 03:39:00,121.57199999999999,481.7338
1995-08-21 03:40:00,81.255,479.17072
1995-08-21 03:41:00,311.937,484.72702
1995-08-21 03:42:00,147.706,484.35828
1995-08-21 03:43:00,169.328,477.3498
1995-08-21 03:44:00,16.165,461.71432
1995-08-21 03:45:00,227.407,416.38583
1995-08-21 03:46:00,92.67800000000001,386.99933
1995-08-21 03:47:00,118.236,383.07324
1995-08-21 03:48:00,35.433,381.10437
1995-08-21 03:49:00,33.838,379.9308
1995-08-21 03:50:00,121.617,345.84024
1995-08-21 03:51:00,154.769,370.35272
1995-08-21 03:52:00,992.712,391.52097
1995-08-21 03:53:00,144.18,438.35205
1995-08-21 03:54:00,164.551,479.68195
1995-08-21 03:55:00,207.551,509.29834
1995-08-21 03:56:00,354.32700000000006,506.1381
1995-08-21 03:57:00,218.992,502.23206
1995-08-21 03:58:00,330.13400000000007,486.80756
1995-08-21 03:59:00,36.048,482.60254
1995-08-21 04:00:00,238.138,504.3826
1995-08-21 04:01:00,124.364,474.78482
1995-08-21 04:02:00,238.169,451.65967
1995-08-21 04:03:00,197.46,432.64508
1995-08-21 04:04:00,344.11400000000003,431.9583
1995-08-21 04:05:00,153.093,447.99988
1995-08-21 04:06:00,122.805,447.1414
1995-08-21 04:07:00,593.699,440.73557
1995-08-21 04:08:00,49.491,423.15045
1995-08-21 04:09:00,556.52,351.31113
1995-08-21 04:10:00,85.241,318.09854
1995-08-21 04:11:00,128.292,325.99796
1995-08-21 04:12:00,161.559,316.58847
1995-08-21 04:13:00,107.77199999999999,301.9888
1995-08-21 04:14:00,191.10299999999998,313.39404
1995-08-21 04:15:00,74.863,326.69897
1995-08-21 04:16:00,140.59,338.65323
1995-08-21 04:17:00,133.68699999999998,328.22824
1995-08-21 04:18:00,68.228,351.0618
1995-08-21 04:19:00,181.764,336.77557
1995-08-21 04:20:00,134.423,346.90283
1995-08-21 04:21:00,171.61400000000003,367.59662
1995-08-21 04:22:00,72.577,374.08832
1995-08-21 04:23:00,1.9029999999999996,391.95
1995-08-21 04:24:00,54.003,372.7205
1995-08-21 04:25:00,213.034,328.06
1995-08-21 04:26:00,48.93,291.68225
1995-08-21 04:27:00,180.304,292.80145
1995-08-21 04:28:00,135.633,300.2633
1995-08-21 04:29:00,434.424,299.3885
1995-08-21 04:30:00,254.024,284.42493
1995-08-21 04:31:00,13.065000000000001,302.021
1995-08-21 04:32:00,456.835,324.50098
1995-08-21 04:33:00,145.522,320.87772
1995-08-21 04:34:00,127.10399999999998,379.04108
1995-08-21 04:35:00,166.68299999999996,429.8931
1995-08-21 04:36:00,444.228,408.33203
1995-08-21 04:37:00,388.90299999999996,414.58447
1995-08-21 04:38:00,271.425,427.3525
1995-08-21 04:39:00,116.269,451.8079
1995-08-21 04:40:00,199.24599999999998,478.86862
1995-08-21 04:41:00,630.539,469.8691
1995-08-21 04:42:00,337.968,474.50308
1995-08-21 04:43:00,501.15799999999996,477.9333
1995-08-21 04:44:00,175.61599999999999,446.82373
1995-08-21 04:45:00,171.642,420.03387
1995-08-21 04:46:00,72.893,417.74683
1995-08-21 04:47:00,241.745,417.88522
1995-08-21 04:48:00,92.19,407.46503
1995-08-21 04:49:00,96.95300000000002,398.64178
1995-08-21 04:50:00,192.925,383.1377
1995-08-21 04:51:00,21.732,367.33514
1995-08-21 04:52:00,76.277,358.6532
1995-08-21 04:53:00,103.98599999999999,309.31018
1995-08-21 04:54:00,58.53,294.0589
1995-08-21 04:55:00,12.182999999999998,268.80975
1995-08-21 04:56:00,45.053,255.23677
1995-08-21 04:57:00,91.602,219.75871
1995-08-21 04:58:00,246.13600000000002,206.3791
1995-08-21 04:59:00,46.004,210.03967
1995-08-21 05:00:00,272.613,236.5576
1995-08-21 05:01:00,46.032999999999994,237.39047
1995-08-21 05:02:00,949.578,257.6559
1995-08-21 05:03:00,397.151,223.84224
1995-08-21 05:04:00,352.04400000000004,258.95505
1995-08-21 05:05:00,133.167,334.36545
1995-08-21 05:06:00,150.006,419.93808
1995-08-21 05:07:00,218.808,401.56882
1995-08-21 05:08:00,269.151,376.0001
1995-08-21 05:09:00,292.397,375.36804
1995-08-21 05:10:00,156.452,394.91058
1995-08-21 05:11:00,122.503,445.5682
1995-08-21 05:12:00,102.101,450.53836
1995-08-21 05:13:00,118.27,437.10934
1995-08-21 05:14:00,165.961,396.2216
1995-08-21 05:15:00,475.108,385.6711
1995-08-21 05:16:00,117.751,382.41696
1995-08-21 05:17:00,263.77599999999995,407.55566
1995-08-21 05:18:00,122.14200000000001,396.54688
1995-08-21 05:19:00,120.08800000000001,385.27722
1995-08-21 05:20:00,66.384,344.3014
1995-08-21 05:21:00,187.11700000000002,308.93967
1995-08-21 05:22:00,182.87499999999997,285.2165
1995-08-21 05:23:00,30.706,282.42758
1995-08-21 05:24:00,158.22,277.02563
1995-08-21 05:25:00,390.56600000000003,251.77145
1995-08-21 05:26:00,255.132,233.2963
1995-08-21 05:27:00,369.057,273.481
1995-08-21 05:28:00,33.936,332.5257
1995-08-21 05:29:00,306.343,419.65192
1995-08-21 05:30:00,204.62900000000002,445.53815
1995-08-21 05:31:00,429.021,470.41113
1995-08-21 05:32:00,143.614,452.12036
1995-08-21 05:33:00,167.512,445.3344
1995-08-21 05:34:00,73.18,431.57086
1995-08-21 05:35:00,549.6,416.34717
1995-08-21 05:36:00,309.79,409.28458
1995-08-21 05:37:00,60.429,400.16162
1995-08-21 05:38:00,349.697,398.5376
1995-08-21 05:39:00,147.921,357.10703
1995-08-21 05:40:00,246.091,380.915
1995-08-21 05:41:00,909.5010000000001,374.65964
1995-08-21 05:42:00,741.6999999999999,378.82687
1995-08-21 05:43:00,160.342,438.78278
1995-08-21 05:44:00,670.918,498.03052
1995-08-21 05:45:00,790.231,464.42575
1995-08-21 05:46:00,422.724,440.41626
1995-08-21 05:47:00,104.208,456.9799
1995-08-21 05:48:00,477.111,522.74243
1995-08-21 05:49:00,291.311,517.13007
1995-08-21 05:50:00,200.69200000000004,503.35895
1995-08-21 05:51:00,378.882,495.32883
1995-08-21 05:52:00,272.84,499.20215
1995-08-21 05:53:00,57.803999999999995,479.27313
1995-08-21 05:54:00,338.814,436.73907
1995-08-21 05:55:00,148.386,408.89072
1995-08-21 05:56:00,372.39900000000006,396.04724
1995-08-21 05:57:00,421.365,396.1145
1995-08-21 05:58:00,362.776,406.5114
1995-08-21 05:59:00,335.55100000000004,421.9642
1995-08-21 06:00:00,220.676,460.00024
1995-08-21 06:01:00,34.093,462.4638
1995-08-21 06:02:00,300.367,470.92227
1995-08-21 06:03:00,46.98199999999999,438.8895
1995-08-21 06:04:00,283.163,412.5512
1995-08-21 06:05:00,370.43,385.69098
1995-08-21 06:06:00,343.159,398.49173
1995-08-21 06:07:00,376.954,443.68582
1995-08-21 06:08:00,108.541,481.8315
1995-08-21 06:09:00,146.864,509.49512
1995-08-21 06:10:00,249.169,508.86612
1995-08-21 06:11:00,121.661,502.8973
1995-08-21 06:12:00,93.51599999999999,482.00494
1995-08-21 06:13:00,160.53300000000002,458.6063
1995-08-21 06:14:00,64.871,421.55292
1995-08-21 06:15:00,240.716,402.80087
1995-08-21 06:16:00,221.75799999999998,377.12888
1995-08-21 06:17:00,353.80299999999994,356.93988
1995-08-21 06:18:00,91.95999999999998,351.22705
1995-08-21 06:19:00,18.38,363.1116
1995-08-21 06:20:00,223.16299999999998,344.40762
1995-08-21 06:21:00,169.50799999999998,314.8805
1995-08-21 06:22:00,182.835,312.44562
1995-08-21 06:23:00,304.377,302.0403
1995-08-21 06:24:00,271.807,283.9494
1995-08-21 06:25:00,342.231,289.33188
1995-08-21 06:26:00,188.855,308.34332
1995-08-21 06:27:00,369.34499999999997,321.13556
1995-08-21 06:28:00,226.131,351.9832
1995-08-21 06:29:00,197.861,384.17136
1995-08-21 06:30:00,97.06000000000002,405.34045
1995-08-21 06:31:00,356.706,423.68597
1995-08-21 06:32:00,112.45600000000002,394.88126
1995-08-21 06:33:00,65.848,353.6205
1995-08-21 06:34:00,28.785,347.24185
1995-08-21 06:35:00,249.067,331.02902
1995-08-21 06:36:00,39.519999999999996,295.16708
1995-08-21 06:37:00,19.752,295.5088
1995-08-21 06:38:00,20.529999999999998,282.63187
1995-08-21 06:39:00,113.17699999999999,229.3302
1995-08-21 06:40:00,229.261,219.8999
1995-08-21 06:41:00,124.634,241.67068
1995-08-21 06:42:00,24.169,261.32016
1995-08-21 06:43:00,1170.5189999999998,262.8237
1995-08-21 06:44:00,122.26500000000001,247.13832
1995-08-21 06:45:00,256.371,311.17847
1995-08-21 06:46:00,65.154,353.8382
1995-08-21 06:47:00,154.008,379.68063
1995-08-21 06:48:00,96.679,410.8124
1995-08-21 06:49:00,197.264,440.98096
1995-08-21 06:50:00,243.999,438.28192
1995-08-21 06:51:00,400.365,457.78122
1995-08-21 06:52:00,978.2230000000001,443.22855
1995-08-21 06:53:00,225.605,448.46335
1995-08-21 06:54:00,94.332,500.20868
1995-08-21 06:55:00,252.53,516.9363
1995-08-21 06:56:00,227.21699999999998,502.40204
1995-08-21 06:57:00,302.652,510.08926
1995-08-21 06:58:00,796.6959999999999,505.86148
1995-08-21 06:59:00,693.381,513.03656
1995-08-21 07:00:00,264.669,511.7904
1995-08-21 07:01:00,9.402000000000001,540.22986
1995-08-21 07:02:00,79.482,524.1758
1995-08-21 07:03:00,57.046,460.81332
1995-08-21 07:04:00,183.418,390.50992
1995-08-21 07:05:00,146.921,359.6474
1995-08-21 07:06:00,695.26,329.2293
1995-08-21 07:07:00,275.03499999999997,314.0627
1995-08-21 07:08:00,231.291,334.10144
1995-08-21 07:09:00,243.79899999999998,340.05627
1995-08-21 07:10:00,1274.4250000000002,355.33112
1995-08-21 07:11:00,367.0930000000001,370.95587
1995-08-21 07:12:00,503.47599999999994,435.09186
1995-08-21 07:13:00,306.283,472.3087
1995-08-21 07:14:00,341.60300000000007,472.86002
1995-08-21 07:15:00,1551.3509999999999,478.59198
1995-08-21 07:16:00,95.51399999999998,492.719
1995-08-21 07:17:00,293.002,554.3635
1995-08-21 07:18:00,74.348,561.2174
1995-08-21 07:19:00,492.221,591.1536
1995-08-21 07:20:00,460.352,587.29706
1995-08-21 07:21:00,330.41200000000003,573.3403
1995-08-21 07:22:00,1047.691,567.2774
1995-08-21 07:23:00,394.151,557.8687
1995-08-21 07:24:00,397.2439999999999,567.9597
1995-08-21 07:25:00,433.371,556.27563
1995-08-21 07:26:00,166.11399999999998,546.04114
1995-08-21 07:27:00,400.604,549.2045
1995-08-21 07:28:00,67.013,550.51825
1995-08-21 07:29:00,641.428,563.06525
1995-08-21 07:30:00,241.14600000000002,554.7561
1995-08-21 07:31:00,35.010000000000005,561.642
1995-08-21 07:32:00,163.67,536.5506
1995-08-21 07:33:00,35.778999999999996,502.7497
1995-08-21 07:34:00,75.908,485.19235
1995-08-21 07:35:00,284.103,434.13898
1995-08-21 07:36:00,392.98900000000003,381.5649
1995-08-21 07:37:00,1271.2549999999999,388.77744
1995-08-21 07:38:00,216.38,443.28763
1995-08-21 07:39:00,237.091,506.82928
1995-08-21 07:40:00,1519.135,532.92
1995-08-21 07:41:00,437.007,558.56573
1995-08-21 07:42:00,702.949,616.1898
1995-08-21 07:43:00,747.6030000000001,658.3434
1995-08-21 07:44:00,344.454,700.251
1995-08-21 07:45:00,760.1859999999999,731.1706
1995-08-21 07:46:00,591.7900000000001,712.4011
1995-08-21 07:47:00,590.953,711.6395
1995-08-21 07:48:00,1462.4859999999999,739.85535
1995-08-21 07:49:00,343.121,762.092
1995-08-21 07:50:00,552.782,792.77057
1995-08-21 07:51:00,245.451,791.5699
1995-08-21 07:52:00,1120.184,750.3579
1995-08-21 07:53:00,570.193,698.6027
1995-08-21 07:54:00,442.03599999999994,686.92737
1995-08-21 07:55:00,860.217,697.18085
1995-08-21 07:56:00,367.88,678.26843
1995-08-21 07:57:00,232.86700000000002,674.3627
1995-08-21 07:58:00,150.85999999999999,659.9677
1995-08-21 07:59:00,388.147,612.48584
1995-08-21 08:00:00,395.343,571.1972
1995-08-21 08:01:00,269.989,532.41315
1995-08-21 08:02:00,533.221,517.9364
1995-08-21 08:03:00,680.3679999999999,502.55072
1995-08-21 08:04:00,427.423,523.3899
1995-08-21 08:05:00,599.8860000000001,559.7043
1995-08-21 08:06:00,424.38000000000005,575.7563
1995-08-21 08:07:00,846.309,595.04974
1995-08-21 08:08:00,354.65999999999997,613.68756
1995-08-21 08:09:00,201.411,629.111
1995-08-21 08:10:00,90.89199999999998,618.5646
1995-08-21 08:11:00,553.547,580.9927
1995-08-21 08:12:00,342.06800000000004,532.79614
1995-08-21 08:13:00,144.638,528.1927
1995-08-21 08:14:00,222.291,534.9595
1995-08-21 08:15:00,360.0399999999999,519.7768
1995-08-21 08:16:00,210.994,500.72287
1995-08-21 08:17:00,114.862,480.43613
1995-08-21 08:18:00,248.496,497.2852
1995-08-21 08:19:00,589.545,486.3405
1995-08-21 08:20:00,346.147,505.374
1995-08-21 08:21:00,606.968,562.1696
1995-08-21 08:22:00,279.278,598.1543
1995-08-21 08:23:00,180.323,654.49005
1995-08-21 08:24:00,168.20199999999997,686.2131
1995-08-21 08:25:00,795.512,672.3143
1995-08-21 08:26:00,987.6809999999999,643.0694
1995-08-21 08:27:00,738.803,593.4669
1995-08-21 08:28:00,956.647,566.1048
1995-08-21 08:29:00,601.01,562.77246
1995-08-21 08:30:00,521.133,596.6555
1995-08-21 08:31:00,872.436,608.0026
1995-08-21 08:32:00,247.682,633.2438
1995-08-21 08:33:00,548.779,650.98315
1995-08-21 08:34:00,404.52500000000003,650.87335
1995-08-21 08:35:00,296.448,639.93396
1995-08-21 08:36:00,1572.8369999999998,661.3793
1995-08-21 08:37:00,366.168,654.14197
1995-08-21 08:38:00,305.729,703.8417
1995-08-21 08:39:00,1597.2069999999999,707.1417
1995-08-21 08:40:00,1428.352,685.1525
1995-08-21 08:41:00,2638.482,704.7858
1995-08-21 08:42:00,3576.2,721.14417
1995-08-21 08:43:00,314.106,784.775
1995-08-21 08:44:00,515.501,916.9023
1995-08-21 08:45:00,92.899,947.9542
1995-08-21 08:46:00,330.76800000000003,929.49243
1995-08-21 08:47:00,112.37799999999999,854.7386
1995-08-21 08:48:00,329.486,741.7924
1995-08-21 08:49:00,532.449,667.53955
1995-08-21 08:50:00,201.968,658.0526
1995-08-21 08:51:00,197.438,641.16815
1995-08-21 08:52:00,629.497,632.20605
1995-08-21 08:53:00,387.40000000000003,594.2086
1995-08-21 08:54:00,152.38,592.7766
1995-08-21 08:55:00,100.85999999999999,623.70197
1995-08-21 08:56:00,357.778,615.2079
1995-08-21 08:57:00,522.683,608.9601
1995-08-21 08:58:00,1191.025,609.5123
1995-08-21 08:59:00,575.9309999999999,624.013
1995-08-21 09:00:00,231.042,650.68915
1995-08-21 09:01:00,213.34300000000002,664.0934
1995-08-21 09:02:00,159.94,658.69586
1995-08-21 09:03:00,302.457,659.05725
1995-08-21 09:04:00,677.216,645.2098
1995-08-21 09:05:00,287.525,632.94684
1995-08-21 09:06:00,805.539,650.56744
1995-08-21 09:07:00,431.031,656.351
1995-08-21 09:08:00,640.4399999999999,649.4875
1995-08-21 09:09:00,163.624,643.2165
1995-08-21 09:10:00,194.09500000000003,629.4438
1995-08-21 09:11:00,232.53199999999998,591.4619
1995-08-21 09:12:00,78.733,576.3571
1995-08-21 09:13:00,1114.3229999999999,582.68536
1995-08-21 09:14:00,568.117,551.7116
1995-08-21 09:15:00,582.789,601.1838
1995-08-21 09:16:00,1244.164,644.1917
1995-08-21 09:17:00,168.964,696.72644
1995-08-21 09:18:00,567.583,748.79266
1995-08-21 09:19:00,318.975,738.3407
1995-08-21 09:20:00,673.455,719.2709
1995-08-21 09:21:00,492.921,720.14703
1995-08-21 09:22:00,139.078,715.8558
1995-08-21 09:23:00,135.444,700.94714
1995-08-21 09:24:00,142.197,681.4279
1995-08-21 09:25:00,389.64000000000004,625.0382
1995-08-21 09:26:00,227.21800000000002,557.81976
1995-08-21 09:27:00,741.388,528.43933
1995-08-21 09:28:00,852.6129999999999,501.16626
1995-08-21 09:29:00,145.27,553.7738
1995-08-21 09:30:00,263.293,628.4962
1995-08-21 09:31:00,245.917,640.0085
1995-08-21 09:32:00,912.526,641.48895
1995-08-21 09:33:00,1367.1930000000002,644.7006
1995-08-21 09:34:00,908.771,671.6362
1995-08-21 09:35:00,367.139,738.4267
1995-08-21 09:36:00,916.8119999999999,802.8075
1995-08-21 09:37:00,1398.231,826.43744
1995-08-21 09:38:00,1629.343,817.20886
1995-08-21 09:39:00,953.8810000000001,834.48047
1995-08-21 09:40:00,620.6,889.2629
1995-08-21 09:41:00,1868.3139999999999,916.23865
1995-08-21 09:42:00,1212.18,912.05286
1995-08-21 09:43:00,414.416,978.3158
1995-08-21 09:44:00,317.118,993.9787
1995-08-21 09:45:00,1216.759,946.71497
1995-08-21 09:46:00,457.205,895.1453
1995-08-21 09:47:00,244.48599999999996,889.2629
1995-08-21 09:48:00,543.658,873.2475
1995-08-21 09:49:00,979.6160000000001,832.85675
1995-08-21 09:50:00,559.179,811.30566
1995-08-21 09:51:00,272.822,852.62537
1995-08-21 09:52:00,699.777,885.3219
1995-08-21 09:53:00,734.656,839.0078
1995-08-21 09:54:00,691.585,811.9207
1995-08-21 09:55:00,704.663,819.99066
1995-08-21 09:56:00,616.277,872.7688
1995-08-21 09:57:00,280.368,877.01715
1995-08-21 09:58:00,1285.1449999999998,858.83026
1995-08-21 09:59:00,959.139,840.8717
1995-08-21 10:00:00,1263.701,862.5683
1995-08-21 10:01:00,516.89,858.83154
1995-08-21 10:02:00,920.587,890.9248
1995-08-21 10:03:00,1470.3789999999997,900.9529
1995-08-21 10:04:00,1759.989,909.4546
1995-08-21 10:05:00,1617.6509999999998,933.16455
1995-08-21 10:06:00,599.3,1000.1132
1995-08-21 10:07:00,218.659,1082.3857
1995-08-21 10:08:00,247.45999999999998,1076.0225
1995-08-21 10:09:00,607.083,1051.867
1995-08-21 10:10:00,869.541,1005.73645
1995-08-21 10:11:00,561.121,964.7194
1995-08-21 10:12:00,109.699,924.31146
1995-08-21 10:13:00,691.544,917.92676
1995-08-21 10:14:00,462.1479999999999,858.26624
1995-08-21 10:15:00,183.379,851.6856
1995-08-21 10:16:00,617.038,820.11426
1995-08-21 10:17:00,703.1949999999999,742.6982
1995-08-21 10:18:00,478.71099999999996,759.8662
1995-08-21 10:19:00,567.448,786.1527
1995-08-21 10:20:00,555.969,815.6847
1995-08-21 10:21:00,375.072,848.8474
1995-08-21 10:22:00,363.517,863.87146
1995-08-21 10:23:00,336.784,846.1695
1995-08-21 10:24:00,538.9169999999999,825.13367
1995-08-21 10:25:00,383.945,784.987
1995-08-21 10:26:00,1372.321,759.1567
1995-08-21 10:27:00,176.2,738.7237
1995-08-21 10:28:00,357.15199999999993,757.61017
1995-08-21 10:29:00,904.09,728.1724
1995-08-21 10:30:00,1290.8330000000003,688.65656
1995-08-21 10:31:00,754.369,701.94867
1995-08-21 10:32:00,1154.03,754.7269
1995-08-21 10:33:00,2197.163,818.8085
1995-08-21 10:34:00,784.795,871.8136
1995-08-21 10:35:00,543.696,954.4123
1995-08-21 10:36:00,979.9999999999999,985.95685
1995-08-21 10:37:00,517.61,972.4906
1995-08-21 10:38:00,581.793,980.52893
1995-08-21 10:39:00,207.566,973.10706
1995-08-21 10:40:00,197.12799999999996,992.1067
1995-08-21 10:41:00,398.493,929.00507
1995-08-21 10:42:00,653.0169999999999,858.79474
1995-08-21 10:43:00,920.662,829.68005
1995-08-21 10:44:00,1898.6620000000003,809.113
1995-08-21 10:45:00,242.6,837.57745
1995-08-21 10:46:00,399.61199999999997,922.8762
1995-08-21 10:47:00,230.87100000000004,905.62506
1995-08-21 10:48:00,307.099,870.8504
1995-08-21 10:49:00,668.576,841.8648
1995-08-21 10:50:00,344.389,863.2135
1995-08-21 10:51:00,681.2460000000002,904.337
1995-08-21 10:52:00,298.615,922.89954
1995-08-21 10:53:00,4615.651,919.5862
1995-08-21 10:54:00,936.028,917.43115
1995-08-21 10:55:00,352.683,1090.7096
1995-08-21 10:56:00,159.63,1152.5195
1995-08-21 10:57:00,378.94800000000004,1122.9883
1995-08-21 10:58:00,206.572,1043.5428
1995-08-21 10:59:00,315.29,988.40314
1995-08-21 11:00:00,566.941,901.82117
1995-08-21 11:01:00,565.203,828.18427
1995-08-21 11:02:00,143.421,829.1593
1995-08-21 11:03:00,421.90299999999996,840.7884
1995-08-21 11:04:00,570.058,809.5146
1995-08-21 11:05:00,604.62,725.7827
1995-08-21 11:06:00,1402.777,728.49603
1995-08-21 11:07:00,413.73,750.47815
1995-08-21 11:08:00,2068.955,837.1395
1995-08-21 11:09:00,247.703,868.1459
1995-08-21 11:10:00,1402.982,1025.4061
1995-08-21 11:11:00,1288.543,1036.8534
1995-08-21 11:12:00,1186.572,1051.8914
1995-08-21 11:13:00,738.346,1060.1472
1995-08-21 11:14:00,651.209,1105.6118
1995-08-21 11:15:00,1112.845,1139.4331
1995-08-21 11:16:00,785.51,1121.4142
1995-08-21 11:17:00,660.4350000000002,1171.9081
1995-08-21 11:18:00,1616.797,1190.5004
1995-08-21 11:19:00,397.267,1205.0885
1995-08-21 11:20:00,236.633,1213.8289
1995-08-21 11:21:00,611.857,1185.4106
1995-08-21 11:22:00,399.14799999999997,1122.8503
1995-08-21 11:23:00,522.379,1048.4365
1995-08-21 11:24:00,576.572,951.8193
1995-08-21 11:25:00,294.505,883.3873
1995-08-21 11:26:00,798.8030000000001,840.6241
1995-08-21 11:27:00,378.522,783.1462
1995-08-21 11:28:00,465.612,802.22095
1995-08-21 11:29:00,1968.1169999999997,818.9391
1995-08-21 11:30:00,1038.7079999999999,824.4594
1995-08-21 11:31:00,1069.176,917.3978
1995-08-21 11:32:00,676.4899999999999,999.9075
1995-08-21 11:33:00,706.1600000000001,1051.9364
1995-08-21 11:34:00,877.736,1104.627
1995-08-21 11:35:00,666.0609999999999,1083.1154
1995-08-21 11:36:00,776.957,1070.5612
1995-08-21 11:37:00,1145.117,1066.7546
1995-08-21 11:38:00,836.9819999999999,1060.4438
1995-08-21 11:39:00,1086.685,1120.8867
1995-08-21 11:40:00,592.789,1135.939
1995-08-21 11:41:00,2496.379,1124.9503
1995-08-21 11:42:00,1466.6550000000002,1113.4429
1995-08-21 11:43:00,705.7860000000001,1156.1786
1995-08-21 11:44:00,565.605,1169.0602
1995-08-21 11:45:00,763.068,1180.5245
1995-08-21 11:46:00,761.552,1181.9209
1995-08-21 11:47:00,511.521,1154.946
1995-08-21 11:48:00,1427.867,1127.645
1995-08-21 11:49:00,577.4879999999999,1096.6759
1995-08-21 11:50:00,1508.028,1075.1133
1995-08-21 11:51:00,1515.52,1024.7705
1995-08-21 11:52:00,482.44599999999997,1017.2938
1995-08-21 11:53:00,477.449,1040.4694
1995-08-21 11:54:00,1086.526,1013.7701
1995-08-21 11:55:00,491.607,1008.1316
1995-08-21 11:56:00,1945.745,1038.2335
1995-08-21 11:57:00,1632.134,1036.5668
1995-08-21 11:58:00,1727.1109999999999,1117.9707
1995-08-21 11:59:00,1206.124,1244.2479
1995-08-21 12:00:00,2155.106,1331.9514
1995-08-21 12:01:00,1097.401,1361.5905
1995-08-21 12:02:00,943.062,1406.9987
1995-08-21 12:03:00,1501.134,1425.1371
1995-08-21 12:04:00,1532.5650000000003,1433.372
1995-08-21 12:05:00,1451.884,1447.7896
1995-08-21 12:06:00,577.427,1404.5837
1995-08-21 12:07:00,1166.71,1372.8383
1995-08-21 12:08:00,491.961,1270.9624
1995-08-21 12:09:00,1226.028,1217.158
1995-08-21 12:10:00,1428.75,1152.9075
1995-08-21 12:11:00,740.116,1135.1355
1995-08-21 12:12:00,1202.702,1184.4878
1995-08-21 12:13:00,431.143,1215.8501
1995-08-21 12:14:00,895.1510000000001,1224.9132
1995-08-21 12:15:00,744.119,1191.3638
1995-08-21 12:16:00,663.569,1145.0924
1995-08-21 12:17:00,672.3,1117.3303
1995-08-21 12:18:00,1009.869,1115.734
1995-08-21 12:19:00,703.3509999999999,1077.3561
1995-08-21 12:20:00,1008.0409999999999,1118.8525
1995-08-21 12:21:00,1251.683,1108.2349
1995-08-21 12:22:00,1462.79,1086.8042
1995-08-21 12:23:00,2023.311,1102.7228
1995-08-21 12:24:00,2082.233,1152.7137
1995-08-21 12:25:00,3700.1139999999996,1210.3234
1995-08-21 12:26:00,2533.212,1319.5309
1995-08-21 12:27:00,738.925,1449.069
1995-08-21 12:28:00,1448.956,1578.0422
1995-08-21 12:29:00,896.84,1586.948
1995-08-21 12:30:00,1443.4569999999999,1574.6722
1995-08-21 12:31:00,2007.779,1520.5409
1995-08-21 12:32:00,1972.5819999999999,1500.8022
1995-08-21 12:33:00,2028.536,1531.5422
1995-08-21 12:34:00,1638.604,1519.45
1995-08-21 12:35:00,1584.9060000000002,1503.1539
1995-08-21 12:36:00,1790.2630000000001,1521.6538
1995-08-21 12:37:00,917.821,1571.7089
1995-08-21 12:38:00,1324.666,1552.3365
1995-08-21 12:39:00,1229.259,1507.4086
1995-08-21 12:40:00,496.536,1470.3192
1995-08-21 12:41:00,480.20900000000006,1454.4572
1995-08-21 12:42:00,950.829,1368.6666
1995-08-21 12:43:00,646.6380000000001,1282.3324
1995-08-21 12:44:00,2760.6510000000003,1232.2334
1995-08-21 12:45:00,1318.299,1186.4958
1995-08-21 12:46:00,687.564,1219.5862
1995-08-21 12:47:00,1539.9610000000002,1247.0784
1995-08-21 12:48:00,1277.248,1225.0785
1995-08-21 12:49:00,1553.213,1258.2665
1995-08-21 12:50:00,603.128,1287.7235
1995-08-21 12:51:00,1643.1510000000003,1318.5022
1995-08-21 12:52:00,1047.791,1329.7349
1995-08-21 12:53:00,1236.619,1363.3317
1995-08-21 12:54:00,2377.169,1361.1088
1995-08-21 12:55:00,1027.002,1352.824
1995-08-21 12:56:00,1240.002,1384.6636
1995-08-21 12:57:00,910.498,1426.9015
1995-08-21 12:58:00,2363.033,1483.7249
1995-08-21 12:59:00,2097.7290000000003,1485.6826
1995-08-21 13:00:00,1265.582,1533.0225
1995-08-21 13:01:00,2419.313,1562.0762
1995-08-21 13:02:00,1891.6630000000002,1575.904
1995-08-21 13:03:00,1224.19,1623.8312
1995-08-21 13:04:00,2079.132,1628.2085
1995-08-21 13:05:00,1495.5200000000002,1581.9304
1995-08-21 13:06:00,1516.137,1535.0616
1995-08-21 13:07:00,1065.727,1513.0879
1995-08-21 13:08:00,886.2339999999999,1490.8893
1995-08-21 13:09:00,1235.886,1469.675
1995-08-21 13:10:00,2525.281,1414.7722
1995-08-21 13:11:00,575.271,1386.334
1995-08-21 13:12:00,1715.669,1434.6013
1995-08-21 13:13:00,539.8629999999999,1395.5552
1995-08-21 13:14:00,390.77299999999997,1382.2672
1995-08-21 13:15:00,1630.889,1302.3597
1995-08-21 13:16:00,1162.225,1222.2098
1995-08-21 13:17:00,2060.091,1209.0149
1995-08-21 13:18:00,1673.273,1207.2891
1995-08-21 13:19:00,1372.624,1267.8342
1995-08-21 13:20:00,1390.9790000000003,1323.1746
1995-08-21 13:21:00,591.644,1340.0385
1995-08-21 13:22:00,1174.066,1340.201
1995-08-21 13:23:00,918.259,1340.9346
1995-08-21 13:24:00,2584.631,1319.3665
1995-08-21 13:25:00,713.985,1298.9038
1995-08-21 13:26:00,2048.054,1400.1193
1995-08-21 13:27:00,620.742,1390.7576
1995-08-21 13:28:00,950.226,1405.4806
1995-08-21 13:29:00,597.63,1339.2306
1995-08-21 13:30:00,1128.167,1305.3938
1995-08-21 13:31:00,1166.965,1267.7449
1995-08-21 13:32:00,1741.5330000000001,1262.8851
1995-08-21 13:33:00,676.776,1272.5968
1995-08-21 13:34:00,851.151,1304.3075
1995-08-21 13:35:00,1451.3310000000001,1293.1182
1995-08-21 13:36:00,1280.384,1242.3644
1995-08-21 13:37:00,737.99,1240.3118
1995-08-21 13:38:00,1784.6629999999996,1249.8384
1995-08-21 13:39:00,1022.3510000000001,1247.5161
1995-08-21 13:40:00,624.043,1279.7614
1995-08-21 13:41:00,398.18199999999996,1314.195
1995-08-21 13:42:00,1828.312,1275.0359
1995-08-21 13:43:00,488.21500000000003,1183.2294
1995-08-21 13:44:00,1720.7640000000001,1158.7281
1995-08-21 13:45:00,1157.939,1085.8453
1995-08-21 13:46:00,814.3610000000001,1063.2479
1995-08-21 13:47:00,1988.459,1044.0067
1995-08-21 13:48:00,630.636,1030.4331
1995-08-21 13:49:00,1323.7759999999998,1134.4048
1995-08-21 13:50:00,787.44,1151.2422
1995-08-21 13:51:00,548.634,1137.1973
1995-08-21 13:52:00,466.47100000000006,1109.1082
1995-08-21 13:53:00,491.05799999999994,1086.1503
1995-08-21 13:54:00,423.21,1027.8403
1995-08-21 13:55:00,0.0,947.3221
1995-08-21 13:56:00,0.0,796.11743
1995-08-21 13:57:00,0.0,642.17004
1995-08-21 13:58:00,0.0,490.9966
1995-08-21 13:59:00,0.0,355.33588
1995-08-21 14:00:00,27.541,272.3052
1995-08-21 14:01:00,259.289,207.966
1995-08-21 14:02:00,536.333,194.23051
1995-08-21 14:03:00,813.81,262.9714
1995-08-21 14:04:00,366.222,383.88763
1995-08-21 14:05:00,272.201,531.43933
1995-08-21 14:06:00,402.677,639.1944
1995-08-21 14:07:00,990.192,695.3425
1995-08-21 14:08:00,1362.165,760.1596
1995-08-21 14:09:00,736.28,838.2525
1995-08-21 14:10:00,258.015,912.14343
1995-08-21 14:11:00,627.352,929.012
1995-08-21 14:12:00,473.511,916.48395
1995-08-21 14:13:00,321.64500000000004,881.40967
1995-08-21 14:14:00,693.0740000000001,847.4399
1995-08-21 14:15:00,165.938,822.50635
1995-08-21 14:16:00,216.733,835.32697
1995-08-21 14:17:00,1465.3140000000003,834.6469
1995-08-21 14:18:00,1846.05,817.9244
1995-08-21 14:19:00,1519.5220000000002,854.49475
1995-08-21 14:20:00,3853.499,940.3158
1995-08-21 14:21:00,280.675,1030.4716
1995-08-21 14:22:00,681.672,1197.4911
1995-08-21 14:23:00,1565.278,1223.5704
1995-08-21 14:24:00,253.48300000000003,1248.8977
1995-08-21 14:25:00,375.281,1276.035
1995-08-21 14:26:00,699.5709999999999,1200.744
1995-08-21 14:27:00,1780.9540000000002,1134.2927
1995-08-21 14:28:00,470.39699999999993,1087.3179
1995-08-21 14:29:00,623.573,1104.2173
1995-08-21 14:30:00,735.096,1061.5446
1995-08-21 14:31:00,2134.463,1046.2389
1995-08-21 14:32:00,869.124,1026.6791
1995-08-21 14:33:00,926.272,1116.221
1995-08-21 14:34:00,266.564,1162.5396
1995-08-21 14:35:00,883.5740000000001,1208.7649
1995-08-21 14:36:00,1074.644,1210.8226
1995-08-21 14:37:00,1136.6680000000001,1199.0404
1995-08-21 14:38:00,560.008,1175.7
1995-08-21 14:39:00,2460.82,1147.7214
1995-08-21 14:40:00,1179.842,1129.003
1995-08-21 14:41:00,802.89,1213.272
1995-08-21 14:42:00,2978.602,1235.5558
1995-08-21 14:43:00,798.385,1202.3944
1995-08-21 14:44:00,957.5250000000001,1273.0306
1995-08-21 14:45:00,1086.684,1266.3687
1995-08-21 14:46:00,773.277,1264.4855
1995-08-21 14:47:00,368.093,1267.5232
1995-08-21 14:48:00,940.5039999999999,1235.3314
1995-08-21 14:49:00,1940.425,1157.1498
1995-08-21 14:50:00,459.375,1109.0764
1995-08-21 14:51:00,799.9910000000001,1145.3997
1995-08-21 14:52:00,569.678,1132.5402
1995-08-21 14:53:00,898.7249999999999,1154.6246
1995-08-21 14:54:00,587.461,1105.9493
1995-08-21 14:55:00,815.5500000000002,1067.8806
1995-08-21 14:56:00,916.899,1036.0658
1995-08-21 14:57:00,823.393,1026.9951
1995-08-21 14:58:00,892.206,1054.0676
1995-08-21 14:59:00,790.091,1104.3195
1995-08-21 15:00:00,1182.589,1149.3737
1995-08-21 15:01:00,365.149,1150.5532
1995-08-21 15:02:00,1394.3110000000001,1190.8898
1995-08-21 15:03:00,477.666,1134.223
1995-08-21 15:04:00,1502.4569999999999,1097.5117
1995-08-21 15:05:00,316.16499999999996,1047.5383
1995-08-21 15:06:00,457.072,1059.8865
1995-08-21 15:07:00,389.75600000000003,1030.6919
1995-08-21 15:08:00,537.952,1035.9364
1995-08-21 15:09:00,566.0550000000001,1009.3925
1995-08-21 15:10:00,435.601,994.2714
1995-08-21 15:11:00,1810.5310000000002,927.05066
1995-08-21 15:12:00,749.897,864.1385
1995-08-21 15:13:00,899.6809999999999,904.06305
1995-08-21 15:14:00,483.64899999999994,903.8159
1995-08-21 15:15:00,952.682,928.0699
1995-08-21 15:16:00,1159.684,955.42664
1995-08-21 15:17:00,977.6759999999999,1034.1262
1995-08-21 15:18:00,1586.53,1111.6921
1995-08-21 15:19:00,2390.1,1157.3229
1995-08-21 15:20:00,651.249,1177.5659
1995-08-21 15:21:00,535.232,1221.8115
1995-08-21 15:22:00,389.091,1204.1527
1995-08-21 15:23:00,585.969,1155.9193
1995-08-21 15:24:00,349.121,1124.4445
1995-08-21 15:25:00,574.246,1113.6321
1995-08-21 15:26:00,860.584,1082.1664
1995-08-21 15:27:00,514.191,1062.7135
1995-08-21 15:28:00,479.451,1056.4287
1995-08-21 15:29:00,589.65,1033.6514
1995-08-21 15:30:00,741.235,1014.0932
1995-08-21 15:31:00,784.8719999999998,1004.92645
1995-08-21 15:32:00,692.2820000000002,1054.3748
1995-08-21 15:33:00,753.734,1098.6298
1995-08-21 15:34:00,2407.763,1113.3517
1995-08-21 15:35:00,305.839,1130.9474
1995-08-21 15:36:00,541.816,1216.9692
1995-08-21 15:37:00,1350.2269999999999,1215.3964
1995-08-21 15:38:00,1099.078,1232.8857
1995-08-21 15:39:00,630.158,1283.849
1995-08-21 15:40:00,1169.263,1357.4934
1995-08-21 15:41:00,1035.026,1385.9171
1995-08-21 15:42:00,2654.468,1413.7885
1995-08-21 15:43:00,3696.8749999999995,1436.3385
1995-08-21 15:44:00,2171.603,1533.3335
1995-08-21 15:45:00,2138.6059999999998,1661.1854
1995-08-21 15:46:00,1064.533,1763.8431
1995-08-21 15:47:00,1678.3859999999997,1902.6426
1995-08-21 15:48:00,800.318,1933.223
1995-08-21 15:49:00,2256.245,1876.2692
1995-08-21 15:50:00,765.5920000000001,1809.1353
1995-08-21 15:51:00,1008.418,1782.1848
1995-08-21 15:52:00,339.20300000000003,1690.313
1995-08-21 15:53:00,722.509,1638.3481
1995-08-21 15:54:00,806.653,1498.0115
1995-08-21 15:55:00,829.9979999999999,1381.3678
1995-08-21 15:56:00,546.625,1286.2208
1995-08-21 15:57:00,637.198,1209.781
1995-08-21 15:58:00,2516.745,1141.2831
1995-08-21 15:59:00,299.274,1067.9563
1995-08-21 16:00:00,855.066,1101.5393
1995-08-21 16:01:00,893.7640000000001,1026.6012
1995-08-21 16:02:00,1545.632,1030.3541
1995-08-21 16:03:00,779.337,1036.1602
1995-08-21 16:04:00,383.91400000000004,1051.6442
1995-08-21 16:05:00,205.54000000000002,1018.85724
1995-08-21 16:06:00,670.575,977.98895
1995-08-21 16:07:00,667.725,955.1214
1995-08-21 16:08:00,460.188,960.15314
1995-08-21 16:09:00,675.912,962.2801
1995-08-21 16:10:00,660.066,916.4536
1995-08-21 16:11:00,424.058,938.54333
1995-08-21 16:12:00,415.75,944.04034
1995-08-21 16:13:00,783.146,965.12396
1995-08-21 16:14:00,1329.3319999999999,1011.8682
1995-08-21 16:15:00,545.768,1065.3491
1995-08-21 16:16:00,1593.789,1185.1677
1995-08-21 16:17:00,707.9539999999998,1217.5907
1995-08-21 16:18:00,709.292,1279.754
1995-08-21 16:19:00,1097.833,1340.1794
1995-08-21 16:20:00,1180.752,1361.728
1995-08-21 16:21:00,888.381,1343.8225
1995-08-21 16:22:00,845.6839999999999,1355.2714
1995-08-21 16:23:00,1578.7900000000002,1401.0106
1995-08-21 16:24:00,678.894,1404.8894
1995-08-21 16:25:00,561.515,1424.5908
1995-08-21 16:26:00,960.986,1396.6407
1995-08-21 16:27:00,1194.762,1375.4973
1995-08-21 16:28:00,672.59,1342.5387
1995-08-21 16:29:00,841.5449999999998,1353.8451
1995-08-21 16:30:00,3199.667,1345.1744
1995-08-21 16:31:00,627.36,1334.9824
1995-08-21 16:32:00,325.31299999999993,1422.3461
1995-08-21 16:33:00,863.6899999999999,1451.5219
1995-08-21 16:34:00,2275.411,1404.1494
1995-08-21 16:35:00,802.777,1326.2134
1995-08-21 16:36:00,814.307,1313.7234
1995-08-21 16:37:00,563.889,1289.3976
1995-08-21 16:38:00,1663.919,1263.0876
1995-08-21 16:39:00,2069.755,1218.4493
1995-08-21 16:40:00,1086.549,1230.3358
1995-08-21 16:41:00,815.371,1336.6558
1995-08-21 16:42:00,1192.658,1368.9458
1995-08-21 16:43:00,1725.5990000000002,1339.9484
1995-08-21 16:44:00,1588.2610000000002,1372.2744
1995-08-21 16:45:00,418.13599999999997,1378.5564
1995-08-21 16:46:00,2163.697,1357.7539
1995-08-21 16:47:00,1261.537,1296.6078
1995-08-21 16:48:00,700.203,1295.6399
1995-08-21 16:49:00,1365.435,1306.6381
1995-08-21 16:50:00,1103.927,1276.8057
1995-08-21 16:51:00,347.248,1258.041
1995-08-21 16:52:00,460.884,1260.9645
1995-08-21 16:53:00,3940.385,1242.2155
1995-08-21 16:54:00,1119.374,1185.2892
1995-08-21 16:55:00,847.718,1296.4503
1995-08-21 16:56:00,1490.4279999999999,1320.506
1995-08-21 16:57:00,1197.8709999999999,1339.1171
1995-08-21 16:58:00,903.76,1305.941
1995-08-21 16:59:00,538.125,1282.4736
1995-08-21 17:00:00,885.264,1224.7092
1995-08-21 17:01:00,586.729,1139.7986
1995-08-21 17:02:00,499.349,1080.0333
1995-08-21 17:03:00,343.5230000000001,1040.3704
1995-08-21 17:04:00,874.894,998.0181
1995-08-21 17:05:00,427.369,936.83215
1995-08-21 17:06:00,1045.509,950.11414
1995-08-21 17:07:00,1010.9299999999998,940.61993
1995-08-21 17:08:00,828.693,971.04407
1995-08-21 17:09:00,1624.9979999999998,976.9247
1995-08-21 17:10:00,997.868,980.4999
1995-08-21 17:11:00,531.091,1025.2987
1995-08-21 17:12:00,697.162,1035.6118
1995-08-21 17:13:00,810.295,1062.3783
1995-08-21 17:14:00,879.794,1092.3707
1995-08-21 17:15:00,601.039,1112.247
1995-08-21 17:16:00,1505.6109999999999,1139.0604
1995-08-21 17:17:00,765.655,1132.6475
1995-08-21 17:18:00,872.665,1183.044
1995-08-21 17:19:00,342.715,1153.5181
1995-08-21 17:20:00,464.87500000000006,1117.5623
1995-08-21 17:21:00,1331.069,1052.2301
1995-08-21 17:22:00,935.025,1011.88684
1995-08-21 17:23:00,1415.501,1020.21796
1995-08-21 17:24:00,700.602,1023.4919
1995-08-21 17:25:00,591.389,1039.206
1995-08-21 17:26:00,459.72499999999997,1083.7739
1995-08-21 17:27:00,1040.674,1091.2903
1995-08-21 17:28:00,277.079,1053.6946
1995-08-21 17:29:00,501.054,1052.3835
1995-08-21 17:30:00,440.88100000000003,1011.9997
1995-08-21 17:31:00,1630.586,980.9537
1995-08-21 17:32:00,1511.826,937.25714
1995-08-21 17:33:00,776.89,953.73724
1995-08-21 17:34:00,734.5159999999998,984.0111
1995-08-21 17:35:00,522.3159999999999,993.1562
1995-08-21 17:36:00,747.015,1022.93463
1995-08-21 17:37:00,2255.2670000000003,996.3114
1995-08-21 17:38:00,680.882,999.595
1995-08-21 17:39:00,708.63,1066.2037
1995-08-21 17:40:00,771.3180000000001,1080.5125
1995-08-21 17:41:00,579.783,1058.7498
1995-08-21 17:42:00,2086.721,1024.2715
1995-08-21 17:43:00,326.51399999999995,962.23676
1995-08-21 17:44:00,901.399,1024.8442
1995-08-21 17:45:00,1520.6390000000001,1000.2152
1995-08-21 17:46:00,636.844,1020.30597
1995-08-21 17:47:00,2250.582,1082.0597
1995-08-21 17:48:00,1628.875,1080.9116
1995-08-21 17:49:00,795.1869999999999,1115.4486
1995-08-21 17:50:00,1762.664,1199.3816
1995-08-21 17:51:00,1170.898,1216.1731
1995-08-21 17:52:00,737.7470000000001,1270.5776
1995-08-21 17:53:00,2167.858,1260.2083
1995-08-21 17:54:00,781.13,1217.6458
1995-08-21 17:55:00,1431.766,1279.1058
1995-08-21 17:56:00,739.9159999999999,1265.0217
1995-08-21 17:57:00,970.23,1264.8905
1995-08-21 17:58:00,1178.636,1237.5323
1995-08-21 17:59:00,1444.249,1248.684
1995-08-21 18:00:00,2040.272,1229.4623
1995-08-21 18:01:00,681.4,1246.6544
1995-08-21 18:02:00,1038.843,1277.5701
1995-08-21 18:03:00,825.536,1286.7614
1995-08-21 18:04:00,1072.194,1247.6215
1995-08-21 18:05:00,624.466,1194.857
1995-08-21 18:06:00,821.374,1151.5898
1995-08-21 18:07:00,996.764,1127.818
1995-08-21 18:08:00,726.75,1080.213
1995-08-21 18:09:00,847.61,1025.9178
1995-08-21 18:10:00,1393.1380000000001,1007.07684
1995-08-21 18:11:00,407.98599999999993,1004.59216
1995-08-21 18:12:00,777.513,1011.7309
1995-08-21 18:13:00,867.715,982.061
1995-08-21 18:14:00,267.909,986.5654
1995-08-21 18:15:00,1036.435,994.86456
1995-08-21 18:16:00,1187.6889999999999,946.39844
1995-08-21 18:17:00,723.1,924.1425
1995-08-21 18:18:00,1126.249,946.1657
1995-08-21 18:19:00,857.149,947.3237
1995-08-21 18:20:00,1609.8829999999998,954.5691
1995-08-21 18:21:00,1210.921,956.32947
1995-08-21 18:22:00,2511.697,1019.18787
1995-08-21 18:23:00,1733.849,1080.6016
1995-08-21 18:24:00,143.977,1186.7958
1995-08-21 18:25:00,1737.513,1273.9835
1995-08-21 18:26:00,1283.954,1251.9893
1995-08-21 18:27:00,409.60299999999995,1237.1132
1995-08-21 18:28:00,435.777,1211.5763
1995-08-21 18:29:00,765.279,1161.3976
1995-08-21 18:30:00,519.945,1111.8097
1995-08-21 18:31:00,1292.638,1078.5376
1995-08-21 18:32:00,1645.877,1060.1041
1995-08-21 18:33:00,906.516,1060.0009
1995-08-21 18:34:00,1060.0739999999998,1062.7222
1995-08-21 18:35:00,1363.639,1042.3892
1995-08-21 18:36:00,2798.8810000000003,1028.932
1995-08-21 18:37:00,764.151,1022.6245
1995-08-21 18:38:00,675.783,1109.492
1995-08-21 18:39:00,2008.641,1161.7175
1995-08-21 18:40:00,650.9579999999999,1161.1051
1995-08-21 18:41:00,769.794,1244.9222
1995-08-21 18:42:00,1260.69,1258.0945
1995-08-21 18:43:00,465.131,1235.4993
1995-08-21 18:44:00,691.2169999999999,1229.5543
1995-08-21 18:45:00,474.442,1208.9587
1995-08-21 18:46:00,805.553,1177.351
1995-08-21 18:47:00,614.106,1126.2913
1995-08-21 18:48:00,574.609,1046.6262
1995-08-21 18:49:00,889.754,1014.24023
1995-08-21 18:50:00,713.795,989.48773
1995-08-21 18:51:00,915.4649999999999,954.44165
1995-08-21 18:52:00,206.573,943.6759
1995-08-21 18:53:00,482.428,932.68207
1995-08-21 18:54:00,630.371,869.421
1995-08-21 18:55:00,470.931,822.1391
1995-08-21 18:56:00,351.343,811.6363
1995-08-21 18:57:00,326.829,804.64136
1995-08-21 18:58:00,240.575,786.7109
1995-08-21 18:59:00,912.584,755.1165
1995-08-21 19:00:00,430.76700000000005,740.86523
1995-08-21 19:01:00,741.0250000000001,752.70325
1995-08-21 19:02:00,1018.8850000000001,770.85834
1995-08-21 19:03:00,1891.183,788.1676
1995-08-21 19:04:00,80.216,804.288
1995-08-21 19:05:00,185.912,862.8017
1995-08-21 19:06:00,214.08100000000005,820.5909
1995-08-21 19:07:00,257.427,749.95825
1995-08-21 19:08:00,630.0540000000001,717.44476
1995-08-21 19:09:00,504.257,704.3345
1995-08-21 19:10:00,171.049,717.63385
1995-08-21 19:11:00,742.767,719.23444
1995-08-21 19:12:00,458.227,722.4702
1995-08-21 19:13:00,752.6349999999999,728.21375
1995-08-21 19:14:00,241.23999999999998,718.3076
1995-08-21 19:15:00,529.198,715.0804
1995-08-21 19:16:00,279.966,724.1844
1995-08-21 19:17:00,91.463,752.15
1995-08-21 19:18:00,181.437,717.2718
1995-08-21 19:19:00,2255.9010000000003,670.95
1995-08-21 19:20:00,329.155,646.5418
1995-08-21 19:21:00,1014.162,715.64874
1995-08-21 19:22:00,922.754,757.9041
1995-08-21 19:23:00,277.998,782.67377
1995-08-21 19:24:00,236.534,836.0484
1995-08-21 19:25:00,489.715,837.4106
1995-08-21 19:26:00,611.672,831.405
1995-08-21 19:27:00,427.544,844.50085
1995-08-21 19:28:00,1183.456,881.59705
1995-08-21 19:29:00,834.266,870.3742
1995-08-21 19:30:00,1381.258,892.4898
1995-08-21 19:31:00,695.5719999999999,874.3955
1995-08-21 19:32:00,360.387,912.0723
1995-08-21 19:33:00,75.378,892.38824
1995-08-21 19:34:00,173.174,848.3259
1995-08-21 19:35:00,164.622,793.1108
1995-08-21 19:36:00,221.764,738.34436
1995-08-21 19:37:00,110.256,681.8195
1995-08-21 19:38:00,183.40699999999998,656.47144
1995-08-21 19:39:00,61.195,592.26495
1995-08-21 19:40:00,100.69699999999999,544.14606
1995-08-21 19:41:00,430.00600000000003,506.57233
1995-08-21 19:42:00,704.189,451.7538
1995-08-21 19:43:00,918.9620000000001,472.6117
1995-08-21 19:44:00,627.776,489.98328
1995-08-21 19:45:00,392.59700000000004,559.30585
1995-08-21 19:46:00,543.321,600.528
1995-08-21 19:47:00,142.994,637.898
1995-08-21 19:48:00,440.479,672.6488
1995-08-21 19:49:00,361.801,698.997
1995-08-21 19:50:00,526.639,728.6483
1995-08-21 19:51:00,327.837,768.70557
1995-08-21 19:52:00,1762.2830000000001,797.34045
1995-08-21 19:53:00,579.336,802.14325
1995-08-21 19:54:00,264.835,836.639
1995-08-21 19:55:00,370.585,840.0045
1995-08-21 19:56:00,2403.902,816.86426
1995-08-21 19:57:00,628.024,785.7984
1995-08-21 19:58:00,1440.7120000000002,828.2519
1995-08-21 19:59:00,420.83899999999994,825.59875
1995-08-21 20:00:00,334.374,867.0759
1995-08-21 20:01:00,367.30899999999997,859.7097
1995-08-21 20:02:00,538.41,820.90515
1995-08-21 20:03:00,2655.721,767.3465
1995-08-21 20:04:00,1300.6219999999998,748.56915
1995-08-21 20:05:00,907.184,864.7498
1995-08-21 20:06:00,936.436,970.03406
1995-08-21 20:07:00,988.6649999999998,1039.3911
1995-08-21 20:08:00,1163.87,1031.3077
1995-08-21 20:09:00,1705.094,1069.7834
1995-08-21 20:10:00,553.458,1066.7303
1995-08-21 20:11:00,387.83299999999997,1089.1431
1995-08-21 20:12:00,928.415,1045.553
1995-08-21 20:13:00,744.917,998.0981
1995-08-21 20:14:00,776.631,950.887
1995-08-21 20:15:00,2245.8360000000002,904.88477
1995-08-21 20:16:00,1490.066,879.6009
1995-08-21 20:17:00,1499.582,932.0059
1995-08-21 20:18:00,2242.406,1014.5144
1995-08-21 20:19:00,958.039,1041.9374
1995-08-21 20:20:00,1182.62,1091.2969
1995-08-21 20:21:00,639.777,1090.0028
1995-08-21 20:22:00,920.248,1106.6519
1995-08-21 20:23:00,1389.673,1081.6528
1995-08-21 20:24:00,534.143,1043.9081
1995-08-21 20:25:00,1265.916,1009.2439
1995-08-21 20:26:00,209.571,957.8663
1995-08-21 20:27:00,399.604,950.92487
1995-08-21 20:28:00,229.031,910.7473
1995-08-21 20:29:00,349.92600000000004,870.9413
1995-08-21 20:30:00,390.851,831.31537
1995-08-21 20:31:00,708.846,816.80206
1995-08-21 20:32:00,998.97,805.5854
1995-08-21 20:33:00,444.802,805.7545
1995-08-21 20:34:00,347.427,796.789
1995-08-21 20:35:00,335.238,783.43445
1995-08-21 20:36:00,253.229,784.3031
1995-08-21 20:37:00,1517.8039999999999,766.12317
1995-08-21 20:38:00,726.399,743.60266
1995-08-21 20:39:00,968.743,764.5673
1995-08-21 20:40:00,580.027,851.44824
1995-08-21 20:41:00,753.4750000000001,919.528
1995-08-21 20:42:00,1446.2839999999999,951.3772
1995-08-21 20:43:00,388.74,940.449
1995-08-21 20:44:00,504.83299999999997,922.6265
1995-08-21 20:45:00,1159.364,919.93604
1995-08-21 20:46:00,577.075,878.869
1995-08-21 20:47:00,239.33,851.1691
1995-08-21 20:48:00,546.43,827.2751
1995-08-21 20:49:00,224.363,761.0508
1995-08-21 20:50:00,348.948,705.1114
1995-08-21 20:51:00,306.414,649.0182
1995-08-21 20:52:00,355.48499999999996,642.254
1995-08-21 20:53:00,117.842,641.60474
1995-08-21 20:54:00,81.92,648.97797
1995-08-21 20:55:00,162.598,667.63916
1995-08-21 20:56:00,255.70799999999997,585.5986
1995-08-21 20:57:00,308.957,557.906
1995-08-21 20:58:00,218.881,547.4962
1995-08-21 20:59:00,240.826,533.34326
1995-08-21 21:00:00,194.582,519.4042
1995-08-21 21:01:00,405.204,543.41315
1995-08-21 21:02:00,231.06000000000003,534.5891
1995-08-21 21:03:00,166.986,533.9459
1995-08-21 21:04:00,229.36100000000002,555.95264
1995-08-21 21:05:00,165.428,522.31494
1995-08-21 21:06:00,445.17199999999997,523.20013
1995-08-21 21:07:00,217.399,528.7296
1995-08-21 21:08:00,303.711,567.25415
1995-08-21 21:09:00,713.322,581.62195
1995-08-21 21:10:00,221.34799999999998,607.9321
1995-08-21 21:11:00,368.50300000000004,660.9694
1995-08-21 21:12:00,958.727,669.952
1995-08-21 21:13:00,266.45799999999997,673.4214
1995-08-21 21:14:00,382.191,689.39636
1995-08-21 21:15:00,169.981,689.8789
1995-08-21 21:16:00,415.98100000000005,694.46985
1995-08-21 21:17:00,286.514,674.5894
1995-08-21 21:18:00,146.219,638.2745
1995-08-21 21:19:00,193.101,626.1432
1995-08-21 21:20:00,385.304,613.25867
1995-08-21 21:21:00,55.424,588.4723
1995-08-21 21:22:00,347.5109999999999,590.6715
1995-08-21 21:23:00,842.1800000000001,573.6962
1995-08-21 21:24:00,326.64699999999993,548.02856
1995-08-21 21:25:00,140.018,603.93677
1995-08-21 21:26:00,437.65199999999993,655.51294
1995-08-21 21:27:00,696.758,665.9207
1995-08-21 21:28:00,564.3249999999999,680.995
1995-08-21 21:29:00,977.343,668.6143
1995-08-21 21:30:00,696.243,635.61383
1995-08-21 21:31:00,378.89399999999995,675.3768
1995-08-21 21:32:00,448.893,679.79114
1995-08-21 21:33:00,368.56,687.4027
1995-08-21 21:34:00,481.514,721.39453
1995-08-21 21:35:00,128.661,716.6575
1995-08-21 21:36:00,351.74600000000004,700.74
1995-08-21 21:37:00,334.025,679.9184
1995-08-21 21:38:00,799.9170000000001,674.27625
1995-08-21 21:39:00,1931.7570000000003,680.0479
1995-08-21 21:40:00,660.365,727.277
1995-08-21 21:41:00,572.271,799.9053
1995-08-21 21:42:00,373.764,820.86
1995-08-21 21:43:00,612.783,856.06195
1995-08-21 21:44:00,619.818,863.7149
1995-08-21 21:45:00,378.335,875.3998
1995-08-21 21:46:00,960.6270000000001,877.821
1995-08-21 21:47:00,742.605,892.6104
1995-08-21 21:48:00,450.18100000000004,915.3597
1995-08-21 21:49:00,177.103,918.8822
1995-08-21 21:50:00,125.565,900.4342
1995-08-21 21:51:00,151.286,822.33356
1995-08-21 21:52:00,277.75600000000003,730.95404
1995-08-21 21:53:00,865.561,660.6309
1995-08-21 21:54:00,196.47,617.59766
1995-08-21 21:55:00,456.42699999999996,612.1014
1995-08-21 21:56:00,289.869,606.96625
1995-08-21 21:57:00,202.944,622.0098
1995-08-21 21:58:00,238.578,618.9883
1995-08-21 21:59:00,412.231,605.8632
1995-08-21 22:00:00,351.64199999999994,599.2305
1995-08-21 22:01:00,377.839,615.9323
1995-08-21 22:02:00,528.5300000000001,631.73816
1995-08-21 22:03:00,188.372,654.0733
1995-08-21 22:04:00,628.704,663.4561
1995-08-21 22:05:00,393.529,655.3739
1995-08-21 22:06:00,312.446,642.57117
1995-08-21 22:07:00,237.176,634.0479
1995-08-21 22:08:00,338.43199999999996,639.05927
1995-08-21 22:09:00,202.987,635.6268
1995-08-21 22:10:00,525.058,633.70374
1995-08-21 22:11:00,448.76000000000005,633.24615
1995-08-21 22:12:00,170.79,640.78754
1995-08-21 22:13:00,567.262,645.36237
1995-08-21 22:14:00,335.65599999999995,620.6369
1995-08-21 22:15:00,508.409,598.29675
1995-08-21 22:16:00,219.82,615.90857
1995-08-21 22:17:00,104.30600000000001,640.12604
1995-08-21 22:18:00,253.278,665.578
1995-08-21 22:19:00,224.632,621.3391
1995-08-21 22:20:00,415.572,578.7254
1995-08-21 22:21:00,301.555,569.0209
1995-08-21 22:22:00,186.64600000000002,559.6155
1995-08-21 22:23:00,186.21399999999997,536.66223
1995-08-21 22:24:00,188.77,525.71857
1995-08-21 22:25:00,563.399,492.12482
1995-08-21 22:26:00,396.024,494.77594
1995-08-21 22:27:00,753.3870000000001,519.9397
1995-08-21 22:28:00,189.764,544.31445
1995-08-21 22:29:00,167.07200000000003,590.3397
1995-08-21 22:30:00,891.021,602.5801
1995-08-21 22:31:00,421.486,592.3769
1995-08-21 22:32:00,521.767,616.098
1995-08-21 22:33:00,259.895,649.7253
1995-08-21 22:34:00,177.283,663.3407
1995-08-21 22:35:00,597.062,676.51715
1995-08-21 22:36:00,350.918,651.83014
1995-08-21 22:37:00,881.9859999999999,634.7667
1995-08-21 22:38:00,1603.8410000000003,611.4318
1995-08-21 22:39:00,428.325,630.43976
1995-08-21 22:40:00,333.772,701.0048
1995-08-21 22:41:00,561.0409999999999,717.39026
1995-08-21 22:42:00,569.824,683.16235
1995-08-21 22:43:00,774.183,668.0511
1995-08-21 22:44:00,349.869,648.3503
1995-08-21 22:45:00,257.862,663.6229
1995-08-21 22:46:00,1136.713,677.7528
1995-08-21 22:47:00,622.093,691.544
1995-08-21 22:48:00,299.701,720.0678
1995-08-21 22:49:00,234.9,754.84015
1995-08-21 22:50:00,259.637,747.7284
1995-08-21 22:51:00,115.269,720.1444
1995-08-21 22:52:00,137.224,675.97424
1995-08-21 22:53:00,142.374,623.31964
1995-08-21 22:54:00,99.383,596.80115
1995-08-21 22:55:00,224.421,528.8063
1995-08-21 22:56:00,880.5149999999999,468.88086
1995-08-21 22:57:00,913.714,452.03632
1995-08-21 22:58:00,328.956,487.9198
1995-08-21 22:59:00,427.3419999999999,540.5979
1995-08-21 23:00:00,315.237,590.9374
1995-08-21 23:01:00,1901.797,628.78815
1995-08-21 23:02:00,308.117,655.4941
1995-08-21 23:03:00,840.607,706.9775
1995-08-21 23:04:00,353.501,721.1312
1995-08-21 23:05:00,192.94299999999998,768.07404
1995-08-21 23:06:00,523.203,785.77466
1995-08-21 23:07:00,54.802,778.25085
1995-08-21 23:08:00,485.641,765.5951
1995-08-21 23:09:00,1483.1570000000002,738.6023
1995-08-21 23:10:00,328.979,720.6395
1995-08-21 23:11:00,223.338,732.95795
1995-08-21 23:12:00,212.82799999999997,725.4203
1995-08-21 23:13:00,534.319,695.34656
1995-08-21 23:14:00,381.32,690.6187
1995-08-21 23:15:00,684.971,665.1767
1995-08-21 23:16:00,534.35,637.5057
1995-08-21 23:17:00,216.68000000000004,617.1652
1995-08-21 23:18:00,137.881,615.951
1995-08-21 23:19:00,128.288,623.1233
1995-08-21 23:20:00,637.756,589.64795
1995-08-21 23:21:00,472.215,550.49054
1995-08-21 23:22:00,42.196999999999996,547.11566
1995-08-21 23:23:00,88.918,541.6942
1995-08-21 23:24:00,270.18600000000004,551.79016
1995-08-21 23:25:00,340.44300000000004,516.8386
1995-08-21 23:26:00,206.11399999999998,482.89343
1995-08-21 23:27:00,57.623,461.21307
1995-08-21 23:28:00,51.153999999999996,477.7725
1995-08-21 23:29:00,53.432,463.09982
1995-08-21 23:30:00,565.551,439.69373
1995-08-21 23:31:00,58.18000000000001,418.72113
1995-08-21 23:32:00,155.182,423.902
1995-08-21 23:33:00,258.475,435.17883
1995-08-21 23:34:00,532.719,450.1173
1995-08-21 23:35:00,140.996,484.73892
1995-08-21 23:36:00,249.453,536.5554
1995-08-21 23:37:00,612.828,525.00867
1995-08-21 23:38:00,417.125,523.27515
1995-08-21 23:39:00,289.549,561.2024
1995-08-21 23:40:00,259.83,576.40796
1995-08-21 23:41:00,556.409,608.9556
1995-08-21 23:42:00,286.25,615.66925
1995-08-21 23:43:00,809.95,618.3009
1995-08-21 23:44:00,395.0039999999999,601.0616
1995-08-21 23:45:00,159.75999999999996,628.2309
1995-08-21 23:46:00,195.475,636.67114
1995-08-21 23:47:00,339.501,601.3327
1995-08-21 23:48:00,106.761,574.2686
1995-08-21 23:49:00,351.754,547.97955
1995-08-21 23:50:00,122.529,541.54706
1995-08-21 23:51:00,122.42099999999999,492.5411
1995-08-21 23:52:00,220.279,483.35892
1995-08-21 23:53:00,447.275,473.18887
1995-08-21 23:54:00,680.302,475.24915
1995-08-21 23:55:00,401.45399999999995,497.12943
1995-08-21 23:56:00,518.07,537.0377
1995-08-21 23:57:00,219.655,590.67596
1995-08-21 23:58:00,161.72199999999998,621.76514
1995-08-21 23:59:00,967.186,629.22
1995-08-22 00:00:00,616.051,608.48016
1995-08-22 00:01:00,1112.108,600.5058
1995-08-22 00:02:00,466.489,616.03174
1995-08-22 00:03:00,1332.1009999999997,675.4128
1995-08-22 00:04:00,466.49199999999996,723.4064
1995-08-22 00:05:00,488.75,794.4336
1995-08-22 00:06:00,458.79099999999994,833.29254
1995-08-22 00:07:00,527.3100000000001,845.8006
1995-08-22 00:08:00,291.519,821.6379
1995-08-22 00:09:00,488.99,785.7755
1995-08-22 00:10:00,328.981,746.1869
1995-08-22 00:11:00,402.79100000000005,698.96857
1995-08-22 00:12:00,926.0550000000001,633.53534
1995-08-22 00:13:00,218.684,590.1042
1995-08-22 00:14:00,145.693,618.2163
1995-08-22 00:15:00,528.18,612.01556
1995-08-22 00:16:00,345.728,582.56573
1995-08-22 00:17:00,67.172,582.54315
1995-08-22 00:18:00,47.400999999999996,591.2416
1995-08-22 00:19:00,315.168,569.6939
1995-08-22 00:20:00,252.752,527.64813
1995-08-22 00:21:00,638.2869999999999,505.62054
1995-08-22 00:22:00,327.44899999999996,514.5464
1995-08-22 00:23:00,89.681,571.5085
1995-08-22 00:24:00,54.465,595.735
1995-08-22 00:25:00,417.672,601.49493
1995-08-22 00:26:00,362.283,586.24384
1995-08-22 00:27:00,654.6239999999999,553.7732
1995-08-22 00:28:00,192.41599999999997,532.7394
1995-08-22 00:29:00,349.86000000000007,537.9288
1995-08-22 00:30:00,209.614,542.8505
1995-08-22 00:31:00,876.5889999999999,550.0704
1995-08-22 00:32:00,483.21500000000003,525.3274
1995-08-22 00:33:00,431.022,539.2665
1995-08-22 00:34:00,132.544,525.5572
1995-08-22 00:35:00,158.942,537.34454
1995-08-22 00:36:00,240.33899999999997,515.46985
1995-08-22 00:37:00,165.221,493.15366
1995-08-22 00:38:00,69.09100000000001,490.3014
1995-08-22 00:39:00,95.21999999999998,481.38327
1995-08-22 00:40:00,152.757,468.72452
1995-08-22 00:41:00,761.746,445.4427
1995-08-22 00:42:00,679.066,453.64423
1995-08-22 00:43:00,136.946,504.1208
1995-08-22 00:44:00,487.637,545.9228
1995-08-22 00:45:00,137.531,541.8815
1995-08-22 00:46:00,561.997,553.4136
1995-08-22 00:47:00,175.28099999999998,536.1552
1995-08-22 00:48:00,238.213,524.9979
1995-08-22 00:49:00,105.80100000000002,496.8486
1995-08-22 00:50:00,420.69000000000005,495.18042
1995-08-22 00:51:00,382.236,475.45413
1995-08-22 00:52:00,435.748,497.2741
1995-08-22 00:53:00,285.727,501.2293
1995-08-22 00:54:00,255.707,529.7429
1995-08-22 00:55:00,122.777,512.39355
1995-08-22 00:56:00,196.337,512.18567
1995-08-22 00:57:00,300.176,498.32776
1995-08-22 00:58:00,164.287,464.42462
1995-08-22 00:59:00,1333.795,453.57532
1995-08-22 01:00:00,111.33599999999998,437.17584
1995-08-22 01:01:00,214.214,473.0721
1995-08-22 01:02:00,203.34799999999998,492.39786
1995-08-22 01:03:00,533.883,501.9273
1995-08-22 01:04:00,581.26,502.92545
1995-08-22 01:05:00,125.611,504.71243
1995-08-22 01:06:00,190.486,497.79382
1995-08-22 01:07:00,321.913,489.0713
1995-08-22 01:08:00,323.0120000000001,506.04178
1995-08-22 01:09:00,663.6500000000001,505.31104
1995-08-22 01:10:00,251.05800000000002,512.12646
1995-08-22 01:11:00,1186.8509999999999,537.04803
1995-08-22 01:12:00,167.881,534.786
1995-08-22 01:13:00,0.0,537.7465
1995-08-22 01:14:00,477.806,512.30133
1995-08-22 01:15:00,45.993,434.98914
1995-08-22 01:16:00,342.5880000000001,432.8234
1995-08-22 01:17:00,231.289,425.4668
1995-08-22 01:18:00,281.969,438.76614
1995-08-22 01:19:00,269.212,441.0342
1995-08-22 01:20:00,951.168,411.2593
1995-08-22 01:21:00,210.42400000000004,413.37634
1995-08-22 01:22:00,98.122,446.1176
1995-08-22 01:23:00,281.34,456.40384
1995-08-22 01:24:00,253.644,475.78833
1995-08-22 01:25:00,104.72399999999999,501.31906
1995-08-22 01:26:00,1662.113,516.41284
1995-08-22 01:27:00,317.09999999999997,513.5597
1995-08-22 01:28:00,1344.024,551.4778
1995-08-22 01:29:00,359.102,597.3103
1995-08-22 01:30:00,322.5159999999999,662.5341
1995-08-22 01:31:00,1373.9250000000002,693.2079
1995-08-22 01:32:00,172.564,676.1184
1995-08-22 01:33:00,377.113,684.2639
1995-08-22 01:34:00,652.3199999999999,634.7126
1995-08-22 01:35:00,178.614,604.34204
1995-08-22 01:36:00,399.989,608.95575
1995-08-22 01:37:00,157.173,589.58295
1995-08-22 01:38:00,325.01399999999995,569.1467
1995-08-22 01:39:00,381.373,558.14606
1995-08-22 01:40:00,215.047,553.9924
1995-08-22 01:41:00,352.317,559.93097
1995-08-22 01:42:00,478.71500000000003,545.50946
1995-08-22 01:43:00,138.197,491.9239
1995-08-22 01:44:00,70.76,453.6336
1995-08-22 01:45:00,665.9520000000001,421.26767
1995-08-22 01:46:00,118.356,379.63034
1995-08-22 01:47:00,504.573,401.97406
1995-08-22 01:48:00,449.403,410.45737
1995-08-22 01:49:00,164.484,474.49576
1995-08-22 01:50:00,246.169,520.1776
1995-08-22 01:51:00,98.794,537.38367
1995-08-22 01:52:00,297.844,553.0115
1995-08-22 01:53:00,226.779,543.6449
1995-08-22 01:54:00,498.034,538.6249
1995-08-22 01:55:00,259.811,551.268
1995-08-22 01:56:00,1501.094,578.5184
1995-08-22 01:57:00,228.048,593.97595
1995-08-22 01:58:00,49.724999999999994,657.4987
1995-08-22 01:59:00,282.974,652.7943
1995-08-22 02:00:00,183.63,597.2951
1995-08-22 02:01:00,704.635,567.9937
1995-08-22 02:02:00,141.615,521.3814
1995-08-22 02:03:00,217.333,525.78357
1995-08-22 02:04:00,141.785,489.84018
1995-08-22 02:05:00,243.29200000000006,468.06516
1995-08-22 02:06:00,168.969,446.07254
1995-08-22 02:07:00,118.463,424.92007
1995-08-22 02:08:00,91.916,392.32053
1995-08-22 02:09:00,18.189,372.3976
1995-08-22 02:10:00,70.151,297.2815
1995-08-22 02:11:00,347.15299999999996,231.20222
1995-08-22 02:12:00,60.62500000000001,188.37276
1995-08-22 02:13:00,102.293,171.83047
1995-08-22 02:14:00,222.42,180.86209
1995-08-22 02:15:00,336.873,197.41408
1995-08-22 02:16:00,76.088,178.50952
1995-08-22 02:17:00,11.000000000000002,175.36694
1995-08-22 02:18:00,234.047,195.96687
1995-08-22 02:19:00,206.863,166.47304
1995-08-22 02:20:00,90.878,159.83774
1995-08-22 02:21:00,160.939,209.30467
1995-08-22 02:22:00,368.87100000000004,231.6102
1995-08-22 02:23:00,258.589,247.78911
1995-08-22 02:24:00,156.305,289.27762
1995-08-22 02:25:00,146.65,338.3845
1995-08-22 02:26:00,30.436,362.3362
1995-08-22 02:27:00,528.893,367.9646
1995-08-22 02:28:00,984.2379999999999,345.80167
1995-08-22 02:29:00,333.859,360.89963
1995-08-22 02:30:00,306.855,422.06335
1995-08-22 02:31:00,132.873,450.25793
1995-08-22 02:32:00,430.723,461.73352
1995-08-22 02:33:00,123.64,485.60406
1995-08-22 02:34:00,188.26299999999998,514.1862
1995-08-22 02:35:00,273.752,492.0354
1995-08-22 02:36:00,12.015,471.2165
1995-08-22 02:37:00,330.341,426.88873
1995-08-22 02:38:00,356.906,377.87622
1995-08-22 02:39:00,402.943,360.30136
1995-08-22 02:40:00,195.584,349.0133
1995-08-22 02:41:00,237.936,370.52237
1995-08-22 02:42:00,283.57099999999997,375.18518
1995-08-22 02:43:00,124.62599999999999,403.74768
1995-08-22 02:44:00,204.888,441.43863
1995-08-22 02:45:00,311.393,438.67877
1995-08-22 02:46:00,164.119,439.16815
1995-08-22 02:47:00,97.124,423.45752
1995-08-22 02:48:00,36.525999999999996,425.71185
1995-08-22 02:49:00,65.344,388.44742
1995-08-22 02:50:00,155.909,359.43558
1995-08-22 02:51:00,57.359,335.1802
1995-08-22 02:52:00,118.71399999999998,332.01895
1995-08-22 02:53:00,78.68599999999999,340.48126
1995-08-22 02:54:00,24.706,353.539
1995-08-22 02:55:00,39.252,354.9492
1995-08-22 02:56:00,775.915,349.30737
1995-08-22 02:57:00,305.791,323.96094
1995-08-22 02:58:00,67.444,321.64478
1995-08-22 02:59:00,204.38899999999998,336.5623
1995-08-22 03:00:00,132.365,341.50497
1995-08-22 03:01:00,106.408,372.76108
1995-08-22 03:02:00,250.02200000000002,355.83606
1995-08-22 03:03:00,149.637,334.62674
1995-08-22 03:04:00,728.984,356.7852
1995-08-22 03:05:00,165.79200000000003,382.27396
1995-08-22 03:06:00,197.27599999999998,408.47015
1995-08-22 03:07:00,513.165,422.34885
1995-08-22 03:08:00,143.988,384.80423
1995-08-22 03:09:00,404.262,382.35623
1995-08-22 03:10:00,152.40200000000002,387.20886
1995-08-22 03:11:00,195.976,407.67365
1995-08-22 03:12:00,238.942,411.7358
1995-08-22 03:13:00,286.304,406.98056
1995-08-22 03:14:00,211.21699999999998,406.02206
1995-08-22 03:15:00,89.055,402.84714
1995-08-22 03:16:00,312.512,357.2699
1995-08-22 03:17:00,259.651,307.10492
1995-08-22 03:18:00,133.631,303.95786
1995-08-22 03:19:00,1740.3720000000003,308.5053
1995-08-22 03:20:00,450.839,332.44125
1995-08-22 03:21:00,127.037,420.10367
1995-08-22 03:22:00,130.394,477.58926
1995-08-22 03:23:00,456.363,506.11472
1995-08-22 03:24:00,277.505,499.96362
1995-08-22 03:25:00,550.981,504.35944
1995-08-22 03:26:00,331.826,502.5597
1995-08-22 03:27:00,466.906,500.54816
1995-08-22 03:28:00,560.557,491.79474
1995-08-22 03:29:00,707.695,491.79736
1995-08-22 03:30:00,229.592,484.6049
1995-08-22 03:31:00,353.303,466.80765
1995-08-22 03:32:00,509.046,455.12778
1995-08-22 03:33:00,469.161,426.8165
1995-08-22 03:34:00,601.392,397.65024
1995-08-22 03:35:00,431.63100000000003,393.63663
1995-08-22 03:36:00,270.774,414.6452
1995-08-22 03:37:00,516.41,416.4156
1995-08-22 03:38:00,279.359,423.83276
1995-08-22 03:39:00,314.45300000000003,418.22388
1995-08-22 03:40:00,1328.208,391.6526
1995-08-22 03:41:00,328.42900000000003,339.2597
1995-08-22 03:42:00,53.102000000000004,341.10568
1995-08-22 03:43:00,424.511,333.00198
1995-08-22 03:44:00,429.645,322.87912
1995-08-22 03:45:00,443.303,326.34247
1995-08-22 03:46:00,79.611,304.28183
1995-08-22 03:47:00,205.702,309.2213
1995-08-22 03:48:00,232.439,280.6444
1995-08-22 03:49:00,1487.752,255.49632
1995-08-22 03:50:00,460.846,276.26343
1995-08-22 03:51:00,1248.805,340.10663
1995-08-22 03:52:00,210.52800000000005,344.01132
1995-08-22 03:53:00,527.222,367.65088
1995-08-22 03:54:00,1754.2079999999999,389.12543
1995-08-22 03:55:00,164.473,412.44922
1995-08-22 03:56:00,445.277,478.8612
1995-08-22 03:57:00,89.416,471.47327
1995-08-22 03:58:00,953.911,479.17935
1995-08-22 03:59:00,123.868,472.49014
1995-08-22 04:00:00,242.404,489.2155
1995-08-22 04:01:00,314.982,472.02243
1995-08-22 04:02:00,255.49399999999997,468.62582
1995-08-22 04:03:00,95.635,449.6787
1995-08-22 04:04:00,178.873,447.49213
1995-08-22 04:05:00,234.63899999999998,400.60016
1995-08-22 04:06:00,63.562000000000005,354.1375
1995-08-22 04:07:00,644.321,368.14066
1995-08-22 04:08:00,178.866,369.4102
1995-08-22 04:09:00,135.625,405.35593
1995-08-22 04:10:00,319.951,412.07828
1995-08-22 04:11:00,252.831,417.4711
1995-08-22 04:12:00,178.35200000000003,376.32898
1995-08-22 04:13:00,195.592,368.2547
1995-08-22 04:14:00,119.83799999999998,385.9034
1995-08-22 04:15:00,72.856,403.58356
1995-08-22 04:16:00,39.623,391.3139
1995-08-22 04:17:00,143.801,363.33148
1995-08-22 04:18:00,300.72,330.17834
1995-08-22 04:19:00,550.359,302.04184
1995-08-22 04:20:00,395.298,287.23395
1995-08-22 04:21:00,404.207,318.35043
1995-08-22 04:22:00,623.011,349.7253
1995-08-22 04:23:00,150.44,380.37967
1995-08-22 04:24:00,86.21300000000001,390.9182
1995-08-22 04:25:00,350.816,395.30267
1995-08-22 04:26:00,138.03,386.05988
1995-08-22 04:27:00,266.148,376.599
1995-08-22 04:28:00,196.52600000000004,386.22275
1995-08-22 04:29:00,66.246,395.4888
1995-08-22 04:30:00,301.945,390.2442
1995-08-22 04:31:00,374.33799999999997,354.08646
1995-08-22 04:32:00,102.769,338.50903
1995-08-22 04:33:00,267.61400000000003,318.31485
1995-08-22 04:34:00,93.416,306.23917
1995-08-22 04:35:00,700.4549999999999,313.38025
1995-08-22 04:36:00,15.927,310.49277
1995-08-22 04:37:00,295.225,340.70856
1995-08-22 04:38:00,31.57,314.61118
1995-08-22 04:39:00,20.124999999999996,293.3405
1995-08-22 04:40:00,147.556,246.2448
1995-08-22 04:41:00,27.073999999999998,226.2697
1995-08-22 04:42:00,1.173,231.73831
1995-08-22 04:43:00,80.78399999999999,212.63547
1995-08-22 04:44:00,56.455999999999996,175.97427
1995-08-22 04:45:00,44.14,169.21797
1995-08-22 04:46:00,217.31,185.4892
1995-08-22 04:47:00,157.66199999999998,202.11708
1995-08-22 04:48:00,277.134,245.67542
1995-08-22 04:49:00,153.871,269.54083
1995-08-22 04:50:00,121.887,300.6534
1995-08-22 04:51:00,104.005,309.38135
1995-08-22 04:52:00,59.32,327.24615
1995-08-22 04:53:00,75.185,339.4081
1995-08-22 04:54:00,0.0,323.65265
1995-08-22 04:55:00,7.011,294.63065
1995-08-22 04:56:00,131.215,237.10355
1995-08-22 04:57:00,192.327,191.57094
1995-08-22 04:58:00,97.907,175.5448
1995-08-22 04:59:00,136.952,184.43863
1995-08-22 05:00:00,85.266,191.12628
1995-08-22 05:01:00,509.84099999999995,185.75208
1995-08-22 05:02:00,160.305,220.4297
1995-08-22 05:03:00,482.903,268.4885
1995-08-22 05:04:00,486.225,291.80884
1995-08-22 05:05:00,855.497,310.09705
1995-08-22 05:06:00,599.891,333.04083
1995-08-22 05:07:00,754.765,379.29556
1995-08-22 05:08:00,129.18,404.50052
1995-08-22 05:09:00,149.454,450.94406
1995-08-22 05:10:00,175.268,452.24402
1995-08-22 05:11:00,215.949,441.1876
1995-08-22 05:12:00,282.469,435.59937
1995-08-22 05:13:00,195.14200000000002,440.62308
1995-08-22 05:14:00,203.132,477.26706
1995-08-22 05:15:00,216.415,478.9716
1995-08-22 05:16:00,117.85499999999999,460.3507
1995-08-22 05:17:00,22.922000000000004,433.235
1995-08-22 05:18:00,93.198,394.23508
1995-08-22 05:19:00,124.939,335.17712
1995-08-22 05:20:00,79.22200000000001,283.13342
1995-08-22 05:21:00,359.803,262.4588
1995-08-22 05:22:00,352.52,256.7713
1995-08-22 05:23:00,163.84300000000002,309.8053
1995-08-22 05:24:00,232.257,332.40488
1995-08-22 05:25:00,20.271,351.6399
1995-08-22 05:26:00,114.40600000000002,347.65964
1995-08-22 05:27:00,196.68699999999998,279.72977
1995-08-22 05:28:00,339.73400000000004,237.98158
1995-08-22 05:29:00,177.906,240.27213
1995-08-22 05:30:00,51.329,240.45946
1995-08-22 05:31:00,383.89300000000003,258.94247
1995-08-22 05:32:00,232.12600000000003,271.5139
1995-08-22 05:33:00,267.197,267.64203
1995-08-22 05:34:00,239.81,269.04257
1995-08-22 05:35:00,706.546,303.51553
1995-08-22 05:36:00,29.267,319.17044
1995-08-22 05:37:00,611.615,339.9176
1995-08-22 05:38:00,75.15599999999999,321.80478
1995-08-22 05:39:00,107.35900000000001,339.5206
1995-08-22 05:40:00,112.467,346.01282
1995-08-22 05:41:00,133.537,343.13705
1995-08-22 05:42:00,117.66799999999999,322.3641
1995-08-22 05:43:00,87.943,313.38074
1995-08-22 05:44:00,34.556,299.67322
1995-08-22 05:45:00,494.29099999999994,295.882
1995-08-22 05:46:00,44.13300000000001,276.31165
1995-08-22 05:47:00,134.093,291.5078
1995-08-22 05:48:00,228.249,285.88083
1995-08-22 05:49:00,376.77299999999997,255.37996
1995-08-22 05:50:00,36.234,239.43854
1995-08-22 05:51:00,236.539,236.15294
1995-08-22 05:52:00,317.469,235.73553
1995-08-22 05:53:00,523.9549999999999,242.18437
1995-08-22 05:54:00,1532.734,274.60196
1995-08-22 05:55:00,127.46600000000001,293.64954
1995-08-22 05:56:00,163.04499999999996,355.5008
1995-08-22 05:57:00,168.78199999999998,379.89108
1995-08-22 05:58:00,503.81200000000007,395.66714
1995-08-22 05:59:00,92.741,401.01797
1995-08-22 06:00:00,62.388,413.52042
1995-08-22 06:01:00,108.477,405.05756
1995-08-22 06:02:00,174.09799999999998,387.52118
1995-08-22 06:03:00,598.8850000000001,361.68726
1995-08-22 06:04:00,270.459,350.74554
1995-08-22 06:05:00,64.865,359.09232
1995-08-22 06:06:00,44.365,366.89835
1995-08-22 06:07:00,165.31599999999997,386.39133
1995-08-22 06:08:00,87.624,404.38303
1995-08-22 06:09:00,233.584,410.37335
1995-08-22 06:10:00,45.238,417.44864
1995-08-22 06:11:00,196.81,424.4519
1995-08-22 06:12:00,222.81299999999996,381.53857
1995-08-22 06:13:00,105.12700000000001,355.9441
1995-08-22 06:14:00,350.08000000000004,355.51154
1995-08-22 06:15:00,55.167,339.07104
1995-08-22 06:16:00,30.663,306.8371
1995-08-22 06:17:00,309.53700000000003,287.30875
1995-08-22 06:18:00,70.943,262.80472
1995-08-22 06:19:00,8.82,261.55783
1995-08-22 06:20:00,537.257,271.96768
1995-08-22 06:21:00,243.982,255.05457
1995-08-22 06:22:00,93.329,257.53812
1995-08-22 06:23:00,86.29399999999998,285.0594
1995-08-22 06:24:00,261.928,285.10696
1995-08-22 06:25:00,94.315,297.15656
1995-08-22 06:26:00,57.292,317.91702
1995-08-22 06:27:00,0.0,319.22763
1995-08-22 06:28:00,157.0,323.10507
1995-08-22 06:29:00,119.851,285.11523
1995-08-22 06:30:00,175.14800000000002,292.88666
1995-08-22 06:31:00,24.962999999999997,317.72577
1995-08-22 06:32:00,101.02799999999999,326.58102
1995-08-22 06:33:00,284.289,282.25726
1995-08-22 06:34:00,47.462999999999994,253.33441
1995-08-22 06:35:00,275.731,244.96278
1995-08-22 06:36:00,171.28199999999998,242.37708
1995-08-22 06:37:00,180.19899999999998,271.10233
1995-08-22 06:38:00,488.2,304.04233
1995-08-22 06:39:00,161.014,327.3451
1995-08-22 06:40:00,88.411,362.4395
1995-08-22 06:41:00,220.697,358.5383
1995-08-22 06:42:00,166.971,337.40393
1995-08-22 06:43:00,223.945,341.2493
1995-08-22 06:44:00,178.579,362.53363
1995-08-22 06:45:00,343.5230000000001,355.219
1995-08-22 06:46:00,203.20999999999998,370.6408
1995-08-22 06:47:00,163.297,400.6939
1995-08-22 06:48:00,311.027,407.1236
1995-08-22 06:49:00,1136.3519999999999,378.92963
1995-08-22 06:50:00,58.719,395.5795
1995-08-22 06:51:00,381.2300000000001,411.6529
1995-08-22 06:52:00,69.19500000000001,399.1947
1995-08-22 06:53:00,223.867,392.77884
1995-08-22 06:54:00,330.052,369.373
1995-08-22 06:55:00,446.147,367.90546
1995-08-22 06:56:00,683.101,402.7973
1995-08-22 06:57:00,1018.238,435.14133
1995-08-22 06:58:00,1072.405,450.94376
1995-08-22 06:59:00,749.5070000000001,494.64026
1995-08-22 07:00:00,471.42999999999995,524.91187
1995-08-22 07:01:00,996.4649999999999,565.72943
1995-08-22 07:02:00,640.95,618.87085
1995-08-22 07:03:00,482.46500000000003,655.6145
1995-08-22 07:04:00,1130.79,657.34686
1995-08-22 07:05:00,90.551,672.1254
1995-08-22 07:06:00,85.806,678.7196
1995-08-22 07:07:00,472.59600000000006,625.54877
1995-08-22 07:08:00,20.841,562.3075
1995-08-22 07:09:00,446.54,533.27167
1995-08-22 07:10:00,67.51,477.44736
1995-08-22 07:11:00,84.614,463.8021
1995-08-22 07:12:00,15.876999999999999,432.35526
1995-08-22 07:13:00,19.644,378.71066
1995-08-22 07:14:00,77.464,349.30566
1995-08-22 07:15:00,107.302,313.29944
1995-08-22 07:16:00,276.466,277.8526
1995-08-22 07:17:00,153.561,286.87057
1995-08-22 07:18:00,49.507000000000005,287.2868
1995-08-22 07:19:00,110.033,283.56622
1995-08-22 07:20:00,173.52100000000002,280.8191
1995-08-22 07:21:00,236.44699999999995,276.35416
1995-08-22 07:22:00,461.628,285.085
1995-08-22 07:23:00,348.519,330.4448
1995-08-22 07:24:00,292.911,371.2391
1995-08-22 07:25:00,269.941,402.12805
1995-08-22 07:26:00,637.573,428.09335
1995-08-22 07:27:00,258.51099999999997,445.10635
1995-08-22 07:28:00,282.47,483.32465
1995-08-22 07:29:00,1418.2040000000002,498.9647
1995-08-22 07:30:00,492.67699999999996,516.2649
1995-08-22 07:31:00,1497.092,584.26166
1995-08-22 07:32:00,595.736,631.97614
1995-08-22 07:33:00,432.18399999999997,679.59283
1995-08-22 07:34:00,255.97400000000002,700.5499
1995-08-22 07:35:00,204.89600000000002,699.2275
1995-08-22 07:36:00,216.753,717.13434
1995-08-22 07:37:00,436.03999999999996,689.39545
1995-08-22 07:38:00,618.933,655.25726
1995-08-22 07:39:00,256.61,644.0162
1995-08-22 07:40:00,378.129,627.1586
1995-08-22 07:41:00,360.802,628.399
1995-08-22 07:42:00,473.42900000000003,634.0111
1995-08-22 07:43:00,954.399,645.2329
1995-08-22 07:44:00,429.06899999999996,683.519
1995-08-22 07:45:00,221.015,701.93713
1995-08-22 07:46:00,440.569,684.5867
1995-08-22 07:47:00,390.555,671.2467
1995-08-22 07:48:00,1383.721,651.24896
1995-08-22 07:49:00,273.148,631.8847
1995-08-22 07:50:00,791.528,639.65564
1995-08-22 07:51:00,1702.285,624.92236
1995-08-22 07:52:00,575.928,609.10736
1995-08-22 07:53:00,427.90500000000003,624.0773
1995-08-22 07:54:00,300.381,652.9506
1995-08-22 07:55:00,345.624,656.63116
1995-08-22 07:56:00,507.512,662.10333
1995-08-22 07:57:00,345.928,688.781
1995-08-22 07:58:00,185.049,680.5406
1995-08-22 07:59:00,196.506,660.53937
1995-08-22 08:00:00,283.08299999999997,624.7916
1995-08-22 08:01:00,451.301,597.06146
1995-08-22 08:02:00,211.99699999999999,579.7794
1995-08-22 08:03:00,276.429,604.61774
1995-08-22 08:04:00,414.30899999999997,605.0395
1995-08-22 08:05:00,255.41100000000003,611.82196
1995-08-22 08:06:00,182.41899999999998,624.02875
1995-08-22 08:07:00,149.479,586.6799
1995-08-22 08:08:00,215.392,541.92584
1995-08-22 08:09:00,210.105,497.87027
1995-08-22 08:10:00,297.05199999999996,476.42764
1995-08-22 08:11:00,510.52299999999997,476.61575
1995-08-22 08:12:00,271.827,475.65228
1995-08-22 08:13:00,413.348,476.77972
1995-08-22 08:14:00,78.894,466.12378
1995-08-22 08:15:00,227.664,479.91708
1995-08-22 08:16:00,598.891,482.1843
1995-08-22 08:17:00,517.54,457.04663
1995-08-22 08:18:00,773.987,503.83212
1995-08-22 08:19:00,340.916,549.0544
1995-08-22 08:20:00,1113.7740000000001,591.18365
1995-08-22 08:21:00,398.139,642.629
1995-08-22 08:22:00,275.759,678.5375
1995-08-22 08:23:00,218.148,667.6804
1995-08-22 08:24:00,370.44200000000006,642.7751
1995-08-22 08:25:00,205.064,631.2672
1995-08-22 08:26:00,106.14900000000002,639.1511
1995-08-22 08:27:00,797.088,645.9746
1995-08-22 08:28:00,848.627,618.8286
1995-08-22 08:29:00,291.192,619.34503
1995-08-22 08:30:00,677.1899999999999,641.8668
1995-08-22 08:31:00,538.048,652.28796
1995-08-22 08:32:00,624.0459999999999,665.2766
1995-08-22 08:33:00,2111.395,673.60345
1995-08-22 08:34:00,981.3,695.5026
1995-08-22 08:35:00,376.962,758.56384
1995-08-22 08:36:00,394.868,800.2082
1995-08-22 08:37:00,333.545,807.47656
1995-08-22 08:38:00,821.0659999999998,772.4733
1995-08-22 08:39:00,1250.954,709.9823
1995-08-22 08:40:00,1479.103,692.4318
1995-08-22 08:41:00,652.508,700.1347
1995-08-22 08:42:00,2023.2059999999997,736.4154
1995-08-22 08:43:00,1836.4959999999999,751.106
1995-08-22 08:44:00,1255.8960000000002,796.87494
1995-08-22 08:45:00,564.6610000000001,863.3387
1995-08-22 08:46:00,503.676,938.0538
1995-08-22 08:47:00,416.179,964.8867
1995-08-22 08:48:00,139.028,983.4057
1995-08-22 08:49:00,441.45900000000006,934.8644
1995-08-22 08:50:00,91.507,865.8942
1995-08-22 08:51:00,406.1449999999999,801.4534
1995-08-22 08:52:00,297.136,716.8157
1995-08-22 08:53:00,1280.455,694.6441
1995-08-22 08:54:00,546.0,657.64575
1995-08-22 08:55:00,1272.4389999999999,646.332
1995-08-22 08:56:00,1451.2180000000003,657.0479
1995-08-22 08:57:00,430.988,687.8724
1995-08-22 08:58:00,657.553,709.7667
1995-08-22 08:59:00,1366.721,709.6536
1995-08-22 09:00:00,317.184,721.26843
1995-08-22 09:01:00,555.819,722.85486
1995-08-22 09:02:00,435.299,712.19055
1995-08-22 09:03:00,619.573,758.0744
1995-08-22 09:04:00,446.67699999999996,777.24854
1995-08-22 09:05:00,184.567,783.677
1995-08-22 09:06:00,1338.4530000000002,787.3205
1995-08-22 09:07:00,306.794,742.1727
1995-08-22 09:08:00,662.847,725.52106
1995-08-22 09:09:00,512.3870000000001,716.3367
1995-08-22 09:10:00,557.362,730.4001
1995-08-22 09:11:00,486.002,730.4841
1995-08-22 09:12:00,549.5649999999999,736.10254
1995-08-22 09:13:00,1409.368,748.10626
1995-08-22 09:14:00,1042.281,723.5543
1995-08-22 09:15:00,882.6770000000001,779.46277
1995-08-22 09:16:00,1742.4799999999998,820.77203
1995-08-22 09:17:00,398.81199999999995,887.0752
1995-08-22 09:18:00,725.817,906.98114
1995-08-22 09:19:00,504.34099999999995,869.58527
1995-08-22 09:20:00,359.152,838.29376
1995-08-22 09:21:00,1583.47,810.2965
1995-08-22 09:22:00,861.827,776.1653
1995-08-22 09:23:00,696.691,811.0152
1995-08-22 09:24:00,794.8549999999999,832.31226
1995-08-22 09:25:00,518.17,860.0987
1995-08-22 09:26:00,547.374,882.81964
1995-08-22 09:27:00,594.643,863.6667
1995-08-22 09:28:00,268.061,831.582
1995-08-22 09:29:00,1421.675,812.20087
1995-08-22 09:30:00,1694.873,795.7471
1995-08-22 09:31:00,582.6179999999999,811.0094
1995-08-22 09:32:00,1584.963,889.6142
1995-08-22 09:33:00,1194.954,886.667
1995-08-22 09:34:00,407.998,913.66016
1995-08-22 09:35:00,465.35200000000003,909.1726
1995-08-22 09:36:00,1331.164,898.76953
1995-08-22 09:37:00,1042.164,895.6284
1995-08-22 09:38:00,987.872,907.0918
1995-08-22 09:39:00,672.417,932.7358
1995-08-22 09:40:00,530.154,953.90924
1995-08-22 09:41:00,1826.097,949.52844
1995-08-22 09:42:00,1847.7190000000005,903.60626
1995-08-22 09:43:00,1095.032,934.1169
1995-08-22 09:44:00,1377.387,996.2269
1995-08-22 09:45:00,714.9950000000001,1033.5183
1995-08-22 09:46:00,588.884,1080.0101
1995-08-22 09:47:00,246.198,1074.3341
1995-08-22 09:48:00,227.02899999999997,1026.1737
1995-08-22 09:49:00,510.501,969.6351
1995-08-22 09:50:00,293.47499999999997,908.93085
1995-08-22 09:51:00,636.006,861.0974
1995-08-22 09:52:00,387.482,812.9745
1995-08-22 09:53:00,188.041,775.2542
1995-08-22 09:54:00,133.841,751.99365
1995-08-22 09:55:00,359.748,723.4515
1995-08-22 09:56:00,802.5270000000002,658.3698
1995-08-22 09:57:00,664.02,625.8464
1995-08-22 09:58:00,430.952,675.5469
1995-08-22 09:59:00,415.27099999999996,720.3257
1995-08-22 10:00:00,1538.461,729.4889
1995-08-22 10:01:00,592.111,731.0856
1995-08-22 10:02:00,652.252,761.50275
1995-08-22 10:03:00,454.8110000000001,763.5737
1995-08-22 10:04:00,837.4209999999999,777.0146
1995-08-22 10:05:00,140.028,760.89484
1995-08-22 10:06:00,1685.73,783.68585
1995-08-22 10:07:00,772.8720000000001,743.75024
1995-08-22 10:08:00,287.25,763.2282
1995-08-22 10:09:00,1423.6409999999998,764.69824
1995-08-22 10:10:00,376.094,745.6636
1995-08-22 10:11:00,354.204,751.48724
1995-08-22 10:12:00,70.32900000000001,725.7741
1995-08-22 10:13:00,553.467,685.9414
1995-08-22 10:14:00,278.018,609.84985
1995-08-22 10:15:00,610.427,576.1495
1995-08-22 10:16:00,313.999,561.66046
1995-08-22 10:17:00,242.441,577.23065
1995-08-22 10:18:00,329.399,571.6864
1995-08-22 10:19:00,203.988,546.94434
1995-08-22 10:20:00,696.49,536.9149
1995-08-22 10:21:00,705.32,504.92355
1995-08-22 10:22:00,667.176,521.27454
1995-08-22 10:23:00,986.8570000000001,561.0034
1995-08-22 10:24:00,681.9879999999999,610.50287
1995-08-22 10:25:00,971.059,667.3445
1995-08-22 10:26:00,1925.737,710.6666
1995-08-22 10:27:00,386.713,776.93665
1995-08-22 10:28:00,1163.598,848.31805
1995-08-22 10:29:00,1118.51,841.53125
1995-08-22 10:30:00,1077.757,833.8231
1995-08-22 10:31:00,723.8800000000001,901.7101
1995-08-22 10:32:00,304.29200000000003,930.56555
1995-08-22 10:33:00,278.411,919.7612
1995-08-22 10:34:00,291.20799999999997,885.7303
1995-08-22 10:35:00,956.568,829.82587
1995-08-22 10:36:00,542.177,791.91815
1995-08-22 10:37:00,676.7889999999999,791.1325
1995-08-22 10:38:00,220.1,767.9704
1995-08-22 10:39:00,1647.7549999999999,803.5676
1995-08-22 10:40:00,324.3,777.16156
1995-08-22 10:41:00,1507.3719999999998,796.38214
1995-08-22 10:42:00,333.382,773.49225
1995-08-22 10:43:00,497.787,786.28687
1995-08-22 10:44:00,849.1080000000001,787.2282
1995-08-22 10:45:00,558.345,813.937
1995-08-22 10:46:00,762.77,843.90546
1995-08-22 10:47:00,840.1410000000001,849.597
1995-08-22 10:48:00,781.484,870.7839
1995-08-22 10:49:00,555.156,863.82074
1995-08-22 10:50:00,637.577,884.5974
1995-08-22 10:51:00,1172.921,858.62634
1995-08-22 10:52:00,2837.0069999999996,857.2892
1995-08-22 10:53:00,869.716,856.3323
1995-08-22 10:54:00,1053.791,938.7263
1995-08-22 10:55:00,566.929,985.6597
1995-08-22 10:56:00,414.327,1014.762
1995-08-22 10:57:00,472.805,1030.4749
1995-08-22 10:58:00,638.097,1026.3351
1995-08-22 10:59:00,1221.381,1007.2787
1995-08-22 11:00:00,1604.726,1017.0502
1995-08-22 11:01:00,241.81300000000002,996.5911
1995-08-22 11:02:00,446.4750000000001,1041.7197
1995-08-22 11:03:00,345.967,1022.50183
1995-08-22 11:04:00,647.234,967.49164
1995-08-22 11:05:00,325.50900000000007,964.12164
1995-08-22 11:06:00,295.233,965.0481
1995-08-22 11:07:00,628.778,949.4202
1995-08-22 11:08:00,738.753,931.7591
1995-08-22 11:09:00,213.67999999999998,930.811
1995-08-22 11:10:00,805.66,913.0078
1995-08-22 11:11:00,479.895,864.5767
1995-08-22 11:12:00,941.2090000000001,822.25323
1995-08-22 11:13:00,1604.7869999999998,840.4357
1995-08-22 11:14:00,737.048,879.8256
1995-08-22 11:15:00,374.48699999999997,981.81696
1995-08-22 11:16:00,759.611,1020.7788
1995-08-22 11:17:00,658.242,1026.6248
1995-08-22 11:18:00,634.956,1039.0717
1995-08-22 11:19:00,380.354,1017.4141
1995-08-22 11:20:00,726.827,998.56055
1995-08-22 11:21:00,505.213,940.6126
1995-08-22 11:22:00,726.116,926.5349
1995-08-22 11:23:00,1026.9950000000001,885.44775
1995-08-22 11:24:00,496.281,868.27277
1995-08-22 11:25:00,440.26099999999997,887.58936
1995-08-22 11:26:00,1829.1289999999997,915.41156
1995-08-22 11:27:00,460.401,909.6878
1995-08-22 11:28:00,953.1779999999999,990.2728
1995-08-22 11:29:00,916.061,1029.8921
1995-08-22 11:30:00,658.8910000000001,1085.1392
1995-08-22 11:31:00,915.005,1135.2408
1995-08-22 11:32:00,680.004,1147.635
1995-08-22 11:33:00,484.189,1127.5104
1995-08-22 11:34:00,605.399,1064.6199
1995-08-22 11:35:00,486.04,994.4858
1995-08-22 11:36:00,1287.229,958.71045
1995-08-22 11:37:00,726.9960000000001,945.1695
1995-08-22 11:38:00,1882.851,978.3092
1995-08-22 11:39:00,1629.365,1004.0591
1995-08-22 11:40:00,1648.668,1082.8926
1995-08-22 11:41:00,1825.434,1152.849
1995-08-22 11:42:00,871.3570000000001,1252.0743
1995-08-22 11:43:00,1762.2459999999999,1330.3374
1995-08-22 11:44:00,986.013,1364.2267
1995-08-22 11:45:00,935.341,1393.395
1995-08-22 11:46:00,1020.001,1385.6951
1995-08-22 11:47:00,1509.134,1351.7814
1995-08-22 11:48:00,805.125,1287.6382
1995-08-22 11:49:00,518.751,1288.501
1995-08-22 11:50:00,1101.685,1225.9729
1995-08-22 11:51:00,1071.234,1144.2383
1995-08-22 11:52:00,1142.199,1078.3424
1995-08-22 11:53:00,931.55,1036.9806
1995-08-22 11:54:00,1478.583,1052.3625
1995-08-22 11:55:00,1030.446,1063.0393
1995-08-22 11:56:00,529.034,1128.0349
1995-08-22 11:57:00,758.308,1151.2108
1995-08-22 11:58:00,613.9110000000001,1108.2083
1995-08-22 11:59:00,613.3639999999999,1041.3217
1995-08-22 12:00:00,416.245,1020.37384
1995-08-22 12:01:00,352.073,988.0262
1995-08-22 12:02:00,436.893,918.643
1995-08-22 12:03:00,501.394,889.8237
1995-08-22 12:04:00,658.4,881.6381
1995-08-22 12:05:00,778.4750000000001,887.6462
1995-08-22 12:06:00,793.694,921.52795
1995-08-22 12:07:00,1955.101,974.2387
1995-08-22 12:08:00,227.715,1002.6424
1995-08-22 12:09:00,1630.4469999999997,1041.9679
1995-08-22 12:10:00,1410.206,1035.2214
1995-08-22 12:11:00,1284.82,1073.4149
1995-08-22 12:12:00,369.76599999999996,1090.0096
1995-08-22 12:13:00,574.262,1126.4739
1995-08-22 12:14:00,1455.9850000000001,1128.5435
1995-08-22 12:15:00,401.402,1157.2601
1995-08-22 12:16:00,725.173,1188.3969
1995-08-22 12:17:00,851.277,1173.6506
1995-08-22 12:18:00,378.608,1156.4073
1995-08-22 12:19:00,1445.3959999999997,1126.8044
1995-08-22 12:20:00,917.5649999999998,1101.7172
1995-08-22 12:21:00,621.1279999999999,1121.1266
1995-08-22 12:22:00,673.957,1145.7374
1995-08-22 12:23:00,542.98,1124.5302
1995-08-22 12:24:00,1025.911,1121.2534
1995-08-22 12:25:00,566.447,1112.4113
1995-08-22 12:26:00,1040.568,1141.7539
1995-08-22 12:27:00,731.954,1158.6255
1995-08-22 12:28:00,758.853,1192.7228
1995-08-22 12:29:00,1004.513,1221.742
1995-08-22 12:30:00,1343.492,1238.8038
1995-08-22 12:31:00,904.752,1254.9536
1995-08-22 12:32:00,1191.3609999999999,1319.3267
1995-08-22 12:33:00,1014.755,1344.365
1995-08-22 12:34:00,1030.595,1323.0961
1995-08-22 12:35:00,827.037,1277.6365
1995-08-22 12:36:00,606.479,1232.7317
1995-08-22 12:37:00,713.085,1224.6725
1995-08-22 12:38:00,1259.964,1178.065
1995-08-22 12:39:00,1375.991,1142.0833
1995-08-22 12:40:00,759.687,1121.4073
1995-08-22 12:41:00,1127.437,1101.4266
1995-08-22 12:42:00,1086.026,1107.5258
1995-08-22 12:43:00,1399.1779999999999,1147.0204
1995-08-22 12:44:00,1791.527,1182.5103
1995-08-22 12:45:00,647.274,1201.5039
1995-08-22 12:46:00,410.767,1229.394
1995-08-22 12:47:00,1716.077,1216.2396
1995-08-22 12:48:00,1139.567,1172.7655
1995-08-22 12:49:00,1608.86,1211.4056
1995-08-22 12:50:00,1777.169,1232.7097
1995-08-22 12:51:00,1242.394,1231.442
1995-08-22 12:52:00,957.63,1313.3278
1995-08-22 12:53:00,378.709,1349.6261
1995-08-22 12:54:00,547.454,1346.7144
1995-08-22 12:55:00,300.486,1295.4391
1995-08-22 12:56:00,951.833,1210.9645
1995-08-22 12:57:00,1727.995,1119.6427
1995-08-22 12:58:00,1367.0749999999998,1069.5771
1995-08-22 12:59:00,1004.184,1070.4977
1995-08-22 13:00:00,1952.3669999999997,1094.1976
1995-08-22 13:01:00,947.5020000000001,1090.8197
1995-08-22 13:02:00,2144.929,1114.8708
1995-08-22 13:03:00,591.922,1106.8014
1995-08-22 13:04:00,689.1389999999999,1150.7817
1995-08-22 13:05:00,1216.619,1160.1508
1995-08-22 13:06:00,476.026,1153.5977
1995-08-22 13:07:00,797.4139999999999,1211.3141
1995-08-22 13:08:00,1543.607,1219.8019
1995-08-22 13:09:00,1517.486,1191.96
1995-08-22 13:10:00,1114.083,1195.4834
1995-08-22 13:11:00,1726.742,1224.6865
1995-08-22 13:12:00,1597.1970000000001,1243.3167
1995-08-22 13:13:00,1428.312,1295.5181
1995-08-22 13:14:00,1683.542,1313.1532
1995-08-22 13:15:00,570.416,1365.6948
1995-08-22 13:16:00,701.5229999999999,1403.4507
1995-08-22 13:17:00,793.521,1330.489
1995-08-22 13:18:00,1114.06,1285.3359
1995-08-22 13:19:00,970.106,1314.9694
1995-08-22 13:20:00,1315.158,1328.1171
1995-08-22 13:21:00,1729.923,1308.4382
1995-08-22 13:22:00,1791.302,1295.2615
1995-08-22 13:23:00,575.684,1302.9167
1995-08-22 13:24:00,1172.386,1332.3536
1995-08-22 13:25:00,1955.323,1313.0607
1995-08-22 13:26:00,1333.6149999999998,1301.8733
1995-08-22 13:27:00,2492.212,1339.3441
1995-08-22 13:28:00,1108.554,1342.2377
1995-08-22 13:29:00,901.3419999999999,1382.4294
1995-08-22 13:30:00,536.755,1418.928
1995-08-22 13:31:00,435.303,1422.9996
1995-08-22 13:32:00,1215.791,1400.532
1995-08-22 13:33:00,1197.77,1347.2399
1995-08-22 13:34:00,1382.9319999999998,1284.6565
1995-08-22 13:35:00,1321.944,1314.3833
1995-08-22 13:36:00,1584.0929999999998,1310.6655
1995-08-22 13:37:00,409.249,1314.9695
1995-08-22 13:38:00,2440.69,1349.349
1995-08-22 13:39:00,1979.2289999999998,1273.2594
1995-08-22 13:40:00,557.933,1267.0642
1995-08-22 13:41:00,600.629,1269.7811
1995-08-22 13:42:00,1967.1989999999998,1227.7081
1995-08-22 13:43:00,1241.373,1174.1406
1995-08-22 13:44:00,790.0759999999999,1192.9468
1995-08-22 13:45:00,957.4420000000001,1203.094
1995-08-22 13:46:00,1936.827,1176.3694
1995-08-22 13:47:00,1365.776,1192.8967
1995-08-22 13:48:00,977.7210000000001,1246.4327
1995-08-22 13:49:00,772.728,1309.9872
1995-08-22 13:50:00,646.9620000000001,1291.6653
1995-08-22 13:51:00,902.479,1270.0894
1995-08-22 13:52:00,502.456,1257.0027
1995-08-22 13:53:00,865.5939999999999,1224.1558
1995-08-22 13:54:00,1951.4010000000003,1169.3911
1995-08-22 13:55:00,272.616,1129.4774
1995-08-22 13:56:00,913.358,1176.6643
1995-08-22 13:57:00,320.462,1112.1313
1995-08-22 13:58:00,835.995,1058.0792
1995-08-22 13:59:00,247.02100000000002,947.64795
1995-08-22 14:00:00,723.475,913.05945
1995-08-22 14:01:00,987.264,834.9688
1995-08-22 14:02:00,717.0320000000002,805.2599
1995-08-22 14:03:00,424.67,810.5353
1995-08-22 14:04:00,872.501,800.1974
1995-08-22 14:05:00,1598.9930000000002,800.93915
1995-08-22 14:06:00,906.715,797.88043
1995-08-22 14:07:00,2307.812,879.60815
1995-08-22 14:08:00,961.277,980.53644
1995-08-22 14:09:00,838.6380000000001,1116.8553
1995-08-22 14:10:00,2177.474,1166.5135
1995-08-22 14:11:00,1107.92,1197.4099
1995-08-22 14:12:00,465.41900000000004,1256.8671
1995-08-22 14:13:00,2035.0600000000002,1265.8813
1995-08-22 14:14:00,1475.123,1232.8301
1995-08-22 14:15:00,1661.841,1265.5614
1995-08-22 14:16:00,1009.232,1305.6403
1995-08-22 14:17:00,929.798,1307.1929
1995-08-22 14:18:00,1410.1109999999999,1277.8466
1995-08-22 14:19:00,1011.2719999999999,1196.4609
1995-08-22 14:20:00,302.925,1146.3524
1995-08-22 14:21:00,1701.3270000000002,1114.872
1995-08-22 14:22:00,846.554,1025.7965
1995-08-22 14:23:00,475.008,989.6366
1995-08-22 14:24:00,500.12200000000007,989.78644
1995-08-22 14:25:00,780.563,962.72833
1995-08-22 14:26:00,1320.187,943.98596
1995-08-22 14:27:00,436.84499999999997,951.62555
1995-08-22 14:28:00,967.145,1016.31464
1995-08-22 14:29:00,579.564,1024.4108
1995-08-22 14:30:00,303.77,995.2572
1995-08-22 14:31:00,258.362,996.09735
1995-08-22 14:32:00,563.108,980.4559
1995-08-22 14:33:00,868.841,956.3871
1995-08-22 14:34:00,722.212,924.77875
1995-08-22 14:35:00,737.6680000000001,908.3447
1995-08-22 14:36:00,168.442,906.5598
1995-08-22 14:37:00,580.722,920.1916
1995-08-22 14:38:00,419.721,856.3841
1995-08-22 14:39:00,570.0409999999999,844.4153
1995-08-22 14:40:00,1187.8990000000001,810.4795
1995-08-22 14:41:00,545.359,788.91614
1995-08-22 14:42:00,909.784,812.9357
1995-08-22 14:43:00,595.715,846.9116
1995-08-22 14:44:00,1489.4440000000002,878.0569
1995-08-22 14:45:00,783.911,911.8151
1995-08-22 14:46:00,918.3919999999999,939.3499
1995-08-22 14:47:00,243.24900000000002,964.8351
1995-08-22 14:48:00,950.505,1024.485
1995-08-22 14:49:00,783.035,1000.596
1995-08-22 14:50:00,379.84600000000006,976.11035
1995-08-22 14:51:00,1869.864,992.2439
1995-08-22 14:52:00,976.139,985.28375
1995-08-22 14:53:00,1664.565,1047.1636
1995-08-22 14:54:00,1841.868,1126.9491
1995-08-22 14:55:00,1067.402,1219.6754
1995-08-22 14:56:00,536.485,1280.4485
1995-08-22 14:57:00,578.3820000000001,1342.0492
1995-08-22 14:58:00,854.379,1323.6093
1995-08-22 14:59:00,885.4860000000001,1280.8553
1995-08-22 15:00:00,680.548,1242.642
1995-08-22 15:01:00,525.919,1203.0154
1995-08-22 15:02:00,832.89,1183.1998
1995-08-22 15:03:00,2127.552,1107.635
1995-08-22 15:04:00,1810.082,1102.5231
1995-08-22 15:05:00,1175.4379999999999,1140.0237
1995-08-22 15:06:00,1724.076,1167.7539
1995-08-22 15:07:00,971.3300000000002,1222.5345
1995-08-22 15:08:00,260.645,1303.5969
1995-08-22 15:09:00,397.701,1349.3643
1995-08-22 15:10:00,234.733,1287.0831
1995-08-22 15:11:00,987.179,1195.4462
1995-08-22 15:12:00,895.7729999999998,1080.2751
1995-08-22 15:13:00,776.6170000000001,1022.39435
1995-08-22 15:14:00,858.1429999999999,996.8438
1995-08-22 15:15:00,1224.792,978.04224
1995-08-22 15:16:00,429.007,1044.2028
1995-08-22 15:17:00,1358.579,1135.3236
1995-08-22 15:18:00,888.973,1130.9197
1995-08-22 15:19:00,547.942,1138.8599
1995-08-22 15:20:00,1707.869,1175.6621
1995-08-22 15:21:00,466.265,1176.1993
1995-08-22 15:22:00,908.6,1222.4521
1995-08-22 15:23:00,773.706,1196.1852
1995-08-22 15:24:00,734.212,1196.1256
1995-08-22 15:25:00,1036.914,1205.4363
1995-08-22 15:26:00,885.395,1192.1978
1995-08-22 15:27:00,1443.573,1183.8131
1995-08-22 15:28:00,1730.111,1188.7954
1995-08-22 15:29:00,936.977,1200.7313
1995-08-22 15:30:00,640.14,1200.4175
1995-08-22 15:31:00,1597.425,1225.4241
1995-08-22 15:32:00,1300.676,1195.8602
1995-08-22 15:33:00,1263.877,1283.4647
1995-08-22 15:34:00,761.073,1296.2583
1995-08-22 15:35:00,1073.505,1304.6365
1995-08-22 15:36:00,469.88199999999995,1258.634
1995-08-22 15:37:00,486.084,1210.2671
1995-08-22 15:38:00,1584.085,1154.1989
1995-08-22 15:39:00,419.139,1110.874
1995-08-22 15:40:00,670.422,1120.8342
1995-08-22 15:41:00,670.7059999999999,1098.4153
1995-08-22 15:42:00,1792.125,1084.4565
1995-08-22 15:43:00,325.252,1045.2666
1995-08-22 15:44:00,1749.781,1115.4738
1995-08-22 15:45:00,446.04599999999994,1076.5912
1995-08-22 15:46:00,551.934,1062.167
1995-08-22 15:47:00,1674.612,993.7163
1995-08-22 15:48:00,1665.276,975.6322
1995-08-22 15:49:00,458.03499999999997,1005.75684
1995-08-22 15:50:00,371.6890000000001,1050.1193
1995-08-22 15:51:00,1331.5289999999998,1057.8917
1995-08-22 15:52:00,1179.696,1000.5381
1995-08-22 15:53:00,401.211,984.753
1995-08-22 15:54:00,1571.184,1003.29297
1995-08-22 15:55:00,909.1800000000001,1013.63654
1995-08-22 15:56:00,1411.06,1020.3789
1995-08-22 15:57:00,1016.952,1052.9315
1995-08-22 15:58:00,1452.6140000000003,1082.9325
1995-08-22 15:59:00,928.38,1135.8652
1995-08-22 16:00:00,802.266,1200.1375
1995-08-22 16:01:00,1895.346,1238.3335
1995-08-22 16:02:00,1785.0919999999999,1268.7152
1995-08-22 16:03:00,1238.681,1294.0304
1995-08-22 16:04:00,779.274,1339.079
1995-08-22 16:05:00,4255.244,1420.6636
1995-08-22 16:06:00,450.108,1426.8024
1995-08-22 16:07:00,920.6179999999999,1527.0869
1995-08-22 16:08:00,1716.6030000000003,1483.0153
1995-08-22 16:09:00,1919.441,1454.3019
1995-08-22 16:10:00,1692.4130000000002,1413.0461
1995-08-22 16:11:00,934.0560000000002,1442.753
1995-08-22 16:12:00,3021.5500000000006,1452.24
1995-08-22 16:13:00,1778.034,1484.2694
1995-08-22 16:14:00,2115.569,1582.8285
1995-08-22 16:15:00,2444.348,1641.4529
1995-08-22 16:16:00,552.569,1717.6045
1995-08-22 16:17:00,2352.255,1761.6349
1995-08-22 16:18:00,2876.1380000000004,1730.3616
1995-08-22 16:19:00,4056.8409999999994,1736.1957
1995-08-22 16:20:00,2327.798,1790.4407
1995-08-22 16:21:00,2098.59,1867.9689
1995-08-22 16:22:00,1591.225,1902.9138
1995-08-22 16:23:00,1633.011,1935.0117
1995-08-22 16:24:00,1864.942,1860.4928
1995-08-22 16:25:00,2292.455,1818.1034
1995-08-22 16:26:00,1743.2749999999999,1753.313
1995-08-22 16:27:00,1951.91,1708.9049
1995-08-22 16:28:00,1384.684,1686.8541
1995-08-22 16:29:00,695.7109999999999,1636.6755
1995-08-22 16:30:00,460.94800000000004,1600.5343
1995-08-22 16:31:00,1619.841,1437.273
1995-08-22 16:32:00,453.249,1300.8584
1995-08-22 16:33:00,525.754,1226.2694
1995-08-22 16:34:00,1717.972,1159.5455
1995-08-22 16:35:00,744.623,1098.7389
1995-08-22 16:36:00,532.762,1071.2097
1995-08-22 16:37:00,871.701,1047.5228
1995-08-22 16:38:00,678.9259999999999,1031.1005
1995-08-22 16:39:00,2193.308,1030.1383
1995-08-22 16:40:00,2315.61,1041.0011
1995-08-22 16:41:00,604.417,1101.8656
1995-08-22 16:42:00,1066.962,1184.4207
1995-08-22 16:43:00,953.803,1189.078
1995-08-22 16:44:00,2049.526,1162.514
1995-08-22 16:45:00,2071.979,1131.8103
1995-08-22 16:46:00,543.19,1150.0371
1995-08-22 16:47:00,827.571,1237.0746
1995-08-22 16:48:00,1859.4769999999999,1231.1184
1995-08-22 16:49:00,353.70400000000006,1179.4827
1995-08-22 16:50:00,1349.8220000000001,1211.6593
1995-08-22 16:51:00,899.91,1171.5421
1995-08-22 16:52:00,1195.221,1153.024
1995-08-22 16:53:00,725.951,1148.1199
1995-08-22 16:54:00,1264.671,1143.5399
1995-08-22 16:55:00,1350.0199999999998,1126.0436
1995-08-22 16:56:00,1595.245,1111.2747
1995-08-22 16:57:00,1116.2069999999999,1138.2638
1995-08-22 16:58:00,1534.5399999999997,1223.7982
1995-08-22 16:59:00,922.042,1275.6434
1995-08-22 17:00:00,2593.061,1313.9468
1995-08-22 17:01:00,1660.7549999999999,1322.5062
1995-08-22 17:02:00,1230.531,1366.2404
1995-08-22 17:03:00,814.4610000000001,1370.4812
1995-08-22 17:04:00,483.08000000000004,1378.2494
1995-08-22 17:05:00,954.206,1350.9161
1995-08-22 17:06:00,707.029,1284.3341
1995-08-22 17:07:00,1266.108,1250.7638
1995-08-22 17:08:00,694.146,1233.7947
1995-08-22 17:09:00,990.1960000000001,1242.3116
1995-08-22 17:10:00,867.7750000000001,1237.3257
1995-08-22 17:11:00,1041.976,1260.8146
1995-08-22 17:12:00,467.489,1223.6621
1995-08-22 17:13:00,309.268,1188.0791
1995-08-22 17:14:00,339.016,1141.7488
1995-08-22 17:15:00,280.566,1078.1337
1995-08-22 17:16:00,1057.271,1003.66833
1995-08-22 17:17:00,562.839,905.31274
1995-08-22 17:18:00,755.385,845.38086
1995-08-22 17:19:00,928.26,811.89075
1995-08-22 17:20:00,1950.59,799.09406
1995-08-22 17:21:00,1252.507,825.83856
1995-08-22 17:22:00,962.29,920.5716
1995-08-22 17:23:00,2088.75,965.76575
1995-08-22 17:24:00,1968.219,1009.75214
1995-08-22 17:25:00,631.556,1090.4941
1995-08-22 17:26:00,2047.0849999999998,1179.8029
1995-08-22 17:27:00,2107.078,1202.4293
1995-08-22 17:28:00,466.752,1253.248
1995-08-22 17:29:00,735.6060000000001,1301.2583
1995-08-22 17:30:00,319.734,1263.9098
1995-08-22 17:31:00,616.8059999999999,1227.7191
1995-08-22 17:32:00,496.272,1124.6115
1995-08-22 17:33:00,552.534,1093.0869
1995-08-22 17:34:00,514.623,1086.799
1995-08-22 17:35:00,421.668,1009.0918
1995-08-22 17:36:00,529.752,956.9194
1995-08-22 17:37:00,556.577,918.8224
1995-08-22 17:38:00,597.1419999999999,872.68634
1995-08-22 17:39:00,627.059,853.92786
1995-08-22 17:40:00,717.982,880.2972
1995-08-22 17:41:00,511.867,888.79596
1995-08-22 17:42:00,702.0479999999999,898.1083
1995-08-22 17:43:00,465.507,873.7042
1995-08-22 17:44:00,369.78000000000003,840.06934
1995-08-22 17:45:00,834.973,805.2223
1995-08-22 17:46:00,703.448,768.71063
1995-08-22 17:47:00,94.467,811.4862
1995-08-22 17:48:00,1539.583,794.23944
1995-08-22 17:49:00,982.403,776.4321
1995-08-22 17:50:00,1275.344,820.3057
1995-08-22 17:51:00,1095.79,855.0714
1995-08-22 17:52:00,699.414,933.6002
1995-08-22 17:53:00,607.072,1023.44763
1995-08-22 17:54:00,727.307,1061.0363
1995-08-22 17:55:00,1858.4299999999998,1087.9719
1995-08-22 17:56:00,532.024,1063.6401
1995-08-22 17:57:00,324.118,1062.0869
1995-08-22 17:58:00,602.995,1032.7922
1995-08-22 17:59:00,1666.6719999999998,969.4197
1995-08-22 18:00:00,854.251,892.48804
1995-08-22 18:01:00,959.932,884.67224
1995-08-22 18:02:00,317.823,861.17303
1995-08-22 18:03:00,852.346,865.94446
1995-08-22 18:04:00,1509.008,847.44434
1995-08-22 18:05:00,491.28000000000003,833.39813
1995-08-22 18:06:00,1584.246,855.7395
1995-08-22 18:07:00,918.124,875.8533
1995-08-22 18:08:00,1962.238,925.49524
1995-08-22 18:09:00,2569.548,985.787
1995-08-22 18:10:00,944.861,1074.7743
1995-08-22 18:11:00,551.025,1194.3448
1995-08-22 18:12:00,355.26599999999996,1248.7777
1995-08-22 18:13:00,538.968,1240.1765
1995-08-22 18:14:00,316.3,1165.3331
1995-08-22 18:15:00,2123.432,1088.3489
1995-08-22 18:16:00,602.798,1003.7947
1995-08-22 18:17:00,550.349,1036.0308
1995-08-22 18:18:00,502.032,1035.0527
1995-08-22 18:19:00,674.5649999999999,998.02094
1995-08-22 18:20:00,88.365,928.6833
1995-08-22 18:21:00,1140.49,888.42053
1995-08-22 18:22:00,1268.185,834.5854
1995-08-22 18:23:00,227.31199999999998,836.2466
1995-08-22 18:24:00,356.752,876.49414
1995-08-22 18:25:00,426.745,887.42
1995-08-22 18:26:00,64.229,875.0535
1995-08-22 18:27:00,350.07800000000003,821.9182
1995-08-22 18:28:00,749.6129999999999,774.82983
1995-08-22 18:29:00,301.335,747.70856
1995-08-22 18:30:00,1980.17,754.09546
1995-08-22 18:31:00,397.85099999999994,740.3417
1995-08-22 18:32:00,427.23699999999997,818.4562
1995-08-22 18:33:00,350.829,796.0629
1995-08-22 18:34:00,183.606,764.1086
1995-08-22 18:35:00,3374.6890000000003,769.39557
1995-08-22 18:36:00,286.902,762.41144
1995-08-22 18:37:00,676.137,917.471
1995-08-22 18:38:00,823.457,977.13104
1995-08-22 18:39:00,719.52,991.6813
1995-08-22 18:40:00,677.053,1012.96454
1995-08-22 18:41:00,2176.38,1012.41235
1995-08-22 18:42:00,1167.176,951.5936
1995-08-22 18:43:00,181.53199999999998,972.83594
1995-08-22 18:44:00,314.505,1011.09534
1995-08-22 18:45:00,2241.94,945.8272
1995-08-22 18:46:00,1413.895,890.61707
1995-08-22 18:47:00,2090.18,852.70184
1995-08-22 18:48:00,2274.9,909.7549
1995-08-22 18:49:00,1517.291,989.43616
1995-08-22 18:50:00,308.637,1065.3722
1995-08-22 18:51:00,653.418,1117.741
1995-08-22 18:52:00,759.593,1122.5602
1995-08-22 18:53:00,924.288,1088.6637
1995-08-22 18:54:00,730.9759999999999,1072.3676
1995-08-22 18:55:00,544.12,1067.2029
1995-08-22 18:56:00,971.4779999999998,1045.6501
1995-08-22 18:57:00,1092.024,979.05457
1995-08-22 18:58:00,1578.202,979.8218
1995-08-22 18:59:00,321.987,991.7202
1995-08-22 19:00:00,516.576,1014.2842
1995-08-22 19:01:00,1072.099,933.1091
1995-08-22 19:02:00,554.602,899.86346
1995-08-22 19:03:00,2736.158,899.2759
1995-08-22 19:04:00,720.516,894.725
1995-08-22 19:05:00,358.2,986.84717
1995-08-22 19:06:00,413.02,1025.2206
1995-08-22 19:07:00,1617.309,1027.1301
1995-08-22 19:08:00,1155.81,969.8118
1995-08-22 19:09:00,949.294,967.46423
1995-08-22 19:10:00,804.905,963.75183
1995-08-22 19:11:00,460.71500000000003,985.34186
1995-08-22 19:12:00,816.9859999999999,1021.0313
1995-08-22 19:13:00,694.4250000000001,1023.80316
1995-08-22 19:14:00,1022.582,980.83307
1995-08-22 19:15:00,383.736,906.6156
1995-08-22 19:16:00,89.216,896.32715
1995-08-22 19:17:00,83.144,860.56537
1995-08-22 19:18:00,1339.2440000000001,793.6106
1995-08-22 19:19:00,373.818,717.4435
1995-08-22 19:20:00,203.205,685.82043
1995-08-22 19:21:00,397.576,715.04315
1995-08-22 19:22:00,263.894,694.4758
1995-08-22 19:23:00,572.681,704.9465
1995-08-22 19:24:00,383.146,683.36597
1995-08-22 19:25:00,1163.315,676.5413
1995-08-22 19:26:00,1047.566,653.9593
1995-08-22 19:27:00,113.588,676.99945
1995-08-22 19:28:00,207.47,703.4973
1995-08-22 19:29:00,1285.17,683.0194
1995-08-22 19:30:00,671.824,659.42676
1995-08-22 19:31:00,627.984,704.26215
1995-08-22 19:32:00,255.73100000000002,776.0355
1995-08-22 19:33:00,650.91,803.53705
1995-08-22 19:34:00,294.044,793.37085
1995-08-22 19:35:00,373.47700000000003,776.42566
1995-08-22 19:36:00,188.534,762.7812
1995-08-22 19:37:00,516.126,694.92505
1995-08-22 19:38:00,147.57,647.8073
1995-08-22 19:39:00,119.777,625.26056
1995-08-22 19:40:00,126.735,584.7165
1995-08-22 19:41:00,177.499,541.08105
1995-08-22 19:42:00,279.39099999999996,532.94666
1995-08-22 19:43:00,442.433,520.3384
1995-08-22 19:44:00,437.948,510.86917
1995-08-22 19:45:00,541.361,523.9022
1995-08-22 19:46:00,272.752,552.7451
1995-08-22 19:47:00,146.21200000000002,591.5305
1995-08-22 19:48:00,1094.126,625.3141
1995-08-22 19:49:00,740.328,645.0868
1995-08-22 19:50:00,429.26800000000003,663.2885
1995-08-22 19:51:00,422.6020000000001,720.6357
1995-08-22 19:52:00,718.923,763.7082
1995-08-22 19:53:00,1241.952,773.4911
1995-08-22 19:54:00,319.473,784.5554
1995-08-22 19:55:00,442.68,807.99994
1995-08-22 19:56:00,464.423,791.7172
1995-08-22 19:57:00,320.512,784.3114
1995-08-22 19:58:00,218.127,751.03424
1995-08-22 19:59:00,444.55,747.7622
1995-08-22 20:00:00,233.883,693.0063
1995-08-22 20:01:00,489.877,645.36926
1995-08-22 20:02:00,521.706,626.1114
1995-08-22 20:03:00,630.478,662.3554
1995-08-22 20:04:00,305.43699999999995,674.0682
1995-08-22 20:05:00,517.111,691.735
1995-08-22 20:06:00,403.085,697.7957
1995-08-22 20:07:00,516.94,722.68805
1995-08-22 20:08:00,554.97,736.2387
1995-08-22 20:09:00,1788.33,770.8816
1995-08-22 20:10:00,683.281,822.51447
1995-08-22 20:11:00,866.9450000000002,908.4372
1995-08-22 20:12:00,1622.963,936.6475
1995-08-22 20:13:00,1203.944,936.3556
1995-08-22 20:14:00,1677.091,962.4601
1995-08-22 20:15:00,2193.484,964.4677
1995-08-22 20:16:00,1731.312,994.34247
1995-08-22 20:17:00,118.07600000000001,995.00665
1995-08-22 20:18:00,879.6589999999999,1010.2762
1995-08-22 20:19:00,630.853,952.10034
1995-08-22 20:20:00,1824.886,919.13434
1995-08-22 20:21:00,658.568,871.8774
1995-08-22 20:22:00,256.829,919.0223
1995-08-22 20:23:00,441.267,911.1572
1995-08-22 20:24:00,290.227,859.66583
1995-08-22 20:25:00,1561.347,811.582
1995-08-22 20:26:00,425.488,748.5953
1995-08-22 20:27:00,1509.787,742.80554
1995-08-22 20:28:00,1306.192,717.4659
1995-08-22 20:29:00,966.231,736.04474
1995-08-22 20:30:00,509.788,754.89307
1995-08-22 20:31:00,342.36299999999994,761.7678
1995-08-22 20:32:00,428.919,752.85815
1995-08-22 20:33:00,354.27299999999997,742.0588
1995-08-22 20:34:00,1003.0259999999998,756.70264
1995-08-22 20:35:00,589.2379999999999,738.5571
1995-08-22 20:36:00,507.305,799.1644
1995-08-22 20:37:00,758.551,776.46436
1995-08-22 20:38:00,684.838,744.62305
1995-08-22 20:39:00,965.7849999999999,713.2697
1995-08-22 20:40:00,884.0559999999999,696.3925
1995-08-22 20:41:00,2361.6050000000005,707.1649
1995-08-22 20:42:00,937.0209999999998,743.1981
1995-08-22 20:43:00,576.172,807.9142
1995-08-22 20:44:00,210.11499999999998,840.0509
1995-08-22 20:45:00,267.789,840.5145
1995-08-22 20:46:00,604.395,764.1065
1995-08-22 20:47:00,236.30499999999998,710.26086
1995-08-22 20:48:00,159.553,695.5695
1995-08-22 20:49:00,93.408,661.21466
1995-08-22 20:50:00,750.8910000000002,602.77106
1995-08-22 20:51:00,727.4859999999999,518.81964
1995-08-22 20:52:00,307.675,499.89902
1995-08-22 20:53:00,499.09899999999993,486.58618
1995-08-22 20:54:00,204.379,490.42783
1995-08-22 20:55:00,1201.374,509.61633
1995-08-22 20:56:00,1639.6650000000002,538.8484
1995-08-22 20:57:00,801.222,575.32947
1995-08-22 20:58:00,490.288,650.7638
1995-08-22 20:59:00,521.921,721.70844
1995-08-22 21:00:00,179.445,738.34216
1995-08-22 21:01:00,426.702,764.555
1995-08-22 21:02:00,350.942,738.93933
1995-08-22 21:03:00,829.896,699.82776
1995-08-22 21:04:00,739.867,696.20233
1995-08-22 21:05:00,694.421,713.28687
1995-08-22 21:06:00,175.12899999999996,743.71326
1995-08-22 21:07:00,942.07,767.1365
1995-08-22 21:08:00,615.098,720.6583
1995-08-22 21:09:00,815.313,736.88983
1995-08-22 21:10:00,321.794,746.2642
1995-08-22 21:11:00,1016.746,745.51556
1995-08-22 21:12:00,548.134,735.0919
1995-08-22 21:13:00,144.893,729.0838
1995-08-22 21:14:00,287.135,719.834
1995-08-22 21:15:00,965.367,680.0962
1995-08-22 21:16:00,606.008,638.4524
1995-08-22 21:17:00,723.7629999999999,634.821
1995-08-22 21:18:00,368.69,627.1797
1995-08-22 21:19:00,163.526,585.39557
1995-08-22 21:20:00,513.833,578.289
1995-08-22 21:21:00,321.347,541.887
1995-08-22 21:22:00,317.284,527.68195
1995-08-22 21:23:00,574.073,517.88855
1995-08-22 21:24:00,2226.301,512.6951
1995-08-22 21:25:00,386.53600000000006,529.1226
1995-08-22 21:26:00,867.461,632.33185
1995-08-22 21:27:00,1435.7930000000003,656.7344
1995-08-22 21:28:00,286.811,701.0354
1995-08-22 21:29:00,697.0610000000001,750.0718
1995-08-22 21:30:00,635.52,723.3356
1995-08-22 21:31:00,733.964,725.2058
1995-08-22 21:32:00,468.628,693.7202
1995-08-22 21:33:00,1596.8600000000004,660.9798
1995-08-22 21:34:00,279.963,619.43536
1995-08-22 21:35:00,615.558,636.89526
1995-08-22 21:36:00,341.975,605.2324
1995-08-22 21:37:00,718.474,596.10297
1995-08-22 21:38:00,967.694,596.78015
1995-08-22 21:39:00,466.065,631.8657
1995-08-22 21:40:00,753.804,690.7252
1995-08-22 21:41:00,365.7010000000001,730.09216
1995-08-22 21:42:00,622.524,782.1929
1995-08-22 21:43:00,675.5699999999999,797.44977
1995-08-22 21:44:00,451.252,808.143
1995-08-22 21:45:00,1920.6470000000002,763.0693
1995-08-22 21:46:00,690.7179999999998,732.7568
1995-08-22 21:47:00,271.93600000000004,773.9508
1995-08-22 21:48:00,276.414,793.2982
1995-08-22 21:49:00,681.2139999999999,771.8011
1995-08-22 21:50:00,629.003,725.6351
1995-08-22 21:51:00,329.439,736.3207
1995-08-22 21:52:00,369.2819999999999,782.2967
1995-08-22 21:53:00,841.547,791.93176
1995-08-22 21:54:00,437.88300000000004,768.39496
1995-08-22 21:55:00,237.36999999999998,816.68933
1995-08-22 21:56:00,254.113,801.8873
1995-08-22 21:57:00,833.8330000000001,733.57886
1995-08-22 21:58:00,727.774,689.0918
1995-08-22 21:59:00,541.559,694.9358
1995-08-22 22:00:00,587.7620000000001,712.05975
1995-08-22 22:01:00,650.491,734.03894
1995-08-22 22:02:00,613.5649999999999,720.2134
1995-08-22 22:03:00,164.37199999999999,712.98456
1995-08-22 22:04:00,319.171,703.30066
1995-08-22 22:05:00,324.868,672.30054
1995-08-22 22:06:00,84.892,656.48193
1995-08-22 22:07:00,586.343,642.2201
1995-08-22 22:08:00,746.597,614.8391
1995-08-22 22:09:00,561.37,610.18854
1995-08-22 22:10:00,727.391,599.9105
1995-08-22 22:11:00,790.818,637.37134
1995-08-22 22:12:00,142.048,683.7974
1995-08-22 22:13:00,1590.801,712.64264
1995-08-22 22:14:00,602.6320000000001,681.8113
1995-08-22 22:15:00,309.467,710.8153
1995-08-22 22:16:00,643.461,700.04205
1995-08-22 22:17:00,589.561,682.3681
1995-08-22 22:18:00,646.642,660.60504
1995-08-22 22:19:00,246.412,622.13464
1995-08-22 22:20:00,549.634,628.20123
1995-08-22 22:21:00,627.579,634.1307
1995-08-22 22:22:00,550.962,667.8508
1995-08-22 22:23:00,364.858,685.1154
1995-08-22 22:24:00,543.42,696.7758
1995-08-22 22:25:00,344.152,674.85046
1995-08-22 22:26:00,406.34100000000007,664.9864
1995-08-22 22:27:00,212.61999999999998,637.7066
1995-08-22 22:28:00,550.63,605.4277
1995-08-22 22:29:00,586.852,599.61444
1995-08-22 22:30:00,348.839,588.1218
1995-08-22 22:31:00,491.803,578.6327
1995-08-22 22:32:00,1155.941,585.84265
1995-08-22 22:33:00,931.4040000000001,607.69946
1995-08-22 22:34:00,1088.8980000000001,666.5791
1995-08-22 22:35:00,533.285,717.60034
1995-08-22 22:36:00,432.03499999999997,742.5918
1995-08-22 22:37:00,371.36400000000003,741.5076
1995-08-22 22:38:00,119.987,715.1066
1995-08-22 22:39:00,436.032,705.8169
1995-08-22 22:40:00,430.72,657.26056
1995-08-22 22:41:00,844.475,619.77606
1995-08-22 22:42:00,364.31,594.969
1995-08-22 22:43:00,73.902,594.06146
1995-08-22 22:44:00,106.513,583.09735
1995-08-22 22:45:00,1728.5439999999999,550.5509
1995-08-22 22:46:00,146.109,520.7777
1995-08-22 22:47:00,269.931,566.61505
1995-08-22 22:48:00,352.75199999999995,552.1718
1995-08-22 22:49:00,849.6569999999999,547.642
1995-08-22 22:50:00,1281.336,568.958
1995-08-22 22:51:00,449.812,584.2486
1995-08-22 22:52:00,563.655,607.5867
1995-08-22 22:53:00,231.611,637.4629
1995-08-22 22:54:00,179.425,674.446
1995-08-22 22:55:00,362.257,667.20917
1995-08-22 22:56:00,109.45599999999999,643.02966
1995-08-22 22:57:00,199.726,612.2357
1995-08-22 22:58:00,477.714,588.378
1995-08-22 22:59:00,354.122,572.4811
1995-08-22 23:00:00,655.916,592.6394
1995-08-22 23:01:00,365.95500000000004,619.1078
1995-08-22 23:02:00,659.393,623.46094
1995-08-22 23:03:00,523.816,612.9022
1995-08-22 23:04:00,167.081,614.9965
1995-08-22 23:05:00,163.734,622.60205
1995-08-22 23:06:00,251.602,604.2845
1995-08-22 23:07:00,279.057,579.031
1995-08-22 23:08:00,272.188,550.92004
1995-08-22 23:09:00,316.654,557.76526
1995-08-22 23:10:00,189.482,609.10724
1995-08-22 23:11:00,230.12699999999998,623.955
1995-08-22 23:12:00,554.369,604.22705
1995-08-22 23:13:00,496.83900000000006,621.7805
1995-08-22 23:14:00,112.01799999999999,630.6006
1995-08-22 23:15:00,544.326,613.9001
1995-08-22 23:16:00,328.949,573.9309
1995-08-22 23:17:00,533.165,579.4077
1995-08-22 23:18:00,631.869,593.4122
1995-08-22 23:19:00,730.726,610.1721
1995-08-22 23:20:00,95.187,617.5149
1995-08-22 23:21:00,498.366,643.9201
1995-08-22 23:22:00,578.3059999999999,641.85547
1995-08-22 23:23:00,75.511,628.96967
1995-08-22 23:24:00,147.31300000000002,632.1815
1995-08-22 23:25:00,487.054,608.3238
1995-08-22 23:26:00,127.623,558.61774
1995-08-22 23:27:00,1433.352,542.12
1995-08-22 23:28:00,97.231,510.66074
1995-08-22 23:29:00,55.952,533.5554
1995-08-22 23:30:00,114.75,522.5063
1995-08-22 23:31:00,245.42099999999996,467.52246
1995-08-22 23:32:00,272.732,417.44812
1995-08-22 23:33:00,309.169,364.06833
1995-08-22 23:34:00,382.69199999999995,368.35904
1995-08-22 23:35:00,299.43399999999997,396.41748
1995-08-22 23:36:00,198.574,430.88892
1995-08-22 23:37:00,1430.776,466.1847
1995-08-22 23:38:00,99.30499999999999,476.98145
1995-08-22 23:39:00,748.831,519.42224
1995-08-22 23:40:00,333.71600000000007,497.27194
1995-08-22 23:41:00,1396.0410000000002,508.99805
1995-08-22 23:42:00,361.347,511.5372
1995-08-22 23:43:00,544.048,534.7768
1995-08-22 23:44:00,268.488,530.4404
1995-08-22 23:45:00,164.602,498.6154
1995-08-22 23:46:00,189.456,488.41217
1995-08-22 23:47:00,406.619,481.0459
1995-08-22 23:48:00,588.99,477.90015
1995-08-22 23:49:00,100.52,463.6895
1995-08-22 23:50:00,561.989,490.57336
1995-08-22 23:51:00,221.773,483.30695
1995-08-22 23:52:00,25.754,495.1544
1995-08-22 23:53:00,259.912,499.36667
1995-08-22 23:54:00,319.726,469.2614
1995-08-22 23:55:00,436.101,472.79425
1995-08-22 23:56:00,334.91,452.05298
1995-08-22 23:57:00,283.098,451.40942
1995-08-22 23:58:00,148.601,475.67313
