timestamp,y_req_t1,predicted
1995-08-16 00:00:00,9.0,27.049593
1995-08-16 00:01:00,25.0,25.82683
1995-08-16 00:02:00,25.0,24.061337
1995-08-16 00:03:00,27.999999999999996,23.068207
1995-08-16 00:04:00,26.000000000000004,22.874847
1995-08-16 00:05:00,9.0,23.109444
1995-08-16 00:06:00,18.0,23.147686
1995-08-16 00:07:00,27.999999999999996,22.248232
1995-08-16 00:08:00,21.0,21.360533
1995-08-16 00:09:00,15.0,21.185137
1995-08-16 00:10:00,11.0,20.905592
1995-08-16 00:11:00,20.0,20.167963
1995-08-16 00:12:00,26.000000000000004,19.423708
1995-08-16 00:13:00,27.0,18.609697
1995-08-16 00:14:00,12.0,18.758911
1995-08-16 00:15:00,21.0,19.08516
1995-08-16 00:16:00,12.0,18.849333
1995-08-16 00:17:00,13.999999999999998,19.116442
1995-08-16 00:18:00,18.0,18.887526
1995-08-16 00:19:00,36.0,18.650488
1995-08-16 00:20:00,10.0,18.521002
1995-08-16 00:21:00,6.0,18.70155
1995-08-16 00:22:00,23.0,18.486723
1995-08-16 00:23:00,32.0,17.528687
1995-08-16 00:24:00,46.0,17.140955
1995-08-16 00:25:00,36.0,17.71688
1995-08-16 00:26:00,21.0,20.052813
1995-08-16 00:27:00,34.0,22.15628
1995-08-16 00:28:00,32.0,23.213036
1995-08-16 00:29:00,23.0,24.433546
1995-08-16 00:30:00,17.0,25.04497
1995-08-16 00:31:00,50.99999999999999,25.303774
1995-08-16 00:32:00,30.0,24.33522
1995-08-16 00:33:00,33.0,24.936049
1995-08-16 00:34:00,13.000000000000002,25.204037
1995-08-16 00:35:00,20.0,25.55826
1995-08-16 00:36:00,46.0,24.737167
1995-08-16 00:37:00,37.0,24.204105
1995-08-16 00:38:00,47.0,25.02504
1995-08-16 00:39:00,42.0,25.714815
1995-08-16 00:40:00,17.0,27.18644
1995-08-16 00:41:00,29.0,28.252502
1995-08-16 00:42:00,55.0,27.822939
1995-08-16 00:43:00,20.0,27.618462
1995-08-16 00:44:00,15.0,28.25971
1995-08-16 00:45:00,10.0,26.7321
1995-08-16 00:46:00,6.999999999999999,25.392735
1995-08-16 00:47:00,17.0,24.084555
1995-08-16 00:48:00,10.0,22.140333
1995-08-16 00:49:00,34.0,21.694698
1995-08-16 00:50:00,43.0,21.032791
1995-08-16 00:51:00,30.0,21.643599
1995-08-16 00:52:00,20.0,23.075575
1995-08-16 00:53:00,16.0,24.85462
1995-08-16 00:54:00,22.0,25.883236
1995-08-16 00:55:00,13.999999999999998,26.414812
1995-08-16 00:56:00,9.0,27.1741
1995-08-16 00:57:00,20.0,27.115118
1995-08-16 00:58:00,33.0,26.695974
1995-08-16 00:59:00,38.0,26.802347
1995-08-16 01:00:00,27.999999999999996,27.224644
1995-08-16 01:01:00,39.0,28.658592
1995-08-16 01:02:00,25.0,29.563166
1995-08-16 01:03:00,29.0,30.763788
1995-08-16 01:04:00,22.0,31.25773
1995-08-16 01:05:00,16.0,31.510502
1995-08-16 01:06:00,26.000000000000004,31.159983
1995-08-16 01:07:00,38.0,30.250612
1995-08-16 01:08:00,27.0,29.820452
1995-08-16 01:09:00,19.0,29.64
1995-08-16 01:10:00,27.999999999999996,29.429068
1995-08-16 01:11:00,27.0,28.843695
1995-08-16 01:12:00,39.0,28.628124
1995-08-16 01:13:00,12.0,28.628542
1995-08-16 01:14:00,20.0,28.64448
1995-08-16 01:15:00,20.0,27.521824
1995-08-16 01:16:00,13.999999999999998,25.877213
1995-08-16 01:17:00,27.0,24.950254
1995-08-16 01:18:00,11.0,24.168716
1995-08-16 01:19:00,42.0,23.714897
1995-08-16 01:20:00,29.0,22.445112
1995-08-16 01:21:00,30.0,22.605602
1995-08-16 01:22:00,13.999999999999998,22.870832
1995-08-16 01:23:00,5.0,23.713842
1995-08-16 01:24:00,24.0,23.617308
1995-08-16 01:25:00,16.0,22.139856
1995-08-16 01:26:00,6.999999999999999,21.59667
1995-08-16 01:27:00,5.0,21.226076
1995-08-16 01:28:00,9.0,20.149158
1995-08-16 01:29:00,15.0,18.617107
1995-08-16 01:30:00,27.0,17.404982
1995-08-16 01:31:00,15.0,16.840805
1995-08-16 01:32:00,22.0,16.808302
1995-08-16 01:33:00,13.000000000000002,17.076412
1995-08-16 01:34:00,21.0,17.529533
1995-08-16 01:35:00,32.0,17.433386
1995-08-16 01:36:00,20.0,17.83713
1995-08-16 01:37:00,38.0,18.937754
1995-08-16 01:38:00,31.000000000000004,20.026909
1995-08-16 01:39:00,39.0,21.401493
1995-08-16 01:40:00,20.0,22.684122
1995-08-16 01:41:00,23.0,23.442347
1995-08-16 01:42:00,35.0,23.835737
1995-08-16 01:43:00,15.0,23.647997
1995-08-16 01:44:00,22.0,24.213898
1995-08-16 01:45:00,16.0,23.314661
1995-08-16 01:46:00,8.0,22.590647
1995-08-16 01:47:00,11.0,21.32078
1995-08-16 01:48:00,19.0,19.899755
1995-08-16 01:49:00,16.0,18.50415
1995-08-16 01:50:00,17.0,17.838087
1995-08-16 01:51:00,30.0,17.564575
1995-08-16 01:52:00,18.0,17.466024
1995-08-16 01:53:00,23.0,17.821789
1995-08-16 01:54:00,37.0,18.276567
1995-08-16 01:55:00,27.0,18.730846
1995-08-16 01:56:00,30.0,19.435802
1995-08-16 01:57:00,26.000000000000004,20.133142
1995-08-16 01:58:00,27.999999999999996,20.166397
1995-08-16 01:59:00,35.0,20.518318
1995-08-16 02:00:00,24.0,21.650833
1995-08-16 02:01:00,26.000000000000004,22.763369
1995-08-16 02:02:00,13.999999999999998,22.863249
1995-08-16 02:03:00,6.0,23.280668
1995-08-16 02:04:00,16.0,22.699684
1995-08-16 02:05:00,29.0,21.65057
1995-08-16 02:06:00,13.000000000000002,20.936834
1995-08-16 02:07:00,34.0,20.353106
1995-08-16 02:08:00,17.0,19.705542
1995-08-16 02:09:00,12.0,20.380991
1995-08-16 02:10:00,9.0,20.442894
1995-08-16 02:11:00,4.0,19.923082
1995-08-16 02:12:00,36.0,18.765928
1995-08-16 02:13:00,18.0,17.258583
1995-08-16 02:14:00,9.0,17.455837
1995-08-16 02:15:00,6.999999999999999,16.845823
1995-08-16 02:16:00,18.0,15.310056
1995-08-16 02:17:00,27.999999999999996,14.239383
1995-08-16 02:18:00,15.0,13.858293
1995-08-16 02:19:00,20.0,14.49999
1995-08-16 02:20:00,34.0,14.693988
1995-08-16 02:21:00,13.999999999999998,14.820964
1995-08-16 02:22:00,18.0,15.853924
1995-08-16 02:23:00,27.0,16.876808
1995-08-16 02:24:00,13.999999999999998,17.385464
1995-08-16 02:25:00,9.0,18.18021
1995-08-16 02:26:00,12.0,18.6292
1995-08-16 02:27:00,6.999999999999999,18.343008
1995-08-16 02:28:00,8.0,18.256758
1995-08-16 02:29:00,3.0,17.67297
1995-08-16 02:30:00,3.0,17.404343
1995-08-16 02:31:00,22.0,16.554176
1995-08-16 02:32:00,34.0,15.2334385
1995-08-16 02:33:00,33.0,15.9376955
1995-08-16 02:34:00,26.000000000000004,17.744259
1995-08-16 02:35:00,16.0,20.052431
1995-08-16 02:36:00,16.0,21.630592
1995-08-16 02:37:00,25.0,21.884922
1995-08-16 02:38:00,11.0,21.093344
1995-08-16 02:39:00,23.0,20.343304
1995-08-16 02:40:00,29.0,19.60468
1995-08-16 02:41:00,24.0,19.38606
1995-08-16 02:42:00,18.0,19.65748
1995-08-16 02:43:00,18.0,20.121796
1995-08-16 02:44:00,32.0,19.31832
1995-08-16 02:45:00,39.0,18.875616
1995-08-16 02:46:00,24.0,19.114212
1995-08-16 02:47:00,9.0,20.244883
1995-08-16 02:48:00,6.0,20.691526
1995-08-16 02:49:00,10.0,20.056536
1995-08-16 02:50:00,22.0,19.270145
1995-08-16 02:51:00,15.0,18.294926
1995-08-16 02:52:00,24.0,18.545761
1995-08-16 02:53:00,25.0,18.385489
1995-08-16 02:54:00,9.0,18.897001
1995-08-16 02:55:00,9.0,19.327824
1995-08-16 02:56:00,23.0,19.0083
1995-08-16 02:57:00,13.999999999999998,18.489817
1995-08-16 02:58:00,3.0,18.871962
1995-08-16 02:59:00,18.0,17.756952
1995-08-16 03:00:00,20.0,16.196625
1995-08-16 03:01:00,15.0,15.533509
1995-08-16 03:02:00,9.0,15.623998
1995-08-16 03:03:00,10.0,15.181985
1995-08-16 03:04:00,11.0,14.425836
1995-08-16 03:05:00,11.0,13.618136
1995-08-16 03:06:00,18.0,13.014217
1995-08-16 03:07:00,9.0,13.0137825
1995-08-16 03:08:00,13.999999999999998,13.463316
1995-08-16 03:09:00,9.0,13.384158
1995-08-16 03:10:00,16.0,13.199786
1995-08-16 03:11:00,22.0,13.129262
1995-08-16 03:12:00,22.0,13.404227
1995-08-16 03:13:00,22.0,13.631124
1995-08-16 03:14:00,18.0,13.985739
1995-08-16 03:15:00,23.0,14.982849
1995-08-16 03:16:00,9.0,16.11399
1995-08-16 03:17:00,6.999999999999999,17.533125
1995-08-16 03:18:00,8.0,17.786488
1995-08-16 03:19:00,13.000000000000002,17.240913
1995-08-16 03:20:00,43.0,16.49362
1995-08-16 03:21:00,30.0,15.877961
1995-08-16 03:22:00,13.000000000000002,16.443598
1995-08-16 03:23:00,15.0,17.743484
1995-08-16 03:24:00,15.0,18.334394
1995-08-16 03:25:00,20.0,18.405127
1995-08-16 03:26:00,20.0,18.179977
1995-08-16 03:27:00,5.0,17.956219
1995-08-16 03:28:00,13.999999999999998,18.256746
1995-08-16 03:29:00,6.999999999999999,17.472305
1995-08-16 03:30:00,12.0,17.129856
1995-08-16 03:31:00,31.000000000000004,16.249575
1995-08-16 03:32:00,15.0,16.117064
1995-08-16 03:33:00,22.0,16.857033
1995-08-16 03:34:00,25.0,17.66456
1995-08-16 03:35:00,25.0,18.385763
1995-08-16 03:36:00,20.0,19.493713
1995-08-16 03:37:00,16.0,20.471746
1995-08-16 03:38:00,29.0,20.53764
1995-08-16 03:39:00,13.000000000000002,20.029316
1995-08-16 03:40:00,18.0,20.41335
1995-08-16 03:41:00,20.0,20.096638
1995-08-16 03:42:00,15.0,19.747337
1995-08-16 03:43:00,22.0,20.10901
1995-08-16 03:44:00,34.0,20.095549
1995-08-16 03:45:00,16.0,19.37985
1995-08-16 03:46:00,10.0,19.167725
1995-08-16 03:47:00,21.0,19.13961
1995-08-16 03:48:00,13.999999999999998,18.610497
1995-08-16 03:49:00,18.0,18.537678
1995-08-16 03:50:00,24.0,18.317133
1995-08-16 03:51:00,23.0,18.087889
1995-08-16 03:52:00,16.0,18.480345
1995-08-16 03:53:00,9.0,18.290379
1995-08-16 03:54:00,44.0,17.372889
1995-08-16 03:55:00,26.000000000000004,16.440716
1995-08-16 03:56:00,10.0,18.388973
1995-08-16 03:57:00,16.0,19.888557
1995-08-16 03:58:00,24.0,20.358948
1995-08-16 03:59:00,23.0,20.568886
1995-08-16 04:00:00,12.0,20.44451
1995-08-16 04:01:00,23.0,20.605064
1995-08-16 04:02:00,18.0,19.733246
1995-08-16 04:03:00,21.0,19.464483
1995-08-16 04:04:00,42.0,19.403135
1995-08-16 04:05:00,22.0,19.84271
1995-08-16 04:06:00,29.0,21.323645
1995-08-16 04:07:00,12.0,23.141802
1995-08-16 04:08:00,6.999999999999999,24.491962
1995-08-16 04:09:00,5.0,23.733267
1995-08-16 04:10:00,1.0,22.063618
1995-08-16 04:11:00,16.0,20.289045
1995-08-16 04:12:00,20.0,16.768578
1995-08-16 04:13:00,8.0,15.120809
1995-08-16 04:14:00,15.0,14.850025
1995-08-16 04:15:00,17.0,13.887031
1995-08-16 04:16:00,27.999999999999996,13.579546
1995-08-16 04:17:00,42.0,13.995296
1995-08-16 04:18:00,23.0,14.745819
1995-08-16 04:19:00,17.0,16.568249
1995-08-16 04:20:00,24.0,18.301676
1995-08-16 04:21:00,11.0,18.982088
1995-08-16 04:22:00,26.000000000000004,18.817776
1995-08-16 04:23:00,18.0,18.11631
1995-08-16 04:24:00,15.0,17.601439
1995-08-16 04:25:00,6.999999999999999,15.970831
1995-08-16 04:26:00,6.0,14.452779
1995-08-16 04:27:00,16.0,13.250592
1995-08-16 04:28:00,6.999999999999999,12.300268
1995-08-16 04:29:00,13.000000000000002,12.636114
1995-08-16 04:30:00,13.000000000000002,13.010243
1995-08-16 04:31:00,13.999999999999998,13.306343
1995-08-16 04:32:00,6.0,13.776784
1995-08-16 04:33:00,1.0,13.860109
1995-08-16 04:34:00,6.0,13.071326
1995-08-16 04:35:00,15.0,10.584762
1995-08-16 04:36:00,30.0,8.694295
1995-08-16 04:37:00,5.0,8.588647
1995-08-16 04:38:00,8.0,10.133756
1995-08-16 04:39:00,5.0,10.959672
1995-08-16 04:40:00,6.999999999999999,10.962406
1995-08-16 04:41:00,16.0,10.863182
1995-08-16 04:42:00,18.0,10.898525
1995-08-16 04:43:00,15.0,11.506434
1995-08-16 04:44:00,11.0,12.684479
1995-08-16 04:45:00,29.0,13.958033
1995-08-16 04:46:00,3.0,14.370103
1995-08-16 04:47:00,1.0,15.72121
1995-08-16 04:48:00,6.999999999999999,15.192588
1995-08-16 04:49:00,13.999999999999998,12.760103
1995-08-16 04:50:00,4.0,11.687984
1995-08-16 04:51:00,2.0,12.774113
1995-08-16 04:52:00,6.999999999999999,13.369204
1995-08-16 04:53:00,27.999999999999996,13.27694
1995-08-16 04:54:00,6.999999999999999,12.537388
1995-08-16 04:55:00,1.0,13.507648
1995-08-16 04:56:00,6.0,13.496385
1995-08-16 04:57:00,6.0,12.487931
1995-08-16 04:58:00,1.0,12.159304
1995-08-16 04:59:00,6.999999999999999,12.52616
1995-08-16 05:00:00,3.0,10.974614
1995-08-16 05:01:00,30.0,10.186384
1995-08-16 05:02:00,6.999999999999999,9.41768
1995-08-16 05:03:00,6.0,10.739109
1995-08-16 05:04:00,2.0,11.176641
1995-08-16 05:05:00,6.999999999999999,11.392935
1995-08-16 05:06:00,4.0,11.092037
1995-08-16 05:07:00,5.0,11.347087
1995-08-16 05:08:00,6.999999999999999,11.090713
1995-08-16 05:09:00,16.0,10.278897
1995-08-16 05:10:00,13.999999999999998,9.5391245
1995-08-16 05:11:00,27.0,9.557962
1995-08-16 05:12:00,21.0,9.842671
1995-08-16 05:13:00,6.0,11.081436
1995-08-16 05:14:00,20.0,12.080336
1995-08-16 05:15:00,5.0,11.710555
1995-08-16 05:16:00,18.0,13.095231
1995-08-16 05:17:00,9.0,12.96254
1995-08-16 05:18:00,20.0,13.035632
1995-08-16 05:19:00,32.0,13.276343
1995-08-16 05:20:00,18.0,14.181821
1995-08-16 05:21:00,13.999999999999998,14.717693
1995-08-16 05:22:00,13.999999999999998,14.864853
1995-08-16 05:23:00,11.0,14.732967
1995-08-16 05:24:00,24.0,14.591182
1995-08-16 05:25:00,18.0,14.250982
1995-08-16 05:26:00,22.0,14.986023
1995-08-16 05:27:00,13.999999999999998,15.17642
1995-08-16 05:28:00,18.0,15.755766
1995-08-16 05:29:00,13.000000000000002,16.24499
1995-08-16 05:30:00,20.0,16.126278
1995-08-16 05:31:00,24.0,16.135904
1995-08-16 05:32:00,6.0,16.528019
1995-08-16 05:33:00,13.999999999999998,16.535904
1995-08-16 05:34:00,19.0,16.161327
1995-08-16 05:35:00,17.0,15.5302925
1995-08-16 05:36:00,23.0,15.65334
1995-08-16 05:37:00,30.0,16.07452
1995-08-16 05:38:00,18.0,16.436634
1995-08-16 05:39:00,17.0,17.624287
1995-08-16 05:40:00,8.0,17.988026
1995-08-16 05:41:00,20.0,17.727957
1995-08-16 05:42:00,8.0,17.077631
1995-08-16 05:43:00,10.0,17.26263
1995-08-16 05:44:00,9.0,16.74383
1995-08-16 05:45:00,6.0,16.16533
1995-08-16 05:46:00,4.0,15.679586
1995-08-16 05:47:00,12.0,15.5834675
1995-08-16 05:48:00,1.0,14.946135
1995-08-16 05:49:00,17.0,13.885221
1995-08-16 05:50:00,13.999999999999998,11.430924
1995-08-16 05:51:00,19.0,11.636177
1995-08-16 05:52:00,18.0,12.027219
1995-08-16 05:53:00,4.0,12.748286
1995-08-16 05:54:00,11.0,12.797963
1995-08-16 05:55:00,13.000000000000002,12.501287
1995-08-16 05:56:00,16.0,12.547509
1995-08-16 05:57:00,6.999999999999999,12.834314
1995-08-16 05:58:00,18.0,13.436091
1995-08-16 05:59:00,12.0,14.015621
1995-08-16 06:00:00,5.0,14.713912
1995-08-16 06:01:00,12.0,14.630832
1995-08-16 06:02:00,8.0,13.668408
1995-08-16 06:03:00,32.0,13.364185
1995-08-16 06:04:00,17.0,12.485029
1995-08-16 06:05:00,16.0,12.646654
1995-08-16 06:06:00,15.0,12.793373
1995-08-16 06:07:00,17.0,12.926897
1995-08-16 06:08:00,17.0,12.907079
1995-08-16 06:09:00,20.0,13.258896
1995-08-16 06:10:00,22.0,13.91551
1995-08-16 06:11:00,11.0,14.526132
1995-08-16 06:12:00,3.0,15.471404
1995-08-16 06:13:00,2.0,15.575504
1995-08-16 06:14:00,24.0,14.889666
1995-08-16 06:15:00,8.0,13.9462185
1995-08-16 06:16:00,23.0,14.3743
1995-08-16 06:17:00,18.0,14.032199
1995-08-16 06:18:00,16.0,14.12225
1995-08-16 06:19:00,9.0,15.059197
1995-08-16 06:20:00,21.0,15.555745
1995-08-16 06:21:00,34.0,15.225041
1995-08-16 06:22:00,12.0,15.865155
1995-08-16 06:23:00,27.999999999999996,17.560272
1995-08-16 06:24:00,21.0,18.529394
1995-08-16 06:25:00,13.999999999999998,19.52608
1995-08-16 06:26:00,16.0,20.41808
1995-08-16 06:27:00,12.0,20.526455
1995-08-16 06:28:00,10.0,20.416817
1995-08-16 06:29:00,30.0,19.744564
1995-08-16 06:30:00,17.0,18.36595
1995-08-16 06:31:00,29.0,18.743338
1995-08-16 06:32:00,25.0,19.00593
1995-08-16 06:33:00,27.999999999999996,19.945745
1995-08-16 06:34:00,16.0,21.167963
1995-08-16 06:35:00,20.0,21.500439
1995-08-16 06:36:00,15.0,20.503506
1995-08-16 06:37:00,3.0,19.914186
1995-08-16 06:38:00,16.0,19.524807
1995-08-16 06:39:00,19.0,17.25858
1995-08-16 06:40:00,12.0,15.383447
1995-08-16 06:41:00,8.0,14.357025
1995-08-16 06:42:00,15.0,13.119217
1995-08-16 06:43:00,13.999999999999998,12.4315405
1995-08-16 06:44:00,18.0,12.852444
1995-08-16 06:45:00,38.0,12.593127
1995-08-16 06:46:00,38.0,13.053378
1995-08-16 06:47:00,10.0,15.509364
1995-08-16 06:48:00,11.0,18.901714
1995-08-16 06:49:00,21.0,19.884804
1995-08-16 06:50:00,33.0,19.349672
1995-08-16 06:51:00,25.0,18.633478
1995-08-16 06:52:00,22.0,19.162624
1995-08-16 06:53:00,25.0,19.969059
1995-08-16 06:54:00,11.0,20.848219
1995-08-16 06:55:00,24.0,21.675512
1995-08-16 06:56:00,18.0,20.64312
1995-08-16 06:57:00,26.000000000000004,20.443655
1995-08-16 06:58:00,17.0,20.342684
1995-08-16 06:59:00,25.0,20.934956
1995-08-16 07:00:00,32.0,20.793222
1995-08-16 07:01:00,36.0,21.425472
1995-08-16 07:02:00,27.0,22.51823
1995-08-16 07:03:00,13.999999999999998,25.317911
1995-08-16 07:04:00,17.0,27.07852
1995-08-16 07:05:00,13.000000000000002,26.832685
1995-08-16 07:06:00,5.0,26.300682
1995-08-16 07:07:00,35.0,25.41527
1995-08-16 07:08:00,5.0,23.486387
1995-08-16 07:09:00,10.0,23.388403
1995-08-16 07:10:00,1.0,22.640678
1995-08-16 07:11:00,9.0,21.90719
1995-08-16 07:12:00,16.0,20.048655
1995-08-16 07:13:00,45.0,19.31062
1995-08-16 07:14:00,29.0,19.315739
1995-08-16 07:15:00,38.0,21.156303
1995-08-16 07:16:00,22.0,23.210596
1995-08-16 07:17:00,10.0,25.300995
1995-08-16 07:18:00,8.0,26.358805
1995-08-16 07:19:00,27.0,25.792099
1995-08-16 07:20:00,13.999999999999998,23.87443
1995-08-16 07:21:00,11.0,23.801989
1995-08-16 07:22:00,11.0,23.37003
1995-08-16 07:23:00,32.0,23.169119
1995-08-16 07:24:00,44.0,22.855604
1995-08-16 07:25:00,23.0,23.629509
1995-08-16 07:26:00,30.0,24.66418
1995-08-16 07:27:00,22.0,25.54904
1995-08-16 07:28:00,33.0,26.637804
1995-08-16 07:29:00,22.0,27.286985
1995-08-16 07:30:00,22.0,28.282553
1995-08-16 07:31:00,52.00000000000001,28.366793
1995-08-16 07:32:00,42.0,28.566881
1995-08-16 07:33:00,34.0,29.906477
1995-08-16 07:34:00,24.0,31.64977
1995-08-16 07:35:00,45.0,33.392014
1995-08-16 07:36:00,81.0,34.82917
1995-08-16 07:37:00,18.0,36.81836
1995-08-16 07:38:00,38.0,39.308773
1995-08-16 07:39:00,27.0,39.34342
1995-08-16 07:40:00,69.0,39.363316
1995-08-16 07:41:00,23.0,38.621853
1995-08-16 07:42:00,32.0,39.933105
1995-08-16 07:43:00,27.999999999999996,39.49554
1995-08-16 07:44:00,43.0,39.046154
1995-08-16 07:45:00,50.0,38.02217
1995-08-16 07:46:00,29.0,37.30218
1995-08-16 07:47:00,19.0,37.812565
1995-08-16 07:48:00,21.0,37.322243
1995-08-16 07:49:00,31.000000000000004,36.066376
1995-08-16 07:50:00,39.0,35.38961
1995-08-16 07:51:00,46.0,35.292603
1995-08-16 07:52:00,39.0,35.105053
1995-08-16 07:53:00,24.0,35.31472
1995-08-16 07:54:00,44.0,35.376972
1995-08-16 07:55:00,24.0,35.25831
1995-08-16 07:56:00,18.0,35.446342
1995-08-16 07:57:00,26.000000000000004,34.839184
1995-08-16 07:58:00,27.0,32.393898
1995-08-16 07:59:00,36.0,30.8811
1995-08-16 08:00:00,31.000000000000004,30.033735
1995-08-16 08:01:00,40.0,29.236626
1995-08-16 08:02:00,30.0,29.000462
1995-08-16 08:03:00,31.000000000000004,29.799866
1995-08-16 08:04:00,49.0,30.694664
1995-08-16 08:05:00,59.0,31.322392
1995-08-16 08:06:00,50.0,32.76691
1995-08-16 08:07:00,40.0,34.934498
1995-08-16 08:08:00,37.0,35.91202
1995-08-16 08:09:00,33.0,36.394707
1995-08-16 08:10:00,40.0,36.471546
1995-08-16 08:11:00,41.0,36.313656
1995-08-16 08:12:00,60.99999999999999,36.610973
1995-08-16 08:13:00,73.0,36.574055
1995-08-16 08:14:00,30.0,37.440624
1995-08-16 08:15:00,21.0,39.15183
1995-08-16 08:16:00,41.0,39.355534
1995-08-16 08:17:00,37.0,38.75274
1995-08-16 08:18:00,38.0,38.737305
1995-08-16 08:19:00,44.0,38.264313
1995-08-16 08:20:00,31.000000000000004,38.65309
1995-08-16 08:21:00,50.0,39.53235
1995-08-16 08:22:00,46.0,39.46876
1995-08-16 08:23:00,19.0,40.518692
1995-08-16 08:24:00,53.0,41.83251
1995-08-16 08:25:00,38.0,42.266304
1995-08-16 08:26:00,38.0,43.57833
1995-08-16 08:27:00,41.0,43.303642
1995-08-16 08:28:00,50.99999999999999,43.381363
1995-08-16 08:29:00,12.0,44.118168
1995-08-16 08:30:00,26.000000000000004,43.89347
1995-08-16 08:31:00,39.0,41.08215
1995-08-16 08:32:00,44.0,38.67425
1995-08-16 08:33:00,26.000000000000004,38.000847
1995-08-16 08:34:00,36.0,38.042915
1995-08-16 08:35:00,22.0,37.456177
1995-08-16 08:36:00,23.0,37.46197
1995-08-16 08:37:00,35.0,37.749557
1995-08-16 08:38:00,29.0,37.62524
1995-08-16 08:39:00,29.0,37.87271
1995-08-16 08:40:00,41.0,38.29271
1995-08-16 08:41:00,55.0,37.95999
1995-08-16 08:42:00,30.0,37.64175
1995-08-16 08:43:00,31.000000000000004,38.848553
1995-08-16 08:44:00,42.0,38.784218
1995-08-16 08:45:00,24.0,38.855736
1995-08-16 08:46:00,26.000000000000004,39.723473
1995-08-16 08:47:00,36.0,38.94645
1995-08-16 08:48:00,19.0,37.984184
1995-08-16 08:49:00,48.0,37.343834
1995-08-16 08:50:00,64.0,36.256546
1995-08-16 08:51:00,38.0,36.464985
1995-08-16 08:52:00,55.99999999999999,38.260685
1995-08-16 08:53:00,80.0,39.783604
1995-08-16 08:54:00,18.0,41.359
1995-08-16 08:55:00,50.0,44.211723
1995-08-16 08:56:00,68.0,43.815117
1995-08-16 08:57:00,35.0,44.01538
1995-08-16 08:58:00,27.0,45.24347
1995-08-16 08:59:00,42.0,46.19625
1995-08-16 09:00:00,42.0,46.07104
1995-08-16 09:01:00,58.0,45.993526
1995-08-16 09:02:00,39.0,45.334755
1995-08-16 09:03:00,55.0,46.66087
1995-08-16 09:04:00,36.0,47.73459
1995-08-16 09:05:00,20.0,48.20583
1995-08-16 09:06:00,23.0,47.70844
1995-08-16 09:07:00,86.0,45.3978
1995-08-16 09:08:00,36.0,42.99148
1995-08-16 09:09:00,55.0,43.382397
1995-08-16 09:10:00,69.0,43.43079
1995-08-16 09:11:00,45.0,44.294586
1995-08-16 09:12:00,53.0,46.68031
1995-08-16 09:13:00,45.0,48.548183
1995-08-16 09:14:00,20.0,49.927082
1995-08-16 09:15:00,39.0,49.420876
1995-08-16 09:16:00,35.0,47.580845
1995-08-16 09:17:00,33.0,46.312172
1995-08-16 09:18:00,39.0,44.881958
1995-08-16 09:19:00,25.0,43.744705
1995-08-16 09:20:00,37.0,42.898037
1995-08-16 09:21:00,60.99999999999999,41.991985
1995-08-16 09:22:00,57.00000000000001,41.700085
1995-08-16 09:23:00,42.0,42.59556
1995-08-16 09:24:00,45.0,42.981243
1995-08-16 09:25:00,64.0,44.17291
1995-08-16 09:26:00,33.0,45.516308
1995-08-16 09:27:00,79.0,46.654747
1995-08-16 09:28:00,38.0,45.957012
1995-08-16 09:29:00,36.0,47.18826
1995-08-16 09:30:00,31.000000000000004,47.349457
1995-08-16 09:31:00,29.0,46.641678
1995-08-16 09:32:00,23.0,45.89994
1995-08-16 09:33:00,60.99999999999999,45.122814
1995-08-16 09:34:00,47.0,43.613358
1995-08-16 09:35:00,67.0,42.99749
1995-08-16 09:36:00,76.0,42.960888
1995-08-16 09:37:00,50.0,44.31851
1995-08-16 09:38:00,65.0,46.745407
1995-08-16 09:39:00,71.0,47.92242
1995-08-16 09:40:00,49.0,50.222107
1995-08-16 09:41:00,30.0,52.48671
1995-08-16 09:42:00,54.0,53.2025
1995-08-16 09:43:00,58.0,52.36073
1995-08-16 09:44:00,69.0,51.559715
1995-08-16 09:45:00,75.0,51.314762
1995-08-16 09:46:00,73.0,51.942432
1995-08-16 09:47:00,65.0,53.77383
1995-08-16 09:48:00,45.0,56.061604
1995-08-16 09:49:00,63.0,58.74168
1995-08-16 09:50:00,68.0,60.133736
1995-08-16 09:51:00,44.0,60.37416
1995-08-16 09:52:00,15.0,60.306633
1995-08-16 09:53:00,45.0,60.427143
1995-08-16 09:54:00,59.0,57.93498
1995-08-16 09:55:00,65.0,55.524406
1995-08-16 09:56:00,53.0,54.601997
1995-08-16 09:57:00,34.0,54.940777
1995-08-16 09:58:00,38.0,55.31189
1995-08-16 09:59:00,43.0,54.34085
1995-08-16 10:00:00,20.0,52.59167
1995-08-16 10:01:00,60.99999999999999,51.930954
1995-08-16 10:02:00,86.0,49.95147
1995-08-16 10:03:00,64.0,49.632397
1995-08-16 10:04:00,54.0,51.12898
1995-08-16 10:05:00,57.00000000000001,52.354362
1995-08-16 10:06:00,55.0,53.631584
1995-08-16 10:07:00,46.0,54.2754
1995-08-16 10:08:00,60.0,55.20995
1995-08-16 10:09:00,62.00000000000001,55.066544
1995-08-16 10:10:00,50.99999999999999,55.33135
1995-08-16 10:11:00,62.00000000000001,56.555946
1995-08-16 10:12:00,77.0,56.600513
1995-08-16 10:13:00,36.0,57.61498
1995-08-16 10:14:00,74.0,59.01326
1995-08-16 10:15:00,77.0,57.80843
1995-08-16 10:16:00,89.0,58.421432
1995-08-16 10:17:00,76.0,59.745457
1995-08-16 10:18:00,27.999999999999996,62.927563
1995-08-16 10:19:00,53.0,64.843994
1995-08-16 10:20:00,39.0,63.956406
1995-08-16 10:21:00,44.0,62.416885
1995-08-16 10:22:00,41.0,60.089905
1995-08-16 10:23:00,88.0,59.23595
1995-08-16 10:24:00,59.0,58.16621
1995-08-16 10:25:00,54.0,59.992687
1995-08-16 10:26:00,73.0,61.283047
1995-08-16 10:27:00,70.0,61.74476
1995-08-16 10:28:00,50.99999999999999,62.139988
1995-08-16 10:29:00,50.0,63.902344
1995-08-16 10:30:00,43.0,63.910564
1995-08-16 10:31:00,75.0,63.13898
1995-08-16 10:32:00,80.0,61.184635
1995-08-16 10:33:00,49.0,60.601315
1995-08-16 10:34:00,50.99999999999999,61.73053
1995-08-16 10:35:00,31.000000000000004,62.382545
1995-08-16 10:36:00,46.0,61.998905
1995-08-16 10:37:00,68.0,59.805283
1995-08-16 10:38:00,82.0,57.552742
1995-08-16 10:39:00,46.0,56.95488
1995-08-16 10:40:00,34.0,58.141422
1995-08-16 10:41:00,35.0,57.341946
1995-08-16 10:42:00,31.000000000000004,56.127625
1995-08-16 10:43:00,47.0,54.244118
1995-08-16 10:44:00,34.0,52.402317
1995-08-16 10:45:00,62.00000000000001,51.425568
1995-08-16 10:46:00,52.00000000000001,51.298756
1995-08-16 10:47:00,67.0,52.483124
1995-08-16 10:48:00,64.0,53.513386
1995-08-16 10:49:00,43.0,54.937347
1995-08-16 10:50:00,78.0,56.305824
1995-08-16 10:51:00,59.0,56.689396
1995-08-16 10:52:00,50.99999999999999,58.470478
1995-08-16 10:53:00,43.0,60.00197
1995-08-16 10:54:00,76.0,61.291786
1995-08-16 10:55:00,54.0,61.619293
1995-08-16 10:56:00,71.0,62.506916
1995-08-16 10:57:00,50.99999999999999,62.82607
1995-08-16 10:58:00,63.0,63.899036
1995-08-16 10:59:00,80.0,64.3394
1995-08-16 11:00:00,37.0,64.31825
1995-08-16 11:01:00,47.0,65.497925
1995-08-16 11:02:00,33.0,65.28875
1995-08-16 11:03:00,42.0,64.37036
1995-08-16 11:04:00,38.0,62.690018
1995-08-16 11:05:00,36.0,61.968548
1995-08-16 11:06:00,63.0,60.274017
1995-08-16 11:07:00,82.0,57.79867
1995-08-16 11:08:00,72.0,56.858166
1995-08-16 11:09:00,83.0,57.522526
1995-08-16 11:10:00,52.00000000000001,58.411385
1995-08-16 11:11:00,64.0,60.5715
1995-08-16 11:12:00,68.0,61.38633
1995-08-16 11:13:00,34.0,61.82836
1995-08-16 11:14:00,33.0,62.66826
1995-08-16 11:15:00,48.0,61.633324
1995-08-16 11:16:00,48.0,59.477783
1995-08-16 11:17:00,58.0,58.00706
1995-08-16 11:18:00,35.0,57.557213
1995-08-16 11:19:00,64.0,57.769783
1995-08-16 11:20:00,94.0,57.218155
1995-08-16 11:21:00,67.0,57.27943
1995-08-16 11:22:00,67.0,59.090294
1995-08-16 11:23:00,52.00000000000001,59.976112
1995-08-16 11:24:00,36.0,60.85636
1995-08-16 11:25:00,43.0,60.25051
1995-08-16 11:26:00,39.0,58.747864
1995-08-16 11:27:00,60.99999999999999,57.210964
1995-08-16 11:28:00,62.00000000000001,55.71736
1995-08-16 11:29:00,34.0,55.82269
1995-08-16 11:30:00,78.0,55.70364
1995-08-16 11:31:00,43.0,54.855648
1995-08-16 11:32:00,88.0,56.311142
1995-08-16 11:33:00,64.0,56.368404
1995-08-16 11:34:00,65.0,57.511143
1995-08-16 11:35:00,57.00000000000001,59.59156
1995-08-16 11:36:00,54.0,61.298622
1995-08-16 11:37:00,106.0,63.432705
1995-08-16 11:38:00,73.0,64.6148
1995-08-16 11:39:00,55.99999999999999,67.019394
1995-08-16 11:40:00,38.0,68.12004
1995-08-16 11:41:00,53.0,67.39156
1995-08-16 11:42:00,73.0,65.42038
1995-08-16 11:43:00,79.0,64.10395
1995-08-16 11:44:00,42.0,64.562355
1995-08-16 11:45:00,49.0,65.76175
1995-08-16 11:46:00,111.0,65.19343
1995-08-16 11:47:00,62.00000000000001,64.46899
1995-08-16 11:48:00,80.0,66.347404
1995-08-16 11:49:00,105.0,66.9539
1995-08-16 11:50:00,68.0,68.955284
1995-08-16 11:51:00,74.0,72.46766
1995-08-16 11:52:00,90.0,73.625946
1995-08-16 11:53:00,79.0,74.62332
1995-08-16 11:54:00,50.0,76.845375
1995-08-16 11:55:00,53.0,77.412895
1995-08-16 11:56:00,73.0,76.5181
1995-08-16 11:57:00,32.0,74.81597
1995-08-16 11:58:00,23.0,73.16505
1995-08-16 11:59:00,29.0,69.92927
1995-08-16 12:00:00,69.0,66.03486
1995-08-16 12:01:00,71.0,62.224037
1995-08-16 12:02:00,74.0,60.519924
1995-08-16 12:03:00,52.00000000000001,60.87425
1995-08-16 12:04:00,47.0,62.124855
1995-08-16 12:05:00,60.0,62.20592
1995-08-16 12:06:00,81.0,61.80867
1995-08-16 12:07:00,53.0,61.936123
1995-08-16 12:08:00,70.0,63.208603
1995-08-16 12:09:00,69.0,64.01929
1995-08-16 12:10:00,50.99999999999999,64.44834
1995-08-16 12:11:00,37.0,65.17125
1995-08-16 12:12:00,69.0,65.44434
1995-08-16 12:13:00,99.0,64.51696
1995-08-16 12:14:00,77.0,63.920593
1995-08-16 12:15:00,53.0,64.52941
1995-08-16 12:16:00,54.0,65.05919
1995-08-16 12:17:00,63.0,65.866646
1995-08-16 12:18:00,67.0,65.39641
1995-08-16 12:19:00,79.0,64.93805
1995-08-16 12:20:00,41.0,65.63457
1995-08-16 12:21:00,50.0,67.08944
1995-08-16 12:22:00,41.0,66.07725
1995-08-16 12:23:00,29.0,64.75832
1995-08-16 12:24:00,67.0,63.088833
1995-08-16 12:25:00,45.0,60.256367
1995-08-16 12:26:00,60.0,59.513027
1995-08-16 12:27:00,44.0,58.515686
1995-08-16 12:28:00,66.0,58.16443
1995-08-16 12:29:00,84.0,57.541527
1995-08-16 12:30:00,59.0,58.045685
1995-08-16 12:31:00,73.0,60.256138
1995-08-16 12:32:00,62.00000000000001,61.7654
1995-08-16 12:33:00,45.0,63.380104
1995-08-16 12:34:00,68.0,63.85335
1995-08-16 12:35:00,50.0,64.07589
1995-08-16 12:36:00,71.0,65.74897
1995-08-16 12:37:00,65.0,65.990036
1995-08-16 12:38:00,47.0,66.90421
1995-08-16 12:39:00,88.0,66.81967
1995-08-16 12:40:00,57.00000000000001,66.45797
1995-08-16 12:41:00,67.0,66.65065
1995-08-16 12:42:00,82.0,65.92896
1995-08-16 12:43:00,84.0,65.58489
1995-08-16 12:44:00,83.0,66.72477
1995-08-16 12:45:00,69.0,67.94943
1995-08-16 12:46:00,48.0,69.83914
1995-08-16 12:47:00,63.0,70.09837
1995-08-16 12:48:00,65.0,69.60506
1995-08-16 12:49:00,39.0,68.54821
1995-08-16 12:50:00,37.0,67.36135
1995-08-16 12:51:00,47.0,64.835075
1995-08-16 12:52:00,43.0,62.322796
1995-08-16 12:53:00,53.0,60.1375
1995-08-16 12:54:00,66.0,58.69186
1995-08-16 12:55:00,48.0,57.996403
1995-08-16 12:56:00,46.0,58.267204
1995-08-16 12:57:00,55.99999999999999,58.726482
1995-08-16 12:58:00,47.0,57.791767
1995-08-16 12:59:00,48.0,57.164856
1995-08-16 13:00:00,66.0,56.81315
1995-08-16 13:01:00,45.0,56.852028
1995-08-16 13:02:00,45.0,56.865818
1995-08-16 13:03:00,75.0,55.903286
1995-08-16 13:04:00,48.0,54.44014
1995-08-16 13:05:00,52.00000000000001,55.913162
1995-08-16 13:06:00,58.0,56.550232
1995-08-16 13:07:00,71.0,56.950214
1995-08-16 13:08:00,38.0,56.171535
1995-08-16 13:09:00,45.0,57.121723
1995-08-16 13:10:00,79.0,57.102962
1995-08-16 13:11:00,39.0,56.924072
1995-08-16 13:12:00,48.0,57.898045
1995-08-16 13:13:00,69.0,58.154682
1995-08-16 13:14:00,65.0,57.50934
1995-08-16 13:15:00,46.0,57.893024
1995-08-16 13:16:00,85.0,58.05732
1995-08-16 13:17:00,64.0,57.40051
1995-08-16 13:18:00,75.0,58.053265
1995-08-16 13:19:00,79.0,58.824703
1995-08-16 13:20:00,89.0,59.929718
1995-08-16 13:21:00,66.0,62.16988
1995-08-16 13:22:00,76.0,64.99665
1995-08-16 13:23:00,55.99999999999999,66.50918
1995-08-16 13:24:00,58.0,68.324745
1995-08-16 13:25:00,66.0,68.62262
1995-08-16 13:26:00,64.0,67.79069
1995-08-16 13:27:00,115.0,68.49972
1995-08-16 13:28:00,62.00000000000001,69.12245
1995-08-16 13:29:00,69.0,71.79618
1995-08-16 13:30:00,64.0,72.21288
1995-08-16 13:31:00,59.0,72.3174
1995-08-16 13:32:00,66.0,71.62317
1995-08-16 13:33:00,48.0,71.125435
1995-08-16 13:34:00,55.99999999999999,71.126785
1995-08-16 13:35:00,53.0,70.644966
1995-08-16 13:36:00,59.0,70.84157
1995-08-16 13:37:00,85.0,69.84705
1995-08-16 13:38:00,88.0,68.6396
1995-08-16 13:39:00,101.99999999999999,70.13226
1995-08-16 13:40:00,98.0,71.98498
1995-08-16 13:41:00,46.0,75.32303
1995-08-16 13:42:00,72.0,77.61216
1995-08-16 13:43:00,90.0,78.25708
1995-08-16 13:44:00,89.0,78.22679
1995-08-16 13:45:00,92.0,79.99865
1995-08-16 13:46:00,77.0,80.43972
1995-08-16 13:47:00,52.00000000000001,80.244865
1995-08-16 13:48:00,90.0,79.98104
1995-08-16 13:49:00,60.0,77.91243
1995-08-16 13:50:00,53.0,77.19144
1995-08-16 13:51:00,55.0,76.11424
1995-08-16 13:52:00,59.0,73.98386
1995-08-16 13:53:00,42.0,71.887505
1995-08-16 13:54:00,50.99999999999999,71.236694
1995-08-16 13:55:00,65.0,69.28955
1995-08-16 13:56:00,60.99999999999999,67.259575
1995-08-16 13:57:00,60.0,66.224754
1995-08-16 13:58:00,77.0,66.447044
1995-08-16 13:59:00,77.0,65.87511
1995-08-16 14:00:00,39.0,65.96097
1995-08-16 14:01:00,69.0,67.27161
1995-08-16 14:02:00,55.99999999999999,66.22101
1995-08-16 14:03:00,70.0,66.33787
1995-08-16 14:04:00,83.0,66.5506
1995-08-16 14:05:00,67.0,67.00765
1995-08-16 14:06:00,101.0,68.875595
1995-08-16 14:07:00,90.0,69.25931
1995-08-16 14:08:00,89.0,70.79093
1995-08-16 14:09:00,63.0,72.02493
1995-08-16 14:10:00,87.0,72.65462
1995-08-16 14:11:00,94.0,72.03986
1995-08-16 14:12:00,99.0,73.499626
1995-08-16 14:13:00,93.0,75.7801
1995-08-16 14:14:00,96.0,77.08043
1995-08-16 14:15:00,68.0,78.43412
1995-08-16 14:16:00,71.0,80.51103
1995-08-16 14:17:00,77.0,80.27647
1995-08-16 14:18:00,101.99999999999999,79.56351
1995-08-16 14:19:00,60.0,79.22592
1995-08-16 14:20:00,60.0,80.11611
1995-08-16 14:21:00,74.0,78.92254
1995-08-16 14:22:00,74.0,76.3791
1995-08-16 14:23:00,60.0,75.08842
1995-08-16 14:24:00,48.0,74.340675
1995-08-16 14:25:00,84.0,73.32162
1995-08-16 14:26:00,39.0,71.41324
1995-08-16 14:27:00,97.0,70.96522
1995-08-16 14:28:00,57.00000000000001,68.66903
1995-08-16 14:29:00,89.0,68.63976
1995-08-16 14:30:00,41.0,68.29595
1995-08-16 14:31:00,84.0,68.294945
1995-08-16 14:32:00,52.00000000000001,67.25006
1995-08-16 14:33:00,93.0,66.93682
1995-08-16 14:34:00,43.0,65.70643
1995-08-16 14:35:00,85.0,66.44633
1995-08-16 14:36:00,80.0,64.6305
1995-08-16 14:37:00,91.0,64.878456
1995-08-16 14:38:00,83.0,65.72004
1995-08-16 14:39:00,55.0,68.87686
1995-08-16 14:40:00,62.00000000000001,70.814125
1995-08-16 14:41:00,85.0,71.14103
1995-08-16 14:42:00,72.0,71.592735
1995-08-16 14:43:00,52.00000000000001,72.87808
1995-08-16 14:44:00,57.00000000000001,74.25624
1995-08-16 14:45:00,50.99999999999999,73.70995
1995-08-16 14:46:00,54.0,72.86624
1995-08-16 14:47:00,59.0,70.06027
1995-08-16 14:48:00,85.0,67.46103
1995-08-16 14:49:00,64.0,65.9752
1995-08-16 14:50:00,35.0,65.69886
1995-08-16 14:51:00,101.99999999999999,65.114784
1995-08-16 14:52:00,63.0,63.755424
1995-08-16 14:53:00,48.0,65.49621
1995-08-16 14:54:00,44.0,67.74338
1995-08-16 14:55:00,40.0,66.94927
1995-08-16 14:56:00,47.0,65.6934
1995-08-16 14:57:00,59.0,63.3607
1995-08-16 14:58:00,59.0,60.98123
1995-08-16 14:59:00,73.0,59.762302
1995-08-16 15:00:00,29.0,60.050243
1995-08-16 15:01:00,70.0,60.517384
1995-08-16 15:02:00,32.0,58.07556
1995-08-16 15:03:00,73.0,57.72753
1995-08-16 15:04:00,69.0,55.96596
1995-08-16 15:05:00,52.00000000000001,56.707314
1995-08-16 15:06:00,49.0,57.123154
1995-08-16 15:07:00,55.0,57.38745
1995-08-16 15:08:00,65.0,56.80539
1995-08-16 15:09:00,64.0,56.7672
1995-08-16 15:10:00,59.0,57.67338
1995-08-16 15:11:00,55.99999999999999,58.353962
1995-08-16 15:12:00,35.0,59.045715
1995-08-16 15:13:00,53.0,59.051582
1995-08-16 15:14:00,52.00000000000001,56.703354
1995-08-16 15:15:00,34.0,54.849346
1995-08-16 15:16:00,59.0,53.805473
1995-08-16 15:17:00,78.0,52.94024
1995-08-16 15:18:00,57.00000000000001,52.43114
1995-08-16 15:19:00,80.0,52.582485
1995-08-16 15:20:00,97.0,53.440228
1995-08-16 15:21:00,82.0,55.4376
1995-08-16 15:22:00,98.0,58.55687
1995-08-16 15:23:00,100.0,61.91519
1995-08-16 15:24:00,96.0,64.83903
1995-08-16 15:25:00,95.0,67.920456
1995-08-16 15:26:00,62.00000000000001,71.603195
1995-08-16 15:27:00,85.0,73.2582
1995-08-16 15:28:00,88.0,73.68291
1995-08-16 15:29:00,75.0,75.35427
1995-08-16 15:30:00,78.0,78.48806
1995-08-16 15:31:00,99.0,80.152145
1995-08-16 15:32:00,93.0,80.02012
1995-08-16 15:33:00,59.0,81.655106
1995-08-16 15:34:00,67.0,82.14873
1995-08-16 15:35:00,86.0,80.54615
1995-08-16 15:36:00,75.0,79.14144
1995-08-16 15:37:00,104.00000000000001,78.6467
1995-08-16 15:38:00,99.0,77.7603
1995-08-16 15:39:00,63.0,77.07324
1995-08-16 15:40:00,54.0,77.10928
1995-08-16 15:41:00,50.0,76.67083
1995-08-16 15:42:00,64.0,75.01024
1995-08-16 15:43:00,55.99999999999999,73.36501
1995-08-16 15:44:00,48.0,71.30723
1995-08-16 15:45:00,45.0,69.775986
1995-08-16 15:46:00,58.0,67.78813
1995-08-16 15:47:00,80.0,65.627365
1995-08-16 15:48:00,55.0,64.24723
1995-08-16 15:49:00,40.0,64.88386
1995-08-16 15:50:00,50.99999999999999,65.47854
1995-08-16 15:51:00,60.99999999999999,64.10724
1995-08-16 15:52:00,65.0,62.9234
1995-08-16 15:53:00,78.0,61.739685
1995-08-16 15:54:00,53.0,61.01914
1995-08-16 15:55:00,37.0,61.436813
1995-08-16 15:56:00,34.0,61.171707
1995-08-16 15:57:00,52.00000000000001,59.212822
1995-08-16 15:58:00,67.0,56.59921
1995-08-16 15:59:00,82.0,54.91807
1995-08-16 16:00:00,35.0,54.651405
1995-08-16 16:01:00,73.0,56.343388
1995-08-16 16:02:00,68.0,55.45749
1995-08-16 16:03:00,81.0,55.55005
1995-08-16 16:04:00,74.0,55.787205
1995-08-16 16:05:00,31.000000000000004,56.493683
1995-08-16 16:06:00,48.0,58.384293
1995-08-16 16:07:00,30.0,57.640587
1995-08-16 16:08:00,68.0,57.029552
1995-08-16 16:09:00,53.0,55.573833
1995-08-16 16:10:00,63.0,55.506073
1995-08-16 16:11:00,50.99999999999999,55.853325
1995-08-16 16:12:00,35.0,56.077885
1995-08-16 16:13:00,80.0,56.197346
1995-08-16 16:14:00,94.0,54.92376
1995-08-16 16:15:00,95.0,54.3667
1995-08-16 16:16:00,98.0,55.402836
1995-08-16 16:17:00,53.0,58.046673
1995-08-16 16:18:00,49.0,61.600685
1995-08-16 16:19:00,50.99999999999999,62.975327
1995-08-16 16:20:00,57.00000000000001,62.6262
1995-08-16 16:21:00,94.0,61.65117
1995-08-16 16:22:00,69.0,60.757866
1995-08-16 16:23:00,91.0,61.37566
1995-08-16 16:24:00,86.0,61.096054
1995-08-16 16:25:00,65.0,62.52701
1995-08-16 16:26:00,86.0,64.05293
1995-08-16 16:27:00,85.0,65.14959
1995-08-16 16:28:00,58.0,66.63572
1995-08-16 16:29:00,103.0,68.21181
1995-08-16 16:30:00,69.0,68.32747
1995-08-16 16:31:00,55.0,70.25151
1995-08-16 16:32:00,62.00000000000001,71.06194
1995-08-16 16:33:00,96.0,71.31482
1995-08-16 16:34:00,42.0,71.64019
1995-08-16 16:35:00,6.0,72.80185
1995-08-16 16:36:00,11.0,71.78382
1995-08-16 16:37:00,0.0,67.07621
1995-08-16 16:38:00,3.0,61.733448
1995-08-16 16:39:00,0.0,52.547318
1995-08-16 16:40:00,0.0,44.675697
1995-08-16 16:41:00,29.0,36.076073
1995-08-16 16:42:00,85.0,28.521303
1995-08-16 16:43:00,110.0,26.26445
1995-08-16 16:44:00,77.0,28.991613
1995-08-16 16:45:00,82.0,35.519833
1995-08-16 16:46:00,57.00000000000001,41.85827
1995-08-16 16:47:00,46.0,46.976955
1995-08-16 16:48:00,65.0,50.275257
1995-08-16 16:49:00,45.0,52.087135
1995-08-16 16:50:00,55.0,54.404213
1995-08-16 16:51:00,48.0,55.722515
1995-08-16 16:52:00,33.0,56.626656
1995-08-16 16:53:00,32.0,56.203667
1995-08-16 16:54:00,76.0,54.913376
1995-08-16 16:55:00,57.00000000000001,52.786472
1995-08-16 16:56:00,52.00000000000001,53.11425
1995-08-16 16:57:00,44.0,54.36749
1995-08-16 16:58:00,55.0,54.940117
1995-08-16 16:59:00,59.0,54.015236
1995-08-16 17:00:00,62.00000000000001,54.451466
1995-08-16 17:01:00,58.0,54.61975
1995-08-16 17:02:00,86.0,54.84248
1995-08-16 17:03:00,64.0,54.595985
1995-08-16 17:04:00,50.99999999999999,55.630856
1995-08-16 17:05:00,34.0,56.263866
1995-08-16 17:06:00,55.0,56.65135
1995-08-16 17:07:00,82.0,55.2484
1995-08-16 17:08:00,65.0,54.404755
1995-08-16 17:09:00,55.0,55.202393
1995-08-16 17:10:00,82.0,55.43756
1995-08-16 17:11:00,72.0,56.228767
1995-08-16 17:12:00,68.0,57.729042
1995-08-16 17:13:00,50.0,58.949097
1995-08-16 17:14:00,65.0,61.040817
1995-08-16 17:15:00,76.0,62.382908
1995-08-16 17:16:00,90.0,63.20218
1995-08-16 17:17:00,48.0,63.96161
1995-08-16 17:18:00,26.000000000000004,65.079384
1995-08-16 17:19:00,33.0,63.875618
1995-08-16 17:20:00,43.0,60.863537
1995-08-16 17:21:00,43.0,58.37839
1995-08-16 17:22:00,54.0,56.18796
1995-08-16 17:23:00,43.0,54.623577
1995-08-16 17:24:00,38.0,53.196796
1995-08-16 17:25:00,32.0,51.207737
1995-08-16 17:26:00,53.0,49.87777
1995-08-16 17:27:00,42.0,47.975876
1995-08-16 17:28:00,36.0,46.550167
1995-08-16 17:29:00,31.000000000000004,45.520805
1995-08-16 17:30:00,57.00000000000001,43.885822
1995-08-16 17:31:00,57.00000000000001,43.212933
1995-08-16 17:32:00,29.0,43.150326
1995-08-16 17:33:00,45.0,43.40604
1995-08-16 17:34:00,55.0,43.05881
1995-08-16 17:35:00,55.99999999999999,42.854996
1995-08-16 17:36:00,73.0,43.58676
1995-08-16 17:37:00,59.0,44.904602
1995-08-16 17:38:00,62.00000000000001,47.139557
1995-08-16 17:39:00,45.0,49.10652
1995-08-16 17:40:00,63.0,51.22432
1995-08-16 17:41:00,79.0,51.8325
1995-08-16 17:42:00,55.0,53.769302
1995-08-16 17:43:00,49.0,55.815197
1995-08-16 17:44:00,20.0,57.142883
1995-08-16 17:45:00,26.000000000000004,57.408245
1995-08-16 17:46:00,26.000000000000004,55.266254
1995-08-16 17:47:00,37.0,52.46936
1995-08-16 17:48:00,37.0,49.577488
1995-08-16 17:49:00,60.99999999999999,47.149406
1995-08-16 17:50:00,49.0,45.229996
1995-08-16 17:51:00,53.0,44.665436
1995-08-16 17:52:00,32.0,44.837975
1995-08-16 17:53:00,33.0,45.56776
1995-08-16 17:54:00,42.0,45.27979
1995-08-16 17:55:00,44.0,44.5122
1995-08-16 17:56:00,38.0,43.756783
1995-08-16 17:57:00,32.0,44.209232
1995-08-16 17:58:00,30.0,44.435738
1995-08-16 17:59:00,70.0,43.74178
1995-08-16 18:00:00,57.00000000000001,42.295547
1995-08-16 18:01:00,31.000000000000004,42.84902
1995-08-16 18:02:00,23.0,43.73576
1995-08-16 18:03:00,46.0,44.071114
1995-08-16 18:04:00,27.999999999999996,43.20122
1995-08-16 18:05:00,17.0,42.963226
1995-08-16 18:06:00,34.0,43.63977
1995-08-16 18:07:00,36.0,42.791103
1995-08-16 18:08:00,34.0,42.363895
1995-08-16 18:09:00,70.0,41.811882
1995-08-16 18:10:00,35.0,41.131622
1995-08-16 18:11:00,40.0,42.170086
1995-08-16 18:12:00,57.00000000000001,42.79045
1995-08-16 18:13:00,68.0,43.622433
1995-08-16 18:14:00,65.0,45.99288
1995-08-16 18:15:00,30.0,48.062984
1995-08-16 18:16:00,36.0,50.575222
1995-08-16 18:17:00,46.0,50.533722
1995-08-16 18:18:00,38.0,49.51645
1995-08-16 18:19:00,46.0,48.567684
1995-08-16 18:20:00,29.0,46.91153
1995-08-16 18:21:00,26.000000000000004,45.32604
1995-08-16 18:22:00,24.0,44.211098
1995-08-16 18:23:00,39.0,43.435307
1995-08-16 18:24:00,16.0,42.85559
1995-08-16 18:25:00,15.0,41.868748
1995-08-16 18:26:00,39.0,39.758316
1995-08-16 18:27:00,27.999999999999996,37.526367
1995-08-16 18:28:00,27.0,36.345474
1995-08-16 18:29:00,49.0,36.20741
1995-08-16 18:30:00,44.0,36.154114
1995-08-16 18:31:00,46.0,36.7296
1995-08-16 18:32:00,62.00000000000001,37.601204
1995-08-16 18:33:00,16.0,38.5298
1995-08-16 18:34:00,44.0,39.14201
1995-08-16 18:35:00,52.00000000000001,37.315243
1995-08-16 18:36:00,58.0,36.67141
1995-08-16 18:37:00,59.0,37.357216
1995-08-16 18:38:00,41.0,39.602493
1995-08-16 18:39:00,29.0,41.747616
1995-08-16 18:40:00,37.0,42.87063
1995-08-16 18:41:00,41.0,42.84213
1995-08-16 18:42:00,39.0,42.327805
1995-08-16 18:43:00,41.0,42.574055
1995-08-16 18:44:00,45.0,42.75545
1995-08-16 18:45:00,27.999999999999996,42.900757
1995-08-16 18:46:00,32.0,43.157528
1995-08-16 18:47:00,54.0,42.9881
1995-08-16 18:48:00,38.0,42.85816
1995-08-16 18:49:00,36.0,42.991943
1995-08-16 18:50:00,47.0,42.41009
1995-08-16 18:51:00,38.0,42.20061
1995-08-16 18:52:00,37.0,42.54913
1995-08-16 18:53:00,55.99999999999999,42.837738
1995-08-16 18:54:00,57.00000000000001,43.194542
1995-08-16 18:55:00,48.0,44.90134
1995-08-16 18:56:00,39.0,47.356915
1995-08-16 18:57:00,22.0,48.853447
1995-08-16 18:58:00,21.0,49.134373
1995-08-16 18:59:00,24.0,48.42294
1995-08-16 19:00:00,22.0,46.458725
1995-08-16 19:01:00,81.0,44.627644
1995-08-16 19:02:00,44.0,43.130726
1995-08-16 19:03:00,62.00000000000001,43.94635
1995-08-16 19:04:00,67.0,44.7854
1995-08-16 19:05:00,31.000000000000004,45.648827
1995-08-16 19:06:00,34.0,47.661545
1995-08-16 19:07:00,49.0,47.68785
1995-08-16 19:08:00,49.0,46.00699
1995-08-16 19:09:00,24.0,45.240257
1995-08-16 19:10:00,25.0,45.28815
1995-08-16 19:11:00,37.0,44.00796
1995-08-16 19:12:00,21.0,42.640553
1995-08-16 19:13:00,27.999999999999996,41.24823
1995-08-16 19:14:00,34.0,38.43831
1995-08-16 19:15:00,18.0,36.64991
1995-08-16 19:16:00,34.0,35.18929
1995-08-16 19:17:00,55.99999999999999,33.93838
1995-08-16 19:18:00,63.0,33.753536
1995-08-16 19:19:00,47.0,35.570683
1995-08-16 19:20:00,32.0,38.28423
1995-08-16 19:21:00,53.0,40.32335
1995-08-16 19:22:00,25.0,40.859646
1995-08-16 19:23:00,25.0,41.30319
1995-08-16 19:24:00,29.0,40.67147
1995-08-16 19:25:00,16.0,39.52479
1995-08-16 19:26:00,31.000000000000004,39.04391
1995-08-16 19:27:00,36.0,37.63326
1995-08-16 19:28:00,38.0,36.95027
1995-08-16 19:29:00,34.0,36.45111
1995-08-16 19:30:00,41.0,35.943607
1995-08-16 19:31:00,30.0,35.795086
1995-08-16 19:32:00,41.0,35.66214
1995-08-16 19:33:00,34.0,35.58855
1995-08-16 19:34:00,11.0,35.918503
1995-08-16 19:35:00,30.0,36.336605
1995-08-16 19:36:00,37.0,34.770557
1995-08-16 19:37:00,39.0,33.729465
1995-08-16 19:38:00,24.0,33.546818
1995-08-16 19:39:00,40.0,33.448704
1995-08-16 19:40:00,37.0,32.694626
1995-08-16 19:41:00,64.0,32.36132
1995-08-16 19:42:00,46.0,33.07941
1995-08-16 19:43:00,41.0,34.90341
1995-08-16 19:44:00,26.000000000000004,37.01662
1995-08-16 19:45:00,36.0,38.03663
1995-08-16 19:46:00,39.0,38.429333
1995-08-16 19:47:00,35.0,38.610344
1995-08-16 19:48:00,37.0,38.34561
1995-08-16 19:49:00,45.0,37.850983
1995-08-16 19:50:00,47.0,37.579212
1995-08-16 19:51:00,41.0,37.714928
1995-08-16 19:52:00,32.0,38.748528
1995-08-16 19:53:00,32.0,39.779175
1995-08-16 19:54:00,54.0,39.932735
1995-08-16 19:55:00,35.0,39.547386
1995-08-16 19:56:00,27.0,40.325184
1995-08-16 19:57:00,40.0,40.361095
1995-08-16 19:58:00,42.0,40.081573
1995-08-16 19:59:00,54.0,40.705788
1995-08-16 20:00:00,48.0,41.90833
1995-08-16 20:01:00,58.0,42.480827
1995-08-16 20:02:00,49.0,42.77541
1995-08-16 20:03:00,80.0,42.959393
1995-08-16 20:04:00,35.0,43.54293
1995-08-16 20:05:00,38.0,45.954075
1995-08-16 20:06:00,24.0,46.03237
1995-08-16 20:07:00,37.0,45.845406
1995-08-16 20:08:00,19.0,44.097282
1995-08-16 20:09:00,55.99999999999999,42.775608
1995-08-16 20:10:00,33.0,40.25368
1995-08-16 20:11:00,43.0,39.956833
1995-08-16 20:12:00,57.00000000000001,39.69294
1995-08-16 20:13:00,45.0,39.38721
1995-08-16 20:14:00,26.000000000000004,40.127777
1995-08-16 20:15:00,39.0,40.342785
1995-08-16 20:16:00,49.0,39.098087
1995-08-16 20:17:00,26.000000000000004,37.952267
1995-08-16 20:18:00,24.0,38.390648
1995-08-16 20:19:00,42.0,37.150784
1995-08-16 20:20:00,30.0,37.015682
1995-08-16 20:21:00,27.999999999999996,36.643616
1995-08-16 20:22:00,32.0,36.44041
1995-08-16 20:23:00,27.0,35.968605
1995-08-16 20:24:00,21.0,35.610683
1995-08-16 20:25:00,27.999999999999996,35.566227
1995-08-16 20:26:00,26.000000000000004,35.00541
1995-08-16 20:27:00,46.0,34.995567
1995-08-16 20:28:00,60.99999999999999,34.932
1995-08-16 20:29:00,67.0,35.50965
1995-08-16 20:30:00,49.0,36.993988
1995-08-16 20:31:00,25.0,38.869427
1995-08-16 20:32:00,27.0,39.634865
1995-08-16 20:33:00,45.0,38.896507
1995-08-16 20:34:00,38.0,37.606575
1995-08-16 20:35:00,22.0,37.028366
1995-08-16 20:36:00,39.0,36.445854
1995-08-16 20:37:00,38.0,34.694572
1995-08-16 20:38:00,49.0,34.031105
1995-08-16 20:39:00,42.0,33.635136
1995-08-16 20:40:00,16.0,33.80046
1995-08-16 20:41:00,11.0,33.47289
1995-08-16 20:42:00,26.000000000000004,32.67525
1995-08-16 20:43:00,31.000000000000004,31.273186
1995-08-16 20:44:00,44.0,30.793901
1995-08-16 20:45:00,46.0,31.088839
1995-08-16 20:46:00,24.0,31.594107
1995-08-16 20:47:00,24.0,33.49383
1995-08-16 20:48:00,2.0,34.51484
1995-08-16 20:49:00,6.0,34.207672
1995-08-16 20:50:00,22.0,32.389183
1995-08-16 20:51:00,26.000000000000004,30.230192
1995-08-16 20:52:00,15.0,29.509346
1995-08-16 20:53:00,18.0,30.130106
1995-08-16 20:54:00,13.999999999999998,30.395834
1995-08-16 20:55:00,13.000000000000002,30.015686
1995-08-16 20:56:00,23.0,29.040401
1995-08-16 20:57:00,37.0,27.657495
1995-08-16 20:58:00,23.0,26.671026
1995-08-16 20:59:00,30.0,26.453697
1995-08-16 21:00:00,25.0,26.623663
1995-08-16 21:01:00,32.0,27.014463
1995-08-16 21:02:00,32.0,28.264208
1995-08-16 21:03:00,49.0,29.611557
1995-08-16 21:04:00,39.0,31.228092
1995-08-16 21:05:00,54.0,33.436283
1995-08-16 21:06:00,40.0,35.285465
1995-08-16 21:07:00,26.000000000000004,37.079765
1995-08-16 21:08:00,45.0,38.335415
1995-08-16 21:09:00,52.00000000000001,38.561928
1995-08-16 21:10:00,40.0,39.07022
1995-08-16 21:11:00,40.0,39.606956
1995-08-16 21:12:00,58.0,39.15008
1995-08-16 21:13:00,37.0,39.79984
1995-08-16 21:14:00,24.0,40.494778
1995-08-16 21:15:00,44.0,40.49687
1995-08-16 21:16:00,48.0,39.885807
1995-08-16 21:17:00,17.0,39.599323
1995-08-16 21:18:00,40.0,40.034992
1995-08-16 21:19:00,42.0,38.93607
1995-08-16 21:20:00,35.0,38.09501
1995-08-16 21:21:00,30.0,38.231415
1995-08-16 21:22:00,29.0,38.46936
1995-08-16 21:23:00,47.0,37.84555
1995-08-16 21:24:00,31.000000000000004,37.31669
1995-08-16 21:25:00,29.0,37.238426
1995-08-16 21:26:00,50.99999999999999,37.513447
1995-08-16 21:27:00,49.0,36.987984
1995-08-16 21:28:00,36.0,37.286625
1995-08-16 21:29:00,52.00000000000001,37.84239
1995-08-16 21:30:00,27.0,37.71155
1995-08-16 21:31:00,52.00000000000001,38.19969
1995-08-16 21:32:00,48.0,37.692917
1995-08-16 21:33:00,48.0,38.21947
1995-08-16 21:34:00,41.0,38.856415
1995-08-16 21:35:00,38.0,39.58194
1995-08-16 21:36:00,33.0,40.29537
1995-08-16 21:37:00,48.0,39.7694
1995-08-16 21:38:00,32.0,39.419464
1995-08-16 21:39:00,65.0,38.970867
1995-08-16 21:40:00,49.0,38.501137
1995-08-16 21:41:00,26.000000000000004,39.429523
1995-08-16 21:42:00,43.0,40.170372
1995-08-16 21:43:00,58.0,39.537956
1995-08-16 21:44:00,27.999999999999996,40.175423
1995-08-16 21:45:00,36.0,41.513153
1995-08-16 21:46:00,54.0,41.480343
1995-08-16 21:47:00,38.0,40.767467
1995-08-16 21:48:00,48.0,40.650635
1995-08-16 21:49:00,36.0,39.678284
1995-08-16 21:50:00,24.0,39.508633
1995-08-16 21:51:00,45.0,39.06887
1995-08-16 21:52:00,25.0,37.9905
1995-08-16 21:53:00,21.0,38.1321
1995-08-16 21:54:00,20.0,37.27574
1995-08-16 21:55:00,13.000000000000002,35.541832
1995-08-16 21:56:00,49.0,33.61195
1995-08-16 21:57:00,44.0,31.099367
1995-08-16 21:58:00,39.0,30.896187
1995-08-16 21:59:00,52.00000000000001,30.50745
1995-08-16 22:00:00,34.0,31.021105
1995-08-16 22:01:00,22.0,32.510014
1995-08-16 22:02:00,21.0,32.809574
1995-08-16 22:03:00,13.999999999999998,32.10277
1995-08-16 22:04:00,20.0,31.046211
1995-08-16 22:05:00,39.0,30.078003
1995-08-16 22:06:00,31.000000000000004,29.133158
1995-08-16 22:07:00,43.0,29.358326
1995-08-16 22:08:00,50.99999999999999,29.535826
1995-08-16 22:09:00,76.0,30.606176
1995-08-16 22:10:00,60.0,32.03712
1995-08-16 22:11:00,48.0,34.465897
1995-08-16 22:12:00,43.0,38.58825
1995-08-16 22:13:00,55.99999999999999,41.740654
1995-08-16 22:14:00,42.0,43.82028
1995-08-16 22:15:00,36.0,45.1141
1995-08-16 22:16:00,54.0,45.816177
1995-08-16 22:17:00,27.0,45.015675
1995-08-16 22:18:00,35.0,44.538746
1995-08-16 22:19:00,30.0,43.27892
1995-08-16 22:20:00,41.0,42.557304
1995-08-16 22:21:00,50.99999999999999,41.089184
1995-08-16 22:22:00,31.000000000000004,40.925373
1995-08-16 22:23:00,25.0,40.94769
1995-08-16 22:24:00,38.0,40.476692
1995-08-16 22:25:00,45.0,39.29016
1995-08-16 22:26:00,29.0,38.402847
1995-08-16 22:27:00,31.000000000000004,38.584343
1995-08-16 22:28:00,27.0,37.727745
1995-08-16 22:29:00,25.0,36.4871
1995-08-16 22:30:00,30.0,34.940754
1995-08-16 22:31:00,27.0,33.45794
1995-08-16 22:32:00,27.0,32.303604
1995-08-16 22:33:00,39.0,32.005997
1995-08-16 22:34:00,27.999999999999996,31.640354
1995-08-16 22:35:00,10.0,31.618017
1995-08-16 22:36:00,35.0,31.70659
1995-08-16 22:37:00,22.0,30.84553
1995-08-16 22:38:00,32.0,31.39839
1995-08-16 22:39:00,22.0,31.105663
1995-08-16 22:40:00,23.0,31.484003
1995-08-16 22:41:00,38.0,31.283964
1995-08-16 22:42:00,20.0,31.157677
1995-08-16 22:43:00,27.999999999999996,31.18674
1995-08-16 22:44:00,23.0,31.190298
1995-08-16 22:45:00,32.0,31.139147
1995-08-16 22:46:00,44.0,30.73574
1995-08-16 22:47:00,21.0,30.755941
1995-08-16 22:48:00,18.0,31.774553
1995-08-16 22:49:00,24.0,31.669937
1995-08-16 22:50:00,16.0,31.48196
1995-08-16 22:51:00,49.0,31.439734
1995-08-16 22:52:00,31.000000000000004,31.037777
1995-08-16 22:53:00,37.0,32.246105
1995-08-16 22:54:00,25.0,32.68401
1995-08-16 22:55:00,25.0,33.67725
1995-08-16 22:56:00,36.0,33.406845
1995-08-16 22:57:00,23.0,32.79744
1995-08-16 22:58:00,6.0,32.70893
1995-08-16 22:59:00,10.0,32.123035
1995-08-16 23:00:00,29.0,30.170431
1995-08-16 23:01:00,16.0,28.711136
1995-08-16 23:02:00,25.0,28.261875
1995-08-16 23:03:00,31.000000000000004,27.326942
1995-08-16 23:04:00,41.0,26.652306
1995-08-16 23:05:00,50.0,26.639524
1995-08-16 23:06:00,22.0,28.15819
1995-08-16 23:07:00,34.0,30.24697
1995-08-16 23:08:00,22.0,31.33403
1995-08-16 23:09:00,30.0,32.10399
1995-08-16 23:10:00,13.999999999999998,32.469322
1995-08-16 23:11:00,11.0,32.18382
1995-08-16 23:12:00,24.0,31.377983
1995-08-16 23:13:00,15.0,30.110968
1995-08-16 23:14:00,20.0,29.751766
1995-08-16 23:15:00,23.0,29.542725
1995-08-16 23:16:00,19.0,29.488977
1995-08-16 23:17:00,24.0,28.835752
1995-08-16 23:18:00,15.0,28.228615
1995-08-16 23:19:00,23.0,28.288368
1995-08-16 23:20:00,8.0,27.664913
1995-08-16 23:21:00,13.000000000000002,26.775242
1995-08-16 23:22:00,30.0,25.165804
1995-08-16 23:23:00,50.99999999999999,23.992079
1995-08-16 23:24:00,29.0,24.173101
1995-08-16 23:25:00,31.000000000000004,25.009491
1995-08-16 23:26:00,29.0,26.025915
1995-08-16 23:27:00,27.999999999999996,26.927748
1995-08-16 23:28:00,24.0,27.736023
1995-08-16 23:29:00,55.0,27.783907
1995-08-16 23:30:00,25.0,27.804647
1995-08-16 23:31:00,27.0,29.284863
1995-08-16 23:32:00,50.99999999999999,29.97948
1995-08-16 23:33:00,48.0,29.328615
1995-08-16 23:34:00,57.00000000000001,30.358492
1995-08-16 23:35:00,44.0,31.596413
1995-08-16 23:36:00,33.0,33.07498
1995-08-16 23:37:00,52.00000000000001,33.917076
1995-08-16 23:38:00,36.0,33.901936
1995-08-16 23:39:00,44.0,34.181084
1995-08-16 23:40:00,30.0,34.474297
1995-08-16 23:41:00,47.0,35.24156
1995-08-16 23:42:00,69.0,34.870934
1995-08-16 23:43:00,53.0,35.2408
1995-08-16 23:44:00,47.0,36.23106
1995-08-16 23:45:00,27.0,36.545933
1995-08-16 23:46:00,49.0,37.157925
1995-08-16 23:47:00,21.0,37.102455
1995-08-16 23:48:00,19.0,37.37526
1995-08-16 23:49:00,22.0,36.428814
1995-08-16 23:50:00,20.0,35.208073
1995-08-16 23:51:00,8.0,34.292767
1995-08-16 23:52:00,27.0,33.561417
1995-08-16 23:53:00,20.0,31.354519
1995-08-16 23:54:00,31.000000000000004,29.522303
1995-08-16 23:55:00,21.0,27.988483
1995-08-16 23:56:00,37.0,27.8071
1995-08-16 23:57:00,57.00000000000001,27.620007
1995-08-16 23:58:00,33.0,28.477938
1995-08-16 23:59:00,23.0,29.95309
1995-08-17 00:00:00,33.0,30.698671
1995-08-17 00:01:00,27.0,30.240458
1995-08-17 00:02:00,20.0,30.311867
1995-08-17 00:03:00,27.999999999999996,29.873066
1995-08-17 00:04:00,31.000000000000004,29.336454
1995-08-17 00:05:00,18.0,29.376135
1995-08-17 00:06:00,20.0,29.041498
1995-08-17 00:07:00,17.0,27.963705
1995-08-17 00:08:00,8.0,26.322884
1995-08-17 00:09:00,17.0,24.56719
1995-08-17 00:10:00,40.0,22.273975
1995-08-17 00:11:00,37.0,20.81388
1995-08-17 00:12:00,32.0,21.316307
1995-08-17 00:13:00,49.0,23.139555
1995-08-17 00:14:00,20.0,24.46904
1995-08-17 00:15:00,25.0,26.208397
1995-08-17 00:16:00,36.0,26.749783
1995-08-17 00:17:00,34.0,26.981682
1995-08-17 00:18:00,6.999999999999999,27.293413
1995-08-17 00:19:00,24.0,28.524237
1995-08-17 00:20:00,20.0,27.843433
1995-08-17 00:21:00,19.0,27.362585
1995-08-17 00:22:00,35.0,26.838057
1995-08-17 00:23:00,36.0,26.176315
1995-08-17 00:24:00,27.999999999999996,26.391083
1995-08-17 00:25:00,24.0,26.959497
1995-08-17 00:26:00,33.0,26.782858
1995-08-17 00:27:00,25.0,26.808268
1995-08-17 00:28:00,26.000000000000004,27.303038
1995-08-17 00:29:00,37.0,27.343458
1995-08-17 00:30:00,47.0,27.1647
1995-08-17 00:31:00,23.0,27.169659
1995-08-17 00:32:00,24.0,28.539822
1995-08-17 00:33:00,22.0,29.250412
1995-08-17 00:34:00,20.0,29.570621
1995-08-17 00:35:00,18.0,28.817701
1995-08-17 00:36:00,23.0,28.428997
1995-08-17 00:37:00,34.0,28.228603
1995-08-17 00:38:00,20.0,28.035412
1995-08-17 00:39:00,11.0,28.021284
1995-08-17 00:40:00,13.999999999999998,27.62995
1995-08-17 00:41:00,32.0,26.706808
1995-08-17 00:42:00,27.0,25.867971
1995-08-17 00:43:00,27.0,25.785116
1995-08-17 00:44:00,27.0,25.936878
1995-08-17 00:45:00,29.0,26.423876
1995-08-17 00:46:00,37.0,26.898695
1995-08-17 00:47:00,13.999999999999998,27.227163
1995-08-17 00:48:00,20.0,27.665758
1995-08-17 00:49:00,15.0,27.483345
1995-08-17 00:50:00,32.0,27.180227
1995-08-17 00:51:00,16.0,26.50297
1995-08-17 00:52:00,15.0,26.31483
1995-08-17 00:53:00,18.0,26.166677
1995-08-17 00:54:00,32.0,25.487753
1995-08-17 00:55:00,9.0,24.927843
1995-08-17 00:56:00,36.0,25.225744
1995-08-17 00:57:00,21.0,24.830725
1995-08-17 00:58:00,19.0,25.925856
1995-08-17 00:59:00,25.0,26.659487
1995-08-17 01:00:00,13.999999999999998,26.76505
1995-08-17 01:01:00,15.0,26.642223
1995-08-17 01:02:00,3.0,26.064875
1995-08-17 01:03:00,13.999999999999998,24.906889
1995-08-17 01:04:00,29.0,22.841515
1995-08-17 01:05:00,30.0,21.40524
1995-08-17 01:06:00,50.0,21.134558
1995-08-17 01:07:00,35.0,22.565868
1995-08-17 01:08:00,38.0,24.425491
1995-08-17 01:09:00,13.000000000000002,26.198166
1995-08-17 01:10:00,19.0,28.476511
1995-08-17 01:11:00,27.0,29.805237
1995-08-17 01:12:00,39.0,29.474264
1995-08-17 01:13:00,22.0,29.456766
1995-08-17 01:14:00,22.0,30.529837
1995-08-17 01:15:00,21.0,31.102198
1995-08-17 01:16:00,34.0,31.084135
1995-08-17 01:17:00,24.0,30.110298
1995-08-17 01:18:00,9.0,29.621113
1995-08-17 01:19:00,37.0,28.38093
1995-08-17 01:20:00,18.0,26.68261
1995-08-17 01:21:00,9.0,25.76496
1995-08-17 01:22:00,24.0,24.634974
1995-08-17 01:23:00,2.0,23.456034
1995-08-17 01:24:00,10.0,22.65388
1995-08-17 01:25:00,36.0,21.056362
1995-08-17 01:26:00,26.000000000000004,19.859219
1995-08-17 01:27:00,33.0,20.606451
1995-08-17 01:28:00,11.0,21.225624
1995-08-17 01:29:00,17.0,22.664585
1995-08-17 01:30:00,22.0,22.083488
1995-08-17 01:31:00,17.0,21.548458
1995-08-17 01:32:00,5.0,21.522442
1995-08-17 01:33:00,3.0,21.19186
1995-08-17 01:34:00,21.0,19.962355
1995-08-17 01:35:00,22.0,18.435547
1995-08-17 01:36:00,25.0,17.736301
1995-08-17 01:37:00,31.000000000000004,18.663822
1995-08-17 01:38:00,18.0,19.260971
1995-08-17 01:39:00,20.0,20.617016
1995-08-17 01:40:00,12.0,21.205956
1995-08-17 01:41:00,16.0,21.141254
1995-08-17 01:42:00,20.0,20.717886
1995-08-17 01:43:00,23.0,20.248568
1995-08-17 01:44:00,11.0,19.652527
1995-08-17 01:45:00,40.0,19.68967
1995-08-17 01:46:00,16.0,19.029022
1995-08-17 01:47:00,21.0,20.486315
1995-08-17 01:48:00,21.0,21.604563
1995-08-17 01:49:00,22.0,21.565632
1995-08-17 01:50:00,17.0,21.012865
1995-08-17 01:51:00,25.0,20.293993
1995-08-17 01:52:00,27.0,20.434536
1995-08-17 01:53:00,33.0,20.764814
1995-08-17 01:54:00,18.0,21.382633
1995-08-17 01:55:00,30.0,22.557709
1995-08-17 01:56:00,25.0,22.753717
1995-08-17 01:57:00,25.0,22.672104
1995-08-17 01:58:00,25.0,22.356024
1995-08-17 01:59:00,17.0,22.812698
1995-08-17 02:00:00,50.0,23.298012
1995-08-17 02:01:00,23.0,23.326735
1995-08-17 02:02:00,26.000000000000004,24.651892
1995-08-17 02:03:00,16.0,25.285774
1995-08-17 02:04:00,5.0,25.674196
1995-08-17 02:05:00,13.999999999999998,25.449732
1995-08-17 02:06:00,13.000000000000002,23.724895
1995-08-17 02:07:00,33.0,21.98056
1995-08-17 02:08:00,25.0,20.732727
1995-08-17 02:09:00,18.0,20.148024
1995-08-17 02:10:00,37.0,19.818819
1995-08-17 02:11:00,8.0,19.614155
1995-08-17 02:12:00,23.0,20.520382
1995-08-17 02:13:00,13.999999999999998,20.558456
1995-08-17 02:14:00,12.0,21.217417
1995-08-17 02:15:00,27.999999999999996,21.330215
1995-08-17 02:16:00,39.0,21.59364
1995-08-17 02:17:00,13.000000000000002,22.07299
1995-08-17 02:18:00,5.0,22.661896
1995-08-17 02:19:00,41.0,22.913149
1995-08-17 02:20:00,17.0,22.13366
1995-08-17 02:21:00,12.0,22.670761
1995-08-17 02:22:00,5.0,22.644815
1995-08-17 02:23:00,15.0,22.444654
1995-08-17 02:24:00,20.0,21.928553
1995-08-17 02:25:00,13.000000000000002,21.64397
1995-08-17 02:26:00,12.0,21.636526
1995-08-17 02:27:00,21.0,21.003891
1995-08-17 02:28:00,36.0,20.756556
1995-08-17 02:29:00,17.0,20.778603
1995-08-17 02:30:00,5.0,21.424725
1995-08-17 02:31:00,3.0,21.832983
1995-08-17 02:32:00,8.0,21.006725
1995-08-17 02:33:00,6.999999999999999,19.437397
1995-08-17 02:34:00,8.0,18.03857
1995-08-17 02:35:00,21.0,16.755568
1995-08-17 02:36:00,26.000000000000004,15.653352
1995-08-17 02:37:00,20.0,16.194998
1995-08-17 02:38:00,23.0,17.382729
1995-08-17 02:39:00,16.0,18.327045
1995-08-17 02:40:00,22.0,18.563274
1995-08-17 02:41:00,4.0,18.10076
1995-08-17 02:42:00,16.0,17.712082
1995-08-17 02:43:00,36.0,15.860445
1995-08-17 02:44:00,21.0,14.999207
1995-08-17 02:45:00,10.0,15.661469
1995-08-17 02:46:00,13.000000000000002,15.493781
1995-08-17 02:47:00,15.0,14.67206
1995-08-17 02:48:00,9.0,14.7991295
1995-08-17 02:49:00,3.0,15.102965
1995-08-17 02:50:00,8.0,14.518581
1995-08-17 02:51:00,6.0,12.734412
1995-08-17 02:52:00,13.999999999999998,12.262725
1995-08-17 02:53:00,17.0,11.512008
1995-08-17 02:54:00,8.0,11.201574
1995-08-17 02:55:00,12.0,12.083208
1995-08-17 02:56:00,21.0,11.758195
1995-08-17 02:57:00,9.0,11.402234
1995-08-17 02:58:00,6.999999999999999,12.544329
1995-08-17 02:59:00,11.0,13.511858
1995-08-17 03:00:00,12.0,14.024736
1995-08-17 03:01:00,9.0,14.919614
1995-08-17 03:02:00,15.0,15.671481
1995-08-17 03:03:00,10.0,16.193754
1995-08-17 03:04:00,2.0,15.948628
1995-08-17 03:05:00,18.0,16.060694
1995-08-17 03:06:00,10.0,15.434958
1995-08-17 03:07:00,18.0,15.362062
1995-08-17 03:08:00,16.0,15.231839
1995-08-17 03:09:00,12.0,15.272751
1995-08-17 03:10:00,12.0,15.760231
1995-08-17 03:11:00,4.0,16.472244
1995-08-17 03:12:00,12.0,16.157318
1995-08-17 03:13:00,22.0,15.348314
1995-08-17 03:14:00,9.0,15.167192
1995-08-17 03:15:00,13.999999999999998,15.595942
1995-08-17 03:16:00,4.0,15.593503
1995-08-17 03:17:00,0.0,15.665006
1995-08-17 03:18:00,6.0,13.878702
1995-08-17 03:19:00,12.0,10.423242
1995-08-17 03:20:00,23.0,8.285993
1995-08-17 03:21:00,8.0,7.9890876
1995-08-17 03:22:00,6.0,8.734814
1995-08-17 03:23:00,8.0,9.798816
1995-08-17 03:24:00,5.0,9.406995
1995-08-17 03:25:00,15.0,9.489203
1995-08-17 03:26:00,6.999999999999999,9.296609
1995-08-17 03:27:00,2.0,9.497356
1995-08-17 03:28:00,5.0,9.376168
1995-08-17 03:29:00,16.0,8.174349
1995-08-17 03:30:00,15.0,6.993598
1995-08-17 03:31:00,6.999999999999999,6.9390783
1995-08-17 03:32:00,5.0,7.7767863
1995-08-17 03:33:00,8.0,8.7400675
1995-08-17 03:34:00,4.0,8.90124
1995-08-17 03:35:00,6.0,9.315246
1995-08-17 03:36:00,13.999999999999998,8.954409
1995-08-17 03:37:00,4.0,8.809174
1995-08-17 03:38:00,18.0,10.218898
1995-08-17 03:39:00,22.0,11.205368
1995-08-17 03:40:00,10.0,12.553176
1995-08-17 03:41:00,10.0,14.020856
1995-08-17 03:42:00,18.0,14.813861
1995-08-17 03:43:00,22.0,15.388115
1995-08-17 03:44:00,8.0,15.822971
1995-08-17 03:45:00,19.0,15.8897
1995-08-17 03:46:00,13.000000000000002,15.711312
1995-08-17 03:47:00,22.0,16.269735
1995-08-17 03:48:00,9.0,16.648376
1995-08-17 03:49:00,12.0,17.333088
1995-08-17 03:50:00,9.0,18.047012
1995-08-17 03:51:00,19.0,18.663555
1995-08-17 03:52:00,21.0,18.720083
1995-08-17 03:53:00,18.0,19.029415
1995-08-17 03:54:00,8.0,19.36
1995-08-17 03:55:00,37.0,19.843622
1995-08-17 03:56:00,27.999999999999996,19.238955
1995-08-17 03:57:00,21.0,20.614918
1995-08-17 03:58:00,13.000000000000002,21.758114
1995-08-17 03:59:00,24.0,22.0335
1995-08-17 04:00:00,21.0,21.276306
1995-08-17 04:01:00,30.0,20.64097
1995-08-17 04:02:00,22.0,19.77276
1995-08-17 04:03:00,29.0,18.950361
1995-08-17 04:04:00,24.0,18.799622
1995-08-17 04:05:00,31.000000000000004,19.457026
1995-08-17 04:06:00,42.0,20.136839
1995-08-17 04:07:00,16.0,21.30624
1995-08-17 04:08:00,23.0,21.834227
1995-08-17 04:09:00,29.0,21.710003
1995-08-17 04:10:00,39.0,22.276985
1995-08-17 04:11:00,15.0,23.236223
1995-08-17 04:12:00,13.000000000000002,24.728739
1995-08-17 04:13:00,18.0,25.12637
1995-08-17 04:14:00,31.000000000000004,25.476923
1995-08-17 04:15:00,29.0,25.721083
1995-08-17 04:16:00,30.0,26.016922
1995-08-17 04:17:00,23.0,26.777018
1995-08-17 04:18:00,13.999999999999998,27.15639
1995-08-17 04:19:00,34.0,26.762817
1995-08-17 04:20:00,25.0,25.639933
1995-08-17 04:21:00,13.000000000000002,24.667866
1995-08-17 04:22:00,21.0,23.86875
1995-08-17 04:23:00,19.0,22.842222
1995-08-17 04:24:00,12.0,22.270254
1995-08-17 04:25:00,19.0,21.710117
1995-08-17 04:26:00,11.0,19.376465
1995-08-17 04:27:00,2.0,18.490969
1995-08-17 04:28:00,5.0,17.425991
1995-08-17 04:29:00,6.0,15.54781
1995-08-17 04:30:00,25.0,14.517293
1995-08-17 04:31:00,18.0,13.515669
1995-08-17 04:32:00,18.0,14.505522
1995-08-17 04:33:00,10.0,15.011518
1995-08-17 04:34:00,10.0,15.866239
1995-08-17 04:35:00,13.000000000000002,16.175495
1995-08-17 04:36:00,30.0,15.280711
1995-08-17 04:37:00,31.000000000000004,14.264183
1995-08-17 04:38:00,9.0,14.533521
1995-08-17 04:39:00,10.0,15.730029
1995-08-17 04:40:00,16.0,15.892705
1995-08-17 04:41:00,6.0,15.620395
1995-08-17 04:42:00,16.0,15.026367
1995-08-17 04:43:00,24.0,13.903862
1995-08-17 04:44:00,12.0,13.337444
1995-08-17 04:45:00,25.0,13.63078
1995-08-17 04:46:00,27.999999999999996,13.8971
1995-08-17 04:47:00,16.0,14.360825
1995-08-17 04:48:00,19.0,15.511428
1995-08-17 04:49:00,20.0,16.078968
1995-08-17 04:50:00,16.0,16.15774
1995-08-17 04:51:00,12.0,16.406454
1995-08-17 04:52:00,16.0,16.607952
1995-08-17 04:53:00,10.0,16.684393
1995-08-17 04:54:00,1.0,16.66342
1995-08-17 04:55:00,6.999999999999999,15.916344
1995-08-17 04:56:00,6.0,13.1689
1995-08-17 04:57:00,2.0,11.743681
1995-08-17 04:58:00,2.0,11.20134
1995-08-17 04:59:00,2.0,10.830937
1995-08-17 05:00:00,12.0,10.487665
1995-08-17 05:01:00,10.0,9.978334
1995-08-17 05:02:00,17.0,9.969261
1995-08-17 05:03:00,0.0,10.3261385
1995-08-17 05:04:00,6.0,11.308823
1995-08-17 05:05:00,15.0,9.754941
1995-08-17 05:06:00,8.0,9.486008
1995-08-17 05:07:00,16.0,10.576427
1995-08-17 05:08:00,16.0,11.048839
1995-08-17 05:09:00,6.0,12.632977
1995-08-17 05:10:00,9.0,13.670358
1995-08-17 05:11:00,9.0,13.594414
1995-08-17 05:12:00,39.0,13.530576
1995-08-17 05:13:00,22.0,12.974407
1995-08-17 05:14:00,13.999999999999998,13.573871
1995-08-17 05:15:00,4.0,14.927711
1995-08-17 05:16:00,13.000000000000002,15.735042
1995-08-17 05:17:00,24.0,14.782687
1995-08-17 05:18:00,17.0,14.740581
1995-08-17 05:19:00,16.0,15.477439
1995-08-17 05:20:00,6.999999999999999,16.471018
1995-08-17 05:21:00,4.0,16.75279
1995-08-17 05:22:00,4.0,15.341465
1995-08-17 05:23:00,17.0,13.440262
1995-08-17 05:24:00,13.000000000000002,12.409003
1995-08-17 05:25:00,19.0,12.491176
1995-08-17 05:26:00,39.0,12.389782
1995-08-17 05:27:00,39.0,13.499193
1995-08-17 05:28:00,15.0,15.435891
1995-08-17 05:29:00,11.0,17.709019
1995-08-17 05:30:00,8.0,18.768257
1995-08-17 05:31:00,23.0,18.470114
1995-08-17 05:32:00,6.999999999999999,17.052996
1995-08-17 05:33:00,19.0,16.972124
1995-08-17 05:34:00,1.0,16.131079
1995-08-17 05:35:00,13.000000000000002,16.468033
1995-08-17 05:36:00,24.0,15.661768
1995-08-17 05:37:00,15.0,15.559677
1995-08-17 05:38:00,12.0,16.455645
1995-08-17 05:39:00,11.0,17.156775
1995-08-17 05:40:00,8.0,16.973429
1995-08-17 05:41:00,23.0,16.176226
1995-08-17 05:42:00,16.0,15.45281
1995-08-17 05:43:00,13.000000000000002,16.426329
1995-08-17 05:44:00,15.0,17.441553
1995-08-17 05:45:00,15.0,17.838146
1995-08-17 05:46:00,20.0,17.32167
1995-08-17 05:47:00,9.0,17.110516
1995-08-17 05:48:00,2.0,16.387995
1995-08-17 05:49:00,4.0,15.083726
1995-08-17 05:50:00,10.0,13.628016
1995-08-17 05:51:00,2.0,11.954597
1995-08-17 05:52:00,17.0,11.515456
1995-08-17 05:53:00,23.0,10.238542
1995-08-17 05:54:00,10.0,10.713161
1995-08-17 05:55:00,19.0,12.298032
1995-08-17 05:56:00,11.0,13.207318
1995-08-17 05:57:00,13.000000000000002,14.090331
1995-08-17 05:58:00,5.0,14.316419
1995-08-17 05:59:00,19.0,15.392931
1995-08-17 06:00:00,24.0,15.642809
1995-08-17 06:01:00,27.0,16.469814
1995-08-17 06:02:00,8.0,17.660051
1995-08-17 06:03:00,18.0,19.829206
1995-08-17 06:04:00,15.0,20.48107
1995-08-17 06:05:00,13.000000000000002,21.21402
1995-08-17 06:06:00,1.0,21.102722
1995-08-17 06:07:00,6.999999999999999,20.541824
1995-08-17 06:08:00,13.999999999999998,19.21506
1995-08-17 06:09:00,11.0,18.755014
1995-08-17 06:10:00,12.0,17.811008
1995-08-17 06:11:00,21.0,16.738285
1995-08-17 06:12:00,10.0,15.655485
1995-08-17 06:13:00,11.0,15.609592
1995-08-17 06:14:00,20.0,14.902825
1995-08-17 06:15:00,4.0,14.064314
1995-08-17 06:16:00,3.0,13.879533
1995-08-17 06:17:00,17.0,13.311066
1995-08-17 06:18:00,10.0,11.912823
1995-08-17 06:19:00,5.0,12.090927
1995-08-17 06:20:00,5.0,12.266147
1995-08-17 06:21:00,9.0,12.380373
1995-08-17 06:22:00,6.0,12.153682
1995-08-17 06:23:00,11.0,12.762918
1995-08-17 06:24:00,6.0,13.812067
1995-08-17 06:25:00,10.0,14.396006
1995-08-17 06:26:00,15.0,15.120905
1995-08-17 06:27:00,10.0,14.973616
1995-08-17 06:28:00,19.0,14.9565935
1995-08-17 06:29:00,12.0,15.450444
1995-08-17 06:30:00,5.0,16.005987
1995-08-17 06:31:00,6.999999999999999,15.971694
1995-08-17 06:32:00,19.0,15.240566
1995-08-17 06:33:00,27.999999999999996,14.920215
1995-08-17 06:34:00,19.0,15.017827
1995-08-17 06:35:00,16.0,15.830792
1995-08-17 06:36:00,13.999999999999998,16.208233
1995-08-17 06:37:00,31.000000000000004,16.481237
1995-08-17 06:38:00,11.0,17.1949
1995-08-17 06:39:00,18.0,18.807394
1995-08-17 06:40:00,27.0,18.755629
1995-08-17 06:41:00,8.0,18.817984
1995-08-17 06:42:00,8.0,19.42638
1995-08-17 06:43:00,9.0,18.197845
1995-08-17 06:44:00,1.0,17.295124
1995-08-17 06:45:00,13.000000000000002,16.724089
1995-08-17 06:46:00,19.0,15.202842
1995-08-17 06:47:00,3.0,14.736697
1995-08-17 06:48:00,15.0,14.715168
1995-08-17 06:49:00,12.0,14.265194
1995-08-17 06:50:00,11.0,14.984626
1995-08-17 06:51:00,23.0,15.667311
1995-08-17 06:52:00,31.000000000000004,16.542206
1995-08-17 06:53:00,36.0,17.603176
1995-08-17 06:54:00,25.0,19.473751
1995-08-17 06:55:00,24.0,21.8863
1995-08-17 06:56:00,52.00000000000001,23.328236
1995-08-17 06:57:00,30.0,24.035479
1995-08-17 06:58:00,29.0,25.884283
1995-08-17 06:59:00,22.0,27.49925
1995-08-17 07:00:00,27.999999999999996,28.292074
1995-08-17 07:01:00,21.0,28.296307
1995-08-17 07:02:00,8.0,28.59795
1995-08-17 07:03:00,36.0,28.333702
1995-08-17 07:04:00,43.0,27.132366
1995-08-17 07:05:00,31.000000000000004,27.626102
1995-08-17 07:06:00,31.000000000000004,28.524942
1995-08-17 07:07:00,26.000000000000004,28.679823
1995-08-17 07:08:00,27.999999999999996,29.13773
1995-08-17 07:09:00,30.0,30.085142
1995-08-17 07:10:00,40.0,30.719559
1995-08-17 07:11:00,34.0,30.882063
1995-08-17 07:12:00,42.0,30.955517
1995-08-17 07:13:00,37.0,31.860033
1995-08-17 07:14:00,41.0,33.22418
1995-08-17 07:15:00,11.0,33.778282
1995-08-17 07:16:00,23.0,33.980843
1995-08-17 07:17:00,25.0,32.665512
1995-08-17 07:18:00,26.000000000000004,31.914793
1995-08-17 07:19:00,29.0,30.914093
1995-08-17 07:20:00,32.0,30.92219
1995-08-17 07:21:00,29.0,30.660368
1995-08-17 07:22:00,21.0,30.422165
1995-08-17 07:23:00,23.0,30.97404
1995-08-17 07:24:00,40.0,31.39213
1995-08-17 07:25:00,58.0,31.006899
1995-08-17 07:26:00,30.0,30.913813
1995-08-17 07:27:00,36.0,32.510567
1995-08-17 07:28:00,26.000000000000004,33.871532
1995-08-17 07:29:00,29.0,35.662533
1995-08-17 07:30:00,18.0,36.682446
1995-08-17 07:31:00,23.0,37.070194
1995-08-17 07:32:00,35.0,36.20025
1995-08-17 07:33:00,26.000000000000004,35.082497
1995-08-17 07:34:00,12.0,34.794712
1995-08-17 07:35:00,20.0,35.158016
1995-08-17 07:36:00,24.0,34.93008
1995-08-17 07:37:00,19.0,34.09637
1995-08-17 07:38:00,21.0,33.659954
1995-08-17 07:39:00,27.999999999999996,32.60822
1995-08-17 07:40:00,30.0,32.168766
1995-08-17 07:41:00,30.0,32.802277
1995-08-17 07:42:00,43.0,32.81137
1995-08-17 07:43:00,22.0,32.539772
1995-08-17 07:44:00,39.0,33.703686
1995-08-17 07:45:00,40.0,33.83454
1995-08-17 07:46:00,35.0,34.231396
1995-08-17 07:47:00,40.0,36.193207
1995-08-17 07:48:00,41.0,37.2289
1995-08-17 07:49:00,32.0,37.595276
1995-08-17 07:50:00,34.0,38.89329
1995-08-17 07:51:00,35.0,39.114357
1995-08-17 07:52:00,42.0,40.229023
1995-08-17 07:53:00,48.0,40.10862
1995-08-17 07:54:00,38.0,40.34277
1995-08-17 07:55:00,35.0,41.415634
1995-08-17 07:56:00,35.0,41.23448
1995-08-17 07:57:00,37.0,40.0611
1995-08-17 07:58:00,25.0,39.00478
1995-08-17 07:59:00,49.0,38.864624
1995-08-17 08:00:00,46.0,37.80407
1995-08-17 08:01:00,36.0,38.24854
1995-08-17 08:02:00,52.00000000000001,39.155064
1995-08-17 08:03:00,67.0,39.250996
1995-08-17 08:04:00,31.000000000000004,39.996655
1995-08-17 08:05:00,43.0,42.2283
1995-08-17 08:06:00,33.0,42.76064
1995-08-17 08:07:00,45.0,43.21182
1995-08-17 08:08:00,44.0,43.36529
1995-08-17 08:09:00,41.0,43.410744
1995-08-17 08:10:00,36.0,43.407887
1995-08-17 08:11:00,49.0,43.180115
1995-08-17 08:12:00,26.000000000000004,42.700665
1995-08-17 08:13:00,65.0,43.179466
1995-08-17 08:14:00,58.0,42.781845
1995-08-17 08:15:00,46.0,44.016495
1995-08-17 08:16:00,54.0,45.894978
1995-08-17 08:17:00,52.00000000000001,46.325226
1995-08-17 08:18:00,54.0,47.431644
1995-08-17 08:19:00,41.0,48.758354
1995-08-17 08:20:00,54.0,51.18028
1995-08-17 08:21:00,54.0,52.057755
1995-08-17 08:22:00,35.0,52.22857
1995-08-17 08:23:00,50.0,52.328148
1995-08-17 08:24:00,64.0,51.401337
1995-08-17 08:25:00,27.0,50.970955
1995-08-17 08:26:00,75.0,51.16058
1995-08-17 08:27:00,33.0,50.106987
1995-08-17 08:28:00,44.0,50.894825
1995-08-17 08:29:00,23.0,49.93118
1995-08-17 08:30:00,27.999999999999996,50.178185
1995-08-17 08:31:00,38.0,49.38242
1995-08-17 08:32:00,44.0,48.16199
1995-08-17 08:33:00,32.0,46.733185
1995-08-17 08:34:00,43.0,45.77457
1995-08-17 08:35:00,43.0,44.722317
1995-08-17 08:36:00,41.0,44.12964
1995-08-17 08:37:00,31.000000000000004,44.06651
1995-08-17 08:38:00,30.0,44.77429
1995-08-17 08:39:00,48.0,44.508636
1995-08-17 08:40:00,42.0,43.062687
1995-08-17 08:41:00,45.0,41.921383
1995-08-17 08:42:00,36.0,41.12101
1995-08-17 08:43:00,22.0,42.085464
1995-08-17 08:44:00,44.0,42.692127
1995-08-17 08:45:00,36.0,41.56627
1995-08-17 08:46:00,60.0,40.91712
1995-08-17 08:47:00,43.0,40.310417
1995-08-17 08:48:00,39.0,41.14666
1995-08-17 08:49:00,45.0,41.914368
1995-08-17 08:50:00,35.0,41.52228
1995-08-17 08:51:00,60.0,42.56938
1995-08-17 08:52:00,45.0,42.65916
1995-08-17 08:53:00,21.0,44.456203
1995-08-17 08:54:00,58.0,46.036865
1995-08-17 08:55:00,54.0,45.43017
1995-08-17 08:56:00,50.0,45.894276
1995-08-17 08:57:00,57.00000000000001,46.624435
1995-08-17 08:58:00,33.0,48.11084
1995-08-17 08:59:00,62.00000000000001,49.66518
1995-08-17 09:00:00,36.0,49.850105
1995-08-17 09:01:00,32.0,51.488182
1995-08-17 09:02:00,47.0,51.29607
1995-08-17 09:03:00,54.0,50.400585
1995-08-17 09:04:00,50.0,50.47949
1995-08-17 09:05:00,62.00000000000001,51.261177
1995-08-17 09:06:00,45.0,51.5938
1995-08-17 09:07:00,58.0,52.345448
1995-08-17 09:08:00,68.0,52.445087
1995-08-17 09:09:00,54.0,52.893932
1995-08-17 09:10:00,64.0,54.008526
1995-08-17 09:11:00,43.0,55.711323
1995-08-17 09:12:00,50.99999999999999,57.549767
1995-08-17 09:13:00,44.0,57.5471
1995-08-17 09:14:00,41.0,56.795
1995-08-17 09:15:00,33.0,55.00717
1995-08-17 09:16:00,32.0,52.900204
1995-08-17 09:17:00,68.0,50.764626
1995-08-17 09:18:00,48.0,48.845566
1995-08-17 09:19:00,30.0,48.683147
1995-08-17 09:20:00,74.0,48.91181
1995-08-17 09:21:00,68.0,48.504704
1995-08-17 09:22:00,63.0,50.3953
1995-08-17 09:23:00,23.0,52.77119
1995-08-17 09:24:00,49.0,54.190968
1995-08-17 09:25:00,65.0,53.838127
1995-08-17 09:26:00,50.0,53.63405
1995-08-17 09:27:00,62.00000000000001,54.12961
1995-08-17 09:28:00,87.0,55.705074
1995-08-17 09:29:00,72.0,56.858955
1995-08-17 09:30:00,34.0,58.62745
1995-08-17 09:31:00,52.00000000000001,61.8806
1995-08-17 09:32:00,50.0,61.60926
1995-08-17 09:33:00,48.0,60.591335
1995-08-17 09:34:00,72.0,59.615273
1995-08-17 09:35:00,23.0,59.414337
1995-08-17 09:36:00,53.0,59.09892
1995-08-17 09:37:00,40.0,57.806507
1995-08-17 09:38:00,54.0,57.00247
1995-08-17 09:39:00,65.0,55.983696
1995-08-17 09:40:00,48.0,56.092823
1995-08-17 09:41:00,50.0,57.066498
1995-08-17 09:42:00,48.0,56.6016
1995-08-17 09:43:00,46.0,55.80922
1995-08-17 09:44:00,40.0,54.99558
1995-08-17 09:45:00,62.00000000000001,54.585304
1995-08-17 09:46:00,31.000000000000004,54.083195
1995-08-17 09:47:00,21.0,54.394962
1995-08-17 09:48:00,55.0,52.648846
1995-08-17 09:49:00,55.0,50.142487
1995-08-17 09:50:00,69.0,49.51469
1995-08-17 09:51:00,49.0,50.692924
1995-08-17 09:52:00,44.0,52.258728
1995-08-17 09:53:00,53.0,53.32564
1995-08-17 09:54:00,63.0,54.533634
1995-08-17 09:55:00,48.0,55.441624
1995-08-17 09:56:00,36.0,56.552643
1995-08-17 09:57:00,86.0,58.83816
1995-08-17 09:58:00,43.0,59.224545
1995-08-17 09:59:00,46.0,60.707806
1995-08-17 10:00:00,60.99999999999999,60.824364
1995-08-17 10:01:00,30.0,61.277935
1995-08-17 10:02:00,58.0,62.041153
1995-08-17 10:03:00,54.0,61.450462
1995-08-17 10:04:00,42.0,61.207714
1995-08-17 10:05:00,33.0,60.91239
1995-08-17 10:06:00,48.0,59.654243
1995-08-17 10:07:00,68.0,57.427635
1995-08-17 10:08:00,59.0,56.757084
1995-08-17 10:09:00,99.0,56.945786
1995-08-17 10:10:00,58.0,57.93142
1995-08-17 10:11:00,60.99999999999999,61.54733
1995-08-17 10:12:00,44.0,63.742992
1995-08-17 10:13:00,38.0,65.240974
1995-08-17 10:14:00,35.0,66.4098
1995-08-17 10:15:00,39.0,65.337944
1995-08-17 10:16:00,52.00000000000001,63.00209
1995-08-17 10:17:00,48.0,59.986156
1995-08-17 10:18:00,30.0,58.15661
1995-08-17 10:19:00,25.0,56.69075
1995-08-17 10:20:00,40.0,55.625732
1995-08-17 10:21:00,64.0,53.75867
1995-08-17 10:22:00,46.0,52.324787
1995-08-17 10:23:00,68.0,51.482414
1995-08-17 10:24:00,68.0,50.63705
1995-08-17 10:25:00,57.00000000000001,51.39083
1995-08-17 10:26:00,50.99999999999999,53.29587
1995-08-17 10:27:00,81.0,55.343544
1995-08-17 10:28:00,97.0,57.354397
1995-08-17 10:29:00,53.0,59.346523
1995-08-17 10:30:00,49.0,62.527405
1995-08-17 10:31:00,80.0,63.775303
1995-08-17 10:32:00,74.0,64.98735
1995-08-17 10:33:00,49.0,67.05456
1995-08-17 10:34:00,82.0,68.06109
1995-08-17 10:35:00,52.00000000000001,67.587746
1995-08-17 10:36:00,42.0,69.17774
1995-08-17 10:37:00,65.0,68.94183
1995-08-17 10:38:00,83.0,68.26724
1995-08-17 10:39:00,121.0,67.845024
1995-08-17 10:40:00,93.0,68.94915
1995-08-17 10:41:00,66.0,73.18727
1995-08-17 10:42:00,96.0,76.50195
1995-08-17 10:43:00,64.0,77.92731
1995-08-17 10:44:00,96.0,79.45532
1995-08-17 10:45:00,72.0,80.68956
1995-08-17 10:46:00,77.0,81.85769
1995-08-17 10:47:00,83.0,82.36537
1995-08-17 10:48:00,71.0,83.04155
1995-08-17 10:49:00,37.0,84.75307
1995-08-17 10:50:00,48.0,85.11516
1995-08-17 10:51:00,55.0,82.46819
1995-08-17 10:52:00,65.0,79.20762
1995-08-17 10:53:00,85.0,76.95652
1995-08-17 10:54:00,55.0,75.24423
1995-08-17 10:55:00,55.99999999999999,74.397
1995-08-17 10:56:00,45.0,72.10866
1995-08-17 10:57:00,106.0,70.7545
1995-08-17 10:58:00,72.0,69.25564
1995-08-17 10:59:00,36.0,70.201584
1995-08-17 11:00:00,62.00000000000001,70.69695
1995-08-17 11:01:00,70.0,69.58608
1995-08-17 11:02:00,48.0,68.52703
1995-08-17 11:03:00,100.0,68.29965
1995-08-17 11:04:00,79.0,67.5887
1995-08-17 11:05:00,68.0,68.514366
1995-08-17 11:06:00,60.99999999999999,69.63757
1995-08-17 11:07:00,63.0,70.166565
1995-08-17 11:08:00,58.0,69.942795
1995-08-17 11:09:00,60.0,70.46099
1995-08-17 11:10:00,105.0,69.798134
1995-08-17 11:11:00,75.0,69.53864
1995-08-17 11:12:00,44.0,70.80575
1995-08-17 11:13:00,90.0,71.73112
1995-08-17 11:14:00,96.0,70.905914
1995-08-17 11:15:00,72.0,72.04122
1995-08-17 11:16:00,36.0,73.78689
1995-08-17 11:17:00,49.0,74.75631
1995-08-17 11:18:00,63.0,73.15961
1995-08-17 11:19:00,80.0,71.201836
1995-08-17 11:20:00,60.0,70.70658
1995-08-17 11:21:00,58.0,71.02422
1995-08-17 11:22:00,57.00000000000001,70.87437
1995-08-17 11:23:00,73.0,69.810486
1995-08-17 11:24:00,69.0,68.86938
1995-08-17 11:25:00,44.0,69.062584
1995-08-17 11:26:00,60.99999999999999,68.28244
1995-08-17 11:27:00,69.0,66.86382
1995-08-17 11:28:00,57.00000000000001,66.650116
1995-08-17 11:29:00,31.000000000000004,66.419914
1995-08-17 11:30:00,39.0,66.206314
1995-08-17 11:31:00,37.0,63.597023
1995-08-17 11:32:00,39.0,61.386135
1995-08-17 11:33:00,65.0,59.139053
1995-08-17 11:34:00,35.0,57.15008
1995-08-17 11:35:00,53.0,57.19171
1995-08-17 11:36:00,25.0,57.46769
1995-08-17 11:37:00,62.00000000000001,58.25356
1995-08-17 11:38:00,57.00000000000001,57.36523
1995-08-17 11:39:00,74.0,57.55638
1995-08-17 11:40:00,52.00000000000001,58.518513
1995-08-17 11:41:00,41.0,59.964443
1995-08-17 11:42:00,50.99999999999999,61.85221
1995-08-17 11:43:00,59.0,62.60096
1995-08-17 11:44:00,60.99999999999999,62.4831
1995-08-17 11:45:00,71.0,62.899513
1995-08-17 11:46:00,22.0,62.87139
1995-08-17 11:47:00,45.0,64.1449
1995-08-17 11:48:00,66.0,61.771187
1995-08-17 11:49:00,35.0,59.708603
1995-08-17 11:50:00,27.0,59.199306
1995-08-17 11:51:00,52.00000000000001,58.085484
1995-08-17 11:52:00,63.0,56.198875
1995-08-17 11:53:00,69.0,55.41982
1995-08-17 11:54:00,49.0,56.51829
1995-08-17 11:55:00,55.99999999999999,58.97718
1995-08-17 11:56:00,64.0,59.57527
1995-08-17 11:57:00,76.0,59.20241
1995-08-17 11:58:00,38.0,61.00574
1995-08-17 11:59:00,75.0,62.485786
1995-08-17 12:00:00,67.0,61.813618
1995-08-17 12:01:00,73.0,62.98072
1995-08-17 12:02:00,57.00000000000001,62.83001
1995-08-17 12:03:00,40.0,63.828793
1995-08-17 12:04:00,55.99999999999999,64.32402
1995-08-17 12:05:00,57.00000000000001,63.57269
1995-08-17 12:06:00,50.99999999999999,63.302452
1995-08-17 12:07:00,67.0,63.204586
1995-08-17 12:08:00,39.0,63.555763
1995-08-17 12:09:00,58.0,64.6211
1995-08-17 12:10:00,59.0,63.371593
1995-08-17 12:11:00,74.0,62.270428
1995-08-17 12:12:00,77.0,61.10862
1995-08-17 12:13:00,83.0,61.004147
1995-08-17 12:14:00,73.0,61.68042
1995-08-17 12:15:00,85.0,63.11933
1995-08-17 12:16:00,50.0,64.443436
1995-08-17 12:17:00,52.00000000000001,66.10351
1995-08-17 12:18:00,50.0,66.04738
1995-08-17 12:19:00,45.0,66.423
1995-08-17 12:20:00,23.0,65.768715
1995-08-17 12:21:00,70.0,64.74657
1995-08-17 12:22:00,70.0,62.576645
1995-08-17 12:23:00,94.0,62.01275
1995-08-17 12:24:00,68.0,62.04254
1995-08-17 12:25:00,60.99999999999999,64.25581
1995-08-17 12:26:00,63.0,65.60575
1995-08-17 12:27:00,58.0,67.41733
1995-08-17 12:28:00,41.0,69.05416
1995-08-17 12:29:00,82.0,69.62304
1995-08-17 12:30:00,68.0,69.00264
1995-08-17 12:31:00,76.0,70.00048
1995-08-17 12:32:00,85.0,71.774345
1995-08-17 12:33:00,65.0,72.68856
1995-08-17 12:34:00,55.0,73.77488
1995-08-17 12:35:00,86.0,74.09727
1995-08-17 12:36:00,68.0,73.700226
1995-08-17 12:37:00,47.0,74.78015
1995-08-17 12:38:00,67.0,75.691925
1995-08-17 12:39:00,113.0,75.355515
1995-08-17 12:40:00,69.0,75.314705
1995-08-17 12:41:00,27.999999999999996,77.737045
1995-08-17 12:42:00,70.0,78.60732
1995-08-17 12:43:00,75.0,75.9335
1995-08-17 12:44:00,101.0,74.34275
1995-08-17 12:45:00,69.0,73.483986
1995-08-17 12:46:00,87.0,74.65759
1995-08-17 12:47:00,104.00000000000001,74.881905
1995-08-17 12:48:00,83.0,77.71929
1995-08-17 12:49:00,82.0,80.321304
1995-08-17 12:50:00,43.0,81.86494
1995-08-17 12:51:00,72.0,83.662476
1995-08-17 12:52:00,115.0,82.90911
1995-08-17 12:53:00,131.0,82.7757
1995-08-17 12:54:00,39.0,83.63646
1995-08-17 12:55:00,45.0,86.68345
1995-08-17 12:56:00,70.0,86.16443
1995-08-17 12:57:00,44.0,83.84475
1995-08-17 12:58:00,72.0,83.673454
1995-08-17 12:59:00,74.0,81.768456
1995-08-17 13:00:00,63.0,80.0224
1995-08-17 13:01:00,40.0,78.858086
1995-08-17 13:02:00,66.0,78.116646
1995-08-17 13:03:00,42.0,75.472664
1995-08-17 13:04:00,60.99999999999999,73.12675
1995-08-17 13:05:00,42.0,70.451904
1995-08-17 13:06:00,72.0,68.24773
1995-08-17 13:07:00,42.0,65.528145
1995-08-17 13:08:00,70.0,64.27243
1995-08-17 13:09:00,75.0,62.012028
1995-08-17 13:10:00,49.0,61.275692
1995-08-17 13:11:00,52.00000000000001,62.09281
1995-08-17 13:12:00,68.0,62.90933
1995-08-17 13:13:00,65.0,62.977287
1995-08-17 13:14:00,78.0,63.97789
1995-08-17 13:15:00,80.0,63.901306
1995-08-17 13:16:00,70.0,64.89515
1995-08-17 13:17:00,76.0,66.98355
1995-08-17 13:18:00,74.0,67.681175
1995-08-17 13:19:00,81.0,68.548164
1995-08-17 13:20:00,58.0,69.9604
1995-08-17 13:21:00,67.0,71.39989
1995-08-17 13:22:00,53.0,71.25003
1995-08-17 13:23:00,78.0,71.22171
1995-08-17 13:24:00,62.00000000000001,70.19777
1995-08-17 13:25:00,90.0,70.439835
1995-08-17 13:26:00,76.0,70.06522
1995-08-17 13:27:00,64.0,70.68058
1995-08-17 13:28:00,60.99999999999999,71.536415
1995-08-17 13:29:00,86.0,71.85451
1995-08-17 13:30:00,52.00000000000001,71.85918
1995-08-17 13:31:00,48.0,72.17069
1995-08-17 13:32:00,57.00000000000001,72.09494
1995-08-17 13:33:00,67.0,71.27624
1995-08-17 13:34:00,80.0,70.41018
1995-08-17 13:35:00,85.0,69.945496
1995-08-17 13:36:00,69.0,71.604935
1995-08-17 13:37:00,71.0,75.04866
1995-08-17 13:38:00,77.0,76.5509
1995-08-17 13:39:00,64.0,77.00775
1995-08-17 13:40:00,75.0,78.34968
1995-08-17 13:41:00,80.0,78.16967
1995-08-17 13:42:00,45.0,78.255615
1995-08-17 13:43:00,41.0,78.2603
1995-08-17 13:44:00,70.0,76.76336
1995-08-17 13:45:00,57.00000000000001,73.81336
1995-08-17 13:46:00,39.0,72.78506
1995-08-17 13:47:00,75.0,71.3526
1995-08-17 13:48:00,91.0,68.808136
1995-08-17 13:49:00,72.0,68.22921
1995-08-17 13:50:00,84.0,68.48507
1995-08-17 13:51:00,84.0,68.87633
1995-08-17 13:52:00,64.0,70.33676
1995-08-17 13:53:00,81.0,72.54202
1995-08-17 13:54:00,118.0,72.25116
1995-08-17 13:55:00,49.0,72.69806
1995-08-17 13:56:00,48.0,75.21776
1995-08-17 13:57:00,73.0,75.77906
1995-08-17 13:58:00,83.0,74.93596
1995-08-17 13:59:00,95.0,73.90924
1995-08-17 14:00:00,72.0,73.654854
1995-08-17 14:01:00,60.99999999999999,74.48023
1995-08-17 14:02:00,62.00000000000001,73.997345
1995-08-17 14:03:00,66.0,72.8521
1995-08-17 14:04:00,53.0,71.53443
1995-08-17 14:05:00,80.0,71.18833
1995-08-17 14:06:00,86.0,69.7956
1995-08-17 14:07:00,58.0,69.86214
1995-08-17 14:08:00,46.0,71.91787
1995-08-17 14:09:00,83.0,71.74537
1995-08-17 14:10:00,71.0,70.375114
1995-08-17 14:11:00,106.99999999999999,71.16041
1995-08-17 14:12:00,106.0,71.14566
1995-08-17 14:13:00,55.0,73.148705
1995-08-17 14:14:00,52.00000000000001,77.014305
1995-08-17 14:15:00,82.0,77.72757
1995-08-17 14:16:00,58.0,76.49607
1995-08-17 14:17:00,65.0,76.30062
1995-08-17 14:18:00,52.00000000000001,75.035576
1995-08-17 14:19:00,67.0,73.460075
1995-08-17 14:20:00,63.0,71.18498
1995-08-17 14:21:00,79.0,69.60176
1995-08-17 14:22:00,62.00000000000001,68.159256
1995-08-17 14:23:00,60.0,67.848404
1995-08-17 14:24:00,67.0,67.73679
1995-08-17 14:25:00,44.0,68.22537
1995-08-17 14:26:00,75.0,68.222404
1995-08-17 14:27:00,60.99999999999999,67.055145
1995-08-17 14:28:00,35.0,66.72231
1995-08-17 14:29:00,66.0,66.18144
1995-08-17 14:30:00,69.0,64.19039
1995-08-17 14:31:00,52.00000000000001,63.515224
1995-08-17 14:32:00,68.0,63.05296
1995-08-17 14:33:00,48.0,62.065365
1995-08-17 14:34:00,45.0,62.4042
1995-08-17 14:35:00,72.0,61.63457
1995-08-17 14:36:00,59.0,60.93929
1995-08-17 14:37:00,39.0,61.386536
1995-08-17 14:38:00,48.0,61.85066
1995-08-17 14:39:00,34.0,61.131496
1995-08-17 14:40:00,42.0,60.451973
1995-08-17 14:41:00,55.0,59.168465
1995-08-17 14:42:00,46.0,57.375507
1995-08-17 14:43:00,55.99999999999999,56.49594
1995-08-17 14:44:00,50.0,55.994217
1995-08-17 14:45:00,40.0,56.065117
1995-08-17 14:46:00,81.0,56.217094
1995-08-17 14:47:00,77.0,55.26489
1995-08-17 14:48:00,79.0,55.27623
1995-08-17 14:49:00,76.0,56.528584
1995-08-17 14:50:00,90.0,58.050186
1995-08-17 14:51:00,106.99999999999999,59.46361
1995-08-17 14:52:00,99.0,61.79998
1995-08-17 14:53:00,65.0,65.58708
1995-08-17 14:54:00,96.0,69.19595
1995-08-17 14:55:00,87.0,70.95083
1995-08-17 14:56:00,95.0,72.93488
1995-08-17 14:57:00,87.0,74.44315
1995-08-17 14:58:00,110.0,75.8364
1995-08-17 14:59:00,94.0,77.49693
1995-08-17 15:00:00,76.0,79.3674
1995-08-17 15:01:00,77.0,81.777435
1995-08-17 15:02:00,75.0,83.0416
1995-08-17 15:03:00,48.0,82.83092
1995-08-17 15:04:00,75.0,82.14169
1995-08-17 15:05:00,70.0,79.402176
1995-08-17 15:06:00,100.0,78.02397
1995-08-17 15:07:00,77.0,76.38275
1995-08-17 15:08:00,101.99999999999999,76.61995
1995-08-17 15:09:00,79.0,75.90316
1995-08-17 15:10:00,90.0,76.15191
1995-08-17 15:11:00,104.00000000000001,76.22876
1995-08-17 15:12:00,69.0,77.40671
1995-08-17 15:13:00,60.0,80.42136
1995-08-17 15:14:00,90.0,82.69324
1995-08-17 15:15:00,67.0,82.92985
1995-08-17 15:16:00,83.0,82.41535
1995-08-17 15:17:00,88.0,80.94264
1995-08-17 15:18:00,104.00000000000001,79.83912
1995-08-17 15:19:00,60.0,79.46358
1995-08-17 15:20:00,89.0,80.87746
1995-08-17 15:21:00,65.0,80.28648
1995-08-17 15:22:00,74.0,80.33331
1995-08-17 15:23:00,77.0,78.27701
1995-08-17 15:24:00,54.0,76.6948
1995-08-17 15:25:00,58.0,76.66327
1995-08-17 15:26:00,72.0,75.18338
1995-08-17 15:27:00,39.0,74.10523
1995-08-17 15:28:00,58.0,73.13852
1995-08-17 15:29:00,90.0,70.41315
1995-08-17 15:30:00,95.0,67.98707
1995-08-17 15:31:00,84.0,67.34356
1995-08-17 15:32:00,46.0,67.86238
1995-08-17 15:33:00,78.0,68.89578
1995-08-17 15:34:00,69.0,68.53428
1995-08-17 15:35:00,53.0,69.20012
1995-08-17 15:36:00,111.99999999999999,68.65714
1995-08-17 15:37:00,55.99999999999999,67.166046
1995-08-17 15:38:00,68.0,68.159935
1995-08-17 15:39:00,67.0,67.82936
1995-08-17 15:40:00,80.0,66.62642
1995-08-17 15:41:00,55.99999999999999,66.31261
1995-08-17 15:42:00,71.0,66.55957
1995-08-17 15:43:00,99.0,65.52208
1995-08-17 15:44:00,109.00000000000001,64.98704
1995-08-17 15:45:00,64.0,66.06771
1995-08-17 15:46:00,64.0,69.305824
1995-08-17 15:47:00,58.0,71.43142
1995-08-17 15:48:00,75.0,71.26408
1995-08-17 15:49:00,91.0,70.10646
1995-08-17 15:50:00,119.00000000000001,69.790565
1995-08-17 15:51:00,121.99999999999999,69.78797
1995-08-17 15:52:00,70.0,72.660255
1995-08-17 15:53:00,66.0,76.85271
1995-08-17 15:54:00,82.0,77.846985
1995-08-17 15:55:00,85.0,76.59884
1995-08-17 15:56:00,95.0,76.050354
1995-08-17 15:57:00,81.0,76.46566
1995-08-17 15:58:00,60.0,76.96076
1995-08-17 15:59:00,45.0,77.787025
1995-08-17 16:00:00,96.0,76.89235
1995-08-17 16:01:00,83.0,74.55344
1995-08-17 16:02:00,63.0,74.9294
1995-08-17 16:03:00,62.00000000000001,74.88337
1995-08-17 16:04:00,82.0,73.710014
1995-08-17 16:05:00,36.0,72.456055
1995-08-17 16:06:00,66.0,71.26548
1995-08-17 16:07:00,48.0,69.59291
1995-08-17 16:08:00,58.0,69.13645
1995-08-17 16:09:00,60.99999999999999,67.78436
1995-08-17 16:10:00,65.0,66.20295
1995-08-17 16:11:00,48.0,65.107864
1995-08-17 16:12:00,39.0,64.16261
1995-08-17 16:13:00,82.0,62.472443
1995-08-17 16:14:00,97.0,60.817883
1995-08-17 16:15:00,78.0,60.020977
1995-08-17 16:16:00,49.0,60.550606
1995-08-17 16:17:00,85.0,60.805088
1995-08-17 16:18:00,103.0,60.190357
1995-08-17 16:19:00,55.99999999999999,61.047924
1995-08-17 16:20:00,60.0,62.794193
1995-08-17 16:21:00,75.0,63.84587
1995-08-17 16:22:00,65.0,64.01857
1995-08-17 16:23:00,78.0,64.9477
1995-08-17 16:24:00,55.99999999999999,65.335884
1995-08-17 16:25:00,49.0,65.77648
1995-08-17 16:26:00,59.0,65.65356
1995-08-17 16:27:00,84.0,64.21509
1995-08-17 16:28:00,105.0,63.0431
1995-08-17 16:29:00,49.0,64.68363
1995-08-17 16:30:00,53.0,67.41928
1995-08-17 16:31:00,48.0,67.74701
1995-08-17 16:32:00,60.99999999999999,67.35949
1995-08-17 16:33:00,100.0,66.5185
1995-08-17 16:34:00,63.0,65.66003
1995-08-17 16:35:00,67.0,66.61217
1995-08-17 16:36:00,71.0,65.61054
1995-08-17 16:37:00,78.0,65.53659
1995-08-17 16:38:00,99.0,66.608604
1995-08-17 16:39:00,46.0,67.24448
1995-08-17 16:40:00,92.0,69.06078
1995-08-17 16:41:00,76.0,68.22621
1995-08-17 16:42:00,40.0,68.73166
1995-08-17 16:43:00,30.0,69.50009
1995-08-17 16:44:00,78.0,68.3539
1995-08-17 16:45:00,50.0,65.51179
1995-08-17 16:46:00,74.0,63.912273
1995-08-17 16:47:00,84.0,63.526485
1995-08-17 16:48:00,78.0,63.764885
1995-08-17 16:49:00,88.0,65.20145
1995-08-17 16:50:00,72.0,65.705826
1995-08-17 16:51:00,59.0,66.53614
1995-08-17 16:52:00,67.0,67.381195
1995-08-17 16:53:00,87.0,67.34163
1995-08-17 16:54:00,72.0,67.739655
1995-08-17 16:55:00,84.0,68.94073
1995-08-17 16:56:00,70.0,70.08306
1995-08-17 16:57:00,57.00000000000001,71.012695
1995-08-17 16:58:00,60.0,72.75608
1995-08-17 16:59:00,60.0,72.50663
1995-08-17 17:00:00,47.0,71.43182
1995-08-17 17:01:00,40.0,69.85899
1995-08-17 17:02:00,54.0,66.71949
1995-08-17 17:03:00,54.0,63.360744
1995-08-17 17:04:00,68.0,60.376545
1995-08-17 17:05:00,43.0,58.40366
1995-08-17 17:06:00,50.99999999999999,57.017662
1995-08-17 17:07:00,48.0,55.389095
1995-08-17 17:08:00,60.0,54.038906
1995-08-17 17:09:00,74.0,52.90138
1995-08-17 17:10:00,59.0,52.40581
1995-08-17 17:11:00,70.0,54.093166
1995-08-17 17:12:00,65.0,56.253254
1995-08-17 17:13:00,68.0,58.334217
1995-08-17 17:14:00,74.0,59.27438
1995-08-17 17:15:00,69.0,60.208275
1995-08-17 17:16:00,59.0,61.177116
1995-08-17 17:17:00,49.0,61.760487
1995-08-17 17:18:00,63.0,62.645863
1995-08-17 17:19:00,49.0,61.566933
1995-08-17 17:20:00,66.0,61.377
1995-08-17 17:21:00,50.0,60.561882
1995-08-17 17:22:00,33.0,59.310555
1995-08-17 17:23:00,52.00000000000001,58.087833
1995-08-17 17:24:00,55.0,55.9476
1995-08-17 17:25:00,72.0,54.96228
1995-08-17 17:26:00,72.0,54.4356
1995-08-17 17:27:00,54.0,54.669865
1995-08-17 17:28:00,50.0,55.664032
1995-08-17 17:29:00,39.0,56.266224
1995-08-17 17:30:00,71.0,56.887478
1995-08-17 17:31:00,60.99999999999999,56.23377
1995-08-17 17:32:00,49.0,56.90427
1995-08-17 17:33:00,40.0,57.22012
1995-08-17 17:34:00,54.0,57.316273
1995-08-17 17:35:00,48.0,56.477486
1995-08-17 17:36:00,31.000000000000004,55.688713
1995-08-17 17:37:00,35.0,55.25226
1995-08-17 17:38:00,33.0,53.590115
1995-08-17 17:39:00,26.000000000000004,52.20675
1995-08-17 17:40:00,18.0,50.61802
1995-08-17 17:41:00,67.0,48.018085
1995-08-17 17:42:00,36.0,44.56858
1995-08-17 17:43:00,46.0,43.954002
1995-08-17 17:44:00,50.99999999999999,43.23209
1995-08-17 17:45:00,50.0,43.735207
1995-08-17 17:46:00,88.0,46.146828
1995-08-17 17:47:00,68.0,47.28619
1995-08-17 17:48:00,50.0,49.778393
1995-08-17 17:49:00,45.0,52.725346
1995-08-17 17:50:00,60.99999999999999,53.841415
1995-08-17 17:51:00,40.0,53.851418
1995-08-17 17:52:00,67.0,54.30043
1995-08-17 17:53:00,42.0,53.31211
1995-08-17 17:54:00,37.0,53.803963
1995-08-17 17:55:00,38.0,53.81175
1995-08-17 17:56:00,25.0,53.03238
1995-08-17 17:57:00,29.0,51.49379
1995-08-17 17:58:00,34.0,49.34721
1995-08-17 17:59:00,49.0,47.08954
1995-08-17 18:00:00,73.0,45.09321
1995-08-17 18:01:00,50.99999999999999,43.72101
1995-08-17 18:02:00,40.0,44.145805
1995-08-17 18:03:00,32.0,44.671833
1995-08-17 18:04:00,44.0,43.683945
1995-08-17 18:05:00,43.0,41.79054
1995-08-17 18:06:00,53.0,40.65346
1995-08-17 18:07:00,44.0,40.618057
1995-08-17 18:08:00,55.99999999999999,40.8523
1995-08-17 18:09:00,58.0,41.28571
1995-08-17 18:10:00,34.0,43.11433
1995-08-17 18:11:00,41.0,45.30492
1995-08-17 18:12:00,33.0,46.19627
1995-08-17 18:13:00,20.0,46.81037
1995-08-17 18:14:00,42.0,46.406006
1995-08-17 18:15:00,24.0,45.257656
1995-08-17 18:16:00,18.0,44.164883
1995-08-17 18:17:00,42.0,42.78414
1995-08-17 18:18:00,46.0,40.628372
1995-08-17 18:19:00,47.0,40.16227
1995-08-17 18:20:00,34.0,40.87563
1995-08-17 18:21:00,41.0,42.54011
1995-08-17 18:22:00,50.99999999999999,43.906624
1995-08-17 18:23:00,52.00000000000001,45.258087
1995-08-17 18:24:00,40.0,46.506634
1995-08-17 18:25:00,67.0,47.691883
1995-08-17 18:26:00,48.0,48.17396
1995-08-17 18:27:00,44.0,50.11025
1995-08-17 18:28:00,35.0,51.118813
1995-08-17 18:29:00,33.0,50.85083
1995-08-17 18:30:00,16.0,49.558254
1995-08-17 18:31:00,13.000000000000002,48.33305
1995-08-17 18:32:00,31.000000000000004,46.62398
1995-08-17 18:33:00,35.0,44.53713
1995-08-17 18:34:00,34.0,43.12601
1995-08-17 18:35:00,37.0,42.299736
1995-08-17 18:36:00,47.0,42.00817
1995-08-17 18:37:00,36.0,41.889954
1995-08-17 18:38:00,27.999999999999996,42.277744
1995-08-17 18:39:00,16.0,41.431095
1995-08-17 18:40:00,32.0,40.794266
1995-08-17 18:41:00,67.0,39.365723
1995-08-17 18:42:00,30.0,38.005455
1995-08-17 18:43:00,46.0,37.8435
1995-08-17 18:44:00,27.999999999999996,38.223206
1995-08-17 18:45:00,43.0,38.81519
1995-08-17 18:46:00,60.0,39.340992
1995-08-17 18:47:00,30.0,40.28252
1995-08-17 18:48:00,50.0,42.3743
1995-08-17 18:49:00,80.0,42.819466
1995-08-17 18:50:00,60.0,44.424355
1995-08-17 18:51:00,41.0,47.46033
1995-08-17 18:52:00,32.0,50.311726
1995-08-17 18:53:00,45.0,51.56677
1995-08-17 18:54:00,39.0,51.585926
1995-08-17 18:55:00,48.0,51.27321
1995-08-17 18:56:00,79.0,50.96705
1995-08-17 18:57:00,63.0,50.803562
1995-08-17 18:58:00,43.0,53.180218
1995-08-17 18:59:00,46.0,55.629253
1995-08-17 19:00:00,55.0,56.311222
1995-08-17 19:01:00,62.00000000000001,56.074024
1995-08-17 19:02:00,73.0,56.56647
1995-08-17 19:03:00,36.0,57.564075
1995-08-17 19:04:00,72.0,59.219624
1995-08-17 19:05:00,48.0,58.72281
1995-08-17 19:06:00,25.0,59.19648
1995-08-17 19:07:00,16.0,59.400364
1995-08-17 19:08:00,33.0,57.065784
1995-08-17 19:09:00,52.00000000000001,53.009586
1995-08-17 19:10:00,27.0,50.62806
1995-08-17 19:11:00,33.0,49.4187
1995-08-17 19:12:00,19.0,46.82476
1995-08-17 19:13:00,24.0,45.000587
1995-08-17 19:14:00,35.0,43.493725
1995-08-17 19:15:00,31.000000000000004,42.252647
1995-08-17 19:16:00,17.0,41.7977
1995-08-17 19:17:00,45.0,41.258804
1995-08-17 19:18:00,47.0,39.871826
1995-08-17 19:19:00,53.0,40.446545
1995-08-17 19:20:00,60.99999999999999,40.838852
1995-08-17 19:21:00,58.0,41.322735
1995-08-17 19:22:00,26.000000000000004,42.64931
1995-08-17 19:23:00,21.0,44.970284
1995-08-17 19:24:00,32.0,45.501823
1995-08-17 19:25:00,59.0,44.670456
1995-08-17 19:26:00,38.0,43.61061
1995-08-17 19:27:00,27.999999999999996,44.13922
1995-08-17 19:28:00,23.0,44.730045
1995-08-17 19:29:00,27.999999999999996,45.02339
1995-08-17 19:30:00,29.0,44.488407
1995-08-17 19:31:00,33.0,43.589417
1995-08-17 19:32:00,48.0,42.78849
1995-08-17 19:33:00,27.999999999999996,41.84611
1995-08-17 19:34:00,41.0,41.436886
1995-08-17 19:35:00,41.0,39.979305
1995-08-17 19:36:00,31.000000000000004,40.191666
1995-08-17 19:37:00,55.99999999999999,40.706924
1995-08-17 19:38:00,49.0,40.251568
1995-08-17 19:39:00,36.0,40.3338
1995-08-17 19:40:00,40.0,40.48892
1995-08-17 19:41:00,50.0,40.916748
1995-08-17 19:42:00,60.0,40.61911
1995-08-17 19:43:00,33.0,41.37896
1995-08-17 19:44:00,37.0,42.834095
1995-08-17 19:45:00,41.0,42.944683
1995-08-17 19:46:00,47.0,43.486908
1995-08-17 19:47:00,50.0,44.05781
1995-08-17 19:48:00,62.00000000000001,44.516827
1995-08-17 19:49:00,29.0,45.863815
1995-08-17 19:50:00,53.0,47.240498
1995-08-17 19:51:00,42.0,46.553253
1995-08-17 19:52:00,41.0,46.673462
1995-08-17 19:53:00,37.0,46.82787
1995-08-17 19:54:00,27.999999999999996,47.207794
1995-08-17 19:55:00,23.0,47.151077
1995-08-17 19:56:00,36.0,46.144474
1995-08-17 19:57:00,19.0,44.87067
1995-08-17 19:58:00,26.000000000000004,44.328716
1995-08-17 19:59:00,29.0,42.6983
1995-08-17 20:00:00,23.0,41.863564
1995-08-17 20:01:00,26.000000000000004,40.913754
1995-08-17 20:02:00,19.0,39.286396
1995-08-17 20:03:00,21.0,37.770905
1995-08-17 20:04:00,25.0,35.29421
1995-08-17 20:05:00,27.999999999999996,34.255234
1995-08-17 20:06:00,35.0,33.323986
1995-08-17 20:07:00,29.0,33.17516
1995-08-17 20:08:00,38.0,33.083538
1995-08-17 20:09:00,55.99999999999999,33.871155
1995-08-17 20:10:00,35.0,35.036434
1995-08-17 20:11:00,24.0,37.28734
1995-08-17 20:12:00,33.0,38.478943
1995-08-17 20:13:00,57.00000000000001,37.6114
1995-08-17 20:14:00,42.0,37.25951
1995-08-17 20:15:00,60.99999999999999,39.481087
1995-08-17 20:16:00,57.00000000000001,40.628525
1995-08-17 20:17:00,63.0,41.6586
1995-08-17 20:18:00,69.0,43.10529
1995-08-17 20:19:00,54.0,44.874233
1995-08-17 20:20:00,24.0,46.73827
1995-08-17 20:21:00,45.0,47.76381
1995-08-17 20:22:00,29.0,47.167767
1995-08-17 20:23:00,65.0,47.104397
1995-08-17 20:24:00,54.0,46.222153
1995-08-17 20:25:00,43.0,46.18695
1995-08-17 20:26:00,37.0,46.424324
1995-08-17 20:27:00,45.0,46.01265
1995-08-17 20:28:00,50.99999999999999,45.422718
1995-08-17 20:29:00,45.0,44.426975
1995-08-17 20:30:00,50.99999999999999,44.76636
1995-08-17 20:31:00,82.0,44.833527
1995-08-17 20:32:00,34.0,45.517406
1995-08-17 20:33:00,52.00000000000001,48.049397
1995-08-17 20:34:00,36.0,47.88293
1995-08-17 20:35:00,26.000000000000004,48.00173
1995-08-17 20:36:00,37.0,47.586407
1995-08-17 20:37:00,42.0,45.946026
1995-08-17 20:38:00,25.0,44.762573
1995-08-17 20:39:00,39.0,44.41003
1995-08-17 20:40:00,39.0,43.024715
1995-08-17 20:41:00,36.0,42.145596
1995-08-17 20:42:00,27.0,42.19627
1995-08-17 20:43:00,34.0,41.982864
1995-08-17 20:44:00,31.000000000000004,40.744286
1995-08-17 20:45:00,33.0,40.277046
1995-08-17 20:46:00,21.0,39.47917
1995-08-17 20:47:00,29.0,38.74979
1995-08-17 20:48:00,20.0,37.541958
1995-08-17 20:49:00,58.0,36.946587
1995-08-17 20:50:00,26.000000000000004,36.171516
1995-08-17 20:51:00,36.0,38.103916
1995-08-17 20:52:00,16.0,38.249405
1995-08-17 20:53:00,34.0,37.8994
1995-08-17 20:54:00,41.0,36.80943
1995-08-17 20:55:00,31.000000000000004,37.04902
1995-08-17 20:56:00,41.0,37.69098
1995-08-17 20:57:00,48.0,37.42222
1995-08-17 20:58:00,43.0,38.033264
1995-08-17 20:59:00,35.0,39.564045
1995-08-17 21:00:00,37.0,40.6108
1995-08-17 21:01:00,37.0,40.438343
1995-08-17 21:02:00,31.000000000000004,40.36735
1995-08-17 21:03:00,44.0,39.917664
1995-08-17 21:04:00,33.0,40.161854
1995-08-17 21:05:00,39.0,40.343422
1995-08-17 21:06:00,38.0,39.899998
1995-08-17 21:07:00,40.0,39.807415
1995-08-17 21:08:00,36.0,39.833183
1995-08-17 21:09:00,15.0,39.736935
1995-08-17 21:10:00,9.0,39.053097
1995-08-17 21:11:00,42.0,37.553226
1995-08-17 21:12:00,60.99999999999999,35.603806
1995-08-17 21:13:00,27.999999999999996,35.869568
1995-08-17 21:14:00,25.0,38.255642
1995-08-17 21:15:00,36.0,39.042305
1995-08-17 21:16:00,18.0,38.865784
1995-08-17 21:17:00,21.0,38.635498
1995-08-17 21:18:00,10.0,37.226727
1995-08-17 21:19:00,18.0,35.987682
1995-08-17 21:20:00,17.0,34.66931
1995-08-17 21:21:00,40.0,34.276882
1995-08-17 21:22:00,38.0,33.92871
1995-08-17 21:23:00,37.0,34.622684
1995-08-17 21:24:00,35.0,34.747963
1995-08-17 21:25:00,55.99999999999999,35.507694
1995-08-17 21:26:00,42.0,36.17442
1995-08-17 21:27:00,32.0,37.01053
1995-08-17 21:28:00,27.0,38.06989
1995-08-17 21:29:00,49.0,38.515358
1995-08-17 21:30:00,36.0,38.024788
1995-08-17 21:31:00,27.999999999999996,38.723907
1995-08-17 21:32:00,20.0,38.71051
1995-08-17 21:33:00,52.00000000000001,38.028294
1995-08-17 21:34:00,47.0,37.249496
1995-08-17 21:35:00,43.0,37.374413
1995-08-17 21:36:00,29.0,37.582863
1995-08-17 21:37:00,16.0,38.62906
1995-08-17 21:38:00,52.00000000000001,38.95764
1995-08-17 21:39:00,34.0,38.03917
1995-08-17 21:40:00,13.999999999999998,38.574993
1995-08-17 21:41:00,20.0,39.14678
1995-08-17 21:42:00,16.0,37.740273
1995-08-17 21:43:00,19.0,36.674244
1995-08-17 21:44:00,22.0,35.37061
1995-08-17 21:45:00,38.0,33.328045
1995-08-17 21:46:00,30.0,32.044357
1995-08-17 21:47:00,38.0,31.708271
1995-08-17 21:48:00,35.0,31.294945
1995-08-17 21:49:00,43.0,30.972017
1995-08-17 21:50:00,21.0,31.834194
1995-08-17 21:51:00,23.0,33.269608
1995-08-17 21:52:00,38.0,33.685047
1995-08-17 21:53:00,45.0,33.41488
1995-08-17 21:54:00,32.0,33.68633
1995-08-17 21:55:00,36.0,34.107952
1995-08-17 21:56:00,40.0,33.937862
1995-08-17 21:57:00,23.0,34.114193
1995-08-17 21:58:00,33.0,34.086018
1995-08-17 21:59:00,39.0,33.823067
1995-08-17 22:00:00,53.0,33.933796
1995-08-17 22:01:00,35.0,34.198044
1995-08-17 22:02:00,27.999999999999996,35.068485
1995-08-17 22:03:00,36.0,36.28162
1995-08-17 22:04:00,29.0,36.380276
1995-08-17 22:05:00,23.0,36.17052
1995-08-17 22:06:00,35.0,35.426247
1995-08-17 22:07:00,27.0,34.193832
1995-08-17 22:08:00,27.0,33.61567
1995-08-17 22:09:00,58.0,32.526165
1995-08-17 22:10:00,49.0,31.408058
1995-08-17 22:11:00,44.0,32.702366
1995-08-17 22:12:00,34.0,34.06384
1995-08-17 22:13:00,48.0,35.421425
1995-08-17 22:14:00,50.99999999999999,35.527905
1995-08-17 22:15:00,27.999999999999996,35.9144
1995-08-17 22:16:00,41.0,36.884315
1995-08-17 22:17:00,24.0,36.566185
1995-08-17 22:18:00,16.0,36.88156
1995-08-17 22:19:00,23.0,36.719658
1995-08-17 22:20:00,21.0,35.71066
1995-08-17 22:21:00,27.0,33.854767
1995-08-17 22:22:00,39.0,32.418026
1995-08-17 22:23:00,21.0,31.812084
1995-08-17 22:24:00,17.0,32.626183
1995-08-17 22:25:00,19.0,32.76379
1995-08-17 22:26:00,46.0,31.991453
1995-08-17 22:27:00,42.0,30.748446
1995-08-17 22:28:00,39.0,30.447342
1995-08-17 22:29:00,40.0,30.707993
1995-08-17 22:30:00,46.0,30.984196
1995-08-17 22:31:00,37.0,31.500225
1995-08-17 22:32:00,23.0,32.420006
1995-08-17 22:33:00,32.0,33.343754
1995-08-17 22:34:00,20.0,33.442986
1995-08-17 22:35:00,35.0,33.392838
1995-08-17 22:36:00,40.0,32.427692
1995-08-17 22:37:00,31.000000000000004,32.420956
1995-08-17 22:38:00,41.0,32.798
1995-08-17 22:39:00,16.0,32.8556
1995-08-17 22:40:00,29.0,33.739002
1995-08-17 22:41:00,17.0,33.060787
1995-08-17 22:42:00,40.0,32.987797
1995-08-17 22:43:00,30.0,33.050655
1995-08-17 22:44:00,16.0,33.403572
1995-08-17 22:45:00,27.999999999999996,34.07523
1995-08-17 22:46:00,24.0,33.95374
1995-08-17 22:47:00,15.0,33.35209
1995-08-17 22:48:00,29.0,32.818226
1995-08-17 22:49:00,21.0,31.684277
1995-08-17 22:50:00,33.0,31.342672
1995-08-17 22:51:00,29.0,30.928709
1995-08-17 22:52:00,31.000000000000004,31.425581
1995-08-17 22:53:00,45.0,32.267307
1995-08-17 22:54:00,33.0,32.73296
1995-08-17 22:55:00,19.0,34.35284
1995-08-17 22:56:00,15.0,35.051544
1995-08-17 22:57:00,21.0,35.045547
1995-08-17 22:58:00,9.0,33.856525
1995-08-17 22:59:00,12.0,32.932472
1995-08-17 23:00:00,26.000000000000004,31.61204
1995-08-17 23:01:00,16.0,30.215317
1995-08-17 23:02:00,20.0,29.565893
1995-08-17 23:03:00,22.0,29.018244
1995-08-17 23:04:00,24.0,28.559265
1995-08-17 23:05:00,21.0,28.554089
1995-08-17 23:06:00,24.0,28.857946
1995-08-17 23:07:00,3.0,28.754189
1995-08-17 23:08:00,23.0,29.072838
1995-08-17 23:09:00,25.0,27.504133
1995-08-17 23:10:00,36.0,27.41273
1995-08-17 23:11:00,34.0,27.445847
1995-08-17 23:12:00,27.999999999999996,29.420715
1995-08-17 23:13:00,49.0,30.99427
1995-08-17 23:14:00,40.0,32.249645
1995-08-17 23:15:00,44.0,33.530304
1995-08-17 23:16:00,27.999999999999996,35.071842
1995-08-17 23:17:00,40.0,36.323685
1995-08-17 23:18:00,67.0,36.860794
1995-08-17 23:19:00,64.0,37.139133
1995-08-17 23:20:00,55.0,38.2625
1995-08-17 23:21:00,64.0,39.7161
1995-08-17 23:22:00,55.99999999999999,40.91829
1995-08-17 23:23:00,45.0,42.35865
1995-08-17 23:24:00,40.0,43.11011
1995-08-17 23:25:00,34.0,42.746227
1995-08-17 23:26:00,20.0,42.27939
1995-08-17 23:27:00,25.0,42.66185
1995-08-17 23:28:00,25.0,42.02256
1995-08-17 23:29:00,13.999999999999998,41.214977
1995-08-17 23:30:00,12.0,39.819614
1995-08-17 23:31:00,15.0,37.767754
1995-08-17 23:32:00,23.0,35.72202
1995-08-17 23:33:00,38.0,33.581333
1995-08-17 23:34:00,49.0,31.981499
1995-08-17 23:35:00,29.0,32.013344
1995-08-17 23:36:00,27.999999999999996,33.515015
1995-08-17 23:37:00,32.0,34.59643
1995-08-17 23:38:00,30.0,34.686287
1995-08-17 23:39:00,23.0,34.05648
1995-08-17 23:40:00,20.0,33.50594
1995-08-17 23:41:00,31.000000000000004,32.83338
1995-08-17 23:42:00,41.0,32.21618
1995-08-17 23:43:00,35.0,32.44584
1995-08-17 23:44:00,37.0,33.27262
1995-08-17 23:45:00,32.0,34.508324
1995-08-17 23:46:00,30.0,34.840065
1995-08-17 23:47:00,50.99999999999999,35.090218
1995-08-17 23:48:00,22.0,34.995842
1995-08-17 23:49:00,25.0,35.61411
1995-08-17 23:50:00,36.0,35.249622
1995-08-17 23:51:00,33.0,34.854355
1995-08-17 23:52:00,10.0,34.343536
1995-08-17 23:53:00,25.0,34.202477
1995-08-17 23:54:00,20.0,32.71124
1995-08-17 23:55:00,18.0,31.651144
1995-08-17 23:56:00,13.999999999999998,30.16467
1995-08-17 23:57:00,23.0,29.460733
1995-08-17 23:58:00,24.0,27.784508
1995-08-17 23:59:00,16.0,26.983599
1995-08-18 00:00:00,18.0,26.316849
1995-08-18 00:01:00,17.0,25.455584
1995-08-18 00:02:00,19.0,24.64542
1995-08-18 00:03:00,24.0,23.117588
1995-08-18 00:04:00,18.0,22.403654
1995-08-18 00:05:00,31.000000000000004,21.786106
1995-08-18 00:06:00,29.0,20.953241
1995-08-18 00:07:00,30.0,21.19091
1995-08-18 00:08:00,20.0,21.62992
1995-08-18 00:09:00,32.0,22.470675
1995-08-18 00:10:00,25.0,22.640087
1995-08-18 00:11:00,27.999999999999996,23.304764
1995-08-18 00:12:00,32.0,23.467087
1995-08-18 00:13:00,50.99999999999999,23.697136
1995-08-18 00:14:00,23.0,24.35746
1995-08-18 00:15:00,32.0,26.654871
1995-08-18 00:16:00,24.0,27.814764
1995-08-18 00:17:00,44.0,28.852488
1995-08-18 00:18:00,48.0,29.33593
1995-08-18 00:19:00,41.0,30.043768
1995-08-18 00:20:00,15.0,30.887804
1995-08-18 00:21:00,29.0,31.393559
1995-08-18 00:22:00,6.999999999999999,30.682951
1995-08-18 00:23:00,24.0,30.131088
1995-08-18 00:24:00,5.0,28.155302
1995-08-18 00:25:00,12.0,26.603151
1995-08-18 00:26:00,26.000000000000004,24.543694
1995-08-18 00:27:00,12.0,23.046942
1995-08-18 00:28:00,4.0,22.441774
1995-08-18 00:29:00,13.999999999999998,21.85316
1995-08-18 00:30:00,13.999999999999998,20.364414
1995-08-18 00:31:00,22.0,19.01306
1995-08-18 00:32:00,21.0,17.9842
1995-08-18 00:33:00,24.0,18.189674
1995-08-18 00:34:00,17.0,18.841227
1995-08-18 00:35:00,24.0,18.810081
1995-08-18 00:36:00,17.0,18.583199
1995-08-18 00:37:00,32.0,18.179228
1995-08-18 00:38:00,24.0,18.209932
1995-08-18 00:39:00,13.000000000000002,18.446888
1995-08-18 00:40:00,6.999999999999999,19.029057
1995-08-18 00:41:00,8.0,19.139805
1995-08-18 00:42:00,12.0,18.757292
1995-08-18 00:43:00,4.0,18.17366
1995-08-18 00:44:00,20.0,18.255104
1995-08-18 00:45:00,29.0,17.66071
1995-08-18 00:46:00,18.0,18.341913
1995-08-18 00:47:00,24.0,19.660437
1995-08-18 00:48:00,8.0,20.316343
1995-08-18 00:49:00,10.0,21.233932
1995-08-18 00:50:00,25.0,21.133839
1995-08-18 00:51:00,11.0,20.357105
1995-08-18 00:52:00,11.0,19.752068
1995-08-18 00:53:00,19.0,18.988285
1995-08-18 00:54:00,27.999999999999996,18.364767
1995-08-18 00:55:00,23.0,18.30923
1995-08-18 00:56:00,13.999999999999998,18.467163
1995-08-18 00:57:00,22.0,18.87519
1995-08-18 00:58:00,17.0,18.979977
1995-08-18 00:59:00,20.0,18.935009
1995-08-18 01:00:00,30.0,19.138325
1995-08-18 01:01:00,22.0,20.121431
1995-08-18 01:02:00,20.0,21.038725
1995-08-18 01:03:00,23.0,22.3321
1995-08-18 01:04:00,30.0,23.091366
1995-08-18 01:05:00,17.0,23.878593
1995-08-18 01:06:00,17.0,24.228825
1995-08-18 01:07:00,21.0,23.894066
1995-08-18 01:08:00,33.0,23.677456
1995-08-18 01:09:00,29.0,23.426296
1995-08-18 01:10:00,31.000000000000004,23.122793
1995-08-18 01:11:00,22.0,23.687702
1995-08-18 01:12:00,18.0,23.803417
1995-08-18 01:13:00,26.000000000000004,24.385086
1995-08-18 01:14:00,32.0,24.742548
1995-08-18 01:15:00,32.0,24.993889
1995-08-18 01:16:00,36.0,25.196865
1995-08-18 01:17:00,20.0,25.742577
1995-08-18 01:18:00,32.0,26.44884
1995-08-18 01:19:00,13.000000000000002,25.97555
1995-08-18 01:20:00,15.0,25.847198
1995-08-18 01:21:00,21.0,25.223587
1995-08-18 01:22:00,17.0,24.142847
1995-08-18 01:23:00,31.000000000000004,23.315104
1995-08-18 01:24:00,17.0,22.33435
1995-08-18 01:25:00,19.0,22.791567
1995-08-18 01:26:00,24.0,22.459206
1995-08-18 01:27:00,38.0,21.252607
1995-08-18 01:28:00,35.0,20.060661
1995-08-18 01:29:00,13.000000000000002,19.595486
1995-08-18 01:30:00,27.999999999999996,19.235786
1995-08-18 01:31:00,23.0,18.484135
1995-08-18 01:32:00,24.0,18.284225
1995-08-18 01:33:00,27.0,18.841751
1995-08-18 01:34:00,32.0,19.311148
1995-08-18 01:35:00,37.0,20.087555
1995-08-18 01:36:00,29.0,21.234339
1995-08-18 01:37:00,41.0,22.879074
1995-08-18 01:38:00,23.0,24.13632
1995-08-18 01:39:00,18.0,25.11841
1995-08-18 01:40:00,24.0,25.554499
1995-08-18 01:41:00,30.0,25.32619
1995-08-18 01:42:00,22.0,25.395617
1995-08-18 01:43:00,21.0,25.117342
1995-08-18 01:44:00,37.0,24.92955
1995-08-18 01:45:00,17.0,24.414648
1995-08-18 01:46:00,24.0,25.346685
1995-08-18 01:47:00,40.0,25.610676
1995-08-18 01:48:00,26.000000000000004,25.613548
1995-08-18 01:49:00,33.0,25.953049
1995-08-18 01:50:00,31.000000000000004,27.01706
1995-08-18 01:51:00,13.999999999999998,27.226084
1995-08-18 01:52:00,24.0,27.09525
1995-08-18 01:53:00,50.0,26.20416
1995-08-18 01:54:00,35.0,25.546322
1995-08-18 01:55:00,35.0,26.264149
1995-08-18 01:56:00,30.0,26.864405
1995-08-18 01:57:00,48.0,27.486984
1995-08-18 01:58:00,45.0,27.331861
1995-08-18 01:59:00,25.0,29.442345
1995-08-18 02:00:00,22.0,30.939983
1995-08-18 02:01:00,33.0,31.349926
1995-08-18 02:02:00,20.0,30.708937
1995-08-18 02:03:00,19.0,30.044502
1995-08-18 02:04:00,11.0,28.738426
1995-08-18 02:05:00,13.000000000000002,27.226416
1995-08-18 02:06:00,20.0,25.071804
1995-08-18 02:07:00,15.0,23.01303
1995-08-18 02:08:00,23.0,22.246601
1995-08-18 02:09:00,22.0,21.100534
1995-08-18 02:10:00,20.0,20.127598
1995-08-18 02:11:00,36.0,19.15199
1995-08-18 02:12:00,27.999999999999996,18.351923
1995-08-18 02:13:00,16.0,19.100471
1995-08-18 02:14:00,17.0,19.938393
1995-08-18 02:15:00,5.0,20.270985
1995-08-18 02:16:00,6.0,20.40683
1995-08-18 02:17:00,8.0,19.003458
1995-08-18 02:18:00,9.0,17.043388
1995-08-18 02:19:00,10.0,15.105479
1995-08-18 02:20:00,10.0,13.711263
1995-08-18 02:21:00,12.0,12.47667
1995-08-18 02:22:00,27.0,11.8169155
1995-08-18 02:23:00,13.000000000000002,11.592599
1995-08-18 02:24:00,6.999999999999999,11.591002
1995-08-18 02:25:00,13.000000000000002,12.225989
1995-08-18 02:26:00,15.0,12.765112
1995-08-18 02:27:00,26.000000000000004,13.636317
1995-08-18 02:28:00,34.0,13.896403
1995-08-18 02:29:00,17.0,15.293577
1995-08-18 02:30:00,15.0,17.002821
1995-08-18 02:31:00,19.0,17.799164
1995-08-18 02:32:00,17.0,17.791952
1995-08-18 02:33:00,19.0,18.494339
1995-08-18 02:34:00,3.0,18.952713
1995-08-18 02:35:00,27.0,18.738693
1995-08-18 02:36:00,39.0,17.204025
1995-08-18 02:37:00,20.0,17.366615
1995-08-18 02:38:00,13.999999999999998,18.72117
1995-08-18 02:39:00,24.0,19.078783
1995-08-18 02:40:00,22.0,19.549047
1995-08-18 02:41:00,27.0,20.09348
1995-08-18 02:42:00,18.0,20.584288
1995-08-18 02:43:00,16.0,21.656706
1995-08-18 02:44:00,15.0,21.82689
1995-08-18 02:45:00,22.0,21.979584
1995-08-18 02:46:00,19.0,20.303032
1995-08-18 02:47:00,9.0,19.275646
1995-08-18 02:48:00,34.0,18.168865
1995-08-18 02:49:00,34.0,16.924763
1995-08-18 02:50:00,9.0,17.237
1995-08-18 02:51:00,27.0,17.546425
1995-08-18 02:52:00,34.0,17.187922
1995-08-18 02:53:00,26.000000000000004,17.139084
1995-08-18 02:54:00,27.999999999999996,17.562717
1995-08-18 02:55:00,16.0,18.62816
1995-08-18 02:56:00,20.0,19.449621
1995-08-18 02:57:00,12.0,19.674171
1995-08-18 02:58:00,11.0,18.92978
1995-08-18 02:59:00,15.0,18.073042
1995-08-18 03:00:00,31.000000000000004,16.868118
1995-08-18 03:01:00,31.000000000000004,15.984974
1995-08-18 03:02:00,23.0,16.20177
1995-08-18 03:03:00,32.0,17.191595
1995-08-18 03:04:00,25.0,17.92672
1995-08-18 03:05:00,12.0,18.909197
1995-08-18 03:06:00,15.0,19.07669
1995-08-18 03:07:00,13.999999999999998,17.890985
1995-08-18 03:08:00,20.0,17.482594
1995-08-18 03:09:00,15.0,16.849125
1995-08-18 03:10:00,21.0,16.79588
1995-08-18 03:11:00,22.0,16.73522
1995-08-18 03:12:00,20.0,17.09811
1995-08-18 03:13:00,13.000000000000002,17.85726
1995-08-18 03:14:00,16.0,18.570354
1995-08-18 03:15:00,21.0,18.66878
1995-08-18 03:16:00,8.0,18.286428
1995-08-18 03:17:00,10.0,17.973177
1995-08-18 03:18:00,9.0,17.519526
1995-08-18 03:19:00,5.0,16.033377
1995-08-18 03:20:00,8.0,14.834295
1995-08-18 03:21:00,13.999999999999998,13.961074
1995-08-18 03:22:00,9.0,13.504051
1995-08-18 03:23:00,31.000000000000004,14.123602
1995-08-18 03:24:00,34.0,13.019812
1995-08-18 03:25:00,19.0,13.651248
1995-08-18 03:26:00,20.0,15.2589245
1995-08-18 03:27:00,20.0,16.269737
1995-08-18 03:28:00,15.0,17.25497
1995-08-18 03:29:00,13.999999999999998,17.43851
1995-08-18 03:30:00,17.0,17.219677
1995-08-18 03:31:00,13.000000000000002,16.659409
1995-08-18 03:32:00,11.0,15.422532
1995-08-18 03:33:00,21.0,14.395604
1995-08-18 03:34:00,22.0,14.0584755
1995-08-18 03:35:00,46.0,13.654072
1995-08-18 03:36:00,46.0,14.462308
1995-08-18 03:37:00,21.0,16.12304
1995-08-18 03:38:00,13.000000000000002,19.588274
1995-08-18 03:39:00,20.0,21.443842
1995-08-18 03:40:00,3.0,21.924004
1995-08-18 03:41:00,23.0,21.594505
1995-08-18 03:42:00,8.0,20.026138
1995-08-18 03:43:00,10.0,18.897005
1995-08-18 03:44:00,39.0,17.40961
1995-08-18 03:45:00,22.0,16.647049
1995-08-18 03:46:00,20.0,17.133965
1995-08-18 03:47:00,11.0,18.374437
1995-08-18 03:48:00,27.999999999999996,18.48379
1995-08-18 03:49:00,27.999999999999996,18.050135
1995-08-18 03:50:00,27.0,18.3261
1995-08-18 03:51:00,18.0,19.209
1995-08-18 03:52:00,13.999999999999998,19.533537
1995-08-18 03:53:00,11.0,19.285767
1995-08-18 03:54:00,13.000000000000002,18.753891
1995-08-18 03:55:00,21.0,18.579016
1995-08-18 03:56:00,25.0,17.575161
1995-08-18 03:57:00,6.0,17.946098
1995-08-18 03:58:00,12.0,18.340263
1995-08-18 03:59:00,6.999999999999999,18.0689
1995-08-18 04:00:00,20.0,16.896164
1995-08-18 04:01:00,32.0,15.769507
1995-08-18 04:02:00,19.0,16.265745
1995-08-18 04:03:00,11.0,17.105328
1995-08-18 04:04:00,11.0,16.818565
1995-08-18 04:05:00,12.0,15.309993
1995-08-18 04:06:00,10.0,13.598873
1995-08-18 04:07:00,17.0,12.074036
1995-08-18 04:08:00,18.0,10.904868
1995-08-18 04:09:00,6.999999999999999,11.134348
1995-08-18 04:10:00,17.0,11.554865
1995-08-18 04:11:00,12.0,11.94832
1995-08-18 04:12:00,16.0,12.400916
1995-08-18 04:13:00,37.0,12.680686
1995-08-18 04:14:00,22.0,13.095369
1995-08-18 04:15:00,16.0,14.414445
1995-08-18 04:16:00,13.000000000000002,16.58329
1995-08-18 04:17:00,11.0,18.198305
1995-08-18 04:18:00,15.0,18.104435
1995-08-18 04:19:00,35.0,17.445261
1995-08-18 04:20:00,13.000000000000002,16.997236
1995-08-18 04:21:00,10.0,17.312664
1995-08-18 04:22:00,8.0,16.701761
1995-08-18 04:23:00,15.0,15.869546
1995-08-18 04:24:00,21.0,15.333531
1995-08-18 04:25:00,20.0,15.282436
1995-08-18 04:26:00,13.000000000000002,15.675868
1995-08-18 04:27:00,13.000000000000002,16.438238
1995-08-18 04:28:00,15.0,16.320854
1995-08-18 04:29:00,5.0,16.401299
1995-08-18 04:30:00,20.0,15.523422
1995-08-18 04:31:00,26.000000000000004,14.203637
1995-08-18 04:32:00,26.000000000000004,14.311289
1995-08-18 04:33:00,5.0,15.469071
1995-08-18 04:34:00,4.0,16.090523
1995-08-18 04:35:00,11.0,15.454107
1995-08-18 04:36:00,11.0,14.253894
1995-08-18 04:37:00,9.0,13.8881235
1995-08-18 04:38:00,11.0,12.930907
1995-08-18 04:39:00,9.0,12.094708
1995-08-18 04:40:00,13.000000000000002,11.801352
1995-08-18 04:41:00,13.999999999999998,11.136105
1995-08-18 04:42:00,24.0,10.699197
1995-08-18 04:43:00,20.0,11.275418
1995-08-18 04:44:00,17.0,11.878007
1995-08-18 04:45:00,20.0,12.905952
1995-08-18 04:46:00,18.0,13.917893
1995-08-18 04:47:00,8.0,14.523439
1995-08-18 04:48:00,15.0,14.707464
1995-08-18 04:49:00,13.000000000000002,14.160295
1995-08-18 04:50:00,8.0,14.295327
1995-08-18 04:51:00,10.0,13.856907
1995-08-18 04:52:00,18.0,13.460696
1995-08-18 04:53:00,27.999999999999996,12.731045
1995-08-18 04:54:00,17.0,12.512875
1995-08-18 04:55:00,13.999999999999998,13.805145
1995-08-18 04:56:00,30.0,15.029457
1995-08-18 04:57:00,11.0,15.81891
1995-08-18 04:58:00,10.0,17.050835
1995-08-18 04:59:00,15.0,16.92108
1995-08-18 05:00:00,13.000000000000002,16.660742
1995-08-18 05:01:00,6.0,16.552078
1995-08-18 05:02:00,20.0,15.894875
1995-08-18 05:03:00,10.0,14.38023
1995-08-18 05:04:00,21.0,13.372879
1995-08-18 05:05:00,17.0,12.785124
1995-08-18 05:06:00,5.0,12.956088
1995-08-18 05:07:00,12.0,13.386572
1995-08-18 05:08:00,22.0,13.183208
1995-08-18 05:09:00,10.0,12.770299
1995-08-18 05:10:00,10.0,13.130813
1995-08-18 05:11:00,44.0,13.785836
1995-08-18 05:12:00,46.0,13.556049
1995-08-18 05:13:00,23.0,14.911901
1995-08-18 05:14:00,20.0,16.681337
1995-08-18 05:15:00,19.0,17.536348
1995-08-18 05:16:00,19.0,17.519344
1995-08-18 05:17:00,11.0,17.487638
1995-08-18 05:18:00,15.0,17.323244
1995-08-18 05:19:00,24.0,16.256924
1995-08-18 05:20:00,11.0,16.004448
1995-08-18 05:21:00,23.0,16.414024
1995-08-18 05:22:00,4.0,15.492936
1995-08-18 05:23:00,20.0,15.200572
1995-08-18 05:24:00,13.999999999999998,13.823513
1995-08-18 05:25:00,2.0,13.1359215
1995-08-18 05:26:00,10.0,12.169149
1995-08-18 05:27:00,19.0,9.729169
1995-08-18 05:28:00,0.0,7.9660068
1995-08-18 05:29:00,10.0,8.253504
1995-08-18 05:30:00,27.999999999999996,6.2911277
1995-08-18 05:31:00,3.0,6.3917184
1995-08-18 05:32:00,9.0,8.346424
1995-08-18 05:33:00,8.0,9.134075
1995-08-18 05:34:00,10.0,9.747862
1995-08-18 05:35:00,8.0,10.1618185
1995-08-18 05:36:00,10.0,9.535751
1995-08-18 05:37:00,6.999999999999999,9.393594
1995-08-18 05:38:00,10.0,9.620787
1995-08-18 05:39:00,15.0,9.954388
1995-08-18 05:40:00,13.000000000000002,10.83852
1995-08-18 05:41:00,11.0,10.933806
1995-08-18 05:42:00,9.0,10.941308
1995-08-18 05:43:00,5.0,11.215567
1995-08-18 05:44:00,8.0,10.937825
1995-08-18 05:45:00,25.0,10.307642
1995-08-18 05:46:00,24.0,10.262618
1995-08-18 05:47:00,13.000000000000002,10.349923
1995-08-18 05:48:00,11.0,11.062121
1995-08-18 05:49:00,11.0,11.67233
1995-08-18 05:50:00,23.0,11.863402
1995-08-18 05:51:00,17.0,12.205036
1995-08-18 05:52:00,13.999999999999998,12.35072
1995-08-18 05:53:00,20.0,13.0742655
1995-08-18 05:54:00,17.0,13.532953
1995-08-18 05:55:00,22.0,14.166417
1995-08-18 05:56:00,11.0,14.682841
1995-08-18 05:57:00,47.0,14.618125
1995-08-18 05:58:00,32.0,14.631148
1995-08-18 05:59:00,12.0,16.76808
1995-08-18 06:00:00,11.0,18.373047
1995-08-18 06:01:00,13.000000000000002,17.936186
1995-08-18 06:02:00,17.0,17.866007
1995-08-18 06:03:00,11.0,18.509264
1995-08-18 06:04:00,8.0,19.275682
1995-08-18 06:05:00,20.0,18.888288
1995-08-18 06:06:00,23.0,18.07711
1995-08-18 06:07:00,23.0,17.827902
1995-08-18 06:08:00,33.0,17.672516
1995-08-18 06:09:00,24.0,17.697527
1995-08-18 06:10:00,27.0,18.793043
1995-08-18 06:11:00,11.0,19.660883
1995-08-18 06:12:00,18.0,20.408789
1995-08-18 06:13:00,15.0,20.464624
1995-08-18 06:14:00,18.0,20.308323
1995-08-18 06:15:00,10.0,19.689362
1995-08-18 06:16:00,6.0,18.591665
1995-08-18 06:17:00,18.0,16.958773
1995-08-18 06:18:00,24.0,15.658802
1995-08-18 06:19:00,15.0,14.62748
1995-08-18 06:20:00,8.0,14.414038
1995-08-18 06:21:00,12.0,14.987749
1995-08-18 06:22:00,13.000000000000002,15.295741
1995-08-18 06:23:00,10.0,15.487294
1995-08-18 06:24:00,29.0,15.504318
1995-08-18 06:25:00,13.000000000000002,15.165195
1995-08-18 06:26:00,9.0,16.570536
1995-08-18 06:27:00,4.0,17.722082
1995-08-18 06:28:00,8.0,17.763878
1995-08-18 06:29:00,16.0,16.570478
1995-08-18 06:30:00,22.0,15.53762
1995-08-18 06:31:00,8.0,15.833471
1995-08-18 06:32:00,13.999999999999998,16.24457
1995-08-18 06:33:00,13.999999999999998,15.590159
1995-08-18 06:34:00,19.0,15.302624
1995-08-18 06:35:00,11.0,14.5990305
1995-08-18 06:36:00,6.999999999999999,13.921723
1995-08-18 06:37:00,6.999999999999999,13.437613
1995-08-18 06:38:00,40.0,13.257469
1995-08-18 06:39:00,12.0,13.319177
1995-08-18 06:40:00,16.0,15.160533
1995-08-18 06:41:00,16.0,15.743101
1995-08-18 06:42:00,8.0,15.990231
1995-08-18 06:43:00,27.999999999999996,16.080387
1995-08-18 06:44:00,26.000000000000004,16.10181
1995-08-18 06:45:00,18.0,17.727943
1995-08-18 06:46:00,12.0,18.860924
1995-08-18 06:47:00,6.0,18.886843
1995-08-18 06:48:00,16.0,18.990383
1995-08-18 06:49:00,6.999999999999999,18.180672
1995-08-18 06:50:00,3.0,17.556383
1995-08-18 06:51:00,13.000000000000002,16.80323
1995-08-18 06:52:00,21.0,15.33377
1995-08-18 06:53:00,35.0,14.269504
1995-08-18 06:54:00,30.0,15.250557
1995-08-18 06:55:00,40.0,16.842937
1995-08-18 06:56:00,34.0,18.819237
1995-08-18 06:57:00,43.0,21.358606
1995-08-18 06:58:00,35.0,24.26854
1995-08-18 06:59:00,12.0,26.823158
1995-08-18 07:00:00,29.0,28.508701
1995-08-18 07:01:00,26.000000000000004,27.680315
1995-08-18 07:02:00,25.0,27.046625
1995-08-18 07:03:00,23.0,27.575302
1995-08-18 07:04:00,26.000000000000004,27.418062
1995-08-18 07:05:00,22.0,27.554352
1995-08-18 07:06:00,30.0,27.437805
1995-08-18 07:07:00,16.0,27.39929
1995-08-18 07:08:00,19.0,27.863018
1995-08-18 07:09:00,46.0,27.427443
1995-08-18 07:10:00,31.000000000000004,26.307123
1995-08-18 07:11:00,26.000000000000004,27.107128
1995-08-18 07:12:00,23.0,27.608864
1995-08-18 07:13:00,25.0,28.465452
1995-08-18 07:14:00,37.0,28.747427
1995-08-18 07:15:00,22.0,28.930223
1995-08-18 07:16:00,23.0,28.94978
1995-08-18 07:17:00,59.0,28.714111
1995-08-18 07:18:00,40.0,28.571255
1995-08-18 07:19:00,29.0,30.20555
1995-08-18 07:20:00,22.0,31.83948
1995-08-18 07:21:00,20.0,32.63522
1995-08-18 07:22:00,45.0,32.614437
1995-08-18 07:23:00,21.0,31.954142
1995-08-18 07:24:00,19.0,32.477787
1995-08-18 07:25:00,10.0,33.381153
1995-08-18 07:26:00,24.0,32.978367
1995-08-18 07:27:00,33.0,31.648579
1995-08-18 07:28:00,27.999999999999996,30.058287
1995-08-18 07:29:00,25.0,29.616556
1995-08-18 07:30:00,19.0,29.748034
1995-08-18 07:31:00,15.0,29.20284
1995-08-18 07:32:00,13.000000000000002,27.987133
1995-08-18 07:33:00,40.0,26.68644
1995-08-18 07:34:00,31.000000000000004,24.986094
1995-08-18 07:35:00,24.0,25.126873
1995-08-18 07:36:00,45.0,24.602808
1995-08-18 07:37:00,34.0,25.047207
1995-08-18 07:38:00,17.0,26.76197
1995-08-18 07:39:00,40.0,28.29147
1995-08-18 07:40:00,43.0,29.440016
1995-08-18 07:41:00,55.99999999999999,30.358967
1995-08-18 07:42:00,44.0,31.41178
1995-08-18 07:43:00,27.999999999999996,33.567085
1995-08-18 07:44:00,45.0,35.334568
1995-08-18 07:45:00,18.0,35.97355
1995-08-18 07:46:00,38.0,36.77818
1995-08-18 07:47:00,59.0,35.502773
1995-08-18 07:48:00,33.0,34.573242
1995-08-18 07:49:00,17.0,36.193848
1995-08-18 07:50:00,16.0,36.704643
1995-08-18 07:51:00,48.0,36.198345
1995-08-18 07:52:00,27.999999999999996,34.8095
1995-08-18 07:53:00,17.0,34.871906
1995-08-18 07:54:00,45.0,34.478233
1995-08-18 07:55:00,30.0,33.22948
1995-08-18 07:56:00,25.0,32.329224
1995-08-18 07:57:00,31.000000000000004,31.701982
1995-08-18 07:58:00,23.0,30.833471
1995-08-18 07:59:00,13.999999999999998,30.20155
1995-08-18 08:00:00,35.0,29.402752
1995-08-18 08:01:00,59.0,27.63096
1995-08-18 08:02:00,32.0,27.496803
1995-08-18 08:03:00,46.0,28.812107
1995-08-18 08:04:00,43.0,29.780931
1995-08-18 08:05:00,41.0,30.901878
1995-08-18 08:06:00,58.0,32.264015
1995-08-18 08:07:00,50.99999999999999,34.581844
1995-08-18 08:08:00,55.99999999999999,36.910656
1995-08-18 08:09:00,24.0,38.892834
1995-08-18 08:10:00,32.0,40.429085
1995-08-18 08:11:00,52.00000000000001,40.05949
1995-08-18 08:12:00,39.0,39.032955
1995-08-18 08:13:00,43.0,39.032364
1995-08-18 08:14:00,37.0,39.53893
1995-08-18 08:15:00,26.000000000000004,40.67322
1995-08-18 08:16:00,26.000000000000004,41.14465
1995-08-18 08:17:00,30.0,41.44634
1995-08-18 08:18:00,45.0,40.472095
1995-08-18 08:19:00,36.0,39.97138
1995-08-18 08:20:00,53.0,39.59315
1995-08-18 08:21:00,33.0,40.59265
1995-08-18 08:22:00,20.0,42.2936
1995-08-18 08:23:00,32.0,42.05917
1995-08-18 08:24:00,41.0,40.90885
1995-08-18 08:25:00,49.0,39.410343
1995-08-18 08:26:00,60.0,38.853027
1995-08-18 08:27:00,37.0,38.745506
1995-08-18 08:28:00,49.0,39.637787
1995-08-18 08:29:00,45.0,39.509247
1995-08-18 08:30:00,62.00000000000001,39.242443
1995-08-18 08:31:00,41.0,39.300068
1995-08-18 08:32:00,42.0,40.841698
1995-08-18 08:33:00,41.0,41.799435
1995-08-18 08:34:00,21.0,41.919144
1995-08-18 08:35:00,42.0,41.458344
1995-08-18 08:36:00,38.0,40.103657
1995-08-18 08:37:00,43.0,40.112774
1995-08-18 08:38:00,45.0,39.991745
1995-08-18 08:39:00,33.0,40.320972
1995-08-18 08:40:00,48.0,41.136482
1995-08-18 08:41:00,37.0,41.563213
1995-08-18 08:42:00,31.000000000000004,41.811142
1995-08-18 08:43:00,52.00000000000001,42.10064
1995-08-18 08:44:00,60.0,42.277676
1995-08-18 08:45:00,38.0,43.137844
1995-08-18 08:46:00,75.0,44.410667
1995-08-18 08:47:00,45.0,44.14604
1995-08-18 08:48:00,40.0,46.32596
1995-08-18 08:49:00,72.0,47.6771
1995-08-18 08:50:00,76.0,48.196312
1995-08-18 08:51:00,65.0,49.910446
1995-08-18 08:52:00,19.0,51.983032
1995-08-18 08:53:00,53.0,53.648254
1995-08-18 08:54:00,86.0,52.509895
1995-08-18 08:55:00,66.0,52.790047
1995-08-18 08:56:00,39.0,54.121727
1995-08-18 08:57:00,62.00000000000001,54.834778
1995-08-18 08:58:00,55.99999999999999,54.575764
1995-08-18 08:59:00,58.0,55.10218
1995-08-18 09:00:00,59.0,55.92374
1995-08-18 09:01:00,41.0,56.645786
1995-08-18 09:02:00,60.0,57.122272
1995-08-18 09:03:00,33.0,56.746017
1995-08-18 09:04:00,26.000000000000004,56.56076
1995-08-18 09:05:00,64.0,54.91922
1995-08-18 09:06:00,36.0,52.594128
1995-08-18 09:07:00,39.0,51.025837
1995-08-18 09:08:00,30.0,48.84198
1995-08-18 09:09:00,41.0,47.762535
1995-08-18 09:10:00,52.00000000000001,46.38407
1995-08-18 09:11:00,38.0,46.110626
1995-08-18 09:12:00,37.0,47.044373
1995-08-18 09:13:00,23.0,46.93042
1995-08-18 09:14:00,36.0,46.464577
1995-08-18 09:15:00,44.0,44.38565
1995-08-18 09:16:00,45.0,42.846523
1995-08-18 09:17:00,53.0,41.728348
1995-08-18 09:18:00,60.99999999999999,42.246067
1995-08-18 09:19:00,46.0,43.46489
1995-08-18 09:20:00,27.999999999999996,45.570316
1995-08-18 09:21:00,50.0,46.88857
1995-08-18 09:22:00,48.0,46.464005
1995-08-18 09:23:00,44.0,47.654453
1995-08-18 09:24:00,38.0,48.494316
1995-08-18 09:25:00,39.0,48.819065
1995-08-18 09:26:00,32.0,49.423576
1995-08-18 09:27:00,46.0,49.34227
1995-08-18 09:28:00,36.0,47.834766
1995-08-18 09:29:00,60.99999999999999,47.48963
1995-08-18 09:30:00,50.99999999999999,47.5364
1995-08-18 09:31:00,29.0,48.30247
1995-08-18 09:32:00,45.0,48.507305
1995-08-18 09:33:00,46.0,47.603745
1995-08-18 09:34:00,72.0,46.603725
1995-08-18 09:35:00,70.0,46.776344
1995-08-18 09:36:00,66.0,48.802937
1995-08-18 09:37:00,70.0,50.453663
1995-08-18 09:38:00,62.00000000000001,52.507065
1995-08-18 09:39:00,47.0,53.991898
1995-08-18 09:40:00,55.0,54.497524
1995-08-18 09:41:00,58.0,55.734367
1995-08-18 09:42:00,49.0,55.74377
1995-08-18 09:43:00,50.99999999999999,55.33581
1995-08-18 09:44:00,50.99999999999999,55.107353
1995-08-18 09:45:00,17.0,54.927727
1995-08-18 09:46:00,74.0,55.174446
1995-08-18 09:47:00,57.00000000000001,52.85843
1995-08-18 09:48:00,57.00000000000001,52.89308
1995-08-18 09:49:00,65.0,53.070858
1995-08-18 09:50:00,71.0,53.082767
1995-08-18 09:51:00,63.0,53.69426
1995-08-18 09:52:00,54.0,54.461346
1995-08-18 09:53:00,72.0,55.954082
1995-08-18 09:54:00,65.0,56.171413
1995-08-18 09:55:00,52.00000000000001,57.140064
1995-08-18 09:56:00,52.00000000000001,57.34517
1995-08-18 09:57:00,54.0,57.990505
1995-08-18 09:58:00,54.0,58.71882
1995-08-18 09:59:00,84.0,59.453957
1995-08-18 10:00:00,48.0,60.452183
1995-08-18 10:01:00,46.0,61.940437
1995-08-18 10:02:00,52.00000000000001,61.81319
1995-08-18 10:03:00,85.0,61.305607
1995-08-18 10:04:00,27.999999999999996,60.75607
1995-08-18 10:05:00,34.0,61.425545
1995-08-18 10:06:00,48.0,60.808437
1995-08-18 10:07:00,66.0,59.71389
1995-08-18 10:08:00,74.0,58.21446
1995-08-18 10:09:00,70.0,57.625324
1995-08-18 10:10:00,50.99999999999999,58.274452
1995-08-18 10:11:00,82.0,58.955868
1995-08-18 10:12:00,42.0,60.130863
1995-08-18 10:13:00,53.0,62.200603
1995-08-18 10:14:00,82.0,62.676456
1995-08-18 10:15:00,62.00000000000001,61.835693
1995-08-18 10:16:00,67.0,62.91693
1995-08-18 10:17:00,52.00000000000001,62.94407
1995-08-18 10:18:00,50.0,63.300938
1995-08-18 10:19:00,41.0,63.112698
1995-08-18 10:20:00,31.000000000000004,62.57289
1995-08-18 10:21:00,50.0,61.80897
1995-08-18 10:22:00,48.0,59.86626
1995-08-18 10:23:00,62.00000000000001,58.346203
1995-08-18 10:24:00,38.0,57.598835
1995-08-18 10:25:00,72.0,56.70467
1995-08-18 10:26:00,59.0,55.4976
1995-08-18 10:27:00,83.0,55.074257
1995-08-18 10:28:00,58.0,54.834778
1995-08-18 10:29:00,29.0,55.70396
1995-08-18 10:30:00,37.0,56.563328
1995-08-18 10:31:00,65.0,55.88211
1995-08-18 10:32:00,50.99999999999999,55.759373
1995-08-18 10:33:00,59.0,56.760315
1995-08-18 10:34:00,55.99999999999999,56.907215
1995-08-18 10:35:00,94.0,57.29398
1995-08-18 10:36:00,40.0,57.347492
1995-08-18 10:37:00,40.0,59.675385
1995-08-18 10:38:00,72.0,59.414143
1995-08-18 10:39:00,60.0,58.51145
1995-08-18 10:40:00,63.0,58.28982
1995-08-18 10:41:00,58.0,58.17035
1995-08-18 10:42:00,55.99999999999999,59.33474
1995-08-18 10:43:00,57.00000000000001,59.79371
1995-08-18 10:44:00,79.0,60.28562
1995-08-18 10:45:00,80.0,61.105923
1995-08-18 10:46:00,79.0,62.041595
1995-08-18 10:47:00,75.0,64.049225
1995-08-18 10:48:00,79.0,65.79356
1995-08-18 10:49:00,116.0,66.87603
1995-08-18 10:50:00,55.0,68.62204
1995-08-18 10:51:00,50.99999999999999,72.001495
1995-08-18 10:52:00,55.0,74.14656
1995-08-18 10:53:00,48.0,74.459175
1995-08-18 10:54:00,62.00000000000001,72.671234
1995-08-18 10:55:00,50.0,71.44075
1995-08-18 10:56:00,35.0,69.95061
1995-08-18 10:57:00,33.0,68.41643
1995-08-18 10:58:00,35.0,66.083176
1995-08-18 10:59:00,71.0,62.517525
1995-08-18 11:00:00,41.0,59.916042
1995-08-18 11:01:00,54.0,58.6031
1995-08-18 11:02:00,50.99999999999999,56.875347
1995-08-18 11:03:00,46.0,55.54386
1995-08-18 11:04:00,52.00000000000001,54.571712
1995-08-18 11:05:00,70.0,53.989857
1995-08-18 11:06:00,34.0,52.751705
1995-08-18 11:07:00,33.0,53.284477
1995-08-18 11:08:00,64.0,52.599472
1995-08-18 11:09:00,47.0,52.332317
1995-08-18 11:10:00,44.0,52.954693
1995-08-18 11:11:00,57.00000000000001,52.703373
1995-08-18 11:12:00,40.0,52.115036
1995-08-18 11:13:00,77.0,53.059002
1995-08-18 11:14:00,78.0,53.09116
1995-08-18 11:15:00,44.0,54.962193
1995-08-18 11:16:00,70.0,57.27013
1995-08-18 11:17:00,62.00000000000001,58.366764
1995-08-18 11:18:00,82.0,60.563976
1995-08-18 11:19:00,80.0,61.141346
1995-08-18 11:20:00,60.0,62.714043
1995-08-18 11:21:00,87.0,64.64885
1995-08-18 11:22:00,94.0,66.96502
1995-08-18 11:23:00,62.00000000000001,70.27806
1995-08-18 11:24:00,92.0,72.80652
1995-08-18 11:25:00,101.0,73.82525
1995-08-18 11:26:00,113.0,75.718506
1995-08-18 11:27:00,71.0,78.581245
1995-08-18 11:28:00,60.99999999999999,80.653694
1995-08-18 11:29:00,60.99999999999999,80.63247
1995-08-18 11:30:00,92.0,79.45852
1995-08-18 11:31:00,113.0,79.1554
1995-08-18 11:32:00,68.0,79.858696
1995-08-18 11:33:00,68.0,81.09733
1995-08-18 11:34:00,70.0,81.608925
1995-08-18 11:35:00,85.0,80.51909
1995-08-18 11:36:00,79.0,79.28848
1995-08-18 11:37:00,73.0,78.49905
1995-08-18 11:38:00,48.0,78.590355
1995-08-18 11:39:00,46.0,77.49731
1995-08-18 11:40:00,35.0,75.67243
1995-08-18 11:41:00,64.0,73.30712
1995-08-18 11:42:00,74.0,69.896904
1995-08-18 11:43:00,73.0,68.3959
1995-08-18 11:44:00,63.0,67.71608
1995-08-18 11:45:00,69.0,67.95107
1995-08-18 11:46:00,64.0,67.05129
1995-08-18 11:47:00,55.0,67.047806
1995-08-18 11:48:00,77.0,67.68801
1995-08-18 11:49:00,55.0,67.51793
1995-08-18 11:50:00,70.0,67.12356
1995-08-18 11:51:00,40.0,66.07792
1995-08-18 11:52:00,45.0,65.95845
1995-08-18 11:53:00,42.0,63.98925
1995-08-18 11:54:00,35.0,62.837536
1995-08-18 11:55:00,46.0,61.169735
1995-08-18 11:56:00,31.000000000000004,58.350506
1995-08-18 11:57:00,27.0,55.848766
1995-08-18 11:58:00,52.00000000000001,53.7038
1995-08-18 11:59:00,69.0,52.070858
1995-08-18 12:00:00,58.0,52.140827
1995-08-18 12:01:00,82.0,52.869377
1995-08-18 12:02:00,65.0,54.01873
1995-08-18 12:03:00,84.0,56.31313
1995-08-18 12:04:00,82.0,57.998447
1995-08-18 12:05:00,73.0,60.005367
1995-08-18 12:06:00,45.0,61.734554
1995-08-18 12:07:00,54.0,63.630302
1995-08-18 12:08:00,48.0,62.980286
1995-08-18 12:09:00,52.00000000000001,62.36559
1995-08-18 12:10:00,63.0,61.635536
1995-08-18 12:11:00,46.0,60.286156
1995-08-18 12:12:00,40.0,60.051468
1995-08-18 12:13:00,47.0,59.082497
1995-08-18 12:14:00,40.0,57.266594
1995-08-18 12:15:00,63.0,55.481045
1995-08-18 12:16:00,46.0,54.135494
1995-08-18 12:17:00,50.0,54.509094
1995-08-18 12:18:00,60.99999999999999,54.372837
1995-08-18 12:19:00,60.99999999999999,55.010345
1995-08-18 12:20:00,78.0,55.345963
1995-08-18 12:21:00,39.0,55.562344
1995-08-18 12:22:00,68.0,57.618023
1995-08-18 12:23:00,54.0,57.736416
1995-08-18 12:24:00,39.0,58.7044
1995-08-18 12:25:00,45.0,58.60982
1995-08-18 12:26:00,39.0,57.381317
1995-08-18 12:27:00,45.0,56.00382
1995-08-18 12:28:00,62.00000000000001,55.26753
1995-08-18 12:29:00,54.0,55.317394
1995-08-18 12:30:00,52.00000000000001,56.906178
1995-08-18 12:31:00,87.0,57.211704
1995-08-18 12:32:00,105.0,57.67705
1995-08-18 12:33:00,45.0,60.334427
1995-08-18 12:34:00,60.99999999999999,64.30711
1995-08-18 12:35:00,84.0,64.71494
1995-08-18 12:36:00,84.0,63.986797
1995-08-18 12:37:00,54.0,64.71587
1995-08-18 12:38:00,36.0,66.26558
1995-08-18 12:39:00,113.0,65.984955
1995-08-18 12:40:00,64.0,63.939884
1995-08-18 12:41:00,71.0,65.969734
1995-08-18 12:42:00,46.0,66.72519
1995-08-18 12:43:00,39.0,67.52524
1995-08-18 12:44:00,36.0,66.686424
1995-08-18 12:45:00,39.0,63.92655
1995-08-18 12:46:00,66.0,61.333824
1995-08-18 12:47:00,93.0,58.941975
1995-08-18 12:48:00,78.0,57.965782
1995-08-18 12:49:00,95.0,60.11422
1995-08-18 12:50:00,46.0,61.5694
1995-08-18 12:51:00,63.0,64.46512
1995-08-18 12:52:00,63.0,65.338104
1995-08-18 12:53:00,63.0,66.33936
1995-08-18 12:54:00,79.0,66.71239
1995-08-18 12:55:00,81.0,66.83756
1995-08-18 12:56:00,67.0,67.86485
1995-08-18 12:57:00,45.0,68.93302
1995-08-18 12:58:00,41.0,69.51932
1995-08-18 12:59:00,37.0,68.35048
1995-08-18 13:00:00,46.0,66.43383
1995-08-18 13:01:00,47.0,63.715202
1995-08-18 13:02:00,69.0,60.907913
1995-08-18 13:03:00,66.0,58.586464
1995-08-18 13:04:00,50.0,58.61801
1995-08-18 13:05:00,60.0,59.34558
1995-08-18 13:06:00,93.0,59.921124
1995-08-18 13:07:00,76.0,60.6245
1995-08-18 13:08:00,80.0,62.186222
1995-08-18 13:09:00,87.0,63.790806
1995-08-18 13:10:00,53.0,66.36655
1995-08-18 13:11:00,96.0,68.022865
1995-08-18 13:12:00,118.0,68.09349
1995-08-18 13:13:00,55.99999999999999,69.12468
1995-08-18 13:14:00,36.0,73.46931
1995-08-18 13:15:00,68.0,74.71344
1995-08-18 13:16:00,59.0,73.74954
1995-08-18 13:17:00,55.0,73.31462
1995-08-18 13:18:00,70.0,72.54211
1995-08-18 13:19:00,70.0,70.70791
1995-08-18 13:20:00,87.0,70.39345
1995-08-18 13:21:00,58.0,71.46029
1995-08-18 13:22:00,84.0,73.05591
1995-08-18 13:23:00,89.0,73.9919
1995-08-18 13:24:00,53.0,75.12995
1995-08-18 13:25:00,71.0,75.46611
1995-08-18 13:26:00,74.0,74.2463
1995-08-18 13:27:00,91.0,72.9179
1995-08-18 13:28:00,69.0,72.585945
1995-08-18 13:29:00,101.99999999999999,72.79104
1995-08-18 13:30:00,94.0,73.5495
1995-08-18 13:31:00,86.0,74.599556
1995-08-18 13:32:00,84.0,75.751686
1995-08-18 13:33:00,80.0,76.08292
1995-08-18 13:34:00,69.0,77.01813
1995-08-18 13:35:00,60.0,77.20699
1995-08-18 13:36:00,49.0,77.3749
1995-08-18 13:37:00,50.99999999999999,76.44596
1995-08-18 13:38:00,62.00000000000001,74.26874
1995-08-18 13:39:00,101.0,71.037384
1995-08-18 13:40:00,65.0,68.94583
1995-08-18 13:41:00,98.0,70.9917
1995-08-18 13:42:00,52.00000000000001,71.5898
1995-08-18 13:43:00,66.0,72.87516
1995-08-18 13:44:00,67.0,72.23922
1995-08-18 13:45:00,74.0,71.372025
1995-08-18 13:46:00,114.00000000000001,70.34106
1995-08-18 13:47:00,67.0,70.94575
1995-08-18 13:48:00,89.0,73.00407
1995-08-18 13:49:00,70.0,73.92855
1995-08-18 13:50:00,55.0,74.81764
1995-08-18 13:51:00,76.0,75.34069
1995-08-18 13:52:00,60.99999999999999,74.283
1995-08-18 13:53:00,66.0,73.5741
1995-08-18 13:54:00,82.0,72.51728
1995-08-18 13:55:00,63.0,72.418
1995-08-18 13:56:00,62.00000000000001,73.698326
1995-08-18 13:57:00,82.0,74.669106
1995-08-18 13:58:00,105.0,74.8157
1995-08-18 13:59:00,84.0,75.64969
1995-08-18 14:00:00,70.0,77.76214
1995-08-18 14:01:00,60.0,78.86281
1995-08-18 14:02:00,103.0,78.40349
1995-08-18 14:03:00,84.0,77.64447
1995-08-18 14:04:00,92.0,78.16273
1995-08-18 14:05:00,136.0,78.08837
1995-08-18 14:06:00,96.0,78.07773
1995-08-18 14:07:00,100.0,79.67921
1995-08-18 14:08:00,121.99999999999999,80.89238
1995-08-18 14:09:00,66.0,82.35606
1995-08-18 14:10:00,53.0,84.77435
1995-08-18 14:11:00,65.0,84.28739
1995-08-18 14:12:00,57.00000000000001,82.805214
1995-08-18 14:13:00,64.0,80.56531
1995-08-18 14:14:00,64.0,78.24595
1995-08-18 14:15:00,88.0,77.46742
1995-08-18 14:16:00,95.0,76.95106
1995-08-18 14:17:00,103.0,77.13338
1995-08-18 14:18:00,50.99999999999999,77.42022
1995-08-18 14:19:00,52.00000000000001,79.74053
1995-08-18 14:20:00,50.99999999999999,79.07838
1995-08-18 14:21:00,55.99999999999999,77.35056
1995-08-18 14:22:00,52.00000000000001,75.40674
1995-08-18 14:23:00,87.0,73.23907
1995-08-18 14:24:00,78.0,70.24637
1995-08-18 14:25:00,41.0,69.29663
1995-08-18 14:26:00,45.0,69.356544
1995-08-18 14:27:00,55.99999999999999,67.49217
1995-08-18 14:28:00,63.0,65.07872
1995-08-18 14:29:00,76.0,63.706463
1995-08-18 14:30:00,97.0,62.886852
1995-08-18 14:31:00,58.0,63.625847
1995-08-18 14:32:00,54.0,65.96744
1995-08-18 14:33:00,37.0,66.70791
1995-08-18 14:34:00,27.0,66.3154
1995-08-18 14:35:00,62.00000000000001,63.915813
1995-08-18 14:36:00,40.0,60.725674
1995-08-18 14:37:00,41.0,59.27202
1995-08-18 14:38:00,36.0,57.573772
1995-08-18 14:39:00,69.0,56.24934
1995-08-18 14:40:00,74.0,54.726654
1995-08-18 14:41:00,73.0,55.28639
1995-08-18 14:42:00,89.0,56.378727
1995-08-18 14:43:00,73.0,57.83991
1995-08-18 14:44:00,52.00000000000001,60.140198
1995-08-18 14:45:00,37.0,62.010986
1995-08-18 14:46:00,52.00000000000001,63.579716
1995-08-18 14:47:00,69.0,63.034454
1995-08-18 14:48:00,75.0,62.40624
1995-08-18 14:49:00,71.0,62.62427
1995-08-18 14:50:00,75.0,64.651245
1995-08-18 14:51:00,66.0,65.86843
1995-08-18 14:52:00,92.0,66.67583
1995-08-18 14:53:00,60.99999999999999,66.69357
1995-08-18 14:54:00,58.0,68.321335
1995-08-18 14:55:00,25.0,68.911705
1995-08-18 14:56:00,43.0,68.548256
1995-08-18 14:57:00,57.00000000000001,66.52291
1995-08-18 14:58:00,73.0,64.86917
1995-08-18 14:59:00,43.0,63.543205
1995-08-18 15:00:00,66.0,63.478592
1995-08-18 15:01:00,40.0,61.96665
1995-08-18 15:02:00,30.0,61.056477
1995-08-18 15:03:00,72.0,59.174755
1995-08-18 15:04:00,74.0,56.669765
1995-08-18 15:05:00,89.0,57.702736
1995-08-18 15:06:00,106.0,59.652115
1995-08-18 15:07:00,75.0,63.29194
1995-08-18 15:08:00,74.0,67.52048
1995-08-18 15:09:00,70.0,70.47401
1995-08-18 15:10:00,48.0,71.99604
1995-08-18 15:11:00,65.0,72.0706
1995-08-18 15:12:00,72.0,70.74766
1995-08-18 15:13:00,55.99999999999999,69.34292
1995-08-18 15:14:00,41.0,67.44893
1995-08-18 15:15:00,78.0,66.34575
1995-08-18 15:16:00,82.0,64.34451
1995-08-18 15:17:00,84.0,65.03182
1995-08-18 15:18:00,75.0,66.76027
1995-08-18 15:19:00,90.0,68.98897
1995-08-18 15:20:00,53.0,70.453705
1995-08-18 15:21:00,62.00000000000001,72.694084
1995-08-18 15:22:00,60.0,71.82036
1995-08-18 15:23:00,63.0,71.41935
1995-08-18 15:24:00,45.0,70.78315
1995-08-18 15:25:00,92.0,69.36529
1995-08-18 15:26:00,55.0,66.95169
1995-08-18 15:27:00,58.0,67.32626
1995-08-18 15:28:00,74.0,66.62302
1995-08-18 15:29:00,121.99999999999999,66.05183
1995-08-18 15:30:00,82.0,65.22468
1995-08-18 15:31:00,101.0,67.01136
1995-08-18 15:32:00,101.0,69.087204
1995-08-18 15:33:00,60.99999999999999,71.10274
1995-08-18 15:34:00,59.0,73.55017
1995-08-18 15:35:00,62.00000000000001,74.5561
1995-08-18 15:36:00,57.00000000000001,73.90324
1995-08-18 15:37:00,48.0,74.01056
1995-08-18 15:38:00,49.0,72.65777
1995-08-18 15:39:00,68.0,70.065186
1995-08-18 15:40:00,105.0,66.8975
1995-08-18 15:41:00,60.99999999999999,65.405014
1995-08-18 15:42:00,55.0,66.57342
1995-08-18 15:43:00,75.0,66.51241
1995-08-18 15:44:00,45.0,66.89213
1995-08-18 15:45:00,53.0,67.63855
1995-08-18 15:46:00,87.0,67.072525
1995-08-18 15:47:00,78.0,64.90633
1995-08-18 15:48:00,73.0,65.22935
1995-08-18 15:49:00,95.0,65.83974
1995-08-18 15:50:00,88.0,66.70056
1995-08-18 15:51:00,75.0,68.234184
1995-08-18 15:52:00,62.00000000000001,69.46272
1995-08-18 15:53:00,49.0,69.99344
1995-08-18 15:54:00,103.0,69.0613
1995-08-18 15:55:00,74.0,67.39852
1995-08-18 15:56:00,94.0,67.61435
1995-08-18 15:57:00,100.0,68.08128
1995-08-18 15:58:00,84.0,70.367294
1995-08-18 15:59:00,83.0,72.58956
1995-08-18 16:00:00,38.0,73.979904
1995-08-18 16:01:00,57.00000000000001,74.209915
1995-08-18 16:02:00,60.99999999999999,71.97473
1995-08-18 16:03:00,75.0,69.92158
1995-08-18 16:04:00,63.0,68.29087
1995-08-18 16:05:00,108.0,67.746475
1995-08-18 16:06:00,97.0,66.652
1995-08-18 16:07:00,88.0,68.53716
1995-08-18 16:08:00,84.0,72.39989
1995-08-18 16:09:00,97.0,75.06662
1995-08-18 16:10:00,97.0,77.03157
1995-08-18 16:11:00,66.0,79.27788
1995-08-18 16:12:00,115.0,80.46881
1995-08-18 16:13:00,96.0,80.0394
1995-08-18 16:14:00,67.0,80.74711
1995-08-18 16:15:00,82.0,81.91657
1995-08-18 16:16:00,27.999999999999996,81.15616
1995-08-18 16:17:00,52.00000000000001,79.60937
1995-08-18 16:18:00,74.0,75.43977
1995-08-18 16:19:00,71.0,71.89574
1995-08-18 16:20:00,73.0,68.92947
1995-08-18 16:21:00,80.0,67.51239
1995-08-18 16:22:00,65.0,67.58433
1995-08-18 16:23:00,80.0,68.24973
1995-08-18 16:24:00,43.0,67.70796
1995-08-18 16:25:00,67.0,68.0228
1995-08-18 16:26:00,50.0,66.46291
1995-08-18 16:27:00,75.0,64.63644
1995-08-18 16:28:00,91.0,63.174595
1995-08-18 16:29:00,62.00000000000001,62.023296
1995-08-18 16:30:00,55.0,62.339474
1995-08-18 16:31:00,47.0,61.97397
1995-08-18 16:32:00,59.0,61.395515
1995-08-18 16:33:00,62.00000000000001,59.60692
1995-08-18 16:34:00,87.0,57.99713
1995-08-18 16:35:00,50.99999999999999,56.48624
1995-08-18 16:36:00,30.0,57.03343
1995-08-18 16:37:00,50.0,56.859077
1995-08-18 16:38:00,67.0,55.56503
1995-08-18 16:39:00,63.0,54.513615
1995-08-18 16:40:00,43.0,54.388916
1995-08-18 16:41:00,60.99999999999999,54.58211
1995-08-18 16:42:00,49.0,54.687054
1995-08-18 16:43:00,54.0,55.3235
1995-08-18 16:44:00,32.0,55.38562
1995-08-18 16:45:00,36.0,55.175182
1995-08-18 16:46:00,52.00000000000001,53.93991
1995-08-18 16:47:00,50.99999999999999,52.312473
1995-08-18 16:48:00,47.0,51.792194
1995-08-18 16:49:00,101.0,50.52932
1995-08-18 16:50:00,82.0,50.817913
1995-08-18 16:51:00,91.0,53.639328
1995-08-18 16:52:00,77.0,56.770664
1995-08-18 16:53:00,72.0,59.4352
1995-08-18 16:54:00,1.0,61.02282
1995-08-18 16:55:00,1.0,61.436058
1995-08-18 16:56:00,0.0,56.48908
1995-08-18 16:57:00,0.0,49.696556
1995-08-18 16:58:00,0.0,41.170605
1995-08-18 16:59:00,1.0,32.949306
1995-08-18 17:00:00,0.0,25.78568
1995-08-18 17:01:00,0.0,20.70988
1995-08-18 17:02:00,0.0,15.732663
1995-08-18 17:03:00,0.0,11.688014
1995-08-18 17:04:00,2.0,8.55295
1995-08-18 17:05:00,74.0,6.261176
1995-08-18 17:06:00,76.0,6.0001607
1995-08-18 17:07:00,78.0,10.68607
1995-08-18 17:08:00,30.0,17.72692
1995-08-18 17:09:00,53.0,26.349049
1995-08-18 17:10:00,43.0,31.125538
1995-08-18 17:11:00,46.0,35.118538
1995-08-18 17:12:00,48.0,37.881153
1995-08-18 17:13:00,52.00000000000001,40.22891
1995-08-18 17:14:00,50.0,41.68446
1995-08-18 17:15:00,52.00000000000001,43.166443
1995-08-18 17:16:00,63.0,44.71504
1995-08-18 17:17:00,40.0,46.43872
1995-08-18 17:18:00,103.0,48.180138
1995-08-18 17:19:00,64.0,48.683224
1995-08-18 17:20:00,66.0,51.27703
1995-08-18 17:21:00,35.0,53.682438
1995-08-18 17:22:00,49.0,55.1843
1995-08-18 17:23:00,29.0,54.741104
1995-08-18 17:24:00,26.000000000000004,53.946957
1995-08-18 17:25:00,87.0,52.23286
1995-08-18 17:26:00,69.0,50.331085
1995-08-18 17:27:00,22.0,51.18527
1995-08-18 17:28:00,52.00000000000001,52.794384
1995-08-18 17:29:00,53.0,51.892475
1995-08-18 17:30:00,54.0,51.175365
1995-08-18 17:31:00,89.0,49.68909
1995-08-18 17:32:00,49.0,48.663395
1995-08-18 17:33:00,75.0,49.339924
1995-08-18 17:34:00,83.0,49.702404
1995-08-18 17:35:00,68.0,51.355297
1995-08-18 17:36:00,62.00000000000001,53.206333
1995-08-18 17:37:00,46.0,55.171227
1995-08-18 17:38:00,53.0,56.297806
1995-08-18 17:39:00,80.0,56.893185
1995-08-18 17:40:00,48.0,56.194878
1995-08-18 17:41:00,50.0,57.1657
1995-08-18 17:42:00,27.999999999999996,57.437294
1995-08-18 17:43:00,36.0,57.155346
1995-08-18 17:44:00,52.00000000000001,55.3507
1995-08-18 17:45:00,50.99999999999999,52.716938
1995-08-18 17:46:00,67.0,51.278465
1995-08-18 17:47:00,57.00000000000001,50.665623
1995-08-18 17:48:00,54.0,52.108715
1995-08-18 17:49:00,53.0,53.096893
1995-08-18 17:50:00,55.99999999999999,53.16924
1995-08-18 17:51:00,32.0,52.633167
1995-08-18 17:52:00,31.000000000000004,52.601147
1995-08-18 17:53:00,42.0,50.92011
1995-08-18 17:54:00,43.0,48.966526
1995-08-18 17:55:00,24.0,47.637516
1995-08-18 17:56:00,39.0,47.238075
1995-08-18 17:57:00,44.0,46.11561
1995-08-18 17:58:00,31.000000000000004,45.016666
1995-08-18 17:59:00,27.0,44.65412
1995-08-18 18:00:00,41.0,43.54138
1995-08-18 18:01:00,46.0,41.8349
1995-08-18 18:02:00,37.0,41.06651
1995-08-18 18:03:00,32.0,40.472023
1995-08-18 18:04:00,31.000000000000004,40.00002
1995-08-18 18:05:00,26.000000000000004,38.81952
1995-08-18 18:06:00,27.0,38.557117
1995-08-18 18:07:00,60.0,38.525257
1995-08-18 18:08:00,32.0,38.265297
1995-08-18 18:09:00,20.0,39.565983
1995-08-18 18:10:00,38.0,40.114437
1995-08-18 18:11:00,37.0,39.540176
1995-08-18 18:12:00,27.999999999999996,40.406208
1995-08-18 18:13:00,35.0,40.933277
1995-08-18 18:14:00,27.0,40.123165
1995-08-18 18:15:00,31.000000000000004,40.150574
1995-08-18 18:16:00,54.0,39.98598
1995-08-18 18:17:00,44.0,40.29347
1995-08-18 18:18:00,43.0,41.260128
1995-08-18 18:19:00,26.000000000000004,43.05436
1995-08-18 18:20:00,60.0,43.268417
1995-08-18 18:21:00,35.0,42.319084
1995-08-18 18:22:00,33.0,43.40106
1995-08-18 18:23:00,37.0,43.008465
1995-08-18 18:24:00,36.0,43.049942
1995-08-18 18:25:00,43.0,42.577076
1995-08-18 18:26:00,50.99999999999999,42.29549
1995-08-18 18:27:00,36.0,41.810764
1995-08-18 18:28:00,50.0,42.005337
1995-08-18 18:29:00,35.0,41.992126
1995-08-18 18:30:00,26.000000000000004,43.221306
1995-08-18 18:31:00,15.0,42.86401
1995-08-18 18:32:00,21.0,41.514957
1995-08-18 18:33:00,13.000000000000002,40.017143
1995-08-18 18:34:00,22.0,38.633823
1995-08-18 18:35:00,19.0,37.750813
1995-08-18 18:36:00,31.000000000000004,36.906677
1995-08-18 18:37:00,22.0,36.02187
1995-08-18 18:38:00,21.0,35.10435
1995-08-18 18:39:00,60.0,33.84457
1995-08-18 18:40:00,43.0,31.972107
1995-08-18 18:41:00,40.0,32.269093
1995-08-18 18:42:00,50.0,33.17716
1995-08-18 18:43:00,30.0,34.87073
1995-08-18 18:44:00,26.000000000000004,36.774914
1995-08-18 18:45:00,23.0,37.773304
1995-08-18 18:46:00,40.0,37.45113
1995-08-18 18:47:00,15.0,37.410522
1995-08-18 18:48:00,27.0,37.6391
1995-08-18 18:49:00,24.0,36.536324
1995-08-18 18:50:00,27.999999999999996,35.462643
1995-08-18 18:51:00,36.0,34.342033
1995-08-18 18:52:00,33.0,33.655712
1995-08-18 18:53:00,34.0,33.638332
1995-08-18 18:54:00,42.0,33.391163
1995-08-18 18:55:00,52.00000000000001,33.683937
1995-08-18 18:56:00,31.000000000000004,34.594574
1995-08-18 18:57:00,41.0,36.107666
1995-08-18 18:58:00,33.0,36.73699
1995-08-18 18:59:00,57.00000000000001,36.70405
1995-08-18 19:00:00,35.0,36.16162
1995-08-18 19:01:00,31.000000000000004,36.542595
1995-08-18 19:02:00,18.0,36.130707
1995-08-18 19:03:00,26.000000000000004,35.13267
1995-08-18 19:04:00,25.0,34.110394
1995-08-18 19:05:00,22.0,32.974243
1995-08-18 19:06:00,39.0,31.836683
1995-08-18 19:07:00,42.0,30.956518
1995-08-18 19:08:00,32.0,31.210373
1995-08-18 19:09:00,18.0,32.65363
1995-08-18 19:10:00,41.0,33.724632
1995-08-18 19:11:00,24.0,33.92485
1995-08-18 19:12:00,33.0,33.958084
1995-08-18 19:13:00,16.0,33.798233
1995-08-18 19:14:00,10.0,34.340733
1995-08-18 19:15:00,25.0,33.80541
1995-08-18 19:16:00,13.000000000000002,32.2534
1995-08-18 19:17:00,27.0,30.968292
1995-08-18 19:18:00,18.0,29.440577
1995-08-18 19:19:00,60.0,28.937078
1995-08-18 19:20:00,32.0,29.092443
1995-08-18 19:21:00,11.0,30.398903
1995-08-18 19:22:00,24.0,31.440369
1995-08-18 19:23:00,31.000000000000004,31.189203
1995-08-18 19:24:00,34.0,31.355629
1995-08-18 19:25:00,44.0,31.451633
1995-08-18 19:26:00,60.0,32.066936
1995-08-18 19:27:00,50.99999999999999,32.416214
1995-08-18 19:28:00,39.0,33.635025
1995-08-18 19:29:00,25.0,35.168076
1995-08-18 19:30:00,17.0,36.91212
1995-08-18 19:31:00,24.0,37.529808
1995-08-18 19:32:00,27.999999999999996,35.94178
1995-08-18 19:33:00,10.0,34.770664
1995-08-18 19:34:00,38.0,34.204414
1995-08-18 19:35:00,33.0,33.004807
1995-08-18 19:36:00,23.0,32.999924
1995-08-18 19:37:00,47.0,32.524918
1995-08-18 19:38:00,19.0,31.784714
1995-08-18 19:39:00,44.0,32.052856
1995-08-18 19:40:00,24.0,31.992527
1995-08-18 19:41:00,19.0,32.41199
1995-08-18 19:42:00,29.0,32.74365
1995-08-18 19:43:00,21.0,32.770924
1995-08-18 19:44:00,18.0,32.9916
1995-08-18 19:45:00,30.0,32.519806
1995-08-18 19:46:00,13.999999999999998,30.921642
1995-08-18 19:47:00,27.0,30.232359
1995-08-18 19:48:00,19.0,29.609457
1995-08-18 19:49:00,34.0,29.078
1995-08-18 19:50:00,25.0,28.537224
1995-08-18 19:51:00,35.0,28.478523
1995-08-18 19:52:00,50.99999999999999,28.342846
1995-08-18 19:53:00,20.0,28.821041
1995-08-18 19:54:00,36.0,30.03277
1995-08-18 19:55:00,6.999999999999999,30.839136
1995-08-18 19:56:00,37.0,31.188852
1995-08-18 19:57:00,36.0,29.987154
1995-08-18 19:58:00,37.0,30.445173
1995-08-18 19:59:00,31.000000000000004,31.4622
1995-08-18 20:00:00,35.0,32.875957
1995-08-18 20:01:00,44.0,33.444126
1995-08-18 20:02:00,45.0,34.296135
1995-08-18 20:03:00,22.0,35.471256
1995-08-18 20:04:00,13.999999999999998,36.438324
1995-08-18 20:05:00,26.000000000000004,36.42065
1995-08-18 20:06:00,32.0,35.497196
1995-08-18 20:07:00,22.0,35.15355
1995-08-18 20:08:00,21.0,35.441124
1995-08-18 20:09:00,36.0,34.70309
1995-08-18 20:10:00,45.0,33.98977
1995-08-18 20:11:00,19.0,33.58489
1995-08-18 20:12:00,35.0,33.872955
1995-08-18 20:13:00,24.0,32.92238
1995-08-18 20:14:00,34.0,32.471638
1995-08-18 20:15:00,24.0,31.809736
1995-08-18 20:16:00,16.0,31.847166
1995-08-18 20:17:00,17.0,31.727308
1995-08-18 20:18:00,32.0,31.274845
1995-08-18 20:19:00,22.0,30.160458
1995-08-18 20:20:00,27.999999999999996,29.615
1995-08-18 20:21:00,31.000000000000004,29.237867
1995-08-18 20:22:00,13.999999999999998,29.045944
1995-08-18 20:23:00,18.0,29.12551
1995-08-18 20:24:00,13.000000000000002,28.101332
1995-08-18 20:25:00,10.0,27.384111
1995-08-18 20:26:00,24.0,26.359793
1995-08-18 20:27:00,41.0,25.209679
1995-08-18 20:28:00,19.0,25.21152
1995-08-18 20:29:00,37.0,26.800259
1995-08-18 20:30:00,37.0,27.574911
1995-08-18 20:31:00,18.0,28.904026
1995-08-18 20:32:00,25.0,30.900618
1995-08-18 20:33:00,24.0,31.652025
1995-08-18 20:34:00,26.000000000000004,32.574444
1995-08-18 20:35:00,6.999999999999999,32.703094
1995-08-18 20:36:00,29.0,31.878693
1995-08-18 20:37:00,6.999999999999999,29.686508
1995-08-18 20:38:00,12.0,28.960236
1995-08-18 20:39:00,16.0,27.55743
1995-08-18 20:40:00,8.0,26.934727
1995-08-18 20:41:00,17.0,25.833345
1995-08-18 20:42:00,37.0,23.678427
1995-08-18 20:43:00,30.0,22.75238
1995-08-18 20:44:00,36.0,23.629896
1995-08-18 20:45:00,16.0,24.490633
1995-08-18 20:46:00,35.0,26.232183
1995-08-18 20:47:00,32.0,26.95595
1995-08-18 20:48:00,26.000000000000004,27.759659
1995-08-18 20:49:00,47.0,28.480135
1995-08-18 20:50:00,20.0,29.39444
1995-08-18 20:51:00,58.0,30.221617
1995-08-18 20:52:00,35.0,29.866434
1995-08-18 20:53:00,41.0,31.488363
1995-08-18 20:54:00,48.0,32.81156
1995-08-18 20:55:00,36.0,34.09738
1995-08-18 20:56:00,37.0,35.700436
1995-08-18 20:57:00,35.0,37.03825
1995-08-18 20:58:00,13.999999999999998,38.164154
1995-08-18 20:59:00,22.0,38.65305
1995-08-18 21:00:00,36.0,37.50357
1995-08-18 21:01:00,17.0,36.713158
1995-08-18 21:02:00,9.0,36.744232
1995-08-18 21:03:00,17.0,35.84894
1995-08-18 21:04:00,30.0,33.500206
1995-08-18 21:05:00,45.0,30.817015
1995-08-18 21:06:00,39.0,29.927158
1995-08-18 21:07:00,70.0,30.67966
1995-08-18 21:08:00,60.99999999999999,31.759022
1995-08-18 21:09:00,49.0,34.02625
1995-08-18 21:10:00,39.0,36.912918
1995-08-18 21:11:00,37.0,39.450222
1995-08-18 21:12:00,35.0,40.248493
1995-08-18 21:13:00,37.0,40.75672
1995-08-18 21:14:00,39.0,40.741455
1995-08-18 21:15:00,34.0,39.917908
1995-08-18 21:16:00,33.0,39.5218
1995-08-18 21:17:00,25.0,39.080284
1995-08-18 21:18:00,32.0,38.578762
1995-08-18 21:19:00,42.0,37.636665
1995-08-18 21:20:00,40.0,37.07143
1995-08-18 21:21:00,34.0,36.97116
1995-08-18 21:22:00,27.999999999999996,36.821884
1995-08-18 21:23:00,38.0,36.400227
1995-08-18 21:24:00,27.999999999999996,35.785423
1995-08-18 21:25:00,19.0,35.672363
1995-08-18 21:26:00,22.0,35.745586
1995-08-18 21:27:00,22.0,34.950584
1995-08-18 21:28:00,18.0,34.4126
1995-08-18 21:29:00,18.0,33.468292
1995-08-18 21:30:00,27.999999999999996,32.44642
1995-08-18 21:31:00,43.0,31.200706
1995-08-18 21:32:00,18.0,31.28172
1995-08-18 21:33:00,11.0,32.399147
1995-08-18 21:34:00,16.0,32.172962
1995-08-18 21:35:00,15.0,31.086308
1995-08-18 21:36:00,34.0,29.610243
1995-08-18 21:37:00,35.0,28.51566
1995-08-18 21:38:00,24.0,28.402378
1995-08-18 21:39:00,21.0,28.78226
1995-08-18 21:40:00,24.0,28.58485
1995-08-18 21:41:00,11.0,28.569855
1995-08-18 21:42:00,10.0,28.267723
1995-08-18 21:43:00,39.0,27.599916
1995-08-18 21:44:00,27.0,27.287338
1995-08-18 21:45:00,34.0,27.88733
1995-08-18 21:46:00,9.0,28.299816
1995-08-18 21:47:00,33.0,30.05317
1995-08-18 21:48:00,26.000000000000004,30.190138
1995-08-18 21:49:00,41.0,31.21413
1995-08-18 21:50:00,26.000000000000004,31.736967
1995-08-18 21:51:00,26.000000000000004,32.192966
1995-08-18 21:52:00,25.0,32.035046
1995-08-18 21:53:00,26.000000000000004,31.932652
1995-08-18 21:54:00,32.0,32.265957
1995-08-18 21:55:00,30.0,31.910534
1995-08-18 21:56:00,10.0,31.833502
1995-08-18 21:57:00,18.0,31.751951
1995-08-18 21:58:00,22.0,31.116901
1995-08-18 21:59:00,21.0,29.999523
1995-08-18 22:00:00,26.000000000000004,28.91064
1995-08-18 22:01:00,45.0,27.595406
1995-08-18 22:02:00,27.999999999999996,27.500484
1995-08-18 22:03:00,20.0,28.806772
1995-08-18 22:04:00,48.0,29.599743
1995-08-18 22:05:00,29.0,30.11738
1995-08-18 22:06:00,33.0,30.369087
1995-08-18 22:07:00,27.999999999999996,30.40484
1995-08-18 22:08:00,13.000000000000002,30.23756
1995-08-18 22:09:00,23.0,30.228575
1995-08-18 22:10:00,25.0,29.33922
1995-08-18 22:11:00,25.0,29.34267
1995-08-18 22:12:00,32.0,29.901558
1995-08-18 22:13:00,35.0,29.859856
1995-08-18 22:14:00,38.0,30.070274
1995-08-18 22:15:00,38.0,30.711197
1995-08-18 22:16:00,34.0,31.852356
1995-08-18 22:17:00,42.0,32.487602
1995-08-18 22:18:00,37.0,33.99576
1995-08-18 22:19:00,30.0,34.503326
1995-08-18 22:20:00,43.0,34.727596
1995-08-18 22:21:00,40.0,34.743618
1995-08-18 22:22:00,35.0,34.76425
1995-08-18 22:23:00,34.0,35.66534
1995-08-18 22:24:00,33.0,36.1386
1995-08-18 22:25:00,20.0,35.532875
1995-08-18 22:26:00,40.0,35.328434
1995-08-18 22:27:00,24.0,34.90165
1995-08-18 22:28:00,36.0,34.94297
1995-08-18 22:29:00,24.0,34.565998
1995-08-18 22:30:00,49.0,34.05477
1995-08-18 22:31:00,32.0,34.167923
1995-08-18 22:32:00,32.0,34.733486
1995-08-18 22:33:00,34.0,34.87918
1995-08-18 22:34:00,38.0,34.29964
1995-08-18 22:35:00,23.0,33.48032
1995-08-18 22:36:00,71.0,33.304024
1995-08-18 22:37:00,35.0,33.15061
1995-08-18 22:38:00,18.0,34.942314
1995-08-18 22:39:00,13.000000000000002,35.54408
1995-08-18 22:40:00,21.0,35.069344
1995-08-18 22:41:00,41.0,33.939686
1995-08-18 22:42:00,38.0,33.210163
1995-08-18 22:43:00,39.0,33.783615
1995-08-18 22:44:00,50.0,34.48078
1995-08-18 22:45:00,41.0,35.22209
1995-08-18 22:46:00,23.0,36.663784
1995-08-18 22:47:00,31.000000000000004,37.343273
1995-08-18 22:48:00,41.0,37.045193
1995-08-18 22:49:00,36.0,36.77589
1995-08-18 22:50:00,27.999999999999996,36.49784
1995-08-18 22:51:00,35.0,36.520226
1995-08-18 22:52:00,36.0,35.951736
1995-08-18 22:53:00,17.0,35.9248
1995-08-18 22:54:00,25.0,36.253937
1995-08-18 22:55:00,17.0,35.70455
1995-08-18 22:56:00,11.0,35.122635
1995-08-18 22:57:00,8.0,34.051807
1995-08-18 22:58:00,32.0,32.33164
1995-08-18 22:59:00,20.0,30.261932
1995-08-18 23:00:00,43.0,29.638361
1995-08-18 23:01:00,17.0,29.723587
1995-08-18 23:02:00,27.0,30.976797
1995-08-18 23:03:00,16.0,30.857014
1995-08-18 23:04:00,19.0,30.865126
1995-08-18 23:05:00,27.0,30.398043
1995-08-18 23:06:00,20.0,29.61792
1995-08-18 23:07:00,21.0,29.180292
1995-08-18 23:08:00,34.0,28.238333
1995-08-18 23:09:00,26.000000000000004,27.483847
1995-08-18 23:10:00,27.0,27.280758
1995-08-18 23:11:00,17.0,27.32956
1995-08-18 23:12:00,21.0,27.002092
1995-08-18 23:13:00,18.0,26.979609
1995-08-18 23:14:00,19.0,26.815006
1995-08-18 23:15:00,18.0,26.583063
1995-08-18 23:16:00,27.0,25.852907
1995-08-18 23:17:00,32.0,25.121176
1995-08-18 23:18:00,29.0,25.189768
1995-08-18 23:19:00,31.000000000000004,25.930176
1995-08-18 23:20:00,30.0,27.251368
1995-08-18 23:21:00,19.0,28.681938
1995-08-18 23:22:00,30.0,29.747467
1995-08-18 23:23:00,22.0,29.73352
1995-08-18 23:24:00,19.0,29.673744
1995-08-18 23:25:00,16.0,29.151287
1995-08-18 23:26:00,9.0,27.996813
1995-08-18 23:27:00,26.000000000000004,26.8568
1995-08-18 23:28:00,3.0,25.708677
1995-08-18 23:29:00,5.0,24.614094
1995-08-18 23:30:00,23.0,22.678684
1995-08-18 23:31:00,32.0,20.738888
1995-08-18 23:32:00,8.0,20.492125
1995-08-18 23:33:00,24.0,21.375702
1995-08-18 23:34:00,34.0,21.187212
1995-08-18 23:35:00,24.0,21.553679
1995-08-18 23:36:00,12.0,22.743095
1995-08-18 23:37:00,39.0,23.57384
1995-08-18 23:38:00,29.0,23.536545
1995-08-18 23:39:00,23.0,24.784939
1995-08-18 23:40:00,33.0,25.387922
1995-08-18 23:41:00,58.0,25.606861
1995-08-18 23:42:00,13.999999999999998,26.716633
1995-08-18 23:43:00,16.0,29.112724
1995-08-18 23:44:00,35.0,29.25957
1995-08-18 23:45:00,34.0,28.613712
1995-08-18 23:46:00,12.0,28.956964
1995-08-18 23:47:00,48.0,29.03178
1995-08-18 23:48:00,47.0,27.920908
1995-08-18 23:49:00,40.0,28.638014
1995-08-18 23:50:00,59.0,29.751614
1995-08-18 23:51:00,50.0,30.273203
1995-08-18 23:52:00,31.000000000000004,31.948816
1995-08-18 23:53:00,52.00000000000001,33.656776
1995-08-18 23:54:00,31.000000000000004,34.308765
1995-08-18 23:55:00,16.0,35.683575
1995-08-18 23:56:00,18.0,36.047108
1995-08-18 23:57:00,29.0,35.0122
1995-08-18 23:58:00,41.0,33.815598
1995-08-18 23:59:00,42.0,33.25932
1995-08-19 00:00:00,26.000000000000004,32.616932
1995-08-19 00:01:00,27.999999999999996,33.8759
1995-08-19 00:02:00,29.0,34.484726
1995-08-19 00:03:00,37.0,34.177113
1995-08-19 00:04:00,50.0,34.16672
1995-08-19 00:05:00,42.0,34.36417
1995-08-19 00:06:00,52.00000000000001,35.61737
1995-08-19 00:07:00,49.0,36.490223
1995-08-19 00:08:00,53.0,37.014393
1995-08-19 00:09:00,31.000000000000004,37.872387
1995-08-19 00:10:00,43.0,38.898746
1995-08-19 00:11:00,41.0,38.885967
1995-08-19 00:12:00,40.0,38.437096
1995-08-19 00:13:00,17.0,38.185257
1995-08-19 00:14:00,24.0,37.709732
1995-08-19 00:15:00,12.0,36.079723
1995-08-19 00:16:00,15.0,34.19448
1995-08-19 00:17:00,17.0,31.870258
1995-08-19 00:18:00,18.0,29.460485
1995-08-19 00:19:00,38.0,27.146986
1995-08-19 00:20:00,27.999999999999996,25.705969
1995-08-19 00:21:00,27.0,25.38303
1995-08-19 00:22:00,55.0,24.824045
1995-08-19 00:23:00,31.000000000000004,24.568588
1995-08-19 00:24:00,18.0,25.843325
1995-08-19 00:25:00,15.0,27.267628
1995-08-19 00:26:00,10.0,26.876566
1995-08-19 00:27:00,16.0,25.816866
1995-08-19 00:28:00,13.999999999999998,24.533316
1995-08-19 00:29:00,22.0,22.489023
1995-08-19 00:30:00,19.0,20.967735
1995-08-19 00:31:00,50.0,19.930323
1995-08-19 00:32:00,15.0,19.200335
1995-08-19 00:33:00,31.000000000000004,19.836391
1995-08-19 00:34:00,26.000000000000004,19.99973
1995-08-19 00:35:00,33.0,21.030449
1995-08-19 00:36:00,17.0,21.92063
1995-08-19 00:37:00,15.0,22.934376
1995-08-19 00:38:00,32.0,22.856665
1995-08-19 00:39:00,19.0,22.04451
1995-08-19 00:40:00,18.0,21.769918
1995-08-19 00:41:00,36.0,21.272102
1995-08-19 00:42:00,20.0,20.796911
1995-08-19 00:43:00,21.0,20.898264
1995-08-19 00:44:00,29.0,20.871244
1995-08-19 00:45:00,16.0,21.380638
1995-08-19 00:46:00,31.000000000000004,21.687181
1995-08-19 00:47:00,12.0,21.623158
1995-08-19 00:48:00,12.0,22.248
1995-08-19 00:49:00,34.0,22.587147
1995-08-19 00:50:00,17.0,21.832365
1995-08-19 00:51:00,9.0,22.170467
1995-08-19 00:52:00,5.0,22.31282
1995-08-19 00:53:00,27.0,21.54466
1995-08-19 00:54:00,27.0,19.637184
1995-08-19 00:55:00,24.0,18.679419
1995-08-19 00:56:00,40.0,18.96255
1995-08-19 00:57:00,31.000000000000004,19.492235
1995-08-19 00:58:00,22.0,20.971558
1995-08-19 00:59:00,20.0,22.358519
1995-08-19 01:00:00,19.0,23.180895
1995-08-19 01:01:00,8.0,23.503849
1995-08-19 01:02:00,12.0,23.852264
1995-08-19 01:03:00,17.0,23.317211
1995-08-19 01:04:00,21.0,22.644217
1995-08-19 01:05:00,9.0,21.837065
1995-08-19 01:06:00,25.0,21.141289
1995-08-19 01:07:00,10.0,20.56467
1995-08-19 01:08:00,15.0,20.722704
1995-08-19 01:09:00,13.000000000000002,20.487436
1995-08-19 01:10:00,16.0,20.217285
1995-08-19 01:11:00,16.0,19.889027
1995-08-19 01:12:00,11.0,19.466524
1995-08-19 01:13:00,31.000000000000004,19.45911
1995-08-19 01:14:00,21.0,19.605995
1995-08-19 01:15:00,16.0,20.006428
1995-08-19 01:16:00,6.0,20.202778
1995-08-19 01:17:00,5.0,20.295013
1995-08-19 01:18:00,6.999999999999999,19.592312
1995-08-19 01:19:00,15.0,18.365736
1995-08-19 01:20:00,21.0,17.555716
1995-08-19 01:21:00,22.0,17.139957
1995-08-19 01:22:00,10.0,17.743092
1995-08-19 01:23:00,17.0,18.852076
1995-08-19 01:24:00,19.0,19.271862
1995-08-19 01:25:00,18.0,19.268925
1995-08-19 01:26:00,21.0,19.64055
1995-08-19 01:27:00,23.0,19.828861
1995-08-19 01:28:00,3.0,20.010221
1995-08-19 01:29:00,10.0,20.738636
1995-08-19 01:30:00,20.0,19.412632
1995-08-19 01:31:00,27.999999999999996,18.252365
1995-08-19 01:32:00,21.0,17.635765
1995-08-19 01:33:00,6.0,18.209738
1995-08-19 01:34:00,8.0,18.836304
1995-08-19 01:35:00,18.0,18.796806
1995-08-19 01:36:00,17.0,18.088972
1995-08-19 01:37:00,13.000000000000002,16.599895
1995-08-19 01:38:00,15.0,16.306276
1995-08-19 01:39:00,10.0,16.336264
1995-08-19 01:40:00,6.0,16.415222
1995-08-19 01:41:00,4.0,16.15387
1995-08-19 01:42:00,15.0,15.846764
1995-08-19 01:43:00,6.999999999999999,15.332045
1995-08-19 01:44:00,30.0,15.425586
1995-08-19 01:45:00,16.0,15.4772215
1995-08-19 01:46:00,5.0,16.676258
1995-08-19 01:47:00,4.0,17.755993
1995-08-19 01:48:00,6.999999999999999,17.892973
1995-08-19 01:49:00,13.999999999999998,17.167757
1995-08-19 01:50:00,11.0,16.690521
1995-08-19 01:51:00,19.0,16.570692
1995-08-19 01:52:00,37.0,15.865826
1995-08-19 01:53:00,18.0,15.690729
1995-08-19 01:54:00,26.000000000000004,16.421902
1995-08-19 01:55:00,30.0,16.262512
1995-08-19 01:56:00,23.0,17.009974
1995-08-19 01:57:00,27.999999999999996,18.284588
1995-08-19 01:58:00,31.000000000000004,19.0939
1995-08-19 01:59:00,16.0,19.829697
1995-08-19 02:00:00,35.0,20.944973
1995-08-19 02:01:00,24.0,20.501947
1995-08-19 02:02:00,31.000000000000004,20.789474
1995-08-19 02:03:00,47.0,20.731161
1995-08-19 02:04:00,37.0,20.876595
1995-08-19 02:05:00,26.000000000000004,21.974712
1995-08-19 02:06:00,42.0,23.592678
1995-08-19 02:07:00,10.0,24.924759
1995-08-19 02:08:00,20.0,26.285135
1995-08-19 02:09:00,19.0,26.210056
1995-08-19 02:10:00,16.0,25.692734
1995-08-19 02:11:00,2.0,25.009022
1995-08-19 02:12:00,21.0,24.31041
1995-08-19 02:13:00,27.999999999999996,22.596981
1995-08-19 02:14:00,15.0,21.45585
1995-08-19 02:15:00,37.0,21.236979
1995-08-19 02:16:00,35.0,20.846922
1995-08-19 02:17:00,23.0,21.11575
1995-08-19 02:18:00,27.0,22.153786
1995-08-19 02:19:00,6.0,22.463223
1995-08-19 02:20:00,13.000000000000002,22.763525
1995-08-19 02:21:00,16.0,21.986248
1995-08-19 02:22:00,18.0,20.908754
1995-08-19 02:23:00,8.0,20.317448
1995-08-19 02:24:00,12.0,20.05318
1995-08-19 02:25:00,6.999999999999999,19.366726
1995-08-19 02:26:00,13.999999999999998,18.866146
1995-08-19 02:27:00,33.0,18.604002
1995-08-19 02:28:00,17.0,18.480892
1995-08-19 02:29:00,11.0,18.636547
1995-08-19 02:30:00,22.0,18.747221
1995-08-19 02:31:00,19.0,18.44852
1995-08-19 02:32:00,6.0,18.447594
1995-08-19 02:33:00,9.0,18.639462
1995-08-19 02:34:00,13.999999999999998,18.327045
1995-08-19 02:35:00,16.0,18.1874
1995-08-19 02:36:00,18.0,18.262732
1995-08-19 02:37:00,16.0,17.833456
1995-08-19 02:38:00,15.0,17.548512
1995-08-19 02:39:00,9.0,17.495045
1995-08-19 02:40:00,10.0,17.651257
1995-08-19 02:41:00,30.0,17.591423
1995-08-19 02:42:00,19.0,17.166676
1995-08-19 02:43:00,21.0,17.090498
1995-08-19 02:44:00,13.999999999999998,16.86049
1995-08-19 02:45:00,35.0,16.694063
1995-08-19 02:46:00,43.0,16.535343
1995-08-19 02:47:00,27.999999999999996,16.60243
1995-08-19 02:48:00,17.0,17.437536
1995-08-19 02:49:00,16.0,18.511532
1995-08-19 02:50:00,27.999999999999996,19.432148
1995-08-19 02:51:00,16.0,19.9451
1995-08-19 02:52:00,15.0,20.351254
1995-08-19 02:53:00,21.0,19.926699
1995-08-19 02:54:00,15.0,19.251791
1995-08-19 02:55:00,9.0,18.72135
1995-08-19 02:56:00,6.999999999999999,18.752972
1995-08-19 02:57:00,20.0,17.854939
1995-08-19 02:58:00,10.0,16.833925
1995-08-19 02:59:00,4.0,16.396816
1995-08-19 03:00:00,0.0,15.508522
1995-08-19 03:01:00,18.0,13.960784
1995-08-19 03:02:00,11.0,11.472934
1995-08-19 03:03:00,13.999999999999998,10.5223055
1995-08-19 03:04:00,27.0,10.589107
1995-08-19 03:05:00,9.0,11.156925
1995-08-19 03:06:00,6.0,12.633182
1995-08-19 03:07:00,12.0,13.751075
1995-08-19 03:08:00,6.0,14.306386
1995-08-19 03:09:00,13.000000000000002,14.941009
1995-08-19 03:10:00,10.0,14.313486
1995-08-19 03:11:00,8.0,13.773121
1995-08-19 03:12:00,11.0,13.505896
1995-08-19 03:13:00,29.0,12.534697
1995-08-19 03:14:00,13.999999999999998,11.503085
1995-08-19 03:15:00,16.0,11.438335
1995-08-19 03:16:00,13.000000000000002,11.42005
1995-08-19 03:17:00,8.0,11.559258
1995-08-19 03:18:00,6.999999999999999,11.747317
1995-08-19 03:19:00,15.0,11.7142725
1995-08-19 03:20:00,18.0,11.533429
1995-08-19 03:21:00,13.999999999999998,11.594466
1995-08-19 03:22:00,10.0,12.060091
1995-08-19 03:23:00,6.999999999999999,12.260507
1995-08-19 03:24:00,19.0,11.534527
1995-08-19 03:25:00,23.0,10.778991
1995-08-19 03:26:00,36.0,10.535336
1995-08-19 03:27:00,25.0,10.470266
1995-08-19 03:28:00,12.0,11.424878
1995-08-19 03:29:00,16.0,12.573055
1995-08-19 03:30:00,23.0,12.740821
1995-08-19 03:31:00,17.0,13.553279
1995-08-19 03:32:00,27.999999999999996,14.4236965
1995-08-19 03:33:00,9.0,14.768556
1995-08-19 03:34:00,18.0,15.6785
1995-08-19 03:35:00,19.0,15.895674
1995-08-19 03:36:00,6.999999999999999,16.111063
1995-08-19 03:37:00,12.0,16.767857
1995-08-19 03:38:00,29.0,16.261473
1995-08-19 03:39:00,29.0,16.07749
1995-08-19 03:40:00,30.0,17.070692
1995-08-19 03:41:00,27.0,18.23654
1995-08-19 03:42:00,27.999999999999996,18.924828
1995-08-19 03:43:00,17.0,19.240417
1995-08-19 03:44:00,31.000000000000004,19.956608
1995-08-19 03:45:00,35.0,20.27077
1995-08-19 03:46:00,27.0,20.797955
1995-08-19 03:47:00,23.0,22.005867
1995-08-19 03:48:00,17.0,22.887794
1995-08-19 03:49:00,10.0,23.41461
1995-08-19 03:50:00,9.0,23.246542
1995-08-19 03:51:00,26.000000000000004,22.064615
1995-08-19 03:52:00,19.0,20.526535
1995-08-19 03:53:00,29.0,19.84574
1995-08-19 03:54:00,29.0,19.252192
1995-08-19 03:55:00,13.999999999999998,19.205448
1995-08-19 03:56:00,6.0,19.70116
1995-08-19 03:57:00,19.0,19.637964
1995-08-19 03:58:00,11.0,18.427776
1995-08-19 03:59:00,15.0,17.956257
1995-08-19 04:00:00,6.999999999999999,17.434963
1995-08-19 04:01:00,18.0,17.180275
1995-08-19 04:02:00,1.0,16.753569
1995-08-19 04:03:00,10.0,16.979881
1995-08-19 04:04:00,4.0,15.797141
1995-08-19 04:05:00,6.999999999999999,14.520974
1995-08-19 04:06:00,13.000000000000002,13.30287
1995-08-19 04:07:00,6.999999999999999,12.22541
1995-08-19 04:08:00,15.0,12.076667
1995-08-19 04:09:00,10.0,12.171995
1995-08-19 04:10:00,8.0,12.851357
1995-08-19 04:11:00,10.0,13.772327
1995-08-19 04:12:00,27.999999999999996,14.134371
1995-08-19 04:13:00,13.000000000000002,14.465981
1995-08-19 04:14:00,12.0,15.602993
1995-08-19 04:15:00,12.0,15.851948
1995-08-19 04:16:00,13.000000000000002,15.7229595
1995-08-19 04:17:00,15.0,15.404283
1995-08-19 04:18:00,25.0,15.312262
1995-08-19 04:19:00,18.0,15.699013
1995-08-19 04:20:00,8.0,16.550102
1995-08-19 04:21:00,13.999999999999998,17.311365
1995-08-19 04:22:00,15.0,17.323744
1995-08-19 04:23:00,16.0,16.748857
1995-08-19 04:24:00,6.999999999999999,15.838269
1995-08-19 04:25:00,2.0,14.848924
1995-08-19 04:26:00,16.0,13.946366
1995-08-19 04:27:00,8.0,12.585487
1995-08-19 04:28:00,6.0,11.298261
1995-08-19 04:29:00,18.0,10.806323
1995-08-19 04:30:00,11.0,10.187416
1995-08-19 04:31:00,2.0,10.715886
1995-08-19 04:32:00,5.0,11.060631
1995-08-19 04:33:00,17.0,11.180136
1995-08-19 04:34:00,16.0,11.254631
1995-08-19 04:35:00,18.0,11.637652
1995-08-19 04:36:00,9.0,12.078151
1995-08-19 04:37:00,15.0,12.578686
1995-08-19 04:38:00,10.0,12.843741
1995-08-19 04:39:00,17.0,13.162865
1995-08-19 04:40:00,13.000000000000002,12.649246
1995-08-19 04:41:00,24.0,12.325995
1995-08-19 04:42:00,10.0,12.278204
1995-08-19 04:43:00,6.999999999999999,12.955099
1995-08-19 04:44:00,16.0,13.416877
1995-08-19 04:45:00,18.0,12.776732
1995-08-19 04:46:00,9.0,12.199696
1995-08-19 04:47:00,6.999999999999999,11.636187
1995-08-19 04:48:00,8.0,11.146297
1995-08-19 04:49:00,13.999999999999998,10.832428
1995-08-19 04:50:00,15.0,10.327569
1995-08-19 04:51:00,13.000000000000002,10.148551
1995-08-19 04:52:00,17.0,10.016367
1995-08-19 04:53:00,12.0,10.149233
1995-08-19 04:54:00,27.0,10.633101
1995-08-19 04:55:00,12.0,11.604358
1995-08-19 04:56:00,8.0,13.254838
1995-08-19 04:57:00,18.0,13.732831
1995-08-19 04:58:00,6.999999999999999,12.680037
1995-08-19 04:59:00,6.999999999999999,12.078031
1995-08-19 05:00:00,6.999999999999999,11.351327
1995-08-19 05:01:00,13.000000000000002,10.676179
1995-08-19 05:02:00,4.0,9.396615
1995-08-19 05:03:00,3.0,8.698906
1995-08-19 05:04:00,6.999999999999999,8.297342
1995-08-19 05:05:00,15.0,7.5536494
1995-08-19 05:06:00,17.0,6.9943495
1995-08-19 05:07:00,18.0,7.0507193
1995-08-19 05:08:00,27.0,6.942995
1995-08-19 05:09:00,26.000000000000004,7.4604454
1995-08-19 05:10:00,5.0,8.388536
1995-08-19 05:11:00,2.0,9.262306
1995-08-19 05:12:00,9.0,9.112144
1995-08-19 05:13:00,4.0,8.224077
1995-08-19 05:14:00,18.0,7.3186235
1995-08-19 05:15:00,9.0,6.378707
1995-08-19 05:16:00,9.0,6.392461
1995-08-19 05:17:00,11.0,6.2173743
1995-08-19 05:18:00,21.0,5.999663
1995-08-19 05:19:00,17.0,6.63408
1995-08-19 05:20:00,19.0,7.4242477
1995-08-19 05:21:00,6.999999999999999,8.152192
1995-08-19 05:22:00,13.000000000000002,9.343242
1995-08-19 05:23:00,6.999999999999999,10.337141
1995-08-19 05:24:00,8.0,10.884986
1995-08-19 05:25:00,6.0,11.107082
1995-08-19 05:26:00,4.0,10.726083
1995-08-19 05:27:00,0.0,9.461825
1995-08-19 05:28:00,2.0,7.7964272
1995-08-19 05:29:00,10.0,6.1490464
1995-08-19 05:30:00,17.0,4.1660275
1995-08-19 05:31:00,8.0,3.5159223
1995-08-19 05:32:00,15.0,4.1591535
1995-08-19 05:33:00,17.0,4.852276
1995-08-19 05:34:00,10.0,6.29327
1995-08-19 05:35:00,6.999999999999999,8.557367
1995-08-19 05:36:00,13.999999999999998,10.159933
1995-08-19 05:37:00,17.0,10.7651615
1995-08-19 05:38:00,4.0,11.294546
1995-08-19 05:39:00,6.999999999999999,12.147103
1995-08-19 05:40:00,18.0,11.855534
1995-08-19 05:41:00,5.0,11.33387
1995-08-19 05:42:00,4.0,11.3264475
1995-08-19 05:43:00,12.0,10.709659
1995-08-19 05:44:00,8.0,9.4357395
1995-08-19 05:45:00,13.000000000000002,9.118234
1995-08-19 05:46:00,1.0,9.104854
1995-08-19 05:47:00,5.0,9.250719
1995-08-19 05:48:00,27.0,9.066602
1995-08-19 05:49:00,6.999999999999999,8.522268
1995-08-19 05:50:00,19.0,9.120684
1995-08-19 05:51:00,8.0,9.426512
1995-08-19 05:52:00,9.0,10.340592
1995-08-19 05:53:00,9.0,10.765491
1995-08-19 05:54:00,6.999999999999999,10.713693
1995-08-19 05:55:00,9.0,10.218092
1995-08-19 05:56:00,3.0,9.751236
1995-08-19 05:57:00,5.0,9.163028
1995-08-19 05:58:00,8.0,8.958639
1995-08-19 05:59:00,5.0,8.654531
1995-08-19 06:00:00,10.0,9.194865
1995-08-19 06:01:00,24.0,9.424991
1995-08-19 06:02:00,11.0,9.282415
1995-08-19 06:03:00,13.000000000000002,9.960562
1995-08-19 06:04:00,10.0,10.393369
1995-08-19 06:05:00,10.0,11.015339
1995-08-19 06:06:00,11.0,10.904416
1995-08-19 06:07:00,15.0,10.225288
1995-08-19 06:08:00,6.0,9.999261
1995-08-19 06:09:00,17.0,9.321346
1995-08-19 06:10:00,20.0,8.838169
1995-08-19 06:11:00,11.0,9.293839
1995-08-19 06:12:00,21.0,9.916186
1995-08-19 06:13:00,12.0,10.886115
1995-08-19 06:14:00,15.0,11.6412735
1995-08-19 06:15:00,23.0,11.75089
1995-08-19 06:16:00,13.999999999999998,11.798521
1995-08-19 06:17:00,10.0,12.363992
1995-08-19 06:18:00,13.000000000000002,12.58989
1995-08-19 06:19:00,29.0,13.025312
1995-08-19 06:20:00,21.0,13.40576
1995-08-19 06:21:00,18.0,14.7870865
1995-08-19 06:22:00,16.0,16.300543
1995-08-19 06:23:00,9.0,17.030115
1995-08-19 06:24:00,23.0,17.672188
1995-08-19 06:25:00,20.0,17.580774
1995-08-19 06:26:00,19.0,17.362423
1995-08-19 06:27:00,12.0,17.040598
1995-08-19 06:28:00,15.0,17.007053
1995-08-19 06:29:00,12.0,17.148745
1995-08-19 06:30:00,4.0,17.251692
1995-08-19 06:31:00,3.0,16.599352
1995-08-19 06:32:00,9.0,15.639104
1995-08-19 06:33:00,6.999999999999999,14.136836
1995-08-19 06:34:00,16.0,13.227339
1995-08-19 06:35:00,9.0,11.885044
1995-08-19 06:36:00,5.0,11.178838
1995-08-19 06:37:00,16.0,10.871887
1995-08-19 06:38:00,12.0,9.514605
1995-08-19 06:39:00,13.999999999999998,9.259198
1995-08-19 06:40:00,6.0,9.279853
1995-08-19 06:41:00,27.0,9.902399
1995-08-19 06:42:00,12.0,9.803115
1995-08-19 06:43:00,12.0,9.894814
1995-08-19 06:44:00,26.000000000000004,9.95946
1995-08-19 06:45:00,16.0,10.031053
1995-08-19 06:46:00,15.0,10.815569
1995-08-19 06:47:00,9.0,11.511884
1995-08-19 06:48:00,17.0,12.305935
1995-08-19 06:49:00,9.0,12.825374
1995-08-19 06:50:00,6.0,13.179452
1995-08-19 06:51:00,17.0,13.305184
1995-08-19 06:52:00,11.0,12.921001
1995-08-19 06:53:00,13.999999999999998,12.691377
1995-08-19 06:54:00,17.0,11.773095
1995-08-19 06:55:00,13.000000000000002,12.043402
1995-08-19 06:56:00,4.0,12.388768
1995-08-19 06:57:00,20.0,12.721482
1995-08-19 06:58:00,9.0,12.358971
1995-08-19 06:59:00,6.0,12.676159
1995-08-19 07:00:00,21.0,12.102903
1995-08-19 07:01:00,31.000000000000004,11.250452
1995-08-19 07:02:00,16.0,11.969141
1995-08-19 07:03:00,4.0,12.613256
1995-08-19 07:04:00,2.0,13.584733
1995-08-19 07:05:00,21.0,13.2229
1995-08-19 07:06:00,10.0,11.472475
1995-08-19 07:07:00,10.0,11.168712
1995-08-19 07:08:00,5.0,10.8596
1995-08-19 07:09:00,5.0,11.404165
1995-08-19 07:10:00,17.0,10.958374
1995-08-19 07:11:00,19.0,9.948784
1995-08-19 07:12:00,13.999999999999998,10.450363
1995-08-19 07:13:00,3.0,11.70822
1995-08-19 07:14:00,4.0,12.326484
1995-08-19 07:15:00,6.999999999999999,11.677948
1995-08-19 07:16:00,9.0,10.663445
1995-08-19 07:17:00,9.0,10.473033
1995-08-19 07:18:00,4.0,10.869691
1995-08-19 07:19:00,15.0,10.946271
1995-08-19 07:20:00,6.0,9.718575
1995-08-19 07:21:00,19.0,8.742989
1995-08-19 07:22:00,1.0,7.7747316
1995-08-19 07:23:00,2.0,7.474561
1995-08-19 07:24:00,9.0,7.080001
1995-08-19 07:25:00,18.0,5.435351
1995-08-19 07:26:00,24.0,4.6080923
1995-08-19 07:27:00,16.0,4.912022
1995-08-19 07:28:00,17.0,6.266692
1995-08-19 07:29:00,6.999999999999999,7.904788
1995-08-19 07:30:00,5.0,9.002114
1995-08-19 07:31:00,19.0,9.531919
1995-08-19 07:32:00,16.0,9.515847
1995-08-19 07:33:00,21.0,9.743423
1995-08-19 07:34:00,9.0,10.1253195
1995-08-19 07:35:00,3.0,10.815795
1995-08-19 07:36:00,18.0,11.322971
1995-08-19 07:37:00,11.0,11.437288
1995-08-19 07:38:00,10.0,12.459655
1995-08-19 07:39:00,10.0,13.4928055
1995-08-19 07:40:00,12.0,14.011363
1995-08-19 07:41:00,5.0,13.647899
1995-08-19 07:42:00,10.0,13.165146
1995-08-19 07:43:00,34.0,12.348312
1995-08-19 07:44:00,13.000000000000002,12.324251
1995-08-19 07:45:00,25.0,13.184156
1995-08-19 07:46:00,5.0,13.682777
1995-08-19 07:47:00,38.0,14.733906
1995-08-19 07:48:00,18.0,14.851181
1995-08-19 07:49:00,13.000000000000002,16.669264
1995-08-19 07:50:00,22.0,18.247528
1995-08-19 07:51:00,45.0,18.656542
1995-08-19 07:52:00,38.0,18.933054
1995-08-19 07:53:00,32.0,20.114212
1995-08-19 07:54:00,32.0,21.678377
1995-08-19 07:55:00,36.0,23.33471
1995-08-19 07:56:00,21.0,24.817537
1995-08-19 07:57:00,33.0,26.312534
1995-08-19 07:58:00,19.0,26.401133
1995-08-19 07:59:00,26.000000000000004,26.051989
1995-08-19 08:00:00,20.0,24.329956
1995-08-19 08:01:00,27.999999999999996,23.035133
1995-08-19 08:02:00,23.0,22.109392
1995-08-19 08:03:00,20.0,21.660837
1995-08-19 08:04:00,26.000000000000004,21.083464
1995-08-19 08:05:00,16.0,20.5037
1995-08-19 08:06:00,25.0,19.658058
1995-08-19 08:07:00,13.999999999999998,19.191864
1995-08-19 08:08:00,13.999999999999998,19.58444
1995-08-19 08:09:00,8.0,19.427784
1995-08-19 08:10:00,13.000000000000002,19.120667
1995-08-19 08:11:00,5.0,18.184032
1995-08-19 08:12:00,12.0,17.676748
1995-08-19 08:13:00,8.0,16.447899
1995-08-19 08:14:00,20.0,15.516382
1995-08-19 08:15:00,13.000000000000002,14.668569
1995-08-19 08:16:00,30.0,14.802207
1995-08-19 08:17:00,24.0,15.104058
1995-08-19 08:18:00,27.999999999999996,15.835246
1995-08-19 08:19:00,22.0,17.274542
1995-08-19 08:20:00,15.0,19.02798
1995-08-19 08:21:00,16.0,19.689672
1995-08-19 08:22:00,27.0,19.901646
1995-08-19 08:23:00,21.0,19.76836
1995-08-19 08:24:00,6.0,20.035095
1995-08-19 08:25:00,20.0,20.21678
1995-08-19 08:26:00,30.0,20.283127
1995-08-19 08:27:00,31.000000000000004,20.467691
1995-08-19 08:28:00,20.0,21.110449
1995-08-19 08:29:00,9.0,20.988262
1995-08-19 08:30:00,22.0,20.119543
1995-08-19 08:31:00,29.0,18.509747
1995-08-19 08:32:00,36.0,17.121365
1995-08-19 08:33:00,13.999999999999998,16.716194
1995-08-19 08:34:00,13.000000000000002,17.60457
1995-08-19 08:35:00,25.0,17.583063
1995-08-19 08:36:00,27.0,17.437489
1995-08-19 08:37:00,21.0,18.06431
1995-08-19 08:38:00,23.0,19.00694
1995-08-19 08:39:00,13.000000000000002,19.20322
1995-08-19 08:40:00,17.0,18.983501
1995-08-19 08:41:00,10.0,18.325987
1995-08-19 08:42:00,20.0,17.572409
1995-08-19 08:43:00,11.0,16.786583
1995-08-19 08:44:00,13.999999999999998,16.003803
1995-08-19 08:45:00,13.000000000000002,14.984677
1995-08-19 08:46:00,9.0,14.479478
1995-08-19 08:47:00,8.0,14.48831
1995-08-19 08:48:00,6.999999999999999,13.730653
1995-08-19 08:49:00,12.0,12.496266
1995-08-19 08:50:00,10.0,11.941326
1995-08-19 08:51:00,17.0,11.677505
1995-08-19 08:52:00,8.0,11.43804
1995-08-19 08:53:00,10.0,11.945901
1995-08-19 08:54:00,10.0,12.742873
1995-08-19 08:55:00,15.0,12.834535
1995-08-19 08:56:00,20.0,13.381928
1995-08-19 08:57:00,19.0,13.65804
1995-08-19 08:58:00,36.0,13.806229
1995-08-19 08:59:00,4.0,14.151085
1995-08-19 09:00:00,12.0,15.683153
1995-08-19 09:01:00,8.0,15.495009
1995-08-19 09:02:00,17.0,15.059897
1995-08-19 09:03:00,18.0,15.004533
1995-08-19 09:04:00,16.0,15.363468
1995-08-19 09:05:00,24.0,15.846864
1995-08-19 09:06:00,11.0,17.122532
1995-08-19 09:07:00,25.0,18.312119
1995-08-19 09:08:00,8.0,18.539782
1995-08-19 09:09:00,31.000000000000004,19.90875
1995-08-19 09:10:00,12.0,20.769316
1995-08-19 09:11:00,6.0,21.774483
1995-08-19 09:12:00,10.0,21.448307
1995-08-19 09:13:00,13.000000000000002,20.081068
1995-08-19 09:14:00,21.0,17.741434
1995-08-19 09:15:00,40.0,15.678572
1995-08-19 09:16:00,26.000000000000004,14.698354
1995-08-19 09:17:00,27.0,15.46924
1995-08-19 09:18:00,15.0,17.456102
1995-08-19 09:19:00,13.999999999999998,19.670332
1995-08-19 09:20:00,23.0,20.060114
1995-08-19 09:21:00,16.0,20.056973
1995-08-19 09:22:00,19.0,20.427551
1995-08-19 09:23:00,41.0,21.140158
1995-08-19 09:24:00,6.0,21.718939
1995-08-19 09:25:00,26.000000000000004,23.303848
1995-08-19 09:26:00,24.0,22.669123
1995-08-19 09:27:00,9.0,22.70799
1995-08-19 09:28:00,39.0,22.97758
1995-08-19 09:29:00,18.0,22.034044
1995-08-19 09:30:00,26.000000000000004,21.976591
1995-08-19 09:31:00,37.0,22.045229
1995-08-19 09:32:00,35.0,22.112791
1995-08-19 09:33:00,15.0,23.291935
1995-08-19 09:34:00,31.000000000000004,23.835009
1995-08-19 09:35:00,25.0,24.105778
1995-08-19 09:36:00,49.0,25.191204
1995-08-19 09:37:00,44.0,25.867077
1995-08-19 09:38:00,40.0,28.064678
1995-08-19 09:39:00,18.0,29.443842
1995-08-19 09:40:00,38.0,30.869024
1995-08-19 09:41:00,31.000000000000004,30.562273
1995-08-19 09:42:00,26.000000000000004,30.737705
1995-08-19 09:43:00,16.0,30.673002
1995-08-19 09:44:00,20.0,30.110054
1995-08-19 09:45:00,22.0,29.208351
1995-08-19 09:46:00,24.0,28.36571
1995-08-19 09:47:00,31.000000000000004,27.141222
1995-08-19 09:48:00,16.0,26.138605
1995-08-19 09:49:00,21.0,25.31165
1995-08-19 09:50:00,20.0,24.539457
1995-08-19 09:51:00,16.0,24.222841
1995-08-19 09:52:00,34.0,24.819534
1995-08-19 09:53:00,29.0,24.779408
1995-08-19 09:54:00,23.0,25.047836
1995-08-19 09:55:00,11.0,25.741241
1995-08-19 09:56:00,19.0,26.030935
1995-08-19 09:57:00,37.0,25.269268
1995-08-19 09:58:00,13.000000000000002,24.791742
1995-08-19 09:59:00,27.999999999999996,24.735226
1995-08-19 10:00:00,18.0,24.060972
1995-08-19 10:01:00,22.0,23.88831
1995-08-19 10:02:00,15.0,22.860817
1995-08-19 10:03:00,16.0,23.140057
1995-08-19 10:04:00,13.999999999999998,22.713057
1995-08-19 10:05:00,30.0,22.346418
1995-08-19 10:06:00,29.0,21.945002
1995-08-19 10:07:00,31.000000000000004,22.443125
1995-08-19 10:08:00,48.0,23.505573
1995-08-19 10:09:00,29.0,25.013647
1995-08-19 10:10:00,11.0,27.55912
1995-08-19 10:11:00,24.0,28.560938
1995-08-19 10:12:00,13.000000000000002,28.370758
1995-08-19 10:13:00,35.0,27.699493
1995-08-19 10:14:00,41.0,26.083841
1995-08-19 10:15:00,36.0,25.242495
1995-08-19 10:16:00,40.0,25.870882
1995-08-19 10:17:00,30.0,26.821602
1995-08-19 10:18:00,16.0,27.74104
1995-08-19 10:19:00,23.0,28.303827
1995-08-19 10:20:00,29.0,28.315254
1995-08-19 10:21:00,26.000000000000004,27.952576
1995-08-19 10:22:00,13.999999999999998,27.637907
1995-08-19 10:23:00,38.0,27.156166
1995-08-19 10:24:00,52.00000000000001,25.740643
1995-08-19 10:25:00,31.000000000000004,25.132133
1995-08-19 10:26:00,35.0,26.344553
1995-08-19 10:27:00,32.0,27.421318
1995-08-19 10:28:00,19.0,28.065123
1995-08-19 10:29:00,45.0,28.438753
1995-08-19 10:30:00,26.000000000000004,27.72902
1995-08-19 10:31:00,35.0,28.326515
1995-08-19 10:32:00,33.0,28.424904
1995-08-19 10:33:00,45.0,29.035255
1995-08-19 10:34:00,19.0,30.356495
1995-08-19 10:35:00,6.0,31.222208
1995-08-19 10:36:00,11.0,30.394772
1995-08-19 10:37:00,20.0,28.79378
1995-08-19 10:38:00,19.0,26.949606
1995-08-19 10:39:00,29.0,26.588993
1995-08-19 10:40:00,16.0,26.152452
1995-08-19 10:41:00,6.0,25.97768
1995-08-19 10:42:00,8.0,25.495722
1995-08-19 10:43:00,6.999999999999999,23.989689
1995-08-19 10:44:00,11.0,22.485847
1995-08-19 10:45:00,3.0,20.818974
1995-08-19 10:46:00,32.0,19.931326
1995-08-19 10:47:00,27.0,18.379469
1995-08-19 10:48:00,15.0,18.349493
1995-08-19 10:49:00,17.0,18.890255
1995-08-19 10:50:00,17.0,18.454128
1995-08-19 10:51:00,30.0,18.11163
1995-08-19 10:52:00,25.0,18.823076
1995-08-19 10:53:00,16.0,19.376097
1995-08-19 10:54:00,22.0,19.616049
1995-08-19 10:55:00,31.000000000000004,19.586607
1995-08-19 10:56:00,27.0,19.511736
1995-08-19 10:57:00,30.0,20.721815
1995-08-19 10:58:00,55.99999999999999,21.934032
1995-08-19 10:59:00,45.0,22.830841
1995-08-19 11:00:00,37.0,25.13412
1995-08-19 11:01:00,27.999999999999996,27.686558
1995-08-19 11:02:00,27.999999999999996,29.565094
1995-08-19 11:03:00,15.0,30.321188
1995-08-19 11:04:00,11.0,29.212135
1995-08-19 11:05:00,21.0,28.007645
1995-08-19 11:06:00,16.0,26.38152
1995-08-19 11:07:00,13.999999999999998,25.58905
1995-08-19 11:08:00,13.999999999999998,24.559744
1995-08-19 11:09:00,10.0,22.683998
1995-08-19 11:10:00,10.0,21.435732
1995-08-19 11:11:00,21.0,19.640947
1995-08-19 11:12:00,22.0,18.612726
1995-08-19 11:13:00,16.0,18.684866
1995-08-19 11:14:00,20.0,19.264107
1995-08-19 11:15:00,12.0,19.803629
1995-08-19 11:16:00,18.0,20.41323
1995-08-19 11:17:00,31.000000000000004,19.89886
1995-08-19 11:18:00,40.0,20.028645
1995-08-19 11:19:00,10.0,20.971268
1995-08-19 11:20:00,26.000000000000004,22.694225
1995-08-19 11:21:00,13.000000000000002,22.721558
1995-08-19 11:22:00,23.0,22.862171
1995-08-19 11:23:00,29.0,23.114893
1995-08-19 11:24:00,24.0,23.474773
1995-08-19 11:25:00,46.0,24.644089
1995-08-19 11:26:00,27.999999999999996,25.175129
1995-08-19 11:27:00,17.0,26.805122
1995-08-19 11:28:00,15.0,27.6412
1995-08-19 11:29:00,34.0,26.767567
1995-08-19 11:30:00,24.0,25.870016
1995-08-19 11:31:00,27.0,26.019327
1995-08-19 11:32:00,34.0,25.522205
1995-08-19 11:33:00,36.0,25.02627
1995-08-19 11:34:00,30.0,24.847149
1995-08-19 11:35:00,16.0,25.236742
1995-08-19 11:36:00,21.0,26.528845
1995-08-19 11:37:00,27.999999999999996,26.852642
1995-08-19 11:38:00,43.0,27.901907
1995-08-19 11:39:00,12.0,28.417496
1995-08-19 11:40:00,25.0,29.109076
1995-08-19 11:41:00,33.0,28.910284
1995-08-19 11:42:00,36.0,29.011988
1995-08-19 11:43:00,27.0,29.693771
1995-08-19 11:44:00,23.0,30.200974
1995-08-19 11:45:00,13.999999999999998,30.916187
1995-08-19 11:46:00,26.000000000000004,31.390406
1995-08-19 11:47:00,43.0,30.788542
1995-08-19 11:48:00,13.999999999999998,30.066387
1995-08-19 11:49:00,22.0,31.010098
1995-08-19 11:50:00,42.0,30.24011
1995-08-19 11:51:00,29.0,29.224428
1995-08-19 11:52:00,26.000000000000004,28.843613
1995-08-19 11:53:00,31.000000000000004,28.391037
1995-08-19 11:54:00,49.0,27.966167
1995-08-19 11:55:00,23.0,27.38806
1995-08-19 11:56:00,29.0,27.78856
1995-08-19 11:57:00,31.000000000000004,27.813011
1995-08-19 11:58:00,27.0,27.455687
1995-08-19 11:59:00,13.999999999999998,27.698393
1995-08-19 12:00:00,27.999999999999996,27.35996
1995-08-19 12:01:00,9.0,26.035843
1995-08-19 12:02:00,23.0,25.098986
1995-08-19 12:03:00,13.999999999999998,23.578337
1995-08-19 12:04:00,19.0,22.252388
1995-08-19 12:05:00,41.0,20.930952
1995-08-19 12:06:00,48.0,20.502274
1995-08-19 12:07:00,41.0,21.73478
1995-08-19 12:08:00,29.0,24.066181
1995-08-19 12:09:00,43.0,26.075535
1995-08-19 12:10:00,33.0,27.772453
1995-08-19 12:11:00,35.0,29.44427
1995-08-19 12:12:00,18.0,30.315657
1995-08-19 12:13:00,13.999999999999998,30.04117
1995-08-19 12:14:00,30.0,29.203873
1995-08-19 12:15:00,31.000000000000004,27.06797
1995-08-19 12:16:00,31.000000000000004,26.370014
1995-08-19 12:17:00,41.0,27.281445
1995-08-19 12:18:00,34.0,28.533155
1995-08-19 12:19:00,22.0,30.007456
1995-08-19 12:20:00,16.0,30.249226
1995-08-19 12:21:00,17.0,30.52436
1995-08-19 12:22:00,11.0,29.66542
1995-08-19 12:23:00,20.0,28.591455
1995-08-19 12:24:00,34.0,26.599094
1995-08-19 12:25:00,18.0,24.386282
1995-08-19 12:26:00,13.000000000000002,23.835749
1995-08-19 12:27:00,26.000000000000004,23.591196
1995-08-19 12:28:00,4.0,22.443466
1995-08-19 12:29:00,6.999999999999999,21.716797
1995-08-19 12:30:00,27.999999999999996,20.202473
1995-08-19 12:31:00,26.000000000000004,18.630081
1995-08-19 12:32:00,13.999999999999998,18.580832
1995-08-19 12:33:00,38.0,19.649946
1995-08-19 12:34:00,27.0,20.49753
1995-08-19 12:35:00,36.0,21.665628
1995-08-19 12:36:00,18.0,23.623085
1995-08-19 12:37:00,26.000000000000004,26.122112
1995-08-19 12:38:00,17.0,27.391825
1995-08-19 12:39:00,32.0,27.76355
1995-08-19 12:40:00,36.0,27.313189
1995-08-19 12:41:00,36.0,27.674717
1995-08-19 12:42:00,17.0,28.492579
1995-08-19 12:43:00,49.0,28.75145
1995-08-19 12:44:00,30.0,28.459538
1995-08-19 12:45:00,20.0,29.132593
1995-08-19 12:46:00,19.0,29.58223
1995-08-19 12:47:00,30.0,29.269026
1995-08-19 12:48:00,26.000000000000004,27.778395
1995-08-19 12:49:00,30.0,27.150417
1995-08-19 12:50:00,22.0,26.964764
1995-08-19 12:51:00,32.0,26.721668
1995-08-19 12:52:00,30.0,25.963709
1995-08-19 12:53:00,18.0,25.831074
1995-08-19 12:54:00,20.0,26.437258
1995-08-19 12:55:00,10.0,26.04555
1995-08-19 12:56:00,19.0,25.02351
1995-08-19 12:57:00,11.0,23.028584
1995-08-19 12:58:00,29.0,22.150034
1995-08-19 12:59:00,18.0,21.647118
1995-08-19 13:00:00,15.0,21.530518
1995-08-19 13:01:00,9.0,21.04871
1995-08-19 13:02:00,26.000000000000004,20.932379
1995-08-19 13:03:00,46.0,19.820942
1995-08-19 13:04:00,31.000000000000004,19.730904
1995-08-19 13:05:00,19.0,21.074394
1995-08-19 13:06:00,9.0,22.017687
1995-08-19 13:07:00,18.0,22.28453
1995-08-19 13:08:00,54.0,21.307196
1995-08-19 13:09:00,37.0,20.859285
1995-08-19 13:10:00,19.0,22.007318
1995-08-19 13:11:00,30.0,23.837408
1995-08-19 13:12:00,6.0,24.531464
1995-08-19 13:13:00,13.000000000000002,25.3049
1995-08-19 13:14:00,13.000000000000002,24.871063
1995-08-19 13:15:00,18.0,24.281155
1995-08-19 13:16:00,10.0,23.633776
1995-08-19 13:17:00,27.999999999999996,23.489511
1995-08-19 13:18:00,50.99999999999999,22.501678
1995-08-19 13:19:00,35.0,22.942207
1995-08-19 13:20:00,20.0,24.8798
1995-08-19 13:21:00,35.0,27.182264
1995-08-19 13:22:00,16.0,28.43419
1995-08-19 13:23:00,34.0,29.440779
1995-08-19 13:24:00,21.0,28.010267
1995-08-19 13:25:00,20.0,27.059542
1995-08-19 13:26:00,16.0,26.565836
1995-08-19 13:27:00,16.0,26.468395
1995-08-19 13:28:00,13.000000000000002,25.92212
1995-08-19 13:29:00,27.0,25.409063
1995-08-19 13:30:00,13.999999999999998,23.9673
1995-08-19 13:31:00,11.0,23.776829
1995-08-19 13:32:00,6.0,23.088423
1995-08-19 13:33:00,9.0,21.741655
1995-08-19 13:34:00,21.0,20.483202
1995-08-19 13:35:00,22.0,19.280851
1995-08-19 13:36:00,21.0,18.736786
1995-08-19 13:37:00,25.0,19.08661
1995-08-19 13:38:00,13.000000000000002,19.602211
1995-08-19 13:39:00,29.0,20.421236
1995-08-19 13:40:00,31.000000000000004,20.489243
1995-08-19 13:41:00,24.0,22.049702
1995-08-19 13:42:00,20.0,23.389957
1995-08-19 13:43:00,13.999999999999998,25.006895
1995-08-19 13:44:00,41.0,26.039715
1995-08-19 13:45:00,12.0,26.310535
1995-08-19 13:46:00,36.0,26.37043
1995-08-19 13:47:00,43.0,25.919476
1995-08-19 13:48:00,37.0,26.639366
1995-08-19 13:49:00,49.0,27.562445
1995-08-19 13:50:00,20.0,28.585571
1995-08-19 13:51:00,19.0,30.094614
1995-08-19 13:52:00,19.0,30.509165
1995-08-19 13:53:00,21.0,29.97656
1995-08-19 13:54:00,24.0,29.337126
1995-08-19 13:55:00,19.0,28.609932
1995-08-19 13:56:00,31.000000000000004,28.656763
1995-08-19 13:57:00,25.0,27.928343
1995-08-19 13:58:00,32.0,28.443708
1995-08-19 13:59:00,27.999999999999996,27.721943
1995-08-19 14:00:00,27.999999999999996,27.498873
1995-08-19 14:01:00,38.0,27.53547
1995-08-19 14:02:00,40.0,27.884668
1995-08-19 14:03:00,52.00000000000001,28.665815
1995-08-19 14:04:00,18.0,29.652138
1995-08-19 14:05:00,36.0,31.17127
1995-08-19 14:06:00,38.0,30.620914
1995-08-19 14:07:00,31.000000000000004,29.960333
1995-08-19 14:08:00,43.0,30.360083
1995-08-19 14:09:00,35.0,30.10035
1995-08-19 14:10:00,13.000000000000002,30.053675
1995-08-19 14:11:00,24.0,30.880783
1995-08-19 14:12:00,16.0,30.4944
1995-08-19 14:13:00,29.0,29.34169
1995-08-19 14:14:00,24.0,27.847347
1995-08-19 14:15:00,19.0,27.455944
1995-08-19 14:16:00,20.0,27.497723
1995-08-19 14:17:00,17.0,27.207611
1995-08-19 14:18:00,24.0,26.371239
1995-08-19 14:19:00,47.0,25.609514
1995-08-19 14:20:00,22.0,25.433151
1995-08-19 14:21:00,35.0,26.448849
1995-08-19 14:22:00,16.0,27.00512
1995-08-19 14:23:00,17.0,28.56532
1995-08-19 14:24:00,16.0,28.263075
1995-08-19 14:25:00,17.0,26.9526
1995-08-19 14:26:00,47.0,25.336826
1995-08-19 14:27:00,48.0,24.047703
1995-08-19 14:28:00,33.0,24.8004
1995-08-19 14:29:00,22.0,26.516356
1995-08-19 14:30:00,55.0,28.349358
1995-08-19 14:31:00,48.0,28.70644
1995-08-19 14:32:00,57.00000000000001,30.928698
1995-08-19 14:33:00,22.0,33.73215
1995-08-19 14:34:00,26.000000000000004,35.757893
1995-08-19 14:35:00,41.0,35.970074
1995-08-19 14:36:00,70.0,35.255146
1995-08-19 14:37:00,15.0,35.71368
1995-08-19 14:38:00,38.0,37.80661
1995-08-19 14:39:00,33.0,36.59803
1995-08-19 14:40:00,31.000000000000004,35.5403
1995-08-19 14:41:00,50.0,34.923912
1995-08-19 14:42:00,44.0,34.732834
1995-08-19 14:43:00,34.0,34.568913
1995-08-19 14:44:00,44.0,34.41989
1995-08-19 14:45:00,50.0,35.044437
1995-08-19 14:46:00,38.0,35.42797
1995-08-19 14:47:00,38.0,36.126637
1995-08-19 14:48:00,45.0,36.010727
1995-08-19 14:49:00,53.0,35.939568
1995-08-19 14:50:00,29.0,35.79163
1995-08-19 14:51:00,36.0,36.73102
1995-08-19 14:52:00,43.0,36.367107
1995-08-19 14:53:00,30.0,37.050297
1995-08-19 14:54:00,22.0,37.434967
1995-08-19 14:55:00,15.0,37.47867
1995-08-19 14:56:00,24.0,36.47158
1995-08-19 14:57:00,20.0,34.68143
1995-08-19 14:58:00,34.0,32.982635
1995-08-19 14:59:00,26.000000000000004,31.67972
1995-08-19 15:00:00,27.0,30.65945
1995-08-19 15:01:00,45.0,29.842352
1995-08-19 15:02:00,62.00000000000001,29.095123
1995-08-19 15:03:00,25.0,29.992764
1995-08-19 15:04:00,33.0,32.13353
1995-08-19 15:05:00,31.000000000000004,33.03872
1995-08-19 15:06:00,34.0,33.67088
1995-08-19 15:07:00,23.0,33.58016
1995-08-19 15:08:00,23.0,33.30319
1995-08-19 15:09:00,34.0,32.327423
1995-08-19 15:10:00,15.0,31.630438
1995-08-19 15:11:00,19.0,31.317373
1995-08-19 15:12:00,20.0,30.09662
1995-08-19 15:13:00,27.0,28.516483
1995-08-19 15:14:00,33.0,26.893856
1995-08-19 15:15:00,18.0,25.952618
1995-08-19 15:16:00,44.0,26.12338
1995-08-19 15:17:00,50.99999999999999,25.54373
1995-08-19 15:18:00,43.0,26.870615
1995-08-19 15:19:00,41.0,28.48127
1995-08-19 15:20:00,30.0,30.604197
1995-08-19 15:21:00,13.000000000000002,31.830534
1995-08-19 15:22:00,31.000000000000004,32.319763
1995-08-19 15:23:00,22.0,30.896984
1995-08-19 15:24:00,31.000000000000004,30.261272
1995-08-19 15:25:00,45.0,29.483593
1995-08-19 15:26:00,24.0,29.209124
1995-08-19 15:27:00,39.0,29.35937
1995-08-19 15:28:00,18.0,29.48363
1995-08-19 15:29:00,26.000000000000004,30.555336
1995-08-19 15:30:00,34.0,31.259789
1995-08-19 15:31:00,23.0,32.232697
1995-08-19 15:32:00,23.0,32.829205
1995-08-19 15:33:00,13.999999999999998,32.674305
1995-08-19 15:34:00,20.0,32.46773
1995-08-19 15:35:00,30.0,31.541079
1995-08-19 15:36:00,36.0,30.948078
1995-08-19 15:37:00,27.999999999999996,30.576086
1995-08-19 15:38:00,19.0,29.845402
1995-08-19 15:39:00,23.0,28.713507
1995-08-19 15:40:00,23.0,27.997559
1995-08-19 15:41:00,34.0,26.751707
1995-08-19 15:42:00,17.0,26.398155
1995-08-19 15:43:00,18.0,27.03479
1995-08-19 15:44:00,17.0,26.830301
1995-08-19 15:45:00,27.0,26.75055
1995-08-19 15:46:00,35.0,26.345943
1995-08-19 15:47:00,38.0,25.726812
1995-08-19 15:48:00,15.0,26.763596
1995-08-19 15:49:00,32.0,27.836103
1995-08-19 15:50:00,32.0,27.845251
1995-08-19 15:51:00,21.0,27.5265
1995-08-19 15:52:00,47.0,27.467718
1995-08-19 15:53:00,33.0,27.372845
1995-08-19 15:54:00,20.0,28.33214
1995-08-19 15:55:00,26.000000000000004,29.153429
1995-08-19 15:56:00,44.0,29.309473
1995-08-19 15:57:00,20.0,29.902641
1995-08-19 15:58:00,24.0,31.035233
1995-08-19 15:59:00,24.0,31.455214
1995-08-19 16:00:00,23.0,31.157434
1995-08-19 16:01:00,38.0,30.6948
1995-08-19 16:02:00,16.0,30.198105
1995-08-19 16:03:00,22.0,30.074255
1995-08-19 16:04:00,21.0,29.27817
1995-08-19 16:05:00,39.0,28.716236
1995-08-19 16:06:00,10.0,28.037626
1995-08-19 16:07:00,13.999999999999998,27.98943
1995-08-19 16:08:00,18.0,26.960497
1995-08-19 16:09:00,20.0,26.043455
1995-08-19 16:10:00,17.0,25.232086
1995-08-19 16:11:00,24.0,24.159874
1995-08-19 16:12:00,26.000000000000004,22.575274
1995-08-19 16:13:00,30.0,22.519047
1995-08-19 16:14:00,15.0,22.54182
1995-08-19 16:15:00,25.0,22.94313
1995-08-19 16:16:00,22.0,22.980715
1995-08-19 16:17:00,24.0,23.840855
1995-08-19 16:18:00,16.0,24.541407
1995-08-19 16:19:00,9.0,24.858967
1995-08-19 16:20:00,31.000000000000004,24.457079
1995-08-19 16:21:00,30.0,23.219921
1995-08-19 16:22:00,6.0,23.131378
1995-08-19 16:23:00,13.999999999999998,23.912788
1995-08-19 16:24:00,18.0,23.075623
1995-08-19 16:25:00,50.0,22.759756
1995-08-19 16:26:00,27.0,22.845154
1995-08-19 16:27:00,40.0,24.671522
1995-08-19 16:28:00,50.0,26.116316
1995-08-19 16:29:00,50.0,27.409525
1995-08-19 16:30:00,37.0,29.352987
1995-08-19 16:31:00,27.999999999999996,31.603884
1995-08-19 16:32:00,11.0,33.379204
1995-08-19 16:33:00,26.000000000000004,33.511116
1995-08-19 16:34:00,18.0,32.14947
1995-08-19 16:35:00,15.0,31.434639
1995-08-19 16:36:00,12.0,30.641523
1995-08-19 16:37:00,22.0,29.44868
1995-08-19 16:38:00,15.0,28.146378
1995-08-19 16:39:00,42.0,27.028591
1995-08-19 16:40:00,19.0,25.71814
1995-08-19 16:41:00,24.0,26.27398
1995-08-19 16:42:00,9.0,26.17182
1995-08-19 16:43:00,25.0,26.07527
1995-08-19 16:44:00,23.0,24.668514
1995-08-19 16:45:00,34.0,23.874115
1995-08-19 16:46:00,17.0,23.470707
1995-08-19 16:47:00,17.0,23.225481
1995-08-19 16:48:00,36.0,22.293747
1995-08-19 16:49:00,43.0,22.194855
1995-08-19 16:50:00,31.000000000000004,22.883108
1995-08-19 16:51:00,39.0,23.800531
1995-08-19 16:52:00,30.0,24.763592
1995-08-19 16:53:00,33.0,26.316418
1995-08-19 16:54:00,41.0,27.745949
1995-08-19 16:55:00,41.0,29.060747
1995-08-19 16:56:00,29.0,30.272299
1995-08-19 16:57:00,38.0,31.126358
1995-08-19 16:58:00,20.0,30.67952
1995-08-19 16:59:00,31.000000000000004,30.935198
1995-08-19 17:00:00,26.000000000000004,30.451048
1995-08-19 17:01:00,25.0,30.077776
1995-08-19 17:02:00,29.0,30.646791
1995-08-19 17:03:00,32.0,30.990158
1995-08-19 17:04:00,29.0,30.805777
1995-08-19 17:05:00,30.0,30.659834
1995-08-19 17:06:00,24.0,30.603848
1995-08-19 17:07:00,27.999999999999996,30.359669
1995-08-19 17:08:00,27.0,30.15089
1995-08-19 17:09:00,11.0,29.645382
1995-08-19 17:10:00,31.000000000000004,29.18494
1995-08-19 17:11:00,26.000000000000004,28.63922
1995-08-19 17:12:00,39.0,28.301214
1995-08-19 17:13:00,24.0,28.953482
1995-08-19 17:14:00,45.0,29.77037
1995-08-19 17:15:00,27.0,30.084703
1995-08-19 17:16:00,26.000000000000004,30.985497
1995-08-19 17:17:00,10.0,31.742691
1995-08-19 17:18:00,30.0,31.66707
1995-08-19 17:19:00,26.000000000000004,30.43457
1995-08-19 17:20:00,39.0,29.794619
1995-08-19 17:21:00,26.000000000000004,28.819149
1995-08-19 17:22:00,35.0,28.705107
1995-08-19 17:23:00,16.0,28.627008
1995-08-19 17:24:00,13.999999999999998,28.630089
1995-08-19 17:25:00,18.0,27.864368
1995-08-19 17:26:00,18.0,26.889402
1995-08-19 17:27:00,55.0,26.56791
1995-08-19 17:28:00,62.00000000000001,26.873264
1995-08-19 17:29:00,35.0,28.80656
1995-08-19 17:30:00,31.000000000000004,31.95358
1995-08-19 17:31:00,23.0,34.34472
1995-08-19 17:32:00,15.0,35.795227
1995-08-19 17:33:00,27.0,35.432262
1995-08-19 17:34:00,23.0,33.907726
1995-08-19 17:35:00,22.0,33.057438
1995-08-19 17:36:00,38.0,32.430595
1995-08-19 17:37:00,21.0,31.317968
1995-08-19 17:38:00,13.000000000000002,31.160923
1995-08-19 17:39:00,8.0,30.97194
1995-08-19 17:40:00,36.0,30.041464
1995-08-19 17:41:00,19.0,28.25698
1995-08-19 17:42:00,18.0,28.04383
1995-08-19 17:43:00,23.0,27.658945
1995-08-19 17:44:00,31.000000000000004,27.265554
1995-08-19 17:45:00,37.0,26.262974
1995-08-19 17:46:00,38.0,25.837343
1995-08-19 17:47:00,46.0,26.064245
1995-08-19 17:48:00,30.0,26.860258
1995-08-19 17:49:00,17.0,28.011827
1995-08-19 17:50:00,24.0,28.67199
1995-08-19 17:51:00,44.0,28.193422
1995-08-19 17:52:00,39.0,28.25847
1995-08-19 17:53:00,22.0,29.302992
1995-08-19 17:54:00,12.0,30.551947
1995-08-19 17:55:00,20.0,30.785168
1995-08-19 17:56:00,27.0,30.0333
1995-08-19 17:57:00,24.0,29.712996
1995-08-19 17:58:00,17.0,29.50239
1995-08-19 17:59:00,31.000000000000004,29.203348
1995-08-19 18:00:00,31.000000000000004,28.785904
1995-08-19 18:01:00,16.0,28.704174
1995-08-19 18:02:00,9.0,28.155052
1995-08-19 18:03:00,11.0,27.106516
1995-08-19 18:04:00,30.0,25.859226
1995-08-19 18:05:00,27.999999999999996,24.821634
1995-08-19 18:06:00,13.000000000000002,24.679317
1995-08-19 18:07:00,32.0,24.904217
1995-08-19 18:08:00,8.0,25.306505
1995-08-19 18:09:00,19.0,25.887047
1995-08-19 18:10:00,22.0,24.639353
1995-08-19 18:11:00,23.0,23.616558
1995-08-19 18:12:00,27.999999999999996,23.150421
1995-08-19 18:13:00,34.0,22.707325
1995-08-19 18:14:00,31.000000000000004,22.532225
1995-08-19 18:15:00,29.0,23.092855
1995-08-19 18:16:00,16.0,23.679548
1995-08-19 18:17:00,29.0,24.477285
1995-08-19 18:18:00,15.0,24.297564
1995-08-19 18:19:00,11.0,24.466953
1995-08-19 18:20:00,30.0,24.451714
1995-08-19 18:21:00,41.0,23.416634
1995-08-19 18:22:00,53.0,23.76756
1995-08-19 18:23:00,13.999999999999998,24.849201
1995-08-19 18:24:00,33.0,26.187815
1995-08-19 18:25:00,47.0,26.81748
1995-08-19 18:26:00,32.0,27.181627
1995-08-19 18:27:00,29.0,28.326633
1995-08-19 18:28:00,25.0,29.399542
1995-08-19 18:29:00,37.0,30.32558
1995-08-19 18:30:00,45.0,30.48367
1995-08-19 18:31:00,33.0,31.377941
1995-08-19 18:32:00,25.0,33.013374
1995-08-19 18:33:00,23.0,33.883194
1995-08-19 18:34:00,16.0,33.67191
1995-08-19 18:35:00,13.000000000000002,32.58151
1995-08-19 18:36:00,17.0,30.964554
1995-08-19 18:37:00,23.0,29.09123
1995-08-19 18:38:00,13.999999999999998,28.181465
1995-08-19 18:39:00,16.0,27.596863
1995-08-19 18:40:00,13.999999999999998,26.761997
1995-08-19 18:41:00,16.0,25.72525
1995-08-19 18:42:00,19.0,24.297564
1995-08-19 18:43:00,16.0,23.55431
1995-08-19 18:44:00,29.0,23.10375
1995-08-19 18:45:00,17.0,23.063402
1995-08-19 18:46:00,13.000000000000002,24.127247
1995-08-19 18:47:00,13.999999999999998,25.100042
1995-08-19 18:48:00,5.0,24.881645
1995-08-19 18:49:00,10.0,24.378443
1995-08-19 18:50:00,15.0,22.328423
1995-08-19 18:51:00,31.000000000000004,21.11138
1995-08-19 18:52:00,20.0,20.44966
1995-08-19 18:53:00,8.0,21.102114
1995-08-19 18:54:00,6.999999999999999,21.95089
1995-08-19 18:55:00,17.0,21.734669
1995-08-19 18:56:00,9.0,21.096409
1995-08-19 18:57:00,20.0,21.403982
1995-08-19 18:58:00,22.0,20.404793
1995-08-19 18:59:00,25.0,20.321712
1995-08-19 19:00:00,33.0,21.242626
1995-08-19 19:01:00,16.0,22.58014
1995-08-19 19:02:00,11.0,23.727896
1995-08-19 19:03:00,22.0,24.659893
1995-08-19 19:04:00,24.0,24.868793
1995-08-19 19:05:00,27.999999999999996,25.679996
1995-08-19 19:06:00,29.0,25.964895
1995-08-19 19:07:00,27.0,26.140724
1995-08-19 19:08:00,9.0,27.287855
1995-08-19 19:09:00,16.0,27.968243
1995-08-19 19:10:00,25.0,27.501686
1995-08-19 19:11:00,55.99999999999999,27.55253
1995-08-19 19:12:00,47.0,27.737364
1995-08-19 19:13:00,40.0,28.840273
1995-08-19 19:14:00,31.000000000000004,30.684807
1995-08-19 19:15:00,31.000000000000004,32.34348
1995-08-19 19:16:00,23.0,33.736828
1995-08-19 19:17:00,12.0,33.90227
1995-08-19 19:18:00,23.0,34.167778
1995-08-19 19:19:00,6.0,32.78386
1995-08-19 19:20:00,11.0,31.561226
1995-08-19 19:21:00,15.0,28.636145
1995-08-19 19:22:00,30.0,26.755676
1995-08-19 19:23:00,13.000000000000002,24.98542
1995-08-19 19:24:00,27.999999999999996,24.573576
1995-08-19 19:25:00,9.0,24.278915
1995-08-19 19:26:00,12.0,24.526693
1995-08-19 19:27:00,21.0,24.278946
1995-08-19 19:28:00,15.0,23.058891
1995-08-19 19:29:00,38.0,22.834074
1995-08-19 19:30:00,29.0,22.69181
1995-08-19 19:31:00,34.0,23.42392
1995-08-19 19:32:00,15.0,24.683222
1995-08-19 19:33:00,41.0,26.23435
1995-08-19 19:34:00,26.000000000000004,27.102373
1995-08-19 19:35:00,40.0,28.34208
1995-08-19 19:36:00,27.999999999999996,28.752844
1995-08-19 19:37:00,18.0,30.07897
1995-08-19 19:38:00,39.0,31.12275
1995-08-19 19:39:00,24.0,31.3314
1995-08-19 19:40:00,16.0,31.720522
1995-08-19 19:41:00,22.0,31.622044
1995-08-19 19:42:00,13.999999999999998,30.961105
1995-08-19 19:43:00,12.0,30.226181
1995-08-19 19:44:00,31.000000000000004,29.332436
1995-08-19 19:45:00,12.0,27.791485
1995-08-19 19:46:00,13.000000000000002,27.461735
1995-08-19 19:47:00,13.000000000000002,26.798777
1995-08-19 19:48:00,23.0,25.998848
1995-08-19 19:49:00,11.0,25.167078
1995-08-19 19:50:00,9.0,24.54992
1995-08-19 19:51:00,3.0,24.1872
1995-08-19 19:52:00,17.0,23.418945
1995-08-19 19:53:00,18.0,22.584604
1995-08-19 19:54:00,30.0,22.711063
1995-08-19 19:55:00,29.0,23.184856
1995-08-19 19:56:00,19.0,24.378277
1995-08-19 19:57:00,46.0,25.364685
1995-08-19 19:58:00,32.0,25.704586
1995-08-19 19:59:00,37.0,26.84512
1995-08-19 20:00:00,18.0,28.238438
1995-08-19 20:01:00,5.0,29.529053
1995-08-19 20:02:00,19.0,29.71956
1995-08-19 20:03:00,39.0,28.48395
1995-08-19 20:04:00,44.0,26.97571
1995-08-19 20:05:00,25.0,27.57755
1995-08-19 20:06:00,8.0,28.830042
1995-08-19 20:07:00,24.0,29.493162
1995-08-19 20:08:00,17.0,29.222649
1995-08-19 20:09:00,27.0,29.35913
1995-08-19 20:10:00,11.0,28.468533
1995-08-19 20:11:00,18.0,28.090921
1995-08-19 20:12:00,26.000000000000004,27.413376
1995-08-19 20:13:00,23.0,26.741653
1995-08-19 20:14:00,23.0,26.647573
1995-08-19 20:15:00,15.0,26.470577
1995-08-19 20:16:00,15.0,26.465382
1995-08-19 20:17:00,22.0,26.023428
1995-08-19 20:18:00,41.0,25.297787
1995-08-19 20:19:00,9.0,24.575077
1995-08-19 20:20:00,27.999999999999996,24.741396
1995-08-19 20:21:00,27.0,24.038723
1995-08-19 20:22:00,23.0,24.237196
1995-08-19 20:23:00,36.0,24.97853
1995-08-19 20:24:00,43.0,25.708817
1995-08-19 20:25:00,26.000000000000004,26.44565
1995-08-19 20:26:00,52.00000000000001,27.606833
1995-08-19 20:27:00,27.0,28.601498
1995-08-19 20:28:00,21.0,29.855307
1995-08-19 20:29:00,44.0,30.714281
1995-08-19 20:30:00,52.00000000000001,30.803286
1995-08-19 20:31:00,27.0,31.024397
1995-08-19 20:32:00,50.0,32.206676
1995-08-19 20:33:00,44.0,32.41646
1995-08-19 20:34:00,36.0,32.934105
1995-08-19 20:35:00,30.0,34.096138
1995-08-19 20:36:00,24.0,35.01596
1995-08-19 20:37:00,21.0,35.024815
1995-08-19 20:38:00,8.0,34.548016
1995-08-19 20:39:00,29.0,33.475292
1995-08-19 20:40:00,42.0,31.204538
1995-08-19 20:41:00,18.0,29.346613
1995-08-19 20:42:00,36.0,28.989016
1995-08-19 20:43:00,27.0,28.422287
1995-08-19 20:44:00,19.0,29.062716
1995-08-19 20:45:00,45.0,29.400906
1995-08-19 20:46:00,18.0,28.484722
1995-08-19 20:47:00,15.0,28.572521
1995-08-19 20:48:00,13.999999999999998,28.425423
1995-08-19 20:49:00,20.0,27.808075
1995-08-19 20:50:00,21.0,26.546394
1995-08-19 20:51:00,27.0,25.522598
1995-08-19 20:52:00,22.0,24.872337
1995-08-19 20:53:00,11.0,24.880447
1995-08-19 20:54:00,9.0,24.607681
1995-08-19 20:55:00,18.0,23.66627
1995-08-19 20:56:00,13.999999999999998,22.817142
1995-08-19 20:57:00,19.0,22.510225
1995-08-19 20:58:00,6.999999999999999,22.351002
1995-08-19 20:59:00,18.0,22.108843
1995-08-19 21:00:00,11.0,21.12024
1995-08-19 21:01:00,17.0,20.579056
1995-08-19 21:02:00,18.0,20.126728
1995-08-19 21:03:00,59.0,19.741293
1995-08-19 21:04:00,27.0,19.752083
1995-08-19 21:05:00,12.0,21.88706
1995-08-19 21:06:00,33.0,23.457697
1995-08-19 21:07:00,11.0,24.220575
1995-08-19 21:08:00,21.0,25.261951
1995-08-19 21:09:00,15.0,25.329235
1995-08-19 21:10:00,17.0,25.76166
1995-08-19 21:11:00,13.000000000000002,25.625015
1995-08-19 21:12:00,25.0,25.55471
1995-08-19 21:13:00,13.999999999999998,25.01199
1995-08-19 21:14:00,13.000000000000002,24.596931
1995-08-19 21:15:00,30.0,24.546505
1995-08-19 21:16:00,58.0,23.985641
1995-08-19 21:17:00,23.0,23.771637
1995-08-19 21:18:00,50.99999999999999,24.88871
1995-08-19 21:19:00,42.0,25.502306
1995-08-19 21:20:00,31.000000000000004,27.279146
1995-08-19 21:21:00,39.0,28.94276
1995-08-19 21:22:00,32.0,30.089104
1995-08-19 21:23:00,22.0,30.76681
1995-08-19 21:24:00,9.0,31.330467
1995-08-19 21:25:00,23.0,30.592918
1995-08-19 21:26:00,33.0,29.298647
1995-08-19 21:27:00,40.0,27.94402
1995-08-19 21:28:00,29.0,27.62435
1995-08-19 21:29:00,29.0,28.501133
1995-08-19 21:30:00,27.0,29.294947
1995-08-19 21:31:00,20.0,28.91661
1995-08-19 21:32:00,31.000000000000004,28.67014
1995-08-19 21:33:00,23.0,28.5282
1995-08-19 21:34:00,23.0,29.041025
1995-08-19 21:35:00,35.0,29.043385
1995-08-19 21:36:00,21.0,29.491354
1995-08-19 21:37:00,13.000000000000002,29.200834
1995-08-19 21:38:00,15.0,29.046597
1995-08-19 21:39:00,24.0,28.31202
1995-08-19 21:40:00,17.0,27.472187
1995-08-19 21:41:00,13.000000000000002,26.887823
1995-08-19 21:42:00,20.0,26.594893
1995-08-19 21:43:00,32.0,26.415213
1995-08-19 21:44:00,27.0,26.442125
1995-08-19 21:45:00,13.000000000000002,27.2037
1995-08-19 21:46:00,20.0,27.928238
1995-08-19 21:47:00,19.0,27.392017
1995-08-19 21:48:00,33.0,26.230724
1995-08-19 21:49:00,29.0,25.491552
1995-08-19 21:50:00,31.000000000000004,25.51947
1995-08-19 21:51:00,53.0,26.338722
1995-08-19 21:52:00,33.0,27.22724
1995-08-19 21:53:00,42.0,29.20114
1995-08-19 21:54:00,33.0,30.871794
1995-08-19 21:55:00,17.0,31.976393
1995-08-19 21:56:00,13.000000000000002,31.800554
1995-08-19 21:57:00,16.0,31.324917
1995-08-19 21:58:00,24.0,30.324087
1995-08-19 21:59:00,31.000000000000004,28.714645
1995-08-19 22:00:00,46.0,27.50218
1995-08-19 22:01:00,25.0,27.392591
1995-08-19 22:02:00,17.0,28.030518
1995-08-19 22:03:00,20.0,28.156467
1995-08-19 22:04:00,49.0,27.732578
1995-08-19 22:05:00,17.0,27.161549
1995-08-19 22:06:00,30.0,27.26937
1995-08-19 22:07:00,21.0,26.8814
1995-08-19 22:08:00,11.0,27.038797
1995-08-19 22:09:00,27.999999999999996,26.649775
1995-08-19 22:10:00,35.0,25.651312
1995-08-19 22:11:00,18.0,25.31815
1995-08-19 22:12:00,29.0,25.703632
1995-08-19 22:13:00,27.0,25.440954
1995-08-19 22:14:00,55.99999999999999,25.634954
1995-08-19 22:15:00,33.0,25.70735
1995-08-19 22:16:00,18.0,27.735746
1995-08-19 22:17:00,41.0,29.717522
1995-08-19 22:18:00,35.0,29.929436
1995-08-19 22:19:00,46.0,30.003016
1995-08-19 22:20:00,27.999999999999996,30.149782
1995-08-19 22:21:00,22.0,30.847275
1995-08-19 22:22:00,20.0,31.044596
1995-08-19 22:23:00,13.000000000000002,30.446558
1995-08-19 22:24:00,50.0,30.05776
1995-08-19 22:25:00,35.0,29.286232
1995-08-19 22:26:00,23.0,29.427246
1995-08-19 22:27:00,33.0,29.19281
1995-08-19 22:28:00,15.0,28.837173
1995-08-19 22:29:00,11.0,29.14113
1995-08-19 22:30:00,13.000000000000002,28.224321
1995-08-19 22:31:00,13.000000000000002,26.194939
1995-08-19 22:32:00,33.0,25.24023
1995-08-19 22:33:00,42.0,24.584326
1995-08-19 22:34:00,17.0,25.076283
1995-08-19 22:35:00,13.000000000000002,26.428371
1995-08-19 22:36:00,19.0,26.64297
1995-08-19 22:37:00,20.0,26.111229
1995-08-19 22:38:00,31.000000000000004,25.743475
1995-08-19 22:39:00,16.0,25.383585
1995-08-19 22:40:00,12.0,25.469114
1995-08-19 22:41:00,32.0,25.324278
1995-08-19 22:42:00,19.0,24.721266
1995-08-19 22:43:00,22.0,24.692947
1995-08-19 22:44:00,19.0,24.189709
1995-08-19 22:45:00,19.0,23.914469
1995-08-19 22:46:00,29.0,24.08865
1995-08-19 22:47:00,17.0,24.45199
1995-08-19 22:48:00,23.0,24.853434
1995-08-19 22:49:00,11.0,24.94217
1995-08-19 22:50:00,24.0,25.171623
1995-08-19 22:51:00,21.0,24.319355
1995-08-19 22:52:00,13.999999999999998,23.87759
1995-08-19 22:53:00,13.999999999999998,24.104315
1995-08-19 22:54:00,24.0,24.231174
1995-08-19 22:55:00,27.999999999999996,23.789736
1995-08-19 22:56:00,44.0,23.549751
1995-08-19 22:57:00,25.0,24.002043
1995-08-19 22:58:00,27.0,25.534206
1995-08-19 22:59:00,55.99999999999999,26.24462
1995-08-19 23:00:00,36.0,26.77567
1995-08-19 23:01:00,27.999999999999996,28.30969
1995-08-19 23:02:00,27.0,29.871666
1995-08-19 23:03:00,48.0,30.683329
1995-08-19 23:04:00,27.0,31.105402
1995-08-19 23:05:00,27.999999999999996,31.846266
1995-08-19 23:06:00,17.0,31.773201
1995-08-19 23:07:00,18.0,31.164297
1995-08-19 23:08:00,16.0,29.475443
1995-08-19 23:09:00,13.000000000000002,28.276329
1995-08-19 23:10:00,20.0,26.996845
1995-08-19 23:11:00,27.999999999999996,25.699852
1995-08-19 23:12:00,37.0,24.9486
1995-08-19 23:13:00,23.0,24.98309
1995-08-19 23:14:00,37.0,25.47525
1995-08-19 23:15:00,33.0,25.714386
1995-08-19 23:16:00,35.0,26.407413
1995-08-19 23:17:00,16.0,27.102512
1995-08-19 23:18:00,36.0,28.172789
1995-08-19 23:19:00,27.0,28.324099
1995-08-19 23:20:00,31.000000000000004,28.41016
1995-08-19 23:21:00,24.0,28.736582
1995-08-19 23:22:00,38.0,29.209248
1995-08-19 23:23:00,52.00000000000001,29.471552
1995-08-19 23:24:00,41.0,29.964539
1995-08-19 23:25:00,32.0,31.069372
1995-08-19 23:26:00,50.99999999999999,31.748278
1995-08-19 23:27:00,50.0,32.05345
1995-08-19 23:28:00,32.0,33.06424
1995-08-19 23:29:00,41.0,34.09681
1995-08-19 23:30:00,34.0,34.474594
1995-08-19 23:31:00,40.0,34.417145
1995-08-19 23:32:00,26.000000000000004,34.563274
1995-08-19 23:33:00,27.0,34.813282
1995-08-19 23:34:00,13.999999999999998,34.57086
1995-08-19 23:35:00,29.0,34.324814
1995-08-19 23:36:00,12.0,33.279667
1995-08-19 23:37:00,16.0,31.68885
1995-08-19 23:38:00,11.0,29.638231
1995-08-19 23:39:00,17.0,27.265827
1995-08-19 23:40:00,23.0,25.500664
1995-08-19 23:41:00,20.0,24.360994
1995-08-19 23:42:00,25.0,23.496778
1995-08-19 23:43:00,32.0,23.375797
1995-08-19 23:44:00,32.0,23.41627
1995-08-19 23:45:00,25.0,24.112682
1995-08-19 23:46:00,24.0,24.899952
1995-08-19 23:47:00,18.0,25.288502
1995-08-19 23:48:00,16.0,25.76865
1995-08-19 23:49:00,11.0,26.016577
1995-08-19 23:50:00,15.0,25.669367
1995-08-19 23:51:00,19.0,24.60789
1995-08-19 23:52:00,19.0,23.664299
1995-08-19 23:53:00,18.0,23.184286
1995-08-19 23:54:00,13.000000000000002,23.18815
1995-08-19 23:55:00,30.0,22.977335
1995-08-19 23:56:00,20.0,22.216393
1995-08-19 23:57:00,15.0,22.390383
1995-08-19 23:58:00,29.0,23.142609
1995-08-19 23:59:00,23.0,23.23637
1995-08-20 00:00:00,27.0,23.841442
1995-08-20 00:01:00,39.0,24.774384
1995-08-20 00:02:00,12.0,25.269978
1995-08-20 00:03:00,31.000000000000004,26.51591
1995-08-20 00:04:00,21.0,26.292965
1995-08-20 00:05:00,18.0,26.023645
1995-08-20 00:06:00,34.0,25.704296
1995-08-20 00:07:00,30.0,25.219578
1995-08-20 00:08:00,30.0,25.143822
1995-08-20 00:09:00,17.0,25.152832
1995-08-20 00:10:00,59.0,25.170895
1995-08-20 00:11:00,22.0,24.753345
1995-08-20 00:12:00,26.000000000000004,25.791725
1995-08-20 00:13:00,19.0,25.450752
1995-08-20 00:14:00,23.0,25.329971
1995-08-20 00:15:00,38.0,24.944044
1995-08-20 00:16:00,16.0,24.254766
1995-08-20 00:17:00,11.0,24.546362
1995-08-20 00:18:00,27.999999999999996,24.130774
1995-08-20 00:19:00,35.0,23.295742
1995-08-20 00:20:00,32.0,22.775742
1995-08-20 00:21:00,18.0,23.096962
1995-08-20 00:22:00,22.0,23.874363
1995-08-20 00:23:00,39.0,23.675192
1995-08-20 00:24:00,49.0,23.43914
1995-08-20 00:25:00,29.0,23.576706
1995-08-20 00:26:00,38.0,24.764036
1995-08-20 00:27:00,29.0,25.764637
1995-08-20 00:28:00,38.0,26.749086
1995-08-20 00:29:00,19.0,26.646225
1995-08-20 00:30:00,42.0,27.074465
1995-08-20 00:31:00,29.0,26.905739
1995-08-20 00:32:00,26.000000000000004,26.846395
1995-08-20 00:33:00,19.0,26.906782
1995-08-20 00:34:00,26.000000000000004,26.614325
1995-08-20 00:35:00,29.0,25.69596
1995-08-20 00:36:00,36.0,24.966467
1995-08-20 00:37:00,37.0,24.593111
1995-08-20 00:38:00,30.0,24.405651
1995-08-20 00:39:00,26.000000000000004,24.123201
1995-08-20 00:40:00,26.000000000000004,24.248844
1995-08-20 00:41:00,29.0,24.60553
1995-08-20 00:42:00,22.0,24.763664
1995-08-20 00:43:00,26.000000000000004,25.10244
1995-08-20 00:44:00,31.000000000000004,25.099476
1995-08-20 00:45:00,22.0,24.835373
1995-08-20 00:46:00,27.0,24.923458
1995-08-20 00:47:00,32.0,24.309252
1995-08-20 00:48:00,29.0,23.899818
1995-08-20 00:49:00,15.0,23.992748
1995-08-20 00:50:00,10.0,24.154865
1995-08-20 00:51:00,26.000000000000004,23.730516
1995-08-20 00:52:00,39.0,22.87575
1995-08-20 00:53:00,31.000000000000004,22.619356
1995-08-20 00:54:00,30.0,22.902536
1995-08-20 00:55:00,23.0,23.194689
1995-08-20 00:56:00,33.0,23.288055
1995-08-20 00:57:00,13.999999999999998,23.499712
1995-08-20 00:58:00,29.0,24.025185
1995-08-20 00:59:00,21.0,24.006891
1995-08-20 01:00:00,27.999999999999996,23.916336
1995-08-20 01:01:00,27.999999999999996,23.74114
1995-08-20 01:02:00,6.999999999999999,23.665249
1995-08-20 01:03:00,29.0,23.88168
1995-08-20 01:04:00,13.999999999999998,22.841871
1995-08-20 01:05:00,29.0,22.494823
1995-08-20 01:06:00,27.0,21.904392
1995-08-20 01:07:00,16.0,21.77229
1995-08-20 01:08:00,41.0,22.179827
1995-08-20 01:09:00,19.0,22.42079
1995-08-20 01:10:00,13.000000000000002,22.907074
1995-08-20 01:11:00,16.0,22.652248
1995-08-20 01:12:00,27.999999999999996,21.871176
1995-08-20 01:13:00,25.0,20.969643
1995-08-20 01:14:00,13.999999999999998,20.889917
1995-08-20 01:15:00,38.0,21.190722
1995-08-20 01:16:00,19.0,20.769123
1995-08-20 01:17:00,30.0,21.2777
1995-08-20 01:18:00,41.0,21.42667
1995-08-20 01:19:00,43.0,21.846916
1995-08-20 01:20:00,29.0,22.773258
1995-08-20 01:21:00,26.000000000000004,24.463066
1995-08-20 01:22:00,22.0,25.351734
1995-08-20 01:23:00,33.0,25.650646
1995-08-20 01:24:00,24.0,25.457726
1995-08-20 01:25:00,16.0,26.194853
1995-08-20 01:26:00,37.0,26.347115
1995-08-20 01:27:00,27.999999999999996,25.517056
1995-08-20 01:28:00,22.0,25.376205
1995-08-20 01:29:00,25.0,24.79484
1995-08-20 01:30:00,24.0,24.317081
1995-08-20 01:31:00,16.0,23.861532
1995-08-20 01:32:00,13.000000000000002,23.440273
1995-08-20 01:33:00,20.0,22.661535
1995-08-20 01:34:00,24.0,21.661745
1995-08-20 01:35:00,37.0,20.941229
1995-08-20 01:36:00,21.0,20.794737
1995-08-20 01:37:00,22.0,20.967903
1995-08-20 01:38:00,20.0,21.065908
1995-08-20 01:39:00,6.999999999999999,21.452503
1995-08-20 01:40:00,4.0,21.592196
1995-08-20 01:41:00,10.0,20.829044
1995-08-20 01:42:00,21.0,19.04807
1995-08-20 01:43:00,19.0,17.773045
1995-08-20 01:44:00,13.000000000000002,17.464996
1995-08-20 01:45:00,29.0,17.30134
1995-08-20 01:46:00,26.000000000000004,17.035685
1995-08-20 01:47:00,25.0,17.790562
1995-08-20 01:48:00,12.0,18.656887
1995-08-20 01:49:00,12.0,19.407116
1995-08-20 01:50:00,26.000000000000004,19.27542
1995-08-20 01:51:00,13.999999999999998,18.808252
1995-08-20 01:52:00,23.0,19.175116
1995-08-20 01:53:00,17.0,19.498274
1995-08-20 01:54:00,22.0,20.019678
1995-08-20 01:55:00,27.999999999999996,20.411596
1995-08-20 01:56:00,11.0,20.502699
1995-08-20 01:57:00,19.0,20.741241
1995-08-20 01:58:00,31.000000000000004,19.333956
1995-08-20 01:59:00,15.0,18.801693
1995-08-20 02:00:00,13.999999999999998,18.829062
1995-08-20 02:01:00,8.0,19.056774
1995-08-20 02:02:00,9.0,18.702902
1995-08-20 02:03:00,25.0,17.751081
1995-08-20 02:04:00,13.999999999999998,16.762371
1995-08-20 02:05:00,12.0,16.589191
1995-08-20 02:06:00,15.0,16.391321
1995-08-20 02:07:00,10.0,16.298626
1995-08-20 02:08:00,18.0,16.349669
1995-08-20 02:09:00,10.0,16.206896
1995-08-20 02:10:00,9.0,16.121422
1995-08-20 02:11:00,6.0,15.767389
1995-08-20 02:12:00,12.0,15.652175
1995-08-20 02:13:00,8.0,15.176943
1995-08-20 02:14:00,19.0,15.125688
1995-08-20 02:15:00,12.0,14.685478
1995-08-20 02:16:00,27.999999999999996,14.793538
1995-08-20 02:17:00,10.0,14.806241
1995-08-20 02:18:00,9.0,15.224498
1995-08-20 02:19:00,11.0,15.667643
1995-08-20 02:20:00,20.0,15.635199
1995-08-20 02:21:00,12.0,15.302769
1995-08-20 02:22:00,13.000000000000002,15.135642
1995-08-20 02:23:00,12.0,14.705476
1995-08-20 02:24:00,15.0,14.096197
1995-08-20 02:25:00,20.0,13.920117
1995-08-20 02:26:00,15.0,13.879065
1995-08-20 02:27:00,16.0,14.49825
1995-08-20 02:28:00,13.000000000000002,14.875903
1995-08-20 02:29:00,6.999999999999999,14.628753
1995-08-20 02:30:00,5.0,14.413112
1995-08-20 02:31:00,27.0,13.850335
1995-08-20 02:32:00,12.0,12.911098
1995-08-20 02:33:00,6.0,12.556567
1995-08-20 02:34:00,26.000000000000004,12.599193
1995-08-20 02:35:00,17.0,12.435428
1995-08-20 02:36:00,18.0,12.711075
1995-08-20 02:37:00,9.0,13.11023
1995-08-20 02:38:00,23.0,13.520681
1995-08-20 02:39:00,26.000000000000004,13.797921
1995-08-20 02:40:00,17.0,13.907869
1995-08-20 02:41:00,9.0,14.732928
1995-08-20 02:42:00,12.0,15.304923
1995-08-20 02:43:00,11.0,15.282802
1995-08-20 02:44:00,12.0,15.782102
1995-08-20 02:45:00,12.0,16.39288
1995-08-20 02:46:00,18.0,16.166233
1995-08-20 02:47:00,17.0,14.853356
1995-08-20 02:48:00,9.0,14.195629
1995-08-20 02:49:00,4.0,13.675309
1995-08-20 02:50:00,12.0,13.078315
1995-08-20 02:51:00,15.0,12.327588
1995-08-20 02:52:00,5.0,11.362368
1995-08-20 02:53:00,23.0,11.040733
1995-08-20 02:54:00,6.0,10.53166
1995-08-20 02:55:00,17.0,10.972719
1995-08-20 02:56:00,24.0,10.938719
1995-08-20 02:57:00,23.0,10.833843
1995-08-20 02:58:00,15.0,11.3317585
1995-08-20 02:59:00,6.999999999999999,11.936483
1995-08-20 03:00:00,6.0,12.80735
1995-08-20 03:01:00,10.0,11.845047
1995-08-20 03:02:00,26.000000000000004,11.036938
1995-08-20 03:03:00,25.0,10.462397
1995-08-20 03:04:00,25.0,10.652576
1995-08-20 03:05:00,20.0,11.746364
1995-08-20 03:06:00,12.0,13.4278
1995-08-20 03:07:00,23.0,15.005332
1995-08-20 03:08:00,11.0,15.662613
1995-08-20 03:09:00,19.0,15.504765
1995-08-20 03:10:00,16.0,15.420432
1995-08-20 03:11:00,10.0,15.841239
1995-08-20 03:12:00,6.999999999999999,16.366982
1995-08-20 03:13:00,17.0,16.0842
1995-08-20 03:14:00,18.0,15.347391
1995-08-20 03:15:00,12.0,15.596105
1995-08-20 03:16:00,1.0,15.668451
1995-08-20 03:17:00,10.0,15.582984
1995-08-20 03:18:00,4.0,13.205188
1995-08-20 03:19:00,1.0,12.086697
1995-08-20 03:20:00,6.999999999999999,11.137725
1995-08-20 03:21:00,23.0,10.273571
1995-08-20 03:22:00,5.0,10.574261
1995-08-20 03:23:00,13.000000000000002,11.447726
1995-08-20 03:24:00,13.000000000000002,11.669403
1995-08-20 03:25:00,8.0,12.133866
1995-08-20 03:26:00,35.0,12.044675
1995-08-20 03:27:00,23.0,11.997367
1995-08-20 03:28:00,19.0,12.79077
1995-08-20 03:29:00,17.0,13.729919
1995-08-20 03:30:00,31.000000000000004,14.465127
1995-08-20 03:31:00,19.0,15.116343
1995-08-20 03:32:00,19.0,16.067719
1995-08-20 03:33:00,6.999999999999999,16.54007
1995-08-20 03:34:00,10.0,16.822525
1995-08-20 03:35:00,9.0,16.64539
1995-08-20 03:36:00,20.0,15.862117
1995-08-20 03:37:00,13.000000000000002,15.063319
1995-08-20 03:38:00,21.0,14.9919615
1995-08-20 03:39:00,15.0,15.089867
1995-08-20 03:40:00,6.0,15.627256
1995-08-20 03:41:00,16.0,15.264314
1995-08-20 03:42:00,25.0,14.0915985
1995-08-20 03:43:00,27.0,13.550678
1995-08-20 03:44:00,15.0,13.803084
1995-08-20 03:45:00,18.0,14.221758
1995-08-20 03:46:00,13.999999999999998,14.33262
1995-08-20 03:47:00,11.0,14.154416
1995-08-20 03:48:00,9.0,13.817116
1995-08-20 03:49:00,21.0,13.623248
1995-08-20 03:50:00,9.0,13.268899
1995-08-20 03:51:00,24.0,13.170991
1995-08-20 03:52:00,18.0,12.848219
1995-08-20 03:53:00,24.0,13.321542
1995-08-20 03:54:00,17.0,13.667947
1995-08-20 03:55:00,17.0,14.506888
1995-08-20 03:56:00,10.0,15.129522
1995-08-20 03:57:00,8.0,14.963017
1995-08-20 03:58:00,13.999999999999998,14.110784
1995-08-20 03:59:00,19.0,13.477787
1995-08-20 04:00:00,6.999999999999999,12.798455
1995-08-20 04:01:00,30.0,12.895084
1995-08-20 04:02:00,27.0,12.814418
1995-08-20 04:03:00,30.0,13.499493
1995-08-20 04:04:00,17.0,14.616333
1995-08-20 04:05:00,13.999999999999998,16.31592
1995-08-20 04:06:00,11.0,17.036827
1995-08-20 04:07:00,5.0,17.110945
1995-08-20 04:08:00,5.0,16.558853
1995-08-20 04:09:00,2.0,15.601961
1995-08-20 04:10:00,3.0,14.672071
1995-08-20 04:11:00,8.0,13.3572
1995-08-20 04:12:00,10.0,12.013547
1995-08-20 04:13:00,0.0,10.747848
1995-08-20 04:14:00,8.0,10.274341
1995-08-20 04:15:00,24.0,8.730777
1995-08-20 04:16:00,6.999999999999999,8.266307
1995-08-20 04:17:00,24.0,9.564676
1995-08-20 04:18:00,11.0,10.497858
1995-08-20 04:19:00,15.0,11.511103
1995-08-20 04:20:00,16.0,11.927144
1995-08-20 04:21:00,13.000000000000002,12.097421
1995-08-20 04:22:00,20.0,12.103308
1995-08-20 04:23:00,8.0,12.112699
1995-08-20 04:24:00,9.0,12.014796
1995-08-20 04:25:00,3.0,12.262212
1995-08-20 04:26:00,9.0,11.928152
1995-08-20 04:27:00,9.0,10.997756
1995-08-20 04:28:00,26.000000000000004,10.90358
1995-08-20 04:29:00,29.0,10.636828
1995-08-20 04:30:00,3.0,10.739444
1995-08-20 04:31:00,15.0,11.825932
1995-08-20 04:32:00,12.0,11.163035
1995-08-20 04:33:00,6.999999999999999,11.12752
1995-08-20 04:34:00,13.999999999999998,10.770135
1995-08-20 04:35:00,4.0,10.357539
1995-08-20 04:36:00,4.0,10.302476
1995-08-20 04:37:00,18.0,10.1495495
1995-08-20 04:38:00,18.0,9.774959
1995-08-20 04:39:00,1.0,9.894738
1995-08-20 04:40:00,1.0,10.232268
1995-08-20 04:41:00,10.0,8.782059
1995-08-20 04:42:00,8.0,7.358599
1995-08-20 04:43:00,2.0,7.186337
1995-08-20 04:44:00,11.0,8.301527
1995-08-20 04:45:00,20.0,8.366648
1995-08-20 04:46:00,22.0,8.945395
1995-08-20 04:47:00,6.999999999999999,9.762992
1995-08-20 04:48:00,17.0,10.591913
1995-08-20 04:49:00,10.0,10.631979
1995-08-20 04:50:00,16.0,10.673017
1995-08-20 04:51:00,13.999999999999998,10.497547
1995-08-20 04:52:00,6.999999999999999,10.226673
1995-08-20 04:53:00,8.0,10.418778
1995-08-20 04:54:00,6.999999999999999,10.706798
1995-08-20 04:55:00,3.0,10.953028
1995-08-20 04:56:00,18.0,10.9834795
1995-08-20 04:57:00,5.0,10.240859
1995-08-20 04:58:00,17.0,10.360788
1995-08-20 04:59:00,15.0,10.271238
1995-08-20 05:00:00,6.999999999999999,10.727265
1995-08-20 05:01:00,6.0,11.052991
1995-08-20 05:02:00,0.0,10.58528
1995-08-20 05:03:00,12.0,9.875019
1995-08-20 05:04:00,17.0,8.193302
1995-08-20 05:05:00,10.0,7.38891
1995-08-20 05:06:00,47.0,7.666636
1995-08-20 05:07:00,45.0,7.7831445
1995-08-20 05:08:00,16.0,10.040413
1995-08-20 05:09:00,8.0,12.6945505
1995-08-20 05:10:00,40.0,14.004291
1995-08-20 05:11:00,1.0,14.127832
1995-08-20 05:12:00,15.0,14.44287
1995-08-20 05:13:00,2.0,13.38526
1995-08-20 05:14:00,3.0,12.898304
1995-08-20 05:15:00,3.0,12.024338
1995-08-20 05:16:00,6.0,11.211164
1995-08-20 05:17:00,6.0,10.3133745
1995-08-20 05:18:00,1.0,8.618942
1995-08-20 05:19:00,2.0,7.057122
1995-08-20 05:20:00,5.0,5.1505547
1995-08-20 05:21:00,1.0,3.9538016
1995-08-20 05:22:00,12.0,3.7979546
1995-08-20 05:23:00,5.0,4.028291
1995-08-20 05:24:00,6.999999999999999,4.904026
1995-08-20 05:25:00,2.0,5.129523
1995-08-20 05:26:00,13.000000000000002,5.7694287
1995-08-20 05:27:00,13.000000000000002,5.474068
1995-08-20 05:28:00,3.0,5.7504725
1995-08-20 05:29:00,8.0,6.2888885
1995-08-20 05:30:00,6.0,6.748198
1995-08-20 05:31:00,2.0,6.9355206
1995-08-20 05:32:00,3.0,6.647088
1995-08-20 05:33:00,2.0,6.1184006
1995-08-20 05:34:00,6.0,5.505634
1995-08-20 05:35:00,15.0,5.019318
1995-08-20 05:36:00,6.0,5.086804
1995-08-20 05:37:00,8.0,5.868704
1995-08-20 05:38:00,2.0,6.4443917
1995-08-20 05:39:00,2.0,6.5719137
1995-08-20 05:40:00,5.0,5.769661
1995-08-20 05:41:00,2.0,5.0339527
1995-08-20 05:42:00,10.0,4.734473
1995-08-20 05:43:00,5.0,4.0583425
1995-08-20 05:44:00,6.0,4.2143316
1995-08-20 05:45:00,13.000000000000002,4.3477826
1995-08-20 05:46:00,16.0,4.410471
1995-08-20 05:47:00,17.0,5.136731
1995-08-20 05:48:00,13.999999999999998,6.101485
1995-08-20 05:49:00,2.0,7.335057
1995-08-20 05:50:00,6.999999999999999,8.497193
1995-08-20 05:51:00,15.0,7.4557924
1995-08-20 05:52:00,8.0,6.6511526
1995-08-20 05:53:00,13.000000000000002,7.3681707
1995-08-20 05:54:00,13.000000000000002,7.72083
1995-08-20 05:55:00,15.0,8.372312
1995-08-20 05:56:00,8.0,9.016816
1995-08-20 05:57:00,16.0,9.593662
1995-08-20 05:58:00,9.0,9.262822
1995-08-20 05:59:00,5.0,9.242898
1995-08-20 06:00:00,13.000000000000002,9.406989
1995-08-20 06:01:00,4.0,8.96363
1995-08-20 06:02:00,9.0,8.993047
1995-08-20 06:03:00,4.0,8.129208
1995-08-20 06:04:00,18.0,7.445708
1995-08-20 06:05:00,5.0,6.164212
1995-08-20 06:06:00,1.0,6.214064
1995-08-20 06:07:00,3.0,5.8315105
1995-08-20 06:08:00,2.0,4.710315
1995-08-20 06:09:00,1.0,3.8666265
1995-08-20 06:10:00,5.0,2.7906337
1995-08-20 06:11:00,13.000000000000002,1.5447321
1995-08-20 06:12:00,1.0,1.5977675
1995-08-20 06:13:00,5.0,2.4354455
1995-08-20 06:14:00,4.0,2.8228362
1995-08-20 06:15:00,5.0,3.3353379
1995-08-20 06:16:00,12.0,3.7906373
1995-08-20 06:17:00,11.0,3.938847
1995-08-20 06:18:00,15.0,4.519927
1995-08-20 06:19:00,15.0,5.228255
1995-08-20 06:20:00,12.0,6.055323
1995-08-20 06:21:00,16.0,6.773367
1995-08-20 06:22:00,8.0,7.638359
1995-08-20 06:23:00,17.0,8.791666
1995-08-20 06:24:00,25.0,9.708843
1995-08-20 06:25:00,21.0,10.846969
1995-08-20 06:26:00,5.0,12.279333
1995-08-20 06:27:00,3.0,13.030047
1995-08-20 06:28:00,10.0,12.139168
1995-08-20 06:29:00,15.0,11.0072155
1995-08-20 06:30:00,4.0,10.1121235
1995-08-20 06:31:00,5.0,9.592607
1995-08-20 06:32:00,5.0,9.175711
1995-08-20 06:33:00,5.0,8.832224
1995-08-20 06:34:00,9.0,8.589111
1995-08-20 06:35:00,5.0,8.174201
1995-08-20 06:36:00,4.0,8.143471
1995-08-20 06:37:00,13.000000000000002,8.089184
1995-08-20 06:38:00,6.999999999999999,7.7669797
1995-08-20 06:39:00,19.0,8.102171
1995-08-20 06:40:00,6.0,8.220876
1995-08-20 06:41:00,12.0,9.154981
1995-08-20 06:42:00,5.0,9.55841
1995-08-20 06:43:00,5.0,9.894985
1995-08-20 06:44:00,10.0,9.721079
1995-08-20 06:45:00,6.999999999999999,9.00257
1995-08-20 06:46:00,1.0,8.280743
1995-08-20 06:47:00,9.0,7.611673
1995-08-20 06:48:00,10.0,6.48364
1995-08-20 06:49:00,2.0,6.643648
1995-08-20 06:50:00,6.0,7.659406
1995-08-20 06:51:00,9.0,8.0529585
1995-08-20 06:52:00,6.999999999999999,8.240731
1995-08-20 06:53:00,6.0,8.080786
1995-08-20 06:54:00,9.0,7.8008237
1995-08-20 06:55:00,12.0,7.6986427
1995-08-20 06:56:00,6.999999999999999,7.665568
1995-08-20 06:57:00,17.0,8.335649
1995-08-20 06:58:00,3.0,8.393636
1995-08-20 06:59:00,11.0,9.564598
1995-08-20 07:00:00,5.0,9.436367
1995-08-20 07:01:00,12.0,9.155119
1995-08-20 07:02:00,13.999999999999998,7.980859
1995-08-20 07:03:00,12.0,8.1492405
1995-08-20 07:04:00,2.0,8.954267
1995-08-20 07:05:00,12.0,10.181412
1995-08-20 07:06:00,13.999999999999998,10.084236
1995-08-20 07:07:00,6.0,10.436853
1995-08-20 07:08:00,15.0,10.723452
1995-08-20 07:09:00,8.0,10.507309
1995-08-20 07:10:00,13.999999999999998,11.100884
1995-08-20 07:11:00,15.0,11.377132
1995-08-20 07:12:00,8.0,11.879676
1995-08-20 07:13:00,13.999999999999998,12.604214
1995-08-20 07:14:00,13.999999999999998,12.617231
1995-08-20 07:15:00,8.0,12.902999
1995-08-20 07:16:00,17.0,13.020104
1995-08-20 07:17:00,17.0,12.141017
1995-08-20 07:18:00,20.0,11.598331
1995-08-20 07:19:00,35.0,11.682565
1995-08-20 07:20:00,12.0,12.608999
1995-08-20 07:21:00,9.0,14.1537285
1995-08-20 07:22:00,9.0,14.949675
1995-08-20 07:23:00,22.0,14.722012
1995-08-20 07:24:00,11.0,13.945259
1995-08-20 07:25:00,25.0,13.426285
1995-08-20 07:26:00,21.0,12.445575
1995-08-20 07:27:00,17.0,12.064922
1995-08-20 07:28:00,12.0,11.77586
1995-08-20 07:29:00,32.0,12.163423
1995-08-20 07:30:00,10.0,12.312278
1995-08-20 07:31:00,13.999999999999998,13.114023
1995-08-20 07:32:00,15.0,13.300212
1995-08-20 07:33:00,25.0,13.402247
1995-08-20 07:34:00,8.0,13.533379
1995-08-20 07:35:00,16.0,13.610834
1995-08-20 07:36:00,17.0,13.391165
1995-08-20 07:37:00,19.0,13.741914
1995-08-20 07:38:00,16.0,13.744552
1995-08-20 07:39:00,24.0,14.266335
1995-08-20 07:40:00,19.0,13.639138
1995-08-20 07:41:00,12.0,13.557763
1995-08-20 07:42:00,17.0,13.648083
1995-08-20 07:43:00,18.0,13.225003
1995-08-20 07:44:00,15.0,13.4974375
1995-08-20 07:45:00,24.0,14.093491
1995-08-20 07:46:00,10.0,14.22622
1995-08-20 07:47:00,10.0,14.278903
1995-08-20 07:48:00,9.0,14.312714
1995-08-20 07:49:00,10.0,13.600237
1995-08-20 07:50:00,6.0,12.880338
1995-08-20 07:51:00,26.000000000000004,12.615031
1995-08-20 07:52:00,6.999999999999999,12.215933
1995-08-20 07:53:00,13.999999999999998,12.7624445
1995-08-20 07:54:00,10.0,12.157572
1995-08-20 07:55:00,10.0,12.258451
1995-08-20 07:56:00,3.0,12.370208
1995-08-20 07:57:00,9.0,12.0049715
1995-08-20 07:58:00,13.000000000000002,10.821426
1995-08-20 07:59:00,12.0,10.166629
1995-08-20 08:00:00,16.0,9.674054
1995-08-20 08:01:00,5.0,9.315185
1995-08-20 08:02:00,13.000000000000002,9.047715
1995-08-20 08:03:00,11.0,8.647669
1995-08-20 08:04:00,13.000000000000002,8.377574
1995-08-20 08:05:00,25.0,8.639247
1995-08-20 08:06:00,19.0,9.40685
1995-08-20 08:07:00,17.0,10.550055
1995-08-20 08:08:00,17.0,11.951218
1995-08-20 08:09:00,21.0,13.330839
1995-08-20 08:10:00,18.0,14.000332
1995-08-20 08:11:00,9.0,13.75616
1995-08-20 08:12:00,10.0,13.642904
1995-08-20 08:13:00,10.0,13.39853
1995-08-20 08:14:00,4.0,12.892552
1995-08-20 08:15:00,10.0,11.886517
1995-08-20 08:16:00,6.999999999999999,10.338982
1995-08-20 08:17:00,2.0,8.898618
1995-08-20 08:18:00,12.0,8.137373
1995-08-20 08:19:00,30.0,6.8464775
1995-08-20 08:20:00,17.0,6.9685955
1995-08-20 08:21:00,24.0,8.190565
1995-08-20 08:22:00,11.0,9.890957
1995-08-20 08:23:00,4.0,11.9696245
1995-08-20 08:24:00,11.0,12.741995
1995-08-20 08:25:00,9.0,12.504853
1995-08-20 08:26:00,2.0,12.84474
1995-08-20 08:27:00,20.0,12.728461
1995-08-20 08:28:00,32.0,11.308523
1995-08-20 08:29:00,13.000000000000002,11.182042
1995-08-20 08:30:00,5.0,12.270274
1995-08-20 08:31:00,11.0,12.714285
1995-08-20 08:32:00,19.0,12.69189
1995-08-20 08:33:00,9.0,12.446966
1995-08-20 08:34:00,16.0,12.483257
1995-08-20 08:35:00,13.000000000000002,12.81923
1995-08-20 08:36:00,17.0,13.593339
1995-08-20 08:37:00,6.999999999999999,13.998762
1995-08-20 08:38:00,12.0,14.249371
1995-08-20 08:39:00,15.0,13.94474
1995-08-20 08:40:00,13.000000000000002,13.229494
1995-08-20 08:41:00,10.0,12.885132
1995-08-20 08:42:00,31.000000000000004,12.7878065
1995-08-20 08:43:00,9.0,11.854444
1995-08-20 08:44:00,3.0,13.508252
1995-08-20 08:45:00,9.0,14.80609
1995-08-20 08:46:00,25.0,14.369527
1995-08-20 08:47:00,27.0,13.890999
1995-08-20 08:48:00,24.0,14.21225
1995-08-20 08:49:00,18.0,15.166248
1995-08-20 08:50:00,6.999999999999999,15.731563
1995-08-20 08:51:00,15.0,15.699731
1995-08-20 08:52:00,11.0,14.865602
1995-08-20 08:53:00,19.0,14.711812
1995-08-20 08:54:00,23.0,14.915154
1995-08-20 08:55:00,21.0,15.615555
1995-08-20 08:56:00,18.0,16.394096
1995-08-20 08:57:00,20.0,17.354279
1995-08-20 08:58:00,18.0,17.532455
1995-08-20 08:59:00,4.0,17.319317
1995-08-20 09:00:00,13.999999999999998,16.95947
1995-08-20 09:01:00,15.0,15.680323
1995-08-20 09:02:00,19.0,14.60086
1995-08-20 09:03:00,18.0,14.288169
1995-08-20 09:04:00,13.999999999999998,13.8954315
1995-08-20 09:05:00,9.0,14.2248745
1995-08-20 09:06:00,19.0,14.669679
1995-08-20 09:07:00,18.0,14.332997
1995-08-20 09:08:00,13.999999999999998,14.676779
1995-08-20 09:09:00,8.0,15.171529
1995-08-20 09:10:00,17.0,15.819784
1995-08-20 09:11:00,29.0,15.525302
1995-08-20 09:12:00,18.0,15.512683
1995-08-20 09:13:00,13.999999999999998,16.445488
1995-08-20 09:14:00,27.0,16.84904
1995-08-20 09:15:00,33.0,17.225264
1995-08-20 09:16:00,13.999999999999998,18.071157
1995-08-20 09:17:00,11.0,18.930574
1995-08-20 09:18:00,16.0,19.027117
1995-08-20 09:19:00,5.0,18.788881
1995-08-20 09:20:00,10.0,18.414906
1995-08-20 09:21:00,24.0,16.964188
1995-08-20 09:22:00,9.0,15.715458
1995-08-20 09:23:00,21.0,15.267624
1995-08-20 09:24:00,17.0,15.086596
1995-08-20 09:25:00,42.0,15.6848545
1995-08-20 09:26:00,13.000000000000002,16.00836
1995-08-20 09:27:00,17.0,17.15981
1995-08-20 09:28:00,12.0,16.733217
1995-08-20 09:29:00,17.0,16.074898
1995-08-20 09:30:00,12.0,15.898571
1995-08-20 09:31:00,22.0,16.09596
1995-08-20 09:32:00,21.0,16.18714
1995-08-20 09:33:00,19.0,16.664677
1995-08-20 09:34:00,34.0,17.027319
1995-08-20 09:35:00,32.0,17.23345
1995-08-20 09:36:00,35.0,18.237352
1995-08-20 09:37:00,33.0,19.204334
1995-08-20 09:38:00,35.0,19.898659
1995-08-20 09:39:00,21.0,21.169699
1995-08-20 09:40:00,26.000000000000004,22.29944
1995-08-20 09:41:00,20.0,22.274729
1995-08-20 09:42:00,33.0,22.440594
1995-08-20 09:43:00,27.0,21.81914
1995-08-20 09:44:00,23.0,21.539156
1995-08-20 09:45:00,11.0,21.725903
1995-08-20 09:46:00,18.0,21.35132
1995-08-20 09:47:00,23.0,20.29748
1995-08-20 09:48:00,32.0,19.756851
1995-08-20 09:49:00,37.0,20.005962
1995-08-20 09:50:00,20.0,20.29949
1995-08-20 09:51:00,16.0,21.234161
1995-08-20 09:52:00,30.0,21.799809
1995-08-20 09:53:00,17.0,21.22675
1995-08-20 09:54:00,27.0,21.356737
1995-08-20 09:55:00,41.0,21.22248
1995-08-20 09:56:00,35.0,21.05032
1995-08-20 09:57:00,37.0,21.161428
1995-08-20 09:58:00,36.0,21.704817
1995-08-20 09:59:00,39.0,22.925743
1995-08-20 10:00:00,6.0,24.094706
1995-08-20 10:01:00,18.0,24.894361
1995-08-20 10:02:00,6.0,24.010195
1995-08-20 10:03:00,16.0,23.09552
1995-08-20 10:04:00,23.0,20.91336
1995-08-20 10:05:00,27.0,19.432892
1995-08-20 10:06:00,42.0,18.522963
1995-08-20 10:07:00,31.000000000000004,18.933157
1995-08-20 10:08:00,50.0,20.620152
1995-08-20 10:09:00,39.0,22.3385
1995-08-20 10:10:00,30.0,23.673296
1995-08-20 10:11:00,29.0,24.565866
1995-08-20 10:12:00,9.0,25.42711
1995-08-20 10:13:00,22.0,25.161863
1995-08-20 10:14:00,21.0,23.85349
1995-08-20 10:15:00,26.000000000000004,23.153296
1995-08-20 10:16:00,13.999999999999998,22.475368
1995-08-20 10:17:00,24.0,22.485828
1995-08-20 10:18:00,41.0,22.01435
1995-08-20 10:19:00,29.0,21.439686
1995-08-20 10:20:00,20.0,21.902105
1995-08-20 10:21:00,41.0,23.096401
1995-08-20 10:22:00,47.0,22.958437
1995-08-20 10:23:00,36.0,23.164385
1995-08-20 10:24:00,33.0,25.130693
1995-08-20 10:25:00,35.0,26.444178
1995-08-20 10:26:00,44.0,27.561272
1995-08-20 10:27:00,33.0,28.998962
1995-08-20 10:28:00,22.0,30.247616
1995-08-20 10:29:00,21.0,31.495514
1995-08-20 10:30:00,42.0,31.510729
1995-08-20 10:31:00,35.0,31.122427
1995-08-20 10:32:00,26.000000000000004,31.15049
1995-08-20 10:33:00,34.0,31.463854
1995-08-20 10:34:00,19.0,31.347425
1995-08-20 10:35:00,37.0,31.867716
1995-08-20 10:36:00,45.0,31.911198
1995-08-20 10:37:00,29.0,31.977627
1995-08-20 10:38:00,34.0,32.256012
1995-08-20 10:39:00,20.0,32.26579
1995-08-20 10:40:00,17.0,32.369408
1995-08-20 10:41:00,6.999999999999999,31.408405
1995-08-20 10:42:00,20.0,30.089937
1995-08-20 10:43:00,40.0,27.977169
1995-08-20 10:44:00,50.99999999999999,26.509878
1995-08-20 10:45:00,37.0,26.825968
1995-08-20 10:46:00,27.999999999999996,28.136414
1995-08-20 10:47:00,29.0,29.166462
1995-08-20 10:48:00,21.0,28.937912
1995-08-20 10:49:00,27.0,28.775614
1995-08-20 10:50:00,22.0,28.285076
1995-08-20 10:51:00,18.0,28.142387
1995-08-20 10:52:00,19.0,27.794668
1995-08-20 10:53:00,29.0,26.873613
1995-08-20 10:54:00,17.0,26.241379
1995-08-20 10:55:00,24.0,26.440393
1995-08-20 10:56:00,26.000000000000004,26.2376
1995-08-20 10:57:00,22.0,25.867466
1995-08-20 10:58:00,19.0,25.96313
1995-08-20 10:59:00,23.0,26.109467
1995-08-20 11:00:00,27.999999999999996,26.062037
1995-08-20 11:01:00,19.0,25.930622
1995-08-20 11:02:00,13.000000000000002,25.469189
1995-08-20 11:03:00,16.0,25.243399
1995-08-20 11:04:00,19.0,24.05287
1995-08-20 11:05:00,29.0,22.957151
1995-08-20 11:06:00,29.0,21.999563
1995-08-20 11:07:00,29.0,21.975756
1995-08-20 11:08:00,18.0,22.963558
1995-08-20 11:09:00,13.999999999999998,23.068516
1995-08-20 11:10:00,20.0,22.209042
1995-08-20 11:11:00,23.0,20.914093
1995-08-20 11:12:00,9.0,20.377464
1995-08-20 11:13:00,18.0,20.680944
1995-08-20 11:14:00,11.0,20.18732
1995-08-20 11:15:00,9.0,19.12819
1995-08-20 11:16:00,26.000000000000004,18.358696
1995-08-20 11:17:00,32.0,18.153555
1995-08-20 11:18:00,23.0,17.900806
1995-08-20 11:19:00,11.0,18.589611
1995-08-20 11:20:00,17.0,19.569693
1995-08-20 11:21:00,19.0,19.882149
1995-08-20 11:22:00,33.0,20.735168
1995-08-20 11:23:00,26.000000000000004,21.308744
1995-08-20 11:24:00,17.0,22.463129
1995-08-20 11:25:00,22.0,23.734898
1995-08-20 11:26:00,16.0,24.270004
1995-08-20 11:27:00,36.0,23.68372
1995-08-20 11:28:00,22.0,22.710066
1995-08-20 11:29:00,21.0,22.291641
1995-08-20 11:30:00,22.0,22.390577
1995-08-20 11:31:00,26.000000000000004,23.01083
1995-08-20 11:32:00,37.0,23.425835
1995-08-20 11:33:00,47.0,23.524052
1995-08-20 11:34:00,32.0,24.301588
1995-08-20 11:35:00,41.0,25.662697
1995-08-20 11:36:00,45.0,25.783276
1995-08-20 11:37:00,35.0,26.743132
1995-08-20 11:38:00,19.0,27.42867
1995-08-20 11:39:00,27.999999999999996,27.948662
1995-08-20 11:40:00,21.0,28.024933
1995-08-20 11:41:00,16.0,28.383305
1995-08-20 11:42:00,32.0,28.404272
1995-08-20 11:43:00,30.0,27.695284
1995-08-20 11:44:00,40.0,28.520634
1995-08-20 11:45:00,25.0,29.148575
1995-08-20 11:46:00,30.0,29.839071
1995-08-20 11:47:00,44.0,29.486744
1995-08-20 11:48:00,36.0,29.844679
1995-08-20 11:49:00,33.0,31.269468
1995-08-20 11:50:00,22.0,32.051575
1995-08-20 11:51:00,41.0,31.925343
1995-08-20 11:52:00,13.999999999999998,31.412926
1995-08-20 11:53:00,13.999999999999998,31.615164
1995-08-20 11:54:00,27.0,29.690294
1995-08-20 11:55:00,27.999999999999996,26.686932
1995-08-20 11:56:00,26.000000000000004,25.516228
1995-08-20 11:57:00,26.000000000000004,25.529877
1995-08-20 11:58:00,24.0,25.717888
1995-08-20 11:59:00,36.0,26.130775
1995-08-20 12:00:00,49.0,26.229555
1995-08-20 12:01:00,46.0,27.298807
1995-08-20 12:02:00,16.0,28.818521
1995-08-20 12:03:00,22.0,30.29732
1995-08-20 12:04:00,16.0,30.146507
1995-08-20 12:05:00,23.0,29.344332
1995-08-20 12:06:00,35.0,27.859837
1995-08-20 12:07:00,43.0,26.620913
1995-08-20 12:08:00,49.0,26.363686
1995-08-20 12:09:00,45.0,26.817839
1995-08-20 12:10:00,19.0,28.238832
1995-08-20 12:11:00,9.0,29.116909
1995-08-20 12:12:00,13.999999999999998,28.54436
1995-08-20 12:13:00,18.0,26.554415
1995-08-20 12:14:00,52.00000000000001,24.96335
1995-08-20 12:15:00,19.0,23.622526
1995-08-20 12:16:00,21.0,24.891842
1995-08-20 12:17:00,39.0,25.019012
1995-08-20 12:18:00,34.0,24.401255
1995-08-20 12:19:00,20.0,24.861095
1995-08-20 12:20:00,17.0,25.967865
1995-08-20 12:21:00,21.0,25.973686
1995-08-20 12:22:00,36.0,25.763336
1995-08-20 12:23:00,26.000000000000004,25.479416
1995-08-20 12:24:00,37.0,26.235691
1995-08-20 12:25:00,47.0,26.677435
1995-08-20 12:26:00,35.0,27.602077
1995-08-20 12:27:00,12.0,28.682486
1995-08-20 12:28:00,40.0,29.325119
1995-08-20 12:29:00,13.000000000000002,28.434505
1995-08-20 12:30:00,47.0,28.122316
1995-08-20 12:31:00,30.0,26.656904
1995-08-20 12:32:00,39.0,26.746313
1995-08-20 12:33:00,13.999999999999998,26.795431
1995-08-20 12:34:00,13.000000000000002,26.823023
1995-08-20 12:35:00,19.0,25.65535
1995-08-20 12:36:00,34.0,24.4003
1995-08-20 12:37:00,45.0,23.554676
1995-08-20 12:38:00,30.0,23.484
1995-08-20 12:39:00,21.0,24.415262
1995-08-20 12:40:00,43.0,25.686945
1995-08-20 12:41:00,39.0,25.911293
1995-08-20 12:42:00,47.0,26.29492
1995-08-20 12:43:00,48.0,26.708738
1995-08-20 12:44:00,18.0,28.308287
1995-08-20 12:45:00,13.000000000000002,30.32963
1995-08-20 12:46:00,30.0,30.832956
1995-08-20 12:47:00,11.0,29.82259
1995-08-20 12:48:00,32.0,29.06575
1995-08-20 12:49:00,12.0,27.565222
1995-08-20 12:50:00,21.0,27.557005
1995-08-20 12:51:00,20.0,27.12957
1995-08-20 12:52:00,11.0,26.772345
1995-08-20 12:53:00,31.000000000000004,25.820593
1995-08-20 12:54:00,21.0,25.553808
1995-08-20 12:55:00,36.0,26.346914
1995-08-20 12:56:00,24.0,25.98386
1995-08-20 12:57:00,30.0,25.736961
1995-08-20 12:58:00,21.0,25.709137
1995-08-20 12:59:00,22.0,25.998402
1995-08-20 13:00:00,37.0,25.371754
1995-08-20 13:01:00,58.0,24.99248
1995-08-20 13:02:00,40.0,24.976852
1995-08-20 13:03:00,24.0,25.874123
1995-08-20 13:04:00,30.0,26.585552
1995-08-20 13:05:00,32.0,26.88673
1995-08-20 13:06:00,34.0,27.05588
1995-08-20 13:07:00,27.0,27.997862
1995-08-20 13:08:00,23.0,28.849463
1995-08-20 13:09:00,16.0,29.219181
1995-08-20 13:10:00,19.0,28.278631
1995-08-20 13:11:00,49.0,26.76443
1995-08-20 13:12:00,58.0,25.617622
1995-08-20 13:13:00,30.0,25.9573
1995-08-20 13:14:00,25.0,27.365458
1995-08-20 13:15:00,17.0,28.201876
1995-08-20 13:16:00,17.0,27.964104
1995-08-20 13:17:00,36.0,27.595499
1995-08-20 13:18:00,34.0,27.340218
1995-08-20 13:19:00,24.0,27.806608
1995-08-20 13:20:00,32.0,28.536459
1995-08-20 13:21:00,13.999999999999998,28.5667
1995-08-20 13:22:00,18.0,29.255835
1995-08-20 13:23:00,21.0,28.87601
1995-08-20 13:24:00,20.0,28.512802
1995-08-20 13:25:00,8.0,28.059317
1995-08-20 13:26:00,12.0,26.916512
1995-08-20 13:27:00,26.000000000000004,24.98036
1995-08-20 13:28:00,27.0,22.271263
1995-08-20 13:29:00,20.0,21.68138
1995-08-20 13:30:00,23.0,21.660315
1995-08-20 13:31:00,45.0,21.102646
1995-08-20 13:32:00,35.0,21.401056
1995-08-20 13:33:00,9.0,22.975813
1995-08-20 13:34:00,11.0,24.772346
1995-08-20 13:35:00,22.0,24.252316
1995-08-20 13:36:00,22.0,23.524496
1995-08-20 13:37:00,12.0,23.730522
1995-08-20 13:38:00,34.0,23.880707
1995-08-20 13:39:00,29.0,23.218176
1995-08-20 13:40:00,21.0,23.483986
1995-08-20 13:41:00,49.0,24.05344
1995-08-20 13:42:00,24.0,24.421581
1995-08-20 13:43:00,40.0,25.97191
1995-08-20 13:44:00,24.0,26.60547
1995-08-20 13:45:00,34.0,27.014585
1995-08-20 13:46:00,20.0,26.95802
1995-08-20 13:47:00,23.0,26.796991
1995-08-20 13:48:00,20.0,26.69118
1995-08-20 13:49:00,35.0,26.282309
1995-08-20 13:50:00,27.0,25.894567
1995-08-20 13:51:00,25.0,25.84778
1995-08-20 13:52:00,37.0,26.185005
1995-08-20 13:53:00,18.0,26.50021
1995-08-20 13:54:00,29.0,27.402042
1995-08-20 13:55:00,50.0,27.040964
1995-08-20 13:56:00,30.0,26.542372
1995-08-20 13:57:00,32.0,27.192255
1995-08-20 13:58:00,48.0,27.418758
1995-08-20 13:59:00,31.000000000000004,28.261753
1995-08-20 14:00:00,13.000000000000002,29.798454
1995-08-20 14:01:00,13.999999999999998,30.65354
1995-08-20 14:02:00,12.0,30.293005
1995-08-20 14:03:00,13.999999999999998,29.032099
1995-08-20 14:04:00,23.0,27.390207
1995-08-20 14:05:00,27.0,25.455477
1995-08-20 14:06:00,30.0,24.687593
1995-08-20 14:07:00,30.0,24.669132
1995-08-20 14:08:00,33.0,24.967834
1995-08-20 14:09:00,47.0,25.836824
1995-08-20 14:10:00,21.0,26.483864
1995-08-20 14:11:00,23.0,28.06811
1995-08-20 14:12:00,16.0,28.56887
1995-08-20 14:13:00,29.0,29.012396
1995-08-20 14:14:00,21.0,28.773996
1995-08-20 14:15:00,48.0,28.296093
1995-08-20 14:16:00,35.0,27.54384
1995-08-20 14:17:00,34.0,27.59514
1995-08-20 14:18:00,27.0,27.657696
1995-08-20 14:19:00,13.000000000000002,28.30612
1995-08-20 14:20:00,6.999999999999999,28.275282
1995-08-20 14:21:00,6.999999999999999,27.094748
1995-08-20 14:22:00,34.0,25.171669
1995-08-20 14:23:00,38.0,22.76556
1995-08-20 14:24:00,20.0,21.738539
1995-08-20 14:25:00,23.0,22.20785
1995-08-20 14:26:00,10.0,21.989283
1995-08-20 14:27:00,39.0,21.7099
1995-08-20 14:28:00,30.0,20.67963
1995-08-20 14:29:00,13.000000000000002,21.63248
1995-08-20 14:30:00,16.0,23.15746
1995-08-20 14:31:00,38.0,23.99377
1995-08-20 14:32:00,33.0,23.947731
1995-08-20 14:33:00,15.0,24.71343
1995-08-20 14:34:00,19.0,25.276758
1995-08-20 14:35:00,6.999999999999999,25.580835
1995-08-20 14:36:00,20.0,25.396465
1995-08-20 14:37:00,22.0,24.368084
1995-08-20 14:38:00,12.0,23.277996
1995-08-20 14:39:00,50.0,22.489388
1995-08-20 14:40:00,25.0,21.957392
1995-08-20 14:41:00,36.0,22.56503
1995-08-20 14:42:00,50.0,23.355803
1995-08-20 14:43:00,57.00000000000001,24.71164
1995-08-20 14:44:00,44.0,26.227594
1995-08-20 14:45:00,24.0,28.210207
1995-08-20 14:46:00,50.0,29.955814
1995-08-20 14:47:00,41.0,30.492771
1995-08-20 14:48:00,29.0,31.986197
1995-08-20 14:49:00,33.0,32.941658
1995-08-20 14:50:00,35.0,33.33514
1995-08-20 14:51:00,27.999999999999996,33.158714
1995-08-20 14:52:00,69.0,33.234062
1995-08-20 14:53:00,21.0,32.67283
1995-08-20 14:54:00,32.0,33.880558
1995-08-20 14:55:00,33.0,33.688026
1995-08-20 14:56:00,34.0,33.732063
1995-08-20 14:57:00,41.0,34.01919
1995-08-20 14:58:00,27.999999999999996,33.759075
1995-08-20 14:59:00,25.0,33.535057
1995-08-20 15:00:00,6.999999999999999,33.27182
1995-08-20 15:01:00,18.0,32.60804
1995-08-20 15:02:00,9.0,30.849422
1995-08-20 15:03:00,18.0,28.765003
1995-08-20 15:04:00,10.0,26.435194
1995-08-20 15:05:00,10.0,24.736988
1995-08-20 15:06:00,9.0,23.262653
1995-08-20 15:07:00,39.0,21.947699
1995-08-20 15:08:00,23.0,20.285366
1995-08-20 15:09:00,35.0,20.387722
1995-08-20 15:10:00,34.0,20.485634
1995-08-20 15:11:00,29.0,21.815096
1995-08-20 15:12:00,22.0,23.726984
1995-08-20 15:13:00,16.0,25.13591
1995-08-20 15:14:00,44.0,26.234806
1995-08-20 15:15:00,22.0,26.766947
1995-08-20 15:16:00,32.0,28.020071
1995-08-20 15:17:00,26.000000000000004,28.527971
1995-08-20 15:18:00,27.0,29.298683
1995-08-20 15:19:00,30.0,29.841948
1995-08-20 15:20:00,24.0,29.255985
1995-08-20 15:21:00,35.0,29.17356
1995-08-20 15:22:00,23.0,29.157005
1995-08-20 15:23:00,15.0,29.502634
1995-08-20 15:24:00,13.000000000000002,29.148289
1995-08-20 15:25:00,17.0,27.559587
1995-08-20 15:26:00,23.0,26.324377
1995-08-20 15:27:00,35.0,25.483528
1995-08-20 15:28:00,18.0,25.167671
1995-08-20 15:29:00,29.0,25.935484
1995-08-20 15:30:00,33.0,26.415947
1995-08-20 15:31:00,15.0,26.48326
1995-08-20 15:32:00,13.000000000000002,26.385473
1995-08-20 15:33:00,32.0,25.721867
1995-08-20 15:34:00,38.0,24.347761
1995-08-20 15:35:00,29.0,23.665
1995-08-20 15:36:00,12.0,24.111656
1995-08-20 15:37:00,37.0,24.181402
1995-08-20 15:38:00,19.0,23.175098
1995-08-20 15:39:00,22.0,22.737732
1995-08-20 15:40:00,19.0,22.35824
1995-08-20 15:41:00,43.0,22.480387
1995-08-20 15:42:00,36.0,23.031353
1995-08-20 15:43:00,32.0,24.68978
1995-08-20 15:44:00,44.0,26.372099
1995-08-20 15:45:00,34.0,27.644129
1995-08-20 15:46:00,39.0,28.412338
1995-08-20 15:47:00,22.0,29.217669
1995-08-20 15:48:00,13.000000000000002,30.221912
1995-08-20 15:49:00,34.0,30.740541
1995-08-20 15:50:00,35.0,30.07411
1995-08-20 15:51:00,59.0,30.547342
1995-08-20 15:52:00,39.0,31.257265
1995-08-20 15:53:00,41.0,32.612328
1995-08-20 15:54:00,26.000000000000004,33.775505
1995-08-20 15:55:00,39.0,34.76517
1995-08-20 15:56:00,13.000000000000002,35.114864
1995-08-20 15:57:00,26.000000000000004,35.148697
1995-08-20 15:58:00,33.0,34.1029
1995-08-20 15:59:00,36.0,32.98792
1995-08-20 16:00:00,34.0,32.230644
1995-08-20 16:01:00,21.0,32.632233
1995-08-20 16:02:00,41.0,32.82856
1995-08-20 16:03:00,48.0,32.29753
1995-08-20 16:04:00,38.0,32.913918
1995-08-20 16:05:00,15.0,33.568764
1995-08-20 16:06:00,13.999999999999998,33.852104
1995-08-20 16:07:00,19.0,32.838783
1995-08-20 16:08:00,24.0,30.846375
1995-08-20 16:09:00,34.0,29.558008
1995-08-20 16:10:00,29.0,28.933163
1995-08-20 16:11:00,35.0,29.206564
1995-08-20 16:12:00,29.0,29.650394
1995-08-20 16:13:00,21.0,30.572237
1995-08-20 16:14:00,32.0,31.607409
1995-08-20 16:15:00,46.0,31.600647
1995-08-20 16:16:00,32.0,30.642467
1995-08-20 16:17:00,50.99999999999999,31.009361
1995-08-20 16:18:00,41.0,31.424133
1995-08-20 16:19:00,47.0,33.56928
1995-08-20 16:20:00,21.0,34.448765
1995-08-20 16:21:00,27.999999999999996,35.462532
1995-08-20 16:22:00,30.0,35.15006
1995-08-20 16:23:00,23.0,34.301353
1995-08-20 16:24:00,26.000000000000004,33.156635
1995-08-20 16:25:00,55.0,32.24956
1995-08-20 16:26:00,35.0,31.47742
1995-08-20 16:27:00,55.99999999999999,32.44996
1995-08-20 16:28:00,27.999999999999996,33.07909
1995-08-20 16:29:00,34.0,34.405205
1995-08-20 16:30:00,76.0,34.388058
1995-08-20 16:31:00,32.0,34.3136
1995-08-20 16:32:00,48.0,35.57502
1995-08-20 16:33:00,24.0,36.07836
1995-08-20 16:34:00,27.0,36.97729
1995-08-20 16:35:00,34.0,36.33972
1995-08-20 16:36:00,23.0,35.35258
1995-08-20 16:37:00,24.0,34.998417
1995-08-20 16:38:00,21.0,34.461185
1995-08-20 16:39:00,20.0,33.566856
1995-08-20 16:40:00,23.0,32.715862
1995-08-20 16:41:00,46.0,31.675947
1995-08-20 16:42:00,35.0,30.860798
1995-08-20 16:43:00,37.0,31.028545
1995-08-20 16:44:00,33.0,30.668283
1995-08-20 16:45:00,52.00000000000001,30.375937
1995-08-20 16:46:00,40.0,30.72255
1995-08-20 16:47:00,37.0,31.991117
1995-08-20 16:48:00,32.0,33.020042
1995-08-20 16:49:00,40.0,34.09575
1995-08-20 16:50:00,22.0,35.003128
1995-08-20 16:51:00,29.0,35.73763
1995-08-20 16:52:00,31.000000000000004,34.98753
1995-08-20 16:53:00,26.000000000000004,33.950214
1995-08-20 16:54:00,30.0,32.904846
1995-08-20 16:55:00,49.0,32.784245
1995-08-20 16:56:00,24.0,32.48092
1995-08-20 16:57:00,29.0,33.20821
1995-08-20 16:58:00,18.0,32.700237
1995-08-20 16:59:00,31.000000000000004,31.56681
1995-08-20 17:00:00,31.000000000000004,29.77148
1995-08-20 17:01:00,36.0,28.892685
1995-08-20 17:02:00,19.0,28.432224
1995-08-20 17:03:00,22.0,28.261875
1995-08-20 17:04:00,22.0,27.601452
1995-08-20 17:05:00,20.0,26.854156
1995-08-20 17:06:00,45.0,26.254723
1995-08-20 17:07:00,39.0,25.669643
1995-08-20 17:08:00,19.0,26.686523
1995-08-20 17:09:00,25.0,27.465929
1995-08-20 17:10:00,27.999999999999996,27.19115
1995-08-20 17:11:00,18.0,27.069437
1995-08-20 17:12:00,29.0,27.108555
1995-08-20 17:13:00,30.0,26.83236
1995-08-20 17:14:00,50.99999999999999,27.181059
1995-08-20 17:15:00,46.0,28.148163
1995-08-20 17:16:00,8.0,29.367931
1995-08-20 17:17:00,13.000000000000002,30.53372
1995-08-20 17:18:00,12.0,29.99944
1995-08-20 17:19:00,24.0,28.222086
1995-08-20 17:20:00,13.000000000000002,26.2799
1995-08-20 17:21:00,20.0,24.772207
1995-08-20 17:22:00,31.000000000000004,23.37407
1995-08-20 17:23:00,17.0,22.721445
1995-08-20 17:24:00,20.0,23.100885
1995-08-20 17:25:00,23.0,22.863293
1995-08-20 17:26:00,44.0,22.317106
1995-08-20 17:27:00,19.0,22.424013
1995-08-20 17:28:00,12.0,22.888262
1995-08-20 17:29:00,12.0,22.941572
1995-08-20 17:30:00,21.0,22.355572
1995-08-20 17:31:00,13.000000000000002,20.869776
1995-08-20 17:32:00,37.0,19.574945
1995-08-20 17:33:00,17.0,18.828959
1995-08-20 17:34:00,25.0,19.302979
1995-08-20 17:35:00,26.000000000000004,19.597448
1995-08-20 17:36:00,25.0,20.52279
1995-08-20 17:37:00,33.0,21.19948
1995-08-20 17:38:00,41.0,21.78289
1995-08-20 17:39:00,46.0,22.78896
1995-08-20 17:40:00,32.0,23.68604
1995-08-20 17:41:00,30.0,25.639833
1995-08-20 17:42:00,16.0,27.459808
1995-08-20 17:43:00,19.0,29.2415
1995-08-20 17:44:00,35.0,29.935045
1995-08-20 17:45:00,42.0,30.133022
1995-08-20 17:46:00,36.0,30.71917
1995-08-20 17:47:00,19.0,31.548302
1995-08-20 17:48:00,19.0,31.496197
1995-08-20 17:49:00,24.0,30.969593
1995-08-20 17:50:00,18.0,30.117302
1995-08-20 17:51:00,35.0,28.644634
1995-08-20 17:52:00,40.0,27.328716
1995-08-20 17:53:00,43.0,27.370642
1995-08-20 17:54:00,16.0,27.755571
1995-08-20 17:55:00,40.0,28.394518
1995-08-20 17:56:00,12.0,27.891161
1995-08-20 17:57:00,37.0,28.246624
1995-08-20 17:58:00,16.0,27.634123
1995-08-20 17:59:00,24.0,27.778074
1995-08-20 18:00:00,40.0,27.86106
1995-08-20 18:01:00,47.0,27.569136
1995-08-20 18:02:00,24.0,28.277294
1995-08-20 18:03:00,34.0,29.549665
1995-08-20 18:04:00,33.0,29.622284
1995-08-20 18:05:00,54.0,29.839537
1995-08-20 18:06:00,50.0,30.115715
1995-08-20 18:07:00,36.0,31.377506
1995-08-20 18:08:00,20.0,33.204807
1995-08-20 18:09:00,18.0,34.368443
1995-08-20 18:10:00,22.0,33.75913
1995-08-20 18:11:00,27.999999999999996,32.496708
1995-08-20 18:12:00,26.000000000000004,31.110956
1995-08-20 18:13:00,18.0,30.418037
1995-08-20 18:14:00,23.0,29.73772
1995-08-20 18:15:00,29.0,28.414318
1995-08-20 18:16:00,21.0,27.430548
1995-08-20 18:17:00,23.0,27.020185
1995-08-20 18:18:00,19.0,26.723442
1995-08-20 18:19:00,13.999999999999998,26.709934
1995-08-20 18:20:00,38.0,26.479961
1995-08-20 18:21:00,26.000000000000004,26.07962
1995-08-20 18:22:00,58.0,26.548964
1995-08-20 18:23:00,39.0,27.408493
1995-08-20 18:24:00,27.0,29.01273
1995-08-20 18:25:00,29.0,30.774778
1995-08-20 18:26:00,17.0,31.217894
1995-08-20 18:27:00,20.0,31.310083
1995-08-20 18:28:00,23.0,30.652718
1995-08-20 18:29:00,45.0,30.106094
1995-08-20 18:30:00,24.0,29.415514
1995-08-20 18:31:00,21.0,30.12114
1995-08-20 18:32:00,27.0,30.526714
1995-08-20 18:33:00,42.0,30.054306
1995-08-20 18:34:00,30.0,29.570766
1995-08-20 18:35:00,27.0,30.274218
1995-08-20 18:36:00,39.0,30.445312
1995-08-20 18:37:00,41.0,30.4677
1995-08-20 18:38:00,32.0,30.833061
1995-08-20 18:39:00,22.0,31.78416
1995-08-20 18:40:00,22.0,32.171127
1995-08-20 18:41:00,39.0,31.761106
1995-08-20 18:42:00,21.0,31.136702
1995-08-20 18:43:00,29.0,31.206245
1995-08-20 18:44:00,23.0,30.461714
1995-08-20 18:45:00,27.999999999999996,29.617142
1995-08-20 18:46:00,13.999999999999998,28.697283
1995-08-20 18:47:00,13.999999999999998,28.181965
1995-08-20 18:48:00,16.0,27.111189
1995-08-20 18:49:00,8.0,25.812666
1995-08-20 18:50:00,8.0,24.871115
1995-08-20 18:51:00,12.0,24.288319
1995-08-20 18:52:00,18.0,23.398178
1995-08-20 18:53:00,15.0,23.102346
1995-08-20 18:54:00,11.0,22.939253
1995-08-20 18:55:00,15.0,22.842203
1995-08-20 18:56:00,27.999999999999996,22.345957
1995-08-20 18:57:00,25.0,21.89604
1995-08-20 18:58:00,25.0,22.160818
1995-08-20 18:59:00,23.0,22.82646
1995-08-20 19:00:00,23.0,23.541418
1995-08-20 19:01:00,18.0,24.6089
1995-08-20 19:02:00,13.999999999999998,24.657465
1995-08-20 19:03:00,27.999999999999996,25.044512
1995-08-20 19:04:00,32.0,24.55467
1995-08-20 19:05:00,33.0,24.440859
1995-08-20 19:06:00,40.0,24.804409
1995-08-20 19:07:00,19.0,25.320412
1995-08-20 19:08:00,42.0,25.959192
1995-08-20 19:09:00,22.0,26.196592
1995-08-20 19:10:00,25.0,26.916359
1995-08-20 19:11:00,18.0,27.186913
1995-08-20 19:12:00,21.0,27.54803
1995-08-20 19:13:00,23.0,27.67678
1995-08-20 19:14:00,23.0,27.490034
1995-08-20 19:15:00,21.0,27.491385
1995-08-20 19:16:00,17.0,26.886593
1995-08-20 19:17:00,27.0,26.120115
1995-08-20 19:18:00,24.0,25.704393
1995-08-20 19:19:00,25.0,25.713867
1995-08-20 19:20:00,27.999999999999996,25.135376
1995-08-20 19:21:00,16.0,24.437704
1995-08-20 19:22:00,20.0,23.751923
1995-08-20 19:23:00,36.0,23.234663
1995-08-20 19:24:00,21.0,23.430801
1995-08-20 19:25:00,18.0,24.212801
1995-08-20 19:26:00,9.0,24.786194
1995-08-20 19:27:00,13.999999999999998,24.96788
1995-08-20 19:28:00,11.0,23.866413
1995-08-20 19:29:00,27.999999999999996,23.112171
1995-08-20 19:30:00,9.0,21.933186
1995-08-20 19:31:00,16.0,22.078215
1995-08-20 19:32:00,45.0,21.595362
1995-08-20 19:33:00,33.0,21.035843
1995-08-20 19:34:00,29.0,22.03634
1995-08-20 19:35:00,35.0,23.338633
1995-08-20 19:36:00,24.0,24.854778
1995-08-20 19:37:00,35.0,26.510988
1995-08-20 19:38:00,12.0,27.672155
1995-08-20 19:39:00,24.0,28.393986
1995-08-20 19:40:00,24.0,28.001303
1995-08-20 19:41:00,10.0,27.631157
1995-08-20 19:42:00,27.999999999999996,27.761772
1995-08-20 19:43:00,24.0,26.995043
1995-08-20 19:44:00,21.0,26.496443
1995-08-20 19:45:00,8.0,26.413843
1995-08-20 19:46:00,29.0,26.48793
1995-08-20 19:47:00,13.000000000000002,25.834091
1995-08-20 19:48:00,20.0,25.623549
1995-08-20 19:49:00,11.0,24.824104
1995-08-20 19:50:00,27.0,24.097404
1995-08-20 19:51:00,13.999999999999998,23.407406
1995-08-20 19:52:00,22.0,23.489677
1995-08-20 19:53:00,43.0,23.66447
1995-08-20 19:54:00,55.0,23.835676
1995-08-20 19:55:00,33.0,24.745365
1995-08-20 19:56:00,40.0,26.815392
1995-08-20 19:57:00,59.0,28.506613
1995-08-20 19:58:00,55.99999999999999,29.59687
1995-08-20 19:59:00,29.0,32.26166
1995-08-20 20:00:00,44.0,34.179886
1995-08-20 20:01:00,27.999999999999996,34.554317
1995-08-20 20:02:00,24.0,34.93066
1995-08-20 20:03:00,23.0,34.846474
1995-08-20 20:04:00,23.0,33.958946
1995-08-20 20:05:00,32.0,33.75741
1995-08-20 20:06:00,18.0,33.44583
1995-08-20 20:07:00,26.000000000000004,32.91613
1995-08-20 20:08:00,15.0,31.896666
1995-08-20 20:09:00,20.0,30.785578
1995-08-20 20:10:00,23.0,29.386301
1995-08-20 20:11:00,17.0,28.587017
1995-08-20 20:12:00,6.999999999999999,27.434565
1995-08-20 20:13:00,21.0,26.491371
1995-08-20 20:14:00,35.0,25.112465
1995-08-20 20:15:00,47.0,23.785133
1995-08-20 20:16:00,33.0,23.721895
1995-08-20 20:17:00,44.0,25.519964
1995-08-20 20:18:00,41.0,26.84696
1995-08-20 20:19:00,18.0,28.495615
1995-08-20 20:20:00,44.0,30.188696
1995-08-20 20:21:00,21.0,30.077438
1995-08-20 20:22:00,27.0,30.555046
1995-08-20 20:23:00,12.0,30.25426
1995-08-20 20:24:00,6.0,29.82093
1995-08-20 20:25:00,34.0,28.669796
1995-08-20 20:26:00,12.0,27.007338
1995-08-20 20:27:00,21.0,26.080969
1995-08-20 20:28:00,27.999999999999996,25.07256
1995-08-20 20:29:00,43.0,24.465197
1995-08-20 20:30:00,26.000000000000004,24.281733
1995-08-20 20:31:00,39.0,25.660631
1995-08-20 20:32:00,37.0,26.586802
1995-08-20 20:33:00,27.999999999999996,27.97849
1995-08-20 20:34:00,25.0,29.409004
1995-08-20 20:35:00,16.0,30.051989
1995-08-20 20:36:00,22.0,29.811655
1995-08-20 20:37:00,37.0,28.915464
1995-08-20 20:38:00,42.0,28.306965
1995-08-20 20:39:00,34.0,28.511486
1995-08-20 20:40:00,34.0,28.979912
1995-08-20 20:41:00,33.0,29.623909
1995-08-20 20:42:00,31.000000000000004,30.026165
1995-08-20 20:43:00,16.0,30.72367
1995-08-20 20:44:00,33.0,30.753424
1995-08-20 20:45:00,39.0,30.162691
1995-08-20 20:46:00,36.0,29.850492
1995-08-20 20:47:00,36.0,30.277765
1995-08-20 20:48:00,26.000000000000004,30.445766
1995-08-20 20:49:00,26.000000000000004,31.020187
1995-08-20 20:50:00,27.0,31.013529
1995-08-20 20:51:00,26.000000000000004,30.701647
1995-08-20 20:52:00,19.0,30.297342
1995-08-20 20:53:00,32.0,30.101624
1995-08-20 20:54:00,13.999999999999998,29.86041
1995-08-20 20:55:00,22.0,30.469406
1995-08-20 20:56:00,8.0,29.969728
1995-08-20 20:57:00,19.0,28.873085
1995-08-20 20:58:00,18.0,27.016262
1995-08-20 20:59:00,19.0,25.85928
1995-08-20 21:00:00,27.0,25.087856
1995-08-20 21:01:00,25.0,24.486141
1995-08-20 21:02:00,34.0,24.121058
1995-08-20 21:03:00,26.000000000000004,24.47204
1995-08-20 21:04:00,24.0,25.629755
1995-08-20 21:05:00,13.000000000000002,26.181149
1995-08-20 21:06:00,21.0,26.60542
1995-08-20 21:07:00,12.0,26.344057
1995-08-20 21:08:00,16.0,26.416245
1995-08-20 21:09:00,27.999999999999996,25.921875
1995-08-20 21:10:00,29.0,25.66534
1995-08-20 21:11:00,27.999999999999996,25.619608
1995-08-20 21:12:00,26.000000000000004,26.05316
1995-08-20 21:13:00,22.0,26.487934
1995-08-20 21:14:00,23.0,26.56068
1995-08-20 21:15:00,34.0,26.460484
1995-08-20 21:16:00,21.0,26.410986
1995-08-20 21:17:00,15.0,26.111944
1995-08-20 21:18:00,20.0,26.207558
1995-08-20 21:19:00,22.0,25.835403
1995-08-20 21:20:00,36.0,25.787266
1995-08-20 21:21:00,18.0,25.585205
1995-08-20 21:22:00,29.0,25.649433
1995-08-20 21:23:00,29.0,25.835535
1995-08-20 21:24:00,26.000000000000004,25.860897
1995-08-20 21:25:00,23.0,25.929527
1995-08-20 21:26:00,23.0,26.664669
1995-08-20 21:27:00,24.0,26.782532
1995-08-20 21:28:00,13.999999999999998,26.378801
1995-08-20 21:29:00,17.0,26.110306
1995-08-20 21:30:00,19.0,25.400074
1995-08-20 21:31:00,23.0,24.811543
1995-08-20 21:32:00,32.0,24.273544
1995-08-20 21:33:00,30.0,24.030745
1995-08-20 21:34:00,12.0,25.093084
1995-08-20 21:35:00,58.0,26.229195
1995-08-20 21:36:00,67.0,26.596878
1995-08-20 21:37:00,35.0,28.320118
1995-08-20 21:38:00,48.0,30.695332
1995-08-20 21:39:00,27.0,31.913279
1995-08-20 21:40:00,30.0,32.94261
1995-08-20 21:41:00,13.000000000000002,33.04583
1995-08-20 21:42:00,38.0,32.705597
1995-08-20 21:43:00,20.0,31.496986
1995-08-20 21:44:00,37.0,31.193455
1995-08-20 21:45:00,27.0,30.358412
1995-08-20 21:46:00,23.0,30.244362
1995-08-20 21:47:00,17.0,30.123056
1995-08-20 21:48:00,15.0,29.946283
1995-08-20 21:49:00,31.000000000000004,29.032299
1995-08-20 21:50:00,40.0,27.749708
1995-08-20 21:51:00,25.0,26.894365
1995-08-20 21:52:00,17.0,27.124403
1995-08-20 21:53:00,34.0,27.444057
1995-08-20 21:54:00,24.0,26.832815
1995-08-20 21:55:00,19.0,26.31002
1995-08-20 21:56:00,23.0,25.668762
1995-08-20 21:57:00,26.000000000000004,25.003883
1995-08-20 21:58:00,36.0,24.882444
1995-08-20 21:59:00,22.0,25.168034
1995-08-20 22:00:00,30.0,25.6265
1995-08-20 22:01:00,45.0,25.96339
1995-08-20 22:02:00,35.0,26.539383
1995-08-20 22:03:00,20.0,27.317577
1995-08-20 22:04:00,27.0,27.875254
1995-08-20 22:05:00,9.0,28.189133
1995-08-20 22:06:00,13.999999999999998,28.319895
1995-08-20 22:07:00,19.0,27.46506
1995-08-20 22:08:00,45.0,26.194086
1995-08-20 22:09:00,55.99999999999999,25.605534
1995-08-20 22:10:00,29.0,26.34897
1995-08-20 22:11:00,27.0,27.992296
1995-08-20 22:12:00,22.0,28.512577
1995-08-20 22:13:00,37.0,28.530539
1995-08-20 22:14:00,27.999999999999996,28.43475
1995-08-20 22:15:00,42.0,28.78323
1995-08-20 22:16:00,31.000000000000004,28.453846
1995-08-20 22:17:00,27.0,28.50784
1995-08-20 22:18:00,17.0,29.24616
1995-08-20 22:19:00,17.0,29.612272
1995-08-20 22:20:00,9.0,29.227005
1995-08-20 22:21:00,18.0,28.55101
1995-08-20 22:22:00,11.0,27.669485
1995-08-20 22:23:00,16.0,27.411364
1995-08-20 22:24:00,24.0,26.550598
1995-08-20 22:25:00,34.0,25.972536
1995-08-20 22:26:00,24.0,25.97071
1995-08-20 22:27:00,38.0,26.036222
1995-08-20 22:28:00,27.999999999999996,26.184774
1995-08-20 22:29:00,35.0,27.026701
1995-08-20 22:30:00,23.0,27.179102
1995-08-20 22:31:00,11.0,27.55992
1995-08-20 22:32:00,16.0,27.94374
1995-08-20 22:33:00,22.0,27.30246
1995-08-20 22:34:00,16.0,26.433722
1995-08-20 22:35:00,23.0,25.843035
1995-08-20 22:36:00,32.0,24.923471
1995-08-20 22:37:00,8.0,23.791002
1995-08-20 22:38:00,38.0,23.93739
1995-08-20 22:39:00,27.0,23.200378
1995-08-20 22:40:00,46.0,24.121635
1995-08-20 22:41:00,40.0,25.022722
1995-08-20 22:42:00,48.0,26.219145
1995-08-20 22:43:00,32.0,27.982452
1995-08-20 22:44:00,50.0,29.873163
1995-08-20 22:45:00,44.0,30.618498
1995-08-20 22:46:00,48.0,31.892918
1995-08-20 22:47:00,30.0,33.39941
1995-08-20 22:48:00,45.0,34.849064
1995-08-20 22:49:00,36.0,34.93532
1995-08-20 22:50:00,8.0,35.327038
1995-08-20 22:51:00,29.0,35.320072
1995-08-20 22:52:00,29.0,33.644775
1995-08-20 22:53:00,26.000000000000004,32.748055
1995-08-20 22:54:00,37.0,32.186905
1995-08-20 22:55:00,25.0,31.524609
1995-08-20 22:56:00,27.999999999999996,31.595297
1995-08-20 22:57:00,18.0,31.26244
1995-08-20 22:58:00,34.0,30.819622
1995-08-20 22:59:00,39.0,29.928144
1995-08-20 23:00:00,21.0,29.43802
1995-08-20 23:01:00,32.0,29.83384
1995-08-20 23:02:00,38.0,29.341854
1995-08-20 23:03:00,37.0,29.130947
1995-08-20 23:04:00,27.0,29.736181
1995-08-20 23:05:00,37.0,30.815262
1995-08-20 23:06:00,38.0,31.286848
1995-08-20 23:07:00,26.000000000000004,31.443275
1995-08-20 23:08:00,31.000000000000004,31.51523
1995-08-20 23:09:00,58.0,31.470488
1995-08-20 23:10:00,52.00000000000001,31.41187
1995-08-20 23:11:00,45.0,33.08535
1995-08-20 23:12:00,33.0,34.44314
1995-08-20 23:13:00,32.0,35.90997
1995-08-20 23:14:00,29.0,36.467407
1995-08-20 23:15:00,37.0,36.316338
1995-08-20 23:16:00,23.0,35.792034
1995-08-20 23:17:00,34.0,35.480083
1995-08-20 23:18:00,46.0,34.372112
1995-08-20 23:19:00,53.0,33.15738
1995-08-20 23:20:00,33.0,32.57695
1995-08-20 23:21:00,27.0,32.94928
1995-08-20 23:22:00,39.0,32.564846
1995-08-20 23:23:00,32.0,31.935186
1995-08-20 23:24:00,30.0,31.46135
1995-08-20 23:25:00,23.0,30.260723
1995-08-20 23:26:00,21.0,28.706884
1995-08-20 23:27:00,25.0,27.589464
1995-08-20 23:28:00,23.0,26.596865
1995-08-20 23:29:00,9.0,26.109735
1995-08-20 23:30:00,40.0,25.746498
1995-08-20 23:31:00,27.999999999999996,24.845207
1995-08-20 23:32:00,21.0,25.141851
1995-08-20 23:33:00,24.0,25.848267
1995-08-20 23:34:00,11.0,25.987846
1995-08-20 23:35:00,20.0,25.892319
1995-08-20 23:36:00,41.0,24.618689
1995-08-20 23:37:00,20.0,23.60171
1995-08-20 23:38:00,24.0,23.8337
1995-08-20 23:39:00,19.0,24.004864
1995-08-20 23:40:00,6.999999999999999,24.290121
1995-08-20 23:41:00,13.000000000000002,24.331964
1995-08-20 23:42:00,22.0,23.565044
1995-08-20 23:43:00,19.0,22.781996
1995-08-20 23:44:00,25.0,22.416042
1995-08-20 23:45:00,55.0,22.392021
1995-08-20 23:46:00,30.0,22.615114
1995-08-20 23:47:00,32.0,23.841606
1995-08-20 23:48:00,21.0,25.175117
1995-08-20 23:49:00,33.0,26.615652
1995-08-20 23:50:00,20.0,26.59338
1995-08-20 23:51:00,47.0,26.643492
1995-08-20 23:52:00,50.99999999999999,25.984253
1995-08-20 23:53:00,50.99999999999999,26.639906
1995-08-20 23:54:00,48.0,27.95175
1995-08-20 23:55:00,33.0,29.303692
1995-08-20 23:56:00,57.00000000000001,30.61082
1995-08-20 23:57:00,46.0,31.139198
1995-08-20 23:58:00,42.0,32.13552
1995-08-20 23:59:00,29.0,32.947887
1995-08-21 00:00:00,37.0,33.513912
1995-08-21 00:01:00,42.0,33.211006
1995-08-21 00:02:00,25.0,32.472645
1995-08-21 00:03:00,44.0,32.08832
1995-08-21 00:04:00,52.00000000000001,30.9486
1995-08-21 00:05:00,34.0,30.832573
1995-08-21 00:06:00,43.0,31.360476
1995-08-21 00:07:00,29.0,30.993073
1995-08-21 00:08:00,40.0,30.96545
1995-08-21 00:09:00,32.0,30.254662
1995-08-21 00:10:00,17.0,29.651531
1995-08-21 00:11:00,30.0,29.171356
1995-08-21 00:12:00,26.000000000000004,27.632692
1995-08-21 00:13:00,22.0,26.803883
1995-08-21 00:14:00,20.0,26.024801
1995-08-21 00:15:00,20.0,25.626886
1995-08-21 00:16:00,17.0,25.035456
1995-08-21 00:17:00,9.0,24.298199
1995-08-21 00:18:00,37.0,23.17344
1995-08-21 00:19:00,18.0,21.36371
1995-08-21 00:20:00,12.0,20.665901
1995-08-21 00:21:00,24.0,20.188345
1995-08-21 00:22:00,21.0,19.554022
1995-08-21 00:23:00,13.000000000000002,19.524946
1995-08-21 00:24:00,39.0,19.942266
1995-08-21 00:25:00,43.0,19.371967
1995-08-21 00:26:00,40.0,19.691736
1995-08-21 00:27:00,21.0,20.704699
1995-08-21 00:28:00,26.000000000000004,22.113222
1995-08-21 00:29:00,29.0,22.789476
1995-08-21 00:30:00,17.0,23.1893
1995-08-21 00:31:00,27.999999999999996,23.918747
1995-08-21 00:32:00,34.0,24.176805
1995-08-21 00:33:00,22.0,24.662271
1995-08-21 00:34:00,27.0,25.435911
1995-08-21 00:35:00,40.0,25.610096
1995-08-21 00:36:00,30.0,25.75193
1995-08-21 00:37:00,25.0,26.82003
1995-08-21 00:38:00,27.999999999999996,27.229189
1995-08-21 00:39:00,23.0,27.505228
1995-08-21 00:40:00,31.000000000000004,26.969118
1995-08-21 00:41:00,31.000000000000004,26.3439
1995-08-21 00:42:00,37.0,26.292385
1995-08-21 00:43:00,34.0,26.25992
1995-08-21 00:44:00,26.000000000000004,26.305117
1995-08-21 00:45:00,43.0,26.341888
1995-08-21 00:46:00,31.000000000000004,26.57577
1995-08-21 00:47:00,27.999999999999996,26.982126
1995-08-21 00:48:00,24.0,27.044329
1995-08-21 00:49:00,17.0,26.541307
1995-08-21 00:50:00,18.0,25.513845
1995-08-21 00:51:00,32.0,24.309
1995-08-21 00:52:00,30.0,22.806639
1995-08-21 00:53:00,12.0,22.56558
1995-08-21 00:54:00,21.0,23.27778
1995-08-21 00:55:00,25.0,22.762943
1995-08-21 00:56:00,35.0,22.24509
1995-08-21 00:57:00,22.0,22.489607
1995-08-21 00:58:00,29.0,23.285797
1995-08-21 00:59:00,49.0,23.409447
1995-08-21 01:00:00,22.0,23.967308
1995-08-21 01:01:00,46.0,25.406391
1995-08-21 01:02:00,44.0,26.07389
1995-08-21 01:03:00,40.0,27.018347
1995-08-21 01:04:00,27.999999999999996,27.512133
1995-08-21 01:05:00,33.0,28.306162
1995-08-21 01:06:00,21.0,28.145752
1995-08-21 01:07:00,12.0,28.456575
1995-08-21 01:08:00,30.0,27.69336
1995-08-21 01:09:00,20.0,26.463602
1995-08-21 01:10:00,13.000000000000002,25.394424
1995-08-21 01:11:00,27.999999999999996,24.191778
1995-08-21 01:12:00,13.000000000000002,22.948221
1995-08-21 01:13:00,19.0,23.100199
1995-08-21 01:14:00,13.999999999999998,22.240423
1995-08-21 01:15:00,13.000000000000002,21.581362
1995-08-21 01:16:00,12.0,20.556072
1995-08-21 01:17:00,21.0,20.052467
1995-08-21 01:18:00,25.0,19.740149
1995-08-21 01:19:00,15.0,19.328194
1995-08-21 01:20:00,20.0,19.863344
1995-08-21 01:21:00,27.999999999999996,19.877281
1995-08-21 01:22:00,43.0,19.749342
1995-08-21 01:23:00,44.0,20.196697
1995-08-21 01:24:00,27.0,21.017176
1995-08-21 01:25:00,50.0,22.342113
1995-08-21 01:26:00,27.999999999999996,23.110586
1995-08-21 01:27:00,42.0,25.09099
1995-08-21 01:28:00,23.0,25.935076
1995-08-21 01:29:00,21.0,26.445444
1995-08-21 01:30:00,33.0,26.105772
1995-08-21 01:31:00,19.0,25.615076
1995-08-21 01:32:00,5.0,25.432451
1995-08-21 01:33:00,24.0,24.883549
1995-08-21 01:34:00,18.0,23.470896
1995-08-21 01:35:00,21.0,22.955975
1995-08-21 01:36:00,29.0,22.11181
1995-08-21 01:37:00,55.99999999999999,21.828892
1995-08-21 01:38:00,20.0,21.7477
1995-08-21 01:39:00,32.0,22.886423
1995-08-21 01:40:00,36.0,23.659182
1995-08-21 01:41:00,35.0,24.258535
1995-08-21 01:42:00,30.0,25.080214
1995-08-21 01:43:00,9.0,25.798792
1995-08-21 01:44:00,23.0,25.864458
1995-08-21 01:45:00,13.999999999999998,24.970604
1995-08-21 01:46:00,26.000000000000004,23.893559
1995-08-21 01:47:00,27.0,22.171865
1995-08-21 01:48:00,21.0,20.818142
1995-08-21 01:49:00,20.0,20.136522
1995-08-21 01:50:00,27.999999999999996,19.844345
1995-08-21 01:51:00,34.0,19.717772
1995-08-21 01:52:00,15.0,20.177551
1995-08-21 01:53:00,24.0,20.888592
1995-08-21 01:54:00,27.999999999999996,20.981049
1995-08-21 01:55:00,37.0,21.268032
1995-08-21 01:56:00,27.0,21.679224
1995-08-21 01:57:00,33.0,23.178701
1995-08-21 01:58:00,17.0,23.686398
1995-08-21 01:59:00,24.0,23.808214
1995-08-21 02:00:00,15.0,23.668732
1995-08-21 02:01:00,62.00000000000001,23.28533
1995-08-21 02:02:00,13.000000000000002,22.661945
1995-08-21 02:03:00,27.999999999999996,23.45114
1995-08-21 02:04:00,27.999999999999996,22.975952
1995-08-21 02:05:00,17.0,23.04731
1995-08-21 02:06:00,9.0,23.023806
1995-08-21 02:07:00,10.0,22.432455
1995-08-21 02:08:00,4.0,20.904196
1995-08-21 02:09:00,22.0,18.817345
1995-08-21 02:10:00,11.0,16.564823
1995-08-21 02:11:00,13.000000000000002,15.171477
1995-08-21 02:12:00,13.999999999999998,13.861105
1995-08-21 02:13:00,6.0,13.357909
1995-08-21 02:14:00,22.0,13.674648
1995-08-21 02:15:00,15.0,13.720339
1995-08-21 02:16:00,11.0,13.60988
1995-08-21 02:17:00,13.999999999999998,13.84274
1995-08-21 02:18:00,18.0,14.013735
1995-08-21 02:19:00,19.0,13.895854
1995-08-21 02:20:00,8.0,14.061644
1995-08-21 02:21:00,15.0,14.753901
1995-08-21 02:22:00,12.0,14.685967
1995-08-21 02:23:00,21.0,14.2851305
1995-08-21 02:24:00,20.0,14.330179
1995-08-21 02:25:00,13.000000000000002,14.198173
1995-08-21 02:26:00,6.0,14.925245
1995-08-21 02:27:00,13.999999999999998,15.187431
1995-08-21 02:28:00,22.0,14.622974
1995-08-21 02:29:00,27.999999999999996,14.288975
1995-08-21 02:30:00,43.0,14.36851
1995-08-21 02:31:00,34.0,14.682603
1995-08-21 02:32:00,32.0,16.283133
1995-08-21 02:33:00,58.0,18.059536
1995-08-21 02:34:00,47.0,19.680538
1995-08-21 02:35:00,37.0,22.451923
1995-08-21 02:36:00,27.0,24.867682
1995-08-21 02:37:00,13.000000000000002,26.24895
1995-08-21 02:38:00,15.0,26.396496
1995-08-21 02:39:00,30.0,25.66237
1995-08-21 02:40:00,13.000000000000002,24.680136
1995-08-21 02:41:00,17.0,24.375042
1995-08-21 02:42:00,17.0,23.67117
1995-08-21 02:43:00,9.0,22.579708
1995-08-21 02:44:00,13.000000000000002,21.657927
1995-08-21 02:45:00,20.0,19.92793
1995-08-21 02:46:00,16.0,18.449047
1995-08-21 02:47:00,8.0,17.801783
1995-08-21 02:48:00,17.0,17.317911
1995-08-21 02:49:00,18.0,15.939615
1995-08-21 02:50:00,10.0,15.286821
1995-08-21 02:51:00,3.0,14.465434
1995-08-21 02:52:00,6.999999999999999,14.004454
1995-08-21 02:53:00,21.0,12.258344
1995-08-21 02:54:00,41.0,11.220932
1995-08-21 02:55:00,35.0,11.600773
1995-08-21 02:56:00,27.999999999999996,13.677696
1995-08-21 02:57:00,19.0,16.036398
1995-08-21 02:58:00,33.0,17.285654
1995-08-21 02:59:00,15.0,17.730574
1995-08-21 03:00:00,22.0,18.377716
1995-08-21 03:01:00,23.0,17.992035
1995-08-21 03:02:00,29.0,18.246714
1995-08-21 03:03:00,15.0,18.532156
1995-08-21 03:04:00,8.0,19.019514
1995-08-21 03:05:00,10.0,18.616442
1995-08-21 03:06:00,23.0,16.789848
1995-08-21 03:07:00,21.0,15.3286705
1995-08-21 03:08:00,13.000000000000002,15.037203
1995-08-21 03:09:00,29.0,14.631764
1995-08-21 03:10:00,9.0,14.220967
1995-08-21 03:11:00,4.0,14.623602
1995-08-21 03:12:00,9.0,13.987024
1995-08-21 03:13:00,11.0,13.074374
1995-08-21 03:14:00,9.0,12.004268
1995-08-21 03:15:00,25.0,11.686668
1995-08-21 03:16:00,11.0,11.202996
1995-08-21 03:17:00,11.0,11.957138
1995-08-21 03:18:00,6.999999999999999,12.503807
1995-08-21 03:19:00,8.0,12.966185
1995-08-21 03:20:00,22.0,12.432017
1995-08-21 03:21:00,31.000000000000004,11.599717
1995-08-21 03:22:00,4.0,11.914552
1995-08-21 03:23:00,15.0,13.030729
1995-08-21 03:24:00,13.999999999999998,12.2557
1995-08-21 03:25:00,6.999999999999999,11.765009
1995-08-21 03:26:00,19.0,11.671135
1995-08-21 03:27:00,12.0,11.412639
1995-08-21 03:28:00,9.0,11.688799
1995-08-21 03:29:00,10.0,11.798125
1995-08-21 03:30:00,27.0,11.844266
1995-08-21 03:31:00,32.0,12.186343
1995-08-21 03:32:00,13.000000000000002,13.370627
1995-08-21 03:33:00,38.0,14.459106
1995-08-21 03:34:00,13.000000000000002,15.029294
1995-08-21 03:35:00,19.0,16.23469
1995-08-21 03:36:00,22.0,16.531145
1995-08-21 03:37:00,26.000000000000004,16.968555
1995-08-21 03:38:00,13.000000000000002,16.866014
1995-08-21 03:39:00,19.0,17.411219
1995-08-21 03:40:00,22.0,17.438
1995-08-21 03:41:00,23.0,17.604301
1995-08-21 03:42:00,20.0,17.967993
1995-08-21 03:43:00,6.0,18.164951
1995-08-21 03:44:00,12.0,17.796257
1995-08-21 03:45:00,12.0,16.483122
1995-08-21 03:46:00,23.0,14.809862
1995-08-21 03:47:00,19.0,14.177452
1995-08-21 03:48:00,12.0,14.421068
1995-08-21 03:49:00,23.0,14.741803
1995-08-21 03:50:00,27.0,14.135273
1995-08-21 03:51:00,37.0,14.835393
1995-08-21 03:52:00,17.0,15.590679
1995-08-21 03:53:00,29.0,17.360569
1995-08-21 03:54:00,16.0,18.796297
1995-08-21 03:55:00,13.999999999999998,20.380857
1995-08-21 03:56:00,11.0,20.775158
1995-08-21 03:57:00,33.0,20.973984
1995-08-21 03:58:00,29.0,20.639278
1995-08-21 03:59:00,9.0,20.595037
1995-08-21 04:00:00,16.0,20.716284
1995-08-21 04:01:00,19.0,19.751469
1995-08-21 04:02:00,38.0,18.632225
1995-08-21 04:03:00,22.0,17.537386
1995-08-21 04:04:00,6.999999999999999,17.359959
1995-08-21 04:05:00,11.0,17.592268
1995-08-21 04:06:00,15.0,17.150331
1995-08-21 04:07:00,1.0,16.635727
1995-08-21 04:08:00,13.999999999999998,16.465424
1995-08-21 04:09:00,9.0,13.760369
1995-08-21 04:10:00,8.0,12.413496
1995-08-21 04:11:00,9.0,11.788379
1995-08-21 04:12:00,17.0,10.916292
1995-08-21 04:13:00,13.999999999999998,9.8928585
1995-08-21 04:14:00,25.0,9.993135
1995-08-21 04:15:00,8.0,10.205491
1995-08-21 04:16:00,16.0,10.566862
1995-08-21 04:17:00,13.000000000000002,10.365583
1995-08-21 04:18:00,15.0,11.155513
1995-08-21 04:19:00,27.0,11.894661
1995-08-21 04:20:00,19.0,12.683458
1995-08-21 04:21:00,22.0,13.588988
1995-08-21 04:22:00,5.0,13.911044
1995-08-21 04:23:00,6.999999999999999,14.444493
1995-08-21 04:24:00,12.0,13.535802
1995-08-21 04:25:00,9.0,11.746849
1995-08-21 04:26:00,17.0,10.833143
1995-08-21 04:27:00,16.0,10.8523855
1995-08-21 04:28:00,13.000000000000002,11.2788105
1995-08-21 04:29:00,11.0,11.2672205
1995-08-21 04:30:00,15.0,10.720264
1995-08-21 04:31:00,4.0,10.727428
1995-08-21 04:32:00,36.0,11.303309
1995-08-21 04:33:00,24.0,10.974608
1995-08-21 04:34:00,15.0,12.54323
1995-08-21 04:35:00,16.0,14.215285
1995-08-21 04:36:00,21.0,14.131936
1995-08-21 04:37:00,31.000000000000004,14.372137
1995-08-21 04:38:00,35.0,14.92431
1995-08-21 04:39:00,21.0,15.706327
1995-08-21 04:40:00,10.0,16.745718
1995-08-21 04:41:00,12.0,16.87511
1995-08-21 04:42:00,5.0,17.087595
1995-08-21 04:43:00,5.0,16.72952
1995-08-21 04:44:00,9.0,15.511711
1995-08-21 04:45:00,11.0,13.990972
1995-08-21 04:46:00,10.0,13.355719
1995-08-21 04:47:00,13.999999999999998,13.208996
1995-08-21 04:48:00,18.0,12.921381
1995-08-21 04:49:00,12.0,12.964242
1995-08-21 04:50:00,15.0,12.719505
1995-08-21 04:51:00,8.0,12.46534
1995-08-21 04:52:00,10.0,12.563942
1995-08-21 04:53:00,10.0,11.549138
1995-08-21 04:54:00,9.0,11.114191
1995-08-21 04:55:00,2.0,10.385167
1995-08-21 04:56:00,11.0,9.875471
1995-08-21 04:57:00,12.0,8.604675
1995-08-21 04:58:00,13.999999999999998,8.009362
1995-08-21 04:59:00,5.0,7.997039
1995-08-21 05:00:00,17.0,8.383974
1995-08-21 05:01:00,1.0,8.569257
1995-08-21 05:02:00,6.999999999999999,9.521789
1995-08-21 05:03:00,23.0,7.9463573
1995-08-21 05:04:00,30.0,8.089482
1995-08-21 05:05:00,3.0,10.200183
1995-08-21 05:06:00,13.999999999999998,13.258935
1995-08-21 05:07:00,20.0,12.826427
1995-08-21 05:08:00,27.999999999999996,12.310416
1995-08-21 05:09:00,31.000000000000004,12.589192
1995-08-21 05:10:00,11.0,13.091595
1995-08-21 05:11:00,11.0,14.100023
1995-08-21 05:12:00,6.999999999999999,14.077905
1995-08-21 05:13:00,16.0,13.763989
1995-08-21 05:14:00,25.0,12.723253
1995-08-21 05:15:00,22.0,12.6459875
1995-08-21 05:16:00,13.000000000000002,13.086543
1995-08-21 05:17:00,6.999999999999999,14.195152
1995-08-21 05:18:00,8.0,14.271033
1995-08-21 05:19:00,12.0,14.153586
1995-08-21 05:20:00,16.0,13.491378
1995-08-21 05:21:00,9.0,12.750012
1995-08-21 05:22:00,9.0,11.843282
1995-08-21 05:23:00,4.0,11.467189
1995-08-21 05:24:00,29.0,10.776523
1995-08-21 05:25:00,34.0,9.596285
1995-08-21 05:26:00,23.0,9.100775
1995-08-21 05:27:00,60.0,10.581358
1995-08-21 05:28:00,15.0,12.295404
1995-08-21 05:29:00,26.000000000000004,15.133796
1995-08-21 05:30:00,4.0,15.980275
1995-08-21 05:31:00,22.0,16.98086
1995-08-21 05:32:00,15.0,16.597128
1995-08-21 05:33:00,13.000000000000002,16.332937
1995-08-21 05:34:00,11.0,16.111462
1995-08-21 05:35:00,25.0,15.243897
1995-08-21 05:36:00,11.0,14.734353
1995-08-21 05:37:00,6.0,14.445839
1995-08-21 05:38:00,32.0,14.656598
1995-08-21 05:39:00,13.000000000000002,14.248531
1995-08-21 05:40:00,27.999999999999996,15.242887
1995-08-21 05:41:00,36.0,15.733403
1995-08-21 05:42:00,30.0,16.935461
1995-08-21 05:43:00,10.0,19.093876
1995-08-21 05:44:00,19.0,20.896362
1995-08-21 05:45:00,24.0,20.18978
1995-08-21 05:46:00,54.0,19.660318
1995-08-21 05:47:00,8.0,19.877903
1995-08-21 05:48:00,20.0,22.331966
1995-08-21 05:49:00,23.0,22.660822
1995-08-21 05:50:00,32.0,23.066647
1995-08-21 05:51:00,23.0,23.096949
1995-08-21 05:52:00,9.0,23.24583
1995-08-21 05:53:00,6.0,23.236578
1995-08-21 05:54:00,12.0,22.328047
1995-08-21 05:55:00,18.0,20.979153
1995-08-21 05:56:00,19.0,19.834917
1995-08-21 05:57:00,26.000000000000004,19.389696
1995-08-21 05:58:00,26.000000000000004,19.266314
1995-08-21 05:59:00,20.0,19.330917
1995-08-21 06:00:00,19.0,20.24254
1995-08-21 06:01:00,10.0,20.491552
1995-08-21 06:02:00,21.0,20.618925
1995-08-21 06:03:00,6.999999999999999,19.163036
1995-08-21 06:04:00,23.0,18.104738
1995-08-21 06:05:00,43.0,16.965494
1995-08-21 06:06:00,34.0,16.956707
1995-08-21 06:07:00,21.0,18.224934
1995-08-21 06:08:00,27.999999999999996,19.56187
1995-08-21 06:09:00,22.0,20.401413
1995-08-21 06:10:00,18.0,20.555357
1995-08-21 06:11:00,12.0,20.389292
1995-08-21 06:12:00,11.0,19.878975
1995-08-21 06:13:00,24.0,18.913107
1995-08-21 06:14:00,12.0,17.374302
1995-08-21 06:15:00,21.0,16.781414
1995-08-21 06:16:00,16.0,16.419731
1995-08-21 06:17:00,20.0,16.12318
1995-08-21 06:18:00,6.0,15.959651
1995-08-21 06:19:00,6.999999999999999,16.222061
1995-08-21 06:20:00,17.0,15.234555
1995-08-21 06:21:00,11.0,13.899843
1995-08-21 06:22:00,16.0,13.691166
1995-08-21 06:23:00,23.0,13.662095
1995-08-21 06:24:00,27.0,13.042732
1995-08-21 06:25:00,23.0,13.366702
1995-08-21 06:26:00,27.0,14.1994915
1995-08-21 06:27:00,30.0,14.687956
1995-08-21 06:28:00,20.0,15.455583
1995-08-21 06:29:00,32.0,16.639662
1995-08-21 06:30:00,13.000000000000002,17.725927
1995-08-21 06:31:00,4.0,18.905727
1995-08-21 06:32:00,23.0,18.6753
1995-08-21 06:33:00,15.0,17.252523
1995-08-21 06:34:00,4.0,16.685438
1995-08-21 06:35:00,20.0,15.585187
1995-08-21 06:36:00,8.0,13.8864155
1995-08-21 06:37:00,2.0,13.882695
1995-08-21 06:38:00,4.0,13.829545
1995-08-21 06:39:00,18.0,11.498311
1995-08-21 06:40:00,9.0,10.117271
1995-08-21 06:41:00,5.0,10.159221
1995-08-21 06:42:00,5.0,10.309838
1995-08-21 06:43:00,24.0,10.221526
1995-08-21 06:44:00,10.0,10.200506
1995-08-21 06:45:00,6.999999999999999,11.873029
1995-08-21 06:46:00,20.0,13.031272
1995-08-21 06:47:00,32.0,13.68903
1995-08-21 06:48:00,15.0,14.358435
1995-08-21 06:49:00,22.0,15.573205
1995-08-21 06:50:00,13.000000000000002,16.657524
1995-08-21 06:51:00,22.0,17.593233
1995-08-21 06:52:00,20.0,17.298656
1995-08-21 06:53:00,17.0,18.093756
1995-08-21 06:54:00,13.000000000000002,19.512697
1995-08-21 06:55:00,37.0,19.98932
1995-08-21 06:56:00,25.0,19.130423
1995-08-21 06:57:00,32.0,19.219414
1995-08-21 06:58:00,30.0,19.193913
1995-08-21 06:59:00,33.0,19.825266
1995-08-21 07:00:00,13.000000000000002,20.657413
1995-08-21 07:01:00,4.0,21.9365
1995-08-21 07:02:00,23.0,21.787241
1995-08-21 07:03:00,8.0,20.32568
1995-08-21 07:04:00,13.999999999999998,19.12395
1995-08-21 07:05:00,17.0,18.478674
1995-08-21 07:06:00,11.0,17.842123
1995-08-21 07:07:00,19.0,17.465109
1995-08-21 07:08:00,17.0,17.359074
1995-08-21 07:09:00,25.0,17.480324
1995-08-21 07:10:00,21.0,18.419207
1995-08-21 07:11:00,15.0,19.432304
1995-08-21 07:12:00,18.0,21.055141
1995-08-21 07:13:00,26.000000000000004,21.79466
1995-08-21 07:14:00,19.0,21.713615
1995-08-21 07:15:00,30.0,21.959114
1995-08-21 07:16:00,32.0,22.258108
1995-08-21 07:17:00,16.0,23.408714
1995-08-21 07:18:00,21.0,24.476748
1995-08-21 07:19:00,18.0,25.457958
1995-08-21 07:20:00,35.0,25.339266
1995-08-21 07:21:00,20.0,25.497248
1995-08-21 07:22:00,10.0,26.29945
1995-08-21 07:23:00,27.0,26.53158
1995-08-21 07:24:00,15.0,25.919998
1995-08-21 07:25:00,17.0,25.74308
1995-08-21 07:26:00,22.0,25.738104
1995-08-21 07:27:00,29.0,25.667242
1995-08-21 07:28:00,24.0,25.45058
1995-08-21 07:29:00,46.0,25.561138
1995-08-21 07:30:00,20.0,24.854614
1995-08-21 07:31:00,8.0,25.017403
1995-08-21 07:32:00,30.0,24.267635
1995-08-21 07:33:00,11.0,23.558765
1995-08-21 07:34:00,5.0,23.744757
1995-08-21 07:35:00,29.0,23.229088
1995-08-21 07:36:00,24.0,21.758543
1995-08-21 07:37:00,18.0,22.633821
1995-08-21 07:38:00,27.0,24.107954
1995-08-21 07:39:00,36.0,25.610006
1995-08-21 07:40:00,22.0,26.369677
1995-08-21 07:41:00,49.0,27.60287
1995-08-21 07:42:00,43.0,28.346998
1995-08-21 07:43:00,46.0,28.860596
1995-08-21 07:44:00,17.0,30.285862
1995-08-21 07:45:00,53.0,31.25136
1995-08-21 07:46:00,34.0,30.889074
1995-08-21 07:47:00,50.0,31.295847
1995-08-21 07:48:00,27.999999999999996,32.419796
1995-08-21 07:49:00,50.0,33.514217
1995-08-21 07:50:00,19.0,34.2706
1995-08-21 07:51:00,16.0,34.6588
1995-08-21 07:52:00,21.0,34.75322
1995-08-21 07:53:00,50.99999999999999,33.57632
1995-08-21 07:54:00,20.0,32.578274
1995-08-21 07:55:00,27.999999999999996,32.734173
1995-08-21 07:56:00,27.999999999999996,31.524822
1995-08-21 07:57:00,13.000000000000002,31.545303
1995-08-21 07:58:00,29.0,31.300076
1995-08-21 07:59:00,33.0,30.364656
1995-08-21 08:00:00,33.0,29.820568
1995-08-21 08:01:00,30.0,28.890673
1995-08-21 08:02:00,49.0,28.75597
1995-08-21 08:03:00,43.0,28.647757
1995-08-21 08:04:00,38.0,29.907696
1995-08-21 08:05:00,36.0,31.0838
1995-08-21 08:06:00,35.0,32.036896
1995-08-21 08:07:00,33.0,33.427307
1995-08-21 08:08:00,29.0,34.65992
1995-08-21 08:09:00,15.0,35.393494
1995-08-21 08:10:00,13.000000000000002,35.477272
1995-08-21 08:11:00,36.0,34.69767
1995-08-21 08:12:00,43.0,32.92959
1995-08-21 08:13:00,25.0,32.175705
1995-08-21 08:14:00,23.0,32.53559
1995-08-21 08:15:00,29.0,31.978285
1995-08-21 08:16:00,39.0,31.540813
1995-08-21 08:17:00,24.0,31.491386
1995-08-21 08:18:00,53.0,31.550734
1995-08-21 08:19:00,39.0,30.667051
1995-08-21 08:20:00,26.000000000000004,30.807848
1995-08-21 08:21:00,54.0,31.729273
1995-08-21 08:22:00,43.0,32.451263
1995-08-21 08:23:00,24.0,34.623543
1995-08-21 08:24:00,34.0,35.918766
1995-08-21 08:25:00,12.0,35.935497
1995-08-21 08:26:00,17.0,35.636906
1995-08-21 08:27:00,29.0,34.230267
1995-08-21 08:28:00,65.0,32.5246
1995-08-21 08:29:00,31.000000000000004,31.622652
1995-08-21 08:30:00,47.0,32.677456
1995-08-21 08:31:00,39.0,33.525112
1995-08-21 08:32:00,42.0,34.529617
1995-08-21 08:33:00,26.000000000000004,35.157402
1995-08-21 08:34:00,60.99999999999999,35.787724
1995-08-21 08:35:00,32.0,36.12151
1995-08-21 08:36:00,64.0,37.131527
1995-08-21 08:37:00,30.0,37.193443
1995-08-21 08:38:00,35.0,38.688267
1995-08-21 08:39:00,27.0,39.652424
1995-08-21 08:40:00,32.0,39.800278
1995-08-21 08:41:00,38.0,39.869595
1995-08-21 08:42:00,36.0,39.751766
1995-08-21 08:43:00,42.0,40.049637
1995-08-21 08:44:00,25.0,41.004833
1995-08-21 08:45:00,13.000000000000002,41.09402
1995-08-21 08:46:00,11.0,40.469315
1995-08-21 08:47:00,27.999999999999996,38.978516
1995-08-21 08:48:00,40.0,36.18699
1995-08-21 08:49:00,24.0,34.119514
1995-08-21 08:50:00,36.0,33.827904
1995-08-21 08:51:00,38.0,33.669613
1995-08-21 08:52:00,47.0,33.536514
1995-08-21 08:53:00,30.0,33.314636
1995-08-21 08:54:00,20.0,34.047516
1995-08-21 08:55:00,35.0,34.382057
1995-08-21 08:56:00,27.0,33.45143
1995-08-21 08:57:00,26.000000000000004,32.83078
1995-08-21 08:58:00,37.0,32.239525
1995-08-21 08:59:00,19.0,31.873528
1995-08-21 09:00:00,32.0,32.25864
1995-08-21 09:01:00,36.0,32.212566
1995-08-21 09:02:00,46.0,32.647854
1995-08-21 09:03:00,26.000000000000004,32.753925
1995-08-21 09:04:00,32.0,33.058414
1995-08-21 09:05:00,38.0,33.08877
1995-08-21 09:06:00,22.0,33.724636
1995-08-21 09:07:00,33.0,33.92739
1995-08-21 09:08:00,24.0,33.827934
1995-08-21 09:09:00,20.0,33.74636
1995-08-21 09:10:00,17.0,33.301647
1995-08-21 09:11:00,42.0,32.616936
1995-08-21 09:12:00,19.0,31.629997
1995-08-21 09:13:00,48.0,31.626083
1995-08-21 09:14:00,47.0,30.904697
1995-08-21 09:15:00,55.99999999999999,32.065372
1995-08-21 09:16:00,38.0,33.236942
1995-08-21 09:17:00,13.000000000000002,35.181866
1995-08-21 09:18:00,40.0,36.858295
1995-08-21 09:19:00,46.0,36.343094
1995-08-21 09:20:00,17.0,36.332863
1995-08-21 09:21:00,19.0,37.079426
1995-08-21 09:22:00,19.0,36.83419
1995-08-21 09:23:00,37.0,36.179028
1995-08-21 09:24:00,17.0,35.15736
1995-08-21 09:25:00,35.0,34.518314
1995-08-21 09:26:00,26.000000000000004,33.459366
1995-08-21 09:27:00,48.0,32.913754
1995-08-21 09:28:00,54.0,32.637474
1995-08-21 09:29:00,23.0,34.16989
1995-08-21 09:30:00,34.0,36.880245
1995-08-21 09:31:00,44.0,36.892647
1995-08-21 09:32:00,32.0,36.61954
1995-08-21 09:33:00,55.0,36.644497
1995-08-21 09:34:00,42.0,37.097565
1995-08-21 09:35:00,50.99999999999999,38.80056
1995-08-21 09:36:00,26.000000000000004,40.27578
1995-08-21 09:37:00,34.0,41.490578
1995-08-21 09:38:00,69.0,41.677055
1995-08-21 09:39:00,59.0,41.904537
1995-08-21 09:40:00,40.0,43.3022
1995-08-21 09:41:00,66.0,44.187653
1995-08-21 09:42:00,46.0,44.649494
1995-08-21 09:43:00,43.0,46.989605
1995-08-21 09:44:00,32.0,47.90822
1995-08-21 09:45:00,54.0,48.32488
1995-08-21 09:46:00,25.0,47.796036
1995-08-21 09:47:00,41.0,47.565197
1995-08-21 09:48:00,45.0,46.330093
1995-08-21 09:49:00,69.0,45.357426
1995-08-21 09:50:00,57.00000000000001,45.07754
1995-08-21 09:51:00,45.0,46.0055
1995-08-21 09:52:00,62.00000000000001,47.105858
1995-08-21 09:53:00,55.99999999999999,47.050247
1995-08-21 09:54:00,68.0,47.0958
1995-08-21 09:55:00,55.0,47.048485
1995-08-21 09:56:00,43.0,48.176704
1995-08-21 09:57:00,50.0,49.012405
1995-08-21 09:58:00,68.0,48.28161
1995-08-21 09:59:00,36.0,47.54542
1995-08-21 10:00:00,57.00000000000001,47.668617
1995-08-21 10:01:00,60.99999999999999,47.577473
1995-08-21 10:02:00,64.0,48.53632
1995-08-21 10:03:00,45.0,49.081318
1995-08-21 10:04:00,80.0,49.898064
1995-08-21 10:05:00,70.0,50.5631
1995-08-21 10:06:00,48.0,52.438683
1995-08-21 10:07:00,65.0,54.781418
1995-08-21 10:08:00,59.0,55.46494
1995-08-21 10:09:00,46.0,56.266212
1995-08-21 10:10:00,45.0,56.95823
1995-08-21 10:11:00,70.0,56.498825
1995-08-21 10:12:00,25.0,55.431618
1995-08-21 10:13:00,66.0,55.06591
1995-08-21 10:14:00,50.0,53.188107
1995-08-21 10:15:00,22.0,53.241333
1995-08-21 10:16:00,54.0,52.618134
1995-08-21 10:17:00,50.0,50.854713
1995-08-21 10:18:00,38.0,50.70429
1995-08-21 10:19:00,59.0,50.98693
1995-08-21 10:20:00,55.0,50.790634
1995-08-21 10:21:00,40.0,51.121227
1995-08-21 10:22:00,38.0,51.374176
1995-08-21 10:23:00,55.99999999999999,50.891228
1995-08-21 10:24:00,44.0,50.01137
1995-08-21 10:25:00,33.0,48.92914
1995-08-21 10:26:00,54.0,47.886944
1995-08-21 10:27:00,35.0,46.17134
1995-08-21 10:28:00,40.0,46.12436
1995-08-21 10:29:00,59.0,44.7754
1995-08-21 10:30:00,64.0,44.140465
1995-08-21 10:31:00,68.0,44.73876
1995-08-21 10:32:00,44.0,46.07358
1995-08-21 10:33:00,30.0,47.759197
1995-08-21 10:34:00,50.0,48.48044
1995-08-21 10:35:00,35.0,49.58202
1995-08-21 10:36:00,62.00000000000001,50.081734
1995-08-21 10:37:00,37.0,49.205208
1995-08-21 10:38:00,60.0,50.00558
1995-08-21 10:39:00,31.000000000000004,49.745518
1995-08-21 10:40:00,23.0,50.132446
1995-08-21 10:41:00,67.0,49.432484
1995-08-21 10:42:00,39.0,48.031067
1995-08-21 10:43:00,75.0,47.85949
1995-08-21 10:44:00,70.0,48.02161
1995-08-21 10:45:00,45.0,49.40085
1995-08-21 10:46:00,49.0,51.232685
1995-08-21 10:47:00,27.999999999999996,50.75591
1995-08-21 10:48:00,94.0,50.18048
1995-08-21 10:49:00,57.00000000000001,48.57522
1995-08-21 10:50:00,48.0,49.725258
1995-08-21 10:51:00,45.0,51.003006
1995-08-21 10:52:00,52.00000000000001,51.352287
1995-08-21 10:53:00,70.0,52.022583
1995-08-21 10:54:00,62.00000000000001,52.587494
1995-08-21 10:55:00,39.0,55.40919
1995-08-21 10:56:00,25.0,57.24585
1995-08-21 10:57:00,39.0,57.326195
1995-08-21 10:58:00,26.000000000000004,54.958965
1995-08-21 10:59:00,33.0,52.968197
1995-08-21 11:00:00,55.99999999999999,50.98964
1995-08-21 11:01:00,57.00000000000001,48.933807
1995-08-21 11:02:00,22.0,48.71406
1995-08-21 11:03:00,52.00000000000001,49.467457
1995-08-21 11:04:00,67.0,48.047615
1995-08-21 11:05:00,54.0,47.51496
1995-08-21 11:06:00,76.0,48.19832
1995-08-21 11:07:00,46.0,49.14004
1995-08-21 11:08:00,100.0,51.801144
1995-08-21 11:09:00,33.0,53.581295
1995-08-21 11:10:00,40.0,57.77118
1995-08-21 11:11:00,53.0,57.652187
1995-08-21 11:12:00,81.0,57.20542
1995-08-21 11:13:00,69.0,56.771805
1995-08-21 11:14:00,50.99999999999999,57.706387
1995-08-21 11:15:00,76.0,58.204384
1995-08-21 11:16:00,63.0,57.68938
1995-08-21 11:17:00,58.0,59.695488
1995-08-21 11:18:00,76.0,61.094666
1995-08-21 11:19:00,46.0,61.62443
1995-08-21 11:20:00,46.0,62.112404
1995-08-21 11:21:00,40.0,61.107853
1995-08-21 11:22:00,35.0,59.678886
1995-08-21 11:23:00,33.0,57.87006
1995-08-21 11:24:00,50.99999999999999,55.74747
1995-08-21 11:25:00,44.0,53.44768
1995-08-21 11:26:00,76.0,51.503696
1995-08-21 11:27:00,50.99999999999999,49.77137
1995-08-21 11:28:00,62.00000000000001,49.79165
1995-08-21 11:29:00,72.0,50.03144
1995-08-21 11:30:00,66.0,50.25899
1995-08-21 11:31:00,75.0,51.87701
1995-08-21 11:32:00,93.0,53.708786
1995-08-21 11:33:00,35.0,55.289875
1995-08-21 11:34:00,60.0,57.19579
1995-08-21 11:35:00,64.0,56.390503
1995-08-21 11:36:00,75.0,56.22433
1995-08-21 11:37:00,111.0,56.30047
1995-08-21 11:38:00,60.0,57.062798
1995-08-21 11:39:00,46.0,59.716534
1995-08-21 11:40:00,75.0,61.24026
1995-08-21 11:41:00,52.00000000000001,62.713276
1995-08-21 11:42:00,59.0,63.379837
1995-08-21 11:43:00,71.0,64.19597
1995-08-21 11:44:00,53.0,63.871414
1995-08-21 11:45:00,39.0,63.609142
1995-08-21 11:46:00,67.0,63.3198
1995-08-21 11:47:00,95.0,62.21765
1995-08-21 11:48:00,40.0,62.219444
1995-08-21 11:49:00,52.00000000000001,63.418064
1995-08-21 11:50:00,60.0,62.75329
1995-08-21 11:51:00,60.0,60.961758
1995-08-21 11:52:00,60.0,60.00702
1995-08-21 11:53:00,69.0,60.533886
1995-08-21 11:54:00,97.0,60.4498
1995-08-21 11:55:00,63.0,61.031704
1995-08-21 11:56:00,84.0,62.30001
1995-08-21 11:57:00,116.0,62.84405
1995-08-21 11:58:00,78.0,64.762146
1995-08-21 11:59:00,65.0,68.533424
1995-08-21 12:00:00,74.0,71.02827
1995-08-21 12:01:00,72.0,71.27664
1995-08-21 12:02:00,79.0,72.1048
1995-08-21 12:03:00,69.0,72.72783
1995-08-21 12:04:00,50.0,72.9341
1995-08-21 12:05:00,53.0,72.899376
1995-08-21 12:06:00,46.0,71.18939
1995-08-21 12:07:00,55.0,69.09765
1995-08-21 12:08:00,54.0,66.05812
1995-08-21 12:09:00,52.00000000000001,63.910095
1995-08-21 12:10:00,96.0,61.848167
1995-08-21 12:11:00,87.0,60.549164
1995-08-21 12:12:00,69.0,61.478436
1995-08-21 12:13:00,59.0,63.111427
1995-08-21 12:14:00,48.0,63.77007
1995-08-21 12:15:00,72.0,63.438164
1995-08-21 12:16:00,63.0,62.280834
1995-08-21 12:17:00,49.0,62.044044
1995-08-21 12:18:00,104.00000000000001,61.73836
1995-08-21 12:19:00,53.0,59.953156
1995-08-21 12:20:00,67.0,61.052612
1995-08-21 12:21:00,64.0,61.03858
1995-08-21 12:22:00,101.99999999999999,61.46118
1995-08-21 12:23:00,63.0,62.345722
1995-08-21 12:24:00,96.0,64.22669
1995-08-21 12:25:00,68.0,65.03451
1995-08-21 12:26:00,96.0,68.367256
1995-08-21 12:27:00,62.00000000000001,70.42954
1995-08-21 12:28:00,82.0,73.66681
1995-08-21 12:29:00,64.0,74.878204
1995-08-21 12:30:00,84.0,75.6598
1995-08-21 12:31:00,114.00000000000001,74.65731
1995-08-21 12:32:00,70.0,74.58433
1995-08-21 12:33:00,69.0,76.46335
1995-08-21 12:34:00,105.0,76.78275
1995-08-21 12:35:00,126.0,76.789
1995-08-21 12:36:00,58.0,78.34379
1995-08-21 12:37:00,58.0,81.425575
1995-08-21 12:38:00,77.0,81.25133
1995-08-21 12:39:00,74.0,79.502106
1995-08-21 12:40:00,55.0,78.28966
1995-08-21 12:41:00,84.0,77.353775
1995-08-21 12:42:00,74.0,74.96156
1995-08-21 12:43:00,86.0,72.91835
1995-08-21 12:44:00,70.0,71.138626
1995-08-21 12:45:00,80.0,69.49949
1995-08-21 12:46:00,60.0,69.41716
1995-08-21 12:47:00,81.0,69.72733
1995-08-21 12:48:00,83.0,68.83348
1995-08-21 12:49:00,97.0,69.43286
1995-08-21 12:50:00,82.0,70.551895
1995-08-21 12:51:00,103.0,71.94259
1995-08-21 12:52:00,84.0,72.890724
1995-08-21 12:53:00,58.0,74.468056
1995-08-21 12:54:00,81.0,75.18066
1995-08-21 12:55:00,110.0,74.97193
1995-08-21 12:56:00,109.00000000000001,75.468475
1995-08-21 12:57:00,95.0,76.5585
1995-08-21 12:58:00,95.0,78.73032
1995-08-21 12:59:00,67.0,79.788025
1995-08-21 13:00:00,87.0,81.07333
1995-08-21 13:01:00,82.0,81.37768
1995-08-21 13:02:00,78.0,81.69107
1995-08-21 13:03:00,67.0,82.70692
1995-08-21 13:04:00,55.0,82.90876
1995-08-21 13:05:00,85.0,82.04087
1995-08-21 13:06:00,70.0,80.23708
1995-08-21 13:07:00,81.0,79.20594
1995-08-21 13:08:00,83.0,78.23877
1995-08-21 13:09:00,68.0,76.99759
1995-08-21 13:10:00,88.0,76.679054
1995-08-21 13:11:00,63.0,75.9033
1995-08-21 13:12:00,55.0,76.38457
1995-08-21 13:13:00,50.99999999999999,76.027176
1995-08-21 13:14:00,62.00000000000001,74.913025
1995-08-21 13:15:00,80.0,72.31051
1995-08-21 13:16:00,64.0,70.51818
1995-08-21 13:17:00,96.0,70.22344
1995-08-21 13:18:00,86.0,69.67452
1995-08-21 13:19:00,62.00000000000001,70.49697
1995-08-21 13:20:00,90.0,71.288666
1995-08-21 13:21:00,66.0,71.05858
1995-08-21 13:22:00,54.0,71.457535
1995-08-21 13:23:00,65.0,70.72412
1995-08-21 13:24:00,101.0,69.77567
1995-08-21 13:25:00,62.00000000000001,68.68523
1995-08-21 13:26:00,63.0,71.06315
1995-08-21 13:27:00,57.00000000000001,71.479706
1995-08-21 13:28:00,70.0,71.343796
1995-08-21 13:29:00,60.0,69.47655
1995-08-21 13:30:00,66.0,68.27457
1995-08-21 13:31:00,74.0,67.96299
1995-08-21 13:32:00,54.0,68.58805
1995-08-21 13:33:00,55.99999999999999,68.79327
1995-08-21 13:34:00,66.0,68.97217
1995-08-21 13:35:00,58.0,68.76614
1995-08-21 13:36:00,87.0,68.348114
1995-08-21 13:37:00,74.0,67.94586
1995-08-21 13:38:00,94.0,68.50277
1995-08-21 13:39:00,75.0,68.54389
1995-08-21 13:40:00,71.0,70.67585
1995-08-21 13:41:00,50.0,72.23076
1995-08-21 13:42:00,65.0,72.3173
1995-08-21 13:43:00,45.0,70.491745
1995-08-21 13:44:00,40.0,70.17921
1995-08-21 13:45:00,45.0,68.01754
1995-08-21 13:46:00,79.0,65.548996
1995-08-21 13:47:00,78.0,63.70609
1995-08-21 13:48:00,43.0,62.504223
1995-08-21 13:49:00,32.0,64.35254
1995-08-21 13:50:00,63.0,64.97216
1995-08-21 13:51:00,57.00000000000001,64.55568
1995-08-21 13:52:00,31.000000000000004,64.11733
1995-08-21 13:53:00,10.0,63.04862
1995-08-21 13:54:00,3.0,60.66515
1995-08-21 13:55:00,0.0,56.692772
1995-08-21 13:56:00,0.0,51.189373
1995-08-21 13:57:00,0.0,43.23496
1995-08-21 13:58:00,0.0,35.14585
1995-08-21 13:59:00,0.0,27.922142
1995-08-21 14:00:00,3.0,21.793829
1995-08-21 14:01:00,59.0,16.927109
1995-08-21 14:02:00,59.0,14.71894
1995-08-21 14:03:00,60.99999999999999,16.812017
1995-08-21 14:04:00,67.0,20.92886
1995-08-21 14:05:00,34.0,26.420645
1995-08-21 14:06:00,60.0,31.30362
1995-08-21 14:07:00,64.0,34.568012
1995-08-21 14:08:00,43.0,37.902973
1995-08-21 14:09:00,52.00000000000001,41.867523
1995-08-21 14:10:00,53.0,45.113483
1995-08-21 14:11:00,24.0,46.451614
1995-08-21 14:12:00,36.0,47.242786
1995-08-21 14:13:00,38.0,46.50739
1995-08-21 14:14:00,81.0,46.22595
1995-08-21 14:15:00,44.0,45.47637
1995-08-21 14:16:00,35.0,46.479156
1995-08-21 14:17:00,55.0,46.92496
1995-08-21 14:18:00,70.0,46.747845
1995-08-21 14:19:00,69.0,47.60191
1995-08-21 14:20:00,50.0,49.979694
1995-08-21 14:21:00,32.0,52.234093
1995-08-21 14:22:00,78.0,55.15308
1995-08-21 14:23:00,50.0,55.40636
1995-08-21 14:24:00,32.0,56.94592
1995-08-21 14:25:00,33.0,57.974327
1995-08-21 14:26:00,52.00000000000001,56.817307
1995-08-21 14:27:00,69.0,55.319683
1995-08-21 14:28:00,35.0,53.834766
1995-08-21 14:29:00,74.0,54.18926
1995-08-21 14:30:00,66.0,54.006287
1995-08-21 14:31:00,70.0,54.273335
1995-08-21 14:32:00,80.0,55.092712
1995-08-21 14:33:00,85.0,56.684822
1995-08-21 14:34:00,58.0,58.227604
1995-08-21 14:35:00,52.00000000000001,60.555325
1995-08-21 14:36:00,50.99999999999999,61.249977
1995-08-21 14:37:00,48.0,61.389046
1995-08-21 14:38:00,48.0,60.45242
1995-08-21 14:39:00,78.0,59.346134
1995-08-21 14:40:00,45.0,58.501118
1995-08-21 14:41:00,50.0,60.039326
1995-08-21 14:42:00,60.0,60.3696
1995-08-21 14:43:00,46.0,60.119404
1995-08-21 14:44:00,59.0,61.370144
1995-08-21 14:45:00,67.0,60.84998
1995-08-21 14:46:00,47.0,60.208393
1995-08-21 14:47:00,29.0,60.0385
1995-08-21 14:48:00,39.0,58.723156
1995-08-21 14:49:00,91.0,56.2178
1995-08-21 14:50:00,36.0,54.928925
1995-08-21 14:51:00,67.0,55.85015
1995-08-21 14:52:00,47.0,55.5809
1995-08-21 14:53:00,44.0,55.951973
1995-08-21 14:54:00,50.0,54.644497
1995-08-21 14:55:00,52.00000000000001,52.92394
1995-08-21 14:56:00,82.0,52.247543
1995-08-21 14:57:00,74.0,52.157913
1995-08-21 14:58:00,85.0,53.354206
1995-08-21 14:59:00,66.0,55.2222
1995-08-21 15:00:00,68.0,58.100456
1995-08-21 15:01:00,26.000000000000004,60.09847
1995-08-21 15:02:00,41.0,61.824036
1995-08-21 15:03:00,47.0,60.794083
1995-08-21 15:04:00,60.0,59.799583
1995-08-21 15:05:00,54.0,57.936127
1995-08-21 15:06:00,80.0,57.644466
1995-08-21 15:07:00,42.0,57.054016
1995-08-21 15:08:00,60.99999999999999,58.18492
1995-08-21 15:09:00,21.0,58.136593
1995-08-21 15:10:00,59.0,58.674503
1995-08-21 15:11:00,58.0,56.64271
1995-08-21 15:12:00,50.99999999999999,55.28057
1995-08-21 15:13:00,60.0,55.45026
1995-08-21 15:14:00,87.0,54.79916
1995-08-21 15:15:00,92.0,54.705906
1995-08-21 15:16:00,86.0,56.021957
1995-08-21 15:17:00,75.0,58.47763
1995-08-21 15:18:00,33.0,61.340096
1995-08-21 15:19:00,42.0,63.076973
1995-08-21 15:20:00,54.0,63.198112
1995-08-21 15:21:00,52.00000000000001,63.160007
1995-08-21 15:22:00,59.0,62.61526
1995-08-21 15:23:00,83.0,62.323204
1995-08-21 15:24:00,70.0,61.75568
1995-08-21 15:25:00,77.0,62.152233
1995-08-21 15:26:00,70.0,61.955692
1995-08-21 15:27:00,48.0,62.05577
1995-08-21 15:28:00,67.0,62.61744
1995-08-21 15:29:00,57.00000000000001,61.935753
1995-08-21 15:30:00,88.0,61.203465
1995-08-21 15:31:00,64.0,60.986526
1995-08-21 15:32:00,67.0,61.99837
1995-08-21 15:33:00,73.0,62.75499
1995-08-21 15:34:00,91.0,62.93855
1995-08-21 15:35:00,73.0,62.746563
1995-08-21 15:36:00,86.0,64.27038
1995-08-21 15:37:00,86.0,64.20693
1995-08-21 15:38:00,108.0,64.44834
1995-08-21 15:39:00,94.0,65.4532
1995-08-21 15:40:00,85.0,67.28265
1995-08-21 15:41:00,80.0,68.38983
1995-08-21 15:42:00,109.00000000000001,69.75168
1995-08-21 15:43:00,82.0,70.83943
1995-08-21 15:44:00,120.0,73.52985
1995-08-21 15:45:00,119.00000000000001,76.37614
1995-08-21 15:46:00,82.0,79.67902
1995-08-21 15:47:00,52.00000000000001,83.48228
1995-08-21 15:48:00,101.99999999999999,85.087616
1995-08-21 15:49:00,94.0,84.2816
1995-08-21 15:50:00,67.0,84.495895
1995-08-21 15:51:00,97.0,84.1227
1995-08-21 15:52:00,62.00000000000001,81.984795
1995-08-21 15:53:00,70.0,81.33817
1995-08-21 15:54:00,74.0,78.773346
1995-08-21 15:55:00,64.0,76.006645
1995-08-21 15:56:00,60.99999999999999,73.68362
1995-08-21 15:57:00,52.00000000000001,71.76345
1995-08-21 15:58:00,65.0,69.47664
1995-08-21 15:59:00,32.0,66.41582
1995-08-21 16:00:00,72.0,64.98975
1995-08-21 16:01:00,65.0,62.215744
1995-08-21 16:02:00,48.0,61.252388
1995-08-21 16:03:00,31.000000000000004,60.299656
1995-08-21 16:04:00,31.000000000000004,59.057602
1995-08-21 16:05:00,44.0,56.81331
1995-08-21 16:06:00,71.0,54.476746
1995-08-21 16:07:00,47.0,53.343937
1995-08-21 16:08:00,60.99999999999999,53.346615
1995-08-21 16:09:00,44.0,53.641514
1995-08-21 16:10:00,62.00000000000001,53.630802
1995-08-21 16:11:00,84.0,53.7733
1995-08-21 16:12:00,101.0,53.79127
1995-08-21 16:13:00,74.0,54.571014
1995-08-21 16:14:00,121.99999999999999,56.663532
1995-08-21 16:15:00,67.0,58.28651
1995-08-21 16:16:00,69.0,62.08198
1995-08-21 16:17:00,111.99999999999999,63.989605
1995-08-21 16:18:00,72.0,65.860596
1995-08-21 16:19:00,72.0,68.09242
1995-08-21 16:20:00,84.0,69.06846
1995-08-21 16:21:00,132.0,68.40473
1995-08-21 16:22:00,72.0,68.43986
1995-08-21 16:23:00,74.0,69.93101
1995-08-21 16:24:00,71.0,70.487366
1995-08-21 16:25:00,94.0,71.0077
1995-08-21 16:26:00,76.0,71.60639
1995-08-21 16:27:00,91.0,71.7736
1995-08-21 16:28:00,72.0,71.43264
1995-08-21 16:29:00,68.0,71.93295
1995-08-21 16:30:00,91.0,71.922035
1995-08-21 16:31:00,87.0,71.58543
1995-08-21 16:32:00,60.0,72.8662
1995-08-21 16:33:00,63.0,73.89943
1995-08-21 16:34:00,45.0,72.6675
1995-08-21 16:35:00,75.0,71.02623
1995-08-21 16:36:00,60.99999999999999,68.668526
1995-08-21 16:37:00,65.0,66.97651
1995-08-21 16:38:00,58.0,65.68143
1995-08-21 16:39:00,124.00000000000001,63.92869
1995-08-21 16:40:00,96.0,63.477222
1995-08-21 16:41:00,33.0,66.15052
1995-08-21 16:42:00,90.0,68.54808
1995-08-21 16:43:00,31.000000000000004,67.86319
1995-08-21 16:44:00,48.0,68.57427
1995-08-21 16:45:00,43.0,66.93138
1995-08-21 16:46:00,54.0,65.20128
1995-08-21 16:47:00,69.0,62.69373
1995-08-21 16:48:00,85.0,61.35094
1995-08-21 16:49:00,78.0,61.212162
1995-08-21 16:50:00,48.0,61.352154
1995-08-21 16:51:00,50.0,61.82014
1995-08-21 16:52:00,42.0,60.969494
1995-08-21 16:53:00,66.0,60.178
1995-08-21 16:54:00,49.0,59.16694
1995-08-21 16:55:00,68.0,60.902794
1995-08-21 16:56:00,45.0,61.33655
1995-08-21 16:57:00,52.00000000000001,61.61234
1995-08-21 16:58:00,29.0,61.05706
1995-08-21 16:59:00,55.99999999999999,60.483467
1995-08-21 17:00:00,36.0,58.284435
1995-08-21 17:01:00,39.0,56.07636
1995-08-21 17:02:00,43.0,53.870487
1995-08-21 17:03:00,65.0,51.93033
1995-08-21 17:04:00,73.0,49.93311
1995-08-21 17:05:00,60.99999999999999,48.846638
1995-08-21 17:06:00,66.0,49.20794
1995-08-21 17:07:00,41.0,49.50207
1995-08-21 17:08:00,44.0,50.870827
1995-08-21 17:09:00,60.0,51.339962
1995-08-21 17:10:00,57.00000000000001,51.371593
1995-08-21 17:11:00,75.0,51.83811
1995-08-21 17:12:00,79.0,52.49968
1995-08-21 17:13:00,66.0,53.505116
1995-08-21 17:14:00,53.0,55.180244
1995-08-21 17:15:00,36.0,56.42702
1995-08-21 17:16:00,69.0,57.288803
1995-08-21 17:17:00,27.999999999999996,56.81553
1995-08-21 17:18:00,27.0,57.641895
1995-08-21 17:19:00,46.0,56.57486
1995-08-21 17:20:00,55.0,54.74441
1995-08-21 17:21:00,72.0,53.065254
1995-08-21 17:22:00,36.0,52.206474
1995-08-21 17:23:00,37.0,53.10132
1995-08-21 17:24:00,67.0,52.73433
1995-08-21 17:25:00,46.0,51.622303
1995-08-21 17:26:00,31.000000000000004,52.39485
1995-08-21 17:27:00,47.0,52.18148
1995-08-21 17:28:00,20.0,51.073833
1995-08-21 17:29:00,49.0,50.470715
1995-08-21 17:30:00,42.0,48.586422
1995-08-21 17:31:00,66.0,47.24607
1995-08-21 17:32:00,37.0,45.826847
1995-08-21 17:33:00,46.0,46.028652
1995-08-21 17:34:00,65.0,46.6516
1995-08-21 17:35:00,22.0,47.450394
1995-08-21 17:36:00,42.0,48.679348
1995-08-21 17:37:00,54.0,48.023903
1995-08-21 17:38:00,53.0,48.175434
1995-08-21 17:39:00,50.99999999999999,49.22668
1995-08-21 17:40:00,33.0,50.0845
1995-08-21 17:41:00,42.0,50.19445
1995-08-21 17:42:00,68.0,49.498432
1995-08-21 17:43:00,29.0,48.85238
1995-08-21 17:44:00,93.0,50.41742
1995-08-21 17:45:00,53.0,49.801186
1995-08-21 17:46:00,42.0,51.042606
1995-08-21 17:47:00,53.0,52.31575
1995-08-21 17:48:00,53.0,52.050266
1995-08-21 17:49:00,37.0,52.30429
1995-08-21 17:50:00,55.0,52.954407
1995-08-21 17:51:00,22.0,52.354706
1995-08-21 17:52:00,69.0,53.044445
1995-08-21 17:53:00,48.0,51.980274
1995-08-21 17:54:00,55.99999999999999,51.861923
1995-08-21 17:55:00,38.0,53.107014
1995-08-21 17:56:00,54.0,53.592976
1995-08-21 17:57:00,103.0,53.738827
1995-08-21 17:58:00,50.99999999999999,53.08531
1995-08-21 17:59:00,45.0,54.788864
1995-08-21 18:00:00,59.0,55.740234
1995-08-21 18:01:00,53.0,56.417988
1995-08-21 18:02:00,33.0,57.42694
1995-08-21 18:03:00,40.0,57.79639
1995-08-21 18:04:00,50.0,57.134716
1995-08-21 18:05:00,62.00000000000001,56.5147
1995-08-21 18:06:00,42.0,55.402824
1995-08-21 18:07:00,37.0,54.53128
1995-08-21 18:08:00,50.99999999999999,53.00993
1995-08-21 18:09:00,50.0,51.27473
1995-08-21 18:10:00,37.0,49.884426
1995-08-21 18:11:00,24.0,49.685497
1995-08-21 18:12:00,53.0,49.391083
1995-08-21 18:13:00,52.00000000000001,47.845154
1995-08-21 18:14:00,23.0,47.920155
1995-08-21 18:15:00,53.0,47.965218
1995-08-21 18:16:00,48.0,46.350914
1995-08-21 18:17:00,42.0,46.055965
1995-08-21 18:18:00,42.0,45.935986
1995-08-21 18:19:00,43.0,45.587963
1995-08-21 18:20:00,69.0,45.659542
1995-08-21 18:21:00,55.99999999999999,45.32795
1995-08-21 18:22:00,59.0,47.09422
1995-08-21 18:23:00,55.0,48.428257
1995-08-21 18:24:00,27.999999999999996,50.359074
1995-08-21 18:25:00,40.0,52.513966
1995-08-21 18:26:00,41.0,52.014763
1995-08-21 18:27:00,33.0,51.57475
1995-08-21 18:28:00,39.0,51.191936
1995-08-21 18:29:00,47.0,50.085747
1995-08-21 18:30:00,66.0,48.669804
1995-08-21 18:31:00,44.0,47.686554
1995-08-21 18:32:00,54.0,47.494793
1995-08-21 18:33:00,36.0,47.362556
1995-08-21 18:34:00,31.000000000000004,47.37222
1995-08-21 18:35:00,46.0,46.812656
1995-08-21 18:36:00,71.0,46.280064
1995-08-21 18:37:00,53.0,45.974888
1995-08-21 18:38:00,65.0,46.96223
1995-08-21 18:39:00,93.0,48.101177
1995-08-21 18:40:00,44.0,48.182606
1995-08-21 18:41:00,48.0,49.808334
1995-08-21 18:42:00,57.00000000000001,50.13233
1995-08-21 18:43:00,44.0,50.03095
1995-08-21 18:44:00,41.0,50.89324
1995-08-21 18:45:00,48.0,50.782665
1995-08-21 18:46:00,37.0,50.247597
1995-08-21 18:47:00,44.0,49.735004
1995-08-21 18:48:00,41.0,49.218803
1995-08-21 18:49:00,38.0,48.30561
1995-08-21 18:50:00,37.0,47.906555
1995-08-21 18:51:00,33.0,47.53581
1995-08-21 18:52:00,16.0,47.077606
1995-08-21 18:53:00,19.0,46.18467
1995-08-21 18:54:00,50.0,43.861397
1995-08-21 18:55:00,38.0,41.521748
1995-08-21 18:56:00,36.0,40.2689
1995-08-21 18:57:00,26.000000000000004,39.307194
1995-08-21 18:58:00,27.999999999999996,38.752144
1995-08-21 18:59:00,29.0,37.95309
1995-08-21 19:00:00,50.99999999999999,37.37807
1995-08-21 19:01:00,45.0,36.820972
1995-08-21 19:02:00,29.0,37.09833
1995-08-21 19:03:00,27.0,37.6009
1995-08-21 19:04:00,21.0,37.423656
1995-08-21 19:05:00,10.0,37.857433
1995-08-21 19:06:00,27.0,36.62597
1995-08-21 19:07:00,27.0,34.309486
1995-08-21 19:08:00,46.0,32.548214
1995-08-21 19:09:00,34.0,31.616047
1995-08-21 19:10:00,30.0,31.777515
1995-08-21 19:11:00,24.0,31.939362
1995-08-21 19:12:00,25.0,32.230137
1995-08-21 19:13:00,33.0,32.531673
1995-08-21 19:14:00,25.0,32.748646
1995-08-21 19:15:00,41.0,33.169518
1995-08-21 19:16:00,20.0,33.055218
1995-08-21 19:17:00,13.000000000000002,33.920116
1995-08-21 19:18:00,41.0,33.286427
1995-08-21 19:19:00,40.0,31.796276
1995-08-21 19:20:00,38.0,30.99221
1995-08-21 19:21:00,29.0,32.204704
1995-08-21 19:22:00,45.0,33.162212
1995-08-21 19:23:00,45.0,33.659637
1995-08-21 19:24:00,30.0,34.930363
1995-08-21 19:25:00,38.0,35.79569
1995-08-21 19:26:00,67.0,35.913277
1995-08-21 19:27:00,31.000000000000004,36.76931
1995-08-21 19:28:00,41.0,38.87916
1995-08-21 19:29:00,35.0,39.648003
1995-08-21 19:30:00,53.0,40.299263
1995-08-21 19:31:00,23.0,40.201157
1995-08-21 19:32:00,18.0,40.857704
1995-08-21 19:33:00,20.0,40.419983
1995-08-21 19:34:00,22.0,39.400322
1995-08-21 19:35:00,19.0,37.9753
1995-08-21 19:36:00,32.0,36.742226
1995-08-21 19:37:00,17.0,35.287033
1995-08-21 19:38:00,27.0,34.363583
1995-08-21 19:39:00,18.0,32.386707
1995-08-21 19:40:00,16.0,31.369987
1995-08-21 19:41:00,32.0,29.79786
1995-08-21 19:42:00,20.0,27.994936
1995-08-21 19:43:00,35.0,27.70544
1995-08-21 19:44:00,30.0,27.543552
1995-08-21 19:45:00,32.0,28.445368
1995-08-21 19:46:00,32.0,28.81345
1995-08-21 19:47:00,42.0,29.22202
1995-08-21 19:48:00,35.0,29.547857
1995-08-21 19:49:00,45.0,29.807823
1995-08-21 19:50:00,48.0,30.690977
1995-08-21 19:51:00,31.000000000000004,32.565464
1995-08-21 19:52:00,17.0,34.787918
1995-08-21 19:53:00,41.0,36.05925
1995-08-21 19:54:00,21.0,36.596394
1995-08-21 19:55:00,35.0,37.29291
1995-08-21 19:56:00,30.0,37.487568
1995-08-21 19:57:00,24.0,37.032486
1995-08-21 19:58:00,27.999999999999996,37.647957
1995-08-21 19:59:00,34.0,37.461304
1995-08-21 20:00:00,26.000000000000004,38.197735
1995-08-21 20:01:00,19.0,37.856674
1995-08-21 20:02:00,44.0,36.898773
1995-08-21 20:03:00,62.00000000000001,35.835754
1995-08-21 20:04:00,50.99999999999999,35.705242
1995-08-21 20:05:00,59.0,37.64186
1995-08-21 20:06:00,44.0,39.505856
1995-08-21 20:07:00,53.0,41.481262
1995-08-21 20:08:00,44.0,42.169388
1995-08-21 20:09:00,44.0,43.226604
1995-08-21 20:10:00,30.0,43.50018
1995-08-21 20:11:00,31.000000000000004,44.021328
1995-08-21 20:12:00,36.0,43.722576
1995-08-21 20:13:00,48.0,42.838043
1995-08-21 20:14:00,22.0,41.862324
1995-08-21 20:15:00,39.0,41.48092
1995-08-21 20:16:00,53.0,40.449867
1995-08-21 20:17:00,25.0,40.37383
1995-08-21 20:18:00,27.999999999999996,41.157604
1995-08-21 20:19:00,48.0,41.021015
1995-08-21 20:20:00,33.0,40.950787
1995-08-21 20:21:00,21.0,40.509003
1995-08-21 20:22:00,21.0,40.119713
1995-08-21 20:23:00,18.0,38.846664
1995-08-21 20:24:00,25.0,37.380802
1995-08-21 20:25:00,39.0,35.634563
1995-08-21 20:26:00,26.000000000000004,33.87353
1995-08-21 20:27:00,26.000000000000004,33.885796
1995-08-21 20:28:00,45.0,33.676342
1995-08-21 20:29:00,33.0,33.434048
1995-08-21 20:30:00,32.0,33.506977
1995-08-21 20:31:00,49.0,33.78529
1995-08-21 20:32:00,20.0,34.707275
1995-08-21 20:33:00,34.0,35.714737
1995-08-21 20:34:00,50.0,35.515076
1995-08-21 20:35:00,25.0,35.593563
1995-08-21 20:36:00,23.0,35.59001
1995-08-21 20:37:00,31.000000000000004,35.311718
1995-08-21 20:38:00,87.0,34.58245
1995-08-21 20:39:00,50.0,34.531513
1995-08-21 20:40:00,54.0,37.414864
1995-08-21 20:41:00,22.0,39.971897
1995-08-21 20:42:00,27.0,41.473248
1995-08-21 20:43:00,57.00000000000001,41.844753
1995-08-21 20:44:00,32.0,41.72401
1995-08-21 20:45:00,23.0,41.96862
1995-08-21 20:46:00,41.0,41.14057
1995-08-21 20:47:00,22.0,40.19102
1995-08-21 20:48:00,13.000000000000002,39.14174
1995-08-21 20:49:00,19.0,37.436573
1995-08-21 20:50:00,49.0,35.646168
1995-08-21 20:51:00,35.0,33.630444
1995-08-21 20:52:00,33.0,32.904694
1995-08-21 20:53:00,32.0,32.34451
1995-08-21 20:54:00,1.0,32.79001
1995-08-21 20:55:00,27.999999999999996,33.437218
1995-08-21 20:56:00,13.000000000000002,31.728914
1995-08-21 20:57:00,21.0,30.952856
1995-08-21 20:58:00,18.0,30.62669
1995-08-21 20:59:00,30.0,29.915556
1995-08-21 21:00:00,24.0,28.987692
1995-08-21 21:01:00,13.999999999999998,29.025534
1995-08-21 21:02:00,31.000000000000004,29.274815
1995-08-21 21:03:00,17.0,28.821772
1995-08-21 21:04:00,30.0,28.84857
1995-08-21 21:05:00,30.0,27.604383
1995-08-21 21:06:00,36.0,27.529636
1995-08-21 21:07:00,31.000000000000004,28.077341
1995-08-21 21:08:00,38.0,29.224735
1995-08-21 21:09:00,54.0,30.245768
1995-08-21 21:10:00,32.0,31.618301
1995-08-21 21:11:00,37.0,33.969036
1995-08-21 21:12:00,31.000000000000004,34.605064
1995-08-21 21:13:00,36.0,35.13772
1995-08-21 21:14:00,36.0,34.983734
1995-08-21 21:15:00,19.0,34.679504
1995-08-21 21:16:00,15.0,34.62457
1995-08-21 21:17:00,37.0,33.605927
1995-08-21 21:18:00,21.0,32.109066
1995-08-21 21:19:00,29.0,30.85468
1995-08-21 21:20:00,24.0,30.212053
1995-08-21 21:21:00,23.0,29.690895
1995-08-21 21:22:00,26.000000000000004,29.411398
1995-08-21 21:23:00,54.0,28.926943
1995-08-21 21:24:00,45.0,28.239784
1995-08-21 21:25:00,30.0,29.369707
1995-08-21 21:26:00,34.0,31.10545
1995-08-21 21:27:00,35.0,31.991796
1995-08-21 21:28:00,17.0,32.680573
1995-08-21 21:29:00,47.0,32.79175
1995-08-21 21:30:00,31.000000000000004,31.51398
1995-08-21 21:31:00,40.0,31.790464
1995-08-21 21:32:00,43.0,31.720655
1995-08-21 21:33:00,34.0,31.538944
1995-08-21 21:34:00,27.999999999999996,32.45162
1995-08-21 21:35:00,22.0,32.75986
1995-08-21 21:36:00,55.99999999999999,32.698116
1995-08-21 21:37:00,40.0,32.26482
1995-08-21 21:38:00,40.0,32.296925
1995-08-21 21:39:00,35.0,32.457233
1995-08-21 21:40:00,17.0,33.37205
1995-08-21 21:41:00,44.0,34.632347
1995-08-21 21:42:00,43.0,34.420387
1995-08-21 21:43:00,43.0,35.269726
1995-08-21 21:44:00,45.0,36.28499
1995-08-21 21:45:00,54.0,37.702938
1995-08-21 21:46:00,54.0,38.50064
1995-08-21 21:47:00,39.0,39.317123
1995-08-21 21:48:00,50.0,40.312366
1995-08-21 21:49:00,17.0,40.83625
1995-08-21 21:50:00,19.0,41.55071
1995-08-21 21:51:00,22.0,40.58475
1995-08-21 21:52:00,36.0,38.282845
1995-08-21 21:53:00,27.999999999999996,36.153587
1995-08-21 21:54:00,49.0,34.418556
1995-08-21 21:55:00,46.0,33.473125
1995-08-21 21:56:00,25.0,32.686428
1995-08-21 21:57:00,18.0,32.99548
1995-08-21 21:58:00,34.0,32.759655
1995-08-21 21:59:00,23.0,31.754053
1995-08-21 22:00:00,31.000000000000004,31.032633
1995-08-21 22:01:00,40.0,30.822844
1995-08-21 22:02:00,32.0,30.738388
1995-08-21 22:03:00,16.0,31.21516
1995-08-21 22:04:00,20.0,31.533842
1995-08-21 22:05:00,24.0,31.256289
1995-08-21 22:06:00,35.0,31.680021
1995-08-21 22:07:00,29.0,31.412647
1995-08-21 22:08:00,40.0,31.437473
1995-08-21 22:09:00,35.0,30.82602
1995-08-21 22:10:00,22.0,30.368773
1995-08-21 22:11:00,31.000000000000004,30.443073
1995-08-21 22:12:00,19.0,30.467197
1995-08-21 22:13:00,20.0,30.546104
1995-08-21 22:14:00,41.0,29.96389
1995-08-21 22:15:00,27.0,29.152967
1995-08-21 22:16:00,31.000000000000004,29.075226
1995-08-21 22:17:00,13.000000000000002,29.388027
1995-08-21 22:18:00,13.000000000000002,29.537682
1995-08-21 22:19:00,30.0,29.0094
1995-08-21 22:20:00,20.0,28.357908
1995-08-21 22:21:00,11.0,28.020895
1995-08-21 22:22:00,16.0,27.884293
1995-08-21 22:23:00,11.0,27.197285
1995-08-21 22:24:00,32.0,26.340626
1995-08-21 22:25:00,23.0,25.24984
1995-08-21 22:26:00,30.0,25.118313
1995-08-21 22:27:00,27.0,25.558884
1995-08-21 22:28:00,21.0,26.126331
1995-08-21 22:29:00,23.0,26.777344
1995-08-21 22:30:00,37.0,27.26827
1995-08-21 22:31:00,42.0,27.580105
1995-08-21 22:32:00,18.0,28.148441
1995-08-21 22:33:00,29.0,28.962957
1995-08-21 22:34:00,26.000000000000004,29.406713
1995-08-21 22:35:00,18.0,29.481457
1995-08-21 22:36:00,21.0,28.937399
1995-08-21 22:37:00,35.0,28.58314
1995-08-21 22:38:00,32.0,28.23456
1995-08-21 22:39:00,23.0,28.832481
1995-08-21 22:40:00,19.0,29.799927
1995-08-21 22:41:00,13.000000000000002,30.146704
1995-08-21 22:42:00,13.000000000000002,29.541225
1995-08-21 22:43:00,32.0,28.877327
1995-08-21 22:44:00,26.000000000000004,27.73965
1995-08-21 22:45:00,26.000000000000004,27.77309
1995-08-21 22:46:00,17.0,27.944613
1995-08-21 22:47:00,42.0,28.633755
1995-08-21 22:48:00,27.999999999999996,29.100843
1995-08-21 22:49:00,13.000000000000002,30.304401
1995-08-21 22:50:00,10.0,31.155022
1995-08-21 22:51:00,19.0,30.508802
1995-08-21 22:52:00,25.0,29.015186
1995-08-21 22:53:00,9.0,27.407242
1995-08-21 22:54:00,8.0,26.770359
1995-08-21 22:55:00,20.0,25.750748
1995-08-21 22:56:00,27.0,24.208364
1995-08-21 22:57:00,23.0,23.44378
1995-08-21 22:58:00,23.0,24.394531
1995-08-21 22:59:00,29.0,25.311153
1995-08-21 23:00:00,27.0,26.171318
1995-08-21 23:01:00,39.0,27.12336
1995-08-21 23:02:00,27.999999999999996,28.00085
1995-08-21 23:03:00,32.0,28.762897
1995-08-21 23:04:00,41.0,29.163988
1995-08-21 23:05:00,30.0,29.928028
1995-08-21 23:06:00,16.0,30.43294
1995-08-21 23:07:00,18.0,30.390142
1995-08-21 23:08:00,27.999999999999996,30.384724
1995-08-21 23:09:00,23.0,29.995516
1995-08-21 23:10:00,35.0,29.990072
1995-08-21 23:11:00,26.000000000000004,29.920586
1995-08-21 23:12:00,36.0,29.989588
1995-08-21 23:13:00,19.0,29.746351
1995-08-21 23:14:00,13.999999999999998,29.617111
1995-08-21 23:15:00,18.0,29.46185
1995-08-21 23:16:00,27.0,28.515594
1995-08-21 23:17:00,47.0,27.368427
1995-08-21 23:18:00,18.0,26.831106
1995-08-21 23:19:00,19.0,26.855026
1995-08-21 23:20:00,21.0,26.274559
1995-08-21 23:21:00,25.0,25.681831
1995-08-21 23:22:00,18.0,25.344486
1995-08-21 23:23:00,10.0,25.287848
1995-08-21 23:24:00,12.0,25.290592
1995-08-21 23:25:00,20.0,24.40527
1995-08-21 23:26:00,33.0,23.731266
1995-08-21 23:27:00,10.0,23.472374
1995-08-21 23:28:00,10.0,23.860172
1995-08-21 23:29:00,13.999999999999998,23.389853
1995-08-21 23:30:00,29.0,22.20838
1995-08-21 23:31:00,29.0,21.22451
1995-08-21 23:32:00,32.0,21.145626
1995-08-21 23:33:00,44.0,21.409643
1995-08-21 23:34:00,45.0,21.944218
1995-08-21 23:35:00,13.000000000000002,23.235197
1995-08-21 23:36:00,27.999999999999996,25.263115
1995-08-21 23:37:00,37.0,25.194498
1995-08-21 23:38:00,26.000000000000004,25.175356
1995-08-21 23:39:00,38.0,25.87918
1995-08-21 23:40:00,35.0,26.277151
1995-08-21 23:41:00,26.000000000000004,27.358858
1995-08-21 23:42:00,13.000000000000002,28.226425
1995-08-21 23:43:00,36.0,28.954653
1995-08-21 23:44:00,23.0,28.738873
1995-08-21 23:45:00,16.0,29.319418
1995-08-21 23:46:00,18.0,29.30139
1995-08-21 23:47:00,33.0,28.15471
1995-08-21 23:48:00,21.0,27.17589
1995-08-21 23:49:00,11.0,26.422174
1995-08-21 23:50:00,27.999999999999996,26.031866
1995-08-21 23:51:00,22.0,24.53509
1995-08-21 23:52:00,16.0,23.820505
1995-08-21 23:53:00,29.0,23.646685
1995-08-21 23:54:00,27.0,23.284275
1995-08-21 23:55:00,35.0,24.145891
1995-08-21 23:56:00,27.999999999999996,25.25078
1995-08-21 23:57:00,31.000000000000004,26.571842
1995-08-21 23:58:00,22.0,27.45661
1995-08-21 23:59:00,30.0,27.908648
1995-08-22 00:00:00,49.0,27.31159
1995-08-22 00:01:00,42.0,26.552834
1995-08-22 00:02:00,45.0,26.418541
1995-08-22 00:03:00,50.99999999999999,27.104403
1995-08-22 00:04:00,45.0,28.201826
1995-08-22 00:05:00,50.0,29.676792
1995-08-22 00:06:00,26.000000000000004,30.921078
1995-08-22 00:07:00,16.0,31.63051
1995-08-22 00:08:00,13.000000000000002,30.954992
1995-08-22 00:09:00,22.0,29.251274
1995-08-22 00:10:00,8.0,27.175604
1995-08-22 00:11:00,21.0,25.594526
1995-08-22 00:12:00,27.999999999999996,23.219353
1995-08-22 00:13:00,37.0,21.84986
1995-08-22 00:14:00,17.0,22.113932
1995-08-22 00:15:00,33.0,22.505222
1995-08-22 00:16:00,33.0,22.070524
1995-08-22 00:17:00,12.0,22.097904
1995-08-22 00:18:00,8.0,22.440653
1995-08-22 00:19:00,16.0,21.845465
1995-08-22 00:20:00,37.0,20.775267
1995-08-22 00:21:00,48.0,19.907757
1995-08-22 00:22:00,29.0,20.047293
1995-08-22 00:23:00,27.0,21.64422
1995-08-22 00:24:00,20.0,22.941862
1995-08-22 00:25:00,17.0,23.630257
1995-08-22 00:26:00,18.0,23.321457
1995-08-22 00:27:00,13.000000000000002,22.565622
1995-08-22 00:28:00,16.0,21.612226
1995-08-22 00:29:00,24.0,20.735199
1995-08-22 00:30:00,26.000000000000004,20.211372
1995-08-22 00:31:00,29.0,20.094917
1995-08-22 00:32:00,21.0,19.502682
1995-08-22 00:33:00,21.0,19.76371
1995-08-22 00:34:00,8.0,19.384325
1995-08-22 00:35:00,13.000000000000002,19.33664
1995-08-22 00:36:00,15.0,18.695585
1995-08-22 00:37:00,21.0,17.991737
1995-08-22 00:38:00,12.0,17.433424
1995-08-22 00:39:00,11.0,17.11643
1995-08-22 00:40:00,30.0,16.499056
1995-08-22 00:41:00,46.0,15.637951
1995-08-22 00:42:00,24.0,16.058313
1995-08-22 00:43:00,21.0,17.955893
1995-08-22 00:44:00,43.0,19.493195
1995-08-22 00:45:00,24.0,20.175209
1995-08-22 00:46:00,26.000000000000004,21.151466
1995-08-22 00:47:00,20.0,21.402866
1995-08-22 00:48:00,41.0,21.399609
1995-08-22 00:49:00,26.000000000000004,20.780928
1995-08-22 00:50:00,31.000000000000004,21.104567
1995-08-22 00:51:00,22.0,20.95942
1995-08-22 00:52:00,50.99999999999999,21.459862
1995-08-22 00:53:00,17.0,21.823706
1995-08-22 00:54:00,42.0,23.142424
1995-08-22 00:55:00,27.0,23.05134
1995-08-22 00:56:00,17.0,23.646051
1995-08-22 00:57:00,19.0,23.583197
1995-08-22 00:58:00,17.0,22.708265
1995-08-22 00:59:00,19.0,21.852793
1995-08-22 01:00:00,26.000000000000004,20.803406
1995-08-22 01:01:00,20.0,20.28138
1995-08-22 01:02:00,22.0,20.288818
1995-08-22 01:03:00,13.999999999999998,20.038443
1995-08-22 01:04:00,15.0,19.905468
1995-08-22 01:05:00,18.0,19.251383
1995-08-22 01:06:00,32.0,19.041471
1995-08-22 01:07:00,20.0,18.59925
1995-08-22 01:08:00,15.0,18.792631
1995-08-22 01:09:00,32.0,18.975304
1995-08-22 01:10:00,8.0,18.968998
1995-08-22 01:11:00,5.0,19.777594
1995-08-22 01:12:00,3.0,19.361174
1995-08-22 01:13:00,0.0,18.59668
1995-08-22 01:14:00,13.000000000000002,17.028904
1995-08-22 01:15:00,12.0,13.699262
1995-08-22 01:16:00,15.0,12.848832
1995-08-22 01:17:00,10.0,12.594895
1995-08-22 01:18:00,12.0,13.169353
1995-08-22 01:19:00,17.0,13.625475
1995-08-22 01:20:00,10.0,13.271958
1995-08-22 01:21:00,13.000000000000002,13.66603
1995-08-22 01:22:00,20.0,14.117241
1995-08-22 01:23:00,20.0,14.425202
1995-08-22 01:24:00,18.0,14.83345
1995-08-22 01:25:00,6.0,15.435278
1995-08-22 01:26:00,16.0,16.212181
1995-08-22 01:27:00,33.0,16.323652
1995-08-22 01:28:00,27.999999999999996,16.924362
1995-08-22 01:29:00,20.0,18.478762
1995-08-22 01:30:00,20.0,20.098614
1995-08-22 01:31:00,20.0,21.189907
1995-08-22 01:32:00,6.0,22.00291
1995-08-22 01:33:00,13.999999999999998,22.677898
1995-08-22 01:34:00,18.0,21.856873
1995-08-22 01:35:00,33.0,20.872046
1995-08-22 01:36:00,35.0,20.38067
1995-08-22 01:37:00,21.0,20.182388
1995-08-22 01:38:00,33.0,20.187971
1995-08-22 01:39:00,20.0,20.031454
1995-08-22 01:40:00,21.0,20.227533
1995-08-22 01:41:00,19.0,20.218182
1995-08-22 01:42:00,13.000000000000002,19.681915
1995-08-22 01:43:00,13.999999999999998,18.42832
1995-08-22 01:44:00,6.0,17.180311
1995-08-22 01:45:00,27.999999999999996,16.228178
1995-08-22 01:46:00,15.0,14.737331
1995-08-22 01:47:00,52.00000000000001,14.409231
1995-08-22 01:48:00,26.000000000000004,14.126903
1995-08-22 01:49:00,20.0,15.616596
1995-08-22 01:50:00,20.0,17.132227
1995-08-22 01:51:00,13.000000000000002,17.752472
1995-08-22 01:52:00,24.0,18.23231
1995-08-22 01:53:00,25.0,17.946062
1995-08-22 01:54:00,35.0,17.905087
1995-08-22 01:55:00,23.0,18.477093
1995-08-22 01:56:00,30.0,19.413132
1995-08-22 01:57:00,15.0,20.369236
1995-08-22 01:58:00,4.0,21.63114
1995-08-22 01:59:00,18.0,21.958809
1995-08-22 02:00:00,10.0,20.853195
1995-08-22 02:01:00,35.0,20.501
1995-08-22 02:02:00,13.000000000000002,19.533192
1995-08-22 02:03:00,16.0,19.80392
1995-08-22 02:04:00,24.0,18.835522
1995-08-22 02:05:00,6.0,18.21144
1995-08-22 02:06:00,13.999999999999998,17.83898
1995-08-22 02:07:00,5.0,16.613474
1995-08-22 02:08:00,2.0,15.756762
1995-08-22 02:09:00,6.999999999999999,14.546979
1995-08-22 02:10:00,4.0,11.82426
1995-08-22 02:11:00,11.0,9.4537325
1995-08-22 02:12:00,11.0,7.693142
1995-08-22 02:13:00,10.0,6.852398
1995-08-22 02:14:00,2.0,6.478574
1995-08-22 02:15:00,8.0,6.6491404
1995-08-22 02:16:00,9.0,5.9819107
1995-08-22 02:17:00,3.0,5.4327374
1995-08-22 02:18:00,11.0,5.9759936
1995-08-22 02:19:00,27.999999999999996,6.220826
1995-08-22 02:20:00,6.0,6.3690147
1995-08-22 02:21:00,21.0,7.937217
1995-08-22 02:22:00,21.0,8.790012
1995-08-22 02:23:00,30.0,9.43962
1995-08-22 02:24:00,13.000000000000002,10.814646
1995-08-22 02:25:00,12.0,12.452419
1995-08-22 02:26:00,6.999999999999999,13.669581
1995-08-22 02:27:00,29.0,14.040403
1995-08-22 02:28:00,19.0,13.348552
1995-08-22 02:29:00,35.0,13.50308
1995-08-22 02:30:00,18.0,14.364192
1995-08-22 02:31:00,30.0,15.457674
1995-08-22 02:32:00,29.0,16.299273
1995-08-22 02:33:00,10.0,17.358494
1995-08-22 02:34:00,6.0,18.641752
1995-08-22 02:35:00,6.999999999999999,18.164198
1995-08-22 02:36:00,5.0,17.13672
1995-08-22 02:37:00,24.0,15.51366
1995-08-22 02:38:00,16.0,13.465316
1995-08-22 02:39:00,24.0,12.286128
1995-08-22 02:40:00,29.0,11.9054785
1995-08-22 02:41:00,27.0,12.098103
1995-08-22 02:42:00,17.0,12.362639
1995-08-22 02:43:00,12.0,13.511251
1995-08-22 02:44:00,23.0,14.827512
1995-08-22 02:45:00,20.0,14.814847
1995-08-22 02:46:00,24.0,15.181086
1995-08-22 02:47:00,13.999999999999998,15.226595
1995-08-22 02:48:00,10.0,15.43794
1995-08-22 02:49:00,13.999999999999998,14.885004
1995-08-22 02:50:00,15.0,14.331144
1995-08-22 02:51:00,16.0,13.89131
1995-08-22 02:52:00,21.0,13.982547
1995-08-22 02:53:00,10.0,14.115116
1995-08-22 02:54:00,10.0,14.370885
1995-08-22 02:55:00,6.999999999999999,13.886041
1995-08-22 02:56:00,11.0,12.979199
1995-08-22 02:57:00,19.0,11.559319
1995-08-22 02:58:00,21.0,11.015018
1995-08-22 02:59:00,31.000000000000004,11.174224
1995-08-22 03:00:00,11.0,11.543151
1995-08-22 03:01:00,16.0,12.4548
1995-08-22 03:02:00,25.0,12.632402
1995-08-22 03:03:00,27.999999999999996,12.706772
1995-08-22 03:04:00,20.0,13.887001
1995-08-22 03:05:00,18.0,14.883784
1995-08-22 03:06:00,13.000000000000002,15.419449
1995-08-22 03:07:00,33.0,15.655796
1995-08-22 03:08:00,33.0,14.63273
1995-08-22 03:09:00,31.000000000000004,14.897019
1995-08-22 03:10:00,16.0,15.53474
1995-08-22 03:11:00,32.0,16.462915
1995-08-22 03:12:00,16.0,16.641611
1995-08-22 03:13:00,18.0,16.839905
1995-08-22 03:14:00,10.0,16.689947
1995-08-22 03:15:00,5.0,16.551502
1995-08-22 03:16:00,15.0,15.345475
1995-08-22 03:17:00,24.0,13.428983
1995-08-22 03:18:00,24.0,12.237656
1995-08-22 03:19:00,27.0,11.876161
1995-08-22 03:20:00,34.0,11.922437
1995-08-22 03:21:00,18.0,13.442115
1995-08-22 03:22:00,26.000000000000004,15.48323
1995-08-22 03:23:00,25.0,16.78386
1995-08-22 03:24:00,30.0,17.589554
1995-08-22 03:25:00,29.0,18.14659
1995-08-22 03:26:00,22.0,18.295893
1995-08-22 03:27:00,19.0,18.345688
1995-08-22 03:28:00,18.0,18.17398
1995-08-22 03:29:00,25.0,17.823914
1995-08-22 03:30:00,12.0,17.396801
1995-08-22 03:31:00,10.0,17.524832
1995-08-22 03:32:00,13.000000000000002,17.045443
1995-08-22 03:33:00,16.0,15.842072
1995-08-22 03:34:00,26.000000000000004,14.330514
1995-08-22 03:35:00,18.0,14.0056305
1995-08-22 03:36:00,13.999999999999998,14.509846
1995-08-22 03:37:00,12.0,14.662477
1995-08-22 03:38:00,10.0,14.678046
1995-08-22 03:39:00,8.0,14.650026
1995-08-22 03:40:00,9.0,14.162123
1995-08-22 03:41:00,10.0,12.720622
1995-08-22 03:42:00,16.0,11.777495
1995-08-22 03:43:00,23.0,11.276397
1995-08-22 03:44:00,13.999999999999998,11.289659
1995-08-22 03:45:00,12.0,11.593772
1995-08-22 03:46:00,12.0,11.352754
1995-08-22 03:47:00,9.0,11.516853
1995-08-22 03:48:00,21.0,11.395885
1995-08-22 03:49:00,24.0,11.512861
1995-08-22 03:50:00,9.0,12.507611
1995-08-22 03:51:00,12.0,13.864524
1995-08-22 03:52:00,13.999999999999998,13.969094
1995-08-22 03:53:00,25.0,13.893316
1995-08-22 03:54:00,19.0,13.880109
1995-08-22 03:55:00,20.0,14.383932
1995-08-22 03:56:00,24.0,15.305496
1995-08-22 03:57:00,23.0,15.3709755
1995-08-22 03:58:00,19.0,16.026102
1995-08-22 03:59:00,18.0,16.244743
1995-08-22 04:00:00,15.0,16.861221
1995-08-22 04:01:00,20.0,17.071611
1995-08-22 04:02:00,20.0,17.115427
1995-08-22 04:03:00,8.0,16.675966
1995-08-22 04:04:00,8.0,16.12538
1995-08-22 04:05:00,17.0,14.71043
1995-08-22 04:06:00,18.0,13.9296465
1995-08-22 04:07:00,27.0,14.080853
1995-08-22 04:08:00,21.0,13.977335
1995-08-22 04:09:00,20.0,14.951271
1995-08-22 04:10:00,5.0,15.737652
1995-08-22 04:11:00,18.0,16.405807
1995-08-22 04:12:00,36.0,15.11687
1995-08-22 04:13:00,26.000000000000004,14.850285
1995-08-22 04:14:00,13.000000000000002,15.955213
1995-08-22 04:15:00,5.0,17.205097
1995-08-22 04:16:00,5.0,16.97747
1995-08-22 04:17:00,13.000000000000002,15.921003
1995-08-22 04:18:00,6.999999999999999,14.086469
1995-08-22 04:19:00,25.0,12.767513
1995-08-22 04:20:00,33.0,11.711283
1995-08-22 04:21:00,24.0,12.297969
1995-08-22 04:22:00,23.0,13.3026705
1995-08-22 04:23:00,17.0,14.516231
1995-08-22 04:24:00,8.0,15.427361
1995-08-22 04:25:00,24.0,15.958299
1995-08-22 04:26:00,25.0,15.518974
1995-08-22 04:27:00,23.0,15.387011
1995-08-22 04:28:00,26.000000000000004,15.756646
1995-08-22 04:29:00,10.0,15.900526
1995-08-22 04:30:00,17.0,16.146084
1995-08-22 04:31:00,8.0,15.342473
1995-08-22 04:32:00,12.0,14.959307
1995-08-22 04:33:00,19.0,14.354282
1995-08-22 04:34:00,9.0,13.660768
1995-08-22 04:35:00,26.000000000000004,13.4771595
1995-08-22 04:36:00,6.999999999999999,12.966946
1995-08-22 04:37:00,8.0,13.558967
1995-08-22 04:38:00,8.0,12.715884
1995-08-22 04:39:00,6.999999999999999,12.327157
1995-08-22 04:40:00,21.0,10.760856
1995-08-22 04:41:00,5.0,9.5098095
1995-08-22 04:42:00,2.0,9.839358
1995-08-22 04:43:00,9.0,9.163242
1995-08-22 04:44:00,8.0,7.441725
1995-08-22 04:45:00,6.999999999999999,6.977901
1995-08-22 04:46:00,31.000000000000004,7.0562563
1995-08-22 04:47:00,13.000000000000002,7.585098
1995-08-22 04:48:00,13.000000000000002,9.085268
1995-08-22 04:49:00,16.0,10.018452
1995-08-22 04:50:00,15.0,10.880379
1995-08-22 04:51:00,13.999999999999998,11.436386
1995-08-22 04:52:00,13.999999999999998,12.0722065
1995-08-22 04:53:00,5.0,12.685505
1995-08-22 04:54:00,0.0,12.22134
1995-08-22 04:55:00,1.0,11.135477
1995-08-22 04:56:00,10.0,8.336952
1995-08-22 04:57:00,15.0,6.4424424
1995-08-22 04:58:00,15.0,6.028054
1995-08-22 04:59:00,6.0,6.3601437
1995-08-22 05:00:00,18.0,6.8655663
1995-08-22 05:01:00,25.0,6.6486754
1995-08-22 05:02:00,8.0,8.12886
1995-08-22 05:03:00,21.0,10.153316
1995-08-22 05:04:00,26.000000000000004,11.175591
1995-08-22 05:05:00,23.0,11.826001
1995-08-22 05:06:00,17.0,12.734641
1995-08-22 05:07:00,32.0,14.242521
1995-08-22 05:08:00,16.0,15.093962
1995-08-22 05:09:00,17.0,16.530638
1995-08-22 05:10:00,15.0,16.78363
1995-08-22 05:11:00,24.0,16.797852
1995-08-22 05:12:00,48.0,16.506891
1995-08-22 05:13:00,13.000000000000002,16.50391
1995-08-22 05:14:00,13.000000000000002,17.21624
1995-08-22 05:15:00,15.0,17.131105
1995-08-22 05:16:00,15.0,16.55863
1995-08-22 05:17:00,5.0,15.763668
1995-08-22 05:18:00,2.0,14.485404
1995-08-22 05:19:00,8.0,12.890126
1995-08-22 05:20:00,13.999999999999998,10.755129
1995-08-22 05:21:00,36.0,9.6416645
1995-08-22 05:22:00,16.0,9.814507
1995-08-22 05:23:00,12.0,12.112167
1995-08-22 05:24:00,9.0,13.757113
1995-08-22 05:25:00,1.0,14.609381
1995-08-22 05:26:00,3.0,14.483642
1995-08-22 05:27:00,16.0,11.872298
1995-08-22 05:28:00,6.999999999999999,9.641963
1995-08-22 05:29:00,19.0,8.9995165
1995-08-22 05:30:00,9.0,8.742795
1995-08-22 05:31:00,6.999999999999999,9.119818
1995-08-22 05:32:00,6.0,9.446144
1995-08-22 05:33:00,17.0,9.494472
1995-08-22 05:34:00,15.0,9.172442
1995-08-22 05:35:00,15.0,9.732567
1995-08-22 05:36:00,5.0,9.804259
1995-08-22 05:37:00,15.0,10.05407
1995-08-22 05:38:00,13.000000000000002,9.7506075
1995-08-22 05:39:00,10.0,10.135911
1995-08-22 05:40:00,5.0,10.765581
1995-08-22 05:41:00,11.0,10.993836
1995-08-22 05:42:00,12.0,10.297539
1995-08-22 05:43:00,6.999999999999999,10.161215
1995-08-22 05:44:00,6.999999999999999,10.394781
1995-08-22 05:45:00,17.0,10.403061
1995-08-22 05:46:00,13.000000000000002,9.777654
1995-08-22 05:47:00,6.0,10.63414
1995-08-22 05:48:00,5.0,10.562984
1995-08-22 05:49:00,19.0,9.651408
1995-08-22 05:50:00,13.000000000000002,8.712074
1995-08-22 05:51:00,6.0,8.156148
1995-08-22 05:52:00,18.0,8.000424
1995-08-22 05:53:00,13.000000000000002,7.840407
1995-08-22 05:54:00,23.0,8.58515
1995-08-22 05:55:00,15.0,9.31437
1995-08-22 05:56:00,17.0,10.805744
1995-08-22 05:57:00,21.0,11.969404
1995-08-22 05:58:00,10.0,12.57311
1995-08-22 05:59:00,11.0,13.356675
1995-08-22 06:00:00,11.0,13.879933
1995-08-22 06:01:00,12.0,13.812149
1995-08-22 06:02:00,12.0,13.691546
1995-08-22 06:03:00,11.0,13.419586
1995-08-22 06:04:00,23.0,13.460796
1995-08-22 06:05:00,29.0,13.759536
1995-08-22 06:06:00,12.0,15.192847
1995-08-22 06:07:00,10.0,16.440031
1995-08-22 06:08:00,18.0,16.848793
1995-08-22 06:09:00,24.0,16.715693
1995-08-22 06:10:00,4.0,17.203821
1995-08-22 06:11:00,10.0,17.705725
1995-08-22 06:12:00,22.0,16.276379
1995-08-22 06:13:00,16.0,15.364621
1995-08-22 06:14:00,12.0,15.450016
1995-08-22 06:15:00,12.0,15.794277
1995-08-22 06:16:00,9.0,14.789467
1995-08-22 06:17:00,12.0,14.277246
1995-08-22 06:18:00,13.000000000000002,13.331443
1995-08-22 06:19:00,4.0,13.481257
1995-08-22 06:20:00,6.0,13.941179
1995-08-22 06:21:00,26.000000000000004,13.215315
1995-08-22 06:22:00,12.0,12.774979
1995-08-22 06:23:00,13.999999999999998,13.251301
1995-08-22 06:24:00,13.999999999999998,13.201989
1995-08-22 06:25:00,20.0,13.299207
1995-08-22 06:26:00,9.0,13.781862
1995-08-22 06:27:00,1.0,13.850682
1995-08-22 06:28:00,13.999999999999998,13.8412075
1995-08-22 06:29:00,23.0,11.852618
1995-08-22 06:30:00,18.0,11.841194
1995-08-22 06:31:00,5.0,12.614962
1995-08-22 06:32:00,11.0,13.217508
1995-08-22 06:33:00,11.0,12.065272
1995-08-22 06:34:00,6.999999999999999,11.724906
1995-08-22 06:35:00,23.0,11.571546
1995-08-22 06:36:00,23.0,11.575867
1995-08-22 06:37:00,9.0,12.766352
1995-08-22 06:38:00,42.0,14.309102
1995-08-22 06:39:00,16.0,15.188663
1995-08-22 06:40:00,16.0,16.445889
1995-08-22 06:41:00,15.0,17.06858
1995-08-22 06:42:00,27.999999999999996,16.92128
1995-08-22 06:43:00,15.0,16.98307
1995-08-22 06:44:00,40.0,17.554636
1995-08-22 06:45:00,32.0,17.825377
1995-08-22 06:46:00,13.999999999999998,18.722822
1995-08-22 06:47:00,19.0,20.144876
1995-08-22 06:48:00,29.0,20.434149
1995-08-22 06:49:00,13.999999999999998,19.54044
1995-08-22 06:50:00,12.0,19.933983
1995-08-22 06:51:00,17.0,19.477304
1995-08-22 06:52:00,6.999999999999999,18.697367
1995-08-22 06:53:00,20.0,18.453161
1995-08-22 06:54:00,33.0,17.504427
1995-08-22 06:55:00,24.0,17.202728
1995-08-22 06:56:00,16.0,18.254
1995-08-22 06:57:00,37.0,19.620018
1995-08-22 06:58:00,12.0,19.499886
1995-08-22 06:59:00,30.0,20.42865
1995-08-22 07:00:00,36.0,20.668467
1995-08-22 07:01:00,22.0,21.976486
1995-08-22 07:02:00,18.0,24.370176
1995-08-22 07:03:00,37.0,26.430237
1995-08-22 07:04:00,23.0,26.785244
1995-08-22 07:05:00,13.000000000000002,27.76687
1995-08-22 07:06:00,10.0,28.574873
1995-08-22 07:07:00,26.000000000000004,27.921991
1995-08-22 07:08:00,11.0,26.280413
1995-08-22 07:09:00,36.0,25.493793
1995-08-22 07:10:00,17.0,23.845251
1995-08-22 07:11:00,13.000000000000002,23.754206
1995-08-22 07:12:00,6.0,23.043243
1995-08-22 07:13:00,6.999999999999999,22.494963
1995-08-22 07:14:00,19.0,21.844616
1995-08-22 07:15:00,17.0,20.44269
1995-08-22 07:16:00,15.0,19.742523
1995-08-22 07:17:00,29.0,19.576454
1995-08-22 07:18:00,20.0,19.093378
1995-08-22 07:19:00,15.0,19.342295
1995-08-22 07:20:00,35.0,20.045517
1995-08-22 07:21:00,27.0,19.992893
1995-08-22 07:22:00,21.0,20.445509
1995-08-22 07:23:00,24.0,21.708397
1995-08-22 07:24:00,29.0,22.525164
1995-08-22 07:25:00,42.0,22.953281
1995-08-22 07:26:00,54.0,23.660624
1995-08-22 07:27:00,32.0,24.649466
1995-08-22 07:28:00,17.0,26.585634
1995-08-22 07:29:00,43.0,27.47673
1995-08-22 07:30:00,53.0,28.026716
1995-08-22 07:31:00,27.999999999999996,29.784796
1995-08-22 07:32:00,35.0,31.452461
1995-08-22 07:33:00,41.0,32.864727
1995-08-22 07:34:00,60.0,33.59039
1995-08-22 07:35:00,39.0,34.184727
1995-08-22 07:36:00,27.999999999999996,35.20936
1995-08-22 07:37:00,33.0,35.05234
1995-08-22 07:38:00,18.0,34.049366
1995-08-22 07:39:00,47.0,33.823933
1995-08-22 07:40:00,34.0,32.88428
1995-08-22 07:41:00,46.0,33.0918
1995-08-22 07:42:00,41.0,32.77822
1995-08-22 07:43:00,42.0,32.67708
1995-08-22 07:44:00,37.0,33.739586
1995-08-22 07:45:00,41.0,34.282974
1995-08-22 07:46:00,58.0,34.38642
1995-08-22 07:47:00,38.0,34.28702
1995-08-22 07:48:00,30.0,34.653797
1995-08-22 07:49:00,39.0,34.823288
1995-08-22 07:50:00,26.000000000000004,34.804775
1995-08-22 07:51:00,27.0,34.18002
1995-08-22 07:52:00,38.0,33.22329
1995-08-22 07:53:00,35.0,32.466763
1995-08-22 07:54:00,38.0,33.063705
1995-08-22 07:55:00,66.0,33.185368
1995-08-22 07:56:00,27.0,33.72282
1995-08-22 07:57:00,25.0,34.84516
1995-08-22 07:58:00,40.0,34.55277
1995-08-22 07:59:00,44.0,33.607502
1995-08-22 08:00:00,41.0,32.69321
1995-08-22 08:01:00,52.00000000000001,32.44054
1995-08-22 08:02:00,33.0,32.773514
1995-08-22 08:03:00,30.0,34.446354
1995-08-22 08:04:00,48.0,34.81059
1995-08-22 08:05:00,24.0,34.667717
1995-08-22 08:06:00,20.0,35.48225
1995-08-22 08:07:00,24.0,35.31863
1995-08-22 08:08:00,22.0,34.482544
1995-08-22 08:09:00,36.0,33.40431
1995-08-22 08:10:00,27.0,32.105152
1995-08-22 08:11:00,32.0,32.38941
1995-08-22 08:12:00,32.0,32.036125
1995-08-22 08:13:00,54.0,31.641273
1995-08-22 08:14:00,19.0,31.022602
1995-08-22 08:15:00,25.0,31.452856
1995-08-22 08:16:00,62.00000000000001,31.115664
1995-08-22 08:17:00,46.0,29.431042
1995-08-22 08:18:00,45.0,29.959259
1995-08-22 08:19:00,49.0,30.730846
1995-08-22 08:20:00,32.0,31.6271
1995-08-22 08:21:00,39.0,33.314545
1995-08-22 08:22:00,30.0,34.024624
1995-08-22 08:23:00,42.0,33.79774
1995-08-22 08:24:00,54.0,32.822548
1995-08-22 08:25:00,43.0,32.557953
1995-08-22 08:26:00,30.0,33.103065
1995-08-22 08:27:00,31.000000000000004,33.691235
1995-08-22 08:28:00,48.0,34.0112
1995-08-22 08:29:00,39.0,34.087852
1995-08-22 08:30:00,46.0,34.744133
1995-08-22 08:31:00,44.0,35.24517
1995-08-22 08:32:00,73.0,36.15507
1995-08-22 08:33:00,44.0,36.525364
1995-08-22 08:34:00,58.0,38.315826
1995-08-22 08:35:00,57.00000000000001,40.09624
1995-08-22 08:36:00,38.0,41.98986
1995-08-22 08:37:00,38.0,43.066162
1995-08-22 08:38:00,35.0,42.561092
1995-08-22 08:39:00,43.0,41.427433
1995-08-22 08:40:00,46.0,40.868652
1995-08-22 08:41:00,33.0,40.655575
1995-08-22 08:42:00,41.0,40.53163
1995-08-22 08:43:00,62.00000000000001,40.26616
1995-08-22 08:44:00,59.0,40.610943
1995-08-22 08:45:00,52.00000000000001,42.176926
1995-08-22 08:46:00,60.0,43.867588
1995-08-22 08:47:00,26.000000000000004,44.702724
1995-08-22 08:48:00,40.0,45.493786
1995-08-22 08:49:00,25.0,44.061123
1995-08-22 08:50:00,36.0,42.98081
1995-08-22 08:51:00,50.99999999999999,40.865067
1995-08-22 08:52:00,27.0,38.29957
1995-08-22 08:53:00,32.0,37.74218
1995-08-22 08:54:00,60.0,36.96284
1995-08-22 08:55:00,30.0,36.909622
1995-08-22 08:56:00,24.0,37.64281
1995-08-22 08:57:00,32.0,37.873898
1995-08-22 08:58:00,36.0,37.51672
1995-08-22 08:59:00,35.0,36.954544
1995-08-22 09:00:00,29.0,36.502136
1995-08-22 09:01:00,80.0,36.200714
1995-08-22 09:02:00,52.00000000000001,35.73957
1995-08-22 09:03:00,35.0,37.991474
1995-08-22 09:04:00,53.0,38.997116
1995-08-22 09:05:00,29.0,39.957554
1995-08-22 09:06:00,40.0,41.096718
1995-08-22 09:07:00,45.0,40.431145
1995-08-22 09:08:00,68.0,39.84626
1995-08-22 09:09:00,59.0,39.48531
1995-08-22 09:10:00,50.99999999999999,40.61762
1995-08-22 09:11:00,66.0,41.79549
1995-08-22 09:12:00,24.0,42.858845
1995-08-22 09:13:00,73.0,44.16852
1995-08-22 09:14:00,43.0,44.614494
1995-08-22 09:15:00,72.0,46.016026
1995-08-22 09:16:00,44.0,46.62058
1995-08-22 09:17:00,27.0,47.871494
1995-08-22 09:18:00,34.0,47.904613
1995-08-22 09:19:00,44.0,46.823715
1995-08-22 09:20:00,49.0,45.996834
1995-08-22 09:21:00,42.0,45.2632
1995-08-22 09:22:00,50.0,44.493603
1995-08-22 09:23:00,78.0,44.90063
1995-08-22 09:24:00,53.0,45.697186
1995-08-22 09:25:00,27.0,48.065144
1995-08-22 09:26:00,38.0,49.93476
1995-08-22 09:27:00,39.0,49.713676
1995-08-22 09:28:00,46.0,48.331158
1995-08-22 09:29:00,45.0,47.43673
1995-08-22 09:30:00,71.0,46.997826
1995-08-22 09:31:00,40.0,46.814995
1995-08-22 09:32:00,50.0,47.92439
1995-08-22 09:33:00,50.99999999999999,47.66342
1995-08-22 09:34:00,52.00000000000001,47.51962
1995-08-22 09:35:00,65.0,47.25321
1995-08-22 09:36:00,78.0,47.392662
1995-08-22 09:37:00,31.000000000000004,47.579918
1995-08-22 09:38:00,59.0,48.313103
1995-08-22 09:39:00,60.99999999999999,48.63219
1995-08-22 09:40:00,41.0,49.466705
1995-08-22 09:41:00,65.0,49.960117
1995-08-22 09:42:00,88.0,49.080532
1995-08-22 09:43:00,73.0,49.306908
1995-08-22 09:44:00,79.0,51.35569
1995-08-22 09:45:00,81.0,53.190563
1995-08-22 09:46:00,50.99999999999999,54.708733
1995-08-22 09:47:00,44.0,55.77691
1995-08-22 09:48:00,40.0,55.282307
1995-08-22 09:49:00,49.0,54.198368
1995-08-22 09:50:00,47.0,52.27767
1995-08-22 09:51:00,54.0,50.726223
1995-08-22 09:52:00,65.0,48.89457
1995-08-22 09:53:00,35.0,48.464214
1995-08-22 09:54:00,32.0,48.205925
1995-08-22 09:55:00,50.0,47.03269
1995-08-22 09:56:00,76.0,45.00595
1995-08-22 09:57:00,38.0,43.926872
1995-08-22 09:58:00,38.0,45.311943
1995-08-22 09:59:00,30.0,46.25272
1995-08-22 10:00:00,34.0,46.065598
1995-08-22 10:01:00,27.999999999999996,45.756336
1995-08-22 10:02:00,46.0,45.30945
1995-08-22 10:03:00,32.0,44.221066
1995-08-22 10:04:00,53.0,44.378315
1995-08-22 10:05:00,17.0,43.772076
1995-08-22 10:06:00,70.0,44.562714
1995-08-22 10:07:00,39.0,43.16695
1995-08-22 10:08:00,41.0,43.800694
1995-08-22 10:09:00,27.0,43.782
1995-08-22 10:10:00,41.0,43.426483
1995-08-22 10:11:00,25.0,43.125343
1995-08-22 10:12:00,10.0,43.065155
1995-08-22 10:13:00,22.0,42.493076
1995-08-22 10:14:00,34.0,40.789997
1995-08-22 10:15:00,40.0,38.909027
1995-08-22 10:16:00,49.0,37.79052
1995-08-22 10:17:00,26.000000000000004,37.373547
1995-08-22 10:18:00,27.0,37.59129
1995-08-22 10:19:00,36.0,37.251198
1995-08-22 10:20:00,18.0,36.414806
1995-08-22 10:21:00,54.0,35.76051
1995-08-22 10:22:00,36.0,35.195484
1995-08-22 10:23:00,50.99999999999999,35.748848
1995-08-22 10:24:00,43.0,36.503704
1995-08-22 10:25:00,58.0,38.202538
1995-08-22 10:26:00,33.0,38.964355
1995-08-22 10:27:00,35.0,40.735
1995-08-22 10:28:00,40.0,41.906788
1995-08-22 10:29:00,79.0,42.136375
1995-08-22 10:30:00,44.0,41.904892
1995-08-22 10:31:00,39.0,43.770256
1995-08-22 10:32:00,29.0,44.86362
1995-08-22 10:33:00,47.0,44.544353
1995-08-22 10:34:00,44.0,43.6
1995-08-22 10:35:00,71.0,42.939533
1995-08-22 10:36:00,38.0,43.04085
1995-08-22 10:37:00,63.0,44.54889
1995-08-22 10:38:00,36.0,45.070496
1995-08-22 10:39:00,57.00000000000001,46.774693
1995-08-22 10:40:00,55.99999999999999,46.824997
1995-08-22 10:41:00,49.0,47.61927
1995-08-22 10:42:00,63.0,47.318085
1995-08-22 10:43:00,50.99999999999999,47.297474
1995-08-22 10:44:00,60.0,47.40568
1995-08-22 10:45:00,60.99999999999999,47.69963
1995-08-22 10:46:00,71.0,48.288162
1995-08-22 10:47:00,36.0,48.981075
1995-08-22 10:48:00,57.00000000000001,50.456738
1995-08-22 10:49:00,47.0,50.555386
1995-08-22 10:50:00,50.0,51.59798
1995-08-22 10:51:00,55.0,51.845898
1995-08-22 10:52:00,49.0,52.043972
1995-08-22 10:53:00,71.0,52.282265
1995-08-22 10:54:00,74.0,53.11538
1995-08-22 10:55:00,73.0,54.510807
1995-08-22 10:56:00,70.0,55.888943
1995-08-22 10:57:00,52.00000000000001,57.224354
1995-08-22 10:58:00,85.0,58.28586
1995-08-22 10:59:00,11.0,58.448036
1995-08-22 11:00:00,60.99999999999999,59.239155
1995-08-22 11:01:00,50.99999999999999,56.79082
1995-08-22 11:02:00,39.0,56.675552
1995-08-22 11:03:00,73.0,56.19069
1995-08-22 11:04:00,59.0,55.160046
1995-08-22 11:05:00,40.0,55.21356
1995-08-22 11:06:00,55.0,54.998573
1995-08-22 11:07:00,78.0,54.02439
1995-08-22 11:08:00,43.0,53.16927
1995-08-22 11:09:00,41.0,54.253387
1995-08-22 11:10:00,45.0,54.04629
1995-08-22 11:11:00,71.0,52.81322
1995-08-22 11:12:00,66.0,51.707123
1995-08-22 11:13:00,101.99999999999999,52.017036
1995-08-22 11:14:00,55.99999999999999,52.48336
1995-08-22 11:15:00,93.0,55.457363
1995-08-22 11:16:00,55.0,57.066475
1995-08-22 11:17:00,55.0,58.94907
1995-08-22 11:18:00,50.0,59.564716
1995-08-22 11:19:00,41.0,59.40197
1995-08-22 11:20:00,55.0,58.503098
1995-08-22 11:21:00,23.0,56.23372
1995-08-22 11:22:00,70.0,54.99572
1995-08-22 11:23:00,72.0,52.91639
1995-08-22 11:24:00,47.0,51.915417
1995-08-22 11:25:00,34.0,52.149643
1995-08-22 11:26:00,88.0,52.228806
1995-08-22 11:27:00,68.0,51.70354
1995-08-22 11:28:00,72.0,53.47021
1995-08-22 11:29:00,86.0,54.347206
1995-08-22 11:30:00,63.0,56.221107
1995-08-22 11:31:00,57.00000000000001,58.169304
1995-08-22 11:32:00,55.0,59.39898
1995-08-22 11:33:00,55.99999999999999,59.2777
1995-08-22 11:34:00,57.00000000000001,58.389164
1995-08-22 11:35:00,59.0,56.826656
1995-08-22 11:36:00,82.0,55.982708
1995-08-22 11:37:00,59.0,55.038578
1995-08-22 11:38:00,91.0,56.451485
1995-08-22 11:39:00,80.0,56.962864
1995-08-22 11:40:00,97.0,58.64597
1995-08-22 11:41:00,80.0,60.48915
1995-08-22 11:42:00,59.0,62.735085
1995-08-22 11:43:00,62.00000000000001,65.01998
1995-08-22 11:44:00,71.0,65.73138
1995-08-22 11:45:00,64.0,66.25996
1995-08-22 11:46:00,52.00000000000001,66.58102
1995-08-22 11:47:00,79.0,66.340645
1995-08-22 11:48:00,48.0,65.02963
1995-08-22 11:49:00,47.0,65.23088
1995-08-22 11:50:00,73.0,63.758217
1995-08-22 11:51:00,72.0,61.87745
1995-08-22 11:52:00,86.0,60.740227
1995-08-22 11:53:00,78.0,59.54706
1995-08-22 11:54:00,82.0,59.806023
1995-08-22 11:55:00,62.00000000000001,60.34753
1995-08-22 11:56:00,39.0,62.418545
1995-08-22 11:57:00,60.0,64.27935
1995-08-22 11:58:00,70.0,63.601162
1995-08-22 11:59:00,41.0,62.29944
1995-08-22 12:00:00,41.0,62.07524
1995-08-22 12:01:00,60.0,61.239407
1995-08-22 12:02:00,59.0,59.05673
1995-08-22 12:03:00,73.0,58.125164
1995-08-22 12:04:00,72.0,57.81761
1995-08-22 12:05:00,95.0,57.8001
1995-08-22 12:06:00,60.99999999999999,58.549053
1995-08-22 12:07:00,64.0,59.734756
1995-08-22 12:08:00,44.0,60.222027
1995-08-22 12:09:00,54.0,60.598923
1995-08-22 12:10:00,50.99999999999999,59.823883
1995-08-22 12:11:00,68.0,59.693386
1995-08-22 12:12:00,58.0,59.049747
1995-08-22 12:13:00,104.00000000000001,59.567596
1995-08-22 12:14:00,62.00000000000001,59.611107
1995-08-22 12:15:00,80.0,61.28397
1995-08-22 12:16:00,67.0,62.662388
1995-08-22 12:17:00,74.0,63.13789
1995-08-22 12:18:00,75.0,63.640137
1995-08-22 12:19:00,88.0,63.526287
1995-08-22 12:20:00,60.99999999999999,63.660656
1995-08-22 12:21:00,52.00000000000001,64.91712
1995-08-22 12:22:00,75.0,65.720345
1995-08-22 12:23:00,63.0,64.94017
1995-08-22 12:24:00,105.0,64.7821
1995-08-22 12:25:00,89.0,65.277
1995-08-22 12:26:00,73.0,66.87144
1995-08-22 12:27:00,99.0,67.89516
1995-08-22 12:28:00,75.0,68.017944
1995-08-22 12:29:00,82.0,68.49396
1995-08-22 12:30:00,101.99999999999999,68.714096
1995-08-22 12:31:00,78.0,69.984024
1995-08-22 12:32:00,62.00000000000001,72.82676
1995-08-22 12:33:00,57.00000000000001,73.99856
1995-08-22 12:34:00,60.0,73.821014
1995-08-22 12:35:00,75.0,72.1771
1995-08-22 12:36:00,55.0,70.81535
1995-08-22 12:37:00,79.0,70.111885
1995-08-22 12:38:00,65.0,67.98369
1995-08-22 12:39:00,62.00000000000001,67.1461
1995-08-22 12:40:00,77.0,66.117584
1995-08-22 12:41:00,79.0,64.35824
1995-08-22 12:42:00,96.0,64.39167
1995-08-22 12:43:00,60.99999999999999,65.354805
1995-08-22 12:44:00,69.0,66.42703
1995-08-22 12:45:00,59.0,66.97719
1995-08-22 12:46:00,60.99999999999999,67.654236
1995-08-22 12:47:00,93.0,67.86947
1995-08-22 12:48:00,90.0,67.27755
1995-08-22 12:49:00,66.0,68.90788
1995-08-22 12:50:00,101.0,70.12226
1995-08-22 12:51:00,75.0,70.263855
1995-08-22 12:52:00,50.0,72.059395
1995-08-22 12:53:00,57.00000000000001,73.1997
1995-08-22 12:54:00,60.99999999999999,72.88746
1995-08-22 12:55:00,36.0,71.67483
1995-08-22 12:56:00,67.0,69.57396
1995-08-22 12:57:00,60.0,66.15225
1995-08-22 12:58:00,81.0,63.83774
1995-08-22 12:59:00,68.0,62.637863
1995-08-22 13:00:00,70.0,62.756218
1995-08-22 13:01:00,64.0,62.59559
1995-08-22 13:02:00,59.0,62.683342
1995-08-22 13:03:00,62.00000000000001,61.865295
1995-08-22 13:04:00,79.0,61.90394
1995-08-22 13:05:00,88.0,61.738422
1995-08-22 13:06:00,87.0,61.88117
1995-08-22 13:07:00,81.0,64.1145
1995-08-22 13:08:00,68.0,66.26616
1995-08-22 13:09:00,82.0,66.9882
1995-08-22 13:10:00,114.00000000000001,67.43557
1995-08-22 13:11:00,66.0,68.13143
1995-08-22 13:12:00,49.0,69.1895
1995-08-22 13:13:00,98.0,70.73602
1995-08-22 13:14:00,77.0,71.18275
1995-08-22 13:15:00,43.0,72.77503
1995-08-22 13:16:00,66.0,74.08335
1995-08-22 13:17:00,130.0,72.8337
1995-08-22 13:18:00,96.0,71.89838
1995-08-22 13:19:00,80.0,73.79479
1995-08-22 13:20:00,70.0,75.63085
1995-08-22 13:21:00,85.0,76.66437
1995-08-22 13:22:00,83.0,76.931335
1995-08-22 13:23:00,75.0,77.10349
1995-08-22 13:24:00,73.0,77.63283
1995-08-22 13:25:00,73.0,77.299324
1995-08-22 13:26:00,65.0,76.18851
1995-08-22 13:27:00,80.0,75.44892
1995-08-22 13:28:00,113.0,74.1895
1995-08-22 13:29:00,70.0,74.40848
1995-08-22 13:30:00,87.0,76.22411
1995-08-22 13:31:00,89.0,76.49968
1995-08-22 13:32:00,69.0,75.72865
1995-08-22 13:33:00,98.0,75.00961
1995-08-22 13:34:00,86.0,73.795746
1995-08-22 13:35:00,72.0,74.99624
1995-08-22 13:36:00,106.0,75.08528
1995-08-22 13:37:00,50.99999999999999,76.16161
1995-08-22 13:38:00,50.0,77.66198
1995-08-22 13:39:00,45.0,75.554184
1995-08-22 13:40:00,74.0,73.61255
1995-08-22 13:41:00,73.0,71.89856
1995-08-22 13:42:00,77.0,70.176445
1995-08-22 13:43:00,71.0,67.79297
1995-08-22 13:44:00,60.99999999999999,67.369965
1995-08-22 13:45:00,104.00000000000001,67.53966
1995-08-22 13:46:00,79.0,66.71598
1995-08-22 13:47:00,92.0,67.25022
1995-08-22 13:48:00,55.99999999999999,68.479675
1995-08-22 13:49:00,63.0,69.59851
1995-08-22 13:50:00,59.0,68.97711
1995-08-22 13:51:00,46.0,68.86705
1995-08-22 13:52:00,85.0,68.40877
1995-08-22 13:53:00,68.0,67.59555
1995-08-22 13:54:00,73.0,67.38888
1995-08-22 13:55:00,37.0,66.86425
1995-08-22 13:56:00,55.99999999999999,67.3581
1995-08-22 13:57:00,24.0,65.34954
1995-08-22 13:58:00,68.0,63.91943
1995-08-22 13:59:00,25.0,61.210747
1995-08-22 14:00:00,44.0,60.0582
1995-08-22 14:01:00,47.0,56.882515
1995-08-22 14:02:00,37.0,54.83408
1995-08-22 14:03:00,70.0,53.480022
1995-08-22 14:04:00,66.0,51.745453
1995-08-22 14:05:00,79.0,51.48276
1995-08-22 14:06:00,101.0,51.953884
1995-08-22 14:07:00,90.0,53.663193
1995-08-22 14:08:00,83.0,57.784943
1995-08-22 14:09:00,92.0,61.849937
1995-08-22 14:10:00,71.0,64.685936
1995-08-22 14:11:00,67.0,66.4292
1995-08-22 14:12:00,60.99999999999999,68.26517
1995-08-22 14:13:00,93.0,68.902985
1995-08-22 14:14:00,84.0,68.587875
1995-08-22 14:15:00,58.0,68.93223
1995-08-22 14:16:00,55.99999999999999,69.69316
1995-08-22 14:17:00,40.0,69.695015
1995-08-22 14:18:00,55.0,68.570755
1995-08-22 14:19:00,55.99999999999999,66.69453
1995-08-22 14:20:00,33.0,64.46909
1995-08-22 14:21:00,44.0,63.42371
1995-08-22 14:22:00,85.0,60.91349
1995-08-22 14:23:00,75.0,58.89179
1995-08-22 14:24:00,64.0,58.499115
1995-08-22 14:25:00,55.0,58.90614
1995-08-22 14:26:00,99.0,58.94206
1995-08-22 14:27:00,54.0,59.185833
1995-08-22 14:28:00,57.00000000000001,61.28592
1995-08-22 14:29:00,70.0,61.54602
1995-08-22 14:30:00,67.0,61.08218
1995-08-22 14:31:00,57.00000000000001,60.85824
1995-08-22 14:32:00,50.99999999999999,59.665398
1995-08-22 14:33:00,50.0,58.95775
1995-08-22 14:34:00,63.0,58.356846
1995-08-22 14:35:00,67.0,57.165394
1995-08-22 14:36:00,34.0,56.36346
1995-08-22 14:37:00,67.0,56.580708
1995-08-22 14:38:00,39.0,54.97342
1995-08-22 14:39:00,32.0,54.173702
1995-08-22 14:40:00,54.0,53.407887
1995-08-22 14:41:00,75.0,51.98597
1995-08-22 14:42:00,58.0,52.20976
1995-08-22 14:43:00,67.0,53.469555
1995-08-22 14:44:00,50.0,54.3684
1995-08-22 14:45:00,68.0,55.851116
1995-08-22 14:46:00,80.0,56.752117
1995-08-22 14:47:00,45.0,57.846287
1995-08-22 14:48:00,57.00000000000001,59.403835
1995-08-22 14:49:00,89.0,59.775017
1995-08-22 14:50:00,57.00000000000001,58.999676
1995-08-22 14:51:00,78.0,59.148308
1995-08-22 14:52:00,116.0,58.95722
1995-08-22 14:53:00,91.0,59.84207
1995-08-22 14:54:00,62.00000000000001,62.400723
1995-08-22 14:55:00,87.0,64.83068
1995-08-22 14:56:00,60.0,66.27778
1995-08-22 14:57:00,58.0,68.05259
1995-08-22 14:58:00,94.0,68.33011
1995-08-22 14:59:00,71.0,67.671005
1995-08-22 15:00:00,80.0,68.11981
1995-08-22 15:01:00,65.0,68.46968
1995-08-22 15:02:00,92.0,68.45
1995-08-22 15:03:00,74.0,66.60431
1995-08-22 15:04:00,54.0,66.25668
1995-08-22 15:05:00,100.0,66.87502
1995-08-22 15:06:00,68.0,66.93893
1995-08-22 15:07:00,78.0,68.445625
1995-08-22 15:08:00,44.0,69.733505
1995-08-22 15:09:00,42.0,70.94443
1995-08-22 15:10:00,31.000000000000004,68.58489
1995-08-22 15:11:00,57.00000000000001,64.837814
1995-08-22 15:12:00,87.0,60.877583
1995-08-22 15:13:00,71.0,58.70614
1995-08-22 15:14:00,129.0,57.849075
1995-08-22 15:15:00,115.0,57.567093
1995-08-22 15:16:00,58.0,60.26264
1995-08-22 15:17:00,50.99999999999999,63.475666
1995-08-22 15:18:00,118.0,63.91188
1995-08-22 15:19:00,72.0,63.382935
1995-08-22 15:20:00,71.0,64.36045
1995-08-22 15:21:00,72.0,65.0815
1995-08-22 15:22:00,86.0,65.87655
1995-08-22 15:23:00,100.0,66.216125
1995-08-22 15:24:00,91.0,66.90403
1995-08-22 15:25:00,82.0,67.80139
1995-08-22 15:26:00,81.0,68.43691
1995-08-22 15:27:00,68.0,68.730675
1995-08-22 15:28:00,58.0,68.99236
1995-08-22 15:29:00,92.0,69.099686
1995-08-22 15:30:00,57.00000000000001,68.15052
1995-08-22 15:31:00,136.0,67.77742
1995-08-22 15:32:00,65.0,67.295395
1995-08-22 15:33:00,92.0,70.02235
1995-08-22 15:34:00,50.99999999999999,70.81772
1995-08-22 15:35:00,49.0,71.51434
1995-08-22 15:36:00,77.0,70.61557
1995-08-22 15:37:00,63.0,68.60124
1995-08-22 15:38:00,85.0,67.275314
1995-08-22 15:39:00,53.0,65.98081
1995-08-22 15:40:00,57.00000000000001,65.65543
1995-08-22 15:41:00,50.0,64.10102
1995-08-22 15:42:00,90.0,62.477856
1995-08-22 15:43:00,48.0,61.00736
1995-08-22 15:44:00,43.0,62.06428
1995-08-22 15:45:00,27.999999999999996,60.87383
1995-08-22 15:46:00,68.0,59.04536
1995-08-22 15:47:00,67.0,56.22608
1995-08-22 15:48:00,70.0,54.931324
1995-08-22 15:49:00,54.0,54.68744
1995-08-22 15:50:00,45.0,55.761326
1995-08-22 15:51:00,43.0,56.45827
1995-08-22 15:52:00,85.0,55.402966
1995-08-22 15:53:00,47.0,54.27063
1995-08-22 15:54:00,60.0,55.441154
1995-08-22 15:55:00,93.0,55.49539
1995-08-22 15:56:00,66.0,55.896862
1995-08-22 15:57:00,96.0,56.7092
1995-08-22 15:58:00,88.0,57.755943
1995-08-22 15:59:00,74.0,60.829304
1995-08-22 16:00:00,80.0,63.085197
1995-08-22 16:01:00,60.99999999999999,64.11208
1995-08-22 16:02:00,71.0,65.260056
1995-08-22 16:03:00,115.0,65.6507
1995-08-22 16:04:00,93.0,66.62351
1995-08-22 16:05:00,62.00000000000001,68.912094
1995-08-22 16:06:00,58.0,69.929855
1995-08-22 16:07:00,89.0,71.20671
1995-08-22 16:08:00,58.0,70.098656
1995-08-22 16:09:00,83.0,69.60303
1995-08-22 16:10:00,47.0,68.18003
1995-08-22 16:11:00,140.0,68.39259
1995-08-22 16:12:00,105.0,68.04348
1995-08-22 16:13:00,95.0,70.50156
1995-08-22 16:14:00,105.0,73.96046
1995-08-22 16:15:00,121.0,76.49405
1995-08-22 16:16:00,80.0,78.21652
1995-08-22 16:17:00,105.0,80.58045
1995-08-22 16:18:00,103.0,80.86585
1995-08-22 16:19:00,76.0,81.80326
1995-08-22 16:20:00,85.0,83.12978
1995-08-22 16:21:00,110.0,83.46763
1995-08-22 16:22:00,69.0,83.5204
1995-08-22 16:23:00,94.0,85.085014
1995-08-22 16:24:00,69.0,84.12
1995-08-22 16:25:00,70.0,83.202324
1995-08-22 16:26:00,68.0,81.1304
1995-08-22 16:27:00,69.0,79.12157
1995-08-22 16:28:00,93.0,77.02021
1995-08-22 16:29:00,27.0,74.52881
1995-08-22 16:30:00,57.00000000000001,74.12744
1995-08-22 16:31:00,36.0,69.76678
1995-08-22 16:32:00,50.99999999999999,65.75486
1995-08-22 16:33:00,55.0,62.54263
1995-08-22 16:34:00,35.0,59.533
1995-08-22 16:35:00,74.0,57.00342
1995-08-22 16:36:00,71.0,54.389843
1995-08-22 16:37:00,65.0,53.650524
1995-08-22 16:38:00,69.0,53.929935
1995-08-22 16:39:00,62.00000000000001,54.591522
1995-08-22 16:40:00,45.0,55.37744
1995-08-22 16:41:00,50.0,56.02244
1995-08-22 16:42:00,37.0,56.67268
1995-08-22 16:43:00,52.00000000000001,56.642082
1995-08-22 16:44:00,80.0,56.054718
1995-08-22 16:45:00,94.0,55.400932
1995-08-22 16:46:00,49.0,55.923347
1995-08-22 16:47:00,42.0,58.01027
1995-08-22 16:48:00,73.0,58.767513
1995-08-22 16:49:00,60.99999999999999,57.96905
1995-08-22 16:50:00,71.0,58.19085
1995-08-22 16:51:00,67.0,58.369305
1995-08-22 16:52:00,55.99999999999999,58.863705
1995-08-22 16:53:00,50.0,58.881435
1995-08-22 16:54:00,69.0,58.931534
1995-08-22 16:55:00,93.0,58.628456
1995-08-22 16:56:00,69.0,58.773636
1995-08-22 16:57:00,80.0,60.336407
1995-08-22 16:58:00,78.0,61.711918
1995-08-22 16:59:00,47.0,62.99288
1995-08-22 17:00:00,49.0,64.44945
1995-08-22 17:01:00,58.0,64.39451
1995-08-22 17:02:00,67.0,64.179085
1995-08-22 17:03:00,53.0,63.250435
1995-08-22 17:04:00,40.0,62.800674
1995-08-22 17:05:00,80.0,61.484364
1995-08-22 17:06:00,85.0,59.837986
1995-08-22 17:07:00,63.0,58.96429
1995-08-22 17:08:00,77.0,58.669197
1995-08-22 17:09:00,70.0,59.32547
1995-08-22 17:10:00,75.0,60.193665
1995-08-22 17:11:00,53.0,61.529453
1995-08-22 17:12:00,63.0,62.49884
1995-08-22 17:13:00,45.0,61.552303
1995-08-22 17:14:00,35.0,59.959324
1995-08-22 17:15:00,23.0,57.28359
1995-08-22 17:16:00,17.0,54.244015
1995-08-22 17:17:00,37.0,51.01364
1995-08-22 17:18:00,27.999999999999996,47.374397
1995-08-22 17:19:00,47.0,45.184135
1995-08-22 17:20:00,70.0,43.370056
1995-08-22 17:21:00,27.0,43.033848
1995-08-22 17:22:00,57.00000000000001,44.639088
1995-08-22 17:23:00,46.0,44.79439
1995-08-22 17:24:00,63.0,45.54884
1995-08-22 17:25:00,46.0,46.74287
1995-08-22 17:26:00,55.99999999999999,49.165195
1995-08-22 17:27:00,45.0,49.907394
1995-08-22 17:28:00,48.0,51.514843
1995-08-22 17:29:00,58.0,52.761005
1995-08-22 17:30:00,37.0,52.50339
1995-08-22 17:31:00,80.0,52.03288
1995-08-22 17:32:00,72.0,50.746346
1995-08-22 17:33:00,22.0,51.351654
1995-08-22 17:34:00,58.0,52.57184
1995-08-22 17:35:00,46.0,50.806953
1995-08-22 17:36:00,53.0,49.992752
1995-08-22 17:37:00,55.0,49.242043
1995-08-22 17:38:00,52.00000000000001,48.65444
1995-08-22 17:39:00,57.00000000000001,48.359905
1995-08-22 17:40:00,43.0,48.636856
1995-08-22 17:41:00,43.0,49.008396
1995-08-22 17:42:00,27.0,49.41803
1995-08-22 17:43:00,27.0,49.09081
1995-08-22 17:44:00,36.0,47.706654
1995-08-22 17:45:00,79.0,46.01543
1995-08-22 17:46:00,13.000000000000002,44.542603
1995-08-22 17:47:00,27.0,45.27513
1995-08-22 17:48:00,53.0,43.94951
1995-08-22 17:49:00,63.0,43.106773
1995-08-22 17:50:00,72.0,43.75478
1995-08-22 17:51:00,79.0,45.281044
1995-08-22 17:52:00,70.0,47.812355
1995-08-22 17:53:00,74.0,50.898167
1995-08-22 17:54:00,52.00000000000001,53.262154
1995-08-22 17:55:00,53.0,55.20876
1995-08-22 17:56:00,30.0,55.47019
1995-08-22 17:57:00,30.0,55.509445
1995-08-22 17:58:00,45.0,54.40329
1995-08-22 17:59:00,36.0,52.03774
1995-08-22 18:00:00,32.0,49.987732
1995-08-22 18:01:00,65.0,48.64881
1995-08-22 18:02:00,32.0,47.12104
1995-08-22 18:03:00,24.0,46.486153
1995-08-22 18:04:00,24.0,45.125343
1995-08-22 18:05:00,68.0,43.74574
1995-08-22 18:06:00,32.0,42.39279
1995-08-22 18:07:00,58.0,42.705605
1995-08-22 18:08:00,57.00000000000001,43.382263
1995-08-22 18:09:00,60.0,44.283207
1995-08-22 18:10:00,34.0,45.372154
1995-08-22 18:11:00,50.99999999999999,47.397625
1995-08-22 18:12:00,20.0,48.506958
1995-08-22 18:13:00,29.0,48.905838
1995-08-22 18:14:00,45.0,47.088726
1995-08-22 18:15:00,60.99999999999999,45.68716
1995-08-22 18:16:00,47.0,44.15763
1995-08-22 18:17:00,34.0,45.206905
1995-08-22 18:18:00,37.0,45.640537
1995-08-22 18:19:00,50.0,45.59023
1995-08-22 18:20:00,24.0,45.072792
1995-08-22 18:21:00,49.0,44.878345
1995-08-22 18:22:00,53.0,43.06563
1995-08-22 18:23:00,35.0,42.538982
1995-08-22 18:24:00,50.0,43.14264
1995-08-22 18:25:00,45.0,43.27468
1995-08-22 18:26:00,13.999999999999998,43.22234
1995-08-22 18:27:00,35.0,42.93527
1995-08-22 18:28:00,36.0,41.089806
1995-08-22 18:29:00,29.0,39.927433
1995-08-22 18:30:00,34.0,39.663612
1995-08-22 18:31:00,19.0,39.160942
1995-08-22 18:32:00,12.0,39.32016
1995-08-22 18:33:00,39.0,38.897953
1995-08-22 18:34:00,48.0,37.253563
1995-08-22 18:35:00,69.0,36.376133
1995-08-22 18:36:00,38.0,36.443073
1995-08-22 18:37:00,48.0,40.353714
1995-08-22 18:38:00,57.00000000000001,42.985237
1995-08-22 18:39:00,39.0,44.370113
1995-08-22 18:40:00,31.000000000000004,45.64206
1995-08-22 18:41:00,29.0,45.641003
1995-08-22 18:42:00,58.0,44.934258
1995-08-22 18:43:00,30.0,44.26518
1995-08-22 18:44:00,38.0,44.983547
1995-08-22 18:45:00,37.0,43.436005
1995-08-22 18:46:00,50.99999999999999,41.69185
1995-08-22 18:47:00,43.0,40.60368
1995-08-22 18:48:00,37.0,40.993427
1995-08-22 18:49:00,48.0,42.0314
1995-08-22 18:50:00,31.000000000000004,42.813866
1995-08-22 18:51:00,41.0,43.356686
1995-08-22 18:52:00,58.0,42.914505
1995-08-22 18:53:00,54.0,42.688
1995-08-22 18:54:00,38.0,43.94985
1995-08-22 18:55:00,34.0,45.041714
1995-08-22 18:56:00,76.0,45.792755
1995-08-22 18:57:00,66.0,45.379807
1995-08-22 18:58:00,50.99999999999999,46.478947
1995-08-22 18:59:00,36.0,48.30348
1995-08-22 19:00:00,50.99999999999999,49.542717
1995-08-22 19:01:00,57.00000000000001,47.88796
1995-08-22 19:02:00,46.0,46.77366
1995-08-22 19:03:00,69.0,46.34405
1995-08-22 19:04:00,37.0,45.29693
1995-08-22 19:05:00,33.0,46.220047
1995-08-22 19:06:00,34.0,46.16388
1995-08-22 19:07:00,35.0,45.38122
1995-08-22 19:08:00,43.0,43.882935
1995-08-22 19:09:00,55.0,43.139557
1995-08-22 19:10:00,68.0,42.46549
1995-08-22 19:11:00,55.0,42.17771
1995-08-22 19:12:00,29.0,43.124825
1995-08-22 19:13:00,31.000000000000004,44.04292
1995-08-22 19:14:00,29.0,42.71316
1995-08-22 19:15:00,18.0,41.002434
1995-08-22 19:16:00,11.0,39.544376
1995-08-22 19:17:00,10.0,37.958576
1995-08-22 19:18:00,29.0,35.849457
1995-08-22 19:19:00,58.0,33.468178
1995-08-22 19:20:00,30.0,32.245754
1995-08-22 19:21:00,43.0,33.143494
1995-08-22 19:22:00,30.0,33.161915
1995-08-22 19:23:00,27.0,33.973923
1995-08-22 19:24:00,23.0,34.017822
1995-08-22 19:25:00,27.0,33.98594
1995-08-22 19:26:00,20.0,33.350655
1995-08-22 19:27:00,18.0,32.747562
1995-08-22 19:28:00,32.0,32.249905
1995-08-22 19:29:00,40.0,30.82104
1995-08-22 19:30:00,40.0,30.05054
1995-08-22 19:31:00,39.0,31.296143
1995-08-22 19:32:00,24.0,33.16989
1995-08-22 19:33:00,32.0,34.463978
1995-08-22 19:34:00,37.0,34.81692
1995-08-22 19:35:00,11.0,34.94587
1995-08-22 19:36:00,21.0,34.89196
1995-08-22 19:37:00,29.0,33.432213
1995-08-22 19:38:00,23.0,32.421787
1995-08-22 19:39:00,22.0,32.6064
1995-08-22 19:40:00,34.0,32.28871
1995-08-22 19:41:00,19.0,31.52112
1995-08-22 19:42:00,24.0,31.481054
1995-08-22 19:43:00,23.0,31.297997
1995-08-22 19:44:00,42.0,30.488298
1995-08-22 19:45:00,50.99999999999999,30.034273
1995-08-22 19:46:00,47.0,30.893578
1995-08-22 19:47:00,26.000000000000004,32.337334
1995-08-22 19:48:00,30.0,33.950798
1995-08-22 19:49:00,59.0,35.13299
1995-08-22 19:50:00,50.99999999999999,36.194508
1995-08-22 19:51:00,31.000000000000004,37.80408
1995-08-22 19:52:00,48.0,39.075737
1995-08-22 19:53:00,34.0,39.2063
1995-08-22 19:54:00,20.0,39.521652
1995-08-22 19:55:00,29.0,40.02127
1995-08-22 19:56:00,26.000000000000004,39.477425
1995-08-22 19:57:00,35.0,38.657547
1995-08-22 19:58:00,31.000000000000004,37.771896
1995-08-22 19:59:00,33.0,37.451992
1995-08-22 20:00:00,37.0,36.950287
1995-08-22 20:01:00,65.0,36.550194
1995-08-22 20:02:00,38.0,36.033485
1995-08-22 20:03:00,41.0,37.048645
1995-08-22 20:04:00,39.0,37.46977
1995-08-22 20:05:00,50.0,37.96973
1995-08-22 20:06:00,40.0,38.081
1995-08-22 20:07:00,48.0,39.12079
1995-08-22 20:08:00,60.99999999999999,39.321568
1995-08-22 20:09:00,48.0,40.49935
1995-08-22 20:10:00,50.99999999999999,41.61561
1995-08-22 20:11:00,58.0,42.934055
1995-08-22 20:12:00,43.0,43.454838
1995-08-22 20:13:00,33.0,43.509266
1995-08-22 20:14:00,38.0,43.29484
1995-08-22 20:15:00,9.0,42.412815
1995-08-22 20:16:00,26.000000000000004,41.76832
1995-08-22 20:17:00,15.0,39.792667
1995-08-22 20:18:00,23.0,38.21088
1995-08-22 20:19:00,24.0,35.76598
1995-08-22 20:20:00,60.99999999999999,34.434826
1995-08-22 20:21:00,45.0,33.360554
1995-08-22 20:22:00,21.0,34.86291
1995-08-22 20:23:00,38.0,35.690243
1995-08-22 20:24:00,31.000000000000004,35.45064
1995-08-22 20:25:00,31.000000000000004,34.691715
1995-08-22 20:26:00,24.0,34.393867
1995-08-22 20:27:00,29.0,35.023273
1995-08-22 20:28:00,29.0,35.055397
1995-08-22 20:29:00,32.0,35.21745
1995-08-22 20:30:00,40.0,35.44063
1995-08-22 20:31:00,36.0,35.074635
1995-08-22 20:32:00,40.0,35.374027
1995-08-22 20:33:00,48.0,35.701664
1995-08-22 20:34:00,78.0,36.38188
1995-08-22 20:35:00,34.0,36.62696
1995-08-22 20:36:00,29.0,38.229996
1995-08-22 20:37:00,30.0,37.664326
1995-08-22 20:38:00,36.0,36.286068
1995-08-22 20:39:00,36.0,34.827984
1995-08-22 20:40:00,42.0,34.32254
1995-08-22 20:41:00,26.000000000000004,34.334896
1995-08-22 20:42:00,42.0,34.962334
1995-08-22 20:43:00,32.0,35.59441
1995-08-22 20:44:00,19.0,36.20294
1995-08-22 20:45:00,19.0,36.081646
1995-08-22 20:46:00,25.0,34.679497
1995-08-22 20:47:00,15.0,32.968796
1995-08-22 20:48:00,16.0,32.40121
1995-08-22 20:49:00,18.0,31.413149
1995-08-22 20:50:00,20.0,30.125328
1995-08-22 20:51:00,24.0,27.85983
1995-08-22 20:52:00,13.999999999999998,26.39984
1995-08-22 20:53:00,25.0,25.420622
1995-08-22 20:54:00,25.0,24.56538
1995-08-22 20:55:00,11.0,24.55945
1995-08-22 20:56:00,22.0,24.949554
1995-08-22 20:57:00,34.0,24.900158
1995-08-22 20:58:00,13.000000000000002,25.761175
1995-08-22 20:59:00,36.0,27.39011
1995-08-22 21:00:00,24.0,28.011227
1995-08-22 21:01:00,32.0,29.304632
1995-08-22 21:02:00,46.0,30.007635
1995-08-22 21:03:00,35.0,29.858673
1995-08-22 21:04:00,47.0,30.238792
1995-08-22 21:05:00,60.99999999999999,30.812428
1995-08-22 21:06:00,26.000000000000004,31.91212
1995-08-22 21:07:00,38.0,33.626923
1995-08-22 21:08:00,35.0,33.71111
1995-08-22 21:09:00,41.0,34.37568
1995-08-22 21:10:00,34.0,34.569065
1995-08-22 21:11:00,27.999999999999996,35.040226
1995-08-22 21:12:00,46.0,35.28493
1995-08-22 21:13:00,20.0,35.122032
1995-08-22 21:14:00,27.0,35.34584
1995-08-22 21:15:00,35.0,34.72866
1995-08-22 21:16:00,27.999999999999996,33.93265
1995-08-22 21:17:00,15.0,33.461864
1995-08-22 21:18:00,42.0,32.635494
1995-08-22 21:19:00,20.0,31.129408
1995-08-22 21:20:00,27.0,30.586582
1995-08-22 21:21:00,26.000000000000004,29.45684
1995-08-22 21:22:00,31.000000000000004,28.556267
1995-08-22 21:23:00,39.0,27.849302
1995-08-22 21:24:00,36.0,27.460413
1995-08-22 21:25:00,26.000000000000004,27.588095
1995-08-22 21:26:00,43.0,29.124386
1995-08-22 21:27:00,30.0,29.306105
1995-08-22 21:28:00,13.999999999999998,30.65917
1995-08-22 21:29:00,33.0,31.737722
1995-08-22 21:30:00,27.0,31.141539
1995-08-22 21:31:00,32.0,30.99795
1995-08-22 21:32:00,19.0,30.24745
1995-08-22 21:33:00,33.0,29.595652
1995-08-22 21:34:00,29.0,28.48912
1995-08-22 21:35:00,25.0,28.443874
1995-08-22 21:36:00,27.999999999999996,28.317438
1995-08-22 21:37:00,48.0,27.936317
1995-08-22 21:38:00,57.00000000000001,28.036724
1995-08-22 21:39:00,48.0,29.34765
1995-08-22 21:40:00,63.0,31.018238
1995-08-22 21:41:00,36.0,32.854362
1995-08-22 21:42:00,32.0,35.002346
1995-08-22 21:43:00,24.0,35.95958
1995-08-22 21:44:00,27.0,35.960266
1995-08-22 21:45:00,31.000000000000004,35.108097
1995-08-22 21:46:00,23.0,34.379784
1995-08-22 21:47:00,27.0,34.74607
1995-08-22 21:48:00,30.0,34.700016
1995-08-22 21:49:00,55.99999999999999,34.09579
1995-08-22 21:50:00,62.00000000000001,33.330418
1995-08-22 21:51:00,32.0,34.175842
1995-08-22 21:52:00,47.0,36.29928
1995-08-22 21:53:00,88.0,36.945293
1995-08-22 21:54:00,29.0,36.979626
1995-08-22 21:55:00,17.0,38.367493
1995-08-22 21:56:00,25.0,37.77923
1995-08-22 21:57:00,34.0,35.983364
1995-08-22 21:58:00,39.0,34.270554
1995-08-22 21:59:00,45.0,33.914333
1995-08-22 22:00:00,27.0,33.99347
1995-08-22 22:01:00,43.0,34.74301
1995-08-22 22:02:00,34.0,34.651817
1995-08-22 22:03:00,33.0,34.84587
1995-08-22 22:04:00,40.0,34.467476
1995-08-22 22:05:00,39.0,33.68243
1995-08-22 22:06:00,13.999999999999998,33.049385
1995-08-22 22:07:00,39.0,32.589924
1995-08-22 22:08:00,25.0,31.541712
1995-08-22 22:09:00,47.0,31.493387
1995-08-22 22:10:00,44.0,31.26655
1995-08-22 22:11:00,38.0,32.09136
1995-08-22 22:12:00,22.0,33.454304
1995-08-22 22:13:00,26.000000000000004,34.27211
1995-08-22 22:14:00,26.000000000000004,33.666397
1995-08-22 22:15:00,38.0,33.494663
1995-08-22 22:16:00,11.0,32.564945
1995-08-22 22:17:00,24.0,32.05522
1995-08-22 22:18:00,38.0,30.967535
1995-08-22 22:19:00,43.0,29.842312
1995-08-22 22:20:00,42.0,30.071653
1995-08-22 22:21:00,54.0,30.689734
1995-08-22 22:22:00,42.0,31.646563
1995-08-22 22:23:00,37.0,32.37456
1995-08-22 22:24:00,36.0,32.853382
1995-08-22 22:25:00,18.0,32.810772
1995-08-22 22:26:00,13.000000000000002,32.4765
1995-08-22 22:27:00,44.0,31.36817
1995-08-22 22:28:00,22.0,29.782887
1995-08-22 22:29:00,12.0,29.063044
1995-08-22 22:30:00,42.0,28.179516
1995-08-22 22:31:00,50.99999999999999,27.155731
1995-08-22 22:32:00,33.0,27.34079
1995-08-22 22:33:00,41.0,28.309992
1995-08-22 22:34:00,27.999999999999996,29.838604
1995-08-22 22:35:00,20.0,31.420385
1995-08-22 22:36:00,18.0,32.16683
1995-08-22 22:37:00,26.000000000000004,31.774382
1995-08-22 22:38:00,23.0,31.234888
1995-08-22 22:39:00,27.0,31.24965
1995-08-22 22:40:00,13.999999999999998,30.849842
1995-08-22 22:41:00,26.000000000000004,30.17406
1995-08-22 22:42:00,22.0,29.084858
1995-08-22 22:43:00,15.0,28.69801
1995-08-22 22:44:00,19.0,28.275412
1995-08-22 22:45:00,26.000000000000004,26.927383
1995-08-22 22:46:00,17.0,25.96733
1995-08-22 22:47:00,25.0,26.015505
1995-08-22 22:48:00,24.0,25.014877
1995-08-22 22:49:00,29.0,24.600527
1995-08-22 22:50:00,20.0,24.578787
1995-08-22 22:51:00,40.0,25.198105
1995-08-22 22:52:00,34.0,25.492548
1995-08-22 22:53:00,32.0,26.98051
1995-08-22 22:54:00,25.0,28.372808
1995-08-22 22:55:00,26.000000000000004,28.56789
1995-08-22 22:56:00,29.0,28.973742
1995-08-22 22:57:00,34.0,29.226921
1995-08-22 22:58:00,55.0,28.513931
1995-08-22 22:59:00,39.0,28.248459
1995-08-22 23:00:00,44.0,29.364346
1995-08-22 23:01:00,21.0,30.68906
1995-08-22 23:02:00,40.0,31.67535
1995-08-22 23:03:00,27.999999999999996,31.531075
1995-08-22 23:04:00,19.0,31.884977
1995-08-22 23:05:00,27.0,31.954597
1995-08-22 23:06:00,27.0,31.070526
1995-08-22 23:07:00,43.0,29.750841
1995-08-22 23:08:00,67.0,28.705587
1995-08-22 23:09:00,25.0,28.467428
1995-08-22 23:10:00,26.000000000000004,30.102936
1995-08-22 23:11:00,42.0,30.437119
1995-08-22 23:12:00,39.0,30.133036
1995-08-22 23:13:00,23.0,30.485785
1995-08-22 23:14:00,10.0,30.88503
1995-08-22 23:15:00,42.0,30.53826
1995-08-22 23:16:00,25.0,29.052208
1995-08-22 23:17:00,35.0,28.942148
1995-08-22 23:18:00,34.0,29.352451
1995-08-22 23:19:00,31.000000000000004,30.231495
1995-08-22 23:20:00,19.0,30.706287
1995-08-22 23:21:00,22.0,30.947645
1995-08-22 23:22:00,40.0,30.259651
1995-08-22 23:23:00,22.0,29.543581
1995-08-22 23:24:00,17.0,29.919329
1995-08-22 23:25:00,25.0,29.262623
1995-08-22 23:26:00,22.0,27.819729
1995-08-22 23:27:00,24.0,27.212795
1995-08-22 23:28:00,25.0,26.11549
1995-08-22 23:29:00,10.0,26.202797
1995-08-22 23:30:00,13.000000000000002,26.013603
1995-08-22 23:31:00,18.0,24.848879
1995-08-22 23:32:00,24.0,22.821661
1995-08-22 23:33:00,25.0,21.01446
1995-08-22 23:34:00,27.0,20.684393
1995-08-22 23:35:00,31.000000000000004,21.06044
1995-08-22 23:36:00,34.0,21.924522
1995-08-22 23:37:00,26.000000000000004,23.159727
1995-08-22 23:38:00,9.0,23.843008
1995-08-22 23:39:00,23.0,25.272255
1995-08-22 23:40:00,25.0,24.548418
1995-08-22 23:41:00,23.0,24.475136
1995-08-22 23:42:00,27.0,24.168257
1995-08-22 23:43:00,21.0,24.28017
1995-08-22 23:44:00,29.0,24.183773
1995-08-22 23:45:00,22.0,23.25357
1995-08-22 23:46:00,24.0,23.53459
1995-08-22 23:47:00,22.0,23.585968
1995-08-22 23:48:00,31.000000000000004,23.973877
1995-08-22 23:49:00,13.999999999999998,23.905561
1995-08-22 23:50:00,34.0,24.407743
1995-08-22 23:51:00,31.000000000000004,23.970646
1995-08-22 23:52:00,19.0,24.298565
1995-08-22 23:53:00,39.0,25.029713
1995-08-22 23:54:00,13.000000000000002,24.927864
1995-08-22 23:55:00,21.0,25.560616
1995-08-22 23:56:00,29.0,24.62511
1995-08-22 23:57:00,29.0,24.214113
1995-08-22 23:58:00,46.0,24.359146
