timestamp,y_req_t1,predicted
1995-08-16 00:00:00,9.0,45.60634
1995-08-16 00:01:00,25.0,44.681164
1995-08-16 00:02:00,25.0,43.141895
1995-08-16 00:03:00,27.999999999999996,41.878082
1995-08-16 00:04:00,26.000000000000004,41.247513
1995-08-16 00:05:00,9.0,41.448555
1995-08-16 00:06:00,18.0,41.348072
1995-08-16 00:07:00,27.999999999999996,40.305386
1995-08-16 00:08:00,21.0,39.680202
1995-08-16 00:09:00,15.0,39.47227
1995-08-16 00:10:00,11.0,39.323925
1995-08-16 00:11:00,20.0,38.035805
1995-08-16 00:12:00,26.000000000000004,36.590603
1995-08-16 00:13:00,27.0,35.334362
1995-08-16 00:14:00,12.0,35.101173
1995-08-16 00:15:00,21.0,35.171173
1995-08-16 00:16:00,12.0,35.048492
1995-08-16 00:17:00,13.999999999999998,35.033596
1995-08-16 00:18:00,18.0,34.571278
1995-08-16 00:19:00,36.0,34.317776
1995-08-16 00:20:00,10.0,33.918926
1995-08-16 00:21:00,6.0,34.0331
1995-08-16 00:22:00,23.0,33.42403
1995-08-16 00:23:00,32.0,32.44257
1995-08-16 00:24:00,46.0,32.017437
1995-08-16 00:25:00,36.0,32.5401
1995-08-16 00:26:00,21.0,34.542088
1995-08-16 00:27:00,34.0,37.268974
1995-08-16 00:28:00,32.0,38.91034
1995-08-16 00:29:00,23.0,40.342064
1995-08-16 00:30:00,17.0,41.322475
1995-08-16 00:31:00,50.99999999999999,41.714775
1995-08-16 00:32:00,30.0,41.081375
1995-08-16 00:33:00,33.0,41.93116
1995-08-16 00:34:00,13.000000000000002,42.291145
1995-08-16 00:35:00,20.0,42.508476
1995-08-16 00:36:00,46.0,41.916664
1995-08-16 00:37:00,37.0,41.529377
1995-08-16 00:38:00,47.0,41.809437
1995-08-16 00:39:00,42.0,42.153824
1995-08-16 00:40:00,17.0,43.263866
1995-08-16 00:41:00,29.0,44.1091
1995-08-16 00:42:00,55.0,43.925014
1995-08-16 00:43:00,20.0,44.08673
1995-08-16 00:44:00,15.0,45.159657
1995-08-16 00:45:00,10.0,44.484383
1995-08-16 00:46:00,6.999999999999999,44.12662
1995-08-16 00:47:00,17.0,42.983677
1995-08-16 00:48:00,10.0,41.191303
1995-08-16 00:49:00,34.0,40.729427
1995-08-16 00:50:00,43.0,40.6949
1995-08-16 00:51:00,30.0,41.36793
1995-08-16 00:52:00,20.0,42.602997
1995-08-16 00:53:00,16.0,43.793907
1995-08-16 00:54:00,22.0,44.620663
1995-08-16 00:55:00,13.999999999999998,44.880672
1995-08-16 00:56:00,9.0,45.397526
1995-08-16 00:57:00,20.0,45.09536
1995-08-16 00:58:00,33.0,44.831276
1995-08-16 00:59:00,38.0,44.74375
1995-08-16 01:00:00,27.999999999999996,44.740097
1995-08-16 01:01:00,39.0,45.34209
1995-08-16 01:02:00,25.0,45.519283
1995-08-16 01:03:00,29.0,46.130306
1995-08-16 01:04:00,22.0,46.290577
1995-08-16 01:05:00,16.0,46.40013
1995-08-16 01:06:00,26.000000000000004,46.37216
1995-08-16 01:07:00,38.0,45.636898
1995-08-16 01:08:00,27.0,45.51613
1995-08-16 01:09:00,19.0,45.540035
1995-08-16 01:10:00,27.999999999999996,45.31673
1995-08-16 01:11:00,27.0,45.256336
1995-08-16 01:12:00,39.0,45.084682
1995-08-16 01:13:00,12.0,44.887226
1995-08-16 01:14:00,20.0,44.72338
1995-08-16 01:15:00,20.0,43.485527
1995-08-16 01:16:00,13.999999999999998,41.48197
1995-08-16 01:17:00,27.0,40.495327
1995-08-16 01:18:00,11.0,39.284798
1995-08-16 01:19:00,42.0,38.64842
1995-08-16 01:20:00,29.0,37.47625
1995-08-16 01:21:00,30.0,37.491917
1995-08-16 01:22:00,13.999999999999998,37.634872
1995-08-16 01:23:00,5.0,38.31554
1995-08-16 01:24:00,24.0,38.42116
1995-08-16 01:25:00,16.0,38.146168
1995-08-16 01:26:00,6.999999999999999,38.676548
1995-08-16 01:27:00,5.0,38.823933
1995-08-16 01:28:00,9.0,38.21976
1995-08-16 01:29:00,15.0,37.21952
1995-08-16 01:30:00,27.0,36.544888
1995-08-16 01:31:00,15.0,36.47788
1995-08-16 01:32:00,22.0,36.20415
1995-08-16 01:33:00,13.000000000000002,36.465214
1995-08-16 01:34:00,21.0,36.342125
1995-08-16 01:35:00,32.0,36.095287
1995-08-16 01:36:00,20.0,36.117786
1995-08-16 01:37:00,38.0,36.77601
1995-08-16 01:38:00,31.000000000000004,37.18094
1995-08-16 01:39:00,39.0,38.05805
1995-08-16 01:40:00,20.0,38.938335
1995-08-16 01:41:00,23.0,39.48746
1995-08-16 01:42:00,35.0,39.93505
1995-08-16 01:43:00,15.0,40.020157
1995-08-16 01:44:00,22.0,40.67963
1995-08-16 01:45:00,16.0,40.50167
1995-08-16 01:46:00,8.0,40.514275
1995-08-16 01:47:00,11.0,39.997757
1995-08-16 01:48:00,19.0,39.188995
1995-08-16 01:49:00,16.0,37.679577
1995-08-16 01:50:00,17.0,36.789307
1995-08-16 01:51:00,30.0,36.107693
1995-08-16 01:52:00,18.0,35.772617
1995-08-16 01:53:00,23.0,35.598698
1995-08-16 01:54:00,37.0,35.615913
1995-08-16 01:55:00,27.0,35.684906
1995-08-16 01:56:00,30.0,36.24448
1995-08-16 01:57:00,26.000000000000004,36.87152
1995-08-16 01:58:00,27.999999999999996,36.76932
1995-08-16 01:59:00,35.0,36.834618
1995-08-16 02:00:00,24.0,37.166134
1995-08-16 02:01:00,26.000000000000004,37.955833
1995-08-16 02:02:00,13.999999999999998,37.99457
1995-08-16 02:03:00,6.0,38.567608
1995-08-16 02:04:00,16.0,38.06422
1995-08-16 02:05:00,29.0,38.411827
1995-08-16 02:06:00,13.000000000000002,38.271004
1995-08-16 02:07:00,34.0,37.74068
1995-08-16 02:08:00,17.0,37.6736
1995-08-16 02:09:00,12.0,37.887856
1995-08-16 02:10:00,9.0,37.56154
1995-08-16 02:11:00,4.0,36.69799
1995-08-16 02:12:00,36.0,35.505985
1995-08-16 02:13:00,18.0,33.985348
1995-08-16 02:14:00,9.0,33.842728
1995-08-16 02:15:00,6.999999999999999,33.146645
1995-08-16 02:16:00,18.0,31.559612
1995-08-16 02:17:00,27.999999999999996,30.634445
1995-08-16 02:18:00,15.0,29.851849
1995-08-16 02:19:00,20.0,30.180199
1995-08-16 02:20:00,34.0,30.485048
1995-08-16 02:21:00,13.999999999999998,30.878922
1995-08-16 02:22:00,18.0,31.975508
1995-08-16 02:23:00,27.0,32.745
1995-08-16 02:24:00,13.999999999999998,33.18721
1995-08-16 02:25:00,9.0,34.28609
1995-08-16 02:26:00,12.0,34.958748
1995-08-16 02:27:00,6.999999999999999,34.69297
1995-08-16 02:28:00,8.0,34.61394
1995-08-16 02:29:00,3.0,33.997967
1995-08-16 02:30:00,3.0,33.295376
1995-08-16 02:31:00,22.0,32.92387
1995-08-16 02:32:00,34.0,31.541529
1995-08-16 02:33:00,33.0,31.398315
1995-08-16 02:34:00,26.000000000000004,32.39036
1995-08-16 02:35:00,16.0,33.719822
1995-08-16 02:36:00,16.0,34.68007
1995-08-16 02:37:00,25.0,35.07911
1995-08-16 02:38:00,11.0,34.911133
1995-08-16 02:39:00,23.0,35.060127
1995-08-16 02:40:00,29.0,34.973976
1995-08-16 02:41:00,24.0,35.049202
1995-08-16 02:42:00,18.0,35.826195
1995-08-16 02:43:00,18.0,35.965405
1995-08-16 02:44:00,32.0,35.2282
1995-08-16 02:45:00,39.0,34.718437
1995-08-16 02:46:00,24.0,35.164467
1995-08-16 02:47:00,9.0,36.2928
1995-08-16 02:48:00,6.0,37.12716
1995-08-16 02:49:00,10.0,37.350677
1995-08-16 02:50:00,22.0,38.011402
1995-08-16 02:51:00,15.0,37.646294
1995-08-16 02:52:00,24.0,38.04411
1995-08-16 02:53:00,25.0,38.16375
1995-08-16 02:54:00,9.0,38.56668
1995-08-16 02:55:00,9.0,38.34619
1995-08-16 02:56:00,23.0,37.620575
1995-08-16 02:57:00,13.999999999999998,37.378693
1995-08-16 02:58:00,3.0,37.09199
1995-08-16 02:59:00,18.0,34.82719
1995-08-16 03:00:00,20.0,33.534138
1995-08-16 03:01:00,15.0,32.74322
1995-08-16 03:02:00,9.0,32.051105
1995-08-16 03:03:00,10.0,31.273464
1995-08-16 03:04:00,11.0,30.141472
1995-08-16 03:05:00,11.0,29.597105
1995-08-16 03:06:00,18.0,28.899858
1995-08-16 03:07:00,9.0,28.62996
1995-08-16 03:08:00,13.999999999999998,29.126656
1995-08-16 03:09:00,9.0,29.34545
1995-08-16 03:10:00,16.0,29.759268
1995-08-16 03:11:00,22.0,30.754124
1995-08-16 03:12:00,22.0,31.19834
1995-08-16 03:13:00,22.0,31.504442
1995-08-16 03:14:00,18.0,31.532578
1995-08-16 03:15:00,23.0,32.203857
1995-08-16 03:16:00,9.0,32.724567
1995-08-16 03:17:00,6.999999999999999,33.571346
1995-08-16 03:18:00,8.0,34.367653
1995-08-16 03:19:00,13.000000000000002,34.469944
1995-08-16 03:20:00,43.0,33.95715
1995-08-16 03:21:00,30.0,33.781708
1995-08-16 03:22:00,13.000000000000002,33.977352
1995-08-16 03:23:00,15.0,34.88011
1995-08-16 03:24:00,15.0,35.199604
1995-08-16 03:25:00,20.0,35.30258
1995-08-16 03:26:00,20.0,35.859512
1995-08-16 03:27:00,5.0,36.32538
1995-08-16 03:28:00,13.999999999999998,36.403725
1995-08-16 03:29:00,6.999999999999999,35.50926
1995-08-16 03:30:00,12.0,34.84069
1995-08-16 03:31:00,31.000000000000004,33.830074
1995-08-16 03:32:00,15.0,33.345463
1995-08-16 03:33:00,22.0,33.277508
1995-08-16 03:34:00,25.0,33.332195
1995-08-16 03:35:00,25.0,33.841145
1995-08-16 03:36:00,20.0,34.78847
1995-08-16 03:37:00,16.0,35.565216
1995-08-16 03:38:00,29.0,35.397755
1995-08-16 03:39:00,13.000000000000002,35.413795
1995-08-16 03:40:00,18.0,36.0334
1995-08-16 03:41:00,20.0,36.338726
1995-08-16 03:42:00,15.0,36.637756
1995-08-16 03:43:00,22.0,36.570374
1995-08-16 03:44:00,34.0,36.100918
1995-08-16 03:45:00,16.0,35.42805
1995-08-16 03:46:00,10.0,35.389698
1995-08-16 03:47:00,21.0,35.452076
1995-08-16 03:48:00,13.999999999999998,34.90818
1995-08-16 03:49:00,18.0,34.81683
1995-08-16 03:50:00,24.0,34.77623
1995-08-16 03:51:00,23.0,34.38275
1995-08-16 03:52:00,16.0,35.09057
1995-08-16 03:53:00,9.0,34.799164
1995-08-16 03:54:00,44.0,33.75974
1995-08-16 03:55:00,26.000000000000004,32.75655
1995-08-16 03:56:00,10.0,33.86435
1995-08-16 03:57:00,16.0,34.939575
1995-08-16 03:58:00,24.0,35.876446
1995-08-16 03:59:00,23.0,36.457592
1995-08-16 04:00:00,12.0,36.45133
1995-08-16 04:01:00,23.0,36.661423
1995-08-16 04:02:00,18.0,36.01072
1995-08-16 04:03:00,21.0,35.53676
1995-08-16 04:04:00,42.0,36.02167
1995-08-16 04:05:00,22.0,37.005302
1995-08-16 04:06:00,29.0,38.548344
1995-08-16 04:07:00,12.0,40.083176
1995-08-16 04:08:00,6.999999999999999,41.301285
1995-08-16 04:09:00,5.0,40.426872
1995-08-16 04:10:00,1.0,38.883427
1995-08-16 04:11:00,16.0,37.82328
1995-08-16 04:12:00,20.0,34.32296
1995-08-16 04:13:00,8.0,32.513298
1995-08-16 04:14:00,15.0,31.94416
1995-08-16 04:15:00,17.0,30.814133
1995-08-16 04:16:00,27.999999999999996,30.549038
1995-08-16 04:17:00,42.0,29.997972
1995-08-16 04:18:00,23.0,30.336529
1995-08-16 04:19:00,17.0,31.905241
1995-08-16 04:20:00,24.0,33.355896
1995-08-16 04:21:00,11.0,33.9426
1995-08-16 04:22:00,26.000000000000004,34.282776
1995-08-16 04:23:00,18.0,34.03107
1995-08-16 04:24:00,15.0,33.5831
1995-08-16 04:25:00,6.999999999999999,31.841415
1995-08-16 04:26:00,6.0,30.210255
1995-08-16 04:27:00,16.0,28.691751
1995-08-16 04:28:00,6.999999999999999,28.166557
1995-08-16 04:29:00,13.000000000000002,28.082098
1995-08-16 04:30:00,13.000000000000002,28.063189
1995-08-16 04:31:00,13.999999999999998,28.1424
1995-08-16 04:32:00,6.0,28.508427
1995-08-16 04:33:00,1.0,28.446394
1995-08-16 04:34:00,6.0,28.35632
1995-08-16 04:35:00,15.0,26.750778
1995-08-16 04:36:00,30.0,25.092716
1995-08-16 04:37:00,5.0,24.716484
1995-08-16 04:38:00,8.0,25.583681
1995-08-16 04:39:00,5.0,25.857204
1995-08-16 04:40:00,6.999999999999999,25.614761
1995-08-16 04:41:00,16.0,25.97993
1995-08-16 04:42:00,18.0,26.813099
1995-08-16 04:43:00,15.0,28.108051
1995-08-16 04:44:00,11.0,29.587389
1995-08-16 04:45:00,29.0,30.925608
1995-08-16 04:46:00,3.0,31.024878
1995-08-16 04:47:00,1.0,31.137465
1995-08-16 04:48:00,6.999999999999999,30.605742
1995-08-16 04:49:00,13.999999999999998,28.884424
1995-08-16 04:50:00,4.0,28.058014
1995-08-16 04:51:00,2.0,28.761848
1995-08-16 04:52:00,6.999999999999999,28.928009
1995-08-16 04:53:00,27.999999999999996,29.302792
1995-08-16 04:54:00,6.999999999999999,28.015146
1995-08-16 04:55:00,1.0,27.663414
1995-08-16 04:56:00,6.0,26.964252
1995-08-16 04:57:00,6.0,26.261656
1995-08-16 04:58:00,1.0,27.422512
1995-08-16 04:59:00,6.999999999999999,28.668385
1995-08-16 05:00:00,3.0,26.977623
1995-08-16 05:01:00,30.0,25.164131
1995-08-16 05:02:00,6.999999999999999,23.771196
1995-08-16 05:03:00,6.0,24.279312
1995-08-16 05:04:00,2.0,24.880049
1995-08-16 05:05:00,6.999999999999999,25.041687
1995-08-16 05:06:00,4.0,24.936455
1995-08-16 05:07:00,5.0,24.924171
1995-08-16 05:08:00,6.999999999999999,24.854246
1995-08-16 05:09:00,16.0,23.783894
1995-08-16 05:10:00,13.999999999999998,22.468716
1995-08-16 05:11:00,27.0,21.863852
1995-08-16 05:12:00,21.0,22.025257
1995-08-16 05:13:00,6.0,23.603483
1995-08-16 05:14:00,20.0,25.422668
1995-08-16 05:15:00,5.0,25.648134
1995-08-16 05:16:00,18.0,26.84584
1995-08-16 05:17:00,9.0,27.49752
1995-08-16 05:18:00,20.0,27.900522
1995-08-16 05:19:00,32.0,28.274506
1995-08-16 05:20:00,18.0,29.16898
1995-08-16 05:21:00,13.999999999999998,29.657265
1995-08-16 05:22:00,13.999999999999998,29.447664
1995-08-16 05:23:00,11.0,29.321054
1995-08-16 05:24:00,24.0,29.486485
1995-08-16 05:25:00,18.0,29.343737
1995-08-16 05:26:00,22.0,30.602016
1995-08-16 05:27:00,13.999999999999998,30.872385
1995-08-16 05:28:00,18.0,32.20314
1995-08-16 05:29:00,13.000000000000002,33.084873
1995-08-16 05:30:00,20.0,33.24653
1995-08-16 05:31:00,24.0,33.38245
1995-08-16 05:32:00,6.0,33.414238
1995-08-16 05:33:00,13.999999999999998,33.30014
1995-08-16 05:34:00,19.0,32.877964
1995-08-16 05:35:00,17.0,32.526787
1995-08-16 05:36:00,23.0,33.08749
1995-08-16 05:37:00,30.0,33.603516
1995-08-16 05:38:00,18.0,33.45926
1995-08-16 05:39:00,17.0,33.826973
1995-08-16 05:40:00,8.0,33.62406
1995-08-16 05:41:00,20.0,33.35571
1995-08-16 05:42:00,8.0,33.258533
1995-08-16 05:43:00,10.0,33.663197
1995-08-16 05:44:00,9.0,33.111637
1995-08-16 05:45:00,6.0,33.247684
1995-08-16 05:46:00,4.0,32.51148
1995-08-16 05:47:00,12.0,32.56673
1995-08-16 05:48:00,1.0,32.129776
1995-08-16 05:49:00,17.0,30.781656
1995-08-16 05:50:00,13.999999999999998,28.630228
1995-08-16 05:51:00,19.0,28.007196
1995-08-16 05:52:00,18.0,26.9732
1995-08-16 05:53:00,4.0,26.569386
1995-08-16 05:54:00,11.0,26.69207
1995-08-16 05:55:00,13.000000000000002,27.230724
1995-08-16 05:56:00,16.0,27.339748
1995-08-16 05:57:00,6.999999999999999,27.639343
1995-08-16 05:58:00,18.0,28.139301
1995-08-16 05:59:00,12.0,29.203754
1995-08-16 06:00:00,5.0,30.06818
1995-08-16 06:01:00,12.0,30.204668
1995-08-16 06:02:00,8.0,29.267096
1995-08-16 06:03:00,32.0,28.646221
1995-08-16 06:04:00,17.0,27.652313
1995-08-16 06:05:00,16.0,27.506243
1995-08-16 06:06:00,15.0,26.78342
1995-08-16 06:07:00,17.0,26.355022
1995-08-16 06:08:00,17.0,26.022863
1995-08-16 06:09:00,20.0,25.961695
1995-08-16 06:10:00,22.0,26.85867
1995-08-16 06:11:00,11.0,27.562475
1995-08-16 06:12:00,3.0,28.50465
1995-08-16 06:13:00,2.0,28.553013
1995-08-16 06:14:00,24.0,28.993105
1995-08-16 06:15:00,8.0,30.116318
1995-08-16 06:16:00,23.0,30.9133
1995-08-16 06:17:00,18.0,30.674221
1995-08-16 06:18:00,16.0,30.587656
1995-08-16 06:19:00,9.0,30.5373
1995-08-16 06:20:00,21.0,30.85754
1995-08-16 06:21:00,34.0,30.8618
1995-08-16 06:22:00,12.0,31.746382
1995-08-16 06:23:00,27.999999999999996,32.901592
1995-08-16 06:24:00,21.0,33.516613
1995-08-16 06:25:00,13.999999999999998,34.720135
1995-08-16 06:26:00,16.0,35.06458
1995-08-16 06:27:00,12.0,35.656765
1995-08-16 06:28:00,10.0,35.9594
1995-08-16 06:29:00,30.0,35.252586
1995-08-16 06:30:00,17.0,34.002705
1995-08-16 06:31:00,29.0,33.627235
1995-08-16 06:32:00,25.0,33.51309
1995-08-16 06:33:00,27.999999999999996,34.111893
1995-08-16 06:34:00,16.0,35.07981
1995-08-16 06:35:00,20.0,35.700523
1995-08-16 06:36:00,15.0,35.062183
1995-08-16 06:37:00,3.0,35.118435
1995-08-16 06:38:00,16.0,34.716705
1995-08-16 06:39:00,19.0,33.35747
1995-08-16 06:40:00,12.0,31.366966
1995-08-16 06:41:00,8.0,30.006012
1995-08-16 06:42:00,15.0,28.428434
1995-08-16 06:43:00,13.999999999999998,27.734035
1995-08-16 06:44:00,18.0,27.700893
1995-08-16 06:45:00,38.0,27.170673
1995-08-16 06:46:00,38.0,27.553234
1995-08-16 06:47:00,10.0,29.584896
1995-08-16 06:48:00,11.0,32.028557
1995-08-16 06:49:00,21.0,34.0858
1995-08-16 06:50:00,33.0,34.68884
1995-08-16 06:51:00,25.0,34.856667
1995-08-16 06:52:00,22.0,35.65533
1995-08-16 06:53:00,25.0,36.91063
1995-08-16 06:54:00,11.0,37.87198
1995-08-16 06:55:00,24.0,38.727043
1995-08-16 06:56:00,18.0,38.339386
1995-08-16 06:57:00,26.000000000000004,39.02161
1995-08-16 06:58:00,17.0,39.229836
1995-08-16 06:59:00,25.0,39.691402
1995-08-16 07:00:00,32.0,40.018158
1995-08-16 07:01:00,36.0,40.87776
1995-08-16 07:02:00,27.0,41.54907
1995-08-16 07:03:00,13.999999999999998,42.879063
1995-08-16 07:04:00,17.0,44.081306
1995-08-16 07:05:00,13.000000000000002,45.15518
1995-08-16 07:06:00,5.0,45.973553
1995-08-16 07:07:00,35.0,45.785725
1995-08-16 07:08:00,5.0,45.535164
1995-08-16 07:09:00,10.0,46.264156
1995-08-16 07:10:00,1.0,46.055744
1995-08-16 07:11:00,9.0,45.49711
1995-08-16 07:12:00,16.0,44.83116
1995-08-16 07:13:00,45.0,44.531227
1995-08-16 07:14:00,29.0,43.880367
1995-08-16 07:15:00,38.0,44.586422
1995-08-16 07:16:00,22.0,45.199764
1995-08-16 07:17:00,10.0,45.869686
1995-08-16 07:18:00,8.0,46.060314
1995-08-16 07:19:00,27.0,44.65508
1995-08-16 07:20:00,13.999999999999998,42.254185
1995-08-16 07:21:00,11.0,41.410465
1995-08-16 07:22:00,11.0,41.560036
1995-08-16 07:23:00,32.0,41.46695
1995-08-16 07:24:00,44.0,41.41395
1995-08-16 07:25:00,23.0,42.63805
1995-08-16 07:26:00,30.0,44.125687
1995-08-16 07:27:00,22.0,45.20764
1995-08-16 07:28:00,33.0,46.14446
1995-08-16 07:29:00,22.0,46.659
1995-08-16 07:30:00,22.0,48.087112
1995-08-16 07:31:00,52.00000000000001,49.032944
1995-08-16 07:32:00,42.0,49.81308
1995-08-16 07:33:00,34.0,51.491684
1995-08-16 07:34:00,24.0,52.988422
1995-08-16 07:35:00,45.0,54.154125
1995-08-16 07:36:00,81.0,55.809593
1995-08-16 07:37:00,18.0,57.601044
1995-08-16 07:38:00,38.0,60.447952
1995-08-16 07:39:00,27.0,61.164803
1995-08-16 07:40:00,69.0,62.094685
1995-08-16 07:41:00,23.0,62.018444
1995-08-16 07:42:00,32.0,63.74085
1995-08-16 07:43:00,27.999999999999996,63.606174
1995-08-16 07:44:00,43.0,63.44404
1995-08-16 07:45:00,50.0,62.303886
1995-08-16 07:46:00,29.0,61.254574
1995-08-16 07:47:00,19.0,61.092854
1995-08-16 07:48:00,21.0,60.569828
1995-08-16 07:49:00,31.000000000000004,59.1917
1995-08-16 07:50:00,39.0,57.741558
1995-08-16 07:51:00,46.0,57.223213
1995-08-16 07:52:00,39.0,56.617725
1995-08-16 07:53:00,24.0,56.515594
1995-08-16 07:54:00,44.0,56.08793
1995-08-16 07:55:00,24.0,55.23652
1995-08-16 07:56:00,18.0,55.102654
1995-08-16 07:57:00,26.000000000000004,54.675396
1995-08-16 07:58:00,27.0,52.6296
1995-08-16 07:59:00,36.0,51.206722
1995-08-16 08:00:00,31.000000000000004,49.856354
1995-08-16 08:01:00,40.0,49.197456
1995-08-16 08:02:00,30.0,48.129543
1995-08-16 08:03:00,31.000000000000004,48.84646
1995-08-16 08:04:00,49.0,50.001675
1995-08-16 08:05:00,59.0,50.990597
1995-08-16 08:06:00,50.0,52.431694
1995-08-16 08:07:00,40.0,54.70718
1995-08-16 08:08:00,37.0,56.20294
1995-08-16 08:09:00,33.0,57.696743
1995-08-16 08:10:00,40.0,57.786976
1995-08-16 08:11:00,41.0,57.492508
1995-08-16 08:12:00,60.99999999999999,57.60584
1995-08-16 08:13:00,73.0,57.40547
1995-08-16 08:14:00,30.0,58.226818
1995-08-16 08:15:00,21.0,59.695053
1995-08-16 08:16:00,41.0,60.098236
1995-08-16 08:17:00,37.0,59.103584
1995-08-16 08:18:00,38.0,58.912186
1995-08-16 08:19:00,44.0,58.556374
1995-08-16 08:20:00,31.000000000000004,58.312477
1995-08-16 08:21:00,50.0,58.776115
1995-08-16 08:22:00,46.0,58.82178
1995-08-16 08:23:00,19.0,59.31794
1995-08-16 08:24:00,53.0,60.400585
1995-08-16 08:25:00,38.0,60.629593
1995-08-16 08:26:00,38.0,62.59358
1995-08-16 08:27:00,41.0,63.369232
1995-08-16 08:28:00,50.99999999999999,63.354702
1995-08-16 08:29:00,12.0,64.239006
1995-08-16 08:30:00,26.000000000000004,65.011856
1995-08-16 08:31:00,39.0,63.485775
1995-08-16 08:32:00,44.0,62.028522
1995-08-16 08:33:00,26.000000000000004,61.633003
1995-08-16 08:34:00,36.0,61.6233
1995-08-16 08:35:00,22.0,60.734528
1995-08-16 08:36:00,23.0,60.38246
1995-08-16 08:37:00,35.0,60.407578
1995-08-16 08:38:00,29.0,60.2772
1995-08-16 08:39:00,29.0,60.46169
1995-08-16 08:40:00,41.0,60.770992
1995-08-16 08:41:00,55.0,59.743546
1995-08-16 08:42:00,30.0,59.15595
1995-08-16 08:43:00,31.000000000000004,60.108498
1995-08-16 08:44:00,42.0,59.73736
1995-08-16 08:45:00,24.0,59.895702
1995-08-16 08:46:00,26.000000000000004,60.710793
1995-08-16 08:47:00,36.0,60.923965
1995-08-16 08:48:00,19.0,60.330235
1995-08-16 08:49:00,48.0,59.690033
1995-08-16 08:50:00,64.0,58.77952
1995-08-16 08:51:00,38.0,59.004055
1995-08-16 08:52:00,55.99999999999999,60.41686
1995-08-16 08:53:00,80.0,61.029724
1995-08-16 08:54:00,18.0,62.43777
1995-08-16 08:55:00,50.0,65.069534
1995-08-16 08:56:00,68.0,64.689995
1995-08-16 08:57:00,35.0,64.46704
1995-08-16 08:58:00,27.0,65.564804
1995-08-16 08:59:00,42.0,66.22672
1995-08-16 09:00:00,42.0,66.406075
1995-08-16 09:01:00,58.0,66.93515
1995-08-16 09:02:00,39.0,67.22717
1995-08-16 09:03:00,55.0,68.57598
1995-08-16 09:04:00,36.0,69.584305
1995-08-16 09:05:00,20.0,70.626976
1995-08-16 09:06:00,23.0,70.494835
1995-08-16 09:07:00,86.0,69.21513
1995-08-16 09:08:00,36.0,67.166145
1995-08-16 09:09:00,55.0,67.46734
1995-08-16 09:10:00,69.0,67.26407
1995-08-16 09:11:00,45.0,67.560555
1995-08-16 09:12:00,53.0,69.17952
1995-08-16 09:13:00,45.0,70.5607
1995-08-16 09:14:00,20.0,71.66528
1995-08-16 09:15:00,39.0,72.05972
1995-08-16 09:16:00,35.0,71.88442
1995-08-16 09:17:00,33.0,71.76917
1995-08-16 09:18:00,39.0,70.89011
1995-08-16 09:19:00,25.0,70.051735
1995-08-16 09:20:00,37.0,69.07845
1995-08-16 09:21:00,60.99999999999999,67.211655
1995-08-16 09:22:00,57.00000000000001,66.046326
1995-08-16 09:23:00,42.0,66.03702
1995-08-16 09:24:00,45.0,66.39551
1995-08-16 09:25:00,64.0,67.310936
1995-08-16 09:26:00,33.0,68.17169
1995-08-16 09:27:00,79.0,69.70762
1995-08-16 09:28:00,38.0,69.40036
1995-08-16 09:29:00,36.0,70.32261
1995-08-16 09:30:00,31.000000000000004,70.50944
1995-08-16 09:31:00,29.0,69.87543
1995-08-16 09:32:00,23.0,69.14824
1995-08-16 09:33:00,60.99999999999999,68.789696
1995-08-16 09:34:00,47.0,67.86001
1995-08-16 09:35:00,67.0,67.844894
1995-08-16 09:36:00,76.0,67.98464
1995-08-16 09:37:00,50.0,68.87078
1995-08-16 09:38:00,65.0,70.56494
1995-08-16 09:39:00,71.0,71.464485
1995-08-16 09:40:00,49.0,73.11265
1995-08-16 09:41:00,30.0,74.91184
1995-08-16 09:42:00,54.0,75.77563
1995-08-16 09:43:00,58.0,75.438034
1995-08-16 09:44:00,69.0,75.559715
1995-08-16 09:45:00,75.0,76.0572
1995-08-16 09:46:00,73.0,76.74704
1995-08-16 09:47:00,65.0,78.44089
1995-08-16 09:48:00,45.0,80.73605
1995-08-16 09:49:00,63.0,83.105774
1995-08-16 09:50:00,68.0,84.1596
1995-08-16 09:51:00,44.0,84.650536
1995-08-16 09:52:00,15.0,84.553215
1995-08-16 09:53:00,45.0,84.27661
1995-08-16 09:54:00,59.0,81.860954
1995-08-16 09:55:00,65.0,80.09892
1995-08-16 09:56:00,53.0,79.0946
1995-08-16 09:57:00,34.0,78.9381
1995-08-16 09:58:00,38.0,79.274475
1995-08-16 09:59:00,43.0,79.15593
1995-08-16 10:00:00,20.0,78.00602
1995-08-16 10:01:00,60.99999999999999,77.95544
1995-08-16 10:02:00,86.0,76.18482
1995-08-16 10:03:00,64.0,75.730125
1995-08-16 10:04:00,54.0,77.27669
1995-08-16 10:05:00,57.00000000000001,78.578804
1995-08-16 10:06:00,55.0,79.73914
1995-08-16 10:07:00,46.0,80.73779
1995-08-16 10:08:00,60.0,81.61756
1995-08-16 10:09:00,62.00000000000001,81.445496
1995-08-16 10:10:00,50.99999999999999,81.40585
1995-08-16 10:11:00,62.00000000000001,82.937706
1995-08-16 10:12:00,77.0,83.251465
1995-08-16 10:13:00,36.0,84.02787
1995-08-16 10:14:00,74.0,85.48856
1995-08-16 10:15:00,77.0,84.56703
1995-08-16 10:16:00,89.0,85.23345
1995-08-16 10:17:00,76.0,86.16201
1995-08-16 10:18:00,27.999999999999996,88.74411
1995-08-16 10:19:00,53.0,90.30976
1995-08-16 10:20:00,39.0,89.24201
1995-08-16 10:21:00,44.0,88.13707
1995-08-16 10:22:00,41.0,86.22809
1995-08-16 10:23:00,88.0,85.145836
1995-08-16 10:24:00,59.0,84.083176
1995-08-16 10:25:00,54.0,85.636116
1995-08-16 10:26:00,73.0,86.33621
1995-08-16 10:27:00,70.0,86.73038
1995-08-16 10:28:00,50.99999999999999,87.270065
1995-08-16 10:29:00,50.0,89.630844
1995-08-16 10:30:00,43.0,89.6783
1995-08-16 10:31:00,75.0,88.882324
1995-08-16 10:32:00,80.0,87.08292
1995-08-16 10:33:00,49.0,86.769646
1995-08-16 10:34:00,50.99999999999999,87.508026
1995-08-16 10:35:00,31.000000000000004,88.135254
1995-08-16 10:36:00,46.0,87.47504
1995-08-16 10:37:00,68.0,85.79369
1995-08-16 10:38:00,82.0,83.7499
1995-08-16 10:39:00,46.0,83.33441
1995-08-16 10:40:00,34.0,84.36729
1995-08-16 10:41:00,35.0,84.0481
1995-08-16 10:42:00,31.000000000000004,82.98328
1995-08-16 10:43:00,47.0,81.13426
1995-08-16 10:44:00,34.0,79.17916
1995-08-16 10:45:00,62.00000000000001,77.4399
1995-08-16 10:46:00,52.00000000000001,77.19964
1995-08-16 10:47:00,67.0,77.92456
1995-08-16 10:48:00,64.0,78.656746
1995-08-16 10:49:00,43.0,79.54769
1995-08-16 10:50:00,78.0,80.6292
1995-08-16 10:51:00,59.0,81.056244
1995-08-16 10:52:00,50.99999999999999,82.913704
1995-08-16 10:53:00,43.0,84.27445
1995-08-16 10:54:00,76.0,85.27641
1995-08-16 10:55:00,54.0,84.92786
1995-08-16 10:56:00,71.0,85.430244
1995-08-16 10:57:00,50.99999999999999,86.30964
1995-08-16 10:58:00,63.0,87.83096
1995-08-16 10:59:00,80.0,88.38546
1995-08-16 11:00:00,37.0,88.86816
1995-08-16 11:01:00,47.0,90.81983
1995-08-16 11:02:00,33.0,91.55752
1995-08-16 11:03:00,42.0,91.378746
1995-08-16 11:04:00,38.0,90.91842
1995-08-16 11:05:00,36.0,90.565765
1995-08-16 11:06:00,63.0,89.17418
1995-08-16 11:07:00,82.0,86.27411
1995-08-16 11:08:00,72.0,84.98704
1995-08-16 11:09:00,83.0,85.09116
1995-08-16 11:10:00,52.00000000000001,85.495255
1995-08-16 11:11:00,64.0,87.39886
1995-08-16 11:12:00,68.0,88.151764
1995-08-16 11:13:00,34.0,88.977875
1995-08-16 11:14:00,33.0,89.95513
1995-08-16 11:15:00,48.0,89.13094
1995-08-16 11:16:00,48.0,87.61159
1995-08-16 11:17:00,58.0,86.65639
1995-08-16 11:18:00,35.0,86.49163
1995-08-16 11:19:00,64.0,86.48603
1995-08-16 11:20:00,94.0,85.576
1995-08-16 11:21:00,67.0,84.80407
1995-08-16 11:22:00,67.0,86.08021
1995-08-16 11:23:00,52.00000000000001,86.816635
1995-08-16 11:24:00,36.0,87.90868
1995-08-16 11:25:00,43.0,87.380585
1995-08-16 11:26:00,39.0,85.8227
1995-08-16 11:27:00,60.99999999999999,84.20471
1995-08-16 11:28:00,62.00000000000001,82.213844
1995-08-16 11:29:00,34.0,81.54794
1995-08-16 11:30:00,78.0,81.07583
1995-08-16 11:31:00,43.0,79.80197
1995-08-16 11:32:00,88.0,80.60221
1995-08-16 11:33:00,64.0,80.52051
1995-08-16 11:34:00,65.0,82.037605
1995-08-16 11:35:00,57.00000000000001,84.88277
1995-08-16 11:36:00,54.0,87.069084
1995-08-16 11:37:00,106.0,89.02161
1995-08-16 11:38:00,73.0,89.89495
1995-08-16 11:39:00,55.99999999999999,92.63036
1995-08-16 11:40:00,38.0,94.4467
1995-08-16 11:41:00,53.0,94.83638
1995-08-16 11:42:00,73.0,93.86689
1995-08-16 11:43:00,79.0,93.39843
1995-08-16 11:44:00,42.0,93.60599
1995-08-16 11:45:00,49.0,94.41321
1995-08-16 11:46:00,111.0,93.760056
1995-08-16 11:47:00,62.00000000000001,93.00931
1995-08-16 11:48:00,80.0,94.73918
1995-08-16 11:49:00,105.0,95.09352
1995-08-16 11:50:00,68.0,96.80474
1995-08-16 11:51:00,74.0,99.866776
1995-08-16 11:52:00,90.0,100.76074
1995-08-16 11:53:00,79.0,101.942184
1995-08-16 11:54:00,50.0,103.642265
1995-08-16 11:55:00,53.0,104.28317
1995-08-16 11:56:00,73.0,103.61263
1995-08-16 11:57:00,32.0,102.31409
1995-08-16 11:58:00,23.0,101.36329
1995-08-16 11:59:00,29.0,98.652115
1995-08-16 12:00:00,69.0,95.35222
1995-08-16 12:01:00,71.0,92.301445
1995-08-16 12:02:00,74.0,91.30273
1995-08-16 12:03:00,52.00000000000001,91.39285
1995-08-16 12:04:00,47.0,92.01917
1995-08-16 12:05:00,60.0,91.165535
1995-08-16 12:06:00,81.0,90.236465
1995-08-16 12:07:00,53.0,89.88622
1995-08-16 12:08:00,70.0,90.30954
1995-08-16 12:09:00,69.0,91.013824
1995-08-16 12:10:00,50.99999999999999,91.66982
1995-08-16 12:11:00,37.0,91.807014
1995-08-16 12:12:00,69.0,91.98783
1995-08-16 12:13:00,99.0,90.92332
1995-08-16 12:14:00,77.0,90.23236
1995-08-16 12:15:00,53.0,90.7698
1995-08-16 12:16:00,54.0,91.35467
1995-08-16 12:17:00,63.0,92.30555
1995-08-16 12:18:00,67.0,92.29896
1995-08-16 12:19:00,79.0,92.18172
1995-08-16 12:20:00,41.0,92.36056
1995-08-16 12:21:00,50.0,93.41151
1995-08-16 12:22:00,41.0,92.47286
1995-08-16 12:23:00,29.0,91.47959
1995-08-16 12:24:00,67.0,90.44289
1995-08-16 12:25:00,45.0,88.173225
1995-08-16 12:26:00,60.0,87.50329
1995-08-16 12:27:00,44.0,86.53865
1995-08-16 12:28:00,66.0,85.69532
1995-08-16 12:29:00,84.0,84.47824
1995-08-16 12:30:00,59.0,84.57248
1995-08-16 12:31:00,73.0,86.40665
1995-08-16 12:32:00,62.00000000000001,87.86576
1995-08-16 12:33:00,45.0,90.0572
1995-08-16 12:34:00,68.0,90.89038
1995-08-16 12:35:00,50.0,91.48134
1995-08-16 12:36:00,71.0,93.49905
1995-08-16 12:37:00,65.0,93.57986
1995-08-16 12:38:00,47.0,94.43824
1995-08-16 12:39:00,88.0,94.665375
1995-08-16 12:40:00,57.00000000000001,94.12346
1995-08-16 12:41:00,67.0,94.49783
1995-08-16 12:42:00,82.0,93.83798
1995-08-16 12:43:00,84.0,93.212
1995-08-16 12:44:00,83.0,94.25539
1995-08-16 12:45:00,69.0,95.64016
1995-08-16 12:46:00,48.0,97.44201
1995-08-16 12:47:00,63.0,97.945724
1995-08-16 12:48:00,65.0,97.525604
1995-08-16 12:49:00,39.0,96.69482
1995-08-16 12:50:00,37.0,95.88045
1995-08-16 12:51:00,47.0,93.427505
1995-08-16 12:52:00,43.0,90.735085
1995-08-16 12:53:00,53.0,88.55528
1995-08-16 12:54:00,66.0,86.65414
1995-08-16 12:55:00,48.0,85.22204
1995-08-16 12:56:00,46.0,84.67468
1995-08-16 12:57:00,55.99999999999999,84.45719
1995-08-16 12:58:00,47.0,83.73366
1995-08-16 12:59:00,48.0,83.89122
1995-08-16 13:00:00,66.0,84.346794
1995-08-16 13:01:00,45.0,84.976265
1995-08-16 13:02:00,45.0,85.6955
1995-08-16 13:03:00,75.0,85.26685
1995-08-16 13:04:00,48.0,83.74195
1995-08-16 13:05:00,52.00000000000001,84.7791
1995-08-16 13:06:00,58.0,85.6285
1995-08-16 13:07:00,71.0,86.156235
1995-08-16 13:08:00,38.0,86.16232
1995-08-16 13:09:00,45.0,86.9841
1995-08-16 13:10:00,79.0,87.118774
1995-08-16 13:11:00,39.0,86.94669
1995-08-16 13:12:00,48.0,87.38528
1995-08-16 13:13:00,69.0,86.9541
1995-08-16 13:14:00,65.0,86.489944
1995-08-16 13:15:00,46.0,87.001
1995-08-16 13:16:00,85.0,87.36761
1995-08-16 13:17:00,64.0,86.65851
1995-08-16 13:18:00,75.0,86.99329
1995-08-16 13:19:00,79.0,87.262505
1995-08-16 13:20:00,89.0,88.18972
1995-08-16 13:21:00,66.0,90.19309
1995-08-16 13:22:00,76.0,93.093704
1995-08-16 13:23:00,55.99999999999999,94.96258
1995-08-16 13:24:00,58.0,96.8579
1995-08-16 13:25:00,66.0,97.13823
1995-08-16 13:26:00,64.0,95.99904
1995-08-16 13:27:00,115.0,96.64241
1995-08-16 13:28:00,62.00000000000001,97.530464
1995-08-16 13:29:00,69.0,100.31877
1995-08-16 13:30:00,64.0,101.57599
1995-08-16 13:31:00,59.0,102.06039
1995-08-16 13:32:00,66.0,102.19842
1995-08-16 13:33:00,48.0,101.64571
1995-08-16 13:34:00,55.99999999999999,101.10682
1995-08-16 13:35:00,53.0,99.898155
1995-08-16 13:36:00,59.0,99.86074
1995-08-16 13:37:00,85.0,99.17942
1995-08-16 13:38:00,88.0,98.25226
1995-08-16 13:39:00,101.99999999999999,99.34493
1995-08-16 13:40:00,98.0,101.35146
1995-08-16 13:41:00,46.0,104.40168
1995-08-16 13:42:00,72.0,106.720566
1995-08-16 13:43:00,90.0,108.29928
1995-08-16 13:44:00,89.0,108.87085
1995-08-16 13:45:00,92.0,110.24389
1995-08-16 13:46:00,77.0,110.75969
1995-08-16 13:47:00,52.00000000000001,111.158455
1995-08-16 13:48:00,90.0,111.22585
1995-08-16 13:49:00,60.0,109.098145
1995-08-16 13:50:00,53.0,108.27981
1995-08-16 13:51:00,55.0,107.06949
1995-08-16 13:52:00,59.0,104.634995
1995-08-16 13:53:00,42.0,101.98264
1995-08-16 13:54:00,50.99999999999999,100.631195
1995-08-16 13:55:00,65.0,98.5978
1995-08-16 13:56:00,60.99999999999999,96.277664
1995-08-16 13:57:00,60.0,95.1542
1995-08-16 13:58:00,77.0,94.45055
1995-08-16 13:59:00,77.0,93.570076
1995-08-16 14:00:00,39.0,93.80077
1995-08-16 14:01:00,69.0,95.28522
1995-08-16 14:02:00,55.99999999999999,95.27859
1995-08-16 14:03:00,70.0,95.58155
1995-08-16 14:04:00,83.0,95.71277
1995-08-16 14:05:00,67.0,96.12398
1995-08-16 14:06:00,101.0,98.39335
1995-08-16 14:07:00,90.0,98.828514
1995-08-16 14:08:00,89.0,100.44515
1995-08-16 14:09:00,63.0,101.895454
1995-08-16 14:10:00,87.0,102.706985
1995-08-16 14:11:00,94.0,102.28646
1995-08-16 14:12:00,99.0,103.59069
1995-08-16 14:13:00,93.0,105.45942
1995-08-16 14:14:00,96.0,106.83182
1995-08-16 14:15:00,68.0,108.21404
1995-08-16 14:16:00,71.0,110.334076
1995-08-16 14:17:00,77.0,110.31454
1995-08-16 14:18:00,101.99999999999999,109.97776
1995-08-16 14:19:00,60.0,110.39956
1995-08-16 14:20:00,60.0,111.796715
1995-08-16 14:21:00,74.0,111.21084
1995-08-16 14:22:00,74.0,109.57138
1995-08-16 14:23:00,60.0,108.18488
1995-08-16 14:24:00,48.0,106.85913
1995-08-16 14:25:00,84.0,105.455154
1995-08-16 14:26:00,39.0,103.25279
1995-08-16 14:27:00,97.0,102.637184
1995-08-16 14:28:00,57.00000000000001,99.37752
1995-08-16 14:29:00,89.0,98.83971
1995-08-16 14:30:00,41.0,98.11209
1995-08-16 14:31:00,84.0,98.057014
1995-08-16 14:32:00,52.00000000000001,96.24515
1995-08-16 14:33:00,93.0,95.75623
1995-08-16 14:34:00,43.0,94.88894
1995-08-16 14:35:00,85.0,95.7488
1995-08-16 14:36:00,80.0,94.097626
1995-08-16 14:37:00,91.0,93.656555
1995-08-16 14:38:00,83.0,93.957146
1995-08-16 14:39:00,55.0,96.37082
1995-08-16 14:40:00,62.00000000000001,98.66206
1995-08-16 14:41:00,85.0,99.7528
1995-08-16 14:42:00,72.0,100.686485
1995-08-16 14:43:00,52.00000000000001,102.36967
1995-08-16 14:44:00,57.00000000000001,103.85703
1995-08-16 14:45:00,50.99999999999999,103.26893
1995-08-16 14:46:00,54.0,102.658585
1995-08-16 14:47:00,59.0,100.31507
1995-08-16 14:48:00,85.0,98.51542
1995-08-16 14:49:00,64.0,97.28569
1995-08-16 14:50:00,35.0,97.467125
1995-08-16 14:51:00,101.99999999999999,96.79954
1995-08-16 14:52:00,63.0,95.20278
1995-08-16 14:53:00,48.0,96.16947
1995-08-16 14:54:00,44.0,97.88857
1995-08-16 14:55:00,40.0,97.1667
1995-08-16 14:56:00,47.0,96.01217
1995-08-16 14:57:00,59.0,93.81326
1995-08-16 14:58:00,59.0,91.50936
1995-08-16 14:59:00,73.0,89.640884
1995-08-16 15:00:00,29.0,88.57847
1995-08-16 15:01:00,70.0,88.38963
1995-08-16 15:02:00,32.0,86.404434
1995-08-16 15:03:00,73.0,86.22522
1995-08-16 15:04:00,69.0,84.69586
1995-08-16 15:05:00,52.00000000000001,85.01304
1995-08-16 15:06:00,49.0,85.16434
1995-08-16 15:07:00,55.0,85.51084
1995-08-16 15:08:00,65.0,84.47749
1995-08-16 15:09:00,64.0,83.688644
1995-08-16 15:10:00,59.0,83.70853
1995-08-16 15:11:00,55.99999999999999,83.964714
1995-08-16 15:12:00,35.0,84.76685
1995-08-16 15:13:00,53.0,84.672325
1995-08-16 15:14:00,52.00000000000001,82.916626
1995-08-16 15:15:00,34.0,81.78003
1995-08-16 15:16:00,59.0,80.982124
1995-08-16 15:17:00,78.0,80.14041
1995-08-16 15:18:00,57.00000000000001,79.76877
1995-08-16 15:19:00,80.0,80.09967
1995-08-16 15:20:00,97.0,80.27844
1995-08-16 15:21:00,82.0,81.839005
1995-08-16 15:22:00,98.0,84.63115
1995-08-16 15:23:00,100.0,87.484314
1995-08-16 15:24:00,96.0,90.46188
1995-08-16 15:25:00,95.0,93.44344
1995-08-16 15:26:00,62.00000000000001,97.464226
1995-08-16 15:27:00,85.0,100.061554
1995-08-16 15:28:00,88.0,101.24964
1995-08-16 15:29:00,75.0,102.85559
1995-08-16 15:30:00,78.0,106.061104
1995-08-16 15:31:00,99.0,108.316444
1995-08-16 15:32:00,93.0,109.10574
1995-08-16 15:33:00,59.0,111.13361
1995-08-16 15:34:00,67.0,112.51049
1995-08-16 15:35:00,86.0,111.795746
1995-08-16 15:36:00,75.0,110.41403
1995-08-16 15:37:00,104.00000000000001,109.688194
1995-08-16 15:38:00,99.0,108.935486
1995-08-16 15:39:00,63.0,108.6175
1995-08-16 15:40:00,54.0,108.83712
1995-08-16 15:41:00,50.0,108.27095
1995-08-16 15:42:00,64.0,107.086815
1995-08-16 15:43:00,55.99999999999999,105.79857
1995-08-16 15:44:00,48.0,104.1272
1995-08-16 15:45:00,45.0,102.733574
1995-08-16 15:46:00,58.0,100.22012
1995-08-16 15:47:00,80.0,98.10201
1995-08-16 15:48:00,55.0,96.30976
1995-08-16 15:49:00,40.0,96.38073
1995-08-16 15:50:00,50.99999999999999,96.17628
1995-08-16 15:51:00,60.99999999999999,94.413445
1995-08-16 15:52:00,65.0,93.24234
1995-08-16 15:53:00,78.0,92.03915
1995-08-16 15:54:00,53.0,91.811165
1995-08-16 15:55:00,37.0,91.980995
1995-08-16 15:56:00,34.0,91.446625
1995-08-16 15:57:00,52.00000000000001,89.17625
1995-08-16 15:58:00,67.0,86.55053
1995-08-16 15:59:00,82.0,84.81467
1995-08-16 16:00:00,35.0,83.766685
1995-08-16 16:01:00,73.0,84.717926
1995-08-16 16:02:00,68.0,83.76915
1995-08-16 16:03:00,81.0,83.723526
1995-08-16 16:04:00,74.0,84.26721
1995-08-16 16:05:00,31.000000000000004,84.65919
1995-08-16 16:06:00,48.0,86.008354
1995-08-16 16:07:00,30.0,85.165695
1995-08-16 16:08:00,68.0,84.42059
1995-08-16 16:09:00,53.0,82.80571
1995-08-16 16:10:00,63.0,82.932396
1995-08-16 16:11:00,50.99999999999999,83.261566
1995-08-16 16:12:00,35.0,83.63843
1995-08-16 16:13:00,80.0,83.48398
1995-08-16 16:14:00,94.0,82.057304
1995-08-16 16:15:00,95.0,81.78711
1995-08-16 16:16:00,98.0,83.07391
1995-08-16 16:17:00,53.0,85.24202
1995-08-16 16:18:00,49.0,88.46659
1995-08-16 16:19:00,50.99999999999999,89.45656
1995-08-16 16:20:00,57.00000000000001,88.87806
1995-08-16 16:21:00,94.0,88.145355
1995-08-16 16:22:00,69.0,87.73747
1995-08-16 16:23:00,91.0,88.09495
1995-08-16 16:24:00,86.0,87.745735
1995-08-16 16:25:00,65.0,88.36385
1995-08-16 16:26:00,86.0,88.7558
1995-08-16 16:27:00,85.0,89.624016
1995-08-16 16:28:00,58.0,90.726555
1995-08-16 16:29:00,103.0,92.022026
1995-08-16 16:30:00,69.0,92.30578
1995-08-16 16:31:00,55.0,94.53473
1995-08-16 16:32:00,62.00000000000001,95.70227
1995-08-16 16:33:00,96.0,96.46761
1995-08-16 16:34:00,42.0,97.08468
1995-08-16 16:35:00,6.0,98.36188
1995-08-16 16:36:00,11.0,97.711525
1995-08-16 16:37:00,0.0,93.94089
1995-08-16 16:38:00,3.0,89.35928
1995-08-16 16:39:00,0.0,82.40047
1995-08-16 16:40:00,0.0,75.15577
1995-08-16 16:41:00,29.0,67.23054
1995-08-16 16:42:00,85.0,59.416763
1995-08-16 16:43:00,110.0,55.679928
1995-08-16 16:44:00,77.0,56.3454
1995-08-16 16:45:00,82.0,60.28201
1995-08-16 16:46:00,57.00000000000001,64.74577
1995-08-16 16:47:00,46.0,68.92314
1995-08-16 16:48:00,65.0,72.10094
1995-08-16 16:49:00,45.0,73.63388
1995-08-16 16:50:00,55.0,75.85266
1995-08-16 16:51:00,48.0,77.319954
1995-08-16 16:52:00,33.0,78.892136
1995-08-16 16:53:00,32.0,79.80443
1995-08-16 16:54:00,76.0,80.16463
1995-08-16 16:55:00,57.00000000000001,78.60647
1995-08-16 16:56:00,52.00000000000001,78.87004
1995-08-16 16:57:00,44.0,79.66742
1995-08-16 16:58:00,55.0,79.89265
1995-08-16 16:59:00,59.0,79.75615
1995-08-16 17:00:00,62.00000000000001,80.02991
1995-08-16 17:01:00,58.0,80.816376
1995-08-16 17:02:00,86.0,81.37445
1995-08-16 17:03:00,64.0,81.59286
1995-08-16 17:04:00,50.99999999999999,82.850876
1995-08-16 17:05:00,34.0,83.4722
1995-08-16 17:06:00,55.0,83.529816
1995-08-16 17:07:00,82.0,82.07863
1995-08-16 17:08:00,65.0,80.95152
1995-08-16 17:09:00,55.0,81.33848
1995-08-16 17:10:00,82.0,81.19796
1995-08-16 17:11:00,72.0,81.62948
1995-08-16 17:12:00,68.0,82.92239
1995-08-16 17:13:00,50.0,84.30336
1995-08-16 17:14:00,65.0,86.05986
1995-08-16 17:15:00,76.0,87.383125
1995-08-16 17:16:00,90.0,88.15347
1995-08-16 17:17:00,48.0,88.812836
1995-08-16 17:18:00,26.000000000000004,90.086044
1995-08-16 17:19:00,33.0,90.151596
1995-08-16 17:20:00,43.0,87.84918
1995-08-16 17:21:00,43.0,85.88793
1995-08-16 17:22:00,54.0,83.7459
1995-08-16 17:23:00,43.0,81.96188
1995-08-16 17:24:00,38.0,80.31311
1995-08-16 17:25:00,32.0,78.39659
1995-08-16 17:26:00,53.0,76.47234
1995-08-16 17:27:00,42.0,74.737076
1995-08-16 17:28:00,36.0,73.132996
1995-08-16 17:29:00,31.000000000000004,71.89268
1995-08-16 17:30:00,57.00000000000001,70.20423
1995-08-16 17:31:00,57.00000000000001,69.301216
1995-08-16 17:32:00,29.0,68.702126
1995-08-16 17:33:00,45.0,68.44402
1995-08-16 17:34:00,55.0,67.65948
1995-08-16 17:35:00,55.99999999999999,67.5986
1995-08-16 17:36:00,73.0,67.962326
1995-08-16 17:37:00,59.0,68.67683
1995-08-16 17:38:00,62.00000000000001,70.236176
1995-08-16 17:39:00,45.0,71.81261
1995-08-16 17:40:00,63.0,73.23458
1995-08-16 17:41:00,79.0,74.231064
1995-08-16 17:42:00,55.0,76.15692
1995-08-16 17:43:00,49.0,78.3451
1995-08-16 17:44:00,20.0,80.02355
1995-08-16 17:45:00,26.000000000000004,80.898506
1995-08-16 17:46:00,26.000000000000004,80.01671
1995-08-16 17:47:00,37.0,78.28442
1995-08-16 17:48:00,37.0,75.88676
1995-08-16 17:49:00,60.99999999999999,74.011246
1995-08-16 17:50:00,49.0,72.281075
1995-08-16 17:51:00,53.0,71.6866
1995-08-16 17:52:00,32.0,71.7342
1995-08-16 17:53:00,33.0,71.3828
1995-08-16 17:54:00,42.0,70.491745
1995-08-16 17:55:00,44.0,69.69088
1995-08-16 17:56:00,38.0,68.859985
1995-08-16 17:57:00,32.0,68.62747
1995-08-16 17:58:00,30.0,68.67052
1995-08-16 17:59:00,70.0,68.10299
1995-08-16 18:00:00,57.00000000000001,67.258606
1995-08-16 18:01:00,31.000000000000004,68.22086
1995-08-16 18:02:00,23.0,68.85732
1995-08-16 18:03:00,46.0,68.692986
1995-08-16 18:04:00,27.999999999999996,67.697945
1995-08-16 18:05:00,17.0,67.58533
1995-08-16 18:06:00,34.0,68.49907
1995-08-16 18:07:00,36.0,68.28359
1995-08-16 18:08:00,34.0,68.029564
1995-08-16 18:09:00,70.0,67.24272
1995-08-16 18:10:00,35.0,66.73422
1995-08-16 18:11:00,40.0,67.55331
1995-08-16 18:12:00,57.00000000000001,68.141136
1995-08-16 18:13:00,68.0,68.42526
1995-08-16 18:14:00,65.0,69.63517
1995-08-16 18:15:00,30.0,71.05355
1995-08-16 18:16:00,36.0,72.93604
1995-08-16 18:17:00,46.0,72.58702
1995-08-16 18:18:00,38.0,71.83354
1995-08-16 18:19:00,46.0,70.62162
1995-08-16 18:20:00,29.0,69.36922
1995-08-16 18:21:00,26.000000000000004,68.116356
1995-08-16 18:22:00,24.0,66.989
1995-08-16 18:23:00,39.0,66.29957
1995-08-16 18:24:00,16.0,65.1768
1995-08-16 18:25:00,15.0,64.03529
1995-08-16 18:26:00,39.0,62.41621
1995-08-16 18:27:00,27.999999999999996,59.95274
1995-08-16 18:28:00,27.0,59.057796
1995-08-16 18:29:00,49.0,59.015263
1995-08-16 18:30:00,44.0,58.571697
1995-08-16 18:31:00,46.0,59.30849
1995-08-16 18:32:00,62.00000000000001,60.436817
1995-08-16 18:33:00,16.0,61.1226
1995-08-16 18:34:00,44.0,61.970715
1995-08-16 18:35:00,52.00000000000001,60.681953
1995-08-16 18:36:00,58.0,59.841763
1995-08-16 18:37:00,59.0,60.312103
1995-08-16 18:38:00,41.0,62.360653
1995-08-16 18:39:00,29.0,64.329926
1995-08-16 18:40:00,37.0,65.74347
1995-08-16 18:41:00,41.0,65.91237
1995-08-16 18:42:00,39.0,65.202675
1995-08-16 18:43:00,41.0,65.2504
1995-08-16 18:44:00,45.0,64.91684
1995-08-16 18:45:00,27.999999999999996,64.672745
1995-08-16 18:46:00,32.0,64.596954
1995-08-16 18:47:00,54.0,64.43212
1995-08-16 18:48:00,38.0,64.20933
1995-08-16 18:49:00,36.0,64.537094
1995-08-16 18:50:00,47.0,64.59322
1995-08-16 18:51:00,38.0,64.87766
1995-08-16 18:52:00,37.0,65.498726
1995-08-16 18:53:00,55.99999999999999,66.02883
1995-08-16 18:54:00,57.00000000000001,66.46767
1995-08-16 18:55:00,48.0,68.15121
1995-08-16 18:56:00,39.0,70.3783
1995-08-16 18:57:00,22.0,72.2012
1995-08-16 18:58:00,21.0,72.883156
1995-08-16 18:59:00,24.0,72.194695
1995-08-16 19:00:00,22.0,70.155754
1995-08-16 19:01:00,81.0,68.153015
1995-08-16 19:02:00,44.0,66.35661
1995-08-16 19:03:00,62.00000000000001,66.50363
1995-08-16 19:04:00,67.0,66.78754
1995-08-16 19:05:00,31.000000000000004,67.197876
1995-08-16 19:06:00,34.0,69.042404
1995-08-16 19:07:00,49.0,69.15642
1995-08-16 19:08:00,49.0,68.23349
1995-08-16 19:09:00,24.0,67.697075
1995-08-16 19:10:00,25.0,67.304756
1995-08-16 19:11:00,37.0,65.782005
1995-08-16 19:12:00,21.0,63.756348
1995-08-16 19:13:00,27.999999999999996,61.813183
1995-08-16 19:14:00,34.0,59.2477
1995-08-16 19:15:00,18.0,57.389038
1995-08-16 19:16:00,34.0,56.600193
1995-08-16 19:17:00,55.99999999999999,55.71846
1995-08-16 19:18:00,63.0,55.690575
1995-08-16 19:19:00,47.0,56.861732
1995-08-16 19:20:00,32.0,59.195503
1995-08-16 19:21:00,53.0,61.048553
1995-08-16 19:22:00,25.0,62.024323
1995-08-16 19:23:00,25.0,62.48765
1995-08-16 19:24:00,29.0,62.207603
1995-08-16 19:25:00,16.0,61.57564
1995-08-16 19:26:00,31.000000000000004,60.893677
1995-08-16 19:27:00,36.0,59.62079
1995-08-16 19:28:00,38.0,58.510258
1995-08-16 19:29:00,34.0,57.710506
1995-08-16 19:30:00,41.0,57.228428
1995-08-16 19:31:00,30.0,56.91165
1995-08-16 19:32:00,41.0,55.871803
1995-08-16 19:33:00,34.0,55.088646
1995-08-16 19:34:00,11.0,55.560955
1995-08-16 19:35:00,30.0,56.02946
1995-08-16 19:36:00,37.0,55.370106
1995-08-16 19:37:00,39.0,54.981167
1995-08-16 19:38:00,24.0,54.93068
1995-08-16 19:39:00,40.0,54.926777
1995-08-16 19:40:00,37.0,54.277847
1995-08-16 19:41:00,64.0,53.827023
1995-08-16 19:42:00,46.0,54.908543
1995-08-16 19:43:00,41.0,57.454678
1995-08-16 19:44:00,26.000000000000004,59.85578
1995-08-16 19:45:00,36.0,61.290844
1995-08-16 19:46:00,39.0,61.82913
1995-08-16 19:47:00,35.0,61.82258
1995-08-16 19:48:00,37.0,61.412933
1995-08-16 19:49:00,45.0,60.764282
1995-08-16 19:50:00,47.0,60.33347
1995-08-16 19:51:00,41.0,60.008305
1995-08-16 19:52:00,32.0,60.27166
1995-08-16 19:53:00,32.0,61.43923
1995-08-16 19:54:00,54.0,61.66749
1995-08-16 19:55:00,35.0,61.544083
1995-08-16 19:56:00,27.0,62.671616
1995-08-16 19:57:00,40.0,62.785095
1995-08-16 19:58:00,42.0,62.208244
1995-08-16 19:59:00,54.0,62.90231
1995-08-16 20:00:00,48.0,63.8025
1995-08-16 20:01:00,58.0,63.932327
1995-08-16 20:02:00,49.0,63.60903
1995-08-16 20:03:00,80.0,63.317085
1995-08-16 20:04:00,35.0,63.37852
1995-08-16 20:05:00,38.0,65.083565
1995-08-16 20:06:00,24.0,65.39583
1995-08-16 20:07:00,37.0,65.20592
1995-08-16 20:08:00,19.0,63.681343
1995-08-16 20:09:00,55.99999999999999,62.42651
1995-08-16 20:10:00,33.0,59.870117
1995-08-16 20:11:00,43.0,58.64522
1995-08-16 20:12:00,57.00000000000001,57.5526
1995-08-16 20:13:00,45.0,57.363914
1995-08-16 20:14:00,26.000000000000004,58.198536
1995-08-16 20:15:00,39.0,58.756687
1995-08-16 20:16:00,49.0,58.157825
1995-08-16 20:17:00,26.000000000000004,57.51893
1995-08-16 20:18:00,24.0,58.08598
1995-08-16 20:19:00,42.0,57.451843
1995-08-16 20:20:00,30.0,57.239677
1995-08-16 20:21:00,27.999999999999996,57.016792
1995-08-16 20:22:00,32.0,56.672005
1995-08-16 20:23:00,27.0,56.2754
1995-08-16 20:24:00,21.0,55.4663
1995-08-16 20:25:00,27.999999999999996,54.994434
1995-08-16 20:26:00,26.000000000000004,54.25682
1995-08-16 20:27:00,46.0,54.310844
1995-08-16 20:28:00,60.99999999999999,53.86037
1995-08-16 20:29:00,67.0,53.787186
1995-08-16 20:30:00,49.0,54.56335
1995-08-16 20:31:00,25.0,56.08654
1995-08-16 20:32:00,27.0,57.04832
1995-08-16 20:33:00,45.0,56.791298
1995-08-16 20:34:00,38.0,55.680332
1995-08-16 20:35:00,22.0,55.216877
1995-08-16 20:36:00,39.0,54.91599
1995-08-16 20:37:00,38.0,53.574097
1995-08-16 20:38:00,49.0,53.52782
1995-08-16 20:39:00,42.0,53.885376
1995-08-16 20:40:00,16.0,54.693947
1995-08-16 20:41:00,11.0,55.04395
1995-08-16 20:42:00,26.000000000000004,54.91053
1995-08-16 20:43:00,31.000000000000004,54.119545
1995-08-16 20:44:00,44.0,53.766956
1995-08-16 20:45:00,46.0,53.48759
1995-08-16 20:46:00,24.0,53.868366
1995-08-16 20:47:00,24.0,54.52355
1995-08-16 20:48:00,2.0,54.835938
1995-08-16 20:49:00,6.0,54.954758
1995-08-16 20:50:00,22.0,54.842773
1995-08-16 20:51:00,26.000000000000004,53.66414
1995-08-16 20:52:00,15.0,52.850643
1995-08-16 20:53:00,18.0,52.951687
1995-08-16 20:54:00,13.999999999999998,52.411392
1995-08-16 20:55:00,13.000000000000002,51.62198
1995-08-16 20:56:00,23.0,50.075638
1995-08-16 20:57:00,37.0,48.342873
1995-08-16 20:58:00,23.0,47.054447
1995-08-16 20:59:00,30.0,46.824455
1995-08-16 21:00:00,25.0,46.666405
1995-08-16 21:01:00,32.0,47.05511
1995-08-16 21:02:00,32.0,47.884407
1995-08-16 21:03:00,49.0,49.551662
1995-08-16 21:04:00,39.0,51.10935
1995-08-16 21:05:00,54.0,52.644146
1995-08-16 21:06:00,40.0,53.91995
1995-08-16 21:07:00,26.000000000000004,54.970596
1995-08-16 21:08:00,45.0,55.85902
1995-08-16 21:09:00,52.00000000000001,55.985283
1995-08-16 21:10:00,40.0,56.07943
1995-08-16 21:11:00,40.0,56.208885
1995-08-16 21:12:00,58.0,56.243523
1995-08-16 21:13:00,37.0,56.682056
1995-08-16 21:14:00,24.0,57.09572
1995-08-16 21:15:00,44.0,57.226532
1995-08-16 21:16:00,48.0,56.68876
1995-08-16 21:17:00,17.0,57.264477
1995-08-16 21:18:00,40.0,58.670006
1995-08-16 21:19:00,42.0,58.308815
1995-08-16 21:20:00,35.0,58.36909
1995-08-16 21:21:00,30.0,59.081314
1995-08-16 21:22:00,29.0,59.225636
1995-08-16 21:23:00,47.0,58.686344
1995-08-16 21:24:00,31.000000000000004,57.83574
1995-08-16 21:25:00,29.0,57.50605
1995-08-16 21:26:00,50.99999999999999,57.428513
1995-08-16 21:27:00,49.0,56.953293
1995-08-16 21:28:00,36.0,57.597073
1995-08-16 21:29:00,52.00000000000001,58.236526
1995-08-16 21:30:00,27.0,57.9266
1995-08-16 21:31:00,52.00000000000001,58.156956
1995-08-16 21:32:00,48.0,57.341415
1995-08-16 21:33:00,48.0,57.487255
1995-08-16 21:34:00,41.0,57.814087
1995-08-16 21:35:00,38.0,58.808144
1995-08-16 21:36:00,33.0,59.686447
1995-08-16 21:37:00,48.0,59.494247
1995-08-16 21:38:00,32.0,59.25741
1995-08-16 21:39:00,65.0,58.92709
1995-08-16 21:40:00,49.0,58.824085
1995-08-16 21:41:00,26.000000000000004,59.417046
1995-08-16 21:42:00,43.0,59.8064
1995-08-16 21:43:00,58.0,59.12435
1995-08-16 21:44:00,27.999999999999996,59.035835
1995-08-16 21:45:00,36.0,59.692448
1995-08-16 21:46:00,54.0,59.731903
1995-08-16 21:47:00,38.0,59.215374
1995-08-16 21:48:00,48.0,59.146088
1995-08-16 21:49:00,36.0,58.595066
1995-08-16 21:50:00,24.0,58.543163
1995-08-16 21:51:00,45.0,58.335403
1995-08-16 21:52:00,25.0,57.88338
1995-08-16 21:53:00,21.0,58.292732
1995-08-16 21:54:00,20.0,57.336834
1995-08-16 21:55:00,13.000000000000002,55.88374
1995-08-16 21:56:00,49.0,54.136623
1995-08-16 21:57:00,44.0,51.85984
1995-08-16 21:58:00,39.0,51.45427
1995-08-16 21:59:00,52.00000000000001,51.05235
1995-08-16 22:00:00,34.0,51.286602
1995-08-16 22:01:00,22.0,52.272106
1995-08-16 22:02:00,21.0,52.26744
1995-08-16 22:03:00,13.999999999999998,51.250633
1995-08-16 22:04:00,20.0,50.190845
1995-08-16 22:05:00,39.0,49.48377
1995-08-16 22:06:00,31.000000000000004,48.97837
1995-08-16 22:07:00,43.0,48.992046
1995-08-16 22:08:00,50.99999999999999,49.585835
1995-08-16 22:09:00,76.0,51.07294
1995-08-16 22:10:00,60.0,52.140495
1995-08-16 22:11:00,48.0,53.678886
1995-08-16 22:12:00,43.0,56.869354
1995-08-16 22:13:00,55.99999999999999,58.794743
1995-08-16 22:14:00,42.0,60.8901
1995-08-16 22:15:00,36.0,61.737904
1995-08-16 22:16:00,54.0,62.37655
1995-08-16 22:17:00,27.0,62.113087
1995-08-16 22:18:00,35.0,61.49551
1995-08-16 22:19:00,30.0,60.373783
1995-08-16 22:20:00,41.0,59.518578
1995-08-16 22:21:00,50.99999999999999,57.938248
1995-08-16 22:22:00,31.000000000000004,57.742428
1995-08-16 22:23:00,25.0,57.901787
1995-08-16 22:24:00,38.0,57.72145
1995-08-16 22:25:00,45.0,57.41835
1995-08-16 22:26:00,29.0,56.962643
1995-08-16 22:27:00,31.000000000000004,56.633495
1995-08-16 22:28:00,27.0,55.806408
1995-08-16 22:29:00,25.0,54.815334
1995-08-16 22:30:00,30.0,53.99471
1995-08-16 22:31:00,27.0,52.7613
1995-08-16 22:32:00,27.0,52.399
1995-08-16 22:33:00,39.0,51.992573
1995-08-16 22:34:00,27.999999999999996,51.45271
1995-08-16 22:35:00,10.0,51.425888
1995-08-16 22:36:00,35.0,51.662014
1995-08-16 22:37:00,22.0,51.480373
1995-08-16 22:38:00,32.0,51.893864
1995-08-16 22:39:00,22.0,51.157524
1995-08-16 22:40:00,23.0,51.21928
1995-08-16 22:41:00,38.0,50.70453
1995-08-16 22:42:00,20.0,50.40236
1995-08-16 22:43:00,27.999999999999996,49.933895
1995-08-16 22:44:00,23.0,49.35451
1995-08-16 22:45:00,32.0,49.073822
1995-08-16 22:46:00,44.0,48.84775
1995-08-16 22:47:00,21.0,49.456776
1995-08-16 22:48:00,18.0,50.283184
1995-08-16 22:49:00,24.0,50.356285
1995-08-16 22:50:00,16.0,50.241554
1995-08-16 22:51:00,49.0,50.53052
1995-08-16 22:52:00,31.000000000000004,50.45262
1995-08-16 22:53:00,37.0,51.450966
1995-08-16 22:54:00,25.0,52.264153
1995-08-16 22:55:00,25.0,53.6881
1995-08-16 22:56:00,36.0,53.516293
1995-08-16 22:57:00,23.0,53.05807
1995-08-16 22:58:00,6.0,52.751125
1995-08-16 22:59:00,10.0,52.08026
1995-08-16 23:00:00,29.0,50.763508
1995-08-16 23:01:00,16.0,49.594574
1995-08-16 23:02:00,25.0,48.886227
1995-08-16 23:03:00,31.000000000000004,48.163666
1995-08-16 23:04:00,41.0,46.870857
1995-08-16 23:05:00,50.0,46.512604
1995-08-16 23:06:00,22.0,47.730625
1995-08-16 23:07:00,34.0,49.226448
1995-08-16 23:08:00,22.0,49.744675
1995-08-16 23:09:00,30.0,49.844055
1995-08-16 23:10:00,13.999999999999998,50.30115
1995-08-16 23:11:00,11.0,50.038197
1995-08-16 23:12:00,24.0,49.92338
1995-08-16 23:13:00,15.0,49.33589
1995-08-16 23:14:00,20.0,49.09531
1995-08-16 23:15:00,23.0,48.269173
1995-08-16 23:16:00,19.0,47.903996
1995-08-16 23:17:00,24.0,47.01425
1995-08-16 23:18:00,15.0,45.64752
1995-08-16 23:19:00,23.0,44.99162
1995-08-16 23:20:00,8.0,43.81441
1995-08-16 23:21:00,13.000000000000002,42.638733
1995-08-16 23:22:00,30.0,40.804054
1995-08-16 23:23:00,50.99999999999999,39.586594
1995-08-16 23:24:00,29.0,39.453205
1995-08-16 23:25:00,31.000000000000004,40.12471
1995-08-16 23:26:00,29.0,40.806503
1995-08-16 23:27:00,27.999999999999996,41.82525
1995-08-16 23:28:00,24.0,43.36302
1995-08-16 23:29:00,55.0,44.461876
1995-08-16 23:30:00,25.0,44.7451
1995-08-16 23:31:00,27.0,46.123276
1995-08-16 23:32:00,50.99999999999999,46.899475
1995-08-16 23:33:00,48.0,46.856632
1995-08-16 23:34:00,57.00000000000001,47.67189
1995-08-16 23:35:00,44.0,48.26201
1995-08-16 23:36:00,33.0,49.4129
1995-08-16 23:37:00,52.00000000000001,50.55204
1995-08-16 23:38:00,36.0,50.683872
1995-08-16 23:39:00,44.0,50.882053
1995-08-16 23:40:00,30.0,50.85763
1995-08-16 23:41:00,47.0,51.521145
1995-08-16 23:42:00,69.0,51.9506
1995-08-16 23:43:00,53.0,52.74317
1995-08-16 23:44:00,47.0,54.18953
1995-08-16 23:45:00,27.0,55.1488
1995-08-16 23:46:00,49.0,56.295486
1995-08-16 23:47:00,21.0,56.45533
1995-08-16 23:48:00,19.0,56.39886
1995-08-16 23:49:00,22.0,55.99254
1995-08-16 23:50:00,20.0,54.90587
1995-08-16 23:51:00,8.0,53.180515
1995-08-16 23:52:00,27.0,52.759872
1995-08-16 23:53:00,20.0,50.856777
1995-08-16 23:54:00,31.000000000000004,48.732132
1995-08-16 23:55:00,21.0,47.042694
1995-08-16 23:56:00,37.0,46.619713
1995-08-16 23:57:00,57.00000000000001,45.68244
1995-08-16 23:58:00,33.0,45.8128
1995-08-16 23:59:00,23.0,47.096134
1995-08-17 00:00:00,33.0,47.65076
1995-08-17 00:01:00,27.0,46.177517
1995-08-17 00:02:00,20.0,45.2065
1995-08-17 00:03:00,27.999999999999996,44.689117
1995-08-17 00:04:00,31.000000000000004,44.10258
1995-08-17 00:05:00,18.0,44.04155
1995-08-17 00:06:00,20.0,43.733307
1995-08-17 00:07:00,17.0,43.4422
1995-08-17 00:08:00,8.0,41.868088
1995-08-17 00:09:00,17.0,39.996597
1995-08-17 00:10:00,40.0,37.25119
1995-08-17 00:11:00,37.0,36.015633
1995-08-17 00:12:00,32.0,36.502132
1995-08-17 00:13:00,49.0,38.23954
1995-08-17 00:14:00,20.0,39.2217
1995-08-17 00:15:00,25.0,40.800365
1995-08-17 00:16:00,36.0,41.1951
1995-08-17 00:17:00,34.0,41.482357
1995-08-17 00:18:00,6.999999999999999,41.840965
1995-08-17 00:19:00,24.0,42.904217
1995-08-17 00:20:00,20.0,42.849827
1995-08-17 00:21:00,19.0,43.112114
1995-08-17 00:22:00,35.0,43.226402
1995-08-17 00:23:00,36.0,42.88059
1995-08-17 00:24:00,27.999999999999996,42.92158
1995-08-17 00:25:00,24.0,42.91471
1995-08-17 00:26:00,33.0,41.929493
1995-08-17 00:27:00,25.0,41.369244
1995-08-17 00:28:00,26.000000000000004,41.36054
1995-08-17 00:29:00,37.0,41.3087
1995-08-17 00:30:00,47.0,41.6673
1995-08-17 00:31:00,23.0,41.81914
1995-08-17 00:32:00,24.0,43.199688
1995-08-17 00:33:00,22.0,44.02705
1995-08-17 00:34:00,20.0,44.19202
1995-08-17 00:35:00,18.0,43.32992
1995-08-17 00:36:00,23.0,43.255142
1995-08-17 00:37:00,34.0,43.225925
1995-08-17 00:38:00,20.0,43.189785
1995-08-17 00:39:00,11.0,43.413227
1995-08-17 00:40:00,13.999999999999998,43.03213
1995-08-17 00:41:00,32.0,42.16318
1995-08-17 00:42:00,27.0,41.30588
1995-08-17 00:43:00,27.0,41.036987
1995-08-17 00:44:00,27.0,41.146233
1995-08-17 00:45:00,29.0,41.657524
1995-08-17 00:46:00,37.0,42.195168
1995-08-17 00:47:00,13.999999999999998,42.103203
1995-08-17 00:48:00,20.0,42.307755
1995-08-17 00:49:00,15.0,42.18896
1995-08-17 00:50:00,32.0,42.403088
1995-08-17 00:51:00,16.0,42.176456
1995-08-17 00:52:00,15.0,42.030746
1995-08-17 00:53:00,18.0,41.9391
1995-08-17 00:54:00,32.0,41.14239
1995-08-17 00:55:00,9.0,40.698914
1995-08-17 00:56:00,36.0,40.87834
1995-08-17 00:57:00,21.0,40.351997
1995-08-17 00:58:00,19.0,41.44813
1995-08-17 00:59:00,25.0,42.120895
1995-08-17 01:00:00,13.999999999999998,41.67789
1995-08-17 01:01:00,15.0,41.26384
1995-08-17 01:02:00,3.0,40.897575
1995-08-17 01:03:00,13.999999999999998,40.299473
1995-08-17 01:04:00,29.0,38.907738
1995-08-17 01:05:00,30.0,38.021255
1995-08-17 01:06:00,50.0,38.029316
1995-08-17 01:07:00,35.0,39.38467
1995-08-17 01:08:00,38.0,40.692524
1995-08-17 01:09:00,13.000000000000002,42.212948
1995-08-17 01:10:00,19.0,44.331573
1995-08-17 01:11:00,27.0,46.036686
1995-08-17 01:12:00,39.0,46.330257
1995-08-17 01:13:00,22.0,46.649067
1995-08-17 01:14:00,22.0,47.65988
1995-08-17 01:15:00,21.0,47.929897
1995-08-17 01:16:00,34.0,47.189335
1995-08-17 01:17:00,24.0,45.325104
1995-08-17 01:18:00,9.0,44.048317
1995-08-17 01:19:00,37.0,42.759407
1995-08-17 01:20:00,18.0,41.270622
1995-08-17 01:21:00,9.0,40.897236
1995-08-17 01:22:00,24.0,39.926575
1995-08-17 01:23:00,2.0,39.002747
1995-08-17 01:24:00,10.0,38.619286
1995-08-17 01:25:00,36.0,37.99791
1995-08-17 01:26:00,26.000000000000004,36.74469
1995-08-17 01:27:00,33.0,37.004147
1995-08-17 01:28:00,11.0,36.82601
1995-08-17 01:29:00,17.0,37.417873
1995-08-17 01:30:00,22.0,36.563034
1995-08-17 01:31:00,17.0,36.720818
1995-08-17 01:32:00,5.0,37.21707
1995-08-17 01:33:00,3.0,37.99505
1995-08-17 01:34:00,21.0,37.772194
1995-08-17 01:35:00,22.0,37.352463
1995-08-17 01:36:00,25.0,36.71918
1995-08-17 01:37:00,31.000000000000004,37.41781
1995-08-17 01:38:00,18.0,36.9812
1995-08-17 01:39:00,20.0,37.820988
1995-08-17 01:40:00,12.0,38.144592
1995-08-17 01:41:00,16.0,38.56579
1995-08-17 01:42:00,20.0,37.996243
1995-08-17 01:43:00,23.0,37.41791
1995-08-17 01:44:00,11.0,36.654324
1995-08-17 01:45:00,40.0,36.825607
1995-08-17 01:46:00,16.0,35.931538
1995-08-17 01:47:00,21.0,37.073826
1995-08-17 01:48:00,21.0,37.879196
1995-08-17 01:49:00,22.0,37.4855
1995-08-17 01:50:00,17.0,36.915707
1995-08-17 01:51:00,25.0,36.82623
1995-08-17 01:52:00,27.0,37.94997
1995-08-17 01:53:00,33.0,38.12816
1995-08-17 01:54:00,18.0,38.48633
1995-08-17 01:55:00,30.0,39.268482
1995-08-17 01:56:00,25.0,38.960518
1995-08-17 01:57:00,25.0,39.154804
1995-08-17 01:58:00,25.0,39.14868
1995-08-17 01:59:00,17.0,39.583916
1995-08-17 02:00:00,50.0,39.816853
1995-08-17 02:01:00,23.0,39.900574
1995-08-17 02:02:00,26.000000000000004,40.961597
1995-08-17 02:03:00,16.0,41.637356
1995-08-17 02:04:00,5.0,41.979862
1995-08-17 02:05:00,13.999999999999998,42.134758
1995-08-17 02:06:00,13.000000000000002,41.11634
1995-08-17 02:07:00,33.0,39.670258
1995-08-17 02:08:00,25.0,38.53946
1995-08-17 02:09:00,18.0,38.024525
1995-08-17 02:10:00,37.0,37.551174
1995-08-17 02:11:00,8.0,36.999493
1995-08-17 02:12:00,23.0,37.42345
1995-08-17 02:13:00,13.999999999999998,37.277336
1995-08-17 02:14:00,12.0,38.184864
1995-08-17 02:15:00,27.999999999999996,38.43717
1995-08-17 02:16:00,39.0,39.01146
1995-08-17 02:17:00,13.000000000000002,39.526512
1995-08-17 02:18:00,5.0,40.182255
1995-08-17 02:19:00,41.0,39.78823
1995-08-17 02:20:00,17.0,38.83318
1995-08-17 02:21:00,12.0,38.825005
1995-08-17 02:22:00,5.0,38.685154
1995-08-17 02:23:00,15.0,38.68038
1995-08-17 02:24:00,20.0,38.56352
1995-08-17 02:25:00,13.000000000000002,38.39069
1995-08-17 02:26:00,12.0,37.96936
1995-08-17 02:27:00,21.0,36.657448
1995-08-17 02:28:00,36.0,36.19978
1995-08-17 02:29:00,17.0,36.295837
1995-08-17 02:30:00,5.0,36.61102
1995-08-17 02:31:00,3.0,37.25961
1995-08-17 02:32:00,8.0,37.456364
1995-08-17 02:33:00,6.999999999999999,37.481632
1995-08-17 02:34:00,8.0,36.6688
1995-08-17 02:35:00,21.0,35.313026
1995-08-17 02:36:00,26.000000000000004,33.239887
1995-08-17 02:37:00,20.0,32.884003
1995-08-17 02:38:00,23.0,33.253246
1995-08-17 02:39:00,16.0,33.031246
1995-08-17 02:40:00,22.0,32.532433
1995-08-17 02:41:00,4.0,31.403185
1995-08-17 02:42:00,16.0,30.69289
1995-08-17 02:43:00,36.0,29.449406
1995-08-17 02:44:00,21.0,29.114653
1995-08-17 02:45:00,10.0,29.901402
1995-08-17 02:46:00,13.000000000000002,30.973616
1995-08-17 02:47:00,15.0,30.952923
1995-08-17 02:48:00,9.0,31.210148
1995-08-17 02:49:00,3.0,31.265148
1995-08-17 02:50:00,8.0,30.81775
1995-08-17 02:51:00,6.0,29.40272
1995-08-17 02:52:00,13.999999999999998,29.1775
1995-08-17 02:53:00,17.0,28.058218
1995-08-17 02:54:00,8.0,27.208275
1995-08-17 02:55:00,12.0,27.915382
1995-08-17 02:56:00,21.0,27.550114
1995-08-17 02:57:00,9.0,27.430132
1995-08-17 02:58:00,6.999999999999999,28.675865
1995-08-17 02:59:00,11.0,30.23853
1995-08-17 03:00:00,12.0,30.69602
1995-08-17 03:01:00,9.0,31.771278
1995-08-17 03:02:00,15.0,32.351196
1995-08-17 03:03:00,10.0,32.937553
1995-08-17 03:04:00,2.0,32.181488
1995-08-17 03:05:00,18.0,31.54082
1995-08-17 03:06:00,10.0,31.530006
1995-08-17 03:07:00,18.0,31.40403
1995-08-17 03:08:00,16.0,31.055763
1995-08-17 03:09:00,12.0,30.79088
1995-08-17 03:10:00,12.0,31.357597
1995-08-17 03:11:00,4.0,31.942234
1995-08-17 03:12:00,12.0,31.143751
1995-08-17 03:13:00,22.0,29.964388
1995-08-17 03:14:00,9.0,29.427391
1995-08-17 03:15:00,13.999999999999998,29.479837
1995-08-17 03:16:00,4.0,29.02869
1995-08-17 03:17:00,0.0,28.957394
1995-08-17 03:18:00,6.0,27.451944
1995-08-17 03:19:00,12.0,25.030785
1995-08-17 03:20:00,23.0,23.08386
1995-08-17 03:21:00,8.0,22.317347
1995-08-17 03:22:00,6.0,22.538013
1995-08-17 03:23:00,8.0,23.158266
1995-08-17 03:24:00,5.0,22.681421
1995-08-17 03:25:00,15.0,22.72237
1995-08-17 03:26:00,6.999999999999999,22.804157
1995-08-17 03:27:00,2.0,23.132853
1995-08-17 03:28:00,5.0,23.097626
1995-08-17 03:29:00,16.0,22.641525
1995-08-17 03:30:00,15.0,21.604134
1995-08-17 03:31:00,6.999999999999999,21.461893
1995-08-17 03:32:00,5.0,22.096598
1995-08-17 03:33:00,8.0,23.43078
1995-08-17 03:34:00,4.0,23.804268
1995-08-17 03:35:00,6.0,23.819963
1995-08-17 03:36:00,13.999999999999998,24.308199
1995-08-17 03:37:00,4.0,24.400087
1995-08-17 03:38:00,18.0,25.911995
1995-08-17 03:39:00,22.0,27.314308
1995-08-17 03:40:00,10.0,28.345259
1995-08-17 03:41:00,10.0,29.522139
1995-08-17 03:42:00,18.0,30.051435
1995-08-17 03:43:00,22.0,30.501493
1995-08-17 03:44:00,8.0,30.573723
1995-08-17 03:45:00,19.0,30.805883
1995-08-17 03:46:00,13.000000000000002,30.715681
1995-08-17 03:47:00,22.0,31.004717
1995-08-17 03:48:00,9.0,31.854855
1995-08-17 03:49:00,12.0,33.532925
1995-08-17 03:50:00,9.0,35.210148
1995-08-17 03:51:00,19.0,36.271793
1995-08-17 03:52:00,21.0,36.25295
1995-08-17 03:53:00,18.0,36.210358
1995-08-17 03:54:00,8.0,35.726887
1995-08-17 03:55:00,37.0,35.103798
1995-08-17 03:56:00,27.999999999999996,34.04088
1995-08-17 03:57:00,21.0,35.02747
1995-08-17 03:58:00,13.000000000000002,36.196217
1995-08-17 03:59:00,24.0,36.863583
1995-08-17 04:00:00,21.0,36.659668
1995-08-17 04:01:00,30.0,36.064793
1995-08-17 04:02:00,22.0,35.045284
1995-08-17 04:03:00,29.0,34.145515
1995-08-17 04:04:00,24.0,33.795647
1995-08-17 04:05:00,31.000000000000004,33.849815
1995-08-17 04:06:00,42.0,34.44732
1995-08-17 04:07:00,16.0,35.335445
1995-08-17 04:08:00,23.0,36.49621
1995-08-17 04:09:00,29.0,36.66877
1995-08-17 04:10:00,39.0,37.568745
1995-08-17 04:11:00,15.0,38.444878
1995-08-17 04:12:00,13.000000000000002,39.62616
1995-08-17 04:13:00,18.0,40.027687
1995-08-17 04:14:00,31.000000000000004,40.52157
1995-08-17 04:15:00,29.0,40.304214
1995-08-17 04:16:00,30.0,40.900085
1995-08-17 04:17:00,23.0,41.86487
1995-08-17 04:18:00,13.999999999999998,42.465126
1995-08-17 04:19:00,34.0,42.5595
1995-08-17 04:20:00,25.0,41.453083
1995-08-17 04:21:00,13.000000000000002,40.792377
1995-08-17 04:22:00,21.0,39.97603
1995-08-17 04:23:00,19.0,38.79874
1995-08-17 04:24:00,12.0,38.376495
1995-08-17 04:25:00,19.0,37.83121
1995-08-17 04:26:00,11.0,35.687584
1995-08-17 04:27:00,2.0,35.21293
1995-08-17 04:28:00,5.0,35.029915
1995-08-17 04:29:00,6.0,34.307182
1995-08-17 04:30:00,25.0,33.58652
1995-08-17 04:31:00,18.0,32.60175
1995-08-17 04:32:00,18.0,32.839157
1995-08-17 04:33:00,10.0,32.337593
1995-08-17 04:34:00,10.0,32.23561
1995-08-17 04:35:00,13.000000000000002,32.121544
1995-08-17 04:36:00,30.0,30.89673
1995-08-17 04:37:00,31.000000000000004,28.818464
1995-08-17 04:38:00,9.0,28.176691
1995-08-17 04:39:00,10.0,28.559284
1995-08-17 04:40:00,16.0,29.037956
1995-08-17 04:41:00,6.0,29.23205
1995-08-17 04:42:00,16.0,28.528387
1995-08-17 04:43:00,24.0,27.61031
1995-08-17 04:44:00,12.0,27.100504
1995-08-17 04:45:00,25.0,27.280981
1995-08-17 04:46:00,27.999999999999996,28.013477
1995-08-17 04:47:00,16.0,28.615358
1995-08-17 04:48:00,19.0,29.65379
1995-08-17 04:49:00,20.0,30.386278
1995-08-17 04:50:00,16.0,30.975985
1995-08-17 04:51:00,12.0,31.662792
1995-08-17 04:52:00,16.0,31.984253
1995-08-17 04:53:00,10.0,32.526474
1995-08-17 04:54:00,1.0,32.818996
1995-08-17 04:55:00,6.999999999999999,32.248478
1995-08-17 04:56:00,6.0,29.951504
1995-08-17 04:57:00,2.0,29.203718
1995-08-17 04:58:00,2.0,28.594782
1995-08-17 04:59:00,2.0,29.237255
1995-08-17 05:00:00,12.0,30.15938
1995-08-17 05:01:00,10.0,31.021868
1995-08-17 05:02:00,17.0,31.657753
1995-08-17 05:03:00,0.0,31.622725
1995-08-17 05:04:00,6.0,31.16224
1995-08-17 05:05:00,15.0,28.994858
1995-08-17 05:06:00,8.0,28.044794
1995-08-17 05:07:00,16.0,27.62851
1995-08-17 05:08:00,16.0,26.747078
1995-08-17 05:09:00,6.0,27.03293
1995-08-17 05:10:00,9.0,27.763048
1995-08-17 05:11:00,9.0,27.725178
1995-08-17 05:12:00,39.0,28.308603
1995-08-17 05:13:00,22.0,27.504896
1995-08-17 05:14:00,13.999999999999998,28.635931
1995-08-17 05:15:00,4.0,29.74827
1995-08-17 05:16:00,13.000000000000002,30.137646
1995-08-17 05:17:00,24.0,29.414898
1995-08-17 05:18:00,17.0,29.28071
1995-08-17 05:19:00,16.0,29.942122
1995-08-17 05:20:00,6.999999999999999,30.357433
1995-08-17 05:21:00,4.0,30.755493
1995-08-17 05:22:00,4.0,29.237774
1995-08-17 05:23:00,17.0,27.279026
1995-08-17 05:24:00,13.000000000000002,27.259617
1995-08-17 05:25:00,19.0,26.91473
1995-08-17 05:26:00,39.0,26.89411
1995-08-17 05:27:00,39.0,27.568213
1995-08-17 05:28:00,15.0,29.34083
1995-08-17 05:29:00,11.0,31.361128
1995-08-17 05:30:00,8.0,32.55757
1995-08-17 05:31:00,23.0,32.70578
1995-08-17 05:32:00,6.999999999999999,31.74341
1995-08-17 05:33:00,19.0,31.523335
1995-08-17 05:34:00,1.0,31.005314
1995-08-17 05:35:00,13.000000000000002,31.854872
1995-08-17 05:36:00,24.0,33.323658
1995-08-17 05:37:00,15.0,35.0184
1995-08-17 05:38:00,12.0,35.9312
1995-08-17 05:39:00,11.0,36.146088
1995-08-17 05:40:00,8.0,35.26835
1995-08-17 05:41:00,23.0,33.982273
1995-08-17 05:42:00,16.0,33.30623
1995-08-17 05:43:00,13.000000000000002,32.800903
1995-08-17 05:44:00,15.0,32.732742
1995-08-17 05:45:00,15.0,32.475647
1995-08-17 05:46:00,20.0,31.908989
1995-08-17 05:47:00,9.0,31.226345
1995-08-17 05:48:00,2.0,30.638554
1995-08-17 05:49:00,4.0,29.562624
1995-08-17 05:50:00,10.0,29.186157
1995-08-17 05:51:00,2.0,28.945648
1995-08-17 05:52:00,17.0,29.230536
1995-08-17 05:53:00,23.0,29.033802
1995-08-17 05:54:00,10.0,28.992764
1995-08-17 05:55:00,19.0,29.531712
1995-08-17 05:56:00,11.0,29.935919
1995-08-17 05:57:00,13.000000000000002,29.91157
1995-08-17 05:58:00,5.0,30.04781
1995-08-17 05:59:00,19.0,31.30314
1995-08-17 06:00:00,24.0,32.673164
1995-08-17 06:01:00,27.0,33.074486
1995-08-17 06:02:00,8.0,34.05471
1995-08-17 06:03:00,18.0,35.870564
1995-08-17 06:04:00,15.0,36.498993
1995-08-17 06:05:00,13.000000000000002,37.5134
1995-08-17 06:06:00,1.0,36.925293
1995-08-17 06:07:00,6.999999999999999,36.343773
1995-08-17 06:08:00,13.999999999999998,36.996105
1995-08-17 06:09:00,11.0,36.456726
1995-08-17 06:10:00,12.0,35.014595
1995-08-17 06:11:00,21.0,33.114628
1995-08-17 06:12:00,10.0,31.276337
1995-08-17 06:13:00,11.0,30.54305
1995-08-17 06:14:00,20.0,28.797714
1995-08-17 06:15:00,4.0,27.84502
1995-08-17 06:16:00,3.0,27.78951
1995-08-17 06:17:00,17.0,27.41562
1995-08-17 06:18:00,10.0,26.718533
1995-08-17 06:19:00,5.0,26.543547
1995-08-17 06:20:00,5.0,26.830608
1995-08-17 06:21:00,9.0,27.075783
1995-08-17 06:22:00,6.0,27.395054
1995-08-17 06:23:00,11.0,28.170683
1995-08-17 06:24:00,6.0,29.510612
1995-08-17 06:25:00,10.0,30.015093
1995-08-17 06:26:00,15.0,30.824661
1995-08-17 06:27:00,10.0,31.021074
1995-08-17 06:28:00,19.0,32.185894
1995-08-17 06:29:00,12.0,33.24139
1995-08-17 06:30:00,5.0,33.705006
1995-08-17 06:31:00,6.999999999999999,32.94604
1995-08-17 06:32:00,19.0,32.19931
1995-08-17 06:33:00,27.999999999999996,32.350464
1995-08-17 06:34:00,19.0,32.614418
1995-08-17 06:35:00,16.0,32.92748
1995-08-17 06:36:00,13.999999999999998,33.093685
1995-08-17 06:37:00,31.000000000000004,33.650295
1995-08-17 06:38:00,11.0,34.303265
1995-08-17 06:39:00,18.0,35.606415
1995-08-17 06:40:00,27.0,35.658634
1995-08-17 06:41:00,8.0,35.60529
1995-08-17 06:42:00,8.0,35.982697
1995-08-17 06:43:00,9.0,34.850155
1995-08-17 06:44:00,1.0,35.256508
1995-08-17 06:45:00,13.000000000000002,35.938286
1995-08-17 06:46:00,19.0,36.70285
1995-08-17 06:47:00,3.0,37.156494
1995-08-17 06:48:00,15.0,36.841766
1995-08-17 06:49:00,12.0,36.008984
1995-08-17 06:50:00,11.0,35.299736
1995-08-17 06:51:00,23.0,34.70805
1995-08-17 06:52:00,31.000000000000004,34.97754
1995-08-17 06:53:00,36.0,35.024414
1995-08-17 06:54:00,25.0,36.020256
1995-08-17 06:55:00,24.0,37.67602
1995-08-17 06:56:00,52.00000000000001,38.644646
1995-08-17 06:57:00,30.0,38.948647
1995-08-17 06:58:00,29.0,41.20534
1995-08-17 06:59:00,22.0,42.904915
1995-08-17 07:00:00,27.999999999999996,44.074677
1995-08-17 07:01:00,21.0,44.56664
1995-08-17 07:02:00,8.0,45.568085
1995-08-17 07:03:00,36.0,46.37359
1995-08-17 07:04:00,43.0,46.911808
1995-08-17 07:05:00,31.000000000000004,47.79277
1995-08-17 07:06:00,31.000000000000004,48.81301
1995-08-17 07:07:00,26.000000000000004,49.496685
1995-08-17 07:08:00,27.999999999999996,49.804695
1995-08-17 07:09:00,30.0,49.94076
1995-08-17 07:10:00,40.0,50.00399
1995-08-17 07:11:00,34.0,50.157654
1995-08-17 07:12:00,42.0,50.543415
1995-08-17 07:13:00,37.0,51.641663
1995-08-17 07:14:00,41.0,53.62369
1995-08-17 07:15:00,11.0,54.856697
1995-08-17 07:16:00,23.0,55.27684
1995-08-17 07:17:00,25.0,53.85959
1995-08-17 07:18:00,26.000000000000004,52.54717
1995-08-17 07:19:00,29.0,50.559883
1995-08-17 07:20:00,32.0,49.591393
1995-08-17 07:21:00,29.0,49.156456
1995-08-17 07:22:00,21.0,48.799103
1995-08-17 07:23:00,23.0,49.44412
1995-08-17 07:24:00,40.0,49.895298
1995-08-17 07:25:00,58.0,49.70926
1995-08-17 07:26:00,30.0,50.217197
1995-08-17 07:27:00,36.0,52.286083
1995-08-17 07:28:00,26.000000000000004,54.04034
1995-08-17 07:29:00,29.0,55.812878
1995-08-17 07:30:00,18.0,56.709396
1995-08-17 07:31:00,23.0,57.376015
1995-08-17 07:32:00,35.0,56.699463
1995-08-17 07:33:00,26.000000000000004,55.243256
1995-08-17 07:34:00,12.0,54.98456
1995-08-17 07:35:00,20.0,55.064766
1995-08-17 07:36:00,24.0,54.92588
1995-08-17 07:37:00,19.0,53.895416
1995-08-17 07:38:00,21.0,53.657288
1995-08-17 07:39:00,27.999999999999996,53.19166
1995-08-17 07:40:00,30.0,53.13369
1995-08-17 07:41:00,30.0,54.083057
1995-08-17 07:42:00,43.0,53.98685
1995-08-17 07:43:00,22.0,53.129814
1995-08-17 07:44:00,39.0,53.521255
1995-08-17 07:45:00,40.0,52.7066
1995-08-17 07:46:00,35.0,52.31133
1995-08-17 07:47:00,40.0,53.601955
1995-08-17 07:48:00,41.0,54.38015
1995-08-17 07:49:00,32.0,55.048065
1995-08-17 07:50:00,34.0,56.15982
1995-08-17 07:51:00,35.0,56.61694
1995-08-17 07:52:00,42.0,58.652855
1995-08-17 07:53:00,48.0,59.18916
1995-08-17 07:54:00,38.0,59.5628
1995-08-17 07:55:00,35.0,60.395176
1995-08-17 07:56:00,35.0,60.381035
1995-08-17 07:57:00,37.0,59.812508
1995-08-17 07:58:00,25.0,59.573883
1995-08-17 07:59:00,49.0,59.859146
1995-08-17 08:00:00,46.0,58.723713
1995-08-17 08:01:00,36.0,59.1636
1995-08-17 08:02:00,52.00000000000001,59.826706
1995-08-17 08:03:00,67.0,59.910145
1995-08-17 08:04:00,31.000000000000004,60.754963
1995-08-17 08:05:00,43.0,62.957123
1995-08-17 08:06:00,33.0,63.54771
1995-08-17 08:07:00,45.0,63.95628
1995-08-17 08:08:00,44.0,64.006996
1995-08-17 08:09:00,41.0,64.60429
1995-08-17 08:10:00,36.0,65.39366
1995-08-17 08:11:00,49.0,65.407974
1995-08-17 08:12:00,26.000000000000004,64.889534
1995-08-17 08:13:00,65.0,65.25622
1995-08-17 08:14:00,58.0,64.77199
1995-08-17 08:15:00,46.0,65.32905
1995-08-17 08:16:00,54.0,66.79845
1995-08-17 08:17:00,52.00000000000001,67.24238
1995-08-17 08:18:00,54.0,68.3861
1995-08-17 08:19:00,41.0,70.01948
1995-08-17 08:20:00,54.0,71.993324
1995-08-17 08:21:00,54.0,72.47363
1995-08-17 08:22:00,35.0,73.02373
1995-08-17 08:23:00,50.0,73.610306
1995-08-17 08:24:00,64.0,73.411255
1995-08-17 08:25:00,27.0,73.56393
1995-08-17 08:26:00,75.0,74.268074
1995-08-17 08:27:00,33.0,73.57327
1995-08-17 08:28:00,44.0,74.33534
1995-08-17 08:29:00,23.0,73.48816
1995-08-17 08:30:00,27.999999999999996,72.91346
1995-08-17 08:31:00,38.0,71.45532
1995-08-17 08:32:00,44.0,69.53578
1995-08-17 08:33:00,32.0,68.155975
1995-08-17 08:34:00,43.0,67.29134
1995-08-17 08:35:00,43.0,66.2478
1995-08-17 08:36:00,41.0,65.79878
1995-08-17 08:37:00,31.000000000000004,65.44965
1995-08-17 08:38:00,30.0,65.29079
1995-08-17 08:39:00,48.0,64.469185
1995-08-17 08:40:00,42.0,63.018723
1995-08-17 08:41:00,45.0,62.56946
1995-08-17 08:42:00,36.0,62.518116
1995-08-17 08:43:00,22.0,63.026375
1995-08-17 08:44:00,44.0,63.33523
1995-08-17 08:45:00,36.0,61.897026
1995-08-17 08:46:00,60.0,61.454487
1995-08-17 08:47:00,43.0,61.268734
1995-08-17 08:48:00,39.0,62.247623
1995-08-17 08:49:00,45.0,63.18038
1995-08-17 08:50:00,35.0,63.263695
1995-08-17 08:51:00,60.0,64.37272
1995-08-17 08:52:00,45.0,64.541115
1995-08-17 08:53:00,21.0,66.29264
1995-08-17 08:54:00,58.0,67.694176
1995-08-17 08:55:00,54.0,67.624916
1995-08-17 08:56:00,50.0,68.49747
1995-08-17 08:57:00,57.00000000000001,69.426575
1995-08-17 08:58:00,33.0,70.824646
1995-08-17 08:59:00,62.00000000000001,72.23078
1995-08-17 09:00:00,36.0,72.34444
1995-08-17 09:01:00,32.0,73.98264
1995-08-17 09:02:00,47.0,73.958626
1995-08-17 09:03:00,54.0,73.13693
1995-08-17 09:04:00,50.0,72.9692
1995-08-17 09:05:00,62.00000000000001,74.25076
1995-08-17 09:06:00,45.0,75.38155
1995-08-17 09:07:00,58.0,76.638664
1995-08-17 09:08:00,68.0,77.64935
1995-08-17 09:09:00,54.0,78.341576
1995-08-17 09:10:00,64.0,79.482254
1995-08-17 09:11:00,43.0,80.81453
1995-08-17 09:12:00,50.99999999999999,82.06845
1995-08-17 09:13:00,44.0,82.44277
1995-08-17 09:14:00,41.0,82.41479
1995-08-17 09:15:00,33.0,82.044685
1995-08-17 09:16:00,32.0,81.03898
1995-08-17 09:17:00,68.0,79.72106
1995-08-17 09:18:00,48.0,78.113625
1995-08-17 09:19:00,30.0,77.68453
1995-08-17 09:20:00,74.0,77.86267
1995-08-17 09:21:00,68.0,77.129524
1995-08-17 09:22:00,63.0,78.43484
1995-08-17 09:23:00,23.0,79.88015
1995-08-17 09:24:00,49.0,80.46633
1995-08-17 09:25:00,65.0,79.25389
1995-08-17 09:26:00,50.0,78.450775
1995-08-17 09:27:00,62.00000000000001,78.37791
1995-08-17 09:28:00,87.0,79.76231
1995-08-17 09:29:00,72.0,81.23364
1995-08-17 09:30:00,34.0,83.70542
1995-08-17 09:31:00,52.00000000000001,86.91429
1995-08-17 09:32:00,50.0,87.38564
1995-08-17 09:33:00,48.0,87.17644
1995-08-17 09:34:00,72.0,87.11552
1995-08-17 09:35:00,23.0,87.559685
1995-08-17 09:36:00,53.0,87.51351
1995-08-17 09:37:00,40.0,86.085884
1995-08-17 09:38:00,54.0,84.96799
1995-08-17 09:39:00,65.0,83.15466
1995-08-17 09:40:00,48.0,82.29748
1995-08-17 09:41:00,50.0,82.80938
1995-08-17 09:42:00,48.0,82.48253
1995-08-17 09:43:00,46.0,82.37324
1995-08-17 09:44:00,40.0,82.411415
1995-08-17 09:45:00,62.00000000000001,82.39154
1995-08-17 09:46:00,31.000000000000004,81.60807
1995-08-17 09:47:00,21.0,81.424515
1995-08-17 09:48:00,55.0,78.702225
1995-08-17 09:49:00,55.0,76.09436
1995-08-17 09:50:00,69.0,75.295845
1995-08-17 09:51:00,49.0,75.75545
1995-08-17 09:52:00,44.0,77.40187
1995-08-17 09:53:00,53.0,78.6804
1995-08-17 09:54:00,63.0,78.5516
1995-08-17 09:55:00,48.0,78.663086
1995-08-17 09:56:00,36.0,79.37356
1995-08-17 09:57:00,86.0,81.47603
1995-08-17 09:58:00,43.0,81.49897
1995-08-17 09:59:00,46.0,82.85705
1995-08-17 10:00:00,60.99999999999999,83.04837
1995-08-17 10:01:00,30.0,83.64425
1995-08-17 10:02:00,58.0,84.42198
1995-08-17 10:03:00,54.0,84.347534
1995-08-17 10:04:00,42.0,84.60587
1995-08-17 10:05:00,33.0,84.76997
1995-08-17 10:06:00,48.0,84.77483
1995-08-17 10:07:00,68.0,83.67514
1995-08-17 10:08:00,59.0,83.58743
1995-08-17 10:09:00,99.0,84.428085
1995-08-17 10:10:00,58.0,85.4757
1995-08-17 10:11:00,60.99999999999999,88.731705
1995-08-17 10:12:00,44.0,90.739075
1995-08-17 10:13:00,38.0,92.73891
1995-08-17 10:14:00,35.0,94.92377
1995-08-17 10:15:00,39.0,94.62248
1995-08-17 10:16:00,52.00000000000001,92.72037
1995-08-17 10:17:00,48.0,89.85075
1995-08-17 10:18:00,30.0,88.00665
1995-08-17 10:19:00,25.0,86.32933
1995-08-17 10:20:00,40.0,85.189514
1995-08-17 10:21:00,64.0,82.77309
1995-08-17 10:22:00,46.0,80.80475
1995-08-17 10:23:00,68.0,79.75352
1995-08-17 10:24:00,68.0,78.75057
1995-08-17 10:25:00,57.00000000000001,79.01085
1995-08-17 10:26:00,50.99999999999999,80.288704
1995-08-17 10:27:00,81.0,82.13328
1995-08-17 10:28:00,97.0,84.630806
1995-08-17 10:29:00,53.0,87.133385
1995-08-17 10:30:00,49.0,90.247444
1995-08-17 10:31:00,80.0,91.25043
1995-08-17 10:32:00,74.0,92.50215
1995-08-17 10:33:00,49.0,93.774734
1995-08-17 10:34:00,82.0,94.34591
1995-08-17 10:35:00,52.00000000000001,93.50968
1995-08-17 10:36:00,42.0,94.91234
1995-08-17 10:37:00,65.0,94.46117
1995-08-17 10:38:00,83.0,93.55471
1995-08-17 10:39:00,121.0,93.3278
1995-08-17 10:40:00,93.0,94.58452
1995-08-17 10:41:00,66.0,99.140274
1995-08-17 10:42:00,96.0,103.271
1995-08-17 10:43:00,64.0,105.36551
1995-08-17 10:44:00,96.0,107.21617
1995-08-17 10:45:00,72.0,108.68234
1995-08-17 10:46:00,77.0,110.479836
1995-08-17 10:47:00,83.0,111.37779
1995-08-17 10:48:00,71.0,112.45972
1995-08-17 10:49:00,37.0,114.16848
1995-08-17 10:50:00,48.0,114.53286
1995-08-17 10:51:00,55.0,112.424355
1995-08-17 10:52:00,65.0,110.10726
1995-08-17 10:53:00,85.0,108.443634
1995-08-17 10:54:00,55.0,107.073685
1995-08-17 10:55:00,55.99999999999999,106.003815
1995-08-17 10:56:00,45.0,103.28567
1995-08-17 10:57:00,106.0,101.556046
1995-08-17 10:58:00,72.0,98.83371
1995-08-17 10:59:00,36.0,98.96421
1995-08-17 11:00:00,62.00000000000001,98.53488
1995-08-17 11:01:00,70.0,97.04191
1995-08-17 11:02:00,48.0,95.845764
1995-08-17 11:03:00,100.0,94.969864
1995-08-17 11:04:00,79.0,94.20151
1995-08-17 11:05:00,68.0,95.12006
1995-08-17 11:06:00,60.99999999999999,96.499275
1995-08-17 11:07:00,63.0,97.37842
1995-08-17 11:08:00,58.0,97.83178
1995-08-17 11:09:00,60.0,98.47179
1995-08-17 11:10:00,105.0,97.4596
1995-08-17 11:11:00,75.0,97.02684
1995-08-17 11:12:00,44.0,98.4864
1995-08-17 11:13:00,90.0,99.600655
1995-08-17 11:14:00,96.0,99.404564
1995-08-17 11:15:00,72.0,100.7018
1995-08-17 11:16:00,36.0,102.90969
1995-08-17 11:17:00,49.0,104.136765
1995-08-17 11:18:00,63.0,102.838394
1995-08-17 11:19:00,80.0,101.163704
1995-08-17 11:20:00,60.0,100.57413
1995-08-17 11:21:00,58.0,101.16143
1995-08-17 11:22:00,57.00000000000001,100.72491
1995-08-17 11:23:00,73.0,99.37074
1995-08-17 11:24:00,69.0,98.12779
1995-08-17 11:25:00,44.0,97.8988
1995-08-17 11:26:00,60.99999999999999,97.168884
1995-08-17 11:27:00,69.0,95.76123
1995-08-17 11:28:00,57.00000000000001,95.65062
1995-08-17 11:29:00,31.000000000000004,95.48606
1995-08-17 11:30:00,39.0,95.50153
1995-08-17 11:31:00,37.0,93.24547
1995-08-17 11:32:00,39.0,90.69467
1995-08-17 11:33:00,65.0,88.36887
1995-08-17 11:34:00,35.0,86.12057
1995-08-17 11:35:00,53.0,85.40801
1995-08-17 11:36:00,25.0,84.89119
1995-08-17 11:37:00,62.00000000000001,85.56073
1995-08-17 11:38:00,57.00000000000001,84.55618
1995-08-17 11:39:00,74.0,84.22689
1995-08-17 11:40:00,52.00000000000001,84.60995
1995-08-17 11:41:00,41.0,85.06137
1995-08-17 11:42:00,50.99999999999999,86.297905
1995-08-17 11:43:00,59.0,86.919426
1995-08-17 11:44:00,60.99999999999999,87.149956
1995-08-17 11:45:00,71.0,87.42739
1995-08-17 11:46:00,22.0,87.84245
1995-08-17 11:47:00,45.0,89.793945
1995-08-17 11:48:00,66.0,88.67442
1995-08-17 11:49:00,35.0,87.135796
1995-08-17 11:50:00,27.0,86.97739
1995-08-17 11:51:00,52.00000000000001,85.8587
1995-08-17 11:52:00,63.0,83.8047
1995-08-17 11:53:00,69.0,82.72192
1995-08-17 11:54:00,49.0,83.53568
1995-08-17 11:55:00,55.99999999999999,85.02271
1995-08-17 11:56:00,64.0,85.68024
1995-08-17 11:57:00,76.0,86.47923
1995-08-17 11:58:00,38.0,88.35716
1995-08-17 11:59:00,75.0,89.41581
1995-08-17 12:00:00,67.0,88.43165
1995-08-17 12:01:00,73.0,88.8648
1995-08-17 12:02:00,57.00000000000001,88.83408
1995-08-17 12:03:00,40.0,89.98971
1995-08-17 12:04:00,55.99999999999999,90.5535
1995-08-17 12:05:00,57.00000000000001,89.899345
1995-08-17 12:06:00,50.99999999999999,90.007866
1995-08-17 12:07:00,67.0,90.18288
1995-08-17 12:08:00,39.0,91.05147
1995-08-17 12:09:00,58.0,92.83057
1995-08-17 12:10:00,59.0,92.14775
1995-08-17 12:11:00,74.0,91.87316
1995-08-17 12:12:00,77.0,91.52683
1995-08-17 12:13:00,83.0,92.20908
1995-08-17 12:14:00,73.0,93.77688
1995-08-17 12:15:00,85.0,95.58528
1995-08-17 12:16:00,50.0,97.17741
1995-08-17 12:17:00,52.00000000000001,98.953545
1995-08-17 12:18:00,50.0,98.74003
1995-08-17 12:19:00,45.0,98.683685
1995-08-17 12:20:00,23.0,97.91898
1995-08-17 12:21:00,70.0,96.61135
1995-08-17 12:22:00,70.0,94.56162
1995-08-17 12:23:00,94.0,93.853165
1995-08-17 12:24:00,68.0,93.8876
1995-08-17 12:25:00,60.99999999999999,95.84123
1995-08-17 12:26:00,63.0,97.61066
1995-08-17 12:27:00,58.0,100.15321
1995-08-17 12:28:00,41.0,101.657265
1995-08-17 12:29:00,82.0,102.18805
1995-08-17 12:30:00,68.0,101.2226
1995-08-17 12:31:00,76.0,101.92304
1995-08-17 12:32:00,85.0,102.93892
1995-08-17 12:33:00,65.0,103.154175
1995-08-17 12:34:00,55.0,103.90173
1995-08-17 12:35:00,86.0,103.90292
1995-08-17 12:36:00,68.0,103.07029
1995-08-17 12:37:00,47.0,103.618484
1995-08-17 12:38:00,67.0,103.781685
1995-08-17 12:39:00,113.0,102.76124
1995-08-17 12:40:00,69.0,102.62433
1995-08-17 12:41:00,27.999999999999996,105.2484
1995-08-17 12:42:00,70.0,106.88746
1995-08-17 12:43:00,75.0,104.902245
1995-08-17 12:44:00,101.0,103.995415
1995-08-17 12:45:00,69.0,103.58947
1995-08-17 12:46:00,87.0,105.29978
1995-08-17 12:47:00,104.00000000000001,105.952126
1995-08-17 12:48:00,83.0,108.245155
1995-08-17 12:49:00,82.0,110.51503
1995-08-17 12:50:00,43.0,112.09217
1995-08-17 12:51:00,72.0,113.38325
1995-08-17 12:52:00,115.0,112.65965
1995-08-17 12:53:00,131.0,113.067375
1995-08-17 12:54:00,39.0,113.80692
1995-08-17 12:55:00,45.0,116.570305
1995-08-17 12:56:00,70.0,116.27247
1995-08-17 12:57:00,44.0,114.20682
1995-08-17 12:58:00,72.0,113.44099
1995-08-17 12:59:00,74.0,111.96558
1995-08-17 13:00:00,63.0,110.26361
1995-08-17 13:01:00,40.0,109.07876
1995-08-17 13:02:00,66.0,108.756226
1995-08-17 13:03:00,42.0,106.936104
1995-08-17 13:04:00,60.99999999999999,105.59191
1995-08-17 13:05:00,42.0,103.00202
1995-08-17 13:06:00,72.0,100.54647
1995-08-17 13:07:00,42.0,97.50623
1995-08-17 13:08:00,70.0,95.31982
1995-08-17 13:09:00,75.0,92.70357
1995-08-17 13:10:00,49.0,91.96836
1995-08-17 13:11:00,52.00000000000001,92.02723
1995-08-17 13:12:00,68.0,92.34686
1995-08-17 13:13:00,65.0,91.53096
1995-08-17 13:14:00,78.0,91.41525
1995-08-17 13:15:00,80.0,90.88341
1995-08-17 13:16:00,70.0,91.648926
1995-08-17 13:17:00,76.0,92.999916
1995-08-17 13:18:00,74.0,93.86485
1995-08-17 13:19:00,81.0,94.9826
1995-08-17 13:20:00,58.0,96.12441
1995-08-17 13:21:00,67.0,97.559555
1995-08-17 13:22:00,53.0,98.16975
1995-08-17 13:23:00,78.0,98.81312
1995-08-17 13:24:00,62.00000000000001,98.20739
1995-08-17 13:25:00,90.0,98.97886
1995-08-17 13:26:00,76.0,98.84235
1995-08-17 13:27:00,64.0,99.92595
1995-08-17 13:28:00,60.99999999999999,100.68079
1995-08-17 13:29:00,86.0,101.103516
1995-08-17 13:30:00,52.00000000000001,101.41534
1995-08-17 13:31:00,48.0,102.26762
1995-08-17 13:32:00,57.00000000000001,102.61779
1995-08-17 13:33:00,67.0,101.144775
1995-08-17 13:34:00,80.0,99.54557
1995-08-17 13:35:00,85.0,98.74335
1995-08-17 13:36:00,69.0,99.24597
1995-08-17 13:37:00,71.0,101.9963
1995-08-17 13:38:00,77.0,103.69202
1995-08-17 13:39:00,64.0,104.25882
1995-08-17 13:40:00,75.0,105.85333
1995-08-17 13:41:00,80.0,106.13151
1995-08-17 13:42:00,45.0,106.30245
1995-08-17 13:43:00,41.0,106.25231
1995-08-17 13:44:00,70.0,105.1452
1995-08-17 13:45:00,57.00000000000001,102.54351
1995-08-17 13:46:00,39.0,101.477264
1995-08-17 13:47:00,75.0,99.742775
1995-08-17 13:48:00,91.0,97.2289
1995-08-17 13:49:00,72.0,95.74696
1995-08-17 13:50:00,84.0,95.643524
1995-08-17 13:51:00,84.0,95.9586
1995-08-17 13:52:00,64.0,97.194534
1995-08-17 13:53:00,81.0,98.9876
1995-08-17 13:54:00,118.0,99.17819
1995-08-17 13:55:00,49.0,99.772026
1995-08-17 13:56:00,48.0,101.53145
1995-08-17 13:57:00,73.0,102.07913
1995-08-17 13:58:00,83.0,102.033485
1995-08-17 13:59:00,95.0,101.791794
1995-08-17 14:00:00,72.0,102.02943
1995-08-17 14:01:00,60.99999999999999,103.69222
1995-08-17 14:02:00,62.00000000000001,103.976585
1995-08-17 14:03:00,66.0,103.109856
1995-08-17 14:04:00,53.0,101.82889
1995-08-17 14:05:00,80.0,101.8366
1995-08-17 14:06:00,86.0,100.5932
1995-08-17 14:07:00,58.0,100.61717
1995-08-17 14:08:00,46.0,102.44979
1995-08-17 14:09:00,83.0,102.31077
1995-08-17 14:10:00,71.0,100.93698
1995-08-17 14:11:00,106.99999999999999,100.9006
1995-08-17 14:12:00,106.0,100.436676
1995-08-17 14:13:00,55.0,101.824905
1995-08-17 14:14:00,52.00000000000001,105.19803
1995-08-17 14:15:00,82.0,106.41866
1995-08-17 14:16:00,58.0,105.64675
1995-08-17 14:17:00,65.0,105.7121
1995-08-17 14:18:00,52.00000000000001,105.191246
1995-08-17 14:19:00,67.0,104.11295
1995-08-17 14:20:00,63.0,101.96215
1995-08-17 14:21:00,79.0,100.79022
1995-08-17 14:22:00,62.00000000000001,99.603096
1995-08-17 14:23:00,60.0,99.43601
1995-08-17 14:24:00,67.0,99.534836
1995-08-17 14:25:00,44.0,100.10345
1995-08-17 14:26:00,75.0,100.06625
1995-08-17 14:27:00,60.99999999999999,99.452225
1995-08-17 14:28:00,35.0,99.24774
1995-08-17 14:29:00,66.0,98.68873
1995-08-17 14:30:00,69.0,96.437935
1995-08-17 14:31:00,52.00000000000001,95.30403
1995-08-17 14:32:00,68.0,94.67986
1995-08-17 14:33:00,48.0,93.67906
1995-08-17 14:34:00,45.0,93.32234
1995-08-17 14:35:00,72.0,92.36302
1995-08-17 14:36:00,59.0,91.357445
1995-08-17 14:37:00,39.0,91.18064
1995-08-17 14:38:00,48.0,91.250206
1995-08-17 14:39:00,34.0,89.95725
1995-08-17 14:40:00,42.0,89.39785
1995-08-17 14:41:00,55.0,89.37499
1995-08-17 14:42:00,46.0,88.78076
1995-08-17 14:43:00,55.99999999999999,88.25454
1995-08-17 14:44:00,50.0,87.05077
1995-08-17 14:45:00,40.0,86.577126
1995-08-17 14:46:00,81.0,86.156044
1995-08-17 14:47:00,77.0,84.55861
1995-08-17 14:48:00,79.0,84.39805
1995-08-17 14:49:00,76.0,85.456
1995-08-17 14:50:00,90.0,87.002426
1995-08-17 14:51:00,106.99999999999999,88.484764
1995-08-17 14:52:00,99.0,90.94227
1995-08-17 14:53:00,65.0,94.78637
1995-08-17 14:54:00,96.0,98.26185
1995-08-17 14:55:00,87.0,100.04964
1995-08-17 14:56:00,95.0,102.08285
1995-08-17 14:57:00,87.0,103.29834
1995-08-17 14:58:00,110.0,104.715904
1995-08-17 14:59:00,94.0,106.48215
1995-08-17 15:00:00,76.0,108.4445
1995-08-17 15:01:00,77.0,111.11117
1995-08-17 15:02:00,75.0,112.521034
1995-08-17 15:03:00,48.0,112.780014
1995-08-17 15:04:00,75.0,112.44132
1995-08-17 15:05:00,70.0,110.15513
1995-08-17 15:06:00,100.0,108.808075
1995-08-17 15:07:00,77.0,107.30194
1995-08-17 15:08:00,101.99999999999999,107.84635
1995-08-17 15:09:00,79.0,107.716866
1995-08-17 15:10:00,90.0,108.58693
1995-08-17 15:11:00,104.00000000000001,109.08614
1995-08-17 15:12:00,69.0,110.191795
1995-08-17 15:13:00,60.0,112.46051
1995-08-17 15:14:00,90.0,113.826904
1995-08-17 15:15:00,67.0,113.61022
1995-08-17 15:16:00,83.0,113.55628
1995-08-17 15:17:00,88.0,112.959366
1995-08-17 15:18:00,104.00000000000001,112.54965
1995-08-17 15:19:00,60.0,112.13387
1995-08-17 15:20:00,89.0,113.07846
1995-08-17 15:21:00,65.0,111.88147
1995-08-17 15:22:00,74.0,112.05681
1995-08-17 15:23:00,77.0,110.66158
1995-08-17 15:24:00,54.0,109.412155
1995-08-17 15:25:00,58.0,109.03167
1995-08-17 15:26:00,72.0,107.447044
1995-08-17 15:27:00,39.0,105.63176
1995-08-17 15:28:00,58.0,104.59375
1995-08-17 15:29:00,90.0,101.94798
1995-08-17 15:30:00,95.0,99.24163
1995-08-17 15:31:00,84.0,98.58149
1995-08-17 15:32:00,46.0,98.85242
1995-08-17 15:33:00,78.0,99.37159
1995-08-17 15:34:00,69.0,98.05793
1995-08-17 15:35:00,53.0,98.17071
1995-08-17 15:36:00,111.99999999999999,97.99598
1995-08-17 15:37:00,55.99999999999999,96.919495
1995-08-17 15:38:00,68.0,97.79261
1995-08-17 15:39:00,67.0,97.051155
1995-08-17 15:40:00,80.0,96.040184
1995-08-17 15:41:00,55.99999999999999,95.624695
1995-08-17 15:42:00,71.0,95.38879
1995-08-17 15:43:00,99.0,94.87974
1995-08-17 15:44:00,109.00000000000001,95.12429
1995-08-17 15:45:00,64.0,96.530464
1995-08-17 15:46:00,64.0,99.4064
1995-08-17 15:47:00,58.0,100.97641
1995-08-17 15:48:00,75.0,101.27984
1995-08-17 15:49:00,91.0,101.29674
1995-08-17 15:50:00,119.00000000000001,101.63188
1995-08-17 15:51:00,121.99999999999999,101.74588
1995-08-17 15:52:00,70.0,103.696106
1995-08-17 15:53:00,66.0,107.163284
1995-08-17 15:54:00,82.0,108.24992
1995-08-17 15:55:00,85.0,106.91247
1995-08-17 15:56:00,95.0,106.014534
1995-08-17 15:57:00,81.0,106.192444
1995-08-17 15:58:00,60.0,106.645744
1995-08-17 15:59:00,45.0,107.372475
1995-08-17 16:00:00,96.0,106.22583
1995-08-17 16:01:00,83.0,103.85969
1995-08-17 16:02:00,63.0,103.95924
1995-08-17 16:03:00,62.00000000000001,104.22467
1995-08-17 16:04:00,82.0,103.30615
1995-08-17 16:05:00,36.0,102.093185
1995-08-17 16:06:00,66.0,101.16719
1995-08-17 16:07:00,48.0,99.939735
1995-08-17 16:08:00,58.0,99.55513
1995-08-17 16:09:00,60.99999999999999,98.103485
1995-08-17 16:10:00,65.0,96.32735
1995-08-17 16:11:00,48.0,95.43088
1995-08-17 16:12:00,39.0,94.214645
1995-08-17 16:13:00,82.0,91.99012
1995-08-17 16:14:00,97.0,89.50739
1995-08-17 16:15:00,78.0,88.03274
1995-08-17 16:16:00,49.0,88.16923
1995-08-17 16:17:00,85.0,88.507935
1995-08-17 16:18:00,103.0,87.99985
1995-08-17 16:19:00,55.99999999999999,88.12553
1995-08-17 16:20:00,60.0,89.344635
1995-08-17 16:21:00,75.0,90.22982
1995-08-17 16:22:00,65.0,90.15333
1995-08-17 16:23:00,78.0,90.5262
1995-08-17 16:24:00,55.99999999999999,90.77275
1995-08-17 16:25:00,49.0,91.14516
1995-08-17 16:26:00,59.0,90.85906
1995-08-17 16:27:00,84.0,89.50913
1995-08-17 16:28:00,105.0,88.6756
1995-08-17 16:29:00,49.0,89.95243
1995-08-17 16:30:00,53.0,92.247
1995-08-17 16:31:00,48.0,92.59456
1995-08-17 16:32:00,60.99999999999999,92.792076
1995-08-17 16:33:00,100.0,91.77758
1995-08-17 16:34:00,63.0,91.07654
1995-08-17 16:35:00,67.0,91.65413
1995-08-17 16:36:00,71.0,90.706894
1995-08-17 16:37:00,78.0,90.39911
1995-08-17 16:38:00,99.0,91.44607
1995-08-17 16:39:00,46.0,92.43442
1995-08-17 16:40:00,92.0,94.1769
1995-08-17 16:41:00,76.0,93.58532
1995-08-17 16:42:00,40.0,94.149414
1995-08-17 16:43:00,30.0,94.68797
1995-08-17 16:44:00,78.0,93.83862
1995-08-17 16:45:00,50.0,91.58601
1995-08-17 16:46:00,74.0,90.690155
1995-08-17 16:47:00,84.0,90.14941
1995-08-17 16:48:00,78.0,90.08789
1995-08-17 16:49:00,88.0,91.07149
1995-08-17 16:50:00,72.0,91.61194
1995-08-17 16:51:00,59.0,92.681435
1995-08-17 16:52:00,67.0,93.53027
1995-08-17 16:53:00,87.0,93.99671
1995-08-17 16:54:00,72.0,94.709724
1995-08-17 16:55:00,84.0,95.92103
1995-08-17 16:56:00,70.0,97.04809
1995-08-17 16:57:00,57.00000000000001,97.78999
1995-08-17 16:58:00,60.0,99.474815
1995-08-17 16:59:00,60.0,100.00566
1995-08-17 17:00:00,47.0,99.67907
1995-08-17 17:01:00,40.0,99.57309
1995-08-17 17:02:00,54.0,97.81114
1995-08-17 17:03:00,54.0,95.1037
1995-08-17 17:04:00,68.0,92.81673
1995-08-17 17:05:00,43.0,90.802925
1995-08-17 17:06:00,50.99999999999999,88.78337
1995-08-17 17:07:00,48.0,86.546455
1995-08-17 17:08:00,60.0,84.72712
1995-08-17 17:09:00,74.0,83.11392
1995-08-17 17:10:00,59.0,81.91971
1995-08-17 17:11:00,70.0,81.94576
1995-08-17 17:12:00,65.0,82.36894
1995-08-17 17:13:00,68.0,83.38349
1995-08-17 17:14:00,74.0,84.024315
1995-08-17 17:15:00,69.0,85.36913
1995-08-17 17:16:00,59.0,86.49468
1995-08-17 17:17:00,49.0,87.56071
1995-08-17 17:18:00,63.0,88.63149
1995-08-17 17:19:00,49.0,87.85721
1995-08-17 17:20:00,66.0,87.0966
1995-08-17 17:21:00,50.0,85.869
1995-08-17 17:22:00,33.0,85.020546
1995-08-17 17:23:00,52.00000000000001,83.90789
1995-08-17 17:24:00,55.0,82.08169
1995-08-17 17:25:00,72.0,81.07245
1995-08-17 17:26:00,72.0,80.36954
1995-08-17 17:27:00,54.0,81.13617
1995-08-17 17:28:00,50.0,82.1259
1995-08-17 17:29:00,39.0,82.78336
1995-08-17 17:30:00,71.0,83.57483
1995-08-17 17:31:00,60.99999999999999,83.17743
1995-08-17 17:32:00,49.0,83.952576
1995-08-17 17:33:00,40.0,84.39609
1995-08-17 17:34:00,54.0,84.64492
1995-08-17 17:35:00,48.0,83.85999
1995-08-17 17:36:00,31.000000000000004,82.456024
1995-08-17 17:37:00,35.0,80.93232
1995-08-17 17:38:00,33.0,78.335266
1995-08-17 17:39:00,26.000000000000004,76.93463
1995-08-17 17:40:00,18.0,75.42015
1995-08-17 17:41:00,67.0,72.977615
1995-08-17 17:42:00,36.0,69.593475
1995-08-17 17:43:00,46.0,68.66582
1995-08-17 17:44:00,50.99999999999999,67.51212
1995-08-17 17:45:00,50.0,67.89474
1995-08-17 17:46:00,88.0,70.07886
1995-08-17 17:47:00,68.0,71.003586
1995-08-17 17:48:00,50.0,73.23086
1995-08-17 17:49:00,45.0,75.780334
1995-08-17 17:50:00,60.99999999999999,76.65238
1995-08-17 17:51:00,40.0,76.63795
1995-08-17 17:52:00,67.0,76.55913
1995-08-17 17:53:00,42.0,76.11956
1995-08-17 17:54:00,37.0,76.85643
1995-08-17 17:55:00,38.0,76.62364
1995-08-17 17:56:00,25.0,76.04826
1995-08-17 17:57:00,29.0,75.19621
1995-08-17 17:58:00,34.0,74.11804
1995-08-17 17:59:00,49.0,73.00218
1995-08-17 18:00:00,73.0,71.53023
1995-08-17 18:01:00,50.99999999999999,70.164825
1995-08-17 18:02:00,40.0,69.96969
1995-08-17 18:03:00,32.0,69.11823
1995-08-17 18:04:00,44.0,67.70139
1995-08-17 18:05:00,43.0,66.119774
1995-08-17 18:06:00,53.0,64.93732
1995-08-17 18:07:00,44.0,64.8026
1995-08-17 18:08:00,55.99999999999999,65.051834
1995-08-17 18:09:00,58.0,65.56895
1995-08-17 18:10:00,34.0,67.23229
1995-08-17 18:11:00,41.0,68.96317
1995-08-17 18:12:00,33.0,69.302124
1995-08-17 18:13:00,20.0,69.24975
1995-08-17 18:14:00,42.0,68.3613
1995-08-17 18:15:00,24.0,67.05124
1995-08-17 18:16:00,18.0,65.833435
1995-08-17 18:17:00,42.0,64.3621
1995-08-17 18:18:00,46.0,62.492596
1995-08-17 18:19:00,47.0,61.84412
1995-08-17 18:20:00,34.0,62.26459
1995-08-17 18:21:00,41.0,63.274384
1995-08-17 18:22:00,50.99999999999999,64.25785
1995-08-17 18:23:00,52.00000000000001,65.56676
1995-08-17 18:24:00,40.0,66.92021
1995-08-17 18:25:00,67.0,68.394104
1995-08-17 18:26:00,48.0,69.02464
1995-08-17 18:27:00,44.0,70.67208
1995-08-17 18:28:00,35.0,71.725105
1995-08-17 18:29:00,33.0,71.65981
1995-08-17 18:30:00,16.0,71.187805
1995-08-17 18:31:00,13.000000000000002,70.816216
1995-08-17 18:32:00,31.000000000000004,70.147
1995-08-17 18:33:00,35.0,68.56222
1995-08-17 18:34:00,34.0,67.392136
1995-08-17 18:35:00,37.0,66.66655
1995-08-17 18:36:00,47.0,66.03543
1995-08-17 18:37:00,36.0,65.53957
1995-08-17 18:38:00,27.999999999999996,65.15238
1995-08-17 18:39:00,16.0,64.43726
1995-08-17 18:40:00,32.0,64.05264
1995-08-17 18:41:00,67.0,63.224335
1995-08-17 18:42:00,30.0,62.543064
1995-08-17 18:43:00,46.0,63.010914
1995-08-17 18:44:00,27.999999999999996,63.745026
1995-08-17 18:45:00,43.0,63.95999
1995-08-17 18:46:00,60.0,64.46553
1995-08-17 18:47:00,30.0,64.837265
1995-08-17 18:48:00,50.0,66.18131
1995-08-17 18:49:00,80.0,66.05774
1995-08-17 18:50:00,60.0,67.025055
1995-08-17 18:51:00,41.0,69.31789
1995-08-17 18:52:00,32.0,71.530556
1995-08-17 18:53:00,45.0,72.82712
1995-08-17 18:54:00,39.0,73.30503
1995-08-17 18:55:00,48.0,73.671295
1995-08-17 18:56:00,79.0,73.22767
1995-08-17 18:57:00,63.0,73.054085
1995-08-17 18:58:00,43.0,74.87968
1995-08-17 18:59:00,46.0,77.67955
1995-08-17 19:00:00,55.0,78.48688
1995-08-17 19:01:00,62.00000000000001,79.02018
1995-08-17 19:02:00,73.0,79.72785
1995-08-17 19:03:00,36.0,80.45477
1995-08-17 19:04:00,72.0,81.57397
1995-08-17 19:05:00,48.0,80.85936
1995-08-17 19:06:00,25.0,81.11005
1995-08-17 19:07:00,16.0,80.97649
1995-08-17 19:08:00,33.0,79.36943
1995-08-17 19:09:00,52.00000000000001,75.81233
1995-08-17 19:10:00,27.0,73.356026
1995-08-17 19:11:00,33.0,72.393974
1995-08-17 19:12:00,19.0,70.487465
1995-08-17 19:13:00,24.0,69.38986
1995-08-17 19:14:00,35.0,68.30295
1995-08-17 19:15:00,31.000000000000004,67.383644
1995-08-17 19:16:00,17.0,66.66046
1995-08-17 19:17:00,45.0,65.64527
1995-08-17 19:18:00,47.0,64.13849
1995-08-17 19:19:00,53.0,64.22204
1995-08-17 19:20:00,60.99999999999999,64.02425
1995-08-17 19:21:00,58.0,63.861958
1995-08-17 19:22:00,26.000000000000004,64.84911
1995-08-17 19:23:00,21.0,66.94033
1995-08-17 19:24:00,32.0,67.86075
1995-08-17 19:25:00,59.0,67.27185
1995-08-17 19:26:00,38.0,66.26224
1995-08-17 19:27:00,27.999999999999996,66.23426
1995-08-17 19:28:00,23.0,66.70778
1995-08-17 19:29:00,27.999999999999996,66.86174
1995-08-17 19:30:00,29.0,66.16145
1995-08-17 19:31:00,33.0,64.89622
1995-08-17 19:32:00,48.0,63.802986
1995-08-17 19:33:00,27.999999999999996,63.037685
1995-08-17 19:34:00,41.0,62.888405
1995-08-17 19:35:00,41.0,61.750698
1995-08-17 19:36:00,31.000000000000004,61.56665
1995-08-17 19:37:00,55.99999999999999,61.317966
1995-08-17 19:38:00,49.0,60.650166
1995-08-17 19:39:00,36.0,61.102818
1995-08-17 19:40:00,40.0,61.392136
1995-08-17 19:41:00,50.0,62.379517
1995-08-17 19:42:00,60.0,62.814754
1995-08-17 19:43:00,33.0,63.700706
1995-08-17 19:44:00,37.0,65.17203
1995-08-17 19:45:00,41.0,65.765564
1995-08-17 19:46:00,47.0,66.490036
1995-08-17 19:47:00,50.0,67.05464
1995-08-17 19:48:00,62.00000000000001,67.90448
1995-08-17 19:49:00,29.0,68.99897
1995-08-17 19:50:00,53.0,70.18027
1995-08-17 19:51:00,42.0,69.68812
1995-08-17 19:52:00,41.0,69.39988
1995-08-17 19:53:00,37.0,70.03274
1995-08-17 19:54:00,27.999999999999996,70.687706
1995-08-17 19:55:00,23.0,70.86241
1995-08-17 19:56:00,36.0,70.236465
1995-08-17 19:57:00,19.0,69.60425
1995-08-17 19:58:00,26.000000000000004,69.30442
1995-08-17 19:59:00,29.0,67.28168
1995-08-17 20:00:00,23.0,65.949585
1995-08-17 20:01:00,26.000000000000004,64.76618
1995-08-17 20:02:00,19.0,63.34312
1995-08-17 20:03:00,21.0,61.824528
1995-08-17 20:04:00,25.0,59.309727
1995-08-17 20:05:00,27.999999999999996,57.17596
1995-08-17 20:06:00,35.0,55.02975
1995-08-17 20:07:00,29.0,54.5042
1995-08-17 20:08:00,38.0,54.421352
1995-08-17 20:09:00,55.99999999999999,54.81793
1995-08-17 20:10:00,35.0,56.199905
1995-08-17 20:11:00,24.0,58.601353
1995-08-17 20:12:00,33.0,59.874405
1995-08-17 20:13:00,57.00000000000001,59.419678
1995-08-17 20:14:00,42.0,59.264133
1995-08-17 20:15:00,60.99999999999999,61.085396
1995-08-17 20:16:00,57.00000000000001,62.03747
1995-08-17 20:17:00,63.0,62.937687
1995-08-17 20:18:00,69.0,64.01111
1995-08-17 20:19:00,54.0,65.06773
1995-08-17 20:20:00,24.0,66.39206
1995-08-17 20:21:00,45.0,67.05861
1995-08-17 20:22:00,29.0,66.707146
1995-08-17 20:23:00,65.0,66.76127
1995-08-17 20:24:00,54.0,66.35462
1995-08-17 20:25:00,43.0,66.69362
1995-08-17 20:26:00,37.0,67.43601
1995-08-17 20:27:00,45.0,67.62821
1995-08-17 20:28:00,50.99999999999999,67.40276
1995-08-17 20:29:00,45.0,66.59706
1995-08-17 20:30:00,50.99999999999999,66.4543
1995-08-17 20:31:00,82.0,66.39248
1995-08-17 20:32:00,34.0,66.86657
1995-08-17 20:33:00,52.00000000000001,69.43804
1995-08-17 20:34:00,36.0,69.66478
1995-08-17 20:35:00,26.000000000000004,69.80478
1995-08-17 20:36:00,37.0,69.5774
1995-08-17 20:37:00,42.0,69.23137
1995-08-17 20:38:00,25.0,68.63774
1995-08-17 20:39:00,39.0,67.98403
1995-08-17 20:40:00,39.0,66.78805
1995-08-17 20:41:00,36.0,65.842155
1995-08-17 20:42:00,27.0,65.601
1995-08-17 20:43:00,34.0,65.12592
1995-08-17 20:44:00,31.000000000000004,63.87147
1995-08-17 20:45:00,33.0,62.808662
1995-08-17 20:46:00,21.0,61.579697
1995-08-17 20:47:00,29.0,61.37137
1995-08-17 20:48:00,20.0,60.39641
1995-08-17 20:49:00,58.0,59.954514
1995-08-17 20:50:00,26.000000000000004,59.243824
1995-08-17 20:51:00,36.0,60.15885
1995-08-17 20:52:00,16.0,59.76246
1995-08-17 20:53:00,34.0,59.579533
1995-08-17 20:54:00,41.0,59.406013
1995-08-17 20:55:00,31.000000000000004,59.479244
1995-08-17 20:56:00,41.0,60.111847
1995-08-17 20:57:00,48.0,60.211823
1995-08-17 20:58:00,43.0,60.655838
1995-08-17 20:59:00,35.0,61.754295
1995-08-17 21:00:00,37.0,62.52082
1995-08-17 21:01:00,37.0,62.16958
1995-08-17 21:02:00,31.000000000000004,61.80937
1995-08-17 21:03:00,44.0,61.264458
1995-08-17 21:04:00,33.0,61.64007
1995-08-17 21:05:00,39.0,62.09151
1995-08-17 21:06:00,38.0,61.983707
1995-08-17 21:07:00,40.0,62.0695
1995-08-17 21:08:00,36.0,62.193146
1995-08-17 21:09:00,15.0,61.689278
1995-08-17 21:10:00,9.0,60.752247
1995-08-17 21:11:00,42.0,59.209183
1995-08-17 21:12:00,60.99999999999999,57.698494
1995-08-17 21:13:00,27.999999999999996,57.283924
1995-08-17 21:14:00,25.0,58.97662
1995-08-17 21:15:00,36.0,59.85457
1995-08-17 21:16:00,18.0,60.497746
1995-08-17 21:17:00,21.0,60.737957
1995-08-17 21:18:00,10.0,59.93336
1995-08-17 21:19:00,18.0,59.305084
1995-08-17 21:20:00,17.0,58.030037
1995-08-17 21:21:00,40.0,57.84024
1995-08-17 21:22:00,38.0,57.45906
1995-08-17 21:23:00,37.0,58.123463
1995-08-17 21:24:00,35.0,58.03534
1995-08-17 21:25:00,55.99999999999999,58.6409
1995-08-17 21:26:00,42.0,58.585754
1995-08-17 21:27:00,32.0,58.93496
1995-08-17 21:28:00,27.0,59.458168
1995-08-17 21:29:00,49.0,59.5436
1995-08-17 21:30:00,36.0,58.937458
1995-08-17 21:31:00,27.999999999999996,59.394707
1995-08-17 21:32:00,20.0,59.671673
1995-08-17 21:33:00,52.00000000000001,59.11351
1995-08-17 21:34:00,47.0,58.35279
1995-08-17 21:35:00,43.0,58.397903
1995-08-17 21:36:00,29.0,58.267456
1995-08-17 21:37:00,16.0,58.79415
1995-08-17 21:38:00,52.00000000000001,58.88568
1995-08-17 21:39:00,34.0,57.754147
1995-08-17 21:40:00,13.999999999999998,58.42953
1995-08-17 21:41:00,20.0,59.13394
1995-08-17 21:42:00,16.0,58.3368
1995-08-17 21:43:00,19.0,57.11108
1995-08-17 21:44:00,22.0,55.56864
1995-08-17 21:45:00,38.0,53.260235
1995-08-17 21:46:00,30.0,51.510727
1995-08-17 21:47:00,38.0,51.07398
1995-08-17 21:48:00,35.0,51.125065
1995-08-17 21:49:00,43.0,51.331165
1995-08-17 21:50:00,21.0,51.76697
1995-08-17 21:51:00,23.0,53.306175
1995-08-17 21:52:00,38.0,54.2281
1995-08-17 21:53:00,45.0,54.18738
1995-08-17 21:54:00,32.0,54.294147
1995-08-17 21:55:00,36.0,54.317345
1995-08-17 21:56:00,40.0,54.393616
1995-08-17 21:57:00,23.0,54.19728
1995-08-17 21:58:00,33.0,54.298668
1995-08-17 21:59:00,39.0,54.05792
1995-08-17 22:00:00,53.0,54.598713
1995-08-17 22:01:00,35.0,55.098385
1995-08-17 22:02:00,27.999999999999996,55.7578
1995-08-17 22:03:00,36.0,55.9251
1995-08-17 22:04:00,29.0,55.1636
1995-08-17 22:05:00,23.0,54.442093
1995-08-17 22:06:00,35.0,53.130997
1995-08-17 22:07:00,27.0,52.017673
1995-08-17 22:08:00,27.0,51.83386
1995-08-17 22:09:00,58.0,50.999706
1995-08-17 22:10:00,49.0,50.469284
1995-08-17 22:11:00,44.0,51.44402
1995-08-17 22:12:00,34.0,52.496796
1995-08-17 22:13:00,48.0,53.94171
1995-08-17 22:14:00,50.99999999999999,54.90854
1995-08-17 22:15:00,27.999999999999996,56.001022
1995-08-17 22:16:00,41.0,57.04291
1995-08-17 22:17:00,24.0,57.105026
1995-08-17 22:18:00,16.0,57.270046
1995-08-17 22:19:00,23.0,57.029636
1995-08-17 22:20:00,21.0,56.0212
1995-08-17 22:21:00,27.0,54.746933
1995-08-17 22:22:00,39.0,52.94593
1995-08-17 22:23:00,21.0,51.90427
1995-08-17 22:24:00,17.0,51.91425
1995-08-17 22:25:00,19.0,51.7059
1995-08-17 22:26:00,46.0,50.76974
1995-08-17 22:27:00,42.0,49.57205
1995-08-17 22:28:00,39.0,49.42559
1995-08-17 22:29:00,40.0,49.70943
1995-08-17 22:30:00,46.0,50.100735
1995-08-17 22:31:00,37.0,50.93122
1995-08-17 22:32:00,23.0,52.235897
1995-08-17 22:33:00,32.0,52.61065
1995-08-17 22:34:00,20.0,52.26306
1995-08-17 22:35:00,35.0,51.77036
1995-08-17 22:36:00,40.0,50.909664
1995-08-17 22:37:00,31.000000000000004,50.82799
1995-08-17 22:38:00,41.0,51.31869
1995-08-17 22:39:00,16.0,51.45602
1995-08-17 22:40:00,29.0,52.643982
1995-08-17 22:41:00,17.0,52.211624
1995-08-17 22:42:00,40.0,52.147247
1995-08-17 22:43:00,30.0,52.123425
1995-08-17 22:44:00,16.0,51.978016
1995-08-17 22:45:00,27.999999999999996,52.668705
1995-08-17 22:46:00,24.0,53.352867
1995-08-17 22:47:00,15.0,53.403957
1995-08-17 22:48:00,29.0,53.394054
1995-08-17 22:49:00,21.0,52.880516
1995-08-17 22:50:00,33.0,52.53117
1995-08-17 22:51:00,29.0,51.793613
1995-08-17 22:52:00,31.000000000000004,51.606575
1995-08-17 22:53:00,45.0,52.37703
1995-08-17 22:54:00,33.0,52.50989
1995-08-17 22:55:00,19.0,53.019997
1995-08-17 22:56:00,15.0,53.448074
1995-08-17 22:57:00,21.0,53.138775
1995-08-17 22:58:00,9.0,52.26052
1995-08-17 22:59:00,12.0,51.660225
1995-08-17 23:00:00,26.000000000000004,50.803284
1995-08-17 23:01:00,16.0,49.646034
1995-08-17 23:02:00,20.0,48.49247
1995-08-17 23:03:00,22.0,47.24912
1995-08-17 23:04:00,24.0,46.88101
1995-08-17 23:05:00,21.0,47.11468
1995-08-17 23:06:00,24.0,46.984653
1995-08-17 23:07:00,3.0,46.21748
1995-08-17 23:08:00,23.0,46.09493
1995-08-17 23:09:00,25.0,45.464966
1995-08-17 23:10:00,36.0,45.939053
1995-08-17 23:11:00,34.0,46.116913
1995-08-17 23:12:00,27.999999999999996,46.89204
1995-08-17 23:13:00,49.0,47.673748
1995-08-17 23:14:00,40.0,48.637184
1995-08-17 23:15:00,44.0,49.99753
1995-08-17 23:16:00,27.999999999999996,51.75736
1995-08-17 23:17:00,40.0,52.912067
1995-08-17 23:18:00,67.0,53.47381
1995-08-17 23:19:00,64.0,53.42716
1995-08-17 23:20:00,55.0,54.289753
1995-08-17 23:21:00,64.0,55.80427
1995-08-17 23:22:00,55.99999999999999,56.889317
1995-08-17 23:23:00,45.0,58.225597
1995-08-17 23:24:00,40.0,59.084515
1995-08-17 23:25:00,34.0,58.87377
1995-08-17 23:26:00,20.0,58.82842
1995-08-17 23:27:00,25.0,59.673683
1995-08-17 23:28:00,25.0,59.149376
1995-08-17 23:29:00,13.999999999999998,58.194084
1995-08-17 23:30:00,12.0,57.126945
1995-08-17 23:31:00,15.0,55.31468
1995-08-17 23:32:00,23.0,53.656322
1995-08-17 23:33:00,38.0,51.649883
1995-08-17 23:34:00,49.0,49.45436
1995-08-17 23:35:00,29.0,49.069763
1995-08-17 23:36:00,27.999999999999996,49.825016
1995-08-17 23:37:00,32.0,50.919743
1995-08-17 23:38:00,30.0,51.37068
1995-08-17 23:39:00,23.0,50.94832
1995-08-17 23:40:00,20.0,50.693123
1995-08-17 23:41:00,31.000000000000004,50.39212
1995-08-17 23:42:00,41.0,49.966568
1995-08-17 23:43:00,35.0,50.05064
1995-08-17 23:44:00,37.0,50.79459
1995-08-17 23:45:00,32.0,51.926117
1995-08-17 23:46:00,30.0,52.402885
1995-08-17 23:47:00,50.99999999999999,52.90591
1995-08-17 23:48:00,22.0,52.55765
1995-08-17 23:49:00,25.0,52.785267
1995-08-17 23:50:00,36.0,52.50691
1995-08-17 23:51:00,33.0,52.333633
1995-08-17 23:52:00,10.0,52.368538
1995-08-17 23:53:00,25.0,51.884697
1995-08-17 23:54:00,20.0,50.58345
1995-08-17 23:55:00,18.0,48.867256
1995-08-17 23:56:00,13.999999999999998,47.094414
1995-08-17 23:57:00,23.0,45.571705
1995-08-17 23:58:00,24.0,43.206253
1995-08-17 23:59:00,16.0,42.56572
1995-08-18 00:00:00,18.0,42.129265
1995-08-18 00:01:00,17.0,40.072304
1995-08-18 00:02:00,19.0,38.423824
1995-08-18 00:03:00,24.0,36.641018
1995-08-18 00:04:00,18.0,35.233883
1995-08-18 00:05:00,31.000000000000004,34.627945
1995-08-18 00:06:00,29.0,33.766697
1995-08-18 00:07:00,30.0,34.293686
1995-08-18 00:08:00,20.0,34.920788
1995-08-18 00:09:00,32.0,35.804325
1995-08-18 00:10:00,25.0,36.18659
1995-08-18 00:11:00,27.999999999999996,37.420326
1995-08-18 00:12:00,32.0,38.09836
1995-08-18 00:13:00,50.99999999999999,38.84166
1995-08-18 00:14:00,23.0,40.17045
1995-08-18 00:15:00,32.0,42.90096
1995-08-18 00:16:00,24.0,44.707535
1995-08-18 00:17:00,44.0,46.363297
1995-08-18 00:18:00,48.0,47.590137
1995-08-18 00:19:00,41.0,48.69527
1995-08-18 00:20:00,15.0,50.012295
1995-08-18 00:21:00,29.0,50.388935
1995-08-18 00:22:00,6.999999999999999,49.75396
1995-08-18 00:23:00,24.0,49.391083
1995-08-18 00:24:00,5.0,47.528408
1995-08-18 00:25:00,12.0,46.638702
1995-08-18 00:26:00,26.000000000000004,44.405624
1995-08-18 00:27:00,12.0,43.1375
1995-08-18 00:28:00,4.0,42.3798
1995-08-18 00:29:00,13.999999999999998,41.352127
1995-08-18 00:30:00,13.999999999999998,39.46979
1995-08-18 00:31:00,22.0,37.64592
1995-08-18 00:32:00,21.0,35.82884
1995-08-18 00:33:00,24.0,35.403652
1995-08-18 00:34:00,17.0,35.86586
1995-08-18 00:35:00,24.0,35.53375
1995-08-18 00:36:00,17.0,35.128635
1995-08-18 00:37:00,32.0,34.454697
1995-08-18 00:38:00,24.0,34.25176
1995-08-18 00:39:00,13.000000000000002,34.140408
1995-08-18 00:40:00,6.999999999999999,34.746655
1995-08-18 00:41:00,8.0,35.566208
1995-08-18 00:42:00,12.0,35.701748
1995-08-18 00:43:00,4.0,35.449036
1995-08-18 00:44:00,20.0,35.767372
1995-08-18 00:45:00,29.0,35.677567
1995-08-18 00:46:00,18.0,36.45066
1995-08-18 00:47:00,24.0,37.87577
1995-08-18 00:48:00,8.0,39.060116
1995-08-18 00:49:00,10.0,40.250206
1995-08-18 00:50:00,25.0,40.49089
1995-08-18 00:51:00,11.0,39.603516
1995-08-18 00:52:00,11.0,38.803078
1995-08-18 00:53:00,19.0,37.34145
1995-08-18 00:54:00,27.999999999999996,36.57172
1995-08-18 00:55:00,23.0,36.472797
1995-08-18 00:56:00,13.999999999999998,36.365517
1995-08-18 00:57:00,22.0,36.68427
1995-08-18 00:58:00,17.0,36.614666
1995-08-18 00:59:00,20.0,36.544113
1995-08-18 01:00:00,30.0,37.128777
1995-08-18 01:01:00,22.0,37.72243
1995-08-18 01:02:00,20.0,38.34886
1995-08-18 01:03:00,23.0,38.923477
1995-08-18 01:04:00,30.0,39.29065
1995-08-18 01:05:00,17.0,39.847637
1995-08-18 01:06:00,17.0,39.925385
1995-08-18 01:07:00,21.0,39.881786
1995-08-18 01:08:00,33.0,40.18062
1995-08-18 01:09:00,29.0,40.255257
1995-08-18 01:10:00,31.000000000000004,40.212933
1995-08-18 01:11:00,22.0,40.73867
1995-08-18 01:12:00,18.0,40.589077
1995-08-18 01:13:00,26.000000000000004,40.597145
1995-08-18 01:14:00,32.0,40.62336
1995-08-18 01:15:00,32.0,40.584015
1995-08-18 01:16:00,36.0,40.879246
1995-08-18 01:17:00,20.0,41.09792
1995-08-18 01:18:00,32.0,42.024113
1995-08-18 01:19:00,13.000000000000002,42.048492
1995-08-18 01:20:00,15.0,42.376743
1995-08-18 01:21:00,21.0,42.679604
1995-08-18 01:22:00,17.0,41.790104
1995-08-18 01:23:00,31.000000000000004,41.187122
1995-08-18 01:24:00,17.0,40.31526
1995-08-18 01:25:00,19.0,40.42399
1995-08-18 01:26:00,24.0,40.309414
1995-08-18 01:27:00,38.0,39.528976
1995-08-18 01:28:00,35.0,38.226635
1995-08-18 01:29:00,13.000000000000002,37.607483
1995-08-18 01:30:00,27.999999999999996,36.308052
1995-08-18 01:31:00,23.0,35.050938
1995-08-18 01:32:00,24.0,35.13982
1995-08-18 01:33:00,27.0,35.721676
1995-08-18 01:34:00,32.0,36.196297
1995-08-18 01:35:00,37.0,37.312664
1995-08-18 01:36:00,29.0,38.25147
1995-08-18 01:37:00,41.0,39.349464
1995-08-18 01:38:00,23.0,40.320007
1995-08-18 01:39:00,18.0,41.4808
1995-08-18 01:40:00,24.0,41.833252
1995-08-18 01:41:00,30.0,41.884678
1995-08-18 01:42:00,22.0,41.926132
1995-08-18 01:43:00,21.0,41.570564
1995-08-18 01:44:00,37.0,41.574684
1995-08-18 01:45:00,17.0,41.329746
1995-08-18 01:46:00,24.0,42.267387
1995-08-18 01:47:00,40.0,42.430702
1995-08-18 01:48:00,26.000000000000004,42.405495
1995-08-18 01:49:00,33.0,42.775917
1995-08-18 01:50:00,31.000000000000004,43.57752
1995-08-18 01:51:00,13.999999999999998,43.736656
1995-08-18 01:52:00,24.0,43.83645
1995-08-18 01:53:00,50.0,43.364838
1995-08-18 01:54:00,35.0,42.951015
1995-08-18 01:55:00,35.0,43.35592
1995-08-18 01:56:00,30.0,43.646473
1995-08-18 01:57:00,48.0,44.04848
1995-08-18 01:58:00,45.0,43.90416
1995-08-18 01:59:00,25.0,45.625984
1995-08-18 02:00:00,22.0,46.696796
1995-08-18 02:01:00,33.0,46.820965
1995-08-18 02:02:00,20.0,46.244064
1995-08-18 02:03:00,19.0,46.14539
1995-08-18 02:04:00,11.0,45.46913
1995-08-18 02:05:00,13.000000000000002,44.26167
1995-08-18 02:06:00,20.0,42.385853
1995-08-18 02:07:00,15.0,40.599594
1995-08-18 02:08:00,23.0,39.73422
1995-08-18 02:09:00,22.0,38.66616
1995-08-18 02:10:00,20.0,37.27104
1995-08-18 02:11:00,36.0,36.076263
1995-08-18 02:12:00,27.999999999999996,34.993916
1995-08-18 02:13:00,16.0,35.32745
1995-08-18 02:14:00,17.0,35.833984
1995-08-18 02:15:00,5.0,35.939293
1995-08-18 02:16:00,6.0,36.176334
1995-08-18 02:17:00,8.0,36.292385
1995-08-18 02:18:00,9.0,35.732643
1995-08-18 02:19:00,10.0,34.594658
1995-08-18 02:20:00,10.0,33.37023
1995-08-18 02:21:00,12.0,32.011154
1995-08-18 02:22:00,27.0,31.268032
1995-08-18 02:23:00,13.000000000000002,30.457378
1995-08-18 02:24:00,6.999999999999999,30.045727
1995-08-18 02:25:00,13.000000000000002,29.541372
1995-08-18 02:26:00,15.0,30.435251
1995-08-18 02:27:00,26.000000000000004,31.15392
1995-08-18 02:28:00,34.0,31.085672
1995-08-18 02:29:00,17.0,32.01186
1995-08-18 02:30:00,15.0,33.172565
1995-08-18 02:31:00,19.0,34.032356
1995-08-18 02:32:00,17.0,34.135567
1995-08-18 02:33:00,19.0,34.717503
1995-08-18 02:34:00,3.0,35.111504
1995-08-18 02:35:00,27.0,34.97566
1995-08-18 02:36:00,39.0,34.482147
1995-08-18 02:37:00,20.0,34.744663
1995-08-18 02:38:00,13.999999999999998,35.25605
1995-08-18 02:39:00,24.0,35.247707
1995-08-18 02:40:00,22.0,35.136883
1995-08-18 02:41:00,27.0,35.456173
1995-08-18 02:42:00,18.0,35.66138
1995-08-18 02:43:00,16.0,36.415592
1995-08-18 02:44:00,15.0,36.69778
1995-08-18 02:45:00,22.0,36.681328
1995-08-18 02:46:00,19.0,34.932785
1995-08-18 02:47:00,9.0,33.690105
1995-08-18 02:48:00,34.0,32.517506
1995-08-18 02:49:00,34.0,31.878237
1995-08-18 02:50:00,9.0,32.383854
1995-08-18 02:51:00,27.0,32.634453
1995-08-18 02:52:00,34.0,32.52525
1995-08-18 02:53:00,26.000000000000004,32.942497
1995-08-18 02:54:00,27.999999999999996,33.644054
1995-08-18 02:55:00,16.0,34.90006
1995-08-18 02:56:00,20.0,36.11659
1995-08-18 02:57:00,12.0,36.727474
1995-08-18 02:58:00,11.0,35.54894
1995-08-18 02:59:00,15.0,34.05917
1995-08-18 03:00:00,31.000000000000004,32.397137
1995-08-18 03:01:00,31.000000000000004,31.04644
1995-08-18 03:02:00,23.0,31.153658
1995-08-18 03:03:00,32.0,31.994715
1995-08-18 03:04:00,25.0,32.801846
1995-08-18 03:05:00,12.0,34.028664
1995-08-18 03:06:00,15.0,34.52129
1995-08-18 03:07:00,13.999999999999998,34.140347
1995-08-18 03:08:00,20.0,34.198265
1995-08-18 03:09:00,15.0,34.345547
1995-08-18 03:10:00,21.0,34.660748
1995-08-18 03:11:00,22.0,34.41196
1995-08-18 03:12:00,20.0,34.483215
1995-08-18 03:13:00,13.000000000000002,35.300854
1995-08-18 03:14:00,16.0,36.149338
1995-08-18 03:15:00,21.0,36.604042
1995-08-18 03:16:00,8.0,36.1012
1995-08-18 03:17:00,10.0,35.61584
1995-08-18 03:18:00,9.0,35.19672
1995-08-18 03:19:00,5.0,33.43451
1995-08-18 03:20:00,8.0,32.97866
1995-08-18 03:21:00,13.999999999999998,32.748367
1995-08-18 03:22:00,9.0,32.640144
1995-08-18 03:23:00,31.000000000000004,33.075603
1995-08-18 03:24:00,34.0,31.384857
1995-08-18 03:25:00,19.0,31.207949
1995-08-18 03:26:00,20.0,32.24153
1995-08-18 03:27:00,20.0,32.815033
1995-08-18 03:28:00,15.0,33.315445
1995-08-18 03:29:00,13.999999999999998,33.18217
1995-08-18 03:30:00,17.0,32.512524
1995-08-18 03:31:00,13.000000000000002,31.46671
1995-08-18 03:32:00,11.0,30.170996
1995-08-18 03:33:00,21.0,30.130217
1995-08-18 03:34:00,22.0,29.612288
1995-08-18 03:35:00,46.0,29.064915
1995-08-18 03:36:00,46.0,29.522755
1995-08-18 03:37:00,21.0,30.850744
1995-08-18 03:38:00,13.000000000000002,33.839176
1995-08-18 03:39:00,20.0,36.41435
1995-08-18 03:40:00,3.0,37.839153
1995-08-18 03:41:00,23.0,38.489265
1995-08-18 03:42:00,8.0,38.161083
1995-08-18 03:43:00,10.0,37.142994
1995-08-18 03:44:00,39.0,35.359142
1995-08-18 03:45:00,22.0,34.99141
1995-08-18 03:46:00,20.0,35.076824
1995-08-18 03:47:00,11.0,36.04923
1995-08-18 03:48:00,27.999999999999996,36.229057
1995-08-18 03:49:00,27.999999999999996,35.93823
1995-08-18 03:50:00,27.0,36.0517
1995-08-18 03:51:00,18.0,36.671913
1995-08-18 03:52:00,13.999999999999998,36.966217
1995-08-18 03:53:00,11.0,36.715595
1995-08-18 03:54:00,13.000000000000002,36.30682
1995-08-18 03:55:00,21.0,36.905704
1995-08-18 03:56:00,25.0,36.037525
1995-08-18 03:57:00,6.0,35.84842
1995-08-18 03:58:00,12.0,35.96942
1995-08-18 03:59:00,6.999999999999999,36.082443
1995-08-18 04:00:00,20.0,34.995934
1995-08-18 04:01:00,32.0,34.22426
1995-08-18 04:02:00,19.0,34.35996
1995-08-18 04:03:00,11.0,34.54622
1995-08-18 04:04:00,11.0,33.527878
1995-08-18 04:05:00,12.0,32.068268
1995-08-18 04:06:00,10.0,30.378056
1995-08-18 04:07:00,17.0,28.929028
1995-08-18 04:08:00,18.0,27.847849
1995-08-18 04:09:00,6.999999999999999,27.570183
1995-08-18 04:10:00,17.0,27.82215
1995-08-18 04:11:00,12.0,28.641638
1995-08-18 04:12:00,16.0,29.050314
1995-08-18 04:13:00,37.0,29.261854
1995-08-18 04:14:00,22.0,29.642166
1995-08-18 04:15:00,16.0,30.786047
1995-08-18 04:16:00,13.000000000000002,32.63972
1995-08-18 04:17:00,11.0,34.32804
1995-08-18 04:18:00,15.0,34.934326
1995-08-18 04:19:00,35.0,34.720623
1995-08-18 04:20:00,13.000000000000002,34.367447
1995-08-18 04:21:00,10.0,34.892303
1995-08-18 04:22:00,8.0,34.431683
1995-08-18 04:23:00,15.0,33.87344
1995-08-18 04:24:00,21.0,34.09068
1995-08-18 04:25:00,20.0,34.011528
1995-08-18 04:26:00,13.000000000000002,34.292614
1995-08-18 04:27:00,13.000000000000002,34.59221
1995-08-18 04:28:00,15.0,34.1342
1995-08-18 04:29:00,5.0,34.001286
1995-08-18 04:30:00,20.0,33.42697
1995-08-18 04:31:00,26.000000000000004,32.806797
1995-08-18 04:32:00,26.000000000000004,32.534
1995-08-18 04:33:00,5.0,32.983154
1995-08-18 04:34:00,4.0,32.974487
1995-08-18 04:35:00,11.0,32.21375
1995-08-18 04:36:00,11.0,32.40222
1995-08-18 04:37:00,9.0,32.31849
1995-08-18 04:38:00,11.0,31.643871
1995-08-18 04:39:00,9.0,31.259884
1995-08-18 04:40:00,13.000000000000002,30.999235
1995-08-18 04:41:00,13.999999999999998,30.333239
1995-08-18 04:42:00,24.0,29.795916
1995-08-18 04:43:00,20.0,29.549677
1995-08-18 04:44:00,17.0,29.572536
1995-08-18 04:45:00,20.0,29.733309
1995-08-18 04:46:00,18.0,29.872705
1995-08-18 04:47:00,8.0,30.205914
1995-08-18 04:48:00,15.0,30.150114
1995-08-18 04:49:00,13.000000000000002,29.544481
1995-08-18 04:50:00,8.0,29.411247
1995-08-18 04:51:00,10.0,28.797607
1995-08-18 04:52:00,18.0,28.544188
1995-08-18 04:53:00,27.999999999999996,28.641262
1995-08-18 04:54:00,17.0,29.208628
1995-08-18 04:55:00,13.999999999999998,30.476074
1995-08-18 04:56:00,30.0,31.889761
1995-08-18 04:57:00,11.0,32.630974
1995-08-18 04:58:00,10.0,33.63975
1995-08-18 04:59:00,15.0,33.818142
1995-08-18 05:00:00,13.000000000000002,33.66562
1995-08-18 05:01:00,6.0,33.601727
1995-08-18 05:02:00,20.0,33.03223
1995-08-18 05:03:00,10.0,31.80142
1995-08-18 05:04:00,21.0,30.558159
1995-08-18 05:05:00,17.0,29.769392
1995-08-18 05:06:00,5.0,29.62482
1995-08-18 05:07:00,12.0,29.645199
1995-08-18 05:08:00,22.0,29.445215
1995-08-18 05:09:00,10.0,29.208616
1995-08-18 05:10:00,10.0,29.655437
1995-08-18 05:11:00,44.0,30.310165
1995-08-18 05:12:00,46.0,30.504889
1995-08-18 05:13:00,23.0,31.901224
1995-08-18 05:14:00,20.0,33.658985
1995-08-18 05:15:00,19.0,34.67206
1995-08-18 05:16:00,19.0,34.586784
1995-08-18 05:17:00,11.0,34.284206
1995-08-18 05:18:00,15.0,34.26457
1995-08-18 05:19:00,24.0,32.85758
1995-08-18 05:20:00,11.0,32.202312
1995-08-18 05:21:00,23.0,32.324745
1995-08-18 05:22:00,4.0,31.622507
1995-08-18 05:23:00,20.0,31.173986
1995-08-18 05:24:00,13.999999999999998,30.372961
1995-08-18 05:25:00,2.0,29.369225
1995-08-18 05:26:00,10.0,28.314789
1995-08-18 05:27:00,19.0,26.15485
1995-08-18 05:28:00,0.0,24.886879
1995-08-18 05:29:00,10.0,24.500267
1995-08-18 05:30:00,27.999999999999996,22.911005
1995-08-18 05:31:00,3.0,22.62444
1995-08-18 05:32:00,9.0,24.411352
1995-08-18 05:33:00,8.0,26.295536
1995-08-18 05:34:00,10.0,27.134922
1995-08-18 05:35:00,8.0,27.811316
1995-08-18 05:36:00,10.0,26.973429
1995-08-18 05:37:00,6.999999999999999,26.68276
1995-08-18 05:38:00,10.0,26.665405
1995-08-18 05:39:00,15.0,27.531994
1995-08-18 05:40:00,13.000000000000002,28.553085
1995-08-18 05:41:00,11.0,28.011097
1995-08-18 05:42:00,9.0,27.8348
1995-08-18 05:43:00,5.0,27.618973
1995-08-18 05:44:00,8.0,27.00094
1995-08-18 05:45:00,25.0,26.350636
1995-08-18 05:46:00,24.0,26.03071
1995-08-18 05:47:00,13.000000000000002,25.776407
1995-08-18 05:48:00,11.0,26.560873
1995-08-18 05:49:00,11.0,27.445332
1995-08-18 05:50:00,23.0,27.208687
1995-08-18 05:51:00,17.0,27.087128
1995-08-18 05:52:00,13.999999999999998,26.815756
1995-08-18 05:53:00,20.0,27.248962
1995-08-18 05:54:00,17.0,28.018557
1995-08-18 05:55:00,22.0,28.739744
1995-08-18 05:56:00,11.0,29.738855
1995-08-18 05:57:00,47.0,30.434887
1995-08-18 05:58:00,32.0,31.30468
1995-08-18 05:59:00,12.0,33.50702
1995-08-18 06:00:00,11.0,34.886868
1995-08-18 06:01:00,13.000000000000002,34.474182
1995-08-18 06:02:00,17.0,34.79857
1995-08-18 06:03:00,11.0,35.779255
1995-08-18 06:04:00,8.0,36.92819
1995-08-18 06:05:00,20.0,36.41575
1995-08-18 06:06:00,23.0,35.32181
1995-08-18 06:07:00,23.0,34.858753
1995-08-18 06:08:00,33.0,34.47347
1995-08-18 06:09:00,24.0,34.56493
1995-08-18 06:10:00,27.0,35.673
1995-08-18 06:11:00,11.0,36.707718
1995-08-18 06:12:00,18.0,37.342903
1995-08-18 06:13:00,15.0,37.48399
1995-08-18 06:14:00,18.0,37.338707
1995-08-18 06:15:00,10.0,36.84611
1995-08-18 06:16:00,6.0,36.32353
1995-08-18 06:17:00,18.0,34.64001
1995-08-18 06:18:00,24.0,33.927338
1995-08-18 06:19:00,15.0,32.534313
1995-08-18 06:20:00,8.0,32.10322
1995-08-18 06:21:00,12.0,32.606346
1995-08-18 06:22:00,13.000000000000002,33.44257
1995-08-18 06:23:00,10.0,33.826115
1995-08-18 06:24:00,29.0,33.940178
1995-08-18 06:25:00,13.000000000000002,33.697647
1995-08-18 06:26:00,9.0,34.388412
1995-08-18 06:27:00,4.0,35.40811
1995-08-18 06:28:00,8.0,35.789467
1995-08-18 06:29:00,16.0,35.30407
1995-08-18 06:30:00,22.0,34.781292
1995-08-18 06:31:00,8.0,34.871647
1995-08-18 06:32:00,13.999999999999998,35.235886
1995-08-18 06:33:00,13.999999999999998,35.195023
1995-08-18 06:34:00,19.0,35.22277
1995-08-18 06:35:00,11.0,34.529804
1995-08-18 06:36:00,6.999999999999999,33.84941
1995-08-18 06:37:00,6.999999999999999,33.716946
1995-08-18 06:38:00,40.0,33.83393
1995-08-18 06:39:00,12.0,33.712975
1995-08-18 06:40:00,16.0,34.425636
1995-08-18 06:41:00,16.0,34.82114
1995-08-18 06:42:00,8.0,35.15638
1995-08-18 06:43:00,27.999999999999996,34.97287
1995-08-18 06:44:00,26.000000000000004,34.84167
1995-08-18 06:45:00,18.0,36.006096
1995-08-18 06:46:00,12.0,36.45369
1995-08-18 06:47:00,6.0,35.90041
1995-08-18 06:48:00,16.0,36.06316
1995-08-18 06:49:00,6.999999999999999,35.33303
1995-08-18 06:50:00,3.0,35.682602
1995-08-18 06:51:00,13.000000000000002,35.744316
1995-08-18 06:52:00,21.0,35.340538
1995-08-18 06:53:00,35.0,34.385567
1995-08-18 06:54:00,30.0,34.583794
1995-08-18 06:55:00,40.0,35.568855
1995-08-18 06:56:00,34.0,37.114952
1995-08-18 06:57:00,43.0,39.31689
1995-08-18 06:58:00,35.0,41.282997
1995-08-18 06:59:00,12.0,43.49797
1995-08-18 07:00:00,29.0,45.028713
1995-08-18 07:01:00,26.000000000000004,44.644836
1995-08-18 07:02:00,25.0,44.991177
1995-08-18 07:03:00,23.0,46.1293
1995-08-18 07:04:00,26.000000000000004,46.087555
1995-08-18 07:05:00,22.0,46.79728
1995-08-18 07:06:00,30.0,46.39325
1995-08-18 07:07:00,16.0,46.324062
1995-08-18 07:08:00,19.0,46.716854
1995-08-18 07:09:00,46.0,46.15313
1995-08-18 07:10:00,31.000000000000004,44.965443
1995-08-18 07:11:00,26.000000000000004,45.512638
1995-08-18 07:12:00,23.0,46.25552
1995-08-18 07:13:00,25.0,46.93979
1995-08-18 07:14:00,37.0,46.95155
1995-08-18 07:15:00,22.0,47.192616
1995-08-18 07:16:00,23.0,47.458866
1995-08-18 07:17:00,59.0,47.833652
1995-08-18 07:18:00,40.0,48.511066
1995-08-18 07:19:00,29.0,50.55064
1995-08-18 07:20:00,22.0,52.28486
1995-08-18 07:21:00,20.0,53.1532
1995-08-18 07:22:00,45.0,53.147915
1995-08-18 07:23:00,21.0,52.027073
1995-08-18 07:24:00,19.0,51.831512
1995-08-18 07:25:00,10.0,52.627644
1995-08-18 07:26:00,24.0,52.63115
1995-08-18 07:27:00,33.0,51.759888
1995-08-18 07:28:00,27.999999999999996,49.866047
1995-08-18 07:29:00,25.0,49.517426
1995-08-18 07:30:00,19.0,49.158012
1995-08-18 07:31:00,15.0,48.61315
1995-08-18 07:32:00,13.000000000000002,47.72357
1995-08-18 07:33:00,40.0,46.288155
1995-08-18 07:34:00,31.000000000000004,44.243362
1995-08-18 07:35:00,24.0,44.2658
1995-08-18 07:36:00,45.0,44.035755
1995-08-18 07:37:00,34.0,44.934166
1995-08-18 07:38:00,17.0,46.53433
1995-08-18 07:39:00,40.0,48.06686
1995-08-18 07:40:00,43.0,49.160957
1995-08-18 07:41:00,55.99999999999999,50.38944
1995-08-18 07:42:00,44.0,51.6644
1995-08-18 07:43:00,27.999999999999996,53.612076
1995-08-18 07:44:00,45.0,54.758907
1995-08-18 07:45:00,18.0,55.45478
1995-08-18 07:46:00,38.0,56.14468
1995-08-18 07:47:00,59.0,55.52105
1995-08-18 07:48:00,33.0,55.233032
1995-08-18 07:49:00,17.0,56.890976
1995-08-18 07:50:00,16.0,57.836872
1995-08-18 07:51:00,48.0,57.932213
1995-08-18 07:52:00,27.999999999999996,57.039505
1995-08-18 07:53:00,17.0,56.801655
1995-08-18 07:54:00,45.0,56.04176
1995-08-18 07:55:00,30.0,53.900185
1995-08-18 07:56:00,25.0,52.443626
1995-08-18 07:57:00,31.000000000000004,51.336143
1995-08-18 07:58:00,23.0,50.412945
1995-08-18 07:59:00,13.999999999999998,49.999325
1995-08-18 08:00:00,35.0,49.26172
1995-08-18 08:01:00,59.0,47.80599
1995-08-18 08:02:00,32.0,47.60022
1995-08-18 08:03:00,46.0,49.077835
1995-08-18 08:04:00,43.0,49.732773
1995-08-18 08:05:00,41.0,50.901627
1995-08-18 08:06:00,58.0,52.3563
1995-08-18 08:07:00,50.99999999999999,54.676685
1995-08-18 08:08:00,55.99999999999999,56.972878
1995-08-18 08:09:00,24.0,59.322956
1995-08-18 08:10:00,32.0,61.39841
1995-08-18 08:11:00,52.00000000000001,61.32447
1995-08-18 08:12:00,39.0,60.655743
1995-08-18 08:13:00,43.0,60.951946
1995-08-18 08:14:00,37.0,61.203514
1995-08-18 08:15:00,26.000000000000004,62.29049
1995-08-18 08:16:00,26.000000000000004,62.818394
1995-08-18 08:17:00,30.0,63.32121
1995-08-18 08:18:00,45.0,62.345673
1995-08-18 08:19:00,36.0,61.650455
1995-08-18 08:20:00,53.0,61.42762
1995-08-18 08:21:00,33.0,61.974922
1995-08-18 08:22:00,20.0,63.082935
1995-08-18 08:23:00,32.0,63.039623
1995-08-18 08:24:00,41.0,62.15015
1995-08-18 08:25:00,49.0,61.135082
1995-08-18 08:26:00,60.0,60.446884
1995-08-18 08:27:00,37.0,60.46683
1995-08-18 08:28:00,49.0,61.366077
1995-08-18 08:29:00,45.0,61.279957
1995-08-18 08:30:00,62.00000000000001,61.160995
1995-08-18 08:31:00,41.0,61.285397
1995-08-18 08:32:00,42.0,62.692253
1995-08-18 08:33:00,41.0,63.24562
1995-08-18 08:34:00,21.0,63.751236
1995-08-18 08:35:00,42.0,63.943466
1995-08-18 08:36:00,38.0,62.85446
1995-08-18 08:37:00,43.0,62.70322
1995-08-18 08:38:00,45.0,62.207767
1995-08-18 08:39:00,33.0,62.646545
1995-08-18 08:40:00,48.0,62.99953
1995-08-18 08:41:00,37.0,62.819202
1995-08-18 08:42:00,31.000000000000004,62.59898
1995-08-18 08:43:00,52.00000000000001,62.733913
1995-08-18 08:44:00,60.0,62.999126
1995-08-18 08:45:00,38.0,64.166824
1995-08-18 08:46:00,75.0,65.75249
1995-08-18 08:47:00,45.0,66.17311
1995-08-18 08:48:00,40.0,68.04415
1995-08-18 08:49:00,72.0,69.132126
1995-08-18 08:50:00,76.0,69.51189
1995-08-18 08:51:00,65.0,71.27278
1995-08-18 08:52:00,19.0,73.354836
1995-08-18 08:53:00,53.0,75.14387
1995-08-18 08:54:00,86.0,74.22414
1995-08-18 08:55:00,66.0,75.08886
1995-08-18 08:56:00,39.0,77.50097
1995-08-18 08:57:00,62.00000000000001,78.95156
1995-08-18 08:58:00,55.99999999999999,79.019066
1995-08-18 08:59:00,58.0,79.466736
1995-08-18 09:00:00,59.0,79.82998
1995-08-18 09:01:00,41.0,80.38438
1995-08-18 09:02:00,60.0,80.84063
1995-08-18 09:03:00,33.0,80.40019
1995-08-18 09:04:00,26.000000000000004,80.13121
1995-08-18 09:05:00,64.0,78.55539
1995-08-18 09:06:00,36.0,76.42548
1995-08-18 09:07:00,39.0,75.282166
1995-08-18 09:08:00,30.0,73.48237
1995-08-18 09:09:00,41.0,72.262695
1995-08-18 09:10:00,52.00000000000001,70.537735
1995-08-18 09:11:00,38.0,70.01841
1995-08-18 09:12:00,37.0,70.48353
1995-08-18 09:13:00,23.0,69.96111
1995-08-18 09:14:00,36.0,69.625496
1995-08-18 09:15:00,44.0,67.77839
1995-08-18 09:16:00,45.0,66.681244
1995-08-18 09:17:00,53.0,66.28798
1995-08-18 09:18:00,60.99999999999999,66.65516
1995-08-18 09:19:00,46.0,67.58576
1995-08-18 09:20:00,27.999999999999996,69.94859
1995-08-18 09:21:00,50.0,71.210884
1995-08-18 09:22:00,48.0,70.45811
1995-08-18 09:23:00,44.0,70.974495
1995-08-18 09:24:00,38.0,71.31496
1995-08-18 09:25:00,39.0,71.260666
1995-08-18 09:26:00,32.0,71.51609
1995-08-18 09:27:00,46.0,71.93845
1995-08-18 09:28:00,36.0,71.38024
1995-08-18 09:29:00,60.99999999999999,71.49742
1995-08-18 09:30:00,50.99999999999999,71.70006
1995-08-18 09:31:00,29.0,72.90978
1995-08-18 09:32:00,45.0,73.82083
1995-08-18 09:33:00,46.0,73.31267
1995-08-18 09:34:00,72.0,72.86747
1995-08-18 09:35:00,70.0,73.424065
1995-08-18 09:36:00,66.0,75.48067
1995-08-18 09:37:00,70.0,77.10896
1995-08-18 09:38:00,62.00000000000001,78.42155
1995-08-18 09:39:00,47.0,79.56665
1995-08-18 09:40:00,55.0,79.69207
1995-08-18 09:41:00,58.0,80.15134
1995-08-18 09:42:00,49.0,79.85832
1995-08-18 09:43:00,50.99999999999999,79.25436
1995-08-18 09:44:00,50.99999999999999,79.32237
1995-08-18 09:45:00,17.0,78.8183
1995-08-18 09:46:00,74.0,78.37972
1995-08-18 09:47:00,57.00000000000001,76.26048
1995-08-18 09:48:00,57.00000000000001,76.78888
1995-08-18 09:49:00,65.0,77.1902
1995-08-18 09:50:00,71.0,77.31232
1995-08-18 09:51:00,63.0,78.04151
1995-08-18 09:52:00,54.0,79.06925
1995-08-18 09:53:00,72.0,80.82112
1995-08-18 09:54:00,65.0,81.50014
1995-08-18 09:55:00,52.00000000000001,82.8916
1995-08-18 09:56:00,52.00000000000001,83.42974
1995-08-18 09:57:00,54.0,84.280136
1995-08-18 09:58:00,54.0,84.9582
1995-08-18 09:59:00,84.0,85.25531
1995-08-18 10:00:00,48.0,85.98231
1995-08-18 10:01:00,46.0,87.2635
1995-08-18 10:02:00,52.00000000000001,87.05212
1995-08-18 10:03:00,85.0,86.624405
1995-08-18 10:04:00,27.999999999999996,86.267204
1995-08-18 10:05:00,34.0,87.48642
1995-08-18 10:06:00,48.0,87.10222
1995-08-18 10:07:00,66.0,85.60584
1995-08-18 10:08:00,74.0,83.62973
1995-08-18 10:09:00,70.0,82.91132
1995-08-18 10:10:00,50.99999999999999,83.69806
1995-08-18 10:11:00,82.0,84.472466
1995-08-18 10:12:00,42.0,85.79552
1995-08-18 10:13:00,53.0,88.46092
1995-08-18 10:14:00,82.0,89.374146
1995-08-18 10:15:00,62.00000000000001,89.19219
1995-08-18 10:16:00,67.0,90.402084
1995-08-18 10:17:00,52.00000000000001,90.58375
1995-08-18 10:18:00,50.0,90.780624
1995-08-18 10:19:00,41.0,90.07403
1995-08-18 10:20:00,31.000000000000004,88.74561
1995-08-18 10:21:00,50.0,87.30537
1995-08-18 10:22:00,48.0,84.79627
1995-08-18 10:23:00,62.00000000000001,83.16126
1995-08-18 10:24:00,38.0,82.72548
1995-08-18 10:25:00,72.0,82.427315
1995-08-18 10:26:00,59.0,81.94231
1995-08-18 10:27:00,83.0,82.17788
1995-08-18 10:28:00,58.0,82.60694
1995-08-18 10:29:00,29.0,84.01282
1995-08-18 10:30:00,37.0,85.10873
1995-08-18 10:31:00,65.0,83.47281
1995-08-18 10:32:00,50.99999999999999,81.9319
1995-08-18 10:33:00,59.0,81.56359
1995-08-18 10:34:00,55.99999999999999,80.866974
1995-08-18 10:35:00,94.0,80.83354
1995-08-18 10:36:00,40.0,81.128876
1995-08-18 10:37:00,40.0,83.914505
1995-08-18 10:38:00,72.0,84.30218
1995-08-18 10:39:00,60.0,84.34818
1995-08-18 10:40:00,63.0,84.87202
1995-08-18 10:41:00,58.0,85.15297
1995-08-18 10:42:00,55.99999999999999,85.79241
1995-08-18 10:43:00,57.00000000000001,85.85564
1995-08-18 10:44:00,79.0,85.59484
1995-08-18 10:45:00,80.0,86.18721
1995-08-18 10:46:00,79.0,88.068184
1995-08-18 10:47:00,75.0,91.5078
1995-08-18 10:48:00,79.0,94.66384
1995-08-18 10:49:00,116.0,96.11606
1995-08-18 10:50:00,55.0,97.767365
1995-08-18 10:51:00,50.99999999999999,101.246056
1995-08-18 10:52:00,55.0,102.91826
1995-08-18 10:53:00,48.0,102.99978
1995-08-18 10:54:00,62.00000000000001,101.366234
1995-08-18 10:55:00,50.0,99.89441
1995-08-18 10:56:00,35.0,98.31272
1995-08-18 10:57:00,33.0,96.18434
1995-08-18 10:58:00,35.0,93.2145
1995-08-18 10:59:00,71.0,89.23537
1995-08-18 11:00:00,41.0,85.984085
1995-08-18 11:01:00,54.0,84.13798
1995-08-18 11:02:00,50.99999999999999,82.04141
1995-08-18 11:03:00,46.0,80.6245
1995-08-18 11:04:00,52.00000000000001,79.94013
1995-08-18 11:05:00,70.0,79.0635
1995-08-18 11:06:00,34.0,78.144066
1995-08-18 11:07:00,33.0,78.91928
1995-08-18 11:08:00,64.0,78.96898
1995-08-18 11:09:00,47.0,78.73164
1995-08-18 11:10:00,44.0,79.263756
1995-08-18 11:11:00,57.00000000000001,78.76847
1995-08-18 11:12:00,40.0,78.028435
1995-08-18 11:13:00,77.0,78.15835
1995-08-18 11:14:00,78.0,78.04019
1995-08-18 11:15:00,44.0,79.476326
1995-08-18 11:16:00,70.0,81.049484
1995-08-18 11:17:00,62.00000000000001,81.651344
1995-08-18 11:18:00,82.0,83.63493
1995-08-18 11:19:00,80.0,84.94147
1995-08-18 11:20:00,60.0,86.99282
1995-08-18 11:21:00,87.0,89.761345
1995-08-18 11:22:00,94.0,92.06175
1995-08-18 11:23:00,62.00000000000001,94.89072
1995-08-18 11:24:00,92.0,97.410545
1995-08-18 11:25:00,101.0,98.61798
1995-08-18 11:26:00,113.0,100.98644
1995-08-18 11:27:00,71.0,104.46261
1995-08-18 11:28:00,60.99999999999999,107.494865
1995-08-18 11:29:00,60.99999999999999,108.29807
1995-08-18 11:30:00,92.0,107.65164
1995-08-18 11:31:00,113.0,107.50048
1995-08-18 11:32:00,68.0,108.25517
1995-08-18 11:33:00,68.0,109.84628
1995-08-18 11:34:00,70.0,110.32447
1995-08-18 11:35:00,85.0,109.403725
1995-08-18 11:36:00,79.0,108.63195
1995-08-18 11:37:00,73.0,108.600426
1995-08-18 11:38:00,48.0,108.41257
1995-08-18 11:39:00,46.0,107.36
1995-08-18 11:40:00,35.0,105.23224
1995-08-18 11:41:00,64.0,102.18429
1995-08-18 11:42:00,74.0,98.00807
1995-08-18 11:43:00,73.0,95.34279
1995-08-18 11:44:00,63.0,93.78392
1995-08-18 11:45:00,69.0,92.906204
1995-08-18 11:46:00,64.0,91.8055
1995-08-18 11:47:00,55.0,91.59887
1995-08-18 11:48:00,77.0,92.76596
1995-08-18 11:49:00,55.0,93.43565
1995-08-18 11:50:00,70.0,93.90063
1995-08-18 11:51:00,40.0,93.548615
1995-08-18 11:52:00,45.0,94.09085
1995-08-18 11:53:00,42.0,92.681946
1995-08-18 11:54:00,35.0,91.30026
1995-08-18 11:55:00,46.0,89.619415
1995-08-18 11:56:00,31.000000000000004,86.893105
1995-08-18 11:57:00,27.0,84.5414
1995-08-18 11:58:00,52.00000000000001,81.91008
1995-08-18 11:59:00,69.0,80.123886
1995-08-18 12:00:00,58.0,79.91133
1995-08-18 12:01:00,82.0,80.65121
1995-08-18 12:02:00,65.0,81.33996
1995-08-18 12:03:00,84.0,83.03967
1995-08-18 12:04:00,82.0,84.319305
1995-08-18 12:05:00,73.0,86.453964
1995-08-18 12:06:00,45.0,88.30969
1995-08-18 12:07:00,54.0,90.42639
1995-08-18 12:08:00,48.0,90.18949
1995-08-18 12:09:00,52.00000000000001,89.890434
1995-08-18 12:10:00,63.0,89.276924
1995-08-18 12:11:00,46.0,88.22098
1995-08-18 12:12:00,40.0,88.060165
1995-08-18 12:13:00,47.0,87.41212
1995-08-18 12:14:00,40.0,86.06679
1995-08-18 12:15:00,63.0,85.024605
1995-08-18 12:16:00,46.0,84.10002
1995-08-18 12:17:00,50.0,84.10174
1995-08-18 12:18:00,60.99999999999999,83.43823
1995-08-18 12:19:00,60.99999999999999,83.46787
1995-08-18 12:20:00,78.0,83.18849
1995-08-18 12:21:00,39.0,83.10967
1995-08-18 12:22:00,68.0,84.43536
1995-08-18 12:23:00,54.0,84.19333
1995-08-18 12:24:00,39.0,84.89478
1995-08-18 12:25:00,45.0,84.77158
1995-08-18 12:26:00,39.0,83.7105
1995-08-18 12:27:00,45.0,82.51292
1995-08-18 12:28:00,62.00000000000001,82.01795
1995-08-18 12:29:00,54.0,81.749
1995-08-18 12:30:00,52.00000000000001,82.27165
1995-08-18 12:31:00,87.0,82.31382
1995-08-18 12:32:00,105.0,82.546936
1995-08-18 12:33:00,45.0,84.70467
1995-08-18 12:34:00,60.99999999999999,88.61315
1995-08-18 12:35:00,84.0,89.564804
1995-08-18 12:36:00,84.0,89.37104
1995-08-18 12:37:00,54.0,90.24179
1995-08-18 12:38:00,36.0,92.06572
1995-08-18 12:39:00,113.0,91.988075
1995-08-18 12:40:00,64.0,89.900215
1995-08-18 12:41:00,71.0,91.93427
1995-08-18 12:42:00,46.0,92.89312
1995-08-18 12:43:00,39.0,94.25398
1995-08-18 12:44:00,36.0,93.66043
1995-08-18 12:45:00,39.0,91.37468
1995-08-18 12:46:00,66.0,88.94119
1995-08-18 12:47:00,93.0,86.823746
1995-08-18 12:48:00,78.0,86.02812
1995-08-18 12:49:00,95.0,88.122025
1995-08-18 12:50:00,46.0,89.65991
1995-08-18 12:51:00,63.0,92.620735
1995-08-18 12:52:00,63.0,93.35164
1995-08-18 12:53:00,63.0,94.77631
1995-08-18 12:54:00,79.0,95.378845
1995-08-18 12:55:00,81.0,95.4775
1995-08-18 12:56:00,67.0,96.578545
1995-08-18 12:57:00,45.0,97.415535
1995-08-18 12:58:00,41.0,97.55668
1995-08-18 12:59:00,37.0,96.30507
1995-08-18 13:00:00,46.0,94.323135
1995-08-18 13:01:00,47.0,91.784294
1995-08-18 13:02:00,69.0,89.755875
1995-08-18 13:03:00,66.0,87.62804
1995-08-18 13:04:00,50.0,87.648994
1995-08-18 13:05:00,60.0,88.07865
1995-08-18 13:06:00,93.0,88.045135
1995-08-18 13:07:00,76.0,87.9177
1995-08-18 13:08:00,80.0,89.061775
1995-08-18 13:09:00,87.0,91.12746
1995-08-18 13:10:00,53.0,94.18337
1995-08-18 13:11:00,96.0,96.12765
1995-08-18 13:12:00,118.0,96.65755
1995-08-18 13:13:00,55.99999999999999,98.37741
1995-08-18 13:14:00,36.0,103.148575
1995-08-18 13:15:00,68.0,104.846054
1995-08-18 13:16:00,59.0,104.32489
1995-08-18 13:17:00,55.0,103.76255
1995-08-18 13:18:00,70.0,102.415
1995-08-18 13:19:00,70.0,100.137535
1995-08-18 13:20:00,87.0,99.56862
1995-08-18 13:21:00,58.0,100.138756
1995-08-18 13:22:00,84.0,101.337
1995-08-18 13:23:00,89.0,102.576416
1995-08-18 13:24:00,53.0,104.71163
1995-08-18 13:25:00,71.0,105.691414
1995-08-18 13:26:00,74.0,104.675026
1995-08-18 13:27:00,91.0,103.46325
1995-08-18 13:28:00,69.0,102.7354
1995-08-18 13:29:00,101.99999999999999,102.52372
1995-08-18 13:30:00,94.0,102.5623
1995-08-18 13:31:00,86.0,103.52767
1995-08-18 13:32:00,84.0,104.37025
1995-08-18 13:33:00,80.0,104.71839
1995-08-18 13:34:00,69.0,105.81634
1995-08-18 13:35:00,60.0,106.242294
1995-08-18 13:36:00,49.0,106.024315
1995-08-18 13:37:00,50.99999999999999,105.104126
1995-08-18 13:38:00,62.00000000000001,103.62396
1995-08-18 13:39:00,101.0,101.5808
1995-08-18 13:40:00,65.0,99.824326
1995-08-18 13:41:00,98.0,101.41559
1995-08-18 13:42:00,52.00000000000001,101.34917
1995-08-18 13:43:00,66.0,102.11602
1995-08-18 13:44:00,67.0,100.92519
1995-08-18 13:45:00,74.0,100.338394
1995-08-18 13:46:00,114.00000000000001,99.230064
1995-08-18 13:47:00,67.0,99.49539
1995-08-18 13:48:00,89.0,101.506996
1995-08-18 13:49:00,70.0,103.1635
1995-08-18 13:50:00,55.0,105.304184
1995-08-18 13:51:00,76.0,107.095085
1995-08-18 13:52:00,60.99999999999999,106.61747
1995-08-18 13:53:00,66.0,107.14356
1995-08-18 13:54:00,82.0,106.634155
1995-08-18 13:55:00,63.0,106.45222
1995-08-18 13:56:00,62.00000000000001,107.712814
1995-08-18 13:57:00,82.0,108.20796
1995-08-18 13:58:00,105.0,107.93683
1995-08-18 13:59:00,84.0,108.51275
1995-08-18 14:00:00,70.0,110.838425
1995-08-18 14:01:00,60.0,111.84645
1995-08-18 14:02:00,103.0,112.1367
1995-08-18 14:03:00,84.0,111.498215
1995-08-18 14:04:00,92.0,112.87024
1995-08-18 14:05:00,136.0,113.472046
1995-08-18 14:06:00,96.0,113.75902
1995-08-18 14:07:00,100.0,115.05692
1995-08-18 14:08:00,121.99999999999999,115.74684
1995-08-18 14:09:00,66.0,116.49712
1995-08-18 14:10:00,53.0,118.43675
1995-08-18 14:11:00,65.0,117.73749
1995-08-18 14:12:00,57.00000000000001,115.94559
1995-08-18 14:13:00,64.0,114.0438
1995-08-18 14:14:00,64.0,111.67327
1995-08-18 14:15:00,88.0,109.98632
1995-08-18 14:16:00,95.0,108.411255
1995-08-18 14:17:00,103.0,107.927986
1995-08-18 14:18:00,50.99999999999999,107.96509
1995-08-18 14:19:00,52.00000000000001,109.537186
1995-08-18 14:20:00,50.99999999999999,108.45286
1995-08-18 14:21:00,55.99999999999999,106.9618
1995-08-18 14:22:00,52.00000000000001,104.94412
1995-08-18 14:23:00,87.0,102.91272
1995-08-18 14:24:00,78.0,100.86136
1995-08-18 14:25:00,41.0,101.42982
1995-08-18 14:26:00,45.0,102.589066
1995-08-18 14:27:00,55.99999999999999,100.842674
1995-08-18 14:28:00,63.0,98.389015
1995-08-18 14:29:00,76.0,96.85
1995-08-18 14:30:00,97.0,95.45472
1995-08-18 14:31:00,58.0,95.4935
1995-08-18 14:32:00,54.0,97.41408
1995-08-18 14:33:00,37.0,97.617966
1995-08-18 14:34:00,27.0,96.6802
1995-08-18 14:35:00,62.00000000000001,94.31754
1995-08-18 14:36:00,40.0,91.39922
1995-08-18 14:37:00,41.0,89.726295
1995-08-18 14:38:00,36.0,87.664375
1995-08-18 14:39:00,69.0,85.93873
1995-08-18 14:40:00,74.0,83.65009
1995-08-18 14:41:00,73.0,83.724365
1995-08-18 14:42:00,89.0,84.11233
1995-08-18 14:43:00,73.0,85.00239
1995-08-18 14:44:00,52.00000000000001,87.10158
1995-08-18 14:45:00,37.0,89.00437
1995-08-18 14:46:00,52.00000000000001,90.45427
1995-08-18 14:47:00,69.0,90.09329
1995-08-18 14:48:00,75.0,89.685
1995-08-18 14:49:00,71.0,89.99621
1995-08-18 14:50:00,75.0,92.519646
1995-08-18 14:51:00,66.0,95.01826
1995-08-18 14:52:00,92.0,96.83447
1995-08-18 14:53:00,60.99999999999999,98.248566
1995-08-18 14:54:00,58.0,100.58381
1995-08-18 14:55:00,25.0,101.045296
1995-08-18 14:56:00,43.0,100.75644
1995-08-18 14:57:00,57.00000000000001,98.8772
1995-08-18 14:58:00,73.0,97.06218
1995-08-18 14:59:00,43.0,95.12955
1995-08-18 15:00:00,66.0,94.937454
1995-08-18 15:01:00,40.0,93.362144
1995-08-18 15:02:00,30.0,92.41182
1995-08-18 15:03:00,72.0,90.55064
1995-08-18 15:04:00,74.0,87.70359
1995-08-18 15:05:00,89.0,87.97638
1995-08-18 15:06:00,106.0,89.3784
1995-08-18 15:07:00,75.0,92.64461
1995-08-18 15:08:00,74.0,96.80556
1995-08-18 15:09:00,70.0,99.621414
1995-08-18 15:10:00,48.0,100.98705
1995-08-18 15:11:00,65.0,101.17685
1995-08-18 15:12:00,72.0,99.537094
1995-08-18 15:13:00,55.99999999999999,98.10858
1995-08-18 15:14:00,41.0,96.10672
1995-08-18 15:15:00,78.0,95.11189
1995-08-18 15:16:00,82.0,93.06543
1995-08-18 15:17:00,84.0,93.374886
1995-08-18 15:18:00,75.0,94.92331
1995-08-18 15:19:00,90.0,97.05941
1995-08-18 15:20:00,53.0,98.37821
1995-08-18 15:21:00,62.00000000000001,100.58627
1995-08-18 15:22:00,60.0,101.04545
1995-08-18 15:23:00,63.0,101.33849
1995-08-18 15:24:00,45.0,100.97311
1995-08-18 15:25:00,92.0,99.46041
1995-08-18 15:26:00,55.0,97.12789
1995-08-18 15:27:00,58.0,97.463295
1995-08-18 15:28:00,74.0,96.71709
1995-08-18 15:29:00,121.99999999999999,95.86631
1995-08-18 15:30:00,82.0,95.31342
1995-08-18 15:31:00,101.0,97.30759
1995-08-18 15:32:00,101.0,99.04485
1995-08-18 15:33:00,60.99999999999999,100.433586
1995-08-18 15:34:00,59.0,102.21181
1995-08-18 15:35:00,62.00000000000001,102.51079
1995-08-18 15:36:00,57.00000000000001,101.3402
1995-08-18 15:37:00,48.0,101.046486
1995-08-18 15:38:00,49.0,99.60368
1995-08-18 15:39:00,68.0,97.98191
1995-08-18 15:40:00,105.0,95.676796
1995-08-18 15:41:00,60.99999999999999,94.89091
1995-08-18 15:42:00,55.0,96.46339
1995-08-18 15:43:00,75.0,96.20342
1995-08-18 15:44:00,45.0,95.87139
1995-08-18 15:45:00,53.0,95.9241
1995-08-18 15:46:00,87.0,95.11188
1995-08-18 15:47:00,78.0,93.31914
1995-08-18 15:48:00,73.0,93.63704
1995-08-18 15:49:00,95.0,93.98693
1995-08-18 15:50:00,88.0,94.20376
1995-08-18 15:51:00,75.0,94.64233
1995-08-18 15:52:00,62.00000000000001,95.46777
1995-08-18 15:53:00,49.0,95.935936
1995-08-18 15:54:00,103.0,95.5053
1995-08-18 15:55:00,74.0,94.06911
1995-08-18 15:56:00,94.0,94.49859
1995-08-18 15:57:00,100.0,94.573494
1995-08-18 15:58:00,84.0,96.809555
1995-08-18 15:59:00,83.0,99.226425
1995-08-18 16:00:00,38.0,101.590225
1995-08-18 16:01:00,57.00000000000001,102.70841
1995-08-18 16:02:00,60.99999999999999,100.99197
1995-08-18 16:03:00,75.0,99.0016
1995-08-18 16:04:00,63.0,97.34629
1995-08-18 16:05:00,108.0,96.727905
1995-08-18 16:06:00,97.0,95.215775
1995-08-18 16:07:00,88.0,96.57378
1995-08-18 16:08:00,84.0,99.51496
1995-08-18 16:09:00,97.0,102.17884
1995-08-18 16:10:00,97.0,104.87325
1995-08-18 16:11:00,66.0,108.02577
1995-08-18 16:12:00,115.0,110.59622
1995-08-18 16:13:00,96.0,110.96822
1995-08-18 16:14:00,67.0,112.56074
1995-08-18 16:15:00,82.0,113.952866
1995-08-18 16:16:00,27.999999999999996,113.182655
1995-08-18 16:17:00,52.00000000000001,112.10225
1995-08-18 16:18:00,74.0,107.5044
1995-08-18 16:19:00,71.0,103.97124
1995-08-18 16:20:00,73.0,101.01645
1995-08-18 16:21:00,80.0,98.909706
1995-08-18 16:22:00,65.0,98.40376
1995-08-18 16:23:00,80.0,97.78269
1995-08-18 16:24:00,43.0,96.417366
1995-08-18 16:25:00,67.0,95.33915
1995-08-18 16:26:00,50.0,92.892815
1995-08-18 16:27:00,75.0,90.64532
1995-08-18 16:28:00,91.0,89.08298
1995-08-18 16:29:00,62.00000000000001,88.147705
1995-08-18 16:30:00,55.0,88.86001
1995-08-18 16:31:00,47.0,88.45238
1995-08-18 16:32:00,59.0,87.93658
1995-08-18 16:33:00,62.00000000000001,86.39908
1995-08-18 16:34:00,87.0,84.90777
1995-08-18 16:35:00,50.99999999999999,83.47604
1995-08-18 16:36:00,30.0,84.24572
1995-08-18 16:37:00,50.0,84.17974
1995-08-18 16:38:00,67.0,83.251495
1995-08-18 16:39:00,63.0,81.99572
1995-08-18 16:40:00,43.0,81.53514
1995-08-18 16:41:00,60.99999999999999,81.221855
1995-08-18 16:42:00,49.0,80.72626
1995-08-18 16:43:00,54.0,81.091805
1995-08-18 16:44:00,32.0,81.51131
1995-08-18 16:45:00,36.0,81.04689
1995-08-18 16:46:00,52.00000000000001,79.66364
1995-08-18 16:47:00,50.99999999999999,77.58926
1995-08-18 16:48:00,47.0,76.71357
1995-08-18 16:49:00,101.0,75.60395
1995-08-18 16:50:00,82.0,75.44313
1995-08-18 16:51:00,91.0,78.107635
1995-08-18 16:52:00,77.0,80.90022
1995-08-18 16:53:00,72.0,83.321144
1995-08-18 16:54:00,1.0,84.93709
1995-08-18 16:55:00,1.0,85.93927
1995-08-18 16:56:00,0.0,84.02098
1995-08-18 16:57:00,0.0,81.40282
1995-08-18 16:58:00,0.0,75.4945
1995-08-18 16:59:00,1.0,67.78743
1995-08-18 17:00:00,0.0,59.541718
1995-08-18 17:01:00,0.0,52.493923
1995-08-18 17:02:00,0.0,45.482224
1995-08-18 17:03:00,0.0,38.919964
1995-08-18 17:04:00,2.0,33.14521
1995-08-18 17:05:00,74.0,28.271467
1995-08-18 17:06:00,76.0,26.87759
1995-08-18 17:07:00,78.0,29.96315
1995-08-18 17:08:00,30.0,35.53107
1995-08-18 17:09:00,53.0,43.36827
1995-08-18 17:10:00,43.0,48.50648
1995-08-18 17:11:00,46.0,53.30846
1995-08-18 17:12:00,48.0,56.75726
1995-08-18 17:13:00,52.00000000000001,59.531425
1995-08-18 17:14:00,50.0,61.463806
1995-08-18 17:15:00,52.00000000000001,63.27788
1995-08-18 17:16:00,63.0,65.08928
1995-08-18 17:17:00,40.0,67.475
1995-08-18 17:18:00,103.0,69.59914
1995-08-18 17:19:00,64.0,70.58499
1995-08-18 17:20:00,66.0,73.640785
1995-08-18 17:21:00,35.0,76.22159
1995-08-18 17:22:00,49.0,78.062096
1995-08-18 17:23:00,29.0,77.34628
1995-08-18 17:24:00,26.000000000000004,76.70185
1995-08-18 17:25:00,87.0,76.00858
1995-08-18 17:26:00,69.0,74.72117
1995-08-18 17:27:00,22.0,75.63381
1995-08-18 17:28:00,52.00000000000001,76.7623
1995-08-18 17:29:00,53.0,75.62869
1995-08-18 17:30:00,54.0,75.0614
1995-08-18 17:31:00,89.0,74.247086
1995-08-18 17:32:00,49.0,73.27328
1995-08-18 17:33:00,75.0,74.05186
1995-08-18 17:34:00,83.0,74.56651
1995-08-18 17:35:00,68.0,75.95715
1995-08-18 17:36:00,62.00000000000001,77.184814
1995-08-18 17:37:00,46.0,78.5922
1995-08-18 17:38:00,53.0,79.79144
1995-08-18 17:39:00,80.0,80.35493
1995-08-18 17:40:00,48.0,80.10338
1995-08-18 17:41:00,50.0,81.07028
1995-08-18 17:42:00,27.999999999999996,80.987755
1995-08-18 17:43:00,36.0,81.3146
1995-08-18 17:44:00,52.00000000000001,80.158035
1995-08-18 17:45:00,50.99999999999999,78.64431
1995-08-18 17:46:00,67.0,77.968834
1995-08-18 17:47:00,57.00000000000001,77.21671
1995-08-18 17:48:00,54.0,78.06136
1995-08-18 17:49:00,53.0,78.407745
1995-08-18 17:50:00,55.99999999999999,77.98938
1995-08-18 17:51:00,32.0,77.5516
1995-08-18 17:52:00,31.000000000000004,77.68048
1995-08-18 17:53:00,42.0,76.57262
1995-08-18 17:54:00,43.0,75.26785
1995-08-18 17:55:00,24.0,74.00315
1995-08-18 17:56:00,39.0,72.955154
1995-08-18 17:57:00,44.0,71.09597
1995-08-18 17:58:00,31.000000000000004,69.38778
1995-08-18 17:59:00,27.0,68.05394
1995-08-18 18:00:00,41.0,66.73437
1995-08-18 18:01:00,46.0,65.11567
1995-08-18 18:02:00,37.0,63.844162
1995-08-18 18:03:00,32.0,62.973854
1995-08-18 18:04:00,31.000000000000004,62.619976
1995-08-18 18:05:00,26.000000000000004,61.581783
1995-08-18 18:06:00,27.0,61.483723
1995-08-18 18:07:00,60.0,61.497017
1995-08-18 18:08:00,32.0,60.713818
1995-08-18 18:09:00,20.0,61.41849
1995-08-18 18:10:00,38.0,61.363956
1995-08-18 18:11:00,37.0,60.6351
1995-08-18 18:12:00,27.999999999999996,61.808723
1995-08-18 18:13:00,35.0,63.036037
1995-08-18 18:14:00,27.0,63.218884
1995-08-18 18:15:00,31.000000000000004,63.688805
1995-08-18 18:16:00,54.0,63.172924
1995-08-18 18:17:00,44.0,62.902615
1995-08-18 18:18:00,43.0,63.782013
1995-08-18 18:19:00,26.000000000000004,64.89692
1995-08-18 18:20:00,60.0,65.21364
1995-08-18 18:21:00,35.0,64.242546
1995-08-18 18:22:00,33.0,65.02052
1995-08-18 18:23:00,37.0,65.033005
1995-08-18 18:24:00,36.0,65.24095
1995-08-18 18:25:00,43.0,65.4048
1995-08-18 18:26:00,50.99999999999999,65.90581
1995-08-18 18:27:00,36.0,66.147026
1995-08-18 18:28:00,50.0,66.740074
1995-08-18 18:29:00,35.0,66.59014
1995-08-18 18:30:00,26.000000000000004,67.83324
1995-08-18 18:31:00,15.0,67.66317
1995-08-18 18:32:00,21.0,66.58137
1995-08-18 18:33:00,13.000000000000002,64.996284
1995-08-18 18:34:00,22.0,63.95599
1995-08-18 18:35:00,19.0,63.12247
1995-08-18 18:36:00,31.000000000000004,62.272476
1995-08-18 18:37:00,22.0,60.80464
1995-08-18 18:38:00,21.0,59.321125
1995-08-18 18:39:00,60.0,57.96762
1995-08-18 18:40:00,43.0,55.64213
1995-08-18 18:41:00,40.0,55.776714
1995-08-18 18:42:00,50.0,56.366913
1995-08-18 18:43:00,30.0,57.27101
1995-08-18 18:44:00,26.000000000000004,58.786175
1995-08-18 18:45:00,23.0,59.69443
1995-08-18 18:46:00,40.0,59.84924
1995-08-18 18:47:00,15.0,59.99466
1995-08-18 18:48:00,27.0,60.251087
1995-08-18 18:49:00,24.0,59.439182
1995-08-18 18:50:00,27.999999999999996,58.637
1995-08-18 18:51:00,36.0,57.79516
1995-08-18 18:52:00,33.0,56.783
1995-08-18 18:53:00,34.0,56.155273
1995-08-18 18:54:00,42.0,55.7598
1995-08-18 18:55:00,52.00000000000001,55.832745
1995-08-18 18:56:00,31.000000000000004,56.116207
1995-08-18 18:57:00,41.0,57.18459
1995-08-18 18:58:00,33.0,57.849808
1995-08-18 18:59:00,57.00000000000001,58.06864
1995-08-18 19:00:00,35.0,57.5228
1995-08-18 19:01:00,31.000000000000004,57.253197
1995-08-18 19:02:00,18.0,56.886642
1995-08-18 19:03:00,26.000000000000004,56.065884
1995-08-18 19:04:00,25.0,54.9051
1995-08-18 19:05:00,22.0,53.8609
1995-08-18 19:06:00,39.0,53.497814
1995-08-18 19:07:00,42.0,53.132717
1995-08-18 19:08:00,32.0,53.30902
1995-08-18 19:09:00,18.0,54.150677
1995-08-18 19:10:00,41.0,55.017185
1995-08-18 19:11:00,24.0,54.986496
1995-08-18 19:12:00,33.0,55.52636
1995-08-18 19:13:00,16.0,56.04788
1995-08-18 19:14:00,10.0,56.851425
1995-08-18 19:15:00,25.0,56.018295
1995-08-18 19:16:00,13.000000000000002,54.330677
1995-08-18 19:17:00,27.0,53.10585
1995-08-18 19:18:00,18.0,51.656437
1995-08-18 19:19:00,60.0,50.86924
1995-08-18 19:20:00,32.0,50.5135
1995-08-18 19:21:00,11.0,51.46789
1995-08-18 19:22:00,24.0,52.17572
1995-08-18 19:23:00,31.000000000000004,51.551414
1995-08-18 19:24:00,34.0,51.101757
1995-08-18 19:25:00,44.0,51.042885
1995-08-18 19:26:00,60.0,51.58572
1995-08-18 19:27:00,50.99999999999999,51.954636
1995-08-18 19:28:00,39.0,53.20756
1995-08-18 19:29:00,25.0,54.789173
1995-08-18 19:30:00,17.0,55.75454
1995-08-18 19:31:00,24.0,56.804123
1995-08-18 19:32:00,27.999999999999996,55.869823
1995-08-18 19:33:00,10.0,55.001934
1995-08-18 19:34:00,38.0,54.75084
1995-08-18 19:35:00,33.0,53.577415
1995-08-18 19:36:00,23.0,53.070347
1995-08-18 19:37:00,47.0,52.442215
1995-08-18 19:38:00,19.0,51.754555
1995-08-18 19:39:00,44.0,52.349167
1995-08-18 19:40:00,24.0,52.065884
1995-08-18 19:41:00,19.0,52.326317
1995-08-18 19:42:00,29.0,52.296066
1995-08-18 19:43:00,21.0,52.183243
1995-08-18 19:44:00,18.0,52.25092
1995-08-18 19:45:00,30.0,51.789497
1995-08-18 19:46:00,13.999999999999998,50.852737
1995-08-18 19:47:00,27.0,50.320366
1995-08-18 19:48:00,19.0,50.1256
1995-08-18 19:49:00,34.0,50.172684
1995-08-18 19:50:00,25.0,49.800705
1995-08-18 19:51:00,35.0,49.680588
1995-08-18 19:52:00,50.99999999999999,49.67603
1995-08-18 19:53:00,20.0,50.70279
1995-08-18 19:54:00,36.0,51.994274
1995-08-18 19:55:00,6.999999999999999,52.835358
1995-08-18 19:56:00,37.0,53.306072
1995-08-18 19:57:00,36.0,52.28599
1995-08-18 19:58:00,37.0,52.340466
1995-08-18 19:59:00,31.000000000000004,53.42098
1995-08-18 20:00:00,35.0,54.6974
1995-08-18 20:01:00,44.0,54.32237
1995-08-18 20:02:00,45.0,53.968037
1995-08-18 20:03:00,22.0,54.146206
1995-08-18 20:04:00,13.999999999999998,54.775425
1995-08-18 20:05:00,26.000000000000004,54.61946
1995-08-18 20:06:00,32.0,53.856976
1995-08-18 20:07:00,22.0,53.594803
1995-08-18 20:08:00,21.0,53.38591
1995-08-18 20:09:00,36.0,52.75409
1995-08-18 20:10:00,45.0,52.02363
1995-08-18 20:11:00,19.0,51.584717
1995-08-18 20:12:00,35.0,52.058395
1995-08-18 20:13:00,24.0,51.706646
1995-08-18 20:14:00,34.0,51.74013
1995-08-18 20:15:00,24.0,51.53586
1995-08-18 20:16:00,16.0,52.056023
1995-08-18 20:17:00,17.0,52.34025
1995-08-18 20:18:00,32.0,52.215286
1995-08-18 20:19:00,22.0,51.09112
1995-08-18 20:20:00,27.999999999999996,50.144554
1995-08-18 20:21:00,31.000000000000004,49.45839
1995-08-18 20:22:00,13.999999999999998,48.90855
1995-08-18 20:23:00,18.0,48.35246
1995-08-18 20:24:00,13.000000000000002,47.349854
1995-08-18 20:25:00,10.0,47.123398
1995-08-18 20:26:00,24.0,46.172146
1995-08-18 20:27:00,41.0,44.639877
1995-08-18 20:28:00,19.0,44.938137
1995-08-18 20:29:00,37.0,46.44282
1995-08-18 20:30:00,37.0,47.01295
1995-08-18 20:31:00,18.0,48.715103
1995-08-18 20:32:00,25.0,51.04558
1995-08-18 20:33:00,24.0,51.679756
1995-08-18 20:34:00,26.000000000000004,52.52108
1995-08-18 20:35:00,6.999999999999999,52.71257
1995-08-18 20:36:00,29.0,51.878464
1995-08-18 20:37:00,6.999999999999999,50.34855
1995-08-18 20:38:00,12.0,49.736446
1995-08-18 20:39:00,16.0,48.66328
1995-08-18 20:40:00,8.0,48.105217
1995-08-18 20:41:00,17.0,46.418404
1995-08-18 20:42:00,37.0,43.951378
1995-08-18 20:43:00,30.0,42.566357
1995-08-18 20:44:00,36.0,42.835197
1995-08-18 20:45:00,16.0,43.05887
1995-08-18 20:46:00,35.0,44.325054
1995-08-18 20:47:00,32.0,44.882324
1995-08-18 20:48:00,26.000000000000004,45.806984
1995-08-18 20:49:00,47.0,46.396023
1995-08-18 20:50:00,20.0,47.3577
1995-08-18 20:51:00,58.0,48.237556
1995-08-18 20:52:00,35.0,48.163643
1995-08-18 20:53:00,41.0,49.789673
1995-08-18 20:54:00,48.0,51.438164
1995-08-18 20:55:00,36.0,53.14538
1995-08-18 20:56:00,37.0,54.875557
1995-08-18 20:57:00,35.0,56.07004
1995-08-18 20:58:00,13.999999999999998,56.87541
1995-08-18 20:59:00,22.0,57.109764
1995-08-18 21:00:00,36.0,56.30976
1995-08-18 21:01:00,17.0,55.41792
1995-08-18 21:02:00,9.0,55.28582
1995-08-18 21:03:00,17.0,54.15674
1995-08-18 21:04:00,30.0,51.39901
1995-08-18 21:05:00,45.0,48.95778
1995-08-18 21:06:00,39.0,48.345444
1995-08-18 21:07:00,70.0,48.591663
1995-08-18 21:08:00,60.99999999999999,49.12781
1995-08-18 21:09:00,49.0,51.336308
1995-08-18 21:10:00,39.0,54.06334
1995-08-18 21:11:00,37.0,56.463
1995-08-18 21:12:00,35.0,57.658703
1995-08-18 21:13:00,37.0,58.203487
1995-08-18 21:14:00,39.0,58.33925
1995-08-18 21:15:00,34.0,57.796326
1995-08-18 21:16:00,33.0,57.989697
1995-08-18 21:17:00,25.0,57.647575
1995-08-18 21:18:00,32.0,57.79119
1995-08-18 21:19:00,42.0,57.639423
1995-08-18 21:20:00,40.0,57.35316
1995-08-18 21:21:00,34.0,57.350082
1995-08-18 21:22:00,27.999999999999996,57.1212
1995-08-18 21:23:00,38.0,55.996693
1995-08-18 21:24:00,27.999999999999996,54.964592
1995-08-18 21:25:00,19.0,54.945133
1995-08-18 21:26:00,22.0,55.040142
1995-08-18 21:27:00,22.0,55.01537
1995-08-18 21:28:00,18.0,54.84323
1995-08-18 21:29:00,18.0,54.249035
1995-08-18 21:30:00,27.999999999999996,53.23154
1995-08-18 21:31:00,43.0,51.823833
1995-08-18 21:32:00,18.0,52.033424
1995-08-18 21:33:00,11.0,52.950104
1995-08-18 21:34:00,16.0,52.606907
1995-08-18 21:35:00,15.0,51.207294
1995-08-18 21:36:00,34.0,49.888817
1995-08-18 21:37:00,35.0,48.86933
1995-08-18 21:38:00,24.0,48.87261
1995-08-18 21:39:00,21.0,49.377552
1995-08-18 21:40:00,24.0,49.66261
1995-08-18 21:41:00,11.0,49.79814
1995-08-18 21:42:00,10.0,49.606228
1995-08-18 21:43:00,39.0,49.688038
1995-08-18 21:44:00,27.0,49.463295
1995-08-18 21:45:00,34.0,49.396122
1995-08-18 21:46:00,9.0,49.341225
1995-08-18 21:47:00,33.0,51.077454
1995-08-18 21:48:00,26.000000000000004,51.27979
1995-08-18 21:49:00,41.0,52.153
1995-08-18 21:50:00,26.000000000000004,52.778175
1995-08-18 21:51:00,26.000000000000004,53.27368
1995-08-18 21:52:00,25.0,53.087437
1995-08-18 21:53:00,26.000000000000004,52.44964
1995-08-18 21:54:00,32.0,52.085518
1995-08-18 21:55:00,30.0,51.474705
1995-08-18 21:56:00,10.0,51.803642
1995-08-18 21:57:00,18.0,52.139046
1995-08-18 21:58:00,22.0,51.910755
1995-08-18 21:59:00,21.0,51.27479
1995-08-18 22:00:00,26.000000000000004,50.17945
1995-08-18 22:01:00,45.0,49.007217
1995-08-18 22:02:00,27.999999999999996,48.178085
1995-08-18 22:03:00,20.0,48.501965
1995-08-18 22:04:00,48.0,48.67652
1995-08-18 22:05:00,29.0,48.589554
1995-08-18 22:06:00,33.0,48.58528
1995-08-18 22:07:00,27.999999999999996,48.286144
1995-08-18 22:08:00,13.000000000000002,48.50753
1995-08-18 22:09:00,23.0,48.475113
1995-08-18 22:10:00,25.0,47.637577
1995-08-18 22:11:00,25.0,47.482357
1995-08-18 22:12:00,32.0,47.906166
1995-08-18 22:13:00,35.0,47.83136
1995-08-18 22:14:00,38.0,48.02912
1995-08-18 22:15:00,38.0,48.266502
1995-08-18 22:16:00,34.0,49.18815
1995-08-18 22:17:00,42.0,49.681866
1995-08-18 22:18:00,37.0,50.920883
1995-08-18 22:19:00,30.0,51.0023
1995-08-18 22:20:00,43.0,51.184116
1995-08-18 22:21:00,40.0,51.385677
1995-08-18 22:22:00,35.0,51.861553
1995-08-18 22:23:00,34.0,52.95737
1995-08-18 22:24:00,33.0,53.58095
1995-08-18 22:25:00,20.0,53.62785
1995-08-18 22:26:00,40.0,53.575287
1995-08-18 22:27:00,24.0,52.922882
1995-08-18 22:28:00,36.0,52.908665
1995-08-18 22:29:00,24.0,52.311726
1995-08-18 22:30:00,49.0,51.970375
1995-08-18 22:31:00,32.0,52.265705
1995-08-18 22:32:00,32.0,53.008144
1995-08-18 22:33:00,34.0,53.27286
1995-08-18 22:34:00,38.0,52.927956
1995-08-18 22:35:00,23.0,52.15664
1995-08-18 22:36:00,71.0,52.45162
1995-08-18 22:37:00,35.0,52.23645
1995-08-18 22:38:00,18.0,53.549896
1995-08-18 22:39:00,13.000000000000002,53.945778
1995-08-18 22:40:00,21.0,53.635483
1995-08-18 22:41:00,41.0,52.476654
1995-08-18 22:42:00,38.0,51.513325
1995-08-18 22:43:00,39.0,51.619007
1995-08-18 22:44:00,50.0,52.374054
1995-08-18 22:45:00,41.0,53.430325
1995-08-18 22:46:00,23.0,54.938183
1995-08-18 22:47:00,31.000000000000004,55.94958
1995-08-18 22:48:00,41.0,55.86494
1995-08-18 22:49:00,36.0,55.698696
1995-08-18 22:50:00,27.999999999999996,55.73057
1995-08-18 22:51:00,35.0,55.763687
1995-08-18 22:52:00,36.0,55.422287
1995-08-18 22:53:00,17.0,55.96396
1995-08-18 22:54:00,25.0,56.576073
1995-08-18 22:55:00,17.0,56.223484
1995-08-18 22:56:00,11.0,55.459705
1995-08-18 22:57:00,8.0,53.91944
1995-08-18 22:58:00,32.0,52.0993
1995-08-18 22:59:00,20.0,50.737816
1995-08-18 23:00:00,43.0,49.927475
1995-08-18 23:01:00,17.0,49.596188
1995-08-18 23:02:00,27.0,50.505547
1995-08-18 23:03:00,16.0,50.704178
1995-08-18 23:04:00,19.0,50.950695
1995-08-18 23:05:00,27.0,50.262478
1995-08-18 23:06:00,20.0,49.569695
1995-08-18 23:07:00,21.0,48.233665
1995-08-18 23:08:00,34.0,46.49717
1995-08-18 23:09:00,26.000000000000004,45.51833
1995-08-18 23:10:00,27.0,45.114323
1995-08-18 23:11:00,17.0,45.405052
1995-08-18 23:12:00,21.0,45.62242
1995-08-18 23:13:00,18.0,45.71095
1995-08-18 23:14:00,19.0,46.031734
1995-08-18 23:15:00,18.0,46.209793
1995-08-18 23:16:00,27.0,45.481483
1995-08-18 23:17:00,32.0,45.206688
1995-08-18 23:18:00,29.0,44.64327
1995-08-18 23:19:00,31.000000000000004,44.690746
1995-08-18 23:20:00,30.0,45.138412
1995-08-18 23:21:00,19.0,46.300972
1995-08-18 23:22:00,30.0,47.076195
1995-08-18 23:23:00,22.0,47.546154
1995-08-18 23:24:00,19.0,47.946175
1995-08-18 23:25:00,16.0,48.209843
1995-08-18 23:26:00,9.0,47.177773
1995-08-18 23:27:00,26.000000000000004,46.387665
1995-08-18 23:28:00,3.0,45.4428
1995-08-18 23:29:00,5.0,44.17213
1995-08-18 23:30:00,23.0,42.29393
1995-08-18 23:31:00,32.0,41.149803
1995-08-18 23:32:00,8.0,40.618553
1995-08-18 23:33:00,24.0,40.956493
1995-08-18 23:34:00,34.0,40.38739
1995-08-18 23:35:00,24.0,40.555943
1995-08-18 23:36:00,12.0,41.23315
1995-08-18 23:37:00,39.0,41.42238
1995-08-18 23:38:00,29.0,40.525696
1995-08-18 23:39:00,23.0,41.182976
1995-08-18 23:40:00,33.0,41.24856
1995-08-18 23:41:00,58.0,41.14542
1995-08-18 23:42:00,13.999999999999998,42.02684
1995-08-18 23:43:00,16.0,44.227726
1995-08-18 23:44:00,35.0,44.857094
1995-08-18 23:45:00,34.0,45.068737
1995-08-18 23:46:00,12.0,45.5099
1995-08-18 23:47:00,48.0,45.584156
1995-08-18 23:48:00,47.0,45.03211
1995-08-18 23:49:00,40.0,45.638252
1995-08-18 23:50:00,59.0,46.97048
1995-08-18 23:51:00,50.0,47.591755
1995-08-18 23:52:00,31.000000000000004,49.27382
1995-08-18 23:53:00,52.00000000000001,51.15441
1995-08-18 23:54:00,31.000000000000004,52.031796
1995-08-18 23:55:00,16.0,53.614544
1995-08-18 23:56:00,18.0,54.7297
1995-08-18 23:57:00,29.0,54.49972
1995-08-18 23:58:00,41.0,53.61102
1995-08-18 23:59:00,42.0,52.501057
1995-08-19 00:00:00,26.000000000000004,51.817406
1995-08-19 00:01:00,27.999999999999996,50.10076
1995-08-19 00:02:00,29.0,47.66239
1995-08-19 00:03:00,37.0,44.977142
1995-08-19 00:04:00,50.0,43.335957
1995-08-19 00:05:00,42.0,42.846226
1995-08-19 00:06:00,52.00000000000001,43.8729
1995-08-19 00:07:00,49.0,44.86404
1995-08-19 00:08:00,53.0,45.787884
1995-08-19 00:09:00,31.000000000000004,47.2852
1995-08-19 00:10:00,43.0,49.164116
1995-08-19 00:11:00,41.0,49.93537
1995-08-19 00:12:00,40.0,50.19256
1995-08-19 00:13:00,17.0,50.371506
1995-08-19 00:14:00,24.0,50.34048
1995-08-19 00:15:00,12.0,49.087723
1995-08-19 00:16:00,15.0,47.330967
1995-08-19 00:17:00,17.0,45.245094
1995-08-19 00:18:00,18.0,42.899464
1995-08-19 00:19:00,38.0,40.776543
1995-08-19 00:20:00,27.999999999999996,39.724453
1995-08-19 00:21:00,27.0,39.461067
1995-08-19 00:22:00,55.0,39.103554
1995-08-19 00:23:00,31.000000000000004,38.94862
1995-08-19 00:24:00,18.0,40.324707
1995-08-19 00:25:00,15.0,41.837605
1995-08-19 00:26:00,10.0,41.441097
1995-08-19 00:27:00,16.0,40.28164
1995-08-19 00:28:00,13.999999999999998,39.650787
1995-08-19 00:29:00,22.0,38.107834
1995-08-19 00:30:00,19.0,36.85014
1995-08-19 00:31:00,50.0,35.670994
1995-08-19 00:32:00,15.0,34.61417
1995-08-19 00:33:00,31.000000000000004,35.106617
1995-08-19 00:34:00,26.000000000000004,35.258053
1995-08-19 00:35:00,33.0,36.21576
1995-08-19 00:36:00,17.0,37.046436
1995-08-19 00:37:00,15.0,37.822758
1995-08-19 00:38:00,32.0,37.40573
1995-08-19 00:39:00,19.0,36.427242
1995-08-19 00:40:00,18.0,36.23075
1995-08-19 00:41:00,36.0,35.920704
1995-08-19 00:42:00,20.0,35.315804
1995-08-19 00:43:00,21.0,35.308796
1995-08-19 00:44:00,29.0,35.24473
1995-08-19 00:45:00,16.0,35.321445
1995-08-19 00:46:00,31.000000000000004,35.34175
1995-08-19 00:47:00,12.0,35.13982
1995-08-19 00:48:00,12.0,36.02362
1995-08-19 00:49:00,34.0,36.176186
1995-08-19 00:50:00,17.0,35.252487
1995-08-19 00:51:00,9.0,35.265842
1995-08-19 00:52:00,5.0,35.227757
1995-08-19 00:53:00,27.0,34.478844
1995-08-19 00:54:00,27.0,32.655262
1995-08-19 00:55:00,24.0,31.924456
1995-08-19 00:56:00,40.0,32.334023
1995-08-19 00:57:00,31.000000000000004,32.832523
1995-08-19 00:58:00,22.0,34.35111
1995-08-19 00:59:00,20.0,35.971775
1995-08-19 01:00:00,19.0,36.915283
1995-08-19 01:01:00,8.0,37.80416
1995-08-19 01:02:00,12.0,38.85697
1995-08-19 01:03:00,17.0,38.509995
1995-08-19 01:04:00,21.0,37.77878
1995-08-19 01:05:00,9.0,37.20191
1995-08-19 01:06:00,25.0,36.630108
1995-08-19 01:07:00,10.0,35.934517
1995-08-19 01:08:00,15.0,35.865772
1995-08-19 01:09:00,13.000000000000002,35.600906
1995-08-19 01:10:00,16.0,35.157406
1995-08-19 01:11:00,16.0,34.332417
1995-08-19 01:12:00,11.0,33.71624
1995-08-19 01:13:00,31.000000000000004,33.866913
1995-08-19 01:14:00,21.0,34.07103
1995-08-19 01:15:00,16.0,34.229156
1995-08-19 01:16:00,6.0,34.413387
1995-08-19 01:17:00,5.0,34.776424
1995-08-19 01:18:00,6.999999999999999,34.297382
1995-08-19 01:19:00,15.0,33.7123
1995-08-19 01:20:00,21.0,33.089306
1995-08-19 01:21:00,22.0,32.525093
1995-08-19 01:22:00,10.0,32.944046
1995-08-19 01:23:00,17.0,33.501465
1995-08-19 01:24:00,19.0,33.369854
1995-08-19 01:25:00,18.0,33.24324
1995-08-19 01:26:00,21.0,33.646637
1995-08-19 01:27:00,23.0,33.935448
1995-08-19 01:28:00,3.0,34.401497
1995-08-19 01:29:00,10.0,35.22964
1995-08-19 01:30:00,20.0,33.628048
1995-08-19 01:31:00,27.999999999999996,32.542767
1995-08-19 01:32:00,21.0,32.41256
1995-08-19 01:33:00,6.0,33.118126
1995-08-19 01:34:00,8.0,33.994694
1995-08-19 01:35:00,18.0,33.91841
1995-08-19 01:36:00,17.0,33.203114
1995-08-19 01:37:00,13.000000000000002,31.675293
1995-08-19 01:38:00,15.0,31.28117
1995-08-19 01:39:00,10.0,31.173676
1995-08-19 01:40:00,6.0,30.808426
1995-08-19 01:41:00,4.0,30.280558
1995-08-19 01:42:00,15.0,29.891909
1995-08-19 01:43:00,6.999999999999999,29.242382
1995-08-19 01:44:00,30.0,29.281069
1995-08-19 01:45:00,16.0,29.887074
1995-08-19 01:46:00,5.0,31.536694
1995-08-19 01:47:00,4.0,32.737534
1995-08-19 01:48:00,6.999999999999999,32.962494
1995-08-19 01:49:00,13.999999999999998,32.291504
1995-08-19 01:50:00,11.0,31.513863
1995-08-19 01:51:00,19.0,30.909224
1995-08-19 01:52:00,37.0,29.876154
1995-08-19 01:53:00,18.0,29.579453
1995-08-19 01:54:00,26.000000000000004,29.970058
1995-08-19 01:55:00,30.0,29.708117
1995-08-19 01:56:00,23.0,30.480095
1995-08-19 01:57:00,27.999999999999996,31.626238
1995-08-19 01:58:00,31.000000000000004,32.573914
1995-08-19 01:59:00,16.0,33.65424
1995-08-19 02:00:00,35.0,35.329865
1995-08-19 02:01:00,24.0,35.07173
1995-08-19 02:02:00,31.000000000000004,35.365402
1995-08-19 02:03:00,47.0,35.415867
1995-08-19 02:04:00,37.0,35.695007
1995-08-19 02:05:00,26.000000000000004,36.844162
1995-08-19 02:06:00,42.0,38.794525
1995-08-19 02:07:00,10.0,40.5109
1995-08-19 02:08:00,20.0,42.09944
1995-08-19 02:09:00,19.0,42.447495
1995-08-19 02:10:00,16.0,42.029472
1995-08-19 02:11:00,2.0,41.61929
1995-08-19 02:12:00,21.0,41.060486
1995-08-19 02:13:00,27.999999999999996,39.658085
1995-08-19 02:14:00,15.0,37.87402
1995-08-19 02:15:00,37.0,37.026897
1995-08-19 02:16:00,35.0,36.05996
1995-08-19 02:17:00,23.0,36.02969
1995-08-19 02:18:00,27.0,36.685314
1995-08-19 02:19:00,6.0,36.831345
1995-08-19 02:20:00,13.000000000000002,37.553074
1995-08-19 02:21:00,16.0,37.273346
1995-08-19 02:22:00,18.0,36.64277
1995-08-19 02:23:00,8.0,36.193962
1995-08-19 02:24:00,12.0,36.023922
1995-08-19 02:25:00,6.999999999999999,35.302753
1995-08-19 02:26:00,13.999999999999998,35.14832
1995-08-19 02:27:00,33.0,35.310448
1995-08-19 02:28:00,17.0,35.530804
1995-08-19 02:29:00,11.0,35.64572
1995-08-19 02:30:00,22.0,35.057495
1995-08-19 02:31:00,19.0,34.39133
1995-08-19 02:32:00,6.0,33.78679
1995-08-19 02:33:00,9.0,33.41921
1995-08-19 02:34:00,13.999999999999998,33.593468
1995-08-19 02:35:00,16.0,33.91194
1995-08-19 02:36:00,18.0,33.944706
1995-08-19 02:37:00,16.0,33.64116
1995-08-19 02:38:00,15.0,33.58001
1995-08-19 02:39:00,9.0,33.372223
1995-08-19 02:40:00,10.0,33.335747
1995-08-19 02:41:00,30.0,32.81332
1995-08-19 02:42:00,19.0,32.17727
1995-08-19 02:43:00,21.0,31.853962
1995-08-19 02:44:00,13.999999999999998,31.001331
1995-08-19 02:45:00,35.0,30.588947
1995-08-19 02:46:00,43.0,30.265116
1995-08-19 02:47:00,27.999999999999996,30.238895
1995-08-19 02:48:00,17.0,31.128685
1995-08-19 02:49:00,16.0,32.34808
1995-08-19 02:50:00,27.999999999999996,33.165527
1995-08-19 02:51:00,16.0,33.668762
1995-08-19 02:52:00,15.0,34.20575
1995-08-19 02:53:00,21.0,34.12743
1995-08-19 02:54:00,15.0,33.74242
1995-08-19 02:55:00,9.0,33.173023
1995-08-19 02:56:00,6.999999999999999,33.607487
1995-08-19 02:57:00,20.0,32.612137
1995-08-19 02:58:00,10.0,31.487047
1995-08-19 02:59:00,4.0,30.720413
1995-08-19 03:00:00,0.0,29.594845
1995-08-19 03:01:00,18.0,27.927778
1995-08-19 03:02:00,11.0,25.73289
1995-08-19 03:03:00,13.999999999999998,24.59969
1995-08-19 03:04:00,27.0,24.474121
1995-08-19 03:05:00,9.0,25.346449
1995-08-19 03:06:00,6.0,27.421614
1995-08-19 03:07:00,12.0,28.979086
1995-08-19 03:08:00,6.0,29.936268
1995-08-19 03:09:00,13.000000000000002,30.287174
1995-08-19 03:10:00,10.0,29.158726
1995-08-19 03:11:00,8.0,28.43337
1995-08-19 03:12:00,11.0,27.86013
1995-08-19 03:13:00,29.0,26.742498
1995-08-19 03:14:00,13.999999999999998,25.444645
1995-08-19 03:15:00,16.0,25.248066
1995-08-19 03:16:00,13.000000000000002,24.850594
1995-08-19 03:17:00,8.0,24.817657
1995-08-19 03:18:00,6.999999999999999,24.865767
1995-08-19 03:19:00,15.0,24.817339
1995-08-19 03:20:00,18.0,25.014414
1995-08-19 03:21:00,13.999999999999998,25.42265
1995-08-19 03:22:00,10.0,26.296936
1995-08-19 03:23:00,6.999999999999999,26.673101
1995-08-19 03:24:00,19.0,26.017849
1995-08-19 03:25:00,23.0,24.964594
1995-08-19 03:26:00,36.0,24.621506
1995-08-19 03:27:00,25.0,24.241772
1995-08-19 03:28:00,12.0,25.220053
1995-08-19 03:29:00,16.0,26.463785
1995-08-19 03:30:00,23.0,26.599709
1995-08-19 03:31:00,17.0,27.992298
1995-08-19 03:32:00,27.999999999999996,29.043638
1995-08-19 03:33:00,9.0,29.177208
1995-08-19 03:34:00,18.0,30.02869
1995-08-19 03:35:00,19.0,30.48538
1995-08-19 03:36:00,6.999999999999999,30.687939
1995-08-19 03:37:00,12.0,31.375635
1995-08-19 03:38:00,29.0,30.743479
1995-08-19 03:39:00,29.0,31.077255
1995-08-19 03:40:00,30.0,32.104572
1995-08-19 03:41:00,27.0,33.209194
1995-08-19 03:42:00,27.999999999999996,33.68515
1995-08-19 03:43:00,17.0,33.916073
1995-08-19 03:44:00,31.000000000000004,34.668636
1995-08-19 03:45:00,35.0,35.109123
1995-08-19 03:46:00,27.0,35.509193
1995-08-19 03:47:00,23.0,36.78543
1995-08-19 03:48:00,17.0,37.59252
1995-08-19 03:49:00,10.0,37.96538
1995-08-19 03:50:00,9.0,37.936405
1995-08-19 03:51:00,26.000000000000004,36.930374
1995-08-19 03:52:00,19.0,35.29153
1995-08-19 03:53:00,29.0,34.471676
1995-08-19 03:54:00,29.0,33.423737
1995-08-19 03:55:00,13.999999999999998,33.074535
1995-08-19 03:56:00,6.0,33.39024
1995-08-19 03:57:00,19.0,33.18145
1995-08-19 03:58:00,11.0,32.45073
1995-08-19 03:59:00,15.0,32.966976
1995-08-19 04:00:00,6.999999999999999,32.98471
1995-08-19 04:01:00,18.0,33.04553
1995-08-19 04:02:00,1.0,32.688896
1995-08-19 04:03:00,10.0,33.18853
1995-08-19 04:04:00,4.0,32.19258
1995-08-19 04:05:00,6.999999999999999,30.853949
1995-08-19 04:06:00,13.000000000000002,29.464882
1995-08-19 04:07:00,6.999999999999999,27.911858
1995-08-19 04:08:00,15.0,27.368832
1995-08-19 04:09:00,10.0,27.279016
1995-08-19 04:10:00,8.0,28.049015
1995-08-19 04:11:00,10.0,28.865944
1995-08-19 04:12:00,27.999999999999996,28.639772
1995-08-19 04:13:00,13.000000000000002,29.005669
1995-08-19 04:14:00,12.0,30.052336
1995-08-19 04:15:00,12.0,30.076895
1995-08-19 04:16:00,13.000000000000002,29.664158
1995-08-19 04:17:00,15.0,29.289042
1995-08-19 04:18:00,25.0,29.640694
1995-08-19 04:19:00,18.0,30.037924
1995-08-19 04:20:00,8.0,30.62202
1995-08-19 04:21:00,13.999999999999998,31.122873
1995-08-19 04:22:00,15.0,31.090498
1995-08-19 04:23:00,16.0,30.118002
1995-08-19 04:24:00,6.999999999999999,28.779078
1995-08-19 04:25:00,2.0,27.659983
1995-08-19 04:26:00,16.0,27.443129
1995-08-19 04:27:00,8.0,26.341377
1995-08-19 04:28:00,6.0,25.721529
1995-08-19 04:29:00,18.0,26.24346
1995-08-19 04:30:00,11.0,25.988976
1995-08-19 04:31:00,2.0,26.285332
1995-08-19 04:32:00,5.0,26.029333
1995-08-19 04:33:00,17.0,26.373083
1995-08-19 04:34:00,16.0,26.86866
1995-08-19 04:35:00,18.0,26.673946
1995-08-19 04:36:00,9.0,26.784973
1995-08-19 04:37:00,15.0,27.152088
1995-08-19 04:38:00,10.0,27.53087
1995-08-19 04:39:00,17.0,27.990784
1995-08-19 04:40:00,13.000000000000002,27.243467
1995-08-19 04:41:00,24.0,26.669724
1995-08-19 04:42:00,10.0,27.235292
1995-08-19 04:43:00,6.999999999999999,27.94781
1995-08-19 04:44:00,16.0,28.318531
1995-08-19 04:45:00,18.0,27.638945
1995-08-19 04:46:00,9.0,26.761635
1995-08-19 04:47:00,6.999999999999999,25.977388
1995-08-19 04:48:00,8.0,25.458279
1995-08-19 04:49:00,13.999999999999998,25.033968
1995-08-19 04:50:00,15.0,24.406778
1995-08-19 04:51:00,13.000000000000002,24.056044
1995-08-19 04:52:00,17.0,23.515688
1995-08-19 04:53:00,12.0,23.654951
1995-08-19 04:54:00,27.0,24.114622
1995-08-19 04:55:00,12.0,25.117954
1995-08-19 04:56:00,8.0,26.75615
1995-08-19 04:57:00,18.0,27.313238
1995-08-19 04:58:00,6.999999999999999,26.796282
1995-08-19 04:59:00,6.999999999999999,26.167015
1995-08-19 05:00:00,6.999999999999999,25.34115
1995-08-19 05:01:00,13.000000000000002,25.191355
1995-08-19 05:02:00,4.0,23.639862
1995-08-19 05:03:00,3.0,22.642988
1995-08-19 05:04:00,6.999999999999999,22.417326
1995-08-19 05:05:00,15.0,22.38794
1995-08-19 05:06:00,17.0,21.921427
1995-08-19 05:07:00,18.0,21.785154
1995-08-19 05:08:00,27.0,21.50304
1995-08-19 05:09:00,26.000000000000004,21.58389
1995-08-19 05:10:00,5.0,22.644623
1995-08-19 05:11:00,2.0,23.811283
1995-08-19 05:12:00,9.0,24.031734
1995-08-19 05:13:00,4.0,23.581026
1995-08-19 05:14:00,18.0,22.805626
1995-08-19 05:15:00,9.0,21.899258
1995-08-19 05:16:00,9.0,21.788834
1995-08-19 05:17:00,11.0,21.324663
1995-08-19 05:18:00,21.0,21.181337
1995-08-19 05:19:00,17.0,21.475254
1995-08-19 05:20:00,19.0,22.096054
1995-08-19 05:21:00,6.999999999999999,23.034298
1995-08-19 05:22:00,13.000000000000002,24.122606
1995-08-19 05:23:00,6.999999999999999,25.02465
1995-08-19 05:24:00,8.0,25.565933
1995-08-19 05:25:00,6.0,25.846489
1995-08-19 05:26:00,4.0,25.436953
1995-08-19 05:27:00,0.0,24.309437
1995-08-19 05:28:00,2.0,23.731165
1995-08-19 05:29:00,10.0,22.60291
1995-08-19 05:30:00,17.0,20.978874
1995-08-19 05:31:00,8.0,19.844027
1995-08-19 05:32:00,15.0,19.922474
1995-08-19 05:33:00,17.0,20.055872
1995-08-19 05:34:00,10.0,20.959614
1995-08-19 05:35:00,6.999999999999999,22.604969
1995-08-19 05:36:00,13.999999999999998,24.080555
1995-08-19 05:37:00,17.0,24.85561
1995-08-19 05:38:00,4.0,25.440638
1995-08-19 05:39:00,6.999999999999999,26.134436
1995-08-19 05:40:00,18.0,25.908659
1995-08-19 05:41:00,5.0,25.621243
1995-08-19 05:42:00,4.0,25.363394
1995-08-19 05:43:00,12.0,24.99648
1995-08-19 05:44:00,8.0,24.212324
1995-08-19 05:45:00,13.000000000000002,24.138475
1995-08-19 05:46:00,1.0,24.42487
1995-08-19 05:47:00,5.0,24.950836
1995-08-19 05:48:00,27.0,25.58539
1995-08-19 05:49:00,6.999999999999999,25.15751
1995-08-19 05:50:00,19.0,25.983995
1995-08-19 05:51:00,8.0,25.8619
1995-08-19 05:52:00,9.0,26.215645
1995-08-19 05:53:00,9.0,26.25127
1995-08-19 05:54:00,6.999999999999999,26.043678
1995-08-19 05:55:00,9.0,25.237944
1995-08-19 05:56:00,3.0,25.43102
1995-08-19 05:57:00,5.0,25.276749
1995-08-19 05:58:00,8.0,26.087683
1995-08-19 05:59:00,5.0,26.649609
1995-08-19 06:00:00,10.0,27.480598
1995-08-19 06:01:00,24.0,27.72411
1995-08-19 06:02:00,11.0,27.259119
1995-08-19 06:03:00,13.000000000000002,27.376764
1995-08-19 06:04:00,10.0,27.144382
1995-08-19 06:05:00,10.0,26.95027
1995-08-19 06:06:00,11.0,26.321161
1995-08-19 06:07:00,15.0,25.339422
1995-08-19 06:08:00,6.0,25.160011
1995-08-19 06:09:00,17.0,24.42476
1995-08-19 06:10:00,20.0,24.15358
1995-08-19 06:11:00,11.0,24.334251
1995-08-19 06:12:00,21.0,24.909742
1995-08-19 06:13:00,12.0,25.748146
1995-08-19 06:14:00,15.0,26.088972
1995-08-19 06:15:00,23.0,26.084862
1995-08-19 06:16:00,13.999999999999998,26.336973
1995-08-19 06:17:00,10.0,26.74101
1995-08-19 06:18:00,13.000000000000002,27.023468
1995-08-19 06:19:00,29.0,27.885355
1995-08-19 06:20:00,21.0,28.087845
1995-08-19 06:21:00,18.0,29.636707
1995-08-19 06:22:00,16.0,31.350863
1995-08-19 06:23:00,9.0,32.0507
1995-08-19 06:24:00,23.0,32.62689
1995-08-19 06:25:00,20.0,32.211178
1995-08-19 06:26:00,19.0,31.94046
1995-08-19 06:27:00,12.0,31.61902
1995-08-19 06:28:00,15.0,31.597185
1995-08-19 06:29:00,12.0,31.734308
1995-08-19 06:30:00,4.0,31.675838
1995-08-19 06:31:00,3.0,31.099234
1995-08-19 06:32:00,9.0,30.851496
1995-08-19 06:33:00,6.999999999999999,29.895487
1995-08-19 06:34:00,16.0,29.210022
1995-08-19 06:35:00,9.0,27.37643
1995-08-19 06:36:00,5.0,26.108253
1995-08-19 06:37:00,16.0,25.173567
1995-08-19 06:38:00,12.0,23.811953
1995-08-19 06:39:00,13.999999999999998,23.308125
1995-08-19 06:40:00,6.0,22.9414
1995-08-19 06:41:00,27.0,23.333311
1995-08-19 06:42:00,12.0,23.390398
1995-08-19 06:43:00,12.0,24.163143
1995-08-19 06:44:00,26.000000000000004,24.413527
1995-08-19 06:45:00,16.0,24.53001
1995-08-19 06:46:00,15.0,25.210117
1995-08-19 06:47:00,9.0,26.104044
1995-08-19 06:48:00,17.0,27.11978
1995-08-19 06:49:00,9.0,28.05885
1995-08-19 06:50:00,6.0,28.698034
1995-08-19 06:51:00,17.0,29.207972
1995-08-19 06:52:00,11.0,28.991613
1995-08-19 06:53:00,13.999999999999998,29.173239
1995-08-19 06:54:00,17.0,28.25706
1995-08-19 06:55:00,13.000000000000002,28.28334
1995-08-19 06:56:00,4.0,28.09284
1995-08-19 06:57:00,20.0,28.028158
1995-08-19 06:58:00,9.0,27.480871
1995-08-19 06:59:00,6.0,28.040798
1995-08-19 07:00:00,21.0,27.518112
1995-08-19 07:01:00,31.000000000000004,27.054827
1995-08-19 07:02:00,16.0,28.175482
1995-08-19 07:03:00,4.0,28.62226
1995-08-19 07:04:00,2.0,29.80757
1995-08-19 07:05:00,21.0,29.56848
1995-08-19 07:06:00,10.0,28.46709
1995-08-19 07:07:00,10.0,28.216772
1995-08-19 07:08:00,5.0,27.978708
1995-08-19 07:09:00,5.0,28.848648
1995-08-19 07:10:00,17.0,28.163034
1995-08-19 07:11:00,19.0,27.630539
1995-08-19 07:12:00,13.999999999999998,28.03188
1995-08-19 07:13:00,3.0,28.47283
1995-08-19 07:14:00,4.0,28.514275
1995-08-19 07:15:00,6.999999999999999,28.257034
1995-08-19 07:16:00,9.0,27.157194
1995-08-19 07:17:00,9.0,27.019573
1995-08-19 07:18:00,4.0,26.943783
1995-08-19 07:19:00,15.0,26.27179
1995-08-19 07:20:00,6.0,24.57608
1995-08-19 07:21:00,19.0,23.180498
1995-08-19 07:22:00,1.0,22.013409
1995-08-19 07:23:00,2.0,21.630404
1995-08-19 07:24:00,9.0,22.0636
1995-08-19 07:25:00,18.0,21.196447
1995-08-19 07:26:00,24.0,20.491962
1995-08-19 07:27:00,16.0,21.124897
1995-08-19 07:28:00,17.0,22.310616
1995-08-19 07:29:00,6.999999999999999,23.571447
1995-08-19 07:30:00,5.0,24.233217
1995-08-19 07:31:00,19.0,24.769337
1995-08-19 07:32:00,16.0,25.01134
1995-08-19 07:33:00,21.0,25.338463
1995-08-19 07:34:00,9.0,25.616549
1995-08-19 07:35:00,3.0,26.331276
1995-08-19 07:36:00,18.0,27.10706
1995-08-19 07:37:00,11.0,27.863674
1995-08-19 07:38:00,10.0,29.226685
1995-08-19 07:39:00,10.0,30.18011
1995-08-19 07:40:00,12.0,30.697649
1995-08-19 07:41:00,5.0,30.408773
1995-08-19 07:42:00,10.0,30.134733
1995-08-19 07:43:00,34.0,29.572613
1995-08-19 07:44:00,13.000000000000002,29.948757
1995-08-19 07:45:00,25.0,31.052982
1995-08-19 07:46:00,5.0,31.697004
1995-08-19 07:47:00,38.0,33.13781
1995-08-19 07:48:00,18.0,33.49878
1995-08-19 07:49:00,13.000000000000002,34.948105
1995-08-19 07:50:00,22.0,36.128746
1995-08-19 07:51:00,45.0,36.246162
1995-08-19 07:52:00,38.0,36.37672
1995-08-19 07:53:00,32.0,37.056053
1995-08-19 07:54:00,32.0,37.916542
1995-08-19 07:55:00,36.0,38.87762
1995-08-19 07:56:00,21.0,39.851715
1995-08-19 07:57:00,33.0,40.85182
1995-08-19 07:58:00,19.0,40.887665
1995-08-19 07:59:00,26.000000000000004,40.763058
1995-08-19 08:00:00,20.0,39.37803
1995-08-19 08:01:00,27.999999999999996,38.736137
1995-08-19 08:02:00,23.0,38.19217
1995-08-19 08:03:00,20.0,38.419857
1995-08-19 08:04:00,26.000000000000004,38.282917
1995-08-19 08:05:00,16.0,38.01352
1995-08-19 08:06:00,25.0,37.12302
1995-08-19 08:07:00,13.999999999999998,36.77467
1995-08-19 08:08:00,13.999999999999998,37.255222
1995-08-19 08:09:00,8.0,36.9422
1995-08-19 08:10:00,13.000000000000002,36.618122
1995-08-19 08:11:00,5.0,35.609318
1995-08-19 08:12:00,12.0,34.731037
1995-08-19 08:13:00,8.0,33.553112
1995-08-19 08:14:00,20.0,32.15863
1995-08-19 08:15:00,13.000000000000002,31.074265
1995-08-19 08:16:00,30.0,31.158522
1995-08-19 08:17:00,24.0,31.621307
1995-08-19 08:18:00,27.999999999999996,32.432426
1995-08-19 08:19:00,22.0,33.841915
1995-08-19 08:20:00,15.0,35.53146
1995-08-19 08:21:00,16.0,36.228546
1995-08-19 08:22:00,27.0,36.50651
1995-08-19 08:23:00,21.0,36.47095
1995-08-19 08:24:00,6.0,37.221565
1995-08-19 08:25:00,20.0,37.709846
1995-08-19 08:26:00,30.0,38.693832
1995-08-19 08:27:00,31.000000000000004,38.541573
1995-08-19 08:28:00,20.0,38.61254
1995-08-19 08:29:00,9.0,37.97223
1995-08-19 08:30:00,22.0,37.041386
1995-08-19 08:31:00,29.0,35.805027
1995-08-19 08:32:00,36.0,34.49704
1995-08-19 08:33:00,13.999999999999998,34.025593
1995-08-19 08:34:00,13.000000000000002,34.4916
1995-08-19 08:35:00,25.0,34.055115
1995-08-19 08:36:00,27.0,33.36449
1995-08-19 08:37:00,21.0,33.55046
1995-08-19 08:38:00,23.0,34.404617
1995-08-19 08:39:00,13.000000000000002,34.746307
1995-08-19 08:40:00,17.0,34.833603
1995-08-19 08:41:00,10.0,34.517754
1995-08-19 08:42:00,20.0,34.099995
1995-08-19 08:43:00,11.0,33.253925
1995-08-19 08:44:00,13.999999999999998,32.541115
1995-08-19 08:45:00,13.000000000000002,31.291822
1995-08-19 08:46:00,9.0,30.462738
1995-08-19 08:47:00,8.0,30.5027
1995-08-19 08:48:00,6.999999999999999,30.060606
1995-08-19 08:49:00,12.0,29.469074
1995-08-19 08:50:00,10.0,29.56174
1995-08-19 08:51:00,17.0,29.504112
1995-08-19 08:52:00,8.0,29.390947
1995-08-19 08:53:00,10.0,30.438015
1995-08-19 08:54:00,10.0,32.250835
1995-08-19 08:55:00,15.0,32.89291
1995-08-19 08:56:00,20.0,34.351242
1995-08-19 08:57:00,19.0,33.940273
1995-08-19 08:58:00,36.0,33.629997
1995-08-19 08:59:00,4.0,33.644283
1995-08-19 09:00:00,12.0,35.25285
1995-08-19 09:01:00,8.0,35.4052
1995-08-19 09:02:00,17.0,34.970757
1995-08-19 09:03:00,18.0,34.991596
1995-08-19 09:04:00,16.0,35.185852
1995-08-19 09:05:00,24.0,35.624687
1995-08-19 09:06:00,11.0,36.605133
1995-08-19 09:07:00,25.0,37.658512
1995-08-19 09:08:00,8.0,37.69774
1995-08-19 09:09:00,31.000000000000004,39.80382
1995-08-19 09:10:00,12.0,40.27689
1995-08-19 09:11:00,6.0,40.59868
1995-08-19 09:12:00,10.0,39.85341
1995-08-19 09:13:00,13.000000000000002,38.384674
1995-08-19 09:14:00,21.0,36.03789
1995-08-19 09:15:00,40.0,34.353054
1995-08-19 09:16:00,26.000000000000004,33.888355
1995-08-19 09:17:00,27.0,34.50846
1995-08-19 09:18:00,15.0,36.077835
1995-08-19 09:19:00,13.999999999999998,37.338234
1995-08-19 09:20:00,23.0,37.388573
1995-08-19 09:21:00,16.0,36.97362
1995-08-19 09:22:00,19.0,37.165737
1995-08-19 09:23:00,41.0,37.775608
1995-08-19 09:24:00,6.0,38.544636
1995-08-19 09:25:00,26.000000000000004,39.977463
1995-08-19 09:26:00,24.0,39.839184
1995-08-19 09:27:00,9.0,40.138035
1995-08-19 09:28:00,39.0,40.289547
1995-08-19 09:29:00,18.0,39.45344
1995-08-19 09:30:00,26.000000000000004,39.71492
1995-08-19 09:31:00,37.0,39.74106
1995-08-19 09:32:00,35.0,39.820526
1995-08-19 09:33:00,15.0,40.915512
1995-08-19 09:34:00,31.000000000000004,41.431202
1995-08-19 09:35:00,25.0,41.554077
1995-08-19 09:36:00,49.0,42.23399
1995-08-19 09:37:00,44.0,42.7655
1995-08-19 09:38:00,40.0,44.979027
1995-08-19 09:39:00,18.0,46.527267
1995-08-19 09:40:00,38.0,48.09807
1995-08-19 09:41:00,31.000000000000004,47.86198
1995-08-19 09:42:00,26.000000000000004,48.28415
1995-08-19 09:43:00,16.0,48.42991
1995-08-19 09:44:00,20.0,48.01791
1995-08-19 09:45:00,22.0,47.22094
1995-08-19 09:46:00,24.0,46.292957
1995-08-19 09:47:00,31.000000000000004,44.80902
1995-08-19 09:48:00,16.0,43.585148
1995-08-19 09:49:00,21.0,42.827324
1995-08-19 09:50:00,20.0,41.91027
1995-08-19 09:51:00,16.0,41.61954
1995-08-19 09:52:00,34.0,42.16414
1995-08-19 09:53:00,29.0,42.056202
1995-08-19 09:54:00,23.0,42.305347
1995-08-19 09:55:00,11.0,42.822994
1995-08-19 09:56:00,19.0,42.886135
1995-08-19 09:57:00,37.0,42.320847
1995-08-19 09:58:00,13.000000000000002,42.26546
1995-08-19 09:59:00,27.999999999999996,42.1877
1995-08-19 10:00:00,18.0,41.342724
1995-08-19 10:01:00,22.0,41.385166
1995-08-19 10:02:00,15.0,41.099915
1995-08-19 10:03:00,16.0,41.791676
1995-08-19 10:04:00,13.999999999999998,41.391823
1995-08-19 10:05:00,30.0,40.654602
1995-08-19 10:06:00,29.0,40.253292
1995-08-19 10:07:00,31.000000000000004,40.827602
1995-08-19 10:08:00,48.0,41.736046
1995-08-19 10:09:00,29.0,43.264076
1995-08-19 10:10:00,11.0,45.291245
1995-08-19 10:11:00,24.0,46.016983
1995-08-19 10:12:00,13.000000000000002,46.43725
1995-08-19 10:13:00,35.0,45.93638
1995-08-19 10:14:00,41.0,44.395138
1995-08-19 10:15:00,36.0,43.65567
1995-08-19 10:16:00,40.0,44.096054
1995-08-19 10:17:00,30.0,44.51459
1995-08-19 10:18:00,16.0,45.184643
1995-08-19 10:19:00,23.0,45.747894
1995-08-19 10:20:00,29.0,45.896793
1995-08-19 10:21:00,26.000000000000004,45.92931
1995-08-19 10:22:00,13.999999999999998,46.29546
1995-08-19 10:23:00,38.0,46.406006
1995-08-19 10:24:00,52.00000000000001,45.38358
1995-08-19 10:25:00,31.000000000000004,44.790344
1995-08-19 10:26:00,35.0,45.58185
1995-08-19 10:27:00,32.0,46.530388
1995-08-19 10:28:00,19.0,47.191887
1995-08-19 10:29:00,45.0,47.75581
1995-08-19 10:30:00,26.000000000000004,47.419304
1995-08-19 10:31:00,35.0,48.17103
1995-08-19 10:32:00,33.0,48.367752
1995-08-19 10:33:00,45.0,49.103558
1995-08-19 10:34:00,19.0,50.267815
1995-08-19 10:35:00,6.0,51.386135
1995-08-19 10:36:00,11.0,50.643177
1995-08-19 10:37:00,20.0,49.199345
1995-08-19 10:38:00,19.0,47.466503
1995-08-19 10:39:00,29.0,46.746284
1995-08-19 10:40:00,16.0,46.398144
1995-08-19 10:41:00,6.0,46.18541
1995-08-19 10:42:00,8.0,46.45278
1995-08-19 10:43:00,6.999999999999999,45.14165
1995-08-19 10:44:00,11.0,43.2702
1995-08-19 10:45:00,3.0,41.290573
1995-08-19 10:46:00,32.0,39.879154
1995-08-19 10:47:00,27.0,38.31033
1995-08-19 10:48:00,15.0,37.73641
1995-08-19 10:49:00,17.0,37.785316
1995-08-19 10:50:00,17.0,36.948936
1995-08-19 10:51:00,30.0,36.74849
1995-08-19 10:52:00,25.0,37.815605
1995-08-19 10:53:00,16.0,37.9133
1995-08-19 10:54:00,22.0,38.139973
1995-08-19 10:55:00,31.000000000000004,37.912235
1995-08-19 10:56:00,27.0,37.68428
1995-08-19 10:57:00,30.0,38.50791
1995-08-19 10:58:00,55.99999999999999,39.107918
1995-08-19 10:59:00,45.0,39.741886
1995-08-19 11:00:00,37.0,42.31703
1995-08-19 11:01:00,27.999999999999996,45.3767
1995-08-19 11:02:00,27.999999999999996,47.77654
1995-08-19 11:03:00,15.0,48.67714
1995-08-19 11:04:00,11.0,47.6891
1995-08-19 11:05:00,21.0,46.92024
1995-08-19 11:06:00,16.0,45.603313
1995-08-19 11:07:00,13.999999999999998,44.681473
1995-08-19 11:08:00,13.999999999999998,43.591343
1995-08-19 11:09:00,10.0,41.836216
1995-08-19 11:10:00,10.0,40.763874
1995-08-19 11:11:00,21.0,38.827995
1995-08-19 11:12:00,22.0,38.239044
1995-08-19 11:13:00,16.0,38.77076
1995-08-19 11:14:00,20.0,39.424118
1995-08-19 11:15:00,12.0,39.63483
1995-08-19 11:16:00,18.0,39.839794
1995-08-19 11:17:00,31.000000000000004,39.82697
1995-08-19 11:18:00,40.0,39.88138
1995-08-19 11:19:00,10.0,40.47197
1995-08-19 11:20:00,26.000000000000004,41.893036
1995-08-19 11:21:00,13.000000000000002,41.90921
1995-08-19 11:22:00,23.0,42.073887
1995-08-19 11:23:00,29.0,41.918983
1995-08-19 11:24:00,24.0,42.190216
1995-08-19 11:25:00,46.0,43.415085
1995-08-19 11:26:00,27.999999999999996,43.95637
1995-08-19 11:27:00,17.0,45.455452
1995-08-19 11:28:00,15.0,45.982384
1995-08-19 11:29:00,34.0,44.984085
1995-08-19 11:30:00,24.0,44.090668
1995-08-19 11:31:00,27.0,44.48876
1995-08-19 11:32:00,34.0,44.222107
1995-08-19 11:33:00,36.0,44.169228
1995-08-19 11:34:00,30.0,44.278454
1995-08-19 11:35:00,16.0,44.648136
1995-08-19 11:36:00,21.0,45.73116
1995-08-19 11:37:00,27.999999999999996,46.306873
1995-08-19 11:38:00,43.0,47.30549
1995-08-19 11:39:00,12.0,47.92329
1995-08-19 11:40:00,25.0,48.60846
1995-08-19 11:41:00,33.0,48.414677
1995-08-19 11:42:00,36.0,48.793434
1995-08-19 11:43:00,27.0,49.399376
1995-08-19 11:44:00,23.0,49.649113
1995-08-19 11:45:00,13.999999999999998,50.32948
1995-08-19 11:46:00,26.000000000000004,50.587017
1995-08-19 11:47:00,43.0,50.275105
1995-08-19 11:48:00,13.999999999999998,49.57173
1995-08-19 11:49:00,22.0,49.84164
1995-08-19 11:50:00,42.0,48.902695
1995-08-19 11:51:00,29.0,47.423843
1995-08-19 11:52:00,26.000000000000004,46.72982
1995-08-19 11:53:00,31.000000000000004,46.44885
1995-08-19 11:54:00,49.0,46.124805
1995-08-19 11:55:00,23.0,45.341717
1995-08-19 11:56:00,29.0,45.87469
1995-08-19 11:57:00,31.000000000000004,46.22581
1995-08-19 11:58:00,27.0,46.078556
1995-08-19 11:59:00,13.999999999999998,46.07287
1995-08-19 12:00:00,27.999999999999996,45.650955
1995-08-19 12:01:00,9.0,44.59467
1995-08-19 12:02:00,23.0,44.003036
1995-08-19 12:03:00,13.999999999999998,42.746624
1995-08-19 12:04:00,19.0,41.391518
1995-08-19 12:05:00,41.0,40.73945
1995-08-19 12:06:00,48.0,40.789726
1995-08-19 12:07:00,41.0,41.98487
1995-08-19 12:08:00,29.0,43.815216
1995-08-19 12:09:00,43.0,45.318333
1995-08-19 12:10:00,33.0,46.7408
1995-08-19 12:11:00,35.0,48.106735
1995-08-19 12:12:00,18.0,49.254765
1995-08-19 12:13:00,13.999999999999998,49.34893
1995-08-19 12:14:00,30.0,48.71126
1995-08-19 12:15:00,31.000000000000004,47.034054
1995-08-19 12:16:00,31.000000000000004,46.891605
1995-08-19 12:17:00,41.0,48.07635
1995-08-19 12:18:00,34.0,49.008034
1995-08-19 12:19:00,22.0,49.917206
1995-08-19 12:20:00,16.0,49.93312
1995-08-19 12:21:00,17.0,49.923153
1995-08-19 12:22:00,11.0,49.105698
1995-08-19 12:23:00,20.0,48.196236
1995-08-19 12:24:00,34.0,46.46375
1995-08-19 12:25:00,18.0,44.58244
1995-08-19 12:26:00,13.000000000000002,43.97735
1995-08-19 12:27:00,26.000000000000004,43.66657
1995-08-19 12:28:00,4.0,42.77987
1995-08-19 12:29:00,6.999999999999999,42.30167
1995-08-19 12:30:00,27.999999999999996,41.349277
1995-08-19 12:31:00,26.000000000000004,39.919014
1995-08-19 12:32:00,13.999999999999998,39.480785
1995-08-19 12:33:00,38.0,40.204094
1995-08-19 12:34:00,27.0,40.842667
1995-08-19 12:35:00,36.0,41.735683
1995-08-19 12:36:00,18.0,43.197884
1995-08-19 12:37:00,26.000000000000004,45.032955
1995-08-19 12:38:00,17.0,46.438774
1995-08-19 12:39:00,32.0,47.418266
1995-08-19 12:40:00,36.0,47.587067
1995-08-19 12:41:00,36.0,47.97881
1995-08-19 12:42:00,17.0,48.823856
1995-08-19 12:43:00,49.0,49.003098
1995-08-19 12:44:00,30.0,48.501846
1995-08-19 12:45:00,20.0,49.405533
1995-08-19 12:46:00,19.0,49.85119
1995-08-19 12:47:00,30.0,49.59048
1995-08-19 12:48:00,26.000000000000004,48.65049
1995-08-19 12:49:00,30.0,48.059013
1995-08-19 12:50:00,22.0,47.61593
1995-08-19 12:51:00,32.0,47.421158
1995-08-19 12:52:00,30.0,47.03534
1995-08-19 12:53:00,18.0,47.08692
1995-08-19 12:54:00,20.0,47.834225
1995-08-19 12:55:00,10.0,47.286026
1995-08-19 12:56:00,19.0,46.25692
1995-08-19 12:57:00,11.0,44.36937
1995-08-19 12:58:00,29.0,43.757717
1995-08-19 12:59:00,18.0,43.09976
1995-08-19 13:00:00,15.0,42.14547
1995-08-19 13:01:00,9.0,41.25621
1995-08-19 13:02:00,26.000000000000004,41.291054
1995-08-19 13:03:00,46.0,40.204895
1995-08-19 13:04:00,31.000000000000004,40.22391
1995-08-19 13:05:00,19.0,41.159775
1995-08-19 13:06:00,9.0,41.7526
1995-08-19 13:07:00,18.0,42.139862
1995-08-19 13:08:00,54.0,41.981556
1995-08-19 13:09:00,37.0,42.144127
1995-08-19 13:10:00,19.0,43.579376
1995-08-19 13:11:00,30.0,45.49676
1995-08-19 13:12:00,6.0,45.938423
1995-08-19 13:13:00,13.000000000000002,46.76948
1995-08-19 13:14:00,13.000000000000002,46.582863
1995-08-19 13:15:00,18.0,46.13406
1995-08-19 13:16:00,10.0,46.055077
1995-08-19 13:17:00,27.999999999999996,46.036034
1995-08-19 13:18:00,50.99999999999999,45.08547
1995-08-19 13:19:00,35.0,45.535038
1995-08-19 13:20:00,20.0,46.888355
1995-08-19 13:21:00,35.0,48.435658
1995-08-19 13:22:00,16.0,49.29769
1995-08-19 13:23:00,34.0,49.69753
1995-08-19 13:24:00,21.0,48.19562
1995-08-19 13:25:00,20.0,47.636425
1995-08-19 13:26:00,16.0,47.19823
1995-08-19 13:27:00,16.0,47.234806
1995-08-19 13:28:00,13.000000000000002,46.83156
1995-08-19 13:29:00,27.0,46.60741
1995-08-19 13:30:00,13.999999999999998,45.660915
1995-08-19 13:31:00,11.0,45.851772
1995-08-19 13:32:00,6.0,45.212406
1995-08-19 13:33:00,9.0,44.67456
1995-08-19 13:34:00,21.0,43.968906
1995-08-19 13:35:00,22.0,42.94011
1995-08-19 13:36:00,21.0,42.31937
1995-08-19 13:37:00,25.0,42.687847
1995-08-19 13:38:00,13.000000000000002,43.225697
1995-08-19 13:39:00,29.0,43.85805
1995-08-19 13:40:00,31.000000000000004,43.45101
1995-08-19 13:41:00,24.0,44.345776
1995-08-19 13:42:00,20.0,45.229748
1995-08-19 13:43:00,13.999999999999998,46.417732
1995-08-19 13:44:00,41.0,46.976498
1995-08-19 13:45:00,12.0,46.81303
1995-08-19 13:46:00,36.0,46.92808
1995-08-19 13:47:00,43.0,46.47731
1995-08-19 13:48:00,37.0,47.190933
1995-08-19 13:49:00,49.0,48.099163
1995-08-19 13:50:00,20.0,49.093807
1995-08-19 13:51:00,19.0,50.611176
1995-08-19 13:52:00,19.0,50.754784
1995-08-19 13:53:00,21.0,50.11525
1995-08-19 13:54:00,24.0,49.91864
1995-08-19 13:55:00,19.0,49.25935
1995-08-19 13:56:00,31.000000000000004,49.269135
1995-08-19 13:57:00,25.0,48.6243
1995-08-19 13:58:00,32.0,49.393757
1995-08-19 13:59:00,27.999999999999996,48.827797
1995-08-19 14:00:00,27.999999999999996,48.71926
1995-08-19 14:01:00,38.0,48.998188
1995-08-19 14:02:00,40.0,49.577343
1995-08-19 14:03:00,52.00000000000001,50.398125
1995-08-19 14:04:00,18.0,51.216953
1995-08-19 14:05:00,36.0,52.702393
1995-08-19 14:06:00,38.0,52.22497
1995-08-19 14:07:00,31.000000000000004,52.064873
1995-08-19 14:08:00,43.0,52.256294
1995-08-19 14:09:00,35.0,51.68772
1995-08-19 14:10:00,13.000000000000002,51.680397
1995-08-19 14:11:00,24.0,52.285595
1995-08-19 14:12:00,16.0,51.907257
1995-08-19 14:13:00,29.0,51.1001
1995-08-19 14:14:00,24.0,50.276146
1995-08-19 14:15:00,19.0,50.72363
1995-08-19 14:16:00,20.0,51.477245
1995-08-19 14:17:00,17.0,51.07825
1995-08-19 14:18:00,24.0,49.986435
1995-08-19 14:19:00,47.0,49.316967
1995-08-19 14:20:00,22.0,49.39047
1995-08-19 14:21:00,35.0,49.87438
1995-08-19 14:22:00,16.0,49.782627
1995-08-19 14:23:00,17.0,50.470226
1995-08-19 14:24:00,16.0,49.959312
1995-08-19 14:25:00,17.0,48.60171
1995-08-19 14:26:00,47.0,47.278328
1995-08-19 14:27:00,48.0,45.948704
1995-08-19 14:28:00,33.0,46.236725
1995-08-19 14:29:00,22.0,47.620216
1995-08-19 14:30:00,55.0,48.91625
1995-08-19 14:31:00,48.0,48.869205
1995-08-19 14:32:00,57.00000000000001,50.92129
1995-08-19 14:33:00,22.0,53.364105
1995-08-19 14:34:00,26.000000000000004,55.460503
1995-08-19 14:35:00,41.0,55.973885
1995-08-19 14:36:00,70.0,55.932236
1995-08-19 14:37:00,15.0,56.676746
1995-08-19 14:38:00,38.0,58.907364
1995-08-19 14:39:00,33.0,57.913746
1995-08-19 14:40:00,31.000000000000004,57.03789
1995-08-19 14:41:00,50.0,56.18887
1995-08-19 14:42:00,44.0,56.111935
1995-08-19 14:43:00,34.0,56.00677
1995-08-19 14:44:00,44.0,56.133045
1995-08-19 14:45:00,50.0,56.82854
1995-08-19 14:46:00,38.0,56.93123
1995-08-19 14:47:00,38.0,57.601498
1995-08-19 14:48:00,45.0,57.49399
1995-08-19 14:49:00,53.0,57.46629
1995-08-19 14:50:00,29.0,57.4731
1995-08-19 14:51:00,36.0,58.239155
1995-08-19 14:52:00,43.0,57.51841
1995-08-19 14:53:00,30.0,57.87172
1995-08-19 14:54:00,22.0,58.447178
1995-08-19 14:55:00,15.0,58.815975
1995-08-19 14:56:00,24.0,58.085957
1995-08-19 14:57:00,20.0,56.462234
1995-08-19 14:58:00,34.0,54.4956
1995-08-19 14:59:00,26.000000000000004,53.10559
1995-08-19 15:00:00,27.0,51.73179
1995-08-19 15:01:00,45.0,50.64719
1995-08-19 15:02:00,62.00000000000001,50.055008
1995-08-19 15:03:00,25.0,50.8171
1995-08-19 15:04:00,33.0,52.714947
1995-08-19 15:05:00,31.000000000000004,53.676136
1995-08-19 15:06:00,34.0,54.30708
1995-08-19 15:07:00,23.0,54.383236
1995-08-19 15:08:00,23.0,54.284027
1995-08-19 15:09:00,34.0,53.704906
1995-08-19 15:10:00,15.0,53.193024
1995-08-19 15:11:00,19.0,52.71998
1995-08-19 15:12:00,20.0,51.488575
1995-08-19 15:13:00,27.0,49.775845
1995-08-19 15:14:00,33.0,47.895634
1995-08-19 15:15:00,18.0,46.672653
1995-08-19 15:16:00,44.0,46.53784
1995-08-19 15:17:00,50.99999999999999,45.91139
1995-08-19 15:18:00,43.0,46.834858
1995-08-19 15:19:00,41.0,48.285385
1995-08-19 15:20:00,30.0,50.376232
1995-08-19 15:21:00,13.000000000000002,52.01226
1995-08-19 15:22:00,31.000000000000004,52.786034
1995-08-19 15:23:00,22.0,51.98382
1995-08-19 15:24:00,31.000000000000004,51.893013
1995-08-19 15:25:00,45.0,51.151737
1995-08-19 15:26:00,24.0,51.0177
1995-08-19 15:27:00,39.0,51.13872
1995-08-19 15:28:00,18.0,51.18057
1995-08-19 15:29:00,26.000000000000004,52.495583
1995-08-19 15:30:00,34.0,53.103165
1995-08-19 15:31:00,23.0,53.63599
1995-08-19 15:32:00,23.0,54.237885
1995-08-19 15:33:00,13.999999999999998,53.942738
1995-08-19 15:34:00,20.0,54.014023
1995-08-19 15:35:00,30.0,53.783195
1995-08-19 15:36:00,36.0,53.543785
1995-08-19 15:37:00,27.999999999999996,52.941063
1995-08-19 15:38:00,19.0,51.92256
1995-08-19 15:39:00,23.0,50.841854
1995-08-19 15:40:00,23.0,50.41492
1995-08-19 15:41:00,34.0,49.661015
1995-08-19 15:42:00,17.0,49.41587
1995-08-19 15:43:00,18.0,49.74424
1995-08-19 15:44:00,17.0,49.299793
1995-08-19 15:45:00,27.0,48.893887
1995-08-19 15:46:00,35.0,48.237343
1995-08-19 15:47:00,38.0,47.4972
1995-08-19 15:48:00,15.0,48.05714
1995-08-19 15:49:00,32.0,48.614967
1995-08-19 15:50:00,32.0,48.30476
1995-08-19 15:51:00,21.0,48.375023
1995-08-19 15:52:00,47.0,49.307266
1995-08-19 15:53:00,33.0,49.814037
1995-08-19 15:54:00,20.0,50.88233
1995-08-19 15:55:00,26.000000000000004,51.61717
1995-08-19 15:56:00,44.0,51.981583
1995-08-19 15:57:00,20.0,52.095356
1995-08-19 15:58:00,24.0,52.750862
1995-08-19 15:59:00,24.0,53.059017
1995-08-19 16:00:00,23.0,52.864216
1995-08-19 16:01:00,38.0,53.33516
1995-08-19 16:02:00,16.0,53.375385
1995-08-19 16:03:00,22.0,53.318424
1995-08-19 16:04:00,21.0,52.359142
1995-08-19 16:05:00,39.0,52.02567
1995-08-19 16:06:00,10.0,51.56864
1995-08-19 16:07:00,13.999999999999998,51.874237
1995-08-19 16:08:00,18.0,51.202156
1995-08-19 16:09:00,20.0,50.1336
1995-08-19 16:10:00,17.0,48.723766
1995-08-19 16:11:00,24.0,47.266117
1995-08-19 16:12:00,26.000000000000004,45.32562
1995-08-19 16:13:00,30.0,45.215908
1995-08-19 16:14:00,15.0,45.098133
1995-08-19 16:15:00,25.0,45.210503
1995-08-19 16:16:00,22.0,44.828407
1995-08-19 16:17:00,24.0,45.262665
1995-08-19 16:18:00,16.0,45.49133
1995-08-19 16:19:00,9.0,45.41804
1995-08-19 16:20:00,31.000000000000004,44.904423
1995-08-19 16:21:00,30.0,44.116585
1995-08-19 16:22:00,6.0,44.312454
1995-08-19 16:23:00,13.999999999999998,44.77955
1995-08-19 16:24:00,18.0,44.014046
1995-08-19 16:25:00,50.0,43.868153
1995-08-19 16:26:00,27.0,43.76798
1995-08-19 16:27:00,40.0,45.036724
1995-08-19 16:28:00,50.0,46.033943
1995-08-19 16:29:00,50.0,47.115902
1995-08-19 16:30:00,37.0,48.977844
1995-08-19 16:31:00,27.999999999999996,51.24242
1995-08-19 16:32:00,11.0,52.93376
1995-08-19 16:33:00,26.000000000000004,53.177937
1995-08-19 16:34:00,18.0,52.048233
1995-08-19 16:35:00,15.0,51.572376
1995-08-19 16:36:00,12.0,51.295414
1995-08-19 16:37:00,22.0,50.20931
1995-08-19 16:38:00,15.0,48.669636
1995-08-19 16:39:00,42.0,47.176342
1995-08-19 16:40:00,19.0,45.93704
1995-08-19 16:41:00,24.0,46.579468
1995-08-19 16:42:00,9.0,46.494858
1995-08-19 16:43:00,25.0,46.403927
1995-08-19 16:44:00,23.0,45.113285
1995-08-19 16:45:00,34.0,44.18238
1995-08-19 16:46:00,17.0,43.459904
1995-08-19 16:47:00,17.0,43.083748
1995-08-19 16:48:00,36.0,42.28508
1995-08-19 16:49:00,43.0,42.254734
1995-08-19 16:50:00,31.000000000000004,42.83898
1995-08-19 16:51:00,39.0,43.737534
1995-08-19 16:52:00,30.0,44.74754
1995-08-19 16:53:00,33.0,46.2988
1995-08-19 16:54:00,41.0,48.01685
1995-08-19 16:55:00,41.0,49.26454
1995-08-19 16:56:00,29.0,50.351383
1995-08-19 16:57:00,38.0,51.091297
1995-08-19 16:58:00,20.0,50.928265
1995-08-19 16:59:00,31.000000000000004,51.756702
1995-08-19 17:00:00,26.000000000000004,51.533974
1995-08-19 17:01:00,25.0,51.404343
1995-08-19 17:02:00,29.0,51.956997
1995-08-19 17:03:00,32.0,52.091293
1995-08-19 17:04:00,29.0,51.49141
1995-08-19 17:05:00,30.0,51.16782
1995-08-19 17:06:00,24.0,50.852013
1995-08-19 17:07:00,27.999999999999996,50.295986
1995-08-19 17:08:00,27.0,49.94825
1995-08-19 17:09:00,11.0,49.51038
1995-08-19 17:10:00,31.000000000000004,49.378273
1995-08-19 17:11:00,26.000000000000004,49.27494
1995-08-19 17:12:00,39.0,49.301914
1995-08-19 17:13:00,24.0,50.104992
1995-08-19 17:14:00,45.0,50.97932
1995-08-19 17:15:00,27.0,51.223312
1995-08-19 17:16:00,26.000000000000004,51.677982
1995-08-19 17:17:00,10.0,51.966114
1995-08-19 17:18:00,30.0,51.77317
1995-08-19 17:19:00,26.000000000000004,50.986683
1995-08-19 17:20:00,39.0,50.506104
1995-08-19 17:21:00,26.000000000000004,49.556858
1995-08-19 17:22:00,35.0,49.332893
1995-08-19 17:23:00,16.0,49.196484
1995-08-19 17:24:00,13.999999999999998,49.36174
1995-08-19 17:25:00,18.0,48.833744
1995-08-19 17:26:00,18.0,48.110863
1995-08-19 17:27:00,55.0,47.924862
1995-08-19 17:28:00,62.00000000000001,48.77772
1995-08-19 17:29:00,35.0,50.441402
1995-08-19 17:30:00,31.000000000000004,52.897083
1995-08-19 17:31:00,23.0,54.82773
1995-08-19 17:32:00,15.0,55.869637
1995-08-19 17:33:00,27.0,55.09171
1995-08-19 17:34:00,23.0,53.414513
1995-08-19 17:35:00,22.0,52.74882
1995-08-19 17:36:00,38.0,51.837418
1995-08-19 17:37:00,21.0,50.87695
1995-08-19 17:38:00,13.000000000000002,51.108475
1995-08-19 17:39:00,8.0,51.39311
1995-08-19 17:40:00,36.0,50.545906
1995-08-19 17:41:00,19.0,49.45351
1995-08-19 17:42:00,18.0,49.744034
1995-08-19 17:43:00,23.0,49.43628
1995-08-19 17:44:00,31.000000000000004,49.20716
1995-08-19 17:45:00,37.0,48.31532
1995-08-19 17:46:00,38.0,47.992493
1995-08-19 17:47:00,46.0,47.909443
1995-08-19 17:48:00,30.0,48.548794
1995-08-19 17:49:00,17.0,49.30739
1995-08-19 17:50:00,24.0,49.75832
1995-08-19 17:51:00,44.0,49.39784
1995-08-19 17:52:00,39.0,49.556587
1995-08-19 17:53:00,22.0,50.510185
1995-08-19 17:54:00,12.0,51.509342
1995-08-19 17:55:00,20.0,51.725273
1995-08-19 17:56:00,27.0,51.401344
1995-08-19 17:57:00,24.0,51.1547
1995-08-19 17:58:00,17.0,51.227055
1995-08-19 17:59:00,31.000000000000004,50.86737
1995-08-19 18:00:00,31.000000000000004,50.369858
1995-08-19 18:01:00,16.0,49.925114
1995-08-19 18:02:00,9.0,49.00539
1995-08-19 18:03:00,11.0,47.565266
1995-08-19 18:04:00,30.0,46.102615
1995-08-19 18:05:00,27.999999999999996,45.02906
1995-08-19 18:06:00,13.000000000000002,44.612152
1995-08-19 18:07:00,32.0,44.94585
1995-08-19 18:08:00,8.0,45.5565
1995-08-19 18:09:00,19.0,45.811
1995-08-19 18:10:00,22.0,44.361946
1995-08-19 18:11:00,23.0,43.645966
1995-08-19 18:12:00,27.999999999999996,43.391468
1995-08-19 18:13:00,34.0,43.069885
1995-08-19 18:14:00,31.000000000000004,42.76217
1995-08-19 18:15:00,29.0,42.72852
1995-08-19 18:16:00,16.0,42.782303
1995-08-19 18:17:00,29.0,43.292027
1995-08-19 18:18:00,15.0,42.965897
1995-08-19 18:19:00,11.0,43.095173
1995-08-19 18:20:00,30.0,43.423435
1995-08-19 18:21:00,41.0,43.02076
1995-08-19 18:22:00,53.0,43.115505
1995-08-19 18:23:00,13.999999999999998,43.741497
1995-08-19 18:24:00,33.0,44.80949
1995-08-19 18:25:00,47.0,45.094414
1995-08-19 18:26:00,32.0,45.871002
1995-08-19 18:27:00,29.0,47.375866
1995-08-19 18:28:00,25.0,48.68488
1995-08-19 18:29:00,37.0,49.590675
1995-08-19 18:30:00,45.0,50.456882
1995-08-19 18:31:00,33.0,51.472683
1995-08-19 18:32:00,25.0,52.930878
1995-08-19 18:33:00,23.0,53.39388
1995-08-19 18:34:00,16.0,53.327255
1995-08-19 18:35:00,13.000000000000002,52.603516
1995-08-19 18:36:00,17.0,51.525757
1995-08-19 18:37:00,23.0,49.887672
1995-08-19 18:38:00,13.999999999999998,49.089603
1995-08-19 18:39:00,16.0,48.63721
1995-08-19 18:40:00,13.999999999999998,47.940777
1995-08-19 18:41:00,16.0,47.017952
1995-08-19 18:42:00,19.0,45.404564
1995-08-19 18:43:00,16.0,44.344334
1995-08-19 18:44:00,29.0,43.723984
1995-08-19 18:45:00,17.0,43.63801
1995-08-19 18:46:00,13.000000000000002,44.257607
1995-08-19 18:47:00,13.999999999999998,44.6065
1995-08-19 18:48:00,5.0,43.884422
1995-08-19 18:49:00,10.0,43.72467
1995-08-19 18:50:00,15.0,41.977398
1995-08-19 18:51:00,31.000000000000004,41.099052
1995-08-19 18:52:00,20.0,40.45414
1995-08-19 18:53:00,8.0,40.77464
1995-08-19 18:54:00,6.999999999999999,41.818462
1995-08-19 18:55:00,17.0,41.51872
1995-08-19 18:56:00,9.0,41.107574
1995-08-19 18:57:00,20.0,41.816135
1995-08-19 18:58:00,22.0,40.946575
1995-08-19 18:59:00,25.0,41.11843
1995-08-19 19:00:00,33.0,41.88739
1995-08-19 19:01:00,16.0,42.85182
1995-08-19 19:02:00,11.0,43.4695
1995-08-19 19:03:00,22.0,44.14705
1995-08-19 19:04:00,24.0,44.397827
1995-08-19 19:05:00,27.999999999999996,45.21893
1995-08-19 19:06:00,29.0,45.284554
1995-08-19 19:07:00,27.0,45.39879
1995-08-19 19:08:00,9.0,46.833797
1995-08-19 19:09:00,16.0,47.622784
1995-08-19 19:10:00,25.0,47.11493
1995-08-19 19:11:00,55.99999999999999,47.21745
1995-08-19 19:12:00,47.0,47.221184
1995-08-19 19:13:00,40.0,47.935715
1995-08-19 19:14:00,31.000000000000004,49.72107
1995-08-19 19:15:00,31.000000000000004,51.00481
1995-08-19 19:16:00,23.0,52.275566
1995-08-19 19:17:00,12.0,52.411823
1995-08-19 19:18:00,23.0,52.337044
1995-08-19 19:19:00,6.0,51.0428
1995-08-19 19:20:00,11.0,50.29812
1995-08-19 19:21:00,15.0,48.185997
1995-08-19 19:22:00,30.0,46.698376
1995-08-19 19:23:00,13.000000000000002,44.76902
1995-08-19 19:24:00,27.999999999999996,44.32701
1995-08-19 19:25:00,9.0,43.791004
1995-08-19 19:26:00,12.0,44.04341
1995-08-19 19:27:00,21.0,43.553265
1995-08-19 19:28:00,15.0,42.282463
1995-08-19 19:29:00,38.0,42.22113
1995-08-19 19:30:00,29.0,42.2041
1995-08-19 19:31:00,34.0,42.777557
1995-08-19 19:32:00,15.0,43.73621
1995-08-19 19:33:00,41.0,45.071915
1995-08-19 19:34:00,26.000000000000004,45.654068
1995-08-19 19:35:00,40.0,46.938686
1995-08-19 19:36:00,27.999999999999996,47.897602
1995-08-19 19:37:00,18.0,49.55595
1995-08-19 19:38:00,39.0,50.466213
1995-08-19 19:39:00,24.0,50.40507
1995-08-19 19:40:00,16.0,50.661354
1995-08-19 19:41:00,22.0,50.683758
1995-08-19 19:42:00,13.999999999999998,50.254856
1995-08-19 19:43:00,12.0,49.925735
1995-08-19 19:44:00,31.000000000000004,49.734653
1995-08-19 19:45:00,12.0,48.18645
1995-08-19 19:46:00,13.000000000000002,48.05071
1995-08-19 19:47:00,13.000000000000002,47.09688
1995-08-19 19:48:00,23.0,46.90177
1995-08-19 19:49:00,11.0,45.87528
1995-08-19 19:50:00,9.0,45.420788
1995-08-19 19:51:00,3.0,45.665283
1995-08-19 19:52:00,17.0,45.625526
1995-08-19 19:53:00,18.0,45.978188
1995-08-19 19:54:00,30.0,46.64566
1995-08-19 19:55:00,29.0,46.543617
1995-08-19 19:56:00,19.0,46.890278
1995-08-19 19:57:00,46.0,46.88562
1995-08-19 19:58:00,32.0,46.44071
1995-08-19 19:59:00,37.0,46.94506
1995-08-19 20:00:00,18.0,48.01715
1995-08-19 20:01:00,5.0,49.076653
1995-08-19 20:02:00,19.0,49.714695
1995-08-19 20:03:00,39.0,49.393116
1995-08-19 20:04:00,44.0,47.75504
1995-08-19 20:05:00,25.0,48.153473
1995-08-19 20:06:00,8.0,48.56784
1995-08-19 20:07:00,24.0,49.057564
1995-08-19 20:08:00,17.0,48.700115
1995-08-19 20:09:00,27.0,48.61024
1995-08-19 20:10:00,11.0,47.386353
1995-08-19 20:11:00,18.0,46.7307
1995-08-19 20:12:00,26.000000000000004,46.017014
1995-08-19 20:13:00,23.0,45.5015
1995-08-19 20:14:00,23.0,45.304283
1995-08-19 20:15:00,15.0,44.91052
1995-08-19 20:16:00,15.0,45.06871
1995-08-19 20:17:00,22.0,44.53563
1995-08-19 20:18:00,41.0,43.65621
1995-08-19 20:19:00,9.0,42.862907
1995-08-19 20:20:00,27.999999999999996,43.217453
1995-08-19 20:21:00,27.0,42.567142
1995-08-19 20:22:00,23.0,42.96603
1995-08-19 20:23:00,36.0,43.65352
1995-08-19 20:24:00,43.0,44.087666
1995-08-19 20:25:00,26.000000000000004,44.50883
1995-08-19 20:26:00,52.00000000000001,45.460197
1995-08-19 20:27:00,27.0,46.167156
1995-08-19 20:28:00,21.0,47.199066
1995-08-19 20:29:00,44.0,47.97653
1995-08-19 20:30:00,52.00000000000001,48.25837
1995-08-19 20:31:00,27.0,48.685287
1995-08-19 20:32:00,50.0,50.112083
1995-08-19 20:33:00,44.0,50.500267
1995-08-19 20:34:00,36.0,51.12093
1995-08-19 20:35:00,30.0,52.2572
1995-08-19 20:36:00,24.0,53.027393
1995-08-19 20:37:00,21.0,53.056255
1995-08-19 20:38:00,8.0,52.54924
1995-08-19 20:39:00,29.0,51.49097
1995-08-19 20:40:00,42.0,50.16049
1995-08-19 20:41:00,18.0,48.83159
1995-08-19 20:42:00,36.0,48.441856
1995-08-19 20:43:00,27.0,47.740105
1995-08-19 20:44:00,19.0,48.215717
1995-08-19 20:45:00,45.0,48.11701
1995-08-19 20:46:00,18.0,47.117615
1995-08-19 20:47:00,15.0,47.36648
1995-08-19 20:48:00,13.999999999999998,47.13279
1995-08-19 20:49:00,20.0,46.16317
1995-08-19 20:50:00,21.0,44.678143
1995-08-19 20:51:00,27.0,43.164135
1995-08-19 20:52:00,22.0,41.98611
1995-08-19 20:53:00,11.0,41.794167
1995-08-19 20:54:00,9.0,41.56875
1995-08-19 20:55:00,18.0,40.847496
1995-08-19 20:56:00,13.999999999999998,40.759518
1995-08-19 20:57:00,19.0,40.528843
1995-08-19 20:58:00,6.999999999999999,40.613136
1995-08-19 20:59:00,18.0,40.664127
1995-08-19 21:00:00,11.0,40.207825
1995-08-19 21:01:00,17.0,39.761597
1995-08-19 21:02:00,18.0,39.287895
1995-08-19 21:03:00,59.0,39.240543
1995-08-19 21:04:00,27.0,39.39237
1995-08-19 21:05:00,12.0,41.26639
1995-08-19 21:06:00,33.0,42.273125
1995-08-19 21:07:00,11.0,42.792694
1995-08-19 21:08:00,21.0,43.61063
1995-08-19 21:09:00,15.0,44.117863
1995-08-19 21:10:00,17.0,45.089977
1995-08-19 21:11:00,13.000000000000002,45.003487
1995-08-19 21:12:00,25.0,44.581722
1995-08-19 21:13:00,13.999999999999998,43.783432
1995-08-19 21:14:00,13.000000000000002,43.1685
1995-08-19 21:15:00,30.0,42.795177
1995-08-19 21:16:00,58.0,42.07437
1995-08-19 21:17:00,23.0,42.110493
1995-08-19 21:18:00,50.99999999999999,43.271107
1995-08-19 21:19:00,42.0,43.947376
1995-08-19 21:20:00,31.000000000000004,45.594456
1995-08-19 21:21:00,39.0,46.915966
1995-08-19 21:22:00,32.0,47.819042
1995-08-19 21:23:00,22.0,48.270664
1995-08-19 21:24:00,9.0,48.524963
1995-08-19 21:25:00,23.0,48.03998
1995-08-19 21:26:00,33.0,46.904686
1995-08-19 21:27:00,40.0,45.939194
1995-08-19 21:28:00,29.0,45.698284
1995-08-19 21:29:00,29.0,46.633343
1995-08-19 21:30:00,27.0,47.27239
1995-08-19 21:31:00,20.0,46.6822
1995-08-19 21:32:00,31.000000000000004,46.301147
1995-08-19 21:33:00,23.0,45.90056
1995-08-19 21:34:00,23.0,46.120117
1995-08-19 21:35:00,35.0,45.899593
1995-08-19 21:36:00,21.0,46.463116
1995-08-19 21:37:00,13.000000000000002,46.787067
1995-08-19 21:38:00,15.0,46.940643
1995-08-19 21:39:00,24.0,46.798332
1995-08-19 21:40:00,17.0,46.093513
1995-08-19 21:41:00,13.000000000000002,45.55587
1995-08-19 21:42:00,20.0,45.26834
1995-08-19 21:43:00,32.0,45.00356
1995-08-19 21:44:00,27.0,44.903584
1995-08-19 21:45:00,13.000000000000002,45.833862
1995-08-19 21:46:00,20.0,46.81403
1995-08-19 21:47:00,19.0,46.320076
1995-08-19 21:48:00,33.0,45.317688
1995-08-19 21:49:00,29.0,44.87614
1995-08-19 21:50:00,31.000000000000004,45.14401
1995-08-19 21:51:00,53.0,45.98909
1995-08-19 21:52:00,33.0,46.626415
1995-08-19 21:53:00,42.0,48.286224
1995-08-19 21:54:00,33.0,49.58477
1995-08-19 21:55:00,17.0,50.492634
1995-08-19 21:56:00,13.000000000000002,49.902096
1995-08-19 21:57:00,16.0,49.598244
1995-08-19 21:58:00,24.0,48.57146
1995-08-19 21:59:00,31.000000000000004,46.697956
1995-08-19 22:00:00,46.0,45.413425
1995-08-19 22:01:00,25.0,45.390102
1995-08-19 22:02:00,17.0,46.024265
1995-08-19 22:03:00,20.0,46.106598
1995-08-19 22:04:00,49.0,45.861706
1995-08-19 22:05:00,17.0,45.126724
1995-08-19 22:06:00,30.0,45.242355
1995-08-19 22:07:00,21.0,44.770447
1995-08-19 22:08:00,11.0,45.132618
1995-08-19 22:09:00,27.999999999999996,44.625507
1995-08-19 22:10:00,35.0,43.177357
1995-08-19 22:11:00,18.0,42.79196
1995-08-19 22:12:00,29.0,42.998745
1995-08-19 22:13:00,27.0,42.426727
1995-08-19 22:14:00,55.99999999999999,42.27698
1995-08-19 22:15:00,33.0,41.83768
1995-08-19 22:16:00,18.0,43.514896
1995-08-19 22:17:00,41.0,45.3816
1995-08-19 22:18:00,35.0,45.58157
1995-08-19 22:19:00,46.0,45.517128
1995-08-19 22:20:00,27.999999999999996,45.848866
1995-08-19 22:21:00,22.0,46.745243
1995-08-19 22:22:00,20.0,46.947617
1995-08-19 22:23:00,13.000000000000002,46.77903
1995-08-19 22:24:00,50.0,46.417133
1995-08-19 22:25:00,35.0,46.368668
1995-08-19 22:26:00,23.0,46.487926
1995-08-19 22:27:00,33.0,46.25813
1995-08-19 22:28:00,15.0,45.721035
1995-08-19 22:29:00,11.0,45.933346
1995-08-19 22:30:00,13.000000000000002,45.191772
1995-08-19 22:31:00,13.000000000000002,43.293377
1995-08-19 22:32:00,33.0,42.736595
1995-08-19 22:33:00,42.0,42.25095
1995-08-19 22:34:00,17.0,42.8059
1995-08-19 22:35:00,13.000000000000002,43.82424
1995-08-19 22:36:00,19.0,43.774467
1995-08-19 22:37:00,20.0,43.314938
1995-08-19 22:38:00,31.000000000000004,43.437485
1995-08-19 22:39:00,16.0,43.125446
1995-08-19 22:40:00,12.0,43.131275
1995-08-19 22:41:00,32.0,42.90254
1995-08-19 22:42:00,19.0,42.0881
1995-08-19 22:43:00,22.0,41.96198
1995-08-19 22:44:00,19.0,41.558926
1995-08-19 22:45:00,19.0,41.23151
1995-08-19 22:46:00,29.0,41.55918
1995-08-19 22:47:00,17.0,41.807613
1995-08-19 22:48:00,23.0,42.206863
1995-08-19 22:49:00,11.0,42.496708
1995-08-19 22:50:00,24.0,42.808243
1995-08-19 22:51:00,21.0,41.801933
1995-08-19 22:52:00,13.999999999999998,41.273544
1995-08-19 22:53:00,13.999999999999998,41.233948
1995-08-19 22:54:00,24.0,41.12947
1995-08-19 22:55:00,27.999999999999996,40.362877
1995-08-19 22:56:00,44.0,40.09672
1995-08-19 22:57:00,25.0,40.7321
1995-08-19 22:58:00,27.0,42.275097
1995-08-19 22:59:00,55.99999999999999,42.737457
1995-08-19 23:00:00,36.0,43.343952
1995-08-19 23:01:00,27.999999999999996,45.14587
1995-08-19 23:02:00,27.0,46.498344
1995-08-19 23:03:00,48.0,46.822502
1995-08-19 23:04:00,27.0,47.032146
1995-08-19 23:05:00,27.999999999999996,47.82846
1995-08-19 23:06:00,17.0,47.483906
1995-08-19 23:07:00,18.0,46.720997
1995-08-19 23:08:00,16.0,45.109516
1995-08-19 23:09:00,13.000000000000002,43.97654
1995-08-19 23:10:00,20.0,42.53705
1995-08-19 23:11:00,27.999999999999996,41.06418
1995-08-19 23:12:00,37.0,40.716896
1995-08-19 23:13:00,23.0,41.01879
1995-08-19 23:14:00,37.0,41.915348
1995-08-19 23:15:00,33.0,42.293568
1995-08-19 23:16:00,35.0,43.181442
1995-08-19 23:17:00,16.0,43.960964
1995-08-19 23:18:00,36.0,44.86731
1995-08-19 23:19:00,27.0,44.75224
1995-08-19 23:20:00,31.000000000000004,44.82803
1995-08-19 23:21:00,24.0,45.1604
1995-08-19 23:22:00,38.0,45.84164
1995-08-19 23:23:00,52.00000000000001,46.20648
1995-08-19 23:24:00,41.0,46.4311
1995-08-19 23:25:00,32.0,47.53263
1995-08-19 23:26:00,50.99999999999999,48.471184
1995-08-19 23:27:00,50.0,48.99869
1995-08-19 23:28:00,32.0,50.21905
1995-08-19 23:29:00,41.0,51.46077
1995-08-19 23:30:00,34.0,51.846767
1995-08-19 23:31:00,40.0,51.75011
1995-08-19 23:32:00,26.000000000000004,51.7159
1995-08-19 23:33:00,27.0,51.62246
1995-08-19 23:34:00,13.999999999999998,51.02948
1995-08-19 23:35:00,29.0,50.751118
1995-08-19 23:36:00,12.0,49.767117
1995-08-19 23:37:00,16.0,48.925552
1995-08-19 23:38:00,11.0,46.700222
1995-08-19 23:39:00,17.0,43.98363
1995-08-19 23:40:00,23.0,41.96673
1995-08-19 23:41:00,20.0,40.64128
1995-08-19 23:42:00,25.0,39.743313
1995-08-19 23:43:00,32.0,39.236298
1995-08-19 23:44:00,32.0,39.37299
1995-08-19 23:45:00,25.0,40.286983
1995-08-19 23:46:00,24.0,41.05437
1995-08-19 23:47:00,18.0,41.33816
1995-08-19 23:48:00,16.0,41.61184
1995-08-19 23:49:00,11.0,41.569866
1995-08-19 23:50:00,15.0,41.13507
1995-08-19 23:51:00,19.0,40.48609
1995-08-19 23:52:00,19.0,39.662884
1995-08-19 23:53:00,18.0,39.20761
1995-08-19 23:54:00,13.000000000000002,39.62346
1995-08-19 23:55:00,30.0,39.75482
1995-08-19 23:56:00,20.0,39.524277
1995-08-19 23:57:00,15.0,39.674324
1995-08-19 23:58:00,29.0,40.144344
1995-08-19 23:59:00,23.0,39.904835
1995-08-20 00:00:00,27.0,40.392277
1995-08-20 00:01:00,39.0,40.643738
1995-08-20 00:02:00,12.0,40.395622
1995-08-20 00:03:00,31.000000000000004,41.057495
1995-08-20 00:04:00,21.0,40.624706
1995-08-20 00:05:00,18.0,40.584175
1995-08-20 00:06:00,34.0,40.708
1995-08-20 00:07:00,30.0,40.430748
1995-08-20 00:08:00,30.0,40.56943
1995-08-20 00:09:00,17.0,40.65995
1995-08-20 00:10:00,59.0,40.43654
1995-08-20 00:11:00,22.0,39.549423
1995-08-20 00:12:00,26.000000000000004,40.49489
1995-08-20 00:13:00,19.0,40.06778
1995-08-20 00:14:00,23.0,39.898453
1995-08-20 00:15:00,38.0,39.732285
1995-08-20 00:16:00,16.0,39.42182
1995-08-20 00:17:00,11.0,39.703495
1995-08-20 00:18:00,27.999999999999996,39.226955
1995-08-20 00:19:00,35.0,38.49155
1995-08-20 00:20:00,32.0,38.262024
1995-08-20 00:21:00,18.0,38.464687
1995-08-20 00:22:00,22.0,39.49424
1995-08-20 00:23:00,39.0,39.73871
1995-08-20 00:24:00,49.0,39.474743
1995-08-20 00:25:00,29.0,39.544716
1995-08-20 00:26:00,38.0,40.378796
1995-08-20 00:27:00,29.0,41.085957
1995-08-20 00:28:00,38.0,41.973732
1995-08-20 00:29:00,19.0,41.53091
1995-08-20 00:30:00,42.0,42.14905
1995-08-20 00:31:00,29.0,42.044296
1995-08-20 00:32:00,26.000000000000004,42.081913
1995-08-20 00:33:00,19.0,42.207535
1995-08-20 00:34:00,26.000000000000004,41.744392
1995-08-20 00:35:00,29.0,40.83356
1995-08-20 00:36:00,36.0,40.39485
1995-08-20 00:37:00,37.0,40.03007
1995-08-20 00:38:00,30.0,40.312096
1995-08-20 00:39:00,26.000000000000004,40.256832
1995-08-20 00:40:00,26.000000000000004,40.31694
1995-08-20 00:41:00,29.0,40.745056
1995-08-20 00:42:00,22.0,40.977634
1995-08-20 00:43:00,26.000000000000004,41.50784
1995-08-20 00:44:00,31.000000000000004,41.713894
1995-08-20 00:45:00,22.0,41.17857
1995-08-20 00:46:00,27.0,41.21941
1995-08-20 00:47:00,32.0,40.33992
1995-08-20 00:48:00,29.0,39.544945
1995-08-20 00:49:00,15.0,39.387615
1995-08-20 00:50:00,10.0,39.401596
1995-08-20 00:51:00,26.000000000000004,38.65689
1995-08-20 00:52:00,39.0,38.03504
1995-08-20 00:53:00,31.000000000000004,37.691765
1995-08-20 00:54:00,30.0,37.848286
1995-08-20 00:55:00,23.0,37.93007
1995-08-20 00:56:00,33.0,38.016045
1995-08-20 00:57:00,13.999999999999998,38.21337
1995-08-20 00:58:00,29.0,38.666298
1995-08-20 00:59:00,21.0,38.929676
1995-08-20 01:00:00,27.999999999999996,39.29416
1995-08-20 01:01:00,27.999999999999996,39.21502
1995-08-20 01:02:00,6.999999999999999,39.188755
1995-08-20 01:03:00,29.0,39.753555
1995-08-20 01:04:00,13.999999999999998,38.73998
1995-08-20 01:05:00,29.0,38.79792
1995-08-20 01:06:00,27.0,37.85539
1995-08-20 01:07:00,16.0,37.71274
1995-08-20 01:08:00,41.0,37.92755
1995-08-20 01:09:00,19.0,38.04088
1995-08-20 01:10:00,13.000000000000002,38.683594
1995-08-20 01:11:00,16.0,38.600014
1995-08-20 01:12:00,27.999999999999996,37.79791
1995-08-20 01:13:00,25.0,36.87064
1995-08-20 01:14:00,13.999999999999998,36.73304
1995-08-20 01:15:00,38.0,36.91418
1995-08-20 01:16:00,19.0,36.63883
1995-08-20 01:17:00,30.0,37.265125
1995-08-20 01:18:00,41.0,37.51564
1995-08-20 01:19:00,43.0,38.10373
1995-08-20 01:20:00,29.0,39.22164
1995-08-20 01:21:00,26.000000000000004,41.24417
1995-08-20 01:22:00,22.0,42.082592
1995-08-20 01:23:00,33.0,42.594654
1995-08-20 01:24:00,24.0,42.428455
1995-08-20 01:25:00,16.0,43.320774
1995-08-20 01:26:00,37.0,43.500706
1995-08-20 01:27:00,27.999999999999996,42.629578
1995-08-20 01:28:00,22.0,42.438477
1995-08-20 01:29:00,25.0,41.6991
1995-08-20 01:30:00,24.0,40.96608
1995-08-20 01:31:00,16.0,40.64116
1995-08-20 01:32:00,13.000000000000002,40.19128
1995-08-20 01:33:00,20.0,39.183754
1995-08-20 01:34:00,24.0,37.832165
1995-08-20 01:35:00,37.0,37.003445
1995-08-20 01:36:00,21.0,37.127182
1995-08-20 01:37:00,22.0,37.34327
1995-08-20 01:38:00,20.0,37.400394
1995-08-20 01:39:00,6.999999999999999,37.768444
1995-08-20 01:40:00,4.0,37.927658
1995-08-20 01:41:00,10.0,37.07296
1995-08-20 01:42:00,21.0,34.999237
1995-08-20 01:43:00,19.0,33.928555
1995-08-20 01:44:00,13.000000000000002,33.53571
1995-08-20 01:45:00,29.0,33.01755
1995-08-20 01:46:00,26.000000000000004,32.707203
1995-08-20 01:47:00,25.0,33.359463
1995-08-20 01:48:00,12.0,34.25149
1995-08-20 01:49:00,12.0,34.572433
1995-08-20 01:50:00,26.000000000000004,34.15866
1995-08-20 01:51:00,13.999999999999998,34.42725
1995-08-20 01:52:00,23.0,35.244072
1995-08-20 01:53:00,17.0,35.927505
1995-08-20 01:54:00,22.0,36.57843
1995-08-20 01:55:00,27.999999999999996,36.885166
1995-08-20 01:56:00,11.0,36.84273
1995-08-20 01:57:00,19.0,36.74505
1995-08-20 01:58:00,31.000000000000004,35.053104
1995-08-20 01:59:00,15.0,34.257008
1995-08-20 02:00:00,13.999999999999998,34.0978
1995-08-20 02:01:00,8.0,34.17524
1995-08-20 02:02:00,9.0,33.70073
1995-08-20 02:03:00,25.0,32.628277
1995-08-20 02:04:00,13.999999999999998,31.415455
1995-08-20 02:05:00,12.0,31.337984
1995-08-20 02:06:00,15.0,31.762543
1995-08-20 02:07:00,10.0,32.291187
1995-08-20 02:08:00,18.0,33.006844
1995-08-20 02:09:00,10.0,33.13726
1995-08-20 02:10:00,9.0,33.283913
1995-08-20 02:11:00,6.0,33.12632
1995-08-20 02:12:00,12.0,32.966717
1995-08-20 02:13:00,8.0,32.069317
1995-08-20 02:14:00,19.0,31.836746
1995-08-20 02:15:00,12.0,31.339235
1995-08-20 02:16:00,27.999999999999996,30.892578
1995-08-20 02:17:00,10.0,30.612097
1995-08-20 02:18:00,9.0,31.336363
1995-08-20 02:19:00,11.0,32.61048
1995-08-20 02:20:00,20.0,33.102703
1995-08-20 02:21:00,12.0,32.958374
1995-08-20 02:22:00,13.000000000000002,32.88579
1995-08-20 02:23:00,12.0,31.84078
1995-08-20 02:24:00,15.0,30.784933
1995-08-20 02:25:00,20.0,30.307446
1995-08-20 02:26:00,15.0,29.86099
1995-08-20 02:27:00,16.0,30.551264
1995-08-20 02:28:00,13.000000000000002,30.75261
1995-08-20 02:29:00,6.999999999999999,30.228607
1995-08-20 02:30:00,5.0,29.652557
1995-08-20 02:31:00,27.0,28.996979
1995-08-20 02:32:00,12.0,28.18316
1995-08-20 02:33:00,6.0,27.583078
1995-08-20 02:34:00,26.000000000000004,27.508255
1995-08-20 02:35:00,17.0,27.722656
1995-08-20 02:36:00,18.0,27.630001
1995-08-20 02:37:00,9.0,28.106045
1995-08-20 02:38:00,23.0,28.802168
1995-08-20 02:39:00,26.000000000000004,29.2291
1995-08-20 02:40:00,17.0,29.524149
1995-08-20 02:41:00,9.0,30.5472
1995-08-20 02:42:00,12.0,31.289564
1995-08-20 02:43:00,11.0,31.877367
1995-08-20 02:44:00,12.0,32.721977
1995-08-20 02:45:00,12.0,33.349174
1995-08-20 02:46:00,18.0,32.680748
1995-08-20 02:47:00,17.0,30.74647
1995-08-20 02:48:00,9.0,29.685974
1995-08-20 02:49:00,4.0,28.77623
1995-08-20 02:50:00,12.0,27.764877
1995-08-20 02:51:00,15.0,26.99207
1995-08-20 02:52:00,5.0,25.990221
1995-08-20 02:53:00,23.0,25.591084
1995-08-20 02:54:00,6.0,25.139217
1995-08-20 02:55:00,17.0,25.737682
1995-08-20 02:56:00,24.0,25.839262
1995-08-20 02:57:00,23.0,25.96861
1995-08-20 02:58:00,15.0,26.428162
1995-08-20 02:59:00,6.999999999999999,27.32028
1995-08-20 03:00:00,6.0,28.676256
1995-08-20 03:01:00,10.0,27.47759
1995-08-20 03:02:00,26.000000000000004,26.728588
1995-08-20 03:03:00,25.0,25.879892
1995-08-20 03:04:00,25.0,26.36463
1995-08-20 03:05:00,20.0,27.592642
1995-08-20 03:06:00,12.0,29.444916
1995-08-20 03:07:00,23.0,31.198889
1995-08-20 03:08:00,11.0,31.818674
1995-08-20 03:09:00,19.0,32.11387
1995-08-20 03:10:00,16.0,32.3799
1995-08-20 03:11:00,10.0,33.047974
1995-08-20 03:12:00,6.999999999999999,33.577686
1995-08-20 03:13:00,17.0,33.018913
1995-08-20 03:14:00,18.0,32.627583
1995-08-20 03:15:00,12.0,32.655693
1995-08-20 03:16:00,1.0,32.55334
1995-08-20 03:17:00,10.0,32.553925
1995-08-20 03:18:00,4.0,30.628252
1995-08-20 03:19:00,1.0,29.154404
1995-08-20 03:20:00,6.999999999999999,27.925787
1995-08-20 03:21:00,23.0,27.698679
1995-08-20 03:22:00,5.0,27.552992
1995-08-20 03:23:00,13.000000000000002,27.816183
1995-08-20 03:24:00,13.000000000000002,27.76889
1995-08-20 03:25:00,8.0,27.753489
1995-08-20 03:26:00,35.0,27.340109
1995-08-20 03:27:00,23.0,27.293062
1995-08-20 03:28:00,19.0,28.032015
1995-08-20 03:29:00,17.0,28.854605
1995-08-20 03:30:00,31.000000000000004,29.787476
1995-08-20 03:31:00,19.0,30.945765
1995-08-20 03:32:00,19.0,32.329082
1995-08-20 03:33:00,6.999999999999999,33.012825
1995-08-20 03:34:00,10.0,33.32916
1995-08-20 03:35:00,9.0,33.564407
1995-08-20 03:36:00,20.0,32.657494
1995-08-20 03:37:00,13.000000000000002,31.41018
1995-08-20 03:38:00,21.0,30.860767
1995-08-20 03:39:00,15.0,30.911118
1995-08-20 03:40:00,6.0,31.004707
1995-08-20 03:41:00,16.0,30.404139
1995-08-20 03:42:00,25.0,29.039854
1995-08-20 03:43:00,27.0,28.514729
1995-08-20 03:44:00,15.0,28.427778
1995-08-20 03:45:00,18.0,28.5066
1995-08-20 03:46:00,13.999999999999998,28.871708
1995-08-20 03:47:00,11.0,28.75002
1995-08-20 03:48:00,9.0,28.64305
1995-08-20 03:49:00,21.0,28.452555
1995-08-20 03:50:00,9.0,27.986605
1995-08-20 03:51:00,24.0,27.973696
1995-08-20 03:52:00,18.0,27.691479
1995-08-20 03:53:00,24.0,28.192598
1995-08-20 03:54:00,17.0,28.746721
1995-08-20 03:55:00,17.0,29.38671
1995-08-20 03:56:00,10.0,29.834742
1995-08-20 03:57:00,8.0,29.425478
1995-08-20 03:58:00,13.999999999999998,28.952625
1995-08-20 03:59:00,19.0,28.677158
1995-08-20 04:00:00,6.999999999999999,28.389215
1995-08-20 04:01:00,30.0,28.789196
1995-08-20 04:02:00,27.0,29.025183
1995-08-20 04:03:00,30.0,29.560621
1995-08-20 04:04:00,17.0,30.58243
1995-08-20 04:05:00,13.999999999999998,32.08142
1995-08-20 04:06:00,11.0,32.83185
1995-08-20 04:07:00,5.0,33.2584
1995-08-20 04:08:00,5.0,33.15353
1995-08-20 04:09:00,2.0,32.61785
1995-08-20 04:10:00,3.0,31.828608
1995-08-20 04:11:00,8.0,30.980473
1995-08-20 04:12:00,10.0,29.430021
1995-08-20 04:13:00,0.0,28.40284
1995-08-20 04:14:00,8.0,27.715193
1995-08-20 04:15:00,24.0,26.209127
1995-08-20 04:16:00,6.999999999999999,25.893204
1995-08-20 04:17:00,24.0,27.038715
1995-08-20 04:18:00,11.0,27.79443
1995-08-20 04:19:00,15.0,28.569338
1995-08-20 04:20:00,16.0,29.669888
1995-08-20 04:21:00,13.000000000000002,30.11263
1995-08-20 04:22:00,20.0,29.679478
1995-08-20 04:23:00,8.0,29.19555
1995-08-20 04:24:00,9.0,28.988337
1995-08-20 04:25:00,3.0,29.415224
1995-08-20 04:26:00,9.0,28.889711
1995-08-20 04:27:00,9.0,27.972824
1995-08-20 04:28:00,26.000000000000004,27.60483
1995-08-20 04:29:00,29.0,26.961733
1995-08-20 04:30:00,3.0,26.655262
1995-08-20 04:31:00,15.0,27.29404
1995-08-20 04:32:00,12.0,26.185501
1995-08-20 04:33:00,6.999999999999999,25.79575
1995-08-20 04:34:00,13.999999999999998,24.998724
1995-08-20 04:35:00,4.0,24.861544
1995-08-20 04:36:00,4.0,24.494263
1995-08-20 04:37:00,18.0,24.814487
1995-08-20 04:38:00,18.0,24.163145
1995-08-20 04:39:00,1.0,24.642962
1995-08-20 04:40:00,1.0,24.887997
1995-08-20 04:41:00,10.0,23.648321
1995-08-20 04:42:00,8.0,22.58001
1995-08-20 04:43:00,2.0,23.165054
1995-08-20 04:44:00,11.0,24.116627
1995-08-20 04:45:00,20.0,23.859104
1995-08-20 04:46:00,22.0,23.5713
1995-08-20 04:47:00,6.999999999999999,23.858265
1995-08-20 04:48:00,17.0,24.577915
1995-08-20 04:49:00,10.0,24.84936
1995-08-20 04:50:00,16.0,25.174755
1995-08-20 04:51:00,13.999999999999998,25.311935
1995-08-20 04:52:00,6.999999999999999,25.01016
1995-08-20 04:53:00,8.0,25.233074
1995-08-20 04:54:00,6.999999999999999,25.665257
1995-08-20 04:55:00,3.0,26.014608
1995-08-20 04:56:00,18.0,25.995447
1995-08-20 04:57:00,5.0,25.250692
1995-08-20 04:58:00,17.0,25.183111
1995-08-20 04:59:00,15.0,24.930035
1995-08-20 05:00:00,6.999999999999999,25.134617
1995-08-20 05:01:00,6.0,25.249384
1995-08-20 05:02:00,0.0,24.844452
1995-08-20 05:03:00,12.0,24.39594
1995-08-20 05:04:00,17.0,22.977697
1995-08-20 05:05:00,10.0,22.97344
1995-08-20 05:06:00,47.0,23.969852
1995-08-20 05:07:00,45.0,24.577808
1995-08-20 05:08:00,16.0,26.916435
1995-08-20 05:09:00,8.0,29.269848
1995-08-20 05:10:00,40.0,30.550045
1995-08-20 05:11:00,1.0,30.874102
1995-08-20 05:12:00,15.0,31.627825
1995-08-20 05:13:00,2.0,31.605644
1995-08-20 05:14:00,3.0,31.577541
1995-08-20 05:15:00,3.0,31.323355
1995-08-20 05:16:00,6.0,30.934738
1995-08-20 05:17:00,6.0,29.641432
1995-08-20 05:18:00,1.0,27.417545
1995-08-20 05:19:00,2.0,24.862856
1995-08-20 05:20:00,5.0,22.345537
1995-08-20 05:21:00,1.0,20.629927
1995-08-20 05:22:00,12.0,20.187906
1995-08-20 05:23:00,5.0,20.45066
1995-08-20 05:24:00,6.999999999999999,20.34585
1995-08-20 05:25:00,2.0,19.944672
1995-08-20 05:26:00,13.000000000000002,20.541359
1995-08-20 05:27:00,13.000000000000002,20.312841
1995-08-20 05:28:00,3.0,20.411049
1995-08-20 05:29:00,8.0,20.816137
1995-08-20 05:30:00,6.0,22.455807
1995-08-20 05:31:00,2.0,23.393404
1995-08-20 05:32:00,3.0,23.681574
1995-08-20 05:33:00,2.0,23.497154
1995-08-20 05:34:00,6.0,22.13277
1995-08-20 05:35:00,15.0,21.09421
1995-08-20 05:36:00,6.0,20.743523
1995-08-20 05:37:00,8.0,21.303997
1995-08-20 05:38:00,2.0,21.277893
1995-08-20 05:39:00,2.0,21.14568
1995-08-20 05:40:00,5.0,20.717218
1995-08-20 05:41:00,2.0,20.425589
1995-08-20 05:42:00,10.0,20.01618
1995-08-20 05:43:00,5.0,19.417175
1995-08-20 05:44:00,6.0,19.278938
1995-08-20 05:45:00,13.000000000000002,19.122896
1995-08-20 05:46:00,16.0,18.903818
1995-08-20 05:47:00,17.0,19.37223
1995-08-20 05:48:00,13.999999999999998,20.150682
1995-08-20 05:49:00,2.0,21.247526
1995-08-20 05:50:00,6.999999999999999,22.425177
1995-08-20 05:51:00,15.0,21.926926
1995-08-20 05:52:00,8.0,21.131971
1995-08-20 05:53:00,13.000000000000002,21.569748
1995-08-20 05:54:00,13.000000000000002,21.732836
1995-08-20 05:55:00,15.0,22.472546
1995-08-20 05:56:00,8.0,23.401814
1995-08-20 05:57:00,16.0,24.020535
1995-08-20 05:58:00,9.0,23.974531
1995-08-20 05:59:00,5.0,24.198858
1995-08-20 06:00:00,13.000000000000002,24.568966
1995-08-20 06:01:00,4.0,24.580933
1995-08-20 06:02:00,9.0,24.766342
1995-08-20 06:03:00,4.0,23.964668
1995-08-20 06:04:00,18.0,22.885984
1995-08-20 06:05:00,5.0,21.272963
1995-08-20 06:06:00,1.0,20.873022
1995-08-20 06:07:00,3.0,20.479597
1995-08-20 06:08:00,2.0,20.421387
1995-08-20 06:09:00,1.0,19.632486
1995-08-20 06:10:00,5.0,18.532644
1995-08-20 06:11:00,13.000000000000002,17.41976
1995-08-20 06:12:00,1.0,16.794254
1995-08-20 06:13:00,5.0,16.96786
1995-08-20 06:14:00,4.0,16.994736
1995-08-20 06:15:00,5.0,18.258606
1995-08-20 06:16:00,12.0,18.95013
1995-08-20 06:17:00,11.0,19.024628
1995-08-20 06:18:00,15.0,19.042908
1995-08-20 06:19:00,15.0,19.324022
1995-08-20 06:20:00,12.0,20.246582
1995-08-20 06:21:00,16.0,21.458548
1995-08-20 06:22:00,8.0,22.634293
1995-08-20 06:23:00,17.0,24.00267
1995-08-20 06:24:00,25.0,25.679508
1995-08-20 06:25:00,21.0,26.434425
1995-08-20 06:26:00,5.0,27.73429
1995-08-20 06:27:00,3.0,28.463058
1995-08-20 06:28:00,10.0,27.60974
1995-08-20 06:29:00,15.0,26.963469
1995-08-20 06:30:00,4.0,26.106548
1995-08-20 06:31:00,5.0,25.54146
1995-08-20 06:32:00,5.0,25.199724
1995-08-20 06:33:00,5.0,25.267952
1995-08-20 06:34:00,9.0,25.640755
1995-08-20 06:35:00,5.0,25.412895
1995-08-20 06:36:00,4.0,25.864887
1995-08-20 06:37:00,13.000000000000002,25.889421
1995-08-20 06:38:00,6.999999999999999,25.601267
1995-08-20 06:39:00,19.0,25.525448
1995-08-20 06:40:00,6.0,25.603395
1995-08-20 06:41:00,12.0,26.704098
1995-08-20 06:42:00,5.0,27.084753
1995-08-20 06:43:00,5.0,27.329912
1995-08-20 06:44:00,10.0,26.862965
1995-08-20 06:45:00,6.999999999999999,25.637484
1995-08-20 06:46:00,1.0,24.568274
1995-08-20 06:47:00,9.0,23.570816
1995-08-20 06:48:00,10.0,22.71028
1995-08-20 06:49:00,2.0,23.15542
1995-08-20 06:50:00,6.0,24.800016
1995-08-20 06:51:00,9.0,24.884548
1995-08-20 06:52:00,6.999999999999999,25.359148
1995-08-20 06:53:00,6.0,25.056532
1995-08-20 06:54:00,9.0,24.560238
1995-08-20 06:55:00,12.0,24.506447
1995-08-20 06:56:00,6.999999999999999,24.590569
1995-08-20 06:57:00,17.0,24.987127
1995-08-20 06:58:00,3.0,25.42373
1995-08-20 06:59:00,11.0,26.209991
1995-08-20 07:00:00,5.0,26.186651
1995-08-20 07:01:00,12.0,25.947557
1995-08-20 07:02:00,13.999999999999998,24.769411
1995-08-20 07:03:00,12.0,25.143616
1995-08-20 07:04:00,2.0,25.919546
1995-08-20 07:05:00,12.0,26.931036
1995-08-20 07:06:00,13.999999999999998,27.712934
1995-08-20 07:07:00,6.0,27.669243
1995-08-20 07:08:00,15.0,27.581377
1995-08-20 07:09:00,8.0,27.263618
1995-08-20 07:10:00,13.999999999999998,27.564178
1995-08-20 07:11:00,15.0,27.776255
1995-08-20 07:12:00,8.0,28.064323
1995-08-20 07:13:00,13.999999999999998,28.462488
1995-08-20 07:14:00,13.999999999999998,28.400896
1995-08-20 07:15:00,8.0,28.450756
1995-08-20 07:16:00,17.0,28.761278
1995-08-20 07:17:00,17.0,27.922163
1995-08-20 07:18:00,20.0,27.208147
1995-08-20 07:19:00,35.0,27.232569
1995-08-20 07:20:00,12.0,27.991718
1995-08-20 07:21:00,9.0,29.20992
1995-08-20 07:22:00,9.0,29.893808
1995-08-20 07:23:00,22.0,30.086641
1995-08-20 07:24:00,11.0,29.492271
1995-08-20 07:25:00,25.0,29.044567
1995-08-20 07:26:00,21.0,28.038113
1995-08-20 07:27:00,17.0,27.552402
1995-08-20 07:28:00,12.0,27.013332
1995-08-20 07:29:00,32.0,27.303663
1995-08-20 07:30:00,10.0,27.298899
1995-08-20 07:31:00,13.999999999999998,28.322628
1995-08-20 07:32:00,15.0,28.80807
1995-08-20 07:33:00,25.0,28.97326
1995-08-20 07:34:00,8.0,29.111
1995-08-20 07:35:00,16.0,28.83817
1995-08-20 07:36:00,17.0,28.546682
1995-08-20 07:37:00,19.0,28.857445
1995-08-20 07:38:00,16.0,28.912113
1995-08-20 07:39:00,24.0,29.412489
1995-08-20 07:40:00,19.0,28.679785
1995-08-20 07:41:00,12.0,28.515247
1995-08-20 07:42:00,17.0,28.298676
1995-08-20 07:43:00,18.0,27.676516
1995-08-20 07:44:00,15.0,27.594406
1995-08-20 07:45:00,24.0,28.24852
1995-08-20 07:46:00,10.0,28.637407
1995-08-20 07:47:00,10.0,28.95082
1995-08-20 07:48:00,9.0,29.281887
1995-08-20 07:49:00,10.0,28.768745
1995-08-20 07:50:00,6.0,28.118029
1995-08-20 07:51:00,26.000000000000004,27.785532
1995-08-20 07:52:00,6.999999999999999,27.74986
1995-08-20 07:53:00,13.999999999999998,27.965425
1995-08-20 07:54:00,10.0,27.186314
1995-08-20 07:55:00,10.0,27.178932
1995-08-20 07:56:00,3.0,27.196201
1995-08-20 07:57:00,9.0,26.834023
1995-08-20 07:58:00,13.000000000000002,26.309544
1995-08-20 07:59:00,12.0,26.521042
1995-08-20 08:00:00,16.0,25.56388
1995-08-20 08:01:00,5.0,25.238508
1995-08-20 08:02:00,13.000000000000002,25.170996
1995-08-20 08:03:00,11.0,25.288275
1995-08-20 08:04:00,13.000000000000002,25.57239
1995-08-20 08:05:00,25.0,26.214752
1995-08-20 08:06:00,19.0,26.980328
1995-08-20 08:07:00,17.0,27.53836
1995-08-20 08:08:00,17.0,28.69674
1995-08-20 08:09:00,21.0,30.252993
1995-08-20 08:10:00,18.0,30.456776
1995-08-20 08:11:00,9.0,29.968681
1995-08-20 08:12:00,10.0,29.670063
1995-08-20 08:13:00,10.0,29.354681
1995-08-20 08:14:00,4.0,28.890537
1995-08-20 08:15:00,10.0,27.703241
1995-08-20 08:16:00,6.999999999999999,26.37725
1995-08-20 08:17:00,2.0,24.78197
1995-08-20 08:18:00,12.0,24.129677
1995-08-20 08:19:00,30.0,22.742424
1995-08-20 08:20:00,17.0,22.48777
1995-08-20 08:21:00,24.0,23.427856
1995-08-20 08:22:00,11.0,24.98998
1995-08-20 08:23:00,4.0,27.264256
1995-08-20 08:24:00,11.0,28.048695
1995-08-20 08:25:00,9.0,28.081396
1995-08-20 08:26:00,2.0,28.668707
1995-08-20 08:27:00,20.0,28.982473
1995-08-20 08:28:00,32.0,28.036438
1995-08-20 08:29:00,13.000000000000002,27.841726
1995-08-20 08:30:00,5.0,28.75434
1995-08-20 08:31:00,11.0,29.278887
1995-08-20 08:32:00,19.0,29.330477
1995-08-20 08:33:00,9.0,29.109383
1995-08-20 08:34:00,16.0,29.068491
1995-08-20 08:35:00,13.000000000000002,29.206427
1995-08-20 08:36:00,17.0,30.061243
1995-08-20 08:37:00,6.999999999999999,30.297024
1995-08-20 08:38:00,12.0,30.587975
1995-08-20 08:39:00,15.0,30.832754
1995-08-20 08:40:00,13.000000000000002,30.63526
1995-08-20 08:41:00,10.0,30.538132
1995-08-20 08:42:00,31.000000000000004,30.551113
1995-08-20 08:43:00,9.0,29.575033
1995-08-20 08:44:00,3.0,31.345295
1995-08-20 08:45:00,9.0,32.26805
1995-08-20 08:46:00,25.0,31.861246
1995-08-20 08:47:00,27.0,31.50315
1995-08-20 08:48:00,24.0,31.646633
1995-08-20 08:49:00,18.0,32.53898
1995-08-20 08:50:00,6.999999999999999,32.907795
1995-08-20 08:51:00,15.0,32.90947
1995-08-20 08:52:00,11.0,32.54241
1995-08-20 08:53:00,19.0,32.42992
1995-08-20 08:54:00,23.0,33.28244
1995-08-20 08:55:00,21.0,33.997433
1995-08-20 08:56:00,18.0,34.173157
1995-08-20 08:57:00,20.0,34.53828
1995-08-20 08:58:00,18.0,34.305626
1995-08-20 08:59:00,4.0,33.864265
1995-08-20 09:00:00,13.999999999999998,33.287663
1995-08-20 09:01:00,15.0,32.68849
1995-08-20 09:02:00,19.0,31.699883
1995-08-20 09:03:00,18.0,31.247253
1995-08-20 09:04:00,13.999999999999998,31.2002
1995-08-20 09:05:00,9.0,31.681437
1995-08-20 09:06:00,19.0,32.30942
1995-08-20 09:07:00,18.0,31.79565
1995-08-20 09:08:00,13.999999999999998,32.303505
1995-08-20 09:09:00,8.0,32.794106
1995-08-20 09:10:00,17.0,33.26147
1995-08-20 09:11:00,29.0,33.113846
1995-08-20 09:12:00,18.0,33.097427
1995-08-20 09:13:00,13.999999999999998,33.81396
1995-08-20 09:14:00,27.0,33.873985
1995-08-20 09:15:00,33.0,34.11314
1995-08-20 09:16:00,13.999999999999998,34.631798
1995-08-20 09:17:00,11.0,35.251705
1995-08-20 09:18:00,16.0,35.535748
1995-08-20 09:19:00,5.0,35.070442
1995-08-20 09:20:00,10.0,34.71078
1995-08-20 09:21:00,24.0,33.65216
1995-08-20 09:22:00,9.0,32.43088
1995-08-20 09:23:00,21.0,31.865198
1995-08-20 09:24:00,17.0,32.291878
1995-08-20 09:25:00,42.0,32.791985
1995-08-20 09:26:00,13.000000000000002,32.629498
1995-08-20 09:27:00,17.0,33.328094
1995-08-20 09:28:00,12.0,32.839645
1995-08-20 09:29:00,17.0,32.6536
1995-08-20 09:30:00,12.0,32.413
1995-08-20 09:31:00,22.0,32.407078
1995-08-20 09:32:00,21.0,32.565357
1995-08-20 09:33:00,19.0,32.966034
1995-08-20 09:34:00,34.0,33.401577
1995-08-20 09:35:00,32.0,33.73342
1995-08-20 09:36:00,35.0,34.54104
1995-08-20 09:37:00,33.0,35.480396
1995-08-20 09:38:00,35.0,36.29849
1995-08-20 09:39:00,21.0,37.624046
1995-08-20 09:40:00,26.000000000000004,38.77765
1995-08-20 09:41:00,20.0,38.893078
1995-08-20 09:42:00,33.0,39.272446
1995-08-20 09:43:00,27.0,38.508587
1995-08-20 09:44:00,23.0,38.14273
1995-08-20 09:45:00,11.0,38.03752
1995-08-20 09:46:00,18.0,37.570267
1995-08-20 09:47:00,23.0,37.00994
1995-08-20 09:48:00,32.0,37.022038
1995-08-20 09:49:00,37.0,37.556103
1995-08-20 09:50:00,20.0,38.168594
1995-08-20 09:51:00,16.0,39.465244
1995-08-20 09:52:00,30.0,40.19489
1995-08-20 09:53:00,17.0,39.753086
1995-08-20 09:54:00,27.0,39.92098
1995-08-20 09:55:00,41.0,39.82042
1995-08-20 09:56:00,35.0,39.578465
1995-08-20 09:57:00,37.0,39.862118
1995-08-20 09:58:00,36.0,40.231525
1995-08-20 09:59:00,39.0,40.808697
1995-08-20 10:00:00,6.0,41.827507
1995-08-20 10:01:00,18.0,42.577724
1995-08-20 10:02:00,6.0,41.62102
1995-08-20 10:03:00,16.0,40.98894
1995-08-20 10:04:00,23.0,39.006058
1995-08-20 10:05:00,27.0,37.649357
1995-08-20 10:06:00,42.0,37.031048
1995-08-20 10:07:00,31.000000000000004,37.11975
1995-08-20 10:08:00,50.0,38.517574
1995-08-20 10:09:00,39.0,39.82667
1995-08-20 10:10:00,30.0,41.04323
1995-08-20 10:11:00,29.0,41.880157
1995-08-20 10:12:00,9.0,42.83322
1995-08-20 10:13:00,22.0,42.903675
1995-08-20 10:14:00,21.0,42.371338
1995-08-20 10:15:00,26.000000000000004,41.622017
1995-08-20 10:16:00,13.999999999999998,40.826805
1995-08-20 10:17:00,24.0,40.818615
1995-08-20 10:18:00,41.0,40.757244
1995-08-20 10:19:00,29.0,40.39481
1995-08-20 10:20:00,20.0,40.892746
1995-08-20 10:21:00,41.0,42.35285
1995-08-20 10:22:00,47.0,42.64753
1995-08-20 10:23:00,36.0,43.55295
1995-08-20 10:24:00,33.0,45.959103
1995-08-20 10:25:00,35.0,47.647736
1995-08-20 10:26:00,44.0,49.0639
1995-08-20 10:27:00,33.0,50.526253
1995-08-20 10:28:00,22.0,51.737904
1995-08-20 10:29:00,21.0,52.734222
1995-08-20 10:30:00,42.0,52.416172
1995-08-20 10:31:00,35.0,51.41336
1995-08-20 10:32:00,26.000000000000004,51.105167
1995-08-20 10:33:00,34.0,51.397583
1995-08-20 10:34:00,19.0,51.32275
1995-08-20 10:35:00,37.0,51.504192
1995-08-20 10:36:00,45.0,51.109993
1995-08-20 10:37:00,29.0,51.039356
1995-08-20 10:38:00,34.0,51.158745
1995-08-20 10:39:00,20.0,51.147564
1995-08-20 10:40:00,17.0,51.256577
1995-08-20 10:41:00,6.999999999999999,50.35904
1995-08-20 10:42:00,20.0,48.961395
1995-08-20 10:43:00,40.0,47.466026
1995-08-20 10:44:00,50.99999999999999,46.466755
1995-08-20 10:45:00,37.0,46.62004
1995-08-20 10:46:00,27.999999999999996,47.530922
1995-08-20 10:47:00,29.0,48.486782
1995-08-20 10:48:00,21.0,48.145634
1995-08-20 10:49:00,27.0,48.219646
1995-08-20 10:50:00,22.0,47.72278
1995-08-20 10:51:00,18.0,47.753315
1995-08-20 10:52:00,19.0,47.52983
1995-08-20 10:53:00,29.0,46.81251
1995-08-20 10:54:00,17.0,46.168938
1995-08-20 10:55:00,24.0,46.059956
1995-08-20 10:56:00,26.000000000000004,45.554817
1995-08-20 10:57:00,22.0,45.053333
1995-08-20 10:58:00,19.0,44.854023
1995-08-20 10:59:00,23.0,44.59914
1995-08-20 11:00:00,27.999999999999996,44.3095
1995-08-20 11:01:00,19.0,44.020218
1995-08-20 11:02:00,13.000000000000002,43.71934
1995-08-20 11:03:00,16.0,43.56817
1995-08-20 11:04:00,19.0,42.7386
1995-08-20 11:05:00,29.0,41.82149
1995-08-20 11:06:00,29.0,40.926407
1995-08-20 11:07:00,29.0,41.00995
1995-08-20 11:08:00,18.0,41.810818
1995-08-20 11:09:00,13.999999999999998,41.863647
1995-08-20 11:10:00,20.0,41.260857
1995-08-20 11:11:00,23.0,40.396976
1995-08-20 11:12:00,9.0,40.784286
1995-08-20 11:13:00,18.0,41.27715
1995-08-20 11:14:00,11.0,40.77428
1995-08-20 11:15:00,9.0,39.60546
1995-08-20 11:16:00,26.000000000000004,39.12831
1995-08-20 11:17:00,32.0,39.12464
1995-08-20 11:18:00,23.0,38.74293
1995-08-20 11:19:00,11.0,38.865856
1995-08-20 11:20:00,17.0,39.2207
1995-08-20 11:21:00,19.0,39.51684
1995-08-20 11:22:00,33.0,40.76536
1995-08-20 11:23:00,26.000000000000004,41.098854
1995-08-20 11:24:00,17.0,41.840492
1995-08-20 11:25:00,22.0,42.71662
1995-08-20 11:26:00,16.0,42.82197
1995-08-20 11:27:00,36.0,42.116898
1995-08-20 11:28:00,22.0,41.10881
1995-08-20 11:29:00,21.0,41.23253
1995-08-20 11:30:00,22.0,41.129234
1995-08-20 11:31:00,26.000000000000004,41.638317
1995-08-20 11:32:00,37.0,41.93931
1995-08-20 11:33:00,47.0,42.2771
1995-08-20 11:34:00,32.0,43.226685
1995-08-20 11:35:00,41.0,44.604294
1995-08-20 11:36:00,45.0,44.817947
1995-08-20 11:37:00,35.0,45.54788
1995-08-20 11:38:00,19.0,46.087177
1995-08-20 11:39:00,27.999999999999996,46.658646
1995-08-20 11:40:00,21.0,46.64476
1995-08-20 11:41:00,16.0,47.058235
1995-08-20 11:42:00,32.0,46.852997
1995-08-20 11:43:00,30.0,45.906
1995-08-20 11:44:00,40.0,46.752853
1995-08-20 11:45:00,25.0,47.031822
1995-08-20 11:46:00,30.0,47.50587
1995-08-20 11:47:00,44.0,47.075592
1995-08-20 11:48:00,36.0,47.69494
1995-08-20 11:49:00,33.0,49.22877
1995-08-20 11:50:00,22.0,49.768223
1995-08-20 11:51:00,41.0,49.70901
1995-08-20 11:52:00,13.999999999999998,49.42965
1995-08-20 11:53:00,13.999999999999998,49.875637
1995-08-20 11:54:00,27.0,47.838943
1995-08-20 11:55:00,27.999999999999996,45.065205
1995-08-20 11:56:00,26.000000000000004,44.355476
1995-08-20 11:57:00,26.000000000000004,44.30423
1995-08-20 11:58:00,24.0,44.126827
1995-08-20 11:59:00,36.0,44.245247
1995-08-20 12:00:00,49.0,44.232086
1995-08-20 12:01:00,46.0,45.703304
1995-08-20 12:02:00,16.0,47.519524
1995-08-20 12:03:00,22.0,49.581547
1995-08-20 12:04:00,16.0,50.01073
1995-08-20 12:05:00,23.0,49.55698
1995-08-20 12:06:00,35.0,48.39289
1995-08-20 12:07:00,43.0,47.703243
1995-08-20 12:08:00,49.0,47.923897
1995-08-20 12:09:00,45.0,48.230087
1995-08-20 12:10:00,19.0,49.50529
1995-08-20 12:11:00,9.0,50.40258
1995-08-20 12:12:00,13.999999999999998,49.528828
1995-08-20 12:13:00,18.0,47.10948
1995-08-20 12:14:00,52.00000000000001,45.118484
1995-08-20 12:15:00,19.0,43.954086
1995-08-20 12:16:00,21.0,44.531223
1995-08-20 12:17:00,39.0,44.3431
1995-08-20 12:18:00,34.0,43.468052
1995-08-20 12:19:00,20.0,44.024162
1995-08-20 12:20:00,17.0,44.94868
1995-08-20 12:21:00,21.0,45.167156
1995-08-20 12:22:00,36.0,45.43634
1995-08-20 12:23:00,26.000000000000004,45.26259
1995-08-20 12:24:00,37.0,46.27052
1995-08-20 12:25:00,47.0,46.948975
1995-08-20 12:26:00,35.0,48.300644
1995-08-20 12:27:00,12.0,49.17906
1995-08-20 12:28:00,40.0,49.741318
1995-08-20 12:29:00,13.000000000000002,49.059887
1995-08-20 12:30:00,47.0,48.51458
1995-08-20 12:31:00,30.0,46.77015
1995-08-20 12:32:00,39.0,46.548054
1995-08-20 12:33:00,13.999999999999998,46.428265
1995-08-20 12:34:00,13.000000000000002,46.249783
1995-08-20 12:35:00,19.0,45.23309
1995-08-20 12:36:00,34.0,44.308437
1995-08-20 12:37:00,45.0,43.6708
1995-08-20 12:38:00,30.0,43.414845
1995-08-20 12:39:00,21.0,44.22946
1995-08-20 12:40:00,43.0,45.25563
1995-08-20 12:41:00,39.0,45.341656
1995-08-20 12:42:00,47.0,45.606182
1995-08-20 12:43:00,48.0,46.23024
1995-08-20 12:44:00,18.0,48.05084
1995-08-20 12:45:00,13.000000000000002,49.97243
1995-08-20 12:46:00,30.0,50.457623
1995-08-20 12:47:00,11.0,49.545265
1995-08-20 12:48:00,32.0,49.145866
1995-08-20 12:49:00,12.0,47.66812
1995-08-20 12:50:00,21.0,47.582947
1995-08-20 12:51:00,20.0,47.198807
1995-08-20 12:52:00,11.0,46.986965
1995-08-20 12:53:00,31.000000000000004,46.00029
1995-08-20 12:54:00,21.0,45.856068
1995-08-20 12:55:00,36.0,46.405846
1995-08-20 12:56:00,24.0,45.747696
1995-08-20 12:57:00,30.0,45.280712
1995-08-20 12:58:00,21.0,45.24652
1995-08-20 12:59:00,22.0,45.406258
1995-08-20 13:00:00,37.0,44.815945
1995-08-20 13:01:00,58.0,44.61421
1995-08-20 13:02:00,40.0,44.84966
1995-08-20 13:03:00,24.0,45.903976
1995-08-20 13:04:00,30.0,46.543667
1995-08-20 13:05:00,32.0,46.874874
1995-08-20 13:06:00,34.0,47.096855
1995-08-20 13:07:00,27.0,47.81428
1995-08-20 13:08:00,23.0,48.48937
1995-08-20 13:09:00,16.0,48.746635
1995-08-20 13:10:00,19.0,47.761776
1995-08-20 13:11:00,49.0,46.42636
1995-08-20 13:12:00,58.0,45.157017
1995-08-20 13:13:00,30.0,45.341946
1995-08-20 13:14:00,25.0,46.589138
1995-08-20 13:15:00,17.0,47.29122
1995-08-20 13:16:00,17.0,47.485477
1995-08-20 13:17:00,36.0,47.444252
1995-08-20 13:18:00,34.0,47.439423
1995-08-20 13:19:00,24.0,47.966923
1995-08-20 13:20:00,32.0,48.51821
1995-08-20 13:21:00,13.999999999999998,48.84977
1995-08-20 13:22:00,18.0,49.47382
1995-08-20 13:23:00,21.0,49.070145
1995-08-20 13:24:00,20.0,48.459213
1995-08-20 13:25:00,8.0,47.726707
1995-08-20 13:26:00,12.0,46.49666
1995-08-20 13:27:00,26.000000000000004,45.0405
1995-08-20 13:28:00,27.0,42.88398
1995-08-20 13:29:00,20.0,42.54118
1995-08-20 13:30:00,23.0,42.350315
1995-08-20 13:31:00,45.0,41.88921
1995-08-20 13:32:00,35.0,42.513866
1995-08-20 13:33:00,9.0,43.990154
1995-08-20 13:34:00,11.0,45.680046
1995-08-20 13:35:00,22.0,45.187183
1995-08-20 13:36:00,22.0,44.911476
1995-08-20 13:37:00,12.0,45.034786
1995-08-20 13:38:00,34.0,44.613873
1995-08-20 13:39:00,29.0,43.63577
1995-08-20 13:40:00,21.0,44.050068
1995-08-20 13:41:00,49.0,44.27396
1995-08-20 13:42:00,24.0,44.26967
1995-08-20 13:43:00,40.0,45.44449
1995-08-20 13:44:00,24.0,45.956013
1995-08-20 13:45:00,34.0,46.49746
1995-08-20 13:46:00,20.0,46.252502
1995-08-20 13:47:00,23.0,46.137283
1995-08-20 13:48:00,20.0,45.99292
1995-08-20 13:49:00,35.0,45.785072
1995-08-20 13:50:00,27.0,45.68173
1995-08-20 13:51:00,25.0,45.998367
1995-08-20 13:52:00,37.0,46.598198
1995-08-20 13:53:00,18.0,46.9296
1995-08-20 13:54:00,29.0,47.858986
1995-08-20 13:55:00,50.0,47.68961
1995-08-20 13:56:00,30.0,47.876987
1995-08-20 13:57:00,32.0,48.891014
1995-08-20 13:58:00,48.0,49.384033
1995-08-20 13:59:00,31.000000000000004,50.167255
1995-08-20 14:00:00,13.000000000000002,51.111526
1995-08-20 14:01:00,13.999999999999998,51.71141
1995-08-20 14:02:00,12.0,51.36361
1995-08-20 14:03:00,13.999999999999998,50.150043
1995-08-20 14:04:00,23.0,48.61605
1995-08-20 14:05:00,27.0,46.864647
1995-08-20 14:06:00,30.0,46.22354
1995-08-20 14:07:00,30.0,46.1874
1995-08-20 14:08:00,33.0,46.317154
1995-08-20 14:09:00,47.0,47.47688
1995-08-20 14:10:00,21.0,48.184906
1995-08-20 14:11:00,23.0,49.603302
1995-08-20 14:12:00,16.0,49.77368
1995-08-20 14:13:00,29.0,49.720974
1995-08-20 14:14:00,21.0,49.33875
1995-08-20 14:15:00,48.0,48.661343
1995-08-20 14:16:00,35.0,47.937706
1995-08-20 14:17:00,34.0,47.976715
1995-08-20 14:18:00,27.0,48.15042
1995-08-20 14:19:00,13.000000000000002,48.750355
1995-08-20 14:20:00,6.999999999999999,48.76402
1995-08-20 14:21:00,6.999999999999999,47.955257
1995-08-20 14:22:00,34.0,46.29435
1995-08-20 14:23:00,38.0,44.152405
1995-08-20 14:24:00,20.0,43.22031
1995-08-20 14:25:00,23.0,43.341957
1995-08-20 14:26:00,10.0,42.79713
1995-08-20 14:27:00,39.0,42.499725
1995-08-20 14:28:00,30.0,41.4155
1995-08-20 14:29:00,13.000000000000002,42.434074
1995-08-20 14:30:00,16.0,43.474396
1995-08-20 14:31:00,38.0,43.848225
1995-08-20 14:32:00,33.0,43.283688
1995-08-20 14:33:00,15.0,43.675957
1995-08-20 14:34:00,19.0,44.298775
1995-08-20 14:35:00,6.999999999999999,44.42442
1995-08-20 14:36:00,20.0,44.161644
1995-08-20 14:37:00,22.0,43.05067
1995-08-20 14:38:00,12.0,42.27497
1995-08-20 14:39:00,50.0,41.916496
1995-08-20 14:40:00,25.0,42.00882
1995-08-20 14:41:00,36.0,42.780624
1995-08-20 14:42:00,50.0,43.736874
1995-08-20 14:43:00,57.00000000000001,45.112514
1995-08-20 14:44:00,44.0,46.637226
1995-08-20 14:45:00,24.0,48.616367
1995-08-20 14:46:00,50.0,50.21947
1995-08-20 14:47:00,41.0,50.505222
1995-08-20 14:48:00,29.0,51.89525
1995-08-20 14:49:00,33.0,52.94001
1995-08-20 14:50:00,35.0,53.299347
1995-08-20 14:51:00,27.999999999999996,52.95374
1995-08-20 14:52:00,69.0,52.970425
1995-08-20 14:53:00,21.0,52.52979
1995-08-20 14:54:00,32.0,53.73752
1995-08-20 14:55:00,33.0,53.432896
1995-08-20 14:56:00,34.0,53.510513
1995-08-20 14:57:00,41.0,53.860306
1995-08-20 14:58:00,27.999999999999996,53.533264
1995-08-20 14:59:00,25.0,53.360302
1995-08-20 15:00:00,6.999999999999999,53.33808
1995-08-20 15:01:00,18.0,53.373447
1995-08-20 15:02:00,9.0,52.090984
1995-08-20 15:03:00,18.0,50.367954
1995-08-20 15:04:00,10.0,48.32561
1995-08-20 15:05:00,10.0,46.783916
1995-08-20 15:06:00,9.0,45.2774
1995-08-20 15:07:00,39.0,43.712227
1995-08-20 15:08:00,23.0,42.335777
1995-08-20 15:09:00,35.0,42.40041
1995-08-20 15:10:00,34.0,42.51975
1995-08-20 15:11:00,29.0,43.170925
1995-08-20 15:12:00,22.0,44.449833
1995-08-20 15:13:00,16.0,45.54947
1995-08-20 15:14:00,44.0,46.584198
1995-08-20 15:15:00,22.0,47.139378
1995-08-20 15:16:00,32.0,48.44372
1995-08-20 15:17:00,26.000000000000004,48.789787
1995-08-20 15:18:00,27.0,49.54512
1995-08-20 15:19:00,30.0,50.03224
1995-08-20 15:20:00,24.0,49.756886
1995-08-20 15:21:00,35.0,50.022583
1995-08-20 15:22:00,23.0,50.030205
1995-08-20 15:23:00,15.0,50.25837
1995-08-20 15:24:00,13.000000000000002,49.873
1995-08-20 15:25:00,17.0,48.318623
1995-08-20 15:26:00,23.0,47.289707
1995-08-20 15:27:00,35.0,46.737213
1995-08-20 15:28:00,18.0,46.687145
1995-08-20 15:29:00,29.0,47.39522
1995-08-20 15:30:00,33.0,47.503063
1995-08-20 15:31:00,15.0,47.16152
1995-08-20 15:32:00,13.000000000000002,46.48159
1995-08-20 15:33:00,32.0,45.3989
1995-08-20 15:34:00,38.0,43.534725
1995-08-20 15:35:00,29.0,42.15839
1995-08-20 15:36:00,12.0,41.993446
1995-08-20 15:37:00,37.0,41.978783
1995-08-20 15:38:00,19.0,41.11474
1995-08-20 15:39:00,22.0,41.55625
1995-08-20 15:40:00,19.0,41.83609
1995-08-20 15:41:00,43.0,42.510326
1995-08-20 15:42:00,36.0,42.831097
1995-08-20 15:43:00,32.0,43.93741
1995-08-20 15:44:00,44.0,45.130867
1995-08-20 15:45:00,34.0,46.230686
1995-08-20 15:46:00,39.0,47.115772
1995-08-20 15:47:00,22.0,48.00777
1995-08-20 15:48:00,13.000000000000002,49.15633
1995-08-20 15:49:00,34.0,49.96116
1995-08-20 15:50:00,35.0,49.620304
1995-08-20 15:51:00,59.0,50.384663
1995-08-20 15:52:00,39.0,51.09064
1995-08-20 15:53:00,41.0,52.18536
1995-08-20 15:54:00,26.000000000000004,53.193916
1995-08-20 15:55:00,39.0,54.084003
1995-08-20 15:56:00,13.000000000000002,54.56842
1995-08-20 15:57:00,26.000000000000004,54.326416
1995-08-20 15:58:00,33.0,53.31247
1995-08-20 15:59:00,36.0,52.21338
1995-08-20 16:00:00,34.0,51.766018
1995-08-20 16:01:00,21.0,52.4077
1995-08-20 16:02:00,41.0,52.714634
1995-08-20 16:03:00,48.0,52.419823
1995-08-20 16:04:00,38.0,53.005783
1995-08-20 16:05:00,15.0,53.834953
1995-08-20 16:06:00,13.999999999999998,54.457123
1995-08-20 16:07:00,19.0,53.487682
1995-08-20 16:08:00,24.0,51.351986
1995-08-20 16:09:00,34.0,49.700726
1995-08-20 16:10:00,29.0,48.61797
1995-08-20 16:11:00,35.0,48.6272
1995-08-20 16:12:00,29.0,48.931587
1995-08-20 16:13:00,21.0,49.82345
1995-08-20 16:14:00,32.0,50.830902
1995-08-20 16:15:00,46.0,50.655704
1995-08-20 16:16:00,32.0,49.605743
1995-08-20 16:17:00,50.99999999999999,49.841347
1995-08-20 16:18:00,41.0,50.25738
1995-08-20 16:19:00,47.0,52.42324
1995-08-20 16:20:00,21.0,53.19381
1995-08-20 16:21:00,27.999999999999996,54.441322
1995-08-20 16:22:00,30.0,54.569733
1995-08-20 16:23:00,23.0,54.240635
1995-08-20 16:24:00,26.000000000000004,53.410393
1995-08-20 16:25:00,55.0,52.86741
1995-08-20 16:26:00,35.0,52.308655
1995-08-20 16:27:00,55.99999999999999,53.29727
1995-08-20 16:28:00,27.999999999999996,53.40127
1995-08-20 16:29:00,34.0,54.219296
1995-08-20 16:30:00,76.0,53.866608
1995-08-20 16:31:00,32.0,53.871197
1995-08-20 16:32:00,48.0,55.257988
1995-08-20 16:33:00,24.0,55.44991
1995-08-20 16:34:00,27.0,56.262783
1995-08-20 16:35:00,34.0,55.881218
1995-08-20 16:36:00,23.0,55.180088
1995-08-20 16:37:00,24.0,55.063503
1995-08-20 16:38:00,21.0,54.57979
1995-08-20 16:39:00,20.0,53.551895
1995-08-20 16:40:00,23.0,52.99806
1995-08-20 16:41:00,46.0,51.96149
1995-08-20 16:42:00,35.0,51.049553
1995-08-20 16:43:00,37.0,51.178154
1995-08-20 16:44:00,33.0,50.82961
1995-08-20 16:45:00,52.00000000000001,50.80599
1995-08-20 16:46:00,40.0,51.33219
1995-08-20 16:47:00,37.0,52.30873
1995-08-20 16:48:00,32.0,52.9026
1995-08-20 16:49:00,40.0,53.4941
1995-08-20 16:50:00,22.0,54.006817
1995-08-20 16:51:00,29.0,54.412594
1995-08-20 16:52:00,31.000000000000004,53.617783
1995-08-20 16:53:00,26.000000000000004,53.06781
1995-08-20 16:54:00,30.0,52.413662
1995-08-20 16:55:00,49.0,52.240345
1995-08-20 16:56:00,24.0,51.759018
1995-08-20 16:57:00,29.0,52.291073
1995-08-20 16:58:00,18.0,51.708424
1995-08-20 16:59:00,31.000000000000004,50.902294
1995-08-20 17:00:00,31.000000000000004,49.20181
1995-08-20 17:01:00,36.0,48.466007
1995-08-20 17:02:00,19.0,48.08933
1995-08-20 17:03:00,22.0,47.962547
1995-08-20 17:04:00,22.0,47.33664
1995-08-20 17:05:00,20.0,46.604393
1995-08-20 17:06:00,45.0,46.002926
1995-08-20 17:07:00,39.0,45.434948
1995-08-20 17:08:00,19.0,46.324524
1995-08-20 17:09:00,25.0,47.147926
1995-08-20 17:10:00,27.999999999999996,46.782467
1995-08-20 17:11:00,18.0,46.655937
1995-08-20 17:12:00,29.0,46.596954
1995-08-20 17:13:00,30.0,46.197544
1995-08-20 17:14:00,50.99999999999999,46.6712
1995-08-20 17:15:00,46.0,47.770073
1995-08-20 17:16:00,8.0,49.099113
1995-08-20 17:17:00,13.000000000000002,50.202026
1995-08-20 17:18:00,12.0,49.79172
1995-08-20 17:19:00,24.0,48.680794
1995-08-20 17:20:00,13.000000000000002,47.10408
1995-08-20 17:21:00,20.0,46.286785
1995-08-20 17:22:00,31.000000000000004,44.93492
1995-08-20 17:23:00,17.0,43.826424
1995-08-20 17:24:00,20.0,43.901985
1995-08-20 17:25:00,23.0,43.53519
1995-08-20 17:26:00,44.0,42.84724
1995-08-20 17:27:00,19.0,42.53447
1995-08-20 17:28:00,12.0,42.73179
1995-08-20 17:29:00,12.0,42.584496
1995-08-20 17:30:00,21.0,41.764133
1995-08-20 17:31:00,13.000000000000002,40.18089
1995-08-20 17:32:00,37.0,39.033085
1995-08-20 17:33:00,17.0,38.248623
1995-08-20 17:34:00,25.0,39.01169
1995-08-20 17:35:00,26.000000000000004,39.267773
1995-08-20 17:36:00,25.0,40.104992
1995-08-20 17:37:00,33.0,40.917637
1995-08-20 17:38:00,41.0,41.578827
1995-08-20 17:39:00,46.0,42.254036
1995-08-20 17:40:00,32.0,43.04064
1995-08-20 17:41:00,30.0,44.88189
1995-08-20 17:42:00,16.0,46.639606
1995-08-20 17:43:00,19.0,48.47542
1995-08-20 17:44:00,35.0,49.043
1995-08-20 17:45:00,42.0,49.201084
1995-08-20 17:46:00,36.0,49.42802
1995-08-20 17:47:00,19.0,49.697437
1995-08-20 17:48:00,19.0,49.567696
1995-08-20 17:49:00,24.0,49.199
1995-08-20 17:50:00,18.0,48.42198
1995-08-20 17:51:00,35.0,47.017998
1995-08-20 17:52:00,40.0,45.977676
1995-08-20 17:53:00,43.0,46.191727
1995-08-20 17:54:00,16.0,46.50824
1995-08-20 17:55:00,40.0,46.990692
1995-08-20 17:56:00,12.0,46.429985
1995-08-20 17:57:00,37.0,46.97384
1995-08-20 17:58:00,16.0,46.436123
1995-08-20 17:59:00,24.0,46.80112
1995-08-20 18:00:00,40.0,47.18424
1995-08-20 18:01:00,47.0,46.8746
1995-08-20 18:02:00,24.0,47.570717
1995-08-20 18:03:00,34.0,48.585876
1995-08-20 18:04:00,33.0,48.59545
1995-08-20 18:05:00,54.0,48.905193
1995-08-20 18:06:00,50.0,49.099194
1995-08-20 18:07:00,36.0,50.412075
1995-08-20 18:08:00,20.0,52.315853
1995-08-20 18:09:00,18.0,53.354496
1995-08-20 18:10:00,22.0,52.543
1995-08-20 18:11:00,27.999999999999996,51.193348
1995-08-20 18:12:00,26.000000000000004,49.74275
1995-08-20 18:13:00,18.0,48.7346
1995-08-20 18:14:00,23.0,47.75484
1995-08-20 18:15:00,29.0,46.374226
1995-08-20 18:16:00,21.0,45.448734
1995-08-20 18:17:00,23.0,45.435776
1995-08-20 18:18:00,19.0,45.091904
1995-08-20 18:19:00,13.999999999999998,44.87645
1995-08-20 18:20:00,38.0,45.073868
1995-08-20 18:21:00,26.000000000000004,44.89714
1995-08-20 18:22:00,58.0,45.467476
1995-08-20 18:23:00,39.0,46.51641
1995-08-20 18:24:00,27.0,48.051506
1995-08-20 18:25:00,29.0,49.715332
1995-08-20 18:26:00,17.0,49.90702
1995-08-20 18:27:00,20.0,50.20543
1995-08-20 18:28:00,23.0,49.535862
1995-08-20 18:29:00,45.0,48.95415
1995-08-20 18:30:00,24.0,48.422943
1995-08-20 18:31:00,21.0,49.2424
1995-08-20 18:32:00,27.0,49.496223
1995-08-20 18:33:00,42.0,49.170597
1995-08-20 18:34:00,30.0,48.649647
1995-08-20 18:35:00,27.0,49.214973
1995-08-20 18:36:00,39.0,49.38356
1995-08-20 18:37:00,41.0,49.390182
1995-08-20 18:38:00,32.0,50.054092
1995-08-20 18:39:00,22.0,51.111897
1995-08-20 18:40:00,22.0,51.81628
1995-08-20 18:41:00,39.0,51.367004
1995-08-20 18:42:00,21.0,50.531277
1995-08-20 18:43:00,29.0,50.328
1995-08-20 18:44:00,23.0,49.298325
1995-08-20 18:45:00,27.999999999999996,48.34278
1995-08-20 18:46:00,13.999999999999998,47.324635
1995-08-20 18:47:00,13.999999999999998,46.881584
1995-08-20 18:48:00,16.0,45.83658
1995-08-20 18:49:00,8.0,44.782314
1995-08-20 18:50:00,8.0,44.049026
1995-08-20 18:51:00,12.0,44.08412
1995-08-20 18:52:00,18.0,43.875572
1995-08-20 18:53:00,15.0,43.824474
1995-08-20 18:54:00,11.0,43.53232
1995-08-20 18:55:00,15.0,43.10049
1995-08-20 18:56:00,27.999999999999996,42.690857
1995-08-20 18:57:00,25.0,42.59297
1995-08-20 18:58:00,25.0,42.809055
1995-08-20 18:59:00,23.0,43.433464
1995-08-20 19:00:00,23.0,43.986458
1995-08-20 19:01:00,18.0,44.511
1995-08-20 19:02:00,13.999999999999998,44.31328
1995-08-20 19:03:00,27.999999999999996,44.292454
1995-08-20 19:04:00,32.0,43.60841
1995-08-20 19:05:00,33.0,43.383026
1995-08-20 19:06:00,40.0,43.71032
1995-08-20 19:07:00,19.0,44.33498
1995-08-20 19:08:00,42.0,45.182453
1995-08-20 19:09:00,22.0,45.487602
1995-08-20 19:10:00,25.0,46.19763
1995-08-20 19:11:00,18.0,46.31723
1995-08-20 19:12:00,21.0,46.390476
1995-08-20 19:13:00,23.0,46.190166
1995-08-20 19:14:00,23.0,45.864235
1995-08-20 19:15:00,21.0,45.526413
1995-08-20 19:16:00,17.0,44.52012
1995-08-20 19:17:00,27.0,43.57853
1995-08-20 19:18:00,24.0,43.04746
1995-08-20 19:19:00,25.0,42.736336
1995-08-20 19:20:00,27.999999999999996,42.07151
1995-08-20 19:21:00,16.0,41.6878
1995-08-20 19:22:00,20.0,41.41186
1995-08-20 19:23:00,36.0,41.427902
1995-08-20 19:24:00,21.0,41.86084
1995-08-20 19:25:00,18.0,42.53142
1995-08-20 19:26:00,9.0,42.999817
1995-08-20 19:27:00,13.999999999999998,43.249218
1995-08-20 19:28:00,11.0,42.329624
1995-08-20 19:29:00,27.999999999999996,41.76459
1995-08-20 19:30:00,9.0,40.809566
1995-08-20 19:31:00,16.0,41.04819
1995-08-20 19:32:00,45.0,40.084423
1995-08-20 19:33:00,33.0,39.206474
1995-08-20 19:34:00,29.0,40.406128
1995-08-20 19:35:00,35.0,41.6948
1995-08-20 19:36:00,24.0,43.189262
1995-08-20 19:37:00,35.0,44.83499
1995-08-20 19:38:00,12.0,46.05901
1995-08-20 19:39:00,24.0,46.88255
1995-08-20 19:40:00,24.0,46.800617
1995-08-20 19:41:00,10.0,47.055428
1995-08-20 19:42:00,27.999999999999996,47.370316
1995-08-20 19:43:00,24.0,46.734886
1995-08-20 19:44:00,21.0,46.21515
1995-08-20 19:45:00,8.0,46.018784
1995-08-20 19:46:00,29.0,46.2406
1995-08-20 19:47:00,13.000000000000002,45.990395
1995-08-20 19:48:00,20.0,45.557796
1995-08-20 19:49:00,11.0,44.67844
1995-08-20 19:50:00,27.0,44.29317
1995-08-20 19:51:00,13.999999999999998,43.77324
1995-08-20 19:52:00,22.0,43.725796
1995-08-20 19:53:00,43.0,43.54687
1995-08-20 19:54:00,55.0,43.128895
1995-08-20 19:55:00,33.0,43.72492
1995-08-20 19:56:00,40.0,45.818787
1995-08-20 19:57:00,59.0,47.137177
1995-08-20 19:58:00,55.99999999999999,47.896816
1995-08-20 19:59:00,29.0,49.603943
1995-08-20 20:00:00,44.0,51.02906
1995-08-20 20:01:00,27.999999999999996,51.27248
1995-08-20 20:02:00,24.0,51.597378
1995-08-20 20:03:00,23.0,51.311436
1995-08-20 20:04:00,23.0,50.310177
1995-08-20 20:05:00,32.0,49.293667
1995-08-20 20:06:00,18.0,48.914574
1995-08-20 20:07:00,26.000000000000004,48.890182
1995-08-20 20:08:00,15.0,48.581326
1995-08-20 20:09:00,20.0,48.0935
1995-08-20 20:10:00,23.0,47.141247
1995-08-20 20:11:00,17.0,46.719383
1995-08-20 20:12:00,6.999999999999999,45.532627
1995-08-20 20:13:00,21.0,44.527157
1995-08-20 20:14:00,35.0,43.046597
1995-08-20 20:15:00,47.0,41.662304
1995-08-20 20:16:00,33.0,41.391388
1995-08-20 20:17:00,44.0,43.094063
1995-08-20 20:18:00,41.0,44.403072
1995-08-20 20:19:00,18.0,46.183422
1995-08-20 20:20:00,44.0,47.727734
1995-08-20 20:21:00,21.0,47.495934
1995-08-20 20:22:00,27.0,48.218
1995-08-20 20:23:00,12.0,48.081585
1995-08-20 20:24:00,6.0,47.59101
1995-08-20 20:25:00,34.0,46.432117
1995-08-20 20:26:00,12.0,44.546288
1995-08-20 20:27:00,21.0,43.68728
1995-08-20 20:28:00,27.999999999999996,42.511593
1995-08-20 20:29:00,43.0,42.000874
1995-08-20 20:30:00,26.000000000000004,41.762184
1995-08-20 20:31:00,39.0,42.87751
1995-08-20 20:32:00,37.0,43.526855
1995-08-20 20:33:00,27.999999999999996,44.683746
1995-08-20 20:34:00,25.0,46.315643
1995-08-20 20:35:00,16.0,46.936226
1995-08-20 20:36:00,22.0,46.666492
1995-08-20 20:37:00,37.0,45.932945
1995-08-20 20:38:00,42.0,45.51471
1995-08-20 20:39:00,34.0,45.734512
1995-08-20 20:40:00,34.0,46.07455
1995-08-20 20:41:00,33.0,46.649338
1995-08-20 20:42:00,31.000000000000004,46.992615
1995-08-20 20:43:00,16.0,47.790424
1995-08-20 20:44:00,33.0,48.02158
1995-08-20 20:45:00,39.0,47.78933
1995-08-20 20:46:00,36.0,47.47556
1995-08-20 20:47:00,36.0,48.206184
1995-08-20 20:48:00,26.000000000000004,48.325535
1995-08-20 20:49:00,26.000000000000004,48.920822
1995-08-20 20:50:00,27.0,49.014946
1995-08-20 20:51:00,26.000000000000004,48.96398
1995-08-20 20:52:00,19.0,48.670094
1995-08-20 20:53:00,32.0,48.557636
1995-08-20 20:54:00,13.999999999999998,48.30239
1995-08-20 20:55:00,22.0,49.06114
1995-08-20 20:56:00,8.0,48.121048
1995-08-20 20:57:00,19.0,46.940968
1995-08-20 20:58:00,18.0,44.923435
1995-08-20 20:59:00,19.0,43.570084
1995-08-20 21:00:00,27.0,42.95754
1995-08-20 21:01:00,25.0,42.36669
1995-08-20 21:02:00,34.0,42.467854
1995-08-20 21:03:00,26.000000000000004,42.924076
1995-08-20 21:04:00,24.0,44.359543
1995-08-20 21:05:00,13.000000000000002,45.571373
1995-08-20 21:06:00,21.0,46.380722
1995-08-20 21:07:00,12.0,46.346752
1995-08-20 21:08:00,16.0,46.307793
1995-08-20 21:09:00,27.999999999999996,45.731297
1995-08-20 21:10:00,29.0,45.257336
1995-08-20 21:11:00,27.999999999999996,44.76861
1995-08-20 21:12:00,26.000000000000004,44.329304
1995-08-20 21:13:00,22.0,44.1921
1995-08-20 21:14:00,23.0,44.39804
1995-08-20 21:15:00,34.0,44.337616
1995-08-20 21:16:00,21.0,44.429676
1995-08-20 21:17:00,15.0,44.49516
1995-08-20 21:18:00,20.0,44.88673
1995-08-20 21:19:00,22.0,44.623367
1995-08-20 21:20:00,36.0,44.25856
1995-08-20 21:21:00,18.0,43.51974
1995-08-20 21:22:00,29.0,43.681244
1995-08-20 21:23:00,29.0,43.908997
1995-08-20 21:24:00,26.000000000000004,43.896805
1995-08-20 21:25:00,23.0,43.972336
1995-08-20 21:26:00,23.0,44.812347
1995-08-20 21:27:00,24.0,45.06653
1995-08-20 21:28:00,13.999999999999998,44.647476
1995-08-20 21:29:00,17.0,44.4191
1995-08-20 21:30:00,19.0,44.07477
1995-08-20 21:31:00,23.0,43.88147
1995-08-20 21:32:00,32.0,43.59159
1995-08-20 21:33:00,30.0,43.856407
1995-08-20 21:34:00,12.0,44.931007
1995-08-20 21:35:00,58.0,45.95453
1995-08-20 21:36:00,67.0,46.274746
1995-08-20 21:37:00,35.0,47.862293
1995-08-20 21:38:00,48.0,50.188667
1995-08-20 21:39:00,27.0,51.566963
1995-08-20 21:40:00,30.0,52.535908
1995-08-20 21:41:00,13.000000000000002,52.73197
1995-08-20 21:42:00,38.0,52.32346
1995-08-20 21:43:00,20.0,50.949398
1995-08-20 21:44:00,37.0,50.404926
1995-08-20 21:45:00,27.0,48.939796
1995-08-20 21:46:00,23.0,48.497345
1995-08-20 21:47:00,17.0,47.725304
1995-08-20 21:48:00,15.0,47.197914
1995-08-20 21:49:00,31.000000000000004,45.86134
1995-08-20 21:50:00,40.0,44.343132
1995-08-20 21:51:00,25.0,43.382328
1995-08-20 21:52:00,17.0,43.593105
1995-08-20 21:53:00,34.0,44.285027
1995-08-20 21:54:00,24.0,43.46582
1995-08-20 21:55:00,19.0,43.06531
1995-08-20 21:56:00,23.0,42.523674
1995-08-20 21:57:00,26.000000000000004,42.034294
1995-08-20 21:58:00,36.0,42.153934
1995-08-20 21:59:00,22.0,42.820473
1995-08-20 22:00:00,30.0,43.232468
1995-08-20 22:01:00,45.0,43.3871
1995-08-20 22:02:00,35.0,44.339912
1995-08-20 22:03:00,20.0,45.231903
1995-08-20 22:04:00,27.0,45.93016
1995-08-20 22:05:00,9.0,46.455616
1995-08-20 22:06:00,13.999999999999998,46.676235
1995-08-20 22:07:00,19.0,45.847466
1995-08-20 22:08:00,45.0,44.257668
1995-08-20 22:09:00,55.99999999999999,43.608616
1995-08-20 22:10:00,29.0,44.29414
1995-08-20 22:11:00,27.0,45.610596
1995-08-20 22:12:00,22.0,45.871754
1995-08-20 22:13:00,37.0,45.852997
1995-08-20 22:14:00,27.999999999999996,45.543476
1995-08-20 22:15:00,42.0,45.92513
1995-08-20 22:16:00,31.000000000000004,45.7066
1995-08-20 22:17:00,27.0,45.907265
1995-08-20 22:18:00,17.0,46.61544
1995-08-20 22:19:00,17.0,46.999065
1995-08-20 22:20:00,9.0,46.592003
1995-08-20 22:21:00,18.0,45.663357
1995-08-20 22:22:00,11.0,44.69168
1995-08-20 22:23:00,16.0,44.176353
1995-08-20 22:24:00,24.0,43.400597
1995-08-20 22:25:00,34.0,43.135548
1995-08-20 22:26:00,24.0,43.21327
1995-08-20 22:27:00,38.0,43.606293
1995-08-20 22:28:00,27.999999999999996,43.744442
1995-08-20 22:29:00,35.0,44.48164
1995-08-20 22:30:00,23.0,44.28213
1995-08-20 22:31:00,11.0,44.36209
1995-08-20 22:32:00,16.0,44.546597
1995-08-20 22:33:00,22.0,44.06135
1995-08-20 22:34:00,16.0,43.25565
1995-08-20 22:35:00,23.0,42.59321
1995-08-20 22:36:00,32.0,41.672
1995-08-20 22:37:00,8.0,40.473164
1995-08-20 22:38:00,38.0,40.541553
1995-08-20 22:39:00,27.0,39.996082
1995-08-20 22:40:00,46.0,40.86607
1995-08-20 22:41:00,40.0,41.286003
1995-08-20 22:42:00,48.0,42.47095
1995-08-20 22:43:00,32.0,44.135384
1995-08-20 22:44:00,50.0,45.877464
1995-08-20 22:45:00,44.0,46.68212
1995-08-20 22:46:00,48.0,48.221302
1995-08-20 22:47:00,30.0,50.058414
1995-08-20 22:48:00,45.0,51.705803
1995-08-20 22:49:00,36.0,52.065323
1995-08-20 22:50:00,8.0,52.706116
1995-08-20 22:51:00,29.0,52.868965
1995-08-20 22:52:00,29.0,51.356403
1995-08-20 22:53:00,26.000000000000004,50.736317
1995-08-20 22:54:00,37.0,50.37316
1995-08-20 22:55:00,25.0,49.76347
1995-08-20 22:56:00,27.999999999999996,50.015358
1995-08-20 22:57:00,18.0,49.683407
1995-08-20 22:58:00,34.0,49.202206
1995-08-20 22:59:00,39.0,48.293896
1995-08-20 23:00:00,21.0,47.716072
1995-08-20 23:01:00,32.0,47.8086
1995-08-20 23:02:00,38.0,46.834568
1995-08-20 23:03:00,37.0,46.253296
1995-08-20 23:04:00,27.0,46.73882
1995-08-20 23:05:00,37.0,47.593212
1995-08-20 23:06:00,38.0,47.9213
1995-08-20 23:07:00,26.000000000000004,48.05089
1995-08-20 23:08:00,31.000000000000004,48.319332
1995-08-20 23:09:00,58.0,48.122044
1995-08-20 23:10:00,52.00000000000001,48.392456
1995-08-20 23:11:00,45.0,50.13865
1995-08-20 23:12:00,33.0,51.868748
1995-08-20 23:13:00,32.0,53.568558
1995-08-20 23:14:00,29.0,54.540752
1995-08-20 23:15:00,37.0,54.73019
1995-08-20 23:16:00,23.0,54.341606
1995-08-20 23:17:00,34.0,54.14908
1995-08-20 23:18:00,46.0,53.061253
1995-08-20 23:19:00,53.0,51.993454
1995-08-20 23:20:00,33.0,51.870323
1995-08-20 23:21:00,27.0,52.166508
1995-08-20 23:22:00,39.0,51.48696
1995-08-20 23:23:00,32.0,50.81481
1995-08-20 23:24:00,30.0,50.332497
1995-08-20 23:25:00,23.0,49.09201
1995-08-20 23:26:00,21.0,47.334423
1995-08-20 23:27:00,25.0,46.032463
1995-08-20 23:28:00,23.0,44.87629
1995-08-20 23:29:00,9.0,44.87744
1995-08-20 23:30:00,40.0,44.5696
1995-08-20 23:31:00,27.999999999999996,43.710796
1995-08-20 23:32:00,21.0,43.785526
1995-08-20 23:33:00,24.0,44.204258
1995-08-20 23:34:00,11.0,43.853558
1995-08-20 23:35:00,20.0,43.277683
1995-08-20 23:36:00,41.0,41.542522
1995-08-20 23:37:00,20.0,40.286
1995-08-20 23:38:00,24.0,40.397915
1995-08-20 23:39:00,19.0,40.804947
1995-08-20 23:40:00,6.999999999999999,41.157093
1995-08-20 23:41:00,13.000000000000002,41.161407
1995-08-20 23:42:00,22.0,40.44341
1995-08-20 23:43:00,19.0,39.62392
1995-08-20 23:44:00,25.0,39.15201
1995-08-20 23:45:00,55.0,38.918076
1995-08-20 23:46:00,30.0,39.026493
1995-08-20 23:47:00,32.0,40.130768
1995-08-20 23:48:00,21.0,41.332226
1995-08-20 23:49:00,33.0,42.700542
1995-08-20 23:50:00,20.0,42.835117
1995-08-20 23:51:00,47.0,43.024677
1995-08-20 23:52:00,50.99999999999999,42.26811
1995-08-20 23:53:00,50.99999999999999,43.02392
1995-08-20 23:54:00,48.0,44.285397
1995-08-20 23:55:00,33.0,45.5637
1995-08-20 23:56:00,57.00000000000001,46.833363
1995-08-20 23:57:00,46.0,47.512936
1995-08-20 23:58:00,42.0,48.68072
1995-08-20 23:59:00,29.0,49.555107
1995-08-21 00:00:00,37.0,50.08065
1995-08-21 00:01:00,42.0,49.011387
1995-08-21 00:02:00,25.0,48.1308
1995-08-21 00:03:00,44.0,47.783905
1995-08-21 00:04:00,52.00000000000001,46.749054
1995-08-21 00:05:00,34.0,46.93296
1995-08-21 00:06:00,43.0,47.654007
1995-08-21 00:07:00,29.0,47.919804
1995-08-21 00:08:00,40.0,48.272594
1995-08-21 00:09:00,32.0,47.74678
1995-08-21 00:10:00,17.0,47.188072
1995-08-21 00:11:00,30.0,46.885227
1995-08-21 00:12:00,26.000000000000004,45.45648
1995-08-21 00:13:00,22.0,44.25212
1995-08-21 00:14:00,20.0,43.59988
1995-08-21 00:15:00,20.0,43.19926
1995-08-21 00:16:00,17.0,42.922855
1995-08-21 00:17:00,9.0,42.49929
1995-08-21 00:18:00,37.0,41.47248
1995-08-21 00:19:00,18.0,39.80849
1995-08-21 00:20:00,12.0,39.16726
1995-08-21 00:21:00,24.0,38.909325
1995-08-21 00:22:00,21.0,37.905155
1995-08-21 00:23:00,13.000000000000002,37.63187
1995-08-21 00:24:00,39.0,37.106194
1995-08-21 00:25:00,43.0,36.21967
1995-08-21 00:26:00,40.0,35.639168
1995-08-21 00:27:00,21.0,35.95135
1995-08-21 00:28:00,26.000000000000004,36.922497
1995-08-21 00:29:00,29.0,37.85201
1995-08-21 00:30:00,17.0,38.705788
1995-08-21 00:31:00,27.999999999999996,40.058113
1995-08-21 00:32:00,34.0,40.667988
1995-08-21 00:33:00,22.0,41.17722
1995-08-21 00:34:00,27.0,42.195045
1995-08-21 00:35:00,40.0,42.293972
1995-08-21 00:36:00,30.0,42.642506
1995-08-21 00:37:00,25.0,43.513268
1995-08-21 00:38:00,27.999999999999996,43.886013
1995-08-21 00:39:00,23.0,43.823895
1995-08-21 00:40:00,31.000000000000004,43.165363
1995-08-21 00:41:00,31.000000000000004,42.422337
1995-08-21 00:42:00,37.0,42.238834
1995-08-21 00:43:00,34.0,42.042667
1995-08-21 00:44:00,26.000000000000004,42.024246
1995-08-21 00:45:00,43.0,42.558773
1995-08-21 00:46:00,31.000000000000004,42.984573
1995-08-21 00:47:00,27.999999999999996,43.68223
1995-08-21 00:48:00,24.0,43.930325
1995-08-21 00:49:00,17.0,43.324535
1995-08-21 00:50:00,18.0,42.20464
1995-08-21 00:51:00,32.0,40.55628
1995-08-21 00:52:00,30.0,39.413273
1995-08-21 00:53:00,12.0,39.39023
1995-08-21 00:54:00,21.0,39.914448
1995-08-21 00:55:00,25.0,39.071247
1995-08-21 00:56:00,35.0,38.62168
1995-08-21 00:57:00,22.0,39.28253
1995-08-21 00:58:00,29.0,39.732964
1995-08-21 00:59:00,49.0,40.00209
1995-08-21 01:00:00,22.0,40.621742
1995-08-21 01:01:00,46.0,42.157364
1995-08-21 01:02:00,44.0,42.685463
1995-08-21 01:03:00,40.0,43.972874
1995-08-21 01:04:00,27.999999999999996,44.71445
1995-08-21 01:05:00,33.0,45.558666
1995-08-21 01:06:00,21.0,45.547226
1995-08-21 01:07:00,12.0,46.00392
1995-08-21 01:08:00,30.0,45.10922
1995-08-21 01:09:00,20.0,43.770073
1995-08-21 01:10:00,13.000000000000002,42.40304
1995-08-21 01:11:00,27.999999999999996,41.105022
1995-08-21 01:12:00,13.000000000000002,39.57789
1995-08-21 01:13:00,19.0,39.97367
1995-08-21 01:14:00,13.999999999999998,39.32378
1995-08-21 01:15:00,13.000000000000002,38.72753
1995-08-21 01:16:00,12.0,37.774055
1995-08-21 01:17:00,21.0,38.518566
1995-08-21 01:18:00,25.0,38.75186
1995-08-21 01:19:00,15.0,38.20456
1995-08-21 01:20:00,20.0,38.327347
1995-08-21 01:21:00,27.999999999999996,37.751583
1995-08-21 01:22:00,43.0,37.093857
1995-08-21 01:23:00,44.0,36.95183
1995-08-21 01:24:00,27.0,37.711636
1995-08-21 01:25:00,50.0,38.783012
1995-08-21 01:26:00,27.999999999999996,39.53085
1995-08-21 01:27:00,42.0,41.17056
1995-08-21 01:28:00,23.0,42.137604
1995-08-21 01:29:00,21.0,43.703106
1995-08-21 01:30:00,33.0,43.86932
1995-08-21 01:31:00,19.0,43.50292
1995-08-21 01:32:00,5.0,43.472572
1995-08-21 01:33:00,24.0,42.538452
1995-08-21 01:34:00,18.0,41.903465
1995-08-21 01:35:00,21.0,40.98649
1995-08-21 01:36:00,29.0,40.039913
1995-08-21 01:37:00,55.99999999999999,39.59225
1995-08-21 01:38:00,20.0,39.431347
1995-08-21 01:39:00,32.0,40.48829
1995-08-21 01:40:00,36.0,40.913654
1995-08-21 01:41:00,35.0,41.287388
1995-08-21 01:42:00,30.0,42.19835
1995-08-21 01:43:00,9.0,42.5321
1995-08-21 01:44:00,23.0,42.757706
1995-08-21 01:45:00,13.999999999999998,42.48602
1995-08-21 01:46:00,26.000000000000004,41.688137
1995-08-21 01:47:00,27.0,40.066456
1995-08-21 01:48:00,21.0,38.52913
1995-08-21 01:49:00,20.0,37.223812
1995-08-21 01:50:00,27.999999999999996,36.74066
1995-08-21 01:51:00,34.0,36.65465
1995-08-21 01:52:00,15.0,37.438824
1995-08-21 01:53:00,24.0,38.358936
1995-08-21 01:54:00,27.999999999999996,38.528713
1995-08-21 01:55:00,37.0,38.943645
1995-08-21 01:56:00,27.0,39.50889
1995-08-21 01:57:00,33.0,40.83635
1995-08-21 01:58:00,17.0,41.928947
1995-08-21 01:59:00,24.0,42.986862
1995-08-21 02:00:00,15.0,43.049553
1995-08-21 02:01:00,62.00000000000001,42.892986
1995-08-21 02:02:00,13.000000000000002,41.95709
1995-08-21 02:03:00,27.999999999999996,42.303883
1995-08-21 02:04:00,27.999999999999996,41.629414
1995-08-21 02:05:00,17.0,41.51951
1995-08-21 02:06:00,9.0,40.993855
1995-08-21 02:07:00,10.0,40.57545
1995-08-21 02:08:00,4.0,39.74243
1995-08-21 02:09:00,22.0,37.565952
1995-08-21 02:10:00,11.0,35.28025
1995-08-21 02:11:00,13.000000000000002,34.163986
1995-08-21 02:12:00,13.999999999999998,32.91026
1995-08-21 02:13:00,6.0,32.43594
1995-08-21 02:14:00,22.0,32.466522
1995-08-21 02:15:00,15.0,32.013714
1995-08-21 02:16:00,11.0,31.275192
1995-08-21 02:17:00,13.999999999999998,31.240585
1995-08-21 02:18:00,18.0,30.441479
1995-08-21 02:19:00,19.0,29.667513
1995-08-21 02:20:00,8.0,29.609577
1995-08-21 02:21:00,15.0,30.094065
1995-08-21 02:22:00,12.0,30.38435
1995-08-21 02:23:00,21.0,29.831917
1995-08-21 02:24:00,20.0,29.418158
1995-08-21 02:25:00,13.000000000000002,29.276075
1995-08-21 02:26:00,6.0,29.413229
1995-08-21 02:27:00,13.999999999999998,29.790491
1995-08-21 02:28:00,22.0,29.671059
1995-08-21 02:29:00,27.999999999999996,29.672699
1995-08-21 02:30:00,43.0,29.890007
1995-08-21 02:31:00,34.0,30.157848
1995-08-21 02:32:00,32.0,31.589943
1995-08-21 02:33:00,58.0,33.350204
1995-08-21 02:34:00,47.0,34.91131
1995-08-21 02:35:00,37.0,37.950016
1995-08-21 02:36:00,27.0,40.41748
1995-08-21 02:37:00,13.000000000000002,41.973614
1995-08-21 02:38:00,15.0,42.485085
1995-08-21 02:39:00,30.0,42.431538
1995-08-21 02:40:00,13.000000000000002,41.691647
1995-08-21 02:41:00,17.0,41.027847
1995-08-21 02:42:00,17.0,40.638855
1995-08-21 02:43:00,9.0,40.09362
1995-08-21 02:44:00,13.000000000000002,39.278183
1995-08-21 02:45:00,20.0,38.16748
1995-08-21 02:46:00,16.0,36.52554
1995-08-21 02:47:00,8.0,35.84399
1995-08-21 02:48:00,17.0,35.673084
1995-08-21 02:49:00,18.0,34.473755
1995-08-21 02:50:00,10.0,33.982098
1995-08-21 02:51:00,3.0,33.17055
1995-08-21 02:52:00,6.999999999999999,32.333073
1995-08-21 02:53:00,21.0,30.08956
1995-08-21 02:54:00,41.0,28.742216
1995-08-21 02:55:00,35.0,28.83834
1995-08-21 02:56:00,27.999999999999996,30.109203
1995-08-21 02:57:00,19.0,31.811445
1995-08-21 02:58:00,33.0,33.32028
1995-08-21 02:59:00,15.0,34.041054
1995-08-21 03:00:00,22.0,34.767464
1995-08-21 03:01:00,23.0,34.556396
1995-08-21 03:02:00,29.0,34.71782
1995-08-21 03:03:00,15.0,34.881435
1995-08-21 03:04:00,8.0,35.26256
1995-08-21 03:05:00,10.0,35.105392
1995-08-21 03:06:00,23.0,33.993717
1995-08-21 03:07:00,21.0,32.797165
1995-08-21 03:08:00,13.000000000000002,32.05348
1995-08-21 03:09:00,29.0,31.348831
1995-08-21 03:10:00,9.0,30.167646
1995-08-21 03:11:00,4.0,29.981325
1995-08-21 03:12:00,9.0,29.081493
1995-08-21 03:13:00,11.0,28.524178
1995-08-21 03:14:00,9.0,28.277237
1995-08-21 03:15:00,25.0,28.36643
1995-08-21 03:16:00,11.0,27.699213
1995-08-21 03:17:00,11.0,28.175472
1995-08-21 03:18:00,6.999999999999999,28.32271
1995-08-21 03:19:00,8.0,28.333437
1995-08-21 03:20:00,22.0,27.667936
1995-08-21 03:21:00,31.000000000000004,26.723047
1995-08-21 03:22:00,4.0,26.446081
1995-08-21 03:23:00,15.0,26.967854
1995-08-21 03:24:00,13.999999999999998,26.544672
1995-08-21 03:25:00,6.999999999999999,26.052128
1995-08-21 03:26:00,19.0,26.286156
1995-08-21 03:27:00,12.0,26.180347
1995-08-21 03:28:00,9.0,26.820292
1995-08-21 03:29:00,10.0,27.584263
1995-08-21 03:30:00,27.0,28.140928
1995-08-21 03:31:00,32.0,28.934948
1995-08-21 03:32:00,13.000000000000002,30.031206
1995-08-21 03:33:00,38.0,31.420216
1995-08-21 03:34:00,13.000000000000002,32.86024
1995-08-21 03:35:00,19.0,33.783493
1995-08-21 03:36:00,22.0,34.20224
1995-08-21 03:37:00,26.000000000000004,34.468594
1995-08-21 03:38:00,13.000000000000002,34.316708
1995-08-21 03:39:00,19.0,34.617188
1995-08-21 03:40:00,22.0,34.679367
1995-08-21 03:41:00,23.0,34.857426
1995-08-21 03:42:00,20.0,35.098145
1995-08-21 03:43:00,6.0,35.46341
1995-08-21 03:44:00,12.0,34.855618
1995-08-21 03:45:00,12.0,33.92769
1995-08-21 03:46:00,23.0,32.81429
1995-08-21 03:47:00,19.0,32.384388
1995-08-21 03:48:00,12.0,31.955324
1995-08-21 03:49:00,23.0,31.910093
1995-08-21 03:50:00,27.0,31.140526
1995-08-21 03:51:00,37.0,31.440218
1995-08-21 03:52:00,17.0,31.888227
1995-08-21 03:53:00,29.0,33.548817
1995-08-21 03:54:00,16.0,35.23125
1995-08-21 03:55:00,13.999999999999998,35.96727
1995-08-21 03:56:00,11.0,36.258324
1995-08-21 03:57:00,33.0,36.091312
1995-08-21 03:58:00,29.0,36.187893
1995-08-21 03:59:00,9.0,35.943195
1995-08-21 04:00:00,16.0,36.543198
1995-08-21 04:01:00,19.0,35.980923
1995-08-21 04:02:00,38.0,35.215324
1995-08-21 04:03:00,22.0,34.851665
1995-08-21 04:04:00,6.999999999999999,34.578526
1995-08-21 04:05:00,11.0,35.00067
1995-08-21 04:06:00,15.0,34.543476
1995-08-21 04:07:00,1.0,34.309273
1995-08-21 04:08:00,13.999999999999998,34.89199
1995-08-21 04:09:00,9.0,33.2332
1995-08-21 04:10:00,8.0,31.318056
1995-08-21 04:11:00,9.0,30.002365
1995-08-21 04:12:00,17.0,28.625252
1995-08-21 04:13:00,13.999999999999998,27.240108
1995-08-21 04:14:00,25.0,26.866722
1995-08-21 04:15:00,8.0,26.497437
1995-08-21 04:16:00,16.0,26.585203
1995-08-21 04:17:00,13.000000000000002,26.312603
1995-08-21 04:18:00,15.0,26.876421
1995-08-21 04:19:00,27.0,27.744894
1995-08-21 04:20:00,19.0,27.860132
1995-08-21 04:21:00,22.0,28.637552
1995-08-21 04:22:00,5.0,28.921593
1995-08-21 04:23:00,6.999999999999999,29.641167
1995-08-21 04:24:00,12.0,29.978292
1995-08-21 04:25:00,9.0,29.981201
1995-08-21 04:26:00,17.0,29.965197
1995-08-21 04:27:00,16.0,30.494349
1995-08-21 04:28:00,13.000000000000002,30.63581
1995-08-21 04:29:00,11.0,30.186052
1995-08-21 04:30:00,15.0,29.245146
1995-08-21 04:31:00,4.0,28.754202
1995-08-21 04:32:00,36.0,28.720888
1995-08-21 04:33:00,24.0,28.51961
1995-08-21 04:34:00,15.0,29.286938
1995-08-21 04:35:00,16.0,30.085413
1995-08-21 04:36:00,21.0,29.830029
1995-08-21 04:37:00,31.000000000000004,29.62655
1995-08-21 04:38:00,35.0,29.982668
1995-08-21 04:39:00,21.0,30.562004
1995-08-21 04:40:00,10.0,31.786207
1995-08-21 04:41:00,12.0,32.081245
1995-08-21 04:42:00,5.0,31.997986
1995-08-21 04:43:00,5.0,31.82745
1995-08-21 04:44:00,9.0,31.27192
1995-08-21 04:45:00,11.0,30.6229
1995-08-21 04:46:00,10.0,30.287973
1995-08-21 04:47:00,13.999999999999998,29.736937
1995-08-21 04:48:00,18.0,29.514065
1995-08-21 04:49:00,12.0,29.778854
1995-08-21 04:50:00,15.0,29.485016
1995-08-21 04:51:00,8.0,29.589773
1995-08-21 04:52:00,10.0,29.600159
1995-08-21 04:53:00,10.0,28.311995
1995-08-21 04:54:00,9.0,27.11227
1995-08-21 04:55:00,2.0,26.11727
1995-08-21 04:56:00,11.0,25.120499
1995-08-21 04:57:00,12.0,23.809883
1995-08-21 04:58:00,13.999999999999998,22.907171
1995-08-21 04:59:00,5.0,22.668451
1995-08-21 05:00:00,17.0,22.59203
1995-08-21 05:01:00,1.0,23.372036
1995-08-21 05:02:00,6.999999999999999,24.011276
1995-08-21 05:03:00,23.0,23.230637
1995-08-21 05:04:00,30.0,23.405302
1995-08-21 05:05:00,3.0,24.762493
1995-08-21 05:06:00,13.999999999999998,26.634798
1995-08-21 05:07:00,20.0,26.949274
1995-08-21 05:08:00,27.999999999999996,26.444277
1995-08-21 05:09:00,31.000000000000004,27.203646
1995-08-21 05:10:00,11.0,28.488117
1995-08-21 05:11:00,11.0,30.15917
1995-08-21 05:12:00,6.999999999999999,30.678349
1995-08-21 05:13:00,16.0,31.085566
1995-08-21 05:14:00,25.0,30.221851
1995-08-21 05:15:00,22.0,30.180784
1995-08-21 05:16:00,13.000000000000002,30.175491
1995-08-21 05:17:00,6.999999999999999,30.712498
1995-08-21 05:18:00,8.0,30.223576
1995-08-21 05:19:00,12.0,29.95487
1995-08-21 05:20:00,16.0,29.269014
1995-08-21 05:21:00,9.0,28.216818
1995-08-21 05:22:00,9.0,27.40509
1995-08-21 05:23:00,4.0,26.862108
1995-08-21 05:24:00,29.0,25.862751
1995-08-21 05:25:00,34.0,24.919075
1995-08-21 05:26:00,23.0,24.348394
1995-08-21 05:27:00,60.0,25.40235
1995-08-21 05:28:00,15.0,26.675194
1995-08-21 05:29:00,26.000000000000004,29.40493
1995-08-21 05:30:00,4.0,30.455166
1995-08-21 05:31:00,22.0,31.581408
1995-08-21 05:32:00,15.0,31.834797
1995-08-21 05:33:00,13.000000000000002,31.754816
1995-08-21 05:34:00,11.0,31.247374
1995-08-21 05:35:00,25.0,30.514427
1995-08-21 05:36:00,11.0,29.905722
1995-08-21 05:37:00,6.0,29.53701
1995-08-21 05:38:00,32.0,29.98545
1995-08-21 05:39:00,13.000000000000002,31.24491
1995-08-21 05:40:00,27.999999999999996,32.93943
1995-08-21 05:41:00,36.0,33.851875
1995-08-21 05:42:00,30.0,35.08231
1995-08-21 05:43:00,10.0,36.890976
1995-08-21 05:44:00,19.0,38.605263
1995-08-21 05:45:00,24.0,38.628227
1995-08-21 05:46:00,54.0,38.16495
1995-08-21 05:47:00,8.0,38.47166
1995-08-21 05:48:00,20.0,40.30259
1995-08-21 05:49:00,23.0,41.244053
1995-08-21 05:50:00,32.0,42.33667
1995-08-21 05:51:00,23.0,42.526367
1995-08-21 05:52:00,9.0,42.732086
1995-08-21 05:53:00,6.0,43.187748
1995-08-21 05:54:00,12.0,42.2031
1995-08-21 05:55:00,18.0,41.4538
1995-08-21 05:56:00,19.0,40.390026
1995-08-21 05:57:00,26.000000000000004,39.30658
1995-08-21 05:58:00,26.000000000000004,38.60909
1995-08-21 05:59:00,20.0,38.391224
1995-08-21 06:00:00,19.0,38.217617
1995-08-21 06:01:00,10.0,38.084454
1995-08-21 06:02:00,21.0,37.893784
1995-08-21 06:03:00,6.999999999999999,36.762016
1995-08-21 06:04:00,23.0,35.86877
1995-08-21 06:05:00,43.0,34.516685
1995-08-21 06:06:00,34.0,33.845192
1995-08-21 06:07:00,21.0,34.4746
1995-08-21 06:08:00,27.999999999999996,35.24512
1995-08-21 06:09:00,22.0,35.67297
1995-08-21 06:10:00,18.0,36.178253
1995-08-21 06:11:00,12.0,36.491653
1995-08-21 06:12:00,11.0,36.75663
1995-08-21 06:13:00,24.0,36.52596
1995-08-21 06:14:00,12.0,35.611763
1995-08-21 06:15:00,21.0,35.29843
1995-08-21 06:16:00,16.0,34.85676
1995-08-21 06:17:00,20.0,34.347244
1995-08-21 06:18:00,6.0,33.710793
1995-08-21 06:19:00,6.999999999999999,33.755867
1995-08-21 06:20:00,17.0,32.77377
1995-08-21 06:21:00,11.0,31.13631
1995-08-21 06:22:00,16.0,30.846106
1995-08-21 06:23:00,23.0,30.874691
1995-08-21 06:24:00,27.0,30.100542
1995-08-21 06:25:00,23.0,30.383188
1995-08-21 06:26:00,27.0,31.23101
1995-08-21 06:27:00,30.0,31.485544
1995-08-21 06:28:00,20.0,32.29634
1995-08-21 06:29:00,32.0,33.355957
1995-08-21 06:30:00,13.000000000000002,33.99147
1995-08-21 06:31:00,4.0,35.315155
1995-08-21 06:32:00,23.0,35.680717
1995-08-21 06:33:00,15.0,34.74174
1995-08-21 06:34:00,4.0,33.984547
1995-08-21 06:35:00,20.0,32.930344
1995-08-21 06:36:00,8.0,31.480225
1995-08-21 06:37:00,2.0,31.524044
1995-08-21 06:38:00,4.0,31.710722
1995-08-21 06:39:00,18.0,29.971775
1995-08-21 06:40:00,9.0,28.776491
1995-08-21 06:41:00,5.0,28.712126
1995-08-21 06:42:00,5.0,28.288923
1995-08-21 06:43:00,24.0,27.348124
1995-08-21 06:44:00,10.0,28.018003
1995-08-21 06:45:00,6.999999999999999,29.349068
1995-08-21 06:46:00,20.0,30.128931
1995-08-21 06:47:00,32.0,30.15832
1995-08-21 06:48:00,15.0,30.794987
1995-08-21 06:49:00,22.0,31.680597
1995-08-21 06:50:00,13.000000000000002,32.545265
1995-08-21 06:51:00,22.0,33.00175
1995-08-21 06:52:00,20.0,32.561077
1995-08-21 06:53:00,17.0,33.001953
1995-08-21 06:54:00,13.000000000000002,33.97351
1995-08-21 06:55:00,37.0,34.714893
1995-08-21 06:56:00,25.0,34.73933
1995-08-21 06:57:00,32.0,35.352005
1995-08-21 06:58:00,30.0,35.492912
1995-08-21 06:59:00,33.0,36.21272
1995-08-21 07:00:00,13.000000000000002,37.754047
1995-08-21 07:01:00,4.0,39.966457
1995-08-21 07:02:00,23.0,40.415844
1995-08-21 07:03:00,8.0,39.681786
1995-08-21 07:04:00,13.999999999999998,39.54082
1995-08-21 07:05:00,17.0,39.471714
1995-08-21 07:06:00,11.0,39.359516
1995-08-21 07:07:00,19.0,39.14623
1995-08-21 07:08:00,17.0,39.26488
1995-08-21 07:09:00,25.0,39.216877
1995-08-21 07:10:00,21.0,39.545406
1995-08-21 07:11:00,15.0,40.07246
1995-08-21 07:12:00,18.0,40.970905
1995-08-21 07:13:00,26.000000000000004,41.638794
1995-08-21 07:14:00,19.0,41.66255
1995-08-21 07:15:00,30.0,41.55342
1995-08-21 07:16:00,32.0,41.933746
1995-08-21 07:17:00,16.0,43.19868
1995-08-21 07:18:00,21.0,44.78265
1995-08-21 07:19:00,18.0,45.57164
1995-08-21 07:20:00,35.0,45.417843
1995-08-21 07:21:00,20.0,45.879044
1995-08-21 07:22:00,10.0,47.191444
1995-08-21 07:23:00,27.0,48.637344
1995-08-21 07:24:00,15.0,49.20527
1995-08-21 07:25:00,17.0,50.14718
1995-08-21 07:26:00,22.0,50.26534
1995-08-21 07:27:00,29.0,49.808025
1995-08-21 07:28:00,24.0,49.340355
1995-08-21 07:29:00,46.0,48.765945
1995-08-21 07:30:00,20.0,48.17904
1995-08-21 07:31:00,8.0,48.49023
1995-08-21 07:32:00,30.0,46.98402
1995-08-21 07:33:00,11.0,46.579346
1995-08-21 07:34:00,5.0,46.255318
1995-08-21 07:35:00,29.0,46.01957
1995-08-21 07:36:00,24.0,44.981987
1995-08-21 07:37:00,18.0,45.59977
1995-08-21 07:38:00,27.0,46.440666
1995-08-21 07:39:00,36.0,47.565384
1995-08-21 07:40:00,22.0,47.710285
1995-08-21 07:41:00,49.0,48.030655
1995-08-21 07:42:00,43.0,48.402855
1995-08-21 07:43:00,46.0,49.613132
1995-08-21 07:44:00,17.0,51.329884
1995-08-21 07:45:00,53.0,53.111378
1995-08-21 07:46:00,34.0,53.094578
1995-08-21 07:47:00,50.0,54.18291
1995-08-21 07:48:00,27.999999999999996,54.82585
1995-08-21 07:49:00,50.0,55.759274
1995-08-21 07:50:00,19.0,56.728172
1995-08-21 07:51:00,16.0,57.30768
1995-08-21 07:52:00,21.0,57.62406
1995-08-21 07:53:00,50.99999999999999,56.972183
1995-08-21 07:54:00,20.0,55.795025
1995-08-21 07:55:00,27.999999999999996,55.952568
1995-08-21 07:56:00,27.999999999999996,54.889038
1995-08-21 07:57:00,13.000000000000002,54.695267
1995-08-21 07:58:00,29.0,54.323956
1995-08-21 07:59:00,33.0,54.110176
1995-08-21 08:00:00,33.0,53.53805
1995-08-21 08:01:00,30.0,52.724934
1995-08-21 08:02:00,49.0,52.795578
1995-08-21 08:03:00,43.0,52.81516
1995-08-21 08:04:00,38.0,53.652477
1995-08-21 08:05:00,36.0,55.153336
1995-08-21 08:06:00,35.0,56.47587
1995-08-21 08:07:00,33.0,57.94228
1995-08-21 08:08:00,29.0,59.317673
1995-08-21 08:09:00,15.0,59.969517
1995-08-21 08:10:00,13.000000000000002,59.851562
1995-08-21 08:11:00,36.0,59.22382
1995-08-21 08:12:00,43.0,57.052906
1995-08-21 08:13:00,25.0,56.667164
1995-08-21 08:14:00,23.0,56.997505
1995-08-21 08:15:00,29.0,56.243866
1995-08-21 08:16:00,39.0,56.229206
1995-08-21 08:17:00,24.0,56.05561
1995-08-21 08:18:00,53.0,55.75706
1995-08-21 08:19:00,39.0,55.223225
1995-08-21 08:20:00,26.000000000000004,55.412746
1995-08-21 08:21:00,54.0,55.953217
1995-08-21 08:22:00,43.0,56.451202
1995-08-21 08:23:00,24.0,58.105328
1995-08-21 08:24:00,34.0,58.59506
1995-08-21 08:25:00,12.0,58.303665
1995-08-21 08:26:00,17.0,58.722282
1995-08-21 08:27:00,29.0,57.601173
1995-08-21 08:28:00,65.0,55.78376
1995-08-21 08:29:00,31.000000000000004,54.77978
1995-08-21 08:30:00,47.0,56.15738
1995-08-21 08:31:00,39.0,57.08704
1995-08-21 08:32:00,42.0,58.22037
1995-08-21 08:33:00,26.000000000000004,58.917072
1995-08-21 08:34:00,60.99999999999999,59.36469
1995-08-21 08:35:00,32.0,59.448338
1995-08-21 08:36:00,64.0,60.060097
1995-08-21 08:37:00,30.0,59.782616
1995-08-21 08:38:00,35.0,60.94165
1995-08-21 08:39:00,27.0,62.173138
1995-08-21 08:40:00,32.0,62.751053
1995-08-21 08:41:00,38.0,63.238644
1995-08-21 08:42:00,36.0,63.129047
1995-08-21 08:43:00,42.0,63.91258
1995-08-21 08:44:00,25.0,65.24115
1995-08-21 08:45:00,13.000000000000002,65.49301
1995-08-21 08:46:00,11.0,64.59817
1995-08-21 08:47:00,27.999999999999996,63.413937
1995-08-21 08:48:00,40.0,61.040188
1995-08-21 08:49:00,24.0,59.119957
1995-08-21 08:50:00,36.0,58.36378
1995-08-21 08:51:00,38.0,57.9465
1995-08-21 08:52:00,47.0,57.426937
1995-08-21 08:53:00,30.0,57.16774
1995-08-21 08:54:00,20.0,57.318264
1995-08-21 08:55:00,35.0,57.001495
1995-08-21 08:56:00,27.0,55.744484
1995-08-21 08:57:00,26.000000000000004,55.76823
1995-08-21 08:58:00,37.0,55.053425
1995-08-21 08:59:00,19.0,54.61163
1995-08-21 09:00:00,32.0,55.34315
1995-08-21 09:01:00,36.0,55.285492
1995-08-21 09:02:00,46.0,56.070156
1995-08-21 09:03:00,26.000000000000004,56.623436
1995-08-21 09:04:00,32.0,57.318115
1995-08-21 09:05:00,38.0,57.6865
1995-08-21 09:06:00,22.0,58.655457
1995-08-21 09:07:00,33.0,59.00196
1995-08-21 09:08:00,24.0,59.147343
1995-08-21 09:09:00,20.0,58.94941
1995-08-21 09:10:00,17.0,57.58209
1995-08-21 09:11:00,42.0,55.9758
1995-08-21 09:12:00,19.0,55.02825
1995-08-21 09:13:00,48.0,54.625183
1995-08-21 09:14:00,47.0,54.55566
1995-08-21 09:15:00,55.99999999999999,55.412495
1995-08-21 09:16:00,38.0,56.175278
1995-08-21 09:17:00,13.000000000000002,58.307884
1995-08-21 09:18:00,40.0,60.813637
1995-08-21 09:19:00,46.0,60.51704
1995-08-21 09:20:00,17.0,60.706944
1995-08-21 09:21:00,19.0,61.335938
1995-08-21 09:22:00,19.0,60.665043
1995-08-21 09:23:00,37.0,60.401314
1995-08-21 09:24:00,17.0,59.569557
1995-08-21 09:25:00,35.0,58.847504
1995-08-21 09:26:00,26.000000000000004,57.34973
1995-08-21 09:27:00,48.0,56.47677
1995-08-21 09:28:00,54.0,56.147903
1995-08-21 09:29:00,23.0,57.262383
1995-08-21 09:30:00,34.0,59.28575
1995-08-21 09:31:00,44.0,58.826138
1995-08-21 09:32:00,32.0,58.312923
1995-08-21 09:33:00,55.0,58.488815
1995-08-21 09:34:00,42.0,59.125248
1995-08-21 09:35:00,50.99999999999999,61.257706
1995-08-21 09:36:00,26.000000000000004,63.080948
1995-08-21 09:37:00,34.0,64.75096
1995-08-21 09:38:00,69.0,65.39677
1995-08-21 09:39:00,59.0,65.720924
1995-08-21 09:40:00,40.0,67.351746
1995-08-21 09:41:00,66.0,69.0628
1995-08-21 09:42:00,46.0,70.03043
1995-08-21 09:43:00,43.0,72.192375
1995-08-21 09:44:00,32.0,73.07081
1995-08-21 09:45:00,54.0,73.41858
1995-08-21 09:46:00,25.0,73.16268
1995-08-21 09:47:00,41.0,73.43686
1995-08-21 09:48:00,45.0,72.34224
1995-08-21 09:49:00,69.0,71.13352
1995-08-21 09:50:00,57.00000000000001,70.66164
1995-08-21 09:51:00,45.0,71.47603
1995-08-21 09:52:00,62.00000000000001,72.76239
1995-08-21 09:53:00,55.99999999999999,73.32481
1995-08-21 09:54:00,68.0,73.99567
1995-08-21 09:55:00,55.0,73.73849
1995-08-21 09:56:00,43.0,74.2068
1995-08-21 09:57:00,50.0,75.08895
1995-08-21 09:58:00,68.0,74.60592
1995-08-21 09:59:00,36.0,73.97797
1995-08-21 10:00:00,57.00000000000001,73.78989
1995-08-21 10:01:00,60.99999999999999,73.562614
1995-08-21 10:02:00,64.0,74.59958
1995-08-21 10:03:00,45.0,75.35546
1995-08-21 10:04:00,80.0,76.44311
1995-08-21 10:05:00,70.0,77.26452
1995-08-21 10:06:00,48.0,79.533554
1995-08-21 10:07:00,65.0,82.12792
1995-08-21 10:08:00,59.0,83.28867
1995-08-21 10:09:00,46.0,84.391174
1995-08-21 10:10:00,45.0,84.844505
1995-08-21 10:11:00,70.0,83.82795
1995-08-21 10:12:00,25.0,82.79369
1995-08-21 10:13:00,66.0,82.70299
1995-08-21 10:14:00,50.0,81.24032
1995-08-21 10:15:00,22.0,81.250374
1995-08-21 10:16:00,54.0,80.85981
1995-08-21 10:17:00,50.0,79.49526
1995-08-21 10:18:00,38.0,78.63949
1995-08-21 10:19:00,59.0,77.98463
1995-08-21 10:20:00,55.0,76.2501
1995-08-21 10:21:00,40.0,75.697136
1995-08-21 10:22:00,38.0,75.507065
1995-08-21 10:23:00,55.99999999999999,75.0539
1995-08-21 10:24:00,44.0,74.5391
1995-08-21 10:25:00,33.0,74.37512
1995-08-21 10:26:00,54.0,73.980896
1995-08-21 10:27:00,35.0,72.53904
1995-08-21 10:28:00,40.0,72.41782
1995-08-21 10:29:00,59.0,71.51672
1995-08-21 10:30:00,64.0,71.20957
1995-08-21 10:31:00,68.0,71.50483
1995-08-21 10:32:00,44.0,72.695366
1995-08-21 10:33:00,30.0,73.87827
1995-08-21 10:34:00,50.0,74.04044
1995-08-21 10:35:00,35.0,74.83461
1995-08-21 10:36:00,62.00000000000001,75.725845
1995-08-21 10:37:00,37.0,75.46197
1995-08-21 10:38:00,60.0,76.710976
1995-08-21 10:39:00,31.000000000000004,77.02932
1995-08-21 10:40:00,23.0,77.870636
1995-08-21 10:41:00,67.0,77.71603
1995-08-21 10:42:00,39.0,76.29661
1995-08-21 10:43:00,75.0,75.86078
1995-08-21 10:44:00,70.0,75.33646
1995-08-21 10:45:00,45.0,76.33345
1995-08-21 10:46:00,49.0,77.976746
1995-08-21 10:47:00,27.999999999999996,78.29359
1995-08-21 10:48:00,94.0,78.14876
1995-08-21 10:49:00,57.00000000000001,76.54317
1995-08-21 10:50:00,48.0,77.98233
1995-08-21 10:51:00,45.0,79.42004
1995-08-21 10:52:00,52.00000000000001,79.88257
1995-08-21 10:53:00,70.0,80.334366
1995-08-21 10:54:00,62.00000000000001,80.15208
1995-08-21 10:55:00,39.0,82.87758
1995-08-21 10:56:00,25.0,84.90345
1995-08-21 10:57:00,39.0,85.90988
1995-08-21 10:58:00,26.000000000000004,83.928055
1995-08-21 10:59:00,33.0,82.030235
1995-08-21 11:00:00,55.99999999999999,80.43616
1995-08-21 11:01:00,57.00000000000001,78.803734
1995-08-21 11:02:00,22.0,78.605515
1995-08-21 11:03:00,52.00000000000001,79.03088
1995-08-21 11:04:00,67.0,77.03062
1995-08-21 11:05:00,54.0,76.347046
1995-08-21 11:06:00,76.0,76.570274
1995-08-21 11:07:00,46.0,77.099335
1995-08-21 11:08:00,100.0,78.91049
1995-08-21 11:09:00,33.0,80.024475
1995-08-21 11:10:00,40.0,83.649796
1995-08-21 11:11:00,53.0,83.82537
1995-08-21 11:12:00,81.0,83.48085
1995-08-21 11:13:00,69.0,83.685265
1995-08-21 11:14:00,50.99999999999999,84.585754
1995-08-21 11:15:00,76.0,85.12842
1995-08-21 11:16:00,63.0,84.91084
1995-08-21 11:17:00,58.0,86.68149
1995-08-21 11:18:00,76.0,88.13386
1995-08-21 11:19:00,46.0,88.01185
1995-08-21 11:20:00,46.0,88.87153
1995-08-21 11:21:00,40.0,88.606865
1995-08-21 11:22:00,35.0,87.702324
1995-08-21 11:23:00,33.0,86.20167
1995-08-21 11:24:00,50.99999999999999,84.385704
1995-08-21 11:25:00,44.0,81.78751
1995-08-21 11:26:00,76.0,79.4658
1995-08-21 11:27:00,50.99999999999999,77.982376
1995-08-21 11:28:00,62.00000000000001,77.620926
1995-08-21 11:29:00,72.0,77.592636
1995-08-21 11:30:00,66.0,77.19762
1995-08-21 11:31:00,75.0,79.07199
1995-08-21 11:32:00,93.0,80.70123
1995-08-21 11:33:00,35.0,82.250916
1995-08-21 11:34:00,60.0,83.890686
1995-08-21 11:35:00,64.0,83.70769
1995-08-21 11:36:00,75.0,84.07795
1995-08-21 11:37:00,111.0,84.16818
1995-08-21 11:38:00,60.0,84.915146
1995-08-21 11:39:00,46.0,87.51347
1995-08-21 11:40:00,75.0,88.81419
1995-08-21 11:41:00,52.00000000000001,90.07833
1995-08-21 11:42:00,59.0,90.7461
1995-08-21 11:43:00,71.0,91.33509
1995-08-21 11:44:00,53.0,91.19899
1995-08-21 11:45:00,39.0,91.50025
1995-08-21 11:46:00,67.0,91.122086
1995-08-21 11:47:00,95.0,89.943184
1995-08-21 11:48:00,40.0,89.79114
1995-08-21 11:49:00,52.00000000000001,91.16399
1995-08-21 11:50:00,60.0,91.07147
1995-08-21 11:51:00,60.0,89.85061
1995-08-21 11:52:00,60.0,89.29173
1995-08-21 11:53:00,69.0,89.64583
1995-08-21 11:54:00,97.0,89.64982
1995-08-21 11:55:00,63.0,89.374855
1995-08-21 11:56:00,84.0,90.41797
1995-08-21 11:57:00,116.0,90.79141
1995-08-21 11:58:00,78.0,92.01325
1995-08-21 11:59:00,65.0,95.555756
1995-08-21 12:00:00,74.0,98.442894
1995-08-21 12:01:00,72.0,99.92668
1995-08-21 12:02:00,79.0,101.781395
1995-08-21 12:03:00,69.0,102.50042
1995-08-21 12:04:00,50.0,102.89087
1995-08-21 12:05:00,53.0,102.84682
1995-08-21 12:06:00,46.0,101.31721
1995-08-21 12:07:00,55.0,99.262886
1995-08-21 12:08:00,54.0,96.100204
1995-08-21 12:09:00,52.00000000000001,93.36754
1995-08-21 12:10:00,96.0,91.20959
1995-08-21 12:11:00,87.0,89.79753
1995-08-21 12:12:00,69.0,90.370865
1995-08-21 12:13:00,59.0,91.49708
1995-08-21 12:14:00,48.0,92.1709
1995-08-21 12:15:00,72.0,91.6484
1995-08-21 12:16:00,63.0,90.721436
1995-08-21 12:17:00,49.0,90.7192
1995-08-21 12:18:00,104.00000000000001,90.144485
1995-08-21 12:19:00,53.0,87.97889
1995-08-21 12:20:00,67.0,88.905045
1995-08-21 12:21:00,64.0,89.10465
1995-08-21 12:22:00,101.99999999999999,89.84198
1995-08-21 12:23:00,63.0,90.75217
1995-08-21 12:24:00,96.0,92.82292
1995-08-21 12:25:00,68.0,93.76571
1995-08-21 12:26:00,96.0,96.79397
1995-08-21 12:27:00,62.00000000000001,98.68287
1995-08-21 12:28:00,82.0,102.14487
1995-08-21 12:29:00,64.0,103.50897
1995-08-21 12:30:00,84.0,104.25083
1995-08-21 12:31:00,114.00000000000001,103.40769
1995-08-21 12:32:00,70.0,103.169846
1995-08-21 12:33:00,69.0,105.27414
1995-08-21 12:34:00,105.0,106.19727
1995-08-21 12:35:00,126.0,106.65316
1995-08-21 12:36:00,58.0,108.56581
1995-08-21 12:37:00,58.0,111.763115
1995-08-21 12:38:00,77.0,111.89349
1995-08-21 12:39:00,74.0,110.60348
1995-08-21 12:40:00,55.0,109.48621
1995-08-21 12:41:00,84.0,108.60659
1995-08-21 12:42:00,74.0,106.1014
1995-08-21 12:43:00,86.0,103.921196
1995-08-21 12:44:00,70.0,102.01043
1995-08-21 12:45:00,80.0,100.27633
1995-08-21 12:46:00,60.0,99.28965
1995-08-21 12:47:00,81.0,98.705765
1995-08-21 12:48:00,83.0,97.32984
1995-08-21 12:49:00,97.0,97.74192
1995-08-21 12:50:00,82.0,98.58398
1995-08-21 12:51:00,103.0,100.00204
1995-08-21 12:52:00,84.0,101.08838
1995-08-21 12:53:00,58.0,102.65686
1995-08-21 12:54:00,81.0,103.42944
1995-08-21 12:55:00,110.0,103.03179
1995-08-21 12:56:00,109.00000000000001,103.48296
1995-08-21 12:57:00,95.0,104.392914
1995-08-21 12:58:00,95.0,106.67571
1995-08-21 12:59:00,67.0,108.36277
1995-08-21 13:00:00,87.0,110.26821
1995-08-21 13:01:00,82.0,111.22668
1995-08-21 13:02:00,78.0,111.88263
1995-08-21 13:03:00,67.0,112.63176
1995-08-21 13:04:00,55.0,113.19521
1995-08-21 13:05:00,85.0,112.90124
1995-08-21 13:06:00,70.0,111.71984
1995-08-21 13:07:00,81.0,110.92956
1995-08-21 13:08:00,83.0,110.217834
1995-08-21 13:09:00,68.0,108.822464
1995-08-21 13:10:00,88.0,108.35832
1995-08-21 13:11:00,63.0,107.68912
1995-08-21 13:12:00,55.0,108.17792
1995-08-21 13:13:00,50.99999999999999,107.15115
1995-08-21 13:14:00,62.00000000000001,106.022095
1995-08-21 13:15:00,80.0,103.51734
1995-08-21 13:16:00,64.0,101.53555
1995-08-21 13:17:00,96.0,101.24941
1995-08-21 13:18:00,86.0,100.34108
1995-08-21 13:19:00,62.00000000000001,100.63673
1995-08-21 13:20:00,90.0,101.02165
1995-08-21 13:21:00,66.0,100.75343
1995-08-21 13:22:00,54.0,100.86977
1995-08-21 13:23:00,65.0,99.70505
1995-08-21 13:24:00,101.0,98.463066
1995-08-21 13:25:00,62.00000000000001,97.43446
1995-08-21 13:26:00,63.0,99.854965
1995-08-21 13:27:00,57.00000000000001,100.124565
1995-08-21 13:28:00,70.0,100.0133
1995-08-21 13:29:00,60.0,98.22485
1995-08-21 13:30:00,66.0,97.14149
1995-08-21 13:31:00,74.0,96.53773
1995-08-21 13:32:00,54.0,96.6461
1995-08-21 13:33:00,55.99999999999999,96.973785
1995-08-21 13:34:00,66.0,97.28396
1995-08-21 13:35:00,58.0,97.13946
1995-08-21 13:36:00,87.0,96.716194
1995-08-21 13:37:00,74.0,96.666275
1995-08-21 13:38:00,94.0,97.75522
1995-08-21 13:39:00,75.0,98.39483
1995-08-21 13:40:00,71.0,101.24861
1995-08-21 13:41:00,50.0,103.248276
1995-08-21 13:42:00,65.0,103.59955
1995-08-21 13:43:00,45.0,102.052444
1995-08-21 13:44:00,40.0,101.88659
1995-08-21 13:45:00,45.0,99.579414
1995-08-21 13:46:00,79.0,96.863594
1995-08-21 13:47:00,78.0,94.76411
1995-08-21 13:48:00,43.0,93.348305
1995-08-21 13:49:00,32.0,94.5156
1995-08-21 13:50:00,63.0,94.66072
1995-08-21 13:51:00,57.00000000000001,93.80815
1995-08-21 13:52:00,31.000000000000004,93.18063
1995-08-21 13:53:00,10.0,91.852486
1995-08-21 13:54:00,3.0,88.68379
1995-08-21 13:55:00,0.0,84.31268
1995-08-21 13:56:00,0.0,79.233955
1995-08-21 13:57:00,0.0,72.00631
1995-08-21 13:58:00,0.0,63.916348
1995-08-21 13:59:00,0.0,55.91465
1995-08-21 14:00:00,3.0,48.2867
1995-08-21 14:01:00,59.0,41.840984
1995-08-21 14:02:00,59.0,37.791607
1995-08-21 14:03:00,60.99999999999999,38.606174
1995-08-21 14:04:00,67.0,41.97894
1995-08-21 14:05:00,34.0,46.916298
1995-08-21 14:06:00,60.0,51.968994
1995-08-21 14:07:00,64.0,55.57824
1995-08-21 14:08:00,43.0,59.59269
1995-08-21 14:09:00,52.00000000000001,64.12268
1995-08-21 14:10:00,53.0,67.45662
1995-08-21 14:11:00,24.0,69.324715
1995-08-21 14:12:00,36.0,70.28823
1995-08-21 14:13:00,38.0,69.602844
1995-08-21 14:14:00,81.0,69.405525
1995-08-21 14:15:00,44.0,68.520996
1995-08-21 14:16:00,35.0,70.09121
1995-08-21 14:17:00,55.0,71.54498
1995-08-21 14:18:00,70.0,72.338486
1995-08-21 14:19:00,69.0,73.725464
1995-08-21 14:20:00,50.0,76.23597
1995-08-21 14:21:00,32.0,78.2485
1995-08-21 14:22:00,78.0,81.56368
1995-08-21 14:23:00,50.0,81.85415
1995-08-21 14:24:00,32.0,83.62854
1995-08-21 14:25:00,33.0,84.7326
1995-08-21 14:26:00,52.00000000000001,84.12734
1995-08-21 14:27:00,69.0,82.6597
1995-08-21 14:28:00,35.0,81.09465
1995-08-21 14:29:00,74.0,81.24453
1995-08-21 14:30:00,66.0,80.749275
1995-08-21 14:31:00,70.0,81.153595
1995-08-21 14:32:00,80.0,82.16297
1995-08-21 14:33:00,85.0,84.199104
1995-08-21 14:34:00,58.0,85.601746
1995-08-21 14:35:00,52.00000000000001,87.36112
1995-08-21 14:36:00,50.99999999999999,87.97249
1995-08-21 14:37:00,48.0,88.4192
1995-08-21 14:38:00,48.0,87.524
1995-08-21 14:39:00,78.0,86.3168
1995-08-21 14:40:00,45.0,85.27683
1995-08-21 14:41:00,50.0,86.73616
1995-08-21 14:42:00,60.0,86.8657
1995-08-21 14:43:00,46.0,86.48292
1995-08-21 14:44:00,59.0,87.315025
1995-08-21 14:45:00,67.0,87.16051
1995-08-21 14:46:00,47.0,87.02522
1995-08-21 14:47:00,29.0,87.19554
1995-08-21 14:48:00,39.0,86.27545
1995-08-21 14:49:00,91.0,84.15158
1995-08-21 14:50:00,36.0,83.29192
1995-08-21 14:51:00,67.0,84.25315
1995-08-21 14:52:00,47.0,84.23927
1995-08-21 14:53:00,44.0,84.08872
1995-08-21 14:54:00,50.0,82.801
1995-08-21 14:55:00,52.00000000000001,81.16098
1995-08-21 14:56:00,82.0,79.89077
1995-08-21 14:57:00,74.0,79.21748
1995-08-21 14:58:00,85.0,80.35791
1995-08-21 14:59:00,66.0,81.859276
1995-08-21 15:00:00,68.0,84.49277
1995-08-21 15:01:00,26.000000000000004,86.30675
1995-08-21 15:02:00,41.0,88.02417
1995-08-21 15:03:00,47.0,87.20846
1995-08-21 15:04:00,60.0,86.8549
1995-08-21 15:05:00,54.0,85.95416
1995-08-21 15:06:00,80.0,86.02956
1995-08-21 15:07:00,42.0,85.5479
1995-08-21 15:08:00,60.99999999999999,86.31275
1995-08-21 15:09:00,21.0,85.62148
1995-08-21 15:10:00,59.0,85.463
1995-08-21 15:11:00,58.0,83.402824
1995-08-21 15:12:00,50.99999999999999,82.2612
1995-08-21 15:13:00,60.0,82.27855
1995-08-21 15:14:00,87.0,81.65849
1995-08-21 15:15:00,92.0,81.42959
1995-08-21 15:16:00,86.0,82.52747
1995-08-21 15:17:00,75.0,84.40151
1995-08-21 15:18:00,33.0,86.61228
1995-08-21 15:19:00,42.0,88.18248
1995-08-21 15:20:00,54.0,88.282684
1995-08-21 15:21:00,52.00000000000001,88.7063
1995-08-21 15:22:00,59.0,88.77538
1995-08-21 15:23:00,83.0,88.75752
1995-08-21 15:24:00,70.0,88.70823
1995-08-21 15:25:00,77.0,89.346405
1995-08-21 15:26:00,70.0,89.68948
1995-08-21 15:27:00,48.0,89.98673
1995-08-21 15:28:00,67.0,90.718506
1995-08-21 15:29:00,57.00000000000001,90.27747
1995-08-21 15:30:00,88.0,89.59923
1995-08-21 15:31:00,64.0,89.23903
1995-08-21 15:32:00,67.0,89.651436
1995-08-21 15:33:00,73.0,89.61698
1995-08-21 15:34:00,91.0,89.51997
1995-08-21 15:35:00,73.0,88.91968
1995-08-21 15:36:00,86.0,90.765205
1995-08-21 15:37:00,86.0,91.23703
1995-08-21 15:38:00,108.0,91.82317
1995-08-21 15:39:00,94.0,93.07006
1995-08-21 15:40:00,85.0,94.8093
1995-08-21 15:41:00,80.0,95.6249
1995-08-21 15:42:00,109.00000000000001,96.509155
1995-08-21 15:43:00,82.0,96.755554
1995-08-21 15:44:00,120.0,99.34091
1995-08-21 15:45:00,119.00000000000001,101.8187
1995-08-21 15:46:00,82.0,105.06439
1995-08-21 15:47:00,52.00000000000001,108.947845
1995-08-21 15:48:00,101.99999999999999,110.71761
1995-08-21 15:49:00,94.0,110.609856
1995-08-21 15:50:00,67.0,111.42089
1995-08-21 15:51:00,97.0,111.71289
1995-08-21 15:52:00,62.00000000000001,110.80189
1995-08-21 15:53:00,70.0,110.90655
1995-08-21 15:54:00,74.0,109.114685
1995-08-21 15:55:00,64.0,106.88537
1995-08-21 15:56:00,60.99999999999999,104.437096
1995-08-21 15:57:00,52.00000000000001,102.02621
1995-08-21 15:58:00,65.0,99.10219
1995-08-21 15:59:00,32.0,95.78404
1995-08-21 16:00:00,72.0,94.24531
1995-08-21 16:01:00,65.0,91.67247
1995-08-21 16:02:00,48.0,90.507744
1995-08-21 16:03:00,31.000000000000004,88.917046
1995-08-21 16:04:00,31.000000000000004,87.45594
1995-08-21 16:05:00,44.0,84.69242
1995-08-21 16:06:00,71.0,81.21772
1995-08-21 16:07:00,47.0,78.61788
1995-08-21 16:08:00,60.99999999999999,77.88926
1995-08-21 16:09:00,44.0,77.454895
1995-08-21 16:10:00,62.00000000000001,77.69285
1995-08-21 16:11:00,84.0,77.55186
1995-08-21 16:12:00,101.0,77.749054
1995-08-21 16:13:00,74.0,78.97882
1995-08-21 16:14:00,121.99999999999999,81.40682
1995-08-21 16:15:00,67.0,83.35949
1995-08-21 16:16:00,69.0,87.12451
1995-08-21 16:17:00,111.99999999999999,88.841095
1995-08-21 16:18:00,72.0,90.51386
1995-08-21 16:19:00,72.0,92.71944
1995-08-21 16:20:00,84.0,93.63523
1995-08-21 16:21:00,132.0,93.73801
1995-08-21 16:22:00,72.0,94.20679
1995-08-21 16:23:00,74.0,95.88418
1995-08-21 16:24:00,71.0,96.46142
1995-08-21 16:25:00,94.0,97.34646
1995-08-21 16:26:00,76.0,97.598206
1995-08-21 16:27:00,91.0,97.88612
1995-08-21 16:28:00,72.0,97.58371
1995-08-21 16:29:00,68.0,97.98305
1995-08-21 16:30:00,91.0,98.24305
1995-08-21 16:31:00,87.0,97.854034
1995-08-21 16:32:00,60.0,99.66715
1995-08-21 16:33:00,63.0,101.06815
1995-08-21 16:34:00,45.0,99.81318
1995-08-21 16:35:00,75.0,98.442955
1995-08-21 16:36:00,60.99999999999999,96.37492
1995-08-21 16:37:00,65.0,95.44677
1995-08-21 16:38:00,58.0,94.21244
1995-08-21 16:39:00,124.00000000000001,92.55399
1995-08-21 16:40:00,96.0,91.40571
1995-08-21 16:41:00,33.0,93.45668
1995-08-21 16:42:00,90.0,95.33038
1995-08-21 16:43:00,31.000000000000004,94.89128
1995-08-21 16:44:00,48.0,95.75864
1995-08-21 16:45:00,43.0,94.27243
1995-08-21 16:46:00,54.0,92.43568
1995-08-21 16:47:00,69.0,90.00609
1995-08-21 16:48:00,85.0,88.89528
1995-08-21 16:49:00,78.0,88.605804
1995-08-21 16:50:00,48.0,88.6605
1995-08-21 16:51:00,50.0,88.74321
1995-08-21 16:52:00,42.0,86.91912
1995-08-21 16:53:00,66.0,85.29728
1995-08-21 16:54:00,49.0,84.11586
1995-08-21 16:55:00,68.0,85.52197
1995-08-21 16:56:00,45.0,85.72934
1995-08-21 16:57:00,52.00000000000001,86.11633
1995-08-21 16:58:00,29.0,85.94468
1995-08-21 16:59:00,55.99999999999999,85.505936
1995-08-21 17:00:00,36.0,83.61751
1995-08-21 17:01:00,39.0,81.69816
1995-08-21 17:02:00,43.0,79.02194
1995-08-21 17:03:00,65.0,76.50687
1995-08-21 17:04:00,73.0,74.219154
1995-08-21 17:05:00,60.99999999999999,72.88299
1995-08-21 17:06:00,66.0,73.19705
1995-08-21 17:07:00,41.0,73.50583
1995-08-21 17:08:00,44.0,74.76814
1995-08-21 17:09:00,60.0,75.148994
1995-08-21 17:10:00,57.00000000000001,75.19596
1995-08-21 17:11:00,75.0,75.42869
1995-08-21 17:12:00,79.0,75.912155
1995-08-21 17:13:00,66.0,77.14455
1995-08-21 17:14:00,53.0,79.17673
1995-08-21 17:15:00,36.0,80.506645
1995-08-21 17:16:00,69.0,81.44859
1995-08-21 17:17:00,27.999999999999996,80.89852
1995-08-21 17:18:00,27.0,81.24112
1995-08-21 17:19:00,46.0,80.14092
1995-08-21 17:20:00,55.0,78.29814
1995-08-21 17:21:00,72.0,77.09088
1995-08-21 17:22:00,36.0,76.41242
1995-08-21 17:23:00,37.0,77.58723
1995-08-21 17:24:00,67.0,77.46086
1995-08-21 17:25:00,46.0,76.34648
1995-08-21 17:26:00,31.000000000000004,76.30738
1995-08-21 17:27:00,47.0,75.30834
1995-08-21 17:28:00,20.0,73.7414
1995-08-21 17:29:00,49.0,73.05719
1995-08-21 17:30:00,42.0,71.83189
1995-08-21 17:31:00,66.0,71.46591
1995-08-21 17:32:00,37.0,70.334694
1995-08-21 17:33:00,46.0,70.602036
1995-08-21 17:34:00,65.0,71.07554
1995-08-21 17:35:00,22.0,71.59718
1995-08-21 17:36:00,42.0,72.38659
1995-08-21 17:37:00,54.0,71.449066
1995-08-21 17:38:00,53.0,70.9893
1995-08-21 17:39:00,50.99999999999999,71.54014
1995-08-21 17:40:00,33.0,72.41132
1995-08-21 17:41:00,42.0,72.95101
1995-08-21 17:42:00,68.0,72.71376
1995-08-21 17:43:00,29.0,72.37398
1995-08-21 17:44:00,93.0,73.83323
1995-08-21 17:45:00,53.0,73.42897
1995-08-21 17:46:00,42.0,74.95033
1995-08-21 17:47:00,53.0,76.486244
1995-08-21 17:48:00,53.0,76.40506
1995-08-21 17:49:00,37.0,76.47348
1995-08-21 17:50:00,55.0,77.1249
1995-08-21 17:51:00,22.0,76.22119
1995-08-21 17:52:00,69.0,76.81603
1995-08-21 17:53:00,48.0,75.796555
1995-08-21 17:54:00,55.99999999999999,75.86245
1995-08-21 17:55:00,38.0,76.75395
1995-08-21 17:56:00,54.0,77.12208
1995-08-21 17:57:00,103.0,77.144905
1995-08-21 17:58:00,50.99999999999999,76.97807
1995-08-21 17:59:00,45.0,79.19608
1995-08-21 18:00:00,59.0,80.395
1995-08-21 18:01:00,53.0,81.1797
1995-08-21 18:02:00,33.0,82.03784
1995-08-21 18:03:00,40.0,81.84289
1995-08-21 18:04:00,50.0,80.42816
1995-08-21 18:05:00,62.00000000000001,79.25342
1995-08-21 18:06:00,42.0,77.808266
1995-08-21 18:07:00,37.0,76.84278
1995-08-21 18:08:00,50.99999999999999,75.0732
1995-08-21 18:09:00,50.0,73.014305
1995-08-21 18:10:00,37.0,71.306335
1995-08-21 18:11:00,24.0,71.163
1995-08-21 18:12:00,53.0,70.72496
1995-08-21 18:13:00,52.00000000000001,69.78823
1995-08-21 18:14:00,23.0,70.03198
1995-08-21 18:15:00,53.0,69.99582
1995-08-21 18:16:00,48.0,68.14592
1995-08-21 18:17:00,42.0,68.06606
1995-08-21 18:18:00,42.0,67.83525
1995-08-21 18:19:00,43.0,67.60417
1995-08-21 18:20:00,69.0,67.56749
1995-08-21 18:21:00,55.99999999999999,67.03278
1995-08-21 18:22:00,59.0,68.57702
1995-08-21 18:23:00,55.0,69.82413
1995-08-21 18:24:00,27.999999999999996,71.95867
1995-08-21 18:25:00,40.0,73.65698
1995-08-21 18:26:00,41.0,72.714134
1995-08-21 18:27:00,33.0,72.23424
1995-08-21 18:28:00,39.0,71.92805
1995-08-21 18:29:00,47.0,70.95205
1995-08-21 18:30:00,66.0,69.68267
1995-08-21 18:31:00,44.0,69.01351
1995-08-21 18:32:00,54.0,68.93319
1995-08-21 18:33:00,36.0,69.070175
1995-08-21 18:34:00,31.000000000000004,69.77719
1995-08-21 18:35:00,46.0,69.700096
1995-08-21 18:36:00,71.0,69.55371
1995-08-21 18:37:00,53.0,69.554634
1995-08-21 18:38:00,65.0,70.60128
1995-08-21 18:39:00,93.0,71.80343
1995-08-21 18:40:00,44.0,71.8203
1995-08-21 18:41:00,48.0,73.26834
1995-08-21 18:42:00,57.00000000000001,73.019196
1995-08-21 18:43:00,44.0,72.49933
1995-08-21 18:44:00,41.0,73.29544
1995-08-21 18:45:00,48.0,73.13254
1995-08-21 18:46:00,37.0,72.24039
1995-08-21 18:47:00,44.0,71.633446
1995-08-21 18:48:00,41.0,70.94189
1995-08-21 18:49:00,38.0,69.976364
1995-08-21 18:50:00,37.0,69.49047
1995-08-21 18:51:00,33.0,68.996124
1995-08-21 18:52:00,16.0,68.92829
1995-08-21 18:53:00,19.0,68.23057
1995-08-21 18:54:00,50.0,66.48124
1995-08-21 18:55:00,38.0,64.46213
1995-08-21 18:56:00,36.0,63.308903
1995-08-21 18:57:00,26.000000000000004,61.953133
1995-08-21 18:58:00,27.999999999999996,61.070248
1995-08-21 18:59:00,29.0,59.578922
1995-08-21 19:00:00,50.99999999999999,59.151325
1995-08-21 19:01:00,45.0,57.79833
1995-08-21 19:02:00,29.0,58.21532
1995-08-21 19:03:00,27.0,58.267582
1995-08-21 19:04:00,21.0,58.158344
1995-08-21 19:05:00,10.0,58.142986
1995-08-21 19:06:00,27.0,56.66853
1995-08-21 19:07:00,27.0,54.29866
1995-08-21 19:08:00,46.0,51.930866
1995-08-21 19:09:00,34.0,50.5851
1995-08-21 19:10:00,30.0,50.810303
1995-08-21 19:11:00,24.0,51.072464
1995-08-21 19:12:00,25.0,51.618195
1995-08-21 19:13:00,33.0,52.343975
1995-08-21 19:14:00,25.0,53.10112
1995-08-21 19:15:00,41.0,53.973858
1995-08-21 19:16:00,20.0,54.147896
1995-08-21 19:17:00,13.000000000000002,55.175888
1995-08-21 19:18:00,41.0,54.285076
1995-08-21 19:19:00,40.0,52.38501
1995-08-21 19:20:00,38.0,51.611656
1995-08-21 19:21:00,29.0,52.53415
1995-08-21 19:22:00,45.0,53.29297
1995-08-21 19:23:00,45.0,53.39485
1995-08-21 19:24:00,30.0,54.149055
1995-08-21 19:25:00,38.0,54.42236
1995-08-21 19:26:00,67.0,53.97198
1995-08-21 19:27:00,31.000000000000004,54.21116
1995-08-21 19:28:00,41.0,56.488167
1995-08-21 19:29:00,35.0,57.7734
1995-08-21 19:30:00,53.0,58.840427
1995-08-21 19:31:00,23.0,58.648132
1995-08-21 19:32:00,18.0,59.34827
1995-08-21 19:33:00,20.0,59.406593
1995-08-21 19:34:00,22.0,59.288017
1995-08-21 19:35:00,19.0,58.31512
1995-08-21 19:36:00,32.0,56.645367
1995-08-21 19:37:00,17.0,54.717472
1995-08-21 19:38:00,27.0,53.14652
1995-08-21 19:39:00,18.0,50.870865
1995-08-21 19:40:00,16.0,49.54684
1995-08-21 19:41:00,32.0,48.1075
1995-08-21 19:42:00,20.0,46.79348
1995-08-21 19:43:00,35.0,46.439426
1995-08-21 19:44:00,30.0,46.88833
1995-08-21 19:45:00,32.0,47.773514
1995-08-21 19:46:00,32.0,48.181484
1995-08-21 19:47:00,42.0,48.970123
1995-08-21 19:48:00,35.0,49.240273
1995-08-21 19:49:00,45.0,49.389217
1995-08-21 19:50:00,48.0,49.9895
1995-08-21 19:51:00,31.000000000000004,51.375336
1995-08-21 19:52:00,17.0,53.673416
1995-08-21 19:53:00,41.0,55.048145
1995-08-21 19:54:00,21.0,56.153946
1995-08-21 19:55:00,35.0,57.46891
1995-08-21 19:56:00,30.0,58.295784
1995-08-21 19:57:00,24.0,57.45848
1995-08-21 19:58:00,27.999999999999996,57.740726
1995-08-21 19:59:00,34.0,57.27687
1995-08-21 20:00:00,26.000000000000004,57.319504
1995-08-21 20:01:00,19.0,56.68394
1995-08-21 20:02:00,44.0,56.553757
1995-08-21 20:03:00,62.00000000000001,55.831524
1995-08-21 20:04:00,50.99999999999999,55.454636
1995-08-21 20:05:00,59.0,57.069668
1995-08-21 20:06:00,44.0,58.71679
1995-08-21 20:07:00,53.0,60.60911
1995-08-21 20:08:00,44.0,62.125877
1995-08-21 20:09:00,44.0,63.4109
1995-08-21 20:10:00,30.0,63.682262
1995-08-21 20:11:00,31.000000000000004,64.42115
1995-08-21 20:12:00,36.0,64.64608
1995-08-21 20:13:00,48.0,63.97373
1995-08-21 20:14:00,22.0,63.24349
1995-08-21 20:15:00,39.0,62.702785
1995-08-21 20:16:00,53.0,61.429577
1995-08-21 20:17:00,25.0,60.66745
1995-08-21 20:18:00,27.999999999999996,60.654404
1995-08-21 20:19:00,48.0,60.256294
1995-08-21 20:20:00,33.0,60.065044
1995-08-21 20:21:00,21.0,59.819324
1995-08-21 20:22:00,21.0,59.73777
1995-08-21 20:23:00,18.0,58.67326
1995-08-21 20:24:00,25.0,57.186028
1995-08-21 20:25:00,39.0,55.972393
1995-08-21 20:26:00,26.000000000000004,54.993587
1995-08-21 20:27:00,26.000000000000004,55.425953
1995-08-21 20:28:00,45.0,55.387226
1995-08-21 20:29:00,33.0,55.06065
1995-08-21 20:30:00,32.0,55.179688
1995-08-21 20:31:00,49.0,55.431263
1995-08-21 20:32:00,20.0,55.908478
1995-08-21 20:33:00,34.0,56.799488
1995-08-21 20:34:00,50.0,56.831207
1995-08-21 20:35:00,25.0,56.327305
1995-08-21 20:36:00,23.0,56.499565
1995-08-21 20:37:00,31.000000000000004,56.32552
1995-08-21 20:38:00,87.0,56.51547
1995-08-21 20:39:00,50.0,56.756706
1995-08-21 20:40:00,54.0,59.353138
1995-08-21 20:41:00,22.0,61.579872
1995-08-21 20:42:00,27.0,63.2719
1995-08-21 20:43:00,57.00000000000001,64.19213
1995-08-21 20:44:00,32.0,64.439674
1995-08-21 20:45:00,23.0,64.29999
1995-08-21 20:46:00,41.0,62.973637
1995-08-21 20:47:00,22.0,61.70343
1995-08-21 20:48:00,13.000000000000002,60.62876
1995-08-21 20:49:00,19.0,59.25304
1995-08-21 20:50:00,49.0,57.733566
1995-08-21 20:51:00,35.0,55.560116
1995-08-21 20:52:00,33.0,55.0222
1995-08-21 20:53:00,32.0,54.983086
1995-08-21 20:54:00,1.0,55.55726
1995-08-21 20:55:00,27.999999999999996,56.33866
1995-08-21 20:56:00,13.000000000000002,56.0885
1995-08-21 20:57:00,21.0,55.226353
1995-08-21 20:58:00,18.0,53.84654
1995-08-21 20:59:00,30.0,51.904305
1995-08-21 21:00:00,24.0,50.177776
1995-08-21 21:01:00,13.999999999999998,49.894493
1995-08-21 21:02:00,31.000000000000004,49.799694
1995-08-21 21:03:00,17.0,48.86022
1995-08-21 21:04:00,30.0,48.517433
1995-08-21 21:05:00,30.0,47.136127
1995-08-21 21:06:00,36.0,47.14176
1995-08-21 21:07:00,31.000000000000004,47.79487
1995-08-21 21:08:00,38.0,48.80768
1995-08-21 21:09:00,54.0,49.490643
1995-08-21 21:10:00,32.0,50.43325
1995-08-21 21:11:00,37.0,52.320995
1995-08-21 21:12:00,31.000000000000004,52.966557
1995-08-21 21:13:00,36.0,53.580807
1995-08-21 21:14:00,36.0,53.261776
1995-08-21 21:15:00,19.0,52.881077
1995-08-21 21:16:00,15.0,52.672764
1995-08-21 21:17:00,37.0,51.38645
1995-08-21 21:18:00,21.0,49.727562
1995-08-21 21:19:00,29.0,48.86154
1995-08-21 21:20:00,24.0,49.09646
1995-08-21 21:21:00,23.0,48.994823
1995-08-21 21:22:00,26.000000000000004,48.587795
1995-08-21 21:23:00,54.0,47.9996
1995-08-21 21:24:00,45.0,47.04917
1995-08-21 21:25:00,30.0,47.565125
1995-08-21 21:26:00,34.0,48.58782
1995-08-21 21:27:00,35.0,48.923683
1995-08-21 21:28:00,17.0,49.557583
1995-08-21 21:29:00,47.0,49.93157
1995-08-21 21:30:00,31.000000000000004,48.839554
1995-08-21 21:31:00,40.0,49.185806
1995-08-21 21:32:00,43.0,49.17743
1995-08-21 21:33:00,34.0,49.54035
1995-08-21 21:34:00,27.999999999999996,50.251717
1995-08-21 21:35:00,22.0,50.661674
1995-08-21 21:36:00,55.99999999999999,50.870335
1995-08-21 21:37:00,40.0,51.021255
1995-08-21 21:38:00,40.0,51.701145
1995-08-21 21:39:00,35.0,52.00652
1995-08-21 21:40:00,17.0,52.733932
1995-08-21 21:41:00,44.0,53.690857
1995-08-21 21:42:00,43.0,53.67377
1995-08-21 21:43:00,43.0,54.83908
1995-08-21 21:44:00,45.0,55.864307
1995-08-21 21:45:00,54.0,56.998676
1995-08-21 21:46:00,54.0,58.016342
1995-08-21 21:47:00,39.0,58.897564
1995-08-21 21:48:00,50.0,59.807365
1995-08-21 21:49:00,17.0,60.781338
1995-08-21 21:50:00,19.0,61.813305
1995-08-21 21:51:00,22.0,61.117996
1995-08-21 21:52:00,36.0,58.817398
1995-08-21 21:53:00,27.999999999999996,56.528233
1995-08-21 21:54:00,49.0,54.98879
1995-08-21 21:55:00,46.0,54.11093
1995-08-21 21:56:00,25.0,52.98666
1995-08-21 21:57:00,18.0,52.956123
1995-08-21 21:58:00,34.0,52.508854
1995-08-21 21:59:00,23.0,51.20417
1995-08-21 22:00:00,31.000000000000004,50.21991
1995-08-21 22:01:00,40.0,49.439583
1995-08-21 22:02:00,32.0,49.147007
1995-08-21 22:03:00,16.0,49.636044
1995-08-21 22:04:00,20.0,50.68215
1995-08-21 22:05:00,24.0,51.074688
1995-08-21 22:06:00,35.0,52.001965
1995-08-21 22:07:00,29.0,52.270313
1995-08-21 22:08:00,40.0,52.712303
1995-08-21 22:09:00,35.0,52.049103
1995-08-21 22:10:00,22.0,51.692772
1995-08-21 22:11:00,31.000000000000004,51.851173
1995-08-21 22:12:00,19.0,51.259914
1995-08-21 22:13:00,20.0,50.99057
1995-08-21 22:14:00,41.0,50.101414
1995-08-21 22:15:00,27.0,48.535572
1995-08-21 22:16:00,31.000000000000004,48.33718
1995-08-21 22:17:00,13.000000000000002,48.01309
1995-08-21 22:18:00,13.000000000000002,48.66182
1995-08-21 22:19:00,30.0,48.646423
1995-08-21 22:20:00,20.0,47.972775
1995-08-21 22:21:00,11.0,46.888184
1995-08-21 22:22:00,16.0,46.06789
1995-08-21 22:23:00,11.0,44.97833
1995-08-21 22:24:00,32.0,44.079376
1995-08-21 22:25:00,23.0,43.74007
1995-08-21 22:26:00,30.0,44.165054
1995-08-21 22:27:00,27.0,44.231968
1995-08-21 22:28:00,21.0,44.215736
1995-08-21 22:29:00,23.0,45.068363
1995-08-21 22:30:00,37.0,45.74453
1995-08-21 22:31:00,42.0,46.325165
1995-08-21 22:32:00,18.0,47.014984
1995-08-21 22:33:00,29.0,48.17406
1995-08-21 22:34:00,26.000000000000004,48.82168
1995-08-21 22:35:00,18.0,49.25414
1995-08-21 22:36:00,21.0,49.008884
1995-08-21 22:37:00,35.0,48.945408
1995-08-21 22:38:00,32.0,48.746445
1995-08-21 22:39:00,23.0,49.092873
1995-08-21 22:40:00,19.0,49.424137
1995-08-21 22:41:00,13.000000000000002,49.928696
1995-08-21 22:42:00,13.000000000000002,48.943386
1995-08-21 22:43:00,32.0,47.941723
1995-08-21 22:44:00,26.000000000000004,46.63943
1995-08-21 22:45:00,26.000000000000004,46.86834
1995-08-21 22:46:00,17.0,46.587337
1995-08-21 22:47:00,42.0,47.23416
1995-08-21 22:48:00,27.999999999999996,46.82635
1995-08-21 22:49:00,13.000000000000002,47.339676
1995-08-21 22:50:00,10.0,47.85784
1995-08-21 22:51:00,19.0,47.249245
1995-08-21 22:52:00,25.0,45.689716
1995-08-21 22:53:00,9.0,44.52288
1995-08-21 22:54:00,8.0,44.933746
1995-08-21 22:55:00,20.0,45.254436
1995-08-21 22:56:00,27.0,44.95196
1995-08-21 22:57:00,23.0,45.00583
1995-08-21 22:58:00,23.0,45.95062
1995-08-21 22:59:00,29.0,46.644928
1995-08-21 23:00:00,27.0,47.410946
1995-08-21 23:01:00,39.0,47.66692
1995-08-21 23:02:00,27.999999999999996,47.838017
1995-08-21 23:03:00,32.0,48.954884
1995-08-21 23:04:00,41.0,49.43285
1995-08-21 23:05:00,30.0,49.52859
1995-08-21 23:06:00,16.0,49.86661
1995-08-21 23:07:00,18.0,49.835873
1995-08-21 23:08:00,27.999999999999996,49.83813
1995-08-21 23:09:00,23.0,49.272438
1995-08-21 23:10:00,35.0,48.995857
1995-08-21 23:11:00,26.000000000000004,48.701756
1995-08-21 23:12:00,36.0,48.75449
1995-08-21 23:13:00,19.0,48.78712
1995-08-21 23:14:00,13.999999999999998,48.89863
1995-08-21 23:15:00,18.0,48.802105
1995-08-21 23:16:00,27.0,47.782043
1995-08-21 23:17:00,47.0,46.77418
1995-08-21 23:18:00,18.0,46.23778
1995-08-21 23:19:00,19.0,46.522263
1995-08-21 23:20:00,21.0,46.12732
1995-08-21 23:21:00,25.0,45.029427
1995-08-21 23:22:00,18.0,44.651505
1995-08-21 23:23:00,10.0,44.815018
1995-08-21 23:24:00,12.0,44.929276
1995-08-21 23:25:00,20.0,43.63554
1995-08-21 23:26:00,33.0,42.277927
1995-08-21 23:27:00,10.0,41.865025
1995-08-21 23:28:00,10.0,42.758373
1995-08-21 23:29:00,13.999999999999998,42.448853
1995-08-21 23:30:00,29.0,41.47549
1995-08-21 23:31:00,29.0,40.260277
1995-08-21 23:32:00,32.0,39.706627
1995-08-21 23:33:00,44.0,39.642635
1995-08-21 23:34:00,45.0,39.703915
1995-08-21 23:35:00,13.000000000000002,40.939598
1995-08-21 23:36:00,27.999999999999996,42.74298
1995-08-21 23:37:00,37.0,42.51014
1995-08-21 23:38:00,26.000000000000004,42.04837
1995-08-21 23:39:00,38.0,42.025227
1995-08-21 23:40:00,35.0,42.386677
1995-08-21 23:41:00,26.000000000000004,43.311897
1995-08-21 23:42:00,13.000000000000002,44.6122
1995-08-21 23:43:00,36.0,45.81766
1995-08-21 23:44:00,23.0,46.114483
1995-08-21 23:45:00,16.0,46.9029
1995-08-21 23:46:00,18.0,47.02701
1995-08-21 23:47:00,33.0,46.29783
1995-08-21 23:48:00,21.0,44.841717
1995-08-21 23:49:00,11.0,44.591885
1995-08-21 23:50:00,27.999999999999996,44.89595
1995-08-21 23:51:00,22.0,43.3065
1995-08-21 23:52:00,16.0,42.77938
1995-08-21 23:53:00,29.0,42.353107
1995-08-21 23:54:00,27.0,42.036057
1995-08-21 23:55:00,35.0,42.385597
1995-08-21 23:56:00,27.999999999999996,43.12699
1995-08-21 23:57:00,31.000000000000004,44.09961
1995-08-21 23:58:00,22.0,44.864525
1995-08-21 23:59:00,30.0,45.601543
1995-08-22 00:00:00,49.0,45.341396
1995-08-22 00:01:00,42.0,44.421616
1995-08-22 00:02:00,45.0,44.585804
1995-08-22 00:03:00,50.99999999999999,45.440998
1995-08-22 00:04:00,45.0,46.664406
1995-08-22 00:05:00,50.0,48.0739
1995-08-22 00:06:00,26.000000000000004,49.444637
1995-08-22 00:07:00,16.0,50.368862
1995-08-22 00:08:00,13.000000000000002,49.98463
1995-08-22 00:09:00,22.0,48.506588
1995-08-22 00:10:00,8.0,46.472317
1995-08-22 00:11:00,21.0,44.63484
1995-08-22 00:12:00,27.999999999999996,42.28694
1995-08-22 00:13:00,37.0,41.075928
1995-08-22 00:14:00,17.0,41.30024
1995-08-22 00:15:00,33.0,41.88929
1995-08-22 00:16:00,33.0,41.693127
1995-08-22 00:17:00,12.0,41.500053
1995-08-22 00:18:00,8.0,41.722588
1995-08-22 00:19:00,16.0,40.98188
1995-08-22 00:20:00,37.0,39.965694
1995-08-22 00:21:00,48.0,39.479984
1995-08-22 00:22:00,29.0,39.80819
1995-08-22 00:23:00,27.0,41.652847
1995-08-22 00:24:00,20.0,42.37999
1995-08-22 00:25:00,17.0,42.705746
1995-08-22 00:26:00,18.0,42.269123
1995-08-22 00:27:00,13.000000000000002,41.661945
1995-08-22 00:28:00,16.0,41.279762
1995-08-22 00:29:00,24.0,40.652416
1995-08-22 00:30:00,26.000000000000004,39.89839
1995-08-22 00:31:00,29.0,39.512886
1995-08-22 00:32:00,21.0,38.512012
1995-08-22 00:33:00,21.0,38.46163
1995-08-22 00:34:00,8.0,37.6996
1995-08-22 00:35:00,13.000000000000002,36.850327
1995-08-22 00:36:00,15.0,35.709057
1995-08-22 00:37:00,21.0,34.908688
1995-08-22 00:38:00,12.0,34.100166
1995-08-22 00:39:00,11.0,33.90085
1995-08-22 00:40:00,30.0,33.47959
1995-08-22 00:41:00,46.0,32.462418
1995-08-22 00:42:00,24.0,32.912357
1995-08-22 00:43:00,21.0,34.531258
1995-08-22 00:44:00,43.0,36.18264
1995-08-22 00:45:00,24.0,36.84033
1995-08-22 00:46:00,26.000000000000004,37.566723
1995-08-22 00:47:00,20.0,37.80834
1995-08-22 00:48:00,41.0,37.72181
1995-08-22 00:49:00,26.000000000000004,37.105495
1995-08-22 00:50:00,31.000000000000004,37.335342
1995-08-22 00:51:00,22.0,37.464436
1995-08-22 00:52:00,50.99999999999999,38.339645
1995-08-22 00:53:00,17.0,39.143284
1995-08-22 00:54:00,42.0,40.880226
1995-08-22 00:55:00,27.0,41.05813
1995-08-22 00:56:00,17.0,41.41598
1995-08-22 00:57:00,19.0,41.224102
1995-08-22 00:58:00,17.0,39.996555
1995-08-22 00:59:00,19.0,38.699585
1995-08-22 01:00:00,26.000000000000004,37.623566
1995-08-22 01:01:00,20.0,37.636856
1995-08-22 01:02:00,22.0,37.762825
1995-08-22 01:03:00,13.999999999999998,37.48762
1995-08-22 01:04:00,15.0,37.561058
1995-08-22 01:05:00,18.0,37.193066
1995-08-22 01:06:00,32.0,37.247524
1995-08-22 01:07:00,20.0,36.664062
1995-08-22 01:08:00,15.0,36.76245
1995-08-22 01:09:00,32.0,37.168552
1995-08-22 01:10:00,8.0,37.359173
1995-08-22 01:11:00,5.0,38.28818
1995-08-22 01:12:00,3.0,38.64661
1995-08-22 01:13:00,0.0,37.700554
1995-08-22 01:14:00,13.000000000000002,36.4433
1995-08-22 01:15:00,12.0,33.935215
1995-08-22 01:16:00,15.0,31.901783
1995-08-22 01:17:00,10.0,30.625845
1995-08-22 01:18:00,12.0,30.331707
1995-08-22 01:19:00,17.0,30.306522
1995-08-22 01:20:00,10.0,29.668602
1995-08-22 01:21:00,13.000000000000002,29.870228
1995-08-22 01:22:00,20.0,30.658138
1995-08-22 01:23:00,20.0,30.942902
1995-08-22 01:24:00,18.0,31.867619
1995-08-22 01:25:00,6.0,32.75549
1995-08-22 01:26:00,16.0,34.02312
1995-08-22 01:27:00,33.0,34.341103
1995-08-22 01:28:00,27.999999999999996,35.732582
1995-08-22 01:29:00,20.0,37.220676
1995-08-22 01:30:00,20.0,38.734924
1995-08-22 01:31:00,20.0,40.23188
1995-08-22 01:32:00,6.0,41.428123
1995-08-22 01:33:00,13.999999999999998,42.254986
1995-08-22 01:34:00,18.0,41.7879
1995-08-22 01:35:00,33.0,41.11669
1995-08-22 01:36:00,35.0,40.865185
1995-08-22 01:37:00,21.0,40.84638
1995-08-22 01:38:00,33.0,40.352924
1995-08-22 01:39:00,20.0,39.718483
1995-08-22 01:40:00,21.0,39.569984
1995-08-22 01:41:00,19.0,39.362133
1995-08-22 01:42:00,13.000000000000002,38.454807
1995-08-22 01:43:00,13.999999999999998,36.607903
1995-08-22 01:44:00,6.0,34.800354
1995-08-22 01:45:00,27.999999999999996,33.687233
1995-08-22 01:46:00,15.0,32.688396
1995-08-22 01:47:00,52.00000000000001,32.84256
1995-08-22 01:48:00,26.000000000000004,33.14339
1995-08-22 01:49:00,20.0,34.068913
1995-08-22 01:50:00,20.0,34.780457
1995-08-22 01:51:00,13.000000000000002,35.09806
1995-08-22 01:52:00,24.0,35.091167
1995-08-22 01:53:00,25.0,34.693882
1995-08-22 01:54:00,35.0,34.60401
1995-08-22 01:55:00,23.0,34.847984
1995-08-22 01:56:00,30.0,35.872707
1995-08-22 01:57:00,15.0,36.504734
1995-08-22 01:58:00,4.0,37.959564
1995-08-22 01:59:00,18.0,38.48214
1995-08-22 02:00:00,10.0,37.711994
1995-08-22 02:01:00,35.0,37.2515
1995-08-22 02:02:00,13.000000000000002,35.845665
1995-08-22 02:03:00,16.0,35.605556
1995-08-22 02:04:00,24.0,34.399982
1995-08-22 02:05:00,6.0,33.21686
1995-08-22 02:06:00,13.999999999999998,32.67155
1995-08-22 02:07:00,5.0,31.81843
1995-08-22 02:08:00,2.0,31.187885
1995-08-22 02:09:00,6.999999999999999,30.244658
1995-08-22 02:10:00,4.0,27.983856
1995-08-22 02:11:00,11.0,25.493887
1995-08-22 02:12:00,11.0,23.272753
1995-08-22 02:13:00,10.0,21.849737
1995-08-22 02:14:00,2.0,20.991102
1995-08-22 02:15:00,8.0,21.13638
1995-08-22 02:16:00,9.0,21.180017
1995-08-22 02:17:00,3.0,21.212658
1995-08-22 02:18:00,11.0,21.936594
1995-08-22 02:19:00,27.999999999999996,23.181076
1995-08-22 02:20:00,6.0,23.09123
1995-08-22 02:21:00,21.0,23.753523
1995-08-22 02:22:00,21.0,24.17026
1995-08-22 02:23:00,30.0,24.432547
1995-08-22 02:24:00,13.000000000000002,25.849531
1995-08-22 02:25:00,12.0,27.298199
1995-08-22 02:26:00,6.999999999999999,28.932552
1995-08-22 02:27:00,29.0,29.54366
1995-08-22 02:28:00,19.0,29.361582
1995-08-22 02:29:00,35.0,29.910751
1995-08-22 02:30:00,18.0,31.16241
1995-08-22 02:31:00,30.0,32.433598
1995-08-22 02:32:00,29.0,33.42658
1995-08-22 02:33:00,10.0,34.18962
1995-08-22 02:34:00,6.0,35.392914
1995-08-22 02:35:00,6.999999999999999,35.188404
1995-08-22 02:36:00,5.0,34.582462
1995-08-22 02:37:00,24.0,34.073532
1995-08-22 02:38:00,16.0,32.757763
1995-08-22 02:39:00,24.0,31.834734
1995-08-22 02:40:00,29.0,31.23633
1995-08-22 02:41:00,27.0,31.190536
1995-08-22 02:42:00,17.0,31.417442
1995-08-22 02:43:00,12.0,31.809996
1995-08-22 02:44:00,23.0,32.44582
1995-08-22 02:45:00,20.0,32.137474
1995-08-22 02:46:00,24.0,32.507233
1995-08-22 02:47:00,13.999999999999998,32.77598
1995-08-22 02:48:00,10.0,33.343933
1995-08-22 02:49:00,13.999999999999998,33.146137
1995-08-22 02:50:00,15.0,32.729065
1995-08-22 02:51:00,16.0,32.077206
1995-08-22 02:52:00,21.0,31.370295
1995-08-22 02:53:00,10.0,31.111427
1995-08-22 02:54:00,10.0,31.219683
1995-08-22 02:55:00,6.999999999999999,31.228941
1995-08-22 02:56:00,11.0,31.04361
1995-08-22 02:57:00,19.0,30.403776
1995-08-22 02:58:00,21.0,29.799555
1995-08-22 02:59:00,31.000000000000004,30.024128
1995-08-22 03:00:00,11.0,30.351812
1995-08-22 03:01:00,16.0,30.634987
1995-08-22 03:02:00,25.0,30.79171
1995-08-22 03:03:00,27.999999999999996,31.35165
1995-08-22 03:04:00,20.0,32.18205
1995-08-22 03:05:00,18.0,32.831543
1995-08-22 03:06:00,13.000000000000002,32.87469
1995-08-22 03:07:00,33.0,32.93595
1995-08-22 03:08:00,33.0,31.743208
1995-08-22 03:09:00,31.000000000000004,31.832483
1995-08-22 03:10:00,16.0,31.822638
1995-08-22 03:11:00,32.0,32.241173
1995-08-22 03:12:00,16.0,32.304035
1995-08-22 03:13:00,18.0,32.92524
1995-08-22 03:14:00,10.0,32.65124
1995-08-22 03:15:00,5.0,32.94293
1995-08-22 03:16:00,15.0,32.35706
1995-08-22 03:17:00,24.0,30.727257
1995-08-22 03:18:00,24.0,29.413383
1995-08-22 03:19:00,27.0,28.696598
1995-08-22 03:20:00,34.0,28.271349
1995-08-22 03:21:00,18.0,29.184326
1995-08-22 03:22:00,26.000000000000004,31.173618
1995-08-22 03:23:00,25.0,32.230385
1995-08-22 03:24:00,30.0,33.258167
1995-08-22 03:25:00,29.0,33.840546
1995-08-22 03:26:00,22.0,34.135674
1995-08-22 03:27:00,19.0,34.11137
1995-08-22 03:28:00,18.0,34.170685
1995-08-22 03:29:00,25.0,34.208763
1995-08-22 03:30:00,12.0,33.935383
1995-08-22 03:31:00,10.0,34.195854
1995-08-22 03:32:00,13.000000000000002,33.55009
1995-08-22 03:33:00,16.0,32.68792
1995-08-22 03:34:00,26.000000000000004,31.718271
1995-08-22 03:35:00,18.0,32.011074
1995-08-22 03:36:00,13.999999999999998,32.310738
1995-08-22 03:37:00,12.0,32.45166
1995-08-22 03:38:00,10.0,32.53448
1995-08-22 03:39:00,8.0,32.742996
1995-08-22 03:40:00,9.0,32.366264
1995-08-22 03:41:00,10.0,31.303173
1995-08-22 03:42:00,16.0,30.36645
1995-08-22 03:43:00,23.0,29.788088
1995-08-22 03:44:00,13.999999999999998,29.381708
1995-08-22 03:45:00,12.0,28.656315
1995-08-22 03:46:00,12.0,27.778992
1995-08-22 03:47:00,9.0,26.973639
1995-08-22 03:48:00,21.0,26.986534
1995-08-22 03:49:00,24.0,27.272013
1995-08-22 03:50:00,9.0,27.794674
1995-08-22 03:51:00,12.0,28.986979
1995-08-22 03:52:00,13.999999999999998,29.10327
1995-08-22 03:53:00,25.0,29.244633
1995-08-22 03:54:00,19.0,29.50578
1995-08-22 03:55:00,20.0,30.015553
1995-08-22 03:56:00,24.0,31.28328
1995-08-22 03:57:00,23.0,32.041092
1995-08-22 03:58:00,19.0,33.23073
1995-08-22 03:59:00,18.0,33.55683
1995-08-22 04:00:00,15.0,34.131096
1995-08-22 04:01:00,20.0,34.1221
1995-08-22 04:02:00,20.0,34.18878
1995-08-22 04:03:00,8.0,33.486614
1995-08-22 04:04:00,8.0,32.98381
1995-08-22 04:05:00,17.0,31.955524
1995-08-22 04:06:00,18.0,32.037304
1995-08-22 04:07:00,27.0,32.070034
1995-08-22 04:08:00,21.0,32.07433
1995-08-22 04:09:00,20.0,33.14651
1995-08-22 04:10:00,5.0,33.50972
1995-08-22 04:11:00,18.0,33.82731
1995-08-22 04:12:00,36.0,32.76181
1995-08-22 04:13:00,26.000000000000004,32.05988
1995-08-22 04:14:00,13.000000000000002,32.491295
1995-08-22 04:15:00,5.0,33.697083
1995-08-22 04:16:00,5.0,33.503403
1995-08-22 04:17:00,13.000000000000002,33.216705
1995-08-22 04:18:00,6.999999999999999,31.522867
1995-08-22 04:19:00,25.0,29.88728
1995-08-22 04:20:00,33.0,28.69356
1995-08-22 04:21:00,24.0,28.697256
1995-08-22 04:22:00,23.0,29.026882
1995-08-22 04:23:00,17.0,30.238527
1995-08-22 04:24:00,8.0,31.29337
1995-08-22 04:25:00,24.0,31.862965
1995-08-22 04:26:00,25.0,31.844824
1995-08-22 04:27:00,23.0,31.951698
1995-08-22 04:28:00,26.000000000000004,32.69026
1995-08-22 04:29:00,10.0,33.28518
1995-08-22 04:30:00,17.0,33.675972
1995-08-22 04:31:00,8.0,32.856804
1995-08-22 04:32:00,12.0,32.383457
1995-08-22 04:33:00,19.0,32.19429
1995-08-22 04:34:00,9.0,31.136663
1995-08-22 04:35:00,26.000000000000004,30.381105
1995-08-22 04:36:00,6.999999999999999,29.279573
1995-08-22 04:37:00,8.0,29.275055
1995-08-22 04:38:00,8.0,28.60653
1995-08-22 04:39:00,6.999999999999999,28.610506
1995-08-22 04:40:00,21.0,27.008142
1995-08-22 04:41:00,5.0,25.662624
1995-08-22 04:42:00,2.0,25.093504
1995-08-22 04:43:00,9.0,24.19884
1995-08-22 04:44:00,8.0,23.205622
1995-08-22 04:45:00,6.999999999999999,22.440218
1995-08-22 04:46:00,31.000000000000004,22.081776
1995-08-22 04:47:00,13.000000000000002,22.039103
1995-08-22 04:48:00,13.000000000000002,23.014322
1995-08-22 04:49:00,16.0,23.546947
1995-08-22 04:50:00,15.0,24.129293
1995-08-22 04:51:00,13.999999999999998,24.658333
1995-08-22 04:52:00,13.999999999999998,25.505468
1995-08-22 04:53:00,5.0,26.082375
1995-08-22 04:54:00,0.0,26.268047
1995-08-22 04:55:00,1.0,26.407328
1995-08-22 04:56:00,10.0,25.259003
1995-08-22 04:57:00,15.0,23.953003
1995-08-22 04:58:00,15.0,23.857061
1995-08-22 04:59:00,6.0,24.006723
1995-08-22 05:00:00,18.0,23.933323
1995-08-22 05:01:00,25.0,23.126886
1995-08-22 05:02:00,8.0,23.67283
1995-08-22 05:03:00,21.0,25.37929
1995-08-22 05:04:00,26.000000000000004,26.103271
1995-08-22 05:05:00,23.0,26.98109
1995-08-22 05:06:00,17.0,27.836569
1995-08-22 05:07:00,32.0,29.343987
1995-08-22 05:08:00,16.0,30.792887
1995-08-22 05:09:00,17.0,32.389748
1995-08-22 05:10:00,15.0,32.958004
1995-08-22 05:11:00,24.0,33.193485
1995-08-22 05:12:00,48.0,33.266464
1995-08-22 05:13:00,13.000000000000002,33.674553
1995-08-22 05:14:00,13.000000000000002,35.169422
1995-08-22 05:15:00,15.0,36.074753
1995-08-22 05:16:00,15.0,35.94251
1995-08-22 05:17:00,5.0,35.291283
1995-08-22 05:18:00,2.0,33.86598
1995-08-22 05:19:00,8.0,32.558956
1995-08-22 05:20:00,13.999999999999998,30.671764
1995-08-22 05:21:00,36.0,29.164886
1995-08-22 05:22:00,16.0,29.070168
1995-08-22 05:23:00,12.0,29.86839
1995-08-22 05:24:00,9.0,30.62765
1995-08-22 05:25:00,1.0,31.027708
1995-08-22 05:26:00,3.0,30.615585
1995-08-22 05:27:00,16.0,28.642403
1995-08-22 05:28:00,6.999999999999999,26.290358
1995-08-22 05:29:00,19.0,24.833399
1995-08-22 05:30:00,9.0,24.075134
1995-08-22 05:31:00,6.999999999999999,24.034662
1995-08-22 05:32:00,6.0,24.03101
1995-08-22 05:33:00,17.0,23.782373
1995-08-22 05:34:00,15.0,23.551115
1995-08-22 05:35:00,15.0,24.312832
1995-08-22 05:36:00,5.0,24.7821
1995-08-22 05:37:00,15.0,25.371702
1995-08-22 05:38:00,13.000000000000002,25.778992
1995-08-22 05:39:00,10.0,26.167288
1995-08-22 05:40:00,5.0,26.695269
1995-08-22 05:41:00,11.0,27.218079
1995-08-22 05:42:00,12.0,26.694792
1995-08-22 05:43:00,6.999999999999999,27.02485
1995-08-22 05:44:00,6.999999999999999,27.76503
1995-08-22 05:45:00,17.0,28.728094
1995-08-22 05:46:00,13.000000000000002,28.519054
1995-08-22 05:47:00,6.0,29.31697
1995-08-22 05:48:00,5.0,29.63999
1995-08-22 05:49:00,19.0,28.65991
1995-08-22 05:50:00,13.000000000000002,27.333147
1995-08-22 05:51:00,6.0,26.249897
1995-08-22 05:52:00,18.0,25.476017
1995-08-22 05:53:00,13.000000000000002,25.170183
1995-08-22 05:54:00,23.0,25.09994
1995-08-22 05:55:00,15.0,25.967638
1995-08-22 05:56:00,17.0,27.434315
1995-08-22 05:57:00,21.0,28.70558
1995-08-22 05:58:00,10.0,29.790167
1995-08-22 05:59:00,11.0,31.242748
1995-08-22 06:00:00,11.0,31.729874
1995-08-22 06:01:00,12.0,31.68224
1995-08-22 06:02:00,12.0,31.777147
1995-08-22 06:03:00,11.0,31.49145
1995-08-22 06:04:00,23.0,31.062569
1995-08-22 06:05:00,29.0,30.809565
1995-08-22 06:06:00,12.0,31.843575
1995-08-22 06:07:00,10.0,33.278122
1995-08-22 06:08:00,18.0,34.3649
1995-08-22 06:09:00,24.0,34.61496
1995-08-22 06:10:00,4.0,34.890488
1995-08-22 06:11:00,10.0,35.935585
1995-08-22 06:12:00,22.0,35.30191
1995-08-22 06:13:00,16.0,34.728977
1995-08-22 06:14:00,12.0,35.09433
1995-08-22 06:15:00,12.0,35.965298
1995-08-22 06:16:00,9.0,34.938587
1995-08-22 06:17:00,12.0,33.60328
1995-08-22 06:18:00,13.000000000000002,32.294727
1995-08-22 06:19:00,4.0,31.578629
1995-08-22 06:20:00,6.0,31.804924
1995-08-22 06:21:00,26.000000000000004,31.035679
1995-08-22 06:22:00,12.0,31.049011
1995-08-22 06:23:00,13.999999999999998,31.140968
1995-08-22 06:24:00,13.999999999999998,30.761677
1995-08-22 06:25:00,20.0,30.876215
1995-08-22 06:26:00,9.0,31.474543
1995-08-22 06:27:00,1.0,32.566097
1995-08-22 06:28:00,13.999999999999998,33.264286
1995-08-22 06:29:00,23.0,32.756836
1995-08-22 06:30:00,18.0,32.41492
1995-08-22 06:31:00,5.0,32.47914
1995-08-22 06:32:00,11.0,33.053898
1995-08-22 06:33:00,11.0,31.721874
1995-08-22 06:34:00,6.999999999999999,31.147184
1995-08-22 06:35:00,23.0,30.454075
1995-08-22 06:36:00,23.0,31.140966
1995-08-22 06:37:00,9.0,32.19745
1995-08-22 06:38:00,42.0,33.41382
1995-08-22 06:39:00,16.0,33.811
1995-08-22 06:40:00,16.0,35.298027
1995-08-22 06:41:00,15.0,35.94653
1995-08-22 06:42:00,27.999999999999996,35.709846
1995-08-22 06:43:00,15.0,35.211308
1995-08-22 06:44:00,40.0,35.099594
1995-08-22 06:45:00,32.0,35.464844
1995-08-22 06:46:00,13.999999999999998,35.946743
1995-08-22 06:47:00,19.0,37.376507
1995-08-22 06:48:00,29.0,37.695232
1995-08-22 06:49:00,13.999999999999998,36.966255
1995-08-22 06:50:00,12.0,37.343647
1995-08-22 06:51:00,17.0,37.394424
1995-08-22 06:52:00,6.999999999999999,37.404156
1995-08-22 06:53:00,20.0,38.228146
1995-08-22 06:54:00,33.0,37.608597
1995-08-22 06:55:00,24.0,37.943348
1995-08-22 06:56:00,16.0,38.935833
1995-08-22 06:57:00,37.0,40.33028
1995-08-22 06:58:00,12.0,40.22228
1995-08-22 06:59:00,30.0,41.236954
1995-08-22 07:00:00,36.0,41.343647
1995-08-22 07:01:00,22.0,42.474052
1995-08-22 07:02:00,18.0,44.297684
1995-08-22 07:03:00,37.0,46.43732
1995-08-22 07:04:00,23.0,47.063763
1995-08-22 07:05:00,13.000000000000002,48.27802
1995-08-22 07:06:00,10.0,49.62007
1995-08-22 07:07:00,26.000000000000004,50.589878
1995-08-22 07:08:00,11.0,50.39371
1995-08-22 07:09:00,36.0,50.182205
1995-08-22 07:10:00,17.0,48.762424
1995-08-22 07:11:00,13.000000000000002,48.369587
1995-08-22 07:12:00,6.0,47.352413
1995-08-22 07:13:00,6.999999999999999,46.478046
1995-08-22 07:14:00,19.0,45.946236
1995-08-22 07:15:00,17.0,44.621544
1995-08-22 07:16:00,15.0,43.847233
1995-08-22 07:17:00,29.0,42.726067
1995-08-22 07:18:00,20.0,40.738205
1995-08-22 07:19:00,15.0,40.721977
1995-08-22 07:20:00,35.0,41.32347
1995-08-22 07:21:00,27.0,40.459507
1995-08-22 07:22:00,21.0,40.8064
1995-08-22 07:23:00,24.0,41.606434
1995-08-22 07:24:00,29.0,42.045856
1995-08-22 07:25:00,42.0,42.68092
1995-08-22 07:26:00,54.0,43.715
1995-08-22 07:27:00,32.0,45.065624
1995-08-22 07:28:00,17.0,47.282524
1995-08-22 07:29:00,43.0,47.878365
1995-08-22 07:30:00,53.0,47.95371
1995-08-22 07:31:00,27.999999999999996,49.020393
1995-08-22 07:32:00,35.0,50.657063
1995-08-22 07:33:00,41.0,52.199596
1995-08-22 07:34:00,60.0,52.534977
1995-08-22 07:35:00,39.0,53.31142
1995-08-22 07:36:00,27.999999999999996,54.16624
1995-08-22 07:37:00,33.0,54.817795
1995-08-22 07:38:00,18.0,54.142006
1995-08-22 07:39:00,47.0,53.976967
1995-08-22 07:40:00,34.0,53.859127
1995-08-22 07:41:00,46.0,54.707928
1995-08-22 07:42:00,41.0,54.708485
1995-08-22 07:43:00,42.0,54.670753
1995-08-22 07:44:00,37.0,55.75539
1995-08-22 07:45:00,41.0,57.195576
1995-08-22 07:46:00,58.0,58.11928
1995-08-22 07:47:00,38.0,58.51845
1995-08-22 07:48:00,30.0,59.289146
1995-08-22 07:49:00,39.0,59.1993
1995-08-22 07:50:00,26.000000000000004,59.216488
1995-08-22 07:51:00,27.0,58.247463
1995-08-22 07:52:00,38.0,57.016747
1995-08-22 07:53:00,35.0,56.060722
1995-08-22 07:54:00,38.0,55.961918
1995-08-22 07:55:00,66.0,55.58764
1995-08-22 07:56:00,27.0,55.802673
1995-08-22 07:57:00,25.0,57.043167
1995-08-22 07:58:00,40.0,57.458904
1995-08-22 07:59:00,44.0,56.477516
1995-08-22 08:00:00,41.0,55.53884
1995-08-22 08:01:00,52.00000000000001,55.83633
1995-08-22 08:02:00,33.0,56.227528
1995-08-22 08:03:00,30.0,57.57183
1995-08-22 08:04:00,48.0,58.0405
1995-08-22 08:05:00,24.0,57.86985
1995-08-22 08:06:00,20.0,59.094055
1995-08-22 08:07:00,24.0,59.342793
1995-08-22 08:08:00,22.0,58.811607
1995-08-22 08:09:00,36.0,58.19359
1995-08-22 08:10:00,27.0,56.786
1995-08-22 08:11:00,32.0,57.24928
1995-08-22 08:12:00,32.0,56.603344
1995-08-22 08:13:00,54.0,56.459846
1995-08-22 08:14:00,19.0,56.01511
1995-08-22 08:15:00,25.0,56.504448
1995-08-22 08:16:00,62.00000000000001,55.495434
1995-08-22 08:17:00,46.0,52.975277
1995-08-22 08:18:00,45.0,52.183228
1995-08-22 08:19:00,49.0,52.259983
1995-08-22 08:20:00,32.0,52.734753
1995-08-22 08:21:00,39.0,54.006126
1995-08-22 08:22:00,30.0,55.112244
1995-08-22 08:23:00,42.0,55.279556
1995-08-22 08:24:00,54.0,54.930542
1995-08-22 08:25:00,43.0,54.822212
1995-08-22 08:26:00,30.0,55.87846
1995-08-22 08:27:00,31.000000000000004,56.873276
1995-08-22 08:28:00,48.0,57.525017
1995-08-22 08:29:00,39.0,57.63119
1995-08-22 08:30:00,46.0,58.0509
1995-08-22 08:31:00,44.0,57.83011
1995-08-22 08:32:00,73.0,58.498043
1995-08-22 08:33:00,44.0,59.004787
1995-08-22 08:34:00,58.0,61.166176
1995-08-22 08:35:00,57.00000000000001,63.233036
1995-08-22 08:36:00,38.0,65.32618
1995-08-22 08:37:00,38.0,66.43721
1995-08-22 08:38:00,35.0,66.41134
1995-08-22 08:39:00,43.0,65.87071
1995-08-22 08:40:00,46.0,65.58189
1995-08-22 08:41:00,33.0,65.61376
1995-08-22 08:42:00,41.0,65.36894
1995-08-22 08:43:00,62.00000000000001,65.01894
1995-08-22 08:44:00,59.0,65.59785
1995-08-22 08:45:00,52.00000000000001,67.02441
1995-08-22 08:46:00,60.0,68.63522
1995-08-22 08:47:00,26.000000000000004,69.64829
1995-08-22 08:48:00,40.0,70.48212
1995-08-22 08:49:00,25.0,69.72713
1995-08-22 08:50:00,36.0,69.14873
1995-08-22 08:51:00,50.99999999999999,67.41367
1995-08-22 08:52:00,27.0,65.94978
1995-08-22 08:53:00,32.0,65.3395
1995-08-22 08:54:00,60.0,64.383
1995-08-22 08:55:00,30.0,64.151855
1995-08-22 08:56:00,24.0,64.889084
1995-08-22 08:57:00,32.0,64.81179
1995-08-22 08:58:00,36.0,64.6597
1995-08-22 08:59:00,35.0,63.3704
1995-08-22 09:00:00,29.0,61.829464
1995-08-22 09:01:00,80.0,61.63545
1995-08-22 09:02:00,52.00000000000001,60.725315
1995-08-22 09:03:00,35.0,62.425297
1995-08-22 09:04:00,53.0,63.035324
1995-08-22 09:05:00,29.0,63.533253
1995-08-22 09:06:00,40.0,64.60103
1995-08-22 09:07:00,45.0,63.88068
1995-08-22 09:08:00,68.0,63.80026
1995-08-22 09:09:00,59.0,63.77326
1995-08-22 09:10:00,50.99999999999999,65.30679
1995-08-22 09:11:00,66.0,67.02597
1995-08-22 09:12:00,24.0,68.74986
1995-08-22 09:13:00,73.0,70.356026
1995-08-22 09:14:00,43.0,71.134834
1995-08-22 09:15:00,72.0,72.28271
1995-08-22 09:16:00,44.0,72.58023
1995-08-22 09:17:00,27.0,73.38857
1995-08-22 09:18:00,34.0,73.942116
1995-08-22 09:19:00,44.0,73.3704
1995-08-22 09:20:00,49.0,72.2853
1995-08-22 09:21:00,42.0,71.45051
1995-08-22 09:22:00,50.0,71.508224
1995-08-22 09:23:00,78.0,71.90192
1995-08-22 09:24:00,53.0,72.14039
1995-08-22 09:25:00,27.0,73.8564
1995-08-22 09:26:00,38.0,75.41934
1995-08-22 09:27:00,39.0,75.113434
1995-08-22 09:28:00,46.0,74.24775
1995-08-22 09:29:00,45.0,74.19312
1995-08-22 09:30:00,71.0,74.119446
1995-08-22 09:31:00,40.0,74.43268
1995-08-22 09:32:00,50.0,75.67533
1995-08-22 09:33:00,50.99999999999999,75.49369
1995-08-22 09:34:00,52.00000000000001,75.966446
1995-08-22 09:35:00,65.0,76.216866
1995-08-22 09:36:00,78.0,75.9249
1995-08-22 09:37:00,31.000000000000004,75.87515
1995-08-22 09:38:00,59.0,77.08358
1995-08-22 09:39:00,60.99999999999999,77.36163
1995-08-22 09:40:00,41.0,77.85256
1995-08-22 09:41:00,65.0,78.18647
1995-08-22 09:42:00,88.0,76.91234
1995-08-22 09:43:00,73.0,76.86984
1995-08-22 09:44:00,79.0,78.90028
1995-08-22 09:45:00,81.0,80.536095
1995-08-22 09:46:00,50.99999999999999,81.91504
1995-08-22 09:47:00,44.0,82.910934
1995-08-22 09:48:00,40.0,82.38279
1995-08-22 09:49:00,49.0,81.20085
1995-08-22 09:50:00,47.0,79.416214
1995-08-22 09:51:00,54.0,77.799835
1995-08-22 09:52:00,65.0,76.26427
1995-08-22 09:53:00,35.0,75.70931
1995-08-22 09:54:00,32.0,75.53078
1995-08-22 09:55:00,50.0,74.148865
1995-08-22 09:56:00,76.0,72.13003
1995-08-22 09:57:00,38.0,70.88607
1995-08-22 09:58:00,38.0,71.59801
1995-08-22 09:59:00,30.0,72.001785
1995-08-22 10:00:00,34.0,71.8218
1995-08-22 10:01:00,27.999999999999996,71.5809
1995-08-22 10:02:00,46.0,71.60211
1995-08-22 10:03:00,32.0,71.44661
1995-08-22 10:04:00,53.0,71.86912
1995-08-22 10:05:00,17.0,71.33566
1995-08-22 10:06:00,70.0,72.14649
1995-08-22 10:07:00,39.0,70.383286
1995-08-22 10:08:00,41.0,71.093544
1995-08-22 10:09:00,27.0,71.40891
1995-08-22 10:10:00,41.0,71.51415
1995-08-22 10:11:00,25.0,71.180275
1995-08-22 10:12:00,10.0,70.85586
1995-08-22 10:13:00,22.0,70.15917
1995-08-22 10:14:00,34.0,68.5839
1995-08-22 10:15:00,40.0,66.64546
1995-08-22 10:16:00,49.0,65.385666
1995-08-22 10:17:00,26.000000000000004,64.18883
1995-08-22 10:18:00,27.0,63.48568
1995-08-22 10:19:00,36.0,62.531635
1995-08-22 10:20:00,18.0,60.981853
1995-08-22 10:21:00,54.0,60.291977
1995-08-22 10:22:00,36.0,59.75399
1995-08-22 10:23:00,50.99999999999999,60.15519
1995-08-22 10:24:00,43.0,60.173447
1995-08-22 10:25:00,58.0,61.417397
1995-08-22 10:26:00,33.0,62.01978
1995-08-22 10:27:00,35.0,63.526917
1995-08-22 10:28:00,40.0,64.887505
1995-08-22 10:29:00,79.0,66.04919
1995-08-22 10:30:00,44.0,66.70526
1995-08-22 10:31:00,39.0,68.97412
1995-08-22 10:32:00,29.0,70.997284
1995-08-22 10:33:00,47.0,71.39654
1995-08-22 10:34:00,44.0,70.83901
1995-08-22 10:35:00,71.0,70.417244
1995-08-22 10:36:00,38.0,70.43792
1995-08-22 10:37:00,63.0,72.251495
1995-08-22 10:38:00,36.0,72.56779
1995-08-22 10:39:00,57.00000000000001,73.565125
1995-08-22 10:40:00,55.99999999999999,73.2184
1995-08-22 10:41:00,49.0,73.50935
1995-08-22 10:42:00,63.0,73.29175
1995-08-22 10:43:00,50.99999999999999,73.19881
1995-08-22 10:44:00,60.0,73.138435
1995-08-22 10:45:00,60.99999999999999,72.76203
1995-08-22 10:46:00,71.0,72.99546
1995-08-22 10:47:00,36.0,73.66716
1995-08-22 10:48:00,57.00000000000001,75.31046
1995-08-22 10:49:00,47.0,75.62176
1995-08-22 10:50:00,50.0,76.554405
1995-08-22 10:51:00,55.0,76.77598
1995-08-22 10:52:00,49.0,77.02801
1995-08-22 10:53:00,71.0,77.7603
1995-08-22 10:54:00,74.0,79.331474
1995-08-22 10:55:00,73.0,80.92095
1995-08-22 10:56:00,70.0,82.434074
1995-08-22 10:57:00,52.00000000000001,83.517075
1995-08-22 10:58:00,85.0,84.11178
1995-08-22 10:59:00,11.0,84.10206
1995-08-22 11:00:00,60.99999999999999,84.7783
1995-08-22 11:01:00,50.99999999999999,82.77155
1995-08-22 11:02:00,39.0,83.138306
1995-08-22 11:03:00,73.0,83.51579
1995-08-22 11:04:00,59.0,82.917015
1995-08-22 11:05:00,40.0,83.22496
1995-08-22 11:06:00,55.0,83.49047
1995-08-22 11:07:00,78.0,82.75875
1995-08-22 11:08:00,43.0,82.37103
1995-08-22 11:09:00,41.0,83.80768
1995-08-22 11:10:00,45.0,83.6854
1995-08-22 11:11:00,71.0,82.62404
1995-08-22 11:12:00,66.0,81.79686
1995-08-22 11:13:00,101.99999999999999,81.95282
1995-08-22 11:14:00,55.99999999999999,81.99159
1995-08-22 11:15:00,93.0,84.29914
1995-08-22 11:16:00,55.0,85.31507
1995-08-22 11:17:00,55.0,87.18009
1995-08-22 11:18:00,50.0,87.61424
1995-08-22 11:19:00,41.0,87.417015
1995-08-22 11:20:00,55.0,86.48962
1995-08-22 11:21:00,23.0,84.83404
1995-08-22 11:22:00,70.0,83.25437
1995-08-22 11:23:00,72.0,80.61597
1995-08-22 11:24:00,47.0,78.996216
1995-08-22 11:25:00,34.0,78.66434
1995-08-22 11:26:00,88.0,77.7709
1995-08-22 11:27:00,68.0,76.81883
1995-08-22 11:28:00,72.0,78.45546
1995-08-22 11:29:00,86.0,79.34015
1995-08-22 11:30:00,63.0,81.30756
1995-08-22 11:31:00,57.00000000000001,83.62218
1995-08-22 11:32:00,55.0,85.46982
1995-08-22 11:33:00,55.99999999999999,86.74242
1995-08-22 11:34:00,57.00000000000001,87.27096
1995-08-22 11:35:00,59.0,86.27025
1995-08-22 11:36:00,82.0,85.475876
1995-08-22 11:37:00,59.0,84.30313
1995-08-22 11:38:00,91.0,85.09181
1995-08-22 11:39:00,80.0,85.12374
1995-08-22 11:40:00,97.0,86.59445
1995-08-22 11:41:00,80.0,88.37392
1995-08-22 11:42:00,59.0,90.27078
1995-08-22 11:43:00,62.00000000000001,92.6099
1995-08-22 11:44:00,71.0,93.35447
1995-08-22 11:45:00,64.0,93.9089
1995-08-22 11:46:00,52.00000000000001,94.26675
1995-08-22 11:47:00,79.0,93.886566
1995-08-22 11:48:00,48.0,92.478355
1995-08-22 11:49:00,47.0,92.657265
1995-08-22 11:50:00,73.0,91.08548
1995-08-22 11:51:00,72.0,89.24683
1995-08-22 11:52:00,86.0,88.32031
1995-08-22 11:53:00,78.0,86.92522
1995-08-22 11:54:00,82.0,87.03078
1995-08-22 11:55:00,62.00000000000001,87.773865
1995-08-22 11:56:00,39.0,89.55676
1995-08-22 11:57:00,60.0,90.923584
1995-08-22 11:58:00,70.0,90.10351
1995-08-22 11:59:00,41.0,89.16092
1995-08-22 12:00:00,41.0,88.99608
1995-08-22 12:01:00,60.0,88.27289
1995-08-22 12:02:00,59.0,86.63778
1995-08-22 12:03:00,73.0,86.06761
1995-08-22 12:04:00,72.0,86.158195
1995-08-22 12:05:00,95.0,86.57686
1995-08-22 12:06:00,60.99999999999999,87.08979
1995-08-22 12:07:00,64.0,88.90544
1995-08-22 12:08:00,44.0,90.13959
1995-08-22 12:09:00,54.0,91.16272
1995-08-22 12:10:00,50.99999999999999,90.88266
1995-08-22 12:11:00,68.0,91.064
1995-08-22 12:12:00,58.0,90.63446
1995-08-22 12:13:00,104.00000000000001,90.76817
1995-08-22 12:14:00,62.00000000000001,90.15066
1995-08-22 12:15:00,80.0,91.041916
1995-08-22 12:16:00,67.0,91.59834
1995-08-22 12:17:00,74.0,91.67244
1995-08-22 12:18:00,75.0,91.65943
1995-08-22 12:19:00,88.0,91.50845
1995-08-22 12:20:00,60.99999999999999,91.42305
1995-08-22 12:21:00,52.00000000000001,92.38951
1995-08-22 12:22:00,75.0,92.77485
1995-08-22 12:23:00,63.0,91.78094
1995-08-22 12:24:00,105.0,91.57365
1995-08-22 12:25:00,89.0,92.19961
1995-08-22 12:26:00,73.0,94.34651
1995-08-22 12:27:00,99.0,96.45522
1995-08-22 12:28:00,75.0,97.6457
1995-08-22 12:29:00,82.0,99.11398
1995-08-22 12:30:00,101.99999999999999,100.07681
1995-08-22 12:31:00,78.0,101.12798
1995-08-22 12:32:00,62.00000000000001,103.483444
1995-08-22 12:33:00,57.00000000000001,104.16588
1995-08-22 12:34:00,60.0,103.69217
1995-08-22 12:35:00,75.0,101.90886
1995-08-22 12:36:00,55.0,100.56349
1995-08-22 12:37:00,79.0,99.40914
1995-08-22 12:38:00,65.0,97.06819
1995-08-22 12:39:00,62.00000000000001,95.65209
1995-08-22 12:40:00,77.0,94.688576
1995-08-22 12:41:00,79.0,93.359024
1995-08-22 12:42:00,96.0,93.330635
1995-08-22 12:43:00,60.99999999999999,94.065186
1995-08-22 12:44:00,69.0,95.330246
1995-08-22 12:45:00,59.0,95.897125
1995-08-22 12:46:00,60.99999999999999,96.55668
1995-08-22 12:47:00,93.0,96.474464
1995-08-22 12:48:00,90.0,96.255684
1995-08-22 12:49:00,66.0,98.02873
1995-08-22 12:50:00,101.0,99.83605
1995-08-22 12:51:00,75.0,100.91959
1995-08-22 12:52:00,50.0,102.94434
1995-08-22 12:53:00,57.00000000000001,104.107086
1995-08-22 12:54:00,60.99999999999999,103.77143
1995-08-22 12:55:00,36.0,102.55713
1995-08-22 12:56:00,67.0,100.586784
1995-08-22 12:57:00,60.0,97.43497
1995-08-22 12:58:00,81.0,95.20015
1995-08-22 12:59:00,68.0,93.496994
1995-08-22 13:00:00,70.0,93.63772
1995-08-22 13:01:00,64.0,93.737785
1995-08-22 13:02:00,59.0,94.039345
1995-08-22 13:03:00,62.00000000000001,93.487495
1995-08-22 13:04:00,79.0,93.59487
1995-08-22 13:05:00,88.0,92.906395
1995-08-22 13:06:00,87.0,92.51461
1995-08-22 13:07:00,81.0,93.91778
1995-08-22 13:08:00,68.0,95.64974
1995-08-22 13:09:00,82.0,96.19663
1995-08-22 13:10:00,114.00000000000001,96.576355
1995-08-22 13:11:00,66.0,97.30652
1995-08-22 13:12:00,49.0,98.35693
1995-08-22 13:13:00,98.0,99.57187
1995-08-22 13:14:00,77.0,99.597664
1995-08-22 13:15:00,43.0,100.875916
1995-08-22 13:16:00,66.0,102.32313
1995-08-22 13:17:00,130.0,101.16412
1995-08-22 13:18:00,96.0,100.32801
1995-08-22 13:19:00,80.0,102.019455
1995-08-22 13:20:00,70.0,103.6718
1995-08-22 13:21:00,85.0,104.94681
1995-08-22 13:22:00,83.0,105.660645
1995-08-22 13:23:00,75.0,106.53967
1995-08-22 13:24:00,73.0,107.975914
1995-08-22 13:25:00,73.0,107.94344
1995-08-22 13:26:00,65.0,107.14228
1995-08-22 13:27:00,80.0,106.74132
1995-08-22 13:28:00,113.0,105.92651
1995-08-22 13:29:00,70.0,106.03095
1995-08-22 13:30:00,87.0,107.39188
1995-08-22 13:31:00,89.0,107.46373
1995-08-22 13:32:00,69.0,106.36769
1995-08-22 13:33:00,98.0,105.76918
1995-08-22 13:34:00,86.0,104.57783
1995-08-22 13:35:00,72.0,105.05768
1995-08-22 13:36:00,106.0,105.41864
1995-08-22 13:37:00,50.99999999999999,106.0514
1995-08-22 13:38:00,50.0,107.41617
1995-08-22 13:39:00,45.0,105.24882
1995-08-22 13:40:00,74.0,103.26883
1995-08-22 13:41:00,73.0,101.01743
1995-08-22 13:42:00,77.0,99.30239
1995-08-22 13:43:00,71.0,97.8341
1995-08-22 13:44:00,60.99999999999999,98.22313
1995-08-22 13:45:00,104.00000000000001,99.25492
1995-08-22 13:46:00,79.0,99.28697
1995-08-22 13:47:00,92.0,100.02966
1995-08-22 13:48:00,55.99999999999999,100.939575
1995-08-22 13:49:00,63.0,101.582695
1995-08-22 13:50:00,59.0,100.6711
1995-08-22 13:51:00,46.0,100.329666
1995-08-22 13:52:00,85.0,99.58846
1995-08-22 13:53:00,68.0,98.183556
1995-08-22 13:54:00,73.0,97.44039
1995-08-22 13:55:00,37.0,96.84014
1995-08-22 13:56:00,55.99999999999999,97.13368
1995-08-22 13:57:00,24.0,94.85222
1995-08-22 13:58:00,68.0,93.0654
1995-08-22 13:59:00,25.0,90.41089
1995-08-22 14:00:00,44.0,89.08705
1995-08-22 14:01:00,47.0,86.38552
1995-08-22 14:02:00,37.0,84.35115
1995-08-22 14:03:00,70.0,83.2134
1995-08-22 14:04:00,66.0,81.50546
1995-08-22 14:05:00,79.0,81.27489
1995-08-22 14:06:00,101.0,81.9831
1995-08-22 14:07:00,90.0,83.40755
1995-08-22 14:08:00,83.0,86.33685
1995-08-22 14:09:00,92.0,90.014175
1995-08-22 14:10:00,71.0,92.73174
1995-08-22 14:11:00,67.0,94.64977
1995-08-22 14:12:00,60.99999999999999,96.38688
1995-08-22 14:13:00,93.0,96.54163
1995-08-22 14:14:00,84.0,95.88766
1995-08-22 14:15:00,58.0,96.39787
1995-08-22 14:16:00,55.99999999999999,97.27243
1995-08-22 14:17:00,40.0,97.80832
1995-08-22 14:18:00,55.0,97.1958
1995-08-22 14:19:00,55.99999999999999,95.9662
1995-08-22 14:20:00,33.0,94.05618
1995-08-22 14:21:00,44.0,93.23136
1995-08-22 14:22:00,85.0,90.62438
1995-08-22 14:23:00,75.0,88.69915
1995-08-22 14:24:00,64.0,88.24059
1995-08-22 14:25:00,55.0,88.047264
1995-08-22 14:26:00,99.0,87.670494
1995-08-22 14:27:00,54.0,87.05776
1995-08-22 14:28:00,57.00000000000001,88.62164
1995-08-22 14:29:00,70.0,88.77145
1995-08-22 14:30:00,67.0,88.92993
1995-08-22 14:31:00,57.00000000000001,88.65804
1995-08-22 14:32:00,50.99999999999999,87.063225
1995-08-22 14:33:00,50.0,86.129265
1995-08-22 14:34:00,63.0,85.50037
1995-08-22 14:35:00,67.0,84.31561
1995-08-22 14:36:00,34.0,83.58651
1995-08-22 14:37:00,67.0,83.84102
1995-08-22 14:38:00,39.0,82.48358
1995-08-22 14:39:00,32.0,81.982765
1995-08-22 14:40:00,54.0,81.62343
1995-08-22 14:41:00,75.0,80.43832
1995-08-22 14:42:00,58.0,80.81745
1995-08-22 14:43:00,67.0,81.89726
1995-08-22 14:44:00,50.0,82.42607
1995-08-22 14:45:00,68.0,83.050934
1995-08-22 14:46:00,80.0,83.27236
1995-08-22 14:47:00,45.0,83.57015
1995-08-22 14:48:00,57.00000000000001,84.47262
1995-08-22 14:49:00,89.0,84.237724
1995-08-22 14:50:00,57.00000000000001,83.81597
1995-08-22 14:51:00,78.0,84.28965
1995-08-22 14:52:00,116.0,84.01228
1995-08-22 14:53:00,91.0,84.93308
1995-08-22 14:54:00,62.00000000000001,87.623535
1995-08-22 14:55:00,87.0,90.758545
1995-08-22 14:56:00,60.0,93.23129
1995-08-22 14:57:00,58.0,95.55944
1995-08-22 14:58:00,94.0,96.92773
1995-08-22 14:59:00,71.0,97.359535
1995-08-22 15:00:00,80.0,98.53389
1995-08-22 15:01:00,65.0,99.51526
1995-08-22 15:02:00,92.0,99.98188
1995-08-22 15:03:00,74.0,98.55594
1995-08-22 15:04:00,54.0,97.966896
1995-08-22 15:05:00,100.0,97.7881
1995-08-22 15:06:00,68.0,96.86655
1995-08-22 15:07:00,78.0,97.70982
1995-08-22 15:08:00,44.0,98.28133
1995-08-22 15:09:00,42.0,98.98078
1995-08-22 15:10:00,31.000000000000004,96.95516
1995-08-22 15:11:00,57.00000000000001,93.99005
1995-08-22 15:12:00,87.0,90.49531
1995-08-22 15:13:00,71.0,88.25554
1995-08-22 15:14:00,129.0,87.08104
1995-08-22 15:15:00,115.0,86.463776
1995-08-22 15:16:00,58.0,88.64114
1995-08-22 15:17:00,50.99999999999999,91.666985
1995-08-22 15:18:00,118.0,92.51872
1995-08-22 15:19:00,72.0,92.426926
1995-08-22 15:20:00,71.0,93.39126
1995-08-22 15:21:00,72.0,93.93852
1995-08-22 15:22:00,86.0,94.37392
1995-08-22 15:23:00,100.0,94.49383
1995-08-22 15:24:00,91.0,94.877396
1995-08-22 15:25:00,82.0,95.60984
1995-08-22 15:26:00,81.0,96.22358
1995-08-22 15:27:00,68.0,96.829346
1995-08-22 15:28:00,58.0,97.36469
1995-08-22 15:29:00,92.0,97.53356
1995-08-22 15:30:00,57.00000000000001,97.26884
1995-08-22 15:31:00,136.0,97.48243
1995-08-22 15:32:00,65.0,97.06382
1995-08-22 15:33:00,92.0,99.34871
1995-08-22 15:34:00,50.99999999999999,99.864746
1995-08-22 15:35:00,49.0,100.19327
1995-08-22 15:36:00,77.0,99.08078
1995-08-22 15:37:00,63.0,96.87973
1995-08-22 15:38:00,85.0,95.85331
1995-08-22 15:39:00,53.0,94.305145
1995-08-22 15:40:00,57.00000000000001,93.71298
1995-08-22 15:41:00,50.0,91.98088
1995-08-22 15:42:00,90.0,90.484566
1995-08-22 15:43:00,48.0,88.99995
1995-08-22 15:44:00,43.0,89.67171
1995-08-22 15:45:00,27.999999999999996,89.090706
1995-08-22 15:46:00,68.0,87.79917
1995-08-22 15:47:00,67.0,85.249985
1995-08-22 15:48:00,70.0,83.877
1995-08-22 15:49:00,54.0,83.47652
1995-08-22 15:50:00,45.0,83.95806
1995-08-22 15:51:00,43.0,84.14586
1995-08-22 15:52:00,85.0,83.02958
1995-08-22 15:53:00,47.0,81.221275
1995-08-22 15:54:00,60.0,81.91318
1995-08-22 15:55:00,93.0,81.33278
1995-08-22 15:56:00,66.0,81.69525
1995-08-22 15:57:00,96.0,82.875465
1995-08-22 15:58:00,88.0,84.13346
1995-08-22 15:59:00,74.0,86.926544
1995-08-22 16:00:00,80.0,89.21755
1995-08-22 16:01:00,60.99999999999999,90.64333
1995-08-22 16:02:00,71.0,92.32241
1995-08-22 16:03:00,115.0,92.96135
1995-08-22 16:04:00,93.0,93.73594
1995-08-22 16:05:00,62.00000000000001,96.41752
1995-08-22 16:06:00,58.0,97.87542
1995-08-22 16:07:00,89.0,99.80961
1995-08-22 16:08:00,58.0,99.17874
1995-08-22 16:09:00,83.0,98.87752
1995-08-22 16:10:00,47.0,97.61668
1995-08-22 16:11:00,140.0,97.363106
1995-08-22 16:12:00,105.0,96.377846
1995-08-22 16:13:00,95.0,98.05064
1995-08-22 16:14:00,105.0,101.29292
1995-08-22 16:15:00,121.0,103.98197
1995-08-22 16:16:00,80.0,105.72853
1995-08-22 16:17:00,105.0,108.35241
1995-08-22 16:18:00,103.0,109.028656
1995-08-22 16:19:00,76.0,110.5469
1995-08-22 16:20:00,85.0,112.58159
1995-08-22 16:21:00,110.0,113.70377
1995-08-22 16:22:00,69.0,114.104485
1995-08-22 16:23:00,94.0,115.642296
1995-08-22 16:24:00,69.0,114.93731
1995-08-22 16:25:00,70.0,114.622734
1995-08-22 16:26:00,68.0,112.92156
1995-08-22 16:27:00,69.0,110.91336
1995-08-22 16:28:00,93.0,108.9527
1995-08-22 16:29:00,27.0,106.52847
1995-08-22 16:30:00,57.00000000000001,105.81432
1995-08-22 16:31:00,36.0,101.07387
1995-08-22 16:32:00,50.99999999999999,96.42434
1995-08-22 16:33:00,55.0,92.53891
1995-08-22 16:34:00,35.0,89.08316
1995-08-22 16:35:00,74.0,86.21141
1995-08-22 16:36:00,71.0,83.82125
1995-08-22 16:37:00,65.0,82.947876
1995-08-22 16:38:00,69.0,83.203
1995-08-22 16:39:00,62.00000000000001,83.47239
1995-08-22 16:40:00,45.0,83.72564
1995-08-22 16:41:00,50.0,83.99324
1995-08-22 16:42:00,37.0,84.10018
1995-08-22 16:43:00,52.00000000000001,83.68598
1995-08-22 16:44:00,80.0,83.11386
1995-08-22 16:45:00,94.0,82.47798
1995-08-22 16:46:00,49.0,83.03179
1995-08-22 16:47:00,42.0,84.517296
1995-08-22 16:48:00,73.0,84.98101
1995-08-22 16:49:00,60.99999999999999,84.688324
1995-08-22 16:50:00,71.0,84.94022
1995-08-22 16:51:00,67.0,85.26518
1995-08-22 16:52:00,55.99999999999999,86.13304
1995-08-22 16:53:00,50.0,86.385216
1995-08-22 16:54:00,69.0,86.46897
1995-08-22 16:55:00,93.0,86.04777
1995-08-22 16:56:00,69.0,86.03711
1995-08-22 16:57:00,80.0,87.54538
1995-08-22 16:58:00,78.0,88.44892
1995-08-22 16:59:00,47.0,89.86657
1995-08-22 17:00:00,49.0,91.238976
1995-08-22 17:01:00,58.0,91.071625
1995-08-22 17:02:00,67.0,90.75166
1995-08-22 17:03:00,53.0,89.95985
1995-08-22 17:04:00,40.0,89.498184
1995-08-22 17:05:00,80.0,88.16144
1995-08-22 17:06:00,85.0,86.188896
1995-08-22 17:07:00,63.0,85.07139
1995-08-22 17:08:00,77.0,84.82608
1995-08-22 17:09:00,70.0,84.89673
1995-08-22 17:10:00,75.0,85.1633
1995-08-22 17:11:00,53.0,85.670784
1995-08-22 17:12:00,63.0,86.53078
1995-08-22 17:13:00,45.0,85.955475
1995-08-22 17:14:00,35.0,84.97836
1995-08-22 17:15:00,23.0,83.20925
1995-08-22 17:16:00,17.0,81.15515
1995-08-22 17:17:00,37.0,78.14198
1995-08-22 17:18:00,27.999999999999996,74.81159
1995-08-22 17:19:00,47.0,72.201225
1995-08-22 17:20:00,70.0,69.33321
1995-08-22 17:21:00,27.0,68.172806
1995-08-22 17:22:00,57.00000000000001,68.8634
1995-08-22 17:23:00,46.0,68.577065
1995-08-22 17:24:00,63.0,68.9135
1995-08-22 17:25:00,46.0,69.622765
1995-08-22 17:26:00,55.99999999999999,71.68952
1995-08-22 17:27:00,45.0,73.00057
1995-08-22 17:28:00,48.0,74.59501
1995-08-22 17:29:00,58.0,75.65812
1995-08-22 17:30:00,37.0,75.780075
1995-08-22 17:31:00,80.0,75.75857
1995-08-22 17:32:00,72.0,75.280106
1995-08-22 17:33:00,22.0,76.171455
1995-08-22 17:34:00,58.0,77.452034
1995-08-22 17:35:00,46.0,75.85529
1995-08-22 17:36:00,53.0,75.22935
1995-08-22 17:37:00,55.0,74.91875
1995-08-22 17:38:00,52.00000000000001,74.54713
1995-08-22 17:39:00,57.00000000000001,74.231674
1995-08-22 17:40:00,43.0,74.24744
1995-08-22 17:41:00,43.0,73.916916
1995-08-22 17:42:00,27.0,73.72051
1995-08-22 17:43:00,27.0,73.30901
1995-08-22 17:44:00,36.0,72.09734
1995-08-22 17:45:00,79.0,70.327065
1995-08-22 17:46:00,13.000000000000002,68.41772
1995-08-22 17:47:00,27.0,68.647446
1995-08-22 17:48:00,53.0,67.42907
1995-08-22 17:49:00,63.0,66.536865
1995-08-22 17:50:00,72.0,66.82564
1995-08-22 17:51:00,79.0,68.38159
1995-08-22 17:52:00,70.0,70.85127
1995-08-22 17:53:00,74.0,73.3969
1995-08-22 17:54:00,52.00000000000001,75.71316
1995-08-22 17:55:00,53.0,77.65937
1995-08-22 17:56:00,30.0,78.59714
1995-08-22 17:57:00,30.0,79.27533
1995-08-22 17:58:00,45.0,78.565994
1995-08-22 17:59:00,36.0,76.12536
1995-08-22 18:00:00,32.0,74.1854
1995-08-22 18:01:00,65.0,72.89598
1995-08-22 18:02:00,32.0,71.385956
1995-08-22 18:03:00,24.0,70.79042
1995-08-22 18:04:00,24.0,69.22011
1995-08-22 18:05:00,68.0,67.72276
1995-08-22 18:06:00,32.0,66.27238
1995-08-22 18:07:00,58.0,65.883804
1995-08-22 18:08:00,57.00000000000001,65.86709
1995-08-22 18:09:00,60.0,65.81237
1995-08-22 18:10:00,34.0,66.60991
1995-08-22 18:11:00,50.99999999999999,68.79935
1995-08-22 18:12:00,20.0,69.74675
1995-08-22 18:13:00,29.0,70.473434
1995-08-22 18:14:00,45.0,69.1562
1995-08-22 18:15:00,60.99999999999999,67.753
1995-08-22 18:16:00,47.0,66.98883
1995-08-22 18:17:00,34.0,68.13539
1995-08-22 18:18:00,37.0,68.55025
1995-08-22 18:19:00,50.0,68.713585
1995-08-22 18:20:00,24.0,68.36891
1995-08-22 18:21:00,49.0,68.04929
1995-08-22 18:22:00,53.0,66.14322
1995-08-22 18:23:00,35.0,65.40076
1995-08-22 18:24:00,50.0,66.02368
1995-08-22 18:25:00,45.0,66.365425
1995-08-22 18:26:00,13.999999999999998,66.941505
1995-08-22 18:27:00,35.0,66.92596
1995-08-22 18:28:00,36.0,65.209854
1995-08-22 18:29:00,29.0,64.300095
1995-08-22 18:30:00,34.0,64.11106
1995-08-22 18:31:00,19.0,63.24308
1995-08-22 18:32:00,12.0,63.3242
1995-08-22 18:33:00,39.0,63.029507
1995-08-22 18:34:00,48.0,62.400547
1995-08-22 18:35:00,69.0,61.79712
1995-08-22 18:36:00,38.0,61.848377
1995-08-22 18:37:00,48.0,64.788994
1995-08-22 18:38:00,57.00000000000001,66.423035
1995-08-22 18:39:00,39.0,67.426994
1995-08-22 18:40:00,31.000000000000004,68.39318
1995-08-22 18:41:00,29.0,68.15201
1995-08-22 18:42:00,58.0,67.5468
1995-08-22 18:43:00,30.0,67.116486
1995-08-22 18:44:00,38.0,67.35505
1995-08-22 18:45:00,37.0,66.62867
1995-08-22 18:46:00,50.99999999999999,65.65747
1995-08-22 18:47:00,43.0,65.31706
1995-08-22 18:48:00,37.0,66.05775
1995-08-22 18:49:00,48.0,67.0941
1995-08-22 18:50:00,31.000000000000004,67.8289
1995-08-22 18:51:00,41.0,68.72606
1995-08-22 18:52:00,58.0,68.4843
1995-08-22 18:53:00,54.0,68.05067
1995-08-22 18:54:00,38.0,68.75621
1995-08-22 18:55:00,34.0,69.36809
1995-08-22 18:56:00,76.0,69.609726
1995-08-22 18:57:00,66.0,69.1449
1995-08-22 18:58:00,50.99999999999999,70.21294
1995-08-22 18:59:00,36.0,71.53739
1995-08-22 19:00:00,50.99999999999999,72.30612
1995-08-22 19:01:00,57.00000000000001,70.79909
1995-08-22 19:02:00,46.0,69.36842
1995-08-22 19:03:00,69.0,68.84572
1995-08-22 19:04:00,37.0,67.83941
1995-08-22 19:05:00,33.0,69.00351
1995-08-22 19:06:00,34.0,68.916245
1995-08-22 19:07:00,35.0,68.30233
1995-08-22 19:08:00,43.0,67.07115
1995-08-22 19:09:00,55.0,66.48803
1995-08-22 19:10:00,68.0,66.2921
1995-08-22 19:11:00,55.0,66.02487
1995-08-22 19:12:00,29.0,66.82374
1995-08-22 19:13:00,31.000000000000004,67.447334
1995-08-22 19:14:00,29.0,66.73933
1995-08-22 19:15:00,18.0,65.504295
1995-08-22 19:16:00,11.0,64.14582
1995-08-22 19:17:00,10.0,62.778225
1995-08-22 19:18:00,29.0,60.28009
1995-08-22 19:19:00,58.0,58.083965
1995-08-22 19:20:00,30.0,56.920776
1995-08-22 19:21:00,43.0,56.93491
1995-08-22 19:22:00,30.0,56.473793
1995-08-22 19:23:00,27.0,56.52785
1995-08-22 19:24:00,23.0,56.060425
1995-08-22 19:25:00,27.0,55.719257
1995-08-22 19:26:00,20.0,55.121513
1995-08-22 19:27:00,18.0,54.42432
1995-08-22 19:28:00,32.0,54.10805
1995-08-22 19:29:00,40.0,53.0283
1995-08-22 19:30:00,40.0,52.817467
1995-08-22 19:31:00,39.0,53.881813
1995-08-22 19:32:00,24.0,55.477676
1995-08-22 19:33:00,32.0,56.680744
1995-08-22 19:34:00,37.0,57.147
1995-08-22 19:35:00,11.0,57.488365
1995-08-22 19:36:00,21.0,57.285282
1995-08-22 19:37:00,29.0,55.9791
1995-08-22 19:38:00,23.0,55.031403
1995-08-22 19:39:00,22.0,54.904343
1995-08-22 19:40:00,34.0,54.612503
1995-08-22 19:41:00,19.0,53.764355
1995-08-22 19:42:00,24.0,53.48531
1995-08-22 19:43:00,23.0,53.159367
1995-08-22 19:44:00,42.0,52.53167
1995-08-22 19:45:00,50.99999999999999,52.164574
1995-08-22 19:46:00,47.0,53.262253
1995-08-22 19:47:00,26.000000000000004,54.759487
1995-08-22 19:48:00,30.0,56.104053
1995-08-22 19:49:00,59.0,56.882843
1995-08-22 19:50:00,50.99999999999999,58.244995
1995-08-22 19:51:00,31.000000000000004,59.62675
1995-08-22 19:52:00,48.0,60.659683
1995-08-22 19:53:00,34.0,60.94387
1995-08-22 19:54:00,20.0,61.476402
1995-08-22 19:55:00,29.0,61.88622
1995-08-22 19:56:00,26.000000000000004,61.374645
1995-08-22 19:57:00,35.0,60.093143
1995-08-22 19:58:00,31.000000000000004,59.45998
1995-08-22 19:59:00,33.0,58.888783
1995-08-22 20:00:00,37.0,58.780773
1995-08-22 20:01:00,65.0,58.297215
1995-08-22 20:02:00,38.0,57.135002
1995-08-22 20:03:00,41.0,57.60743
1995-08-22 20:04:00,39.0,57.932396
1995-08-22 20:05:00,50.0,58.59119
1995-08-22 20:06:00,40.0,58.72161
1995-08-22 20:07:00,48.0,59.644264
1995-08-22 20:08:00,60.99999999999999,60.116367
1995-08-22 20:09:00,48.0,61.03849
1995-08-22 20:10:00,50.99999999999999,61.902103
1995-08-22 20:11:00,58.0,62.932133
1995-08-22 20:12:00,43.0,63.313255
1995-08-22 20:13:00,33.0,63.669357
1995-08-22 20:14:00,38.0,63.447224
1995-08-22 20:15:00,9.0,62.620674
1995-08-22 20:16:00,26.000000000000004,62.059868
1995-08-22 20:17:00,15.0,60.589268
1995-08-22 20:18:00,23.0,59.403587
1995-08-22 20:19:00,24.0,57.23025
1995-08-22 20:20:00,60.99999999999999,55.855762
1995-08-22 20:21:00,45.0,54.758232
1995-08-22 20:22:00,21.0,56.550972
1995-08-22 20:23:00,38.0,57.85037
1995-08-22 20:24:00,31.000000000000004,57.48063
1995-08-22 20:25:00,31.000000000000004,56.964813
1995-08-22 20:26:00,24.0,56.59871
1995-08-22 20:27:00,29.0,56.97134
1995-08-22 20:28:00,29.0,56.875813
1995-08-22 20:29:00,32.0,56.868378
1995-08-22 20:30:00,40.0,57.150486
1995-08-22 20:31:00,36.0,56.577297
1995-08-22 20:32:00,40.0,56.56772
1995-08-22 20:33:00,48.0,56.51294
1995-08-22 20:34:00,78.0,56.279766
1995-08-22 20:35:00,34.0,56.127796
1995-08-22 20:36:00,29.0,57.397823
1995-08-22 20:37:00,30.0,57.2724
1995-08-22 20:38:00,36.0,56.28518
1995-08-22 20:39:00,36.0,55.388657
1995-08-22 20:40:00,42.0,55.622147
1995-08-22 20:41:00,26.000000000000004,56.050694
1995-08-22 20:42:00,42.0,56.850296
1995-08-22 20:43:00,32.0,57.64319
1995-08-22 20:44:00,19.0,58.704315
1995-08-22 20:45:00,19.0,59.110767
1995-08-22 20:46:00,25.0,58.64035
1995-08-22 20:47:00,15.0,57.343864
1995-08-22 20:48:00,16.0,56.76117
1995-08-22 20:49:00,18.0,55.383587
1995-08-22 20:50:00,20.0,54.171192
1995-08-22 20:51:00,24.0,51.681976
1995-08-22 20:52:00,13.999999999999998,50.11496
1995-08-22 20:53:00,25.0,48.95998
1995-08-22 20:54:00,25.0,48.284424
1995-08-22 20:55:00,11.0,48.4469
1995-08-22 20:56:00,22.0,48.19863
1995-08-22 20:57:00,34.0,48.320305
1995-08-22 20:58:00,13.000000000000002,48.845352
1995-08-22 20:59:00,36.0,50.723164
1995-08-22 21:00:00,24.0,51.133255
1995-08-22 21:01:00,32.0,52.20752
1995-08-22 21:02:00,46.0,51.91926
1995-08-22 21:03:00,35.0,51.042507
1995-08-22 21:04:00,47.0,50.945564
1995-08-22 21:05:00,60.99999999999999,51.30356
1995-08-22 21:06:00,26.000000000000004,52.02873
1995-08-22 21:07:00,38.0,53.500435
1995-08-22 21:08:00,35.0,53.756527
1995-08-22 21:09:00,41.0,54.203472
1995-08-22 21:10:00,34.0,54.73949
1995-08-22 21:11:00,27.999999999999996,55.736763
1995-08-22 21:12:00,46.0,56.591625
1995-08-22 21:13:00,20.0,57.001877
1995-08-22 21:14:00,27.0,57.746265
1995-08-22 21:15:00,35.0,57.463684
1995-08-22 21:16:00,27.999999999999996,56.602066
1995-08-22 21:17:00,15.0,55.969097
1995-08-22 21:18:00,42.0,54.996502
1995-08-22 21:19:00,20.0,53.995857
1995-08-22 21:20:00,27.0,53.35628
1995-08-22 21:21:00,26.000000000000004,51.633514
1995-08-22 21:22:00,31.000000000000004,50.402332
1995-08-22 21:23:00,39.0,49.234333
1995-08-22 21:24:00,36.0,48.405685
1995-08-22 21:25:00,26.000000000000004,48.347336
1995-08-22 21:26:00,43.0,49.733707
1995-08-22 21:27:00,30.0,49.91045
1995-08-22 21:28:00,13.999999999999998,51.057755
1995-08-22 21:29:00,33.0,51.875996
1995-08-22 21:30:00,27.0,51.59464
1995-08-22 21:31:00,32.0,51.454464
1995-08-22 21:32:00,19.0,50.825474
1995-08-22 21:33:00,33.0,50.090466
1995-08-22 21:34:00,29.0,48.80549
1995-08-22 21:35:00,25.0,48.93213
1995-08-22 21:36:00,27.999999999999996,48.586487
1995-08-22 21:37:00,48.0,47.91211
1995-08-22 21:38:00,57.00000000000001,47.613544
1995-08-22 21:39:00,48.0,48.52927
1995-08-22 21:40:00,63.0,50.203094
1995-08-22 21:41:00,36.0,51.803562
1995-08-22 21:42:00,32.0,54.073574
1995-08-22 21:43:00,24.0,55.381203
1995-08-22 21:44:00,27.0,55.778732
1995-08-22 21:45:00,31.000000000000004,55.262577
1995-08-22 21:46:00,23.0,54.35318
1995-08-22 21:47:00,27.0,54.44734
1995-08-22 21:48:00,30.0,54.65738
1995-08-22 21:49:00,55.99999999999999,54.687325
1995-08-22 21:50:00,62.00000000000001,54.981537
1995-08-22 21:51:00,32.0,55.764206
1995-08-22 21:52:00,47.0,57.399025
1995-08-22 21:53:00,88.0,57.699905
1995-08-22 21:54:00,29.0,57.781715
1995-08-22 21:55:00,17.0,58.74434
1995-08-22 21:56:00,25.0,58.077293
1995-08-22 21:57:00,34.0,56.25432
1995-08-22 21:58:00,39.0,54.58802
1995-08-22 21:59:00,45.0,54.240284
1995-08-22 22:00:00,27.0,54.40308
1995-08-22 22:01:00,43.0,54.770546
1995-08-22 22:02:00,34.0,54.70241
1995-08-22 22:03:00,33.0,54.825382
1995-08-22 22:04:00,40.0,54.774357
1995-08-22 22:05:00,39.0,54.459717
1995-08-22 22:06:00,13.999999999999998,53.980988
1995-08-22 22:07:00,39.0,53.983196
1995-08-22 22:08:00,25.0,52.800083
1995-08-22 22:09:00,47.0,52.45022
1995-08-22 22:10:00,44.0,52.123955
1995-08-22 22:11:00,38.0,52.60451
1995-08-22 22:12:00,22.0,53.415462
1995-08-22 22:13:00,26.000000000000004,53.910908
1995-08-22 22:14:00,26.000000000000004,53.368866
1995-08-22 22:15:00,38.0,52.989433
1995-08-22 22:16:00,11.0,52.18305
1995-08-22 22:17:00,24.0,51.689438
1995-08-22 22:18:00,38.0,50.53025
1995-08-22 22:19:00,43.0,49.2795
1995-08-22 22:20:00,42.0,49.261757
1995-08-22 22:21:00,54.0,49.806328
1995-08-22 22:22:00,42.0,50.375366
1995-08-22 22:23:00,37.0,51.409744
1995-08-22 22:24:00,36.0,52.068806
1995-08-22 22:25:00,18.0,52.341347
1995-08-22 22:26:00,13.000000000000002,52.390583
1995-08-22 22:27:00,44.0,51.32712
1995-08-22 22:28:00,22.0,49.841118
1995-08-22 22:29:00,12.0,49.253185
1995-08-22 22:30:00,42.0,48.256535
1995-08-22 22:31:00,50.99999999999999,47.63933
1995-08-22 22:32:00,33.0,47.586823
1995-08-22 22:33:00,41.0,48.423912
1995-08-22 22:34:00,27.999999999999996,50.39511
1995-08-22 22:35:00,20.0,52.168846
1995-08-22 22:36:00,18.0,53.27119
1995-08-22 22:37:00,26.000000000000004,53.296764
1995-08-22 22:38:00,23.0,53.353622
1995-08-22 22:39:00,27.0,53.449505
1995-08-22 22:40:00,13.999999999999998,53.169746
1995-08-22 22:41:00,26.000000000000004,52.003822
1995-08-22 22:42:00,22.0,50.55758
1995-08-22 22:43:00,15.0,50.473156
1995-08-22 22:44:00,19.0,50.3989
1995-08-22 22:45:00,26.000000000000004,49.589256
1995-08-22 22:46:00,17.0,48.577686
1995-08-22 22:47:00,25.0,48.500267
1995-08-22 22:48:00,24.0,47.0673
1995-08-22 22:49:00,29.0,45.991867
1995-08-22 22:50:00,20.0,45.449413
1995-08-22 22:51:00,40.0,45.854843
1995-08-22 22:52:00,34.0,46.01337
1995-08-22 22:53:00,32.0,46.803806
1995-08-22 22:54:00,25.0,47.764187
1995-08-22 22:55:00,26.000000000000004,48.55512
1995-08-22 22:56:00,29.0,49.772816
1995-08-22 22:57:00,34.0,49.97496
1995-08-22 22:58:00,55.0,49.459175
1995-08-22 22:59:00,39.0,49.510918
1995-08-22 23:00:00,44.0,50.20677
1995-08-22 23:01:00,21.0,50.82911
1995-08-22 23:02:00,40.0,51.26684
1995-08-22 23:03:00,27.999999999999996,50.861637
1995-08-22 23:04:00,19.0,51.205433
1995-08-22 23:05:00,27.0,50.999084
1995-08-22 23:06:00,27.0,50.13315
1995-08-22 23:07:00,43.0,49.08679
1995-08-22 23:08:00,67.0,48.564583
1995-08-22 23:09:00,25.0,48.19772
1995-08-22 23:10:00,26.000000000000004,49.594986
1995-08-22 23:11:00,42.0,50.18877
1995-08-22 23:12:00,39.0,50.65139
1995-08-22 23:13:00,23.0,51.727467
1995-08-22 23:14:00,10.0,52.62607
1995-08-22 23:15:00,42.0,52.77297
1995-08-22 23:16:00,25.0,50.844955
1995-08-22 23:17:00,35.0,49.926907
1995-08-22 23:18:00,34.0,49.19442
1995-08-22 23:19:00,31.000000000000004,49.064133
1995-08-22 23:20:00,19.0,49.439747
1995-08-22 23:21:00,22.0,49.66997
1995-08-22 23:22:00,40.0,48.99006
1995-08-22 23:23:00,22.0,48.654724
1995-08-22 23:24:00,17.0,49.300667
1995-08-22 23:25:00,25.0,48.860474
1995-08-22 23:26:00,22.0,47.800117
1995-08-22 23:27:00,24.0,47.114567
1995-08-22 23:28:00,25.0,46.10844
1995-08-22 23:29:00,10.0,45.94387
1995-08-22 23:30:00,13.000000000000002,45.576733
1995-08-22 23:31:00,18.0,44.506115
1995-08-22 23:32:00,24.0,42.254063
1995-08-22 23:33:00,25.0,40.395386
1995-08-22 23:34:00,27.0,39.810944
1995-08-22 23:35:00,31.000000000000004,39.68443
1995-08-22 23:36:00,34.0,39.99911
1995-08-22 23:37:00,26.000000000000004,40.51145
1995-08-22 23:38:00,9.0,41.19982
1995-08-22 23:39:00,23.0,42.62383
1995-08-22 23:40:00,25.0,42.321217
1995-08-22 23:41:00,23.0,42.891163
1995-08-22 23:42:00,27.0,43.49202
1995-08-22 23:43:00,21.0,44.187485
1995-08-22 23:44:00,29.0,44.015713
1995-08-22 23:45:00,22.0,42.874226
1995-08-22 23:46:00,24.0,42.918194
1995-08-22 23:47:00,22.0,43.02696
1995-08-22 23:48:00,31.000000000000004,43.200195
1995-08-22 23:49:00,13.999999999999998,42.883247
1995-08-22 23:50:00,34.0,42.966255
1995-08-22 23:51:00,31.000000000000004,42.506683
1995-08-22 23:52:00,19.0,42.95745
1995-08-22 23:53:00,39.0,43.450027
1995-08-22 23:54:00,13.000000000000002,43.59255
1995-08-22 23:55:00,21.0,44.15105
1995-08-22 23:56:00,29.0,43.110546
1995-08-22 23:57:00,29.0,42.57022
1995-08-22 23:58:00,46.0,42.671764
