timestamp,y_req_t1,predicted
1995-08-16 00:00:00,9.0,20.528650126953853
1995-08-16 00:01:00,25.0,19.519463297326478
1995-08-16 00:02:00,25.0,23.502291125857397
1995-08-16 00:03:00,28.0,24.38835937247677
1995-08-16 00:04:00,26.0,24.44159290042449
1995-08-16 00:05:00,9.0,23.251209766829053
1995-08-16 00:06:00,18.0,19.404878503520376
1995-08-16 00:07:00,28.0,20.195214832577527
1995-08-16 00:08:00,21.0,22.94710983399187
1995-08-16 00:09:00,15.0,21.324526403703743
1995-08-16 00:10:00,11.0,19.250655802509545
1995-08-16 00:11:00,20.0,17.29275448670953
1995-08-16 00:12:00,26.0,19.075724064017663
1995-08-16 00:13:00,27.0,21.841614956052418
1995-08-16 00:14:00,12.0,22.006644452872298
1995-08-16 00:15:00,21.0,16.549073832396907
1995-08-16 00:16:00,12.0,21.76558809754239
1995-08-16 00:17:00,14.0,18.433937482352807
1995-08-16 00:18:00,18.0,18.78866747173392
1995-08-16 00:19:00,36.0,19.966991481662852
1995-08-16 00:20:00,10.0,23.019922375878867
1995-08-16 00:21:00,6.0,17.81586738540466
1995-08-16 00:22:00,23.0,14.147866636484274
1995-08-16 00:23:00,32.0,19.073238803883225
1995-08-16 00:24:00,46.0,22.858245554188674
1995-08-16 00:25:00,36.0,27.89879720081665
1995-08-16 00:26:00,21.0,28.284870666168644
1995-08-16 00:27:00,34.0,22.818843952149233
1995-08-16 00:28:00,32.0,27.5894212432598
1995-08-16 00:29:00,23.0,27.87129335593236
1995-08-16 00:30:00,17.0,25.686990278055916
1995-08-16 00:31:00,51.0,19.70427221105953
1995-08-16 00:32:00,30.0,31.15085335782299
1995-08-16 00:33:00,33.0,26.392311011321475
1995-08-16 00:34:00,13.0,28.49397924050487
1995-08-16 00:35:00,20.0,20.410280987350667
1995-08-16 00:36:00,46.0,23.155656296223
1995-08-16 00:37:00,37.0,31.65312842949869
1995-08-16 00:38:00,47.0,31.260926478897133
1995-08-16 00:39:00,42.0,33.176889855783145
1995-08-16 00:40:00,17.0,33.562748013255245
1995-08-16 00:41:00,29.0,26.295695325832256
1995-08-16 00:42:00,55.0,28.304336050416808
1995-08-16 00:43:00,20.0,34.04248218426715
1995-08-16 00:44:00,15.0,26.489663746055065
1995-08-16 00:45:00,10.0,23.41061745960599
1995-08-16 00:46:00,7.0,20.716040351806473
1995-08-16 00:47:00,17.0,18.491820371028318
1995-08-16 00:48:00,10.0,20.78185433447983
1995-08-16 00:49:00,34.0,18.03846803610413
1995-08-16 00:50:00,43.0,26.4955790646248
1995-08-16 00:51:00,30.0,30.10242789520225
1995-08-16 00:52:00,20.0,29.31066941774016
1995-08-16 00:53:00,16.0,24.737719568346673
1995-08-16 00:54:00,22.0,25.476630461531183
1995-08-16 00:55:00,14.0,24.506175597128593
1995-08-16 00:56:00,9.0,20.58482657511244
1995-08-16 00:57:00,20.0,18.19166938058035
1995-08-16 00:58:00,33.0,22.93904351122888
1995-08-16 00:59:00,38.0,24.57309261507545
1995-08-16 01:00:00,28.0,28.142191813605788
1995-08-16 01:01:00,39.0,26.56937810189646
1995-08-16 01:02:00,25.0,29.709492095977037
1995-08-16 01:03:00,29.0,27.759933519364555
1995-08-16 01:04:00,22.0,29.37661551870125
1995-08-16 01:05:00,16.0,26.773547327851645
1995-08-16 01:06:00,26.0,21.334313090053076
1995-08-16 01:07:00,38.0,26.202551014124598
1995-08-16 01:08:00,27.0,29.693505924760043
1995-08-16 01:09:00,19.0,25.502354089693107
1995-08-16 01:10:00,28.0,22.631989898068436
1995-08-16 01:11:00,27.0,26.525812758458624
1995-08-16 01:12:00,39.0,26.876068370072755
1995-08-16 01:13:00,12.0,29.364244819583345
1995-08-16 01:14:00,20.0,20.627414260250333
1995-08-16 01:15:00,20.0,22.237722567930014
1995-08-16 01:16:00,14.0,23.234968505087256
1995-08-16 01:17:00,27.0,22.098078333769752
1995-08-16 01:18:00,11.0,25.19213375240772
1995-08-16 01:19:00,42.0,18.36171503917963
1995-08-16 01:20:00,29.0,28.333753754160334
1995-08-16 01:21:00,30.0,27.035825419130305
1995-08-16 01:22:00,14.0,27.560563309719488
1995-08-16 01:23:00,5.0,21.467626185498766
1995-08-16 01:24:00,24.0,17.57326873448168
1995-08-16 01:25:00,16.0,23.899575280023605
1995-08-16 01:26:00,7.0,20.52334433631373
1995-08-16 01:27:00,5.0,17.075310056590112
1995-08-16 01:28:00,9.0,14.43626787186689
1995-08-16 01:29:00,15.0,15.397643825719127
1995-08-16 01:30:00,27.0,17.603718160072162
1995-08-16 01:31:00,15.0,21.10281026549877
1995-08-16 01:32:00,22.0,16.91635287637701
1995-08-16 01:33:00,13.0,19.398612918879106
1995-08-16 01:34:00,21.0,17.811753754215605
1995-08-16 01:35:00,32.0,20.524655956426383
1995-08-16 01:36:00,20.0,22.8306481649209
1995-08-16 01:37:00,38.0,21.703246744502145
1995-08-16 01:38:00,31.0,25.82171836294002
1995-08-16 01:39:00,39.0,25.168512272050357
1995-08-16 01:40:00,20.0,26.787972792910193
1995-08-16 01:41:00,23.0,24.20594682541046
1995-08-16 01:42:00,35.0,21.821815789707614
1995-08-16 01:43:00,15.0,27.926246578973196
1995-08-16 01:44:00,22.0,19.844279779563344
1995-08-16 01:45:00,16.0,22.35649842762418
1995-08-16 01:46:00,8.0,19.856696996280633
1995-08-16 01:47:00,11.0,18.40305849165554
1995-08-16 01:48:00,19.0,17.434509422153283
1995-08-16 01:49:00,16.0,18.87034788078384
1995-08-16 01:50:00,17.0,19.67461853069684
1995-08-16 01:51:00,30.0,19.02032242652663
1995-08-16 01:52:00,18.0,22.13241424753648
1995-08-16 01:53:00,23.0,21.434855219610053
1995-08-16 01:54:00,37.0,20.631323035714598
1995-08-16 01:55:00,27.0,24.835368223342037
1995-08-16 01:56:00,30.0,23.861647932678885
1995-08-16 01:57:00,26.0,23.916996915646312
1995-08-16 01:58:00,28.0,23.92917647160801
1995-08-16 01:59:00,35.0,24.292553260938394
1995-08-16 02:00:00,24.0,27.53619860943917
1995-08-16 02:01:00,26.0,24.374165799522693
1995-08-16 02:02:00,14.0,24.36175776460436
1995-08-16 02:03:00,6.0,20.745072414748474
1995-08-16 02:04:00,16.0,17.64151159085537
1995-08-16 02:05:00,29.0,20.297792869712417
1995-08-16 02:06:00,13.0,23.607058593319703
1995-08-16 02:07:00,34.0,19.204311006651356
1995-08-16 02:08:00,17.0,26.585467311719185
1995-08-16 02:09:00,12.0,21.080811371180793
1995-08-16 02:10:00,9.0,19.09008320973803
1995-08-16 02:11:00,4.0,16.343012568135084
1995-08-16 02:12:00,36.0,14.216069370215866
1995-08-16 02:13:00,18.0,23.469712453786627
1995-08-16 02:14:00,9.0,18.904767539119778
1995-08-16 02:15:00,7.0,15.085724418865075
1995-08-16 02:16:00,18.0,13.085790795044119
1995-08-16 02:17:00,28.0,18.425921653116202
1995-08-16 02:18:00,15.0,21.670959780564992
1995-08-16 02:19:00,20.0,16.606036460687026
1995-08-16 02:20:00,34.0,17.92456291450258
1995-08-16 02:21:00,14.0,21.73547167070788
1995-08-16 02:22:00,18.0,20.171094064915845
1995-08-16 02:23:00,27.0,19.700432768478308
1995-08-16 02:24:00,14.0,22.279276084598486
1995-08-16 02:25:00,9.0,18.618019126087678
1995-08-16 02:26:00,12.0,16.719758369748504
1995-08-16 02:27:00,7.0,16.71831277097065
1995-08-16 02:28:00,8.0,14.097848166652783
1995-08-16 02:29:00,3.0,14.514630094552174
1995-08-16 02:30:00,3.0,11.977875549353888
1995-08-16 02:31:00,22.0,11.25036530818857
1995-08-16 02:32:00,34.0,16.434748815669213
1995-08-16 02:33:00,33.0,21.83395124781817
1995-08-16 02:34:00,26.0,22.439789171385808
1995-08-16 02:35:00,16.0,21.43567488186247
1995-08-16 02:36:00,16.0,18.367995596619558
1995-08-16 02:37:00,25.0,16.648449698177405
1995-08-16 02:38:00,11.0,19.601698876842182
1995-08-16 02:39:00,23.0,16.983581441456455
1995-08-16 02:40:00,29.0,18.342880823725658
1995-08-16 02:41:00,24.0,20.85534518266029
1995-08-16 02:42:00,18.0,20.845526772562785
1995-08-16 02:43:00,18.0,18.25232092736154
1995-08-16 02:44:00,32.0,18.390163101035736
1995-08-16 02:45:00,39.0,21.78666524044126
1995-08-16 02:46:00,24.0,27.20661789726513
1995-08-16 02:47:00,9.0,22.395124234636178
1995-08-16 02:48:00,6.0,18.268745195366627
1995-08-16 02:49:00,10.0,15.972965357196296
1995-08-16 02:50:00,22.0,16.870727603451144
1995-08-16 02:51:00,15.0,19.51630589667004
1995-08-16 02:52:00,24.0,17.475680985156245
1995-08-16 02:53:00,25.0,21.227889655010816
1995-08-16 02:54:00,9.0,20.581896837751035
1995-08-16 02:55:00,9.0,17.47678712513387
1995-08-16 02:56:00,23.0,15.86168468833159
1995-08-16 02:57:00,14.0,20.819085092347343
1995-08-16 02:58:00,3.0,18.04057310212171
1995-08-16 02:59:00,18.0,13.476620781171233
1995-08-16 03:00:00,20.0,16.77943549406468
1995-08-16 03:01:00,15.0,18.00862382739942
1995-08-16 03:02:00,9.0,17.341217847763755
1995-08-16 03:03:00,10.0,14.468798009032692
1995-08-16 03:04:00,11.0,13.965153026450839
1995-08-16 03:05:00,11.0,14.83894249565332
1995-08-16 03:06:00,18.0,14.785459002301694
1995-08-16 03:07:00,9.0,16.472747964906688
1995-08-16 03:08:00,14.0,14.734708400916588
1995-08-16 03:09:00,9.0,15.398709496483134
1995-08-16 03:10:00,16.0,13.204712894326534
1995-08-16 03:11:00,22.0,15.9046678927841
1995-08-16 03:12:00,22.0,16.97505611831114
1995-08-16 03:13:00,22.0,17.021864331157374
1995-08-16 03:14:00,18.0,18.90679585570745
1995-08-16 03:15:00,23.0,17.84268219837885
1995-08-16 03:16:00,9.0,19.263274032806603
1995-08-16 03:17:00,7.0,15.253583056018162
1995-08-16 03:18:00,8.0,12.900635171765078
1995-08-16 03:19:00,13.0,13.238248664977835
1995-08-16 03:20:00,43.0,13.334665998021054
1995-08-16 03:21:00,30.0,21.40033972361409
1995-08-16 03:22:00,13.0,21.22843783828947
1995-08-16 03:23:00,15.0,17.919797001041665
1995-08-16 03:24:00,15.0,17.887272101840573
1995-08-16 03:25:00,20.0,17.583625477342082
1995-08-16 03:26:00,20.0,18.188587296011868
1995-08-16 03:27:00,5.0,19.519330274818547
1995-08-16 03:28:00,14.0,13.290960984226023
1995-08-16 03:29:00,7.0,14.97721542039134
1995-08-16 03:30:00,12.0,12.957063361820234
1995-08-16 03:31:00,31.0,14.482622828132994
1995-08-16 03:32:00,15.0,21.007817017071588
1995-08-16 03:33:00,22.0,17.413858448421447
1995-08-16 03:34:00,25.0,17.370032308712226
1995-08-16 03:35:00,25.0,20.763102299475037
1995-08-16 03:36:00,20.0,20.346443689999624
1995-08-16 03:37:00,16.0,18.75001713473469
1995-08-16 03:38:00,29.0,17.45575145866781
1995-08-16 03:39:00,13.0,20.226456125796805
1995-08-16 03:40:00,18.0,18.989006665130702
1995-08-16 03:41:00,20.0,18.695966768568855
1995-08-16 03:42:00,15.0,20.451204391616667
1995-08-16 03:43:00,22.0,19.44321057650964
1995-08-16 03:44:00,34.0,19.14211354174317
1995-08-16 03:45:00,16.0,22.816061095743887
1995-08-16 03:46:00,10.0,20.69774702819616
1995-08-16 03:47:00,21.0,18.525961907348055
1995-08-16 03:48:00,14.0,19.442360529154165
1995-08-16 03:49:00,18.0,19.233364353998653
1995-08-16 03:50:00,24.0,19.991675869069102
1995-08-16 03:51:00,23.0,20.045734229408843
1995-08-16 03:52:00,16.0,20.599727834277022
1995-08-16 03:53:00,9.0,18.168135924929263
1995-08-16 03:54:00,44.0,16.52115828285826
1995-08-16 03:55:00,26.0,25.574558823471662
1995-08-16 03:56:00,10.0,23.09916250093548
1995-08-16 03:57:00,16.0,19.048531645388017
1995-08-16 03:58:00,24.0,19.641154671772096
1995-08-16 03:59:00,23.0,20.145200620687486
1995-08-16 04:00:00,12.0,21.837332072629824
1995-08-16 04:01:00,23.0,16.202133020644965
1995-08-16 04:02:00,18.0,20.155668600321807
1995-08-16 04:03:00,21.0,18.134520548856454
1995-08-16 04:04:00,42.0,20.36434592295073
1995-08-16 04:05:00,22.0,25.475765927761802
1995-08-16 04:06:00,29.0,23.355689761333558
1995-08-16 04:07:00,12.0,22.743900926257446
1995-08-16 04:08:00,7.0,18.133065430251307
1995-08-16 04:09:00,5.0,16.03634452588883
1995-08-16 04:10:00,1.0,14.951584180651833
1995-08-16 04:11:00,16.0,10.344569106154145
1995-08-16 04:12:00,20.0,15.399875527856114
1995-08-16 04:13:00,8.0,17.6595166653008
1995-08-16 04:14:00,15.0,14.145931928124194
1995-08-16 04:15:00,17.0,15.347283073152761
1995-08-16 04:16:00,28.0,16.841436741549202
1995-08-16 04:17:00,42.0,20.25264814688488
1995-08-16 04:18:00,23.0,23.634841452623387
1995-08-16 04:19:00,17.0,22.341813263880592
1995-08-16 04:20:00,24.0,20.920478170859575
1995-08-16 04:21:00,11.0,19.619373183178364
1995-08-16 04:22:00,26.0,16.486125993799643
1995-08-16 04:23:00,18.0,20.064323373487046
1995-08-16 04:24:00,15.0,17.30778992340308
1995-08-16 04:25:00,7.0,16.73863027611741
1995-08-16 04:26:00,6.0,14.313693043767676
1995-08-16 04:27:00,16.0,13.099929003134624
1995-08-16 04:28:00,7.0,16.42706515749173
1995-08-16 04:29:00,13.0,14.013854205960204
1995-08-16 04:30:00,13.0,16.981715521089672
1995-08-16 04:31:00,14.0,16.59520390745701
1995-08-16 04:32:00,6.0,16.158247531165582
1995-08-16 04:33:00,1.0,12.722682911661986
1995-08-16 04:34:00,6.0,8.859390317221415
1995-08-16 04:35:00,15.0,10.937807047328073
1995-08-16 04:36:00,30.0,13.958528444127282
1995-08-16 04:37:00,5.0,19.840527871644344
1995-08-16 04:38:00,8.0,11.986728175560476
1995-08-16 04:39:00,5.0,12.38554607018031
1995-08-16 04:40:00,7.0,9.963027737352544
1995-08-16 04:41:00,16.0,10.319476899178628
1995-08-16 04:42:00,18.0,13.779255986365195
1995-08-16 04:43:00,15.0,16.305147991577073
1995-08-16 04:44:00,11.0,14.769122223444521
1995-08-16 04:45:00,29.0,14.339397075234452
1995-08-16 04:46:00,3.0,19.886361330875715
1995-08-16 04:47:00,1.0,10.355161528705223
1995-08-16 04:48:00,7.0,8.943302403727078
1995-08-16 04:49:00,14.0,10.455197861482846
1995-08-16 04:50:00,4.0,16.127016031510866
1995-08-16 04:51:00,2.0,11.714351757485119
1995-08-16 04:52:00,7.0,8.87295360983783
1995-08-16 04:53:00,28.0,10.031060165002343
1995-08-16 04:54:00,7.0,19.144366185922184
1995-08-16 04:55:00,1.0,11.19550905781422
1995-08-16 04:56:00,6.0,7.608844221523364
1995-08-16 04:57:00,6.0,9.039934794239256
1995-08-16 04:58:00,1.0,10.003007585661361
1995-08-16 04:59:00,7.0,7.554212765043625
1995-08-16 05:00:00,3.0,9.166457743953584
1995-08-16 05:01:00,30.0,7.386085250448388
1995-08-16 05:02:00,7.0,16.734577547567532
1995-08-16 05:03:00,6.0,9.72941398162631
1995-08-16 05:04:00,2.0,9.799020317604779
1995-08-16 05:05:00,7.0,7.589872218438516
1995-08-16 05:06:00,4.0,9.272706922195836
1995-08-16 05:07:00,5.0,8.685624823287037
1995-08-16 05:08:00,7.0,8.37613808709213
1995-08-16 05:09:00,16.0,8.866689464326644
1995-08-16 05:10:00,14.0,11.294058117892282
1995-08-16 05:11:00,27.0,11.604321166487772
1995-08-16 05:12:00,21.0,17.723807491726188
1995-08-16 05:13:00,6.0,13.635140699087321
1995-08-16 05:14:00,20.0,9.24197046881959
1995-08-16 05:15:00,5.0,16.058626450739407
1995-08-16 05:16:00,18.0,11.206432186354958
1995-08-16 05:17:00,9.0,14.060140181405028
1995-08-16 05:18:00,20.0,12.283595854754362
1995-08-16 05:19:00,32.0,15.298640086026529
1995-08-16 05:20:00,18.0,19.03405981224589
1995-08-16 05:21:00,14.0,15.893178885351295
1995-08-16 05:22:00,14.0,15.587055863536422
1995-08-16 05:23:00,11.0,15.58930607679632
1995-08-16 05:24:00,24.0,14.641543311561577
1995-08-16 05:25:00,18.0,19.055322530425467
1995-08-16 05:26:00,22.0,14.879495152046541
1995-08-16 05:27:00,14.0,17.143145021865607
1995-08-16 05:28:00,18.0,17.21967304573248
1995-08-16 05:29:00,13.0,16.9216899252711
1995-08-16 05:30:00,20.0,16.33050893767973
1995-08-16 05:31:00,24.0,17.07827617758703
1995-08-16 05:32:00,6.0,18.753047253991184
1995-08-16 05:33:00,14.0,13.67503490676696
1995-08-16 05:34:00,19.0,15.467179844506997
1995-08-16 05:35:00,17.0,15.777811941237504
1995-08-16 05:36:00,23.0,16.65252770429647
1995-08-16 05:37:00,30.0,19.45168351303471
1995-08-16 05:38:00,18.0,21.482552997463284
1995-08-16 05:39:00,17.0,18.884824142140285
1995-08-16 05:40:00,8.0,18.122824772443987
1995-08-16 05:41:00,20.0,15.006847297324773
1995-08-16 05:42:00,8.0,18.511262857619155
1995-08-16 05:43:00,10.0,14.978457476639104
1995-08-16 05:44:00,9.0,13.655614671015094
1995-08-16 05:45:00,6.0,13.595880159277662
1995-08-16 05:46:00,4.0,12.173562659115506
1995-08-16 05:47:00,12.0,11.696046090608517
1995-08-16 05:48:00,1.0,13.187761039046283
1995-08-16 05:49:00,17.0,8.871962968205473
1995-08-16 05:50:00,14.0,15.376646186894318
1995-08-16 05:51:00,19.0,14.825699631140688
1995-08-16 05:52:00,18.0,15.746891126009428
1995-08-16 05:53:00,4.0,14.299139411273595
1995-08-16 05:54:00,11.0,10.7930603616533
1995-08-16 05:55:00,13.0,12.795685259529243
1995-08-16 05:56:00,16.0,13.642113878899444
1995-08-16 05:57:00,7.0,14.713464541701487
1995-08-16 05:58:00,18.0,11.482512790448597
1995-08-16 05:59:00,12.0,15.244759928867843
1995-08-16 06:00:00,5.0,13.76118041474156
1995-08-16 06:01:00,12.0,10.933499270202663
1995-08-16 06:02:00,8.0,13.14112080078811
1995-08-16 06:03:00,32.0,12.105897185969601
1995-08-16 06:04:00,17.0,21.034920626064608
1995-08-16 06:05:00,16.0,16.063209462897447
1995-08-16 06:06:00,15.0,15.280408024553875
1995-08-16 06:07:00,17.0,16.023901603992556
1995-08-16 06:08:00,17.0,16.127282091764606
1995-08-16 06:09:00,20.0,16.860766575341554
1995-08-16 06:10:00,22.0,17.30133656690819
1995-08-16 06:11:00,11.0,18.806138349094716
1995-08-16 06:12:00,3.0,15.499775069340997
1995-08-16 06:13:00,2.0,12.801517064629163
1995-08-16 06:14:00,24.0,9.847346599795824
1995-08-16 06:15:00,8.0,18.606748842064974
1995-08-16 06:16:00,23.0,12.8041590762126
1995-08-16 06:17:00,18.0,17.555618114967523
1995-08-16 06:18:00,16.0,17.24777019550246
1995-08-16 06:19:00,9.0,15.436775177766947
1995-08-16 06:20:00,21.0,13.782044231128666
1995-08-16 06:21:00,34.0,16.444918830301297
1995-08-16 06:22:00,12.0,22.79509694754495
1995-08-16 06:23:00,28.0,16.59303128635017
1995-08-16 06:24:00,21.0,20.628268616223107
1995-08-16 06:25:00,14.0,19.01425285242838
1995-08-16 06:26:00,16.0,17.942246599530755
1995-08-16 06:27:00,12.0,18.455406522461786
1995-08-16 06:28:00,10.0,15.767277332185804
1995-08-16 06:29:00,30.0,14.739578949945265
1995-08-16 06:30:00,17.0,20.38387202182316
1995-08-16 06:31:00,29.0,18.169156832761598
1995-08-16 06:32:00,25.0,22.01493807169043
1995-08-16 06:33:00,28.0,20.883194831135665
1995-08-16 06:34:00,16.0,21.372453852756347
1995-08-16 06:35:00,20.0,19.691047792320663
1995-08-16 06:36:00,15.0,20.515070087601764
1995-08-16 06:37:00,3.0,19.50666463573564
1995-08-16 06:38:00,16.0,13.448338164754743
1995-08-16 06:39:00,19.0,16.5461085191519
1995-08-16 06:40:00,12.0,16.14976962347676
1995-08-16 06:41:00,8.0,14.098152233497844
1995-08-16 06:42:00,15.0,12.913912025252067
1995-08-16 06:43:00,14.0,15.756656528922827
1995-08-16 06:44:00,18.0,14.998789600635027
1995-08-16 06:45:00,38.0,17.162924041172047
1995-08-16 06:46:00,38.0,23.871131563507586
1995-08-16 06:47:00,10.0,25.67986854665716
1995-08-16 06:48:00,11.0,18.222344951273897
1995-08-16 06:49:00,21.0,17.31673930745531
1995-08-16 06:50:00,33.0,18.367802298479205
1995-08-16 06:51:00,25.0,22.428086175836395
1995-08-16 06:52:00,22.0,21.2966366781605
1995-08-16 06:53:00,25.0,21.64182469876864
1995-08-16 06:54:00,11.0,20.826592337947833
1995-08-16 06:55:00,24.0,17.649678130813747
1995-08-16 06:56:00,18.0,19.302932436959644
1995-08-16 06:57:00,26.0,20.56959777523389
1995-08-16 06:58:00,17.0,21.72993950898768
1995-08-16 06:59:00,25.0,19.663340500810737
1995-08-16 07:00:00,32.0,22.09307117573095
1995-08-16 07:01:00,36.0,26.803324293255383
1995-08-16 07:02:00,27.0,29.599362377245917
1995-08-16 07:03:00,14.0,24.261483393544324
1995-08-16 07:04:00,17.0,21.907015643100802
1995-08-16 07:05:00,13.0,22.439161914285638
1995-08-16 07:06:00,5.0,22.14170408405354
1995-08-16 07:07:00,35.0,15.588104791982758
1995-08-16 07:08:00,5.0,24.88315766235453
1995-08-16 07:09:00,10.0,17.019800040004593
1995-08-16 07:10:00,1.0,17.203823256026983
1995-08-16 07:11:00,9.0,12.155048808753373
1995-08-16 07:12:00,16.0,16.284650204138853
1995-08-16 07:13:00,45.0,18.031709691161147
1995-08-16 07:14:00,29.0,27.598944502370095
1995-08-16 07:15:00,38.0,26.551865837055523
1995-08-16 07:16:00,22.0,28.459868028799605
1995-08-16 07:17:00,10.0,24.479778453497982
1995-08-16 07:18:00,8.0,20.11066305990274
1995-08-16 07:19:00,27.0,17.71472532411783
1995-08-16 07:20:00,14.0,22.94444567947037
1995-08-16 07:21:00,11.0,20.48512776046663
1995-08-16 07:22:00,11.0,19.46229228696963
1995-08-16 07:23:00,32.0,17.101061201169372
1995-08-16 07:24:00,44.0,23.242746972067685
1995-08-16 07:25:00,23.0,26.31495915929124
1995-08-16 07:26:00,30.0,25.553570472427676
1995-08-16 07:27:00,22.0,25.87785719316094
1995-08-16 07:28:00,33.0,23.569858206580523
1995-08-16 07:29:00,22.0,28.789316299992482
1995-08-16 07:30:00,22.0,23.78922843486687
1995-08-16 07:31:00,52.0,25.846379632274544
1995-08-16 07:32:00,42.0,31.996496941887244
1995-08-16 07:33:00,34.0,33.31453288470944
1995-08-16 07:34:00,24.0,33.21033008693657
1995-08-16 07:35:00,45.0,28.958942239553643
1995-08-16 07:36:00,81.0,35.11924821458103
1995-08-16 07:37:00,18.0,41.681402614495404
1995-08-16 07:38:00,38.0,31.8457857028447
1995-08-16 07:39:00,27.0,37.590567716644124
1995-08-16 07:40:00,69.0,31.469571606980978
1995-08-16 07:41:00,23.0,40.342029495226896
1995-08-16 07:42:00,32.0,34.83671854830708
1995-08-16 07:43:00,28.0,35.560616927016575
1995-08-16 07:44:00,43.0,33.352927803134236
1995-08-16 07:45:00,50.0,36.46825148045166
1995-08-16 07:46:00,29.0,40.169397851272684
1995-08-16 07:47:00,19.0,33.93369564208673
1995-08-16 07:48:00,21.0,30.954876003341255
1995-08-16 07:49:00,31.0,32.57849530330416
1995-08-16 07:50:00,39.0,33.21655303493455
1995-08-16 07:51:00,46.0,36.17647762677736
1995-08-16 07:52:00,39.0,38.488825160646876
1995-08-16 07:53:00,24.0,38.408684661579485
1995-08-16 07:54:00,44.0,32.31596922307268
1995-08-16 07:55:00,24.0,38.112615782942356
1995-08-16 07:56:00,18.0,33.26017923288912
1995-08-16 07:57:00,26.0,28.90401599191522
1995-08-16 07:58:00,27.0,30.960446426890964
1995-08-16 07:59:00,36.0,30.124055144295994
1995-08-16 08:00:00,31.0,32.811600395627835
1995-08-16 08:01:00,40.0,32.30616273935671
1995-08-16 08:02:00,30.0,34.9713076940305
1995-08-16 08:03:00,31.0,34.71145085573058
1995-08-16 08:04:00,49.0,34.956100846469774
1995-08-16 08:05:00,59.0,41.295903370039284
1995-08-16 08:06:00,50.0,47.04723755663377
1995-08-16 08:07:00,40.0,43.856722357578654
1995-08-16 08:08:00,37.0,39.854316913295555
1995-08-16 08:09:00,33.0,38.97819198318291
1995-08-16 08:10:00,40.0,37.95732084101644
1995-08-16 08:11:00,41.0,38.33717513167879
1995-08-16 08:12:00,61.0,39.650704746557935
1995-08-16 08:13:00,73.0,47.051086932044335
1995-08-16 08:14:00,30.0,51.78143134722723
1995-08-16 08:15:00,21.0,39.43313838804191
1995-08-16 08:16:00,41.0,35.14246966666894
1995-08-16 08:17:00,37.0,40.80312332209645
1995-08-16 08:18:00,38.0,40.33753001963865
1995-08-16 08:19:00,44.0,39.70710924174865
1995-08-16 08:20:00,31.0,42.66132462209831
1995-08-16 08:21:00,50.0,39.1433187181903
1995-08-16 08:22:00,46.0,45.03455496836049
1995-08-16 08:23:00,19.0,44.37340861923411
1995-08-16 08:24:00,53.0,37.713263835026815
1995-08-16 08:25:00,38.0,44.41996564858552
1995-08-16 08:26:00,38.0,41.62817043704647
1995-08-16 08:27:00,41.0,42.18236570969437
1995-08-16 08:28:00,51.0,43.14136934834645
1995-08-16 08:29:00,12.0,44.08906962346516
1995-08-16 08:30:00,26.0,32.08737090577148
1995-08-16 08:31:00,39.0,33.414387626665174
1995-08-16 08:32:00,44.0,37.56360496207413
1995-08-16 08:33:00,26.0,41.94686784938474
1995-08-16 08:34:00,36.0,34.749205841387024
1995-08-16 08:35:00,22.0,36.662041929197166
1995-08-16 08:36:00,23.0,33.44852515272322
1995-08-16 08:37:00,35.0,32.266894694185275
1995-08-16 08:38:00,29.0,34.55480294517989
1995-08-16 08:39:00,29.0,32.41735576834045
1995-08-16 08:40:00,41.0,33.81889050383877
1995-08-16 08:41:00,55.0,35.828678906366136
1995-08-16 08:42:00,30.0,42.48233225918467
1995-08-16 08:43:00,31.0,36.617647073210804
1995-08-16 08:44:00,42.0,36.45733214163851
1995-08-16 08:45:00,24.0,39.06256033197623
1995-08-16 08:46:00,26.0,31.766747066866333
1995-08-16 08:47:00,36.0,32.10466168747209
1995-08-16 08:48:00,19.0,35.41377958220957
1995-08-16 08:49:00,48.0,31.383580524128206
1995-08-16 08:50:00,64.0,37.95050476612904
1995-08-16 08:51:00,38.0,48.69566647612089
1995-08-16 08:52:00,56.0,40.00982785728834
1995-08-16 08:53:00,80.0,45.72380315844734
1995-08-16 08:54:00,18.0,53.24023960482926
1995-08-16 08:55:00,50.0,39.341364674930716
1995-08-16 08:56:00,68.0,47.02037460109562
1995-08-16 08:57:00,35.0,47.2845047805702
1995-08-16 08:58:00,27.0,44.66089145915443
1995-08-16 08:59:00,42.0,37.363341514114076
1995-08-16 09:00:00,42.0,39.39886491166397
1995-08-16 09:01:00,58.0,43.766583262918296
1995-08-16 09:02:00,39.0,49.72608602080333
1995-08-16 09:03:00,55.0,41.93232861545767
1995-08-16 09:04:00,36.0,46.69984819184761
1995-08-16 09:05:00,20.0,44.165604550929295
1995-08-16 09:06:00,23.0,34.15633853863702
1995-08-16 09:07:00,86.0,35.805919203549195
1995-08-16 09:08:00,36.0,51.87500133374616
1995-08-16 09:09:00,55.0,43.38371628576885
1995-08-16 09:10:00,69.0,47.040299458718906
1995-08-16 09:11:00,45.0,54.534870110020464
1995-08-16 09:12:00,53.0,47.87689953990262
1995-08-16 09:13:00,45.0,50.70007260912384
1995-08-16 09:14:00,20.0,46.212535727208355
1995-08-16 09:15:00,39.0,38.96021585673411
1995-08-16 09:16:00,35.0,41.04076067893327
1995-08-16 09:17:00,33.0,41.971396278318885
1995-08-16 09:18:00,39.0,40.199838003832824
1995-08-16 09:19:00,25.0,39.90266199917244
1995-08-16 09:20:00,37.0,37.676028113892144
1995-08-16 09:21:00,61.0,39.66952835256258
1995-08-16 09:22:00,57.0,48.800291481472435
1995-08-16 09:23:00,42.0,49.251887676557125
1995-08-16 09:24:00,45.0,45.84746306799007
1995-08-16 09:25:00,64.0,46.80684983202653
1995-08-16 09:26:00,33.0,53.92722530644136
1995-08-16 09:27:00,79.0,43.7162499783248
1995-08-16 09:28:00,38.0,53.12756264992548
1995-08-16 09:29:00,36.0,45.7289972818924
1995-08-16 09:30:00,31.0,45.440563803702524
1995-08-16 09:31:00,29.0,41.78940925636659
1995-08-16 09:32:00,23.0,40.84010883828119
1995-08-16 09:33:00,61.0,37.07939655169165
1995-08-16 09:34:00,47.0,44.602514758498714
1995-08-16 09:35:00,67.0,46.32474701435626
1995-08-16 09:36:00,76.0,53.40033088586235
1995-08-16 09:37:00,50.0,57.13600495719412
1995-08-16 09:38:00,65.0,52.01660707529225
1995-08-16 09:39:00,71.0,57.30277776386734
1995-08-16 09:40:00,49.0,59.692914107592266
1995-08-16 09:41:00,30.0,52.52752857747821
1995-08-16 09:42:00,54.0,45.8504180778815
1995-08-16 09:43:00,58.0,49.57106096053509
1995-08-16 09:44:00,69.0,52.28040051880708
1995-08-16 09:45:00,75.0,56.972625093346245
1995-08-16 09:46:00,73.0,59.045672307770275
1995-08-16 09:47:00,65.0,62.59544453394809
1995-08-16 09:48:00,45.0,63.80665873654704
1995-08-16 09:49:00,63.0,56.77421237660921
1995-08-16 09:50:00,68.0,59.56778987582501
1995-08-16 09:51:00,44.0,61.08204604459804
1995-08-16 09:52:00,15.0,55.51256685200485
1995-08-16 09:53:00,45.0,46.6163204625718
1995-08-16 09:54:00,59.0,47.85774017991812
1995-08-16 09:55:00,65.0,58.91237512381339
1995-08-16 09:56:00,53.0,58.94977282534515
1995-08-16 09:57:00,34.0,54.55525242740555
1995-08-16 09:58:00,38.0,50.563480598926276
1995-08-16 09:59:00,43.0,50.05814880017697
1995-08-16 10:00:00,20.0,49.76206902489071
1995-08-16 10:01:00,61.0,40.98640596639701
1995-08-16 10:02:00,86.0,52.87149113498719
1995-08-16 10:03:00,64.0,59.94996292817057
1995-08-16 10:04:00,54.0,60.70764385069536
1995-08-16 10:05:00,57.0,59.0723396386262
1995-08-16 10:06:00,55.0,56.68958983922441
1995-08-16 10:07:00,46.0,57.9936312551159
1995-08-16 10:08:00,60.0,53.093102674451515
1995-08-16 10:09:00,62.0,57.85525035415695
1995-08-16 10:10:00,51.0,58.55944722373178
1995-08-16 10:11:00,62.0,54.72285579390455
1995-08-16 10:12:00,77.0,59.690614393116725
1995-08-16 10:13:00,36.0,63.087875773779025
1995-08-16 10:14:00,74.0,53.60333398375518
1995-08-16 10:15:00,77.0,62.68559447612833
1995-08-16 10:16:00,89.0,65.30924630878367
1995-08-16 10:17:00,76.0,70.09359615480021
1995-08-16 10:18:00,28.0,66.23480962939512
1995-08-16 10:19:00,53.0,52.211222755311475
1995-08-16 10:20:00,39.0,56.11052390119821
1995-08-16 10:21:00,44.0,50.37790225415469
1995-08-16 10:22:00,41.0,54.1582888142514
1995-08-16 10:23:00,88.0,50.57174137549901
1995-08-16 10:24:00,59.0,64.11190540806496
1995-08-16 10:25:00,54.0,61.80867312925042
1995-08-16 10:26:00,73.0,59.14451767690873
1995-08-16 10:27:00,70.0,63.305095103586844
1995-08-16 10:28:00,51.0,64.73790104078789
1995-08-16 10:29:00,50.0,58.5049281888099
1995-08-16 10:30:00,43.0,56.058629070700334
1995-08-16 10:31:00,75.0,53.91388011948859
1995-08-16 10:32:00,80.0,62.56129815195418
1995-08-16 10:33:00,49.0,67.13450491658742
1995-08-16 10:34:00,51.0,57.54320278023719
1995-08-16 10:35:00,31.0,56.522129636682244
1995-08-16 10:36:00,46.0,50.317640659696664
1995-08-16 10:37:00,68.0,53.05248474758863
1995-08-16 10:38:00,82.0,61.597156271958596
1995-08-16 10:39:00,46.0,65.14583354278307
1995-08-16 10:40:00,34.0,54.99764168169496
1995-08-16 10:41:00,35.0,52.53989907375485
1995-08-16 10:42:00,31.0,49.74294977354656
1995-08-16 10:43:00,47.0,49.460273877471124
1995-08-16 10:44:00,34.0,51.66339596642916
1995-08-16 10:45:00,62.0,48.700200692941024
1995-08-16 10:46:00,52.0,56.844372592108776
1995-08-16 10:47:00,67.0,53.792778810487704
1995-08-16 10:48:00,64.0,58.63715741818811
1995-08-16 10:49:00,43.0,60.85981160276786
1995-08-16 10:50:00,78.0,54.24321628319824
1995-08-16 10:51:00,59.0,61.12145703542183
1995-08-16 10:52:00,51.0,62.06382017771315
1995-08-16 10:53:00,43.0,57.94582432231466
1995-08-16 10:54:00,76.0,54.01161786217701
1995-08-16 10:55:00,54.0,61.71198599564271
1995-08-16 10:56:00,71.0,58.58506101142566
1995-08-16 10:57:00,51.0,63.62594620626281
1995-08-16 10:58:00,63.0,59.85956219720093
1995-08-16 10:59:00,80.0,61.53651098728345
1995-08-16 11:00:00,37.0,65.56221303512794
1995-08-16 11:01:00,47.0,54.54308060977823
1995-08-16 11:02:00,33.0,55.58558215992503
1995-08-16 11:03:00,42.0,49.73744659906415
1995-08-16 11:04:00,38.0,53.413300552188474
1995-08-16 11:05:00,36.0,52.330093193194486
1995-08-16 11:06:00,63.0,50.67110931219234
1995-08-16 11:07:00,82.0,54.72820628098618
1995-08-16 11:08:00,72.0,61.28036896456543
1995-08-16 11:09:00,83.0,63.92991148716101
1995-08-16 11:10:00,52.0,65.30116616073013
1995-08-16 11:11:00,64.0,58.612225716728815
1995-08-16 11:12:00,68.0,61.4112938616902
1995-08-16 11:13:00,34.0,63.25457995119069
1995-08-16 11:14:00,33.0,54.11927796821991
1995-08-16 11:15:00,48.0,44.881847108466445
1995-08-16 11:16:00,48.0,53.004868051174434
1995-08-16 11:17:00,58.0,53.17312736007926
1995-08-16 11:18:00,35.0,56.73876867162284
1995-08-16 11:19:00,64.0,50.773868175810634
1995-08-16 11:20:00,94.0,59.20014783010235
1995-08-16 11:21:00,67.0,67.91544449202542
1995-08-16 11:22:00,67.0,63.83650113570242
1995-08-16 11:23:00,52.0,61.07483928459717
1995-08-16 11:24:00,36.0,57.56761163661876
1995-08-16 11:25:00,43.0,53.75657650015644
1995-08-16 11:26:00,39.0,51.272161688313645
1995-08-16 11:27:00,61.0,51.296432175762675
1995-08-16 11:28:00,62.0,55.71768648060224
1995-08-16 11:29:00,34.0,58.16324983305041
1995-08-16 11:30:00,78.0,49.50113282787484
1995-08-16 11:31:00,43.0,61.68046692737333
1995-08-16 11:32:00,88.0,55.04554823840756
1995-08-16 11:33:00,64.0,65.44710161384248
1995-08-16 11:34:00,65.0,62.93209063375331
1995-08-16 11:35:00,57.0,62.37278489133926
1995-08-16 11:36:00,54.0,62.63619137251538
1995-08-16 11:37:00,106.0,61.10000568917892
1995-08-16 11:38:00,73.0,74.61219774885456
1995-08-16 11:39:00,56.0,66.90284505779967
1995-08-16 11:40:00,38.0,59.59524804039894
1995-08-16 11:41:00,53.0,54.836430268719795
1995-08-16 11:42:00,73.0,58.36574301390461
1995-08-16 11:43:00,79.0,66.14063665448755
1995-08-16 11:44:00,42.0,66.98966702476348
1995-08-16 11:45:00,49.0,55.33926390491908
1995-08-16 11:46:00,111.0,55.87306719050554
1995-08-16 11:47:00,62.0,77.92084903160685
1995-08-16 11:48:00,80.0,65.16154813370089
1995-08-16 11:49:00,105.0,71.91911972570567
1995-08-16 11:50:00,68.0,83.8296850165066
1995-08-16 11:51:00,74.0,70.88507362015078
1995-08-16 11:52:00,90.0,71.5308385711919
1995-08-16 11:53:00,79.0,77.97989715127062
1995-08-16 11:54:00,50.0,73.75471519475921
1995-08-16 11:55:00,53.0,66.78353235752155
1995-08-16 11:56:00,73.0,65.76391306496552
1995-08-16 11:57:00,32.0,69.04144284866989
1995-08-16 11:58:00,23.0,57.50400866932589
1995-08-16 11:59:00,29.0,49.855171718389194
1995-08-16 12:00:00,69.0,47.29286238631512
1995-08-16 12:01:00,71.0,58.154108669474326
1995-08-16 12:02:00,74.0,66.82745072697935
1995-08-16 12:03:00,52.0,66.5201245250337
1995-08-16 12:04:00,47.0,64.2919189138062
1995-08-16 12:05:00,60.0,57.754272921274044
1995-08-16 12:06:00,81.0,65.29109091116061
1995-08-16 12:07:00,53.0,69.32420627153343
1995-08-16 12:08:00,70.0,64.5302228775733
1995-08-16 12:09:00,69.0,65.20843564839848
1995-08-16 12:10:00,51.0,67.63847499494818
1995-08-16 12:11:00,37.0,56.957360012890476
1995-08-16 12:12:00,69.0,58.48553361965892
1995-08-16 12:13:00,99.0,65.38916745842859
1995-08-16 12:14:00,77.0,77.66975887168525
1995-08-16 12:15:00,53.0,66.87666533508957
1995-08-16 12:16:00,54.0,66.51533801326556
1995-08-16 12:17:00,63.0,63.182288164334075
1995-08-16 12:18:00,67.0,66.5982689641
1995-08-16 12:19:00,79.0,67.97976765428989
1995-08-16 12:20:00,41.0,67.75827327884481
1995-08-16 12:21:00,50.0,56.24183241799336
1995-08-16 12:22:00,41.0,55.307683823852805
1995-08-16 12:23:00,29.0,54.04270272778002
1995-08-16 12:24:00,67.0,51.35943807360665
1995-08-16 12:25:00,45.0,60.67020780301204
1995-08-16 12:26:00,60.0,53.47759242421294
1995-08-16 12:27:00,44.0,59.95172229975778
1995-08-16 12:28:00,66.0,55.065821265736744
1995-08-16 12:29:00,84.0,60.609902421948284
1995-08-16 12:30:00,59.0,68.62766332681204
1995-08-16 12:31:00,73.0,63.93042379953219
1995-08-16 12:32:00,62.0,65.98638439390793
1995-08-16 12:33:00,45.0,64.47873763363573
1995-08-16 12:34:00,68.0,57.08568509276225
1995-08-16 12:35:00,50.0,63.39274224974926
1995-08-16 12:36:00,71.0,58.25522563739643
1995-08-16 12:37:00,65.0,67.40938735664284
1995-08-16 12:38:00,47.0,64.42537172443102
1995-08-16 12:39:00,88.0,59.1349071468109
1995-08-16 12:40:00,57.0,66.98389610677145
1995-08-16 12:41:00,67.0,61.38782684731951
1995-08-16 12:42:00,82.0,64.20294856550028
1995-08-16 12:43:00,84.0,69.1848367195833
1995-08-16 12:44:00,83.0,71.83213831631286
1995-08-16 12:45:00,69.0,72.00570525937671
1995-08-16 12:46:00,48.0,69.21283416820238
1995-08-16 12:47:00,63.0,62.348635358041385
1995-08-16 12:48:00,65.0,65.80555599243559
1995-08-16 12:49:00,39.0,66.04679264314595
1995-08-16 12:50:00,37.0,58.16558522407438
1995-08-16 12:51:00,47.0,52.41660558769862
1995-08-16 12:52:00,43.0,52.58182233572538
1995-08-16 12:53:00,53.0,53.22178001612215
1995-08-16 12:54:00,66.0,55.46852843259158
1995-08-16 12:55:00,48.0,61.95635804973308
1995-08-16 12:56:00,46.0,55.88419690995002
1995-08-16 12:57:00,56.0,52.3654084612074
1995-08-16 12:58:00,47.0,57.71687796861829
1995-08-16 12:59:00,48.0,52.77328188699566
1995-08-16 13:00:00,66.0,54.10411583150067
1995-08-16 13:01:00,45.0,57.92590113267785
1995-08-16 13:02:00,45.0,52.49250866400635
1995-08-16 13:03:00,75.0,52.79482945479344
1995-08-16 13:04:00,48.0,61.965147975527366
1995-08-16 13:05:00,52.0,53.84134212454314
1995-08-16 13:06:00,58.0,55.826895822879905
1995-08-16 13:07:00,71.0,52.7717573100135
1995-08-16 13:08:00,38.0,62.974148238066874
1995-08-16 13:09:00,45.0,52.73401504813614
1995-08-16 13:10:00,79.0,50.66710908669425
1995-08-16 13:11:00,39.0,62.49637149114903
1995-08-16 13:12:00,48.0,54.560038906469806
1995-08-16 13:13:00,69.0,51.701791931723754
1995-08-16 13:14:00,65.0,58.7429208127454
1995-08-16 13:15:00,46.0,61.08194887575712
1995-08-16 13:16:00,85.0,54.712624249393144
1995-08-16 13:17:00,64.0,63.28413918678956
1995-08-16 13:18:00,75.0,61.90753793206881
1995-08-16 13:19:00,79.0,64.91482912944194
1995-08-16 13:20:00,89.0,68.07618321907489
1995-08-16 13:21:00,66.0,70.02877267622009
1995-08-16 13:22:00,76.0,66.22934719067257
1995-08-16 13:23:00,56.0,69.38424412388862
1995-08-16 13:24:00,58.0,63.461660184283936
1995-08-16 13:25:00,66.0,62.3324806872949
1995-08-16 13:26:00,64.0,61.470707099815066
1995-08-16 13:27:00,115.0,64.12134762990985
1995-08-16 13:28:00,62.0,79.19093073067567
1995-08-16 13:29:00,69.0,69.5311701653391
1995-08-16 13:30:00,64.0,69.648036493969
1995-08-16 13:31:00,59.0,67.1738014304342
1995-08-16 13:32:00,66.0,68.43992206634256
1995-08-16 13:33:00,48.0,68.84559137073424
1995-08-16 13:34:00,56.0,61.271603786660336
1995-08-16 13:35:00,53.0,64.19441422761113
1995-08-16 13:36:00,59.0,65.03111015691478
1995-08-16 13:37:00,85.0,65.83730458363033
1995-08-16 13:38:00,88.0,72.43039321384634
1995-08-16 13:39:00,102.0,73.76594257607996
1995-08-16 13:40:00,98.0,80.87574337727595
1995-08-16 13:41:00,46.0,82.60144840488623
1995-08-16 13:42:00,72.0,66.98758859219056
1995-08-16 13:43:00,90.0,72.01626269506161
1995-08-16 13:44:00,89.0,79.63877419864323
1995-08-16 13:45:00,92.0,79.03564272321412
1995-08-16 13:46:00,77.0,78.44421453947628
1995-08-16 13:47:00,52.0,74.68374707538176
1995-08-16 13:48:00,90.0,69.92253437723014
1995-08-16 13:49:00,60.0,73.98607425404107
1995-08-16 13:50:00,53.0,74.50980350006128
1995-08-16 13:51:00,55.0,65.37444216191194
1995-08-16 13:52:00,59.0,67.05907740764596
1995-08-16 13:53:00,42.0,64.32325183031791
1995-08-16 13:54:00,51.0,57.93974814472133
1995-08-16 13:55:00,65.0,60.19815918956118
1995-08-16 13:56:00,61.0,67.86730677330802
1995-08-16 13:57:00,60.0,67.44109165335496
1995-08-16 13:58:00,77.0,65.0102754906674
1995-08-16 13:59:00,77.0,69.36399020705072
1995-08-16 14:00:00,39.0,73.91873180495708
1995-08-16 14:01:00,69.0,56.963066752575386
1995-08-16 14:02:00,56.0,69.65655641224528
1995-08-16 14:03:00,70.0,67.52898055993857
1995-08-16 14:04:00,83.0,69.13596105295312
1995-08-16 14:05:00,67.0,75.91465074146592
1995-08-16 14:06:00,101.0,70.62841901616487
1995-08-16 14:07:00,90.0,77.98728724395359
1995-08-16 14:08:00,89.0,76.38156259091596
1995-08-16 14:09:00,63.0,76.82665828369917
1995-08-16 14:10:00,87.0,70.53129841220549
1995-08-16 14:11:00,94.0,75.880547667616
1995-08-16 14:12:00,99.0,79.6281039247974
1995-08-16 14:13:00,93.0,80.56225263541542
1995-08-16 14:14:00,96.0,80.25198892336883
1995-08-16 14:15:00,68.0,84.19670580415261
1995-08-16 14:16:00,71.0,74.49074908169676
1995-08-16 14:17:00,77.0,74.37784798155593
1995-08-16 14:18:00,102.0,74.08715909884769
1995-08-16 14:19:00,60.0,79.76816413812104
1995-08-16 14:20:00,60.0,69.69675969256731
1995-08-16 14:21:00,74.0,67.55659981367596
1995-08-16 14:22:00,74.0,70.20991776692419
1995-08-16 14:23:00,60.0,77.24067331394909
1995-08-16 14:24:00,48.0,70.98463628792801
1995-08-16 14:25:00,84.0,60.842146235628675
1995-08-16 14:26:00,39.0,75.15243212377214
1995-08-16 14:27:00,97.0,60.68357897912098
1995-08-16 14:28:00,57.0,74.39055755637631
1995-08-16 14:29:00,89.0,70.23159713982832
1995-08-16 14:30:00,41.0,71.9160289270051
1995-08-16 14:31:00,84.0,63.118128451314746
1995-08-16 14:32:00,52.0,69.25630098288065
1995-08-16 14:33:00,93.0,69.70528382000711
1995-08-16 14:34:00,43.0,74.77364537407715
1995-08-16 14:35:00,85.0,60.85186593947667
1995-08-16 14:36:00,80.0,73.13646006741973
1995-08-16 14:37:00,91.0,71.92185095177254
1995-08-16 14:38:00,83.0,77.7760045360848
1995-08-16 14:39:00,55.0,78.39540397825876
1995-08-16 14:40:00,62.0,69.02393460999308
1995-08-16 14:41:00,85.0,71.7340923434655
1995-08-16 14:42:00,72.0,76.87560403954737
1995-08-16 14:43:00,52.0,78.95705979335538
1995-08-16 14:44:00,57.0,68.53816164353358
1995-08-16 14:45:00,51.0,66.29752517761392
1995-08-16 14:46:00,54.0,62.17752752871356
1995-08-16 14:47:00,59.0,59.65065332956219
1995-08-16 14:48:00,85.0,65.93516599851488
1995-08-16 14:49:00,64.0,67.90435603618518
1995-08-16 14:50:00,35.0,69.22477639932846
1995-08-16 14:51:00,102.0,58.05099348507306
1995-08-16 14:52:00,63.0,77.3222077517112
1995-08-16 14:53:00,48.0,68.70106562121941
1995-08-16 14:54:00,44.0,55.525681156466646
1995-08-16 14:55:00,40.0,56.62507010788515
1995-08-16 14:56:00,47.0,54.524668267446785
1995-08-16 14:57:00,59.0,56.115608869037295
1995-08-16 14:58:00,59.0,62.08404219798088
1995-08-16 14:59:00,73.0,62.73923925611747
1995-08-16 15:00:00,29.0,66.29409688279563
1995-08-16 15:01:00,70.0,51.79303266566696
1995-08-16 15:02:00,32.0,62.97481539687603
1995-08-16 15:03:00,73.0,51.87034854788591
1995-08-16 15:04:00,69.0,67.38138470070302
1995-08-16 15:05:00,52.0,64.13477051317741
1995-08-16 15:06:00,49.0,61.034630484335025
1995-08-16 15:07:00,55.0,56.38158588232211
1995-08-16 15:08:00,65.0,57.69362419953613
1995-08-16 15:09:00,64.0,60.11236770249651
1995-08-16 15:10:00,59.0,61.83168772991345
1995-08-16 15:11:00,56.0,60.8330614059678
1995-08-16 15:12:00,35.0,59.75595765032191
1995-08-16 15:13:00,53.0,51.74049135631705
1995-08-16 15:14:00,52.0,54.99397633589557
1995-08-16 15:15:00,34.0,54.98477261606381
1995-08-16 15:16:00,59.0,50.905977823799965
1995-08-16 15:17:00,78.0,56.39363387553032
1995-08-16 15:18:00,57.0,63.01091683569165
1995-08-16 15:19:00,80.0,60.26940975913369
1995-08-16 15:20:00,97.0,64.32618937151737
1995-08-16 15:21:00,82.0,75.79193941076346
1995-08-16 15:22:00,98.0,72.54057860165244
1995-08-16 15:23:00,100.0,76.90738773404836
1995-08-16 15:24:00,96.0,77.49007056198262
1995-08-16 15:25:00,95.0,82.29333081980263
1995-08-16 15:26:00,62.0,81.3450271770911
1995-08-16 15:27:00,85.0,71.0262208148661
1995-08-16 15:28:00,88.0,77.8834987650356
1995-08-16 15:29:00,75.0,78.55940080790805
1995-08-16 15:30:00,78.0,72.75942680347954
1995-08-16 15:31:00,99.0,73.17951607335193
1995-08-16 15:32:00,93.0,83.32873102154177
1995-08-16 15:33:00,59.0,81.12023245170587
1995-08-16 15:34:00,67.0,69.80149000536686
1995-08-16 15:35:00,86.0,73.37969254903852
1995-08-16 15:36:00,75.0,74.9796373954463
1995-08-16 15:37:00,104.0,74.54370081057627
1995-08-16 15:38:00,99.0,79.00736326560414
1995-08-16 15:39:00,63.0,82.97420499447227
1995-08-16 15:40:00,54.0,74.51468030738705
1995-08-16 15:41:00,50.0,68.16102730856305
1995-08-16 15:42:00,64.0,68.56571352082928
1995-08-16 15:43:00,56.0,69.94237687688045
1995-08-16 15:44:00,48.0,69.26054893761129
1995-08-16 15:45:00,45.0,62.438595718143134
1995-08-16 15:46:00,58.0,57.8929698330065
1995-08-16 15:47:00,80.0,64.8627549856564
1995-08-16 15:48:00,55.0,74.71144257423208
1995-08-16 15:49:00,40.0,66.99241937657527
1995-08-16 15:50:00,51.0,55.69951931187687
1995-08-16 15:51:00,61.0,60.77123235542017
1995-08-16 15:52:00,65.0,64.74434260011687
1995-08-16 15:53:00,78.0,64.3999376424875
1995-08-16 15:54:00,53.0,69.97716484652867
1995-08-16 15:55:00,37.0,60.7447567524597
1995-08-16 15:56:00,34.0,54.44238420199316
1995-08-16 15:57:00,52.0,50.69070115038033
1995-08-16 15:58:00,67.0,54.85830066165057
1995-08-16 15:59:00,82.0,62.70751342536262
1995-08-16 16:00:00,35.0,66.93287860607454
1995-08-16 16:01:00,73.0,53.335631774179525
1995-08-16 16:02:00,68.0,65.31674201888671
1995-08-16 16:03:00,81.0,62.52102853420935
1995-08-16 16:04:00,74.0,66.96680534901263
1995-08-16 16:05:00,31.0,67.0587408500726
1995-08-16 16:06:00,48.0,53.93406943436727
1995-08-16 16:07:00,30.0,52.18521243064064
1995-08-16 16:08:00,68.0,52.07520666351151
1995-08-16 16:09:00,53.0,59.15935408688335
1995-08-16 16:10:00,63.0,57.12133942755183
1995-08-16 16:11:00,51.0,59.2779082307366
1995-08-16 16:12:00,35.0,54.70920583485529
1995-08-16 16:13:00,80.0,50.93091707660958
1995-08-16 16:14:00,94.0,62.29067412297112
1995-08-16 16:15:00,95.0,70.01464820338025
1995-08-16 16:16:00,98.0,71.95134052256473
1995-08-16 16:17:00,53.0,75.59353791783502
1995-08-16 16:18:00,49.0,66.15907099144766
1995-08-16 16:19:00,51.0,57.13474494063027
1995-08-16 16:20:00,57.0,59.75786514629562
1995-08-16 16:21:00,94.0,59.26443598278072
1995-08-16 16:22:00,69.0,72.68214328203639
1995-08-16 16:23:00,91.0,65.13436195910855
1995-08-16 16:24:00,86.0,75.19910891282805
1995-08-16 16:25:00,65.0,74.10457704888445
1995-08-16 16:26:00,86.0,68.3918085874752
1995-08-16 16:27:00,85.0,76.44455919789111
1995-08-16 16:28:00,58.0,76.24600072411891
1995-08-16 16:29:00,103.0,67.0731508098352
1995-08-16 16:30:00,69.0,80.16071267862401
1995-08-16 16:31:00,55.0,71.39662686722775
1995-08-16 16:32:00,62.0,66.24331323266954
1995-08-16 16:33:00,96.0,69.12544253290716
1995-08-16 16:34:00,42.0,76.32082499907426
1995-08-16 16:35:00,6.0,62.052203441348816
1995-08-16 16:36:00,11.0,37.44544353804736
1995-08-16 16:37:00,0.0,43.12074553329057
1995-08-16 16:47:00,46.0,72.93812388108589
1995-08-16 16:48:00,65.0,73.90781658515549
1995-08-16 16:49:00,45.0,72.62279320420778
1995-08-16 16:50:00,55.0,69.7134918551182
1995-08-16 16:51:00,48.0,73.06265186933886
1995-08-16 16:52:00,33.0,53.37409429163848
1995-08-16 16:54:00,76.0,49.236411578467745
1995-08-16 16:57:00,44.0,55.8515838115139
1995-08-16 16:58:00,55.0,52.87312575708893
1995-08-16 16:59:00,59.0,58.49590949083494
1995-08-16 17:00:00,62.0,57.19964761605114
1995-08-16 17:01:00,58.0,56.86133955294704
1995-08-16 17:02:00,86.0,56.049646837604726
1995-08-16 17:03:00,64.0,63.84599432782035
1995-08-16 17:04:00,51.0,60.06269238807032
1995-08-16 17:05:00,34.0,57.29291871314268
1995-08-16 17:06:00,55.0,51.40858267508618
1995-08-16 17:07:00,82.0,54.71753258388918
1995-08-16 17:08:00,65.0,64.813646853303
1995-08-16 17:09:00,55.0,60.591250282610865
1995-08-16 17:10:00,82.0,56.55922127402915
1995-08-16 17:11:00,72.0,64.88645603021115
1995-08-16 17:12:00,68.0,65.59547109219946
1995-08-16 17:13:00,50.0,64.79719435885686
1995-08-16 17:14:00,65.0,56.75024881010756
1995-08-16 17:15:00,76.0,60.19439288548341
1995-08-16 17:16:00,90.0,63.95627759196195
1995-08-16 17:17:00,48.0,67.93372179284935
1995-08-16 17:18:00,26.0,53.606608904130304
1995-08-16 17:19:00,33.0,48.89270186837077
1995-08-16 17:20:00,43.0,48.96464792034685
1995-08-16 17:21:00,43.0,51.04567029864157
1995-08-16 17:22:00,54.0,50.34391786561705
1995-08-16 17:23:00,43.0,52.7644841178762
1995-08-16 17:24:00,38.0,47.724839270964715
1995-08-16 17:25:00,32.0,49.05772321560917
1995-08-16 17:26:00,53.0,46.559298240271445
1995-08-16 17:27:00,42.0,50.33189534977413
1995-08-16 17:28:00,36.0,48.63738454762678
1995-08-16 17:29:00,31.0,44.991153041271374
1995-08-16 17:30:00,57.0,47.036043253611794
1995-08-16 17:31:00,57.0,50.19776477917545
1995-08-16 17:32:00,29.0,52.77063921364566
1995-08-16 17:33:00,45.0,43.45509363560088
1995-08-16 17:34:00,55.0,45.41934307474919
1995-08-16 17:35:00,56.0,50.12653166187986
1995-08-16 17:36:00,73.0,51.82426326383898
1995-08-16 17:37:00,59.0,58.02725887489948
1995-08-16 17:38:00,62.0,57.20865588896375
1995-08-16 17:39:00,45.0,57.66048161213113
1995-08-16 17:40:00,63.0,50.91703430671272
1995-08-16 17:41:00,79.0,57.78109194021562
1995-08-16 17:42:00,55.0,60.46002859667399
1995-08-16 17:43:00,49.0,56.61187863329475
1995-08-16 17:44:00,20.0,52.932665273736596
1995-08-16 17:45:00,26.0,46.23215110991724
1995-08-16 17:46:00,26.0,40.84761645848798
1995-08-16 17:47:00,37.0,37.830274677633305
1995-08-16 17:48:00,37.0,39.9682424247611
1995-08-16 17:49:00,61.0,42.45678176385781
1995-08-16 17:50:00,49.0,47.93328130803544
1995-08-16 17:51:00,53.0,46.82626428059583
1995-08-16 17:52:00,32.0,50.076119877067136
1995-08-16 17:53:00,33.0,42.43078846425955
1995-08-16 17:54:00,42.0,40.47198739415265
1995-08-16 17:55:00,44.0,44.17889728313302
1995-08-16 17:56:00,38.0,47.516478349039986
1995-08-16 17:57:00,32.0,43.76988337783189
1995-08-16 17:58:00,30.0,41.191267603864624
1995-08-16 17:59:00,70.0,37.1710440671872
1995-08-16 18:00:00,57.0,47.71665963777663
1995-08-16 18:01:00,31.0,48.37608861188675
1995-08-16 18:02:00,23.0,40.52260717598266
1995-08-16 18:03:00,46.0,35.597316465739134
1995-08-16 18:04:00,28.0,42.89025749449068
1995-08-16 18:05:00,17.0,38.900368663242276
1995-08-16 18:06:00,34.0,31.204738737639474
1995-08-16 18:07:00,36.0,35.32773766320076
1995-08-16 18:08:00,34.0,37.09276020003709
1995-08-16 18:09:00,70.0,36.200464180152416
1995-08-16 18:10:00,35.0,45.71434539377524
1995-08-16 18:11:00,40.0,39.56520923864251
1995-08-16 18:12:00,57.0,39.20482895173269
1995-08-16 18:13:00,68.0,46.60749925268633
1995-08-16 18:14:00,65.0,50.56430179787192
1995-08-16 18:15:00,30.0,51.90586176073442
1995-08-16 18:16:00,36.0,40.66551293174889
1995-08-16 18:17:00,46.0,41.32802404412846
1995-08-16 18:18:00,38.0,42.984381343700186
1995-08-16 18:19:00,46.0,41.76345948063759
1995-08-16 18:20:00,29.0,41.354618622147875
1995-08-16 18:21:00,26.0,38.90894310943083
1995-08-16 18:22:00,24.0,35.65320575618557
1995-08-16 18:23:00,39.0,33.97462613261989
1995-08-16 18:24:00,16.0,37.211013537057816
1995-08-16 18:25:00,15.0,31.149609044460803
1995-08-16 18:26:00,39.0,27.825808319234163
1995-08-16 18:27:00,28.0,35.423653815771736
1995-08-16 18:28:00,27.0,33.36870276248866
1995-08-16 18:29:00,49.0,32.81607012630568
1995-08-16 18:30:00,44.0,39.32217689909692
1995-08-16 18:31:00,46.0,38.385939396844776
1995-08-16 18:32:00,62.0,40.369510716269424
1995-08-16 18:33:00,16.0,44.576239093145965
1995-08-16 18:34:00,44.0,31.55127571276638
1995-08-16 18:35:00,52.0,39.61873033804842
1995-08-16 18:36:00,58.0,42.68600763558823
1995-08-16 18:37:00,59.0,47.929709895661
1995-08-16 18:38:00,41.0,49.032405908581495
1995-08-16 18:39:00,29.0,41.58721234581706
1995-08-16 18:40:00,37.0,37.60618089175485
1995-08-16 18:41:00,41.0,38.992054656687515
1995-08-16 18:42:00,39.0,40.72104060739929
1995-08-16 18:43:00,41.0,40.09650967038838
1995-08-16 18:44:00,45.0,41.00125248263202
1995-08-16 18:45:00,28.0,42.079851433739215
1995-08-16 18:46:00,32.0,37.047590287419396
1995-08-16 18:47:00,54.0,37.6567000810278
1995-08-16 18:48:00,38.0,42.896200305518256
1995-08-16 18:49:00,36.0,38.39839530317299
1995-08-16 18:50:00,47.0,39.16766892756732
1995-08-16 18:51:00,38.0,41.311590666803475
1995-08-16 18:52:00,37.0,39.96625083145859
1995-08-16 18:53:00,56.0,38.996390575265785
1995-08-16 18:54:00,57.0,45.60274359087999
1995-08-16 18:55:00,48.0,47.42540300799618
1995-08-16 18:56:00,39.0,45.00943712944448
1995-08-16 18:57:00,22.0,41.61177997716439
1995-08-16 18:58:00,21.0,36.288938935331146
1995-08-16 18:59:00,24.0,34.11035003064356
1995-08-16 19:00:00,22.0,33.52748747521874
1995-08-16 19:01:00,81.0,32.35777514619764
1995-08-16 19:02:00,44.0,48.65356786474092
1995-08-16 19:03:00,62.0,43.655529359324504
1995-08-16 19:04:00,67.0,47.361743941129184
1995-08-16 19:05:00,31.0,51.95043060954483
1995-08-16 19:06:00,34.0,42.96295147197337
1995-08-16 19:07:00,49.0,40.62749372164933
1995-08-16 19:08:00,49.0,43.31896987999531
1995-08-16 19:09:00,24.0,46.27360835386884
1995-08-16 19:10:00,25.0,36.731264437720164
1995-08-16 19:11:00,37.0,34.557599581991305
1995-08-16 19:12:00,21.0,37.08638885908354
1995-08-16 19:13:00,28.0,30.612217835735777
1995-08-16 19:14:00,34.0,32.58502880179123
1995-08-16 19:15:00,18.0,32.92511403234605
1995-08-16 19:16:00,34.0,29.880698313583522
1995-08-16 19:17:00,56.0,35.493255322308805
1995-08-16 19:18:00,63.0,43.242627732031664
1995-08-16 19:19:00,47.0,47.02938406676273
1995-08-16 19:20:00,32.0,43.25169276215696
1995-08-16 19:21:00,53.0,36.67671138167768
1995-08-16 19:22:00,25.0,43.896556510721716
1995-08-16 19:23:00,25.0,33.011118758211715
1995-08-16 19:24:00,29.0,32.58683726904516
1995-08-16 19:25:00,16.0,33.674276470574625
1995-08-16 19:26:00,31.0,28.367300245698654
1995-08-16 19:27:00,36.0,32.74220002603187
1995-08-16 19:28:00,38.0,34.65195297841231
1995-08-16 19:29:00,34.0,33.64971171198845
1995-08-16 19:30:00,41.0,34.85913359253946
1995-08-16 19:31:00,30.0,38.36400982027263
1995-08-16 19:32:00,41.0,34.63894344484707
1995-08-16 19:33:00,34.0,37.16801067864678
1995-08-16 19:34:00,11.0,35.62808416221329
1995-08-16 19:35:00,30.0,28.071860998192903
1995-08-16 19:36:00,37.0,31.397069303475465
1995-08-16 19:37:00,39.0,35.290984681630036
1995-08-16 19:38:00,24.0,34.89080536099535
1995-08-16 19:39:00,40.0,30.32163580137688
1995-08-16 19:40:00,37.0,33.25420695442069
1995-08-16 19:41:00,64.0,35.38386995488546
1995-08-16 19:42:00,46.0,45.216741142372456
1995-08-16 19:43:00,41.0,40.894667016830475
1995-08-16 19:44:00,26.0,38.35534418784849
1995-08-16 19:45:00,36.0,33.50581920321897
1995-08-16 19:46:00,39.0,36.17838219410805
1995-08-16 19:47:00,35.0,36.05494261644975
1995-08-16 19:48:00,37.0,34.81523865746561
1995-08-16 19:49:00,45.0,35.12169811943766
1995-08-16 19:50:00,47.0,37.64322733093858
1995-08-16 19:51:00,41.0,40.67553202362237
1995-08-16 19:52:00,32.0,38.625606817708345
1995-08-16 19:53:00,32.0,36.83478071707965
1995-08-16 19:54:00,54.0,35.64919679922619
1995-08-16 19:55:00,35.0,40.758673672502255
1995-08-16 19:56:00,27.0,37.073865471386796
1995-08-16 19:57:00,40.0,34.628900841766026
1995-08-16 19:58:00,42.0,36.64856305811956
1995-08-16 19:59:00,54.0,39.2990160311891
1995-08-16 20:00:00,48.0,42.41445876270416
1995-08-16 20:01:00,58.0,42.06524900255994
1995-08-16 20:02:00,49.0,45.898509086253966
1995-08-16 20:03:00,80.0,45.27637303960379
1995-08-16 20:04:00,35.0,52.46919907951826
1995-08-16 20:05:00,38.0,39.75000440540479
1995-08-16 20:06:00,24.0,41.98637775829404
1995-08-16 20:07:00,37.0,33.81959484899054
1995-08-16 20:08:00,19.0,39.77670933831406
1995-08-16 20:09:00,56.0,34.0923580401945
1995-08-16 20:10:00,33.0,43.26498612859535
1995-08-16 20:11:00,43.0,38.10711922388205
1995-08-16 20:12:00,57.0,40.721837213660535
1995-08-16 20:13:00,45.0,46.292682047266915
1995-08-16 20:14:00,26.0,42.99399884667718
1995-08-16 20:15:00,39.0,35.12938493818926
1995-08-16 20:16:00,49.0,38.292668722156705
1995-08-16 20:17:00,26.0,43.220088057922446
1995-08-16 20:18:00,24.0,34.32699908239552
1995-08-16 20:19:00,42.0,34.86170414665686
1995-08-16 20:20:00,30.0,37.306158031848604
1995-08-16 20:21:00,28.0,37.64757795049009
1995-08-16 20:22:00,32.0,33.60640260984339
1995-08-16 20:23:00,27.0,35.402930645682964
1995-08-16 20:24:00,21.0,33.25108440894194
1995-08-16 20:25:00,28.0,30.82640005493397
1995-08-16 20:26:00,26.0,32.3618748468119
1995-08-16 20:27:00,46.0,31.64409943848576
1995-08-16 20:28:00,61.0,38.82431651491721
1995-08-16 20:29:00,67.0,44.67974089522793
1995-08-16 20:30:00,49.0,48.21075206689398
1995-08-16 20:31:00,25.0,44.127924757295006
1995-08-16 20:32:00,27.0,34.40625322934847
1995-08-16 20:33:00,45.0,32.331171885121
1995-08-16 20:34:00,38.0,39.707621026623805
1995-08-16 20:35:00,22.0,37.288625740348174
1995-08-16 20:36:00,39.0,30.18708894495149
1995-08-16 20:37:00,38.0,34.84394918352966
1995-08-16 20:38:00,49.0,35.887401682019004
1995-08-16 20:39:00,42.0,39.993944064532776
1995-08-16 20:40:00,16.0,37.55797235512565
1995-08-16 20:41:00,11.0,31.000384594095642
1995-08-16 20:42:00,26.0,27.427110791060805
1995-08-16 20:43:00,31.0,31.119994260754996
1995-08-16 20:44:00,44.0,33.80946008197789
1995-08-16 20:45:00,46.0,34.93126323926547
1995-08-16 20:46:00,24.0,39.205947926568825
1995-08-16 20:47:00,24.0,31.72591764078132
1995-08-16 20:48:00,2.0,29.189954520170218
1995-08-16 20:49:00,6.0,23.17700625760465
1995-08-16 20:50:00,22.0,21.08517017685517
1995-08-16 20:51:00,26.0,26.223069621709
1995-08-16 20:52:00,15.0,29.371983316732614
1995-08-16 20:53:00,18.0,25.754129062934776
1995-08-16 20:54:00,14.0,24.182128085295446
1995-08-16 20:55:00,13.0,23.069243718674862
1995-08-16 20:56:00,23.0,21.325030708375028
1995-08-16 20:57:00,37.0,24.771231816182055
1995-08-16 20:58:00,23.0,28.056252272143
1995-08-16 20:59:00,30.0,26.587834058151568
1995-08-16 21:00:00,25.0,25.856316317557837
1995-08-16 21:01:00,32.0,27.637732309984912
1995-08-16 21:02:00,32.0,26.25506263926297
1995-08-16 21:03:00,49.0,28.377077838975044
1995-08-16 21:04:00,39.0,33.057121491223214
1995-08-16 21:05:00,54.0,33.64127721429806
1995-08-16 21:06:00,40.0,36.03867896046038
1995-08-16 21:07:00,26.0,36.110432751574685
1995-08-16 21:08:00,45.0,32.26320176429537
1995-08-16 21:09:00,52.0,36.14760283694675
1995-08-16 21:10:00,40.0,37.43221250671124
1995-08-16 21:11:00,40.0,35.4880156626517
1995-08-16 21:12:00,58.0,36.77411276612208
1995-08-16 21:13:00,37.0,43.08669621293099
1995-08-16 21:14:00,24.0,38.1756374970221
1995-08-16 21:15:00,44.0,33.73323804269003
1995-08-16 21:16:00,48.0,37.9704806156798
1995-08-16 21:17:00,17.0,40.097278100205735
1995-08-16 21:18:00,40.0,33.6349441511068
1995-08-16 21:19:00,42.0,35.62286666441021
1995-08-16 21:20:00,35.0,38.33225269152735
1995-08-16 21:21:00,30.0,36.993786358830796
1995-08-16 21:22:00,29.0,34.0800244677797
1995-08-16 21:23:00,47.0,34.905075489187176
1995-08-16 21:24:00,31.0,39.35692043426182
1995-08-16 21:25:00,29.0,36.7944433720231
1995-08-16 21:26:00,51.0,34.20348383496011
1995-08-16 21:27:00,49.0,41.18780135029141
1995-08-16 21:28:00,36.0,41.444975551238144
1995-08-16 21:29:00,52.0,37.792448563616134
1995-08-16 21:30:00,27.0,43.27562854650641
1995-08-16 21:31:00,52.0,36.05083940651634
1995-08-16 21:32:00,48.0,42.99552429099993
1995-08-16 21:33:00,48.0,43.9456945934135
1995-08-16 21:34:00,41.0,43.72922792467978
1995-08-16 21:35:00,38.0,42.11528963036689
1995-08-16 21:36:00,33.0,39.56280312060866
1995-08-16 21:37:00,48.0,38.57075099420615
1995-08-16 21:38:00,32.0,41.703396721671126
1995-08-16 21:39:00,65.0,38.37238860636883
1995-08-16 21:40:00,49.0,47.46763498357481
1995-08-16 21:41:00,26.0,45.72879130027575
1995-08-16 21:42:00,43.0,35.7635187925762
1995-08-16 21:43:00,58.0,42.01378420446242
1995-08-16 21:44:00,28.0,47.12320676547267
1995-08-16 21:45:00,36.0,37.08107039818067
1995-08-16 21:46:00,54.0,38.5156889303629
1995-08-16 21:47:00,38.0,44.269182575171996
1995-08-16 21:48:00,48.0,39.85709458684088
1995-08-16 21:49:00,36.0,43.331255610884504
1995-08-16 21:50:00,24.0,40.16645398803372
1995-08-16 21:51:00,45.0,34.41346360008098
1995-08-16 21:52:00,25.0,39.877556971141516
1995-08-16 21:53:00,21.0,35.550210756314286
1995-08-16 21:54:00,20.0,31.392646007842735
1995-08-16 21:55:00,13.0,29.23781711385957
1995-08-16 21:56:00,49.0,25.8025531370491
1995-08-16 21:57:00,44.0,38.063602727617805
1995-08-16 21:58:00,39.0,37.79213526544275
1995-08-16 21:59:00,52.0,37.260274365915826
1995-08-16 22:00:00,34.0,42.224692406939845
1995-08-16 22:01:00,22.0,35.532005094857126
1995-08-16 22:02:00,21.0,31.782059668294462
1995-08-16 22:03:00,14.0,29.5042347890576
1995-08-16 22:04:00,20.0,27.88316634366066
1995-08-16 22:05:00,39.0,26.6655515670345
1995-08-16 22:06:00,31.0,34.71232649490371
1995-08-16 22:07:00,43.0,30.696678942464043
1995-08-16 22:08:00,51.0,35.262648926792906
1995-08-16 22:09:00,76.0,38.28791490368838
1995-08-16 22:10:00,60.0,49.367677195970565
1995-08-16 22:11:00,48.0,46.97067139402324
1995-08-16 22:12:00,43.0,43.116596056439164
1995-08-16 22:13:00,56.0,42.94496926978151
1995-08-16 22:14:00,42.0,48.59533959455947
1995-08-16 22:15:00,36.0,41.910420337085746
1995-08-16 22:16:00,54.0,38.079331162255265
1995-08-16 22:17:00,27.0,44.9140409499078
1995-08-16 22:18:00,35.0,36.00643624311749
1995-08-16 22:19:00,30.0,38.1717127947991
1995-08-16 22:20:00,41.0,35.639373668171395
1995-08-16 22:21:00,51.0,39.16486466410304
1995-08-16 22:22:00,31.0,43.61201062308304
1995-08-16 22:23:00,25.0,37.8752995436676
1995-08-16 22:24:00,38.0,33.16591161518308
1995-08-16 22:25:00,45.0,37.77550572663136
1995-08-16 22:26:00,29.0,41.38160814045416
1995-08-16 22:27:00,31.0,35.22946300368806
1995-08-16 22:28:00,27.0,35.06381608673426
1995-08-16 22:29:00,25.0,31.596168668959443
1995-08-16 22:30:00,30.0,29.858596074863748
1995-08-16 22:31:00,27.0,30.147027405449542
1995-08-16 22:32:00,27.0,32.05563179381207
1995-08-16 22:33:00,39.0,29.886488835320577
1995-08-16 22:34:00,28.0,33.9785526441609
1995-08-16 22:35:00,10.0,32.29863878689823
1995-08-16 22:36:00,35.0,25.3483759350492
1995-08-16 22:37:00,22.0,34.038222109540705
1995-08-16 22:38:00,32.0,27.579509516186604
1995-08-16 22:39:00,22.0,33.074550502321216
1995-08-16 22:40:00,23.0,28.500171071724992
1995-08-16 22:41:00,38.0,28.7325376680105
1995-08-16 22:42:00,20.0,33.02935280665873
1995-08-16 22:43:00,28.0,29.178087325535625
1995-08-16 22:44:00,23.0,29.89796041749628
1995-08-16 22:45:00,32.0,28.03864857210887
1995-08-16 22:46:00,44.0,30.125560743318808
1995-08-16 22:47:00,21.0,35.77155930279052
1995-08-16 22:48:00,18.0,27.67881963398531
1995-08-16 22:49:00,24.0,27.679428945600993
1995-08-16 22:50:00,16.0,28.692235117111565
1995-08-16 22:51:00,49.0,25.97564719244123
1995-08-16 22:52:00,31.0,35.47150429240846
1995-08-16 22:53:00,37.0,31.556435361869262
1995-08-16 22:54:00,25.0,33.95229151622192
1995-08-16 22:55:00,25.0,29.876338250745725
1995-08-16 22:56:00,36.0,28.979593910199366
1995-08-16 22:57:00,23.0,31.953751912914104
1995-08-16 22:58:00,6.0,27.999762075294694
1995-08-16 22:59:00,10.0,18.795411896623136
1995-08-16 23:00:00,29.0,20.77352957214849
1995-08-16 23:01:00,16.0,26.545121729792807
1995-08-16 23:02:00,25.0,20.5384415191419
1995-08-16 23:03:00,31.0,23.38523723108511
1995-08-16 23:04:00,41.0,26.37730295282212
1995-08-16 23:05:00,50.0,30.928798739677156
1995-08-16 23:06:00,22.0,34.41146298045245
1995-08-16 23:07:00,34.0,29.08712085987254
1995-08-16 23:08:00,22.0,31.330620930079665
1995-08-16 23:09:00,30.0,26.749595095240938
1995-08-16 23:10:00,14.0,27.50485473518982
1995-08-16 23:11:00,11.0,21.79781878776178
1995-08-16 23:12:00,24.0,20.26949264692221
1995-08-16 23:13:00,15.0,26.26728405816188
1995-08-16 23:14:00,20.0,22.739034558719315
1995-08-16 23:15:00,23.0,23.85201083071333
1995-08-16 23:16:00,19.0,24.593605345644455
1995-08-16 23:17:00,24.0,24.656726826470795
1995-08-16 23:18:00,15.0,26.433954600199804
1995-08-16 23:19:00,23.0,22.038116693879406
1995-08-16 23:20:00,8.0,24.850386529760588
1995-08-16 23:21:00,13.0,19.44414197796609
1995-08-16 23:22:00,30.0,18.955734162914847
1995-08-16 23:23:00,51.0,24.817956063186706
1995-08-16 23:24:00,29.0,29.21903824432153
1995-08-16 23:25:00,31.0,28.39077767373003
1995-08-16 23:26:00,29.0,28.505750972964627
1995-08-16 23:27:00,28.0,27.74357534259231
1995-08-16 23:28:00,24.0,27.329122612457986
1995-08-16 23:29:00,55.0,28.55038981368341
1995-08-16 23:30:00,25.0,33.6131834943777
1995-08-16 23:31:00,27.0,30.07588475239029
1995-08-16 23:32:00,51.0,27.25160450462615
1995-08-16 23:33:00,48.0,34.52411529220534
1995-08-16 23:34:00,57.0,35.86548398008678
1995-08-16 23:35:00,44.0,38.549717322817415
1995-08-16 23:36:00,33.0,37.241314705461875
1995-08-16 23:37:00,52.0,34.20081598694199
1995-08-16 23:38:00,36.0,39.5278877177935
1995-08-16 23:39:00,44.0,35.95384162200331
1995-08-16 23:40:00,30.0,37.66096138173268
1995-08-16 23:41:00,47.0,33.85556409361658
1995-08-16 23:42:00,69.0,38.77314679669293
1995-08-16 23:43:00,53.0,46.05903469768246
1995-08-16 23:44:00,47.0,43.92532720940186
1995-08-16 23:45:00,27.0,43.64740215059178
1995-08-16 23:46:00,49.0,36.538297329371495
1995-08-16 23:47:00,21.0,42.52537036746384
1995-08-16 23:48:00,19.0,32.9031631674501
1995-08-16 23:49:00,22.0,32.51744820515872
1995-08-16 23:50:00,20.0,32.755015016368006
1995-08-16 23:51:00,8.0,28.497817318319207
1995-08-16 23:52:00,27.0,23.228822416341618
1995-08-16 23:53:00,20.0,29.660382016098275
1995-08-16 23:54:00,31.0,26.56801037331837
1995-08-16 23:55:00,21.0,30.31095290388759
1995-08-16 23:56:00,37.0,28.261228398124807
1995-08-16 23:57:00,57.0,34.005390057375685
1995-08-16 23:58:00,33.0,40.79804694477265
1995-08-16 23:59:00,23.0,33.96597579470573
1995-08-17 00:00:00,33.0,28.30118467087436
1995-08-17 00:01:00,27.0,31.85643646238308
1995-08-17 00:02:00,20.0,30.02275873036375
1995-08-17 00:03:00,28.0,27.213296863431047
1995-08-17 00:04:00,31.0,29.90331009603858
1995-08-17 00:05:00,18.0,29.411526051783824
1995-08-17 00:06:00,20.0,24.982750348603677
1995-08-17 00:07:00,17.0,24.81187510400721
1995-08-17 00:08:00,8.0,24.157293907227704
1995-08-17 00:09:00,17.0,20.696422538723148
1995-08-17 00:10:00,40.0,21.897182805244565
1995-08-17 00:11:00,37.0,30.477152388231914
1995-08-17 00:12:00,32.0,31.985984883681276
1995-08-17 00:13:00,49.0,29.439693803675784
1995-08-17 00:14:00,20.0,33.109871924270905
1995-08-17 00:15:00,25.0,26.534185106046554
1995-08-17 00:16:00,36.0,26.079602513530485
1995-08-17 00:17:00,34.0,29.687142241250704
1995-08-17 00:18:00,7.0,30.259875395842304
1995-08-17 00:19:00,24.0,20.73311918578297
1995-08-17 00:20:00,20.0,23.291023633471294
1995-08-17 00:21:00,19.0,22.23243791770459
1995-08-17 00:22:00,35.0,21.903417425868135
1995-08-17 00:23:00,36.0,28.887070941164282
1995-08-17 00:24:00,28.0,28.775017738694594
1995-08-17 00:25:00,24.0,25.597379751827518
1995-08-17 00:26:00,33.0,25.49553687851607
1995-08-17 00:27:00,25.0,27.414214276327108
1995-08-17 00:28:00,26.0,26.172253738037092
1995-08-17 00:29:00,37.0,24.45730489751711
1995-08-17 00:30:00,47.0,29.137042877796226
1995-08-17 00:31:00,23.0,32.1874331235574
1995-08-17 00:32:00,24.0,27.90042379292974
1995-08-17 00:33:00,22.0,26.695583731832542
1995-08-17 00:34:00,20.0,23.02059620705899
1995-08-17 00:35:00,18.0,24.54455036502052
1995-08-17 00:36:00,23.0,23.730745286655168
1995-08-17 00:37:00,34.0,24.547733446189667
1995-08-17 00:38:00,20.0,27.278696180760846
1995-08-17 00:39:00,11.0,23.235821376384152
1995-08-17 00:40:00,14.0,19.82891158150554
1995-08-17 00:41:00,32.0,19.60226629410148
1995-08-17 00:42:00,27.0,25.977963747496517
1995-08-17 00:43:00,27.0,26.0615444767698
1995-08-17 00:44:00,27.0,25.715873428096117
1995-08-17 00:45:00,29.0,26.59413387386433
1995-08-17 00:46:00,37.0,27.157214491372823
1995-08-17 00:47:00,14.0,29.144919491934086
1995-08-17 00:48:00,20.0,22.347096569953532
1995-08-17 00:49:00,15.0,22.597397813276338
1995-08-17 00:50:00,32.0,20.685809439570512
1995-08-17 00:51:00,16.0,26.10127999156516
1995-08-17 00:52:00,15.0,22.37814088682755
1995-08-17 00:53:00,18.0,19.8574304405165
1995-08-17 00:54:00,32.0,20.284642902259414
1995-08-17 00:55:00,9.0,24.52193413862846
1995-08-17 00:56:00,36.0,19.56376110526313
1995-08-17 00:57:00,21.0,28.31989228558396
1995-08-17 00:58:00,19.0,23.890296941149636
1995-08-17 00:59:00,25.0,24.433633999956065
1995-08-17 01:00:00,14.0,23.868730473304215
1995-08-17 01:01:00,15.0,19.845989711584565
1995-08-17 01:02:00,3.0,19.044557067475967
1995-08-17 01:03:00,14.0,14.0290608099789
1995-08-17 01:04:00,29.0,16.39015856895499
1995-08-17 01:05:00,30.0,20.507217638893817
1995-08-17 01:06:00,50.0,23.310347061731616
1995-08-17 01:07:00,35.0,27.357934665650617
1995-08-17 01:08:00,38.0,28.075880831906765
1995-08-17 01:09:00,13.0,30.396469611153524
1995-08-17 01:10:00,19.0,21.628429591244664
1995-08-17 01:11:00,27.0,21.90173145274869
1995-08-17 01:12:00,39.0,25.283695812202488
1995-08-17 01:13:00,22.0,29.534465694278357
1995-08-17 01:14:00,22.0,24.528563726402407
1995-08-17 01:15:00,21.0,24.17932549100996
1995-08-17 01:16:00,34.0,21.64877562312909
1995-08-17 01:17:00,24.0,28.332974848132803
1995-08-17 01:18:00,9.0,22.858356540538814
1995-08-17 01:19:00,37.0,18.801566653366695
1995-08-17 01:20:00,18.0,25.99672754056243
1995-08-17 01:21:00,9.0,22.134197108552385
1995-08-17 01:22:00,24.0,18.292672789881298
1995-08-17 01:23:00,2.0,21.83293254528837
1995-08-17 01:24:00,10.0,14.766462463809702
1995-08-17 01:25:00,36.0,17.452703175122256
1995-08-17 01:26:00,26.0,25.028238292935374
1995-08-17 01:27:00,33.0,23.556717453967806
1995-08-17 01:28:00,11.0,25.181476191403565
1995-08-17 01:29:00,17.0,18.135692577116274
1995-08-17 01:30:00,22.0,19.827715698286955
1995-08-17 01:31:00,17.0,23.02577584163848
1995-08-17 01:32:00,5.0,18.60974505390009
1995-08-17 01:33:00,3.0,14.600127841246907
1995-08-17 01:34:00,21.0,13.06806445147736
1995-08-17 01:35:00,22.0,18.07306575430814
1995-08-17 01:36:00,25.0,20.060358656476534
1995-08-17 01:37:00,31.0,21.558255771123093
1995-08-17 01:38:00,18.0,22.689204830248727
1995-08-17 01:39:00,20.0,21.024182804427056
1995-08-17 01:40:00,12.0,20.07417448962649
1995-08-17 01:41:00,16.0,18.167010890454904
1995-08-17 01:42:00,20.0,18.949290366288455
1995-08-17 01:43:00,23.0,19.046441102676358
1995-08-17 01:44:00,11.0,19.78184943872566
1995-08-17 01:45:00,40.0,17.087375290809597
1995-08-17 01:46:00,16.0,24.527224698904664
1995-08-17 01:47:00,21.0,20.367607694628493
1995-08-17 01:48:00,21.0,20.89097636528226
1995-08-17 01:49:00,22.0,20.221448910738477
1995-08-17 01:50:00,17.0,19.907531806494337
1995-08-17 01:51:00,25.0,19.85204790987643
1995-08-17 01:52:00,27.0,21.435569222639206
1995-08-17 01:53:00,33.0,22.832671927967542
1995-08-17 01:54:00,18.0,24.86380197497487
1995-08-17 01:55:00,30.0,21.97141658583647
1995-08-17 01:56:00,25.0,22.55109653090688
1995-08-17 01:57:00,25.0,21.78520825631022
1995-08-17 01:58:00,25.0,24.720762287398944
1995-08-17 01:59:00,17.0,23.603951026817374
1995-08-17 02:00:00,50.0,22.393968456160106
1995-08-17 02:01:00,23.0,31.3632846706287
1995-08-17 02:02:00,26.0,25.162265825341414
1995-08-17 02:03:00,16.0,25.7021383289645
1995-08-17 02:04:00,5.0,22.27853838431611
1995-08-17 02:05:00,14.0,16.885543231613944
1995-08-17 02:06:00,13.0,19.33727302406536
1995-08-17 02:07:00,33.0,19.06258218250871
1995-08-17 02:08:00,25.0,23.13997747338569
1995-08-17 02:09:00,18.0,23.41424059475783
1995-08-17 02:10:00,37.0,20.26184875910368
1995-08-17 02:11:00,8.0,27.957234446568872
1995-08-17 02:12:00,23.0,18.294517925662266
1995-08-17 02:13:00,14.0,22.33343723147919
1995-08-17 02:14:00,12.0,19.532610466255274
1995-08-17 02:15:00,28.0,17.452043360205188
1995-08-17 02:16:00,39.0,22.364253004165047
1995-08-17 02:17:00,13.0,23.562667822543403
1995-08-17 02:18:00,5.0,21.503338437318074
1995-08-17 02:19:00,41.0,14.696517957643866
1995-08-17 02:20:00,17.0,23.899474980656088
1995-08-17 02:21:00,12.0,19.50882590532713
1995-08-17 02:22:00,5.0,18.01829192203103
1995-08-17 02:23:00,15.0,14.438094679438137
1995-08-17 02:24:00,20.0,17.66047177179177
1995-08-17 02:25:00,13.0,20.455731786259552
1995-08-17 02:26:00,12.0,16.67135957234967
1995-08-17 02:27:00,21.0,15.952142319097351
1995-08-17 02:28:00,36.0,17.968864990242224
1995-08-17 02:29:00,17.0,23.35889879733064
1995-08-17 02:30:00,5.0,19.913257000653573
1995-08-17 02:31:00,3.0,13.838578236711522
1995-08-17 02:32:00,8.0,12.412993687218433
1995-08-17 02:33:00,7.0,14.293036631194049
1995-08-17 02:34:00,8.0,12.75018216449905
1995-08-17 02:35:00,21.0,13.485278519421636
1995-08-17 02:36:00,26.0,18.08301317066242
1995-08-17 02:37:00,20.0,20.02215976820891
1995-08-17 02:38:00,23.0,19.206589062391405
1995-08-17 02:39:00,16.0,18.7485215287253
1995-08-17 02:40:00,22.0,17.09976004221808
1995-08-17 02:41:00,4.0,18.46480454813912
1995-08-17 02:42:00,16.0,13.22050103329316
1995-08-17 02:43:00,36.0,16.216306918013398
1995-08-17 02:44:00,21.0,23.07436062057326
1995-08-17 02:45:00,10.0,17.403598836074533
1995-08-17 02:46:00,13.0,14.595455483192907
1995-08-17 02:47:00,15.0,15.204516598690295
1995-08-17 02:48:00,9.0,17.008683897315777
1995-08-17 02:49:00,3.0,14.20129115370487
1995-08-17 02:50:00,8.0,11.243356256164667
1995-08-17 02:51:00,6.0,12.235464284912206
1995-08-17 02:52:00,14.0,11.67074354843332
1995-08-17 02:53:00,17.0,13.724769852753171
1995-08-17 02:54:00,8.0,13.920602173312702
1995-08-17 02:55:00,12.0,12.714028569378991
1995-08-17 02:56:00,21.0,12.737755506850188
1995-08-17 02:57:00,9.0,15.41790008618294
1995-08-17 02:58:00,7.0,13.350692475037258
1995-08-17 02:59:00,11.0,12.129554545263433
1995-08-17 03:00:00,12.0,13.255585837596623
1995-08-17 03:01:00,9.0,13.492338664281835
1995-08-17 03:02:00,15.0,13.01276091886099
1995-08-17 03:03:00,10.0,14.027369302328523
1995-08-17 03:04:00,2.0,13.248263333996874
1995-08-17 03:05:00,18.0,9.55578666509312
1995-08-17 03:06:00,10.0,13.66276610486422
1995-08-17 03:07:00,18.0,12.94527815312193
1995-08-17 03:08:00,16.0,13.685585153966201
1995-08-17 03:09:00,12.0,14.568114482470325
1995-08-17 03:10:00,12.0,14.174756280726502
1995-08-17 03:11:00,4.0,12.788627646105507
1995-08-17 03:12:00,12.0,10.333026568587309
1995-08-17 03:13:00,22.0,12.477132582852416
1995-08-17 03:14:00,9.0,15.555071549162829
1995-08-17 03:15:00,14.0,12.965773549046803
1995-08-17 03:16:00,4.0,13.68778226008696
1995-08-17 03:17:00,0.0,8.959372820567246
1995-08-17 03:22:00,6.0,12.192605457991899
1995-08-17 03:24:00,5.0,11.884846913369147
1995-08-17 03:25:00,15.0,9.80880240313683
1995-08-17 03:26:00,7.0,13.142841521193752
1995-08-17 03:27:00,2.0,11.270865750023523
1995-08-17 03:28:00,5.0,8.326969588028087
1995-08-17 03:29:00,16.0,9.105226086335502
1995-08-17 03:30:00,15.0,12.637973048962053
1995-08-17 03:31:00,7.0,13.722992477977465
1995-08-17 03:32:00,5.0,10.76049290367771
1995-08-17 03:34:00,4.0,10.598883450517075
1995-08-17 03:35:00,6.0,8.678535439534496
1995-08-17 03:36:00,14.0,9.97174289316261
1995-08-17 03:37:00,4.0,12.930610736607091
1995-08-17 03:38:00,18.0,9.91350966665222
1995-08-17 03:39:00,22.0,14.962581828593981
1995-08-17 03:40:00,10.0,15.759909997037797
1995-08-17 03:41:00,10.0,12.667902421001298
1995-08-17 03:42:00,18.0,12.748475742581842
1995-08-17 03:43:00,22.0,14.229191407203832
1995-08-17 03:44:00,8.0,15.582793840290005
1995-08-17 03:45:00,19.0,13.554548605439482
1995-08-17 03:46:00,13.0,15.937394008538307
1995-08-17 03:47:00,22.0,13.15500138305473
1995-08-17 03:48:00,9.0,15.829734178296063
1995-08-17 03:49:00,12.0,14.30636717372259
1995-08-17 03:50:00,9.0,13.715365133115977
1995-08-17 03:51:00,19.0,13.326070528612632
1995-08-17 03:52:00,21.0,15.6673311941859
1995-08-17 03:53:00,18.0,17.38384516734484
1995-08-17 03:54:00,8.0,15.452478596618572
1995-08-17 03:55:00,37.0,13.694559106940401
1995-08-17 03:56:00,28.0,23.409253414740295
1995-08-17 03:57:00,21.0,21.244692646675677
1995-08-17 03:58:00,13.0,18.8463559523962
1995-08-17 03:59:00,24.0,17.023000849021575
1995-08-17 04:00:00,21.0,19.235651826059676
1995-08-17 04:01:00,30.0,17.79794706054786
1995-08-17 04:02:00,22.0,18.95817759182032
1995-08-17 04:03:00,29.0,19.200439395532136
1995-08-17 04:04:00,24.0,21.51539516995947
1995-08-17 04:05:00,31.0,20.3709108756647
1995-08-17 04:06:00,42.0,23.963512686059723
1995-08-17 04:07:00,16.0,25.830669075310038
1995-08-17 04:08:00,23.0,20.743265699830364
1995-08-17 04:09:00,29.0,23.279881078262193
1995-08-17 04:10:00,39.0,25.572587368066063
1995-08-17 04:11:00,15.0,28.76633907120748
1995-08-17 04:12:00,13.0,20.61358847159352
1995-08-17 04:13:00,18.0,20.031170209008618
1995-08-17 04:14:00,31.0,22.17220430286082
1995-08-17 04:15:00,29.0,26.116292096237654
1995-08-17 04:16:00,30.0,25.989884084840174
1995-08-17 04:17:00,23.0,25.946979358070145
1995-08-17 04:18:00,14.0,24.608080114806796
1995-08-17 04:19:00,34.0,20.15780624571003
1995-08-17 04:20:00,25.0,25.876603757148327
1995-08-17 04:21:00,13.0,24.135532711442387
1995-08-17 04:22:00,21.0,20.01758258266735
1995-08-17 04:23:00,19.0,22.901092379101463
1995-08-17 04:24:00,12.0,21.91491502759403
1995-08-17 04:25:00,19.0,18.4159715827851
1995-08-17 04:26:00,11.0,20.240187055723784
1995-08-17 04:27:00,2.0,16.83943121372196
1995-08-17 04:28:00,5.0,12.854284423240182
1995-08-17 04:29:00,6.0,13.344780535254616
1995-08-17 04:30:00,25.0,13.114182652394032
1995-08-17 04:31:00,18.0,21.06721309002598
1995-08-17 04:32:00,18.0,17.836289340996558
1995-08-17 04:33:00,10.0,17.705949866528766
1995-08-17 04:34:00,10.0,14.905360893871135
1995-08-17 04:35:00,13.0,14.626857652755248
1995-08-17 04:36:00,30.0,16.60109813497931
1995-08-17 04:37:00,31.0,21.062966442311975
1995-08-17 04:38:00,9.0,21.45301002383281
1995-08-17 04:39:00,10.0,15.621513931081719
1995-08-17 04:40:00,16.0,15.501609999492558
1995-08-17 04:41:00,6.0,17.214843128500984
1995-08-17 04:42:00,16.0,13.099956734009691
1995-08-17 04:43:00,24.0,15.255902395887219
1995-08-17 04:44:00,12.0,18.401923821762985
1995-08-17 04:45:00,25.0,15.04089804965822
1995-08-17 04:46:00,28.0,19.78254484545246
1995-08-17 04:47:00,16.0,20.654347575951082
1995-08-17 04:48:00,19.0,18.119174977285226
1995-08-17 04:49:00,20.0,17.937568777811773
1995-08-17 04:50:00,16.0,18.493339728134128
1995-08-17 04:51:00,12.0,17.677513927760554
1995-08-17 04:52:00,16.0,16.26625251944142
1995-08-17 04:53:00,10.0,16.512297710219194
1995-08-17 04:54:00,1.0,15.226734483588396
1995-08-17 04:55:00,7.0,9.497319216769046
1995-08-17 04:56:00,6.0,11.456781121409744
1995-08-17 04:57:00,2.0,12.173043262018696
1995-08-17 04:58:00,2.0,9.188224705907524
1995-08-17 04:59:00,2.0,9.190583382336037
1995-08-17 05:00:00,12.0,8.5599823958792
1995-08-17 05:01:00,10.0,11.33449604910337
1995-08-17 05:02:00,17.0,12.08498829637915
1995-08-17 05:03:00,0.0,13.932679536889614
1995-08-17 05:08:00,16.0,13.986795977207166
1995-08-17 05:10:00,9.0,10.030486540834335
1995-08-17 05:11:00,9.0,11.85177978177468
1995-08-17 05:12:00,39.0,11.681640675934986
1995-08-17 05:13:00,22.0,20.60631894095189
1995-08-17 05:14:00,14.0,18.309326597352754
1995-08-17 05:15:00,4.0,16.69311742044814
1995-08-17 05:16:00,13.0,12.10508720577746
1995-08-17 05:17:00,24.0,14.790472757131571
1995-08-17 05:18:00,17.0,18.261970437887634
1995-08-17 05:20:00,7.0,15.188999194512721
1995-08-17 05:21:00,4.0,11.52275503910487
1995-08-17 05:22:00,4.0,10.329004317880683
1995-08-17 05:23:00,17.0,10.168237116905845
1995-08-17 05:24:00,13.0,14.5297946569194
1995-08-17 05:25:00,19.0,12.719831015805635
1995-08-17 05:26:00,39.0,16.003399162877468
1995-08-17 05:27:00,39.0,21.987362302415473
1995-08-17 05:28:00,15.0,24.30377472686317
1995-08-17 05:29:00,11.0,18.20445193672569
1995-08-17 05:30:00,8.0,15.390751324817662
1995-08-17 05:31:00,23.0,13.725448132320066
1995-08-17 05:32:00,7.0,18.908308435885417
1995-08-17 05:33:00,19.0,13.20829572486929
1995-08-17 05:34:00,1.0,15.825060045890327
1995-08-17 05:35:00,13.0,9.115400400551826
1995-08-17 05:36:00,24.0,13.650038667880656
1995-08-17 05:37:00,15.0,17.748768013671327
1995-08-17 05:38:00,12.0,16.018515841109874
1995-08-17 05:39:00,11.0,13.92432595579502
1995-08-17 05:40:00,8.0,12.805715576659129
1995-08-17 05:41:00,23.0,12.090873781825316
1995-08-17 05:42:00,16.0,19.131963886766073
1995-08-17 05:43:00,13.0,16.288830148827294
1995-08-17 05:44:00,15.0,15.229629645121651
1995-08-17 05:45:00,15.0,14.24613064018231
1995-08-17 05:46:00,20.0,14.590134934223586
1995-08-17 05:47:00,9.0,16.295207315253062
1995-08-17 05:48:00,2.0,13.48665971143131
1995-08-17 05:49:00,4.0,9.175436827720631
1995-08-17 05:50:00,10.0,9.968958852354854
1995-08-17 05:51:00,2.0,12.637842145916473
1995-08-17 05:52:00,17.0,8.260129171673364
1995-08-17 05:53:00,23.0,15.361887683249192
1995-08-17 05:54:00,10.0,18.62876312386665
1995-08-17 05:55:00,19.0,13.591315087099316
1995-08-17 05:56:00,11.0,15.86539454485378
1995-08-17 05:57:00,13.0,13.068506811039562
1995-08-17 05:58:00,5.0,15.428053587476313
1995-08-17 05:59:00,19.0,10.02177494403675
1995-08-17 06:00:00,24.0,16.969177899759966
1995-08-17 06:01:00,27.0,18.726388005449568
1995-08-17 06:02:00,8.0,19.97639578382566
1995-08-17 06:03:00,18.0,14.10670105409883
1995-08-17 06:04:00,15.0,18.114176198684905
1995-08-17 06:05:00,13.0,16.94639416931462
1995-08-17 06:06:00,1.0,15.389592602652877
1995-08-17 06:07:00,7.0,9.898842836701633
1995-08-17 06:08:00,14.0,13.185859287006618
1995-08-17 06:09:00,11.0,14.665489205674783
1995-08-17 06:10:00,12.0,13.294992484729903
1995-08-17 06:11:00,21.0,12.961613052544084
1995-08-17 06:12:00,10.0,15.9331628671564
1995-08-17 06:13:00,11.0,13.63510420243162
1995-08-17 06:14:00,20.0,12.510660510585062
1995-08-17 06:15:00,4.0,15.147406078648407
1995-08-17 06:16:00,3.0,10.916254172113833
1995-08-17 06:17:00,17.0,9.062909627958216
1995-08-17 06:18:00,10.0,13.963312734227694
1995-08-17 06:19:00,5.0,12.59903204014413
1995-08-17 06:20:00,5.0,9.751183571788612
1995-08-17 06:21:00,9.0,9.905049119195214
1995-08-17 06:22:00,6.0,13.219956380330512
1995-08-17 06:23:00,11.0,11.631395398154812
1995-08-17 06:24:00,6.0,12.391321222362881
1995-08-17 06:25:00,10.0,10.82363050391345
1995-08-17 06:26:00,15.0,11.431270052804829
1995-08-17 06:27:00,10.0,12.68851089531199
1995-08-17 06:28:00,19.0,12.840198899851597
1995-08-17 06:29:00,12.0,15.364111674102412
1995-08-17 06:30:00,5.0,12.695508166194465
1995-08-17 06:31:00,7.0,9.805920688148017
1995-08-17 06:32:00,19.0,10.796186621259286
1995-08-17 06:33:00,28.0,13.922441663038809
1995-08-17 06:34:00,19.0,18.07476567374725
1995-08-17 06:35:00,16.0,14.898112551756455
1995-08-17 06:36:00,14.0,15.06195023021927
1995-08-17 06:37:00,31.0,15.406119444738387
1995-08-17 06:38:00,11.0,19.98090427440555
1995-08-17 06:39:00,18.0,15.909339609495335
1995-08-17 06:40:00,27.0,17.17808903618541
1995-08-17 06:41:00,8.0,20.589710660240314
1995-08-17 06:42:00,8.0,14.170689724578475
1995-08-17 06:43:00,9.0,12.057186527614212
1995-08-17 06:44:00,1.0,13.104891332042875
1995-08-17 06:45:00,13.0,8.749033686170474
1995-08-17 06:46:00,19.0,13.29196593514973
1995-08-17 06:47:00,3.0,14.731393281461658
1995-08-17 06:48:00,15.0,11.829561411311982
1995-08-17 06:49:00,12.0,14.632313034114803
1995-08-17 06:50:00,11.0,13.924381795430559
1995-08-17 06:51:00,23.0,12.797274140770527
1995-08-17 06:52:00,31.0,18.177492014773534
1995-08-17 06:53:00,36.0,20.9849145227383
1995-08-17 06:54:00,25.0,23.731189464229857
1995-08-17 06:55:00,24.0,20.449218517430047
1995-08-17 06:56:00,52.0,21.546269107536364
1995-08-17 06:57:00,30.0,26.814638793236057
1995-08-17 06:58:00,29.0,25.191695218160387
1995-08-17 06:59:00,22.0,23.286123409037817
1995-08-17 07:00:00,28.0,25.027579627804165
1995-08-17 07:01:00,21.0,26.916194835351103
1995-08-17 07:02:00,8.0,24.822849801297068
1995-08-17 07:03:00,36.0,20.233461304445918
1995-08-17 07:04:00,43.0,29.58859013658186
1995-08-17 07:05:00,31.0,31.95448344669476
1995-08-17 07:06:00,31.0,28.461869536237696
1995-08-17 07:07:00,26.0,30.061427560250873
1995-08-17 07:08:00,28.0,28.399782088134966
1995-08-17 07:09:00,30.0,28.670903943839306
1995-08-17 07:10:00,40.0,29.40494553989576
1995-08-17 07:11:00,34.0,31.794004951180742
1995-08-17 07:12:00,42.0,31.014632568730104
1995-08-17 07:13:00,37.0,32.51751638198323
1995-08-17 07:14:00,41.0,33.6403186381868
1995-08-17 07:15:00,11.0,34.93276159310713
1995-08-17 07:16:00,23.0,26.179835483490944
1995-08-17 07:17:00,25.0,29.166911812480027
1995-08-17 07:18:00,26.0,27.409875240149322
1995-08-17 07:19:00,29.0,29.387249463106677
1995-08-17 07:20:00,32.0,29.55552624826226
1995-08-17 07:21:00,29.0,31.41206934488035
1995-08-17 07:22:00,21.0,31.335992468014773
1995-08-17 07:23:00,23.0,28.618051770602342
1995-08-17 07:24:00,40.0,29.194410077955002
1995-08-17 07:25:00,58.0,32.16866391779997
1995-08-17 07:26:00,30.0,40.61811271248438
1995-08-17 07:27:00,36.0,33.57260739776247
1995-08-17 07:28:00,26.0,35.51266562200581
1995-08-17 07:29:00,29.0,31.630851564082665
1995-08-17 07:30:00,18.0,31.802139275951667
1995-08-17 07:31:00,23.0,29.852546899826056
1995-08-17 07:32:00,35.0,29.32542310953259
1995-08-17 07:33:00,26.0,31.88777586760392
1995-08-17 07:34:00,12.0,30.06185932454008
1995-08-17 07:35:00,20.0,25.298021407262155
1995-08-17 07:36:00,24.0,27.90000487631817
1995-08-17 07:37:00,19.0,28.273441997736956
1995-08-17 07:38:00,21.0,26.316819508289704
1995-08-17 07:39:00,28.0,26.28079228165051
1995-08-17 07:40:00,30.0,29.508931537091666
1995-08-17 07:41:00,30.0,29.837691932463468
1995-08-17 07:42:00,43.0,29.85649672084156
1995-08-17 07:43:00,22.0,34.61223485098717
1995-08-17 07:44:00,39.0,28.288827254236473
1995-08-17 07:45:00,40.0,33.66569291931172
1995-08-17 07:46:00,35.0,34.08254937459422
1995-08-17 07:47:00,40.0,34.52420343838571
1995-08-17 07:48:00,41.0,36.04153082448881
1995-08-17 07:49:00,32.0,36.79694079473323
1995-08-17 07:50:00,34.0,33.60835942520274
1995-08-17 07:51:00,35.0,34.49560764928594
1995-08-17 07:52:00,42.0,34.14607858617158
1995-08-17 07:53:00,48.0,37.44847099797575
1995-08-17 07:54:00,38.0,40.53319785984795
1995-08-17 07:55:00,35.0,37.70677516995137
1995-08-17 07:56:00,35.0,35.549713758638745
1995-08-17 07:57:00,37.0,35.275487757035584
1995-08-17 07:58:00,25.0,36.74333724941796
1995-08-17 07:59:00,49.0,32.997946820417106
1995-08-17 08:00:00,46.0,40.13416096385718
1995-08-17 08:01:00,36.0,41.8138846497848
1995-08-17 08:02:00,52.0,37.952207230583554
1995-08-17 08:03:00,67.0,42.05888708473306
1995-08-17 08:04:00,31.0,50.04214609972519
1995-08-17 08:05:00,43.0,39.83455024781262
1995-08-17 08:06:00,33.0,43.29755285121609
1995-08-17 08:07:00,45.0,40.02338018327486
1995-08-17 08:08:00,44.0,40.83932510707905
1995-08-17 08:09:00,41.0,42.19627457195748
1995-08-17 08:10:00,36.0,43.23590296000815
1995-08-17 08:11:00,49.0,42.48400774862653
1995-08-17 08:12:00,26.0,44.77647577268857
1995-08-17 08:13:00,65.0,39.29013572619503
1995-08-17 08:14:00,58.0,49.79580227090782
1995-08-17 08:15:00,46.0,51.32634289781086
1995-08-17 08:16:00,54.0,46.51621352303761
1995-08-17 08:17:00,52.0,49.968609089950235
1995-08-17 08:18:00,54.0,49.02117501340638
1995-08-17 08:19:00,41.0,53.229439692205865
1995-08-17 08:20:00,54.0,47.66750250930709
1995-08-17 08:21:00,54.0,49.20415445449925
1995-08-17 08:22:00,35.0,50.055987775326436
1995-08-17 08:23:00,50.0,43.8662737244049
1995-08-17 08:24:00,64.0,46.86589523501157
1995-08-17 08:25:00,27.0,53.51479133468679
1995-08-17 08:26:00,75.0,43.700224238858624
1995-08-17 08:27:00,33.0,52.9947638832942
1995-08-17 08:28:00,44.0,43.404927779972695
1995-08-17 08:29:00,23.0,48.444625561185
1995-08-17 08:30:00,28.0,40.067802060483004
1995-08-17 08:31:00,38.0,38.42482644608313
1995-08-17 08:32:00,44.0,42.73818584699845
1995-08-17 08:33:00,32.0,44.62871263406963
1995-08-17 08:34:00,43.0,42.28479372046161
1995-08-17 08:35:00,43.0,42.88916414582966
1995-08-17 08:36:00,41.0,44.72814900195836
1995-08-17 08:37:00,31.0,44.122207161940985
1995-08-17 08:38:00,30.0,42.07103397103915
1995-08-17 08:39:00,48.0,38.493128535947676
1995-08-17 08:40:00,42.0,42.60091784313621
1995-08-17 08:41:00,45.0,43.42232631502564
1995-08-17 08:42:00,36.0,44.938906716073674
1995-08-17 08:43:00,22.0,43.612846991558285
1995-08-17 08:44:00,44.0,36.24567342565614
1995-08-17 08:45:00,36.0,40.27458134557496
1995-08-17 08:46:00,60.0,40.61601326899795
1995-08-17 08:47:00,43.0,47.10534924338424
1995-08-17 08:48:00,39.0,44.49524622146855
1995-08-17 08:49:00,45.0,42.45028410339855
1995-08-17 08:50:00,35.0,44.249328324239144
1995-08-17 08:51:00,60.0,42.57579310370996
1995-08-17 08:52:00,45.0,49.106111060604604
1995-08-17 08:53:00,21.0,45.83524656873629
1995-08-17 08:54:00,58.0,37.959457650304955
1995-08-17 08:55:00,54.0,46.972474577503604
1995-08-17 08:56:00,50.0,49.108313017838015
1995-08-17 08:57:00,57.0,49.207910212504295
1995-08-17 08:58:00,33.0,50.850518261406606
1995-08-17 08:59:00,62.0,43.71437315413567
1995-08-17 09:00:00,36.0,51.445823125051795
1995-08-17 09:01:00,32.0,44.87278796558521
1995-08-17 09:02:00,47.0,41.33456087809734
1995-08-17 09:03:00,54.0,47.807798865059574
1995-08-17 09:04:00,50.0,48.97665960611381
1995-08-17 09:05:00,62.0,49.08408444680436
1995-08-17 09:06:00,45.0,53.18503453668588
1995-08-17 09:07:00,58.0,45.83481311064425
1995-08-17 09:08:00,68.0,52.09192515287947
1995-08-17 09:09:00,54.0,55.29272355574705
1995-08-17 09:10:00,64.0,54.52640071043538
1995-08-17 09:11:00,43.0,56.04183471537215
1995-08-17 09:12:00,51.0,51.15337942420495
1995-08-17 09:13:00,44.0,52.010527268666436
1995-08-17 09:14:00,41.0,49.58874454233009
1995-08-17 09:15:00,33.0,48.2885578420589
1995-08-17 09:16:00,32.0,44.17702314205381
1995-08-17 09:17:00,68.0,42.74714952676294
1995-08-17 09:18:00,48.0,53.38588816576918
1995-08-17 09:19:00,30.0,50.81354051812152
1995-08-17 09:20:00,74.0,43.68295832806198
1995-08-17 09:21:00,68.0,56.54373459336692
1995-08-17 09:22:00,63.0,61.39815708297587
1995-08-17 09:23:00,23.0,59.4900516745952
1995-08-17 09:24:00,49.0,47.5002906886251
1995-08-17 09:25:00,65.0,50.80908057705066
1995-08-17 09:26:00,50.0,55.831171513643284
1995-08-17 09:27:00,62.0,54.29655356687864
1995-08-17 09:28:00,87.0,56.36120631494451
1995-08-17 09:29:00,72.0,60.223024113115464
1995-08-17 09:30:00,34.0,65.04830555323834
1995-08-17 09:31:00,52.0,52.20190416849195
1995-08-17 09:32:00,50.0,55.71513535557691
1995-08-17 09:33:00,48.0,53.861952164947525
1995-08-17 09:34:00,72.0,55.759468141823
1995-08-17 09:35:00,23.0,61.44912231450617
1995-08-17 09:36:00,53.0,46.21210911233646
1995-08-17 09:37:00,40.0,53.77923713174891
1995-08-17 09:38:00,54.0,50.729165482025316
1995-08-17 09:39:00,65.0,52.99539780574634
1995-08-17 09:40:00,48.0,58.2555323093885
1995-08-17 09:41:00,50.0,53.5054799318897
1995-08-17 09:42:00,48.0,52.49680595248658
1995-08-17 09:43:00,46.0,53.30842703215712
1995-08-17 09:44:00,40.0,52.58830852821315
1995-08-17 09:45:00,62.0,52.13510808239789
1995-08-17 09:46:00,31.0,55.764664874809945
1995-08-17 09:47:00,21.0,48.190775255061915
1995-08-17 09:48:00,55.0,36.83673505725619
1995-08-17 09:49:00,55.0,47.18292978156959
1995-08-17 09:50:00,69.0,51.54899357862337
1995-08-17 09:51:00,49.0,55.49401804147846
1995-08-17 09:52:00,44.0,53.09794454411122
1995-08-17 09:53:00,53.0,52.47596199293819
1995-08-17 09:54:00,63.0,55.750441118054056
1995-08-17 09:55:00,48.0,60.1385819545473
1995-08-17 09:56:00,36.0,54.55923275680155
1995-08-17 09:57:00,86.0,50.33344660966325
1995-08-17 09:58:00,43.0,59.07748725902689
1995-08-17 09:59:00,46.0,53.85578689953937
1995-08-17 10:00:00,61.0,54.55991491601378
1995-08-17 10:01:00,30.0,56.3960740067702
1995-08-17 10:02:00,58.0,48.90006625830537
1995-08-17 10:03:00,54.0,54.13303897369979
1995-08-17 10:04:00,42.0,52.517848949235166
1995-08-17 10:05:00,33.0,49.286669871677375
1995-08-17 10:06:00,48.0,45.55531778612335
1995-08-17 10:07:00,68.0,49.3879930581745
1995-08-17 10:08:00,59.0,56.29190383947372
1995-08-17 10:09:00,99.0,55.9851644212499
1995-08-17 10:10:00,58.0,66.73574968247677
1995-08-17 10:11:00,61.0,58.717704478709415
1995-08-17 10:12:00,44.0,58.47193082035871
1995-08-17 10:13:00,38.0,55.60760464386927
1995-08-17 10:14:00,35.0,51.35966967593245
1995-08-17 10:15:00,39.0,49.072422162611986
1995-08-17 10:16:00,52.0,46.47882681400718
1995-08-17 10:17:00,48.0,50.60778474050534
1995-08-17 10:18:00,30.0,49.14730856224606
1995-08-17 10:19:00,25.0,46.56609687778925
1995-08-17 10:20:00,40.0,41.03892504821209
1995-08-17 10:21:00,64.0,47.18206240446323
1995-08-17 10:22:00,46.0,55.848481713793056
1995-08-17 10:23:00,68.0,50.56817934280009
1995-08-17 10:24:00,68.0,58.99580629914572
1995-08-17 10:25:00,57.0,59.415858479573515
1995-08-17 10:26:00,51.0,58.95385031074062
1995-08-17 10:27:00,81.0,55.65129107902921
1995-08-17 10:28:00,97.0,61.72241199090572
1995-08-17 10:29:00,53.0,69.87499315824789
1995-08-17 10:30:00,49.0,60.32260064051345
1995-08-17 10:31:00,80.0,55.00914912067923
1995-08-17 10:32:00,74.0,65.98372278741836
1995-08-17 10:33:00,49.0,68.54235353579091
1995-08-17 10:34:00,82.0,56.76346435472883
1995-08-17 10:35:00,52.0,65.86775030295622
1995-08-17 10:36:00,42.0,61.021307274864085
1995-08-17 10:37:00,65.0,56.25947310322768
1995-08-17 10:38:00,83.0,61.95370592100953
1995-08-17 10:39:00,121.0,67.82887931392328
1995-08-17 10:40:00,93.0,79.0813584120512
1995-08-17 10:41:00,66.0,74.40823695236267
1995-08-17 10:42:00,96.0,68.93744766338851
1995-08-17 10:43:00,64.0,81.85194771319678
1995-08-17 10:44:00,96.0,71.71868193548659
1995-08-17 10:45:00,72.0,78.80380552019969
1995-08-17 10:46:00,77.0,74.12924840354901
1995-08-17 10:47:00,83.0,74.5134487381783
1995-08-17 10:48:00,71.0,76.91210683990654
1995-08-17 10:49:00,37.0,74.73616377258728
1995-08-17 10:50:00,48.0,61.98997396628677
1995-08-17 10:51:00,55.0,58.47892360808295
1995-08-17 10:52:00,65.0,64.88243197797023
1995-08-17 10:53:00,85.0,68.48022892222836
1995-08-17 10:54:00,55.0,73.89749229206711
1995-08-17 10:55:00,56.0,64.01199363050914
1995-08-17 10:56:00,45.0,66.46401272142752
1995-08-17 10:57:00,106.0,62.598332978730696
1995-08-17 10:58:00,72.0,76.1852680287516
1995-08-17 10:59:00,36.0,70.3414712950605
1995-08-17 11:00:00,62.0,59.78614757424021
1995-08-17 11:01:00,70.0,67.05056940672242
1995-08-17 11:02:00,48.0,70.40330287700411
1995-08-17 11:03:00,100.0,60.10345970462509
1995-08-17 11:04:00,79.0,73.86679394371508
1995-08-17 11:05:00,68.0,72.95259513178082
1995-08-17 11:06:00,61.0,67.35377768786297
1995-08-17 11:07:00,63.0,66.99976109858694
1995-08-17 11:08:00,58.0,68.45714680303207
1995-08-17 11:09:00,60.0,65.72005595252017
1995-08-17 11:10:00,105.0,64.94829203627616
1995-08-17 11:11:00,75.0,74.44383224440945
1995-08-17 11:12:00,44.0,70.33557053799422
1995-08-17 11:13:00,90.0,63.098138076768656
1995-08-17 11:14:00,96.0,74.75712521674586
1995-08-17 11:15:00,72.0,79.73956445449151
1995-08-17 11:16:00,36.0,73.51308706508279
1995-08-17 11:17:00,49.0,60.13162851386127
1995-08-17 11:18:00,63.0,59.55118120233054
1995-08-17 11:19:00,80.0,65.06085551536277
1995-08-17 11:20:00,60.0,69.14245690539931
1995-08-17 11:21:00,58.0,69.15759068187673
1995-08-17 11:22:00,57.0,62.52850966280922
1995-08-17 11:23:00,73.0,64.72364764067892
1995-08-17 11:24:00,69.0,66.91476187095519
1995-08-17 11:25:00,44.0,69.13541047311888
1995-08-17 11:26:00,61.0,58.6395299682652
1995-08-17 11:27:00,69.0,66.1297238119313
1995-08-17 11:28:00,57.0,64.30735821259259
1995-08-17 11:29:00,31.0,64.78215630948326
1995-08-17 11:30:00,39.0,53.257203679657785
1995-08-17 11:31:00,37.0,51.43309188293882
1995-08-17 11:32:00,39.0,51.836524353505936
1995-08-17 11:33:00,65.0,51.573435484042655
1995-08-17 11:34:00,35.0,61.12232680610195
1995-08-17 11:35:00,53.0,54.398992870296254
1995-08-17 11:36:00,25.0,55.73025787351643
1995-08-17 11:37:00,62.0,45.489343122572386
1995-08-17 11:38:00,57.0,58.54024382113986
1995-08-17 11:39:00,74.0,56.92793552440254
1995-08-17 11:40:00,52.0,62.60501238304117
1995-08-17 11:41:00,41.0,58.91357546728775
1995-08-17 11:42:00,51.0,52.9170044868309
1995-08-17 11:43:00,59.0,55.777286100745265
1995-08-17 11:44:00,61.0,59.06190812150667
1995-08-17 11:45:00,71.0,59.257974828967065
1995-08-17 11:46:00,22.0,61.34697402227556
1995-08-17 11:47:00,45.0,47.921314182724466
1995-08-17 11:48:00,66.0,52.87712822727981
1995-08-17 11:49:00,35.0,57.84103424702426
1995-08-17 11:50:00,27.0,49.483333712188966
1995-08-17 11:51:00,52.0,44.71559344944753
1995-08-17 11:52:00,63.0,49.13151178370779
1995-08-17 11:53:00,69.0,58.09994859665845
1995-08-17 11:54:00,49.0,59.37071057069797
1995-08-17 11:55:00,56.0,53.88810081895623
1995-08-17 11:56:00,64.0,53.19871476342326
1995-08-17 11:57:00,76.0,60.6104392146778
1995-08-17 11:58:00,38.0,62.161394546017206
1995-08-17 11:59:00,75.0,52.9357345797628
1995-08-17 12:00:00,67.0,60.74315919988861
1995-08-17 12:01:00,73.0,60.945592889469914
1995-08-17 12:02:00,57.0,61.856626795119304
1995-08-17 12:03:00,40.0,59.465275743196834
1995-08-17 12:04:00,56.0,55.32033306294055
1995-08-17 12:05:00,57.0,57.70174979875689
1995-08-17 12:06:00,51.0,58.143711387715456
1995-08-17 12:07:00,67.0,55.72290860298019
1995-08-17 12:08:00,39.0,60.14757948380056
1995-08-17 12:09:00,58.0,53.41113056850534
1995-08-17 12:10:00,59.0,56.105194166983004
1995-08-17 12:11:00,74.0,57.19447488879242
1995-08-17 12:12:00,77.0,62.562343462026504
1995-08-17 12:13:00,83.0,63.134921421921284
1995-08-17 12:14:00,73.0,66.88071273425044
1995-08-17 12:15:00,85.0,66.1633796441804
1995-08-17 12:16:00,50.0,71.87640140382281
1995-08-17 12:17:00,52.0,60.95577941135131
1995-08-17 12:18:00,50.0,61.9102667711941
1995-08-17 12:19:00,45.0,56.245865713781306
1995-08-17 12:20:00,23.0,54.46906727084353
1995-08-17 12:21:00,70.0,45.02263736585567
1995-08-17 12:22:00,70.0,59.8851418279332
1995-08-17 12:23:00,94.0,63.05181601431129
1995-08-17 12:24:00,68.0,72.27146626578757
1995-08-17 12:25:00,61.0,64.43984178295784
1995-08-17 12:26:00,63.0,66.97381351172113
1995-08-17 12:27:00,58.0,66.55129405503747
1995-08-17 12:28:00,41.0,62.32828174304646
1995-08-17 12:29:00,82.0,55.95711258345889
1995-08-17 12:30:00,68.0,68.52841605305447
1995-08-17 12:31:00,76.0,65.22375260348612
1995-08-17 12:32:00,85.0,66.0775061578381
1995-08-17 12:33:00,65.0,68.89018469779613
1995-08-17 12:34:00,55.0,67.7821374871314
1995-08-17 12:35:00,86.0,65.66301935959918
1995-08-17 12:36:00,68.0,72.388985299054
1995-08-17 12:37:00,47.0,71.94911360974005
1995-08-17 12:38:00,67.0,62.713185046675726
1995-08-17 12:39:00,113.0,68.62072939890373
1995-08-17 12:40:00,69.0,79.92958489706322
1995-08-17 12:41:00,28.0,72.51940111378069
1995-08-17 12:42:00,70.0,56.2726643953037
1995-08-17 12:43:00,75.0,69.97950659091524
1995-08-17 12:44:00,101.0,68.91090157952502
1995-08-17 12:45:00,69.0,79.74745099480147
1995-08-17 12:46:00,87.0,69.66572447795087
1995-08-17 12:47:00,104.0,77.1612683752994
1995-08-17 12:48:00,83.0,81.71684785617698
1995-08-17 12:49:00,82.0,77.23284420818416
1995-08-17 12:50:00,43.0,79.60232596647546
1995-08-17 12:51:00,72.0,64.1364788115935
1995-08-17 12:52:00,115.0,73.89848322356022
1995-08-17 12:53:00,131.0,87.36446818071465
1995-08-17 12:54:00,39.0,95.60570510921742
1995-08-17 12:55:00,45.0,62.78553565099002
1995-08-17 12:56:00,70.0,75.2232183196148
1995-08-17 12:57:00,44.0,76.75741193159077
1995-08-17 12:58:00,72.0,61.1978811581566
1995-08-17 12:59:00,74.0,69.30616974043434
1995-08-17 13:00:00,63.0,72.69826360696564
1995-08-17 13:01:00,40.0,70.39292206370398
1995-08-17 13:02:00,66.0,62.07828669046129
1995-08-17 13:03:00,42.0,65.62800310639439
1995-08-17 13:04:00,61.0,57.78239761889063
1995-08-17 13:05:00,42.0,65.06117435796132
1995-08-17 13:06:00,72.0,58.34578473654637
1995-08-17 13:07:00,42.0,67.93939078716934
1995-08-17 13:08:00,70.0,57.285153935867314
1995-08-17 13:09:00,75.0,68.13696146618561
1995-08-17 13:10:00,49.0,70.04069448553797
1995-08-17 13:11:00,52.0,58.361062759867124
1995-08-17 13:12:00,68.0,63.06486224532421
1995-08-17 13:13:00,65.0,69.02605756923649
1995-08-17 13:14:00,78.0,68.0203428180714
1995-08-17 13:15:00,80.0,70.96234195494506
1995-08-17 13:16:00,70.0,73.5835252048659
1995-08-17 13:17:00,76.0,68.99632730793172
1995-08-17 13:18:00,74.0,71.66295784351364
1995-08-17 13:19:00,81.0,74.1796132012585
1995-08-17 13:20:00,58.0,72.02905905119061
1995-08-17 13:21:00,67.0,64.78943497328906
1995-08-17 13:22:00,53.0,66.42874644111457
1995-08-17 13:23:00,78.0,65.72604130318176
1995-08-17 13:24:00,62.0,65.99785073013842
1995-08-17 13:25:00,90.0,67.23117785584763
1995-08-17 13:26:00,76.0,70.05292492611035
1995-08-17 13:27:00,64.0,71.36795978915886
1995-08-17 13:28:00,61.0,68.68910511727809
1995-08-17 13:29:00,86.0,68.12543618125552
1995-08-17 13:30:00,52.0,69.24487512577197
1995-08-17 13:31:00,48.0,66.68278766854924
1995-08-17 13:32:00,57.0,60.03251716997086
1995-08-17 13:33:00,67.0,64.60058513766546
1995-08-17 13:34:00,80.0,66.18916303604402
1995-08-17 13:35:00,85.0,72.29260132765224
1995-08-17 13:36:00,69.0,74.8073484340726
1995-08-17 13:37:00,71.0,69.26491573983645
1995-08-17 13:38:00,77.0,70.16104720879666
1995-08-17 13:39:00,64.0,73.75872826473037
1995-08-17 13:40:00,75.0,69.62577437486964
1995-08-17 13:41:00,80.0,72.83289134017738
1995-08-17 13:42:00,45.0,72.60437851329854
1995-08-17 13:43:00,41.0,63.4616276752005
1995-08-17 13:44:00,70.0,59.996997776399624
1995-08-17 13:45:00,57.0,68.98966238489103
1995-08-17 13:46:00,39.0,65.56185388742188
1995-08-17 13:47:00,75.0,54.817183595853464
1995-08-17 13:48:00,91.0,66.8319259781939
1995-08-17 13:49:00,72.0,73.39470274158815
1995-08-17 13:50:00,84.0,70.60293216277584
1995-08-17 13:51:00,84.0,73.97456917529601
1995-08-17 13:52:00,64.0,76.22211290927544
1995-08-17 13:53:00,81.0,68.97434964995708
1995-08-17 13:54:00,118.0,75.78966784358559
1995-08-17 13:55:00,49.0,86.28141998735151
1995-08-17 13:56:00,48.0,66.83858303683097
1995-08-17 13:57:00,73.0,64.05185662216138
1995-08-17 13:58:00,83.0,71.88651181654497
1995-08-17 13:59:00,95.0,76.85486440025481
1995-08-17 14:00:00,72.0,80.93643055078148
1995-08-17 14:01:00,61.0,73.46791724408997
1995-08-17 14:02:00,62.0,70.68429640448646
1995-08-17 14:03:00,66.0,68.75981451923556
1995-08-17 14:04:00,53.0,70.9471989238447
1995-08-17 14:05:00,80.0,64.80826191626153
1995-08-17 14:06:00,86.0,68.72981628573883
1995-08-17 14:07:00,58.0,75.94203134204255
1995-08-17 14:08:00,46.0,67.0939228206532
1995-08-17 14:09:00,83.0,61.74522348285984
1995-08-17 14:10:00,71.0,70.63434031178016
1995-08-17 14:11:00,107.0,71.13784695217431
1995-08-17 14:12:00,106.0,81.75153131982101
1995-08-17 14:13:00,55.0,83.78426870384027
1995-08-17 14:14:00,52.0,67.8469961117655
1995-08-17 14:15:00,82.0,71.11433321671757
1995-08-17 14:16:00,58.0,76.24775799035245
1995-08-17 14:17:00,65.0,69.52712839550989
1995-08-17 14:18:00,52.0,70.94744794768788
1995-08-17 14:19:00,67.0,65.56643008624906
1995-08-17 14:20:00,63.0,69.96018547298198
1995-08-17 14:21:00,79.0,66.25175441654365
1995-08-17 14:22:00,62.0,70.39674661157382
1995-08-17 14:23:00,60.0,68.3691782439946
1995-08-17 14:24:00,67.0,68.55538478845055
1995-08-17 14:25:00,44.0,69.59338799123861
1995-08-17 14:26:00,75.0,59.38349908056328
1995-08-17 14:27:00,61.0,67.36772459938086
1995-08-17 14:28:00,35.0,66.03503026983006
1995-08-17 14:29:00,66.0,54.331057074897636
1995-08-17 14:30:00,69.0,64.07385707633688
1995-08-17 14:31:00,52.0,64.88956790248614
1995-08-17 14:32:00,68.0,60.07952058511987
1995-08-17 14:33:00,48.0,66.35038074119797
1995-08-17 14:34:00,45.0,57.85079877384989
1995-08-17 14:35:00,72.0,58.081275359421085
1995-08-17 14:36:00,59.0,66.66801668433521
1995-08-17 14:37:00,39.0,67.2764039708539
1995-08-17 14:38:00,48.0,53.58332137699859
1995-08-17 14:39:00,34.0,55.862662985014424
1995-08-17 14:40:00,42.0,50.79608125519508
1995-08-17 14:41:00,55.0,49.02374110787895
1995-08-17 14:42:00,46.0,56.505128566099856
1995-08-17 14:43:00,56.0,53.119667122350066
1995-08-17 14:44:00,50.0,55.229590638715095
1995-08-17 14:45:00,40.0,54.30479445817474
1995-08-17 14:46:00,81.0,52.279564849990386
1995-08-17 14:47:00,77.0,61.78689192135797
1995-08-17 14:48:00,79.0,65.14959327135931
1995-08-17 14:49:00,76.0,64.8881875543141
1995-08-17 14:50:00,90.0,65.89249572228957
1995-08-17 14:51:00,107.0,70.14743893059111
1995-08-17 14:52:00,99.0,81.78926570413049
1995-08-17 14:53:00,65.0,79.87930948918802
1995-08-17 14:54:00,96.0,67.99654752857734
1995-08-17 14:55:00,87.0,81.03064847847183
1995-08-17 14:56:00,95.0,78.10213283874515
1995-08-17 14:57:00,87.0,79.00432185231385
1995-08-17 14:58:00,110.0,75.42057401867902
1995-08-17 14:59:00,94.0,83.83667520938013
1995-08-17 15:00:00,76.0,84.38345468061925
1995-08-17 15:01:00,77.0,78.11637263201672
1995-08-17 15:02:00,75.0,75.97839102324977
1995-08-17 15:03:00,48.0,76.12844399568529
1995-08-17 15:04:00,75.0,67.67429929897258
1995-08-17 15:05:00,70.0,73.2802395700779
1995-08-17 15:06:00,100.0,73.46563319989663
1995-08-17 15:07:00,77.0,78.51667872524489
1995-08-17 15:08:00,102.0,72.63392122011
1995-08-17 15:09:00,79.0,82.808937169665
1995-08-17 15:10:00,90.0,78.47808271114195
1995-08-17 15:11:00,104.0,81.18996670425916
1995-08-17 15:12:00,69.0,88.84173802514107
1995-08-17 15:13:00,60.0,78.80479784596051
1995-08-17 15:14:00,90.0,72.46198925889772
1995-08-17 15:15:00,67.0,79.47184756217624
1995-08-17 15:16:00,83.0,76.56670254235607
1995-08-17 15:17:00,88.0,80.18851586947889
1995-08-17 15:18:00,104.0,82.86937711311572
1995-08-17 15:19:00,60.0,85.32194596242722
1995-08-17 15:20:00,89.0,74.25293793102662
1995-08-17 15:21:00,65.0,79.69215967566495
1995-08-17 15:22:00,74.0,77.60207669380223
1995-08-17 15:23:00,77.0,78.52197718330474
1995-08-17 15:24:00,54.0,79.79453266144024
1995-08-17 15:25:00,58.0,71.38541182072694
1995-08-17 15:26:00,72.0,70.77233764044267
1995-08-17 15:27:00,39.0,75.35032282926329
1995-08-17 15:28:00,58.0,60.282529485738394
1995-08-17 15:29:00,90.0,64.09292484903926
1995-08-17 15:30:00,95.0,73.02299303379867
1995-08-17 15:31:00,84.0,77.50149713680325
1995-08-17 15:32:00,46.0,78.07886305507485
1995-08-17 15:33:00,78.0,63.930968145229976
1995-08-17 15:34:00,69.0,75.24625118790962
1995-08-17 15:35:00,53.0,72.42412321054476
1995-08-17 15:36:00,112.0,68.637115725081
1995-08-17 15:37:00,56.0,83.55180532419463
1995-08-17 15:38:00,68.0,69.24834053925869
1995-08-17 15:39:00,67.0,68.02377033106868
1995-08-17 15:40:00,80.0,73.73174038837314
1995-08-17 15:41:00,56.0,70.97888559943333
1995-08-17 15:42:00,71.0,67.69640637577078
1995-08-17 15:43:00,99.0,70.3509669063323
1995-08-17 15:44:00,109.0,78.49439876617721
1995-08-17 15:45:00,64.0,88.47256094607364
1995-08-17 15:46:00,64.0,72.36133573231531
1995-08-17 15:47:00,58.0,69.48984253904295
1995-08-17 15:48:00,75.0,67.74018169174623
1995-08-17 15:49:00,91.0,73.23327932423345
1995-08-17 15:50:00,119.0,79.0139762561439
1995-08-17 15:51:00,122.0,84.18175420043828
1995-08-17 15:52:00,70.0,90.25107169000457
1995-08-17 15:53:00,66.0,75.90907108945602
1995-08-17 15:54:00,82.0,73.06172508904916
1995-08-17 15:55:00,85.0,76.8914057323947
1995-08-17 15:56:00,95.0,78.67577362945708
1995-08-17 15:57:00,81.0,77.78058394470125
1995-08-17 15:58:00,60.0,79.75681978634913
1995-08-17 15:59:00,45.0,72.73819636293152
1995-08-17 16:00:00,96.0,57.37371345398979
1995-08-17 16:01:00,83.0,83.24473250711927
1995-08-17 16:02:00,63.0,76.19763814571161
1995-08-17 16:03:00,62.0,68.71583671384595
1995-08-17 16:04:00,82.0,69.59772369520921
1995-08-17 16:05:00,36.0,74.24981490881444
1995-08-17 16:06:00,66.0,56.499626113998175
1995-08-17 16:07:00,48.0,73.35661697529103
1995-08-17 16:08:00,58.0,61.668941462338175
1995-08-17 16:09:00,61.0,65.46323451533588
1995-08-17 16:10:00,65.0,65.41901712787454
1995-08-17 16:11:00,48.0,66.35305601205246
1995-08-17 16:12:00,39.0,61.94805352561375
1995-08-17 16:13:00,82.0,59.647933530332864
1995-08-17 16:14:00,97.0,64.18836032404549
1995-08-17 16:15:00,78.0,73.24611536091841
1995-08-17 16:16:00,49.0,68.52804358868161
1995-08-17 16:17:00,85.0,62.50684677673969
1995-08-17 16:18:00,103.0,71.44649964592365
1995-08-17 16:19:00,56.0,79.63087781732675
1995-08-17 16:20:00,60.0,66.03736784121487
1995-08-17 16:21:00,75.0,65.33743464256018
1995-08-17 16:22:00,65.0,71.71769943697342
1995-08-17 16:23:00,78.0,66.54647952077964
1995-08-17 16:24:00,56.0,70.76854039416041
1995-08-17 16:25:00,49.0,66.28729108017032
1995-08-17 16:26:00,59.0,60.80367937430073
1995-08-17 16:27:00,84.0,63.5576696464237
1995-08-17 16:28:00,105.0,73.29313475704346
1995-08-17 16:29:00,49.0,78.71751486407445
1995-08-17 16:30:00,53.0,59.66119010057647
1995-08-17 16:31:00,48.0,62.68634170541924
1995-08-17 16:32:00,61.0,61.522806497630796
1995-08-17 16:33:00,100.0,66.69307189824083
1995-08-17 16:34:00,63.0,76.1913185214545
1995-08-17 16:35:00,67.0,64.72994914727855
1995-08-17 16:36:00,71.0,66.02628532609694
1995-08-17 16:37:00,78.0,68.25866871881924
1995-08-17 16:38:00,99.0,70.15626390733523
1995-08-17 16:39:00,46.0,79.59316526609555
1995-08-17 16:40:00,92.0,62.37599868952208
1995-08-17 16:41:00,76.0,74.52168214443645
1995-08-17 16:42:00,40.0,72.18455051604471
1995-08-17 16:43:00,30.0,62.8537042288467
1995-08-17 16:44:00,78.0,52.87979957285333
1995-08-17 16:45:00,50.0,66.59942923121491
1995-08-17 16:46:00,74.0,60.98328353795435
1995-08-17 16:47:00,84.0,68.3670304791798
1995-08-17 16:48:00,78.0,73.26670627247061
1995-08-17 16:49:00,88.0,69.74354803198548
1995-08-17 16:50:00,72.0,73.97264774876572
1995-08-17 16:51:00,59.0,71.98228662868651
1995-08-17 16:52:00,67.0,65.82319243615908
1995-08-17 16:53:00,87.0,67.93849147609968
1995-08-17 16:54:00,72.0,74.25867230155383
1995-08-17 16:55:00,84.0,72.82928413116646
1995-08-17 16:56:00,70.0,75.03090648969655
1995-08-17 16:57:00,57.0,73.48744831074848
1995-08-17 16:58:00,60.0,69.76651709549569
1995-08-17 16:59:00,60.0,67.70472556275014
1995-08-17 17:00:00,47.0,61.941601899102196
1995-08-17 17:01:00,40.0,57.414213589282035
1995-08-17 17:02:00,54.0,57.68724647938968
1995-08-17 17:03:00,54.0,57.94878331167468
1995-08-17 17:04:00,68.0,57.38039829224967
1995-08-17 17:05:00,43.0,59.354768821875304
1995-08-17 17:06:00,51.0,51.216783363784536
1995-08-17 17:07:00,48.0,52.65045516337997
1995-08-17 17:08:00,60.0,52.9723348895754
1995-08-17 17:09:00,74.0,57.1147025343628
1995-08-17 17:10:00,59.0,65.19127022478283
1995-08-17 17:11:00,70.0,62.542452805782624
1995-08-17 17:12:00,65.0,63.22752003569371
1995-08-17 17:13:00,68.0,62.83740765756673
1995-08-17 17:14:00,74.0,62.43903175690003
1995-08-17 17:15:00,69.0,65.30780131308286
1995-08-17 17:16:00,59.0,63.392331532654374
1995-08-17 17:17:00,49.0,62.0441380774927
1995-08-17 17:18:00,63.0,53.78107980603142
1995-08-17 17:19:00,49.0,61.96807416136747
1995-08-17 17:20:00,66.0,55.744608760073874
1995-08-17 17:21:00,50.0,59.521782377662326
1995-08-17 17:22:00,33.0,55.27924953299459
1995-08-17 17:23:00,52.0,50.31830508127498
1995-08-17 17:24:00,55.0,54.302073719158855
1995-08-17 17:25:00,72.0,54.10342943031599
1995-08-17 17:26:00,72.0,60.82817598076075
1995-08-17 17:27:00,54.0,62.28961061520265
1995-08-17 17:28:00,50.0,57.22152929691341
1995-08-17 17:29:00,39.0,55.09864355847848
1995-08-17 17:30:00,71.0,52.304808911543034
1995-08-17 17:31:00,61.0,61.22080353682206
1995-08-17 17:32:00,49.0,59.713973174072954
1995-08-17 17:33:00,40.0,54.00692371128414
1995-08-17 17:34:00,54.0,50.57207392186643
1995-08-17 17:35:00,48.0,54.25837866241868
1995-08-17 17:36:00,31.0,53.50443389857776
1995-08-17 17:37:00,35.0,46.34813079139611
1995-08-17 17:38:00,33.0,47.16977389235227
1995-08-17 17:39:00,26.0,45.460668295862334
1995-08-17 17:40:00,18.0,40.93459372491349
1995-08-17 17:41:00,67.0,35.963732074835754
1995-08-17 17:42:00,36.0,52.17049950391293
1995-08-17 17:43:00,46.0,45.11782350510867
1995-08-17 17:44:00,51.0,47.492895931920685
1995-08-17 17:45:00,50.0,47.65726634482773
1995-08-17 17:46:00,88.0,50.879808791267365
1995-08-17 17:47:00,68.0,57.44651100638982
1995-08-17 17:48:00,50.0,59.08556276077566
1995-08-17 17:49:00,45.0,53.288392872187295
1995-08-17 17:50:00,61.0,49.55588180167529
1995-08-17 17:51:00,40.0,54.341569176628624
1995-08-17 17:52:00,67.0,46.909881473287335
1995-08-17 17:53:00,42.0,53.44010094010759
1995-08-17 17:54:00,37.0,47.60927885039849
1995-08-17 17:55:00,38.0,46.240890219017
1995-08-17 17:56:00,25.0,44.78294610843033
1995-08-17 17:57:00,29.0,38.776840875363554
1995-08-17 17:58:00,34.0,39.56608625315922
1995-08-17 17:59:00,49.0,41.28902664009659
1995-08-17 18:00:00,73.0,43.979748967377695
1995-08-17 18:01:00,51.0,54.048634613302895
1995-08-17 18:02:00,40.0,47.52268912132051
1995-08-17 18:03:00,32.0,42.24675918964863
1995-08-17 18:04:00,44.0,38.63121225289232
1995-08-17 18:05:00,43.0,43.13155933966677
1995-08-17 18:06:00,53.0,43.33224833852196
1995-08-17 18:07:00,44.0,43.45937375609811
1995-08-17 18:08:00,56.0,44.11468347030134
1995-08-17 18:09:00,58.0,49.14252950294274
1995-08-17 18:10:00,34.0,49.56901181774
1995-08-17 18:11:00,41.0,42.792514382794074
1995-08-17 18:12:00,33.0,44.72299866960595
1995-08-17 18:13:00,20.0,41.12804781972591
1995-08-17 18:14:00,42.0,35.457280341392085
1995-08-17 18:15:00,24.0,41.316832983118715
1995-08-17 18:16:00,18.0,34.02414080985406
1995-08-17 18:17:00,42.0,31.562903048432798
1995-08-17 18:18:00,46.0,38.4180269531834
1995-08-17 18:19:00,47.0,40.41648505068225
1995-08-17 18:20:00,34.0,43.15681198072992
1995-08-17 18:21:00,41.0,40.42727094965373
1995-08-17 18:22:00,51.0,41.443279398214536
1995-08-17 18:23:00,52.0,43.740830930339996
1995-08-17 18:24:00,40.0,46.25034336993185
1995-08-17 18:25:00,67.0,41.62118506890033
1995-08-17 18:26:00,48.0,50.09845024069621
1995-08-17 18:27:00,44.0,47.31032939678882
1995-08-17 18:28:00,35.0,43.090744343072814
1995-08-17 18:29:00,33.0,40.15189854446361
1995-08-17 18:30:00,16.0,39.4827729516531
1995-08-17 18:31:00,13.0,33.44891627695584
1995-08-17 18:32:00,31.0,28.68155929641075
1995-08-17 18:33:00,35.0,34.40146066316738
1995-08-17 18:34:00,34.0,36.318010317125676
1995-08-17 18:35:00,37.0,36.558789956492745
1995-08-17 18:36:00,47.0,37.51962001797946
1995-08-17 18:37:00,36.0,40.346386956269455
1995-08-17 18:38:00,28.0,37.933939871568
1995-08-17 18:39:00,16.0,35.02046090659458
1995-08-17 18:40:00,32.0,30.39012086776075
1995-08-17 18:41:00,67.0,32.767531069164626
1995-08-17 18:42:00,30.0,44.048632319398386
1995-08-17 18:43:00,46.0,35.13850527566139
1995-08-17 18:44:00,28.0,38.669192429297006
1995-08-17 18:45:00,43.0,34.53426092407608
1995-08-17 18:46:00,60.0,39.12904243438313
1995-08-17 18:47:00,30.0,46.25335816676514
1995-08-17 18:48:00,50.0,36.2679228883776
1995-08-17 18:49:00,80.0,42.05633495305808
1995-08-17 18:50:00,60.0,52.2460579257949
1995-08-17 18:51:00,41.0,50.40113898243966
1995-08-17 18:52:00,32.0,45.059588018126256
1995-08-17 18:53:00,45.0,40.28430845332561
1995-08-17 18:54:00,39.0,42.320342493542135
1995-08-17 18:55:00,48.0,41.94682368400756
1995-08-17 18:56:00,79.0,44.19709303805338
1995-08-17 18:57:00,63.0,53.80957835114398
1995-08-17 18:58:00,43.0,51.62657565377998
1995-08-17 18:59:00,46.0,47.10512434437887
1995-08-17 19:00:00,55.0,46.229048521518536
1995-08-17 19:01:00,62.0,50.5986532122356
1995-08-17 19:02:00,73.0,53.01719136108545
1995-08-17 19:03:00,36.0,56.3531649212674
1995-08-17 19:04:00,72.0,46.50508030458744
1995-08-17 19:05:00,48.0,55.719317611000626
1995-08-17 19:06:00,25.0,50.95702318033482
1995-08-17 19:07:00,16.0,41.166333435729626
1995-08-17 19:08:00,33.0,36.060671562724664
1995-08-17 19:09:00,52.0,42.10306426840107
1995-08-17 19:10:00,27.0,45.49287530301253
1995-08-17 19:11:00,33.0,37.05364786390302
1995-08-17 19:12:00,19.0,37.2009751903348
1995-08-17 19:13:00,24.0,33.899860583685346
1995-08-17 19:14:00,35.0,32.607412254090725
1995-08-17 19:15:00,31.0,39.1518328802959
1995-08-17 19:16:00,17.0,38.45392016372052
1995-08-17 19:17:00,45.0,28.430592373697635
1995-08-17 19:18:00,47.0,40.518045375830745
1995-08-17 19:19:00,53.0,41.14887411295563
1995-08-17 19:20:00,61.0,43.91718323860952
1995-08-17 19:21:00,58.0,47.14501627532081
1995-08-17 19:22:00,26.0,48.98219516986724
1995-08-17 19:23:00,21.0,37.20962211047639
1995-08-17 19:24:00,32.0,35.345091595596124
1995-08-17 19:25:00,59.0,38.43884557049811
1995-08-17 19:26:00,38.0,45.9249018605328
1995-08-17 19:27:00,28.0,40.36308821599455
1995-08-17 19:28:00,23.0,37.68287455130736
1995-08-17 19:29:00,28.0,33.02089362186827
1995-08-17 19:30:00,29.0,34.257205982948605
1995-08-17 19:31:00,33.0,34.503188204254165
1995-08-17 19:32:00,48.0,35.85954552625245
1995-08-17 19:33:00,28.0,38.96981269134833
1995-08-17 19:34:00,41.0,34.10704055527695
1995-08-17 19:35:00,41.0,39.01072957392901
1995-08-17 19:36:00,31.0,38.98744505863523
1995-08-17 19:37:00,56.0,36.52228821717009
1995-08-17 19:38:00,49.0,43.20741173262893
1995-08-17 19:39:00,36.0,41.269577228565716
1995-08-17 19:40:00,40.0,38.110009692968646
1995-08-17 19:41:00,50.0,37.27217426265997
1995-08-17 19:42:00,60.0,42.941116550400224
1995-08-17 19:43:00,33.0,47.19787512659056
1995-08-17 19:44:00,37.0,37.629306840140664
1995-08-17 19:45:00,41.0,40.06665675204345
1995-08-17 19:46:00,47.0,41.546968909508244
1995-08-17 19:47:00,50.0,42.92838802318458
1995-08-17 19:48:00,62.0,46.15573263962302
1995-08-17 19:49:00,29.0,48.90798075464683
1995-08-17 19:50:00,53.0,37.9858873934022
1995-08-17 19:51:00,42.0,45.77086409969235
1995-08-17 19:52:00,41.0,40.612430001201
1995-08-17 19:53:00,37.0,42.36705176095812
1995-08-17 19:54:00,28.0,40.70403585773387
1995-08-17 19:55:00,23.0,35.47293693896498
1995-08-17 19:56:00,36.0,31.464129470664226
1995-08-17 19:57:00,19.0,37.72430549218344
1995-08-17 19:58:00,26.0,31.24187072920021
1995-08-17 19:59:00,29.0,31.927067303747606
1995-08-17 20:00:00,23.0,33.340772152446625
1995-08-17 20:01:00,26.0,29.852490054695018
1995-08-17 20:02:00,19.0,28.460151626709372
1995-08-17 20:03:00,21.0,26.91156059706468
1995-08-17 20:04:00,25.0,29.282451824278244
1995-08-17 20:05:00,28.0,27.73944971657059
1995-08-17 20:06:00,35.0,30.111770549740314
1995-08-17 20:07:00,29.0,32.01509900707637
1995-08-17 20:08:00,38.0,32.599738171265045
1995-08-17 20:09:00,56.0,34.64092146005642
1995-08-17 20:10:00,35.0,40.99933393141958
1995-08-17 20:11:00,24.0,36.006745630331885
1995-08-17 20:12:00,33.0,29.989091166196307
1995-08-17 20:13:00,57.0,32.91193991010844
1995-08-17 20:14:00,42.0,42.37277817933709
1995-08-17 20:15:00,61.0,37.540403396724344
1995-08-17 20:16:00,57.0,44.59036358331154
1995-08-17 20:17:00,63.0,45.3477504592376
1995-08-17 20:18:00,69.0,47.964084772283094
1995-08-17 20:19:00,54.0,50.86356528450569
1995-08-17 20:20:00,24.0,48.66545001294171
1995-08-17 20:21:00,45.0,38.23025743756231
1995-08-17 20:22:00,29.0,41.46815473596625
1995-08-17 20:23:00,65.0,36.25626256868281
1995-08-17 20:24:00,54.0,48.573915516505295
1995-08-17 20:25:00,43.0,45.18111518825957
1995-08-17 20:26:00,37.0,42.79714326737295
1995-08-17 20:27:00,45.0,39.896154888099545
1995-08-17 20:28:00,51.0,42.67170824287618
1995-08-17 20:29:00,45.0,48.04424465586171
1995-08-17 20:30:00,51.0,43.883636500448155
1995-08-17 20:31:00,82.0,47.680633115860154
1995-08-17 20:32:00,34.0,57.23911202982936
1995-08-17 20:33:00,52.0,43.80568697626124
1995-08-17 20:34:00,36.0,46.529048540984604
1995-08-17 20:35:00,26.0,42.70652225494774
1995-08-17 20:36:00,37.0,34.6654416840532
1995-08-17 20:37:00,42.0,41.69524113719456
1995-08-17 20:38:00,25.0,43.30859540180356
1995-08-17 20:39:00,39.0,35.79880120558311
1995-08-17 20:40:00,39.0,40.83893433641418
1995-08-17 20:41:00,36.0,41.17687491754537
1995-08-17 20:42:00,27.0,41.25786241412991
1995-08-17 20:43:00,34.0,36.01618398988359
1995-08-17 20:44:00,31.0,39.51971842382077
1995-08-17 20:45:00,33.0,37.43184235933445
1995-08-17 20:46:00,21.0,37.00991930609008
1995-08-17 20:47:00,29.0,32.89117730966042
1995-08-17 20:48:00,20.0,33.09825134290276
1995-08-17 20:49:00,58.0,30.022871065304965
1995-08-17 20:50:00,26.0,42.46531363628508
1995-08-17 20:51:00,36.0,32.77415384045443
1995-08-17 20:52:00,16.0,36.29878375290269
1995-08-17 20:53:00,34.0,29.29814194490075
1995-08-17 20:54:00,41.0,34.30361493828324
1995-08-17 20:55:00,31.0,36.688525701909604
1995-08-17 20:56:00,41.0,32.71713667430502
1995-08-17 20:57:00,48.0,37.23381355159624
1995-08-17 20:58:00,43.0,40.30288085613264
1995-08-17 20:59:00,35.0,39.51722506960685
1995-08-17 21:00:00,37.0,36.02193597542484
1995-08-17 21:01:00,37.0,36.85926192773287
1995-08-17 21:02:00,31.0,36.40560283013295
1995-08-17 21:03:00,44.0,34.68422965031028
1995-08-17 21:04:00,33.0,37.14791980738983
1995-08-17 21:05:00,39.0,35.34594573635847
1995-08-17 21:06:00,38.0,36.22419797486517
1995-08-17 21:07:00,40.0,36.57313062647107
1995-08-17 21:08:00,36.0,37.258888557653414
1995-08-17 21:09:00,15.0,35.85878465832833
1995-08-17 21:10:00,9.0,30.010523663104
1995-08-17 21:11:00,42.0,26.836495998540315
1995-08-17 21:12:00,61.0,36.8072170195042
1995-08-17 21:13:00,28.0,43.638754464987905
1995-08-17 21:14:00,25.0,34.32907546789116
1995-08-17 21:15:00,36.0,31.104711147645627
1995-08-17 21:16:00,18.0,35.16633037236111
1995-08-17 21:17:00,21.0,29.9808417861034
1995-08-17 21:18:00,10.0,28.679153869768886
1995-08-17 21:19:00,18.0,25.693510727205446
1995-08-17 21:20:00,17.0,25.89577315504147
1995-08-17 21:21:00,40.0,26.280281461740245
1995-08-17 21:22:00,38.0,32.83615176014852
1995-08-17 21:23:00,37.0,32.49684971529228
1995-08-17 21:24:00,35.0,34.178328629614505
1995-08-17 21:25:00,56.0,34.308681155275046
1995-08-17 21:26:00,42.0,40.81387849327237
1995-08-17 21:27:00,32.0,37.2252413946346
1995-08-17 21:28:00,27.0,34.416871020606905
1995-08-17 21:29:00,49.0,31.829139095062242
1995-08-17 21:30:00,36.0,37.86301134569217
1995-08-17 21:31:00,28.0,34.56720751503621
1995-08-17 21:32:00,20.0,29.778015793813516
1995-08-17 21:33:00,52.0,28.84559353429752
1995-08-17 21:34:00,47.0,38.14972485638482
1995-08-17 21:35:00,43.0,38.775828695318964
1995-08-17 21:36:00,29.0,39.054894070092026
1995-08-17 21:37:00,16.0,33.288902256981345
1995-08-17 21:38:00,52.0,30.574035958431462
1995-08-17 21:39:00,34.0,38.97654873332218
1995-08-17 21:40:00,14.0,35.900749904116836
1995-08-17 21:41:00,20.0,27.705890780740045
1995-08-17 21:42:00,16.0,30.14495486779715
1995-08-17 21:43:00,19.0,28.05890366568057
1995-08-17 21:44:00,22.0,26.690900411016077
1995-08-17 21:45:00,38.0,26.668598541881813
1995-08-17 21:46:00,30.0,31.82537263017297
1995-08-17 21:47:00,38.0,29.59478729359402
1995-08-17 21:48:00,35.0,32.260940026292715
1995-08-17 21:49:00,43.0,34.93213424477369
1995-08-17 21:50:00,21.0,36.723827063957124
1995-08-17 21:51:00,23.0,30.758212642331134
1995-08-17 21:52:00,38.0,29.861318073581906
1995-08-17 21:53:00,45.0,34.30988884946169
1995-08-17 21:54:00,32.0,37.520675972176946
1995-08-17 21:55:00,36.0,31.70101897292829
1995-08-17 21:56:00,40.0,34.283800859464584
1995-08-17 21:57:00,23.0,33.94393487386657
1995-08-17 21:58:00,33.0,30.36391932161134
1995-08-17 21:59:00,39.0,31.569985287649008
1995-08-17 22:00:00,53.0,33.31546870321508
1995-08-17 22:01:00,35.0,39.872314738675584
1995-08-17 22:02:00,28.0,35.98127785143044
1995-08-17 22:03:00,36.0,32.79317586954415
1995-08-17 22:04:00,29.0,34.82731616942219
1995-08-17 22:05:00,23.0,33.2265420339224
1995-08-17 22:06:00,35.0,29.291571514059573
1995-08-17 22:07:00,27.0,32.69837705859395
1995-08-17 22:08:00,27.0,30.524280354224953
1995-08-17 22:09:00,58.0,29.74812613859678
1995-08-17 22:10:00,49.0,40.11809770027928
1995-08-17 22:11:00,44.0,40.448236126731764
1995-08-17 22:12:00,34.0,38.42477765975035
1995-08-17 22:13:00,48.0,34.91693109833942
1995-08-17 22:14:00,51.0,39.976941415640646
1995-08-17 22:15:00,28.0,43.91435931216095
1995-08-17 22:16:00,41.0,34.57079562890717
1995-08-17 22:17:00,24.0,37.416900683780625
1995-08-17 22:18:00,16.0,33.48550837013583
1995-08-17 22:19:00,23.0,30.847443190877517
1995-08-17 22:20:00,21.0,28.67921052545263
1995-08-17 22:21:00,27.0,28.661686833852567
1995-08-17 22:22:00,39.0,30.35054693773739
1995-08-17 22:23:00,21.0,34.58266252499433
1995-08-17 22:24:00,17.0,30.89675170326602
1995-08-17 22:25:00,19.0,28.21648780867407
1995-08-17 22:26:00,46.0,27.342767382399565
1995-08-17 22:27:00,42.0,35.0411686649153
1995-08-17 22:28:00,39.0,35.99176449589157
1995-08-17 22:29:00,40.0,34.92766434157695
1995-08-17 22:30:00,46.0,34.95159931119991
1995-08-17 22:31:00,37.0,37.77800799778221
1995-08-17 22:32:00,23.0,37.16268465382309
1995-08-17 22:33:00,32.0,30.564581040821032
1995-08-17 22:34:00,20.0,34.027465586302505
1995-08-17 22:35:00,35.0,28.130580797074213
1995-08-17 22:36:00,40.0,32.63491863880618
1995-08-17 22:37:00,31.0,34.2077833896912
1995-08-17 22:38:00,41.0,32.78205227992878
1995-08-17 22:39:00,16.0,37.036532058266594
1995-08-17 22:40:00,29.0,30.241567547740363
1995-08-17 22:41:00,17.0,33.0451498278444
1995-08-17 22:42:00,40.0,29.485330375928797
1995-08-17 22:43:00,30.0,34.97163047466882
1995-08-17 22:44:00,16.0,31.15262663958044
1995-08-17 22:45:00,28.0,26.104233360037835
1995-08-17 22:46:00,24.0,28.335892228783102
1995-08-17 22:47:00,15.0,27.935887468883404
1995-08-17 22:48:00,29.0,22.914803306039598
1995-08-17 22:49:00,21.0,28.484810559273033
1995-08-17 22:50:00,33.0,25.98271743629371
1995-08-17 22:51:00,29.0,30.416098020424165
1995-08-17 22:52:00,31.0,29.20447547798223
1995-08-17 22:53:00,45.0,31.335116626311574
1995-08-17 22:54:00,33.0,36.26903737167331
1995-08-17 22:55:00,19.0,32.352012539334076
1995-08-17 22:56:00,15.0,28.802551035393105
1995-08-17 22:57:00,21.0,25.943059073392618
1995-08-17 22:58:00,9.0,27.02111971830458
1995-08-17 22:59:00,12.0,21.89684253801301
1995-08-17 23:00:00,26.0,21.132062012091485
1995-08-17 23:01:00,16.0,24.69367057904169
1995-08-17 23:02:00,20.0,22.212976838833544
1995-08-17 23:03:00,22.0,22.383557199056312
1995-08-17 23:04:00,24.0,22.463385025551037
1995-08-17 23:05:00,21.0,24.947670914147846
1995-08-17 23:06:00,24.0,24.02201667623673
1995-08-17 23:07:00,3.0,24.902652326954946
1995-08-17 23:08:00,23.0,15.445180200017385
1995-08-17 23:09:00,25.0,22.144359756591555
1995-08-17 23:10:00,36.0,22.354471211162604
1995-08-17 23:11:00,34.0,28.739161287132593
1995-08-17 23:12:00,28.0,27.824794223204794
1995-08-17 23:13:00,49.0,27.810446811603267
1995-08-17 23:14:00,40.0,31.317381168392437
1995-08-17 23:15:00,44.0,33.42206591725924
1995-08-17 23:16:00,28.0,34.467918847230145
1995-08-17 23:17:00,40.0,31.152280630213703
1995-08-17 23:18:00,67.0,33.04718957411957
1995-08-17 23:19:00,64.0,39.16617925509721
1995-08-17 23:20:00,55.0,42.605194435797586
1995-08-17 23:21:00,64.0,42.79443107336056
1995-08-17 23:22:00,56.0,46.311901882808314
1995-08-17 23:23:00,45.0,47.69800706662308
1995-08-17 23:24:00,40.0,41.80783593398696
1995-08-17 23:25:00,34.0,41.12484280842215
1995-08-17 23:26:00,20.0,38.4478073718511
1995-08-17 23:27:00,25.0,33.36300203571113
1995-08-17 23:28:00,25.0,33.74513749757885
1995-08-17 23:29:00,14.0,30.74571325923603
1995-08-17 23:30:00,12.0,28.20884785707565
1995-08-17 23:31:00,15.0,26.10148734412731
1995-08-17 23:32:00,23.0,26.395272769348065
1995-08-17 23:33:00,38.0,28.36551924931644
1995-08-17 23:34:00,49.0,33.93691245873754
1995-08-17 23:35:00,29.0,38.588480737046055
1995-08-17 23:36:00,28.0,34.25624039584573
1995-08-17 23:37:00,32.0,31.907358231991978
1995-08-17 23:38:00,30.0,32.55090818066339
1995-08-17 23:39:00,23.0,32.87119713481355
1995-08-17 23:40:00,20.0,29.189146160497934
1995-08-17 23:41:00,31.0,27.800858135445328
1995-08-17 23:42:00,41.0,32.04422123463749
1995-08-17 23:43:00,35.0,36.002363029352274
1995-08-17 23:44:00,37.0,34.90275753106532
1995-08-17 23:45:00,32.0,34.52813090443351
1995-08-17 23:46:00,30.0,34.08866668550688
1995-08-17 23:47:00,51.0,33.89495857722643
1995-08-17 23:48:00,22.0,39.34569984557865
1995-08-17 23:49:00,25.0,32.08781193420292
1995-08-17 23:50:00,36.0,31.496921184876996
1995-08-17 23:51:00,33.0,32.41087091428899
1995-08-17 23:52:00,10.0,33.71602225366613
1995-08-17 23:53:00,25.0,25.102722286741415
1995-08-17 23:54:00,20.0,28.392828453178314
1995-08-17 23:55:00,18.0,25.224116327296166
1995-08-17 23:56:00,14.0,27.73931151148677
1995-08-17 23:57:00,23.0,22.39547487820393
1995-08-17 23:58:00,24.0,25.264626210216488
1995-08-17 23:59:00,16.0,26.12712026713043
1995-08-18 00:00:00,18.0,20.465487102278715
1995-08-18 00:01:00,17.0,22.02276255546562
1995-08-18 00:02:00,19.0,20.020252729473583
1995-08-18 00:03:00,24.0,23.05654578979972
1995-08-18 00:04:00,18.0,21.990342607243743
1995-08-18 00:05:00,31.0,21.327231408860637
1995-08-18 00:06:00,29.0,23.94220401742569
1995-08-18 00:07:00,30.0,24.960971084523663
1995-08-18 00:08:00,20.0,25.87600236819954
1995-08-18 00:09:00,32.0,22.437804686110955
1995-08-18 00:10:00,25.0,26.555005001484815
1995-08-18 00:11:00,28.0,24.504986261989156
1995-08-18 00:12:00,32.0,24.07586546501648
1995-08-18 00:13:00,51.0,27.903920368024934
1995-08-18 00:14:00,23.0,32.056917551334806
1995-08-18 00:15:00,32.0,26.973485955650425
1995-08-18 00:16:00,24.0,28.908769955679077
1995-08-18 00:17:00,44.0,27.020401443534226
1995-08-18 00:18:00,48.0,31.772233939107917
1995-08-18 00:19:00,41.0,33.44424413149094
1995-08-18 00:20:00,15.0,32.424584353247845
1995-08-18 00:21:00,29.0,24.62958546366114
1995-08-18 00:22:00,7.0,26.88192064387644
1995-08-18 00:23:00,24.0,20.91332363513325
1995-08-18 00:24:00,5.0,22.968641367703864
1995-08-18 00:25:00,12.0,18.556990005535447
1995-08-18 00:26:00,26.0,16.77978150313978
1995-08-18 00:27:00,12.0,21.816419298353246
1995-08-18 00:28:00,4.0,18.73027647087415
1995-08-18 00:29:00,14.0,15.571785705356872
1995-08-18 00:30:00,14.0,17.49515071161348
1995-08-18 00:31:00,22.0,17.00093579291732
1995-08-18 00:32:00,21.0,20.325544508368623
1995-08-18 00:33:00,24.0,20.380270394892698
1995-08-18 00:34:00,17.0,21.505918520528898
1995-08-18 00:35:00,24.0,18.366010641143284
1995-08-18 00:36:00,17.0,21.146553124642583
1995-08-18 00:37:00,32.0,20.357814675404352
1995-08-18 00:38:00,24.0,22.53801054763577
1995-08-18 00:39:00,13.0,22.397112636312404
1995-08-18 00:40:00,7.0,17.88433234704508
1995-08-18 00:41:00,8.0,15.418441128023153
1995-08-18 00:42:00,12.0,14.78759223476743
1995-08-18 00:43:00,4.0,16.51264781656555
1995-08-18 00:44:00,20.0,12.992346404553714
1995-08-18 00:45:00,29.0,19.3023220764492
1995-08-18 00:46:00,18.0,20.71166094873148
1995-08-18 00:47:00,24.0,17.414702738051943
1995-08-18 00:48:00,8.0,20.589123444870804
1995-08-18 00:49:00,10.0,15.800450689936149
1995-08-18 00:50:00,25.0,14.675744136772721
1995-08-18 00:51:00,11.0,18.56806907635408
1995-08-18 00:52:00,11.0,15.88890112410167
1995-08-18 00:53:00,19.0,15.072024510114902
1995-08-18 00:54:00,28.0,16.900134744927264
1995-08-18 00:55:00,23.0,19.89290493222086
1995-08-18 00:56:00,14.0,18.56827772855998
1995-08-18 00:57:00,22.0,16.936115893701018
1995-08-18 00:58:00,17.0,17.75849828571279
1995-08-18 00:59:00,20.0,17.21089733792215
1995-08-18 01:00:00,30.0,21.131889949887643
1995-08-18 01:01:00,22.0,20.51056181727075
1995-08-18 01:02:00,20.0,21.77545971190765
1995-08-18 01:03:00,23.0,20.494880864651424
1995-08-18 01:04:00,30.0,21.807347654399912
1995-08-18 01:05:00,17.0,22.373822185684546
1995-08-18 01:06:00,17.0,19.789895487918844
1995-08-18 01:07:00,21.0,19.396451265157545
1995-08-18 01:08:00,33.0,20.731887563464408
1995-08-18 01:09:00,29.0,22.623604144169356
1995-08-18 01:10:00,31.0,23.34442449328353
1995-08-18 01:11:00,22.0,24.262619976054037
1995-08-18 01:12:00,18.0,23.372515138901854
1995-08-18 01:13:00,26.0,22.533202573537235
1995-08-18 01:14:00,32.0,24.53313127058369
1995-08-18 01:15:00,32.0,26.909498143576965
1995-08-18 01:16:00,36.0,27.428452413681654
1995-08-18 01:17:00,20.0,28.7301757697598
1995-08-18 01:18:00,32.0,23.350893838245863
1995-08-18 01:19:00,13.0,26.827403792867518
1995-08-18 01:20:00,15.0,19.827900772911185
1995-08-18 01:21:00,21.0,20.719266333236945
1995-08-18 01:22:00,17.0,22.510642438668885
1995-08-18 01:23:00,31.0,20.012084193693717
1995-08-18 01:24:00,17.0,25.94667422537659
1995-08-18 01:25:00,19.0,20.44739931007536
1995-08-18 01:26:00,24.0,20.35472026708011
1995-08-18 01:27:00,38.0,21.70688294416799
1995-08-18 01:28:00,35.0,27.099712101597383
1995-08-18 01:29:00,13.0,28.415589585772615
1995-08-18 01:30:00,28.0,19.959241022351854
1995-08-18 01:31:00,23.0,23.97018328149969
1995-08-18 01:32:00,24.0,25.27381612016853
1995-08-18 01:33:00,27.0,24.79373410391795
1995-08-18 01:34:00,32.0,25.186292471792633
1995-08-18 01:35:00,37.0,27.29474070673246
1995-08-18 01:36:00,29.0,30.12410358027494
1995-08-18 01:37:00,41.0,26.853261291874244
1995-08-18 01:38:00,23.0,29.47339326939316
1995-08-18 01:39:00,18.0,27.118219709051964
1995-08-18 01:40:00,24.0,23.34268639519898
1995-08-18 01:41:00,30.0,26.04511333607922
1995-08-18 01:42:00,22.0,24.95505958442523
1995-08-18 01:43:00,21.0,24.427841543363883
1995-08-18 01:44:00,37.0,22.947145077525782
1995-08-18 01:45:00,17.0,30.03256796350343
1995-08-18 01:46:00,24.0,24.25325141092592
1995-08-18 01:47:00,40.0,26.437902489741486
1995-08-18 01:48:00,26.0,29.580204236653422
1995-08-18 01:49:00,33.0,26.608302852684034
1995-08-18 01:50:00,31.0,27.239158957399816
1995-08-18 01:51:00,14.0,27.798835824807707
1995-08-18 01:52:00,24.0,22.414929052010173
1995-08-18 01:53:00,50.0,24.616890161696958
1995-08-18 01:54:00,35.0,31.539602163572624
1995-08-18 01:55:00,35.0,30.442995915576365
1995-08-18 01:56:00,30.0,31.236279252160127
1995-08-18 01:57:00,48.0,29.065021270233014
1995-08-18 01:58:00,45.0,36.33076649006763
1995-08-18 01:59:00,25.0,35.528177899981145
1995-08-18 02:00:00,22.0,30.117279666449683
1995-08-18 02:01:00,33.0,27.44121167197432
1995-08-18 02:02:00,20.0,29.71556101672473
1995-08-18 02:03:00,19.0,27.15947884368113
1995-08-18 02:04:00,11.0,25.606847097789924
1995-08-18 02:05:00,13.0,21.409878248848763
1995-08-18 02:06:00,20.0,21.95626090230128
1995-08-18 02:07:00,15.0,24.264443931053684
1995-08-18 02:08:00,23.0,20.39231679528845
1995-08-18 02:09:00,22.0,23.455189123887507
1995-08-18 02:10:00,20.0,22.850298558680407
1995-08-18 02:11:00,36.0,21.41922063563282
1995-08-18 02:12:00,28.0,28.499586277453645
1995-08-18 02:13:00,16.0,27.5298371802814
1995-08-18 02:14:00,17.0,22.84974265210288
1995-08-18 02:15:00,5.0,22.414320127094072
1995-08-18 02:16:00,6.0,16.848528596691654
1995-08-18 02:17:00,8.0,15.883020014461248
1995-08-18 02:18:00,9.0,14.424152403423127
1995-08-18 02:19:00,10.0,15.339029882811317
1995-08-18 02:20:00,10.0,14.183795776538695
1995-08-18 02:21:00,12.0,14.27998391840492
1995-08-18 02:22:00,27.0,14.775132071158032
1995-08-18 02:23:00,13.0,19.378950664282673
1995-08-18 02:24:00,7.0,16.587771923723324
1995-08-18 02:25:00,13.0,12.72779196517269
1995-08-18 02:26:00,15.0,16.11986194254887
1995-08-18 02:27:00,26.0,15.822920414193863
1995-08-18 02:28:00,34.0,19.934791837471813
1995-08-18 02:29:00,17.0,22.580189626339205
1995-08-18 02:30:00,15.0,16.701304593048018
1995-08-18 02:31:00,19.0,16.91893633771363
1995-08-18 02:32:00,17.0,18.772338505004463
1995-08-18 02:33:00,19.0,17.806154858988325
1995-08-18 02:34:00,3.0,17.713638226503615
1995-08-18 02:35:00,27.0,12.232244964222069
1995-08-18 02:36:00,39.0,19.3119731442293
1995-08-18 02:37:00,20.0,23.43899244241635
1995-08-18 02:38:00,14.0,19.35968040192132
1995-08-18 02:39:00,24.0,19.526050070526946
1995-08-18 02:40:00,22.0,19.967157026325054
1995-08-18 02:41:00,27.0,21.354000591210227
1995-08-18 02:42:00,18.0,22.432394116184334
1995-08-18 02:43:00,16.0,19.754477464317794
1995-08-18 02:44:00,15.0,19.030516905551867
1995-08-18 02:45:00,22.0,18.268140451015793
1995-08-18 02:46:00,19.0,19.765155593949093
1995-08-18 02:47:00,9.0,18.673983551366387
1995-08-18 02:48:00,34.0,16.30434261569493
1995-08-18 02:49:00,34.0,23.248199902003876
1995-08-18 02:50:00,9.0,23.191027967235446
1995-08-18 02:51:00,27.0,17.631591388812804
1995-08-18 02:52:00,34.0,20.94378399612802
1995-08-18 02:53:00,26.0,24.184195033799664
1995-08-18 02:54:00,28.0,23.26220876970159
1995-08-18 02:55:00,16.0,23.06594524654717
1995-08-18 02:56:00,20.0,19.88493246513193
1995-08-18 02:57:00,12.0,22.51971796435014
1995-08-18 02:58:00,11.0,18.46874288363938
1995-08-18 02:59:00,15.0,16.75244360182587
1995-08-18 03:00:00,31.0,18.553557356355352
1995-08-18 03:01:00,31.0,21.6123357129426
1995-08-18 03:02:00,23.0,24.397480073472625
1995-08-18 03:03:00,32.0,21.817684888843125
1995-08-18 03:04:00,25.0,25.0158955802012
1995-08-18 03:05:00,12.0,22.271560669670123
1995-08-18 03:06:00,15.0,17.618256527601222
1995-08-18 03:07:00,14.0,19.40181858039743
1995-08-18 03:08:00,20.0,18.521167437990982
1995-08-18 03:09:00,15.0,21.04434915085034
1995-08-18 03:10:00,21.0,19.352001182645417
1995-08-18 03:11:00,22.0,20.44860614954515
1995-08-18 03:12:00,20.0,21.42294835048324
1995-08-18 03:13:00,13.0,20.57121920047138
1995-08-18 03:14:00,16.0,18.535765496268525
1995-08-18 03:15:00,21.0,19.079452257448793
1995-08-18 03:16:00,8.0,21.554324813253004
1995-08-18 03:17:00,10.0,16.129717299127318
1995-08-18 03:18:00,9.0,15.456057326933713
1995-08-18 03:19:00,5.0,14.085676053560572
1995-08-18 03:20:00,8.0,13.149476503879626
1995-08-18 03:21:00,14.0,14.098447111905772
1995-08-18 03:22:00,9.0,17.915106404030528
1995-08-18 03:23:00,31.0,13.985087662384007
1995-08-18 03:24:00,34.0,21.214730176391452
1995-08-18 03:25:00,19.0,22.131603448399428
1995-08-18 03:26:00,20.0,18.926385942630468
1995-08-18 03:27:00,20.0,20.040777618932058
1995-08-18 03:28:00,15.0,18.970467044779088
1995-08-18 03:29:00,14.0,18.12647507377617
1995-08-18 03:30:00,17.0,17.662016586282586
1995-08-18 03:31:00,13.0,16.490677038220145
1995-08-18 03:32:00,11.0,16.130866756029157
1995-08-18 03:33:00,21.0,15.514245793368206
1995-08-18 03:34:00,22.0,16.935179902041362
1995-08-18 03:35:00,46.0,18.388481602471984
1995-08-18 03:36:00,46.0,24.852946503492028
1995-08-18 03:37:00,21.0,29.132999715425097
1995-08-18 03:38:00,13.0,21.82539129234241
1995-08-18 03:39:00,20.0,20.59877447120112
1995-08-18 03:40:00,3.0,19.894941240608564
1995-08-18 03:41:00,23.0,15.327164367426006
1995-08-18 03:42:00,8.0,18.701785256148423
1995-08-18 03:43:00,10.0,15.558418711916143
1995-08-18 03:44:00,39.0,13.533944078365616
1995-08-18 03:45:00,22.0,23.32412929767117
1995-08-18 03:46:00,20.0,20.812392750600523
1995-08-18 03:47:00,11.0,20.02354152334673
1995-08-18 03:48:00,28.0,17.041170254890734
1995-08-18 03:49:00,28.0,21.15905232271374
1995-08-18 03:50:00,27.0,22.62029012530702
1995-08-18 03:51:00,18.0,20.32825034450664
1995-08-18 03:52:00,14.0,20.553652694376165
1995-08-18 03:53:00,11.0,18.811150764314604
1995-08-18 03:54:00,13.0,17.495839103860757
1995-08-18 03:55:00,21.0,16.90709085008219
1995-08-18 03:56:00,25.0,19.672253574331453
1995-08-18 03:57:00,6.0,20.511328320514398
1995-08-18 03:58:00,12.0,14.819364558995424
1995-08-18 03:59:00,7.0,15.556592325179043
1995-08-18 04:00:00,20.0,14.000787048294773
1995-08-18 04:01:00,32.0,18.60358298256923
1995-08-18 04:02:00,19.0,21.265442967455325
1995-08-18 04:03:00,11.0,17.561860554767776
1995-08-18 04:04:00,11.0,15.135358252613537
1995-08-18 04:05:00,12.0,14.851676171284426
1995-08-18 04:06:00,10.0,14.769685702663264
1995-08-18 04:07:00,17.0,14.517795628460801
1995-08-18 04:08:00,18.0,14.777698805875303
1995-08-18 04:09:00,7.0,15.643206328038438
1995-08-18 04:10:00,17.0,12.02858255148219
1995-08-18 04:11:00,12.0,14.833881818840347
1995-08-18 04:12:00,16.0,14.577521519017102
1995-08-18 04:13:00,37.0,14.873050031769075
1995-08-18 04:14:00,22.0,22.752327274048806
1995-08-18 04:15:00,16.0,20.64876635306646
1995-08-18 04:16:00,13.0,18.731586815369653
1995-08-18 04:17:00,11.0,15.549157058365667
1995-08-18 04:18:00,15.0,15.541851294652991
1995-08-18 04:19:00,35.0,16.636821203066887
1995-08-18 04:20:00,13.0,20.738127754933217
1995-08-18 04:21:00,10.0,16.51644761803025
1995-08-18 04:22:00,8.0,15.286721106230162
1995-08-18 04:23:00,15.0,13.585100295914195
1995-08-18 04:24:00,21.0,17.106013260974276
1995-08-18 04:25:00,20.0,17.731506914408147
1995-08-18 04:26:00,13.0,18.237678211886447
1995-08-18 04:27:00,13.0,16.064444786750492
1995-08-18 04:28:00,15.0,16.165842802043308
1995-08-18 04:29:00,5.0,15.721251755887977
1995-08-18 04:30:00,20.0,12.632093554901706
1995-08-18 04:31:00,26.0,17.295775021712323
1995-08-18 04:32:00,26.0,19.971984001771325
1995-08-18 04:33:00,5.0,19.92162550716056
1995-08-18 04:34:00,4.0,12.865575064913484
1995-08-18 04:35:00,11.0,11.921007583108622
1995-08-18 04:36:00,11.0,14.936411730700408
1995-08-18 04:37:00,9.0,12.97935362325377
1995-08-18 04:38:00,11.0,12.958943077543799
1995-08-18 04:39:00,9.0,12.707319231728622
1995-08-18 04:40:00,13.0,12.258392002271686
1995-08-18 04:41:00,14.0,13.74718788216278
1995-08-18 04:42:00,24.0,14.50528972221781
1995-08-18 04:43:00,20.0,17.887475152895064
1995-08-18 04:44:00,17.0,17.61725076912868
1995-08-18 04:45:00,20.0,16.058764781522232
1995-08-18 04:46:00,18.0,17.523279760569206
1995-08-18 04:47:00,8.0,16.57406948379162
1995-08-18 04:48:00,15.0,13.488699227530741
1995-08-18 04:49:00,13.0,16.466625181815857
1995-08-18 04:50:00,8.0,15.709593481570499
1995-08-18 04:51:00,10.0,12.57497795358054
1995-08-18 04:52:00,18.0,12.297056377722463
1995-08-18 04:53:00,28.0,14.599959790922629
1995-08-18 04:54:00,17.0,20.189354522538874
1995-08-18 04:55:00,14.0,16.57548763139228
1995-08-18 04:56:00,30.0,17.266017122929917
1995-08-18 04:57:00,11.0,20.990562810863132
1995-08-18 04:58:00,10.0,14.853033830080609
1995-08-18 04:59:00,15.0,14.452919933876766
1995-08-18 05:00:00,13.0,16.416860267645756
1995-08-18 05:01:00,6.0,15.803635374300773
1995-08-18 05:02:00,20.0,12.457644412188001
1995-08-18 05:03:00,10.0,15.165763646907193
1995-08-18 05:04:00,21.0,13.169783760994745
1995-08-18 05:05:00,17.0,15.112323123524755
1995-08-18 05:06:00,5.0,15.526014469120984
1995-08-18 05:07:00,12.0,11.618300737155243
1995-08-18 05:08:00,22.0,12.883090023631192
1995-08-18 05:09:00,10.0,15.8635185630926
1995-08-18 05:10:00,10.0,14.634965195776774
1995-08-18 05:11:00,44.0,13.354659873657782
1995-08-18 05:12:00,46.0,24.360917330705853
1995-08-18 05:13:00,23.0,25.202288788484562
1995-08-18 05:14:00,20.0,19.357667398344535
1995-08-18 05:15:00,19.0,18.717713025720222
1995-08-18 05:16:00,19.0,18.5342430340907
1995-08-18 05:17:00,11.0,18.376007532235818
1995-08-18 05:18:00,15.0,16.17544601874744
1995-08-18 05:19:00,24.0,17.41646905933709
1995-08-18 05:20:00,11.0,20.466037243671032
1995-08-18 05:21:00,23.0,15.017096701752257
1995-08-18 05:22:00,4.0,19.04485122383523
1995-08-18 05:23:00,20.0,13.960867817977968
1995-08-18 05:24:00,14.0,18.137746195482887
1995-08-18 05:25:00,2.0,16.99609142628168
1995-08-18 05:26:00,10.0,10.901350469833847
1995-08-18 05:27:00,19.0,13.839153314934391
1995-08-18 05:28:00,0.0,15.702963568419454
1995-08-18 05:33:00,8.0,14.38539727313869
1995-08-18 05:35:00,8.0,12.88398585323696
1995-08-18 05:36:00,10.0,12.291106018041113
1995-08-18 05:37:00,7.0,13.684334882147539
1995-08-18 05:38:00,10.0,11.030666603261288
1995-08-18 05:39:00,15.0,13.11478475604653
1995-08-18 05:40:00,13.0,13.89197093313073
1995-08-18 05:41:00,11.0,13.88835158085429
1995-08-18 05:42:00,9.0,14.496185503663273
1995-08-18 05:43:00,5.0,12.608901585937542
1995-08-18 05:45:00,25.0,12.07578189723424
1995-08-18 05:46:00,24.0,16.38473298954676
1995-08-18 05:47:00,13.0,17.207047291015446
1995-08-18 05:48:00,11.0,13.63140424224453
1995-08-18 05:49:00,11.0,12.946890234117788
1995-08-18 05:50:00,23.0,14.206183561993535
1995-08-18 05:51:00,17.0,16.407401177309726
1995-08-18 05:52:00,14.0,16.023272215884646
1995-08-18 05:53:00,20.0,14.612077985718436
1995-08-18 05:54:00,17.0,16.951715931865333
1995-08-18 05:55:00,22.0,16.19672773266918
1995-08-18 05:56:00,11.0,16.631738108618194
1995-08-18 05:57:00,47.0,14.788451992835196
1995-08-18 05:58:00,32.0,25.432523757653524
1995-08-18 05:59:00,12.0,22.573403871217188
1995-08-18 06:00:00,11.0,16.48721216199521
1995-08-18 06:01:00,13.0,16.37722874173819
1995-08-18 06:02:00,17.0,16.804024412409177
1995-08-18 06:03:00,11.0,17.485695382115715
1995-08-18 06:04:00,8.0,15.857623710846184
1995-08-18 06:05:00,20.0,14.087505506733958
1995-08-18 06:06:00,23.0,16.684706428434566
1995-08-18 06:07:00,23.0,18.552008575541333
1995-08-18 06:08:00,33.0,19.007582577006346
1995-08-18 06:09:00,24.0,22.128024006460052
1995-08-18 06:10:00,27.0,21.176762406633063
1995-08-18 06:11:00,11.0,21.78319312046316
1995-08-18 06:12:00,18.0,17.123557424266444
1995-08-18 06:13:00,15.0,20.371220238552585
1995-08-18 06:14:00,18.0,19.36899628928068
1995-08-18 06:15:00,10.0,17.518014320732625
1995-08-18 06:16:00,6.0,15.843785520291696
1995-08-18 06:17:00,18.0,12.743614332785368
1995-08-18 06:18:00,24.0,17.29376293815919
1995-08-18 06:19:00,15.0,18.531791561346147
1995-08-18 06:20:00,8.0,17.634702263601856
1995-08-18 06:21:00,12.0,14.647056626050592
1995-08-18 06:22:00,13.0,15.000443450950229
1995-08-18 06:23:00,10.0,15.749586041097736
1995-08-18 06:24:00,29.0,13.954433780734494
1995-08-18 06:25:00,13.0,20.358321620089942
1995-08-18 06:26:00,9.0,17.16138633420276
1995-08-18 06:27:00,4.0,15.309279377814702
1995-08-18 06:28:00,8.0,11.656830415054818
1995-08-18 06:29:00,16.0,12.266100243955007
1995-08-18 06:30:00,22.0,14.35366147991234
1995-08-18 06:31:00,8.0,16.262659711184902
1995-08-18 06:32:00,14.0,12.540236075298887
1995-08-18 06:33:00,14.0,14.490772432363986
1995-08-18 06:34:00,19.0,14.092427547002137
1995-08-18 06:35:00,11.0,15.115543847415038
1995-08-18 06:36:00,7.0,14.043368756668523
1995-08-18 06:37:00,7.0,11.604108791725583
1995-08-18 06:38:00,40.0,11.899702042949585
1995-08-18 06:39:00,12.0,23.419156928131976
1995-08-18 06:40:00,16.0,14.974661705035262
1995-08-18 06:41:00,16.0,14.546220432118181
1995-08-18 06:42:00,8.0,16.328277839542515
1995-08-18 06:43:00,28.0,14.525290160088282
1995-08-18 06:44:00,26.0,20.221966701094402
1995-08-18 06:45:00,18.0,19.660138564251127
1995-08-18 06:46:00,12.0,17.211862008853466
1995-08-18 06:47:00,6.0,16.32239675065514
1995-08-18 06:48:00,16.0,13.284204660737462
1995-08-18 06:49:00,7.0,15.659406815340063
1995-08-18 06:50:00,3.0,13.021735846039444
1995-08-18 06:51:00,13.0,9.467387596061787
1995-08-18 06:52:00,21.0,13.912129505812894
1995-08-18 06:53:00,35.0,17.662459721830285
1995-08-18 06:54:00,30.0,21.48605595397371
1995-08-18 06:55:00,40.0,21.594703731342417
1995-08-18 06:56:00,34.0,24.199789691838774
1995-08-18 06:57:00,43.0,25.513670548440622
1995-08-18 06:58:00,35.0,29.076375854996378
1995-08-18 06:59:00,12.0,28.835857601172926
1995-08-18 07:00:00,29.0,22.40794245204584
1995-08-18 07:01:00,26.0,24.70991189818228
1995-08-18 07:02:00,25.0,24.83061868855013
1995-08-18 07:03:00,23.0,24.93960192525919
1995-08-18 07:04:00,26.0,25.381938385874395
1995-08-18 07:05:00,22.0,25.73283355718241
1995-08-18 07:06:00,30.0,25.937945465455112
1995-08-18 07:07:00,16.0,27.391124229569723
1995-08-18 07:08:00,19.0,23.130530094510508
1995-08-18 07:09:00,46.0,24.016224199364846
1995-08-18 07:10:00,31.0,32.34910947184465
1995-08-18 07:11:00,26.0,29.062497935060513
1995-08-18 07:12:00,23.0,28.846075897340075
1995-08-18 07:13:00,25.0,28.271134959572375
1995-08-18 07:14:00,37.0,28.91290272964626
1995-08-18 07:15:00,22.0,32.160546702348356
1995-08-18 07:16:00,23.0,27.290825048736902
1995-08-18 07:17:00,59.0,26.744392693120023
1995-08-18 07:18:00,40.0,36.349478929321904
1995-08-18 07:19:00,29.0,34.39344338529979
1995-08-18 07:20:00,22.0,32.087013751132694
1995-08-18 07:21:00,20.0,29.68581140276528
1995-08-18 07:22:00,45.0,28.89883640499698
1995-08-18 07:23:00,21.0,36.43826940184447
1995-08-18 07:24:00,19.0,29.762189344254963
1995-08-18 07:25:00,10.0,27.305301341544574
1995-08-18 07:26:00,24.0,24.081870848164552
1995-08-18 07:27:00,33.0,27.891107363293656
1995-08-18 07:28:00,28.0,30.804114668355187
1995-08-18 07:29:00,25.0,29.23474821281009
1995-08-18 07:30:00,19.0,26.911147235251622
1995-08-18 07:31:00,15.0,24.62065165749091
1995-08-18 07:32:00,13.0,23.740741897226606
1995-08-18 07:33:00,40.0,22.180726381535358
1995-08-18 07:34:00,31.0,28.82336102372136
1995-08-18 07:35:00,24.0,27.698305803831072
1995-08-18 07:36:00,45.0,27.35957644564993
1995-08-18 07:37:00,34.0,33.29936816320526
1995-08-18 07:38:00,17.0,32.51988905173836
1995-08-18 07:39:00,40.0,28.50065662962929
1995-08-18 07:40:00,43.0,33.08725449565005
1995-08-18 07:41:00,56.0,35.57691636549368
1995-08-18 07:42:00,44.0,41.19567202819662
1995-08-18 07:43:00,28.0,38.10221584567199
1995-08-18 07:44:00,45.0,34.73437844620805
1995-08-18 07:45:00,18.0,39.48175392602515
1995-08-18 07:46:00,38.0,32.24513902929871
1995-08-18 07:47:00,59.0,33.91017856114774
1995-08-18 07:48:00,33.0,44.69999184336444
1995-08-18 07:49:00,17.0,35.19710047329848
1995-08-18 07:50:00,16.0,30.429382257255792
1995-08-18 07:51:00,48.0,28.814657964632254
1995-08-18 07:52:00,28.0,37.986783222042945
1995-08-18 07:53:00,17.0,32.05047601402883
1995-08-18 07:54:00,45.0,29.487045305625696
1995-08-18 07:55:00,30.0,35.06266782270856
1995-08-18 07:56:00,25.0,33.40353023619721
1995-08-18 07:57:00,31.0,30.050845401777366
1995-08-18 07:58:00,23.0,32.45105609991908
1995-08-18 07:59:00,14.0,29.211572340647017
1995-08-18 08:00:00,35.0,25.879558135400483
1995-08-18 08:01:00,59.0,31.760041494078827
1995-08-18 08:02:00,32.0,42.008049523461196
1995-08-18 08:03:00,46.0,35.50488915653428
1995-08-18 08:04:00,43.0,37.0157241960905
1995-08-18 08:05:00,41.0,39.0340215544887
1995-08-18 08:06:00,58.0,41.13762308107341
1995-08-18 08:07:00,51.0,47.58330996144758
1995-08-18 08:08:00,56.0,46.71802042572887
1995-08-18 08:09:00,24.0,49.08899279134491
1995-08-18 08:10:00,32.0,36.06279215133496
1995-08-18 08:11:00,52.0,37.667383395509965
1995-08-18 08:12:00,39.0,44.47429738000548
1995-08-18 08:13:00,43.0,41.19996472488699
1995-08-18 08:14:00,37.0,40.70884387352413
1995-08-18 08:15:00,26.0,40.64731809912321
1995-08-18 08:16:00,26.0,35.993072663785775
1995-08-18 08:17:00,30.0,34.119911315978825
1995-08-18 08:18:00,45.0,36.34405757190127
1995-08-18 08:19:00,36.0,38.21801857769716
1995-08-18 08:20:00,53.0,40.0019677766171
1995-08-18 08:21:00,33.0,44.58594110378467
1995-08-18 08:22:00,20.0,38.56038136860403
1995-08-18 08:23:00,32.0,31.762581854163535
1995-08-18 08:24:00,41.0,35.13777683000613
1995-08-18 08:25:00,49.0,37.4194434682689
1995-08-18 08:26:00,60.0,42.2059083682244
1995-08-18 08:27:00,37.0,47.721645153013505
1995-08-18 08:28:00,49.0,41.0758357857683
1995-08-18 08:29:00,45.0,44.56486231852509
1995-08-18 08:30:00,62.0,43.830989343706676
1995-08-18 08:31:00,41.0,51.50657180279187
1995-08-18 08:32:00,42.0,45.233031512079904
1995-08-18 08:33:00,41.0,45.22351250154393
1995-08-18 08:34:00,21.0,44.2502273229845
1995-08-18 08:35:00,42.0,37.813545697994144
1995-08-18 08:36:00,38.0,41.15743959698569
1995-08-18 08:37:00,43.0,41.86397360664522
1995-08-18 08:38:00,45.0,43.40906476122904
1995-08-18 08:39:00,33.0,44.19721710750196
1995-08-18 08:40:00,48.0,40.11434327044172
1995-08-18 08:41:00,37.0,44.677194984280646
1995-08-18 08:42:00,31.0,43.1361541545603
1995-08-18 08:43:00,52.0,40.417945167907945
1995-08-18 08:44:00,60.0,44.75790086434525
1995-08-18 08:45:00,38.0,49.78425706291884
1995-08-18 08:46:00,75.0,43.579930176880005
1995-08-18 08:47:00,45.0,53.33802646917527
1995-08-18 08:48:00,40.0,48.503333346967814
1995-08-18 08:49:00,72.0,47.17651259331003
1995-08-18 08:50:00,76.0,54.520801229746006
1995-08-18 08:51:00,65.0,58.28862866305762
1995-08-18 08:52:00,19.0,55.96800539919305
1995-08-18 08:53:00,53.0,45.46735713791768
1995-08-18 08:54:00,86.0,49.815929767247226
1995-08-18 08:55:00,66.0,59.79924130005432
1995-08-18 08:56:00,39.0,57.29685992831729
1995-08-18 08:57:00,62.0,53.17755306455906
1995-08-18 08:58:00,56.0,55.22830133946782
1995-08-18 08:59:00,58.0,57.88817118544797
1995-08-18 09:00:00,59.0,56.33928500899657
1995-08-18 09:01:00,41.0,56.25450693138019
1995-08-18 09:02:00,60.0,51.066154579321385
1995-08-18 09:03:00,33.0,55.38906444274818
1995-08-18 09:04:00,26.0,49.742340523685726
1995-08-18 09:05:00,64.0,42.264481593542186
1995-08-18 09:06:00,36.0,55.28787675724453
1995-08-18 09:07:00,39.0,48.74633504950151
1995-08-18 09:08:00,30.0,46.1811668387021
1995-08-18 09:09:00,41.0,45.21839860650119
1995-08-18 09:10:00,52.0,47.07779387015484
1995-08-18 09:11:00,38.0,49.187180171528794
1995-08-18 09:12:00,37.0,46.98310215154011
1995-08-18 09:13:00,23.0,45.97008905308872
1995-08-18 09:14:00,36.0,38.826406270331574
1995-08-18 09:15:00,44.0,44.53126041212832
1995-08-18 09:16:00,45.0,44.988974311114994
1995-08-18 09:17:00,53.0,48.67343373684321
1995-08-18 09:18:00,61.0,48.51438744649465
1995-08-18 09:19:00,46.0,50.25381667965536
1995-08-18 09:20:00,28.0,51.04362726518107
1995-08-18 09:21:00,50.0,42.54212714692914
1995-08-18 09:22:00,48.0,46.34414218760862
1995-08-18 09:23:00,44.0,48.07267500991282
1995-08-18 09:24:00,38.0,47.17878759046267
1995-08-18 09:25:00,39.0,44.87166314898832
1995-08-18 09:26:00,32.0,42.137265372443224
1995-08-18 09:27:00,46.0,40.38942080630684
1995-08-18 09:28:00,36.0,44.244751294689785
1995-08-18 09:29:00,61.0,43.06481179219844
1995-08-18 09:30:00,51.0,47.89976569840351
1995-08-18 09:31:00,29.0,49.90992354393266
1995-08-18 09:32:00,45.0,40.90098383913624
1995-08-18 09:33:00,46.0,43.6129332798942
1995-08-18 09:34:00,72.0,45.83696699372682
1995-08-18 09:35:00,70.0,55.395486654373826
1995-08-18 09:36:00,66.0,54.89382281557223
1995-08-18 09:37:00,70.0,55.4889063055489
1995-08-18 09:38:00,62.0,57.317815707343044
1995-08-18 09:39:00,47.0,56.94427250734412
1995-08-18 09:40:00,55.0,54.068988991349094
1995-08-18 09:41:00,58.0,54.14680596469941
1995-08-18 09:42:00,49.0,54.65036038213447
1995-08-18 09:43:00,51.0,52.65347520327015
1995-08-18 09:44:00,51.0,55.072519694775515
1995-08-18 09:45:00,17.0,53.927920732641375
1995-08-18 09:46:00,74.0,43.09542003539541
1995-08-18 09:47:00,57.0,58.311550449186704
1995-08-18 09:48:00,57.0,55.89951757183846
1995-08-18 09:49:00,65.0,55.31687101463502
1995-08-18 09:50:00,71.0,59.8487727100789
1995-08-18 09:51:00,63.0,62.19693873803645
1995-08-18 09:52:00,54.0,61.70683957231245
1995-08-18 09:53:00,72.0,58.059410104414304
1995-08-18 09:54:00,65.0,62.9481313677966
1995-08-18 09:55:00,52.0,60.30879697277655
1995-08-18 09:56:00,52.0,57.549069373409054
1995-08-18 09:57:00,54.0,57.51036117227974
1995-08-18 09:58:00,54.0,59.16398801042225
1995-08-18 09:59:00,84.0,60.32506066293802
1995-08-18 10:00:00,48.0,67.32090569192908
1995-08-18 10:01:00,46.0,57.98101614944649
1995-08-18 10:02:00,52.0,57.194881852189425
1995-08-18 10:03:00,85.0,57.684265767540076
1995-08-18 10:04:00,28.0,66.40083937616765
1995-08-18 10:05:00,34.0,54.08391016626939
1995-08-18 10:06:00,48.0,51.78444927991717
1995-08-18 10:07:00,66.0,52.693347920986334
1995-08-18 10:08:00,74.0,60.11771020927649
1995-08-18 10:09:00,70.0,62.55743591074771
1995-08-18 10:10:00,51.0,61.48919613693106
1995-08-18 10:11:00,82.0,58.32227139515821
1995-08-18 10:12:00,42.0,64.13015370397757
1995-08-18 10:13:00,53.0,56.264986682389655
1995-08-18 10:14:00,82.0,57.740972992618566
1995-08-18 10:15:00,62.0,66.38545794979288
1995-08-18 10:16:00,67.0,61.254700851872684
1995-08-18 10:17:00,52.0,65.73740880697243
1995-08-18 10:18:00,50.0,59.26029776920142
1995-08-18 10:19:00,41.0,55.654373075684866
1995-08-18 10:20:00,31.0,54.69888352652691
1995-08-18 10:21:00,50.0,51.22545255031836
1995-08-18 10:22:00,48.0,52.95625240113434
1995-08-18 10:23:00,62.0,52.598573003692294
1995-08-18 10:24:00,38.0,58.49347617294566
1995-08-18 10:25:00,72.0,50.77818292825887
1995-08-18 10:26:00,59.0,58.90243311233901
1995-08-18 10:27:00,83.0,59.31080351643367
1995-08-18 10:28:00,58.0,62.23570752656163
1995-08-18 10:29:00,29.0,58.71549121419665
1995-08-18 10:30:00,37.0,51.57152597606574
1995-08-18 10:31:00,65.0,52.30622939671511
1995-08-18 10:32:00,51.0,58.73208347221229
1995-08-18 10:33:00,59.0,56.975032030563405
1995-08-18 10:34:00,56.0,57.16616718671886
1995-08-18 10:35:00,94.0,54.536665270704056
1995-08-18 10:36:00,40.0,69.16189773185224
1995-08-18 10:37:00,40.0,54.06790695473763
1995-08-18 10:38:00,72.0,45.42143539195755
1995-08-18 10:39:00,60.0,61.184916335709744
1995-08-18 10:40:00,63.0,61.01587330153468
1995-08-18 10:41:00,58.0,63.06380111751309
1995-08-18 10:42:00,56.0,58.75913066089013
1995-08-18 10:43:00,57.0,59.69537332556346
1995-08-18 10:44:00,79.0,58.54570194604859
1995-08-18 10:45:00,80.0,64.49518937056942
1995-08-18 10:46:00,79.0,66.30837426436804
1995-08-18 10:47:00,75.0,67.36293589203039
1995-08-18 10:48:00,79.0,67.38514815812923
1995-08-18 10:49:00,116.0,68.15323695952108
1995-08-18 10:50:00,55.0,82.57700803464014
1995-08-18 10:51:00,51.0,69.4301080167655
1995-08-18 10:52:00,55.0,62.1830373395727
1995-08-18 10:53:00,48.0,63.493908088016106
1995-08-18 10:54:00,62.0,59.28159354513357
1995-08-18 10:55:00,50.0,59.30067422343617
1995-08-18 10:56:00,35.0,62.57062909054343
1995-08-18 10:57:00,33.0,53.295400482983226
1995-08-18 10:58:00,35.0,49.9569833330402
1995-08-18 10:59:00,71.0,49.823099306224
1995-08-18 11:00:00,41.0,62.56044571498237
1995-08-18 11:01:00,54.0,51.319558461174466
1995-08-18 11:02:00,51.0,56.15580469964141
1995-08-18 11:03:00,46.0,52.93628330720742
1995-08-18 11:04:00,52.0,53.713530391803566
1995-08-18 11:05:00,70.0,52.79321917088963
1995-08-18 11:06:00,34.0,60.12047611970538
1995-08-18 11:07:00,33.0,50.58400332503739
1995-08-18 11:08:00,64.0,48.36881815908858
1995-08-18 11:09:00,47.0,56.743483473723245
1995-08-18 11:10:00,44.0,53.831429165295106
1995-08-18 11:11:00,57.0,50.30310968755762
1995-08-18 11:12:00,40.0,54.52183719427094
1995-08-18 11:13:00,77.0,51.34065848111802
1995-08-18 11:14:00,78.0,61.36204762684028
1995-08-18 11:15:00,44.0,64.48345188682124
1995-08-18 11:16:00,70.0,55.42025740170884
1995-08-18 11:17:00,62.0,61.67412736493189
1995-08-18 11:18:00,82.0,60.19533502003255
1995-08-18 11:19:00,80.0,67.21618379547814
1995-08-18 11:20:00,60.0,67.22599880194774
1995-08-18 11:21:00,87.0,63.0179863775015
1995-08-18 11:22:00,94.0,68.62025977110109
1995-08-18 11:23:00,62.0,76.07498045448978
1995-08-18 11:24:00,92.0,69.03653608614543
1995-08-18 11:25:00,101.0,75.57073133871776
1995-08-18 11:26:00,113.0,80.48581295677934
1995-08-18 11:27:00,71.0,85.28291418419559
1995-08-18 11:28:00,61.0,72.02008398401703
1995-08-18 11:29:00,61.0,70.32026186663613
1995-08-18 11:30:00,92.0,69.23760691266448
1995-08-18 11:31:00,113.0,76.85349906689969
1995-08-18 11:32:00,68.0,83.60254996082023
1995-08-18 11:33:00,68.0,71.90673758542589
1995-08-18 11:34:00,70.0,68.42334745441434
1995-08-18 11:35:00,85.0,72.8671834800043
1995-08-18 11:36:00,79.0,75.71068977419252
1995-08-18 11:37:00,73.0,75.46515472188116
1995-08-18 11:38:00,48.0,71.8532588882693
1995-08-18 11:39:00,46.0,65.3299470474671
1995-08-18 11:40:00,35.0,61.595358747098075
1995-08-18 11:41:00,64.0,59.95166495687911
1995-08-18 11:42:00,74.0,66.40246114808365
1995-08-18 11:43:00,73.0,68.89764022489916
1995-08-18 11:44:00,63.0,70.49051892043394
1995-08-18 11:45:00,69.0,69.46339529462658
1995-08-18 11:46:00,64.0,70.45728848539298
1995-08-18 11:47:00,55.0,67.99093359784867
1995-08-18 11:48:00,77.0,65.58556620529492
1995-08-18 11:49:00,55.0,68.50604087696895
1995-08-18 11:50:00,70.0,65.57622767667154
1995-08-18 11:51:00,40.0,69.767534555341
1995-08-18 11:52:00,45.0,56.0956139072801
1995-08-18 11:53:00,42.0,59.09389126131207
1995-08-18 11:54:00,35.0,56.87531276267598
1995-08-18 11:55:00,46.0,50.74900056130174
1995-08-18 11:56:00,31.0,52.477900216706146
1995-08-18 11:57:00,27.0,49.44917780494046
1995-08-18 11:58:00,52.0,47.026679461221924
1995-08-18 11:59:00,69.0,51.647888246473826
1995-08-18 12:00:00,58.0,58.97174120880114
1995-08-18 12:01:00,82.0,56.25020053699454
1995-08-18 12:02:00,65.0,65.10252117253167
1995-08-18 12:03:00,84.0,62.5255974561505
1995-08-18 12:04:00,82.0,65.94207451349781
1995-08-18 12:05:00,73.0,67.52697612741144
1995-08-18 12:06:00,45.0,66.32266782482486
1995-08-18 12:07:00,54.0,56.23965706825215
1995-08-18 12:08:00,48.0,59.07736138128338
1995-08-18 12:09:00,52.0,56.1428503098857
1995-08-18 12:10:00,63.0,55.78109858528123
1995-08-18 12:11:00,46.0,60.424941028326536
1995-08-18 12:12:00,40.0,52.98547275880502
1995-08-18 12:13:00,47.0,51.806982097976665
1995-08-18 12:14:00,40.0,51.207858683861915
1995-08-18 12:15:00,63.0,51.708390050040244
1995-08-18 12:16:00,46.0,57.719116513651585
1995-08-18 12:17:00,50.0,52.811281564956225
1995-08-18 12:18:00,61.0,56.182620295709306
1995-08-18 12:19:00,61.0,58.727034385349604
1995-08-18 12:20:00,78.0,58.383928071558515
1995-08-18 12:21:00,39.0,63.357810212984276
1995-08-18 12:22:00,68.0,53.092811711167805
1995-08-18 12:23:00,54.0,58.113341420696194
1995-08-18 12:24:00,39.0,58.28855217911286
1995-08-18 12:25:00,45.0,52.59600515402821
1995-08-18 12:26:00,39.0,53.146763045972236
1995-08-18 12:27:00,45.0,50.29282239456525
1995-08-18 12:28:00,62.0,52.79828435822995
1995-08-18 12:29:00,54.0,60.10627808976681
1995-08-18 12:30:00,52.0,55.218255180972605
1995-08-18 12:31:00,87.0,54.6827788794497
1995-08-18 12:32:00,105.0,65.01798998757276
1995-08-18 12:33:00,45.0,75.35918120360539
1995-08-18 12:34:00,61.0,57.06797698009501
1995-08-18 12:35:00,84.0,58.72440144624664
1995-08-18 12:36:00,84.0,67.8805636713645
1995-08-18 12:37:00,54.0,72.20639767538061
1995-08-18 12:38:00,36.0,62.191702525943555
1995-08-18 12:39:00,113.0,53.22213644066852
1995-08-18 12:40:00,64.0,76.00449203753361
1995-08-18 12:41:00,71.0,64.50457232882388
1995-08-18 12:42:00,46.0,60.78045726852889
1995-08-18 12:43:00,39.0,57.924628123809555
1995-08-18 12:44:00,36.0,54.22530846202646
1995-08-18 12:45:00,39.0,53.41718363864164
1995-08-18 12:46:00,66.0,50.89767796414338
1995-08-18 12:47:00,93.0,59.3969129533192
1995-08-18 12:48:00,78.0,67.3432108266814
1995-08-18 12:49:00,95.0,67.8382800111151
1995-08-18 12:50:00,46.0,75.1008800969874
1995-08-18 12:51:00,63.0,62.18307527113565
1995-08-18 12:52:00,63.0,62.7727166103391
1995-08-18 12:53:00,63.0,70.02874020103737
1995-08-18 12:54:00,79.0,64.92414192731155
1995-08-18 12:55:00,81.0,65.94936203524907
1995-08-18 12:56:00,67.0,71.77331521653821
1995-08-18 12:57:00,45.0,69.98862140148505
1995-08-18 12:58:00,41.0,58.15784552990937
1995-08-18 12:59:00,37.0,56.29545925544874
1995-08-18 13:00:00,46.0,53.37930545061434
1995-08-18 13:01:00,47.0,54.17767715657521
1995-08-18 13:02:00,69.0,55.144809927241425
1995-08-18 13:03:00,66.0,63.23910465752585
1995-08-18 13:04:00,50.0,63.54236782022305
1995-08-18 13:05:00,60.0,58.690561352969944
1995-08-18 13:06:00,93.0,66.27432190088095
1995-08-18 13:07:00,76.0,71.71049143452015
1995-08-18 13:08:00,80.0,69.04650470917933
1995-08-18 13:09:00,87.0,71.59521159387404
1995-08-18 13:10:00,53.0,75.22562833956624
1995-08-18 13:11:00,96.0,66.04417057967541
1995-08-18 13:12:00,118.0,76.23098240360605
1995-08-18 13:13:00,56.0,87.39218356021856
1995-08-18 13:14:00,36.0,69.49660538597595
1995-08-18 13:15:00,68.0,58.945285897151265
1995-08-18 13:16:00,59.0,71.19750303026775
1995-08-18 13:17:00,55.0,69.30200637321568
1995-08-18 13:18:00,70.0,62.95030833582974
1995-08-18 13:19:00,70.0,68.1293792794099
1995-08-18 13:20:00,87.0,70.83474513018157
1995-08-18 13:21:00,58.0,75.25263956091585
1995-08-18 13:22:00,84.0,67.64339201755277
1995-08-18 13:23:00,89.0,74.12993799398564
1995-08-18 13:24:00,53.0,77.29840833597484
1995-08-18 13:25:00,71.0,67.73790202192652
1995-08-18 13:26:00,74.0,68.65133289093916
1995-08-18 13:27:00,91.0,70.16875378608344
1995-08-18 13:28:00,69.0,74.80270779263081
1995-08-18 13:29:00,102.0,71.59850297914477
1995-08-18 13:30:00,94.0,75.40311664801517
1995-08-18 13:31:00,86.0,79.9100738273982
1995-08-18 13:32:00,84.0,77.94410407332103
1995-08-18 13:33:00,80.0,83.69333620534096
1995-08-18 13:34:00,69.0,76.76289916732347
1995-08-18 13:35:00,60.0,76.97621858352693
1995-08-18 13:36:00,49.0,69.61830437942879
1995-08-18 13:37:00,51.0,62.54880799639025
1995-08-18 13:38:00,62.0,62.399752626923686
1995-08-18 13:39:00,101.0,67.22619399010111
1995-08-18 13:40:00,65.0,79.05716967947214
1995-08-18 13:41:00,98.0,72.84158326235408
1995-08-18 13:42:00,52.0,80.96469942294539
1995-08-18 13:43:00,66.0,67.19321467431875
1995-08-18 13:44:00,67.0,69.18239605696385
1995-08-18 13:45:00,74.0,67.29490824507442
1995-08-18 13:46:00,114.0,70.13823041590845
1995-08-18 13:47:00,67.0,83.86814689839605
1995-08-18 13:48:00,89.0,73.68268677546686
1995-08-18 13:49:00,70.0,75.82322975114982
1995-08-18 13:50:00,55.0,75.29594882155361
1995-08-18 13:51:00,76.0,70.0156036434247
1995-08-18 13:52:00,61.0,72.64062981023166
1995-08-18 13:53:00,66.0,70.25981870348141
1995-08-18 13:54:00,82.0,71.67390969666329
1995-08-18 13:55:00,63.0,75.65816970641333
1995-08-18 13:56:00,62.0,71.10531186403236
1995-08-18 13:57:00,82.0,71.09508561276537
1995-08-18 13:58:00,105.0,73.89775299524521
1995-08-18 13:59:00,84.0,84.24380620396849
1995-08-18 14:00:00,70.0,77.45865424703678
1995-08-18 14:01:00,60.0,75.77700759036026
1995-08-18 14:02:00,103.0,71.43031706646458
1995-08-18 14:03:00,84.0,81.80790458656466
1995-08-18 14:04:00,92.0,79.56162556666818
1995-08-18 14:05:00,136.0,79.27881464187587
1995-08-18 14:06:00,96.0,98.02008450250851
1995-08-18 14:07:00,100.0,91.44541057861854
1995-08-18 14:08:00,122.0,88.7921339913443
1995-08-18 14:09:00,66.0,99.3206165940314
1995-08-18 14:10:00,53.0,79.40684342745475
1995-08-18 14:11:00,65.0,77.73604767135382
1995-08-18 14:12:00,57.0,74.47488480669574
1995-08-18 14:13:00,64.0,72.6003823666812
1995-08-18 14:14:00,64.0,74.28705293763801
1995-08-18 14:15:00,88.0,75.23424218432575
1995-08-18 14:16:00,95.0,79.01371254277734
1995-08-18 14:17:00,103.0,82.63051285638251
1995-08-18 14:18:00,51.0,89.04234638718154
1995-08-18 14:19:00,52.0,69.91432566133452
1995-08-18 14:20:00,51.0,66.57592754135817
1995-08-18 14:21:00,56.0,66.24288905003291
1995-08-18 14:22:00,52.0,67.79833667698868
1995-08-18 14:23:00,87.0,63.21593334859888
1995-08-18 14:24:00,78.0,73.19664163207398
1995-08-18 14:25:00,41.0,73.96050703123169
1995-08-18 14:26:00,45.0,58.809535585481896
1995-08-18 14:27:00,56.0,58.37476885902399
1995-08-18 14:28:00,63.0,63.54232146730992
1995-08-18 14:29:00,76.0,64.60692449093642
1995-08-18 14:30:00,97.0,70.27599435783365
1995-08-18 14:31:00,58.0,77.61083883188648
1995-08-18 14:32:00,54.0,67.09107458986165
1995-08-18 14:33:00,37.0,62.55981914107388
1995-08-18 14:34:00,27.0,54.14166741130413
1995-08-18 14:35:00,62.0,51.85971424139902
1995-08-18 14:36:00,40.0,64.19843727185689
1995-08-18 14:37:00,41.0,52.39096215497657
1995-08-18 14:38:00,36.0,50.3966274900443
1995-08-18 14:39:00,69.0,49.6803002446676
1995-08-18 14:40:00,74.0,60.69125012605017
1995-08-18 14:41:00,73.0,64.08416111497768
1995-08-18 14:42:00,89.0,65.9201076522165
1995-08-18 14:43:00,73.0,73.96743747178084
1995-08-18 14:44:00,52.0,69.92919198952255
1995-08-18 14:45:00,37.0,66.7282499467493
1995-08-18 14:46:00,52.0,56.414239604178256
1995-08-18 14:47:00,69.0,60.54003723733377
1995-08-18 14:48:00,75.0,64.22409481737178
1995-08-18 14:49:00,71.0,67.1319324652931
1995-08-18 14:50:00,75.0,65.18805541135065
1995-08-18 14:51:00,66.0,67.82013552963005
1995-08-18 14:52:00,92.0,64.12863589501985
1995-08-18 14:53:00,61.0,74.30897710853031
1995-08-18 14:54:00,58.0,67.14577394043405
1995-08-18 14:55:00,25.0,64.60279414654313
1995-08-18 14:56:00,43.0,53.78746184715514
1995-08-18 14:57:00,57.0,54.14691394259181
1995-08-18 14:58:00,73.0,58.16377612584529
1995-08-18 14:59:00,43.0,62.913045805219326
1995-08-18 15:00:00,66.0,54.84783158894919
1995-08-18 15:01:00,40.0,59.89803278323688
1995-08-18 15:02:00,30.0,53.66687496834185
1995-08-18 15:03:00,72.0,50.613157828839704
1995-08-18 15:04:00,74.0,61.330684577612246
1995-08-18 15:05:00,89.0,64.10460618693996
1995-08-18 15:06:00,106.0,69.8456281485084
1995-08-18 15:07:00,75.0,79.02152926512672
1995-08-18 15:08:00,74.0,74.63839414487941
1995-08-18 15:09:00,70.0,70.94964998909391
1995-08-18 15:10:00,48.0,70.95197301191142
1995-08-18 15:11:00,65.0,58.850395723372465
1995-08-18 15:12:00,72.0,68.72672576283537
1995-08-18 15:13:00,56.0,66.80808300836156
1995-08-18 15:14:00,41.0,63.74366365994292
1995-08-18 15:15:00,78.0,54.05233719958665
1995-08-18 15:16:00,82.0,67.7823294647564
1995-08-18 15:17:00,84.0,69.3365264253796
1995-08-18 15:18:00,75.0,77.00614727492359
1995-08-18 15:19:00,90.0,72.5715986391258
1995-08-18 15:20:00,53.0,78.36948939324901
1995-08-18 15:21:00,62.0,67.2526992572214
1995-08-18 15:22:00,60.0,68.93590997292831
1995-08-18 15:23:00,63.0,66.26471780561445
1995-08-18 15:24:00,45.0,66.61692144204946
1995-08-18 15:25:00,92.0,56.779622529300745
1995-08-18 15:26:00,55.0,78.13581772152294
1995-08-18 15:27:00,58.0,67.3884549338923
1995-08-18 15:28:00,74.0,64.82033137479782
1995-08-18 15:29:00,122.0,68.07032260046768
1995-08-18 15:30:00,82.0,82.55412196235213
1995-08-18 15:31:00,101.0,79.45374356452815
1995-08-18 15:32:00,101.0,81.77927435844875
1995-08-18 15:33:00,61.0,82.45886119208598
1995-08-18 15:34:00,59.0,72.84243555829268
1995-08-18 15:35:00,62.0,70.33744250051
1995-08-18 15:36:00,57.0,72.76115583939557
1995-08-18 15:37:00,48.0,64.10384935144243
1995-08-18 15:38:00,49.0,60.725742751794435
1995-08-18 15:39:00,68.0,58.91391873616092
1995-08-18 15:40:00,105.0,69.3209653602266
1995-08-18 15:41:00,61.0,77.3318752612724
1995-08-18 15:42:00,55.0,69.03487063992472
1995-08-18 15:43:00,75.0,67.83662056810022
1995-08-18 15:44:00,45.0,70.97724562713108
1995-08-18 15:45:00,53.0,62.57116295963604
1995-08-18 15:46:00,87.0,63.595304566108375
1995-08-18 15:47:00,78.0,77.57803367058023
1995-08-18 15:48:00,73.0,73.23376156070674
1995-08-18 15:49:00,95.0,73.74494062245294
1995-08-18 15:50:00,88.0,76.40297422898068
1995-08-18 15:51:00,75.0,77.51172924527859
1995-08-18 15:52:00,62.0,74.93045554017628
1995-08-18 15:53:00,49.0,67.83107737386769
1995-08-18 15:54:00,103.0,64.97108006325269
1995-08-18 15:55:00,74.0,80.5271717595755
1995-08-18 15:56:00,94.0,72.5306177936798
1995-08-18 15:57:00,100.0,79.24976238536713
1995-08-18 15:58:00,84.0,85.6136337670312
1995-08-18 15:59:00,83.0,77.16848423251939
1995-08-18 16:00:00,38.0,74.22192369470321
1995-08-18 16:01:00,57.0,63.067961022495844
1995-08-18 16:02:00,61.0,66.63162538330602
1995-08-18 16:03:00,75.0,65.63848444325401
1995-08-18 16:04:00,63.0,69.75200334055128
1995-08-18 16:05:00,108.0,67.68924419031003
1995-08-18 16:06:00,97.0,79.32175102638375
1995-08-18 16:07:00,88.0,80.18097740853153
1995-08-18 16:08:00,84.0,77.6701848010495
1995-08-18 16:09:00,97.0,80.64332496245605
1995-08-18 16:10:00,97.0,83.4401786544571
1995-08-18 16:11:00,66.0,82.77049119221856
1995-08-18 16:12:00,115.0,73.59539527109507
1995-08-18 16:13:00,96.0,86.06729276800456
1995-08-18 16:14:00,67.0,86.67949434640705
1995-08-18 16:15:00,82.0,76.00784160139665
1995-08-18 16:16:00,28.0,79.3437259797597
1995-08-18 16:17:00,52.0,59.22930224913937
1995-08-18 16:18:00,74.0,66.7925333755796
1995-08-18 16:19:00,71.0,68.48389487406313
1995-08-18 16:20:00,73.0,72.91102945134702
1995-08-18 16:21:00,80.0,74.6965022279358
1995-08-18 16:22:00,65.0,73.59140420092294
1995-08-18 16:23:00,80.0,72.30744015177987
1995-08-18 16:24:00,43.0,75.63264555497206
1995-08-18 16:25:00,67.0,63.695342356089675
1995-08-18 16:26:00,50.0,67.82733647996449
1995-08-18 16:27:00,75.0,64.58840731845297
1995-08-18 16:28:00,91.0,70.15981114808751
1995-08-18 16:29:00,62.0,76.09829643116096
1995-08-18 16:30:00,55.0,64.62566276363538
1995-08-18 16:31:00,47.0,64.16663037259484
1995-08-18 16:32:00,59.0,55.11444082951164
1995-08-18 16:33:00,62.0,64.10271718833522
1995-08-18 16:34:00,87.0,61.86810806031325
1995-08-18 16:35:00,51.0,71.01661991466135
1995-08-18 16:36:00,30.0,62.500534362507615
1995-08-18 16:37:00,50.0,51.971321713314595
1995-08-18 16:38:00,67.0,59.047685038193855
1995-08-18 16:39:00,63.0,66.23184265261355
1995-08-18 16:40:00,43.0,65.32388093482193
1995-08-18 16:41:00,61.0,56.733481525554076
1995-08-18 16:42:00,49.0,61.117555576792206
1995-08-18 16:43:00,54.0,53.37410574802525
1995-08-18 16:44:00,32.0,61.60386251712618
1995-08-18 16:45:00,36.0,49.203627244776044
1995-08-18 16:46:00,52.0,47.650529899779855
1995-08-18 16:47:00,51.0,53.07611093137248
1995-08-18 16:48:00,47.0,51.93974751433382
1995-08-18 16:49:00,101.0,53.349228940763766
1995-08-18 16:50:00,82.0,70.19796364667265
1995-08-18 16:51:00,91.0,67.07181288812522
1995-08-18 16:52:00,77.0,73.20745321906435
1995-08-18 16:53:00,72.0,69.35666614434192
1995-08-18 16:54:00,1.0,67.41059137223709
1995-08-18 16:55:00,1.0,41.43999594314767
1995-08-18 16:56:00,0.0,27.590145814199843
1995-08-18 17:10:00,43.0,51.260965293673905
1995-08-18 17:11:00,46.0,51.78513821503519
1995-08-18 17:15:00,52.0,49.65154068820257
1995-08-18 17:20:00,66.0,58.21156434285506
1995-08-18 17:21:00,35.0,59.934244664265876
1995-08-18 17:22:00,49.0,51.731896627136585
1995-08-18 17:23:00,29.0,52.07953828225002
1995-08-18 17:24:00,26.0,42.36171292956603
1995-08-18 17:25:00,87.0,39.44966207390383
1995-08-18 17:26:00,69.0,55.855457186582946
1995-08-18 17:27:00,22.0,57.14118729957822
1995-08-18 17:28:00,52.0,44.5564196998335
1995-08-18 17:29:00,53.0,49.59838573712997
1995-08-18 17:30:00,54.0,51.525204137601285
1995-08-18 17:31:00,89.0,54.49824547161992
1995-08-18 17:32:00,49.0,60.275558039686054
1995-08-18 17:33:00,75.0,52.95578325049321
1995-08-18 17:34:00,83.0,63.16442439963203
1995-08-18 17:35:00,68.0,64.96680635351785
1995-08-18 17:36:00,62.0,61.85423423084089
1995-08-18 17:37:00,46.0,60.356254654940976
1995-08-18 17:38:00,53.0,55.73301238571493
1995-08-18 17:39:00,80.0,56.58840678556995
1995-08-18 17:40:00,48.0,62.15631753087345
1995-08-18 17:41:00,50.0,54.88431201602555
1995-08-18 17:42:00,28.0,53.015765418846044
1995-08-18 17:43:00,36.0,48.558973338462835
1995-08-18 17:44:00,52.0,47.2993156785199
1995-08-18 17:45:00,51.0,52.62394485416698
1995-08-18 17:46:00,67.0,52.09875478179095
1995-08-18 17:47:00,57.0,58.79213310530079
1995-08-18 17:48:00,54.0,55.099619966611236
1995-08-18 17:49:00,53.0,55.941626187111346
1995-08-18 17:50:00,56.0,54.292603971080275
1995-08-18 17:51:00,32.0,55.33496416524322
1995-08-18 17:52:00,31.0,47.02726241576681
1995-08-18 17:53:00,42.0,43.892738878786574
1995-08-18 17:54:00,43.0,47.70356721741699
1995-08-18 17:55:00,24.0,50.92792451526511
1995-08-18 17:56:00,39.0,40.02250312800469
1995-08-18 17:57:00,44.0,44.86813627509737
1995-08-18 17:58:00,31.0,47.23967335614644
1995-08-18 17:59:00,27.0,43.545538779816376
1995-08-18 18:00:00,41.0,38.464617099176834
1995-08-18 18:01:00,46.0,43.30166537444587
1995-08-18 18:02:00,37.0,46.79994735292844
1995-08-18 18:03:00,32.0,43.08180492986399
1995-08-18 18:04:00,31.0,39.262891577989905
1995-08-18 18:05:00,26.0,39.03777052227724
1995-08-18 18:06:00,27.0,34.74744426847496
1995-08-18 18:07:00,60.0,33.86322788195176
1995-08-18 18:08:00,32.0,44.53132425116436
1995-08-18 18:09:00,20.0,38.672634823703646
1995-08-18 18:10:00,38.0,32.54327045637043
1995-08-18 18:11:00,37.0,35.92765832130069
1995-08-18 18:12:00,28.0,36.80573635925471
1995-08-18 18:13:00,35.0,32.385442573605594
1995-08-18 18:14:00,27.0,35.79559876075816
1995-08-18 18:15:00,31.0,32.23202645966841
1995-08-18 18:16:00,54.0,34.69453037756515
1995-08-18 18:17:00,44.0,39.78809819165036
1995-08-18 18:18:00,43.0,39.408681153258954
1995-08-18 18:19:00,26.0,37.19654745377877
1995-08-18 18:20:00,60.0,32.072535612776484
1995-08-18 18:21:00,35.0,43.80494157935176
1995-08-18 18:22:00,33.0,37.18197188027662
1995-08-18 18:23:00,37.0,37.19490952707762
1995-08-18 18:24:00,36.0,35.661605684249714
1995-08-18 18:25:00,43.0,36.48477274645302
1995-08-18 18:26:00,51.0,37.01283999088087
1995-08-18 18:27:00,36.0,42.33529627936782
1995-08-18 18:28:00,50.0,36.57996066888466
1995-08-18 18:29:00,35.0,41.633440878024295
1995-08-18 18:30:00,26.0,37.42778440675533
1995-08-18 18:31:00,15.0,33.4076631281419
1995-08-18 18:32:00,21.0,30.03160315061378
1995-08-18 18:33:00,13.0,29.91242626645313
1995-08-18 18:34:00,22.0,25.193693083397704
1995-08-18 18:35:00,19.0,27.38872048531141
1995-08-18 18:36:00,31.0,27.715629166972402
1995-08-18 18:37:00,22.0,32.08536148854238
1995-08-18 18:38:00,21.0,27.385516932641
1995-08-18 18:39:00,60.0,26.69714198528403
1995-08-18 18:40:00,43.0,38.612137804019596
1995-08-18 18:41:00,40.0,36.79030973065305
1995-08-18 18:42:00,50.0,37.05538051139543
1995-08-18 18:43:00,30.0,38.93050094246915
1995-08-18 18:44:00,26.0,35.49656011763456
1995-08-18 18:45:00,23.0,29.37978803430612
1995-08-18 18:46:00,40.0,30.897740445969024
1995-08-18 18:47:00,15.0,34.09960626868997
1995-08-18 18:48:00,27.0,27.31798568042103
1995-08-18 18:49:00,24.0,29.216966864892292
1995-08-18 18:50:00,28.0,26.99525530409377
1995-08-18 18:51:00,36.0,29.74718602551618
1995-08-18 18:52:00,33.0,32.457108628306926
1995-08-18 18:53:00,34.0,31.86321408992945
1995-08-18 18:54:00,42.0,31.6826353321434
1995-08-18 18:55:00,52.0,36.38453980250054
1995-08-18 18:56:00,31.0,40.859065015591185
1995-08-18 18:57:00,41.0,35.494186311784794
1995-08-18 18:58:00,33.0,35.83112423944385
1995-08-18 18:59:00,57.0,33.80622299347462
1995-08-18 19:00:00,35.0,42.156099491736185
1995-08-18 19:01:00,31.0,35.82822442360462
1995-08-18 19:02:00,18.0,33.541231714751284
1995-08-18 19:03:00,26.0,31.365037072449955
1995-08-18 19:04:00,25.0,30.094530296385248
1995-08-18 19:05:00,22.0,28.5065075319825
1995-08-18 19:06:00,39.0,27.968922057245436
1995-08-18 19:07:00,42.0,34.106420047058045
1995-08-18 19:08:00,32.0,37.188706844351366
1995-08-18 19:09:00,18.0,35.08909075457237
1995-08-18 19:10:00,41.0,30.078937745020376
1995-08-18 19:11:00,24.0,33.7854212480864
1995-08-18 19:12:00,33.0,29.987904759973894
1995-08-18 19:13:00,16.0,32.48287655216744
1995-08-18 19:14:00,10.0,26.71748569449894
1995-08-18 19:15:00,25.0,23.59747362948353
1995-08-18 19:16:00,13.0,26.842664462226868
1995-08-18 19:17:00,27.0,23.29964782634035
1995-08-18 19:18:00,18.0,28.622303271634
1995-08-18 19:19:00,60.0,25.246166105946784
1995-08-18 19:20:00,32.0,37.32838949397995
1995-08-18 19:21:00,11.0,32.24114392897311
1995-08-18 19:22:00,24.0,24.859019160480287
1995-08-18 19:23:00,31.0,28.85188594029453
1995-08-18 19:24:00,34.0,29.98860764157954
1995-08-18 19:25:00,44.0,31.35348719885165
1995-08-18 19:26:00,60.0,33.93920599132644
1995-08-18 19:27:00,51.0,40.158708882008426
1995-08-18 19:28:00,39.0,39.350003637295345
1995-08-18 19:29:00,25.0,37.38853906570253
1995-08-18 19:30:00,17.0,31.985113646421162
1995-08-18 19:31:00,24.0,29.563920994136804
1995-08-18 19:32:00,28.0,29.563049397145768
1995-08-18 19:33:00,10.0,30.43296546570239
1995-08-18 19:34:00,38.0,25.844562843239387
1995-08-18 19:35:00,33.0,33.427554976480984
1995-08-18 19:36:00,23.0,31.104919325816052
1995-08-18 19:37:00,47.0,27.546801258701784
1995-08-18 19:38:00,19.0,35.21949703979007
1995-08-18 19:39:00,44.0,29.179556170756932
1995-08-18 19:40:00,24.0,36.16876755859168
1995-08-18 19:41:00,19.0,31.4819394934405
1995-08-18 19:42:00,29.0,28.39852885550006
1995-08-18 19:43:00,21.0,30.64105339333364
1995-08-18 19:44:00,18.0,28.607094450691402
1995-08-18 19:45:00,30.0,23.607854554356816
1995-08-18 19:46:00,14.0,29.30598073631859
1995-08-18 19:47:00,27.0,25.159724147172103
1995-08-18 19:48:00,19.0,28.862817095704134
1995-08-18 19:49:00,34.0,27.33831614478629
1995-08-18 19:50:00,25.0,31.26946998457029
1995-08-18 19:51:00,35.0,28.471035875915994
1995-08-18 19:52:00,51.0,29.936744608188
1995-08-18 19:53:00,20.0,35.644994081252186
1995-08-18 19:54:00,36.0,29.666465643193717
1995-08-18 19:55:00,7.0,31.886006862360396
1995-08-18 19:56:00,37.0,23.97068217686262
1995-08-18 19:57:00,36.0,33.52550679075342
1995-08-18 19:58:00,37.0,31.649882556830732
1995-08-18 19:59:00,31.0,32.68830691927555
1995-08-18 20:00:00,35.0,30.615242037865578
1995-08-18 20:01:00,44.0,32.95081664997816
1995-08-18 20:02:00,45.0,35.93979812673986
1995-08-18 20:03:00,22.0,36.670099682167496
1995-08-18 20:04:00,14.0,31.874709846115085
1995-08-18 20:05:00,26.0,27.34391189249978
1995-08-18 20:06:00,32.0,29.396744848883746
1995-08-18 20:07:00,22.0,31.940064612341043
1995-08-18 20:08:00,21.0,26.506335047371397
1995-08-18 20:09:00,36.0,26.88902892007237
1995-08-18 20:10:00,45.0,31.910094292355076
1995-08-18 20:11:00,19.0,35.51789009756968
1995-08-18 20:12:00,35.0,27.845898529740072
1995-08-18 20:13:00,24.0,31.838363345699246
1995-08-18 20:14:00,34.0,29.279188386502202
1995-08-18 20:15:00,24.0,32.832879583619366
1995-08-18 20:16:00,16.0,29.0203248551314
1995-08-18 20:17:00,17.0,26.975491683545812
1995-08-18 20:18:00,32.0,26.049483692678134
1995-08-18 20:19:00,22.0,30.524603662416858
1995-08-18 20:20:00,28.0,28.61457745249208
1995-08-18 20:21:00,31.0,28.7723216094671
1995-08-18 20:22:00,14.0,30.126451381573762
1995-08-18 20:23:00,18.0,23.893225161770573
1995-08-18 20:24:00,13.0,24.34198214042572
1995-08-18 20:25:00,10.0,21.903927727908165
1995-08-18 20:26:00,24.0,19.863276901253563
1995-08-18 20:27:00,41.0,23.835536090489843
1995-08-18 20:28:00,19.0,29.088332892838594
1995-08-18 20:29:00,37.0,25.015399764178852
1995-08-18 20:30:00,37.0,26.97163507075717
1995-08-18 20:31:00,18.0,30.777488532738637
1995-08-18 20:32:00,25.0,25.91046762296472
1995-08-18 20:33:00,24.0,27.504653877344914
1995-08-18 20:34:00,26.0,27.750524423643174
1995-08-18 20:35:00,7.0,24.58633059557077
1995-08-18 20:36:00,29.0,16.925342822833503
1995-08-18 20:37:00,7.0,24.35045104942863
1995-08-18 20:38:00,12.0,17.319954769584434
1995-08-18 20:39:00,16.0,19.4755490697147
1995-08-18 20:40:00,8.0,20.238737086882
1995-08-18 20:41:00,17.0,15.545901803978463
1995-08-18 20:42:00,37.0,19.80732379223135
1995-08-18 20:43:00,30.0,27.476290361003546
1995-08-18 20:44:00,36.0,26.274674502377746
1995-08-18 20:45:00,16.0,29.185259481933496
1995-08-18 20:46:00,35.0,22.042045070055984
1995-08-18 20:47:00,32.0,29.46628296268324
1995-08-18 20:48:00,26.0,28.503623300114704
1995-08-18 20:49:00,47.0,25.4829535662786
1995-08-18 20:50:00,20.0,30.47654656687395
1995-08-18 20:51:00,58.0,26.087990206137377
1995-08-18 20:52:00,35.0,35.413576751828046
1995-08-18 20:53:00,41.0,33.26544651536211
1995-08-18 20:54:00,48.0,33.8309800602288
1995-08-18 20:55:00,36.0,35.2403066506089
1995-08-18 20:56:00,37.0,34.53961361155327
1995-08-18 20:57:00,35.0,36.16000245575214
1995-08-18 20:58:00,14.0,35.20354142370747
1995-08-18 20:59:00,22.0,27.441559994829817
1995-08-18 21:00:00,36.0,29.74913851254037
1995-08-18 21:01:00,17.0,32.77089462379363
1995-08-18 21:02:00,9.0,26.776563095713694
1995-08-18 21:03:00,17.0,22.694089765014336
1995-08-18 21:04:00,30.0,22.07301582473032
1995-08-18 21:05:00,45.0,27.775400467550558
1995-08-18 21:06:00,39.0,32.90620147170727
1995-08-18 21:07:00,70.0,34.42655188855768
1995-08-18 21:08:00,61.0,41.28362679536406
1995-08-18 21:09:00,49.0,45.86209861880338
1995-08-18 21:10:00,39.0,42.55426907478894
1995-08-18 21:11:00,37.0,37.90455477636004
1995-08-18 21:12:00,35.0,38.42990934136061
1995-08-18 21:13:00,37.0,36.86376425709198
1995-08-18 21:14:00,39.0,35.896928572616204
1995-08-18 21:15:00,34.0,35.66338185367165
1995-08-18 21:16:00,33.0,35.74454889325556
1995-08-18 21:17:00,25.0,35.16405380926818
1995-08-18 21:18:00,32.0,30.867666206947252
1995-08-18 21:19:00,42.0,35.22344377507027
1995-08-18 21:20:00,40.0,37.839362637198555
1995-08-18 21:21:00,34.0,37.68898883294405
1995-08-18 21:22:00,28.0,36.878541260354865
1995-08-18 21:23:00,38.0,34.14597464841636
1995-08-18 21:24:00,28.0,35.36590143376655
1995-08-18 21:25:00,19.0,32.220541998164606
1995-08-18 21:26:00,22.0,28.03874717570475
1995-08-18 21:27:00,22.0,30.140758756717887
1995-08-18 21:28:00,18.0,28.098959529826292
1995-08-18 21:29:00,18.0,26.696934873770175
1995-08-18 21:30:00,28.0,26.414291379721792
1995-08-18 21:31:00,43.0,30.25167060688697
1995-08-18 21:32:00,18.0,34.158712593092105
1995-08-18 21:33:00,11.0,27.58619663627342
1995-08-18 21:34:00,16.0,23.94023690855117
1995-08-18 21:35:00,15.0,26.032506116541843
1995-08-18 21:36:00,34.0,25.49784918922792
1995-08-18 21:37:00,35.0,29.899654259552378
1995-08-18 21:38:00,24.0,31.30909501523724
1995-08-18 21:39:00,21.0,26.490664995618417
1995-08-18 21:40:00,24.0,27.004534488958566
1995-08-18 21:41:00,11.0,26.267203400603982
1995-08-18 21:42:00,10.0,22.06875704031829
1995-08-18 21:43:00,39.0,20.48058730528818
1995-08-18 21:44:00,27.0,28.1179946037422
1995-08-18 21:45:00,34.0,27.113496422348014
1995-08-18 21:46:00,9.0,29.212172373069944
1995-08-18 21:47:00,33.0,21.043002665423867
1995-08-18 21:48:00,26.0,28.391109339576513
1995-08-18 21:49:00,41.0,26.564000604001528
1995-08-18 21:50:00,26.0,30.52974556994187
1995-08-18 21:51:00,26.0,27.773810632736193
1995-08-18 21:52:00,25.0,27.831671426121247
1995-08-18 21:53:00,26.0,27.870408853139505
1995-08-18 21:54:00,32.0,26.302572384766727
1995-08-18 21:55:00,30.0,29.229437931201794
1995-08-18 21:56:00,10.0,28.019423442769103
1995-08-18 21:57:00,18.0,22.119838662204227
1995-08-18 21:58:00,22.0,23.00411351351459
1995-08-18 21:59:00,21.0,24.257266315819802
1995-08-18 22:00:00,26.0,22.957897780062716
1995-08-18 22:01:00,45.0,26.987908313329537
1995-08-18 22:02:00,28.0,32.39235916520162
1995-08-18 22:03:00,20.0,29.585799329401457
1995-08-18 22:04:00,48.0,25.96831368227915
1995-08-18 22:05:00,29.0,32.00053857295752
1995-08-18 22:06:00,33.0,30.614699399068034
1995-08-18 22:07:00,28.0,28.703256521392785
1995-08-18 22:08:00,13.0,29.08586037530946
1995-08-18 22:09:00,23.0,22.41896095548855
1995-08-18 22:10:00,25.0,27.481040376539106
1995-08-18 22:11:00,25.0,27.789110561125472
1995-08-18 22:12:00,32.0,26.222325127499843
1995-08-18 22:13:00,35.0,29.297308953518623
1995-08-18 22:14:00,38.0,32.04872210962039
1995-08-18 22:15:00,38.0,32.59051282093234
1995-08-18 22:16:00,34.0,32.92576624378166
1995-08-18 22:17:00,42.0,33.04592148098877
1995-08-18 22:18:00,37.0,34.23331920530582
1995-08-18 22:19:00,30.0,34.348005729162956
1995-08-18 22:20:00,43.0,32.56385789035133
1995-08-18 22:21:00,40.0,35.5285902084317
1995-08-18 22:22:00,35.0,35.54957676474443
1995-08-18 22:23:00,34.0,34.014360969599025
1995-08-18 22:24:00,33.0,32.74045406134653
1995-08-18 22:25:00,20.0,33.75112983900868
1995-08-18 22:26:00,40.0,30.507849136933096
1995-08-18 22:27:00,24.0,34.83085064900301
1995-08-18 22:28:00,36.0,29.9840427878985
1995-08-18 22:29:00,24.0,33.88074381643697
1995-08-18 22:30:00,49.0,30.763650269702868
1995-08-18 22:31:00,32.0,36.24436966529895
1995-08-18 22:32:00,32.0,33.80691835628725
1995-08-18 22:33:00,34.0,32.585903753950575
1995-08-18 22:34:00,38.0,33.2927999057219
1995-08-18 22:35:00,23.0,34.552393045846685
1995-08-18 22:36:00,71.0,31.84883639024911
1995-08-18 22:37:00,35.0,45.817062309831336
1995-08-18 22:38:00,18.0,36.2046725316667
1995-08-18 22:39:00,13.0,31.316445137692508
1995-08-18 22:40:00,21.0,28.582626719169376
1995-08-18 22:41:00,41.0,31.028114533725788
1995-08-18 22:42:00,38.0,36.414697249426254
1995-08-18 22:43:00,39.0,35.91568950900523
1995-08-18 22:44:00,50.0,35.21661915959702
1995-08-18 22:45:00,41.0,39.693867817314676
1995-08-18 22:46:00,23.0,38.28060449329819
1995-08-18 22:47:00,31.0,33.21362460574252
1995-08-18 22:48:00,41.0,34.62785661631141
1995-08-18 22:49:00,36.0,37.011468551784006
1995-08-18 22:50:00,28.0,36.72283603494553
1995-08-18 22:51:00,35.0,32.470026887566796
1995-08-18 22:52:00,36.0,33.78562990907613
1995-08-18 22:53:00,17.0,34.83314839664
1995-08-18 22:54:00,25.0,29.8066780145574
1995-08-18 22:55:00,17.0,29.795570767280044
1995-08-18 22:56:00,11.0,28.845266404726537
1995-08-18 22:57:00,8.0,24.96913555368288
1995-08-18 22:58:00,32.0,20.80193123318881
1995-08-18 22:59:00,20.0,28.924923712643103
1995-08-18 23:00:00,43.0,26.337815470877107
1995-08-18 23:01:00,17.0,33.77927562087929
1995-08-18 23:02:00,27.0,27.032649940223802
1995-08-18 23:03:00,16.0,29.560344583402298
1995-08-18 23:04:00,19.0,27.07259288420028
1995-08-18 23:05:00,27.0,26.295154741247114
1995-08-18 23:06:00,20.0,29.238171965903604
1995-08-18 23:07:00,21.0,26.060804146893034
1995-08-18 23:08:00,34.0,23.30967796321666
1995-08-18 23:09:00,26.0,27.780419198554032
1995-08-18 23:10:00,27.0,24.77173506536516
1995-08-18 23:11:00,17.0,25.928671521187812
1995-08-18 23:12:00,21.0,25.92927927636237
1995-08-18 23:13:00,18.0,25.120732661836055
1995-08-18 23:14:00,19.0,23.668906215420844
1995-08-18 23:15:00,18.0,23.798933324265136
1995-08-18 23:16:00,27.0,21.951992655848116
1995-08-18 23:17:00,32.0,25.852217252665525
1995-08-18 23:18:00,29.0,27.670598107994586
1995-08-18 23:19:00,31.0,28.25374449275769
1995-08-18 23:20:00,30.0,28.749515008733535
1995-08-18 23:21:00,19.0,28.659981993521946
1995-08-18 23:22:00,30.0,24.34861557768949
1995-08-18 23:23:00,22.0,27.01222286444873
1995-08-18 23:24:00,19.0,23.79898436498977
1995-08-18 23:25:00,16.0,23.570381411634088
1995-08-18 23:26:00,9.0,22.26665901091108
1995-08-18 23:27:00,26.0,19.882850898118388
1995-08-18 23:28:00,3.0,22.231350065032036
1995-08-18 23:29:00,5.0,15.73954893360209
1995-08-18 23:30:00,23.0,13.33702737020834
1995-08-18 23:31:00,32.0,22.86065324912679
1995-08-18 23:32:00,8.0,25.28304727326929
1995-08-18 23:33:00,24.0,17.097586997111694
1995-08-18 23:34:00,34.0,22.617422273132814
1995-08-18 23:35:00,24.0,26.472275412230648
1995-08-18 23:36:00,12.0,24.066380192312078
1995-08-18 23:37:00,39.0,19.757263574719083
1995-08-18 23:38:00,29.0,27.966738576034924
1995-08-18 23:39:00,23.0,26.36918515683636
1995-08-18 23:40:00,33.0,25.550478485641037
1995-08-18 23:41:00,58.0,27.810951856056086
1995-08-18 23:42:00,14.0,32.78621727423451
1995-08-18 23:43:00,16.0,25.157989228724503
1995-08-18 23:44:00,35.0,24.026771756842162
1995-08-18 23:45:00,34.0,31.723445343901556
1995-08-18 23:46:00,12.0,31.100649658176188
1995-08-18 23:47:00,48.0,21.538650476466135
1995-08-18 23:48:00,47.0,32.68369612005881
1995-08-18 23:49:00,40.0,32.68290401664531
1995-08-18 23:50:00,59.0,33.49588461959413
1995-08-18 23:51:00,50.0,38.50617631373482
1995-08-18 23:52:00,31.0,37.54741622885273
1995-08-18 23:53:00,52.0,32.64135599312948
1995-08-18 23:54:00,31.0,37.39262456002706
1995-08-18 23:55:00,16.0,34.16605356398749
1995-08-18 23:56:00,18.0,29.82133055754823
1995-08-18 23:57:00,29.0,29.412396115353108
1995-08-18 23:58:00,41.0,31.74524925994352
1995-08-18 23:59:00,42.0,33.455787617516656
1995-08-19 00:00:00,26.0,35.24078175305025
1995-08-19 00:01:00,28.0,29.018157922700006
1995-08-19 00:02:00,29.0,28.631858308586935
1995-08-19 00:03:00,37.0,31.231009875585865
1995-08-19 00:04:00,50.0,32.961509949621615
1995-08-19 00:05:00,42.0,38.964525749126935
1995-08-19 00:06:00,52.0,37.14640220957371
1995-08-19 00:07:00,49.0,40.699297995262775
1995-08-19 00:08:00,53.0,40.70363518505093
1995-08-19 00:09:00,31.0,42.400541520776166
1995-08-19 00:10:00,43.0,35.30992355500622
1995-08-19 00:11:00,41.0,37.956240530868406
1995-08-19 00:12:00,40.0,38.20596984557679
1995-08-19 00:13:00,17.0,36.72189696062338
1995-08-19 00:14:00,24.0,31.53950481575015
1995-08-19 00:15:00,12.0,30.07196829512392
1995-08-19 00:16:00,15.0,26.736136931939484
1995-08-19 00:17:00,17.0,23.842748647225797
1995-08-19 00:18:00,18.0,24.90594013436732
1995-08-19 00:19:00,38.0,24.629816175922553
1995-08-19 00:20:00,28.0,31.965162221473292
1995-08-19 00:21:00,27.0,29.84185112540955
1995-08-19 00:22:00,55.0,27.586506516856538
1995-08-19 00:23:00,31.0,36.312879488807305
1995-08-19 00:24:00,18.0,31.60660386484471
1995-08-19 00:25:00,15.0,27.81714208298969
1995-08-19 00:26:00,10.0,25.195246009618774
1995-08-19 00:27:00,16.0,21.43923788204133
1995-08-19 00:28:00,14.0,21.804136497976597
1995-08-19 00:29:00,22.0,20.17006488680186
1995-08-19 00:30:00,19.0,21.909009932159623
1995-08-19 00:31:00,50.0,21.912078966278294
1995-08-19 00:32:00,15.0,30.069958338704446
1995-08-19 00:33:00,31.0,23.830557358372747
1995-08-19 00:34:00,26.0,28.03768907054539
1995-08-19 00:35:00,33.0,26.865323349312927
1995-08-19 00:36:00,17.0,29.660585803627523
1995-08-19 00:37:00,15.0,23.897679927333613
1995-08-19 00:38:00,32.0,19.827998840927833
1995-08-19 00:39:00,19.0,25.13979702019334
1995-08-19 00:40:00,18.0,21.481921839635625
1995-08-19 00:41:00,36.0,21.483048639551882
1995-08-19 00:42:00,20.0,26.126762449657086
1995-08-19 00:43:00,21.0,23.30674932307305
1995-08-19 00:44:00,29.0,23.76652794402268
1995-08-19 00:45:00,16.0,23.385880079280483
1995-08-19 00:46:00,31.0,21.08181413514971
1995-08-19 00:47:00,12.0,27.648519690059306
1995-08-19 00:48:00,12.0,20.042834771568828
1995-08-19 00:49:00,34.0,19.200198725752173
1995-08-19 00:50:00,17.0,25.963983642275892
1995-08-19 00:51:00,9.0,21.136838809639244
1995-08-19 00:52:00,5.0,17.825813732106262
1995-08-19 00:53:00,27.0,14.252990024440201
1995-08-19 00:54:00,27.0,20.205381447136013
1995-08-19 00:55:00,24.0,22.480239485982935
1995-08-19 00:56:00,40.0,21.70247876672891
1995-08-19 00:57:00,31.0,26.42818398651826
1995-08-19 00:58:00,22.0,26.36718608949661
1995-08-19 00:59:00,20.0,23.098877127508416
1995-08-19 01:00:00,19.0,21.5781556155593
1995-08-19 01:01:00,8.0,20.421578378765666
1995-08-19 01:02:00,12.0,17.137396520905405
1995-08-19 01:03:00,17.0,17.51444220754738
1995-08-19 01:04:00,21.0,18.095494953741674
1995-08-19 01:05:00,9.0,19.070639577831976
1995-08-19 01:06:00,25.0,16.135416442827918
1995-08-19 01:07:00,10.0,21.41101493659901
1995-08-19 01:08:00,15.0,17.752108032946552
1995-08-19 01:09:00,13.0,18.57593499294815
1995-08-19 01:10:00,16.0,18.844404126999844
1995-08-19 01:11:00,16.0,16.757684921319314
1995-08-19 01:12:00,11.0,19.50535722887331
1995-08-19 01:13:00,31.0,17.115058827607978
1995-08-19 01:14:00,21.0,21.643279931967474
1995-08-19 01:15:00,16.0,19.083345122277205
1995-08-19 01:16:00,6.0,16.90845607479509
1995-08-19 01:17:00,5.0,13.700708035607809
1995-08-19 01:18:00,7.0,12.840906194090966
1995-08-19 01:19:00,15.0,13.603971326395532
1995-08-19 01:20:00,21.0,15.886926161398373
1995-08-19 01:21:00,22.0,19.3192387535765
1995-08-19 01:22:00,10.0,18.77190092004677
1995-08-19 01:23:00,17.0,15.015292989185607
1995-08-19 01:24:00,19.0,16.291141087768022
1995-08-19 01:25:00,18.0,19.174661791352513
1995-08-19 01:26:00,21.0,17.720603427935988
1995-08-19 01:27:00,23.0,18.039955455567174
1995-08-19 01:28:00,3.0,20.06922050555171
1995-08-19 01:29:00,10.0,13.251728394687726
1995-08-19 01:30:00,20.0,13.340349268079533
1995-08-19 01:31:00,28.0,14.851845426161594
1995-08-19 01:32:00,21.0,20.751439633546386
1995-08-19 01:33:00,6.0,17.41732812794883
1995-08-19 01:34:00,8.0,13.406883414799099
1995-08-19 01:35:00,18.0,12.292649740561677
1995-08-19 01:36:00,17.0,16.507364997094633
1995-08-19 01:37:00,13.0,16.667629828313697
1995-08-19 01:38:00,15.0,15.763587540132086
1995-08-19 01:39:00,10.0,14.168702842913246
1995-08-19 01:40:00,6.0,13.170576023249282
1995-08-19 01:41:00,4.0,11.383375080093598
1995-08-19 01:42:00,15.0,11.086202226723225
1995-08-19 01:43:00,7.0,14.755711093416439
1995-08-19 01:44:00,30.0,11.623852124202878
1995-08-19 01:45:00,16.0,19.6827496480994
1995-08-19 01:46:00,5.0,16.184097756399357
1995-08-19 01:47:00,4.0,11.476548592431055
1995-08-19 01:48:00,7.0,11.335618619676527
1995-08-19 01:49:00,14.0,12.245460939434764
1995-08-19 01:50:00,11.0,14.608271018763661
1995-08-19 01:51:00,19.0,13.207754372681414
1995-08-19 01:52:00,37.0,15.948334439339686
1995-08-19 01:53:00,18.0,22.80221390607213
1995-08-19 01:54:00,26.0,16.334685874303094
1995-08-19 01:55:00,30.0,19.83882852984677
1995-08-19 01:56:00,23.0,21.265530069928285
1995-08-19 01:57:00,28.0,20.076676062524573
1995-08-19 01:58:00,31.0,19.385235147468713
1995-08-19 01:59:00,16.0,22.87026888056192
1995-08-19 02:00:00,35.0,19.17796426723815
1995-08-19 02:01:00,24.0,24.622973977925106
1995-08-19 02:02:00,31.0,20.565799421630548
1995-08-19 02:03:00,47.0,23.23698317894682
1995-08-19 02:04:00,37.0,29.09850778014177
1995-08-19 02:05:00,26.0,29.459459000371346
1995-08-19 02:06:00,42.0,24.995303751775868
1995-08-19 02:07:00,10.0,30.27073017182119
1995-08-19 02:08:00,20.0,22.204934704564714
1995-08-19 02:09:00,19.0,23.00640873634139
1995-08-19 02:10:00,16.0,23.199295365381573
1995-08-19 02:11:00,2.0,20.609772679368145
1995-08-19 02:12:00,21.0,15.273678221791943
1995-08-19 02:13:00,28.0,20.092012913743073
1995-08-19 02:14:00,15.0,24.22857000449105
1995-08-19 02:15:00,37.0,19.519105206397377
1995-08-19 02:16:00,35.0,26.687625908939253
1995-08-19 02:17:00,23.0,28.613003214466097
1995-08-19 02:18:00,27.0,24.499254142314058
1995-08-19 02:19:00,6.0,23.924093041038006
1995-08-19 02:20:00,13.0,17.66794423460482
1995-08-19 02:21:00,16.0,18.71739871747136
1995-08-19 02:22:00,18.0,19.3486553599844
1995-08-19 02:23:00,8.0,19.761114365233954
1995-08-19 02:24:00,12.0,16.544843328442646
1995-08-19 02:25:00,7.0,16.24061507966908
1995-08-19 02:26:00,14.0,13.513157189913915
1995-08-19 02:27:00,33.0,16.340475177997334
1995-08-19 02:28:00,17.0,23.10775333058001
1995-08-19 02:29:00,11.0,18.203199082853818
1995-08-19 02:30:00,22.0,16.138235720581168
1995-08-19 02:31:00,19.0,20.818775840588298
1995-08-19 02:32:00,6.0,19.811672099835974
1995-08-19 02:33:00,9.0,14.366879894848068
1995-08-19 02:34:00,14.0,15.744652576568582
1995-08-19 02:35:00,16.0,17.570356013235063
1995-08-19 02:36:00,18.0,16.633363663095395
1995-08-19 02:37:00,16.0,16.786578187342727
1995-08-19 02:38:00,15.0,15.84337841953173
1995-08-19 02:39:00,9.0,16.397891387484734
1995-08-19 02:40:00,10.0,16.022966547106332
1995-08-19 02:41:00,30.0,14.01797171295189
1995-08-19 02:42:00,19.0,19.93034185543748
1995-08-19 02:43:00,21.0,18.6578803617593
1995-08-19 02:44:00,14.0,18.07524431197017
1995-08-19 02:45:00,35.0,16.916518830912306
1995-08-19 02:46:00,43.0,22.054538983810534
1995-08-19 02:47:00,28.0,25.338266385128268
1995-08-19 02:48:00,17.0,21.745792154221352
1995-08-19 02:49:00,16.0,20.32832059162219
1995-08-19 02:50:00,28.0,19.544548888476573
1995-08-19 02:51:00,16.0,21.664258953828906
1995-08-19 02:52:00,15.0,18.580587525714947
1995-08-19 02:53:00,21.0,18.509136101548208
1995-08-19 02:54:00,15.0,19.68013261774624
1995-08-19 02:55:00,9.0,17.5895216227525
1995-08-19 02:56:00,7.0,16.475076483701272
1995-08-19 02:57:00,20.0,13.839381082263479
1995-08-19 02:58:00,10.0,18.644434508656264
1995-08-19 02:59:00,4.0,15.271196457946724
1995-08-19 03:00:00,0.0,11.496875773912196
1995-08-19 03:05:00,9.0,18.16734140680703
1995-08-19 03:07:00,12.0,13.673968367026342
1995-08-19 03:08:00,6.0,14.413492362193297
1995-08-19 03:09:00,13.0,11.68218489747723
1995-08-19 03:10:00,10.0,13.54957718972899
1995-08-19 03:11:00,8.0,13.851438235973635
1995-08-19 03:12:00,11.0,12.392166445152405
1995-08-19 03:13:00,29.0,12.75290791676791
1995-08-19 03:14:00,14.0,18.110930231770595
1995-08-19 03:15:00,16.0,14.897492121055054
1995-08-19 03:17:00,8.0,15.042558508339914
1995-08-19 03:18:00,7.0,13.570895065516105
1995-08-19 03:19:00,15.0,12.027289497943254
1995-08-19 03:20:00,18.0,13.951262710097478
1995-08-19 03:21:00,14.0,14.779924752704037
1995-08-19 03:22:00,10.0,14.170150303383672
1995-08-19 03:23:00,7.0,13.21813689897407
1995-08-19 03:24:00,19.0,11.058763150481633
1995-08-19 03:25:00,23.0,14.713181746941707
1995-08-19 03:26:00,36.0,17.0560809472581
1995-08-19 03:27:00,25.0,21.33466759695643
1995-08-19 03:28:00,12.0,18.159270285285146
1995-08-19 03:29:00,16.0,15.232172852913749
1995-08-19 03:30:00,23.0,16.095161114384616
1995-08-19 03:31:00,17.0,20.7781164433359
1995-08-19 03:32:00,28.0,16.496696559736147
1995-08-19 03:33:00,9.0,18.496292022296732
1995-08-19 03:34:00,18.0,14.258423330228949
1995-08-19 03:35:00,19.0,17.67714179424616
1995-08-19 03:36:00,7.0,17.60627439919588
1995-08-19 03:37:00,12.0,12.96507733256365
1995-08-19 03:38:00,29.0,13.201264079954386
1995-08-19 03:39:00,29.0,20.41400845425992
1995-08-19 03:40:00,30.0,20.771530099766206
1995-08-19 03:41:00,27.0,21.48862899461568
1995-08-19 03:42:00,28.0,20.841945821813354
1995-08-19 03:43:00,17.0,21.477494425533212
1995-08-19 03:44:00,31.0,19.877907406810923
1995-08-19 03:45:00,35.0,23.798295795325636
1995-08-19 03:46:00,27.0,25.927923657696542
1995-08-19 03:47:00,23.0,23.134497594106037
1995-08-19 03:48:00,17.0,23.845450017676598
1995-08-19 03:49:00,10.0,19.566618275003993
1995-08-19 03:50:00,9.0,18.463089618189223
1995-08-19 03:51:00,26.0,16.93267942501064
1995-08-19 03:52:00,19.0,20.92756543438844
1995-08-19 03:53:00,29.0,21.519988717771163
1995-08-19 03:54:00,29.0,23.652074699916
1995-08-19 03:55:00,14.0,24.47644031473693
1995-08-19 03:56:00,6.0,20.87480442111545
1995-08-19 03:57:00,19.0,14.936149068176201
1995-08-19 03:58:00,11.0,18.545808299878367
1995-08-19 03:59:00,15.0,16.625531529338208
1995-08-19 04:00:00,7.0,18.379009495687274
1995-08-19 04:01:00,18.0,13.952781747861179
1995-08-19 04:02:00,1.0,17.336705991915363
1995-08-19 04:03:00,10.0,10.097254260707103
1995-08-19 04:04:00,4.0,14.535267002712715
1995-08-19 04:05:00,7.0,11.194648330737069
1995-08-19 04:06:00,13.0,12.482023760183488
1995-08-19 04:07:00,7.0,15.31172175578651
1995-08-19 04:08:00,15.0,12.329538798095532
1995-08-19 04:09:00,10.0,15.511634977596847
1995-08-19 04:10:00,8.0,14.471645575709324
1995-08-19 04:11:00,10.0,12.591096631085426
1995-08-19 04:12:00,28.0,13.936899516866474
1995-08-19 04:13:00,13.0,19.458965696613397
1995-08-19 04:14:00,12.0,14.027328338860697
1995-08-19 04:15:00,12.0,13.817464084437265
1995-08-19 04:16:00,13.0,12.664546269995308
1995-08-19 04:17:00,15.0,13.52970353543673
1995-08-19 04:18:00,25.0,16.11218306642207
1995-08-19 04:19:00,18.0,19.6048503113595
1995-08-19 04:20:00,8.0,17.453647444615587
1995-08-19 04:21:00,14.0,13.946189984848841
1995-08-19 04:22:00,15.0,15.878047801986682
1995-08-19 04:23:00,16.0,15.490468466786371
1995-08-19 04:24:00,7.0,14.237321209889233
1995-08-19 04:25:00,2.0,11.325343445305666
1995-08-19 04:26:00,16.0,8.163991349960897
1995-08-19 04:27:00,8.0,13.751269318137934
1995-08-19 04:28:00,6.0,11.951299784228603
1995-08-19 04:29:00,18.0,9.939831493191013
1995-08-19 04:30:00,11.0,15.012775076968419
1995-08-19 04:31:00,2.0,12.701328630035993
1995-08-19 04:32:00,5.0,8.937081278832165
1995-08-19 04:33:00,17.0,9.968651506885164
1995-08-19 04:34:00,16.0,13.52118671481107
1995-08-19 04:35:00,18.0,12.662524109705883
1995-08-19 04:36:00,9.0,14.01292121589209
1995-08-19 04:37:00,15.0,12.352960012982766
1995-08-19 04:38:00,10.0,13.185452637583317
1995-08-19 04:39:00,17.0,12.23049986953515
1995-08-19 04:40:00,13.0,13.365832174947947
1995-08-19 04:41:00,24.0,12.588987532804309
1995-08-19 04:42:00,10.0,18.032670115501404
1995-08-19 04:43:00,7.0,14.590741991041545
1995-08-19 04:44:00,16.0,11.207829702021776
1995-08-19 04:45:00,18.0,14.157762885447765
1995-08-19 04:46:00,9.0,15.745045191811304
1995-08-19 04:47:00,7.0,12.497727915050588
1995-08-19 04:48:00,8.0,11.408648943236944
1995-08-19 04:49:00,14.0,12.641277541224827
1995-08-19 04:50:00,15.0,13.74798698441949
1995-08-19 04:51:00,13.0,13.726173219023611
1995-08-19 04:52:00,17.0,14.050131222982772
1995-08-19 04:53:00,12.0,14.141327518929074
1995-08-19 04:54:00,27.0,15.435762598495861
1995-08-19 04:55:00,12.0,19.143880577391972
1995-08-19 04:56:00,8.0,14.143235108182882
1995-08-19 04:57:00,18.0,11.95905570112772
1995-08-19 04:58:00,7.0,16.081849365038988
1995-08-19 04:59:00,7.0,12.088327254115974
1995-08-19 05:00:00,7.0,9.991388103887461
1995-08-19 05:01:00,13.0,9.602620132027646
1995-08-19 05:02:00,4.0,12.679481734615555
1995-08-19 05:03:00,3.0,10.543894288206925
1995-08-19 05:04:00,7.0,8.367804478029019
1995-08-19 05:05:00,15.0,10.220208004461222
1995-08-19 05:06:00,17.0,12.725204308005825
1995-08-19 05:07:00,18.0,12.219240935583445
1995-08-19 05:08:00,27.0,14.731277447669212
1995-08-19 05:09:00,26.0,16.835166183931584
1995-08-19 05:10:00,5.0,16.47221839162318
1995-08-19 05:11:00,2.0,10.574356732466642
1995-08-19 05:12:00,9.0,9.69333013033532
1995-08-19 05:13:00,4.0,11.622356088041666
1995-08-19 05:14:00,18.0,7.902812774061728
1995-08-19 05:15:00,9.0,13.17306768817701
1995-08-19 05:16:00,9.0,11.322542263242706
1995-08-19 05:17:00,11.0,10.494653119773533
1995-08-19 05:18:00,21.0,11.956372961311166
1995-08-19 05:19:00,17.0,13.725907633888903
1995-08-19 05:20:00,19.0,13.3683788126837
1995-08-19 05:21:00,7.0,15.313823500593097
1995-08-19 05:22:00,13.0,11.775372813284324
1995-08-19 05:23:00,7.0,13.464420084758032
1995-08-19 05:24:00,8.0,12.100268116636752
1995-08-19 05:25:00,6.0,11.388556097291739
1995-08-19 05:26:00,4.0,9.131029963012343
1995-08-19 05:27:00,0.0,8.721297932846381
1995-08-19 05:32:00,15.0,11.172444769297583
1995-08-19 05:34:00,10.0,15.15560695343238
1995-08-19 05:35:00,7.0,13.010519650057534
1995-08-19 05:36:00,14.0,10.254841047253871
1995-08-19 05:37:00,17.0,12.938028312958123
1995-08-19 05:38:00,4.0,13.638320062509043
1995-08-19 05:39:00,7.0,9.42530002011466
1995-08-19 05:40:00,18.0,9.538443839785968
1995-08-19 05:41:00,5.0,14.613451986407133
1995-08-19 05:42:00,4.0,8.83051601008453
1995-08-19 05:44:00,8.0,11.201459981837345
1995-08-19 05:45:00,13.0,10.1276086373678
1995-08-19 05:46:00,1.0,11.957096128857133
1995-08-19 05:47:00,5.0,7.369179906678141
1995-08-19 05:48:00,27.0,9.221222283761229
1995-08-19 05:49:00,7.0,16.635976960633794
1995-08-19 05:50:00,19.0,9.947703907614127
1995-08-19 05:51:00,8.0,16.03618820512401
1995-08-19 05:52:00,9.0,10.813679897559224
1995-08-19 05:53:00,9.0,10.850534417790277
1995-08-19 05:54:00,7.0,11.738504070453875
1995-08-19 05:55:00,9.0,8.978440519739454
1995-08-19 05:56:00,3.0,10.492693476644105
1995-08-19 05:57:00,5.0,8.272999059514849
1995-08-19 05:58:00,8.0,8.614013118207295
1995-08-19 05:59:00,5.0,9.743777550572242
1995-08-19 06:00:00,10.0,9.02182620331544
1995-08-19 06:01:00,24.0,11.49858259020827
1995-08-19 06:02:00,11.0,15.820848207431817
1995-08-19 06:03:00,13.0,12.011060841930705
1995-08-19 06:04:00,10.0,12.574988314465603
1995-08-19 06:05:00,10.0,11.30691404903038
1995-08-19 06:06:00,11.0,10.74654085281548
1995-08-19 06:07:00,15.0,11.130962297885214
1995-08-19 06:08:00,6.0,12.221854198485639
1995-08-19 06:09:00,17.0,10.03055883554575
1995-08-19 06:10:00,20.0,12.711780829312909
1995-08-19 06:11:00,11.0,14.297552479845544
1995-08-19 06:12:00,21.0,12.525650926883065
1995-08-19 06:13:00,12.0,15.037266576158345
1995-08-19 06:14:00,15.0,12.934335454741285
1995-08-19 06:15:00,23.0,14.735144657431022
1995-08-19 06:16:00,14.0,17.4369844941561
1995-08-19 06:17:00,10.0,15.21727927377428
1995-08-19 06:18:00,13.0,14.135504047397415
1995-08-19 06:19:00,29.0,14.291070974495588
1995-08-19 06:20:00,21.0,19.54744347342575
1995-08-19 06:21:00,18.0,18.61109878120953
1995-08-19 06:22:00,16.0,16.912226691732336
1995-08-19 06:23:00,9.0,17.20703166553924
1995-08-19 06:24:00,23.0,14.959728751465864
1995-08-19 06:25:00,20.0,17.608413248004528
1995-08-19 06:26:00,19.0,16.876398528233032
1995-08-19 06:27:00,12.0,16.791756244262256
1995-08-19 06:28:00,15.0,15.037511672538532
1995-08-19 06:29:00,12.0,17.005117516002827
1995-08-19 06:30:00,4.0,14.312034427914451
1995-08-19 06:31:00,3.0,11.759810335793375
1995-08-19 06:32:00,9.0,10.546863640801876
1995-08-19 06:33:00,7.0,13.57546988969206
1995-08-19 06:34:00,16.0,11.123281288638202
1995-08-19 06:35:00,9.0,13.534547501322061
1995-08-19 06:36:00,5.0,13.463273403504601
1995-08-19 06:37:00,16.0,9.954934724766805
1995-08-19 06:38:00,12.0,13.974511144555393
1995-08-19 06:39:00,14.0,13.235959777576584
1995-08-19 06:40:00,6.0,14.001659476882596
1995-08-19 06:41:00,27.0,11.444998416779063
1995-08-19 06:42:00,12.0,16.87836074405699
1995-08-19 06:43:00,12.0,11.960585926131667
1995-08-19 06:44:00,26.0,12.41148850266229
1995-08-19 06:45:00,16.0,17.496947424048674
1995-08-19 06:46:00,15.0,15.69367742659807
1995-08-19 06:47:00,9.0,15.192004133397429
1995-08-19 06:48:00,17.0,13.12674865067804
1995-08-19 06:49:00,9.0,15.453623140421495
1995-08-19 06:50:00,6.0,13.4348083413471
1995-08-19 06:51:00,17.0,10.906045606761133
1995-08-19 06:52:00,11.0,13.757767345239929
1995-08-19 06:53:00,14.0,12.443935216791475
1995-08-19 06:54:00,17.0,14.418366257725111
1995-08-19 06:55:00,13.0,15.106446399149986
1995-08-19 06:56:00,4.0,15.643771771742887
1995-08-19 06:57:00,20.0,10.840348713558676
1995-08-19 06:58:00,9.0,14.9408432673442
1995-08-19 06:59:00,6.0,13.196599856888907
1995-08-19 07:00:00,21.0,10.643418580288131
1995-08-19 07:01:00,31.0,16.41609750979386
1995-08-19 07:02:00,16.0,19.597500797249666
1995-08-19 07:03:00,4.0,16.976804193097024
1995-08-19 07:04:00,2.0,10.843046681606298
1995-08-19 07:05:00,21.0,10.282887894887883
1995-08-19 07:06:00,10.0,15.580723406433965
1995-08-19 07:07:00,10.0,12.789854649249019
1995-08-19 07:08:00,5.0,12.614088107371405
1995-08-19 07:09:00,5.0,9.622179622687488
1995-08-19 07:10:00,17.0,10.232943011089839
1995-08-19 07:11:00,19.0,16.805014372903315
1995-08-19 07:12:00,14.0,17.934368937773574
1995-08-19 07:13:00,3.0,14.053688514020012
1995-08-19 07:14:00,4.0,9.395421291807201
1995-08-19 07:15:00,7.0,10.840705061064718
1995-08-19 07:16:00,9.0,11.197238776368831
1995-08-19 07:17:00,9.0,12.849074658070766
1995-08-19 07:18:00,4.0,12.436824236066062
1995-08-19 07:19:00,15.0,8.79833157170356
1995-08-19 07:20:00,6.0,13.011822357796218
1995-08-19 07:21:00,19.0,10.17974023650942
1995-08-19 07:22:00,1.0,13.975505385226393
1995-08-19 07:23:00,2.0,7.555971757202412
1995-08-19 07:24:00,9.0,7.3781031868824005
1995-08-19 07:25:00,18.0,10.70028038772383
1995-08-19 07:26:00,24.0,12.292071611241214
1995-08-19 07:27:00,16.0,16.8428965196649
1995-08-19 07:28:00,17.0,13.643072706397662
1995-08-19 07:29:00,7.0,13.085079404228887
1995-08-19 07:30:00,5.0,11.346590284837049
1995-08-19 07:31:00,19.0,9.824125119755923
1995-08-19 07:32:00,16.0,14.413414780546551
1995-08-19 07:33:00,21.0,13.571524813349843
1995-08-19 07:34:00,9.0,15.638886336252117
1995-08-19 07:35:00,3.0,12.30767476525558
1995-08-19 07:36:00,18.0,10.096238167518688
1995-08-19 07:37:00,11.0,14.011703210338299
1995-08-19 07:38:00,10.0,14.166639491474392
1995-08-19 07:39:00,10.0,13.440532392899673
1995-08-19 07:40:00,12.0,12.456097072300118
1995-08-19 07:41:00,5.0,12.36623935225263
1995-08-19 07:42:00,10.0,10.422873650492336
1995-08-19 07:43:00,34.0,12.67162990266
1995-08-19 07:44:00,13.0,21.31840661347545
1995-08-19 07:45:00,25.0,14.868890648950435
1995-08-19 07:46:00,5.0,17.93184166795859
1995-08-19 07:47:00,38.0,12.143018294217557
1995-08-19 07:48:00,18.0,24.373446420853412
1995-08-19 07:49:00,13.0,19.50722812994206
1995-08-19 07:50:00,22.0,16.006114238785102
1995-08-19 07:51:00,45.0,17.878923978981213
1995-08-19 07:52:00,38.0,25.174686388299953
1995-08-19 07:53:00,32.0,26.279900114416662
1995-08-19 07:54:00,32.0,24.845038356796135
1995-08-19 07:55:00,36.0,25.37861720346635
1995-08-19 07:56:00,21.0,28.42280766649659
1995-08-19 07:57:00,33.0,23.413849202642833
1995-08-19 07:58:00,19.0,26.940780183603035
1995-08-19 07:59:00,26.0,22.493272355830154
1995-08-19 08:00:00,20.0,22.909963278106524
1995-08-19 08:01:00,28.0,22.900946192542598
1995-08-19 08:02:00,23.0,23.63153454608543
1995-08-19 08:03:00,20.0,23.57590878585104
1995-08-19 08:04:00,26.0,22.483831577924708
1995-08-19 08:05:00,16.0,24.16390893101487
1995-08-19 08:06:00,25.0,21.405863904618975
1995-08-19 08:07:00,14.0,24.039124260031446
1995-08-19 08:08:00,14.0,20.926230995970364
1995-08-19 08:09:00,8.0,19.508134634447615
1995-08-19 08:10:00,13.0,17.547273382002654
1995-08-19 08:11:00,5.0,17.962711313119847
1995-08-19 08:12:00,12.0,14.292988701720631
1995-08-19 08:13:00,8.0,15.773905372388828
1995-08-19 08:14:00,20.0,14.212186889889079
1995-08-19 08:15:00,13.0,18.300610003876155
1995-08-19 08:16:00,30.0,16.30724989812331
1995-08-19 08:17:00,24.0,22.57702760969033
1995-08-19 08:18:00,28.0,22.997574471556263
1995-08-19 08:19:00,22.0,23.20993821487401
1995-08-19 08:20:00,15.0,21.670143816211997
1995-08-19 08:21:00,16.0,20.141373718813494
1995-08-19 08:22:00,27.0,19.55910763922639
1995-08-19 08:23:00,21.0,22.40774052538484
1995-08-19 08:24:00,6.0,21.434806640118033
1995-08-19 08:25:00,20.0,14.143601065684159
1995-08-19 08:26:00,30.0,20.750137502156306
1995-08-19 08:27:00,31.0,22.576537194688303
1995-08-19 08:28:00,20.0,23.346486988946275
1995-08-19 08:29:00,9.0,20.69041632782356
1995-08-19 08:30:00,22.0,18.293938271762187
1995-08-19 08:31:00,29.0,21.116017035855634
1995-08-19 08:32:00,36.0,22.956618553076535
1995-08-19 08:33:00,14.0,26.19491643846501
1995-08-19 08:34:00,13.0,21.712363096106856
1995-08-19 08:35:00,25.0,20.496302425444792
1995-08-19 08:36:00,27.0,23.32014086862073
1995-08-19 08:37:00,21.0,23.471978171425064
1995-08-19 08:38:00,23.0,22.076068778794248
1995-08-19 08:39:00,13.0,20.473929334613068
1995-08-19 08:40:00,17.0,19.9683614482791
1995-08-19 08:41:00,10.0,19.63633152815861
1995-08-19 08:42:00,20.0,18.09149640297427
1995-08-19 08:43:00,11.0,19.63077780054404
1995-08-19 08:44:00,14.0,17.10832114194458
1995-08-19 08:45:00,13.0,17.83117596604121
1995-08-19 08:46:00,9.0,16.801535323124092
1995-08-19 08:47:00,8.0,15.24646511652306
1995-08-19 08:48:00,7.0,13.807983785656068
1995-08-19 08:49:00,12.0,12.866239122491766
1995-08-19 08:50:00,10.0,15.416216960099682
1995-08-19 08:51:00,17.0,14.594263601778238
1995-08-19 08:52:00,8.0,15.31852464813175
1995-08-19 08:53:00,10.0,11.5410692797744
1995-08-19 08:54:00,10.0,13.716265714671696
1995-08-19 08:55:00,15.0,13.399212632254901
1995-08-19 08:56:00,20.0,15.829071253501246
1995-08-19 08:57:00,19.0,17.72474164397938
1995-08-19 08:58:00,36.0,17.88129617612216
1995-08-19 08:59:00,4.0,23.128648472097872
1995-08-19 09:00:00,12.0,12.72588578881526
1995-08-19 09:01:00,8.0,15.445471566672978
1995-08-19 09:02:00,17.0,13.702569806538648
1995-08-19 09:03:00,18.0,16.007728993807252
1995-08-19 09:04:00,16.0,16.951203713253868
1995-08-19 09:05:00,24.0,18.068795597077628
1995-08-19 09:06:00,11.0,19.741540539922394
1995-08-19 09:07:00,25.0,15.194696971500433
1995-08-19 09:08:00,8.0,18.330425032082452
1995-08-19 09:09:00,31.0,16.3967691728511
1995-08-19 09:10:00,12.0,22.562759946450985
1995-08-19 09:11:00,6.0,16.015617353747622
1995-08-19 09:12:00,10.0,12.852421122187945
1995-08-19 09:13:00,13.0,14.023576959618872
1995-08-19 09:14:00,21.0,13.180702095397665
1995-08-19 09:15:00,40.0,15.613208144923199
1995-08-19 09:16:00,26.0,23.969124641985754
1995-08-19 09:17:00,27.0,21.85430238221895
1995-08-19 09:18:00,15.0,22.91919762132737
1995-08-19 09:19:00,14.0,19.235963367998366
1995-08-19 09:20:00,23.0,19.41731326832715
1995-08-19 09:21:00,16.0,20.858113579608496
1995-08-19 09:22:00,19.0,18.516486374173983
1995-08-19 09:23:00,41.0,20.62672819166835
1995-08-19 09:24:00,6.0,25.486425225979332
1995-08-19 09:25:00,26.0,16.866214449275564
1995-08-19 09:26:00,24.0,22.224193570804733
1995-08-19 09:27:00,9.0,22.559544990218104
1995-08-19 09:28:00,39.0,18.891249873037143
1995-08-19 09:29:00,18.0,25.79815829407775
1995-08-19 09:30:00,26.0,22.18102596226179
1995-08-19 09:31:00,37.0,23.715202427180007
1995-08-19 09:32:00,35.0,27.85314169259222
1995-08-19 09:33:00,15.0,25.448408807119606
1995-08-19 09:34:00,31.0,23.045260607311675
1995-08-19 09:35:00,25.0,27.818677417856183
1995-08-19 09:36:00,49.0,26.512888510631864
1995-08-19 09:37:00,44.0,32.13217529567319
1995-08-19 09:38:00,40.0,32.99257195905076
1995-08-19 09:39:00,18.0,33.10966980485598
1995-08-19 09:40:00,38.0,25.27586901758425
1995-08-19 09:41:00,31.0,31.124640622484943
1995-08-19 09:42:00,26.0,29.88575978651852
1995-08-19 09:43:00,16.0,28.072982242080272
1995-08-19 09:44:00,20.0,25.691672160598205
1995-08-19 09:45:00,22.0,26.19204356887378
1995-08-19 09:46:00,24.0,25.60814945891115
1995-08-19 09:47:00,31.0,27.64345934369408
1995-08-19 09:48:00,16.0,27.303612656404372
1995-08-19 09:49:00,21.0,23.964390856425453
1995-08-19 09:50:00,20.0,24.916110656125653
1995-08-19 09:51:00,16.0,25.91295693551638
1995-08-19 09:52:00,34.0,24.0028878386851
1995-08-19 09:53:00,29.0,28.91512887364647
1995-08-19 09:54:00,23.0,28.061592134452695
1995-08-19 09:55:00,11.0,27.790197494681014
1995-08-19 09:56:00,19.0,20.758533275827656
1995-08-19 09:57:00,37.0,23.86255193029081
1995-08-19 09:58:00,13.0,29.133160186238698
1995-08-19 09:59:00,28.0,22.087798271904788
1995-08-19 10:00:00,18.0,25.318289615470174
1995-08-19 10:01:00,22.0,22.263035237443592
1995-08-19 10:02:00,15.0,24.659864085099677
1995-08-19 10:03:00,16.0,22.623773593520706
1995-08-19 10:04:00,14.0,22.36962202413181
1995-08-19 10:05:00,30.0,19.92835567578437
1995-08-19 10:06:00,29.0,25.32296354949968
1995-08-19 10:07:00,31.0,25.9177426630813
1995-08-19 10:08:00,48.0,26.430097273631493
1995-08-19 10:09:00,29.0,31.585937899131117
1995-08-19 10:10:00,11.0,29.67398873432363
1995-08-19 10:11:00,24.0,22.22546834993961
1995-08-19 10:12:00,13.0,25.150352573532313
1995-08-19 10:13:00,35.0,21.337654066863575
1995-08-19 10:14:00,41.0,26.59931198338746
1995-08-19 10:15:00,36.0,30.59047627594944
1995-08-19 10:16:00,40.0,31.687592855361803
1995-08-19 10:17:00,30.0,32.05801204338541
1995-08-19 10:18:00,16.0,29.267287583679945
1995-08-19 10:19:00,23.0,25.367256463124747
1995-08-19 10:20:00,29.0,26.903622264370625
1995-08-19 10:21:00,26.0,25.993163040461507
1995-08-19 10:22:00,14.0,26.24334123606076
1995-08-19 10:23:00,38.0,22.904606944413587
1995-08-19 10:24:00,52.0,29.045743885935348
1995-08-19 10:25:00,31.0,33.94351017629148
1995-08-19 10:26:00,35.0,30.250833950723493
1995-08-19 10:27:00,32.0,31.140037510031902
1995-08-19 10:28:00,19.0,29.497565362430922
1995-08-19 10:29:00,45.0,24.8140504776517
1995-08-19 10:30:00,26.0,32.667579349657416
1995-08-19 10:31:00,35.0,29.308009654878827
1995-08-19 10:32:00,33.0,31.769890442123554
1995-08-19 10:33:00,45.0,31.825897028976925
1995-08-19 10:34:00,19.0,34.80481841020182
1995-08-19 10:35:00,6.0,30.30811486813003
1995-08-19 10:36:00,11.0,22.408291848416432
1995-08-19 10:37:00,20.0,22.581876183908978
1995-08-19 10:38:00,19.0,25.55457756502108
1995-08-19 10:39:00,29.0,23.737016563003806
1995-08-19 10:40:00,16.0,26.655543739629792
1995-08-19 10:41:00,6.0,21.34321085527499
1995-08-19 10:42:00,8.0,18.081459071998964
1995-08-19 10:43:00,7.0,18.57476261046952
1995-08-19 10:44:00,11.0,16.485049187413168
1995-08-19 10:45:00,3.0,17.05657938486928
1995-08-19 10:46:00,32.0,13.689201558717585
1995-08-19 10:47:00,27.0,23.632906394823777
1995-08-19 10:48:00,15.0,22.869125517543672
1995-08-19 10:49:00,17.0,19.13059198153377
1995-08-19 10:50:00,17.0,18.668712770665266
1995-08-19 10:51:00,30.0,20.731049756484882
1995-08-19 10:52:00,25.0,23.01108982084282
1995-08-19 10:53:00,16.0,21.815287780635174
1995-08-19 10:54:00,22.0,18.92919446892546
1995-08-19 10:55:00,31.0,21.50111966033516
1995-08-19 10:56:00,27.0,24.82983819390903
1995-08-19 10:57:00,30.0,24.533932524073343
1995-08-19 10:58:00,56.0,25.021975060264193
1995-08-19 10:59:00,45.0,31.709828113344773
1995-08-19 11:00:00,37.0,34.00080003845718
1995-08-19 11:01:00,28.0,33.5058830212518
1995-08-19 11:02:00,28.0,28.22735609024518
1995-08-19 11:03:00,15.0,26.83891157445596
1995-08-19 11:04:00,11.0,22.618775355035275
1995-08-19 11:05:00,21.0,20.293493173209498
1995-08-19 11:06:00,16.0,23.063924514982553
1995-08-19 11:07:00,14.0,20.899187275406103
1995-08-19 11:08:00,14.0,19.58699800422408
1995-08-19 11:09:00,10.0,19.997160652913994
1995-08-19 11:10:00,10.0,18.073573746055157
1995-08-19 11:11:00,21.0,17.2018250609461
1995-08-19 11:12:00,22.0,21.713786948310975
1995-08-19 11:13:00,16.0,23.141694015857507
1995-08-19 11:14:00,20.0,20.88751341290627
1995-08-19 11:15:00,12.0,22.818037182339214
1995-08-19 11:16:00,18.0,16.387953662637223
1995-08-19 11:17:00,31.0,19.79005050787175
1995-08-19 11:18:00,40.0,24.41761734819355
1995-08-19 11:19:00,10.0,27.05335496640737
1995-08-19 11:20:00,26.0,19.170728959138195
1995-08-19 11:21:00,13.0,23.24248184678352
1995-08-19 11:22:00,23.0,20.970603076904872
1995-08-19 11:23:00,29.0,22.703208891610263
1995-08-19 11:24:00,24.0,25.463471146199474
1995-08-19 11:25:00,46.0,23.72576675853852
1995-08-19 11:26:00,28.0,31.027597837282837
1995-08-19 11:27:00,17.0,27.698239582552045
1995-08-19 11:28:00,15.0,22.82978364264139
1995-08-19 11:29:00,34.0,23.084907900379736
1995-08-19 11:30:00,24.0,29.302364977416516
1995-08-19 11:31:00,27.0,24.894961841497445
1995-08-19 11:32:00,34.0,26.537589943967422
1995-08-19 11:33:00,36.0,29.031494653042916
1995-08-19 11:34:00,30.0,29.235883367841904
1995-08-19 11:35:00,16.0,28.10453002092129
1995-08-19 11:36:00,21.0,23.747451535758294
1995-08-19 11:37:00,28.0,25.974702567988935
1995-08-19 11:38:00,43.0,25.46060267152446
1995-08-19 11:39:00,12.0,31.956398854347306
1995-08-19 11:40:00,25.0,21.979962111682614
1995-08-19 11:41:00,33.0,25.094144717219272
1995-08-19 11:42:00,36.0,30.155979402006476
1995-08-19 11:43:00,27.0,30.58106462430979
1995-08-19 11:44:00,23.0,28.65349610114498
1995-08-19 11:45:00,14.0,28.097084168030126
1995-08-19 11:46:00,26.0,21.95722955792259
1995-08-19 11:47:00,43.0,27.468748535724284
1995-08-19 11:48:00,14.0,32.71466083779229
1995-08-19 11:49:00,22.0,22.548445234947028
1995-08-19 11:50:00,42.0,25.144466229999296
1995-08-19 11:51:00,29.0,30.96838973851834
1995-08-19 11:52:00,26.0,29.034453810019496
1995-08-19 11:53:00,31.0,28.420627845361757
1995-08-19 11:54:00,49.0,29.5784008121473
1995-08-19 11:55:00,23.0,32.9718539040899
1995-08-19 11:56:00,29.0,29.696047847761772
1995-08-19 11:57:00,31.0,27.856175378783398
1995-08-19 11:58:00,27.0,30.77462940267893
1995-08-19 11:59:00,14.0,29.801522998255834
1995-08-19 12:00:00,28.0,24.956873818631696
1995-08-19 12:01:00,9.0,25.74801580781576
1995-08-19 12:02:00,23.0,21.929272737214415
1995-08-19 12:03:00,14.0,25.645436878768642
1995-08-19 12:04:00,19.0,19.89067262405773
1995-08-19 12:05:00,41.0,23.256350958537883
1995-08-19 12:06:00,48.0,29.900176210371015
1995-08-19 12:07:00,41.0,33.65046230795883
1995-08-19 12:08:00,29.0,33.431030596838845
1995-08-19 12:09:00,43.0,30.945123009297554
1995-08-19 12:10:00,33.0,33.97983219061086
1995-08-19 12:11:00,35.0,32.81268598003457
1995-08-19 12:12:00,18.0,32.35751798111018
1995-08-19 12:13:00,14.0,27.53007902717935
1995-08-19 12:14:00,30.0,23.457458210577375
1995-08-19 12:15:00,31.0,27.30530639676534
1995-08-19 12:16:00,31.0,30.761169107176904
1995-08-19 12:17:00,41.0,31.34232214680795
1995-08-19 12:18:00,34.0,34.88125566596316
1995-08-19 12:19:00,22.0,31.15164801903384
1995-08-19 12:20:00,16.0,29.950150136940586
1995-08-19 12:21:00,17.0,27.9600365790998
1995-08-19 12:22:00,11.0,26.331488071863372
1995-08-19 12:23:00,20.0,22.733352180038928
1995-08-19 12:24:00,34.0,22.119136083318764
1995-08-19 12:25:00,18.0,29.237864896969768
1995-08-19 12:26:00,13.0,22.180521290177083
1995-08-19 12:27:00,26.0,20.230919440338543
1995-08-19 12:28:00,4.0,24.26023120032952
1995-08-19 12:29:00,7.0,18.537047102961658
1995-08-19 12:30:00,28.0,17.369100490851462
1995-08-19 12:31:00,26.0,23.307878506979517
1995-08-19 12:32:00,14.0,25.14060269705482
1995-08-19 12:33:00,38.0,20.9714483014481
1995-08-19 12:34:00,27.0,28.056204213928996
1995-08-19 12:35:00,36.0,27.398442015910057
1995-08-19 12:36:00,18.0,29.730017973594187
1995-08-19 12:37:00,26.0,24.577731049552646
1995-08-19 12:38:00,17.0,24.722947995443892
1995-08-19 12:39:00,32.0,22.161781945364943
1995-08-19 12:40:00,36.0,27.872086564011795
1995-08-19 12:41:00,36.0,29.684531269346255
1995-08-19 12:42:00,17.0,29.49441842479351
1995-08-19 12:43:00,49.0,23.654597371239515
1995-08-19 12:44:00,30.0,32.576911252549216
1995-08-19 12:45:00,20.0,30.732994418731185
1995-08-19 12:46:00,19.0,27.305648502116025
1995-08-19 12:47:00,30.0,23.075490075928286
1995-08-19 12:48:00,26.0,27.60744641763559
1995-08-19 12:49:00,30.0,27.24194001416202
1995-08-19 12:50:00,22.0,26.399552318200044
1995-08-19 12:51:00,32.0,24.275379412486302
1995-08-19 12:52:00,30.0,28.326360848341594
1995-08-19 12:53:00,18.0,26.764448824618377
1995-08-19 12:54:00,20.0,23.610639365356313
1995-08-19 12:55:00,10.0,23.516592752257793
1995-08-19 12:56:00,19.0,20.055770411022845
1995-08-19 12:57:00,11.0,22.239797379114737
1995-08-19 12:58:00,29.0,19.50736474885399
1995-08-19 12:59:00,18.0,24.905095378907824
1995-08-19 13:00:00,15.0,21.87598344563812
1995-08-19 13:01:00,9.0,20.940002899055994
1995-08-19 13:02:00,26.0,18.057566323444473
1995-08-19 13:03:00,46.0,23.268760337659984
1995-08-19 13:04:00,31.0,30.133941652985083
1995-08-19 13:05:00,19.0,28.05097298531231
1995-08-19 13:06:00,9.0,23.63804252818378
1995-08-19 13:07:00,18.0,19.092338474276144
1995-08-19 13:08:00,54.0,22.309942631039657
1995-08-19 13:09:00,37.0,30.8605964255018
1995-08-19 13:10:00,19.0,30.155622108069434
1995-08-19 13:11:00,30.0,24.18281185552576
1995-08-19 13:12:00,6.0,26.699704780602175
1995-08-19 13:13:00,13.0,19.29829715542865
1995-08-19 13:14:00,13.0,20.014757105780244
1995-08-19 13:15:00,18.0,20.671100484379558
1995-08-19 13:16:00,10.0,22.882495233470504
1995-08-19 13:17:00,28.0,18.476851447516488
1995-08-19 13:18:00,51.0,24.416774105033262
1995-08-19 13:19:00,35.0,31.823525102767885
1995-08-19 13:20:00,20.0,31.28426065267693
1995-08-19 13:21:00,35.0,23.74484288604092
1995-08-19 13:22:00,16.0,30.140382801048805
1995-08-19 13:23:00,34.0,23.422258169089357
1995-08-19 13:24:00,21.0,28.34874216456631
1995-08-19 13:25:00,20.0,24.834685362618636
1995-08-19 13:26:00,16.0,24.224395313034368
1995-08-19 13:27:00,16.0,21.590714132051808
1995-08-19 13:28:00,13.0,21.648140447738303
1995-08-19 13:29:00,27.0,20.53934435438666
1995-08-19 13:30:00,14.0,24.14664538766657
1995-08-19 13:31:00,11.0,20.246604368081208
1995-08-19 13:32:00,6.0,17.87126356998422
1995-08-19 13:33:00,9.0,16.842479528448855
1995-08-19 13:34:00,21.0,16.402858726472903
1995-08-19 13:35:00,22.0,20.813324402805517
1995-08-19 13:36:00,21.0,20.394295808034883
1995-08-19 13:37:00,25.0,21.632240327817662
1995-08-19 13:38:00,13.0,21.973706209016832
1995-08-19 13:39:00,29.0,19.70668065142276
1995-08-19 13:40:00,31.0,23.429693579011296
1995-08-19 13:41:00,24.0,23.35888906115713
1995-08-19 13:42:00,20.0,24.954561412021278
1995-08-19 13:43:00,14.0,22.965274522851473
1995-08-19 13:44:00,41.0,22.465319767773597
1995-08-19 13:45:00,12.0,25.943610235348764
1995-08-19 13:46:00,36.0,20.52024178293024
1995-08-19 13:47:00,43.0,27.839156596313547
1995-08-19 13:48:00,37.0,30.879844568488274
1995-08-19 13:49:00,49.0,32.15763628007887
1995-08-19 13:50:00,20.0,34.95433659886356
1995-08-19 13:51:00,19.0,26.765600833897278
1995-08-19 13:52:00,19.0,24.98905178891709
1995-08-19 13:53:00,21.0,24.062904624114733
1995-08-19 13:54:00,24.0,24.721230276854822
1995-08-19 13:55:00,19.0,27.093218832508896
1995-08-19 13:56:00,31.0,23.154630107567144
1995-08-19 13:57:00,25.0,27.258134134320755
1995-08-19 13:58:00,32.0,24.862431542718813
1995-08-19 13:59:00,28.0,27.6663988785066
1995-08-19 14:00:00,28.0,26.36807882971231
1995-08-19 14:01:00,38.0,27.718649624529043
1995-08-19 14:02:00,40.0,31.391786666172944
1995-08-19 14:03:00,52.0,32.151320724121405
1995-08-19 14:04:00,18.0,35.39615896434046
1995-08-19 14:05:00,36.0,26.799231460179314
1995-08-19 14:06:00,38.0,29.195365661696574
1995-08-19 14:07:00,31.0,33.21922664989681
1995-08-19 14:08:00,43.0,31.32980498340702
1995-08-19 14:09:00,35.0,33.826000779737804
1995-08-19 14:10:00,13.0,33.398161812482975
1995-08-19 14:11:00,24.0,26.997944827082424
1995-08-19 14:12:00,16.0,28.348800350751308
1995-08-19 14:13:00,29.0,25.09296353813809
1995-08-19 14:14:00,24.0,28.115972462746395
1995-08-19 14:15:00,19.0,28.203776077140894
1995-08-19 14:16:00,20.0,26.109725050113845
1995-08-19 14:17:00,17.0,25.72274769004935
1995-08-19 14:18:00,24.0,25.236109800605078
1995-08-19 14:19:00,47.0,26.612223844633935
1995-08-19 14:20:00,22.0,32.01846682426231
1995-08-19 14:21:00,35.0,26.898126983842158
1995-08-19 14:22:00,16.0,31.328071030201862
1995-08-19 14:23:00,17.0,24.58346733932117
1995-08-19 14:24:00,16.0,25.66819318084949
1995-08-19 14:25:00,17.0,22.939795642659334
1995-08-19 14:26:00,47.0,22.32514384502041
1995-08-19 14:27:00,48.0,29.757621235671188
1995-08-19 14:28:00,33.0,35.5742101907513
1995-08-19 14:29:00,22.0,33.119316345802204
1995-08-19 14:30:00,55.0,28.41070333986362
1995-08-19 14:31:00,48.0,38.122763491709804
1995-08-19 14:32:00,57.0,39.05055495270698
1995-08-19 14:33:00,22.0,42.64292013801245
1995-08-19 14:34:00,26.0,31.616312578574593
1995-08-19 14:35:00,41.0,30.493902618596636
1995-08-19 14:36:00,70.0,35.51195369669369
1995-08-19 14:37:00,15.0,44.347533433928284
1995-08-19 14:38:00,38.0,29.81406245155395
1995-08-19 14:39:00,33.0,38.76508490988248
1995-08-19 14:40:00,31.0,33.8560324484179
1995-08-19 14:41:00,50.0,32.804838972549014
1995-08-19 14:42:00,44.0,37.86077520787008
1995-08-19 14:43:00,34.0,38.31110939500571
1995-08-19 14:44:00,44.0,36.30513092689138
1995-08-19 14:45:00,50.0,37.57856859949714
1995-08-19 14:46:00,38.0,41.90428726364085
1995-08-19 14:47:00,38.0,38.201722079640405
1995-08-19 14:48:00,45.0,37.18227288367523
1995-08-19 14:49:00,53.0,37.81647208921945
1995-08-19 14:50:00,29.0,44.252818522602574
1995-08-19 14:51:00,36.0,36.69886638028769
1995-08-19 14:52:00,43.0,36.959155849217844
1995-08-19 14:53:00,30.0,36.85297184533111
1995-08-19 14:54:00,22.0,35.370357501236995
1995-08-19 14:55:00,15.0,30.633732248502316
1995-08-19 14:56:00,24.0,29.59989591551248
1995-08-19 14:57:00,20.0,30.59824480054641
1995-08-19 14:58:00,34.0,28.41383588465236
1995-08-19 14:59:00,26.0,33.29735328361301
1995-08-19 15:00:00,27.0,30.54325166705866
1995-08-19 15:01:00,45.0,29.805451739711586
1995-08-19 15:02:00,62.0,36.38239277183556
1995-08-19 15:03:00,25.0,44.24937413987974
1995-08-19 15:04:00,33.0,32.71024370082007
1995-08-19 15:05:00,31.0,34.4167370013711
1995-08-19 15:06:00,34.0,32.41219012629865
1995-08-19 15:07:00,23.0,33.25643559453296
1995-08-19 15:08:00,23.0,29.234113218147115
1995-08-19 15:09:00,34.0,28.48447225698213
1995-08-19 15:10:00,15.0,33.17587652803132
1995-08-19 15:11:00,19.0,26.200170459252362
1995-08-19 15:12:00,20.0,27.00044216383903
1995-08-19 15:13:00,27.0,27.148559508529058
1995-08-19 15:14:00,33.0,29.302649087604355
1995-08-19 15:15:00,18.0,30.672280650603856
1995-08-19 15:16:00,44.0,26.947573902228676
1995-08-19 15:17:00,51.0,35.24393857436283
1995-08-19 15:18:00,43.0,37.5393923177974
1995-08-19 15:19:00,41.0,36.96667658305766
1995-08-19 15:20:00,30.0,36.3996446697719
1995-08-19 15:21:00,13.0,32.473625153222365
1995-08-19 15:22:00,31.0,27.40691654809493
1995-08-19 15:23:00,22.0,30.221064809984743
1995-08-19 15:24:00,31.0,27.52738613174873
1995-08-19 15:25:00,45.0,29.73074554673862
1995-08-19 15:26:00,24.0,35.42867325942392
1995-08-19 15:27:00,39.0,29.846462886746057
1995-08-19 15:28:00,18.0,33.05909610724263
1995-08-19 15:29:00,26.0,29.203539303713505
1995-08-19 15:30:00,34.0,30.93683477419448
1995-08-19 15:31:00,23.0,30.176107337701506
1995-08-19 15:32:00,23.0,29.881770926394562
1995-08-19 15:33:00,14.0,27.2042362889605
1995-08-19 15:34:00,20.0,24.33555652133394
1995-08-19 15:35:00,30.0,25.956617698526212
1995-08-19 15:36:00,36.0,29.090725138268095
1995-08-19 15:37:00,28.0,30.14823100364136
1995-08-19 15:38:00,19.0,28.148630565386455
1995-08-19 15:39:00,23.0,25.465916653193368
1995-08-19 15:40:00,23.0,26.604539110653864
1995-08-19 15:41:00,34.0,28.72969292259835
1995-08-19 15:42:00,17.0,31.46465397736764
1995-08-19 15:43:00,18.0,26.258593258948512
1995-08-19 15:44:00,17.0,26.360078990391433
1995-08-19 15:45:00,27.0,25.676226425930263
1995-08-19 15:46:00,35.0,27.168970446661547
1995-08-19 15:47:00,38.0,31.299469928650176
1995-08-19 15:48:00,15.0,32.0230833666172
1995-08-19 15:49:00,32.0,24.36039521995729
1995-08-19 15:50:00,32.0,27.29648361946268
1995-08-19 15:51:00,21.0,28.305032690300973
1995-08-19 15:52:00,47.0,25.26931458911311
1995-08-19 15:53:00,33.0,33.00833054487344
1995-08-19 15:54:00,20.0,30.87158502926731
1995-08-19 15:55:00,26.0,25.96860702972712
1995-08-19 15:56:00,44.0,27.266740878342983
1995-08-19 15:57:00,20.0,32.10443139760842
1995-08-19 15:58:00,24.0,27.12880001847031
1995-08-19 15:59:00,24.0,27.289327999695175
1995-08-19 16:00:00,23.0,26.819686830790474
1995-08-19 16:01:00,38.0,25.323896528883495
1995-08-19 16:02:00,16.0,31.688289391393702
1995-08-19 16:03:00,22.0,23.599927933812037
1995-08-19 16:04:00,21.0,24.13067611388595
1995-08-19 16:05:00,39.0,23.875315611955674
1995-08-19 16:06:00,10.0,30.586539810583115
1995-08-19 16:07:00,14.0,21.242844524473362
1995-08-19 16:08:00,18.0,22.254878246647756
1995-08-19 16:09:00,20.0,24.114714201120993
1995-08-19 16:10:00,17.0,23.08848936003506
1995-08-19 16:11:00,24.0,22.04114608501862
1995-08-19 16:12:00,26.0,24.96919994601374
1995-08-19 16:13:00,30.0,24.662761175186837
1995-08-19 16:14:00,15.0,24.968709056655296
1995-08-19 16:15:00,25.0,22.209182786157804
1995-08-19 16:16:00,22.0,27.098980564166325
1995-08-19 16:17:00,24.0,25.278405049456357
1995-08-19 16:18:00,16.0,25.856692831859526
1995-08-19 16:19:00,9.0,21.45033778714029
1995-08-19 16:20:00,31.0,18.59315103172714
1995-08-19 16:21:00,30.0,26.01951556355109
1995-08-19 16:22:00,6.0,26.536253927392238
1995-08-19 16:23:00,14.0,18.912200973958843
1995-08-19 16:24:00,18.0,19.147247967933495
1995-08-19 16:25:00,50.0,22.68273459093845
1995-08-19 16:26:00,27.0,30.398893297593755
1995-08-19 16:27:00,40.0,27.55856423115093
1995-08-19 16:28:00,50.0,29.784603030931407
1995-08-19 16:29:00,50.0,32.86421700476576
1995-08-19 16:30:00,37.0,35.89825639332121
1995-08-19 16:31:00,28.0,33.948355486127454
1995-08-19 16:32:00,11.0,29.451666167790197
1995-08-19 16:33:00,26.0,24.267292385251345
1995-08-19 16:34:00,18.0,28.61609799709919
1995-08-19 16:35:00,15.0,23.08756070132464
1995-08-19 16:36:00,12.0,23.18639281490963
1995-08-19 16:37:00,22.0,19.974874010034487
1995-08-19 16:38:00,15.0,23.01465753205136
1995-08-19 16:39:00,42.0,21.176401624018265
1995-08-19 16:40:00,19.0,29.313716646409375
1995-08-19 16:41:00,24.0,24.24167180930746
1995-08-19 16:42:00,9.0,27.631057310035803
1995-08-19 16:43:00,25.0,20.375209471276445
1995-08-19 16:44:00,23.0,24.870204822616714
1995-08-19 16:45:00,34.0,25.849119213945766
1995-08-19 16:46:00,17.0,26.33270174703048
1995-08-19 16:47:00,17.0,22.02903091712189
1995-08-19 16:48:00,36.0,22.688104042097944
1995-08-19 16:49:00,43.0,29.381897252492916
1995-08-19 16:50:00,31.0,30.910868988304046
1995-08-19 16:51:00,39.0,29.56471544037335
1995-08-19 16:52:00,30.0,31.747366040959395
1995-08-19 16:53:00,33.0,29.318941415154043
1995-08-19 16:54:00,41.0,30.95585468505336
1995-08-19 16:55:00,41.0,33.73945773544327
1995-08-19 16:56:00,29.0,34.365475439499
1995-08-19 16:57:00,38.0,30.60571480761866
1995-08-19 16:58:00,20.0,33.16784486238386
1995-08-19 16:59:00,31.0,28.51732584945264
1995-08-19 17:00:00,26.0,29.589262971622905
1995-08-19 17:01:00,25.0,28.10078512627268
1995-08-19 17:02:00,29.0,27.501514740992004
1995-08-19 17:03:00,32.0,28.360225084543366
1995-08-19 17:04:00,29.0,30.195713220336884
1995-08-19 17:05:00,30.0,29.697974693783227
1995-08-19 17:06:00,24.0,27.810220603872395
1995-08-19 17:07:00,28.0,28.976899875348415
1995-08-19 17:08:00,27.0,29.059678505187108
1995-08-19 17:09:00,11.0,27.836453816924337
1995-08-19 17:10:00,31.0,22.742202314652367
1995-08-19 17:11:00,26.0,28.287959969323047
1995-08-19 17:12:00,39.0,29.33486919653668
1995-08-19 17:13:00,24.0,31.603119422331876
1995-08-19 17:14:00,45.0,29.20059965499938
1995-08-19 17:15:00,27.0,35.276976589444935
1995-08-19 17:16:00,26.0,31.647584031975683
1995-08-19 17:17:00,10.0,28.415154247344198
1995-08-19 17:18:00,30.0,25.108133360984393
1995-08-19 17:19:00,26.0,29.885917668219996
1995-08-19 17:20:00,39.0,27.416642367620483
1995-08-19 17:21:00,26.0,32.533237461926504
1995-08-19 17:22:00,35.0,29.01581008100632
1995-08-19 17:23:00,16.0,31.048683775317524
1995-08-19 17:24:00,14.0,26.894404089005423
1995-08-19 17:25:00,18.0,24.976977131177872
1995-08-19 17:26:00,18.0,24.57945780197872
1995-08-19 17:27:00,55.0,23.86412222672585
1995-08-19 17:28:00,62.0,32.1414355215191
1995-08-19 17:29:00,35.0,37.92194337052769
1995-08-19 17:30:00,31.0,33.77456223981012
1995-08-19 17:31:00,23.0,33.55224234055629
1995-08-19 17:32:00,15.0,29.79243967299462
1995-08-19 17:33:00,27.0,26.365250043694633
1995-08-19 17:34:00,23.0,29.541789320520344
1995-08-19 17:35:00,22.0,28.768566812967403
1995-08-19 17:36:00,38.0,25.827901625013084
1995-08-19 17:37:00,21.0,30.74002554920099
1995-08-19 17:38:00,13.0,27.135529003471753
1995-08-19 17:39:00,8.0,23.797866436896197
1995-08-19 17:40:00,36.0,19.200653440174023
1995-08-19 17:41:00,19.0,29.429067651330726
1995-08-19 17:42:00,18.0,24.227862537042746
1995-08-19 17:43:00,23.0,22.99799878851318
1995-08-19 17:44:00,31.0,24.490965677708672
1995-08-19 17:45:00,37.0,26.54156762727728
1995-08-19 17:46:00,38.0,30.231882611174107
1995-08-19 17:47:00,46.0,31.13432380990588
1995-08-19 17:48:00,30.0,32.41485140893759
1995-08-19 17:49:00,17.0,32.139195945349584
1995-08-19 17:50:00,24.0,26.345381909634238
1995-08-19 17:51:00,44.0,29.07884215363085
1995-08-19 17:52:00,39.0,31.61795619796618
1995-08-19 17:53:00,22.0,32.20631901759282
1995-08-19 17:54:00,12.0,27.106873395905886
1995-08-19 17:55:00,20.0,21.395069960047305
1995-08-19 17:56:00,27.0,25.463068701185204
1995-08-19 17:57:00,24.0,27.543875396733366
1995-08-19 17:58:00,17.0,28.45659900380494
1995-08-19 17:59:00,31.0,23.95125381083654
1995-08-19 18:00:00,31.0,29.063766572547763
1995-08-19 18:01:00,16.0,28.445506368702123
1995-08-19 18:02:00,9.0,23.83815662076793
1995-08-19 18:03:00,11.0,19.900194212125932
1995-08-19 18:04:00,30.0,20.181117364396275
1995-08-19 18:05:00,28.0,24.64740126685175
1995-08-19 18:06:00,13.0,25.76025700932622
1995-08-19 18:07:00,32.0,21.11600977631192
1995-08-19 18:08:00,8.0,25.93072921103007
1995-08-19 18:09:00,19.0,19.42292441324473
1995-08-19 18:10:00,22.0,21.135907659717127
1995-08-19 18:11:00,23.0,21.431856193959977
1995-08-19 18:12:00,28.0,22.14490686076687
1995-08-19 18:13:00,34.0,24.901059600944503
1995-08-19 18:14:00,31.0,26.797884188361337
1995-08-19 18:15:00,29.0,26.96557020067731
1995-08-19 18:16:00,16.0,26.82515522128927
1995-08-19 18:17:00,29.0,23.483837378241024
1995-08-19 18:18:00,15.0,25.77086314807994
1995-08-19 18:19:00,11.0,21.730891353921635
1995-08-19 18:20:00,30.0,19.459854763426605
1995-08-19 18:21:00,41.0,24.8432395244051
1995-08-19 18:22:00,53.0,28.49261813989819
1995-08-19 18:23:00,14.0,33.47465185403169
1995-08-19 18:24:00,33.0,23.774549463022563
1995-08-19 18:25:00,47.0,27.818097077034565
1995-08-19 18:26:00,32.0,31.751533757199628
1995-08-19 18:27:00,29.0,29.308477239931545
1995-08-19 18:28:00,25.0,29.414478159535125
1995-08-19 18:29:00,37.0,27.508473154627165
1995-08-19 18:30:00,45.0,32.3745661135861
1995-08-19 18:31:00,33.0,33.64661713393364
1995-08-19 18:32:00,25.0,31.793490543524566
1995-08-19 18:33:00,23.0,27.460455467686526
1995-08-19 18:34:00,16.0,25.846236078966967
1995-08-19 18:35:00,13.0,24.862407235202095
1995-08-19 18:36:00,17.0,21.674610953016803
1995-08-19 18:37:00,23.0,24.414089945998857
1995-08-19 18:38:00,14.0,23.989956957489763
1995-08-19 18:39:00,16.0,20.715507407607525
1995-08-19 18:40:00,14.0,21.647719624214783
1995-08-19 18:41:00,16.0,20.43601509548358
1995-08-19 18:42:00,19.0,21.841180141425795
1995-08-19 18:43:00,16.0,22.938834918273905
1995-08-19 18:44:00,29.0,21.05620865507423
1995-08-19 18:45:00,17.0,26.18738273652338
1995-08-19 18:46:00,13.0,22.60765575456322
1995-08-19 18:47:00,14.0,19.117141617055577
1995-08-19 18:48:00,5.0,19.993990325083832
1995-08-19 18:49:00,10.0,14.951808336208504
1995-08-19 18:50:00,15.0,17.133593566637597
1995-08-19 18:51:00,31.0,17.839571290758734
1995-08-19 18:52:00,20.0,24.16691479611817
1995-08-19 18:53:00,8.0,19.039909483146918
1995-08-19 18:54:00,7.0,17.839858444703268
1995-08-19 18:55:00,17.0,15.820499916565263
1995-08-19 18:56:00,9.0,17.971755837173003
1995-08-19 18:57:00,20.0,15.93960208411482
1995-08-19 18:58:00,22.0,18.74805017669929
1995-08-19 18:59:00,25.0,20.692645991883886
1995-08-19 19:00:00,33.0,22.255021859883254
1995-08-19 19:01:00,16.0,23.459512166105267
1995-08-19 19:02:00,11.0,21.17973654911507
1995-08-19 19:03:00,22.0,18.971470973178175
1995-08-19 19:04:00,24.0,21.07569281131892
1995-08-19 19:05:00,28.0,21.1240058738657
1995-08-19 19:06:00,29.0,21.62403716421018
1995-08-19 19:07:00,27.0,22.96909801409023
1995-08-19 19:08:00,9.0,23.346268452656375
1995-08-19 19:09:00,16.0,18.722710149637297
1995-08-19 19:10:00,25.0,21.197889523043298
1995-08-19 19:11:00,56.0,23.770240406476876
1995-08-19 19:12:00,47.0,30.3291204240795
1995-08-19 19:13:00,40.0,32.29789213210139
1995-08-19 19:14:00,31.0,32.08881521874775
1995-08-19 19:15:00,31.0,30.726720611796136
1995-08-19 19:16:00,23.0,29.60419222901404
1995-08-19 19:17:00,12.0,28.280616379836083
1995-08-19 19:18:00,23.0,21.920331433041685
1995-08-19 19:19:00,6.0,25.161611533271714
1995-08-19 19:20:00,11.0,17.680477807654153
1995-08-19 19:21:00,15.0,18.655935871321333
1995-08-19 19:22:00,30.0,17.829095787712504
1995-08-19 19:23:00,13.0,25.49443960404136
1995-08-19 19:24:00,28.0,21.59081664009643
1995-08-19 19:25:00,9.0,25.18996202958097
1995-08-19 19:26:00,12.0,19.271754601669148
1995-08-19 19:27:00,21.0,17.78204859578976
1995-08-19 19:28:00,15.0,22.48760698514535
1995-08-19 19:29:00,38.0,18.58034748831181
1995-08-19 19:30:00,29.0,26.88923955819592
1995-08-19 19:31:00,34.0,24.587983418753844
1995-08-19 19:32:00,15.0,27.94195954091206
1995-08-19 19:33:00,41.0,23.945655459883106
1995-08-19 19:34:00,26.0,29.6353319492988
1995-08-19 19:35:00,40.0,25.45484945772348
1995-08-19 19:36:00,28.0,30.54608350288132
1995-08-19 19:37:00,18.0,29.807337794597924
1995-08-19 19:38:00,39.0,25.69222318825866
1995-08-19 19:39:00,24.0,30.83701314029541
1995-08-19 19:40:00,16.0,27.691458978905445
1995-08-19 19:41:00,22.0,23.55763387446415
1995-08-19 19:42:00,14.0,24.936461200516646
1995-08-19 19:43:00,12.0,21.764643865712035
1995-08-19 19:44:00,31.0,20.846307719416632
1995-08-19 19:45:00,12.0,25.02904869910495
1995-08-19 19:46:00,13.0,19.51498583038458
1995-08-19 19:47:00,13.0,17.865707589189896
1995-08-19 19:48:00,23.0,19.748502337219257
1995-08-19 19:49:00,11.0,22.187031377962057
1995-08-19 19:50:00,9.0,16.778114973183087
1995-08-19 19:51:00,3.0,15.2943286911027
1995-08-19 19:52:00,17.0,12.398529836091075
1995-08-19 19:53:00,18.0,16.79178929545268
1995-08-19 19:54:00,30.0,19.207613774893225
1995-08-19 19:55:00,29.0,23.35188765056123
1995-08-19 19:56:00,19.0,24.199899894593305
1995-08-19 19:57:00,46.0,21.364240719465368
1995-08-19 19:58:00,32.0,28.944976327101315
1995-08-19 19:59:00,37.0,27.732245925477436
1995-08-19 20:00:00,18.0,29.937728221591783
1995-08-19 20:01:00,5.0,22.933338482661288
1995-08-19 20:02:00,19.0,15.87660790896721
1995-08-19 20:03:00,39.0,21.693623060924782
1995-08-19 20:04:00,44.0,28.007404892478622
1995-08-19 20:05:00,25.0,30.524509998534405
1995-08-19 20:06:00,8.0,24.50267149049629
1995-08-19 20:07:00,24.0,18.81281512874456
1995-08-19 20:08:00,17.0,25.00197689819444
1995-08-19 20:09:00,27.0,22.422009737906
1995-08-19 20:10:00,11.0,25.902238922547685
1995-08-19 20:11:00,18.0,19.718969820424874
1995-08-19 20:12:00,26.0,20.814803421704173
1995-08-19 20:13:00,23.0,24.866540541370256
1995-08-19 20:14:00,23.0,24.177255314621583
1995-08-19 20:15:00,15.0,22.268811849237032
1995-08-19 20:16:00,15.0,21.588753728506433
1995-08-19 20:17:00,22.0,20.76100828993662
1995-08-19 20:18:00,41.0,23.434925346737778
1995-08-19 20:19:00,9.0,26.853116802133286
1995-08-19 20:20:00,28.0,20.383152426035934
1995-08-19 20:21:00,27.0,23.710188647164973
1995-08-19 20:22:00,23.0,25.656589155582456
1995-08-19 20:23:00,36.0,25.314096897897603
1995-08-19 20:24:00,43.0,28.81503858894102
1995-08-19 20:25:00,26.0,30.99685132944325
1995-08-19 20:26:00,52.0,28.6934690802056
1995-08-19 20:27:00,27.0,34.17602338594177
1995-08-19 20:28:00,21.0,30.30595426356494
1995-08-19 20:29:00,44.0,26.042374418058937
1995-08-19 20:30:00,52.0,32.23287311906683
1995-08-19 20:31:00,27.0,35.139206971212474
1995-08-19 20:32:00,50.0,29.68648109758191
1995-08-19 20:33:00,44.0,35.26271300979421
1995-08-19 20:34:00,36.0,37.00816830364774
1995-08-19 20:35:00,30.0,35.598186878368296
1995-08-19 20:36:00,24.0,32.13590469819816
1995-08-19 20:37:00,21.0,30.390274341329093
1995-08-19 20:38:00,8.0,29.222456476965878
1995-08-19 20:39:00,29.0,23.557232886026362
1995-08-19 20:40:00,42.0,27.03541098348516
1995-08-19 20:41:00,18.0,33.564562584989446
1995-08-19 20:42:00,36.0,26.354003782194077
1995-08-19 20:43:00,27.0,32.17403247244102
1995-08-19 20:44:00,19.0,29.05963459164237
1995-08-19 20:45:00,45.0,26.15931131880302
1995-08-19 20:46:00,18.0,34.68268416707591
1995-08-19 20:47:00,15.0,28.520089520932533
1995-08-19 20:48:00,14.0,24.808678160091738
1995-08-19 20:49:00,20.0,23.811368279960433
1995-08-19 20:50:00,21.0,25.446787261639496
1995-08-19 20:51:00,27.0,25.601568977206124
1995-08-19 20:52:00,22.0,27.433999178449696
1995-08-19 20:53:00,11.0,24.476725356167783
1995-08-19 20:54:00,9.0,21.185769742004254
1995-08-19 20:55:00,18.0,19.668981843539594
1995-08-19 20:56:00,14.0,21.72193535330167
1995-08-19 20:57:00,19.0,20.219740546818283
1995-08-19 20:58:00,7.0,20.60143951317652
1995-08-19 20:59:00,18.0,15.195303144020095
1995-08-19 21:00:00,11.0,19.64137713744482
1995-08-19 21:01:00,17.0,17.724998996373955
1995-08-19 21:02:00,18.0,17.09889940430956
1995-08-19 21:03:00,59.0,18.446664089774487
1995-08-19 21:04:00,27.0,31.80921068987283
1995-08-19 21:05:00,12.0,25.20005035898535
1995-08-19 21:06:00,33.0,19.88612794604732
1995-08-19 21:07:00,11.0,25.31708418319536
1995-08-19 21:08:00,21.0,18.08901681519139
1995-08-19 21:09:00,15.0,19.448036375534176
1995-08-19 21:10:00,17.0,19.562370582117342
1995-08-19 21:11:00,13.0,20.807455053548736
1995-08-19 21:12:00,25.0,19.454718667125906
1995-08-19 21:13:00,14.0,21.30392575031213
1995-08-19 21:14:00,13.0,20.694025534482183
1995-08-19 21:15:00,30.0,19.23543070204204
1995-08-19 21:16:00,58.0,22.114986191021295
1995-08-19 21:17:00,23.0,28.75110046295432
1995-08-19 21:18:00,51.0,25.496997077941508
1995-08-19 21:19:00,42.0,32.00668053509311
1995-08-19 21:20:00,31.0,32.223564731625906
1995-08-19 21:21:00,39.0,30.469583166523588
1995-08-19 21:22:00,32.0,32.42769117319953
1995-08-19 21:23:00,22.0,30.417363078948714
1995-08-19 21:24:00,9.0,23.338380779488404
1995-08-19 21:25:00,23.0,22.459624403437548
1995-08-19 21:26:00,33.0,24.497052210538044
1995-08-19 21:27:00,40.0,28.755003840237848
1995-08-19 21:28:00,29.0,31.199054123121396
1995-08-19 21:29:00,29.0,29.523415743712107
1995-08-19 21:30:00,27.0,27.83862723129921
1995-08-19 21:31:00,20.0,29.07250502851871
1995-08-19 21:32:00,31.0,27.258416738717898
1995-08-19 21:33:00,23.0,29.061354840002235
1995-08-19 21:34:00,23.0,26.77677648866249
1995-08-19 21:35:00,35.0,27.223592236327132
1995-08-19 21:36:00,21.0,28.03124866454165
1995-08-19 21:37:00,13.0,26.375683711633272
1995-08-19 21:38:00,15.0,20.328787515889857
1995-08-19 21:39:00,24.0,22.43292398478687
1995-08-19 21:40:00,17.0,26.194176282027243
1995-08-19 21:41:00,13.0,23.705733374355543
1995-08-19 21:42:00,20.0,21.64671563916277
1995-08-19 21:43:00,32.0,23.98444825778754
1995-08-19 21:44:00,27.0,26.250675687577317
1995-08-19 21:45:00,13.0,26.151683323548486
1995-08-19 21:46:00,20.0,21.037503917136434
1995-08-19 21:47:00,19.0,21.67093182106325
1995-08-19 21:48:00,33.0,23.002215291056523
1995-08-19 21:49:00,29.0,26.16788235740398
1995-08-19 21:50:00,31.0,26.27500709416312
1995-08-19 21:51:00,53.0,27.895640824572542
1995-08-19 21:52:00,33.0,33.09904306950643
1995-08-19 21:53:00,42.0,31.305022375016772
1995-08-19 21:54:00,33.0,32.51186693180038
1995-08-19 21:55:00,17.0,30.14679580094394
1995-08-19 21:56:00,13.0,25.055478807877652
1995-08-19 21:57:00,16.0,24.12745717959225
1995-08-19 21:58:00,24.0,23.783089311702085
1995-08-19 21:59:00,31.0,25.339007220747263
1995-08-19 22:00:00,46.0,28.44977542680199
1995-08-19 22:01:00,25.0,31.70250343696368
1995-08-19 22:02:00,17.0,28.40642895717349
1995-08-19 22:03:00,20.0,23.584994345163484
1995-08-19 22:04:00,49.0,24.723796864355723
1995-08-19 22:05:00,17.0,31.939069312175175
1995-08-19 22:06:00,30.0,25.36556428906875
1995-08-19 22:07:00,21.0,27.337218786485636
1995-08-19 22:08:00,11.0,24.375338166064864
1995-08-19 22:09:00,28.0,21.700111903934104
1995-08-19 22:10:00,35.0,25.92603050480783
1995-08-19 22:11:00,18.0,29.09000382630798
1995-08-19 22:12:00,29.0,23.381516503148646
1995-08-19 22:13:00,27.0,28.81349604753843
1995-08-19 22:14:00,56.0,28.026616496517118
1995-08-19 22:15:00,33.0,34.14351285210944
1995-08-19 22:16:00,18.0,31.409897046374727
1995-08-19 22:17:00,41.0,27.811405415873104
1995-08-19 22:18:00,35.0,33.69436677193525
1995-08-19 22:19:00,46.0,32.057105187424284
1995-08-19 22:20:00,28.0,35.90260787000196
1995-08-19 22:21:00,22.0,31.194701173755647
1995-08-19 22:22:00,20.0,28.160482072241642
1995-08-19 22:23:00,13.0,28.341093819991375
1995-08-19 22:24:00,50.0,22.670514264249963
1995-08-19 22:25:00,35.0,33.311460128298776
1995-08-19 22:26:00,23.0,31.00668278505455
1995-08-19 22:27:00,33.0,28.912499277266
1995-08-19 22:28:00,15.0,31.35995756051299
1995-08-19 22:29:00,11.0,24.95189858406756
1995-08-19 22:30:00,13.0,22.778750840581957
1995-08-19 22:31:00,13.0,22.51662108685343
1995-08-19 22:32:00,33.0,20.236989742705294
1995-08-19 22:33:00,42.0,26.874679882900416
1995-08-19 22:34:00,17.0,30.833195053944983
1995-08-19 22:35:00,13.0,25.151466811249392
1995-08-19 22:36:00,19.0,20.60968499350559
1995-08-19 22:37:00,20.0,22.73401616539058
1995-08-19 22:38:00,31.0,23.46447310234335
1995-08-19 22:39:00,16.0,27.55208359143275
1995-08-19 22:40:00,12.0,22.119514745679492
1995-08-19 22:41:00,32.0,19.609124970633847
1995-08-19 22:42:00,19.0,25.218983784918073
1995-08-19 22:43:00,22.0,22.551486316537925
1995-08-19 22:44:00,19.0,24.306013191101883
1995-08-19 22:45:00,19.0,22.649183390334567
1995-08-19 22:46:00,29.0,23.443544934049115
1995-08-19 22:47:00,17.0,25.592772565525685
1995-08-19 22:48:00,23.0,21.13238991678996
1995-08-19 22:49:00,11.0,24.310849694565626
1995-08-19 22:50:00,24.0,19.085352141092315
1995-08-19 22:51:00,21.0,21.89097723033677
1995-08-19 22:52:00,14.0,23.969105636532024
1995-08-19 22:53:00,14.0,21.48186838801842
1995-08-19 22:54:00,24.0,19.89109600564491
1995-08-19 22:55:00,28.0,22.935074901905818
1995-08-19 22:56:00,44.0,23.537509528982902
1995-08-19 22:57:00,25.0,29.19906403499
1995-08-19 22:58:00,27.0,25.3468888848778
1995-08-19 22:59:00,56.0,24.18287005697971
1995-08-19 23:00:00,36.0,31.38824931089979
1995-08-19 23:01:00,28.0,32.84460055461581
1995-08-19 23:02:00,27.0,29.88941524863327
1995-08-19 23:03:00,48.0,29.561542265918344
1995-08-19 23:04:00,27.0,33.97391864955687
1995-08-19 23:05:00,28.0,29.209611480006735
1995-08-19 23:06:00,17.0,28.880074026257354
1995-08-19 23:07:00,18.0,23.505967256070058
1995-08-19 23:08:00,16.0,24.84223903837661
1995-08-19 23:09:00,13.0,23.812489104870565
1995-08-19 23:10:00,20.0,22.430864119089733
1995-08-19 23:11:00,28.0,22.953684210883573
1995-08-19 23:12:00,37.0,26.145544962028602
1995-08-19 23:13:00,23.0,29.10869870956092
1995-08-19 23:14:00,37.0,27.28674127555554
1995-08-19 23:15:00,33.0,30.681663503886362
1995-08-19 23:16:00,35.0,29.816374772295667
1995-08-19 23:17:00,16.0,31.795353599965228
1995-08-19 23:18:00,36.0,26.49770073428392
1995-08-19 23:19:00,27.0,31.11889882477009
1995-08-19 23:20:00,31.0,29.281332200688322
1995-08-19 23:21:00,24.0,29.304367358028987
1995-08-19 23:22:00,38.0,28.33686229255298
1995-08-19 23:23:00,52.0,32.2513657928672
1995-08-19 23:24:00,41.0,36.68972948749771
1995-08-19 23:25:00,32.0,35.02418078754197
1995-08-19 23:26:00,51.0,33.30341498723929
1995-08-19 23:27:00,50.0,38.95943672832971
1995-08-19 23:28:00,32.0,40.041870570535885
1995-08-19 23:29:00,41.0,34.306317163262705
1995-08-19 23:30:00,34.0,36.25907644524666
1995-08-19 23:31:00,40.0,34.99228930640755
1995-08-19 23:32:00,26.0,35.815193238568504
1995-08-19 23:33:00,27.0,32.46329973298128
1995-08-19 23:34:00,14.0,32.72250673826513
1995-08-19 23:35:00,29.0,27.82286262577983
1995-08-19 23:36:00,12.0,28.566547012376493
1995-08-19 23:37:00,16.0,25.07905646599154
1995-08-19 23:38:00,11.0,25.53944339331215
1995-08-19 23:39:00,17.0,22.66598363325281
1995-08-19 23:40:00,23.0,24.92333677148054
1995-08-19 23:41:00,20.0,26.716475292824594
1995-08-19 23:42:00,25.0,25.235583539793243
1995-08-19 23:43:00,32.0,25.694392849629256
1995-08-19 23:44:00,32.0,28.531321596965352
1995-08-19 23:45:00,25.0,30.84967152428114
1995-08-19 23:46:00,24.0,27.538479285518687
1995-08-19 23:47:00,18.0,28.626984252798014
1995-08-19 23:48:00,16.0,26.714907418216786
1995-08-19 23:49:00,11.0,23.840743583257822
1995-08-19 23:50:00,15.0,20.868855157788527
1995-08-19 23:51:00,19.0,21.419024434470757
1995-08-19 23:52:00,19.0,22.123351811356205
1995-08-19 23:53:00,18.0,22.770939869961598
1995-08-19 23:54:00,13.0,22.21944587003338
1995-08-19 23:55:00,30.0,18.335191670108436
1995-08-19 23:56:00,20.0,24.803431439989588
1995-08-19 23:57:00,15.0,23.79020033065811
1995-08-19 23:58:00,29.0,20.415858007733878
1995-08-19 23:59:00,23.0,25.272726611388947
1995-08-20 00:00:00,27.0,21.866483033604766
1995-08-20 00:01:00,39.0,22.40540910868941
1995-08-20 00:02:00,12.0,27.569638773493622
1995-08-20 00:03:00,31.0,18.534939315026037
1995-08-20 00:04:00,21.0,23.24563942957062
1995-08-20 00:05:00,18.0,21.04318728114151
1995-08-20 00:06:00,34.0,20.674306082890016
1995-08-20 00:07:00,30.0,26.304037482910655
1995-08-20 00:08:00,30.0,25.371306613681153
1995-08-20 00:09:00,17.0,26.215849113757
1995-08-20 00:10:00,59.0,21.836551389327763
1995-08-20 00:11:00,22.0,33.858159128703626
1995-08-20 00:12:00,26.0,25.602875369040333
1995-08-20 00:13:00,19.0,26.619740998898735
1995-08-20 00:14:00,23.0,23.97154686481933
1995-08-20 00:15:00,38.0,23.205513860749477
1995-08-20 00:16:00,16.0,29.231087689174025
1995-08-20 00:17:00,11.0,20.933369621950824
1995-08-20 00:18:00,28.0,19.057456077341485
1995-08-20 00:19:00,35.0,23.135691532316088
1995-08-20 00:20:00,32.0,29.391129174334285
1995-08-20 00:21:00,18.0,27.0120793742325
1995-08-20 00:22:00,22.0,21.27709745218191
1995-08-20 00:23:00,39.0,23.869410196732883
1995-08-20 00:24:00,49.0,29.51219032847927
1995-08-20 00:25:00,29.0,32.235693613636876
1995-08-20 00:26:00,38.0,29.450393778516386
1995-08-20 00:27:00,29.0,30.93672138033103
1995-08-20 00:28:00,38.0,28.814638228948557
1995-08-20 00:29:00,19.0,32.43999495507685
1995-08-20 00:30:00,42.0,26.954906360284628
1995-08-20 00:31:00,29.0,32.51000701122276
1995-08-20 00:32:00,26.0,30.476477305062502
1995-08-20 00:33:00,19.0,26.947584338822473
1995-08-20 00:34:00,26.0,26.008599260099537
1995-08-20 00:35:00,29.0,26.455075625125122
1995-08-20 00:36:00,36.0,27.578206410984656
1995-08-20 00:37:00,37.0,28.93969368614685
1995-08-20 00:38:00,30.0,29.72011588890439
1995-08-20 00:39:00,26.0,29.62099264127628
1995-08-20 00:40:00,26.0,27.728368195901687
1995-08-20 00:41:00,29.0,27.13913930270314
1995-08-20 00:42:00,22.0,28.292290175817858
1995-08-20 00:43:00,26.0,25.25196712477866
1995-08-20 00:44:00,31.0,26.677495297702745
1995-08-20 00:45:00,22.0,29.854031327744774
1995-08-20 00:46:00,27.0,25.249652708695145
1995-08-20 00:47:00,32.0,26.738086484180226
1995-08-20 00:48:00,29.0,28.74035887518264
1995-08-20 00:49:00,15.0,28.405750544214808
1995-08-20 00:50:00,10.0,23.919060720078246
1995-08-20 00:51:00,26.0,21.51008425283469
1995-08-20 00:52:00,39.0,26.43405936027593
1995-08-20 00:53:00,31.0,31.167872197429645
1995-08-20 00:54:00,30.0,29.205394924450694
1995-08-20 00:55:00,23.0,27.170302239267897
1995-08-20 00:56:00,33.0,29.041876406969582
1995-08-20 00:57:00,14.0,29.5435884980732
1995-08-20 00:58:00,29.0,22.270032737237493
1995-08-20 00:59:00,21.0,26.28599486401766
1995-08-20 01:00:00,28.0,24.48434300646979
1995-08-20 01:01:00,28.0,26.539838401794746
1995-08-20 01:02:00,7.0,26.747276741896144
1995-08-20 01:03:00,29.0,18.338409809350892
1995-08-20 01:04:00,14.0,25.80433893832424
1995-08-20 01:05:00,29.0,20.40192258913635
1995-08-20 01:06:00,27.0,25.321230004363358
1995-08-20 01:07:00,16.0,27.1073735026779
1995-08-20 01:08:00,41.0,21.794835026948988
1995-08-20 01:09:00,19.0,30.701514502793728
1995-08-20 01:10:00,13.0,22.202646706278305
1995-08-20 01:11:00,16.0,19.999765909408275
1995-08-20 01:12:00,28.0,21.0389902433094
1995-08-20 01:13:00,25.0,23.959558004918915
1995-08-20 01:14:00,14.0,25.422815126090278
1995-08-20 01:15:00,38.0,19.11840014385457
1995-08-20 01:16:00,19.0,27.035150571037732
1995-08-20 01:17:00,30.0,22.005803292958205
1995-08-20 01:18:00,41.0,26.339697179870758
1995-08-20 01:19:00,43.0,29.936744389305982
1995-08-20 01:20:00,29.0,31.07728082018918
1995-08-20 01:21:00,26.0,28.25261000488494
1995-08-20 01:22:00,22.0,26.708281252287293
1995-08-20 01:23:00,33.0,25.87836809848762
1995-08-20 01:24:00,24.0,28.653280970127458
1995-08-20 01:25:00,16.0,26.855224250029384
1995-08-20 01:26:00,37.0,22.487293945423037
1995-08-20 01:27:00,28.0,29.820903351325153
1995-08-20 01:28:00,22.0,26.075435502231663
1995-08-20 01:29:00,25.0,24.475194940797966
1995-08-20 01:30:00,24.0,23.54305178771459
1995-08-20 01:31:00,16.0,25.689922357042303
1995-08-20 01:32:00,13.0,21.157744448810927
1995-08-20 01:33:00,20.0,20.466156757611227
1995-08-20 01:34:00,24.0,22.026036672777458
1995-08-20 01:35:00,37.0,23.875399013393256
1995-08-20 01:36:00,21.0,27.13752960028705
1995-08-20 01:37:00,22.0,24.163551469280403
1995-08-20 01:38:00,20.0,25.048963953786565
1995-08-20 01:39:00,7.0,23.35953021667855
1995-08-20 01:40:00,4.0,18.098663739922394
1995-08-20 01:41:00,10.0,15.6947526273009
1995-08-20 01:42:00,21.0,15.659910074057123
1995-08-20 01:43:00,19.0,19.75486460033027
1995-08-20 01:44:00,13.0,19.546842488587792
1995-08-20 01:45:00,29.0,16.79230402928869
1995-08-20 01:46:00,26.0,21.943063713562527
1995-08-20 01:47:00,25.0,22.40993036373162
1995-08-20 01:48:00,12.0,23.4849823670324
1995-08-20 01:49:00,12.0,17.487734373650053
1995-08-20 01:50:00,26.0,15.875453211633243
1995-08-20 01:51:00,14.0,21.757312536521834
1995-08-20 01:52:00,23.0,17.605531389955637
1995-08-20 01:53:00,17.0,22.875272294848834
1995-08-20 01:54:00,22.0,18.89273474048408
1995-08-20 01:55:00,28.0,19.41307370386031
1995-08-20 01:56:00,11.0,21.646291030134762
1995-08-20 01:57:00,19.0,16.79235421986152
1995-08-20 01:58:00,31.0,20.307834860091447
1995-08-20 01:59:00,15.0,22.123527325855644
1995-08-20 02:00:00,14.0,20.762785929946716
1995-08-20 02:01:00,8.0,18.83809098543969
1995-08-20 02:02:00,9.0,16.18195489770794
1995-08-20 02:03:00,25.0,15.290264188606567
1995-08-20 02:04:00,14.0,18.581709714406525
1995-08-20 02:05:00,12.0,16.285268335984014
1995-08-20 02:06:00,15.0,14.865444299907072
1995-08-20 02:07:00,10.0,14.09769124941444
1995-08-20 02:08:00,18.0,14.388843153886782
1995-08-20 02:09:00,10.0,16.72063894512524
1995-08-20 02:10:00,9.0,15.323608691540706
1995-08-20 02:11:00,6.0,14.148693579582062
1995-08-20 02:12:00,12.0,11.931327978881205
1995-08-20 02:13:00,8.0,15.830430267253135
1995-08-20 02:14:00,19.0,11.918700369572962
1995-08-20 02:15:00,12.0,16.433448536781153
1995-08-20 02:16:00,28.0,14.535110046214017
1995-08-20 02:17:00,10.0,19.267445314373035
1995-08-20 02:18:00,9.0,14.64017160793501
1995-08-20 02:19:00,11.0,11.968665469886613
1995-08-20 02:20:00,20.0,13.506431615152202
1995-08-20 02:21:00,12.0,16.245001389048
1995-08-20 02:22:00,13.0,13.886543017835255
1995-08-20 02:23:00,12.0,13.980952310444486
1995-08-20 02:24:00,15.0,13.995882320500892
1995-08-20 02:25:00,20.0,14.45622530083247
1995-08-20 02:26:00,15.0,16.32271282519353
1995-08-20 02:27:00,16.0,15.016357718515671
1995-08-20 02:28:00,13.0,15.55692802435223
1995-08-20 02:29:00,7.0,15.900086306127735
1995-08-20 02:30:00,5.0,12.583674791282109
1995-08-20 02:31:00,27.0,10.586199100077495
1995-08-20 02:32:00,12.0,17.886286753301704
1995-08-20 02:33:00,6.0,14.244630548276122
1995-08-20 02:34:00,26.0,11.303903802720447
1995-08-20 02:35:00,17.0,17.437857616214966
1995-08-20 02:36:00,18.0,15.347794507880193
1995-08-20 02:37:00,9.0,16.476285131051416
1995-08-20 02:38:00,23.0,14.453097684739381
1995-08-20 02:39:00,26.0,17.122927718920987
1995-08-20 02:40:00,17.0,19.230295337457008
1995-08-20 02:41:00,9.0,16.43883755487046
1995-08-20 02:42:00,12.0,14.804650510710472
1995-08-20 02:43:00,11.0,15.380642570162113
1995-08-20 02:44:00,12.0,15.438181888833512
1995-08-20 02:45:00,12.0,13.488763323422624
1995-08-20 02:46:00,18.0,12.79922779398482
1995-08-20 02:47:00,17.0,14.64306221826167
1995-08-20 02:48:00,9.0,15.766303736885568
1995-08-20 02:49:00,4.0,13.750448245573759
1995-08-20 02:50:00,12.0,11.352305698734051
1995-08-20 02:51:00,15.0,12.464144306286151
1995-08-20 02:52:00,5.0,14.271076154076837
1995-08-20 02:53:00,23.0,10.93892146474458
1995-08-20 02:54:00,6.0,16.862914613754633
1995-08-20 02:55:00,17.0,11.589171392455174
1995-08-20 02:56:00,24.0,14.051464129630137
1995-08-20 02:57:00,23.0,18.021971962834108
1995-08-20 02:58:00,15.0,17.718838225492494
1995-08-20 02:59:00,7.0,16.19238297317084
1995-08-20 03:00:00,6.0,12.311750268213009
1995-08-20 03:01:00,10.0,11.489159574140295
1995-08-20 03:02:00,26.0,12.873389086685668
1995-08-20 03:03:00,25.0,17.31005056565011
1995-08-20 03:04:00,25.0,18.297976656510297
1995-08-20 03:05:00,20.0,19.37445325099163
1995-08-20 03:06:00,12.0,18.441001748978724
1995-08-20 03:07:00,23.0,15.50775926040635
1995-08-20 03:08:00,11.0,16.791101893244594
1995-08-20 03:09:00,19.0,14.875794676826233
1995-08-20 03:10:00,16.0,17.528161539912958
1995-08-20 03:11:00,10.0,17.307562033966533
1995-08-20 03:12:00,7.0,13.924550519762395
1995-08-20 03:13:00,17.0,12.614189064792146
1995-08-20 03:14:00,18.0,16.10560201302648
1995-08-20 03:15:00,12.0,15.250239642313781
1995-08-20 03:16:00,1.0,13.879844645863892
1995-08-20 03:17:00,10.0,8.739106488151412
1995-08-20 03:18:00,4.0,13.332997666440574
1995-08-20 03:19:00,1.0,10.519687716483329
1995-08-20 03:20:00,7.0,8.712903280609623
1995-08-20 03:21:00,23.0,11.440754247228154
1995-08-20 03:22:00,5.0,16.532422525529114
1995-08-20 03:23:00,13.0,11.50543929250132
1995-08-20 03:24:00,13.0,14.41681227177338
1995-08-20 03:25:00,8.0,13.702982788919396
1995-08-20 03:26:00,35.0,11.813460870460585
1995-08-20 03:27:00,23.0,19.803685067498357
1995-08-20 03:28:00,19.0,19.3455602614164
1995-08-20 03:29:00,17.0,17.083193642268757
1995-08-20 03:30:00,31.0,15.73864400830536
1995-08-20 03:31:00,19.0,21.438404616760558
1995-08-20 03:32:00,19.0,17.71156165067111
1995-08-20 03:33:00,7.0,17.570289767597362
1995-08-20 03:34:00,10.0,13.310616287323864
1995-08-20 03:35:00,9.0,15.300117311995415
1995-08-20 03:36:00,20.0,14.907761270613978
1995-08-20 03:37:00,13.0,16.49733429393761
1995-08-20 03:38:00,21.0,15.924518946415981
1995-08-20 03:39:00,15.0,17.709615507293613
1995-08-20 03:40:00,6.0,15.308658304020796
1995-08-20 03:41:00,16.0,11.943437047675479
1995-08-20 03:42:00,25.0,14.487454549294764
1995-08-20 03:43:00,27.0,19.221425177766633
1995-08-20 03:44:00,15.0,19.53917715445289
1995-08-20 03:45:00,18.0,15.215418802595945
1995-08-20 03:46:00,14.0,15.937880633252755
1995-08-20 03:47:00,11.0,15.844440511144732
1995-08-20 03:48:00,9.0,14.664832356627063
1995-08-20 03:49:00,21.0,13.86206500681472
1995-08-20 03:50:00,9.0,15.765748950747957
1995-08-20 03:51:00,24.0,14.43787269968858
1995-08-20 03:52:00,18.0,19.518773593645836
1995-08-20 03:53:00,24.0,17.056968578376733
1995-08-20 03:54:00,17.0,19.475559699855616
1995-08-20 03:55:00,17.0,18.64888616860392
1995-08-20 03:56:00,10.0,16.175521762950428
1995-08-20 03:57:00,8.0,14.291764804582021
1995-08-20 03:58:00,14.0,13.187435492205761
1995-08-20 03:59:00,19.0,15.9189029210522
1995-08-20 04:00:00,7.0,17.40653692565114
1995-08-20 04:01:00,30.0,12.091353008995466
1995-08-20 04:02:00,27.0,19.867471196950135
1995-08-20 04:03:00,30.0,20.575400306865994
1995-08-20 04:04:00,17.0,21.320447392810173
1995-08-20 04:05:00,14.0,18.074043638822282
1995-08-20 04:06:00,11.0,17.043980400711103
1995-08-20 04:07:00,5.0,15.54097550734565
1995-08-20 04:08:00,5.0,12.309576118120146
1995-08-20 04:09:00,2.0,11.282321873777434
1995-08-20 04:10:00,3.0,9.885414807896424
1995-08-20 04:11:00,8.0,9.049025435818466
1995-08-20 04:12:00,10.0,10.063769745330248
1995-08-20 04:13:00,0.0,12.839316541654163
1995-08-20 04:18:00,11.0,19.300861126034007
1995-08-20 04:20:00,16.0,13.325054438182718
1995-08-20 04:21:00,13.0,14.623450804098159
1995-08-20 04:22:00,20.0,13.507606415381375
1995-08-20 04:23:00,8.0,16.012770457336146
1995-08-20 04:24:00,9.0,12.257268533571516
1995-08-20 04:25:00,3.0,13.20589770835816
1995-08-20 04:26:00,9.0,9.999944202195927
1995-08-20 04:27:00,9.0,13.02575913499848
1995-08-20 04:28:00,26.0,12.022915153919572
1995-08-20 04:30:00,3.0,20.70204007369603
1995-08-20 04:31:00,15.0,11.215858631409047
1995-08-20 04:32:00,12.0,15.057507640861681
1995-08-20 04:33:00,7.0,14.392653472610807
1995-08-20 04:34:00,14.0,11.92782337832122
1995-08-20 04:35:00,4.0,13.488673605352162
1995-08-20 04:36:00,4.0,10.633674894476313
1995-08-20 04:37:00,18.0,9.655693031434481
1995-08-20 04:38:00,18.0,14.728978436266415
1995-08-20 04:39:00,1.0,14.27727498415939
1995-08-20 04:40:00,1.0,8.653361859504935
1995-08-20 04:41:00,10.0,7.565834375302955
1995-08-20 04:42:00,8.0,11.303571920670356
1995-08-20 04:43:00,2.0,11.240704587564016
1995-08-20 04:44:00,11.0,8.962635324940482
1995-08-20 04:45:00,20.0,12.227411342279312
1995-08-20 04:46:00,22.0,14.501968787915757
1995-08-20 04:47:00,7.0,14.775801620013118
1995-08-20 04:48:00,17.0,10.538240389175243
1995-08-20 04:49:00,10.0,13.098123924549435
1995-08-20 04:50:00,16.0,11.886471588546248
1995-08-20 04:51:00,14.0,13.440286136322127
1995-08-20 04:52:00,7.0,14.787329107789072
1995-08-20 04:53:00,8.0,11.679038969612312
1995-08-20 04:54:00,7.0,11.903999821536347
1995-08-20 04:55:00,3.0,11.113112707026511
1995-08-20 04:56:00,18.0,9.562034215326918
1995-08-20 04:57:00,5.0,15.631472484101835
1995-08-20 04:58:00,17.0,10.366420972661547
1995-08-20 04:59:00,15.0,14.767247106947178
1995-08-20 05:00:00,7.0,14.065708882766812
1995-08-20 05:01:00,6.0,10.618439406466305
1995-08-20 05:02:00,0.0,10.694633917244149
1995-08-20 05:07:00,45.0,23.455346186844004
1995-08-20 05:09:00,8.0,17.17291472728638
1995-08-20 05:10:00,40.0,14.543340183541398
1995-08-20 05:11:00,1.0,20.226383253238538
1995-08-20 05:12:00,15.0,11.500781213705139
1995-08-20 05:13:00,2.0,15.439198298774329
1995-08-20 05:14:00,3.0,10.315800033649943
1995-08-20 05:15:00,3.0,10.833725597338331
1995-08-20 05:16:00,6.0,10.446069700021813
1995-08-20 05:17:00,6.0,9.541057077163869
1995-08-20 05:19:00,2.0,7.715535576378153
1995-08-20 05:20:00,5.0,8.312460805025939
1995-08-20 05:21:00,1.0,9.57819666838418
1995-08-20 05:22:00,12.0,7.187736105205474
1995-08-20 05:23:00,5.0,11.112537269307584
1995-08-20 05:24:00,7.0,8.624121169787415
1995-08-20 05:25:00,2.0,8.80685974812272
1995-08-20 05:26:00,13.0,7.460882321489704
1995-08-20 05:27:00,13.0,11.672803194419162
1995-08-20 05:28:00,3.0,12.475354204727504
1995-08-20 05:29:00,8.0,7.698317213815296
1995-08-20 05:30:00,6.0,10.753908706728799
1995-08-20 05:31:00,2.0,8.53785353512964
1995-08-20 05:32:00,3.0,7.55484206644287
1995-08-20 05:33:00,2.0,7.841756087511981
1995-08-20 05:34:00,6.0,6.7566751342793925
1995-08-20 05:35:00,15.0,8.847888410329272
1995-08-20 05:36:00,6.0,11.666745071081145
1995-08-20 05:37:00,8.0,9.185568901406311
1995-08-20 05:38:00,2.0,9.621556218165283
1995-08-20 05:39:00,2.0,7.546961289024934
1995-08-20 05:40:00,5.0,7.0582060614273745
1995-08-20 05:41:00,2.0,8.064360177535622
1995-08-20 05:42:00,10.0,7.080950223453822
1995-08-20 05:43:00,5.0,10.514823880435749
1995-08-20 05:44:00,6.0,7.9565066768683295
1995-08-20 05:45:00,13.0,8.421799881622606
1995-08-20 05:46:00,16.0,11.20683597287415
1995-08-20 05:47:00,17.0,13.168634865263325
1995-08-20 05:48:00,14.0,14.030131311034795
1995-08-20 05:49:00,2.0,13.673642038329524
1995-08-20 05:50:00,7.0,7.199256317670216
1995-08-20 05:51:00,15.0,9.249919109725738
1995-08-20 05:52:00,8.0,13.063292118447542
1995-08-20 05:53:00,13.0,10.987593746004114
1995-08-20 05:54:00,13.0,12.71027743846338
1995-08-20 05:55:00,15.0,12.227492907699844
1995-08-20 05:56:00,8.0,13.093453018084992
1995-08-20 05:57:00,16.0,11.057887953343533
1995-08-20 05:58:00,9.0,11.504742100622853
1995-08-20 05:59:00,5.0,11.71077290143467
1995-08-20 06:00:00,13.0,9.911154547685761
1995-08-20 06:01:00,4.0,12.093112263671024
1995-08-20 06:02:00,9.0,9.20849138597763
1995-08-20 06:03:00,4.0,11.378769692686973
1995-08-20 06:04:00,18.0,8.917350258399892
1995-08-20 06:05:00,5.0,14.473407650561754
1995-08-20 06:06:00,1.0,8.86874001614823
1995-08-20 06:07:00,3.0,6.455077605626825
1995-08-20 06:08:00,2.0,7.783444872920886
1995-08-20 06:09:00,1.0,6.857572798881201
1995-08-20 06:10:00,5.0,6.387289517404498
1995-08-20 06:11:00,13.0,9.385216489088862
1995-08-20 06:12:00,1.0,11.441143589012524
1995-08-20 06:13:00,5.0,7.119779427686245
1995-08-20 06:14:00,4.0,7.76799037685278
1995-08-20 06:15:00,5.0,7.456076178664708
1995-08-20 06:16:00,12.0,8.164900245667368
1995-08-20 06:17:00,11.0,10.341198194609744
1995-08-20 06:18:00,15.0,10.373430773709076
1995-08-20 06:19:00,15.0,12.073740125575059
1995-08-20 06:20:00,12.0,12.511645978476466
1995-08-20 06:21:00,16.0,11.537185714226865
1995-08-20 06:22:00,8.0,13.597123068581046
1995-08-20 06:23:00,17.0,11.022897119739318
1995-08-20 06:24:00,25.0,13.677817931672914
1995-08-20 06:25:00,21.0,18.313134739535435
1995-08-20 06:26:00,5.0,15.24360486092889
1995-08-20 06:27:00,3.0,11.154602598022848
1995-08-20 06:28:00,10.0,9.490599716266466
1995-08-20 06:29:00,15.0,12.373085958481825
1995-08-20 06:30:00,4.0,12.829664857641738
1995-08-20 06:31:00,5.0,9.824932515333538
1995-08-20 06:32:00,5.0,9.48666427336411
1995-08-20 06:33:00,5.0,9.233897604509199
1995-08-20 06:34:00,9.0,9.93689122487731
1995-08-20 06:35:00,5.0,11.197957732566328
1995-08-20 06:36:00,4.0,9.10913695641193
1995-08-20 06:37:00,13.0,8.743257532602712
1995-08-20 06:38:00,7.0,12.11465764788841
1995-08-20 06:39:00,19.0,10.003032687904016
1995-08-20 06:40:00,6.0,13.627233766064338
1995-08-20 06:41:00,12.0,10.391118199195432
1995-08-20 06:42:00,5.0,11.98465283774199
1995-08-20 06:43:00,5.0,9.640733772198018
1995-08-20 06:44:00,10.0,9.553198325908507
1995-08-20 06:45:00,7.0,11.001142756052092
1995-08-20 06:46:00,1.0,9.323077167473526
1995-08-20 06:47:00,9.0,7.280205658532192
1995-08-20 06:48:00,10.0,11.122591153550282
1995-08-20 06:49:00,2.0,11.492711321152626
1995-08-20 06:50:00,6.0,7.544866957139991
1995-08-20 06:51:00,9.0,9.262953246853822
1995-08-20 06:52:00,7.0,10.437338373804506
1995-08-20 06:53:00,6.0,8.925867770716016
1995-08-20 06:54:00,9.0,8.725393445435714
1995-08-20 06:55:00,12.0,10.002789417750705
1995-08-20 06:56:00,7.0,12.047924590018514
1995-08-20 06:57:00,17.0,9.198097689727492
1995-08-20 06:58:00,3.0,15.415276165477872
1995-08-20 06:59:00,11.0,8.579951276942204
1995-08-20 07:00:00,5.0,11.654407724039464
1995-08-20 07:01:00,12.0,8.197182563900217
1995-08-20 07:02:00,14.0,11.96373364101047
1995-08-20 07:03:00,12.0,13.2415115628564
1995-08-20 07:04:00,2.0,12.518551713385214
1995-08-20 07:05:00,12.0,7.697942851684905
1995-08-20 07:06:00,14.0,12.696649785432996
1995-08-20 07:07:00,6.0,13.818196014301378
1995-08-20 07:08:00,15.0,10.503929818581803
1995-08-20 07:09:00,8.0,14.348287133846169
1995-08-20 07:10:00,14.0,11.365870364688233
1995-08-20 07:11:00,15.0,13.47891779735408
1995-08-20 07:12:00,8.0,15.528334277495226
1995-08-20 07:13:00,14.0,12.53274348107796
1995-08-20 07:14:00,14.0,14.343356317534834
1995-08-20 07:15:00,8.0,13.211400158057172
1995-08-20 07:16:00,17.0,12.234243979896815
1995-08-20 07:17:00,17.0,13.47352964006663
1995-08-20 07:18:00,20.0,15.339661838131615
1995-08-20 07:19:00,35.0,18.17909125857
1995-08-20 07:20:00,12.0,23.1348411395849
1995-08-20 07:21:00,9.0,17.151170880985212
1995-08-20 07:22:00,9.0,13.205049197207648
1995-08-20 07:23:00,22.0,14.016455444234747
1995-08-20 07:24:00,11.0,16.69790974765568
1995-08-20 07:25:00,25.0,13.878232393942682
1995-08-20 07:26:00,21.0,17.782896249987004
1995-08-20 07:27:00,17.0,16.008108350320462
1995-08-20 07:28:00,12.0,16.46836507816048
1995-08-20 07:29:00,32.0,15.796364823830054
1995-08-20 07:30:00,10.0,21.53736608560427
1995-08-20 07:31:00,14.0,16.29285245564482
1995-08-20 07:32:00,15.0,17.831838483936256
1995-08-20 07:33:00,25.0,17.108364181054966
1995-08-20 07:34:00,8.0,19.596041918068213
1995-08-20 07:35:00,16.0,14.701887368333447
1995-08-20 07:36:00,17.0,17.00722244928397
1995-08-20 07:37:00,19.0,17.040212735553254
1995-08-20 07:38:00,16.0,18.859063951341835
1995-08-20 07:39:00,24.0,16.904252567048328
1995-08-20 07:40:00,19.0,20.42495806634469
1995-08-20 07:41:00,12.0,18.62125576054858
1995-08-20 07:42:00,17.0,15.925884490070446
1995-08-20 07:43:00,18.0,18.134772316348407
1995-08-20 07:44:00,15.0,17.87242925888198
1995-08-20 07:45:00,24.0,17.254377038371025
1995-08-20 07:46:00,10.0,20.10248828659569
1995-08-20 07:47:00,10.0,16.29690256991499
1995-08-20 07:48:00,9.0,15.93235587581188
1995-08-20 07:49:00,10.0,13.837922297953044
1995-08-20 07:50:00,6.0,14.212544689553008
1995-08-20 07:51:00,26.0,11.935551701106016
1995-08-20 07:52:00,7.0,20.46037227526192
1995-08-20 07:53:00,14.0,12.472122715738042
1995-08-20 07:54:00,10.0,16.593001586595538
1995-08-20 07:55:00,10.0,14.671011517081403
1995-08-20 07:56:00,3.0,14.005927684276545
1995-08-20 07:57:00,9.0,10.880851301444338
1995-08-20 07:58:00,13.0,12.209038839645698
1995-08-20 07:59:00,12.0,13.861168986401308
1995-08-20 08:00:00,16.0,13.159226550497491
1995-08-20 08:01:00,5.0,14.034557093186425
1995-08-20 08:02:00,13.0,10.447178301338818
1995-08-20 08:03:00,11.0,13.7909394760733
1995-08-20 08:04:00,13.0,13.74691068183856
1995-08-20 08:05:00,25.0,13.70912375341363
1995-08-20 08:06:00,19.0,19.448221622607566
1995-08-20 08:07:00,17.0,17.83068022956464
1995-08-20 08:08:00,17.0,16.93692757904273
1995-08-20 08:09:00,21.0,16.962168228418857
1995-08-20 08:10:00,18.0,17.036116735297185
1995-08-20 08:11:00,9.0,16.931386932328223
1995-08-20 08:12:00,10.0,14.785375839074524
1995-08-20 08:13:00,10.0,14.031914372070688
1995-08-20 08:14:00,4.0,13.539238308550027
1995-08-20 08:15:00,10.0,10.31243195112396
1995-08-20 08:16:00,7.0,12.774445035422426
1995-08-20 08:17:00,2.0,11.360713844299012
1995-08-20 08:18:00,12.0,9.363215559643193
1995-08-20 08:19:00,30.0,13.918899996548868
1995-08-20 08:20:00,17.0,18.74134141729754
1995-08-20 08:21:00,24.0,16.680506129161554
1995-08-20 08:22:00,11.0,19.94735145617112
1995-08-20 08:23:00,4.0,14.991337987273
1995-08-20 08:24:00,11.0,11.894519075998737
1995-08-20 08:25:00,9.0,14.903040587241927
1995-08-20 08:26:00,2.0,12.598899801315794
1995-08-20 08:27:00,20.0,9.023313786666714
1995-08-20 08:28:00,32.0,16.671785771099092
1995-08-20 08:29:00,13.0,21.943163308902037
1995-08-20 08:30:00,5.0,15.50927363216899
1995-08-20 08:31:00,11.0,12.181872128250129
1995-08-20 08:32:00,19.0,13.162635924748981
1995-08-20 08:33:00,9.0,17.142683601241316
1995-08-20 08:34:00,16.0,14.909472476806956
1995-08-20 08:35:00,13.0,16.117421765740726
1995-08-20 08:36:00,17.0,17.215380537377317
1995-08-20 08:37:00,7.0,15.334330937261294
1995-08-20 08:38:00,12.0,11.674056092213494
1995-08-20 08:39:00,15.0,13.313020061305464
1995-08-20 08:40:00,13.0,15.755416923991616
1995-08-20 08:41:00,10.0,15.803430210944136
1995-08-20 08:42:00,31.0,13.44131197168131
1995-08-20 08:43:00,9.0,21.29766913567814
1995-08-20 08:44:00,3.0,15.414869450703506
1995-08-20 08:45:00,9.0,11.602322873418013
1995-08-20 08:46:00,25.0,12.742622765225352
1995-08-20 08:47:00,27.0,18.7279188759721
1995-08-20 08:48:00,24.0,19.978173267128515
1995-08-20 08:49:00,18.0,20.294800392498054
1995-08-20 08:50:00,7.0,16.686233202640555
1995-08-20 08:51:00,15.0,13.375800337439012
1995-08-20 08:52:00,11.0,16.852603972655373
1995-08-20 08:53:00,19.0,14.916094260927308
1995-08-20 08:54:00,23.0,16.207081331299793
1995-08-20 08:55:00,21.0,19.592538126537338
1995-08-20 08:56:00,18.0,19.19815322912881
1995-08-20 08:57:00,20.0,17.95407088004447
1995-08-20 08:58:00,18.0,18.819837365642275
1995-08-20 08:59:00,4.0,18.44002311637653
1995-08-20 09:00:00,14.0,12.203921460022318
1995-08-20 09:01:00,15.0,16.758489975118344
1995-08-20 09:02:00,19.0,16.715665658112385
1995-08-20 09:03:00,18.0,16.8960948691906
1995-08-20 09:04:00,14.0,16.518969264945042
1995-08-20 09:05:00,9.0,16.15555414231459
1995-08-20 09:06:00,19.0,15.028483376655403
1995-08-20 09:07:00,18.0,17.65364003884209
1995-08-20 09:08:00,14.0,18.259660024457645
1995-08-20 09:09:00,8.0,18.713888506596632
1995-08-20 09:10:00,17.0,13.274822276691037
1995-08-20 09:11:00,29.0,16.60412515946034
1995-08-20 09:12:00,18.0,21.04382814621758
1995-08-20 09:13:00,14.0,19.02481028744903
1995-08-20 09:14:00,27.0,18.691503842609947
1995-08-20 09:15:00,33.0,22.117805123967482
1995-08-20 09:16:00,14.0,23.771487762639758
1995-08-20 09:17:00,11.0,20.581679209421115
1995-08-20 09:18:00,16.0,18.562090791654843
1995-08-20 09:19:00,5.0,18.222707418775368
1995-08-20 09:20:00,10.0,14.620417274013205
1995-08-20 09:21:00,24.0,16.374120874569993
1995-08-20 09:22:00,9.0,19.789112992577927
1995-08-20 09:23:00,21.0,14.585855323914307
1995-08-20 09:24:00,17.0,18.475380972673232
1995-08-20 09:25:00,42.0,17.597453217409345
1995-08-20 09:26:00,13.0,25.124458220434825
1995-08-20 09:27:00,17.0,19.530244881649725
1995-08-20 09:28:00,12.0,18.166399524069654
1995-08-20 09:29:00,17.0,17.223620359746185
1995-08-20 09:30:00,12.0,18.328945002491512
1995-08-20 09:31:00,22.0,16.990172647769377
1995-08-20 09:32:00,21.0,19.066977442636073
1995-08-20 09:33:00,19.0,19.27533123589594
1995-08-20 09:34:00,34.0,19.453859963825916
1995-08-20 09:35:00,32.0,23.592471840994268
1995-08-20 09:36:00,35.0,24.135779985111228
1995-08-20 09:37:00,33.0,26.546613683730957
1995-08-20 09:38:00,35.0,26.342197398071573
1995-08-20 09:39:00,21.0,29.56349793056713
1995-08-20 09:40:00,26.0,24.68247687635407
1995-08-20 09:41:00,20.0,25.458742400015126
1995-08-20 09:42:00,33.0,23.13750501191088
1995-08-20 09:43:00,27.0,26.826720013779436
1995-08-20 09:44:00,23.0,26.183422387174577
1995-08-20 09:45:00,11.0,23.855689979243483
1995-08-20 09:46:00,18.0,20.02809585646523
1995-08-20 09:47:00,23.0,23.91986741016478
1995-08-20 09:48:00,32.0,25.230635015568918
1995-08-20 09:49:00,37.0,27.49485592056574
1995-08-20 09:50:00,20.0,30.65334380992203
1995-08-20 09:51:00,16.0,24.992247947427913
1995-08-20 09:52:00,30.0,22.86637982183704
1995-08-20 09:53:00,17.0,26.4582448000299
1995-08-20 09:54:00,27.0,23.350881470486456
1995-08-20 09:55:00,41.0,27.079382085423497
1995-08-20 09:56:00,35.0,28.81680018390752
1995-08-20 09:57:00,37.0,30.60659954198493
1995-08-20 09:58:00,36.0,31.958479672209492
1995-08-20 09:59:00,39.0,31.37431128192735
1995-08-20 10:00:00,6.0,31.590851617443477
1995-08-20 10:01:00,18.0,22.675400894168625
1995-08-20 10:02:00,6.0,24.03969930079771
1995-08-20 10:03:00,16.0,19.17210737337492
1995-08-20 10:04:00,23.0,21.97941068187548
1995-08-20 10:05:00,27.0,23.550263960864946
1995-08-20 10:06:00,42.0,27.02567499940932
1995-08-20 10:07:00,31.0,31.040348495507157
1995-08-20 10:08:00,50.0,30.232060454184417
1995-08-20 10:09:00,39.0,33.97953880435313
1995-08-20 10:10:00,30.0,33.297702857812354
1995-08-20 10:11:00,29.0,30.37276442461146
1995-08-20 10:12:00,9.0,28.759219069018155
1995-08-20 10:13:00,22.0,23.137430633557607
1995-08-20 10:14:00,21.0,26.19345513038653
1995-08-20 10:15:00,26.0,23.728730581074757
1995-08-20 10:16:00,14.0,26.60125140632833
1995-08-20 10:17:00,24.0,21.24711390390301
1995-08-20 10:18:00,41.0,25.39767696635706
1995-08-20 10:19:00,29.0,30.687859843838638
1995-08-20 10:20:00,20.0,28.33383364961738
1995-08-20 10:21:00,41.0,24.243316869114878
1995-08-20 10:22:00,47.0,29.894604806475574
1995-08-20 10:23:00,36.0,33.48207386121763
1995-08-20 10:24:00,33.0,32.608606323619945
1995-08-20 10:25:00,35.0,30.99551014072868
1995-08-20 10:26:00,44.0,32.86564987779375
1995-08-20 10:27:00,33.0,35.2889036780738
1995-08-20 10:28:00,22.0,33.50345081452468
1995-08-20 10:29:00,21.0,28.800853755330685
1995-08-20 10:30:00,42.0,29.98765322461725
1995-08-20 10:31:00,35.0,32.49919945567059
1995-08-20 10:32:00,26.0,32.790933401907814
1995-08-20 10:33:00,34.0,29.916126637716445
1995-08-20 10:34:00,19.0,33.43345274227769
1995-08-20 10:35:00,37.0,29.54965628700285
1995-08-20 10:36:00,45.0,33.90850130210927
1995-08-20 10:37:00,29.0,37.25697056700657
1995-08-20 10:38:00,34.0,32.98318768694046
1995-08-20 10:39:00,20.0,34.10300765883188
1995-08-20 10:40:00,17.0,29.648885941888345
1995-08-20 10:41:00,7.0,28.288539863767305
1995-08-20 10:42:00,20.0,20.750976891224784
1995-08-20 10:43:00,40.0,24.951601677306858
1995-08-20 10:44:00,51.0,33.09739696138482
1995-08-20 10:45:00,37.0,37.66356445312551
1995-08-20 10:46:00,28.0,34.51939929663735
1995-08-20 10:47:00,29.0,30.711918271414635
1995-08-20 10:48:00,21.0,31.008207307925822
1995-08-20 10:49:00,27.0,28.969798338930694
1995-08-20 10:50:00,22.0,31.036714594056946
1995-08-20 10:51:00,18.0,26.685829678396725
1995-08-20 10:52:00,19.0,26.502165707473416
1995-08-20 10:53:00,29.0,28.130789988214747
1995-08-20 10:54:00,17.0,30.16938708999908
1995-08-20 10:55:00,24.0,26.681267095924415
1995-08-20 10:56:00,26.0,27.936013255481317
1995-08-20 10:57:00,22.0,28.296163065912708
1995-08-20 10:58:00,19.0,25.354412107581005
1995-08-20 10:59:00,23.0,25.468199823120393
1995-08-20 11:00:00,28.0,26.676782621464024
1995-08-20 11:01:00,19.0,27.29183637812076
1995-08-20 11:02:00,13.0,25.330569743077596
1995-08-20 11:03:00,16.0,19.735886123264308
1995-08-20 11:04:00,19.0,21.301761349504964
1995-08-20 11:05:00,29.0,23.140105714943626
1995-08-20 11:06:00,29.0,25.804563682824863
1995-08-20 11:07:00,29.0,26.94004587180784
1995-08-20 11:08:00,18.0,25.553340441487624
1995-08-20 11:09:00,14.0,22.36556391382003
1995-08-20 11:10:00,20.0,21.822449272783214
1995-08-20 11:11:00,23.0,22.035911426726607
1995-08-20 11:12:00,9.0,23.351093842745946
1995-08-20 11:13:00,18.0,19.723162258130767
1995-08-20 11:14:00,11.0,20.888973349878928
1995-08-20 11:15:00,9.0,17.92971024547665
1995-08-20 11:16:00,26.0,17.87196036789019
1995-08-20 11:17:00,32.0,21.782150491200866
1995-08-20 11:18:00,23.0,25.335030989282288
1995-08-20 11:19:00,11.0,23.692437886496847
1995-08-20 11:20:00,17.0,18.119460954071126
1995-08-20 11:21:00,19.0,20.9284747594038
1995-08-20 11:22:00,33.0,22.293387342323534
1995-08-20 11:23:00,26.0,25.517117378418703
1995-08-20 11:24:00,17.0,24.322023783923783
1995-08-20 11:25:00,22.0,21.7215786461885
1995-08-20 11:26:00,16.0,23.184804280282417
1995-08-20 11:27:00,36.0,21.130775721772036
1995-08-20 11:28:00,22.0,25.675121924691666
1995-08-20 11:29:00,21.0,24.336261946832398
1995-08-20 11:30:00,22.0,23.691937731693542
1995-08-20 11:31:00,26.0,24.34981903819983
1995-08-20 11:32:00,37.0,23.389538701073803
1995-08-20 11:33:00,47.0,29.295361883272165
1995-08-20 11:34:00,32.0,32.577795873930796
1995-08-20 11:35:00,41.0,30.170214238023185
1995-08-20 11:36:00,45.0,32.63639875650938
1995-08-20 11:37:00,35.0,33.97993372566475
1995-08-20 11:38:00,19.0,30.71463967451428
1995-08-20 11:39:00,28.0,27.504684602556367
1995-08-20 11:40:00,21.0,28.834633487290446
1995-08-20 11:41:00,16.0,27.665205859633268
1995-08-20 11:42:00,32.0,23.66619003916371
1995-08-20 11:43:00,30.0,29.376743711419397
1995-08-20 11:44:00,40.0,29.01082812599047
1995-08-20 11:45:00,25.0,32.42503877984508
1995-08-20 11:46:00,30.0,27.18254224534421
1995-08-20 11:47:00,44.0,28.858690746168172
1995-08-20 11:48:00,36.0,34.88647596543047
1995-08-20 11:49:00,33.0,33.47504571609226
1995-08-20 11:50:00,22.0,31.427079033860007
1995-08-20 11:51:00,41.0,29.513327195095837
1995-08-20 11:52:00,14.0,35.85756662498342
1995-08-20 11:53:00,14.0,26.578582633162057
1995-08-20 11:54:00,27.0,24.32212550502764
1995-08-20 11:55:00,28.0,28.3560809336256
1995-08-20 11:56:00,26.0,29.98066285036353
1995-08-20 11:57:00,26.0,28.576804121007914
1995-08-20 11:58:00,24.0,30.14108334632605
1995-08-20 11:59:00,36.0,29.16122324147033
1995-08-20 12:00:00,49.0,32.870335904654716
1995-08-20 12:01:00,46.0,37.00344728945608
1995-08-20 12:02:00,16.0,37.75921447215685
1995-08-20 12:03:00,22.0,29.307715083490027
1995-08-20 12:04:00,16.0,28.20471961403905
1995-08-20 12:05:00,23.0,26.692800669371078
1995-08-20 12:06:00,35.0,26.034771094407837
1995-08-20 12:07:00,43.0,29.505164656001558
1995-08-20 12:08:00,49.0,33.82671589993801
1995-08-20 12:09:00,45.0,37.16899421508431
1995-08-20 12:10:00,19.0,36.64296888723432
1995-08-20 12:11:00,9.0,30.898543962967967
1995-08-20 12:12:00,14.0,26.104324308293638
1995-08-20 12:13:00,18.0,26.775040847549093
1995-08-20 12:14:00,52.0,24.38386569880212
1995-08-20 12:15:00,19.0,36.89959810954967
1995-08-20 12:16:00,21.0,26.734393154299074
1995-08-20 12:17:00,39.0,26.665846728965484
1995-08-20 12:18:00,34.0,31.760128983366883
1995-08-20 12:19:00,20.0,32.24086800513392
1995-08-20 12:20:00,17.0,27.12152120937811
1995-08-20 12:21:00,21.0,25.70741554201555
1995-08-20 12:22:00,36.0,25.609491518163843
1995-08-20 12:23:00,26.0,30.597405293692972
1995-08-20 12:24:00,37.0,28.054388475840046
1995-08-20 12:25:00,47.0,32.73901783942364
1995-08-20 12:26:00,35.0,36.08061591048752
1995-08-20 12:27:00,12.0,33.25442275433975
1995-08-20 12:28:00,40.0,25.07042822578454
1995-08-20 12:29:00,13.0,33.023912696183366
1995-08-20 12:30:00,47.0,25.50681570792797
1995-08-20 12:31:00,30.0,34.12844268978789
1995-08-20 12:32:00,39.0,29.665203127383293
1995-08-20 12:33:00,14.0,33.139640746969505
1995-08-20 12:34:00,13.0,27.517328413524652
1995-08-20 12:35:00,19.0,22.58055873540764
1995-08-20 12:36:00,34.0,25.362813691926004
1995-08-20 12:37:00,45.0,30.06207291538792
1995-08-20 12:38:00,30.0,35.02003498002952
1995-08-20 12:39:00,21.0,31.660917893741892
1995-08-20 12:40:00,43.0,27.589134319156255
1995-08-20 12:41:00,39.0,32.65073447674784
1995-08-20 12:42:00,47.0,33.17077783428581
1995-08-20 12:43:00,48.0,37.266048509507215
1995-08-20 12:44:00,18.0,39.61774506619873
1995-08-20 12:45:00,13.0,29.913700317582737
1995-08-20 12:46:00,30.0,26.842808401521356
1995-08-20 12:47:00,11.0,29.57182291127919
1995-08-20 12:48:00,32.0,24.542318278292004
1995-08-20 12:49:00,12.0,30.8421727346293
1995-08-20 12:50:00,21.0,23.186294290852963
1995-08-20 12:51:00,20.0,25.819274000194532
1995-08-20 12:52:00,11.0,26.31766599263133
1995-08-20 12:53:00,31.0,21.18486106410289
1995-08-20 12:54:00,21.0,29.83830120492127
1995-08-20 12:55:00,36.0,25.087696434363547
1995-08-20 12:56:00,24.0,30.40396146130944
1995-08-20 12:57:00,30.0,27.975435257765042
1995-08-20 12:58:00,21.0,28.76082205313124
1995-08-20 12:59:00,22.0,24.4214512408067
1995-08-20 13:00:00,37.0,26.089282013424206
1995-08-20 13:01:00,58.0,29.455818179622046
1995-08-20 13:02:00,40.0,34.862328694776835
1995-08-20 13:03:00,24.0,34.2923965982304
1995-08-20 13:04:00,30.0,30.136735636135803
1995-08-20 13:05:00,32.0,31.35900466192554
1995-08-20 13:06:00,34.0,33.29260181578287
1995-08-20 13:07:00,27.0,32.937383663147145
1995-08-20 13:08:00,23.0,30.6214910758753
1995-08-20 13:09:00,16.0,27.34337280357611
1995-08-20 13:10:00,19.0,26.167526321645386
1995-08-20 13:11:00,49.0,25.03763386171867
1995-08-20 13:12:00,58.0,33.08881463844906
1995-08-20 13:13:00,30.0,37.01559047302785
1995-08-20 13:14:00,25.0,32.651949003074
1995-08-20 13:15:00,17.0,25.951340674643998
1995-08-20 13:16:00,17.0,26.74620435365169
1995-08-20 13:17:00,36.0,27.144233483717304
1995-08-20 13:18:00,34.0,30.979191718551302
1995-08-20 13:19:00,24.0,32.17694220427666
1995-08-20 13:20:00,32.0,26.94385403011674
1995-08-20 13:21:00,14.0,31.15510903787096
1995-08-20 13:22:00,18.0,25.251416655742805
1995-08-20 13:23:00,21.0,26.45868831162462
1995-08-20 13:24:00,20.0,26.616639415417733
1995-08-20 13:25:00,8.0,25.44919329973497
1995-08-20 13:26:00,12.0,20.739089356524232
1995-08-20 13:27:00,26.0,20.109968975199422
1995-08-20 13:28:00,27.0,25.64441861491537
1995-08-20 13:29:00,20.0,23.978555575640247
1995-08-20 13:30:00,23.0,22.109411445163612
1995-08-20 13:31:00,45.0,24.50949757614625
1995-08-20 13:32:00,35.0,30.31455274782785
1995-08-20 13:33:00,9.0,31.002931462306815
1995-08-20 13:34:00,11.0,20.456199809586227
1995-08-20 13:35:00,22.0,19.468803144491613
1995-08-20 13:36:00,22.0,25.051879342529162
1995-08-20 13:37:00,12.0,24.872264214816386
1995-08-20 13:38:00,34.0,18.21255787837977
1995-08-20 13:39:00,29.0,25.870714826087216
1995-08-20 13:40:00,21.0,26.058519739107727
1995-08-20 13:41:00,49.0,24.97968217141007
1995-08-20 13:42:00,24.0,32.528163067888464
1995-08-20 13:43:00,40.0,28.70893545088815
1995-08-20 13:44:00,24.0,30.172441164077156
1995-08-20 13:45:00,34.0,28.92319183711852
1995-08-20 13:46:00,20.0,28.88860551012433
1995-08-20 13:47:00,23.0,25.94364079310349
1995-08-20 13:48:00,20.0,26.493770389074662
1995-08-20 13:49:00,35.0,24.63028922152468
1995-08-20 13:50:00,27.0,29.404578804777
1995-08-20 13:51:00,25.0,27.441138579906966
1995-08-20 13:52:00,37.0,27.031782481039983
1995-08-20 13:53:00,18.0,31.62602761892505
1995-08-20 13:54:00,29.0,23.64745002371919
1995-08-20 13:55:00,50.0,25.851961073499673
1995-08-20 13:56:00,30.0,33.93235012493679
1995-08-20 13:57:00,32.0,30.711681016513086
1995-08-20 13:58:00,48.0,31.577309904108898
1995-08-20 13:59:00,31.0,35.93548121394696
1995-08-20 14:00:00,13.0,33.43639718161892
1995-08-20 14:01:00,14.0,26.556170392638087
1995-08-20 14:02:00,12.0,24.01465303972935
1995-08-20 14:03:00,14.0,21.11146209596519
1995-08-20 14:04:00,23.0,21.575221484993104
1995-08-20 14:05:00,27.0,26.15489716799439
1995-08-20 14:06:00,30.0,27.537509915106902
1995-08-20 14:07:00,30.0,26.869506155166945
1995-08-20 14:08:00,33.0,27.966928263049013
1995-08-20 14:09:00,47.0,30.346467607444197
1995-08-20 14:10:00,21.0,35.17932289071358
1995-08-20 14:11:00,23.0,30.348162772150623
1995-08-20 14:12:00,16.0,29.9345198199086
1995-08-20 14:13:00,29.0,25.56097240616202
1995-08-20 14:14:00,21.0,28.209732517579273
1995-08-20 14:15:00,48.0,25.036757852657338
1995-08-20 14:16:00,35.0,32.2359478637784
1995-08-20 14:17:00,34.0,31.21364984721265
1995-08-20 14:18:00,27.0,32.00452850709997
1995-08-20 14:19:00,13.0,30.052576428556804
1995-08-20 14:20:00,7.0,24.24809943991657
1995-08-20 14:21:00,7.0,19.79921033407785
1995-08-20 14:22:00,34.0,18.208510074884313
1995-08-20 14:23:00,38.0,28.21561230434176
1995-08-20 14:24:00,20.0,30.454436457059746
1995-08-20 14:25:00,23.0,23.42528240124779
1995-08-20 14:26:00,10.0,25.339821247268414
1995-08-20 14:27:00,39.0,20.68934584052375
1995-08-20 14:28:00,30.0,29.636203352362912
1995-08-20 14:29:00,13.0,28.693590142131946
1995-08-20 14:30:00,16.0,22.948625666003714
1995-08-20 14:31:00,38.0,22.832766569489106
1995-08-20 14:32:00,33.0,29.322061145621284
1995-08-20 14:33:00,15.0,27.597169640132794
1995-08-20 14:34:00,19.0,23.575981499434796
1995-08-20 14:35:00,7.0,24.7265808958889
1995-08-20 14:36:00,20.0,18.426715931607927
1995-08-20 14:37:00,22.0,22.388380327851554
1995-08-20 14:38:00,12.0,22.816339184096844
1995-08-20 14:39:00,50.0,19.293650091776556
1995-08-20 14:40:00,25.0,30.525359918092573
1995-08-20 14:41:00,36.0,27.208000311364085
1995-08-20 14:42:00,50.0,31.20719319604095
1995-08-20 14:43:00,57.0,33.265309219690685
1995-08-20 14:44:00,44.0,37.72003740718928
1995-08-20 14:45:00,24.0,33.95157109705043
1995-08-20 14:46:00,50.0,29.71466222266572
1995-08-20 14:47:00,41.0,35.16808857580702
1995-08-20 14:48:00,29.0,33.07811155529283
1995-08-20 14:49:00,33.0,30.49654638924438
1995-08-20 14:50:00,35.0,30.761260473053945
1995-08-20 14:51:00,28.0,33.63826409963318
1995-08-20 14:52:00,69.0,30.73513977923875
1995-08-20 14:53:00,21.0,43.629884714478756
1995-08-20 14:54:00,32.0,32.4226610718043
1995-08-20 14:55:00,33.0,34.279056360254756
1995-08-20 14:56:00,34.0,33.21035471794619
1995-08-20 14:57:00,41.0,32.9814259855849
1995-08-20 14:58:00,28.0,35.24506114783911
1995-08-20 14:59:00,25.0,32.25435251343273
1995-08-20 15:00:00,7.0,29.33501704676467
1995-08-20 15:01:00,18.0,24.567951639974837
1995-08-20 15:02:00,9.0,25.694818962127684
1995-08-20 15:03:00,18.0,22.454133843059438
1995-08-20 15:04:00,10.0,23.995851986315653
1995-08-20 15:05:00,10.0,21.3507317202764
1995-08-20 15:06:00,9.0,21.389713316694888
1995-08-20 15:07:00,39.0,19.495934443022406
1995-08-20 15:08:00,23.0,30.37014815229572
1995-08-20 15:09:00,35.0,25.167855758174
1995-08-20 15:10:00,34.0,30.184045053640844
1995-08-20 15:11:00,29.0,30.39086548875769
1995-08-20 15:12:00,22.0,28.68624297105868
1995-08-20 15:13:00,16.0,28.500206975555532
1995-08-20 15:14:00,44.0,24.55231282197175
1995-08-20 15:15:00,22.0,31.20243017875434
1995-08-20 15:16:00,32.0,26.733285299586477
1995-08-20 15:17:00,26.0,28.97855641600738
1995-08-20 15:18:00,27.0,28.834243161183693
1995-08-20 15:19:00,30.0,25.56068476356906
1995-08-20 15:20:00,24.0,29.13706472549346
1995-08-20 15:21:00,35.0,27.468189646005566
1995-08-20 15:22:00,23.0,30.956427405011702
1995-08-20 15:23:00,15.0,25.80974036162594
1995-08-20 15:24:00,13.0,22.26813709550858
1995-08-20 15:25:00,17.0,21.70545504743313
1995-08-20 15:26:00,23.0,23.155996401483037
1995-08-20 15:27:00,35.0,25.001083222424416
1995-08-20 15:28:00,18.0,28.97091817927237
1995-08-20 15:29:00,29.0,24.245223527774357
1995-08-20 15:30:00,33.0,27.3544355734519
1995-08-20 15:31:00,15.0,29.15025526822701
1995-08-20 15:32:00,13.0,22.663306293543098
1995-08-20 15:33:00,32.0,21.40090438162817
1995-08-20 15:34:00,38.0,28.690652920264554
1995-08-20 15:35:00,29.0,31.35691367401374
1995-08-20 15:36:00,12.0,27.39668575441827
1995-08-20 15:37:00,37.0,21.623842617372798
1995-08-20 15:38:00,19.0,29.470476665812257
1995-08-20 15:39:00,22.0,24.828481375759416
1995-08-20 15:40:00,19.0,25.80575254522692
1995-08-20 15:41:00,43.0,26.942204353551844
1995-08-20 15:42:00,36.0,31.921519928953586
1995-08-20 15:43:00,32.0,32.10908499668088
1995-08-20 15:44:00,44.0,29.560499547370757
1995-08-20 15:45:00,34.0,31.952955868148244
1995-08-20 15:46:00,39.0,32.31727633415268
1995-08-20 15:47:00,22.0,32.54513853614659
1995-08-20 15:48:00,13.0,28.300658309443342
1995-08-20 15:49:00,34.0,23.484044580242763
1995-08-20 15:50:00,35.0,31.05009508100164
1995-08-20 15:51:00,59.0,31.429595135160305
1995-08-20 15:52:00,39.0,37.38620992857485
1995-08-20 15:53:00,41.0,34.86774688966721
1995-08-20 15:54:00,26.0,35.91657297562457
1995-08-20 15:55:00,39.0,32.15299805470858
1995-08-20 15:56:00,13.0,35.13472556673018
1995-08-20 15:57:00,26.0,27.472241279536284
1995-08-20 15:58:00,33.0,29.70182058555299
1995-08-20 15:59:00,36.0,30.77077558297124
1995-08-20 16:00:00,34.0,33.71453203760951
1995-08-20 16:01:00,21.0,32.2598778249662
1995-08-20 16:02:00,41.0,27.800054858511484
1995-08-20 16:03:00,48.0,35.102194207089575
1995-08-20 16:04:00,38.0,38.33596472460258
1995-08-20 16:05:00,15.0,35.71494416954355
1995-08-20 16:06:00,14.0,28.53265788465461
1995-08-20 16:07:00,19.0,27.42003263389392
1995-08-20 16:08:00,24.0,28.049022012610962
1995-08-20 16:09:00,34.0,27.198525991085443
1995-08-20 16:10:00,29.0,31.416172718779887
1995-08-20 16:11:00,35.0,29.942684008257057
1995-08-20 16:12:00,29.0,33.662867290624064
1995-08-20 16:13:00,21.0,30.51544862466578
1995-08-20 16:14:00,32.0,28.199894862974016
1995-08-20 16:15:00,46.0,30.831717826235128
1995-08-20 16:16:00,32.0,35.22909145448898
1995-08-20 16:17:00,51.0,32.54225819653672
1995-08-20 16:18:00,41.0,39.38967071480625
1995-08-20 16:19:00,47.0,36.67152007609709
1995-08-20 16:20:00,21.0,38.13163648264186
1995-08-20 16:21:00,28.0,32.36727375205942
1995-08-20 16:22:00,30.0,32.16050527396365
1995-08-20 16:23:00,23.0,31.610169561515793
1995-08-20 16:24:00,26.0,29.42315005627271
1995-08-20 16:25:00,55.0,29.401066705382096
1995-08-20 16:26:00,35.0,39.392438239394565
1995-08-20 16:27:00,56.0,35.09086521580822
1995-08-20 16:28:00,28.0,42.493036234146274
1995-08-20 16:29:00,34.0,32.82978358598547
1995-08-20 16:30:00,76.0,35.10904227238726
1995-08-20 16:31:00,32.0,48.25731965173908
1995-08-20 16:32:00,48.0,37.36394085778621
1995-08-20 16:33:00,24.0,43.4574454087089
1995-08-20 16:34:00,27.0,33.37253710402421
1995-08-20 16:35:00,34.0,33.06042911606067
1995-08-20 16:36:00,23.0,34.24525053789994
1995-08-20 16:37:00,24.0,31.061831343873447
1995-08-20 16:38:00,21.0,30.24562103748064
1995-08-20 16:39:00,20.0,27.884590108796463
1995-08-20 16:40:00,23.0,27.98534721991868
1995-08-20 16:41:00,46.0,29.28795574429127
1995-08-20 16:42:00,35.0,35.781649542183075
1995-08-20 16:43:00,37.0,33.00760300138719
1995-08-20 16:44:00,33.0,34.23279628327146
1995-08-20 16:45:00,52.0,34.13637557794407
1995-08-20 16:46:00,40.0,41.3869682713619
1995-08-20 16:47:00,37.0,36.94813709401924
1995-08-20 16:48:00,32.0,37.21347165476777
1995-08-20 16:49:00,40.0,34.20421421060881
1995-08-20 16:50:00,22.0,36.18918292621849
1995-08-20 16:51:00,29.0,31.99863267405706
1995-08-20 16:52:00,31.0,31.369362847745844
1995-08-20 16:53:00,26.0,32.62039323546179
1995-08-20 16:54:00,30.0,31.739089806427888
1995-08-20 16:55:00,49.0,32.668948219973544
1995-08-20 16:56:00,24.0,38.43702612963572
1995-08-20 16:57:00,29.0,30.821214473899893
1995-08-20 16:58:00,18.0,31.566272927629942
1995-08-20 16:59:00,31.0,28.762182294298654
1995-08-20 17:00:00,31.0,31.190907134052228
1995-08-20 17:01:00,36.0,31.149389356252094
1995-08-20 17:02:00,19.0,32.2749137548159
1995-08-20 17:03:00,22.0,27.009569818078305
1995-08-20 17:04:00,22.0,27.0304476710179
1995-08-20 17:05:00,20.0,26.741719227464362
1995-08-20 17:06:00,45.0,26.12919979674653
1995-08-20 17:07:00,39.0,34.8924314236049
1995-08-20 17:08:00,19.0,32.535892533940086
1995-08-20 17:09:00,25.0,27.31866797100141
1995-08-20 17:10:00,28.0,28.32770464659767
1995-08-20 17:11:00,18.0,29.09468115101273
1995-08-20 17:12:00,29.0,26.022017523887712
1995-08-20 17:13:00,30.0,29.472489690942822
1995-08-20 17:14:00,51.0,30.18295197535043
1995-08-20 17:15:00,46.0,36.61211462706131
1995-08-20 17:16:00,8.0,36.45419863070786
1995-08-20 17:17:00,13.0,25.661611983396824
1995-08-20 17:18:00,12.0,23.1316542087046
1995-08-20 17:19:00,24.0,21.6573013188805
1995-08-20 17:20:00,13.0,24.822665493536828
1995-08-20 17:21:00,20.0,20.11902697993793
1995-08-20 17:22:00,31.0,23.354502767244153
1995-08-20 17:23:00,17.0,26.826937775915113
1995-08-20 17:24:00,20.0,21.48596399911995
1995-08-20 17:25:00,23.0,22.847639308615637
1995-08-20 17:26:00,44.0,26.541629270714623
1995-08-20 17:27:00,19.0,28.66301143943915
1995-08-20 17:28:00,12.0,25.187370141457748
1995-08-20 17:29:00,12.0,20.346995846123278
1995-08-20 17:30:00,21.0,19.379178659400644
1995-08-20 17:31:00,13.0,21.560651291793178
1995-08-20 17:32:00,37.0,19.336552738170674
1995-08-20 17:33:00,17.0,26.621044773557884
1995-08-20 17:34:00,25.0,21.621168741428722
1995-08-20 17:35:00,26.0,24.469244055125404
1995-08-20 17:36:00,25.0,24.637540042520538
1995-08-20 17:37:00,33.0,24.733582515205374
1995-08-20 17:38:00,41.0,26.74506599700054
1995-08-20 17:39:00,46.0,28.782705405125252
1995-08-20 17:40:00,32.0,32.89515200191074
1995-08-20 17:41:00,30.0,29.669561348083025
1995-08-20 17:42:00,16.0,29.792422951857198
1995-08-20 17:43:00,19.0,26.328018773884413
1995-08-20 17:44:00,35.0,26.741186974918428
1995-08-20 17:45:00,42.0,30.2802616889263
1995-08-20 17:46:00,36.0,32.04066985886914
1995-08-20 17:47:00,19.0,30.89232632050342
1995-08-20 17:48:00,19.0,25.42044414704369
1995-08-20 17:49:00,24.0,24.662002380538464
1995-08-20 17:50:00,18.0,24.963681690135783
1995-08-20 17:51:00,35.0,24.84247649987682
1995-08-20 17:52:00,40.0,30.470116530642258
1995-08-20 17:53:00,43.0,31.689047475670723
1995-08-20 17:54:00,16.0,32.878852701351484
1995-08-20 17:55:00,40.0,25.612772291873743
1995-08-20 17:56:00,12.0,31.169260334354238
1995-08-20 17:57:00,37.0,24.028872631452455
1995-08-20 17:58:00,16.0,31.441887677257665
1995-08-20 17:59:00,24.0,22.6287899223617
1995-08-20 18:00:00,40.0,27.27372949120945
1995-08-20 18:01:00,47.0,31.535538691374793
1995-08-20 18:02:00,24.0,35.092261880141095
1995-08-20 18:03:00,34.0,29.773013853701755
1995-08-20 18:04:00,33.0,31.64166106800078
1995-08-20 18:05:00,54.0,31.884042953258877
1995-08-20 18:06:00,50.0,37.76609091629628
1995-08-20 18:07:00,36.0,38.8330625716487
1995-08-20 18:08:00,20.0,36.50820967593613
1995-08-20 18:09:00,18.0,30.780350269338285
1995-08-20 18:10:00,22.0,28.27357835473562
1995-08-20 18:11:00,28.0,29.04265695763794
1995-08-20 18:12:00,26.0,29.319174780309076
1995-08-20 18:13:00,18.0,27.77646733797655
1995-08-20 18:14:00,23.0,26.57532399306152
1995-08-20 18:15:00,29.0,27.036433629500348
1995-08-20 18:16:00,21.0,29.276709332460854
1995-08-20 18:17:00,23.0,27.11451823269375
1995-08-20 18:18:00,19.0,29.232006230518284
1995-08-20 18:19:00,14.0,24.649868736612124
1995-08-20 18:20:00,38.0,24.202310186080048
1995-08-20 18:21:00,26.0,31.93398141076649
1995-08-20 18:22:00,58.0,28.97388502809475
1995-08-20 18:23:00,39.0,36.509362457356524
1995-08-20 18:24:00,27.0,34.30330176114119
1995-08-20 18:25:00,29.0,30.342526542115902
1995-08-20 18:26:00,17.0,31.151194300257583
1995-08-20 18:27:00,20.0,27.60999959481421
1995-08-20 18:28:00,23.0,29.534067427571674
1995-08-20 18:29:00,45.0,26.985461070151995
1995-08-20 18:30:00,24.0,35.274621946044846
1995-08-20 18:31:00,21.0,29.784043887665653
1995-08-20 18:32:00,27.0,26.138091451868256
1995-08-20 18:33:00,42.0,29.509532506199587
1995-08-20 18:34:00,30.0,33.68488050993065
1995-08-20 18:35:00,27.0,30.509213069025176
1995-08-20 18:36:00,39.0,30.0168386779643
1995-08-20 18:37:00,41.0,32.60032248547036
1995-08-20 18:38:00,32.0,33.14955329494582
1995-08-20 18:39:00,22.0,29.892409467379817
1995-08-20 18:40:00,22.0,29.021476169185046
1995-08-20 18:41:00,39.0,28.30498090611094
1995-08-20 18:42:00,21.0,33.37522049175769
1995-08-20 18:43:00,29.0,27.982813131073325
1995-08-20 18:44:00,23.0,28.769510996585364
1995-08-20 18:45:00,28.0,28.358817032845053
1995-08-20 18:46:00,14.0,28.615262301728876
1995-08-20 18:47:00,14.0,24.277856049303562
1995-08-20 18:48:00,16.0,23.760893148499015
1995-08-20 18:49:00,8.0,23.13953612372047
1995-08-20 18:50:00,8.0,19.478729099624896
1995-08-20 18:51:00,12.0,18.588442557328896
1995-08-20 18:52:00,18.0,18.597191603036308
1995-08-20 18:53:00,15.0,20.395920523408293
1995-08-20 18:54:00,11.0,19.027425730309186
1995-08-20 18:55:00,15.0,17.093089134885446
1995-08-20 18:56:00,28.0,18.200464898199275
1995-08-20 18:57:00,25.0,22.30808674025301
1995-08-20 18:58:00,25.0,22.597850742630204
1995-08-20 18:59:00,23.0,23.404025002288574
1995-08-20 19:00:00,23.0,24.989489176662843
1995-08-20 19:01:00,18.0,22.62056534647071
1995-08-20 19:02:00,14.0,23.098623863518508
1995-08-20 19:03:00,28.0,19.72416039173843
1995-08-20 19:04:00,32.0,23.779140987330177
1995-08-20 19:05:00,33.0,24.748298707758362
1995-08-20 19:06:00,40.0,25.486032209808194
1995-08-20 19:07:00,19.0,27.92401412180192
1995-08-20 19:08:00,42.0,23.768045450694682
1995-08-20 19:09:00,22.0,30.854480549514896
1995-08-20 19:10:00,25.0,26.688057736844645
1995-08-20 19:11:00,18.0,26.58244962563173
1995-08-20 19:12:00,21.0,24.41810971810561
1995-08-20 19:13:00,23.0,23.983453442894
1995-08-20 19:14:00,23.0,25.805040453278096
1995-08-20 19:15:00,21.0,25.101973457590706
1995-08-20 19:16:00,17.0,24.15366825011897
1995-08-20 19:17:00,27.0,23.902447693366803
1995-08-20 19:18:00,24.0,27.192770256412775
1995-08-20 19:19:00,25.0,24.684351524586983
1995-08-20 19:20:00,28.0,24.10065596042286
1995-08-20 19:21:00,16.0,24.908891151913597
1995-08-20 19:22:00,20.0,21.386498180244214
1995-08-20 19:23:00,36.0,24.234737698884924
1995-08-20 19:24:00,21.0,30.432496669896572
1995-08-20 19:25:00,18.0,26.216791327644703
1995-08-20 19:26:00,9.0,23.474086153527523
1995-08-20 19:27:00,14.0,19.114894337939848
1995-08-20 19:28:00,11.0,20.676960948031887
1995-08-20 19:29:00,28.0,17.781423586410153
1995-08-20 19:30:00,9.0,24.101867168318847
1995-08-20 19:31:00,16.0,18.245601040961233
1995-08-20 19:32:00,45.0,18.27864928842564
1995-08-20 19:33:00,33.0,28.641904318022565
1995-08-20 19:34:00,29.0,27.291215196642977
1995-08-20 19:35:00,35.0,26.61146532805533
1995-08-20 19:36:00,24.0,29.432279130167302
1995-08-20 19:37:00,35.0,27.18292664978567
1995-08-20 19:38:00,12.0,30.47338635916468
1995-08-20 19:39:00,24.0,22.020225705708686
1995-08-20 19:40:00,24.0,23.666890293959543
1995-08-20 19:41:00,10.0,24.923207038392295
1995-08-20 19:42:00,28.0,20.257496773238962
1995-08-20 19:43:00,24.0,24.704014837611528
1995-08-20 19:44:00,21.0,24.380434076658247
1995-08-20 19:45:00,8.0,24.066112042919773
1995-08-20 19:46:00,29.0,19.1700632806011
1995-08-20 19:47:00,13.0,25.30079250867939
1995-08-20 19:48:00,20.0,20.35185224930657
1995-08-20 19:49:00,11.0,22.755209644882836
1995-08-20 19:50:00,27.0,18.330791945985652
1995-08-20 19:51:00,14.0,23.71062528449498
1995-08-20 19:52:00,22.0,21.705245063394873
1995-08-20 19:53:00,43.0,23.267278064966067
1995-08-20 19:54:00,55.0,28.002219085271065
1995-08-20 19:55:00,33.0,32.13438536751395
1995-08-20 19:56:00,40.0,31.21639176955911
1995-08-20 19:57:00,59.0,33.21880360930148
1995-08-20 19:58:00,56.0,38.29235215127309
1995-08-20 19:59:00,29.0,38.58332519778656
1995-08-20 20:00:00,44.0,31.436175807685864
1995-08-20 20:01:00,28.0,34.55370526177897
1995-08-20 20:02:00,24.0,33.566825241884864
1995-08-20 20:03:00,23.0,30.001244205300875
1995-08-20 20:04:00,23.0,27.75634013356291
1995-08-20 20:05:00,32.0,28.36375545424562
1995-08-20 20:06:00,18.0,29.922755298342448
1995-08-20 20:07:00,26.0,26.423851300188407
1995-08-20 20:08:00,15.0,28.61759547520905
1995-08-20 20:09:00,20.0,24.28987617595017
1995-08-20 20:10:00,23.0,26.21149443223939
1995-08-20 20:11:00,17.0,25.204630889959127
1995-08-20 20:12:00,7.0,23.316739766343733
1995-08-20 20:13:00,21.0,18.28269802327058
1995-08-20 20:14:00,35.0,22.82982318881383
1995-08-20 20:15:00,47.0,27.844942449965302
1995-08-20 20:16:00,33.0,32.092883285075175
1995-08-20 20:17:00,44.0,29.899945289518765
1995-08-20 20:18:00,41.0,34.64483004408587
1995-08-20 20:19:00,18.0,35.80874989992589
1995-08-20 20:20:00,44.0,29.066135843403327
1995-08-20 20:21:00,21.0,34.98569669763322
1995-08-20 20:22:00,27.0,28.699580676034888
1995-08-20 20:23:00,12.0,29.803621159345898
1995-08-20 20:24:00,6.0,22.469883385212857
1995-08-20 20:25:00,34.0,20.79874585657313
1995-08-20 20:26:00,12.0,27.884707261740914
1995-08-20 20:27:00,21.0,21.851378766249198
1995-08-20 20:28:00,28.0,25.53469336179269
1995-08-20 20:29:00,43.0,27.365725011711497
1995-08-20 20:30:00,26.0,31.58141312810126
1995-08-20 20:31:00,39.0,27.639304979736814
1995-08-20 20:32:00,37.0,33.06253819596539
1995-08-20 20:33:00,28.0,32.66417864843033
1995-08-20 20:34:00,25.0,29.83127300617409
1995-08-20 20:35:00,16.0,27.825195552281066
1995-08-20 20:36:00,22.0,24.135974126409767
1995-08-20 20:37:00,37.0,25.598641323227916
1995-08-20 20:38:00,42.0,31.412686850016755
1995-08-20 20:39:00,34.0,32.194686879120724
1995-08-20 20:40:00,34.0,31.51261997785337
1995-08-20 20:41:00,33.0,31.97522698379384
1995-08-20 20:42:00,31.0,32.07482105426387
1995-08-20 20:43:00,16.0,30.429685292577485
1995-08-20 20:44:00,33.0,27.836835324065927
1995-08-20 20:45:00,39.0,30.70714160767669
1995-08-20 20:46:00,36.0,32.8342663519822
1995-08-20 20:47:00,36.0,33.1876549748657
1995-08-20 20:48:00,26.0,33.187888701084205
1995-08-20 20:49:00,26.0,28.321847247150686
1995-08-20 20:50:00,27.0,27.478422423547283
1995-08-20 20:51:00,26.0,29.740003288134908
1995-08-20 20:52:00,19.0,29.85937552063503
1995-08-20 20:53:00,32.0,26.57896480423651
1995-08-20 20:54:00,14.0,30.87931751830285
1995-08-20 20:55:00,22.0,25.03823811027327
1995-08-20 20:56:00,8.0,24.974436401990165
1995-08-20 20:57:00,19.0,21.36246168631301
1995-08-20 20:58:00,18.0,24.32579748039209
1995-08-20 20:59:00,19.0,23.99814986027507
1995-08-20 21:00:00,27.0,23.724889896207653
1995-08-20 21:01:00,25.0,24.3280407748038
1995-08-20 21:02:00,34.0,26.59948765790442
1995-08-20 21:03:00,26.0,27.87246123276097
1995-08-20 21:04:00,24.0,24.012287967022896
1995-08-20 21:05:00,13.0,26.45074575068429
1995-08-20 21:06:00,21.0,21.164075257250904
1995-08-20 21:07:00,12.0,25.240743596660497
1995-08-20 21:08:00,16.0,20.014024929402026
1995-08-20 21:09:00,28.0,22.56639311053042
1995-08-20 21:10:00,29.0,25.384195547854763
1995-08-20 21:11:00,28.0,25.917998035824905
1995-08-20 21:12:00,26.0,26.80613089110001
1995-08-20 21:13:00,22.0,25.296494136869143
1995-08-20 21:14:00,23.0,25.343182413814798
1995-08-20 21:15:00,34.0,26.318063239606527
1995-08-20 21:16:00,21.0,27.892824030253205
1995-08-20 21:17:00,15.0,24.711147063742388
1995-08-20 21:18:00,20.0,21.38349375024267
1995-08-20 21:19:00,22.0,24.55135611193233
1995-08-20 21:20:00,36.0,23.74872230777393
1995-08-20 21:21:00,18.0,25.948655375253303
1995-08-20 21:22:00,29.0,24.09590998280341
1995-08-20 21:23:00,29.0,24.822092910256657
1995-08-20 21:24:00,26.0,26.562637896471635
1995-08-20 21:25:00,23.0,27.16826781909029
1995-08-20 21:26:00,23.0,24.09356249973491
1995-08-20 21:27:00,24.0,25.080338233539248
1995-08-20 21:28:00,14.0,25.301169142788712
1995-08-20 21:29:00,17.0,21.106000955149625
1995-08-20 21:30:00,19.0,21.537738842981767
1995-08-20 21:31:00,23.0,21.95703113216075
1995-08-20 21:32:00,32.0,20.91131063662894
1995-08-20 21:33:00,30.0,26.515311666383784
1995-08-20 21:34:00,12.0,25.665141976503502
1995-08-20 21:35:00,58.0,22.051381533927994
1995-08-20 21:36:00,67.0,32.51460445304403
1995-08-20 21:37:00,35.0,37.09420622553239
1995-08-20 21:38:00,48.0,32.156077621191415
1995-08-20 21:39:00,27.0,35.22349054417782
1995-08-20 21:40:00,30.0,29.189781617675063
1995-08-20 21:41:00,13.0,28.990512449336165
1995-08-20 21:42:00,38.0,24.449174939662687
1995-08-20 21:43:00,20.0,31.691949153130363
1995-08-20 21:44:00,37.0,26.071487022496516
1995-08-20 21:45:00,27.0,31.273206800069413
1995-08-20 21:46:00,23.0,30.52437802966868
1995-08-20 21:47:00,17.0,28.533159827035334
1995-08-20 21:48:00,15.0,26.087175457350384
1995-08-20 21:49:00,31.0,22.529252745984984
1995-08-20 21:50:00,40.0,28.603123945229854
1995-08-20 21:51:00,25.0,33.08981013508969
1995-08-20 21:52:00,17.0,28.586919161592157
1995-08-20 21:53:00,34.0,25.70989574802163
1995-08-20 21:54:00,24.0,29.61989501186483
1995-08-20 21:55:00,19.0,27.387139853274796
1995-08-20 21:56:00,23.0,25.122681302859167
1995-08-20 21:57:00,26.0,27.73005763358102
1995-08-20 21:58:00,36.0,27.964143091646843
1995-08-20 21:59:00,22.0,31.280932556418854
1995-08-20 22:00:00,30.0,27.667688295899026
1995-08-20 22:01:00,45.0,27.923603692751808
1995-08-20 22:02:00,35.0,33.41614208572826
1995-08-20 22:03:00,20.0,31.785825921979974
1995-08-20 22:04:00,27.0,27.614151699267957
1995-08-20 22:05:00,9.0,30.001791365080237
1995-08-20 22:06:00,14.0,22.3074888801244
1995-08-20 22:07:00,19.0,23.334835413666905
1995-08-20 22:08:00,45.0,23.824778821793846
1995-08-20 22:09:00,56.0,30.523167220361195
1995-08-20 22:10:00,29.0,35.52496109993095
1995-08-20 22:11:00,27.0,28.78639268261743
1995-08-20 22:12:00,22.0,29.34342179531729
1995-08-20 22:13:00,37.0,27.70586142151862
1995-08-20 22:14:00,28.0,31.733082303509303
1995-08-20 22:15:00,42.0,27.4145475826691
1995-08-20 22:16:00,31.0,32.19470834163066
1995-08-20 22:17:00,27.0,30.949384213913007
1995-08-20 22:18:00,17.0,30.26600400272972
1995-08-20 22:19:00,17.0,27.57018048318849
1995-08-20 22:20:00,9.0,26.51966831686719
1995-08-20 22:21:00,18.0,22.00873461876562
1995-08-20 22:22:00,11.0,23.534693243105206
1995-08-20 22:23:00,16.0,20.078040601490518
1995-08-20 22:24:00,24.0,21.60187228359577
1995-08-20 22:25:00,34.0,26.20358143017192
1995-08-20 22:26:00,24.0,28.23484334092272
1995-08-20 22:27:00,38.0,27.46994550874882
1995-08-20 22:28:00,28.0,31.57694284372247
1995-08-20 22:29:00,35.0,29.85613500900382
1995-08-20 22:30:00,23.0,31.257662275425115
1995-08-20 22:31:00,11.0,29.13034945032989
1995-08-20 22:32:00,16.0,20.840445815773393
1995-08-20 22:33:00,22.0,23.13454491929719
1995-08-20 22:34:00,16.0,24.291655454386067
1995-08-20 22:35:00,23.0,21.723074572940167
1995-08-20 22:36:00,32.0,22.90144369177162
1995-08-20 22:37:00,8.0,26.540872786233745
1995-08-20 22:38:00,38.0,20.04683375751686
1995-08-20 22:39:00,27.0,30.842178805114987
1995-08-20 22:40:00,46.0,28.224745047264623
1995-08-20 22:41:00,40.0,32.58876466918802
1995-08-20 22:42:00,48.0,32.95253776495393
1995-08-20 22:43:00,32.0,35.39727806731106
1995-08-20 22:44:00,50.0,31.17125576492844
1995-08-20 22:45:00,44.0,35.49751722280402
1995-08-20 22:46:00,48.0,34.515577029117594
1995-08-20 22:47:00,30.0,35.76043153071515
1995-08-20 22:48:00,45.0,31.379006779034615
1995-08-20 22:49:00,36.0,35.8526140836235
1995-08-20 22:50:00,8.0,35.43784416328333
1995-08-20 22:51:00,29.0,25.398836760494206
1995-08-20 22:52:00,29.0,31.09549573645418
1995-08-20 22:53:00,26.0,30.006670064959717
1995-08-20 22:54:00,37.0,29.379073185826666
1995-08-20 22:55:00,25.0,33.95804373881341
1995-08-20 22:56:00,28.0,29.60603718705919
1995-08-20 22:57:00,18.0,30.744154863990634
1995-08-20 22:58:00,34.0,27.90884101236245
1995-08-20 22:59:00,39.0,32.16834628829335
1995-08-20 23:00:00,21.0,34.09165191624756
1995-08-20 23:01:00,32.0,27.948878781772745
1995-08-20 23:02:00,38.0,31.951395482405
1995-08-20 23:03:00,37.0,33.60883787671849
1995-08-20 23:04:00,27.0,34.33455694530641
1995-08-20 23:05:00,37.0,32.28810191177728
1995-08-20 23:06:00,38.0,34.13999920188004
1995-08-20 23:07:00,26.0,34.24572702000029
1995-08-20 23:08:00,31.0,31.164566059225074
1995-08-20 23:09:00,58.0,32.71942024301579
1995-08-20 23:10:00,52.0,41.61896723321439
1995-08-20 23:11:00,45.0,41.284554767713075
1995-08-20 23:12:00,33.0,39.65739542289309
1995-08-20 23:13:00,32.0,35.665488723233125
1995-08-20 23:14:00,29.0,34.95377692997328
1995-08-20 23:15:00,37.0,34.60693454536419
1995-08-20 23:16:00,23.0,36.38354012512921
1995-08-20 23:17:00,34.0,30.657475291236842
1995-08-20 23:18:00,46.0,32.52882823944151
1995-08-20 23:19:00,53.0,34.40418074296573
1995-08-20 23:20:00,33.0,40.45277422267988
1995-08-20 23:21:00,27.0,35.0690825002049
1995-08-20 23:22:00,39.0,32.57377179005873
1995-08-20 23:23:00,32.0,33.55530688642449
1995-08-20 23:24:00,30.0,34.01774311356946
1995-08-20 23:25:00,23.0,32.26720285719793
1995-08-20 23:26:00,21.0,29.029439613660436
1995-08-20 23:27:00,25.0,27.46456670810809
1995-08-20 23:28:00,23.0,27.64937724622842
1995-08-20 23:29:00,9.0,27.32202957166868
1995-08-20 23:30:00,40.0,22.9753953021747
1995-08-20 23:31:00,28.0,32.743383617483964
1995-08-20 23:32:00,21.0,30.497185841782404
1995-08-20 23:33:00,24.0,27.149668154123123
1995-08-20 23:34:00,11.0,28.219411173391947
1995-08-20 23:35:00,20.0,23.337686497184254
1995-08-20 23:36:00,41.0,25.67002662543003
1995-08-20 23:37:00,20.0,32.826328592429974
1995-08-20 23:38:00,24.0,26.027176527087825
1995-08-20 23:39:00,19.0,27.575900325027906
1995-08-20 23:40:00,7.0,26.33849816400145
1995-08-20 23:41:00,13.0,21.150476523705752
1995-08-20 23:42:00,22.0,21.399510247742466
1995-08-20 23:43:00,19.0,23.288488456294367
1995-08-20 23:44:00,25.0,23.536814883189592
1995-08-20 23:45:00,55.0,24.33689688447489
1995-08-20 23:46:00,30.0,30.57030781321055
1995-08-20 23:47:00,32.0,29.494111576877224
1995-08-20 23:48:00,21.0,30.236491880369986
1995-08-20 23:49:00,33.0,25.29027289698207
1995-08-20 23:50:00,20.0,30.08648559843099
1995-08-20 23:51:00,47.0,25.78632950503239
1995-08-20 23:52:00,51.0,33.249976558446996
1995-08-20 23:53:00,51.0,34.93923312953413
1995-08-20 23:54:00,48.0,35.72015601667717
1995-08-20 23:55:00,33.0,35.443818341571074
1995-08-20 23:56:00,57.0,31.37185077602779
1995-08-20 23:57:00,46.0,39.02547876830163
1995-08-20 23:58:00,42.0,37.15091467508682
1995-08-20 23:59:00,29.0,37.7150182673089
1995-08-21 00:00:00,37.0,32.16395462037254
1995-08-21 00:01:00,42.0,33.7338876974842
1995-08-21 00:02:00,25.0,35.50120385482413
1995-08-21 00:03:00,44.0,30.0615678269736
1995-08-21 00:04:00,52.0,35.17712235018954
1995-08-21 00:05:00,34.0,39.51680310671746
1995-08-21 00:06:00,43.0,35.1354885715828
1995-08-21 00:07:00,29.0,38.519230563708845
1995-08-21 00:08:00,40.0,34.21290520605933
1995-08-21 00:09:00,32.0,34.56810182101854
1995-08-21 00:10:00,17.0,33.30096117844365
1995-08-21 00:11:00,30.0,28.43331723204932
1995-08-21 00:12:00,26.0,30.525512059377313
1995-08-21 00:13:00,22.0,28.294203655541374
1995-08-21 00:14:00,20.0,25.57472932874506
1995-08-21 00:15:00,20.0,26.728812708161918
1995-08-21 00:16:00,17.0,27.400556020694484
1995-08-21 00:17:00,9.0,24.38999289147676
1995-08-21 00:18:00,37.0,21.3087342621913
1995-08-21 00:19:00,18.0,29.20633354726059
1995-08-21 00:20:00,12.0,24.992367094574373
1995-08-21 00:21:00,24.0,21.57318950876679
1995-08-21 00:22:00,21.0,26.59395794789221
1995-08-21 00:23:00,13.0,24.744550108635895
1995-08-21 00:24:00,39.0,22.924897811995244
1995-08-21 00:25:00,43.0,28.491842480055325
1995-08-21 00:26:00,40.0,30.914907017132755
1995-08-21 00:27:00,21.0,32.6602247926127
1995-08-21 00:28:00,26.0,26.22363374908726
1995-08-21 00:29:00,29.0,27.053160280425313
1995-08-21 00:30:00,17.0,29.513736935666337
1995-08-21 00:31:00,28.0,26.532988186432295
1995-08-21 00:32:00,34.0,28.34686325697357
1995-08-21 00:33:00,22.0,29.10801558882789
1995-08-21 00:34:00,27.0,26.163902068087342
1995-08-21 00:35:00,40.0,26.183769716904248
1995-08-21 00:36:00,30.0,30.764023493997918
1995-08-21 00:37:00,25.0,27.978041277812558
1995-08-21 00:38:00,28.0,27.5596887584826
1995-08-21 00:39:00,23.0,26.263397390579787
1995-08-21 00:40:00,31.0,25.98409977310513
1995-08-21 00:41:00,31.0,27.108561303941862
1995-08-21 00:42:00,37.0,28.010837072011796
1995-08-21 00:43:00,34.0,29.777362783530553
1995-08-21 00:44:00,26.0,29.47294002032437
1995-08-21 00:45:00,43.0,27.727215779029862
1995-08-21 00:46:00,31.0,32.4041852689091
1995-08-21 00:47:00,28.0,29.37537651352716
1995-08-21 00:48:00,24.0,29.816796785590363
1995-08-21 00:49:00,17.0,28.070248868575625
1995-08-21 00:50:00,18.0,24.160520452923556
1995-08-21 00:51:00,32.0,22.22966304755808
1995-08-21 00:52:00,30.0,28.37732631889737
1995-08-21 00:53:00,12.0,28.71110625834588
1995-08-21 00:54:00,21.0,21.128322752687478
1995-08-21 00:55:00,25.0,23.616475229630908
1995-08-21 00:56:00,35.0,27.183035784262444
1995-08-21 00:57:00,22.0,29.893487279354584
1995-08-21 00:58:00,29.0,24.028940562195718
1995-08-21 00:59:00,49.0,27.12617043360366
1995-08-21 01:00:00,22.0,31.404891339199498
1995-08-21 01:01:00,46.0,28.36343516339553
1995-08-21 01:02:00,44.0,33.31714662824208
1995-08-21 01:03:00,40.0,33.329334891518755
1995-08-21 01:04:00,28.0,34.452291739566235
1995-08-21 01:05:00,33.0,30.432100953180388
1995-08-21 01:06:00,21.0,31.235240513243614
1995-08-21 01:07:00,12.0,27.664624158903177
1995-08-21 01:08:00,30.0,24.346485430631645
1995-08-21 01:09:00,20.0,27.899586572355094
1995-08-21 01:10:00,13.0,23.877862036262197
1995-08-21 01:11:00,28.0,22.694189829580093
1995-08-21 01:12:00,13.0,25.563988088713003
1995-08-21 01:13:00,19.0,21.1073574885866
1995-08-21 01:14:00,14.0,22.9654577805961
1995-08-21 01:15:00,13.0,19.73825753603525
1995-08-21 01:16:00,12.0,18.77552520489607
1995-08-21 01:17:00,21.0,19.598653539670618
1995-08-21 01:18:00,25.0,21.61285029037425
1995-08-21 01:19:00,15.0,23.976924038518817
1995-08-21 01:20:00,20.0,19.655765381578284
1995-08-21 01:21:00,28.0,22.036767050956886
1995-08-21 01:22:00,43.0,23.357147257171857
1995-08-21 01:23:00,44.0,27.241189472101034
1995-08-21 01:24:00,27.0,29.825502277171726
1995-08-21 01:25:00,50.0,26.188181626404305
1995-08-21 01:26:00,28.0,32.32497718816241
1995-08-21 01:27:00,42.0,29.58230001429763
1995-08-21 01:28:00,23.0,29.843825594416188
1995-08-21 01:29:00,21.0,25.510368830636033
1995-08-21 01:30:00,33.0,25.480090061687516
1995-08-21 01:31:00,19.0,29.16916731413275
1995-08-21 01:32:00,5.0,24.419976675482495
1995-08-21 01:33:00,24.0,18.628193174482305
1995-08-21 01:34:00,18.0,24.63576473150305
1995-08-21 01:35:00,21.0,21.626621985631804
1995-08-21 01:36:00,29.0,23.42653084046568
1995-08-21 01:37:00,56.0,24.57404326705192
1995-08-21 01:38:00,20.0,31.30188934417256
1995-08-21 01:39:00,32.0,26.1432566999052
1995-08-21 01:40:00,36.0,28.32174939252535
1995-08-21 01:41:00,35.0,28.928343809534404
1995-08-21 01:42:00,30.0,31.10828177616125
1995-08-21 01:43:00,9.0,28.307191037487243
1995-08-21 01:44:00,23.0,21.073309620258378
1995-08-21 01:45:00,14.0,23.540820635723026
1995-08-21 01:46:00,26.0,20.08461665933411
1995-08-21 01:47:00,27.0,23.752763220736178
1995-08-21 01:48:00,21.0,25.53758787882199
1995-08-21 01:49:00,20.0,22.14584420159609
1995-08-21 01:50:00,28.0,24.06217093742075
1995-08-21 01:51:00,34.0,25.872571175428362
1995-08-21 01:52:00,15.0,29.214903696545495
1995-08-21 01:53:00,24.0,22.574116053514114
1995-08-21 01:54:00,28.0,26.43536117274419
1995-08-21 01:55:00,37.0,27.097080163608233
1995-08-21 01:56:00,27.0,30.888997804600614
1995-08-21 01:57:00,33.0,26.548606805523065
1995-08-21 01:58:00,17.0,27.046766630099533
1995-08-21 01:59:00,24.0,23.20473764124428
1995-08-21 02:00:00,15.0,26.0595505527737
1995-08-21 02:01:00,62.0,21.635245727882115
1995-08-21 02:02:00,13.0,33.029722141432835
1995-08-21 02:03:00,28.0,21.14927682525014
1995-08-21 02:04:00,28.0,26.372356338699596
1995-08-21 02:05:00,17.0,25.71752116733284
1995-08-21 02:06:00,9.0,22.405724739344247
1995-08-21 02:07:00,10.0,18.448423995961438
1995-08-21 02:08:00,4.0,17.682235844175352
1995-08-21 02:09:00,22.0,15.534218284404302
1995-08-21 02:10:00,11.0,19.73106807417235
1995-08-21 02:11:00,13.0,16.570498705452014
1995-08-21 02:12:00,14.0,16.462916614289593
1995-08-21 02:13:00,6.0,18.497228978200386
1995-08-21 02:14:00,22.0,14.250043437265813
1995-08-21 02:15:00,15.0,19.87757819280137
1995-08-21 02:16:00,11.0,18.000733814096385
1995-08-21 02:17:00,14.0,14.997693879726876
1995-08-21 02:18:00,18.0,15.225184036981165
1995-08-21 02:19:00,19.0,17.34289826858695
1995-08-21 02:20:00,8.0,18.837018209861704
1995-08-21 02:21:00,15.0,14.437875889003292
1995-08-21 02:22:00,12.0,15.711496161585808
1995-08-21 02:23:00,21.0,15.285015445761822
1995-08-21 02:24:00,20.0,16.984578162437753
1995-08-21 02:25:00,13.0,18.742765721295097
1995-08-21 02:26:00,6.0,16.182499749518513
1995-08-21 02:27:00,14.0,13.597259483828168
1995-08-21 02:28:00,22.0,15.51869197745869
1995-08-21 02:29:00,28.0,17.140355484721052
1995-08-21 02:30:00,43.0,19.173629234676934
1995-08-21 02:31:00,34.0,24.324727130861454
1995-08-21 02:32:00,32.0,24.477784345209624
1995-08-21 02:33:00,58.0,23.889254137176376
1995-08-21 02:34:00,47.0,32.2439301874635
1995-08-21 02:35:00,37.0,33.147074059231365
1995-08-21 02:36:00,27.0,31.660468106526015
1995-08-21 02:37:00,13.0,25.98759106516403
1995-08-21 02:38:00,15.0,21.627434233459205
1995-08-21 02:39:00,30.0,22.954505720196636
1995-08-21 02:40:00,13.0,24.74703452413574
1995-08-21 02:41:00,17.0,21.212875812135636
1995-08-21 02:42:00,17.0,20.344007766093114
1995-08-21 02:43:00,9.0,21.96692870004612
1995-08-21 02:44:00,13.0,17.72928556597839
1995-08-21 02:45:00,20.0,18.62440953316382
1995-08-21 02:46:00,16.0,21.118081105429308
1995-08-21 02:47:00,8.0,19.333171376065074
1995-08-21 02:48:00,17.0,16.87188052339046
1995-08-21 02:49:00,18.0,18.22743069013944
1995-08-21 02:50:00,10.0,18.566553951905608
1995-08-21 02:51:00,3.0,16.919430182088842
1995-08-21 02:52:00,7.0,10.614912968504672
1995-08-21 02:53:00,21.0,12.792166609881546
1995-08-21 02:54:00,41.0,19.088418718834212
1995-08-21 02:55:00,35.0,25.31736699572553
1995-08-21 02:56:00,28.0,25.92190183138291
1995-08-21 02:57:00,19.0,22.157191394126595
1995-08-21 02:58:00,33.0,19.938030931189004
1995-08-21 02:59:00,15.0,23.95291322047106
1995-08-21 03:00:00,22.0,20.317643464149644
1995-08-21 03:01:00,23.0,21.380327068279495
1995-08-21 03:02:00,29.0,22.217575152234645
1995-08-21 03:03:00,15.0,22.943665408923316
1995-08-21 03:04:00,8.0,18.911277075892166
1995-08-21 03:05:00,10.0,15.605154698582481
1995-08-21 03:06:00,23.0,16.073173126607465
1995-08-21 03:07:00,21.0,20.024352201420054
1995-08-21 03:08:00,13.0,19.50066269984593
1995-08-21 03:09:00,29.0,17.036141669751764
1995-08-21 03:10:00,9.0,21.152197709034642
1995-08-21 03:11:00,4.0,16.40843034148481
1995-08-21 03:12:00,9.0,13.47867879613422
1995-08-21 03:13:00,11.0,14.52059080129758
1995-08-21 03:14:00,9.0,14.236356873330946
1995-08-21 03:15:00,25.0,14.022215776115457
1995-08-21 03:16:00,11.0,18.176675257213763
1995-08-21 03:17:00,11.0,14.922029758431297
1995-08-21 03:18:00,7.0,14.696495181306894
1995-08-21 03:19:00,8.0,12.088692661266885
1995-08-21 03:20:00,22.0,13.175422568826555
1995-08-21 03:21:00,31.0,17.417521624547803
1995-08-21 03:22:00,4.0,20.736532123631413
1995-08-21 03:23:00,15.0,13.225944118678932
1995-08-21 03:24:00,14.0,15.387766624678033
1995-08-21 03:25:00,7.0,17.623670772532645
1995-08-21 03:26:00,19.0,13.526926085390155
1995-08-21 03:27:00,12.0,16.283089358256746
1995-08-21 03:28:00,9.0,14.764685345982189
1995-08-21 03:29:00,10.0,13.448686101322375
1995-08-21 03:30:00,27.0,13.592992141939977
1995-08-21 03:31:00,32.0,19.667312899497663
1995-08-21 03:32:00,13.0,19.66630508092744
1995-08-21 03:33:00,38.0,15.980238174009196
1995-08-21 03:34:00,13.0,23.52702442092972
1995-08-21 03:35:00,19.0,17.381280287021237
1995-08-21 03:36:00,22.0,18.734310496103564
1995-08-21 03:37:00,26.0,18.06901729119297
1995-08-21 03:38:00,13.0,20.171056247760376
1995-08-21 03:39:00,19.0,17.391969411701456
1995-08-21 03:40:00,22.0,18.80540154904514
1995-08-21 03:41:00,23.0,18.800559318969857
1995-08-21 03:42:00,20.0,19.20418137767129
1995-08-21 03:43:00,6.0,19.231462500446643
1995-08-21 03:44:00,12.0,13.2161649040582
1995-08-21 03:45:00,12.0,14.63632786911656
1995-08-21 03:46:00,23.0,16.024269926021752
1995-08-21 03:47:00,19.0,19.814730990064085
1995-08-21 03:48:00,12.0,17.746204957983213
1995-08-21 03:49:00,23.0,14.510494482551627
1995-08-21 03:50:00,27.0,18.813293750107118
1995-08-21 03:51:00,37.0,20.025315595354336
1995-08-21 03:52:00,17.0,24.39060318393533
1995-08-21 03:53:00,29.0,19.539498164349077
1995-08-21 03:54:00,16.0,22.997320611353093
1995-08-21 03:55:00,14.0,20.464353027410695
1995-08-21 03:56:00,11.0,20.440214162667456
1995-08-21 03:57:00,33.0,17.100665778035737
1995-08-21 03:58:00,29.0,21.486334388893464
1995-08-21 03:59:00,9.0,21.027912845481772
1995-08-21 04:00:00,16.0,17.46796859247973
1995-08-21 04:01:00,19.0,18.124057099533218
1995-08-21 04:02:00,38.0,18.862856468942848
1995-08-21 04:03:00,22.0,23.812798558667318
1995-08-21 04:04:00,7.0,21.149598232998127
1995-08-21 04:05:00,11.0,15.624552140073341
1995-08-21 04:06:00,15.0,17.72591325637483
1995-08-21 04:07:00,1.0,18.42424303286722
1995-08-21 04:08:00,14.0,11.42714808775988
1995-08-21 04:09:00,9.0,16.256689224918762
1995-08-21 04:10:00,8.0,15.097168060894147
1995-08-21 04:11:00,9.0,13.220794907161098
1995-08-21 04:12:00,17.0,13.562952974284206
1995-08-21 04:13:00,14.0,15.731778428332202
1995-08-21 04:14:00,25.0,15.397940080415673
1995-08-21 04:15:00,8.0,17.39050019266314
1995-08-21 04:16:00,16.0,13.49886653563106
1995-08-21 04:17:00,13.0,16.497214384729435
1995-08-21 04:18:00,15.0,16.21716289110839
1995-08-21 04:19:00,27.0,16.490834127526075
1995-08-21 04:20:00,19.0,19.433615892555835
1995-08-21 04:21:00,22.0,16.71579657407684
1995-08-21 04:22:00,5.0,17.760959542049065
1995-08-21 04:23:00,7.0,12.632597329318376
1995-08-21 04:24:00,12.0,11.635304431680057
1995-08-21 04:25:00,9.0,12.95458906002399
1995-08-21 04:26:00,17.0,12.752370403774174
1995-08-21 04:27:00,16.0,14.593785692343964
1995-08-21 04:28:00,13.0,14.0736514091858
1995-08-21 04:29:00,11.0,13.129648571840189
1995-08-21 04:30:00,15.0,13.29103201935325
1995-08-21 04:31:00,4.0,14.940042493646468
1995-08-21 04:32:00,36.0,10.430115532245395
1995-08-21 04:33:00,24.0,22.15801132806067
1995-08-21 04:34:00,15.0,19.9590794458429
1995-08-21 04:35:00,16.0,15.797041465884384
1995-08-21 04:36:00,21.0,15.50959157669482
1995-08-21 04:37:00,31.0,17.62186004954776
1995-08-21 04:38:00,35.0,20.24527497588486
1995-08-21 04:39:00,21.0,23.35543278728952
1995-08-21 04:40:00,10.0,18.695980496629375
1995-08-21 04:41:00,12.0,16.824243340924976
1995-08-21 04:42:00,5.0,16.297978897669708
1995-08-21 04:43:00,5.0,13.526040645777984
1995-08-21 04:44:00,9.0,12.964252895977419
1995-08-21 04:45:00,11.0,14.850190082347934
1995-08-21 04:46:00,10.0,13.850833533894116
1995-08-21 04:47:00,14.0,13.819799091451967
1995-08-21 04:48:00,18.0,14.801739891015893
1995-08-21 04:49:00,12.0,15.159984652386823
1995-08-21 04:50:00,15.0,13.419954487037844
1995-08-21 04:51:00,8.0,14.95440398746163
1995-08-21 04:52:00,10.0,12.551571798754479
1995-08-21 04:53:00,10.0,13.06532294075294
1995-08-21 04:54:00,9.0,12.310094486811177
1995-08-21 04:55:00,2.0,11.450672584342072
1995-08-21 04:56:00,11.0,8.894657005275516
1995-08-21 04:57:00,12.0,11.789697136070538
1995-08-21 04:58:00,14.0,11.676256493044374
1995-08-21 04:59:00,5.0,13.310848006014597
1995-08-21 05:00:00,17.0,10.632635951475567
1995-08-21 05:01:00,1.0,14.279345459240517
1995-08-21 05:02:00,7.0,8.214002139129821
1995-08-21 05:03:00,23.0,10.876625607250018
1995-08-21 05:04:00,30.0,19.19129537496846
1995-08-21 05:05:00,3.0,20.390134822209006
1995-08-21 05:06:00,14.0,11.403802427802184
1995-08-21 05:07:00,20.0,13.151450089789213
1995-08-21 05:08:00,28.0,14.88693852277712
1995-08-21 05:09:00,31.0,17.997703643659946
1995-08-21 05:10:00,11.0,19.56076977167377
1995-08-21 05:11:00,11.0,15.242833194149707
1995-08-21 05:12:00,7.0,14.053523840281015
1995-08-21 05:13:00,16.0,12.11293925009841
1995-08-21 05:14:00,25.0,15.238855940195023
1995-08-21 05:15:00,22.0,18.034020354037857
1995-08-21 05:16:00,13.0,17.70168730112271
1995-08-21 05:17:00,7.0,16.061593004563047
1995-08-21 05:18:00,8.0,13.298413485541158
1995-08-21 05:19:00,12.0,14.039133034376594
1995-08-21 05:20:00,16.0,13.39320131998079
1995-08-21 05:21:00,9.0,13.680078133548331
1995-08-21 05:22:00,9.0,13.559845378135638
1995-08-21 05:23:00,4.0,12.534392445091559
1995-08-21 05:24:00,29.0,10.42582556417559
1995-08-21 05:25:00,34.0,17.720298182270064
1995-08-21 05:26:00,23.0,20.15944825888481
1995-08-21 05:27:00,60.0,18.349027402140873
1995-08-21 05:28:00,15.0,28.630402752027855
1995-08-21 05:29:00,26.0,17.93043880810282
1995-08-21 05:30:00,4.0,22.59971744838524
1995-08-21 05:31:00,22.0,14.677384833886128
1995-08-21 05:32:00,15.0,18.832002379814178
1995-08-21 05:33:00,13.0,17.86180800675893
1995-08-21 05:34:00,11.0,17.048065330197424
1995-08-21 05:35:00,25.0,16.40929785820754
1995-08-21 05:36:00,11.0,19.228522907313284
1995-08-21 05:37:00,6.0,17.37744984772101
1995-08-21 05:38:00,32.0,13.717853607352007
1995-08-21 05:39:00,13.0,22.10024143427253
1995-08-21 05:40:00,28.0,18.001960749135833
1995-08-21 05:41:00,36.0,21.63559080915679
1995-08-21 05:42:00,30.0,24.534568900213458
1995-08-21 05:43:00,10.0,23.291063464332293
1995-08-21 05:44:00,19.0,17.39945798334683
1995-08-21 05:45:00,24.0,19.016343809951042
1995-08-21 05:46:00,54.0,20.49441520312255
1995-08-21 05:47:00,8.0,28.56509470307064
1995-08-21 05:48:00,20.0,18.28779479202822
1995-08-21 05:49:00,23.0,21.426636597193117
1995-08-21 05:50:00,32.0,21.20999209313884
1995-08-21 05:51:00,23.0,25.179330329468538
1995-08-21 05:52:00,9.0,23.113004467881872
1995-08-21 05:53:00,6.0,18.348084731287084
1995-08-21 05:54:00,12.0,16.487780026530046
1995-08-21 05:55:00,18.0,16.14180512281697
1995-08-21 05:56:00,19.0,19.931560787725665
1995-08-21 05:57:00,26.0,20.614036203503392
1995-08-21 05:58:00,26.0,21.144804408144612
1995-08-21 05:59:00,20.0,21.705251694755702
1995-08-21 06:00:00,19.0,20.833684279800824
1995-08-21 06:01:00,10.0,20.595309951323742
1995-08-21 06:02:00,21.0,16.795104171845157
1995-08-21 06:03:00,7.0,18.22442199797904
1995-08-21 06:04:00,23.0,14.389363401243596
1995-08-21 06:05:00,43.0,20.624651067773474
1995-08-21 06:06:00,34.0,24.81440685428261
1995-08-21 06:07:00,21.0,25.74590347282675
1995-08-21 06:08:00,28.0,22.307498102501256
1995-08-21 06:09:00,22.0,22.807747285103353
1995-08-21 06:10:00,18.0,20.997542207977556
1995-08-21 06:11:00,12.0,22.18671448593485
1995-08-21 06:12:00,11.0,17.549880583592756
1995-08-21 06:13:00,24.0,16.530166332355456
1995-08-21 06:14:00,12.0,20.970205288308833
1995-08-21 06:15:00,21.0,17.9129991703408
1995-08-21 06:16:00,16.0,19.258759072867612
1995-08-21 06:17:00,20.0,18.96747969545545
1995-08-21 06:18:00,6.0,20.632954296914345
1995-08-21 06:19:00,7.0,15.100494553753146
1995-08-21 06:20:00,17.0,14.451913529107257
1995-08-21 06:21:00,11.0,17.87486511296822
1995-08-21 06:22:00,16.0,15.694615857821454
1995-08-21 06:23:00,23.0,16.60324218689409
1995-08-21 06:24:00,27.0,19.275915774701122
1995-08-21 06:25:00,23.0,19.98263012341241
1995-08-21 06:26:00,27.0,19.806562955248754
1995-08-21 06:27:00,30.0,20.65833950726482
1995-08-21 06:28:00,20.0,22.746588447957784
1995-08-21 06:29:00,32.0,21.719388561552847
1995-08-21 06:30:00,13.0,23.457991162734228
1995-08-21 06:31:00,4.0,19.105959726207388
1995-08-21 06:32:00,23.0,15.249072106897202
1995-08-21 06:33:00,15.0,18.846294953588004
1995-08-21 06:34:00,4.0,17.08329884209208
1995-08-21 06:35:00,20.0,13.413316157434195
1995-08-21 06:36:00,8.0,18.900079930256272
1995-08-21 06:37:00,2.0,14.469395128770085
1995-08-21 06:38:00,4.0,10.593243987425296
1995-08-21 06:39:00,18.0,10.345083439380929
1995-08-21 06:40:00,9.0,16.03496570209881
1995-08-21 06:41:00,5.0,14.331385224951386
1995-08-21 06:42:00,5.0,11.2541846967201
1995-08-21 06:43:00,24.0,10.812281839899764
1995-08-21 06:44:00,10.0,17.896126907086465
1995-08-21 06:45:00,7.0,13.93057204944769
1995-08-21 06:46:00,20.0,11.704960471011672
1995-08-21 06:47:00,32.0,14.92483677524245
1995-08-21 06:48:00,15.0,20.358937618597466
1995-08-21 06:49:00,22.0,15.991576191035577
1995-08-21 06:50:00,13.0,18.573633493476393
1995-08-21 06:51:00,22.0,16.02766959222345
1995-08-21 06:52:00,20.0,18.850510989700187
1995-08-21 06:53:00,17.0,18.977655939676968
1995-08-21 06:54:00,13.0,17.938423411393128
1995-08-21 06:55:00,37.0,16.454826901548415
1995-08-21 06:56:00,25.0,23.63172423732229
1995-08-21 06:57:00,32.0,21.748893305080262
1995-08-21 06:58:00,30.0,23.127091664275298
1995-08-21 06:59:00,33.0,22.614047604726977
1995-08-21 07:00:00,13.0,25.549329840328138
1995-08-21 07:01:00,4.0,21.293289231109767
1995-08-21 07:02:00,23.0,16.259148499734717
1995-08-21 07:03:00,8.0,21.066971219552315
1995-08-21 07:04:00,14.0,17.307457936710176
1995-08-21 07:05:00,17.0,18.223699026507497
1995-08-21 07:06:00,11.0,18.159658240226523
1995-08-21 07:07:00,19.0,17.119571776231098
1995-08-21 07:08:00,17.0,20.01290100447286
1995-08-21 07:09:00,25.0,20.271800159914573
1995-08-21 07:10:00,21.0,21.559799798196416
1995-08-21 07:11:00,15.0,23.35301204176568
1995-08-21 07:12:00,18.0,21.537598275068373
1995-08-21 07:13:00,26.0,21.92304352047871
1995-08-21 07:14:00,19.0,22.81731398430559
1995-08-21 07:15:00,30.0,22.249973016076854
1995-08-21 07:16:00,32.0,24.417328414540105
1995-08-21 07:17:00,16.0,24.494762012985067
1995-08-21 07:18:00,21.0,23.53408396207091
1995-08-21 07:19:00,18.0,23.760851629992146
1995-08-21 07:20:00,35.0,24.532903830607424
1995-08-21 07:21:00,20.0,28.266341085148987
1995-08-21 07:22:00,10.0,25.302524182729364
1995-08-21 07:23:00,27.0,21.928803190767827
1995-08-21 07:24:00,15.0,22.010028885515723
1995-08-21 07:25:00,17.0,23.617911165553988
1995-08-21 07:26:00,22.0,23.207345301340297
1995-08-21 07:27:00,29.0,23.513886884386846
1995-08-21 07:28:00,24.0,25.30718538401086
1995-08-21 07:29:00,46.0,22.20992904417474
1995-08-21 07:30:00,20.0,27.299611440544698
1995-08-21 07:31:00,8.0,24.67673095424608
1995-08-21 07:32:00,30.0,19.156835017137738
1995-08-21 07:33:00,11.0,25.47260122472095
1995-08-21 07:34:00,5.0,19.20404274028314
1995-08-21 07:35:00,29.0,16.277508184936046
1995-08-21 07:36:00,24.0,24.828837976027746
1995-08-21 07:37:00,18.0,25.398185997112893
1995-08-21 07:38:00,27.0,23.64336026930555
1995-08-21 07:39:00,36.0,24.883691422284706
1995-08-21 07:40:00,22.0,28.43588621563787
1995-08-21 07:41:00,49.0,25.530829515800175
1995-08-21 07:42:00,43.0,30.62167972970117
1995-08-21 07:43:00,46.0,34.44850828837594
1995-08-21 07:44:00,17.0,34.43477756564752
1995-08-21 07:45:00,53.0,27.32060506826993
1995-08-21 07:46:00,34.0,33.93111765390818
1995-08-21 07:47:00,50.0,34.461373580832735
1995-08-21 07:48:00,28.0,35.94265905500473
1995-08-21 07:49:00,50.0,31.298603779944205
1995-08-21 07:50:00,19.0,35.38235372118589
1995-08-21 07:51:00,16.0,32.599469528499306
1995-08-21 07:52:00,21.0,27.850307655406965
1995-08-21 07:53:00,51.0,28.588442950425506
1995-08-21 07:54:00,20.0,35.74693354976417
1995-08-21 07:55:00,28.0,29.244761023958148
1995-08-21 07:56:00,28.0,32.1295164781823
1995-08-21 07:57:00,13.0,30.75659663253129
1995-08-21 07:58:00,29.0,26.237440414562847
1995-08-21 07:59:00,33.0,30.195764738570254
1995-08-21 08:00:00,33.0,31.801471302769365
1995-08-21 08:01:00,30.0,30.07283346801383
1995-08-21 08:02:00,49.0,30.60064544616848
1995-08-21 08:03:00,43.0,37.347646958094415
1995-08-21 08:04:00,38.0,36.980515836349525
1995-08-21 08:05:00,36.0,35.56437480681033
1995-08-21 08:06:00,35.0,37.56846164701847
1995-08-21 08:07:00,33.0,35.34452985214031
1995-08-21 08:08:00,29.0,36.31207857914657
1995-08-21 08:09:00,15.0,35.19838220239188
1995-08-21 08:10:00,13.0,30.242254114920726
1995-08-21 08:11:00,36.0,25.885618267284983
1995-08-21 08:12:00,43.0,33.30982520695286
1995-08-21 08:13:00,25.0,37.0942075654142
1995-08-21 08:14:00,23.0,32.346864060458216
1995-08-21 08:15:00,29.0,29.53977236254586
1995-08-21 08:16:00,39.0,31.16325871613579
1995-08-21 08:17:00,24.0,34.47940612565817
1995-08-21 08:18:00,53.0,30.208907458814444
1995-08-21 08:19:00,39.0,36.92540167063351
1995-08-21 08:20:00,26.0,36.78508055164302
1995-08-21 08:21:00,54.0,33.541327861423476
1995-08-21 08:22:00,43.0,41.70585128311399
1995-08-21 08:23:00,24.0,40.422772160157585
1995-08-21 08:24:00,34.0,34.28044186001208
1995-08-21 08:25:00,12.0,32.64769932812051
1995-08-21 08:26:00,17.0,28.68226439426016
1995-08-21 08:27:00,29.0,30.310055702583934
1995-08-21 08:28:00,65.0,31.139988792262137
1995-08-21 08:29:00,31.0,43.1323833172474
1995-08-21 08:30:00,47.0,35.92730470985983
1995-08-21 08:31:00,39.0,38.73656869285629
1995-08-21 08:32:00,42.0,38.41460607728882
1995-08-21 08:33:00,26.0,41.392073829029776
1995-08-21 08:34:00,61.0,35.81042037066562
1995-08-21 08:35:00,32.0,44.55615868714427
1995-08-21 08:36:00,64.0,38.11852359290446
1995-08-21 08:37:00,30.0,46.702480973463175
1995-08-21 08:38:00,35.0,37.74405299958881
1995-08-21 08:39:00,27.0,39.06702336349379
1995-08-21 08:40:00,32.0,36.709820868272544
1995-08-21 08:41:00,38.0,36.045572943610544
1995-08-21 08:42:00,36.0,37.933979118436746
1995-08-21 08:43:00,42.0,38.9786675501301
1995-08-21 08:44:00,25.0,39.79388566614375
1995-08-21 08:45:00,13.0,35.893165967835415
1995-08-21 08:46:00,11.0,30.019284225412772
1995-08-21 08:47:00,28.0,27.986143054252803
1995-08-21 08:48:00,40.0,29.34861821042031
1995-08-21 08:49:00,24.0,36.88475496991246
1995-08-21 08:50:00,36.0,33.79018996695279
1995-08-21 08:51:00,38.0,35.06356942915366
1995-08-21 08:52:00,47.0,35.49197154446617
1995-08-21 08:53:00,30.0,41.174992337017976
1995-08-21 08:54:00,20.0,35.52636623318622
1995-08-21 08:55:00,35.0,31.183036503473772
1995-08-21 08:56:00,27.0,33.67858617172678
1995-08-21 08:57:00,26.0,34.02705012354704
1995-08-21 08:58:00,37.0,33.690236475922475
1995-08-21 08:59:00,19.0,34.70192367436443
1995-08-21 09:00:00,32.0,30.624945892271025
1995-08-21 09:01:00,36.0,34.3557461607821
1995-08-21 09:02:00,46.0,34.607883779259005
1995-08-21 09:03:00,26.0,37.567382219598954
1995-08-21 09:04:00,32.0,33.42369737767223
1995-08-21 09:05:00,38.0,35.47281831689108
1995-08-21 09:06:00,22.0,37.13126549421609
1995-08-21 09:07:00,33.0,32.35436905481078
1995-08-21 09:08:00,24.0,33.5506221400444
1995-08-21 09:09:00,20.0,31.295799357308
1995-08-21 09:10:00,17.0,28.860587164398332
1995-08-21 09:11:00,42.0,26.559074193206985
1995-08-21 09:12:00,19.0,34.48052962379673
1995-08-21 09:13:00,48.0,27.328157855710405
1995-08-21 09:14:00,47.0,35.348652200415
1995-08-21 09:15:00,56.0,38.434803772675465
1995-08-21 09:16:00,38.0,44.89873504695081
1995-08-21 09:17:00,13.0,39.63133089255701
1995-08-21 09:18:00,40.0,31.627512453496152
1995-08-21 09:19:00,46.0,36.37093224082096
1995-08-21 09:20:00,17.0,38.53703967033917
1995-08-21 09:21:00,19.0,34.16783354574077
1995-08-21 09:22:00,19.0,29.782565947616906
1995-08-21 09:23:00,37.0,28.239354834591897
1995-08-21 09:24:00,17.0,32.354841647156874
1995-08-21 09:25:00,35.0,28.247377892145703
1995-08-21 09:26:00,26.0,31.136561888907796
1995-08-21 09:27:00,48.0,31.144542984664238
1995-08-21 09:28:00,54.0,37.53576167071775
1995-08-21 09:29:00,23.0,43.175965496165794
1995-08-21 09:30:00,34.0,33.96888038585493
1995-08-21 09:31:00,44.0,35.02956549825155
1995-08-21 09:32:00,32.0,37.69320589051501
1995-08-21 09:33:00,55.0,35.6783340588689
1995-08-21 09:34:00,42.0,42.1301850311104
1995-08-21 09:35:00,51.0,40.680070966382836
1995-08-21 09:36:00,26.0,43.4158064779323
1995-08-21 09:37:00,34.0,35.96035486151686
1995-08-21 09:38:00,69.0,37.945538021106934
1995-08-21 09:39:00,59.0,48.35672514904426
1995-08-21 09:40:00,40.0,49.956789047214095
1995-08-21 09:41:00,66.0,42.93984708763676
1995-08-21 09:42:00,46.0,52.3446667337312
1995-08-21 09:43:00,43.0,46.23648184384631
1995-08-21 09:44:00,32.0,48.95472414825856
1995-08-21 09:45:00,54.0,41.09242844884333
1995-08-21 09:46:00,25.0,47.62218443366057
1995-08-21 09:47:00,41.0,37.76508868205759
1995-08-21 09:48:00,45.0,41.649723170438925
1995-08-21 09:49:00,69.0,44.900929189697784
1995-08-21 09:50:00,57.0,53.52097830302011
1995-08-21 09:51:00,45.0,52.37543888427253
1995-08-21 09:52:00,62.0,46.41300793364904
1995-08-21 09:53:00,56.0,52.344339338998275
1995-08-21 09:54:00,68.0,54.3351782571185
1995-08-21 09:55:00,55.0,57.531714716052235
1995-08-21 09:56:00,43.0,54.61598373041762
1995-08-21 09:57:00,50.0,50.89340614316004
1995-08-21 09:58:00,68.0,52.120344905093845
1995-08-21 09:59:00,36.0,57.46503705069122
1995-08-21 10:00:00,57.0,47.96212321416024
1995-08-21 10:01:00,61.0,51.579602025563624
1995-08-21 10:02:00,64.0,54.17237671045194
1995-08-21 10:03:00,45.0,58.227111191830986
1995-08-21 10:04:00,80.0,53.0078943165504
1995-08-21 10:05:00,70.0,61.70295877005848
1995-08-21 10:06:00,48.0,65.85510465471329
1995-08-21 10:07:00,65.0,54.61384216988882
1995-08-21 10:08:00,59.0,61.27157753233032
1995-08-21 10:09:00,46.0,59.63892403145584
1995-08-21 10:10:00,45.0,54.26940039662574
1995-08-21 10:11:00,70.0,53.233092995610804
1995-08-21 10:12:00,25.0,61.14939375501879
1995-08-21 10:13:00,66.0,48.04886158649494
1995-08-21 10:14:00,50.0,57.42590894435653
1995-08-21 10:15:00,22.0,51.77536101213898
1995-08-21 10:16:00,54.0,44.90292814691491
1995-08-21 10:17:00,50.0,53.20126701920076
1995-08-21 10:18:00,38.0,53.165859349818525
1995-08-21 10:19:00,59.0,50.44720155464008
1995-08-21 10:20:00,55.0,54.356129676162155
1995-08-21 10:21:00,40.0,53.41840147160695
1995-08-21 10:22:00,38.0,50.443544880215846
1995-08-21 10:23:00,56.0,49.0624194837058
1995-08-21 10:24:00,44.0,51.89352226398816
1995-08-21 10:25:00,33.0,49.39826921201144
1995-08-21 10:26:00,54.0,45.14699224546226
1995-08-21 10:27:00,35.0,49.315625337310934
1995-08-21 10:28:00,40.0,43.68714343144459
1995-08-21 10:29:00,59.0,46.19015556120002
1995-08-21 10:30:00,64.0,52.613619149799604
1995-08-21 10:31:00,68.0,57.25667060871547
1995-08-21 10:32:00,44.0,57.67088164348492
1995-08-21 10:33:00,30.0,52.32397777689288
1995-08-21 10:34:00,50.0,47.393664123212176
1995-08-21 10:35:00,35.0,50.8404161465685
1995-08-21 10:36:00,62.0,47.85943626442137
1995-08-21 10:37:00,37.0,52.81938809361528
1995-08-21 10:38:00,60.0,47.31560909200605
1995-08-21 10:39:00,31.0,51.43519607039146
1995-08-21 10:40:00,23.0,44.56636678647172
1995-08-21 10:41:00,67.0,39.04265945599269
1995-08-21 10:42:00,39.0,51.519185302718164
1995-08-21 10:43:00,75.0,46.99472068973654
1995-08-21 10:44:00,70.0,55.91981763621713
1995-08-21 10:45:00,45.0,57.804308915123734
1995-08-21 10:46:00,49.0,50.66433116398543
1995-08-21 10:47:00,28.0,53.29405189341283
1995-08-21 10:48:00,94.0,45.529115994809224
1995-08-21 10:49:00,57.0,56.87062126632242
1995-08-21 10:50:00,48.0,58.432414524316975
1995-08-21 10:51:00,45.0,53.30858210336445
1995-08-21 10:52:00,52.0,53.658850232724845
1995-08-21 10:53:00,70.0,55.17161713229931
1995-08-21 10:54:00,62.0,60.96385800820975
1995-08-21 10:55:00,39.0,60.009534128088724
1995-08-21 10:56:00,25.0,49.87109244200072
1995-08-21 10:57:00,39.0,44.76597291874791
1995-08-21 10:58:00,26.0,46.08120851287889
1995-08-21 10:59:00,33.0,39.12098763522092
1995-08-21 11:00:00,56.0,41.93525695513194
1995-08-21 11:01:00,57.0,50.25134977079144
1995-08-21 11:02:00,22.0,51.6381607861399
1995-08-21 11:03:00,52.0,39.72223929154276
1995-08-21 11:04:00,67.0,45.1933385093352
1995-08-21 11:05:00,54.0,55.09531698389561
1995-08-21 11:06:00,76.0,53.105767227870636
1995-08-21 11:07:00,46.0,59.21474386918059
1995-08-21 11:08:00,100.0,51.952859114428016
1995-08-21 11:09:00,33.0,65.72010973387671
1995-08-21 11:10:00,40.0,50.09282262078063
1995-08-21 11:11:00,53.0,54.58760847243414
1995-08-21 11:12:00,81.0,54.33199676762829
1995-08-21 11:13:00,69.0,62.25521875730486
1995-08-21 11:14:00,51.0,63.405469834978874
1995-08-21 11:15:00,76.0,57.465807213380316
1995-08-21 11:16:00,63.0,65.95958774764682
1995-08-21 11:17:00,58.0,64.02671458315329
1995-08-21 11:18:00,76.0,59.96648328774509
1995-08-21 11:19:00,46.0,64.16442358837266
1995-08-21 11:20:00,46.0,55.70182907940082
1995-08-21 11:21:00,40.0,56.314355042091314
1995-08-21 11:22:00,35.0,53.83665598531242
1995-08-21 11:23:00,33.0,49.997469146681155
1995-08-21 11:24:00,51.0,48.92614183204942
1995-08-21 11:25:00,44.0,48.83856990368596
1995-08-21 11:26:00,76.0,48.39701133525455
1995-08-21 11:27:00,51.0,60.64434027258594
1995-08-21 11:28:00,62.0,53.3704408815364
1995-08-21 11:29:00,72.0,58.364261595473884
1995-08-21 11:30:00,66.0,63.08447392592303
1995-08-21 11:31:00,75.0,65.29016860219541
1995-08-21 11:32:00,93.0,65.25096806864022
1995-08-21 11:33:00,35.0,69.16147938017573
1995-08-21 11:34:00,60.0,55.39349399714847
1995-08-21 11:35:00,64.0,61.47418323370376
1995-08-21 11:36:00,75.0,61.953929896542334
1995-08-21 11:37:00,111.0,66.14724789880307
1995-08-21 11:38:00,60.0,78.36005346091532
1995-08-21 11:39:00,46.0,67.64263827041837
1995-08-21 11:40:00,75.0,60.198354072415576
1995-08-21 11:41:00,52.0,68.13299941244273
1995-08-21 11:42:00,59.0,65.34469095559405
1995-08-21 11:43:00,71.0,62.66003177607173
1995-08-21 11:44:00,53.0,66.52539429134718
1995-08-21 11:45:00,39.0,65.90774783791004
1995-08-21 11:46:00,67.0,58.033914643374324
1995-08-21 11:47:00,95.0,61.604641271335176
1995-08-21 11:48:00,40.0,72.12627391704345
1995-08-21 11:49:00,52.0,54.774901168376395
1995-08-21 11:50:00,60.0,53.88119419806669
1995-08-21 11:51:00,60.0,62.13263011486169
1995-08-21 11:52:00,60.0,63.718822169551004
1995-08-21 11:53:00,69.0,62.299543664412276
1995-08-21 11:54:00,97.0,67.02702761492773
1995-08-21 11:55:00,63.0,75.29818979272801
1995-08-21 11:56:00,84.0,67.80340308889372
1995-08-21 11:57:00,116.0,71.57812542238717
1995-08-21 11:58:00,78.0,87.11306340922887
1995-08-21 11:59:00,65.0,75.54366416744142
1995-08-21 12:00:00,74.0,69.50997817350303
1995-08-21 12:01:00,72.0,72.00881093267157
1995-08-21 12:02:00,79.0,74.70040970825669
1995-08-21 12:03:00,69.0,73.24453646440153
1995-08-21 12:04:00,50.0,72.61372125416864
1995-08-21 12:05:00,53.0,64.4947924644354
1995-08-21 12:06:00,46.0,67.75578568810587
1995-08-21 12:07:00,55.0,58.73124235169161
1995-08-21 12:08:00,54.0,65.96036456117731
1995-08-21 12:09:00,52.0,60.63467820374005
1995-08-21 12:10:00,96.0,61.98515970997584
1995-08-21 12:11:00,87.0,75.14411894145636
1995-08-21 12:12:00,69.0,73.51020519507365
1995-08-21 12:13:00,59.0,69.79163327142363
1995-08-21 12:14:00,48.0,66.78486964141267
1995-08-21 12:15:00,72.0,58.91099497951711
1995-08-21 12:16:00,63.0,68.75736565810958
1995-08-21 12:17:00,49.0,68.77564505016636
1995-08-21 12:18:00,104.0,56.48424785471801
1995-08-21 12:19:00,53.0,76.46154386197821
1995-08-21 12:20:00,67.0,66.15353043527573
1995-08-21 12:21:00,64.0,66.18776138472157
1995-08-21 12:22:00,102.0,68.06590243953144
1995-08-21 12:23:00,63.0,76.86278559545046
1995-08-21 12:24:00,96.0,72.99354153246658
1995-08-21 12:25:00,68.0,80.73134120044435
1995-08-21 12:26:00,96.0,76.20944944385518
1995-08-21 12:27:00,62.0,80.11916975909017
1995-08-21 12:28:00,82.0,71.7920569274172
1995-08-21 12:29:00,64.0,73.81562077305917
1995-08-21 12:30:00,84.0,70.25194648027858
1995-08-21 12:31:00,114.0,74.9371541914702
1995-08-21 12:32:00,70.0,82.8398404950239
1995-08-21 12:33:00,69.0,73.94466420001969
1995-08-21 12:34:00,105.0,68.80656410510315
1995-08-21 12:35:00,126.0,83.19322515793323
1995-08-21 12:36:00,58.0,90.90771323637631
1995-08-21 12:37:00,58.0,73.39846016680058
1995-08-21 12:38:00,77.0,75.1020650059733
1995-08-21 12:39:00,74.0,78.78318261817037
1995-08-21 12:40:00,55.0,78.20540241043844
1995-08-21 12:41:00,84.0,70.51051592480113
1995-08-21 12:42:00,74.0,75.33954361485468
1995-08-21 12:43:00,86.0,76.32090801200343
1995-08-21 12:44:00,70.0,77.62447103394265
1995-08-21 12:45:00,80.0,76.59729851993843
1995-08-21 12:46:00,60.0,76.77082430448306
1995-08-21 12:47:00,81.0,68.61053155864073
1995-08-21 12:48:00,83.0,76.70906890874538
1995-08-21 12:49:00,97.0,80.35050934219865
1995-08-21 12:50:00,82.0,85.06733754933079
1995-08-21 12:51:00,103.0,78.19037463993307
1995-08-21 12:52:00,84.0,86.6809089610885
1995-08-21 12:53:00,58.0,83.3246414024193
1995-08-21 12:54:00,81.0,74.4331101757582
1995-08-21 12:55:00,110.0,81.62367383233008
1995-08-21 12:56:00,109.0,89.21591094218749
1995-08-21 12:57:00,95.0,88.73231183800885
1995-08-21 12:58:00,95.0,85.47455798771995
1995-08-21 12:59:00,67.0,89.79010762420515
1995-08-21 13:00:00,87.0,82.48970294099601
1995-08-21 13:01:00,82.0,85.96273663837701
1995-08-21 13:02:00,78.0,84.54778472160298
1995-08-21 13:03:00,67.0,79.13495104503656
1995-08-21 13:04:00,55.0,75.60554823280184
1995-08-21 13:05:00,85.0,73.16137800149345
1995-08-21 13:06:00,70.0,82.39650469489193
1995-08-21 13:07:00,81.0,79.59027003164972
1995-08-21 13:08:00,83.0,77.75753482450612
1995-08-21 13:09:00,68.0,78.41913433746366
1995-08-21 13:10:00,88.0,76.9728581961264
1995-08-21 13:11:00,63.0,81.07527478048893
1995-08-21 13:12:00,55.0,75.09645102056112
1995-08-21 13:13:00,51.0,71.37420645873037
1995-08-21 13:14:00,62.0,63.78325052920004
1995-08-21 13:15:00,80.0,71.00568312571451
1995-08-21 13:16:00,64.0,73.7494109949054
1995-08-21 13:17:00,96.0,73.2336129231786
1995-08-21 13:18:00,86.0,80.996824908365
1995-08-21 13:19:00,62.0,79.72001074680658
1995-08-21 13:20:00,90.0,73.18082847100142
1995-08-21 13:21:00,66.0,78.99850352952284
1995-08-21 13:22:00,54.0,74.385665793497
1995-08-21 13:23:00,65.0,70.8499442275421
1995-08-21 13:24:00,101.0,71.4458921572596
1995-08-21 13:25:00,62.0,83.02282535299949
1995-08-21 13:26:00,63.0,74.50383731671747
1995-08-21 13:27:00,57.0,71.70340028236127
1995-08-21 13:28:00,70.0,66.55551564131375
1995-08-21 13:29:00,60.0,70.82229366877469
1995-08-21 13:30:00,66.0,68.3382631999126
1995-08-21 13:31:00,74.0,70.44666374873444
1995-08-21 13:32:00,54.0,71.83843587033024
1995-08-21 13:33:00,56.0,68.93673070605712
1995-08-21 13:34:00,66.0,64.05799451869589
1995-08-21 13:35:00,58.0,68.52656236231164
1995-08-21 13:36:00,87.0,63.8196969347577
1995-08-21 13:37:00,74.0,73.7249808275757
1995-08-21 13:38:00,94.0,70.9481522506829
1995-08-21 13:39:00,75.0,77.2990056290715
1995-08-21 13:40:00,71.0,74.62739429941134
1995-08-21 13:41:00,50.0,70.79439360925446
1995-08-21 13:42:00,65.0,65.46067246558432
1995-08-21 13:43:00,45.0,68.16353746734008
1995-08-21 13:44:00,40.0,58.066079975430476
1995-08-21 13:45:00,45.0,54.949998732670146
1995-08-21 13:46:00,79.0,57.047421969929566
1995-08-21 13:47:00,78.0,64.89024923532277
1995-08-21 13:48:00,43.0,73.54378918215525
1995-08-21 13:49:00,32.0,59.04104332333986
1995-08-21 13:50:00,63.0,56.34710596600754
1995-08-21 13:51:00,57.0,63.919047753783985
1995-08-21 13:52:00,31.0,61.504779801917934
1995-08-21 13:53:00,10.0,50.48867507540544
1995-08-21 13:54:00,3.0,37.78726773015293
1995-08-21 13:55:00,0.0,25.823407194341907
1995-08-21 14:06:00,60.0,47.51500543220483
1995-08-21 14:07:00,64.0,54.25004920049479
1995-08-21 14:08:00,43.0,57.64535805294652
1995-08-21 14:09:00,52.0,53.44790343052346
1995-08-21 14:10:00,53.0,51.70282159861464
1995-08-21 14:16:00,35.0,49.00711335168085
1995-08-21 14:17:00,55.0,46.23842591577738
1995-08-21 14:18:00,70.0,50.72259667218916
1995-08-21 14:19:00,69.0,56.69126500099693
1995-08-21 14:20:00,50.0,61.347512577896154
1995-08-21 14:21:00,32.0,55.84366532281323
1995-08-21 14:22:00,78.0,49.46288883096473
1995-08-21 14:23:00,50.0,59.28082827054436
1995-08-21 14:24:00,32.0,56.14960523465057
1995-08-21 14:25:00,33.0,45.81769594152686
1995-08-21 14:26:00,52.0,44.135431720242934
1995-08-21 14:27:00,69.0,49.12578810166111
1995-08-21 14:28:00,35.0,57.61702352351464
1995-08-21 14:29:00,74.0,48.2082351293374
1995-08-21 14:30:00,66.0,60.19177755135028
1995-08-21 14:31:00,70.0,59.828043667334384
1995-08-21 14:32:00,80.0,63.17232700082173
1995-08-21 14:33:00,85.0,65.69125036683897
1995-08-21 14:34:00,58.0,69.05941995765473
1995-08-21 14:35:00,52.0,61.5654148479148
1995-08-21 14:36:00,51.0,60.20072782417491
1995-08-21 14:37:00,48.0,56.17370800959964
1995-08-21 14:38:00,48.0,54.92456684669184
1995-08-21 14:39:00,78.0,56.39800993770222
1995-08-21 14:40:00,45.0,64.35905104477241
1995-08-21 14:41:00,50.0,56.82619250925101
1995-08-21 14:42:00,60.0,55.83158137821517
1995-08-21 14:43:00,46.0,59.59823650813689
1995-08-21 14:44:00,59.0,54.37327849059246
1995-08-21 14:45:00,67.0,59.83639422518314
1995-08-21 14:46:00,47.0,61.475392493208076
1995-08-21 14:47:00,29.0,56.222466774700706
1995-08-21 14:48:00,39.0,49.99206696628759
1995-08-21 14:49:00,91.0,49.954850475439045
1995-08-21 14:50:00,36.0,66.9020829698336
1995-08-21 14:51:00,67.0,53.75402406800512
1995-08-21 14:52:00,47.0,58.92047021363771
1995-08-21 14:53:00,44.0,54.2034643649794
1995-08-21 14:54:00,50.0,52.98938308836028
1995-08-21 14:55:00,52.0,52.081516910877056
1995-08-21 14:56:00,82.0,55.80864211908065
1995-08-21 14:57:00,74.0,63.91225012350815
1995-08-21 14:58:00,85.0,67.91461310455304
1995-08-21 14:59:00,66.0,67.08212562536919
1995-08-21 15:00:00,68.0,65.01070964348366
1995-08-21 15:01:00,26.0,63.24477341993631
1995-08-21 15:02:00,41.0,54.78921195847144
1995-08-21 15:03:00,47.0,50.88707982343219
1995-08-21 15:04:00,60.0,51.52337092692776
1995-08-21 15:05:00,54.0,58.23644259098458
1995-08-21 15:06:00,80.0,54.300961622932206
1995-08-21 15:07:00,42.0,64.89554065532266
1995-08-21 15:08:00,61.0,54.97575089638354
1995-08-21 15:09:00,21.0,57.82706446675191
1995-08-21 15:10:00,59.0,45.3967229881743
1995-08-21 15:11:00,58.0,55.349216408596014
1995-08-21 15:12:00,51.0,56.63404319533866
1995-08-21 15:13:00,60.0,53.41090809891292
1995-08-21 15:14:00,87.0,58.10989057689674
1995-08-21 15:15:00,92.0,63.0410668602083
1995-08-21 15:16:00,86.0,70.58674574319863
1995-08-21 15:17:00,75.0,68.6716209734487
1995-08-21 15:18:00,33.0,68.93912538994564
1995-08-21 15:19:00,42.0,52.8307888661675
1995-08-21 15:20:00,54.0,55.524611614517944
1995-08-21 15:21:00,52.0,58.28745060910268
1995-08-21 15:22:00,59.0,58.59518451477974
1995-08-21 15:23:00,83.0,58.302560227277866
1995-08-21 15:24:00,70.0,64.8790200558574
1995-08-21 15:25:00,77.0,66.12299001383089
1995-08-21 15:26:00,70.0,67.49274173362372
1995-08-21 15:27:00,48.0,69.37904847916452
1995-08-21 15:28:00,67.0,59.75647405577305
1995-08-21 15:29:00,57.0,64.08864974235772
1995-08-21 15:30:00,88.0,62.15255487251963
1995-08-21 15:31:00,64.0,68.18741046012919
1995-08-21 15:32:00,67.0,65.85067328133626
1995-08-21 15:33:00,73.0,64.19091715894415
1995-08-21 15:34:00,91.0,67.46203171508631
1995-08-21 15:35:00,73.0,74.89024299882088
1995-08-21 15:36:00,86.0,69.2519061746208
1995-08-21 15:37:00,86.0,74.0708670134994
1995-08-21 15:38:00,108.0,76.37007578604089
1995-08-21 15:39:00,94.0,83.81379215897276
1995-08-21 15:40:00,85.0,81.03922755939396
1995-08-21 15:41:00,80.0,80.10551732437837
1995-08-21 15:42:00,109.0,77.90733414782844
1995-08-21 15:43:00,82.0,86.1719852581073
1995-08-21 15:44:00,120.0,77.75008142718364
1995-08-21 15:45:00,119.0,88.75412297231193
1995-08-21 15:46:00,82.0,93.25892893519581
1995-08-21 15:47:00,52.0,84.9919881076295
1995-08-21 15:48:00,102.0,75.7656780678863
1995-08-21 15:49:00,94.0,84.02444630317609
1995-08-21 15:50:00,67.0,87.22707448207325
1995-08-21 15:51:00,97.0,78.00746738150542
1995-08-21 15:52:00,62.0,83.58607468574854
1995-08-21 15:53:00,70.0,75.4399212435735
1995-08-21 15:54:00,74.0,78.5086078040549
1995-08-21 15:55:00,64.0,77.25199842020598
1995-08-21 15:56:00,61.0,76.14139401404856
1995-08-21 15:57:00,52.0,68.72522332387955
1995-08-21 15:58:00,65.0,64.24106331060261
1995-08-21 15:59:00,32.0,68.46253114297147
1995-08-21 16:00:00,72.0,57.230888656309126
1995-08-21 16:01:00,65.0,75.10491493767844
1995-08-21 16:02:00,48.0,70.60650123222662
1995-08-21 16:03:00,31.0,60.04242806998968
1995-08-21 16:04:00,31.0,55.35416557005387
1995-08-21 16:05:00,44.0,51.12400746869702
1995-08-21 16:06:00,71.0,51.63043314027229
1995-08-21 16:07:00,47.0,67.5085940206762
1995-08-21 16:08:00,61.0,56.86998277773659
1995-08-21 16:09:00,44.0,55.828627391501406
1995-08-21 16:10:00,62.0,57.79595122034879
1995-08-21 16:11:00,84.0,60.78204179369868
1995-08-21 16:12:00,101.0,68.37287958177625
1995-08-21 16:13:00,74.0,76.37243971382546
1995-08-21 16:14:00,122.0,71.89458065078621
1995-08-21 16:15:00,67.0,83.88143218861366
1995-08-21 16:16:00,69.0,71.81047629364943
1995-08-21 16:17:00,112.0,69.83996574460278
1995-08-21 16:18:00,72.0,82.05390925180387
1995-08-21 16:19:00,72.0,69.80662171871298
1995-08-21 16:20:00,84.0,67.76991254783792
1995-08-21 16:21:00,132.0,75.8579517965544
1995-08-21 16:22:00,72.0,87.11589078324425
1995-08-21 16:23:00,74.0,74.57885483507553
1995-08-21 16:24:00,71.0,74.0780506397068
1995-08-21 16:25:00,94.0,73.72997248977417
1995-08-21 16:26:00,76.0,76.46961477885237
1995-08-21 16:27:00,91.0,72.99511490339056
1995-08-21 16:28:00,72.0,77.47879594013611
1995-08-21 16:29:00,68.0,74.90548605656744
1995-08-21 16:30:00,91.0,70.75813365170681
1995-08-21 16:31:00,87.0,77.36794647357551
1995-08-21 16:32:00,60.0,76.69785577752353
1995-08-21 16:33:00,63.0,67.08185177273256
1995-08-21 16:34:00,45.0,67.46844054290302
1995-08-21 16:35:00,75.0,60.89515153256117
1995-08-21 16:36:00,61.0,69.28039166452733
1995-08-21 16:37:00,65.0,67.49750298334972
1995-08-21 16:38:00,58.0,68.14442541572897
1995-08-21 16:39:00,124.0,67.86114005052059
1995-08-21 16:40:00,96.0,87.61633985581304
1995-08-21 16:41:00,33.0,84.83116062699712
1995-08-21 16:42:00,90.0,55.593541327911765
1995-08-21 16:43:00,31.0,82.68735633761115
1995-08-21 16:44:00,48.0,63.59360738598225
1995-08-21 16:45:00,43.0,65.95549614303495
1995-08-21 16:46:00,54.0,60.411982605174614
1995-08-21 16:47:00,69.0,58.52640540267684
1995-08-21 16:48:00,85.0,66.39674657399344
1995-08-21 16:49:00,78.0,66.46259722045896
1995-08-21 16:50:00,48.0,71.10027307597595
1995-08-21 16:51:00,50.0,59.48626313864151
1995-08-21 16:52:00,42.0,59.95817779137061
1995-08-21 16:53:00,66.0,58.574408417592785
1995-08-21 16:54:00,49.0,66.47986603554972
1995-08-21 16:55:00,68.0,56.66020675971648
1995-08-21 16:56:00,45.0,63.57032094807511
1995-08-21 16:57:00,52.0,57.756530632264614
1995-08-21 16:58:00,29.0,59.44226254590678
1995-08-21 16:59:00,56.0,49.179367750090826
1995-08-21 17:00:00,36.0,53.14040736719808
1995-08-21 17:01:00,39.0,52.07936612229866
1995-08-21 17:02:00,43.0,48.632661488967855
1995-08-21 17:03:00,65.0,48.07797248934884
1995-08-21 17:04:00,73.0,55.88277214272012
1995-08-21 17:05:00,61.0,59.41274973866371
1995-08-21 17:06:00,66.0,56.490560036032626
1995-08-21 17:07:00,41.0,59.11882955827795
1995-08-21 17:08:00,44.0,52.460129635588636
1995-08-21 17:09:00,60.0,54.24415994233662
1995-08-21 17:10:00,57.0,56.5538185110365
1995-08-21 17:11:00,75.0,54.93106438719262
1995-08-21 17:12:00,79.0,58.90101813772189
1995-08-21 17:13:00,66.0,62.36177139290625
1995-08-21 17:14:00,53.0,60.655890262832315
1995-08-21 17:15:00,36.0,58.252494212306836
1995-08-21 17:16:00,69.0,52.93336588822654
1995-08-21 17:17:00,28.0,59.756590968317035
1995-08-21 17:18:00,27.0,49.21398366901531
1995-08-21 17:19:00,46.0,44.328690334760985
1995-08-21 17:20:00,55.0,49.857705064186604
1995-08-21 17:21:00,72.0,51.86867643062286
1995-08-21 17:22:00,36.0,58.85460653710839
1995-08-21 17:23:00,37.0,48.485478500460935
1995-08-21 17:24:00,67.0,47.68456857485196
1995-08-21 17:25:00,46.0,55.30509448519067
1995-08-21 17:26:00,31.0,50.74865846793189
1995-08-21 17:27:00,47.0,45.36873156353772
1995-08-21 17:28:00,20.0,48.53237764390734
1995-08-21 17:29:00,49.0,36.55219482935857
1995-08-21 17:30:00,42.0,45.26754683780294
1995-08-21 17:31:00,66.0,45.73505991144297
1995-08-21 17:32:00,37.0,52.816316155554055
1995-08-21 17:33:00,46.0,46.542688193205734
1995-08-21 17:34:00,65.0,47.76286869954467
1995-08-21 17:35:00,22.0,54.64137387239383
1995-08-21 17:36:00,42.0,40.52479372059512
1995-08-21 17:37:00,54.0,45.06530526561143
1995-08-21 17:38:00,53.0,49.21742363523463
1995-08-21 17:39:00,51.0,49.90838650398655
1995-08-21 17:40:00,33.0,49.27224066538673
1995-08-21 17:41:00,42.0,44.00853989170382
1995-08-21 17:42:00,68.0,44.256400967079635
1995-08-21 17:43:00,29.0,53.142228573448605
1995-08-21 17:44:00,93.0,40.20628202325507
1995-08-21 17:45:00,53.0,54.20155002128494
1995-08-21 17:46:00,42.0,52.16896813911479
1995-08-21 17:47:00,53.0,47.87634768754067
1995-08-21 17:48:00,53.0,50.885263681346785
1995-08-21 17:49:00,37.0,49.65469124089713
1995-08-21 17:50:00,55.0,47.39697933991203
1995-08-21 17:51:00,22.0,50.39035805231351
1995-08-21 17:52:00,69.0,41.97717766763064
1995-08-21 17:53:00,48.0,52.40845556918839
1995-08-21 17:54:00,56.0,50.173070464508214
1995-08-21 17:55:00,38.0,52.04716510531978
1995-08-21 17:56:00,54.0,46.13190474826107
1995-08-21 17:57:00,103.0,49.432905002165526
1995-08-21 17:58:00,51.0,61.47337923900342
1995-08-21 17:59:00,45.0,55.505291628917206
1995-08-21 18:00:00,59.0,50.703691814180985
1995-08-21 18:01:00,53.0,56.14920031355902
1995-08-21 18:02:00,33.0,53.0450373658348
1995-08-21 18:03:00,40.0,47.52100533758061
1995-08-21 18:04:00,50.0,46.91886685381489
1995-08-21 18:05:00,62.0,49.609619087557846
1995-08-21 18:06:00,42.0,53.14095790928278
1995-08-21 18:07:00,37.0,47.45269875920839
1995-08-21 18:08:00,51.0,46.401728577264834
1995-08-21 18:09:00,50.0,48.26841771888631
1995-08-21 18:10:00,37.0,49.783819756035456
1995-08-21 18:11:00,24.0,47.136483698112556
1995-08-21 18:12:00,53.0,39.43737239494792
1995-08-21 18:13:00,52.0,46.13309550438768
1995-08-21 18:14:00,23.0,48.07598240180202
1995-08-21 18:15:00,53.0,37.921743336399466
1995-08-21 18:16:00,48.0,45.434307408936085
1995-08-21 18:17:00,42.0,45.478729062576775
1995-08-21 18:18:00,42.0,44.17308497708451
1995-08-21 18:19:00,43.0,44.9662761912036
1995-08-21 18:20:00,69.0,44.89733626005382
1995-08-21 18:21:00,56.0,52.361559983269686
1995-08-21 18:22:00,59.0,50.378478648354466
1995-08-21 18:23:00,55.0,51.47263367391071
1995-08-21 18:24:00,28.0,50.55480006265478
1995-08-21 18:25:00,40.0,42.68762170791637
1995-08-21 18:26:00,41.0,43.53337374486251
1995-08-21 18:27:00,33.0,44.80723154099907
1995-08-21 18:28:00,39.0,42.00142342256439
1995-08-21 18:29:00,47.0,42.32920185659736
1995-08-21 18:30:00,66.0,44.76244500112392
1995-08-21 18:31:00,44.0,50.91126863121009
1995-08-21 18:32:00,54.0,45.383799724000646
1995-08-21 18:33:00,36.0,46.82232944934457
1995-08-21 18:34:00,31.0,43.20348106567899
1995-08-21 18:35:00,46.0,40.67000218614805
1995-08-21 18:36:00,71.0,43.55013454291802
1995-08-21 18:37:00,53.0,52.98605849243368
1995-08-21 18:38:00,65.0,49.47998786759315
1995-08-21 18:39:00,93.0,50.848710919729626
1995-08-21 18:40:00,44.0,57.013791260289764
1995-08-21 18:41:00,48.0,48.85201881157352
1995-08-21 18:42:00,57.0,49.36015708302489
1995-08-21 18:43:00,44.0,54.08456697742793
1995-08-21 18:44:00,41.0,47.62104273867377
1995-08-21 18:45:00,48.0,48.03819558147924
1995-08-21 18:46:00,37.0,48.44866804767081
1995-08-21 18:47:00,44.0,45.82223218786606
1995-08-21 18:48:00,41.0,46.876508411425995
1995-08-21 18:49:00,38.0,46.44132240622524
1995-08-21 18:50:00,37.0,46.4126176798016
1995-08-21 18:51:00,33.0,45.711453353661
1995-08-21 18:52:00,16.0,42.35326005118127
1995-08-21 18:53:00,19.0,33.54242406322418
1995-08-21 18:54:00,50.0,31.7055460111455
1995-08-21 18:55:00,38.0,40.63740595462933
1995-08-21 18:56:00,36.0,40.16303641087369
1995-08-21 18:57:00,26.0,38.74659433483406
1995-08-21 18:58:00,28.0,33.074300482400204
1995-08-21 18:59:00,29.0,32.678389422594435
1995-08-21 19:00:00,51.0,32.6968992176535
1995-08-21 19:01:00,45.0,40.801651252425636
1995-08-21 19:02:00,29.0,41.342102221053935
1995-08-21 19:03:00,27.0,35.291009994433466
1995-08-21 19:04:00,21.0,36.33867313786516
1995-08-21 19:05:00,10.0,32.070383788115585
1995-08-21 19:06:00,27.0,26.09774827524384
1995-08-21 19:07:00,27.0,28.28417828419809
1995-08-21 19:08:00,46.0,30.57915052693231
1995-08-21 19:09:00,34.0,35.90090721897243
1995-08-21 19:10:00,30.0,34.40783831124835
1995-08-21 19:11:00,24.0,31.93898273995657
1995-08-21 19:12:00,25.0,30.02244411382887
1995-08-21 19:13:00,33.0,30.14846683149569
1995-08-21 19:14:00,25.0,33.271521579860746
1995-08-21 19:15:00,41.0,28.83149341773068
1995-08-21 19:16:00,20.0,35.27270021946409
1995-08-21 19:17:00,13.0,27.896174831086007
1995-08-21 19:18:00,41.0,22.790008223054574
1995-08-21 19:19:00,40.0,31.856769269787964
1995-08-21 19:20:00,38.0,34.424912415477316
1995-08-21 19:21:00,29.0,34.40152659535929
1995-08-21 19:22:00,45.0,31.838253130409726
1995-08-21 19:23:00,45.0,36.431111742696615
1995-08-21 19:24:00,30.0,37.33761879318806
1995-08-21 19:25:00,38.0,32.46759340061527
1995-08-21 19:26:00,67.0,35.200733778387594
1995-08-21 19:27:00,31.0,45.15998141018774
1995-08-21 19:28:00,41.0,35.55251750795687
1995-08-21 19:29:00,35.0,37.56486831751958
1995-08-21 19:30:00,53.0,36.236540027653206
1995-08-21 19:31:00,23.0,41.40705078977124
1995-08-21 19:32:00,18.0,34.00165202164292
1995-08-21 19:33:00,20.0,30.52087674271922
1995-08-21 19:34:00,22.0,31.03927207124212
1995-08-21 19:35:00,19.0,30.428786836510678
1995-08-21 19:36:00,32.0,28.26934187221417
1995-08-21 19:37:00,17.0,32.47072404269019
1995-08-21 19:38:00,27.0,27.59805848559566
1995-08-21 19:39:00,18.0,31.2690453210811
1995-08-21 19:40:00,16.0,24.973721372176154
1995-08-21 19:41:00,32.0,25.498297789244763
1995-08-21 19:42:00,20.0,30.51047461685862
1995-08-21 19:43:00,35.0,25.678503957002583
1995-08-21 19:44:00,30.0,32.59594713853557
1995-08-21 19:45:00,32.0,30.40754324833007
1995-08-21 19:46:00,32.0,30.170521387075485
1995-08-21 19:47:00,42.0,29.95575471955861
1995-08-21 19:48:00,35.0,33.336596577694955
1995-08-21 19:49:00,45.0,34.068457216419105
1995-08-21 19:50:00,48.0,37.44524495354444
1995-08-21 19:51:00,31.0,39.113517007000155
1995-08-21 19:52:00,17.0,34.25295736441189
1995-08-21 19:53:00,41.0,30.011713328157143
1995-08-21 19:54:00,21.0,34.999589122778
1995-08-21 19:55:00,35.0,30.362570499661693
1995-08-21 19:56:00,30.0,32.15913092208019
1995-08-21 19:57:00,24.0,31.819473979156633
1995-08-21 19:58:00,28.0,30.19289530714904
1995-08-21 19:59:00,34.0,32.06978936967533
1995-08-21 20:00:00,26.0,32.07005406737099
1995-08-21 20:01:00,19.0,28.2020426858097
1995-08-21 20:02:00,44.0,27.582627033573374
1995-08-21 20:03:00,62.0,34.39613757804265
1995-08-21 20:04:00,51.0,41.46478938286648
1995-08-21 20:05:00,59.0,41.52428527300597
1995-08-21 20:06:00,44.0,45.53003294741917
1995-08-21 20:07:00,53.0,38.42998017326329
1995-08-21 20:08:00,44.0,44.50549059292296
1995-08-21 20:09:00,44.0,40.270862327263266
1995-08-21 20:10:00,30.0,39.21942932455219
1995-08-21 20:11:00,31.0,36.37091808657447
1995-08-21 20:12:00,36.0,36.782901382953156
1995-08-21 20:13:00,48.0,35.339403490887236
1995-08-21 20:14:00,22.0,41.28260871571222
1995-08-21 20:15:00,39.0,33.02636375085776
1995-08-21 20:16:00,53.0,37.15782487349398
1995-08-21 20:17:00,25.0,42.877892845027745
1995-08-21 20:18:00,28.0,34.950010679876925
1995-08-21 20:19:00,48.0,35.71572380011847
1995-08-21 20:20:00,33.0,39.4247492636845
1995-08-21 20:21:00,21.0,36.732627142932145
1995-08-21 20:22:00,21.0,31.825586952128628
1995-08-21 20:23:00,18.0,30.88917560880246
1995-08-21 20:24:00,25.0,26.98872873898776
1995-08-21 20:25:00,39.0,28.0665634356883
1995-08-21 20:26:00,26.0,35.48123115311792
1995-08-21 20:27:00,26.0,31.565202016797937
1995-08-21 20:28:00,45.0,29.28467844871661
1995-08-21 20:29:00,33.0,34.92725595091896
1995-08-21 20:30:00,32.0,34.16659350202533
1995-08-21 20:31:00,49.0,34.86893531675376
1995-08-21 20:32:00,20.0,39.32489366479529
1995-08-21 20:33:00,34.0,30.750004519652382
1995-08-21 20:34:00,50.0,34.70252808917266
1995-08-21 20:35:00,25.0,37.728848256501244
1995-08-21 20:36:00,23.0,32.677378469927476
1995-08-21 20:37:00,31.0,27.58375905860148
1995-08-21 20:38:00,87.0,31.529345815172174
1995-08-21 20:39:00,50.0,48.999976735705516
1995-08-21 20:40:00,54.0,42.591739572437845
1995-08-21 20:41:00,22.0,42.967244797371265
1995-08-21 20:42:00,27.0,32.93488219111527
1995-08-21 20:43:00,57.0,34.208458452294295
1995-08-21 20:44:00,32.0,44.79656422244307
1995-08-21 20:45:00,23.0,36.66267747822074
1995-08-21 20:46:00,41.0,33.008500749067274
1995-08-21 20:47:00,22.0,35.960694926603956
1995-08-21 20:48:00,13.0,31.402625092993933
1995-08-21 20:49:00,19.0,27.843317379370536
1995-08-21 20:50:00,49.0,29.234511385889082
1995-08-21 20:51:00,35.0,34.82677299934233
1995-08-21 20:52:00,33.0,32.28420231788834
1995-08-21 20:53:00,32.0,33.19748913753967
1995-08-21 20:54:00,1.0,32.416628766083214
1995-08-21 20:55:00,28.0,21.813448047467695
1995-08-21 20:56:00,13.0,29.32257102542782
1995-08-21 20:57:00,21.0,25.49527482909701
1995-08-21 20:58:00,18.0,26.533283588659756
1995-08-21 20:59:00,30.0,25.70146785360918
1995-08-21 21:00:00,24.0,29.18874142195183
1995-08-21 21:01:00,14.0,28.616203023394885
1995-08-21 21:02:00,31.0,24.353499877855292
1995-08-21 21:03:00,17.0,30.218813904529878
1995-08-21 21:04:00,30.0,24.76793160164273
1995-08-21 21:05:00,30.0,28.482803936963073
1995-08-21 21:06:00,36.0,30.20404699912444
1995-08-21 21:07:00,31.0,33.27534073786219
1995-08-21 21:08:00,38.0,32.16115055199281
1995-08-21 21:09:00,54.0,33.76638995894634
1995-08-21 21:10:00,32.0,39.91630446885134
1995-08-21 21:11:00,37.0,33.20602046486089
1995-08-21 21:12:00,31.0,34.58689647306279
1995-08-21 21:13:00,36.0,31.62323917013182
1995-08-21 21:14:00,36.0,32.928538201741866
1995-08-21 21:15:00,19.0,33.83303859877294
1995-08-21 21:16:00,15.0,27.84937308713452
1995-08-21 21:17:00,37.0,26.09289804682238
1995-08-21 21:18:00,21.0,28.381913266433557
1995-08-21 21:19:00,29.0,25.69003759827679
1995-08-21 21:20:00,24.0,29.089987227387866
1995-08-21 21:21:00,23.0,27.65192778171901
1995-08-21 21:22:00,26.0,27.85165389081367
1995-08-21 21:23:00,54.0,26.040578176734297
1995-08-21 21:24:00,45.0,34.66160013368311
1995-08-21 21:25:00,30.0,35.393981531386416
1995-08-21 21:26:00,34.0,33.5940380358285
1995-08-21 21:27:00,35.0,32.753963093178335
1995-08-21 21:28:00,17.0,33.18344346120172
1995-08-21 21:29:00,47.0,29.021590024007047
1995-08-21 21:30:00,31.0,36.549903772671904
1995-08-21 21:31:00,40.0,32.1070662369478
1995-08-21 21:32:00,43.0,34.18228951074166
1995-08-21 21:33:00,34.0,38.056852253259805
1995-08-21 21:34:00,28.0,34.573703136360955
1995-08-21 21:35:00,22.0,32.60563338339253
1995-08-21 21:36:00,56.0,30.90278851242075
1995-08-21 21:37:00,40.0,39.9938746302872
1995-08-21 21:38:00,40.0,36.76990932540835
1995-08-21 21:39:00,35.0,37.659739660777745
1995-08-21 21:40:00,17.0,35.93054225583923
1995-08-21 21:41:00,44.0,30.400191506712382
1995-08-21 21:42:00,43.0,37.19221062129569
1995-08-21 21:43:00,43.0,38.53272221489802
1995-08-21 21:44:00,45.0,39.39263176446766
1995-08-21 21:45:00,54.0,38.8787313038196
1995-08-21 21:46:00,54.0,42.194282141349724
1995-08-21 21:47:00,39.0,44.06012523180888
1995-08-21 21:48:00,50.0,38.75290287130618
1995-08-21 21:49:00,17.0,42.93635448074177
1995-08-21 21:50:00,19.0,33.65996155970027
1995-08-21 21:51:00,22.0,31.671469101817568
1995-08-21 21:52:00,36.0,29.91128591149787
1995-08-21 21:53:00,28.0,32.60868624267346
1995-08-21 21:54:00,49.0,31.112952176783057
1995-08-21 21:55:00,46.0,36.47146467601167
1995-08-21 21:56:00,25.0,38.14109780856893
1995-08-21 21:57:00,18.0,32.12211395607021
1995-08-21 21:58:00,34.0,30.375207450245888
1995-08-21 21:59:00,23.0,33.73335704959728
1995-08-21 22:00:00,31.0,31.215265868038227
1995-08-21 22:01:00,40.0,33.06563300627587
1995-08-21 22:02:00,32.0,35.99182478172514
1995-08-21 22:03:00,16.0,32.08113776069211
1995-08-21 22:04:00,20.0,28.107374201196347
1995-08-21 22:05:00,24.0,28.652422701397555
1995-08-21 22:06:00,35.0,28.53895745104527
1995-08-21 22:07:00,29.0,33.28261939135612
1995-08-21 22:08:00,40.0,29.94201809542327
1995-08-21 22:09:00,35.0,31.962628239782237
1995-08-21 22:10:00,22.0,33.6850094464255
1995-08-21 22:11:00,31.0,29.807916293615914
1995-08-21 22:12:00,19.0,33.19242962553659
1995-08-21 22:13:00,20.0,29.06908942295936
1995-08-21 22:14:00,41.0,26.200432957836778
1995-08-21 22:15:00,27.0,31.985231718919845
1995-08-21 22:16:00,31.0,30.789320325560002
1995-08-21 22:17:00,13.0,29.423190902833394
1995-08-21 22:18:00,13.0,24.057959205706283
1995-08-21 22:19:00,30.0,24.03197278044799
1995-08-21 22:20:00,20.0,27.98151658313914
1995-08-21 22:21:00,11.0,27.042823487567222
1995-08-21 22:22:00,16.0,22.926803530000964
1995-08-21 22:23:00,11.0,23.6435183598728
1995-08-21 22:24:00,32.0,19.149254286713493
1995-08-21 22:25:00,23.0,25.963296259133344
1995-08-21 22:26:00,30.0,25.7286887602667
1995-08-21 22:27:00,27.0,27.017979096609476
1995-08-21 22:28:00,21.0,27.481442880490235
1995-08-21 22:29:00,23.0,26.091064888291875
1995-08-21 22:30:00,37.0,27.16962984265399
1995-08-21 22:31:00,42.0,28.93208897845906
1995-08-21 22:32:00,18.0,30.777813516929122
1995-08-21 22:33:00,29.0,27.17668290526894
1995-08-21 22:34:00,26.0,27.938091689372897
1995-08-21 22:35:00,18.0,26.831037147938826
1995-08-21 22:36:00,21.0,24.865372053228082
1995-08-21 22:37:00,35.0,25.032955371073886
1995-08-21 22:38:00,32.0,31.266250656774158
1995-08-21 22:39:00,23.0,30.678523719790054
1995-08-21 22:40:00,19.0,27.735889228635944
1995-08-21 22:41:00,13.0,25.62572158203259
1995-08-21 22:42:00,13.0,23.811979174648783
1995-08-21 22:43:00,32.0,21.574575432648732
1995-08-21 22:44:00,26.0,28.760787299454854
1995-08-21 22:45:00,26.0,26.90665672647911
1995-08-21 22:46:00,17.0,26.210858467278996
1995-08-21 22:47:00,42.0,24.312671912068108
1995-08-21 22:48:00,28.0,31.058157509236533
1995-08-21 22:49:00,13.0,29.330920856732313
1995-08-21 22:50:00,10.0,22.65442232008398
1995-08-21 22:51:00,19.0,20.58532385046513
1995-08-21 22:52:00,25.0,23.133915584579945
1995-08-21 22:53:00,9.0,26.636207974344888
1995-08-21 22:54:00,8.0,17.790230648179087
1995-08-21 22:55:00,20.0,16.392352275267015
1995-08-21 22:56:00,27.0,20.623304648917813
1995-08-21 22:57:00,23.0,25.658027848258477
1995-08-21 22:58:00,23.0,23.930257934868173
1995-08-21 22:59:00,29.0,24.36567161237863
1995-08-21 23:00:00,27.0,26.04338592647073
1995-08-21 23:01:00,39.0,26.07152655920851
1995-08-21 23:02:00,28.0,26.471371424259228
1995-08-21 23:03:00,32.0,26.021482222619618
1995-08-21 23:04:00,41.0,28.642098184670875
1995-08-21 23:05:00,30.0,30.248036610501288
1995-08-21 23:06:00,16.0,29.534447862586013
1995-08-21 23:07:00,18.0,27.671614010103557
1995-08-21 23:08:00,28.0,24.229583104311835
1995-08-21 23:09:00,23.0,27.884777366192235
1995-08-21 23:10:00,35.0,24.89202285140446
1995-08-21 23:11:00,26.0,31.015482954424947
1995-08-21 23:12:00,36.0,27.49483114640941
1995-08-21 23:13:00,19.0,30.666744238123762
1995-08-21 23:14:00,14.0,25.417141066904072
1995-08-21 23:15:00,18.0,22.426210321253837
1995-08-21 23:16:00,27.0,23.91009333094516
1995-08-21 23:17:00,47.0,27.27285985924428
1995-08-21 23:18:00,18.0,32.23289755774252
1995-08-21 23:19:00,19.0,25.124051980865374
1995-08-21 23:20:00,21.0,24.68630098753769
1995-08-21 23:21:00,25.0,25.73656209147866
1995-08-21 23:22:00,18.0,26.145853341595714
1995-08-21 23:23:00,10.0,22.81730960065716
1995-08-21 23:24:00,12.0,20.036733601862203
1995-08-21 23:25:00,20.0,19.72729682795879
1995-08-21 23:26:00,33.0,22.90775174984274
1995-08-21 23:27:00,10.0,25.379745896217436
1995-08-21 23:28:00,10.0,18.450309690943183
1995-08-21 23:29:00,14.0,17.90952704183541
1995-08-21 23:30:00,29.0,18.769541043363322
1995-08-21 23:31:00,29.0,25.305809315695367
1995-08-21 23:32:00,32.0,24.956738029117012
1995-08-21 23:33:00,44.0,24.98427646019856
1995-08-21 23:34:00,45.0,29.095477321801642
1995-08-21 23:35:00,13.0,32.196476416009595
1995-08-21 23:36:00,28.0,24.952762039116976
1995-08-21 23:37:00,37.0,26.518964071568362
1995-08-21 23:38:00,26.0,30.593994096840248
1995-08-21 23:39:00,38.0,28.437530026284566
1995-08-21 23:40:00,35.0,31.9048805219698
1995-08-21 23:41:00,26.0,31.293719963378713
1995-08-21 23:42:00,13.0,29.22993154713071
1995-08-21 23:43:00,36.0,25.304648742288535
1995-08-21 23:44:00,23.0,31.779061051549487
1995-08-21 23:45:00,16.0,27.25828807660097
1995-08-21 23:46:00,18.0,24.30500687299835
1995-08-21 23:47:00,33.0,25.024258540429575
1995-08-21 23:48:00,21.0,25.804263899832442
1995-08-21 23:49:00,11.0,24.728168737192345
1995-08-21 23:50:00,28.0,20.53564444685849
1995-08-21 23:51:00,22.0,25.544821062249003
1995-08-21 23:52:00,16.0,25.520329117395576
1995-08-21 23:53:00,29.0,22.700232917000875
1995-08-21 23:54:00,27.0,27.85990060293439
1995-08-21 23:55:00,35.0,28.40526499162535
1995-08-21 23:56:00,28.0,31.36848268524913
1995-08-21 23:57:00,31.0,29.496770345452603
1995-08-21 23:58:00,22.0,29.10873150314115
1995-08-21 23:59:00,30.0,24.931111788829245
1995-08-22 00:00:00,49.0,26.22166895036987
1995-08-22 00:01:00,42.0,31.199091837301054
1995-08-22 00:02:00,45.0,33.67668195385628
1995-08-22 00:03:00,51.0,34.63839194694453
1995-08-22 00:04:00,45.0,37.65693766987828
1995-08-22 00:05:00,50.0,36.94443334457463
1995-08-22 00:06:00,26.0,39.57283470128405
1995-08-22 00:07:00,16.0,30.625467732056144
1995-08-22 00:08:00,13.0,28.51445780173917
1995-08-22 00:09:00,22.0,25.51658814042729
1995-08-22 00:10:00,8.0,25.93232810549359
1995-08-22 00:11:00,21.0,20.814471615946
1995-08-22 00:12:00,28.0,22.101327480860345
1995-08-22 00:13:00,37.0,26.691156110098074
1995-08-22 00:14:00,17.0,29.48963839044474
1995-08-22 00:15:00,33.0,24.489734093040756
1995-08-22 00:16:00,33.0,27.18717814658032
1995-08-22 00:17:00,12.0,29.8102585702074
1995-08-22 00:18:00,8.0,22.036433751903136
1995-08-22 00:19:00,16.0,20.392165293288237
1995-08-22 00:20:00,37.0,20.707677851651017
1995-08-22 00:21:00,48.0,27.922097624025586
1995-08-22 00:22:00,29.0,30.894984543308198
1995-08-22 00:23:00,27.0,29.786344822010413
1995-08-22 00:24:00,20.0,29.089863192051073
1995-08-22 00:25:00,17.0,24.098526176426276
1995-08-22 00:26:00,18.0,26.273818022073936
1995-08-22 00:27:00,13.0,23.390239643624884
1995-08-22 00:28:00,16.0,21.529899868347947
1995-08-22 00:29:00,24.0,22.10434747002178
1995-08-22 00:30:00,26.0,24.349259608110057
1995-08-22 00:31:00,29.0,23.5905902987955
1995-08-22 00:32:00,21.0,24.817197504901117
1995-08-22 00:33:00,21.0,21.986003062130617
1995-08-22 00:34:00,8.0,23.35614887854967
1995-08-22 00:35:00,13.0,19.429566796889297
1995-08-22 00:36:00,15.0,18.922951565470562
1995-08-22 00:37:00,21.0,18.29025996204546
1995-08-22 00:38:00,12.0,19.98338419627203
1995-08-22 00:39:00,11.0,15.889168962611578
1995-08-22 00:40:00,30.0,15.000160449399962
1995-08-22 00:41:00,46.0,22.338282201028527
1995-08-22 00:42:00,24.0,27.113374663109774
1995-08-22 00:43:00,21.0,24.27576676321988
1995-08-22 00:44:00,43.0,22.058945805003212
1995-08-22 00:45:00,24.0,28.573559333051467
1995-08-22 00:46:00,26.0,22.965524515497062
1995-08-22 00:47:00,20.0,22.933854371691616
1995-08-22 00:48:00,41.0,20.902138687900077
1995-08-22 00:49:00,26.0,27.414016593386833
1995-08-22 00:50:00,31.0,24.238144180513455
1995-08-22 00:51:00,22.0,26.383014092623636
1995-08-22 00:52:00,51.0,24.32400772535715
1995-08-22 00:53:00,17.0,31.77057287692841
1995-08-22 00:54:00,42.0,24.118445143668843
1995-08-22 00:55:00,27.0,28.91320371457023
1995-08-22 00:56:00,17.0,25.35695845492814
1995-08-22 00:57:00,19.0,23.33409327936004
1995-08-22 00:58:00,17.0,24.32971581140249
1995-08-22 00:59:00,19.0,20.72591527961999
1995-08-22 01:00:00,26.0,22.083123247941312
1995-08-22 01:01:00,20.0,24.62939798085209
1995-08-22 01:02:00,22.0,21.273215179517464
1995-08-22 01:03:00,14.0,22.51883820837185
1995-08-22 01:04:00,15.0,20.55018601510305
1995-08-22 01:05:00,18.0,20.53097857218909
1995-08-22 01:06:00,32.0,20.58959689839519
1995-08-22 01:07:00,20.0,25.273034647781618
1995-08-22 01:08:00,15.0,21.732053126260045
1995-08-22 01:09:00,32.0,18.37500126966144
1995-08-22 01:10:00,8.0,25.05907514886228
1995-08-22 01:11:00,5.0,18.249044783632144
1995-08-22 01:12:00,3.0,15.603683988722546
1995-08-22 01:13:00,0.0,13.926924877004105
1995-08-22 01:18:00,12.0,16.064467704379148
1995-08-22 01:20:00,10.0,16.84007246721438
1995-08-22 01:21:00,13.0,15.184536254340435
1995-08-22 01:22:00,20.0,15.600419314258763
1995-08-22 01:23:00,20.0,16.879811750492276
1995-08-22 01:24:00,18.0,17.20874573714991
1995-08-22 01:25:00,6.0,19.321769340273857
1995-08-22 01:26:00,16.0,12.65583089064877
1995-08-22 01:27:00,33.0,16.6710901992444
1995-08-22 01:28:00,28.0,22.130978967982767
1995-08-22 01:30:00,20.0,19.081092899616305
1995-08-22 01:31:00,20.0,20.280305353077463
1995-08-22 01:32:00,6.0,20.02332334875021
1995-08-22 01:33:00,14.0,14.538268416972059
1995-08-22 01:34:00,18.0,16.794138240874034
1995-08-22 01:35:00,33.0,18.337476397260968
1995-08-22 01:36:00,35.0,21.857767021798697
1995-08-22 01:37:00,21.0,24.182405843078016
1995-08-22 01:38:00,33.0,20.726441151455745
1995-08-22 01:39:00,20.0,23.25999823646172
1995-08-22 01:40:00,21.0,21.18953131266617
1995-08-22 01:41:00,19.0,20.75471853161436
1995-08-22 01:42:00,13.0,19.213713542492115
1995-08-22 01:43:00,14.0,19.083001943425806
1995-08-22 01:44:00,6.0,18.362915972795708
1995-08-22 01:45:00,28.0,14.87033616778335
1995-08-22 01:46:00,15.0,19.545586712678407
1995-08-22 01:47:00,52.0,18.31318085096891
1995-08-22 01:48:00,26.0,27.064419451270954
1995-08-22 01:49:00,20.0,23.320925264501707
1995-08-22 01:50:00,20.0,21.81995373634852
1995-08-22 01:51:00,13.0,22.311188567671323
1995-08-22 01:52:00,24.0,18.912194307656996
1995-08-22 01:53:00,25.0,21.91666548483377
1995-08-22 01:54:00,35.0,22.624241212476072
1995-08-22 01:55:00,23.0,26.047827281000078
1995-08-22 01:56:00,30.0,23.441624828229987
1995-08-22 01:57:00,15.0,24.77230365442961
1995-08-22 01:58:00,4.0,20.680979605304998
1995-08-22 01:59:00,18.0,16.426039908365603
1995-08-22 02:00:00,10.0,21.96393399731194
1995-08-22 02:01:00,35.0,17.843843193241614
1995-08-22 02:02:00,13.0,24.21871182196972
1995-08-22 02:03:00,16.0,18.581130512469247
1995-08-22 02:04:00,24.0,18.961347479777302
1995-08-22 02:05:00,6.0,20.03865173390728
1995-08-22 02:06:00,14.0,15.052633620754325
1995-08-22 02:07:00,5.0,17.883212504781067
1995-08-22 02:08:00,2.0,13.149480583578164
1995-08-22 02:09:00,7.0,11.240260685799827
1995-08-22 02:10:00,4.0,12.22456932393283
1995-08-22 02:11:00,11.0,11.406001928112463
1995-08-22 02:12:00,11.0,13.465298989324502
1995-08-22 02:13:00,10.0,13.187074418067075
1995-08-22 02:14:00,2.0,13.2913885298599
1995-08-22 02:15:00,8.0,10.016468692295065
1995-08-22 02:16:00,9.0,11.160654592890408
1995-08-22 02:17:00,3.0,13.167518374030195
1995-08-22 02:18:00,11.0,9.460887153114944
1995-08-22 02:19:00,28.0,12.064706545762855
1995-08-22 02:20:00,6.0,19.051243055348444
1995-08-22 02:21:00,21.0,11.529727414666455
1995-08-22 02:22:00,21.0,15.059529616257201
1995-08-22 02:23:00,30.0,16.45310501368951
1995-08-22 02:24:00,13.0,20.088184828203993
1995-08-22 02:25:00,12.0,18.31427106659423
1995-08-22 02:26:00,7.0,14.982423721730937
1995-08-22 02:27:00,29.0,12.136177067178656
1995-08-22 02:28:00,19.0,19.98473790328778
1995-08-22 02:29:00,35.0,16.387102603108033
1995-08-22 02:30:00,18.0,23.576051214135852
1995-08-22 02:31:00,30.0,17.87341707624657
1995-08-22 02:32:00,29.0,21.634720727933225
1995-08-22 02:33:00,10.0,22.48991583021576
1995-08-22 02:34:00,6.0,16.69276895231643
1995-08-22 02:35:00,7.0,14.623003732884712
1995-08-22 02:36:00,5.0,12.357644710587413
1995-08-22 02:37:00,24.0,12.290255422081625
1995-08-22 02:38:00,16.0,16.70605110518058
1995-08-22 02:39:00,24.0,15.753880114234214
1995-08-22 02:40:00,29.0,18.174725027083436
1995-08-22 02:41:00,27.0,18.41176934076609
1995-08-22 02:42:00,17.0,20.419515960933417
1995-08-22 02:43:00,12.0,19.435925668089723
1995-08-22 02:44:00,23.0,16.601363659643727
1995-08-22 02:45:00,20.0,19.577863081831794
1995-08-22 02:46:00,24.0,18.763373585257753
1995-08-22 02:47:00,14.0,18.685968464110456
1995-08-22 02:48:00,10.0,17.86588493251001
1995-08-22 02:49:00,14.0,15.547887911067647
1995-08-22 02:50:00,15.0,17.411467590837887
1995-08-22 02:51:00,16.0,17.671359276493423
1995-08-22 02:52:00,21.0,17.9329174124405
1995-08-22 02:53:00,10.0,18.977906148851925
1995-08-22 02:54:00,10.0,15.765827161878576
1995-08-22 02:55:00,7.0,15.514911216054587
1995-08-22 02:56:00,11.0,13.143992091734217
1995-08-22 02:57:00,19.0,15.461155894021694
1995-08-22 02:58:00,21.0,17.083459733730894
1995-08-22 02:59:00,31.0,17.161119408852226
1995-08-22 03:00:00,11.0,21.43006055001882
1995-08-22 03:01:00,16.0,15.336075575825292
1995-08-22 03:02:00,25.0,15.510296322462743
1995-08-22 03:03:00,28.0,20.88083693702643
1995-08-22 03:04:00,20.0,20.20380868308056
1995-08-22 03:05:00,18.0,19.529328623740685
1995-08-22 03:06:00,13.0,17.848144455295188
1995-08-22 03:07:00,33.0,17.986122242604253
1995-08-22 03:08:00,33.0,22.196705073735494
1995-08-22 03:09:00,31.0,23.691554241959032
1995-08-22 03:10:00,16.0,24.174521586311254
1995-08-22 03:11:00,32.0,19.951071007606146
1995-08-22 03:12:00,16.0,23.408005975759238
1995-08-22 03:13:00,18.0,19.98699156218303
1995-08-22 03:14:00,10.0,20.601738507962995
1995-08-22 03:15:00,5.0,17.32856932632512
1995-08-22 03:16:00,15.0,13.587521271979194
1995-08-22 03:17:00,24.0,17.882488845270355
1995-08-22 03:18:00,24.0,20.545661129816626
1995-08-22 03:19:00,27.0,19.793120873378786
1995-08-22 03:20:00,34.0,22.00555401334778
1995-08-22 03:21:00,18.0,24.01068156132007
1995-08-22 03:22:00,26.0,21.984301670362115
1995-08-22 03:23:00,25.0,22.533657613460495
1995-08-22 03:24:00,30.0,22.49869482645468
1995-08-22 03:25:00,29.0,23.30407345505715
1995-08-22 03:26:00,22.0,23.544637062693248
1995-08-22 03:27:00,19.0,22.12749157624372
1995-08-22 03:28:00,18.0,21.11293163372769
1995-08-22 03:29:00,25.0,20.70775608640979
1995-08-22 03:30:00,12.0,23.743469819154466
1995-08-22 03:31:00,10.0,18.757819541665
1995-08-22 03:32:00,13.0,17.30107851863629
1995-08-22 03:33:00,16.0,16.90639289332277
1995-08-22 03:34:00,26.0,19.280819051083466
1995-08-22 03:35:00,18.0,22.643285234886033
1995-08-22 03:36:00,14.0,20.036790576376802
1995-08-22 03:37:00,12.0,18.549679068858058
1995-08-22 03:38:00,10.0,17.794995210191882
1995-08-22 03:39:00,8.0,15.83633551032281
1995-08-22 03:40:00,9.0,14.212510554476262
1995-08-22 03:41:00,10.0,13.902913757372644
1995-08-22 03:42:00,16.0,14.08675046502871
1995-08-22 03:43:00,23.0,16.33781272097505
1995-08-22 03:44:00,14.0,19.49823901652574
1995-08-22 03:45:00,12.0,15.701666204003159
1995-08-22 03:46:00,12.0,14.490529193126237
1995-08-22 03:47:00,9.0,14.001950442995126
1995-08-22 03:48:00,21.0,14.069139903949312
1995-08-22 03:49:00,24.0,18.71402448141835
1995-08-22 03:50:00,9.0,20.443611772823562
1995-08-22 03:51:00,12.0,15.870255007010611
1995-08-22 03:52:00,14.0,14.314434857203993
1995-08-22 03:53:00,25.0,15.563133392508243
1995-08-22 03:54:00,19.0,19.78778672368186
1995-08-22 03:55:00,20.0,17.472028232850338
1995-08-22 03:56:00,24.0,17.860620191776018
1995-08-22 03:57:00,23.0,20.01905521305929
1995-08-22 03:58:00,19.0,18.89191678876341
1995-08-22 03:59:00,18.0,18.696058635929486
1995-08-22 04:00:00,15.0,17.912911595199695
1995-08-22 04:01:00,20.0,18.089779672725953
1995-08-22 04:02:00,20.0,17.237926854124254
1995-08-22 04:03:00,8.0,17.09777635018077
1995-08-22 04:04:00,8.0,13.995984567759898
1995-08-22 04:05:00,17.0,13.804397592693698
1995-08-22 04:06:00,18.0,16.915023990917433
1995-08-22 04:07:00,27.0,15.773907138831364
1995-08-22 04:08:00,21.0,20.886358307580117
1995-08-22 04:09:00,20.0,19.994211604966633
1995-08-22 04:10:00,5.0,19.55105551873074
1995-08-22 04:11:00,18.0,12.851998051570781
1995-08-22 04:12:00,36.0,18.003653379261475
1995-08-22 04:13:00,26.0,23.19471751010053
1995-08-22 04:14:00,13.0,20.911077898027244
1995-08-22 04:15:00,5.0,18.279269326593848
1995-08-22 04:16:00,5.0,13.23143710699254
1995-08-22 04:17:00,13.0,11.950651731234817
1995-08-22 04:18:00,7.0,16.086356425593852
1995-08-22 04:19:00,25.0,12.508814159366267
1995-08-22 04:20:00,33.0,19.227874404133168
1995-08-22 04:21:00,24.0,21.394506773895795
1995-08-22 04:22:00,23.0,20.659422273648
1995-08-22 04:23:00,17.0,20.032763220216758
1995-08-22 04:24:00,8.0,19.371700862591723
1995-08-22 04:25:00,24.0,16.250204905690577
1995-08-22 04:26:00,25.0,19.538537052918976
1995-08-22 04:27:00,23.0,19.71163114741738
1995-08-22 04:28:00,26.0,19.757028885540333
1995-08-22 04:29:00,10.0,20.88123064354984
1995-08-22 04:30:00,17.0,16.872351402709047
1995-08-22 04:31:00,8.0,17.798321908933406
1995-08-22 04:32:00,12.0,15.790935549469006
1995-08-22 04:33:00,19.0,16.157711015708287
1995-08-22 04:34:00,9.0,17.664836473269553
1995-08-22 04:35:00,26.0,15.468096297106328
1995-08-22 04:36:00,7.0,19.959548474687324
1995-08-22 04:37:00,8.0,12.263464533925712
1995-08-22 04:38:00,8.0,14.115207463106247
1995-08-22 04:39:00,7.0,12.507696094078755
1995-08-22 04:40:00,21.0,11.732964430022449
1995-08-22 04:41:00,5.0,17.6978491989418
1995-08-22 04:42:00,2.0,10.71638057415879
1995-08-22 04:43:00,9.0,9.281600952279854
1995-08-22 04:44:00,8.0,12.701193478312415
1995-08-22 04:45:00,7.0,11.875734779440462
1995-08-22 04:46:00,31.0,11.65643496328893
1995-08-22 04:47:00,13.0,20.23183925535974
1995-08-22 04:48:00,13.0,14.83475876770442
1995-08-22 04:49:00,16.0,14.512272752218447
1995-08-22 04:50:00,15.0,15.10597114770476
1995-08-22 04:51:00,14.0,15.788654740968157
1995-08-22 04:52:00,14.0,15.924645890776107
1995-08-22 04:53:00,5.0,14.011964660501357
1995-08-22 04:54:00,0.0,11.054812160023152
1995-08-22 04:59:00,6.0,13.584551375186132
1995-08-22 05:01:00,25.0,15.124906966917237
1995-08-22 05:02:00,8.0,17.98161234565653
1995-08-22 05:03:00,21.0,14.147398221851104
1995-08-22 05:04:00,26.0,15.852726980767285
1995-08-22 05:05:00,23.0,18.420668336831294
1995-08-22 05:06:00,17.0,19.555564028344417
1995-08-22 05:07:00,32.0,16.35310773530472
1995-08-22 05:08:00,16.0,21.825445597407256
1995-08-22 05:09:00,17.0,17.68101108894821
1995-08-22 05:11:00,24.0,15.807438112784043
1995-08-22 05:12:00,48.0,17.578886057489218
1995-08-22 05:13:00,13.0,22.651057412211788
1995-08-22 05:14:00,13.0,19.212808114316413
1995-08-22 05:15:00,15.0,18.36835696920064
1995-08-22 05:16:00,15.0,17.532819569905453
1995-08-22 05:17:00,5.0,17.546162316345452
1995-08-22 05:18:00,2.0,12.965268751124809
1995-08-22 05:19:00,8.0,10.774384657553878
1995-08-22 05:20:00,14.0,12.648259831343736
1995-08-22 05:21:00,36.0,15.208876959968142
1995-08-22 05:22:00,16.0,23.36227559532506
1995-08-22 05:23:00,12.0,17.75563130354666
1995-08-22 05:24:00,9.0,15.93655006695658
1995-08-22 05:25:00,1.0,15.020920727728754
1995-08-22 05:26:00,3.0,9.96803542513406
1995-08-22 05:27:00,16.0,10.53822471869611
1995-08-22 05:28:00,7.0,14.917498401025746
1995-08-22 05:29:00,19.0,12.20739030545143
1995-08-22 05:30:00,9.0,15.726966294346667
1995-08-22 05:31:00,7.0,14.444422581682815
1995-08-22 05:32:00,6.0,11.977814466607121
1995-08-22 05:33:00,17.0,10.474708780036448
1995-08-22 05:34:00,15.0,13.902689982169937
1995-08-22 05:35:00,15.0,14.447931149160999
1995-08-22 05:36:00,5.0,14.892506304075871
1995-08-22 05:37:00,15.0,11.1139989768701
1995-08-22 05:38:00,13.0,15.026338650423021
1995-08-22 05:39:00,10.0,14.259266434378365
1995-08-22 05:40:00,5.0,13.465431046556223
1995-08-22 05:41:00,11.0,10.372888722217406
1995-08-22 05:42:00,12.0,13.329871925379987
1995-08-22 05:43:00,7.0,13.254721485208817
1995-08-22 05:44:00,7.0,10.39848132712294
1995-08-22 05:45:00,17.0,10.648222608490814
1995-08-22 05:46:00,13.0,13.474201921445308
1995-08-22 05:47:00,6.0,12.426234887048839
1995-08-22 05:48:00,5.0,10.540485961760462
1995-08-22 05:49:00,19.0,9.561332858026208
1995-08-22 05:50:00,13.0,13.992229100958545
1995-08-22 05:51:00,6.0,12.38373143010325
1995-08-22 05:52:00,18.0,10.30755175228154
1995-08-22 05:53:00,13.0,14.452119899281954
1995-08-22 05:54:00,23.0,12.854140174016177
1995-08-22 05:55:00,15.0,16.84190441853471
1995-08-22 05:56:00,17.0,14.85794401637298
1995-08-22 05:57:00,21.0,14.863957521704219
1995-08-22 05:58:00,10.0,17.009539365162244
1995-08-22 05:59:00,11.0,14.318938451850212
1995-08-22 06:00:00,11.0,15.637175286479932
1995-08-22 06:01:00,12.0,13.556231729529033
1995-08-22 06:02:00,12.0,13.995449785771612
1995-08-22 06:03:00,11.0,13.929400186184703
1995-08-22 06:04:00,23.0,14.024642000902974
1995-08-22 06:05:00,29.0,19.56382167815684
1995-08-22 06:06:00,12.0,18.96921363934333
1995-08-22 06:07:00,10.0,14.434330147814896
1995-08-22 06:08:00,18.0,14.637857553575552
1995-08-22 06:09:00,24.0,18.292568873326875
1995-08-22 06:10:00,4.0,18.37303380994879
1995-08-22 06:11:00,10.0,11.888090656484367
1995-08-22 06:12:00,22.0,12.603146005518218
1995-08-22 06:13:00,16.0,16.50960391228528
1995-08-22 06:14:00,12.0,16.352680625843096
1995-08-22 06:15:00,12.0,13.840236569769333
1995-08-22 06:16:00,9.0,14.607900388829197
1995-08-22 06:17:00,12.0,12.479817610354628
1995-08-22 06:18:00,13.0,14.233484803454134
1995-08-22 06:19:00,4.0,13.934203847993693
1995-08-22 06:20:00,6.0,11.130594640163844
1995-08-22 06:21:00,26.0,12.26085384759188
1995-08-22 06:22:00,12.0,19.58674477268552
1995-08-22 06:23:00,14.0,14.559330639512229
1995-08-22 06:24:00,14.0,14.890376566009234
1995-08-22 06:25:00,20.0,14.596912234446815
1995-08-22 06:26:00,9.0,15.388380637068053
1995-08-22 06:27:00,1.0,14.81636206966448
1995-08-22 06:28:00,14.0,8.193557142107668
1995-08-22 06:29:00,23.0,15.948242640957766
1995-08-22 06:30:00,18.0,18.207534132831086
1995-08-22 06:31:00,5.0,15.40424017938274
1995-08-22 06:32:00,11.0,11.090283788829316
1995-08-22 06:33:00,11.0,12.738631001541638
1995-08-22 06:34:00,7.0,12.924395949986964
1995-08-22 06:35:00,23.0,11.184129845020946
1995-08-22 06:36:00,23.0,19.174563886523963
1995-08-22 06:37:00,9.0,19.872814219064715
1995-08-22 06:38:00,42.0,13.773167267667503
1995-08-22 06:39:00,16.0,23.17204730412973
1995-08-22 06:40:00,16.0,17.939312459295042
1995-08-22 06:41:00,15.0,17.642798821639403
1995-08-22 06:42:00,28.0,16.99555989339358
1995-08-22 06:43:00,15.0,20.36263273858441
1995-08-22 06:44:00,40.0,17.687241991598817
1995-08-22 06:45:00,32.0,23.890407865428894
1995-08-22 06:46:00,14.0,23.781834270733356
1995-08-22 06:47:00,19.0,19.675890342355213
1995-08-22 06:48:00,29.0,18.692658610144978
1995-08-22 06:49:00,14.0,22.56889844891683
1995-08-22 06:50:00,12.0,19.194093007444284
1995-08-22 06:51:00,17.0,17.13161651254172
1995-08-22 06:52:00,7.0,17.937967063806852
1995-08-22 06:53:00,20.0,16.121413140112722
1995-08-22 06:54:00,33.0,18.418086488016797
1995-08-22 06:55:00,24.0,22.079923545896573
1995-08-22 06:56:00,16.0,22.19464229364225
1995-08-22 06:57:00,37.0,19.235223358223152
1995-08-22 06:58:00,12.0,25.051558708663872
1995-08-22 06:59:00,30.0,18.907917669620645
1995-08-22 07:00:00,36.0,26.69595395097127
1995-08-22 07:01:00,22.0,29.792156146924267
1995-08-22 07:02:00,18.0,26.232630737918736
1995-08-22 07:03:00,37.0,24.45691044465324
1995-08-22 07:04:00,23.0,30.787066477871928
1995-08-22 07:05:00,13.0,26.48089173858112
1995-08-22 07:06:00,10.0,20.568335634045532
1995-08-22 07:07:00,26.0,19.944169326598942
1995-08-22 07:08:00,11.0,24.954633022682962
1995-08-22 07:09:00,36.0,20.16221475276325
1995-08-22 07:10:00,17.0,29.11591135869447
1995-08-22 07:11:00,13.0,21.972672179440185
1995-08-22 07:12:00,6.0,20.444823005323634
1995-08-22 07:13:00,7.0,16.54854317549992
1995-08-22 07:14:00,19.0,15.63757720169845
1995-08-22 07:15:00,17.0,21.181806813091427
1995-08-22 07:16:00,15.0,20.640892938475584
1995-08-22 07:17:00,29.0,18.689981409533797
1995-08-22 07:18:00,20.0,21.802128932286966
1995-08-22 07:19:00,15.0,20.554048521407974
1995-08-22 07:20:00,35.0,20.154187699300603
1995-08-22 07:21:00,27.0,23.851964996460516
1995-08-22 07:22:00,21.0,24.87363565795455
1995-08-22 07:23:00,24.0,24.154662682453907
1995-08-22 07:24:00,29.0,25.406833433176104
1995-08-22 07:25:00,42.0,26.658671086916303
1995-08-22 07:26:00,54.0,29.03408009042283
1995-08-22 07:27:00,32.0,32.612122825757865
1995-08-22 07:28:00,17.0,31.406089433576867
1995-08-22 07:29:00,43.0,26.944043406622264
1995-08-22 07:30:00,53.0,33.870498706954436
1995-08-22 07:31:00,28.0,36.799668837181905
1995-08-22 07:32:00,35.0,32.03708574392524
1995-08-22 07:33:00,41.0,33.785330945384224
1995-08-22 07:34:00,60.0,34.26990728487279
1995-08-22 07:35:00,39.0,39.97566500735425
1995-08-22 07:36:00,28.0,34.83065387378746
1995-08-22 07:37:00,33.0,31.736405440056014
1995-08-22 07:38:00,18.0,35.03657416281096
1995-08-22 07:39:00,47.0,31.001374754334975
1995-08-22 07:40:00,34.0,37.85940099026332
1995-08-22 07:41:00,46.0,35.61702032960808
1995-08-22 07:42:00,41.0,37.00003541978483
1995-08-22 07:43:00,42.0,38.49576700625957
1995-08-22 07:44:00,37.0,37.9636918921664
1995-08-22 07:45:00,41.0,38.599404228811075
1995-08-22 07:46:00,58.0,38.50357756824312
1995-08-22 07:47:00,38.0,44.470280693426545
1995-08-22 07:48:00,30.0,39.97106133943608
1995-08-22 07:49:00,39.0,36.00684279321423
1995-08-22 07:50:00,26.0,37.63247962700934
1995-08-22 07:51:00,27.0,34.42095504784361
1995-08-22 07:52:00,38.0,34.093159720921925
1995-08-22 07:53:00,35.0,37.30054878830294
1995-08-22 07:54:00,38.0,37.87414567821938
1995-08-22 07:55:00,66.0,37.56046930586326
1995-08-22 07:56:00,27.0,48.14871516503425
1995-08-22 07:57:00,25.0,38.43969417557989
1995-08-22 07:58:00,40.0,34.12845845055744
1995-08-22 07:59:00,44.0,36.58462885099562
1995-08-22 08:00:00,41.0,40.5027388166315
1995-08-22 08:01:00,52.0,41.190261029017236
1995-08-22 08:02:00,33.0,44.40188170811649
1995-08-22 08:03:00,30.0,39.67596390056925
1995-08-22 08:04:00,48.0,37.75928160535864
1995-08-22 08:05:00,24.0,43.35592483453913
1995-08-22 08:06:00,20.0,36.17612529603766
1995-08-22 08:07:00,24.0,33.87247788392694
1995-08-22 08:08:00,22.0,31.91333140552562
1995-08-22 08:09:00,36.0,29.895986684992373
1995-08-22 08:10:00,27.0,35.38904661336184
1995-08-22 08:11:00,32.0,33.42329692084148
1995-08-22 08:12:00,32.0,33.37986264218652
1995-08-22 08:13:00,54.0,34.64445735502237
1995-08-22 08:14:00,19.0,40.154622032905706
1995-08-22 08:15:00,25.0,32.50883819345456
1995-08-22 08:16:00,62.0,30.305906198812995
1995-08-22 08:17:00,46.0,43.46900762336379
1995-08-22 08:18:00,45.0,40.417227224533036
1995-08-22 08:19:00,49.0,41.283679673725736
1995-08-22 08:20:00,32.0,43.37612875951013
1995-08-22 08:21:00,39.0,38.875926982375134
1995-08-22 08:22:00,30.0,37.42892394831926
1995-08-22 08:23:00,42.0,35.8531839188832
1995-08-22 08:24:00,54.0,39.432324266793465
1995-08-22 08:25:00,43.0,43.19815457805524
1995-08-22 08:26:00,30.0,41.046362242128914
1995-08-22 08:27:00,31.0,36.73154140704534
1995-08-22 08:28:00,48.0,36.68510437925159
1995-08-22 08:29:00,39.0,42.03864835292036
1995-08-22 08:30:00,46.0,40.255626028646795
1995-08-22 08:31:00,44.0,41.95738641332118
1995-08-22 08:32:00,73.0,41.903415150965856
1995-08-22 08:33:00,44.0,51.10674536909861
1995-08-22 08:34:00,58.0,45.896866821147434
1995-08-22 08:35:00,57.0,50.901505031402124
1995-08-22 08:36:00,38.0,51.85781370050817
1995-08-22 08:37:00,38.0,44.78485576178687
1995-08-22 08:38:00,35.0,43.21409859062691
1995-08-22 08:39:00,43.0,40.71880022865647
1995-08-22 08:40:00,46.0,45.09716982095431
1995-08-22 08:41:00,33.0,46.31177188754127
1995-08-22 08:42:00,41.0,42.73474659693317
1995-08-22 08:43:00,62.0,43.335386722789146
1995-08-22 08:44:00,59.0,51.864580368166024
1995-08-22 08:45:00,52.0,53.75037761092549
1995-08-22 08:46:00,60.0,50.50938988029357
1995-08-22 08:47:00,26.0,54.036587477674665
1995-08-22 08:48:00,40.0,44.582765729743656
1995-08-22 08:49:00,25.0,44.28322523139806
1995-08-22 08:50:00,36.0,35.95432575906162
1995-08-22 08:51:00,51.0,38.520709169082885
1995-08-22 08:52:00,27.0,46.094655895866154
1995-08-22 08:53:00,32.0,38.712568564856625
1995-08-22 08:54:00,60.0,39.43074911124612
1995-08-22 08:55:00,30.0,47.81413831828816
1995-08-22 08:56:00,24.0,42.88599215182508
1995-08-22 08:57:00,32.0,35.868595211882315
1995-08-22 08:58:00,36.0,39.81055964264756
1995-08-22 08:59:00,35.0,41.54171786193961
1995-08-22 09:00:00,29.0,38.00092051218812
1995-08-22 09:01:00,80.0,36.5035584786664
1995-08-22 09:02:00,52.0,51.322531864453524
1995-08-22 09:03:00,35.0,47.75857065123033
1995-08-22 09:04:00,53.0,42.3594338469173
1995-08-22 09:05:00,29.0,46.7658747360287
1995-08-22 09:06:00,40.0,41.588265676387
1995-08-22 09:07:00,45.0,40.43414747865346
1995-08-22 09:08:00,68.0,43.81522623491404
1995-08-22 09:09:00,59.0,51.433906655023016
1995-08-22 09:10:00,51.0,51.25077556986627
1995-08-22 09:11:00,66.0,49.150754974211125
1995-08-22 09:12:00,24.0,54.85405372895642
1995-08-22 09:13:00,73.0,43.086769041873886
1995-08-22 09:14:00,43.0,53.74775627490912
1995-08-22 09:15:00,72.0,48.907076194426075
1995-08-22 09:16:00,44.0,57.45378339306989
1995-08-22 09:17:00,27.0,49.89483151095531
1995-08-22 09:18:00,34.0,42.55832129993536
1995-08-22 09:19:00,44.0,43.14323786709084
1995-08-22 09:20:00,49.0,44.69671032339988
1995-08-22 09:21:00,42.0,45.66226046406306
1995-08-22 09:22:00,50.0,47.20072130289741
1995-08-22 09:23:00,78.0,49.223375387664234
1995-08-22 09:24:00,53.0,58.71975576631321
1995-08-22 09:25:00,27.0,54.339379868773335
1995-08-22 09:26:00,38.0,44.968776561222356
1995-08-22 09:27:00,39.0,44.15805599419815
1995-08-22 09:28:00,46.0,44.13377193210273
1995-08-22 09:29:00,45.0,47.33635444524184
1995-08-22 09:30:00,71.0,48.11172863455077
1995-08-22 09:31:00,40.0,54.075394980601786
1995-08-22 09:32:00,50.0,49.9057697785677
1995-08-22 09:33:00,51.0,49.58310092257997
1995-08-22 09:34:00,52.0,50.23621155311206
1995-08-22 09:35:00,65.0,52.51173916294733
1995-08-22 09:36:00,78.0,56.37792483639969
1995-08-22 09:37:00,31.0,60.366860677035156
1995-08-22 09:38:00,59.0,50.7601862259513
1995-08-22 09:39:00,61.0,54.62494791030368
1995-08-22 09:40:00,41.0,56.88167308072655
1995-08-22 09:41:00,65.0,51.7550864981254
1995-08-22 09:42:00,88.0,57.98145007565898
1995-08-22 09:43:00,73.0,62.351243532287974
1995-08-22 09:44:00,79.0,63.80447699371815
1995-08-22 09:45:00,81.0,63.87224310120549
1995-08-22 09:46:00,51.0,65.60056848984956
1995-08-22 09:47:00,44.0,57.39198332844353
1995-08-22 09:48:00,40.0,55.81071169358107
1995-08-22 09:49:00,49.0,52.474182676631216
1995-08-22 09:50:00,47.0,53.34430414548882
1995-08-22 09:51:00,54.0,53.34228515662115
1995-08-22 09:52:00,65.0,55.779579364944084
1995-08-22 09:53:00,35.0,56.95328395012102
1995-08-22 09:54:00,32.0,48.425671663493304
1995-08-22 09:55:00,50.0,46.35771626500098
1995-08-22 09:56:00,76.0,49.446405431954865
1995-08-22 09:57:00,38.0,62.9013455246389
1995-08-22 09:58:00,38.0,54.210771244438824
1995-08-22 09:59:00,30.0,49.740669131475684
1995-08-22 10:00:00,34.0,45.80750173667612
1995-08-22 10:01:00,28.0,46.30018096388517
1995-08-22 10:02:00,46.0,43.249223342847806
1995-08-22 10:03:00,32.0,50.70411947626378
1995-08-22 10:04:00,53.0,47.872794874943466
1995-08-22 10:05:00,17.0,48.409780182828634
1995-08-22 10:06:00,70.0,40.19605990697274
1995-08-22 10:07:00,39.0,53.87075896572962
1995-08-22 10:08:00,41.0,47.37436351474202
1995-08-22 10:09:00,27.0,45.576553133625225
1995-08-22 10:10:00,41.0,42.86184350299771
1995-08-22 10:11:00,25.0,46.08815751333934
1995-08-22 10:12:00,10.0,40.00700014736528
1995-08-22 10:13:00,22.0,31.657560113494277
1995-08-22 10:14:00,34.0,30.230917012469437
1995-08-22 10:15:00,40.0,35.852305944733196
1995-08-22 10:16:00,49.0,39.32730355879146
1995-08-22 10:17:00,26.0,42.95330420985247
1995-08-22 10:18:00,27.0,34.9405004074241
1995-08-22 10:19:00,36.0,32.87612737011011
1995-08-22 10:20:00,18.0,36.491962669960984
1995-08-22 10:21:00,54.0,31.919823958721246
1995-08-22 10:22:00,36.0,40.56073247003573
1995-08-22 10:23:00,51.0,39.72659304760728
1995-08-22 10:24:00,43.0,43.425416013826805
1995-08-22 10:25:00,58.0,41.31579936112265
1995-08-22 10:26:00,33.0,46.98343846108655
1995-08-22 10:27:00,35.0,39.45768092342263
1995-08-22 10:28:00,40.0,36.94193387103225
1995-08-22 10:29:00,79.0,38.745474383580856
1995-08-22 10:30:00,44.0,51.9432582178061
1995-08-22 10:31:00,39.0,45.02833978477064
1995-08-22 10:32:00,29.0,42.35986950107335
1995-08-22 10:33:00,47.0,38.62770251907446
1995-08-22 10:34:00,44.0,45.063291389384716
1995-08-22 10:35:00,71.0,44.93900157094328
1995-08-22 10:36:00,38.0,51.8241185911717
1995-08-22 10:37:00,63.0,44.24678999648664
1995-08-22 10:38:00,36.0,52.76339263063633
1995-08-22 10:39:00,57.0,44.30805406048451
1995-08-22 10:40:00,56.0,50.055119778406535
1995-08-22 10:41:00,49.0,50.0507983280782
1995-08-22 10:42:00,63.0,49.820409747158266
1995-08-22 10:43:00,51.0,52.39416044829777
1995-08-22 10:44:00,60.0,52.66682251271559
1995-08-22 10:45:00,61.0,55.515139059644966
1995-08-22 10:46:00,71.0,56.559463208192426
1995-08-22 10:47:00,36.0,59.05823464705939
1995-08-22 10:48:00,57.0,50.124776456369595
1995-08-22 10:49:00,47.0,53.95833206824667
1995-08-22 10:50:00,50.0,52.91544874185275
1995-08-22 10:51:00,55.0,55.04727399788455
1995-08-22 10:52:00,49.0,54.23685169026609
1995-08-22 10:53:00,71.0,52.938725948245846
1995-08-22 10:54:00,74.0,61.35540167032215
1995-08-22 10:55:00,73.0,63.60075021965711
1995-08-22 10:56:00,70.0,62.662821345458426
1995-08-22 10:57:00,52.0,64.2310603675521
1995-08-22 10:58:00,85.0,56.82474390222719
1995-08-22 10:59:00,11.0,65.49363335265319
1995-08-22 11:00:00,61.0,47.400055060356976
1995-08-22 11:01:00,51.0,58.36014442647716
1995-08-22 11:02:00,39.0,53.68093374276507
1995-08-22 11:03:00,73.0,51.51318266293951
1995-08-22 11:04:00,59.0,60.78529610270679
1995-08-22 11:05:00,40.0,59.28385260397086
1995-08-22 11:06:00,55.0,53.21981461080095
1995-08-22 11:07:00,78.0,55.77995870078028
1995-08-22 11:08:00,43.0,62.82685454826506
1995-08-22 11:09:00,41.0,55.06423408741078
1995-08-22 11:10:00,45.0,52.141186554262326
1995-08-22 11:11:00,71.0,52.184413072912314
1995-08-22 11:12:00,66.0,61.127622598159746
1995-08-22 11:13:00,102.0,61.821822437958595
1995-08-22 11:14:00,56.0,74.02081756394801
1995-08-22 11:15:00,93.0,60.662197585474466
1995-08-22 11:16:00,55.0,68.32418006399436
1995-08-22 11:17:00,55.0,62.712088534034166
1995-08-22 11:18:00,50.0,60.075669619548144
1995-08-22 11:19:00,41.0,58.4246487427231
1995-08-22 11:20:00,55.0,47.841537625935594
1995-08-22 11:21:00,23.0,59.72152180938307
1995-08-22 11:22:00,70.0,45.92422747332795
1995-08-22 11:23:00,72.0,60.74655628675206
1995-08-22 11:24:00,47.0,62.010580862081305
1995-08-22 11:25:00,34.0,55.947677487583036
1995-08-22 11:26:00,88.0,51.23928235564893
1995-08-22 11:27:00,68.0,64.96557738272944
1995-08-22 11:28:00,72.0,62.04653258056239
1995-08-22 11:29:00,86.0,66.09989723770067
1995-08-22 11:30:00,63.0,67.04161703622042
1995-08-22 11:31:00,57.0,62.743054118435566
1995-08-22 11:32:00,55.0,61.540282321204494
1995-08-22 11:33:00,56.0,58.47526472531626
1995-08-22 11:34:00,57.0,58.954223919219075
1995-08-22 11:35:00,59.0,60.60521468294482
1995-08-22 11:36:00,82.0,60.04252535321688
1995-08-22 11:37:00,59.0,68.33273665479093
1995-08-22 11:38:00,91.0,63.43964618995468
1995-08-22 11:39:00,80.0,71.92718546148615
1995-08-22 11:40:00,97.0,71.91103424287226
1995-08-22 11:41:00,80.0,79.62786177586372
1995-08-22 11:42:00,59.0,73.0495911069004
1995-08-22 11:43:00,62.0,70.3810529275412
1995-08-22 11:44:00,71.0,70.29721854209984
1995-08-22 11:45:00,64.0,69.2573550494572
1995-08-22 11:46:00,52.0,68.44936031503892
1995-08-22 11:47:00,79.0,64.173875647242
1995-08-22 11:48:00,48.0,67.5348178998913
1995-08-22 11:49:00,47.0,61.4649684349303
1995-08-22 11:50:00,73.0,58.486098442987426
1995-08-22 11:51:00,72.0,66.06560171996671
1995-08-22 11:52:00,86.0,67.34852620298334
1995-08-22 11:53:00,78.0,71.13069613568977
1995-08-22 11:54:00,82.0,71.03826512573718
1995-08-22 11:55:00,62.0,71.36454024279371
1995-08-22 11:56:00,39.0,70.33528000594528
1995-08-22 11:57:00,60.0,59.387268106520494
1995-08-22 11:58:00,70.0,59.79193089929938
1995-08-22 11:59:00,41.0,65.03395485482349
1995-08-22 12:00:00,41.0,54.09181908360231
1995-08-22 12:01:00,60.0,49.85198896013176
1995-08-22 12:02:00,59.0,60.10562538341618
1995-08-22 12:03:00,73.0,63.578444513714345
1995-08-22 12:04:00,72.0,65.78165238090061
1995-08-22 12:05:00,95.0,69.47221763259596
1995-08-22 12:06:00,61.0,75.2102303413439
1995-08-22 12:07:00,64.0,65.37843537754327
1995-08-22 12:08:00,44.0,63.93679855316647
1995-08-22 12:09:00,54.0,58.47589989391409
1995-08-22 12:10:00,51.0,62.75684361807075
1995-08-22 12:11:00,68.0,57.16941166993396
1995-08-22 12:12:00,58.0,67.57232240670474
1995-08-22 12:13:00,104.0,63.81591781202886
1995-08-22 12:14:00,62.0,78.28032271001094
1995-08-22 12:15:00,80.0,67.71668505310816
1995-08-22 12:16:00,67.0,66.69206021599298
1995-08-22 12:17:00,74.0,69.51149771244054
1995-08-22 12:18:00,75.0,68.80641630244124
1995-08-22 12:19:00,88.0,70.74518208007285
1995-08-22 12:20:00,61.0,72.85874429555804
1995-08-22 12:21:00,52.0,69.70787427359376
1995-08-22 12:22:00,75.0,66.44795829388958
1995-08-22 12:23:00,63.0,67.6417498423297
1995-08-22 12:24:00,105.0,69.76029736309184
1995-08-22 12:25:00,89.0,77.31831266119217
1995-08-22 12:26:00,73.0,74.25783394254654
1995-08-22 12:27:00,99.0,73.83003258586902
1995-08-22 12:28:00,75.0,79.929742655664
1995-08-22 12:29:00,82.0,77.38827086921198
1995-08-22 12:30:00,102.0,78.0342229797042
1995-08-22 12:31:00,78.0,84.33294236459541
1995-08-22 12:32:00,62.0,78.84468243768588
1995-08-22 12:33:00,57.0,71.21707716372438
1995-08-22 12:34:00,60.0,69.70354775526104
1995-08-22 12:35:00,75.0,72.6044698352397
1995-08-22 12:36:00,55.0,74.71988427152402
1995-08-22 12:37:00,79.0,66.50961095329126
1995-08-22 12:38:00,65.0,68.76758824602277
1995-08-22 12:39:00,62.0,69.37500670610993
1995-08-22 12:40:00,77.0,67.34784608188268
1995-08-22 12:41:00,79.0,72.82410259659875
1995-08-22 12:42:00,96.0,75.19878951385486
1995-08-22 12:43:00,61.0,83.2458926864125
1995-08-22 12:44:00,69.0,73.17142890256594
1995-08-22 12:45:00,59.0,73.27499653636758
1995-08-22 12:46:00,61.0,70.70783372025929
1995-08-22 12:47:00,93.0,67.66461407129418
1995-08-22 12:48:00,90.0,78.30218475504778
1995-08-22 12:49:00,66.0,77.60347772441452
1995-08-22 12:50:00,101.0,73.75002904915075
1995-08-22 12:51:00,75.0,85.10257248941274
1995-08-22 12:52:00,50.0,79.31456029164468
1995-08-22 12:53:00,57.0,69.98352430597562
1995-08-22 12:54:00,61.0,71.58230627855067
1995-08-22 12:55:00,36.0,67.78641812243224
1995-08-22 12:56:00,67.0,59.422341132815035
1995-08-22 12:57:00,60.0,65.58930778566065
1995-08-22 12:58:00,81.0,65.08510729270031
1995-08-22 12:59:00,68.0,68.77122283730132
1995-08-22 13:00:00,70.0,70.61056493430219
1995-08-22 13:01:00,64.0,69.94438593176959
1995-08-22 13:02:00,59.0,67.71483467203323
1995-08-22 13:03:00,62.0,68.34688117691616
1995-08-22 13:04:00,79.0,66.9677870057054
1995-08-22 13:05:00,88.0,69.1619400424482
1995-08-22 13:06:00,87.0,75.67518341746165
1995-08-22 13:07:00,81.0,73.25353198690264
1995-08-22 13:08:00,68.0,73.23974303848938
1995-08-22 13:09:00,82.0,71.73203298803375
1995-08-22 13:10:00,114.0,73.69868170705895
1995-08-22 13:11:00,66.0,83.11007740658529
1995-08-22 13:12:00,49.0,76.99781292018774
1995-08-22 13:13:00,98.0,67.43654753580661
1995-08-22 13:14:00,77.0,82.6300411532432
1995-08-22 13:15:00,43.0,76.62767190926671
1995-08-22 13:16:00,66.0,63.54243518292071
1995-08-22 13:17:00,130.0,69.37443699797154
1995-08-22 13:18:00,96.0,81.98149141579984
1995-08-22 13:19:00,80.0,83.08508172725803
1995-08-22 13:20:00,70.0,72.38916011869223
1995-08-22 13:21:00,85.0,78.60687071369166
1995-08-22 13:22:00,83.0,76.67110961312838
1995-08-22 13:23:00,75.0,80.33794773454531
1995-08-22 13:24:00,73.0,76.68560286662004
1995-08-22 13:25:00,73.0,77.2856812488231
1995-08-22 13:26:00,65.0,76.29331399134503
1995-08-22 13:27:00,80.0,75.68927907377294
1995-08-22 13:28:00,113.0,80.08110433230145
1995-08-22 13:29:00,70.0,85.24285991005692
1995-08-22 13:30:00,87.0,78.75955444506559
1995-08-22 13:31:00,89.0,78.53853598046656
1995-08-22 13:32:00,69.0,81.92652962838163
1995-08-22 13:33:00,98.0,77.08220412132445
1995-08-22 13:34:00,86.0,86.03040629519649
1995-08-22 13:35:00,72.0,81.4121986655399
1995-08-22 13:36:00,106.0,83.41121110385909
1995-08-22 13:37:00,51.0,84.39260111841482
1995-08-22 13:38:00,50.0,70.99861315483683
1995-08-22 13:39:00,45.0,71.93252359031393
1995-08-22 13:40:00,74.0,66.97359570629223
1995-08-22 13:41:00,73.0,72.67421531067063
1995-08-22 13:42:00,77.0,72.11522884289882
1995-08-22 13:43:00,71.0,75.94033475671782
1995-08-22 13:44:00,61.0,75.26381874430702
1995-08-22 13:45:00,104.0,68.8503122758883
1995-08-22 13:46:00,79.0,80.87266244927794
1995-08-22 13:47:00,92.0,80.53291035113537
1995-08-22 13:48:00,56.0,82.21741777405585
1995-08-22 13:49:00,63.0,70.55411611688972
1995-08-22 13:50:00,59.0,71.3902293602484
1995-08-22 13:51:00,46.0,72.81499780449008
1995-08-22 13:52:00,85.0,64.94986780343991
1995-08-22 13:53:00,68.0,72.74490560028784
1995-08-22 13:54:00,73.0,72.69954800673959
1995-08-22 13:55:00,37.0,75.2427390035519
1995-08-22 13:56:00,56.0,59.52455296561532
1995-08-22 13:57:00,24.0,67.63758864834092
1995-08-22 13:58:00,68.0,54.495117567766385
1995-08-22 13:59:00,25.0,65.98687909264176
1995-08-22 14:00:00,44.0,46.09907466859844
1995-08-22 14:01:00,47.0,50.4585625908588
1995-08-22 14:02:00,37.0,53.93525487211692
1995-08-22 14:03:00,70.0,52.33634698437344
1995-08-22 14:04:00,66.0,61.15026083659755
1995-08-22 14:05:00,79.0,62.36116508757021
1995-08-22 14:06:00,101.0,66.52231411804316
1995-08-22 14:07:00,90.0,76.69619844764118
1995-08-22 14:08:00,83.0,75.39926120416733
1995-08-22 14:09:00,92.0,71.13478887723238
1995-08-22 14:10:00,71.0,77.94650486562104
1995-08-22 14:11:00,67.0,73.22415164381567
1995-08-22 14:12:00,61.0,68.84871951866599
1995-08-22 14:13:00,93.0,64.49339454528031
1995-08-22 14:14:00,84.0,77.31846314956164
1995-08-22 14:15:00,58.0,76.88100709343465
1995-08-22 14:16:00,56.0,69.25029911028497
1995-08-22 14:17:00,40.0,66.650593709592
1995-08-22 14:18:00,55.0,58.610538219266594
1995-08-22 14:19:00,56.0,61.33773154635862
1995-08-22 14:20:00,33.0,63.92987777123706
1995-08-22 14:21:00,44.0,52.189201704909074
1995-08-22 14:22:00,85.0,54.52284504722835
1995-08-22 14:23:00,75.0,64.42624759290055
1995-08-22 14:24:00,64.0,67.92201391749404
1995-08-22 14:25:00,55.0,65.66947558173581
1995-08-22 14:26:00,99.0,64.0501294719874
1995-08-22 14:27:00,54.0,76.18369868907449
1995-08-22 14:28:00,57.0,65.45960487745019
1995-08-22 14:29:00,70.0,62.514160524563366
1995-08-22 14:30:00,67.0,66.24533688443292
1995-08-22 14:31:00,57.0,65.58370260300286
1995-08-22 14:32:00,51.0,62.86990730555775
1995-08-22 14:33:00,50.0,56.43677063654249
1995-08-22 14:34:00,63.0,58.19205758644045
1995-08-22 14:35:00,67.0,64.11497280332011
1995-08-22 14:36:00,34.0,65.30124904970883
1995-08-22 14:37:00,67.0,53.29419840985193
1995-08-22 14:38:00,39.0,60.33198528478049
1995-08-22 14:39:00,32.0,53.4919576618324
1995-08-22 14:40:00,54.0,50.58241625571088
1995-08-22 14:41:00,75.0,54.82191452686485
1995-08-22 14:42:00,58.0,62.76389912118209
1995-08-22 14:43:00,67.0,59.442198431513
1995-08-22 14:44:00,50.0,62.530346804245724
1995-08-22 14:45:00,68.0,56.303008492985214
1995-08-22 14:46:00,80.0,61.31875159040316
1995-08-22 14:47:00,45.0,65.4803673686704
1995-08-22 14:48:00,57.0,56.35998028442115
1995-08-22 14:49:00,89.0,56.41928340474384
1995-08-22 14:50:00,57.0,67.35803452105041
1995-08-22 14:51:00,78.0,63.44627937063129
1995-08-22 14:52:00,116.0,66.4791033536085
1995-08-22 14:53:00,91.0,79.39311305073822
1995-08-22 14:54:00,62.0,80.12841343758451
1995-08-22 14:55:00,87.0,70.00740625799844
1995-08-22 14:56:00,60.0,76.84490543888066
1995-08-22 14:57:00,58.0,69.47164563762377
1995-08-22 14:58:00,94.0,63.67525819010419
1995-08-22 14:59:00,71.0,74.48520570173275
1995-08-22 15:00:00,80.0,69.60778913952588
1995-08-22 15:01:00,65.0,71.04307380903528
1995-08-22 15:02:00,92.0,68.45901623098273
1995-08-22 15:03:00,74.0,76.27274005221187
1995-08-22 15:04:00,54.0,74.04577060484155
1995-08-22 15:05:00,100.0,66.61945175581958
1995-08-22 15:06:00,68.0,79.24331031685568
1995-08-22 15:07:00,78.0,74.06634357589387
1995-08-22 15:08:00,44.0,73.73586057688938
1995-08-22 15:09:00,42.0,63.08829860202279
1995-08-22 15:10:00,31.0,56.15664698594098
1995-08-22 15:11:00,57.0,55.95286321240672
1995-08-22 15:12:00,87.0,59.482179172206045
1995-08-22 15:13:00,71.0,67.96461005641194
1995-08-22 15:14:00,129.0,68.14933629194286
1995-08-22 15:15:00,115.0,82.45434520048745
1995-08-22 15:16:00,58.0,88.69812738816287
1995-08-22 15:17:00,51.0,67.407514511075
1995-08-22 15:18:00,118.0,70.0258265506566
1995-08-22 15:19:00,72.0,84.554995083993
1995-08-22 15:20:00,71.0,77.13948701580324
1995-08-22 15:21:00,72.0,79.24057406998138
1995-08-22 15:22:00,86.0,74.87812013961668
1995-08-22 15:23:00,100.0,79.80288444020178
1995-08-22 15:24:00,91.0,81.6441564542109
1995-08-22 15:25:00,82.0,79.22296817457203
1995-08-22 15:26:00,81.0,78.02045611185059
1995-08-22 15:27:00,68.0,80.37991139782798
1995-08-22 15:28:00,58.0,76.53239289153407
1995-08-22 15:29:00,92.0,68.74406080863893
1995-08-22 15:30:00,57.0,78.010618395482
1995-08-22 15:31:00,136.0,70.79942911351306
1995-08-22 15:32:00,65.0,92.99016361787994
1995-08-22 15:33:00,92.0,75.09337258125407
1995-08-22 15:34:00,51.0,78.78508979307507
1995-08-22 15:35:00,49.0,79.93174324891042
1995-08-22 15:36:00,77.0,64.76100568668588
1995-08-22 15:37:00,63.0,75.35365248622568
1995-08-22 15:38:00,85.0,72.72939384809092
1995-08-22 15:39:00,53.0,75.59625936122508
1995-08-22 15:40:00,57.0,67.63124057497625
1995-08-22 15:41:00,50.0,66.217612413783
1995-08-22 15:42:00,90.0,66.30253249501102
1995-08-22 15:43:00,48.0,78.34469928555072
1995-08-22 15:44:00,43.0,61.6989995811677
1995-08-22 15:45:00,28.0,58.33004557811079
1995-08-22 15:46:00,68.0,53.49483084488432
1995-08-22 15:47:00,67.0,64.65384853846086
1995-08-22 15:48:00,70.0,65.92708702598807
1995-08-22 15:49:00,54.0,68.68596812937672
1995-08-22 15:50:00,45.0,65.42365440752627
1995-08-22 15:51:00,43.0,55.52730526457884
1995-08-22 15:52:00,85.0,57.59960711083472
1995-08-22 15:53:00,47.0,70.73502568799303
1995-08-22 15:54:00,60.0,62.27843148999429
1995-08-22 15:55:00,93.0,64.83802806366587
1995-08-22 15:56:00,66.0,71.72875083927602
1995-08-22 15:57:00,96.0,67.79348013096725
1995-08-22 15:58:00,88.0,78.85904789465371
1995-08-22 15:59:00,74.0,77.90859694001368
1995-08-22 16:00:00,80.0,70.20461839450259
1995-08-22 16:01:00,61.0,71.32809528145879
1995-08-22 16:02:00,71.0,67.55190249247752
1995-08-22 16:03:00,115.0,71.3015177037094
1995-08-22 16:04:00,93.0,85.26554571967726
1995-08-22 16:05:00,62.0,78.99822901890731
1995-08-22 16:06:00,58.0,68.76381821580439
1995-08-22 16:07:00,89.0,64.51740204398831
1995-08-22 16:08:00,58.0,74.46973383033699
1995-08-22 16:09:00,83.0,64.55683638517918
1995-08-22 16:10:00,47.0,71.99538344874918
1995-08-22 16:11:00,140.0,61.16724477857642
1995-08-22 16:12:00,105.0,90.60058354086537
1995-08-22 16:13:00,95.0,84.78106909265863
1995-08-22 16:14:00,105.0,86.35717558492946
1995-08-22 16:15:00,121.0,86.37356459448088
1995-08-22 16:16:00,80.0,93.62213663962079
1995-08-22 16:17:00,105.0,77.62715419008663
1995-08-22 16:18:00,103.0,89.70791650613411
1995-08-22 16:19:00,76.0,91.73281020142078
1995-08-22 16:20:00,85.0,84.03041785426628
1995-08-22 16:21:00,110.0,86.53264404871176
1995-08-22 16:22:00,69.0,94.93037077876164
1995-08-22 16:23:00,94.0,79.85600176904622
1995-08-22 16:24:00,69.0,84.66492142534958
1995-08-22 16:25:00,70.0,80.0558503363396
1995-08-22 16:26:00,68.0,81.2272838860407
1995-08-22 16:27:00,69.0,80.06198704621406
1995-08-22 16:28:00,93.0,76.71225248405443
1995-08-22 16:29:00,27.0,84.35678525607084
1995-08-22 16:30:00,57.0,58.32098882905031
1995-08-22 16:31:00,36.0,63.865333196519956
1995-08-22 16:32:00,51.0,52.47517574135476
1995-08-22 16:33:00,55.0,57.51551538480508
1995-08-22 16:34:00,35.0,61.753622596204465
1995-08-22 16:35:00,74.0,51.58957552750233
1995-08-22 16:36:00,71.0,67.54998257754887
1995-08-22 16:37:00,65.0,66.88384917961496
1995-08-22 16:38:00,69.0,69.93178106831333
1995-08-22 16:39:00,62.0,70.38358597308937
1995-08-22 16:40:00,45.0,63.414212295439285
1995-08-22 16:41:00,50.0,61.495516913002184
1995-08-22 16:42:00,37.0,61.38848744394672
1995-08-22 16:43:00,52.0,58.17225043380807
1995-08-22 16:44:00,80.0,60.54772676713226
1995-08-22 16:45:00,94.0,67.51388262444205
1995-08-22 16:46:00,49.0,74.28550741171411
1995-08-22 16:47:00,42.0,58.30287344107578
1995-08-22 16:48:00,73.0,55.05670150726577
1995-08-22 16:49:00,61.0,68.70336761827126
1995-08-22 16:50:00,71.0,65.26983019791572
1995-08-22 16:51:00,67.0,66.15208110918378
1995-08-22 16:52:00,56.0,64.17569075015193
1995-08-22 16:53:00,50.0,61.85395727670847
1995-08-22 16:54:00,69.0,57.697340434996256
1995-08-22 16:55:00,93.0,63.29347628976063
1995-08-22 16:56:00,69.0,73.729790976429
1995-08-22 16:57:00,80.0,66.61883762225463
1995-08-22 16:58:00,78.0,67.83408453347329
1995-08-22 16:59:00,47.0,71.84376777929961
1995-08-22 17:00:00,49.0,61.596333352296185
1995-08-22 17:01:00,58.0,59.28456152347363
1995-08-22 17:02:00,67.0,56.92905894564194
1995-08-22 17:03:00,53.0,62.560772885233206
1995-08-22 17:04:00,40.0,60.54017856113467
1995-08-22 17:05:00,80.0,54.3869029945262
1995-08-22 17:06:00,85.0,63.53347702431582
1995-08-22 17:07:00,63.0,68.48202410624754
1995-08-22 17:08:00,77.0,65.25952780846997
1995-08-22 17:09:00,70.0,66.12128560016198
1995-08-22 17:10:00,75.0,67.02737224213983
1995-08-22 17:11:00,53.0,69.43211254472114
1995-08-22 17:12:00,63.0,61.77804986721464
1995-08-22 17:13:00,45.0,61.63011186702539
1995-08-22 17:14:00,35.0,54.035308340276046
1995-08-22 17:15:00,23.0,51.347024401526404
1995-08-22 17:16:00,17.0,45.164831254606185
1995-08-22 17:17:00,37.0,33.92698268108964
1995-08-22 17:18:00,28.0,47.253705606067925
1995-08-22 17:19:00,47.0,43.028725594024905
1995-08-22 17:20:00,70.0,49.32002713952825
1995-08-22 17:21:00,27.0,58.056715801018775
1995-08-22 17:22:00,57.0,44.75509719535317
1995-08-22 17:23:00,46.0,52.11317716776438
1995-08-22 17:24:00,63.0,51.11717293161877
1995-08-22 17:25:00,46.0,56.768221887691745
1995-08-22 17:26:00,56.0,52.2271808836647
1995-08-22 17:27:00,45.0,54.45923986833618
1995-08-22 17:28:00,48.0,51.319720237463756
1995-08-22 17:29:00,58.0,50.258290928424316
1995-08-22 17:30:00,37.0,52.42487692158258
1995-08-22 17:31:00,80.0,46.93820001547311
1995-08-22 17:32:00,72.0,58.09110387650016
1995-08-22 17:33:00,22.0,60.514255635148494
1995-08-22 17:34:00,58.0,43.227136848666376
1995-08-22 17:35:00,46.0,50.622236509257206
1995-08-22 17:36:00,53.0,48.405547003542814
1995-08-22 17:37:00,55.0,52.33229206465111
1995-08-22 17:38:00,52.0,50.844580216289366
1995-08-22 17:39:00,57.0,51.93322986428402
1995-08-22 17:40:00,43.0,53.14968017409094
1995-08-22 17:41:00,43.0,49.16769583970809
1995-08-22 17:42:00,27.0,46.634318157062204
1995-08-22 17:43:00,27.0,40.90491418875849
1995-08-22 17:44:00,36.0,38.725476360550736
1995-08-22 17:45:00,79.0,41.57816792197523
1995-08-22 17:46:00,13.0,53.36428223412319
1995-08-22 17:47:00,27.0,35.87353312497954
1995-08-22 17:48:00,53.0,39.211605836663296
1995-08-22 17:49:00,63.0,45.14312026623466
1995-08-22 17:50:00,72.0,50.29380861236824
1995-08-22 17:51:00,79.0,56.41001222491675
1995-08-22 17:52:00,70.0,59.99639143282274
1995-08-22 17:53:00,74.0,59.140815273341886
1995-08-22 17:54:00,52.0,61.806930395335854
1995-08-22 17:55:00,53.0,53.590657620682755
1995-08-22 17:56:00,30.0,53.51425011524743
1995-08-22 17:57:00,30.0,49.46104831306667
1995-08-22 17:58:00,45.0,45.2368561069708
1995-08-22 17:59:00,36.0,46.86688328216506
1995-08-22 18:00:00,32.0,44.528801413612975
1995-08-22 18:01:00,65.0,43.11848331774351
1995-08-22 18:02:00,32.0,52.263517870928176
1995-08-22 18:03:00,24.0,44.815150305789906
1995-08-22 18:04:00,24.0,37.832162144815015
1995-08-22 18:05:00,68.0,35.757069552510394
1995-08-22 18:06:00,32.0,50.5041696343797
1995-08-22 18:07:00,58.0,42.40160569624924
1995-08-22 18:08:00,57.0,47.15381987703637
1995-08-22 18:09:00,60.0,47.539623423874055
1995-08-22 18:10:00,34.0,51.37403313566562
1995-08-22 18:11:00,51.0,44.67778735333444
1995-08-22 18:12:00,20.0,47.28139098466085
1995-08-22 18:13:00,29.0,37.13145181070181
1995-08-22 18:14:00,45.0,38.97075706278313
1995-08-22 18:15:00,61.0,41.260358947620446
1995-08-22 18:16:00,47.0,50.45724780892934
1995-08-22 18:17:00,34.0,45.532236498755864
1995-08-22 18:18:00,37.0,42.37689175394086
1995-08-22 18:19:00,50.0,43.03482426686448
1995-08-22 18:20:00,24.0,46.145414364071726
1995-08-22 18:21:00,49.0,36.81438458120223
1995-08-22 18:22:00,53.0,42.29058610997374
1995-08-22 18:23:00,35.0,45.398128003968
1995-08-22 18:24:00,50.0,41.84662429213579
1995-08-22 18:25:00,45.0,42.864033201561746
1995-08-22 18:26:00,14.0,43.05782030779017
1995-08-22 18:27:00,35.0,32.395354883484586
1995-08-22 18:28:00,36.0,37.57482745495537
1995-08-22 18:29:00,29.0,38.864116302830304
1995-08-22 18:30:00,34.0,35.8505986540999
1995-08-22 18:31:00,19.0,37.929319515326426
1995-08-22 18:32:00,12.0,30.62940967209302
1995-08-22 18:33:00,39.0,24.250241604521957
1995-08-22 18:34:00,48.0,33.80915072226313
1995-08-22 18:35:00,69.0,39.52763388180623
1995-08-22 18:36:00,38.0,47.47732335219955
1995-08-22 18:37:00,48.0,40.03192819786075
1995-08-22 18:38:00,57.0,42.93240062534788
1995-08-22 18:39:00,39.0,48.04244766041548
1995-08-22 18:40:00,31.0,40.4199222526062
1995-08-22 18:41:00,29.0,36.98997894592786
1995-08-22 18:42:00,58.0,35.3415028457849
1995-08-22 18:43:00,30.0,45.27112563717473
1995-08-22 18:44:00,38.0,34.96632214044363
1995-08-22 18:45:00,37.0,36.12838619196826
1995-08-22 18:46:00,51.0,37.35853231168582
1995-08-22 18:47:00,43.0,43.85631994212514
1995-08-22 18:48:00,37.0,42.96924178339356
1995-08-22 18:49:00,48.0,40.755405821523944
1995-08-22 18:50:00,31.0,43.421814674674046
1995-08-22 18:51:00,41.0,38.61962193937821
1995-08-22 18:52:00,58.0,41.0441007453583
1995-08-22 18:53:00,54.0,46.254304701838755
1995-08-22 18:54:00,38.0,46.15148839243895
1995-08-22 18:55:00,34.0,41.63689692470726
1995-08-22 18:56:00,76.0,39.47504853574351
1995-08-22 18:57:00,66.0,51.97520633755121
1995-08-22 18:58:00,51.0,53.71073440180791
1995-08-22 18:59:00,36.0,48.71102295037657
1995-08-22 19:00:00,51.0,40.95904639416883
1995-08-22 19:01:00,57.0,47.920630566341
1995-08-22 19:02:00,46.0,50.537697357124436
1995-08-22 19:03:00,69.0,44.84230285477746
1995-08-22 19:04:00,37.0,53.29181925923891
1995-08-22 19:05:00,33.0,47.58844198977537
1995-08-22 19:06:00,34.0,41.86820430223457
1995-08-22 19:07:00,35.0,41.77255869457158
1995-08-22 19:08:00,43.0,41.98843425228989
1995-08-22 19:09:00,55.0,42.645952027035975
1995-08-22 19:10:00,68.0,46.1813038215559
1995-08-22 19:11:00,55.0,52.52689999691884
1995-08-22 19:12:00,29.0,50.886363431184996
1995-08-22 19:13:00,31.0,37.74750907068679
1995-08-22 19:14:00,29.0,39.054652133443845
1995-08-22 19:15:00,18.0,37.3224648454893
1995-08-22 19:16:00,11.0,35.213513936458845
1995-08-22 19:17:00,10.0,29.65197233983389
1995-08-22 19:18:00,29.0,25.30125309662496
1995-08-22 19:19:00,58.0,31.25701836472394
1995-08-22 19:20:00,30.0,42.66898537409098
1995-08-22 19:21:00,43.0,33.5803682803889
1995-08-22 19:22:00,30.0,39.576591672972725
1995-08-22 19:23:00,27.0,36.23234765357268
1995-08-22 19:24:00,23.0,33.872046801439616
1995-08-22 19:25:00,27.0,30.414556206287468
1995-08-22 19:26:00,20.0,31.149141503152244
1995-08-22 19:27:00,18.0,26.641370513220103
1995-08-22 19:28:00,32.0,25.657413241416883
1995-08-22 19:29:00,40.0,29.926477523318873
1995-08-22 19:30:00,40.0,35.3828716108607
1995-08-22 19:31:00,39.0,36.151803770665964
1995-08-22 19:32:00,24.0,35.70879539929801
1995-08-22 19:33:00,32.0,31.495153069344703
1995-08-22 19:34:00,37.0,32.57226454915401
1995-08-22 19:35:00,11.0,34.77106709119289
1995-08-22 19:36:00,21.0,26.583971553472594
1995-08-22 19:37:00,29.0,27.495019815093915
1995-08-22 19:38:00,23.0,31.409794308487854
1995-08-22 19:39:00,22.0,28.41791828242755
1995-08-22 19:40:00,34.0,26.754827497304483
1995-08-22 19:41:00,19.0,31.23570705834896
1995-08-22 19:42:00,24.0,26.945827099368316
1995-08-22 19:43:00,23.0,25.581358860404627
1995-08-22 19:44:00,42.0,26.583064753808884
1995-08-22 19:45:00,51.0,31.922749783799727
1995-08-22 19:46:00,47.0,34.6273281746307
1995-08-22 19:47:00,26.0,37.77093411431742
1995-08-22 19:48:00,30.0,32.34426683679147
1995-08-22 19:49:00,59.0,31.257272181583446
1995-08-22 19:50:00,51.0,41.05146451095037
1995-08-22 19:51:00,31.0,40.3618510065993
1995-08-22 19:52:00,48.0,34.20052049224028
1995-08-22 19:53:00,34.0,38.178642009413416
1995-08-22 19:54:00,20.0,36.090195642714164
1995-08-22 19:55:00,29.0,31.821376602276025
1995-08-22 19:56:00,26.0,32.68240282580689
1995-08-22 19:57:00,35.0,30.687322977767806
1995-08-22 19:58:00,31.0,34.53515129873051
1995-08-22 19:59:00,33.0,31.85063065108934
1995-08-22 20:00:00,37.0,33.26696292977447
1995-08-22 20:01:00,65.0,34.712323019374026
1995-08-22 20:02:00,38.0,44.930774678384466
1995-08-22 20:03:00,41.0,36.79516279839095
1995-08-22 20:04:00,39.0,37.60874473908388
1995-08-22 20:05:00,50.0,38.1385420829142
1995-08-22 20:06:00,40.0,42.95432650307879
1995-08-22 20:07:00,48.0,37.95438624317291
1995-08-22 20:08:00,61.0,41.83927530019205
1995-08-22 20:09:00,48.0,47.23088308903324
1995-08-22 20:10:00,51.0,44.69488722582863
1995-08-22 20:11:00,58.0,45.81954446060943
1995-08-22 20:12:00,43.0,47.894784382088794
1995-08-22 20:13:00,33.0,43.147969634320006
1995-08-22 20:14:00,38.0,40.14606950582377
1995-08-22 20:15:00,9.0,39.40989797223003
1995-08-22 20:16:00,26.0,30.35162221072665
1995-08-22 20:17:00,15.0,33.10105249538249
1995-08-22 20:18:00,23.0,27.663265091701806
1995-08-22 20:19:00,24.0,32.91259814937774
1995-08-22 20:20:00,61.0,31.236863361355006
1995-08-22 20:21:00,45.0,42.989260968845656
1995-08-22 20:22:00,21.0,37.65756185845625
1995-08-22 20:23:00,38.0,33.896276123028024
1995-08-22 20:24:00,31.0,33.42988570512485
1995-08-22 20:25:00,31.0,36.04316623891619
1995-08-22 20:26:00,24.0,34.94733101146486
1995-08-22 20:27:00,29.0,31.821379928869344
1995-08-22 20:28:00,29.0,32.15787803841888
1995-08-22 20:29:00,32.0,33.44685510024381
1995-08-22 20:30:00,40.0,31.71194162064786
1995-08-22 20:31:00,36.0,36.47061981134889
1995-08-22 20:32:00,40.0,36.15980719318158
1995-08-22 20:33:00,48.0,37.771125719672774
1995-08-22 20:34:00,78.0,41.01540463290905
1995-08-22 20:35:00,34.0,51.16155536428764
1995-08-22 20:36:00,29.0,37.12767401569134
1995-08-22 20:37:00,30.0,35.05151984670285
1995-08-22 20:38:00,36.0,33.37324491500546
1995-08-22 20:39:00,36.0,35.90618321667931
1995-08-22 20:40:00,42.0,37.00025941817003
1995-08-22 20:41:00,26.0,38.24913837597797
1995-08-22 20:42:00,42.0,33.23614798425953
1995-08-22 20:43:00,32.0,37.31695750379207
1995-08-22 20:44:00,19.0,35.486848857670566
1995-08-22 20:45:00,19.0,29.94763010185008
1995-08-22 20:46:00,25.0,30.32671259312173
1995-08-22 20:47:00,15.0,30.75140560698086
1995-08-22 20:48:00,16.0,27.748291954797658
1995-08-22 20:49:00,18.0,27.890963115325512
1995-08-22 20:50:00,20.0,25.42842315447812
1995-08-22 20:51:00,24.0,25.11325625602268
1995-08-22 20:52:00,14.0,26.04109321202426
1995-08-22 20:53:00,25.0,23.37796352765484
1995-08-22 20:54:00,25.0,27.226806082698815
1995-08-22 20:55:00,11.0,27.73255776624398
1995-08-22 20:56:00,22.0,22.805602476931274
1995-08-22 20:57:00,34.0,26.001163999078475
1995-08-22 20:58:00,13.0,28.74873997816363
1995-08-22 20:59:00,36.0,25.123390351484733
1995-08-22 21:00:00,24.0,30.717333207033075
1995-08-22 21:01:00,32.0,28.78243284259127
1995-08-22 21:02:00,46.0,29.62039307080042
1995-08-22 21:03:00,35.0,33.272595819294686
1995-08-22 21:04:00,47.0,32.589005406187084
1995-08-22 21:05:00,61.0,36.18295162009286
1995-08-22 21:06:00,26.0,38.39823474606278
1995-08-22 21:07:00,38.0,31.062839601425527
1995-08-22 21:08:00,35.0,34.980355514764206
1995-08-22 21:09:00,41.0,34.11976237993105
1995-08-22 21:10:00,34.0,36.30293595709088
1995-08-22 21:11:00,28.0,34.021918529280605
1995-08-22 21:12:00,46.0,31.668297447160864
1995-08-22 21:13:00,20.0,36.63818058684499
1995-08-22 21:14:00,27.0,31.67062534842047
1995-08-22 21:15:00,35.0,31.582649688049138
1995-08-22 21:16:00,28.0,33.86377473001413
1995-08-22 21:17:00,15.0,31.92620531463011
1995-08-22 21:18:00,42.0,26.777867270539534
1995-08-22 21:19:00,20.0,34.660738962120945
1995-08-22 21:20:00,27.0,30.559597899716955
1995-08-22 21:21:00,26.0,30.311361709909125
1995-08-22 21:22:00,31.0,28.892672925668784
1995-08-22 21:23:00,39.0,31.03719633191189
1995-08-22 21:24:00,36.0,33.14885928692017
1995-08-22 21:25:00,26.0,34.121511370434725
1995-08-22 21:26:00,43.0,28.73573943930836
1995-08-22 21:27:00,30.0,36.705146877362715
1995-08-22 21:28:00,14.0,33.132022712730034
1995-08-22 21:29:00,33.0,27.28081678214656
1995-08-22 21:30:00,27.0,32.235815376762346
1995-08-22 21:31:00,32.0,29.264519369428506
1995-08-22 21:32:00,19.0,31.922840061782505
1995-08-22 21:33:00,33.0,27.2938042955789
1995-08-22 21:34:00,29.0,31.36517851735523
1995-08-22 21:35:00,25.0,30.183608638957278
1995-08-22 21:36:00,28.0,28.80368674529005
1995-08-22 21:37:00,48.0,30.523171850806012
1995-08-22 21:38:00,57.0,36.75200666108598
1995-08-22 21:39:00,48.0,41.485219088851046
1995-08-22 21:40:00,63.0,39.601264888582975
1995-08-22 21:41:00,36.0,44.86875102268012
1995-08-22 21:42:00,32.0,37.1773068916735
1995-08-22 21:43:00,24.0,34.682406797478144
1995-08-22 21:44:00,27.0,32.30421079904739
1995-08-22 21:45:00,31.0,32.62762040446834
1995-08-22 21:46:00,23.0,34.20170892959131
1995-08-22 21:47:00,27.0,30.93073727646373
1995-08-22 21:48:00,30.0,30.35772566348935
1995-08-22 21:49:00,56.0,29.897002570048716
1995-08-22 21:50:00,62.0,41.374519060866064
1995-08-22 21:51:00,32.0,44.73737457564099
1995-08-22 21:52:00,47.0,37.62088797874173
1995-08-22 21:53:00,88.0,39.925784290226275
1995-08-22 21:54:00,29.0,52.36471500311627
1995-08-22 21:55:00,17.0,37.09777355348993
1995-08-22 21:56:00,25.0,34.334749011483275
1995-08-22 21:57:00,34.0,32.16081267035329
1995-08-22 21:58:00,39.0,35.380535545971156
1995-08-22 21:59:00,45.0,36.62188835829559
1995-08-22 22:00:00,27.0,39.59732304300437
1995-08-22 22:01:00,43.0,35.26087231868145
1995-08-22 22:02:00,34.0,38.36505251886593
1995-08-22 22:03:00,33.0,36.253123859051215
1995-08-22 22:04:00,40.0,35.13263895792567
1995-08-22 22:05:00,39.0,36.36918818798183
1995-08-22 22:06:00,14.0,37.47225561544214
1995-08-22 22:07:00,39.0,30.53031172148903
1995-08-22 22:08:00,25.0,36.854215075731126
1995-08-22 22:09:00,47.0,31.58497998064458
1995-08-22 22:10:00,44.0,37.99037038886871
1995-08-22 22:11:00,38.0,39.791172466982815
1995-08-22 22:12:00,22.0,36.63565266632523
1995-08-22 22:13:00,26.0,31.1408398788111
1995-08-22 22:14:00,26.0,32.089247392591986
1995-08-22 22:15:00,38.0,29.84766110518254
1995-08-22 22:16:00,11.0,35.11159159296029
1995-08-22 22:17:00,24.0,26.99368353745344
1995-08-22 22:18:00,38.0,29.483047452613192
1995-08-22 22:19:00,43.0,34.66105991182732
1995-08-22 22:20:00,42.0,36.971321338786375
1995-08-22 22:21:00,54.0,37.64951203868004
1995-08-22 22:22:00,42.0,39.61904531599219
1995-08-22 22:23:00,37.0,38.857777175337596
1995-08-22 22:24:00,36.0,37.1217122080426
1995-08-22 22:25:00,18.0,36.20380169352341
1995-08-22 22:26:00,13.0,31.718901531556014
1995-08-22 22:27:00,44.0,27.464692794057395
1995-08-22 22:28:00,22.0,35.17585646896981
1995-08-22 22:29:00,12.0,28.334103839423786
1995-08-22 22:30:00,42.0,25.35992954129131
1995-08-22 22:31:00,51.0,35.22129954392271
1995-08-22 22:32:00,33.0,38.194458217307826
1995-08-22 22:33:00,41.0,33.90117185352305
1995-08-22 22:34:00,28.0,37.58620211483069
1995-08-22 22:35:00,20.0,32.92754368282349
1995-08-22 22:36:00,18.0,30.359053718768248
1995-08-22 22:37:00,26.0,30.086038284453227
1995-08-22 22:38:00,23.0,29.906815792893177
1995-08-22 22:39:00,27.0,28.863172768920258
1995-08-22 22:40:00,14.0,30.37057300491744
1995-08-22 22:41:00,26.0,24.59207385354954
1995-08-22 22:42:00,22.0,28.048874757716572
1995-08-22 22:43:00,15.0,27.61509916753067
1995-08-22 22:44:00,19.0,24.663966910464225
1995-08-22 22:45:00,26.0,26.06578087202476
1995-08-22 22:46:00,17.0,27.15810381742964
1995-08-22 22:47:00,25.0,24.521487522412944
1995-08-22 22:48:00,24.0,26.46772748126454
1995-08-22 22:49:00,29.0,25.72519428344438
1995-08-22 22:50:00,20.0,28.12077251840779
1995-08-22 22:51:00,40.0,25.146560411789107
1995-08-22 22:52:00,34.0,31.2438652553573
1995-08-22 22:53:00,32.0,31.72331252353661
1995-08-22 22:54:00,25.0,28.00327860005232
1995-08-22 22:55:00,26.0,28.437908451078965
1995-08-22 22:56:00,29.0,28.247721136766636
1995-08-22 22:57:00,34.0,26.941479300014567
1995-08-22 22:58:00,55.0,29.9348104896101
1995-08-22 22:59:00,39.0,34.47497880182641
1995-08-22 23:00:00,44.0,33.93810401956711
1995-08-22 23:01:00,21.0,37.21340278322512
1995-08-22 23:02:00,40.0,30.65733857588221
1995-08-22 23:03:00,28.0,33.15934360985582
1995-08-22 23:04:00,19.0,32.30060751823671
1995-08-22 23:05:00,27.0,29.15126419097543
1995-08-22 23:06:00,27.0,27.80977497244577
1995-08-22 23:07:00,43.0,27.18760541420232
1995-08-22 23:08:00,67.0,32.44127412352716
1995-08-22 23:09:00,25.0,41.66871274533521
1995-08-22 23:10:00,26.0,31.574233970740874
1995-08-22 23:11:00,42.0,30.616566045683832
1995-08-22 23:12:00,39.0,35.2862649892999
1995-08-22 23:13:00,23.0,35.294724846747094
1995-08-22 23:14:00,10.0,30.880392007399994
1995-08-22 23:15:00,42.0,25.792619159418184
1995-08-22 23:16:00,25.0,34.41833296155096
1995-08-22 23:17:00,35.0,30.996178350277003
1995-08-22 23:18:00,34.0,34.2078655831597
1995-08-22 23:19:00,31.0,33.00657117076558
1995-08-22 23:20:00,19.0,32.17762663664632
1995-08-22 23:21:00,22.0,30.610996098153905
1995-08-22 23:22:00,40.0,29.189396142978843
1995-08-22 23:23:00,22.0,34.67960039648086
1995-08-22 23:24:00,17.0,28.748523309056353
1995-08-22 23:25:00,25.0,26.838636526396996
1995-08-22 23:26:00,22.0,29.66691403328086
1995-08-22 23:27:00,24.0,26.676747948121086
1995-08-22 23:28:00,25.0,28.68364780763238
1995-08-22 23:29:00,10.0,27.982045507355256
1995-08-22 23:30:00,13.0,22.881749817308542
1995-08-22 23:31:00,18.0,21.878969305649434
1995-08-22 23:32:00,24.0,22.802676439038144
1995-08-22 23:33:00,25.0,26.14360871056814
1995-08-22 23:34:00,27.0,26.01429135040394
1995-08-22 23:35:00,31.0,26.464928606156004
1995-08-22 23:36:00,34.0,28.498231735643234
1995-08-22 23:37:00,26.0,29.52390976874637
1995-08-22 23:38:00,9.0,29.527605225518087
1995-08-22 23:39:00,23.0,19.612143534060017
1995-08-22 23:40:00,25.0,25.518338139698507
1995-08-22 23:41:00,23.0,25.008604730400144
1995-08-22 23:42:00,27.0,26.424856902152726
1995-08-22 23:43:00,21.0,26.20464671906848
1995-08-22 23:44:00,29.0,23.796731332131685
1995-08-22 23:45:00,22.0,27.44960267941816
1995-08-22 23:46:00,24.0,25.458371871332847
1995-08-22 23:47:00,22.0,27.942004185364556
1995-08-22 23:48:00,31.0,25.791351655343142
1995-08-22 23:49:00,14.0,30.31702861778197
1995-08-22 23:50:00,34.0,21.29655155014884
1995-08-22 23:51:00,31.0,29.05784987028626
1995-08-22 23:52:00,19.0,29.408433220559274
1995-08-22 23:53:00,39.0,25.664126520087454
1995-08-22 23:54:00,13.0,30.732066767230506
1995-08-22 23:55:00,21.0,21.501674351454835
1995-08-22 23:56:00,29.0,25.180405744988295
1995-08-22 23:57:00,29.0,27.474990720361706
1995-08-22 23:58:00,46.0,27.68766038253874
