timestamp,y_bytes_imp_t1,predicted
1995-08-16 00:00:00,155.946,446.5920444395694
1995-08-16 00:01:00,325.66299999999995,381.2557628328799
1995-08-16 00:02:00,181.711,403.42414101194277
1995-08-16 00:03:00,213.621,401.96376374034105
1995-08-16 00:04:00,303.77,437.6326638212903
1995-08-16 00:05:00,715.002,396.56835329831335
1995-08-16 00:06:00,117.61699999999999,367.22945924778395
1995-08-16 00:07:00,204.34,367.01248860029233
1995-08-16 00:08:00,160.00799999999998,397.31061971867416
1995-08-16 00:09:00,202.59,349.49781303088315
1995-08-16 00:10:00,92.922,318.9074218646399
1995-08-16 00:11:00,234.608,294.50793642061996
1995-08-16 00:12:00,265.058,293.3543572374259
1995-08-16 00:13:00,301.609,355.4996547377122
1995-08-16 00:14:00,248.05100000000002,362.047057380464
1995-08-16 00:15:00,295.33299999999997,310.5022035568948
1995-08-16 00:16:00,114.238,362.7300491007754
1995-08-16 00:17:00,532.451,315.8506297941405
1995-08-16 00:18:00,269.753,336.66497803715635
1995-08-16 00:19:00,462.654,355.3072484650898
1995-08-16 00:20:00,465.998,370.6859527758889
1995-08-16 00:21:00,80.38699999999999,354.62223676186306
1995-08-16 00:22:00,479.832,282.3518036849742
1995-08-16 00:23:00,269.485,333.18829685426476
1995-08-16 00:24:00,869.8789999999999,415.55003344432265
1995-08-16 00:25:00,331.93399999999997,477.79939132848654
1995-08-16 00:26:00,515.7139999999999,498.8696543632856
1995-08-16 00:27:00,405.683,456.1569275826728
1995-08-16 00:28:00,387.53499999999997,541.6515951316853
1995-08-16 00:29:00,612.249,529.965191607166
1995-08-16 00:30:00,160.473,548.5689088472794
1995-08-16 00:31:00,1138.6280000000002,426.7548317456343
1995-08-16 00:32:00,284.748,525.601282964458
1995-08-16 00:33:00,318.382,520.7944137214075
1995-08-16 00:34:00,179.179,526.6438760072475
1995-08-16 00:35:00,359.375,441.38212463503487
1995-08-16 00:36:00,333.24,435.60375422170785
1995-08-16 00:37:00,168.511,545.4268545060878
1995-08-16 00:38:00,542.421,513.9126306268713
1995-08-16 00:39:00,365.12,578.4810521950507
1995-08-16 00:40:00,883.2819999999999,583.8455977941824
1995-08-16 00:41:00,388.519,546.1275184494496
1995-08-16 00:42:00,701.522,558.4630505142096
1995-08-16 00:43:00,40.536,625.121642501549
1995-08-16 00:44:00,232.897,504.60531676331055
1995-08-16 00:45:00,934.642,475.9677347143318
1995-08-16 00:46:00,118.209,440.5077793002855
1995-08-16 00:47:00,1555.595,387.63632828911125
1995-08-16 00:48:00,677.177,421.13401944302905
1995-08-16 00:49:00,1124.3439999999998,459.8711326014167
1995-08-16 00:50:00,562.265,560.5800437612448
1995-08-16 00:51:00,1626.9199999999998,645.9839608432331
1995-08-16 00:52:00,1229.809,685.0897064959349
1995-08-16 00:53:00,891.391,669.3392763740263
1995-08-16 00:54:00,2046.339,693.2144870233017
1995-08-16 00:55:00,803.419,758.4138503232318
1995-08-16 00:56:00,613.812,712.8173168885734
1995-08-16 00:57:00,875.951,672.9342507304242
1995-08-16 00:58:00,1165.426,728.852300271853
1995-08-16 00:59:00,1698.218,715.5039274540561
1995-08-16 01:00:00,480.11600000000004,841.5969816118727
1995-08-16 01:01:00,1354.6100000000001,751.8468867883163
1995-08-16 01:02:00,937.4670000000001,789.099052922705
1995-08-16 01:03:00,930.211,836.8457559058442
1995-08-16 01:04:00,367.136,859.0135249674689
1995-08-16 01:05:00,1259.5,764.6623928107623
1995-08-16 01:06:00,1249.511,708.7222988316879
1995-08-16 01:07:00,418.75,754.9141290570335
1995-08-16 01:08:00,1421.359,746.0801386129062
1995-08-16 01:09:00,1554.5240000000001,716.2130286673992
1995-08-16 01:10:00,928.192,727.9474024203738
1995-08-16 01:11:00,996.11,814.6411678154178
1995-08-16 01:12:00,1438.3,839.0116960989859
1995-08-16 01:13:00,189.90200000000002,848.4292728333728
1995-08-16 01:14:00,155.625,739.4753770835916
1995-08-16 01:15:00,502.46999999999997,649.7089343959748
1995-08-16 01:16:00,198.421,648.4087694689264
1995-08-16 01:17:00,234.729,565.4807247124539
1995-08-16 01:18:00,176.06199999999998,558.6894656453751
1995-08-16 01:19:00,447.726,466.5133354926517
1995-08-16 01:20:00,560.428,579.5926900392232
1995-08-16 01:21:00,594.886,570.2990215381054
1995-08-16 01:22:00,413.505,601.0192990408361
1995-08-16 01:23:00,786.372,520.7997114359813
1995-08-16 01:24:00,528.656,499.5993395440045
1995-08-16 01:25:00,172.946,581.4545664070264
1995-08-16 01:26:00,141.911,477.1404999457489
1995-08-16 01:27:00,45.491,421.2542035838991
1995-08-16 01:28:00,187.93099999999998,359.9605319712314
1995-08-16 01:29:00,424.371,360.7397630814337
1995-08-16 01:30:00,121.792,385.1890522759986
1995-08-16 01:31:00,568.499,365.31721396135015
1995-08-16 01:32:00,976.666,349.6275244418994
1995-08-16 01:33:00,80.46600000000001,392.3497391600592
1995-08-16 01:34:00,435.15,395.25334485004834
1995-08-16 01:35:00,128.267,394.0061312337002
1995-08-16 01:36:00,218.416,444.8600531445713
1995-08-16 01:37:00,433.154,406.06027772610474
1995-08-16 01:38:00,188.751,448.45704950534514
1995-08-16 01:39:00,225.842,420.1396054456442
1995-08-16 01:40:00,304.403,444.21037837230006
1995-08-16 01:41:00,698.301,439.458237408624
1995-08-16 01:42:00,557.958,388.7330777051392
1995-08-16 01:43:00,340.51599999999996,524.2669892861278
1995-08-16 01:44:00,622.5709999999999,428.6193271789477
1995-08-16 01:45:00,414.675,431.3766811748414
1995-08-16 01:46:00,180.40599999999998,426.46713783235094
1995-08-16 01:47:00,84.715,392.0032381119453
1995-08-16 01:48:00,278.58000000000004,342.2756430605528
1995-08-16 01:49:00,215.69400000000002,354.57753643927936
1995-08-16 01:50:00,126.139,375.9142609891739
1995-08-16 01:51:00,191.081,328.45712067038056
1995-08-16 01:52:00,389.155,382.28022713158185
1995-08-16 01:53:00,141.77100000000002,411.3187896234994
1995-08-16 01:54:00,658.298,368.03310384927573
1995-08-16 01:55:00,567.518,444.83031911828573
1995-08-16 01:56:00,176.946,462.62155509242234
1995-08-16 01:57:00,818.092,450.94659915082457
1995-08-16 01:58:00,438.244,469.35825096906586
1995-08-16 01:59:00,1408.8950000000002,513.1528175069766
1995-08-16 02:00:00,247.865,555.7482926494297
1995-08-16 02:01:00,1876.6170000000002,525.6461708269536
1995-08-16 02:02:00,95.298,555.3398978369289
1995-08-16 02:03:00,137.454,488.44600580062786
1995-08-16 02:04:00,587.878,416.65972325679707
1995-08-16 02:05:00,161.69,498.2575434767842
1995-08-16 02:06:00,581.677,436.3161413170107
1995-08-16 02:07:00,521.232,429.13730114127833
1995-08-16 02:08:00,345.327,507.2089176167153
1995-08-16 02:09:00,478.26099999999997,439.5299868445896
1995-08-16 02:10:00,275.127,449.0310864259765
1995-08-16 02:11:00,97.41,420.2484017066008
1995-08-16 02:12:00,971.823,326.90402231203416
1995-08-16 02:13:00,78.53399999999999,435.00070732022823
1995-08-16 02:14:00,280.882,389.44790060185994
1995-08-16 02:15:00,255.929,336.1040796151433
1995-08-16 02:16:00,336.093,317.70154486186243
1995-08-16 02:17:00,637.175,368.5885980246421
1995-08-16 02:18:00,50.108000000000004,410.2355639763319
1995-08-16 02:19:00,605.7189999999999,345.6394548377409
1995-08-16 02:20:00,324.32599999999996,333.8287802042927
1995-08-16 02:21:00,353.173,422.3421879301952
1995-08-16 02:22:00,250.292,396.97591028901974
1995-08-16 02:23:00,248.008,367.7891614754656
1995-08-16 02:24:00,433.217,385.1713041072862
1995-08-16 02:25:00,116.619,380.95170886218574
1995-08-16 02:26:00,351.659,319.6176402175774
1995-08-16 02:27:00,152.291,330.9265974143721
1995-08-16 02:28:00,62.805,291.11071233519976
1995-08-16 02:29:00,61.214,286.22001286740283
1995-08-16 02:30:00,9.508000000000001,235.24770385517542
1995-08-16 02:31:00,1031.8509999999999,219.97599972008172
1995-08-16 02:32:00,593.3729999999999,276.6795037689992
1995-08-16 02:33:00,457.123,416.1731050930531
1995-08-16 02:34:00,149.777,430.05815321487165
1995-08-16 02:35:00,273.59000000000003,393.5789759871577
1995-08-16 02:36:00,63.238,363.35724350801394
1995-08-16 02:37:00,160.403,338.1415353461626
1995-08-16 02:38:00,280.92400000000004,305.03560289166865
1995-08-16 02:39:00,123.935,299.07877998365444
1995-08-16 02:40:00,214.49099999999999,291.39338188102454
1995-08-16 02:41:00,180.657,352.0962553123586
1995-08-16 02:42:00,95.351,350.19920552217457
1995-08-16 02:43:00,113.657,289.01904343512587
1995-08-16 02:44:00,475.53100000000006,284.2864051033369
1995-08-16 02:45:00,563.915,377.4562672155506
1995-08-16 02:46:00,157.944,451.99973431121475
1995-08-16 02:47:00,76.437,387.2569069718803
1995-08-16 02:48:00,348.158,332.7885360299867
1995-08-16 02:49:00,150.906,293.5055777133375
1995-08-16 02:50:00,509.724,301.31459512146506
1995-08-16 02:51:00,146.734,327.7170962517357
1995-08-16 02:52:00,322.882,302.22628194480274
1995-08-16 02:53:00,270.407,340.9747445773736
1995-08-16 02:54:00,679.285,368.754323577631
1995-08-16 02:55:00,631.359,324.22944432369815
1995-08-16 02:56:00,615.7909999999999,351.10876960699386
1995-08-16 02:57:00,149.918,396.78050096899574
1995-08-16 02:58:00,96.912,370.7208328926179
1995-08-16 02:59:00,988.703,292.89386993162515
1995-08-16 03:00:00,257.16700000000003,344.5281099310728
1995-08-16 03:01:00,146.81199999999998,373.9119727023271
1995-08-16 03:02:00,306.78999999999996,335.7155595595322
1995-08-16 03:03:00,35.038000000000004,308.7868913427681
1995-08-16 03:04:00,84.785,273.97856299919124
1995-08-16 03:05:00,237.25900000000001,281.81225245214256
1995-08-16 03:06:00,1088.819,278.3038928626053
1995-08-16 03:07:00,179.564,315.07579479216014
1995-08-16 03:08:00,110.431,309.7326616402622
1995-08-16 03:09:00,214.67200000000003,281.09744899644346
1995-08-16 03:10:00,377.558,266.1595047372092
1995-08-16 03:11:00,143.959,309.1508012761744
1995-08-16 03:12:00,149.932,287.73646956921004
1995-08-16 03:13:00,221.55599999999998,269.97565680931416
1995-08-16 03:14:00,245.615,344.2766918476898
1995-08-16 03:15:00,417.077,329.5893585448038
1995-08-16 03:16:00,235.15800000000002,327.4894707093907
1995-08-16 03:17:00,288.125,294.9419040129309
1995-08-16 03:18:00,124.349,261.22841968482993
1995-08-16 03:19:00,123.68900000000001,266.9642557812724
1995-08-16 03:20:00,269.558,254.7222095885121
1995-08-16 03:21:00,300.36,336.4679487525788
1995-08-16 03:22:00,232.81900000000002,374.498364463221
1995-08-16 03:23:00,262.769,334.5511965898713
1995-08-16 03:24:00,277.166,320.32506934153315
1995-08-16 03:25:00,130.977,320.5400435589583
1995-08-16 03:26:00,208.736,283.7897770693061
1995-08-16 03:27:00,48.401,323.6015468159148
1995-08-16 03:28:00,148.106,239.5955620770416
1995-08-16 03:29:00,72.355,270.9645048722838
1995-08-16 03:30:00,210.127,226.70861453680425
1995-08-16 03:31:00,351.584,263.837744805967
1995-08-16 03:32:00,171.627,355.332754311651
1995-08-16 03:33:00,204.05300000000003,347.2041339607322
1995-08-16 03:34:00,170.888,295.2712230360496
1995-08-16 03:35:00,593.5250000000001,354.64420743174315
1995-08-16 03:36:00,242.639,346.3629121737109
1995-08-16 03:37:00,236.0,342.8383455112281
1995-08-16 03:38:00,358.072,302.4161829755465
1995-08-16 03:39:00,690.651,353.5534159274954
1995-08-16 03:40:00,249.724,351.4038596944576
1995-08-16 03:41:00,345.883,355.9368408825012
1995-08-16 03:42:00,375.533,380.66693567801855
1995-08-16 03:43:00,138.843,393.54010700571285
1995-08-16 03:44:00,526.975,329.8298632406258
1995-08-16 03:45:00,1107.7,412.7210434781715
1995-08-16 03:46:00,181.72500000000002,430.503879576624
1995-08-16 03:47:00,1384.249,423.16947322723416
1995-08-16 03:48:00,170.71699999999998,413.9013951113115
1995-08-16 03:49:00,775.209,420.14277110264015
1995-08-16 03:50:00,482.179,422.05885756799967
1995-08-16 03:51:00,140.37,462.03985554689456
1995-08-16 03:52:00,65.379,412.5960538903339
1995-08-16 03:53:00,87.07900000000001,367.5803637437459
1995-08-16 03:54:00,411.494,315.0407705543416
1995-08-16 03:55:00,671.056,449.2716670545158
1995-08-16 03:56:00,125.475,451.7785403535503
1995-08-16 03:57:00,405.228,408.3748224405154
1995-08-16 03:58:00,140.27100000000002,425.91614585790904
1995-08-16 03:59:00,633.908,390.9495678223931
1995-08-16 04:00:00,265.036,396.9394761876645
1995-08-16 04:01:00,245.65,385.55979092186544
1995-08-16 04:02:00,333.216,360.4976674077549
1995-08-16 04:03:00,131.217,366.8848116924919
1995-08-16 04:04:00,393.973,357.67824045555136
1995-08-16 04:05:00,458.726,449.1754636793065
1995-08-16 04:06:00,1142.978,437.03739721822905
1995-08-16 04:07:00,60.116,448.9003711005132
1995-08-16 04:08:00,237.837,405.10139472421525
1995-08-16 04:09:00,58.303,345.6052365290737
1995-08-16 04:10:00,7.131,309.3697857590127
1995-08-16 04:11:00,60.650999999999996,253.6435693677816
1995-08-16 04:12:00,126.155,267.91322766658385
1995-08-16 04:13:00,36.457,266.2799417788261
1995-08-16 04:14:00,122.302,243.74521347872326
1995-08-16 04:15:00,449.505,252.00633659854657
1995-08-16 04:16:00,193.708,294.4026888855098
1995-08-16 04:17:00,235.10500000000002,345.6938754713178
1995-08-16 04:18:00,566.002,419.28981215261143
1995-08-16 04:19:00,238.219,393.23980647593106
1995-08-16 04:20:00,198.823,395.3005083940241
1995-08-16 04:21:00,201.406,336.3470024958215
1995-08-16 04:22:00,212.915,316.3825495922397
1995-08-16 04:23:00,136.652,327.8584360822971
1995-08-16 04:24:00,157.658,292.9625531442707
1995-08-16 04:25:00,334.39700000000005,268.8381496648826
1995-08-16 04:26:00,46.741,254.3544949358577
1995-08-16 04:27:00,179.86499999999998,239.0450836387906
1995-08-16 04:28:00,30.872999999999998,264.6971013079701
1995-08-16 04:29:00,264.082,230.75018760307168
1995-08-16 04:30:00,159.2,287.09155807379136
1995-08-16 04:31:00,237.13600000000002,287.9823205581756
1995-08-16 04:32:00,59.382999999999996,283.73940646759496
1995-08-16 04:33:00,81.92,221.53346322290312
1995-08-16 04:34:00,16.015,200.0637981854615
1995-08-16 04:35:00,133.814,197.59304139745583
1995-08-16 04:36:00,247.26,243.19676306094033
1995-08-16 04:37:00,343.81600000000003,333.7855792337327
1995-08-16 04:38:00,19.592,253.96011442736508
1995-08-16 04:39:00,12.059,234.50178697849512
1995-08-16 04:40:00,162.399,197.59304139745583
1995-08-16 04:41:00,52.466,203.66347335548505
1995-08-16 04:42:00,125.244,245.3216765968557
1995-08-16 04:43:00,250.57699999999997,279.8749104673123
1995-08-16 04:44:00,109.29799999999999,285.5346511081848
1995-08-16 04:45:00,243.56400000000002,241.6483061521152
1995-08-16 04:46:00,11.818,322.51662128029864
1995-08-16 04:47:00,27.099,228.97108669765737
1995-08-16 04:48:00,29.377,201.79841939187696
1995-08-16 04:49:00,234.976,197.74055741854022
1995-08-16 04:50:00,1157.766,295.20124512697515
1995-08-16 04:51:00,14.344000000000001,252.89587365541465
1995-08-16 04:52:00,119.912,232.48723307223352
1995-08-16 04:53:00,352.65500000000003,207.11000637242304
1995-08-16 04:54:00,267.924,348.0964435052171
1995-08-16 04:55:00,3.005,265.91561119231653
1995-08-16 04:56:00,29.039,213.19404845178087
1995-08-16 04:57:00,24.773,192.3783154731318
1995-08-16 04:58:00,4.179,197.59304139745583
1995-08-16 04:59:00,250.62199999999999,189.58871408209743
1995-08-16 05:00:00,8.034,216.8539139633954
1995-08-16 05:01:00,125.77300000000001,198.70972710528704
1995-08-16 05:02:00,5.732,283.29937256069
1995-08-16 05:03:00,89.977,212.96867807636224
1995-08-16 05:04:00,15.214,196.66182441983526
1995-08-16 05:05:00,52.55,193.01437627762328
1995-08-16 05:06:00,76.20299999999999,197.5586511838135
1995-08-16 05:07:00,49.296,196.51430839875087
1995-08-16 05:08:00,48.92,196.51430839875087
1995-08-16 05:09:00,66.737,196.51430839875087
1995-08-16 05:10:00,74.764,226.46800561028505
1995-08-16 05:11:00,282.823,229.88851502031983
1995-08-16 05:12:00,212.31,314.73627819962655
1995-08-16 05:13:00,16.845,269.47554048337696
1995-08-16 05:14:00,114.21300000000001,211.8785255792643
1995-08-16 05:15:00,101.55199999999999,284.47286842484795
1995-08-16 05:16:00,660.932,221.23223423834844
1995-08-16 05:17:00,144.39100000000002,264.799019473037
1995-08-16 05:18:00,314.292,276.67208449614407
1995-08-16 05:19:00,255.381,297.8685133704717
1995-08-16 05:20:00,174.524,346.80162954867063
1995-08-16 05:21:00,162.91,302.9895215114924
1995-08-16 05:22:00,198.408,305.19559038114005
1995-08-16 05:23:00,190.166,292.3529846147365
1995-08-16 05:24:00,240.049,281.7418234177871
1995-08-16 05:25:00,94.312,334.5352332336559
1995-08-16 05:26:00,1041.836,273.08024804173607
1995-08-16 05:27:00,148.637,297.138729328342
1995-08-16 05:28:00,119.523,342.64538088560204
1995-08-16 05:29:00,386.31100000000004,299.6247121624474
1995-08-16 05:30:00,317.426,327.68205744500693
1995-08-16 05:31:00,203.86499999999998,336.1213993409395
1995-08-16 05:32:00,97.32199999999999,340.34588270473114
1995-08-16 05:33:00,119.168,266.93942586842593
1995-08-16 05:34:00,117.021,286.54240426758327
1995-08-16 05:35:00,433.444,283.42863141957366
1995-08-16 05:36:00,296.347,294.4994753244623
1995-08-16 05:37:00,464.06800000000004,358.3640259951129
1995-08-16 05:38:00,130.62,402.11870958810084
1995-08-16 05:39:00,171.232,361.5283802686295
1995-08-16 05:40:00,114.026,318.84522432297837
1995-08-16 05:41:00,368.844,269.5456476804672
1995-08-16 05:42:00,583.597,338.72501797461524
1995-08-16 05:43:00,47.223,312.4166196968823
1995-08-16 05:44:00,285.00300000000004,280.60092018347444
1995-08-16 05:45:00,1576.158,267.9025859514939
1995-08-16 05:46:00,311.483,279.88363151399176
1995-08-16 05:47:00,29.698,351.5721993334503
1995-08-16 05:48:00,163.84,320.18776658634965
1995-08-16 05:49:00,323.806,249.39350193275416
1995-08-16 05:50:00,282.376,348.38708463034067
1995-08-16 05:51:00,454.702,331.4969907719543
1995-08-16 05:52:00,29.814999999999998,285.96904164186543
1995-08-16 05:53:00,256.96999999999997,260.8046460564248
1995-08-16 05:54:00,278.459,248.65875811695525
1995-08-16 05:55:00,89.761,299.9199709229764
1995-08-16 05:56:00,234.52,272.098274620638
1995-08-16 05:57:00,1080.518,291.8280276154351
1995-08-16 05:58:00,170.898,267.05128206989895
1995-08-16 05:59:00,58.962,317.0012744094441
1995-08-16 06:00:00,84.009,260.43117229444044
1995-08-16 06:01:00,274.846,229.1979763933196
1995-08-16 06:02:00,64.435,267.2936021394014
1995-08-16 06:03:00,255.177,246.01747476422582
1995-08-16 06:04:00,159.459,349.32747931798275
1995-08-16 06:05:00,430.163,317.7361832082967
1995-08-16 06:06:00,95.67,306.28909745726355
1995-08-16 06:07:00,934.274,293.9616857641788
1995-08-16 06:08:00,494.55899999999997,309.01621125404085
1995-08-16 06:09:00,355.269,356.3713190887887
1995-08-16 06:10:00,1745.375,366.9346765250732
1995-08-16 06:11:00,346.276,454.29569878532675
1995-08-16 06:12:00,1040.789,435.13847149517824
1995-08-16 06:13:00,26.613,428.90852899456553
1995-08-16 06:14:00,390.273,356.00606549800915
1995-08-16 06:15:00,37.37,380.93172771049854
1995-08-16 06:16:00,122.628,358.8490974188311
1995-08-16 06:17:00,241.387,287.0312073684622
1995-08-16 06:18:00,66.029,338.41714018908544
1995-08-16 06:19:00,168.13400000000001,297.58622875433764
1995-08-16 06:20:00,465.772,279.04327549253185
1995-08-16 06:21:00,849.938,322.7229540029822
1995-08-16 06:22:00,191.487,447.6517472029855
1995-08-16 06:23:00,208.727,377.6107484965166
1995-08-16 06:24:00,576.595,393.3756972030227
1995-08-16 06:25:00,848.316,410.40364675480646
1995-08-16 06:26:00,532.68,436.5359276889135
1995-08-16 06:27:00,117.118,441.0195174627454
1995-08-16 06:28:00,354.945,368.28275100097227
1995-08-16 06:29:00,774.808,361.46044086496244
1995-08-16 06:30:00,167.168,435.09818293699107
1995-08-16 06:31:00,174.642,410.5999397496069
1995-08-16 06:32:00,610.206,393.3492017480141
1995-08-16 06:33:00,517.987,401.6225897726148
1995-08-16 06:34:00,292.586,461.9194604843084
1995-08-16 06:35:00,1066.579,424.965401952377
1995-08-16 06:36:00,560.0120000000001,401.4116076488374
1995-08-16 06:37:00,16.68,470.3614379750779
1995-08-16 06:38:00,86.627,362.96065710045553
1995-08-16 06:39:00,93.147,340.8720581881971
1995-08-16 06:40:00,118.67800000000001,320.25379135079356
1995-08-16 06:41:00,40.95,306.62674212976043
1995-08-16 06:42:00,225.06199999999998,251.70456519232374
1995-08-16 06:43:00,604.819,291.5778245665833
1995-08-16 06:44:00,217.676,309.08097235096074
1995-08-16 06:45:00,518.6949999999999,312.88389728992354
1995-08-16 06:46:00,687.571,399.2459630015252
1995-08-16 06:47:00,355.964,459.2975930887992
1995-08-16 06:48:00,157.834,383.2252816577795
1995-08-16 06:49:00,125.949,351.8112409930384
1995-08-16 06:50:00,230.678,302.7124345062119
1995-08-16 06:51:00,257.918,396.1595779836796
1995-08-16 06:52:00,215.91,362.1045616875247
1995-08-16 06:53:00,630.494,356.5597841600616
1995-08-16 06:54:00,82.742,359.6358329310249
1995-08-16 06:55:00,624.1850000000001,324.14179745704547
1995-08-16 06:56:00,505.346,318.12304334113435
1995-08-16 06:57:00,414.607,388.07916437499796
1995-08-16 06:58:00,477.081,407.76822286724536
1995-08-16 06:59:00,249.569,386.2233450468391
1995-08-16 07:00:00,222.939,392.2074407365738
1995-08-16 07:01:00,471.712,437.7694447043514
1995-08-16 07:02:00,510.577,481.82766435042305
1995-08-16 07:03:00,169.25600000000003,435.19869296673346
1995-08-16 07:04:00,118.047,363.71761790358124
1995-08-16 07:05:00,99.302,333.7963723429468
1995-08-16 07:06:00,6.537,338.3941349813056
1995-08-16 07:07:00,240.395,262.9299486038025
1995-08-16 07:08:00,67.105,348.20430069035586
1995-08-16 07:09:00,181.474,268.3785995812973
1995-08-16 07:10:00,3.646,268.4758932704019
1995-08-16 07:11:00,696.904,239.59938182999048
1995-08-16 07:12:00,57.488,257.48006923283856
1995-08-16 07:13:00,361.941,287.0157596620342
1995-08-16 07:14:00,207.061,408.129155966061
1995-08-16 07:15:00,203.382,397.1920640254309
1995-08-16 07:16:00,516.216,433.0534079165048
1995-08-16 07:17:00,311.644,395.0090513738868
1995-08-16 07:18:00,246.528,330.3379754264252
1995-08-16 07:19:00,428.108,327.48656831744506
1995-08-16 07:20:00,204.631,357.7553336046258
1995-08-16 07:21:00,197.954,317.6914429683751
1995-08-16 07:22:00,242.148,308.56319030220624
1995-08-16 07:23:00,278.87,288.48327187257837
1995-08-16 07:24:00,183.242,358.9034885969636
1995-08-16 07:25:00,167.94899999999998,358.041227967698
1995-08-16 07:26:00,593.404,358.3691102960658
1995-08-16 07:27:00,472.53499999999997,413.5639360859413
1995-08-16 07:28:00,285.384,393.97317585617384
1995-08-16 07:29:00,375.034,450.8679740148161
1995-08-16 07:30:00,392.363,372.6352973960579
1995-08-16 07:31:00,770.918,402.92912194543226
1995-08-16 07:32:00,878.354,524.4640168370686
1995-08-16 07:33:00,819.465,574.1828387872844
1995-08-16 07:34:00,1461.434,685.8995726282175
1995-08-16 07:35:00,423.798,629.1434100456577
1995-08-16 07:36:00,842.8820000000001,665.6792550956145
1995-08-16 07:37:00,306.887,717.8047484593603
1995-08-16 07:38:00,335.815,593.6838297008712
1995-08-16 07:39:00,985.06,664.0821055698331
1995-08-16 07:40:00,1229.8709999999999,619.5662087183995
1995-08-16 07:41:00,313.724,747.6684881466261
1995-08-16 07:42:00,464.289,606.1381372622658
1995-08-16 07:43:00,308.148,635.952260639233
1995-08-16 07:44:00,492.022,538.7540358934531
1995-08-16 07:45:00,306.57099999999997,610.5096725250991
1995-08-16 07:46:00,193.64,610.6401272645547
1995-08-16 07:47:00,208.058,501.4907757519911
1995-08-16 07:48:00,520.065,481.46504523137077
1995-08-16 07:49:00,481.79499999999996,520.2165159189371
1995-08-16 07:50:00,235.646,535.1631118269904
1995-08-16 07:51:00,769.106,550.6704404274544
1995-08-16 07:52:00,248.71,609.178747969399
1995-08-16 07:53:00,284.13,586.2205635831734
1995-08-16 07:54:00,626.3149999999999,504.8226822591406
1995-08-16 07:55:00,181.224,582.7517091294931
1995-08-16 07:56:00,158.11,491.70467769670535
1995-08-16 07:57:00,80.678,436.3371287895712
1995-08-16 07:58:00,284.211,439.78684560070644
1995-08-16 07:59:00,240.616,438.9670625373232
1995-08-16 08:00:00,205.567,444.96141384307987
1995-08-16 08:01:00,654.82,415.25256478397296
1995-08-16 08:02:00,312.183,531.716555683781
1995-08-16 08:03:00,369.932,486.27659270062134
1995-08-16 08:04:00,547.312,507.36611765381167
1995-08-16 08:05:00,581.5210000000001,592.6256522674644
1995-08-16 08:06:00,520.601,624.6460329884072
1995-08-16 08:07:00,629.387,624.1632198628779
1995-08-16 08:08:00,261.966,628.4915114420733
1995-08-16 08:09:00,467.053,574.792362608923
1995-08-16 08:10:00,579.756,568.5513772614173
1995-08-16 08:11:00,768.904,610.5838863022491
1995-08-16 08:12:00,480.863,620.7322493371626
1995-08-16 08:13:00,481.385,638.6115682780387
1995-08-16 08:14:00,408.333,655.4609468037279
1995-08-16 08:15:00,509.57,573.6774500752792
1995-08-16 08:16:00,1092.386,560.4842910008775
1995-08-16 08:17:00,904.538,692.2484117668225
1995-08-16 08:18:00,619.794,697.6078985263581
1995-08-16 08:19:00,730.51,701.8721353957795
1995-08-16 08:20:00,693.7959999999999,718.4150074815244
1995-08-16 08:21:00,1693.105,663.0025024322389
1995-08-16 08:22:00,1297.991,838.5837507129537
1995-08-16 08:23:00,2037.974,812.9656435050155
1995-08-16 08:24:00,2389.011,806.7551125690165
1995-08-16 08:25:00,254.01,908.5373959230616
1995-08-16 08:26:00,824.554,699.0240684958302
1995-08-16 08:27:00,870.404,857.751532165956
1995-08-16 08:28:00,758.107,849.9349906315338
1995-08-16 08:29:00,210.129,817.3329959177846
1995-08-16 08:30:00,107.06099999999999,657.4123648947401
1995-08-16 08:31:00,227.022,546.365435078896
1995-08-16 08:32:00,535.326,586.0949972079666
1995-08-16 08:33:00,134.245,659.6296286434416
1995-08-16 08:34:00,336.641,536.706941872793
1995-08-16 08:35:00,1079.597,552.2532067311646
1995-08-16 08:36:00,688.17,623.1731724356437
1995-08-16 08:37:00,1281.544,628.459124123221
1995-08-16 08:38:00,314.812,659.0022131968798
1995-08-16 08:39:00,202.188,555.0509079560645
1995-08-16 08:40:00,282.075,551.2492785206846
1995-08-16 08:41:00,527.098,531.7308952555687
1995-08-16 08:42:00,496.388,650.8698101405655
1995-08-16 08:43:00,949.2819999999999,596.4962116322907
1995-08-16 08:44:00,1100.436,622.0554799724459
1995-08-16 08:45:00,149.496,722.4394827028419
1995-08-16 08:46:00,146.706,557.0922530592427
1995-08-16 08:47:00,154.575,524.3263843295033
1995-08-16 08:48:00,199.635,541.7659831651115
1995-08-16 08:49:00,174.445,497.55690786427965
1995-08-16 08:50:00,749.183,580.3311455377093
1995-08-16 08:51:00,672.367,661.3956446607592
1995-08-16 08:52:00,516.941,687.7400314722234
1995-08-16 08:53:00,857.111,668.6562964119307
1995-08-16 08:54:00,625.532,759.9917165792284
1995-08-16 08:55:00,791.012,681.9496977048526
1995-08-16 08:56:00,541.602,764.7972838912082
1995-08-16 08:57:00,1094.9209999999998,708.2454138669676
1995-08-16 08:58:00,1630.853,802.6433864694827
1995-08-16 08:59:00,515.842,798.3760387368205
1995-08-16 09:00:00,292.606,711.6661121999254
1995-08-16 09:01:00,1445.706,667.0546874267897
1995-08-16 09:02:00,1226.536,809.3296595898121
1995-08-16 09:03:00,626.814,769.9084553683751
1995-08-16 09:04:00,900.3449999999999,814.2495790783901
1995-08-16 09:05:00,671.0649999999999,847.9450644960436
1995-08-16 09:06:00,404.76,760.208348543028
1995-08-16 09:07:00,384.441,674.5744932167463
1995-08-16 09:08:00,405.741,791.1790754335217
1995-08-16 09:09:00,310.866,640.4992991762344
1995-08-16 09:10:00,659.428,747.1629294377657
1995-08-16 09:11:00,717.822,828.3100182781144
1995-08-16 09:12:00,494.151,761.7781240740229
1995-08-16 09:13:00,244.935,736.1542141268101
1995-08-16 09:14:00,158.481,668.9639266664503
1995-08-16 09:15:00,478.15500000000003,559.8843895852984
1995-08-16 09:16:00,912.366,589.8240681243961
1995-08-16 09:17:00,731.348,644.3727131634555
1995-08-16 09:18:00,478.599,624.720648122853
1995-08-16 09:19:00,276.588,610.8854074943976
1995-08-16 09:20:00,280.036,586.2606121183868
1995-08-16 09:21:00,1046.917,594.3428929423208
1995-08-16 09:22:00,507.895,698.5405876739696
1995-08-16 09:23:00,1667.94,664.3098147832803
1995-08-16 09:24:00,460.801,694.184346658335
1995-08-16 09:25:00,491.353,762.4990413443046
1995-08-16 09:26:00,112.221,769.0390049872325
1995-08-16 09:27:00,572.9549999999999,660.8490284837446
1995-08-16 09:28:00,500.175,741.5922967230043
1995-08-16 09:29:00,751.425,706.532211199212
1995-08-16 09:30:00,1315.519,725.3012032042213
1995-08-16 09:31:00,333.602,715.268794104331
1995-08-16 09:32:00,191.969,651.4946613182802
1995-08-16 09:33:00,421.09000000000003,564.8404818051896
1995-08-16 09:34:00,631.054,636.5359301778117
1995-08-16 09:35:00,1024.683,656.6853137433145
1995-08-16 09:36:00,820.044,726.6785662749259
1995-08-16 09:37:00,517.341,827.8294113966325
1995-08-16 09:38:00,1062.6779999999999,735.5314749348403
1995-08-16 09:39:00,1161.368,895.3253035666027
1995-08-16 09:40:00,457.031,991.6859963788681
1995-08-16 09:41:00,592.59,826.3402767912451
1995-08-16 09:42:00,894.941,721.6386114246644
1995-08-16 09:43:00,667.708,841.236883452242
1995-08-16 09:44:00,577.795,808.3263697826138
1995-08-16 09:45:00,1456.084,883.7746248806386
1995-08-16 09:46:00,801.627,959.7937066415474
1995-08-16 09:47:00,717.798,931.885949662381
1995-08-16 09:48:00,1749.2830000000001,904.4951431427987
1995-08-16 09:49:00,1362.452,995.9891917306096
1995-08-16 09:50:00,1486.311,1030.7090833106392
1995-08-16 09:51:00,369.252,1072.8513399781161
1995-08-16 09:52:00,1237.0420000000001,912.452348370272
1995-08-16 09:53:00,446.991,897.2544800426334
1995-08-16 09:54:00,522.503,797.2298201991158
1995-08-16 09:55:00,1243.245,831.4959559417433
1995-08-16 09:56:00,955.955,901.6853814699216
1995-08-16 09:57:00,316.472,955.6811094195338
1995-08-16 09:58:00,535.184,805.2377892901558
1995-08-16 09:59:00,859.982,771.4642486985819
1995-08-16 10:00:00,610.675,844.0360159108975
1995-08-16 10:01:00,981.4920000000001,791.7669957031461
1995-08-16 10:02:00,833.178,874.3052248192919
1995-08-16 10:03:00,709.575,965.3650070329131
1995-08-16 10:04:00,1377.194,991.9567953891585
1995-08-16 10:05:00,1223.203,1097.159486707843
1995-08-16 10:06:00,1311.568,1043.6728709855179
1995-08-16 10:07:00,649.47,1091.25343589901
1995-08-16 10:08:00,350.447,980.9817212543327
1995-08-16 10:09:00,1879.317,910.2448012921382
1995-08-16 10:10:00,739.528,1064.4539111178972
1995-08-16 10:11:00,1488.6779999999999,938.5396015334924
1995-08-16 10:12:00,1212.992,1082.1963000770713
1995-08-16 10:13:00,699.987,1095.8249412241883
1995-08-16 10:14:00,1196.144,934.8509866423495
1995-08-16 10:15:00,532.376,1124.1377579483244
1995-08-16 10:16:00,2867.6650000000004,1078.1430319698395
1995-08-16 10:17:00,1081.232,1388.6370955279467
1995-08-16 10:18:00,616.6229999999999,1232.97503703048
1995-08-16 10:19:00,250.273,1014.3122677705966
1995-08-16 10:20:00,207.245,976.8205355107386
1995-08-16 10:21:00,1507.866,804.0559576179721
1995-08-16 10:22:00,2165.8740000000003,988.3333251713788
1995-08-16 10:23:00,1224.209,938.1675763225654
1995-08-16 10:24:00,707.438,1167.773662638719
1995-08-16 10:25:00,791.422,1057.6480153597954
1995-08-16 10:26:00,501.578,1073.585581300149
1995-08-16 10:27:00,3351.1549999999997,1127.8262101198723
1995-08-16 10:28:00,462.755,1410.5408403365145
1995-08-16 10:29:00,374.847,1069.8617303476797
1995-08-16 10:30:00,495.79999999999995,1052.6952104791771
1995-08-16 10:31:00,743.027,891.9423713895661
1995-08-16 10:32:00,1138.336,1052.75725128289
1995-08-16 10:33:00,1617.2649999999999,1158.517506520318
1995-08-16 10:34:00,1067.414,1010.0826572398394
1995-08-16 10:35:00,641.7620000000001,1037.7043288854488
1995-08-16 10:36:00,944.1039999999999,914.7116965442589
1995-08-16 10:37:00,611.124,989.80011042488
1995-08-16 10:38:00,455.001,1059.2222520568828
1995-08-16 10:39:00,1448.413,1054.856106410044
1995-08-16 10:40:00,504.625,956.2833520600619
1995-08-16 10:41:00,523.206,897.6743799774935
1995-08-16 10:42:00,1882.426,817.4608222777939
1995-08-16 10:43:00,1969.492,876.8426055147481
1995-08-16 10:44:00,1697.835,970.7448432871099
1995-08-16 10:45:00,564.571,1027.0025992369344
1995-08-16 10:46:00,1142.927,1068.1798996804125
1995-08-16 10:47:00,1537.8310000000001,1118.909266831193
1995-08-16 10:48:00,994.25,1173.2405544950354
1995-08-16 10:49:00,1049.742,1193.7519633779323
1995-08-16 10:50:00,676.805,1099.5941100656155
1995-08-16 10:51:00,1466.947,1122.8164133888588
1995-08-16 10:52:00,960.3639999999999,1133.992045123089
1995-08-16 10:53:00,950.764,1152.3323833660352
1995-08-16 10:54:00,1639.9830000000002,1008.5938684502995
1995-08-16 10:55:00,1998.911,1165.229808875126
1995-08-16 10:56:00,664.376,1193.3097929067967
1995-08-16 10:57:00,467.254,1216.2960842446391
1995-08-16 10:58:00,954.41,1068.8745141465981
1995-08-16 10:59:00,2098.876,1043.1192165834998
1995-08-16 11:00:00,1591.519,1270.55164791812
1995-08-16 11:01:00,736.043,1120.5303542371491
1995-08-16 11:02:00,1288.556,1077.3611230176186
1995-08-16 11:03:00,903.584,1030.8264230673465
1995-08-16 11:04:00,345.12600000000003,1051.9741666739712
1995-08-16 11:05:00,544.8919999999999,959.8463488791012
1995-08-16 11:06:00,895.6469999999999,911.95451722472
1995-08-16 11:07:00,1017.64,956.6422104854724
1995-08-16 11:08:00,763.965,1081.60621412616
1995-08-16 11:09:00,1885.8590000000002,1095.9129310433414
1995-08-16 11:10:00,1028.215,1291.081609938128
1995-08-16 11:11:00,945.929,1053.7797082002705
1995-08-16 11:12:00,715.362,1132.1080917466732
1995-08-16 11:13:00,370.792,1158.40917220513
1995-08-16 11:14:00,373.012,971.6372853054999
1995-08-16 11:15:00,699.396,811.3940082282601
1995-08-16 11:16:00,1534.208,806.0041691414036
1995-08-16 11:17:00,1269.95,909.442389289946
1995-08-16 11:18:00,714.5100000000001,938.2853728815435
1995-08-16 11:19:00,1260.276,902.1152526477146
1995-08-16 11:20:00,1228.639,975.1214355755535
1995-08-16 11:21:00,603.508,1147.177058048628
1995-08-16 11:22:00,956.778,1083.462193969701
1995-08-16 11:23:00,539.634,1004.0081598221577
1995-08-16 11:24:00,213.724,869.262338372766
1995-08-16 11:25:00,345.593,784.1645953492123
1995-08-16 11:26:00,721.0980000000001,739.360571311428
1995-08-16 11:27:00,573.833,715.8905438860253
1995-08-16 11:28:00,688.302,820.4287858355406
1995-08-16 11:29:00,1090.387,780.9836160826839
1995-08-16 11:30:00,1015.883,813.9631621419596
1995-08-16 11:31:00,528.726,977.0609378246254
1995-08-16 11:32:00,841.834,831.2973221200374
1995-08-16 11:33:00,3199.5930000000003,1040.269652790421
1995-08-16 11:34:00,1302.998,1012.6427528963977
1995-08-16 11:35:00,1514.842,1089.8901251173954
1995-08-16 11:36:00,878.088,1140.8721491232586
1995-08-16 11:37:00,773.05,1035.4625189593341
1995-08-16 11:38:00,957.338,1093.02123837457
1995-08-16 11:39:00,766.875,1162.620617526952
1995-08-16 11:40:00,1408.3,970.1138125419562
1995-08-16 11:41:00,1906.979,954.5893832561042
1995-08-16 11:42:00,1287.248,1113.8386384329758
1995-08-16 11:43:00,1525.1779999999999,1182.4517785764954
1995-08-16 11:44:00,732.383,1223.37995914494
1995-08-16 11:45:00,877.321,984.5221420534282
1995-08-16 11:46:00,1115.003,1067.4807748603564
1995-08-16 11:47:00,1083.263,1262.5063132257249
1995-08-16 11:48:00,1936.78,1169.165041769881
1995-08-16 11:49:00,1078.836,1295.4522355378506
1995-08-16 11:50:00,1121.82,1333.8349505685512
1995-08-16 11:51:00,1348.023,1298.1050670217871
1995-08-16 11:52:00,1024.58,1302.4599075549293
1995-08-16 11:53:00,735.57,1358.5931522907622
1995-08-16 11:54:00,826.434,1225.6213113668616
1995-08-16 11:55:00,848.414,1109.2805431856787
1995-08-16 11:56:00,699.258,1095.5668291632228
1995-08-16 11:57:00,1172.047,1118.3870580596606
1995-08-16 11:58:00,910.356,1034.9522906116902
1995-08-16 11:59:00,698.827,899.7008427175725
1995-08-16 12:00:00,1450.1000000000001,860.7134164030804
1995-08-16 12:01:00,1546.1299999999999,1083.5281418449406
1995-08-16 12:02:00,1160.444,1176.8140994199334
1995-08-16 12:03:00,1040.903,1233.8672577951402
1995-08-16 12:04:00,600.775,1229.0440123605952
1995-08-16 12:05:00,851.156,1007.366909087277
1995-08-16 12:06:00,1081.792,1092.1746861989175
1995-08-16 12:07:00,2123.566,1169.3118666173386
1995-08-16 12:08:00,1600.088,1030.117397883772
1995-08-16 12:09:00,896.773,1256.3303627288817
1995-08-16 12:10:00,1135.307,1252.3663610072624
1995-08-16 12:11:00,504.372,1131.4291867929749
1995-08-16 12:12:00,431.724,1063.9675654555392
1995-08-16 12:13:00,756.787,1102.4159546111982
1995-08-16 12:14:00,711.954,1101.7913791883805
1995-08-16 12:15:00,1635.95,1059.161476176471
1995-08-16 12:16:00,531.044,1085.9019960070343
1995-08-16 12:17:00,452.71,965.4254720003855
1995-08-16 12:18:00,762.8729999999999,957.9352721637833
1995-08-16 12:19:00,557.116,988.970260482157
1995-08-16 12:20:00,563.89,1012.9864977288737
1995-08-16 12:21:00,662.616,845.1685112102161
1995-08-16 12:22:00,532.675,823.1154356417721
1995-08-16 12:23:00,428.563,785.9890713375878
1995-08-16 12:24:00,861.505,709.2060957544952
1995-08-16 12:25:00,620.999,848.3644980426923
1995-08-16 12:26:00,710.389,778.1640601483559
1995-08-16 12:27:00,615.624,836.6288697206506
1995-08-16 12:28:00,453.174,841.8202390450526
1995-08-16 12:29:00,1396.168,865.5035723983577
1995-08-16 12:30:00,845.304,995.6531364676395
1995-08-16 12:31:00,1521.752,967.108235345599
1995-08-16 12:32:00,591.906,1096.1943838031284
1995-08-16 12:33:00,1344.215,918.1867448812942
1995-08-16 12:34:00,3899.846,1007.0497104148856
1995-08-16 12:35:00,551.726,1258.0069833384507
1995-08-16 12:36:00,1438.131,972.674947537992
1995-08-16 12:37:00,1307.962,1187.7808560800468
1995-08-16 12:38:00,873.363,1156.2739987658888
1995-08-16 12:39:00,600.877,1078.4004119228825
1995-08-16 12:40:00,721.002,1091.3062321173322
1995-08-16 12:41:00,424.4,984.182116615072
1995-08-16 12:42:00,722.7489999999999,1039.4641638293024
1995-08-16 12:43:00,876.076,1021.7486867686328
1995-08-16 12:44:00,1194.0049999999999,1094.9406366768442
1995-08-16 12:45:00,1045.298,1132.525525322708
1995-08-16 12:46:00,685.671,1160.92129260095
1995-08-16 12:47:00,800.617,1012.9037795292512
1995-08-16 12:48:00,680.694,1020.6061078265052
1995-08-16 12:49:00,479.828,975.133179626938
1995-08-16 12:50:00,447.195,875.9072556985153
1995-08-16 12:51:00,437.273,770.4720915034982
1995-08-16 12:52:00,559.652,755.4146843482075
1995-08-16 12:53:00,700.498,817.2127993920648
1995-08-16 12:54:00,844.622,834.3456233077526
1995-08-16 12:55:00,1631.691,873.8676859456359
1995-08-16 12:56:00,279.062,936.703961796331
1995-08-16 12:57:00,539.399,842.5266708845351
1995-08-16 12:58:00,2150.271,900.4332346229337
1995-08-16 12:59:00,805.031,948.8315475923183
1995-08-16 13:00:00,722.9970000000001,938.0126844054771
1995-08-16 13:01:00,428.05100000000004,964.5686519873872
1995-08-16 13:02:00,373.965,838.7260896005297
1995-08-16 13:03:00,1322.432,878.0714670838292
1995-08-16 13:04:00,1652.014,1005.058361125127
1995-08-16 13:05:00,714.289,897.3999815899471
1995-08-16 13:06:00,231.034,953.730088637439
1995-08-16 13:07:00,1054.317,866.1097614843875
1995-08-16 13:08:00,1591.034,1019.6458315434647
1995-08-16 13:09:00,563.535,926.1876222217932
1995-08-16 13:10:00,555.993,889.1040257118954
1995-08-16 13:11:00,1823.449,938.8483343339425
1995-08-16 13:12:00,591.094,896.2390468042737
1995-08-16 13:13:00,1144.216,881.1290164897634
1995-08-16 13:14:00,439.079,991.1009982455741
1995-08-16 13:15:00,354.31600000000003,897.2407341615448
1995-08-16 13:16:00,567.509,797.3561162634251
1995-08-16 13:17:00,1084.697,916.1306585984555
1995-08-16 13:18:00,525.532,853.470211700367
1995-08-16 13:19:00,2087.84,915.8346508104098
1995-08-16 13:20:00,1784.148,1053.7491277945066
1995-08-16 13:21:00,1558.742,1192.845604502965
1995-08-16 13:22:00,1028.506,1181.4181624907271
1995-08-16 13:23:00,903.269,1239.2196296837126
1995-08-16 13:24:00,704.321,1178.5944174735391
1995-08-16 13:25:00,3015.08,1087.6008546096496
1995-08-16 13:26:00,1016.763,1288.256782776297
1995-08-16 13:27:00,1097.562,1191.981299611463
1995-08-16 13:28:00,2092.838,1341.5261851194145
1995-08-16 13:29:00,1503.633,1320.839988964843
1995-08-16 13:30:00,2025.439,1334.6308243280753
1995-08-16 13:31:00,1542.8339999999998,1346.0982918126363
1995-08-16 13:32:00,986.194,1328.2129436526336
1995-08-16 13:33:00,2121.182,1293.4060090078542
1995-08-16 13:34:00,1703.139,1327.0078801272205
1995-08-16 13:35:00,589.4399999999999,1339.7048501371412
1995-08-16 13:36:00,887.29,1212.2043122752807
1995-08-16 13:37:00,2515.34,1233.0939216280824
1995-08-16 13:38:00,2503.891,1541.8820792552306
1995-08-16 13:39:00,2368.142,1600.0475019054836
1995-08-16 13:40:00,1502.12,1664.8109294296141
1995-08-16 13:41:00,4137.069,1593.822239909747
1995-08-16 13:42:00,1712.6950000000002,1589.8194053238062
1995-08-16 13:43:00,1934.0900000000001,1578.6642773485614
1995-08-16 13:44:00,958.411,1650.6255591006598
1995-08-16 13:45:00,981.681,1600.779217097794
1995-08-16 13:46:00,1962.615,1549.4372944286617
1995-08-16 13:47:00,1315.2949999999998,1482.1426302136033
1995-08-16 13:48:00,840.321,1412.0058051658239
1995-08-16 13:49:00,1742.17,1439.6703886492276
1995-08-16 13:50:00,467.187,1407.7591960657926
1995-08-16 13:51:00,881.765,1307.4804342488658
1995-08-16 13:52:00,1774.27,1302.4918932859603
1995-08-16 13:53:00,1046.432,1182.4807856459176
1995-08-16 13:54:00,825.343,1215.810081528359
1995-08-16 13:55:00,1721.8729999999998,1206.6808210237643
1995-08-16 13:56:00,1096.358,1177.9163138288534
1995-08-16 13:57:00,895.273,1302.3305697075295
1995-08-16 13:58:00,1135.789,1238.6844963934457
1995-08-16 13:59:00,1302.402,1286.3556903004076
1995-08-16 14:00:00,1705.066,1343.1968293070408
1995-08-16 14:01:00,867.965,1187.9200435862201
1995-08-16 14:02:00,803.8670000000001,1272.2121456026146
1995-08-16 14:03:00,1269.989,1204.0300102454812
1995-08-16 14:04:00,1723.752,1329.0096807543025
1995-08-16 14:05:00,1223.769,1396.5277660853492
1995-08-16 14:06:00,817.778,1392.0303699435976
1995-08-16 14:07:00,619.62,1388.4404768395616
1995-08-16 14:08:00,809.86,1325.6222872701514
1995-08-16 14:09:00,1226.646,1292.6653259977384
1995-08-16 14:10:00,1876.1319999999998,1137.2698180153106
1995-08-16 14:11:00,1024.287,1364.5192849715263
1995-08-16 14:12:00,1086.9560000000001,1345.5869829188057
1995-08-16 14:13:00,1206.459,1301.9453500641512
1995-08-16 14:14:00,1695.693,1341.6120699858468
1995-08-16 14:15:00,835.75,1403.6606713841484
1995-08-16 14:16:00,915.2860000000001,1283.2691385629705
1995-08-16 14:17:00,2162.292,1234.5343477348895
1995-08-16 14:18:00,1167.016,1356.066014417959
1995-08-16 14:19:00,598.39,1343.8951292965507
1995-08-16 14:20:00,689.549,1162.570385617064
1995-08-16 14:21:00,1118.382,1066.32268948637
1995-08-16 14:22:00,929.678,1194.6881871527423
1995-08-16 14:23:00,631.693,1215.031931072016
1995-08-16 14:24:00,442.599,1023.1471250068612
1995-08-16 14:25:00,799.775,919.4186711328581
1995-08-16 14:26:00,599.321,1099.275350805931
1995-08-16 14:27:00,1049.749,929.7079818400393
1995-08-16 14:28:00,837.625,1163.750033848906
1995-08-16 14:29:00,930.992,987.2662433128087
1995-08-16 14:30:00,1161.113,1166.2602373122459
1995-08-16 14:31:00,1177.249,1032.5762280612453
1995-08-16 14:32:00,830.284,1151.2692877889742
1995-08-16 14:33:00,1608.51,989.1687883158543
1995-08-16 14:34:00,647.841,1228.0584593589595
1995-08-16 14:35:00,1141.198,959.6632814116601
1995-08-16 14:36:00,1202.776,1153.829742224067
1995-08-16 14:37:00,2029.966,1146.9625054974645
1995-08-16 14:38:00,1703.979,1252.2789753258437
1995-08-16 14:39:00,1338.301,1332.1794153096027
1995-08-16 14:40:00,2181.187,1239.871308140438
1995-08-16 14:41:00,1018.611,1288.3533653401823
1995-08-16 14:42:00,2774.723,1420.697932657083
1995-08-16 14:43:00,1206.994,1541.4638777672371
1995-08-16 14:44:00,2103.7509999999997,1287.9272976026077
1995-08-16 14:45:00,486.95300000000003,1296.795928450872
1995-08-16 14:46:00,586.192,1189.6952632170182
1995-08-16 14:47:00,1458.0939999999998,1035.1805833230737
1995-08-16 14:48:00,591.302,1163.0209202534165
1995-08-16 14:49:00,476.614,1143.5404815903473
1995-08-16 14:50:00,711.173,1057.6710482995504
1995-08-16 14:51:00,891.953,908.1872433741796
1995-08-16 14:52:00,1957.9529999999997,1264.0771562501373
1995-08-16 14:53:00,266.549,1149.6652708761906
1995-08-16 14:54:00,845.75,971.7870049452553
1995-08-16 14:55:00,1604.202,957.2196440156431
1995-08-16 14:56:00,627.189,956.680994934646
1995-08-16 14:57:00,543.2860000000001,994.8471265815391
1995-08-16 14:58:00,556.775,986.3151578145828
1995-08-16 14:59:00,473.64099999999996,891.2371751172283
1995-08-16 15:00:00,345.155,1034.4534272841527
1995-08-16 15:01:00,1719.627,765.6320708143006
1995-08-16 15:02:00,326.45799999999997,1123.3287701446231
1995-08-16 15:03:00,880.096,785.6575445733652
1995-08-16 15:04:00,604.646,1053.7540380989656
1995-08-16 15:05:00,859.633,964.347352972836
1995-08-16 15:06:00,383.62,954.9113774415466
1995-08-16 15:07:00,463.228,878.6422240826419
1995-08-16 15:08:00,858.325,876.3593762141337
1995-08-16 15:09:00,357.507,888.6899742318151
1995-08-16 15:10:00,952.5329999999999,864.3505832602328
1995-08-16 15:11:00,459.867,915.3304181858625
1995-08-16 15:12:00,332.78,848.2011216132271
1995-08-16 15:13:00,221.47,689.7880999567972
1995-08-16 15:14:00,672.158,730.5937481070523
1995-08-16 15:15:00,1137.712,713.5168344909576
1995-08-16 15:16:00,273.208,776.0337546195079
1995-08-16 15:17:00,864.566,716.4015072419065
1995-08-16 15:18:00,688.244,854.2874749534337
1995-08-16 15:19:00,1382.644,835.3216593569387
1995-08-16 15:20:00,837.654,993.6125369471252
1995-08-16 15:21:00,988.342,1043.5524691849432
1995-08-16 15:22:00,1178.0130000000001,1125.0873149931654
1995-08-16 15:23:00,1088.855,1062.599776089869
1995-08-16 15:24:00,2737.7410000000004,1083.7143280875587
1995-08-16 15:25:00,685.6949999999999,1218.0813709950182
1995-08-16 15:26:00,1322.7540000000001,1102.252436440483
1995-08-16 15:27:00,1952.616,1187.8606263551387
1995-08-16 15:28:00,4210.378,1229.9460147528446
1995-08-16 15:29:00,2635.727,1543.6550427397121
1995-08-16 15:30:00,935.899,1425.0809304606335
1995-08-16 15:31:00,2543.557,1402.646882956026
1995-08-16 15:32:00,1832.283,1629.351690240154
1995-08-16 15:33:00,1042.933,1522.4306940966542
1995-08-16 15:34:00,1305.356,1298.896943401992
1995-08-16 15:35:00,1263.379,1383.1655782879584
1995-08-16 15:36:00,760.217,1397.63990149641
1995-08-16 15:37:00,1076.413,1269.655304653806
1995-08-16 15:38:00,1052.702,1336.963543194583
1995-08-16 15:39:00,1218.978,1346.2954274811473
1995-08-16 15:40:00,1006.597,1283.480175433576
1995-08-16 15:41:00,505.964,1255.9162921004008
1995-08-16 15:42:00,929.111,1135.1208461561953
1995-08-16 15:43:00,737.7520000000001,1094.1461950945163
1995-08-16 15:44:00,1084.3020000000001,1092.9705777921915
1995-08-16 15:45:00,621.378,1058.2664768743227
1995-08-16 15:46:00,1446.426,956.0934526675388
1995-08-16 15:47:00,3227.446,1140.577757972658
1995-08-16 15:48:00,925.915,1471.6037615622938
1995-08-16 15:49:00,591.598,1340.255164267714
1995-08-16 15:50:00,580.335,1155.7508091339698
1995-08-16 15:51:00,452.472,1143.4551821791995
1995-08-16 15:52:00,2150.31,1079.416958254305
1995-08-16 15:53:00,644.408,1211.6177597869266
1995-08-16 15:54:00,284.64,1122.7624868640344
1995-08-16 15:55:00,133.123,950.018087417183
1995-08-16 15:56:00,613.1179999999999,814.1258547812862
1995-08-16 15:57:00,733.314,798.838104706023
1995-08-16 15:58:00,566.496,849.2616720669711
1995-08-16 15:59:00,835.9830000000001,886.3644054276165
1995-08-16 16:00:00,761.2810000000001,1030.8450987827543
1995-08-16 16:01:00,774.22,813.6839633937221
1995-08-16 16:02:00,647.67,965.4392637231332
1995-08-16 16:03:00,671.051,900.5692622081601
1995-08-16 16:04:00,1080.093,915.0821835302502
1995-08-16 16:05:00,479.201,1021.8105452851399
1995-08-16 16:06:00,1033.766,741.2751709875948
1995-08-16 16:07:00,1240.483,887.7564767529234
1995-08-16 16:08:00,811.949,828.4268843019544
1995-08-16 16:09:00,892.4970000000001,938.4244935963043
1995-08-16 16:10:00,792.7139999999999,948.8298249744144
1995-08-16 16:11:00,1492.3200000000002,910.4875501852591
1995-08-16 16:12:00,304.232,951.4515569423063
1995-08-16 16:13:00,761.89,818.6629268856232
1995-08-16 16:14:00,565.276,962.2124884925393
1995-08-16 16:15:00,1262.906,1002.786640027167
1995-08-16 16:16:00,2285.022,1158.839028925571
1995-08-16 16:17:00,1476.716,1164.0454488362725
1995-08-16 16:18:00,1020.011,1125.0570472429683
1995-08-16 16:19:00,768.402,1059.3870259198811
1995-08-16 16:20:00,745.091,1006.8149494073269
1995-08-16 16:21:00,786.71,997.9624982878607
1995-08-16 16:22:00,767.465,1073.5577307471356
1995-08-16 16:23:00,1164.397,975.5963384449263
1995-08-16 16:24:00,584.199,1115.514474112331
1995-08-16 16:25:00,1320.725,1069.3821096999693
1995-08-16 16:26:00,824.2189999999999,1042.984319001944
1995-08-16 16:27:00,1474.607,1164.7918610877284
1995-08-16 16:28:00,1694.599,1222.863990251824
1995-08-16 16:29:00,1639.653,1251.5061748298276
1995-08-16 16:30:00,1547.09,1317.4237865090668
1995-08-16 16:31:00,2398.382,1319.0609983430072
1995-08-16 16:32:00,1922.844,1302.436262933189
1995-08-16 16:33:00,1075.238,1334.9772831237392
1995-08-16 16:34:00,1778.209,1405.0276892644677
1995-08-16 16:35:00,1205.392,1202.9027740147121
1995-08-16 16:36:00,244.587,896.8778555377683
1995-08-16 16:37:00,0.0,938.6116716894113
1995-08-16 16:47:00,527.917,1200.5485338002186
1995-08-16 16:48:00,1219.049,939.3904336107855
1995-08-16 16:49:00,1339.3419999999999,1142.5219327738996
1995-08-16 16:50:00,489.59,1104.4374217131492
1995-08-16 16:51:00,378.395,1061.1812609558206
1995-08-16 16:52:00,3402.557,842.2755379583069
1995-08-16 16:54:00,540.191,909.6975981086158
1995-08-16 16:57:00,611.444,980.7313353024513
1995-08-16 16:58:00,710.031,911.9281433980244
1995-08-16 16:59:00,2162.495,935.455825902361
1995-08-16 17:00:00,804.373,983.6801751600028
1995-08-16 17:01:00,780.976,996.4200700964127
1995-08-16 17:02:00,980.721,1023.2382262229767
1995-08-16 17:03:00,810.597,1124.432996884977
1995-08-16 17:04:00,969.36,1049.132944356033
1995-08-16 17:05:00,774.734,1063.2415155964325
1995-08-16 17:06:00,877.151,889.7865459435711
1995-08-16 17:07:00,1252.657,988.4225002039809
1995-08-16 17:08:00,1405.705,1113.2313136742355
1995-08-16 17:09:00,2363.546,1025.4857310166863
1995-08-16 17:10:00,1576.641,1179.3332880874761
1995-08-16 17:11:00,1768.179,1258.7360614987947
1995-08-16 17:12:00,1491.398,1394.4479206288847
1995-08-16 17:13:00,3269.5,1435.741144826024
1995-08-16 17:14:00,1560.093,1342.369296946057
1995-08-16 17:15:00,695.453,1374.0868139481577
1995-08-16 17:16:00,1698.082,1339.6005019229783
1995-08-16 17:17:00,1739.937,1434.016966005726
1995-08-16 17:18:00,934.485,1280.8320350949366
1995-08-16 17:19:00,1172.568,1142.9087494615185
1995-08-16 17:20:00,1316.829,1078.3572493186116
1995-08-16 17:21:00,946.485,1136.7360488383347
1995-08-16 17:22:00,1288.454,1172.8595987697563
1995-08-16 17:23:00,1045.779,1306.5284772407956
1995-08-16 17:24:00,279.042,1062.5607180552556
1995-08-16 17:25:00,415.71999999999997,1014.9507890701409
1995-08-16 17:26:00,705.4689999999999,875.3247487518448
1995-08-16 17:27:00,365.992,914.5351036365229
1995-08-16 17:28:00,410.848,837.5242726664604
1995-08-16 17:29:00,1040.581,795.9913315830446
1995-08-16 17:30:00,601.26,816.1939471992363
1995-08-16 17:31:00,394.999,836.8730702164681
1995-08-16 17:32:00,343.872,841.1041101735741
1995-08-16 17:33:00,728.665,738.6608897087816
1995-08-16 17:34:00,1513.3029999999999,775.1545956746056
1995-08-16 17:35:00,1118.675,880.1363767724132
1995-08-16 17:36:00,511.734,923.6519699541144
1995-08-16 17:37:00,1138.526,1051.4668829710401
1995-08-16 17:38:00,848.686,1046.8974854848043
1995-08-16 17:39:00,2124.891,1047.768100868411
1995-08-16 17:40:00,2297.7509999999997,1050.226729435206
1995-08-16 17:41:00,871.536,1224.868761249199
1995-08-16 17:42:00,1075.806,1225.5777833512307
1995-08-16 17:43:00,906.61,1225.2150136802584
1995-08-16 17:44:00,381.06,1154.6372157446942
1995-08-16 17:45:00,578.947,877.8536601650195
1995-08-16 17:46:00,491.262,846.1062436915779
1995-08-16 17:47:00,573.321,759.6355278378927
1995-08-16 17:48:00,666.504,735.6891180239691
1995-08-16 17:49:00,686.384,799.5900619267038
1995-08-16 17:50:00,554.502,840.1391548246453
1995-08-16 17:51:00,787.583,822.7597689234681
1995-08-16 17:52:00,563.632,896.3403662796272
1995-08-16 17:53:00,932.8340000000001,776.9877282157906
1995-08-16 17:54:00,415.624,783.3093271284301
1995-08-16 17:55:00,689.467,752.1526267408497
1995-08-16 17:56:00,846.141,794.0751879225309
1995-08-16 17:57:00,253.58499999999998,812.0413300075481
1995-08-16 17:58:00,181.068,678.2343808265408
1995-08-16 17:59:00,1260.988,607.4226568035159
1995-08-16 18:00:00,819.324,800.6313693032946
1995-08-16 18:01:00,711.603,847.8679562145359
1995-08-16 18:02:00,438.612,774.114213271528
1995-08-16 18:03:00,689.2909999999999,679.9965668982205
1995-08-16 18:04:00,2668.179,738.9243092218805
1995-08-16 18:05:00,830.225,881.3909642519995
1995-08-16 18:06:00,892.708,811.9946653843912
1995-08-16 18:07:00,572.8779999999999,803.5448111500161
1995-08-16 18:08:00,328.507,773.7461522777284
1995-08-16 18:09:00,722.977,721.196837953007
1995-08-16 18:10:00,1356.991,872.6895736366273
1995-08-16 18:11:00,1232.4279999999999,763.842769959588
1995-08-16 18:12:00,2498.517,876.9110456299632
1995-08-16 18:13:00,618.106,987.3349771398467
1995-08-16 18:14:00,2468.9739999999997,1024.613667736771
1995-08-16 18:15:00,370.759,1248.285158364479
1995-08-16 18:16:00,982.65,900.2886236248712
1995-08-16 18:17:00,353.331,980.4146635036418
1995-08-16 18:18:00,448.16700000000003,881.7221828749756
1995-08-16 18:19:00,749.438,777.0661042101717
1995-08-16 18:20:00,484.071,819.5520850082241
1995-08-16 18:21:00,1419.747,709.6942303645794
1995-08-16 18:22:00,314.781,751.2746881189404
1995-08-16 18:23:00,234.238,673.7223267084906
1995-08-16 18:24:00,160.738,657.1764909228938
1995-08-16 18:25:00,171.521,563.638254724309
1995-08-16 18:26:00,532.353,532.0238378264668
1995-08-16 18:27:00,1436.847,619.0257333053007
1995-08-16 18:28:00,590.178,614.7527964642603
1995-08-16 18:29:00,792.0029999999999,624.6453283734536
1995-08-16 18:30:00,313.528,727.6120204837807
1995-08-16 18:31:00,723.534,719.4172537795248
1995-08-16 18:32:00,349.483,784.7129814882198
1995-08-16 18:33:00,287.724,756.3471966347788
1995-08-16 18:34:00,372.799,574.2024909564948
1995-08-16 18:35:00,1272.882,622.1951324584256
1995-08-16 18:36:00,833.655,667.6004682348739
1995-08-16 18:37:00,1517.914,838.9223289867463
1995-08-16 18:38:00,1036.768,841.5767786674785
1995-08-16 18:39:00,249.439,906.7436571825473
1995-08-16 18:40:00,584.676,730.548071114628
1995-08-16 18:41:00,1158.847,750.1636118178021
1995-08-16 18:42:00,772.946,831.6214409192006
1995-08-16 18:43:00,962.2180000000001,768.8125029119683
1995-08-16 18:44:00,841.847,805.1258355759811
1995-08-16 18:45:00,743.011,823.7204706886108
1995-08-16 18:46:00,725.578,747.4221021833755
1995-08-16 18:47:00,461.734,774.1148454123846
1995-08-16 18:48:00,1036.443,831.9224989115739
1995-08-16 18:49:00,766.11,773.4666339438045
1995-08-16 18:50:00,726.5790000000001,799.1374841422254
1995-08-16 18:51:00,713.433,809.9028891554772
1995-08-16 18:52:00,1250.156,802.3221680847356
1995-08-16 18:53:00,1902.787,856.4799333572115
1995-08-16 18:54:00,1862.289,943.3381650512218
1995-08-16 18:55:00,2582.3160000000003,1056.1096340663019
1995-08-16 18:56:00,640.398,1048.0250815026332
1995-08-16 18:57:00,1046.882,928.5875787120376
1995-08-16 18:58:00,909.8290000000001,973.2222688489018
1995-08-16 18:59:00,673.52,899.226278788993
1995-08-16 19:00:00,425.398,811.2853555386557
1995-08-16 19:01:00,301.723,794.3643668586902
1995-08-16 19:02:00,744.0120000000001,876.8795410489118
1995-08-16 19:03:00,523.223,853.7101417560774
1995-08-16 19:04:00,1910.834,942.6303599133167
1995-08-16 19:05:00,585.182,1049.0245183883194
1995-08-16 19:06:00,388.638,902.7227278862606
1995-08-16 19:07:00,964.4060000000001,815.9293235309921
1995-08-16 19:08:00,747.5709999999999,903.7502531600024
1995-08-16 19:09:00,162.078,909.0263466481221
1995-08-16 19:10:00,558.882,728.2942185923329
1995-08-16 19:11:00,364.729,718.4649630227976
1995-08-16 19:12:00,245.232,667.2809363397597
1995-08-16 19:13:00,264.706,565.8512331915512
1995-08-16 19:14:00,452.406,543.9749511296353
1995-08-16 19:15:00,359.413,548.8742296188539
1995-08-16 19:16:00,790.231,529.4618491931999
1995-08-16 19:17:00,413.543,644.6500149009192
1995-08-16 19:18:00,582.664,706.4324084125153
1995-08-16 19:19:00,597.034,770.1150137709011
1995-08-16 19:20:00,1254.885,802.0665578102873
1995-08-16 19:21:00,502.05899999999997,734.9883039147537
1995-08-16 19:22:00,968.505,736.5459609498191
1995-08-16 19:23:00,658.836,670.7302406538213
1995-08-16 19:24:00,640.105,710.9796052022006
1995-08-16 19:25:00,103.971,687.1472291346735
1995-08-16 19:26:00,395.681,576.2326234292817
1995-08-16 19:27:00,446.538,576.7905324370336
1995-08-16 19:28:00,259.119,586.2478987542331
1995-08-16 19:29:00,1091.819,545.5425669893693
1995-08-16 19:30:00,377.265,620.2406510795422
1995-08-16 19:31:00,151.632,634.2806682447647
1995-08-16 19:32:00,1212.736,560.3778509447078
1995-08-16 19:33:00,628.2719999999999,649.575392496786
1995-08-16 19:34:00,89.204,708.9028386499587
1995-08-16 19:35:00,326.34900000000005,541.5738924444255
1995-08-16 19:36:00,440.178,545.1176419984802
1995-08-16 19:37:00,351.81399999999996,587.6395031084691
1995-08-16 19:38:00,216.42100000000002,572.1243829174969
1995-08-16 19:39:00,150.528,474.9872357610072
1995-08-16 19:40:00,1544.7289999999998,495.0305559486781
1995-08-16 19:41:00,448.961,599.8818049457722
1995-08-16 19:42:00,628.492,646.7662526224261
1995-08-16 19:43:00,1890.768,673.9793711586818
1995-08-16 19:44:00,582.285,766.5618566658655
1995-08-16 19:45:00,457.496,727.9960299956479
1995-08-16 19:46:00,293.648,689.646219018844
1995-08-16 19:47:00,372.374,633.345992791205
1995-08-16 19:48:00,707.381,641.0199889113169
1995-08-16 19:49:00,302.518,662.8109127896897
1995-08-16 19:50:00,742.537,631.5825852404122
1995-08-16 19:51:00,1279.237,655.8899180121648
1995-08-16 19:52:00,798.507,686.1704745963082
1995-08-16 19:53:00,258.694,699.585492646058
1995-08-16 19:54:00,736.4269999999999,619.9599529969264
1995-08-16 19:55:00,407.851,701.9097323081437
1995-08-16 19:56:00,490.965,651.9402378161353
1995-08-16 19:57:00,1205.112,616.6650218748675
1995-08-16 19:58:00,1290.207,674.358717595073
1995-08-16 19:59:00,403.085,765.268789972112
1995-08-16 20:00:00,958.5989999999998,757.4933068673488
1995-08-16 20:01:00,551.896,789.8014292960495
1995-08-16 20:02:00,968.082,779.2424867487631
1995-08-16 20:03:00,954.167,905.1096946376692
1995-08-16 20:04:00,491.309,948.5980880321999
1995-08-16 20:05:00,824.1329999999998,771.4775139231967
1995-08-16 20:06:00,155.934,852.622944948661
1995-08-16 20:07:00,456.187,663.5644265931808
1995-08-16 20:08:00,274.94,656.9924534841388
1995-08-16 20:09:00,435.455,580.379178661202
1995-08-16 20:10:00,462.466,705.7314424018721
1995-08-16 20:11:00,762.029,602.5327491889243
1995-08-16 20:12:00,776.635,672.0870149122409
1995-08-16 20:13:00,1178.664,736.3704108119631
1995-08-16 20:14:00,466.927,782.3443923402266
1995-08-16 20:15:00,424.568,655.6512512022706
1995-08-16 20:16:00,1947.5000000000002,665.2185725058396
1995-08-16 20:17:00,362.404,824.6404772572197
1995-08-16 20:18:00,614.57,629.8114201269395
1995-08-16 20:19:00,489.103,704.854305875944
1995-08-16 20:20:00,589.208,669.6707894643193
1995-08-16 20:21:00,342.229,692.3181866938827
1995-08-16 20:22:00,571.072,632.4386687890022
1995-08-16 20:23:00,1868.3360000000002,624.4050754372523
1995-08-16 20:24:00,282.46999999999997,711.2745288416379
1995-08-16 20:25:00,1390.299,609.0247710165085
1995-08-16 20:26:00,153.835,676.4915706778872
1995-08-16 20:27:00,631.364,635.55986733592
1995-08-16 20:28:00,595.641,745.1773381111939
1995-08-16 20:29:00,709.0,766.3004893436528
1995-08-16 20:30:00,358.359,790.2601469414869
1995-08-16 20:31:00,181.1,764.8989928159425
1995-08-16 20:32:00,553.395,603.889643569309
1995-08-16 20:33:00,530.448,635.1397440377419
1995-08-16 20:34:00,798.656,693.8220552987515
1995-08-16 20:35:00,242.383,665.5916829143706
1995-08-16 20:36:00,471.835,561.7928308317067
1995-08-16 20:37:00,499.871,598.6374123993172
1995-08-16 20:38:00,575.551,611.5400942465861
1995-08-16 20:39:00,280.894,655.6054473036887
1995-08-16 20:40:00,169.302,564.7761559771878
1995-08-16 20:41:00,80.47,483.33468630327894
1995-08-16 20:42:00,604.773,443.98848774990967
1995-08-16 20:43:00,1368.966,478.18587917029714
1995-08-16 20:44:00,443.531,537.5198389399463
1995-08-16 20:45:00,2097.1620000000003,561.3397612060191
1995-08-16 20:46:00,840.0459999999999,710.0381668777504
1995-08-16 20:47:00,558.054,728.0184657894699
1995-08-16 20:48:00,1071.293,681.5632202353147
1995-08-16 20:49:00,1160.2710000000002,636.981043125459
1995-08-16 20:50:00,327.92400000000004,609.3300122928939
1995-08-16 20:51:00,1725.159,600.7943398647232
1995-08-16 20:52:00,374.665,695.516439588028
1995-08-16 20:53:00,1183.441,591.459379271978
1995-08-16 20:54:00,104.372,642.7590973523983
1995-08-16 20:55:00,123.188,529.3875143111314
1995-08-16 20:56:00,150.604,508.5051031727069
1995-08-16 20:57:00,258.05,444.913146904094
1995-08-16 20:58:00,424.07300000000004,469.1175095531749
1995-08-16 20:59:00,246.922,443.5156626910093
1995-08-16 21:00:00,712.595,442.52429948358224
1995-08-16 21:01:00,1940.117,492.94062992913746
1995-08-16 21:02:00,1258.8329999999999,552.8270834077416
1995-08-16 21:03:00,621.412,645.4579778158069
1995-08-16 21:04:00,353.182,714.0681802384072
1995-08-16 21:05:00,707.114,666.0168476075524
1995-08-16 21:06:00,872.7620000000001,753.5033200298533
1995-08-16 21:07:00,196.307,796.0846110607181
1995-08-16 21:08:00,297.907,650.1088711068234
1995-08-16 21:09:00,456.736,688.060579475963
1995-08-16 21:10:00,180.724,631.6324390966372
1995-08-16 21:11:00,1221.653,593.2156147644688
1995-08-16 21:12:00,825.024,687.7374376572765
1995-08-16 21:13:00,643.869,761.4010148359445
1995-08-16 21:14:00,705.894,753.4225920186284
1995-08-16 21:15:00,449.862,719.8269627737964
1995-08-16 21:16:00,1845.65,689.8859609655746
1995-08-16 21:17:00,533.162,849.933565245169
1995-08-16 21:18:00,898.681,695.1977601609872
1995-08-16 21:19:00,1259.176,772.1864119234341
1995-08-16 21:20:00,836.437,779.1907186998037
1995-08-16 21:21:00,1646.047,780.8566332231044
1995-08-16 21:22:00,556.309,783.6498452885263
1995-08-16 21:23:00,793.774,743.8664162835314
1995-08-16 21:24:00,1295.927,861.6599146392236
1995-08-16 21:25:00,414.73,813.740823342188
1995-08-16 21:26:00,889.564,697.137274218219
1995-08-16 21:27:00,491.173,776.6539422560926
1995-08-16 21:28:00,725.52,769.1902902123448
1995-08-16 21:29:00,531.699,783.9787261824514
1995-08-16 21:30:00,501.776,851.647357397263
1995-08-16 21:31:00,744.924,699.125798787605
1995-08-16 21:32:00,1036.439,804.7661274627436
1995-08-16 21:33:00,626.078,834.1295135659294
1995-08-16 21:34:00,628.051,824.6934893762694
1995-08-16 21:35:00,336.042,823.2395930071431
1995-08-16 21:36:00,1019.57,685.6733988883016
1995-08-16 21:37:00,269.724,751.709217364131
1995-08-16 21:38:00,494.82,697.26948878192
1995-08-16 21:39:00,550.0169999999999,637.5941422726316
1995-08-16 21:40:00,559.121,713.7223012791312
1995-08-16 21:41:00,549.771,723.2022281350913
1995-08-16 21:42:00,482.941,710.467698173483
1995-08-16 21:43:00,907.351,705.4899551224225
1995-08-16 21:44:00,1377.8899999999999,787.2890868631972
1995-08-16 21:45:00,379.481,784.330766826031
1995-08-16 21:46:00,315.296,732.1218302165689
1995-08-16 21:47:00,371.872,736.884764770476
1995-08-16 21:48:00,436.716,659.5711472288305
1995-08-16 21:49:00,670.119,700.42668211032
1995-08-16 21:50:00,975.383,696.7629037216568
1995-08-16 21:51:00,1551.0,678.6066518127941
1995-08-16 21:52:00,535.0219999999999,769.6397745095279
1995-08-16 21:53:00,428.638,718.5448727938505
1995-08-16 21:54:00,435.33900000000006,643.3805914245984
1995-08-16 21:55:00,356.176,613.1434780786324
1995-08-16 21:56:00,1022.2009999999999,583.7130440744069
1995-08-16 21:57:00,537.302,688.7731791926066
1995-08-16 21:58:00,917.3829999999999,651.1723658276098
1995-08-16 21:59:00,1634.069,708.2563008872912
1995-08-16 22:00:00,331.613,794.2378985022474
1995-08-16 22:01:00,110.372,672.5841367362614
1995-08-16 22:02:00,292.023,621.7650300935389
1995-08-16 22:03:00,817.16,556.7852459668188
1995-08-16 22:04:00,298.966,597.8130871140602
1995-08-16 22:05:00,1054.93,521.2483471699802
1995-08-16 22:06:00,462.972,596.1019424023755
1995-08-16 22:07:00,821.803,562.7911884638294
1995-08-16 22:08:00,492.07800000000003,641.9199040271008
1995-08-16 22:09:00,608.076,670.9085929387697
1995-08-16 22:10:00,3650.3160000000003,769.8068700937675
1995-08-16 22:11:00,527.029,913.8094462674375
1995-08-16 22:12:00,638.012,875.2350954311659
1995-08-16 22:13:00,559.402,859.1782538996847
1995-08-16 22:14:00,598.07,938.0742200340032
1995-08-16 22:15:00,591.2189999999999,864.0682946071123
1995-08-16 22:16:00,611.691,785.2350419075742
1995-08-16 22:17:00,1165.104,797.8594620177637
1995-08-16 22:18:00,738.401,777.6071040640328
1995-08-16 22:19:00,519.187,798.4410843143849
1995-08-16 22:20:00,701.816,737.1091298183985
1995-08-16 22:21:00,1164.158,773.254905727555
1995-08-16 22:22:00,1171.8509999999999,857.6949143659217
1995-08-16 22:23:00,257.162,810.0996941373976
1995-08-16 22:24:00,568.016,687.8033832036504
1995-08-16 22:25:00,418.859,725.2475825753573
1995-08-16 22:26:00,214.15,772.2696826348943
1995-08-16 22:27:00,725.056,639.3003329817953
1995-08-16 22:28:00,186.337,649.9604802437647
1995-08-16 22:29:00,669.939,554.440197667655
1995-08-16 22:30:00,312.458,575.9206484060096
1995-08-16 22:31:00,189.19400000000002,538.197850409046
1995-08-16 22:32:00,303.825,535.1614435969668
1995-08-16 22:33:00,362.264,514.8755542618317
1995-08-16 22:34:00,540.1800000000001,546.3404342671728
1995-08-16 22:35:00,128.711,545.6911528016839
1995-08-16 22:36:00,916.592,463.925949759849
1995-08-16 22:37:00,274.994,595.4835158971805
1995-08-16 22:38:00,633.395,496.4167545337683
1995-08-16 22:39:00,505.59999999999997,568.1741666319916
1995-08-16 22:40:00,694.347,556.9674741837048
1995-08-16 22:41:00,416.046,545.384280991637
1995-08-16 22:42:00,411.503,612.4327041465169
1995-08-16 22:43:00,242.27700000000002,526.0100434485322
1995-08-16 22:44:00,376.348,495.45704601783
1995-08-16 22:45:00,257.875,454.3260459577149
1995-08-16 22:46:00,570.102,469.5851102101031
1995-08-16 22:47:00,282.671,559.1791463510067
1995-08-16 22:48:00,967.403,445.7681567303639
1995-08-16 22:49:00,668.55,475.7789125594383
1995-08-16 22:50:00,430.443,539.4874538813525
1995-08-16 22:51:00,823.521,498.9429596274034
1995-08-16 22:52:00,571.699,607.7235247044815
1995-08-16 22:53:00,303.95099999999996,570.4615405413522
1995-08-16 22:54:00,416.432,595.2500983459573
1995-08-16 22:55:00,970.184,507.34667417376136
1995-08-16 22:56:00,584.675,524.600648670558
1995-08-16 22:57:00,310.803,612.9671040272735
1995-08-16 22:58:00,498.221,492.7242767242176
1995-08-16 22:59:00,102.708,435.4791667247125
1995-08-16 23:00:00,221.591,405.3640470513653
1995-08-16 23:01:00,172.84199999999998,452.34023654552936
1995-08-16 23:02:00,321.901,373.8552560959644
1995-08-16 23:03:00,172.515,367.5254912891909
1995-08-16 23:04:00,390.231,393.3330124517059
1995-08-16 23:05:00,457.926,500.16587219481505
1995-08-16 23:06:00,327.82,555.0912971395533
1995-08-16 23:07:00,493.764,498.6641241840051
1995-08-16 23:08:00,1069.214,551.5403795804709
1995-08-16 23:09:00,125.21000000000001,485.7148720777387
1995-08-16 23:10:00,352.077,473.419080725297
1995-08-16 23:11:00,79.18,443.91301898997074
1995-08-16 23:12:00,185.501,361.7702356428413
1995-08-16 23:13:00,274.92600000000004,372.2768647526433
1995-08-16 23:14:00,363.476,396.9657234428888
1995-08-16 23:15:00,414.739,377.6548569625149
1995-08-16 23:16:00,194.149,378.5283166952597
1995-08-16 23:17:00,265.15999999999997,403.85274247844274
1995-08-16 23:18:00,158.204,408.61777016907064
1995-08-16 23:19:00,426.77899999999994,379.8800547118579
1995-08-16 23:20:00,110.137,376.49309070631415
1995-08-16 23:21:00,997.8130000000001,327.9155543394548
1995-08-16 23:22:00,300.62399999999997,349.8987818012359
1995-08-16 23:23:00,618.828,411.20972176402074
1995-08-16 23:24:00,501.757,479.46720404030117
1995-08-16 23:25:00,341.201,499.04326223410084
1995-08-16 23:26:00,616.581,487.1885273653467
1995-08-16 23:27:00,532.618,518.9661556796354
1995-08-16 23:28:00,199.744,505.4527277132424
1995-08-16 23:29:00,777.946,493.5344479267798
1995-08-16 23:30:00,281.936,591.6257859945346
1995-08-16 23:31:00,82.569,527.4074353556277
1995-08-16 23:32:00,698.096,433.37273167120804
1995-08-16 23:33:00,748.059,552.5496526442198
1995-08-16 23:34:00,444.69800000000004,633.8418873604504
1995-08-16 23:35:00,1199.474,664.9410399920257
1995-08-16 23:36:00,307.597,656.7053305342847
1995-08-16 23:37:00,573.374,618.8331629967305
1995-08-16 23:38:00,331.403,644.677901687864
1995-08-16 23:39:00,958.392,631.571468540254
1995-08-16 23:40:00,520.722,713.7496795858766
1995-08-16 23:41:00,581.904,602.0574097636062
1995-08-16 23:42:00,1098.356,660.8458192564771
1995-08-16 23:43:00,373.041,710.3990694773544
1995-08-16 23:44:00,557.034,700.8474413713437
1995-08-16 23:45:00,463.752,733.8500430311653
1995-08-16 23:46:00,487.207,616.0636504852208
1995-08-16 23:47:00,930.0039999999999,669.4265302299414
1995-08-16 23:48:00,109.197,683.0514821201059
1995-08-16 23:49:00,165.283,561.7994914432977
1995-08-16 23:50:00,861.131,535.7420703684029
1995-08-16 23:51:00,41.926,516.7520411446404
1995-08-16 23:52:00,151.514,471.8127548010158
1995-08-16 23:53:00,97.22800000000001,420.8038605163697
1995-08-16 23:54:00,71.674,380.8944605428035
1995-08-16 23:55:00,96.91499999999999,422.002814200256
1995-08-16 23:56:00,340.137,402.7024111297984
1995-08-16 23:57:00,550.419,516.4088702778668
1995-08-16 23:58:00,393.652,554.78662299443
1995-08-16 23:59:00,148.737,545.983167870658
1995-08-17 00:00:00,332.767,479.9985916594724
1995-08-17 00:01:00,175.856,544.3686463853433
1995-08-17 00:02:00,128.511,484.4288155456643
1995-08-17 00:03:00,1531.5629999999999,461.6340401049575
1995-08-17 00:04:00,387.76,490.31011280846013
1995-08-17 00:05:00,143.779,518.3673367164956
1995-08-17 00:06:00,425.505,435.0313600149502
1995-08-17 00:07:00,64.568,427.83980547340275
1995-08-17 00:08:00,71.774,410.3158359394072
1995-08-17 00:09:00,314.832,373.28966914612516
1995-08-17 00:10:00,469.923,346.56034102640086
1995-08-17 00:11:00,438.809,472.9154305784563
1995-08-17 00:12:00,343.37,503.2756664994302
1995-08-17 00:13:00,483.56,496.2413246273713
1995-08-17 00:14:00,283.105,555.9020834776088
1995-08-17 00:15:00,529.669,466.77261773654345
1995-08-17 00:16:00,400.42400000000004,472.4919493433788
1995-08-17 00:17:00,364.58000000000004,553.9406738662012
1995-08-17 00:18:00,392.45599999999996,551.731843536271
1995-08-17 00:19:00,523.074,429.6444102814803
1995-08-17 00:20:00,504.639,395.3833381404281
1995-08-17 00:21:00,83.815,417.9105231212637
1995-08-17 00:22:00,339.793,371.65033649391233
1995-08-17 00:23:00,305.182,476.8010045290304
1995-08-17 00:24:00,224.47099999999998,471.565784016348
1995-08-17 00:25:00,306.973,431.2512386269539
1995-08-17 00:26:00,478.664,441.4273458292822
1995-08-17 00:27:00,343.264,484.05933112230156
1995-08-17 00:28:00,153.90800000000002,465.6733701870232
1995-08-17 00:29:00,408.188,399.64153977295575
1995-08-17 00:30:00,1733.0670000000002,494.2617313335848
1995-08-17 00:31:00,287.676,579.3395212611815
1995-08-17 00:32:00,427.23999999999995,535.9024912954709
1995-08-17 00:33:00,355.507,549.7735562584892
1995-08-17 00:34:00,513.944,485.4453360100307
1995-08-17 00:35:00,731.221,529.4922897965357
1995-08-17 00:36:00,374.43,540.3845652637091
1995-08-17 00:37:00,315.194,490.94056395790096
1995-08-17 00:38:00,421.593,487.95963113353383
1995-08-17 00:39:00,199.483,441.32760941970855
1995-08-17 00:40:00,1093.739,425.60708528699854
1995-08-17 00:41:00,187.847,417.91213956097647
1995-08-17 00:42:00,191.008,471.4697571300767
1995-08-17 00:43:00,442.826,435.5495062940965
1995-08-17 00:44:00,395.197,480.55930459790716
1995-08-17 00:45:00,343.797,486.50646600238093
1995-08-17 00:46:00,524.04,521.9542809862243
1995-08-17 00:47:00,292.187,498.6450136935208
1995-08-17 00:48:00,1136.663,435.3806112786037
1995-08-17 00:49:00,149.99,431.8228021213838
1995-08-17 00:50:00,501.755,427.5922995969604
1995-08-17 00:51:00,385.879,446.49789555611443
1995-08-17 00:52:00,262.568,468.3377830517281
1995-08-17 00:53:00,448.43899999999996,423.4049048975313
1995-08-17 00:54:00,359.618,413.2495779406686
1995-08-17 00:55:00,248.114,449.6106696837826
1995-08-17 00:56:00,1291.1460000000002,395.01337261980996
1995-08-17 00:57:00,927.8479999999998,478.3216520135576
1995-08-17 00:58:00,169.22,528.3274180527491
1995-08-17 00:59:00,394.035,484.6789095179839
1995-08-17 01:00:00,502.07399999999996,474.2886112234724
1995-08-17 01:01:00,95.701,474.49352306297027
1995-08-17 01:02:00,64.58,419.7314609004456
1995-08-17 01:03:00,94.248,321.92293157775254
1995-08-17 01:04:00,321.435,306.5091261583798
1995-08-17 01:05:00,414.14000000000004,342.4996687089824
1995-08-17 01:06:00,307.185,434.423247917255
1995-08-17 01:07:00,267.661,460.12582513230024
1995-08-17 01:08:00,1512.4270000000001,489.9373879501177
1995-08-17 01:09:00,128.695,567.9916351546914
1995-08-17 01:10:00,150.319,492.551265089646
1995-08-17 01:11:00,383.498,433.32577099199654
1995-08-17 01:12:00,1691.159,473.77132103863227
1995-08-17 01:13:00,1209.362,547.1843677924617
1995-08-17 01:14:00,883.901,572.0436186736242
1995-08-17 01:15:00,103.051,548.4712075784715
1995-08-17 01:16:00,512.3389999999999,469.05415458873966
1995-08-17 01:17:00,253.92,593.1986634453666
1995-08-17 01:18:00,80.41,478.7850465226173
1995-08-17 01:19:00,219.175,407.7508365871074
1995-08-17 01:20:00,101.078,419.52551752430065
1995-08-17 01:21:00,31.607,373.3100461171355
1995-08-17 01:22:00,229.75900000000001,344.787992299674
1995-08-17 01:23:00,88.991,371.44083655953096
1995-08-17 01:24:00,104.75199999999998,312.63469613772844
1995-08-17 01:25:00,99.867,301.9803478815537
1995-08-17 01:26:00,289.774,408.434275837744
1995-08-17 01:27:00,1110.147,414.4548249464271
1995-08-17 01:28:00,100.125,457.3590495584856
1995-08-17 01:29:00,484.913,348.6267186370516
1995-08-17 01:30:00,378.404,358.2206995924487
1995-08-17 01:31:00,72.496,418.0574413358287
1995-08-17 01:32:00,381.318,351.7561588664714
1995-08-17 01:33:00,66.854,296.8514958823298
1995-08-17 01:34:00,125.007,258.9020564379295
1995-08-17 01:35:00,1891.9379999999999,276.1967143856498
1995-08-17 01:36:00,291.76099999999997,393.60684597643757
1995-08-17 01:37:00,1538.0620000000001,430.7194938424257
1995-08-17 01:38:00,568.069,446.4775987841746
1995-08-17 01:39:00,170.816,516.7486106432183
1995-08-17 01:40:00,170.577,432.5073315404322
1995-08-17 01:41:00,401.003,430.4641109449761
1995-08-17 01:42:00,160.935,416.87369608607173
1995-08-17 01:43:00,218.946,392.85193546776156
1995-08-17 01:44:00,68.83200000000001,361.05597845479554
1995-08-17 01:45:00,1761.882,324.04481068679377
1995-08-17 01:46:00,685.606,493.5745021644907
1995-08-17 01:47:00,63.068,483.87056613940587
1995-08-17 01:48:00,195.591,445.7020855326681
1995-08-17 01:49:00,303.035,389.9926088949576
1995-08-17 01:50:00,1176.823,403.96123304319923
1995-08-17 01:51:00,309.418,474.5368260873261
1995-08-17 01:52:00,435.166,444.84319962670054
1995-08-17 01:53:00,981.811,472.27802401469904
1995-08-17 01:54:00,739.91,513.1477183215799
1995-08-17 01:55:00,434.433,533.4398967817897
1995-08-17 01:56:00,282.95099999999996,522.441330854429
1995-08-17 01:57:00,92.411,459.59161815386693
1995-08-17 01:58:00,389.813,486.030627534174
1995-08-17 01:59:00,664.119,507.4085692833328
1995-08-17 02:00:00,476.935,459.8822484881798
1995-08-17 02:01:00,152.864,607.6390990461348
1995-08-17 02:02:00,659.2379999999999,463.8943438785345
1995-08-17 02:03:00,298.402,505.01248076152484
1995-08-17 02:04:00,17.471,515.9382829947608
1995-08-17 02:05:00,194.966,382.4576996501908
1995-08-17 02:06:00,95.285,384.8880338298114
1995-08-17 02:07:00,328.76,366.5758959571756
1995-08-17 02:08:00,260.034,372.7005484616522
1995-08-17 02:09:00,878.735,397.89841910106196
1995-08-17 02:10:00,1899.1589999999999,372.1455070414301
1995-08-17 02:11:00,140.803,527.0198714456316
1995-08-17 02:12:00,241.695,451.873720779698
1995-08-17 02:13:00,233.31,456.3771088951679
1995-08-17 02:14:00,1250.314,444.1755423844341
1995-08-17 02:15:00,125.57600000000001,438.7995226332875
1995-08-17 02:16:00,298.711,458.74608387949894
1995-08-17 02:17:00,410.97700000000003,413.7026116015367
1995-08-17 02:18:00,39.016999999999996,431.8935528841864
1995-08-17 02:19:00,279.201,349.28212568004807
1995-08-17 02:20:00,434.59900000000005,418.9506060911962
1995-08-17 02:21:00,255.27,387.86817104627875
1995-08-17 02:22:00,110.46,367.99557104302767
1995-08-17 02:23:00,506.20599999999996,311.3827663603812
1995-08-17 02:24:00,186.55100000000002,341.0458325676149
1995-08-17 02:25:00,143.958,356.6876155205383
1995-08-17 02:26:00,218.09199999999998,319.5185465982558
1995-08-17 02:27:00,189.613,294.9728948965136
1995-08-17 02:28:00,109.898,325.3459799470179
1995-08-17 02:29:00,121.01899999999999,382.6259313696347
1995-08-17 02:30:00,48.769999999999996,346.9443117045417
1995-08-17 02:31:00,151.097,253.15678119223654
1995-08-17 02:32:00,67.286,226.79512548600866
1995-08-17 02:33:00,121.827,249.23148572063323
1995-08-17 02:34:00,36.914,226.42120304026085
1995-08-17 02:35:00,765.4929999999999,238.22423283456308
1995-08-17 02:36:00,483.059,313.980332292504
1995-08-17 02:37:00,227.44099999999997,370.8186333832225
1995-08-17 02:38:00,465.455,379.1327686033644
1995-08-17 02:39:00,275.867,354.47808001627067
1995-08-17 02:40:00,202.499,351.852339878249
1995-08-17 02:41:00,36.756,362.08193022446096
1995-08-17 02:42:00,90.434,270.4583861133168
1995-08-17 02:43:00,239.295,271.85563240111037
1995-08-17 02:44:00,147.52100000000002,389.5210619197701
1995-08-17 02:45:00,66.544,283.4721771782952
1995-08-17 02:46:00,72.372,244.67320332683423
1995-08-17 02:47:00,115.239,247.26583682522917
1995-08-17 02:48:00,42.56,260.5753659559937
1995-08-17 02:49:00,17.481,246.29484717385344
1995-08-17 02:50:00,95.13399999999999,215.75029803926307
1995-08-17 02:51:00,37.495,223.8979925074596
1995-08-17 02:52:00,592.114,208.61689680078302
1995-08-17 02:53:00,56.236999999999995,257.46013835043425
1995-08-17 02:54:00,275.505,268.5218155065432
1995-08-17 02:55:00,286.68399999999997,249.7041344429121
1995-08-17 02:56:00,213.12199999999999,250.2301798317775
1995-08-17 02:57:00,124.64,284.48320591148166
1995-08-17 02:58:00,100.28800000000001,277.86215935138273
1995-08-17 02:59:00,369.493,215.95828105415012
1995-08-17 03:00:00,68.594,247.80605520441597
1995-08-17 03:01:00,233.496,245.0644375012829
1995-08-17 03:02:00,100.441,238.86721383907872
1995-08-17 03:03:00,165.853,256.59004363343246
1995-08-17 03:04:00,178.54000000000002,243.05349945877364
1995-08-17 03:05:00,93.001,218.84225469481592
1995-08-17 03:06:00,227.965,233.40644211020586
1995-08-17 03:07:00,81.559,237.2700871006903
1995-08-17 03:08:00,161.778,230.39264706423566
1995-08-17 03:09:00,140.279,247.34088013638134
1995-08-17 03:10:00,56.713,243.8409627022085
1995-08-17 03:11:00,11.591,231.44708437209658
1995-08-17 03:12:00,53.034,206.92585581167242
1995-08-17 03:13:00,243.28699999999998,220.8514430759787
1995-08-17 03:14:00,46.0,263.50566041645726
1995-08-17 03:15:00,172.689,232.19403036309546
1995-08-17 03:16:00,14.364,238.48637207984225
1995-08-17 03:17:00,0.0,196.43953836239046
1995-08-17 03:22:00,134.802,231.14173381912335
1995-08-17 03:24:00,30.43,233.96190185628356
1995-08-17 03:25:00,119.699,208.88363955231915
1995-08-17 03:26:00,79.586,238.61833054266143
1995-08-17 03:27:00,75.16199999999999,206.38650911002992
1995-08-17 03:28:00,47.876,191.82117215555243
1995-08-17 03:29:00,1152.9370000000001,200.31591115130468
1995-08-17 03:30:00,89.08,255.43791917182148
1995-08-17 03:31:00,55.336999999999996,282.5737824378766
1995-08-17 03:32:00,57.318,213.04167273041887
1995-08-17 03:34:00,3.2600000000000002,224.3670453683242
1995-08-17 03:35:00,100.587,206.4005577557106
1995-08-17 03:36:00,105.409,196.66182441983526
1995-08-17 03:37:00,17.866,249.28965145613094
1995-08-17 03:38:00,414.898,204.56675893028338
1995-08-17 03:39:00,249.642,276.323151041765
1995-08-17 03:40:00,42.723,295.91460017870276
1995-08-17 03:41:00,377.269,251.24970787137178
1995-08-17 03:42:00,87.534,284.27405465991444
1995-08-17 03:43:00,102.45,272.7455751531605
1995-08-17 03:44:00,49.672,248.55757691432754
1995-08-17 03:45:00,904.209,262.91715649697437
1995-08-17 03:46:00,590.4739999999999,328.8567817768452
1995-08-17 03:47:00,298.093,333.7059282113579
1995-08-17 03:48:00,1341.114,312.040295481018
1995-08-17 03:49:00,1247.134,314.76215688549854
1995-08-17 03:50:00,167.184,409.27634268063974
1995-08-17 03:51:00,377.513,398.23731081918544
1995-08-17 03:52:00,210.655,388.278329438802
1995-08-17 03:53:00,257.886,422.1765590586808
1995-08-17 03:54:00,79.37700000000001,388.7646605300475
1995-08-17 03:55:00,291.585,329.7175687470179
1995-08-17 03:56:00,298.197,409.8179460658614
1995-08-17 03:57:00,392.894,398.47246683842815
1995-08-17 03:58:00,259.13700000000006,371.26216320950056
1995-08-17 03:59:00,407.32,341.3634112685953
1995-08-17 04:00:00,119.072,358.56320275714825
1995-08-17 04:01:00,110.017,339.3160415115025
1995-08-17 04:02:00,404.64300000000003,320.40748698942906
1995-08-17 04:03:00,245.093,363.30898844532305
1995-08-17 04:04:00,148.012,398.4183060362878
1995-08-17 04:05:00,419.604,343.8973442229238
1995-08-17 04:06:00,189.27100000000002,434.13013873013955
1995-08-17 04:07:00,285.938,417.8704086474881
1995-08-17 04:08:00,229.302,385.87766591233583
1995-08-17 04:09:00,433.36899999999997,416.8969786507614
1995-08-17 04:10:00,346.90999999999997,473.07966856151603
1995-08-17 04:11:00,1258.0710000000001,510.5993477059142
1995-08-17 04:12:00,1562.1170000000002,435.1100950555656
1995-08-17 04:13:00,397.192,516.7567648499866
1995-08-17 04:14:00,337.765,545.2821886042778
1995-08-17 04:15:00,667.3249999999999,550.6122767297871
1995-08-17 04:16:00,422.74600000000004,576.2090907741488
1995-08-17 04:17:00,646.967,567.7239801005417
1995-08-17 04:18:00,323.27,531.4714221620125
1995-08-17 04:19:00,317.15500000000003,484.1957012528286
1995-08-17 04:20:00,696.488,493.20210709266956
1995-08-17 04:21:00,162.489,498.81801252673534
1995-08-17 04:22:00,225.644,439.27654632272794
1995-08-17 04:23:00,284.512,410.34551001951456
1995-08-17 04:24:00,87.113,405.7674571704316
1995-08-17 04:25:00,594.0790000000001,349.0367837331578
1995-08-17 04:26:00,106.688,365.67209130567613
1995-08-17 04:27:00,50.516999999999996,343.331641387682
1995-08-17 04:28:00,764.333,279.2700220745391
1995-08-17 04:29:00,628.655,284.3246432378625
1995-08-17 04:30:00,779.4859999999999,324.0492614722821
1995-08-17 04:31:00,267.038,424.6180741239329
1995-08-17 04:32:00,1234.596,416.455948573549
1995-08-17 04:33:00,59.603,390.3512209940468
1995-08-17 04:34:00,52.345,399.3257095148629
1995-08-17 04:35:00,237.492,346.6887199410152
1995-08-17 04:36:00,295.004,367.79087773487487
1995-08-17 04:37:00,156.566,379.99708003099323
1995-08-17 04:38:00,166.062,378.4752131410571
1995-08-17 04:39:00,58.471000000000004,293.067866458653
1995-08-17 04:40:00,139.921,282.8977293660918
1995-08-17 04:41:00,37.598,299.16228157291215
1995-08-17 04:42:00,91.758,253.5872684727986
1995-08-17 04:43:00,89.214,286.63595381529694
1995-08-17 04:44:00,284.573,283.77306555043543
1995-08-17 04:45:00,89.43100000000001,291.48036288827495
1995-08-17 04:46:00,309.01800000000003,337.1923196083917
1995-08-17 04:47:00,295.503,370.5437395925912
1995-08-17 04:48:00,86.908,362.1326883746509
1995-08-17 04:49:00,270.574,301.13943019331873
1995-08-17 04:50:00,533.866,339.96460381079237
1995-08-17 04:51:00,1232.414,347.107623252826
1995-08-17 04:52:00,643.458,345.15076692434116
1995-08-17 04:53:00,576.562,412.2306989851961
1995-08-17 04:54:00,90.112,398.9189422220977
1995-08-17 04:55:00,132.217,317.07279716385364
1995-08-17 04:56:00,116.517,286.2028459542599
1995-08-17 04:57:00,2.553,286.0178544899693
1995-08-17 04:58:00,237.847,233.03552751579946
1995-08-17 04:59:00,92.55499999999999,223.60969613819978
1995-08-17 05:00:00,143.857,210.98497566460173
1995-08-17 05:01:00,161.763,220.91460298208668
1995-08-17 05:02:00,221.96099999999998,225.689860627045
1995-08-17 05:03:00,0.0,264.26944248005367
1995-08-17 05:08:00,117.83099999999999,302.16442652816636
1995-08-17 05:10:00,194.269,208.63662796854766
1995-08-17 05:11:00,51.722,236.41504894872426
1995-08-17 05:12:00,148.239,228.15698112650938
1995-08-17 05:13:00,291.16700000000003,330.01326616541115
1995-08-17 05:14:00,186.684,333.5556399500431
1995-08-17 05:15:00,54.422000000000004,307.5062655522997
1995-08-17 05:16:00,1317.4810000000002,236.75300349898183
1995-08-17 05:17:00,468.219,283.8623334451838
1995-08-17 05:18:00,319.872,357.1178656509828
1995-08-17 05:20:00,100.32900000000001,365.3781115598183
1995-08-17 05:21:00,52.181,283.8009352726345
1995-08-17 05:22:00,127.699,274.06688590670046
1995-08-17 05:23:00,556.763,225.1104424318261
1995-08-17 05:24:00,167.728,280.76191221382953
1995-08-17 05:25:00,108.65599999999999,277.56551730915174
1995-08-17 05:26:00,397.39300000000003,276.8443980085562
1995-08-17 05:27:00,644.605,374.8520257371711
1995-08-17 05:28:00,150.539,418.96867661975745
1995-08-17 05:29:00,136.407,360.7361005666934
1995-08-17 05:30:00,299.505,303.14807638010336
1995-08-17 05:31:00,373.436,287.0638977530742
1995-08-17 05:32:00,89.684,353.4576785876086
1995-08-17 05:33:00,451.681,272.88391308658055
1995-08-17 05:34:00,0.096,303.7848555282041
1995-08-17 05:35:00,121.463,247.73123955938004
1995-08-17 05:36:00,133.628,247.3026244484764
1995-08-17 05:37:00,215.82,269.3359258387976
1995-08-17 05:38:00,158.105,291.0731100064829
1995-08-17 05:39:00,46.667,281.0111876577952
1995-08-17 05:40:00,480.604,235.7438670829155
1995-08-17 05:41:00,210.392,260.3258099761726
1995-08-17 05:42:00,158.568,338.5189907387375
1995-08-17 05:43:00,75.666,330.8170737509729
1995-08-17 05:44:00,289.95300000000003,301.8391839542418
1995-08-17 05:45:00,365.346,281.1723202586626
1995-08-17 05:46:00,275.12899999999996,304.9517453962198
1995-08-17 05:47:00,683.891,293.76901533527297
1995-08-17 05:48:00,0.11,278.06661121254126
1995-08-17 05:49:00,25.941000000000003,261.9529361282005
1995-08-17 05:50:00,147.45999999999998,216.31973641173332
1995-08-17 05:51:00,31.415,228.2929754904963
1995-08-17 05:52:00,105.245,196.04754539110917
1995-08-17 05:53:00,128.804,247.11450202560968
1995-08-17 05:54:00,84.307,305.0318734112931
1995-08-17 05:55:00,167.775,240.4839781079875
1995-08-17 05:56:00,93.78899999999999,258.3416603357268
1995-08-17 05:57:00,159.14499999999998,224.338867513713
1995-08-17 05:58:00,7.917999999999999,274.49254707012886
1995-08-17 05:59:00,108.50399999999999,213.51718091262296
1995-08-17 06:00:00,313.76,255.0789564395099
1995-08-17 06:01:00,1155.953,288.4651530229203
1995-08-17 06:02:00,247.996,365.03954082312396
1995-08-17 06:03:00,158.722,310.71680207622745
1995-08-17 06:04:00,386.726,329.30658139782014
1995-08-17 06:05:00,318.058,349.15116840912054
1995-08-17 06:06:00,3.381,337.76968716955844
1995-08-17 06:07:00,163.414,257.3063830159446
1995-08-17 06:08:00,185.726,224.06461888052846
1995-08-17 06:09:00,57.759,260.77435923045647
1995-08-17 06:10:00,109.423,235.68295871159077
1995-08-17 06:11:00,124.195,227.36425958354263
1995-08-17 06:12:00,86.677,243.4407427450112
1995-08-17 06:13:00,40.535,233.42651978898846
1995-08-17 06:14:00,105.137,228.1862989794557
1995-08-17 06:15:00,15.642000000000001,234.9430487999278
1995-08-17 06:16:00,106.015,220.43227675894212
1995-08-17 06:17:00,113.12,189.86334315789185
1995-08-17 06:18:00,56.108000000000004,258.65213465612015
1995-08-17 06:19:00,1204.633,228.04862832476812
1995-08-17 06:20:00,33.626,232.64950887721443
1995-08-17 06:21:00,108.24300000000001,242.2299753961549
1995-08-17 06:22:00,275.478,244.02865522736963
1995-08-17 06:23:00,78.94,242.97468759909535
1995-08-17 06:24:00,191.224,238.84406835095263
1995-08-17 06:25:00,35.89,231.79009368135564
1995-08-17 06:26:00,50.579,225.29205903515046
1995-08-17 06:27:00,205.53500000000003,226.11860657233743
1995-08-17 06:28:00,117.59700000000001,230.24118392246993
1995-08-17 06:29:00,87.157,256.11375467234404
1995-08-17 06:30:00,32.849000000000004,225.3234161067808
1995-08-17 06:31:00,113.41,200.73869825579965
1995-08-17 06:32:00,163.644,196.23967932295645
1995-08-17 06:33:00,188.723,233.53280181866833
1995-08-17 06:34:00,105.756,283.16913412591236
1995-08-17 06:35:00,254.986,266.85684326022806
1995-08-17 06:36:00,135.968,265.73972777775
1995-08-17 06:37:00,711.489,265.26958651928425
1995-08-17 06:38:00,80.749,316.3641781377086
1995-08-17 06:39:00,200.017,296.02361456520686
1995-08-17 06:40:00,184.257,306.31922919628835
1995-08-17 06:41:00,86.28399999999999,367.75564943818057
1995-08-17 06:42:00,15.788,265.83527898709804
1995-08-17 06:43:00,185.27,233.75488500548525
1995-08-17 06:44:00,29.42,247.101361100795
1995-08-17 06:45:00,34.575,217.54626472788317
1995-08-17 06:46:00,167.08,229.09443693479702
1995-08-17 06:47:00,52.448,244.79711683466502
1995-08-17 06:48:00,181.155,210.02072934602063
1995-08-17 06:49:00,43.116,257.0574735058732
1995-08-17 06:50:00,109.293,234.99514112671335
1995-08-17 06:51:00,143.416,223.75047648637522
1995-08-17 06:52:00,274.837,263.0108844354812
1995-08-17 06:53:00,794.071,334.75903309868073
1995-08-17 06:54:00,173.331,414.53537292349057
1995-08-17 06:55:00,279.46099999999996,350.40336656581894
1995-08-17 06:56:00,518.499,389.63344948820577
1995-08-17 06:57:00,354.32500000000005,460.176493184328
1995-08-17 06:58:00,304.164,467.68098309743624
1995-08-17 06:59:00,326.179,450.382278910759
1995-08-17 07:00:00,244.09,428.2094407122049
1995-08-17 07:01:00,145.982,454.21193093070565
1995-08-17 07:02:00,269.06399999999996,403.01241817875615
1995-08-17 07:03:00,243.06,354.6043716048419
1995-08-17 07:04:00,491.28,462.8427356191552
1995-08-17 07:05:00,678.2629999999999,490.0598413673208
1995-08-17 07:06:00,253.053,438.3010812553183
1995-08-17 07:07:00,365.00199999999995,480.835536852251
1995-08-17 07:08:00,288.21,501.7230404311328
1995-08-17 07:09:00,745.287,499.5431214524447
1995-08-17 07:10:00,286.868,516.5454107127335
1995-08-17 07:11:00,767.408,521.9967255476455
1995-08-17 07:12:00,919.428,564.952464954791
1995-08-17 07:13:00,330.698,582.7298947308465
1995-08-17 07:14:00,1309.583,592.5442880034075
1995-08-17 07:15:00,205.768,659.9177854234555
1995-08-17 07:16:00,1579.166,518.1789225190722
1995-08-17 07:17:00,657.65,597.7233120516953
1995-08-17 07:18:00,945.9749999999999,609.6466874171998
1995-08-17 07:19:00,693.4300000000001,632.0522464897509
1995-08-17 07:20:00,959.838,628.3825041400404
1995-08-17 07:21:00,1496.8000000000002,636.5400144546528
1995-08-17 07:22:00,581.899,653.0915415273788
1995-08-17 07:23:00,232.762,602.4543881128353
1995-08-17 07:24:00,1171.7259999999999,521.3274847148333
1995-08-17 07:25:00,632.111,638.68357139577
1995-08-17 07:26:00,462.194,714.9325337849313
1995-08-17 07:27:00,1358.693,609.4301465964135
1995-08-17 07:28:00,453.935,726.1577950825722
1995-08-17 07:29:00,1991.036,629.1942804493856
1995-08-17 07:30:00,320.001,704.1582137153538
1995-08-17 07:31:00,231.438,609.9690152942919
1995-08-17 07:32:00,470.782,551.7625610026543
1995-08-17 07:33:00,765.162,615.2816536595404
1995-08-17 07:34:00,586.223,616.7040144037479
1995-08-17 07:35:00,282.014,645.5568576832117
1995-08-17 07:36:00,1994.284,523.8108342812478
1995-08-17 07:37:00,666.609,594.7738077120702
1995-08-17 07:38:00,889.5329999999999,646.1304854175012
1995-08-17 07:39:00,456.854,650.3044006687147
1995-08-17 07:40:00,874.497,636.8842446527113
1995-08-17 07:41:00,622.307,657.0393338629668
1995-08-17 07:42:00,535.311,656.3468030490842
1995-08-17 07:43:00,235.21099999999998,691.0379056807476
1995-08-17 07:44:00,457.49,542.512758622268
1995-08-17 07:45:00,1920.6019999999999,598.4346700920686
1995-08-17 07:46:00,773.543,733.1693571828072
1995-08-17 07:47:00,598.746,740.4539032066842
1995-08-17 07:48:00,268.486,739.2439322637589
1995-08-17 07:49:00,751.508,712.4180270065451
1995-08-17 07:50:00,2911.177,683.9687624747038
1995-08-17 07:51:00,758.775,791.1691596228113
1995-08-17 07:52:00,552.469,769.2729775404546
1995-08-17 07:53:00,1501.8,826.8650411963682
1995-08-17 07:54:00,518.386,900.8157041194569
1995-08-17 07:55:00,438.195,822.0248374174796
1995-08-17 07:56:00,442.767,685.6119435860555
1995-08-17 07:57:00,880.159,653.2855812046926
1995-08-17 07:58:00,456.606,711.4505506154146
1995-08-17 07:59:00,714.726,653.9306443839024
1995-08-17 08:00:00,955.68,712.3386343082966
1995-08-17 08:01:00,637.726,757.9728128100843
1995-08-17 08:02:00,629.885,717.920362700072
1995-08-17 08:03:00,1140.058,766.9615130240544
1995-08-17 08:04:00,749.087,847.8735754986438
1995-08-17 08:05:00,1322.8410000000001,772.7563246420184
1995-08-17 08:06:00,920.507,907.1873197843612
1995-08-17 08:07:00,800.269,849.0962514509574
1995-08-17 08:08:00,755.565,835.5019381090952
1995-08-17 08:09:00,680.323,800.5634440355767
1995-08-17 08:10:00,478.048,770.3862976610845
1995-08-17 08:11:00,943.945,700.5674462794079
1995-08-17 08:12:00,620.953,768.8338658293426
1995-08-17 08:13:00,769.652,751.2866179186869
1995-08-17 08:14:00,540.141,789.1432061383387
1995-08-17 08:15:00,605.4680000000001,791.7311589991758
1995-08-17 08:16:00,714.251,756.6558170190535
1995-08-17 08:17:00,466.389,786.2123218011345
1995-08-17 08:18:00,1682.133,743.5178769775357
1995-08-17 08:19:00,585.211,934.860110338252
1995-08-17 08:20:00,786.971,875.0280652047896
1995-08-17 08:21:00,317.29200000000003,873.2226610498515
1995-08-17 08:22:00,680.394,778.4630633736899
1995-08-17 08:23:00,1267.411,751.6714625453264
1995-08-17 08:24:00,321.893,865.9634573593446
1995-08-17 08:25:00,533.793,746.083763964063
1995-08-17 08:26:00,753.567,670.8480113493828
1995-08-17 08:27:00,472.394,819.4730763163144
1995-08-17 08:28:00,358.987,644.239999365582
1995-08-17 08:29:00,928.672,741.4820512079859
1995-08-17 08:30:00,342.943,715.8100574486926
1995-08-17 08:31:00,723.128,626.2863394045843
1995-08-17 08:32:00,638.408,675.5910220643065
1995-08-17 08:33:00,327.596,711.0861251369262
1995-08-17 08:34:00,123.021,642.2413730741075
1995-08-17 08:35:00,361.81399999999996,652.1364648741768
1995-08-17 08:36:00,894.976,619.26490762729
1995-08-17 08:37:00,254.035,697.0629978612775
1995-08-17 08:38:00,230.439,628.6122239979569
1995-08-17 08:39:00,389.456,552.2737066960603
1995-08-17 08:40:00,634.252,577.8459945979879
1995-08-17 08:41:00,1823.261,600.7740098524955
1995-08-17 08:42:00,385.861,747.6671090709827
1995-08-17 08:43:00,186.53699999999998,666.3191011241639
1995-08-17 08:44:00,816.769,561.373127070835
1995-08-17 08:45:00,529.636,644.7595441049762
1995-08-17 08:46:00,408.981,679.3099278235456
1995-08-17 08:47:00,704.4689999999999,676.3874417011737
1995-08-17 08:48:00,271.907,620.8660188408982
1995-08-17 08:49:00,1309.3360000000002,616.7283254552597
1995-08-17 08:50:00,229.118,692.740564312768
1995-08-17 08:51:00,1027.799,632.5296941658719
1995-08-17 08:52:00,494.18399999999997,780.6697046195653
1995-08-17 08:53:00,245.684,715.039135378057
1995-08-17 08:54:00,443.534,575.0606606518944
1995-08-17 08:55:00,311.893,663.8904721808922
1995-08-17 08:56:00,2199.56,639.2242776362535
1995-08-17 08:57:00,582.495,791.8371168179495
1995-08-17 08:58:00,321.15,755.8536632346971
1995-08-17 08:59:00,1190.031,716.5550046334331
1995-08-17 09:00:00,315.573,858.0456072149844
1995-08-17 09:01:00,629.883,699.482764948577
1995-08-17 09:02:00,825.073,696.9631105146395
1995-08-17 09:03:00,694.3679999999999,779.6167387067487
1995-08-17 09:04:00,447.59,751.6766886047209
1995-08-17 09:05:00,298.085,756.9536810063221
1995-08-17 09:06:00,1353.378,753.1044563615801
1995-08-17 09:07:00,755.795,767.9369725693542
1995-08-17 09:08:00,707.662,817.3247924621304
1995-08-17 09:09:00,1581.4009999999998,867.4276474703811
1995-08-17 09:10:00,830.76,983.4632303357363
1995-08-17 09:11:00,581.633,951.9016720762297
1995-08-17 09:12:00,430.003,936.077521602855
1995-08-17 09:13:00,564.741,781.6681157523142
1995-08-17 09:14:00,839.292,754.1452398669696
1995-08-17 09:15:00,257.73,856.4349502558307
1995-08-17 09:16:00,311.136,634.988452842521
1995-08-17 09:17:00,469.256,574.70900712963
1995-08-17 09:18:00,1190.44,673.2554387347843
1995-08-17 09:19:00,640.093,725.9833235354032
1995-08-17 09:20:00,1488.991,690.5005954858964
1995-08-17 09:21:00,1174.464,863.9703519710829
1995-08-17 09:22:00,603.195,944.5955542583897
1995-08-17 09:23:00,834.534,899.9018236288044
1995-08-17 09:24:00,1003.965,883.0224224103993
1995-08-17 09:25:00,1088.424,935.8707152107295
1995-08-17 09:26:00,2093.035,957.7374147991894
1995-08-17 09:27:00,1152.892,1026.8382731261158
1995-08-17 09:28:00,1062.998,1018.2858405728614
1995-08-17 09:29:00,927.102,1105.7313909765892
1995-08-17 09:30:00,708.475,1106.9006524674505
1995-08-17 09:31:00,1101.699,868.3836453183865
1995-08-17 09:32:00,1112.258,1036.8242919254706
1995-08-17 09:33:00,961.576,994.6387852705209
1995-08-17 09:34:00,369.442,1042.9657347064967
1995-08-17 09:35:00,1255.742,983.5491631332034
1995-08-17 09:36:00,774.423,854.9512854551696
1995-08-17 09:37:00,628.111,943.8851582990359
1995-08-17 09:38:00,563.04,883.5902389856057
1995-08-17 09:39:00,832.345,931.8996085917346
1995-08-17 09:40:00,397.366,913.5324810237064
1995-08-17 09:41:00,855.752,863.593973403735
1995-08-17 09:42:00,1228.7469999999998,830.7229971284588
1995-08-17 09:43:00,1886.995,839.7368859566202
1995-08-17 09:44:00,1120.644,970.405815075356
1995-08-17 09:45:00,801.406,984.3358152671104
1995-08-17 09:46:00,315.808,1006.8068219319011
1995-08-17 09:47:00,315.814,811.8395106735009
1995-08-17 09:48:00,439.753,722.404805518296
1995-08-17 09:49:00,1567.856,786.557525269962
1995-08-17 09:50:00,341.953,810.0309439169373
1995-08-17 09:51:00,196.143,847.9352721590974
1995-08-17 09:52:00,426.773,755.708944572082
1995-08-17 09:53:00,557.184,777.6031465562731
1995-08-17 09:54:00,887.0690000000001,840.8592414309444
1995-08-17 09:55:00,2832.035,925.8737694011679
1995-08-17 09:56:00,534.993,930.4755859796733
1995-08-17 09:57:00,1068.0,937.5773905834612
1995-08-17 09:58:00,491.852,1090.8364570504489
1995-08-17 09:59:00,649.551,884.9254796739941
1995-08-17 10:00:00,1322.092,931.5985662044135
1995-08-17 10:01:00,998.294,1055.9792000397267
1995-08-17 10:02:00,514.0269999999999,890.961485774605
1995-08-17 10:03:00,392.46500000000003,939.213405515592
1995-08-17 10:04:00,1725.0209999999997,840.3269272261675
1995-08-17 10:05:00,408.274,917.1053300962401
1995-08-17 10:06:00,431.72499999999997,748.5069967089004
1995-08-17 10:07:00,422.811,768.2205526529707
1995-08-17 10:08:00,1213.479,807.5015966895558
1995-08-17 10:09:00,1861.123,913.7444258597999
1995-08-17 10:10:00,1222.752,1111.9270551616407
1995-08-17 10:11:00,832.51,1091.0460919865634
1995-08-17 10:12:00,4546.123,1014.7804275108914
1995-08-17 10:13:00,267.175,1211.1191012168588
1995-08-17 10:14:00,670.907,930.3073479426316
1995-08-17 10:15:00,124.693,880.3910689468618
1995-08-17 10:16:00,504.799,796.1381054609867
1995-08-17 10:17:00,255.40300000000002,901.1373033840172
1995-08-17 10:18:00,1192.4299999999998,811.7275845545284
1995-08-17 10:19:00,170.948,688.7325630637974
1995-08-17 10:20:00,473.979,684.1965787693521
1995-08-17 10:21:00,640.033,708.7657446432293
1995-08-17 10:22:00,315.103,787.9854528584746
1995-08-17 10:23:00,485.248,740.5416386257145
1995-08-17 10:24:00,736.575,866.2635645998793
1995-08-17 10:25:00,689.3009999999999,863.0527058196831
1995-08-17 10:26:00,1818.0620000000001,882.6951952861101
1995-08-17 10:27:00,604.904,958.4834157712796
1995-08-17 10:28:00,946.51,930.9177750729153
1995-08-17 10:29:00,905.9159999999999,1056.153037421479
1995-08-17 10:30:00,991.6649999999998,966.9419915020347
1995-08-17 10:31:00,553.275,971.0720715360713
1995-08-17 10:32:00,528.3969999999999,976.6099614935981
1995-08-17 10:33:00,674.929,911.8388837832256
1995-08-17 10:34:00,2361.346,859.8679180172281
1995-08-17 10:35:00,343.769,1078.680355780008
1995-08-17 10:36:00,887.985,933.036418825026
1995-08-17 10:37:00,1301.01,974.5857150635583
1995-08-17 10:38:00,1020.311,1022.3093577333617
1995-08-17 10:39:00,2538.414,1144.2729180878412
1995-08-17 10:40:00,1396.793,1311.2649848052395
1995-08-17 10:41:00,1466.224,1280.4617174323325
1995-08-17 10:42:00,977.7,1267.7720115194857
1995-08-17 10:43:00,3615.2509999999997,1295.7352115523424
1995-08-17 10:44:00,1834.807,1370.346516239565
1995-08-17 10:45:00,1412.46,1395.5932143826412
1995-08-17 10:46:00,1994.046,1378.7941704213865
1995-08-17 10:47:00,1771.53,1454.2996007450872
1995-08-17 10:48:00,1813.819,1559.8993081389049
1995-08-17 10:49:00,1258.932,1527.9612811494744
1995-08-17 10:50:00,839.869,1267.579182220526
1995-08-17 10:51:00,2774.456,1234.007838615168
1995-08-17 10:52:00,1234.547,1376.3186106953017
1995-08-17 10:53:00,827.187,1295.329165553906
1995-08-17 10:54:00,809.893,1456.923593952722
1995-08-17 10:55:00,700.181,1177.6816276555978
1995-08-17 10:56:00,799.553,1176.0956466839589
1995-08-17 10:57:00,555.024,1157.1464677968147
1995-08-17 10:58:00,613.943,1234.6253847947914
1995-08-17 10:59:00,1864.485,1175.9292140713003
1995-08-17 11:00:00,778.892,1070.8407184046528
1995-08-17 11:01:00,560.121,1098.1623833024482
1995-08-17 11:02:00,1347.86,1119.6315381225854
1995-08-17 11:03:00,900.614,1119.9572877845007
1995-08-17 11:04:00,1245.332,1233.4022525737269
1995-08-17 11:05:00,1107.3139999999999,1336.172886883906
1995-08-17 11:06:00,863.8389999999999,1238.198730988114
1995-08-17 11:07:00,2393.29,1091.2298081661286
1995-08-17 11:08:00,835.468,1266.9090650477326
1995-08-17 11:09:00,697.9159999999999,1270.7995790261177
1995-08-17 11:10:00,1226.432,1195.329299979066
1995-08-17 11:11:00,929.79,1351.6584088984082
1995-08-17 11:12:00,1651.151,1302.2300117703649
1995-08-17 11:13:00,1659.1100000000001,1180.873626517054
1995-08-17 11:14:00,1717.403,1419.5242378952198
1995-08-17 11:15:00,1192.4470000000001,1446.988297124179
1995-08-17 11:16:00,869.0350000000001,1401.6586566961998
1995-08-17 11:17:00,724.649,1125.330481457043
1995-08-17 11:18:00,832.8050000000001,1113.8532749552091
1995-08-17 11:19:00,1350.432,1110.278308838051
1995-08-17 11:20:00,523.917,1243.5442039276013
1995-08-17 11:21:00,471.728,1090.2139651690443
1995-08-17 11:22:00,836.507,963.7196361988339
1995-08-17 11:23:00,1192.693,1039.9024775556147
1995-08-17 11:24:00,580.3969999999999,1124.0312101217794
1995-08-17 11:25:00,1708.5059999999999,1060.0555234139229
1995-08-17 11:26:00,2356.265,1013.7697064532642
1995-08-17 11:27:00,435.201,1108.992844529524
1995-08-17 11:28:00,1281.74,1149.4679077987914
1995-08-17 11:29:00,900.031,1199.4619575724919
1995-08-17 11:30:00,662.683,1003.6884975531003
1995-08-17 11:31:00,983.495,986.4775290388764
1995-08-17 11:32:00,783.985,1001.4142782987248
1995-08-17 11:33:00,603.687,878.488900700497
1995-08-17 11:34:00,2610.5969999999998,946.8117244163286
1995-08-17 11:35:00,966.18,965.2949428898698
1995-08-17 11:36:00,747.7869999999999,1085.7042742894237
1995-08-17 11:37:00,929.933,1010.5431978211757
1995-08-17 11:38:00,1678.087,1116.4849158278369
1995-08-17 11:39:00,579.558,1227.0363953385147
1995-08-17 11:40:00,2817.484,1207.608547103798
1995-08-17 11:41:00,1958.473,1197.7640286215162
1995-08-17 11:42:00,1232.779,1140.735654168405
1995-08-17 11:43:00,622.465,1200.775872946625
1995-08-17 11:44:00,1126.201,1125.1716937930196
1995-08-17 11:45:00,1342.2279999999998,1209.5971797967857
1995-08-17 11:46:00,370.81,1273.9447340100642
1995-08-17 11:47:00,344.665,992.2345175957794
1995-08-17 11:48:00,1364.88,908.2979178878668
1995-08-17 11:49:00,345.52,1057.3129318293202
1995-08-17 11:50:00,565.505,883.8425621628988
1995-08-17 11:51:00,897.4430000000001,830.666630188657
1995-08-17 11:52:00,1449.653,902.9871017339633
1995-08-17 11:53:00,896.711,1009.4574861378445
1995-08-17 11:54:00,592.597,1157.577864958393
1995-08-17 11:55:00,1550.172,983.0180091406409
1995-08-17 11:56:00,971.816,1052.1081999385306
1995-08-17 11:57:00,560.695,1077.7115948658163
1995-08-17 11:58:00,283.758,1139.7011447796388
1995-08-17 11:59:00,892.219,884.6693832920248
1995-08-17 12:00:00,583.859,1085.9183146881876
1995-08-17 12:01:00,743.234,943.9970559601012
1995-08-17 12:02:00,1100.923,989.0708881062232
1995-08-17 12:03:00,693.895,992.9738338493278
1995-08-17 12:04:00,910.9449999999999,968.5594393220036
1995-08-17 12:05:00,605.996,1010.0411856328493
1995-08-17 12:06:00,945.626,1003.7549330681666
1995-08-17 12:07:00,1663.8139999999999,1014.9939934031036
1995-08-17 12:08:00,376.96299999999997,1030.498495083437
1995-08-17 12:09:00,573.789,876.1380128510054
1995-08-17 12:10:00,610.097,932.6480870686192
1995-08-17 12:11:00,454.054,872.7646215119653
1995-08-17 12:12:00,775.2379999999999,917.3254236298164
1995-08-17 12:13:00,1388.207,875.0826878885289
1995-08-17 12:14:00,945.505,989.7158670326571
1995-08-17 12:15:00,1496.944,1050.5459403922357
1995-08-17 12:16:00,1056.576,1149.8931705741143
1995-08-17 12:17:00,911.753,1024.8638646111958
1995-08-17 12:18:00,913.006,1054.2031121361085
1995-08-17 12:19:00,352.066,1037.2030857292498
1995-08-17 12:20:00,152.563,902.5470351592504
1995-08-17 12:21:00,641.709,703.6981107019145
1995-08-17 12:22:00,1562.391,876.2382589526306
1995-08-17 12:23:00,2075.209,904.9078962287198
1995-08-17 12:24:00,766.6,1101.662936181236
1995-08-17 12:25:00,2726.17,988.6652385303211
1995-08-17 12:26:00,1610.984,1256.0170380344573
1995-08-17 12:27:00,1700.0359999999998,1173.1041155894864
1995-08-17 12:28:00,918.063,1225.5110555931456
1995-08-17 12:29:00,3527.0009999999997,1078.6551396310847
1995-08-17 12:30:00,1687.0480000000002,1454.2469588860708
1995-08-17 12:31:00,617.027,1402.7289952640658
1995-08-17 12:32:00,542.215,1312.591687823335
1995-08-17 12:33:00,983.315,1270.524845214205
1995-08-17 12:34:00,421.455,1251.2724197078435
1995-08-17 12:35:00,1235.238,1089.3974654720544
1995-08-17 12:36:00,1154.374,1294.9743242934035
1995-08-17 12:37:00,1045.86,1215.0279327751903
1995-08-17 12:38:00,2454.544,1141.7486866552651
1995-08-17 12:39:00,2312.441,1337.5327435700626
1995-08-17 12:40:00,2453.07,1597.1602111708426
1995-08-17 12:41:00,323.056,1568.5647627206017
1995-08-17 12:42:00,2054.45,1168.4316550239635
1995-08-17 12:43:00,919.942,1441.8052534249593
1995-08-17 12:44:00,2242.069,1411.9995980155359
1995-08-17 12:45:00,1135.253,1581.5656250753557
1995-08-17 12:46:00,2981.862,1377.131765927172
1995-08-17 12:47:00,929.3389999999999,1685.8111068669261
1995-08-17 12:48:00,1334.249,1560.0696191755064
1995-08-17 12:49:00,1945.575,1509.9661761425587
1995-08-17 12:50:00,1739.5559999999998,1578.308132000259
1995-08-17 12:51:00,2515.866,1317.8346178823624
1995-08-17 12:52:00,1312.585,1560.988381454566
1995-08-17 12:53:00,2132.259,1709.486893504519
1995-08-17 12:54:00,1646.373,1723.4201461114349
1995-08-17 12:55:00,1131.075,1388.1598399159923
1995-08-17 12:56:00,1573.703,1470.9155107602382
1995-08-17 12:57:00,2088.6209999999996,1513.584157612043
1995-08-17 12:58:00,541.005,1282.3714309609654
1995-08-17 12:59:00,1425.443,1355.6304666487963
1995-08-17 13:00:00,830.859,1384.6277452177292
1995-08-17 13:01:00,639.1279999999999,1294.9993424583765
1995-08-17 13:02:00,543.744,1205.1014222876436
1995-08-17 13:03:00,663.99,1119.5380674595306
1995-08-17 13:04:00,690.18,997.432149198309
1995-08-17 13:05:00,529.039,1015.582322450326
1995-08-17 13:06:00,818.588,980.934472518651
1995-08-17 13:07:00,554.197,1123.8149652447694
1995-08-17 13:08:00,1499.406,904.2070959061947
1995-08-17 13:09:00,1535.49,1182.8086808092053
1995-08-17 13:10:00,540.694,1108.7382597953801
1995-08-17 13:11:00,644.3,996.2918601163738
1995-08-17 13:12:00,773.369,933.2053239291056
1995-08-17 13:13:00,546.379,1007.789203966233
1995-08-17 13:14:00,514.487,985.5548814239136
1995-08-17 13:15:00,1533.247,1079.2814450135993
1995-08-17 13:16:00,1336.982,1148.5322252382523
1995-08-17 13:17:00,945.351,1136.9324771765027
1995-08-17 13:18:00,1286.173,1184.8917819056562
1995-08-17 13:19:00,2016.092,1211.0220457113257
1995-08-17 13:20:00,1453.314,1300.6058317027198
1995-08-17 13:21:00,756.101,1254.1755835994863
1995-08-17 13:22:00,1060.988,1205.0233165284712
1995-08-17 13:23:00,2176.59,1200.6712082031743
1995-08-17 13:24:00,1260.352,1291.4677532788216
1995-08-17 13:25:00,720.984,1257.5392205580142
1995-08-17 13:26:00,1784.847,1213.6284413567735
1995-08-17 13:27:00,899.698,1314.0136934370562
1995-08-17 13:28:00,2224.473,1250.940797586017
1995-08-17 13:29:00,1173.865,1265.0202904382925
1995-08-17 13:30:00,2199.42,1320.2534104007925
1995-08-17 13:31:00,914.338,1298.167869391782
1995-08-17 13:32:00,727.953,1244.285212621958
1995-08-17 13:33:00,894.591,1182.6449496819105
1995-08-17 13:34:00,1866.695,1210.0014027519208
1995-08-17 13:35:00,4230.458,1395.7566529640806
1995-08-17 13:36:00,1596.205,1621.5036631608386
1995-08-17 13:37:00,1055.309,1515.3745665262827
1995-08-17 13:38:00,2204.48,1477.1477162042402
1995-08-17 13:39:00,1185.571,1517.9499066929907
1995-08-17 13:40:00,1704.906,1375.215241142325
1995-08-17 13:41:00,1587.33,1505.7289700530985
1995-08-17 13:42:00,922.718,1472.7461887358688
1995-08-17 13:43:00,1242.4470000000001,1382.0226096343931
1995-08-17 13:44:00,2102.372,1300.5853819311592
1995-08-17 13:45:00,1001.164,1422.3041039971267
1995-08-17 13:46:00,914.5150000000001,1437.330371395744
1995-08-17 13:47:00,821.827,1239.2280228403217
1995-08-17 13:48:00,1005.522,1288.6101971236415
1995-08-17 13:49:00,1408.137,1386.247531329568
1995-08-17 13:50:00,1109.652,1351.2751996674015
1995-08-17 13:51:00,1134.654,1396.3816156547903
1995-08-17 13:52:00,607.11,1388.401016587762
1995-08-17 13:53:00,1365.167,1203.621171223352
1995-08-17 13:54:00,868.251,1319.7485817892368
1995-08-17 13:55:00,2250.326,1338.3301219933987
1995-08-17 13:56:00,729.4350000000001,1240.7307610537202
1995-08-17 13:57:00,583.387,1196.6407187694308
1995-08-17 13:58:00,1959.3460000000002,1253.3371297536391
1995-08-17 13:59:00,1676.168,1444.1217361989954
1995-08-17 14:00:00,802.65,1423.2849825829633
1995-08-17 14:01:00,914.047,1439.7109518443883
1995-08-17 14:02:00,564.986,1293.8905665382188
1995-08-17 14:03:00,1793.574,1191.3013179609497
1995-08-17 14:04:00,724.246,1368.9413692125215
1995-08-17 14:05:00,1058.68,1150.3202133330049
1995-08-17 14:06:00,1792.939,1228.062212270278
1995-08-17 14:07:00,762.031,1348.1342343734086
1995-08-17 14:08:00,834.949,1223.8368451753938
1995-08-17 14:09:00,842.417,1138.5564726722293
1995-08-17 14:10:00,1197.049,1161.9663718973375
1995-08-17 14:11:00,776.122,1260.8518638263274
1995-08-17 14:12:00,2492.214,1241.1082209281424
1995-08-17 14:13:00,651.692,1460.801369040496
1995-08-17 14:14:00,871.7629999999999,1130.126382393465
1995-08-17 14:15:00,702.28,1174.623971111761
1995-08-17 14:16:00,1216.165,1136.750858901389
1995-08-17 14:17:00,746.3149999999999,1184.5813342943604
1995-08-17 14:18:00,1013.678,1138.3807210359462
1995-08-17 14:19:00,1185.783,1099.585645878023
1995-08-17 14:20:00,748.958,1186.6153657068007
1995-08-17 14:21:00,914.609,1022.0756084980766
1995-08-17 14:22:00,2069.6440000000002,1159.1790971491955
1995-08-17 14:23:00,2033.0079999999998,1046.864956417169
1995-08-17 14:24:00,1443.059,1252.6440399128987
1995-08-17 14:25:00,1681.8379999999997,1299.4729989483114
1995-08-17 14:26:00,415.461,1165.0889798953995
1995-08-17 14:27:00,485.073,1201.3807578060278
1995-08-17 14:28:00,235.804,1070.9603175312648
1995-08-17 14:29:00,1230.616,901.0491939076239
1995-08-17 14:30:00,533.826,1037.5739079907921
1995-08-17 14:31:00,523.953,1013.4693534612481
1995-08-17 14:32:00,1254.144,882.9793333021713
1995-08-17 14:33:00,406.096,1059.7147980284037
1995-08-17 14:34:00,389.458,885.320358317775
1995-08-17 14:35:00,594.882,866.1557451823469
1995-08-17 14:36:00,753.172,947.2519270961038
1995-08-17 14:37:00,332.813,921.3879023577249
1995-08-17 14:38:00,262.925,776.7167696633641
1995-08-17 14:39:00,2037.3840000000002,786.0723078918356
1995-08-17 14:40:00,423.608,810.8151608985604
1995-08-17 14:41:00,563.448,763.4044089349129
1995-08-17 14:42:00,841.7719999999999,831.1033294863969
1995-08-17 14:43:00,1219.043,828.3959558323136
1995-08-17 14:44:00,615.692,945.4627176329411
1995-08-17 14:45:00,401.64099999999996,925.7261310853623
1995-08-17 14:46:00,748.524,760.6741836894719
1995-08-17 14:47:00,717.639,883.2715498696003
1995-08-17 14:48:00,647.293,930.6924106349181
1995-08-17 14:49:00,371.04,927.3482760640564
1995-08-17 14:50:00,948.6669999999999,881.5524647004801
1995-08-17 14:51:00,1470.0069999999998,974.0084613125599
1995-08-17 14:52:00,1017.393,1094.1027842107508
1995-08-17 14:53:00,1234.636,1137.7191687388333
1995-08-17 14:54:00,1381.8549999999998,1031.6769687634207
1995-08-17 14:55:00,1956.913,1096.6151149151797
1995-08-17 14:56:00,1935.113,1216.877438323251
1995-08-17 14:57:00,1425.894,1213.679050134676
1995-08-17 14:58:00,1228.988,1268.4644461281575
1995-08-17 14:59:00,3053.1510000000003,1281.8531409767618
1995-08-17 15:00:00,1331.281,1479.0238116199273
1995-08-17 15:01:00,1596.01,1359.3180656563343
1995-08-17 15:02:00,499.425,1311.3387520564945
1995-08-17 15:03:00,569.148,1201.6870145310377
1995-08-17 15:04:00,1175.0189999999998,1046.814119324402
1995-08-17 15:05:00,1061.282,1191.9688896035404
1995-08-17 15:06:00,968.692,1155.424896810127
1995-08-17 15:07:00,768.445,1216.9389216237805
1995-08-17 15:08:00,1598.741,1138.080592163829
1995-08-17 15:09:00,2015.797,1368.597141494252
1995-08-17 15:10:00,1382.883,1403.6648028848642
1995-08-17 15:11:00,1770.035,1397.0355791238865
1995-08-17 15:12:00,2149.256,1475.2407844846055
1995-08-17 15:13:00,1072.036,1463.8307203576803
1995-08-17 15:14:00,782.344,1378.0920205216453
1995-08-17 15:15:00,1046.6390000000001,1332.1369513256516
1995-08-17 15:16:00,1258.072,1313.532188644829
1995-08-17 15:17:00,791.995,1333.2204560018517
1995-08-17 15:18:00,1724.7250000000001,1350.1128616086364
1995-08-17 15:19:00,421.319,1439.3818972107065
1995-08-17 15:20:00,2039.336,1217.7243571824695
1995-08-17 15:21:00,903.558,1468.369994741292
1995-08-17 15:22:00,934.396,1244.921026325389
1995-08-17 15:23:00,1337.276,1247.7244360568334
1995-08-17 15:24:00,1798.4650000000001,1383.8100689203131
1995-08-17 15:25:00,672.453,1337.960758737613
1995-08-17 15:26:00,1322.899,1298.432453020449
1995-08-17 15:27:00,701.7420000000001,1343.242209123795
1995-08-17 15:28:00,749.179,1110.0570955356998
1995-08-17 15:29:00,992.093,1139.7693446523035
1995-08-17 15:30:00,871.935,1227.3710266399617
1995-08-17 15:31:00,1241.771,1193.4884336427313
1995-08-17 15:32:00,494.363,1264.537885924667
1995-08-17 15:33:00,1767.925,982.2941403053961
1995-08-17 15:34:00,702.378,1273.5877128649674
1995-08-17 15:35:00,754.024,1117.584497806201
1995-08-17 15:36:00,1027.893,1080.7891486946012
1995-08-17 15:37:00,576.702,1264.247972530286
1995-08-17 15:38:00,359.663,1007.9090167959286
1995-08-17 15:39:00,634.534,1039.0438025965113
1995-08-17 15:40:00,975.848,937.4844815482493
1995-08-17 15:41:00,647.542,1075.8434819509828
1995-08-17 15:42:00,776.081,892.6798342306051
1995-08-17 15:43:00,514.747,995.4228851741394
1995-08-17 15:44:00,821.355,1056.070743287982
1995-08-17 15:45:00,1627.068,1124.9546040448556
1995-08-17 15:46:00,795.014,1085.9773684999595
1995-08-17 15:47:00,619.847,949.274143679917
1995-08-17 15:48:00,1539.515,925.917789890962
1995-08-17 15:49:00,703.436,1102.6077039864686
1995-08-17 15:50:00,797.7669999999999,1082.4237327843725
1995-08-17 15:51:00,2101.402,1143.5671868824109
1995-08-17 15:52:00,553.62,1330.5792072097424
1995-08-17 15:53:00,886.4540000000001,1128.5570112182388
1995-08-17 15:54:00,810.893,1040.6262693687274
1995-08-17 15:55:00,1322.163,1063.9308600624415
1995-08-17 15:56:00,1087.11,1161.9250092126651
1995-08-17 15:57:00,1562.929,1180.7243521475052
1995-08-17 15:58:00,1816.76,1181.6703031190984
1995-08-17 15:59:00,1005.697,1255.4888537754193
1995-08-17 16:00:00,1353.131,1038.2609273941318
1995-08-17 16:01:00,1792.9,1271.3133169341297
1995-08-17 16:02:00,824.826,1277.7909002174542
1995-08-17 16:03:00,849.981,1174.3690634849663
1995-08-17 16:04:00,1388.356,1181.4199641793223
1995-08-17 16:05:00,2174.179,1222.3104391868164
1995-08-17 16:06:00,1298.483,1060.3191473816194
1995-08-17 16:07:00,1050.823,1258.088746658683
1995-08-17 16:08:00,550.788,1196.1596734153381
1995-08-17 16:09:00,2153.561,1137.693640009003
1995-08-17 16:10:00,374.864,1240.333481147608
1995-08-17 16:11:00,452.375,1131.2994688537528
1995-08-17 16:12:00,654.9209999999999,1018.617520742465
1995-08-17 16:13:00,444.9,906.4217048041053
1995-08-17 16:14:00,811.771,1032.788931137356
1995-08-17 16:15:00,536.756,1145.5285492386624
1995-08-17 16:16:00,588.904,1044.028772604533
1995-08-17 16:17:00,805.7479999999999,939.0989827721007
1995-08-17 16:18:00,901.942,1089.2197287254724
1995-08-17 16:19:00,1982.96,1248.4371304329559
1995-08-17 16:20:00,627.9540000000001,1071.0533129879814
1995-08-17 16:21:00,1148.194,982.5816924315936
1995-08-17 16:22:00,1013.9799999999999,1168.669981491895
1995-08-17 16:23:00,832.7909999999999,1145.8480384563022
1995-08-17 16:24:00,347.378,1212.6185567930715
1995-08-17 16:25:00,578.014,1030.4308433367273
1995-08-17 16:26:00,640.243,875.2700954188774
1995-08-17 16:27:00,2064.1200000000003,920.5594173470756
1995-08-17 16:28:00,1219.203,1127.0937558576245
1995-08-17 16:29:00,1111.642,1227.1915373396846
1995-08-17 16:30:00,1250.481,1008.5227611582902
1995-08-17 16:31:00,552.356,1111.2662208499312
1995-08-17 16:32:00,1101.395,998.4529898599814
1995-08-17 16:33:00,955.021,1119.1500943797298
1995-08-17 16:34:00,490.483,1147.9408066038882
1995-08-17 16:35:00,1225.649,1014.6073056742342
1995-08-17 16:36:00,1907.686,1107.2964555171252
1995-08-17 16:37:00,853.8969999999999,1128.3301877423748
1995-08-17 16:38:00,1277.974,1169.052272454772
1995-08-17 16:39:00,883.814,1235.9779012045656
1995-08-17 16:40:00,823.737,1080.2157737578443
1995-08-17 16:41:00,1324.983,1149.720832497192
1995-08-17 16:42:00,688.972,1186.089868465031
1995-08-17 16:43:00,411.065,968.870242207825
1995-08-17 16:44:00,832.9110000000001,809.9401461973471
1995-08-17 16:45:00,1816.2169999999999,977.441258700917
1995-08-17 16:46:00,1078.187,1033.9165910317715
1995-08-17 16:47:00,937.521,1142.3083588692957
1995-08-17 16:48:00,452.915,1179.8983141245737
1995-08-17 16:49:00,624.888,1104.4765694823254
1995-08-17 16:50:00,486.33299999999997,1108.4389715877785
1995-08-17 16:51:00,1781.3120000000001,1033.5646897725499
1995-08-17 16:52:00,1427.538,997.5701925496226
1995-08-17 16:53:00,1528.833,1094.5988332351933
1995-08-17 16:54:00,1055.544,1236.6368855735784
1995-08-17 16:55:00,1158.604,1241.0428162704218
1995-08-17 16:56:00,1173.496,1308.399998313502
1995-08-17 16:57:00,733.5,1398.2152990198317
1995-08-17 16:58:00,651.683,1165.5367789689951
1995-08-17 16:59:00,970.635,1079.1825911939954
1995-08-17 17:00:00,390.463,1087.5783597476966
1995-08-17 17:01:00,432.937,887.1521700074288
1995-08-17 17:02:00,354.576,846.9352227095641
1995-08-17 17:03:00,966.5450000000001,825.7744473282334
1995-08-17 17:04:00,521.284,939.9823337609358
1995-08-17 17:05:00,1036.964,872.6398714941197
1995-08-17 17:06:00,620.477,871.0672877888937
1995-08-17 17:07:00,548.235,835.0886558772189
1995-08-17 17:08:00,778.6659999999999,885.7973101572418
1995-08-17 17:09:00,806.899,920.7350839138385
1995-08-17 17:10:00,1850.773,936.3187591410539
1995-08-17 17:11:00,1625.7569999999998,1083.1789453882416
1995-08-17 17:12:00,1675.818,1143.3513565229607
1995-08-17 17:13:00,1766.438,1178.113170324157
1995-08-17 17:14:00,913.569,1213.0944534452528
1995-08-17 17:15:00,590.35,1186.3900388661125
1995-08-17 17:16:00,2001.864,1121.6056569990167
1995-08-17 17:17:00,546.054,1187.6648247987716
1995-08-17 17:18:00,558.9399999999999,999.475116478719
1995-08-17 17:19:00,708.855,1073.7143105738928
1995-08-17 17:20:00,755.171,980.1904584066561
1995-08-17 17:21:00,512.886,955.8496661028737
1995-08-17 17:22:00,876.314,970.799980558101
1995-08-17 17:23:00,1088.71,890.0678490037883
1995-08-17 17:24:00,1206.847,1029.569780380402
1995-08-17 17:25:00,1734.282,1088.5319397965422
1995-08-17 17:26:00,972.008,1175.5334478563063
1995-08-17 17:27:00,1322.253,1191.355934970404
1995-08-17 17:28:00,2583.4390000000003,1189.854513474554
1995-08-17 17:29:00,581.264,1216.2983821831904
1995-08-17 17:30:00,2267.198,1022.2349658666218
1995-08-17 17:31:00,1083.611,1336.3813572104289
1995-08-17 17:32:00,1588.026,1243.952127206434
1995-08-17 17:33:00,1295.774,1248.3759825792176
1995-08-17 17:34:00,819.79,1144.015892788569
1995-08-17 17:35:00,824.201,1208.2908736072952
1995-08-17 17:36:00,447.57599999999996,1190.3420334332486
1995-08-17 17:37:00,1572.081,1005.5841711335397
1995-08-17 17:38:00,836.913,991.9820456972908
1995-08-17 17:39:00,454.366,959.5813809962917
1995-08-17 17:40:00,193.013,833.090616169788
1995-08-17 17:41:00,378.995,738.8304617257797
1995-08-17 17:42:00,200.013,951.3539018203203
1995-08-17 17:43:00,1548.836,829.5350985881995
1995-08-17 17:44:00,2534.352,909.5652474454744
1995-08-17 17:45:00,481.065,964.8356536501078
1995-08-17 17:46:00,1197.536,999.8341807249889
1995-08-17 17:47:00,1115.4379999999999,1212.5755898487762
1995-08-17 17:48:00,752.225,1172.8516154081715
1995-08-17 17:49:00,551.873,1104.8488005549057
1995-08-17 17:50:00,723.542,965.9411426177736
1995-08-17 17:51:00,291.644,992.1758023021973
1995-08-17 17:52:00,1686.467,860.737548613673
1995-08-17 17:53:00,1042.592,1073.8357279892448
1995-08-17 17:54:00,790.406,1003.5326296427778
1995-08-17 17:55:00,653.5930000000001,934.4898317377288
1995-08-17 17:56:00,291.353,878.2279489876764
1995-08-17 17:57:00,259.837,760.4529276958558
1995-08-17 17:58:00,375.915,724.8933387271538
1995-08-17 17:59:00,321.7,714.1849599670824
1995-08-17 18:00:00,797.108,768.6344184056305
1995-08-17 18:01:00,728.551,897.0932423363264
1995-08-17 18:02:00,458.702,827.0933747199646
1995-08-17 18:03:00,512.649,735.1322834546461
1995-08-17 18:04:00,486.34499999999997,634.5802487322687
1995-08-17 18:05:00,626.093,665.3388746159872
1995-08-17 18:06:00,1128.293,727.9187913819607
1995-08-17 18:07:00,1254.344,753.2944192342444
1995-08-17 18:08:00,1993.95,760.7502465814691
1995-08-17 18:09:00,1553.3590000000002,958.1330776326263
1995-08-17 18:10:00,1032.481,1057.3500511750078
1995-08-17 18:11:00,965.123,949.7676875063516
1995-08-17 18:12:00,450.046,978.5719876034458
1995-08-17 18:13:00,256.262,815.8210244221351
1995-08-17 18:14:00,560.958,750.1542848103732
1995-08-17 18:15:00,1166.809,762.8290986119176
1995-08-17 18:16:00,505.166,710.0157246773828
1995-08-17 18:17:00,462.185,648.0818459116241
1995-08-17 18:18:00,1253.143,684.5653356315854
1995-08-17 18:19:00,1357.6360000000002,741.0569287057323
1995-08-17 18:20:00,1447.519,898.8884505126244
1995-08-17 18:21:00,1358.823,878.9154342418803
1995-08-17 18:22:00,1081.709,942.9877038181951
1995-08-17 18:23:00,812.885,1004.1896527089762
1995-08-17 18:24:00,775.761,1039.9059768460647
1995-08-17 18:25:00,1333.5210000000002,936.6150444319086
1995-08-17 18:26:00,921.588,1079.6126255929978
1995-08-17 18:27:00,968.979,1033.4442653026117
1995-08-17 18:28:00,1169.8809999999999,1013.2154310659527
1995-08-17 18:29:00,1162.08,906.7457037814801
1995-08-17 18:30:00,699.572,924.7038937027014
1995-08-17 18:31:00,1922.9160000000002,841.8373074841204
1995-08-17 18:32:00,520.124,890.7983933366357
1995-08-17 18:33:00,1033.016,863.0137122140031
1995-08-17 18:34:00,834.148,897.8401980231233
1995-08-17 18:35:00,655.939,906.3071498007818
1995-08-17 18:36:00,408.73,886.2642046241444
1995-08-17 18:37:00,510.412,848.821334698294
1995-08-17 18:38:00,688.365,754.589090594255
1995-08-17 18:39:00,505.451,751.8430132606733
1995-08-17 18:40:00,543.509,706.3976408879714
1995-08-17 18:41:00,362.898,696.1902639934539
1995-08-17 18:42:00,987.516,711.6607527114106
1995-08-17 18:43:00,807.046,729.1165129132908
1995-08-17 18:44:00,1300.117,789.8962764975354
1995-08-17 18:45:00,1139.302,773.6176624506508
1995-08-17 18:46:00,748.462,910.625425402731
1995-08-17 18:47:00,467.401,942.5047938207059
1995-08-17 18:48:00,837.5169999999999,747.8336093128152
1995-08-17 18:49:00,1132.295,887.7498259762984
1995-08-17 18:50:00,931.379,987.7322322229139
1995-08-17 18:51:00,1534.7259999999999,983.0695819820619
1995-08-17 18:52:00,427.695,979.7897094775822
1995-08-17 18:53:00,945.5640000000001,862.5384329121032
1995-08-17 18:54:00,1080.647,953.3783655590225
1995-08-17 18:55:00,818.085,926.5442074381798
1995-08-17 18:56:00,2034.177,917.7903753024791
1995-08-17 18:57:00,1880.394,1075.6826363569428
1995-08-17 18:58:00,1837.2050000000002,1134.699245024519
1995-08-17 18:59:00,1959.998,1130.776833201694
1995-08-17 19:00:00,1457.169,1141.0028820316877
1995-08-17 19:01:00,1910.338,1209.6918385381798
1995-08-17 19:02:00,1201.44,1268.9433882395392
1995-08-17 19:03:00,993.79,1287.7720537374066
1995-08-17 19:04:00,1250.497,1100.9870126476876
1995-08-17 19:05:00,1863.522,1249.6759776473207
1995-08-17 19:06:00,945.3879999999999,1288.9890969146127
1995-08-17 19:07:00,435.274,1142.0295448070215
1995-08-17 19:08:00,1495.518,887.8252646664998
1995-08-17 19:09:00,1762.107,1040.3168066801165
1995-08-17 19:10:00,770.718,1162.8960957793468
1995-08-17 19:11:00,1343.317,938.9250497401448
1995-08-17 19:12:00,1876.155,1043.4606730618566
1995-08-17 19:13:00,1262.763,1072.4935430206376
1995-08-17 19:14:00,1236.953,1010.2279489768291
1995-08-17 19:15:00,599.857,1128.8229672074501
1995-08-17 19:16:00,743.74,1001.7466370492732
1995-08-17 19:17:00,1512.748,878.3998560431667
1995-08-17 19:18:00,722.8,1062.724160487397
1995-08-17 19:19:00,1047.378,1026.0450852629217
1995-08-17 19:20:00,1526.056,1026.8014967769532
1995-08-17 19:21:00,1884.716,1074.3021536467147
1995-08-17 19:22:00,1751.9,1263.334597506768
1995-08-17 19:23:00,403.419,1146.1367793933018
1995-08-17 19:24:00,548.9920000000001,984.0860102391363
1995-08-17 19:25:00,1233.358,994.498630686513
1995-08-17 19:26:00,1147.5330000000001,1182.7021770918673
1995-08-17 19:27:00,1010.613,1102.1071151602264
1995-08-17 19:28:00,524.931,971.0861251126227
1995-08-17 19:29:00,899.413,869.906511504871
1995-08-17 19:30:00,608.708,872.993166560543
1995-08-17 19:31:00,878.884,864.6436827696442
1995-08-17 19:32:00,887.682,900.0070156605193
1995-08-17 19:33:00,330.113,973.6696232366793
1995-08-17 19:34:00,1054.244,793.5584991045868
1995-08-17 19:35:00,1012.107,902.7214558823075
1995-08-17 19:36:00,459.989,934.1803847651224
1995-08-17 19:37:00,1088.035,788.941390312691
1995-08-17 19:38:00,664.85,907.909733901902
1995-08-17 19:39:00,2035.5,899.9284090748808
1995-08-17 19:40:00,333.065,952.7005957219721
1995-08-17 19:41:00,407.854,825.2785296731081
1995-08-17 19:42:00,1475.262,843.6568196038692
1995-08-17 19:43:00,337.173,935.1158669127657
1995-08-17 19:44:00,1272.652,807.217048783939
1995-08-17 19:45:00,843.359,896.2538043040341
1995-08-17 19:46:00,946.619,909.9673843280887
1995-08-17 19:47:00,973.039,917.7101733084137
1995-08-17 19:48:00,1476.6480000000001,992.0474860474313
1995-08-17 19:49:00,1306.527,1064.7970343388617
1995-08-17 19:50:00,1357.455,916.0357040142227
1995-08-17 19:51:00,1075.25,1091.1434063846825
1995-08-17 19:52:00,866.496,957.9663942070713
1995-08-17 19:53:00,872.811,977.583103087405
1995-08-17 19:54:00,621.317,979.5137931523714
1995-08-17 19:55:00,373.116,879.6117594674456
1995-08-17 19:56:00,1244.816,683.5171670411585
1995-08-17 19:57:00,507.564,826.2310224609496
1995-08-17 19:58:00,874.241,757.014391673706
1995-08-17 19:59:00,695.9789999999999,728.4359634021092
1995-08-17 20:00:00,263.239,733.4769523768097
1995-08-17 20:01:00,543.78,610.2500711817017
1995-08-17 20:02:00,218.195,637.6175688754952
1995-08-17 20:03:00,440.037,526.1995708695257
1995-08-17 20:04:00,94.602,571.036782090407
1995-08-17 20:05:00,1090.183,488.87598501188415
1995-08-17 20:06:00,574.735,556.3672426844038
1995-08-17 20:07:00,374.563,609.6435292897426
1995-08-17 20:08:00,315.457,592.1895057500685
1995-08-17 20:09:00,558.231,607.5123464063099
1995-08-17 20:10:00,385.99399999999997,696.9814588291771
1995-08-17 20:11:00,143.311,650.7990568932406
1995-08-17 20:12:00,780.8389999999999,507.00189654126507
1995-08-17 20:13:00,1752.493,592.11277415292
1995-08-17 20:14:00,464.64200000000005,748.3067665930787
1995-08-17 20:15:00,254.477,678.68632540702
1995-08-17 20:16:00,504.099,671.1608125184968
1995-08-17 20:17:00,578.585,712.0971742070998
1995-08-17 20:18:00,408.707,767.6153396375076
1995-08-17 20:19:00,791.576,786.8602085904655
1995-08-17 20:20:00,425.7,786.3422215523505
1995-08-17 20:21:00,1013.934,664.6141136972359
1995-08-17 20:22:00,964.563,789.3112853669545
1995-08-17 20:23:00,541.005,755.1606796294154
1995-08-17 20:24:00,629.5,777.7413574251781
1995-08-17 20:25:00,307.074,787.2392654285306
1995-08-17 20:26:00,424.356,695.4584772982969
1995-08-17 20:27:00,735.8489999999999,658.6130145116535
1995-08-17 20:28:00,605.374,696.9524887305884
1995-08-17 20:29:00,1153.559,730.4064579499105
1995-08-17 20:30:00,1096.407,781.6630505765091
1995-08-17 20:31:00,1771.532,792.4345445705532
1995-08-17 20:32:00,536.559,972.1309349252018
1995-08-17 20:33:00,501.48,818.0123468895979
1995-08-17 20:34:00,819.5899999999999,820.8462465004183
1995-08-17 20:35:00,1262.2790000000002,829.5940983092081
1995-08-17 20:36:00,156.115,786.1056680694211
1995-08-17 20:37:00,820.903,717.965470492474
1995-08-17 20:38:00,399.731,744.7854721825405
1995-08-17 20:39:00,508.719,633.6199313419825
1995-08-17 20:40:00,504.43800000000005,668.0945816929174
1995-08-17 20:41:00,547.015,672.2165096174461
1995-08-17 20:42:00,132.233,671.0345948866145
1995-08-17 20:43:00,700.207,610.4508931909935
1995-08-17 20:44:00,445.33000000000004,668.7048602666847
1995-08-17 20:45:00,1735.975,611.8259386996701
1995-08-17 20:46:00,251.975,689.1171824694
1995-08-17 20:47:00,856.019,621.9507336075276
1995-08-17 20:48:00,610.5550000000001,672.4982608675898
1995-08-17 20:49:00,382.685,699.5688439460905
1995-08-17 20:50:00,464.77,757.881315162421
1995-08-17 20:51:00,392.186,620.4172525597918
1995-08-17 20:52:00,1238.473,647.2121926202719
1995-08-17 20:53:00,2217.3830000000003,620.7990063005054
1995-08-17 20:54:00,375.531,734.2228264696787
1995-08-17 20:55:00,846.055,675.7734081610439
1995-08-17 20:56:00,804.103,710.2409444927558
1995-08-17 20:57:00,1020.871,775.9514438392962
1995-08-17 20:58:00,744.198,890.1696516537386
1995-08-17 20:59:00,697.217,865.1274817026134
1995-08-17 21:00:00,508.54,801.6023515392222
1995-08-17 21:01:00,309.654,740.6797941602061
1995-08-17 21:02:00,788.107,644.7225204282649
1995-08-17 21:03:00,929.471,690.3423744494625
1995-08-17 21:04:00,1149.936,736.3479513306645
1995-08-17 21:05:00,902.058,729.1090002328169
1995-08-17 21:06:00,742.387,799.001026078568
1995-08-17 21:07:00,546.723,803.7580280160645
1995-08-17 21:08:00,564.97,774.3057011751608
1995-08-17 21:09:00,230.86599999999999,747.9363687280542
1995-08-17 21:10:00,236.151,624.8202573818756
1995-08-17 21:11:00,722.095,541.6640730071133
1995-08-17 21:12:00,1372.727,644.7481148838199
1995-08-17 21:13:00,477.136,769.290320214058
1995-08-17 21:14:00,1695.3709999999999,672.2365579223086
1995-08-17 21:15:00,810.763,697.8400186556112
1995-08-17 21:16:00,329.26800000000003,775.3719912131388
1995-08-17 21:17:00,527.985,622.451954001786
1995-08-17 21:18:00,626.386,613.543790067343
1995-08-17 21:19:00,1291.4930000000002,634.7616640143202
1995-08-17 21:20:00,250.43800000000002,645.0381353802635
1995-08-17 21:21:00,467.649,561.9539149260104
1995-08-17 21:22:00,255.632,629.2169932992244
1995-08-17 21:23:00,901.876,579.3430387824698
1995-08-17 21:24:00,567.081,655.0462750666903
1995-08-17 21:25:00,517.905,657.5206012673026
1995-08-17 21:26:00,327.168,687.8240351719736
1995-08-17 21:27:00,791.8100000000001,641.5638037753637
1995-08-17 21:28:00,233.072,659.3218739963482
1995-08-17 21:29:00,318.966,575.3144449319718
1995-08-17 21:30:00,153.80100000000002,628.5598789865263
1995-08-17 21:31:00,192.355,547.2323663828176
1995-08-17 21:32:00,178.756,476.0057741300675
1995-08-17 21:33:00,308.271,485.91354355462164
1995-08-17 21:34:00,412.95,548.9466347884317
1995-08-17 21:35:00,972.326,572.3284383957539
1995-08-17 21:36:00,151.69,656.0744604012655
1995-08-17 21:37:00,304.033,546.1171496571935
1995-08-17 21:38:00,731.753,500.23459018750157
1995-08-17 21:39:00,433.251,607.6228167353715
1995-08-17 21:40:00,122.937,622.359628126454
1995-08-17 21:41:00,521.587,502.9049264935442
1995-08-17 21:42:00,440.86100000000005,479.3482558106336
1995-08-17 21:43:00,152.387,465.00218313628636
1995-08-17 21:44:00,283.897,429.5927911464253
1995-08-17 21:45:00,566.452,416.8226008662899
1995-08-17 21:46:00,232.592,494.6112405189356
1995-08-17 21:47:00,336.306,438.94591229294537
1995-08-17 21:48:00,599.446,475.4640906774254
1995-08-17 21:49:00,2486.073,551.2939478439902
1995-08-17 21:50:00,1626.0240000000001,671.8455100506568
1995-08-17 21:51:00,1146.715,650.9541132411472
1995-08-17 21:52:00,773.72,679.0967322607038
1995-08-17 21:53:00,350.551,733.9368063790436
1995-08-17 21:54:00,194.465,726.481783866626
1995-08-17 21:55:00,390.927,597.2727145878791
1995-08-17 21:56:00,905.977,622.7678197881879
1995-08-17 21:57:00,224.678,643.828835874484
1995-08-17 21:58:00,1349.195,520.4355615490941
1995-08-17 21:59:00,561.556,564.7053415736641
1995-08-17 22:00:00,387.196,648.6121758559914
1995-08-17 22:01:00,1062.051,687.3872878101362
1995-08-17 22:02:00,216.496,725.091666700537
1995-08-17 22:03:00,429.886,631.6909120941004
1995-08-17 22:04:00,162.063,644.2130683334041
1995-08-17 22:05:00,504.71099999999996,567.6672496202452
1995-08-17 22:06:00,415.719,532.073457317967
1995-08-17 22:07:00,251.971,572.4094556345738
1995-08-17 22:08:00,176.804,485.9876608479748
1995-08-17 22:09:00,376.288,466.4835859637019
1995-08-17 22:10:00,267.531,582.9039504789616
1995-08-17 22:11:00,932.246,583.85499506015
1995-08-17 22:12:00,470.875,637.28683077618
1995-08-17 22:13:00,551.271,617.7450040000206
1995-08-17 22:14:00,590.339,612.7665166123732
1995-08-17 22:15:00,99.868,690.2926819524372
1995-08-17 22:16:00,274.041,539.9007381376679
1995-08-17 22:17:00,241.107,604.0947152211245
1995-08-17 22:18:00,280.827,534.1656515826096
1995-08-17 22:19:00,84.224,476.2058939314933
1995-08-17 22:20:00,521.071,424.5039731212944
1995-08-17 22:21:00,183.506,445.4129074246983
1995-08-17 22:22:00,422.03,472.10099146530706
1995-08-17 22:23:00,852.077,522.8258899107244
1995-08-17 22:24:00,383.181,522.8978736676135
1995-08-17 22:25:00,136.87,482.02075204228817
1995-08-17 22:26:00,350.723,470.27911725904727
1995-08-17 22:27:00,537.74,541.6864955766066
1995-08-17 22:28:00,374.84299999999996,548.1135001759181
1995-08-17 22:29:00,801.707,540.5792445761899
1995-08-17 22:30:00,206.64000000000001,613.8300930617074
1995-08-17 22:31:00,241.439,572.6196588968697
1995-08-17 22:32:00,719.619,567.0577203152217
1995-08-17 22:33:00,487.30100000000004,533.7737101385156
1995-08-17 22:34:00,167.031,592.4117627747688
1995-08-17 22:35:00,234.37500000000003,475.97635995354335
1995-08-17 22:36:00,401.56199999999995,543.0423990610526
1995-08-17 22:37:00,408.458,545.9894660643612
1995-08-17 22:38:00,279.38,487.1525717336933
1995-08-17 22:39:00,252.356,557.0096565923338
1995-08-17 22:40:00,330.839,455.0190919009949
1995-08-17 22:41:00,1670.711,521.1455616640623
1995-08-17 22:42:00,492.739,538.2650536682461
1995-08-17 22:43:00,403.64300000000003,617.656304890586
1995-08-17 22:44:00,94.697,554.7518931945436
1995-08-17 22:45:00,329.372,460.7772537234485
1995-08-17 22:46:00,229.523,471.3935087821618
1995-08-17 22:47:00,43.946,448.2319267249252
1995-08-17 22:48:00,122.67999999999999,371.798209727703
1995-08-17 22:49:00,189.28699999999998,377.09003885856305
1995-08-17 22:50:00,500.341,368.8368498265152
1995-08-17 22:51:00,574.2429999999999,462.58648394523703
1995-08-17 22:52:00,289.477,458.1317620423153
1995-08-17 22:53:00,1461.0900000000001,459.07486678811733
1995-08-17 22:54:00,676.5540000000001,576.6502093064264
1995-08-17 22:55:00,517.302,616.1654646580286
1995-08-17 22:56:00,171.918,583.4999019757546
1995-08-17 22:57:00,266.982,477.28343959317516
1995-08-17 22:58:00,250.28199999999998,453.95390796599764
1995-08-17 22:59:00,368.07,434.7342235872819
1995-08-17 23:00:00,316.234,377.63061093238474
1995-08-17 23:01:00,1088.913,385.17519746509976
1995-08-17 23:02:00,224.68099999999998,384.0802365092709
1995-08-17 23:03:00,409.79900000000004,401.6656404677484
1995-08-17 23:04:00,159.017,397.96938007824474
1995-08-17 23:05:00,162.434,406.4944481785793
1995-08-17 23:06:00,117.408,380.84768183178915
1995-08-17 23:07:00,104.05199999999999,404.5155144636327
1995-08-17 23:08:00,209.16299999999998,302.9957955970536
1995-08-17 23:09:00,101.503,331.0390650733588
1995-08-17 23:10:00,497.906,318.5803436788376
1995-08-17 23:11:00,762.6179999999999,427.0429694199531
1995-08-17 23:12:00,159.772,459.62943251993977
1995-08-17 23:13:00,405.35699999999997,431.79726772695454
1995-08-17 23:14:00,2310.013,509.88615332920347
1995-08-17 23:15:00,266.73199999999997,637.1913235794777
1995-08-17 23:16:00,932.348,622.7350319483041
1995-08-17 23:17:00,314.887,636.0826731079446
1995-08-17 23:18:00,671.673,609.9780041809665
1995-08-17 23:19:00,1021.779,664.5950217131832
1995-08-17 23:20:00,523.409,744.3410718609034
1995-08-17 23:21:00,1146.735,700.7645493402921
1995-08-17 23:22:00,695.422,837.8868659576016
1995-08-17 23:23:00,438.134,831.875202013732
1995-08-17 23:24:00,601.966,770.8670030014439
1995-08-17 23:25:00,2324.565,738.9732874946345
1995-08-17 23:26:00,367.63,856.7400751412072
1995-08-17 23:27:00,737.588,703.3623818328138
1995-08-17 23:28:00,324.661,683.9516366395202
1995-08-17 23:29:00,303.139,607.3308267680806
1995-08-17 23:30:00,355.476,560.0950392246268
1995-08-17 23:31:00,125.546,537.7732496412183
1995-08-17 23:32:00,156.294,460.73822827881753
1995-08-17 23:33:00,1549.5220000000002,430.20427440244237
1995-08-17 23:34:00,394.811,563.9715118775742
1995-08-17 23:35:00,686.519,641.8549461471603
1995-08-17 23:36:00,241.1,633.7261634339972
1995-08-17 23:37:00,374.572,597.9410953886296
1995-08-17 23:38:00,717.16,580.9806950911409
1995-08-17 23:39:00,756.244,628.0075791181836
1995-08-17 23:40:00,639.0,632.3829158118027
1995-08-17 23:41:00,1417.7160000000001,634.8986100905511
1995-08-17 23:42:00,1503.0240000000001,631.6219149154074
1995-08-17 23:43:00,1755.2799999999997,787.7000303279887
1995-08-17 23:44:00,300.634,837.2630220041226
1995-08-17 23:45:00,291.796,724.2430697019823
1995-08-17 23:46:00,224.05,670.5660347220554
1995-08-17 23:47:00,328.818,662.2321754948346
1995-08-17 23:48:00,452.397,698.5528115036825
1995-08-17 23:49:00,517.573,589.8607587186517
1995-08-17 23:50:00,1205.311,570.2261572683909
1995-08-17 23:51:00,188.501,621.2069262999204
1995-08-17 23:52:00,261.671,596.9650645818901
1995-08-17 23:53:00,272.152,524.5549187684833
1995-08-17 23:54:00,253.473,550.4855849960343
1995-08-17 23:55:00,554.201,486.0735626081145
1995-08-17 23:56:00,141.158,533.9055009731755
1995-08-17 23:57:00,785.086,439.4742159540452
1995-08-17 23:58:00,185.75900000000001,453.4173080333637
1995-08-17 23:59:00,172.757,458.00833610575904
1995-08-18 00:00:00,362.621,403.3563289221599
1995-08-18 00:01:00,40.803,409.0660901420348
1995-08-18 00:02:00,1224.3709999999999,369.0475990779198
1995-08-18 00:03:00,675.587,414.309525894692
1995-08-18 00:04:00,245.242,447.03374722438195
1995-08-18 00:05:00,165.575,450.37370099934435
1995-08-18 00:06:00,268.721,440.60025669391786
1995-08-18 00:07:00,1145.875,456.96789504742856
1995-08-18 00:08:00,267.198,491.99512394272193
1995-08-18 00:09:00,452.188,454.73993681835157
1995-08-18 00:10:00,215.862,507.28817354053615
1995-08-18 00:11:00,802.712,452.4015973368639
1995-08-18 00:12:00,298.892,488.9306165155115
1995-08-18 00:13:00,1620.425,539.1495576421738
1995-08-18 00:14:00,550.141,588.4913064268061
1995-08-18 00:15:00,381.621,606.5695568541724
1995-08-18 00:16:00,557.242,608.5206229394965
1995-08-18 00:17:00,328.53,589.7257601376664
1995-08-18 00:18:00,744.343,631.494480331153
1995-08-18 00:19:00,413.847,639.1490810620015
1995-08-18 00:20:00,130.782,603.6232387588127
1995-08-18 00:21:00,461.904,475.62549244891983
1995-08-18 00:22:00,52.483000000000004,503.0744127744688
1995-08-18 00:23:00,263.28000000000003,400.95115223902866
1995-08-18 00:24:00,69.06700000000001,390.6647165099465
1995-08-18 00:25:00,118.887,336.68749663885603
1995-08-18 00:26:00,312.491,323.4438124978213
1995-08-18 00:27:00,205.267,362.6091263925668
1995-08-18 00:28:00,104.236,388.2460427720345
1995-08-18 00:29:00,86.834,324.4167875583408
1995-08-18 00:30:00,174.688,297.07984037494526
1995-08-18 00:31:00,1234.0529999999999,308.56335564255545
1995-08-18 00:32:00,186.41,344.0697464051234
1995-08-18 00:33:00,211.796,356.2353404363131
1995-08-18 00:34:00,224.895,346.86816565325137
1995-08-18 00:35:00,229.569,318.92445374373364
1995-08-18 00:36:00,149.60999999999999,337.23428246731
1995-08-18 00:37:00,172.557,354.08204558923535
1995-08-18 00:38:00,683.805,353.0260241839508
1995-08-18 00:39:00,108.30199999999999,353.46762561450424
1995-08-18 00:40:00,152.047,323.48633604757623
1995-08-18 00:41:00,114.83699999999999,256.7458608093503
1995-08-18 00:42:00,339.565,268.1975615498216
1995-08-18 00:43:00,158.899,302.5130055516764
1995-08-18 00:44:00,124.33999999999999,257.576673762049
1995-08-18 00:45:00,223.119,321.8409581136374
1995-08-18 00:46:00,83.991,356.76390728169224
1995-08-18 00:47:00,147.745,288.2960735358899
1995-08-18 00:48:00,36.854,322.870802528205
1995-08-18 00:49:00,37.054,270.16773541694386
1995-08-18 00:50:00,286.111,235.62178870376604
1995-08-18 00:51:00,113.68499999999999,282.1162076311789
1995-08-18 00:52:00,165.359,270.6007655158786
1995-08-18 00:53:00,326.178,269.12957200567575
1995-08-18 00:54:00,231.59,283.78330252126614
1995-08-18 00:55:00,426.067,331.63327112297833
1995-08-18 00:56:00,231.711,309.3900406174542
1995-08-18 00:57:00,136.89,311.4559703895991
1995-08-18 00:58:00,62.92699999999999,286.948012857696
1995-08-18 00:59:00,118.97399999999999,284.2622249688872
1995-08-18 01:00:00,280.026,319.8036752110168
1995-08-18 01:01:00,284.048,346.89655347662705
1995-08-18 01:02:00,237.373,367.4947869026983
1995-08-18 01:03:00,486.354,372.72663739279426
1995-08-18 01:04:00,363.505,393.9294096901531
1995-08-18 01:05:00,239.494,412.634512659512
1995-08-18 01:06:00,347.665,378.0113304956125
1995-08-18 01:07:00,387.167,360.32331174152165
1995-08-18 01:08:00,349.374,378.734888085898
1995-08-18 01:09:00,538.855,401.9692080653769
1995-08-18 01:10:00,252.162,443.92661617292964
1995-08-18 01:11:00,676.813,435.8503396618587
1995-08-18 01:12:00,867.264,450.22147279276834
1995-08-18 01:13:00,358.545,502.0717422128859
1995-08-18 01:14:00,479.42199999999997,521.9411979293192
1995-08-18 01:15:00,224.245,534.8379797625032
1995-08-18 01:16:00,847.9670000000001,527.329167241574
1995-08-18 01:17:00,287.911,572.0057583844067
1995-08-18 01:18:00,520.374,500.6723967257612
1995-08-18 01:19:00,188.752,514.8710103970056
1995-08-18 01:20:00,271.416,435.76007476631713
1995-08-18 01:21:00,317.504,415.71578744060247
1995-08-18 01:22:00,583.449,421.0991777939367
1995-08-18 01:23:00,1211.9930000000002,396.82561057963795
1995-08-18 01:24:00,45.762,471.2414469766154
1995-08-18 01:25:00,231.953,427.0128307770948
1995-08-18 01:26:00,607.737,393.79954273097997
1995-08-18 01:27:00,236.762,440.7595448685268
1995-08-18 01:28:00,126.495,482.5072954144539
1995-08-18 01:29:00,112.961,491.2750141650689
1995-08-18 01:30:00,254.721,379.49350935369813
1995-08-18 01:31:00,287.638,396.86669940498575
1995-08-18 01:32:00,166.161,423.58270933504144
1995-08-18 01:33:00,502.77,406.6794289108817
1995-08-18 01:34:00,147.596,434.35071680108115
1995-08-18 01:35:00,480.633,452.15091709645344
1995-08-18 01:36:00,499.522,520.817348068885
1995-08-18 01:37:00,548.741,485.3084575020327
1995-08-18 01:38:00,233.811,521.1931404627858
1995-08-18 01:39:00,122.208,499.8225030818405
1995-08-18 01:40:00,191.185,434.3233678502398
1995-08-18 01:41:00,392.724,434.8666003533714
1995-08-18 01:42:00,292.891,434.4195806089158
1995-08-18 01:43:00,143.514,432.87760256977793
1995-08-18 01:44:00,969.677,389.716577826295
1995-08-18 01:45:00,162.408,506.06011799730834
1995-08-18 01:46:00,74.249,462.9985666010175
1995-08-18 01:47:00,210.75,434.3020595461794
1995-08-18 01:48:00,1359.961,484.579279777536
1995-08-18 01:49:00,1010.745,481.9964461608956
1995-08-18 01:50:00,294.66499999999996,566.5129637851661
1995-08-18 01:51:00,339.38599999999997,530.4569662307879
1995-08-18 01:52:00,275.395,517.515740453334
1995-08-18 01:53:00,391.635,509.6265349227768
1995-08-18 01:54:00,404.26,567.2758952009332
1995-08-18 01:55:00,524.395,557.7478314489688
1995-08-18 01:56:00,474.778,597.3004518273975
1995-08-18 01:57:00,2286.4480000000003,536.8958783773062
1995-08-18 01:58:00,322.323,693.4953531933422
1995-08-18 01:59:00,495.86199999999997,704.138048128873
1995-08-18 02:00:00,351.491,661.1634493763075
1995-08-18 02:01:00,397.963,603.8520471443661
1995-08-18 02:02:00,277.118,589.4498990833773
1995-08-18 02:03:00,190.479,545.4268118953875
1995-08-18 02:04:00,140.317,464.15568570493593
1995-08-18 02:05:00,438.996,403.8298521794147
1995-08-18 02:06:00,392.959,398.84431178052023
1995-08-18 02:07:00,106.996,460.5857888050742
1995-08-18 02:08:00,172.751,391.34019996008186
1995-08-18 02:09:00,170.92100000000002,367.7818764360705
1995-08-18 02:10:00,1496.8790000000001,387.71175586412625
1995-08-18 02:11:00,628.304,384.8662202888728
1995-08-18 02:12:00,432.726,555.300504127918
1995-08-18 02:13:00,230.236,553.5752985541149
1995-08-18 02:14:00,290.429,522.1197925017257
1995-08-18 02:15:00,84.001,492.7588535266513
1995-08-18 02:16:00,74.32000000000001,351.4829302137029
1995-08-18 02:17:00,52.976,289.5654165089279
1995-08-18 02:18:00,73.23,283.71717953977577
1995-08-18 02:19:00,216.181,282.1038956493754
1995-08-18 02:20:00,133.071,279.4648007851599
1995-08-18 02:21:00,227.38199999999998,270.01644683318415
1995-08-18 02:22:00,337.68,274.9947823858528
1995-08-18 02:23:00,1176.1100000000001,300.60560008185297
1995-08-18 02:24:00,24.392,337.9509866731393
1995-08-18 02:25:00,133.305,318.836864426298
1995-08-18 02:26:00,146.90699999999998,312.88533328251475
1995-08-18 02:27:00,1245.982,296.4839320914013
1995-08-18 02:28:00,100.747,342.69421059580753
1995-08-18 02:29:00,66.941,423.62986897141536
1995-08-18 02:30:00,368.165,312.6350940163345
1995-08-18 02:31:00,229.908,336.9547779228563
1995-08-18 02:32:00,1327.398,359.5749969495801
1995-08-18 02:33:00,165.566,352.01626731768346
1995-08-18 02:34:00,354.686,356.99946880372363
1995-08-18 02:35:00,348.331,304.0191177968305
1995-08-18 02:36:00,452.527,412.1759399459982
1995-08-18 02:37:00,361.455,459.7673841502159
1995-08-18 02:38:00,1268.888,449.8408856441731
1995-08-18 02:39:00,639.198,414.7010048711546
1995-08-18 02:40:00,212.95499999999998,454.49030211257246
1995-08-18 02:41:00,444.79600000000005,473.9975487832711
1995-08-18 02:42:00,298.183,509.2596746758012
1995-08-18 02:43:00,343.751,465.6192204715945
1995-08-18 02:44:00,43.768,448.67832950974974
1995-08-18 02:45:00,264.21,356.5149704527721
1995-08-18 02:46:00,232.15,363.74219760969197
1995-08-18 02:47:00,227.08599999999998,390.58208848949147
1995-08-18 02:48:00,369.298,339.49266957135586
1995-08-18 02:49:00,285.104,420.4839650024555
1995-08-18 02:50:00,367.372,447.3649848709812
1995-08-18 02:51:00,135.203,362.1814030833961
1995-08-18 02:52:00,271.266,387.91700220640604
1995-08-18 02:53:00,303.301,430.9058027537276
1995-08-18 02:54:00,213.37,433.3783802290466
1995-08-18 02:55:00,383.238,437.24285900361997
1995-08-18 02:56:00,311.326,391.9182593839684
1995-08-18 02:57:00,423.827,425.67316227200587
1995-08-18 02:58:00,472.84299999999996,372.3994205855774
1995-08-18 02:59:00,422.828,378.8303460977154
1995-08-18 03:00:00,678.541,378.23874146195726
1995-08-18 03:01:00,235.69899999999998,411.38492019598465
1995-08-18 03:02:00,651.033,466.9609279714065
1995-08-18 03:03:00,739.246,446.3616430017116
1995-08-18 03:04:00,813.918,513.375828256783
1995-08-18 03:05:00,207.942,498.0675862170711
1995-08-18 03:06:00,477.24800000000005,437.33605077358953
1995-08-18 03:07:00,206.995,445.86991659460193
1995-08-18 03:08:00,444.44,401.50356446548284
1995-08-18 03:09:00,149.786,412.0048207260317
1995-08-18 03:10:00,208.66799999999998,390.6264147561175
1995-08-18 03:11:00,257.218,389.62986718336964
1995-08-18 03:12:00,197.096,410.9285924534675
1995-08-18 03:13:00,24.109,388.97985073832564
1995-08-18 03:14:00,345.23199999999997,361.3704946810471
1995-08-18 03:15:00,335.233,356.2776438835011
1995-08-18 03:16:00,968.683,392.1849766456667
1995-08-18 03:17:00,34.94,362.6841758005974
1995-08-18 03:18:00,206.753,345.5323526810404
1995-08-18 03:19:00,271.053,303.3399745229077
1995-08-18 03:20:00,314.547,290.7984844324118
1995-08-18 03:21:00,259.68,302.414800711438
1995-08-18 03:22:00,69.458,357.6921309336358
1995-08-18 03:23:00,963.362,275.908385971045
1995-08-18 03:24:00,910.3629999999999,370.27081554662226
1995-08-18 03:25:00,172.738,459.5638760708929
1995-08-18 03:26:00,352.207,415.9578944601814
1995-08-18 03:27:00,181.919,427.6823950821951
1995-08-18 03:28:00,98.54,387.9397075635657
1995-08-18 03:29:00,105.503,357.7206051796592
1995-08-18 03:30:00,341.488,317.21567914894086
1995-08-18 03:31:00,94.73,302.90879018761615
1995-08-18 03:32:00,163.847,289.67619754551873
1995-08-18 03:33:00,65.167,288.0418626676344
1995-08-18 03:34:00,510.264,298.69227971804315
1995-08-18 03:35:00,334.697,351.3817508327193
1995-08-18 03:36:00,1334.092,427.12220395864443
1995-08-18 03:37:00,290.879,502.02622107023456
1995-08-18 03:38:00,725.0509999999999,486.01273062598017
1995-08-18 03:39:00,60.768,489.4670093895165
1995-08-18 03:40:00,26.384999999999998,416.2787875157371
1995-08-18 03:41:00,115.663,319.60454090624347
1995-08-18 03:42:00,83.191,331.0472049277886
1995-08-18 03:43:00,59.87,278.002996855662
1995-08-18 03:44:00,446.195,240.57021809205702
1995-08-18 03:45:00,885.378,375.2341698704576
1995-08-18 03:46:00,95.763,411.8402372745686
1995-08-18 03:47:00,30.886,367.3251273787735
1995-08-18 03:48:00,383.91299999999995,313.67338571999073
1995-08-18 03:49:00,354.548,401.85791246491357
1995-08-18 03:50:00,290.519,431.31221664275745
1995-08-18 03:51:00,256.036,382.9140664570831
1995-08-18 03:52:00,335.785,366.9190227803426
1995-08-18 03:53:00,135.664,332.9521014441339
1995-08-18 03:54:00,153.007,312.4016116467948
1995-08-18 03:55:00,91.806,284.6590598547374
1995-08-18 03:56:00,679.9639999999999,334.2659075647983
1995-08-18 03:57:00,306.339,373.6170317531796
1995-08-18 03:58:00,227.73100000000002,316.65872519389984
1995-08-18 03:59:00,67.809,309.7191971724597
1995-08-18 04:00:00,851.947,267.87222422549024
1995-08-18 04:01:00,451.817,371.2817214628055
1995-08-18 04:02:00,254.17,437.07013540385844
1995-08-18 04:03:00,38.742,340.60083226150687
1995-08-18 04:04:00,116.38,297.74669205349454
1995-08-18 04:05:00,34.53,272.3668587397996
1995-08-18 04:06:00,148.17,272.52155327109386
1995-08-18 04:07:00,1212.1799999999998,250.49274313880906
1995-08-18 04:08:00,64.871,272.47153384282205
1995-08-18 04:09:00,9.782,297.58953080511714
1995-08-18 04:10:00,86.586,240.86638354949557
1995-08-18 04:11:00,102.44200000000001,267.07948663992744
1995-08-18 04:12:00,52.286,275.32019141880653
1995-08-18 04:13:00,187.031,286.9233858333614
1995-08-18 04:14:00,294.81399999999996,376.93096887596477
1995-08-18 04:15:00,60.181,370.0033446606467
1995-08-18 04:16:00,448.25300000000004,346.38073705617563
1995-08-18 04:17:00,118.02000000000001,297.78134586401796
1995-08-18 04:18:00,366.954,275.2224907209739
1995-08-18 04:19:00,351.801,328.75908761354816
1995-08-18 04:20:00,205.343,383.594443497676
1995-08-18 04:21:00,96.866,301.79259451991726
1995-08-18 04:22:00,94.52799999999999,283.5577059964886
1995-08-18 04:23:00,276.032,268.75347046414737
1995-08-18 04:24:00,63.075,312.49688939077544
1995-08-18 04:25:00,254.465,305.5730222547731
1995-08-18 04:26:00,138.339,324.5404005387142
1995-08-18 04:27:00,114.97899999999998,311.64752111407086
1995-08-18 04:28:00,41.818999999999996,316.65518652562037
1995-08-18 04:29:00,84.417,276.2154439165316
1995-08-18 04:30:00,251.608,226.17024138583753
1995-08-18 04:31:00,318.486,315.13610342330514
1995-08-18 04:32:00,164.255,356.2849798184023
1995-08-18 04:33:00,339.98400000000004,357.8858314006742
1995-08-18 04:34:00,241.744,276.5425116975922
1995-08-18 04:35:00,380.837,266.13469544310385
1995-08-18 04:36:00,251.192,298.26046921373484
1995-08-18 04:37:00,38.804,290.8580053419565
1995-08-18 04:38:00,182.42399999999998,244.54734542827038
1995-08-18 04:39:00,51.556,246.66080537023424
1995-08-18 04:40:00,86.168,240.41661114139043
1995-08-18 04:41:00,41.227000000000004,228.5578009999334
1995-08-18 04:42:00,573.591,257.1893222640216
1995-08-18 04:43:00,187.89100000000002,284.12749085924236
1995-08-18 04:44:00,437.60299999999995,354.0508912130187
1995-08-18 04:45:00,327.585,321.4348482386639
1995-08-18 04:46:00,270.752,333.9618276264994
1995-08-18 04:47:00,223.88600000000002,322.1242574214777
1995-08-18 04:48:00,738.899,305.091272518988
1995-08-18 04:49:00,352.97,344.52631134534334
1995-08-18 04:50:00,306.571,352.6913781494695
1995-08-18 04:51:00,503.132,314.54093937482696
1995-08-18 04:52:00,459.363,298.9715247013142
1995-08-18 04:53:00,713.948,334.13035949214463
1995-08-18 04:54:00,438.399,428.38386779798293
1995-08-18 04:55:00,229.12099999999998,432.0183455980999
1995-08-18 04:56:00,251.989,407.43294499636505
1995-08-18 04:57:00,68.5,445.90883120041394
1995-08-18 04:58:00,94.553,358.0957205945437
1995-08-18 04:59:00,381.044,300.5003322034289
1995-08-18 05:00:00,284.838,331.87411089967793
1995-08-18 05:01:00,1314.8139999999999,334.50158522599617
1995-08-18 05:02:00,540.073,282.39452553273213
1995-08-18 05:03:00,79.033,389.12799581119987
1995-08-18 05:04:00,468.086,345.39191916133933
1995-08-18 05:05:00,298.246,359.0884193480906
1995-08-18 05:06:00,61.069,384.53926596264165
1995-08-18 05:07:00,132.58499999999998,324.35033786405154
1995-08-18 05:08:00,181.088,273.3143026104692
1995-08-18 05:09:00,518.605,299.8513768529013
1995-08-18 05:10:00,67.542,321.35852720472076
1995-08-18 05:11:00,167.435,278.8498468145259
1995-08-18 05:12:00,250.816,388.77950832150435
1995-08-18 05:13:00,370.926,438.77223451979086
1995-08-18 05:14:00,127.26400000000001,341.7366653338639
1995-08-18 05:15:00,239.827,333.477796255629
1995-08-18 05:16:00,99.181,335.29382307701184
1995-08-18 05:17:00,130.389,312.43663770253477
1995-08-18 05:18:00,135.313,295.9330421828522
1995-08-18 05:19:00,246.676,302.9083939040288
1995-08-18 05:20:00,78.489,350.8507755417115
1995-08-18 05:21:00,303.303,283.161706707018
1995-08-18 05:22:00,106.397,328.45576961708156
1995-08-18 05:23:00,253.06300000000002,268.2900321678718
1995-08-18 05:24:00,148.743,343.8107862229233
1995-08-18 05:25:00,9.979,308.9129354193123
1995-08-18 05:26:00,88.525,232.13902013327697
1995-08-18 05:27:00,69.343,219.00100058632364
1995-08-18 05:28:00,0.0,239.4758476849232
1995-08-18 05:33:00,222.239,245.16130377354696
1995-08-18 05:35:00,32.528999999999996,224.72354828098463
1995-08-18 05:36:00,59.882999999999996,216.11789306493137
1995-08-18 05:37:00,16.761,216.77448096675744
1995-08-18 05:38:00,42.48,190.53858347891006
1995-08-18 05:39:00,57.294,215.84326398913694
1995-08-18 05:40:00,196.92,239.3641729398475
1995-08-18 05:41:00,101.693,248.25580793881346
1995-08-18 05:42:00,189.753,256.17217753161697
1995-08-18 05:43:00,49.009,244.45484578233177
1995-08-18 05:45:00,502.59000000000003,222.89043394265914
1995-08-18 05:46:00,160.079,250.31103593296027
1995-08-18 05:47:00,87.148,273.9445940002181
1995-08-18 05:48:00,142.9,256.29737323573585
1995-08-18 05:49:00,51.556,237.66660514206708
1995-08-18 05:50:00,111.268,246.94622475482512
1995-08-18 05:51:00,260.979,242.8898146966594
1995-08-18 05:52:00,156.672,286.0195334437295
1995-08-18 05:53:00,250.981,278.9868916372733
1995-08-18 05:54:00,152.086,323.1647433525386
1995-08-18 05:55:00,368.926,303.0788892981673
1995-08-18 05:56:00,155.698,286.3063364617148
1995-08-18 05:57:00,314.719,274.73427310039716
1995-08-18 05:58:00,207.076,398.84064964463994
1995-08-18 05:59:00,312.408,378.6486778419231
1995-08-18 06:00:00,121.49099999999999,304.69991390256786
1995-08-18 06:01:00,182.48,279.9553347797913
1995-08-18 06:02:00,116.187,301.83361970209495
1995-08-18 06:03:00,144.738,320.84351731636224
1995-08-18 06:04:00,88.04,264.7284388425168
1995-08-18 06:05:00,144.837,244.96294573635308
1995-08-18 06:06:00,122.754,267.3407096173454
1995-08-18 06:07:00,124.04299999999999,282.43781375795004
1995-08-18 06:08:00,331.26800000000003,286.5215016728182
1995-08-18 06:09:00,223.62199999999999,383.9502331781732
1995-08-18 06:10:00,121.944,364.55977678640323
1995-08-18 06:11:00,364.367,340.2524359918136
1995-08-18 06:12:00,292.722,326.0351352085986
1995-08-18 06:13:00,241.482,340.3243782356513
1995-08-18 06:14:00,66.766,322.6395585156277
1995-08-18 06:15:00,139.805,287.93810242590484
1995-08-18 06:16:00,36.168,256.1326980288308
1995-08-18 06:17:00,154.914,231.85980980516538
1995-08-18 06:18:00,116.798,261.3516316330222
1995-08-18 06:19:00,131.24,250.1607268506312
1995-08-18 06:20:00,111.19399999999999,282.07142555131566
1995-08-18 06:21:00,115.146,247.28013956644386
1995-08-18 06:22:00,143.743,245.96462056431912
1995-08-18 06:23:00,42.337,258.7260013793551
1995-08-18 06:24:00,149.042,243.6092151653007
1995-08-18 06:25:00,346.64500000000004,326.35601179530863
1995-08-18 06:26:00,297.49,313.0813010874886
1995-08-18 06:27:00,252.05,287.63723473270755
1995-08-18 06:28:00,141.802,254.70055509290384
1995-08-18 06:29:00,225.503,247.19297641512856
1995-08-18 06:30:00,239.0,253.2993093040294
1995-08-18 06:31:00,33.120999999999995,260.51442537541675
1995-08-18 06:32:00,92.853,236.3042756412015
1995-08-18 06:33:00,55.92,242.623212184722
1995-08-18 06:34:00,49.378,249.71147538599567
1995-08-18 06:35:00,136.861,230.97657416229706
1995-08-18 06:36:00,26.116,230.57676359372226
1995-08-18 06:37:00,141.46800000000002,202.91253407886333
1995-08-18 06:38:00,641.848,200.2282123737615
1995-08-18 06:39:00,43.875,377.7942343184492
1995-08-18 06:40:00,259.187,290.22765734241744
1995-08-18 06:41:00,103.858,275.53693019590605
1995-08-18 06:42:00,252.42499999999998,288.6811120322612
1995-08-18 06:43:00,439.986,278.81094701061267
1995-08-18 06:44:00,219.769,375.23109430359546
1995-08-18 06:45:00,132.202,331.19575074928395
1995-08-18 06:46:00,71.36,295.9388371110303
1995-08-18 06:47:00,199.972,298.8605824466602
1995-08-18 06:48:00,65.718,255.6461964060929
1995-08-18 06:49:00,56.009,266.74866386119913
1995-08-18 06:50:00,136.181,212.4069024435544
1995-08-18 06:51:00,62.391,202.67631843628766
1995-08-18 06:52:00,908.189,238.2211949743694
1995-08-18 06:53:00,216.675,312.93682996585113
1995-08-18 06:54:00,248.591,372.25287098530544
1995-08-18 06:55:00,531.812,368.4572855672706
1995-08-18 06:56:00,1010.7900000000001,414.49911127448587
1995-08-18 06:57:00,337.69100000000003,485.350401168289
1995-08-18 06:58:00,378.424,539.7900730138176
1995-08-18 06:59:00,715.6569999999999,554.5060992114041
1995-08-18 07:00:00,300.39,490.4378919357757
1995-08-18 07:01:00,234.13,476.95268493108495
1995-08-18 07:02:00,387.605,496.3678885813572
1995-08-18 07:03:00,759.5669999999999,440.34523826222676
1995-08-18 07:04:00,304.554,454.809401766391
1995-08-18 07:05:00,239.65,451.91232364987104
1995-08-18 07:06:00,246.357,431.7226726484045
1995-08-18 07:07:00,239.14199999999997,446.71872758466264
1995-08-18 07:08:00,439.149,407.1257242263116
1995-08-18 07:09:00,418.267,410.97878597413967
1995-08-18 07:10:00,680.657,496.80732461246873
1995-08-18 07:11:00,673.941,459.538703782957
1995-08-18 07:12:00,478.389,530.2285759401832
1995-08-18 07:13:00,425.708,537.9449089132869
1995-08-18 07:14:00,378.93600000000004,531.2832187940071
1995-08-18 07:15:00,752.491,585.3867406539214
1995-08-18 07:16:00,540.366,527.2086369881862
1995-08-18 07:17:00,1008.536,517.2597522201759
1995-08-18 07:18:00,618.794,613.8983017546009
1995-08-18 07:19:00,281.764,662.8071372006261
1995-08-18 07:20:00,483.524,573.7140741123742
1995-08-18 07:21:00,471.238,552.1125122616216
1995-08-18 07:22:00,678.975,541.9342914271349
1995-08-18 07:23:00,2036.4009999999998,608.1481083727447
1995-08-18 07:24:00,632.943,637.6801130920079
1995-08-18 07:25:00,143.719,627.1911750044551
1995-08-18 07:26:00,328.939,514.5328154765043
1995-08-18 07:27:00,233.169,513.8829549952554
1995-08-18 07:28:00,542.646,554.4399400462285
1995-08-18 07:29:00,284.15500000000003,562.0412719963824
1995-08-18 07:30:00,147.314,446.872952620818
1995-08-18 07:31:00,223.128,400.9044807008932
1995-08-18 07:32:00,203.483,422.6461003263659
1995-08-18 07:33:00,426.425,389.38978998440484
1995-08-18 07:34:00,196.4,455.3368704116337
1995-08-18 07:35:00,360.73400000000004,410.1418010456832
1995-08-18 07:36:00,386.943,453.2370771749579
1995-08-18 07:37:00,991.491,523.4359427578585
1995-08-18 07:38:00,374.071,563.2582883714128
1995-08-18 07:39:00,241.59799999999998,554.58853825499
1995-08-18 07:40:00,306.647,516.4893630131069
1995-08-18 07:41:00,281.818,557.9622118802943
1995-08-18 07:42:00,340.084,588.9193739871937
1995-08-18 07:43:00,320.917,575.0464895892659
1995-08-18 07:44:00,258.894,549.4161333951474
1995-08-18 07:45:00,210.438,606.2486538725072
1995-08-18 07:46:00,332.26800000000003,476.93692853307454
1995-08-18 07:47:00,718.125,559.8369706716786
1995-08-18 07:48:00,330.22,659.7549165690167
1995-08-18 07:49:00,234.324,551.2271961454819
1995-08-18 07:50:00,65.734,475.5339225718376
1995-08-18 07:51:00,208.541,431.95051898314074
1995-08-18 07:52:00,301.323,544.2956033496342
1995-08-18 07:53:00,260.642,485.1747852214314
1995-08-18 07:54:00,318.565,456.8998278368156
1995-08-18 07:55:00,159.636,486.2050173188945
1995-08-18 07:56:00,1017.203,489.0484795727158
1995-08-18 07:57:00,325.716,485.4052856159887
1995-08-18 07:58:00,240.485,466.76322115525284
1995-08-18 07:59:00,49.736,424.112163821637
1995-08-18 08:00:00,321.469,410.3947811075145
1995-08-18 08:01:00,356.841,462.64964115878286
1995-08-18 08:02:00,234.512,543.4777291378554
1995-08-18 08:03:00,509.33700000000005,522.2360048674886
1995-08-18 08:04:00,183.309,557.3577728387835
1995-08-18 08:05:00,776.667,535.9710381317159
1995-08-18 08:06:00,750.37,642.1062551544403
1995-08-18 08:07:00,491.027,685.1629390849387
1995-08-18 08:08:00,608.472,653.4403356898019
1995-08-18 08:09:00,591.775,732.0008978260662
1995-08-18 08:10:00,322.644,624.0886742685942
1995-08-18 08:11:00,613.053,612.5262328080901
1995-08-18 08:12:00,698.249,638.0864397074067
1995-08-18 08:13:00,1522.1939999999997,661.952073752293
1995-08-18 08:14:00,340.33099999999996,706.1402906402976
1995-08-18 08:15:00,1969.077,675.4839127846491
1995-08-18 08:16:00,197.993,681.5806529403106
1995-08-18 08:17:00,993.9459999999999,585.2845742282182
1995-08-18 08:18:00,246.763,689.9836112631427
1995-08-18 08:19:00,1115.317,659.934402703369
1995-08-18 08:20:00,627.657,719.9559678186251
1995-08-18 08:21:00,175.745,765.4064558772203
1995-08-18 08:22:00,217.196,585.5252632173348
1995-08-18 08:23:00,146.72,521.0703940950298
1995-08-18 08:24:00,284.443,504.99550939794347
1995-08-18 08:25:00,294.099,567.4840940882931
1995-08-18 08:26:00,599.274,589.3080078851488
1995-08-18 08:27:00,506.7,652.1846088292242
1995-08-18 08:28:00,357.01300000000003,642.2312810584096
1995-08-18 08:29:00,379.22,630.462545491763
1995-08-18 08:30:00,720.645,609.921439692876
1995-08-18 08:31:00,424.069,701.2951004905008
1995-08-18 08:32:00,780.39,660.1496354480292
1995-08-18 08:33:00,493.231,667.0288110870332
1995-08-18 08:34:00,76.043,630.3921101073496
1995-08-18 08:35:00,757.836,538.7211352514086
1995-08-18 08:36:00,469.614,594.7550192556961
1995-08-18 08:37:00,490.839,621.1906858899879
1995-08-18 08:38:00,330.09999999999997,606.3417614449404
1995-08-18 08:39:00,540.945,626.9663968988522
1995-08-18 08:40:00,369.17199999999997,598.9613289675647
1995-08-18 08:41:00,852.4970000000001,628.8611406653117
1995-08-18 08:42:00,1558.781,632.160930993064
1995-08-18 08:43:00,868.249,657.9317564178438
1995-08-18 08:44:00,1148.949,762.1006292663525
1995-08-18 08:45:00,434.619,826.0064042227402
1995-08-18 08:46:00,771.467,709.8561603778033
1995-08-18 08:47:00,639.432,862.9150711788475
1995-08-18 08:48:00,540.015,842.1910232403973
1995-08-18 08:49:00,935.666,823.6216897523846
1995-08-18 08:50:00,563.047,899.1146977418873
1995-08-18 08:51:00,1570.107,862.9361855874376
1995-08-18 08:52:00,458.73,851.8961417736889
1995-08-18 08:53:00,781.401,714.5489615721297
1995-08-18 08:54:00,1149.702,819.1546427356864
1995-08-18 08:55:00,955.841,976.132952612867
1995-08-18 08:56:00,862.486,950.8010329212477
1995-08-18 08:57:00,1036.387,946.1054245051216
1995-08-18 08:58:00,1477.115,1041.0513087640218
1995-08-18 08:59:00,660.12,1036.338341896784
1995-08-18 09:00:00,1178.166,964.8298576342085
1995-08-18 09:01:00,1024.417,992.8082746744241
1995-08-18 09:02:00,1275.954,987.8340189831912
1995-08-18 09:03:00,681.013,1028.4403165773538
1995-08-18 09:04:00,787.3660000000001,874.130912545736
1995-08-18 09:05:00,327.625,799.4878381624006
1995-08-18 09:06:00,154.274,855.8647534021019
1995-08-18 09:07:00,413.405,706.8463773983455
1995-08-18 09:08:00,363.52500000000003,676.426651846413
1995-08-18 09:09:00,1227.451,644.394404968613
1995-08-18 09:10:00,407.447,727.2799936665898
1995-08-18 09:11:00,653.7339999999999,761.2184334923667
1995-08-18 09:12:00,399.226,686.6430807967137
1995-08-18 09:13:00,596.428,694.9145318903242
1995-08-18 09:14:00,1327.787,645.8571077623732
1995-08-18 09:15:00,1015.8309999999999,744.1469229251376
1995-08-18 09:16:00,514.263,769.3580706717516
1995-08-18 09:17:00,1375.552,802.3337401919487
1995-08-18 09:18:00,679.461,880.7775892473105
1995-08-18 09:19:00,829.647,843.0052681249134
1995-08-18 09:20:00,745.801,929.7193187063973
1995-08-18 09:21:00,1084.971,822.2728385169005
1995-08-18 09:22:00,825.174,905.0981423532271
1995-08-18 09:23:00,243.16400000000002,862.7866562802134
1995-08-18 09:24:00,2023.828,786.6719682298406
1995-08-18 09:25:00,447.24,835.2647868435496
1995-08-18 09:26:00,212.36700000000002,716.1059094579955
1995-08-18 09:27:00,387.217,662.5286677713171
1995-08-18 09:28:00,1265.29,733.8024335512911
1995-08-18 09:29:00,387.731,725.6216113626035
1995-08-18 09:30:00,629.338,783.2522165484411
1995-08-18 09:31:00,742.256,764.0397243023514
1995-08-18 09:32:00,476.376,703.213098309542
1995-08-18 09:33:00,289.467,717.8944892353214
1995-08-18 09:34:00,2158.589,691.3691641695092
1995-08-18 09:35:00,441.981,875.4386441576795
1995-08-18 09:36:00,681.9549999999999,860.3291424051021
1995-08-18 09:37:00,658.805,879.4068338223157
1995-08-18 09:38:00,583.406,894.5922767673967
1995-08-18 09:39:00,1057.068,852.7431394423214
1995-08-18 09:40:00,694.294,979.507923350172
1995-08-18 09:41:00,475.879,812.1797811041911
1995-08-18 09:42:00,906.712,814.2674809024887
1995-08-18 09:43:00,595.994,801.4744685108041
1995-08-18 09:44:00,587.082,888.9540359660468
1995-08-18 09:45:00,105.12899999999999,852.3510688893778
1995-08-18 09:46:00,1426.307,645.2501213089134
1995-08-18 09:47:00,792.745,857.9195144189983
1995-08-18 09:48:00,529.114,810.0956042526776
1995-08-18 09:49:00,496.567,782.4690874416114
1995-08-18 09:50:00,674.106,804.0282544085394
1995-08-18 09:51:00,812.915,865.0681925431327
1995-08-18 09:52:00,743.302,903.0652205407836
1995-08-18 09:53:00,1014.395,818.9370298574404
1995-08-18 09:54:00,592.031,969.3622414297115
1995-08-18 09:55:00,2369.093,851.8561956561838
1995-08-18 09:56:00,1068.359,982.2208313269228
1995-08-18 09:57:00,846.272,998.4144250225262
1995-08-18 09:58:00,1206.456,1023.3406018013636
1995-08-18 09:59:00,606.7379999999999,1068.0023893349232
1995-08-18 10:00:00,555.2049999999999,1008.4580108531594
1995-08-18 10:01:00,985.342,928.3638991188295
1995-08-18 10:02:00,740.778,1011.1222035570644
1995-08-18 10:03:00,391.216,930.676989419656
1995-08-18 10:04:00,2141.532,1021.4141853907017
1995-08-18 10:05:00,812.379,884.6601204890035
1995-08-18 10:06:00,459.035,922.8737948085541
1995-08-18 10:07:00,869.192,890.4040077887767
1995-08-18 10:08:00,1571.995,933.8339785832084
1995-08-18 10:09:00,763.0999999999999,1054.3340142625102
1995-08-18 10:10:00,1656.1009999999999,1068.9454356276742
1995-08-18 10:11:00,1742.9070000000002,1068.9126955775594
1995-08-18 10:12:00,391.062,1135.107067343707
1995-08-18 10:13:00,417.373,943.9420014105923
1995-08-18 10:14:00,526.5219999999999,948.2483068516306
1995-08-18 10:15:00,358.664,964.2015254126617
1995-08-18 10:16:00,909.961,878.1991590602169
1995-08-18 10:17:00,676.959,975.3218068619746
1995-08-18 10:18:00,996.1880000000001,909.2042834554751
1995-08-18 10:19:00,636.395,962.5266630786259
1995-08-18 10:20:00,410.451,841.4803691060122
1995-08-18 10:21:00,415.755,786.5865323616335
1995-08-18 10:22:00,443.022,824.6813865666138
1995-08-18 10:23:00,473.275,768.5551583232699
1995-08-18 10:24:00,803.021,801.2319425968271
1995-08-18 10:25:00,348.53700000000003,736.0788552040079
1995-08-18 10:26:00,502.273,819.7201129579086
1995-08-18 10:27:00,693.972,742.7432205836059
1995-08-18 10:28:00,832.394,792.377709249817
1995-08-18 10:29:00,325.597,838.3431276555642
1995-08-18 10:30:00,780.8059999999999,670.6374577899563
1995-08-18 10:31:00,935.976,740.0940872371899
1995-08-18 10:32:00,574.457,866.9614210572223
1995-08-18 10:33:00,596.082,805.8215460563639
1995-08-18 10:34:00,287.814,818.4583408776771
1995-08-18 10:35:00,699.333,744.2342216291186
1995-08-18 10:36:00,391.152,881.373306703646
1995-08-18 10:37:00,1506.623,739.6195146752739
1995-08-18 10:38:00,222.292,773.9331920344885
1995-08-18 10:39:00,453.714,798.5570266085523
1995-08-18 10:40:00,707.187,756.7864279737906
1995-08-18 10:41:00,717.7660000000001,845.3533896260643
1995-08-18 10:42:00,689.416,803.103303856945
1995-08-18 10:43:00,742.065,836.144394351908
1995-08-18 10:44:00,1127.991,808.4670263393303
1995-08-18 10:45:00,2424.306,946.0613099598515
1995-08-18 10:46:00,1415.529,1051.0950208042584
1995-08-18 10:47:00,669.095,1167.3862658386865
1995-08-18 10:48:00,1297.5729999999999,1052.4091566422128
1995-08-18 10:49:00,1429.471,1167.4436053014313
1995-08-18 10:50:00,2534.4390000000003,1239.4656211547424
1995-08-18 10:51:00,2163.962,1190.8478477618376
1995-08-18 10:52:00,497.93399999999997,1246.5337775397857
1995-08-18 10:53:00,2158.2799999999997,1036.9662106625597
1995-08-18 10:54:00,430.84499999999997,1172.2076889558753
1995-08-18 10:55:00,493.59,977.5750864476327
1995-08-18 10:56:00,347.49399999999997,1046.0231774908166
1995-08-18 10:57:00,561.402,864.2939840337473
1995-08-18 10:58:00,1249.349,835.7640274717693
1995-08-18 10:59:00,566.929,924.8444727312118
1995-08-18 11:00:00,614.66,1008.3507915725121
1995-08-18 11:01:00,572.5889999999999,835.4413132373263
1995-08-18 11:02:00,375.51099999999997,963.3293228623431
1995-08-18 11:03:00,529.5169999999999,833.8078931512741
1995-08-18 11:04:00,335.891,838.7563776003241
1995-08-18 11:05:00,333.019,797.7272663321694
1995-08-18 11:06:00,940.73,897.2096059404837
1995-08-18 11:07:00,426.808,789.9454080273712
1995-08-18 11:08:00,711.987,737.1785541149817
1995-08-18 11:09:00,625.048,810.599392638367
1995-08-18 11:10:00,669.9,864.3577053483284
1995-08-18 11:11:00,856.718,833.9455334782743
1995-08-18 11:12:00,833.376,905.9650991598375
1995-08-18 11:13:00,1313.206,874.0168352763305
1995-08-18 11:14:00,1070.791,1018.7501606311142
1995-08-18 11:15:00,905.268,1085.6710794299684
1995-08-18 11:16:00,893.174,1004.8311102303434
1995-08-18 11:17:00,966.5699999999999,1073.1736109572432
1995-08-18 11:18:00,1044.487,1066.184895862883
1995-08-18 11:19:00,1494.1799999999998,1157.603070266045
1995-08-18 11:20:00,2270.901,1163.461360961212
1995-08-18 11:21:00,1934.356,1213.5122015852735
1995-08-18 11:22:00,1723.566,1308.880593707678
1995-08-18 11:23:00,1086.508,1367.663465217552
1995-08-18 11:24:00,1888.577,1232.1884495859833
1995-08-18 11:25:00,2862.889,1368.6274499075814
1995-08-18 11:26:00,794.475,1468.2923278476082
1995-08-18 11:27:00,566.116,1332.3428292750862
1995-08-18 11:28:00,900.8109999999999,1194.4356578937068
1995-08-18 11:29:00,1223.137,1225.0670153846365
1995-08-18 11:30:00,869.177,1171.1812552300005
1995-08-18 11:31:00,1201.338,1221.3573065423468
1995-08-18 11:32:00,1815.72,1302.5120704710514
1995-08-18 11:33:00,914.1460000000001,1298.247796086221
1995-08-18 11:34:00,1605.424,1284.6758371315657
1995-08-18 11:35:00,1460.374,1367.8825154559745
1995-08-18 11:36:00,1342.633,1400.0260461191951
1995-08-18 11:37:00,543.826,1432.0362963451776
1995-08-18 11:38:00,1134.883,1273.3980593453393
1995-08-18 11:39:00,466.337,1205.434093992671
1995-08-18 11:40:00,450.221,1062.2708076225563
1995-08-18 11:41:00,917.54,937.1814247840322
1995-08-18 11:42:00,504.892,1073.6564540981722
1995-08-18 11:43:00,734.734,1082.2316004463137
1995-08-18 11:44:00,923.3149999999999,1128.732163205593
1995-08-18 11:45:00,1463.407,990.4459522374435
1995-08-18 11:46:00,859.506,1166.7134734596114
1995-08-18 11:47:00,588.285,1094.8667421554956
1995-08-18 11:48:00,559.929,999.6174406033931
1995-08-18 11:49:00,810.698,1043.759667341863
1995-08-18 11:50:00,718.042,983.4623535893137
1995-08-18 11:51:00,758.41,1029.126499008245
1995-08-18 11:52:00,618.273,905.3603560280658
1995-08-18 11:53:00,1554.2649999999999,927.0085821269776
1995-08-18 11:54:00,355.148,928.2194976366839
1995-08-18 11:55:00,325.894,812.2763383198283
1995-08-18 11:56:00,208.375,801.9629102830788
1995-08-18 11:57:00,372.254,690.6171389273034
1995-08-18 11:58:00,657.479,659.7546512379137
1995-08-18 11:59:00,620.626,734.0602149763638
1995-08-18 12:00:00,763.783,798.6154114083242
1995-08-18 12:01:00,1190.31,806.5673429688144
1995-08-18 12:02:00,1344.657,963.7492024080315
1995-08-18 12:03:00,1458.25,1016.3995535009831
1995-08-18 12:04:00,667.715,1111.3468534721335
1995-08-18 12:05:00,1329.6860000000001,1027.7405277945527
1995-08-18 12:06:00,422.8,1141.7321409907702
1995-08-18 12:07:00,409.71299999999997,871.5775247738908
1995-08-18 12:08:00,318.437,913.2634394425384
1995-08-18 12:09:00,767.337,819.7876940069282
1995-08-18 12:10:00,611.188,757.5006880496329
1995-08-18 12:11:00,568.026,810.3695537744966
1995-08-18 12:12:00,405.674,755.1997394489536
1995-08-18 12:13:00,263.781,702.3715955571787
1995-08-18 12:14:00,674.279,674.8164154615935
1995-08-18 12:15:00,869.203,691.1603358812984
1995-08-18 12:16:00,373.385,815.0138540436468
1995-08-18 12:17:00,1646.158,715.997154546108
1995-08-18 12:18:00,946.698,869.2629072909289
1995-08-18 12:19:00,395.956,948.3205833862802
1995-08-18 12:20:00,808.13,855.9032357406493
1995-08-18 12:21:00,848.4689999999999,951.6606249776756
1995-08-18 12:22:00,394.892,881.2260383139457
1995-08-18 12:23:00,963.704,869.9010655306961
1995-08-18 12:24:00,362.969,860.3544329278019
1995-08-18 12:25:00,325.981,741.9742682754165
1995-08-18 12:26:00,1464.324,767.7167199167419
1995-08-18 12:27:00,1407.074,770.067210999539
1995-08-18 12:28:00,540.228,903.1941843456095
1995-08-18 12:29:00,296.784,925.267108559548
1995-08-18 12:30:00,558.514,848.1767463995466
1995-08-18 12:31:00,1679.313,857.6034343439193
1995-08-18 12:32:00,1178.786,1017.8449923013382
1995-08-18 12:33:00,1235.297,1093.223931607685
1995-08-18 12:34:00,462.498,1018.6621791824177
1995-08-18 12:35:00,968.116,942.7817181265889
1995-08-18 12:36:00,1559.849,1013.7359066432623
1995-08-18 12:37:00,673.875,1119.6856489252839
1995-08-18 12:38:00,575.787,964.2859413134729
1995-08-18 12:39:00,1253.964,865.55087457097
1995-08-18 12:40:00,1622.9470000000001,1083.2489348329043
1995-08-18 12:41:00,944.3689999999999,1014.3794897923069
1995-08-18 12:42:00,379.421,1134.3716681462674
1995-08-18 12:43:00,301.654,904.4571950608926
1995-08-18 12:44:00,519.181,758.9581604701613
1995-08-18 12:45:00,345.513,764.1921031876357
1995-08-18 12:46:00,853.201,746.2846985787247
1995-08-18 12:47:00,1764.064,844.045508209389
1995-08-18 12:48:00,753.351,1117.7304737646994
1995-08-18 12:49:00,933.2719999999999,1002.2639886578996
1995-08-18 12:50:00,1570.798,1153.5295766658598
1995-08-18 12:51:00,1898.953,980.531822549139
1995-08-18 12:52:00,1037.708,1108.3080635733418
1995-08-18 12:53:00,1046.741,1147.3415500614885
1995-08-18 12:54:00,1253.244,1077.7208233970082
1995-08-18 12:55:00,1612.279,1208.0876246319813
1995-08-18 12:56:00,606.734,1270.1031608627661
1995-08-18 12:57:00,445.533,1157.0649140978958
1995-08-18 12:58:00,475.12,913.7825054685289
1995-08-18 12:59:00,1441.3380000000002,820.8821686284881
1995-08-18 13:00:00,390.355,891.5069558580042
1995-08-18 13:01:00,636.962,858.5483895303272
1995-08-18 13:02:00,2533.844,853.6550195497904
1995-08-18 13:03:00,688.235,1074.5433619967798
1995-08-18 13:04:00,894.4909999999999,1022.7310182951126
1995-08-18 13:05:00,1108.3029999999999,1117.7123558632716
1995-08-18 13:06:00,709.452,1113.4377613834606
1995-08-18 13:07:00,1174.065,1117.6850230365383
1995-08-18 13:08:00,2218.377,1162.5308912447103
1995-08-18 13:09:00,819.641,1248.913607930709
1995-08-18 13:10:00,1078.854,1277.9163299388665
1995-08-18 13:11:00,2187.886,1163.1506517767723
1995-08-18 13:12:00,1386.067,1253.9519942771608
1995-08-18 13:13:00,1089.918,1433.2922336729312
1995-08-18 13:14:00,1058.604,1278.038300292826
1995-08-18 13:15:00,943.517,1139.201479981167
1995-08-18 13:16:00,844.695,1281.187720008886
1995-08-18 13:17:00,325.503,1160.2251660002034
1995-08-18 13:18:00,1772.435,982.3340595001475
1995-08-18 13:19:00,1840.728,1219.197524449977
1995-08-18 13:20:00,1544.524,1253.4841322147365
1995-08-18 13:21:00,1787.3899999999999,1406.5257138106651
1995-08-18 13:22:00,2436.7580000000003,1356.9529932844978
1995-08-18 13:23:00,622.47,1556.101063495378
1995-08-18 13:24:00,656.675,1443.4034149713762
1995-08-18 13:25:00,559.637,1190.742100112265
1995-08-18 13:26:00,900.811,1165.691325823099
1995-08-18 13:27:00,991.598,1246.0921742509383
1995-08-18 13:28:00,1857.26,1217.123578749499
1995-08-18 13:29:00,1441.138,1285.6581195687695
1995-08-18 13:30:00,994.74,1374.7471709422223
1995-08-18 13:31:00,684.5930000000001,1403.5492456785996
1995-08-18 13:32:00,2100.995,1238.1175447137307
1995-08-18 13:33:00,734.564,1417.9094759079906
1995-08-18 13:34:00,778.774,1280.4367070697872
1995-08-18 13:35:00,691.9540000000001,1219.1290654895556
1995-08-18 13:36:00,1390.431,1073.5576835140066
1995-08-18 13:37:00,395.053,1062.1176742567347
1995-08-18 13:38:00,1520.79,1011.6113638368713
1995-08-18 13:39:00,3426.309,1021.3255379650377
1995-08-18 13:40:00,680.896,1500.6791846286312
1995-08-18 13:41:00,643.843,1318.8868713114912
1995-08-18 13:42:00,533.167,1358.7714874110536
1995-08-18 13:43:00,1014.407,1105.815790456189
1995-08-18 13:44:00,770.958,1192.241905933204
1995-08-18 13:45:00,2086.837,1135.9880582331964
1995-08-18 13:46:00,1405.007,1255.9601087383592
1995-08-18 13:47:00,2196.245,1431.321077739813
1995-08-18 13:48:00,773.95,1427.8678814307113
1995-08-18 13:49:00,2172.49,1421.076780325696
1995-08-18 13:50:00,1283.049,1381.683879366131
1995-08-18 13:51:00,2026.9510000000002,1263.8142167955752
1995-08-18 13:52:00,880.7090000000001,1344.023989859946
1995-08-18 13:53:00,2152.826,1319.8536210686416
1995-08-18 13:54:00,1927.064,1291.6612600234503
1995-08-18 13:55:00,667.797,1487.2976814412111
1995-08-18 13:56:00,1412.513,1332.6604649561093
1995-08-18 13:57:00,1076.747,1347.9316128557641
1995-08-18 13:58:00,1811.464,1366.7148591625141
1995-08-18 13:59:00,702.021,1522.438922401946
1995-08-18 14:00:00,1885.5840000000003,1401.0476472658108
1995-08-18 14:01:00,1917.771,1382.307394952505
1995-08-18 14:02:00,1474.329,1414.4144709073812
1995-08-18 14:03:00,838.802,1482.660533544476
1995-08-18 14:04:00,927.685,1487.6267794352393
1995-08-18 14:05:00,1064.471,1388.7827822963936
1995-08-18 14:06:00,1356.941,1475.4023955770976
1995-08-18 14:07:00,1259.417,1452.735599203201
1995-08-18 14:08:00,2268.981,1504.4720536684893
1995-08-18 14:09:00,549.1370000000001,1671.0343519340747
1995-08-18 14:10:00,389.656,1345.6916482890358
1995-08-18 14:11:00,1156.002,1211.8558705900484
1995-08-18 14:12:00,881.68,1173.3022526366744
1995-08-18 14:13:00,702.568,1198.804538635234
1995-08-18 14:14:00,1743.626,1158.0178670388198
1995-08-18 14:15:00,968.1410000000001,1261.6271630308772
1995-08-18 14:16:00,552.529,1333.3134873039187
1995-08-18 14:17:00,2110.393,1320.7734179732954
1995-08-18 14:18:00,435.78,1493.4911698145618
1995-08-18 14:19:00,1755.865,1156.3435444542183
1995-08-18 14:20:00,285.353,1241.9414013104993
1995-08-18 14:21:00,388.326,1088.3263106855845
1995-08-18 14:22:00,1056.655,1001.7468413363613
1995-08-18 14:23:00,1924.4489999999998,1047.0537983278664
1995-08-18 14:24:00,1859.4080000000001,1314.647344328664
1995-08-18 14:25:00,1087.714,1297.1314402335272
1995-08-18 14:26:00,849.709,1084.555784243865
1995-08-18 14:27:00,1494.827,1049.9879779431265
1995-08-18 14:28:00,325.716,1187.1824195574616
1995-08-18 14:29:00,595.007,1084.3916556841034
1995-08-18 14:30:00,2228.738,1137.3337528777747
1995-08-18 14:31:00,652.722,1316.0984141904676
1995-08-18 14:32:00,427.388,1064.5220956390713
1995-08-18 14:33:00,185.85999999999999,1009.0022736930235
1995-08-18 14:34:00,1008.2,881.1832009739456
1995-08-18 14:35:00,501.831,855.9666680130755
1995-08-18 14:36:00,201.709,890.5935108562995
1995-08-18 14:37:00,1478.767,741.8967060432622
1995-08-18 14:38:00,323.087,783.667007378245
1995-08-18 14:39:00,1386.7210000000002,711.8861546686744
1995-08-18 14:40:00,376.733,950.1286167720592
1995-08-18 14:41:00,916.375,934.1815735432815
1995-08-18 14:42:00,1287.896,1040.2373933591864
1995-08-18 14:43:00,1044.539,1136.3105874239434
1995-08-18 14:44:00,1398.338,1110.8274057136
1995-08-18 14:45:00,645.141,1036.8948088132656
1995-08-18 14:46:00,941.1560000000001,891.1953528327709
1995-08-18 14:47:00,1307.8139999999999,1031.3876829894277
1995-08-18 14:48:00,1666.335,1094.5143855722843
1995-08-18 14:49:00,1092.598,1153.3453853638941
1995-08-18 14:50:00,441.242,1171.381307574721
1995-08-18 14:51:00,416.544,1052.6350925294055
1995-08-18 14:52:00,2377.158,965.321226847985
1995-08-18 14:53:00,585.408,1209.049719078275
1995-08-18 14:54:00,1085.6399999999999,1056.878027886679
1995-08-18 14:55:00,1258.4810000000002,1124.1239815190052
1995-08-18 14:56:00,2278.254,947.8943457428
1995-08-18 14:57:00,881.586,1062.8840798407552
1995-08-18 14:58:00,860.752,1128.3616587781507
1995-08-18 14:59:00,480.467,1119.0476889939252
1995-08-18 15:00:00,1052.917,919.0498646194619
1995-08-18 15:01:00,1207.761,1061.3100797106838
1995-08-18 15:02:00,1198.204,960.2886712306042
1995-08-18 15:03:00,3093.036,912.9652234858472
1995-08-18 15:04:00,2684.574,1329.4020038121914
1995-08-18 15:05:00,2314.273,1505.3940891793816
1995-08-18 15:06:00,2143.379,1580.1710966336532
1995-08-18 15:07:00,1407.363,1571.7679309772388
1995-08-18 15:08:00,2332.2,1566.1836079838768
1995-08-18 15:09:00,603.814,1599.6031908071052
1995-08-18 15:10:00,453.698,1418.9503013683545
1995-08-18 15:11:00,767.393,1230.2329470261789
1995-08-18 15:12:00,708.462,1265.0683215458778
1995-08-18 15:13:00,2463.625,1158.8810018825627
1995-08-18 15:14:00,715.797,1134.7829457771495
1995-08-18 15:15:00,1973.786,1016.6446553430443
1995-08-18 15:16:00,1945.142,1313.9558261975465
1995-08-18 15:17:00,686.662,1398.889780158041
1995-08-18 15:18:00,1455.475,1516.7234504541022
1995-08-18 15:19:00,1810.973,1405.5566947889065
1995-08-18 15:20:00,563.936,1495.5414132906667
1995-08-18 15:21:00,1525.6870000000001,1182.694589908677
1995-08-18 15:22:00,1683.052,1303.7557840039728
1995-08-18 15:23:00,867.698,1276.3599502572722
1995-08-18 15:24:00,488.138,1352.5264338861068
1995-08-18 15:25:00,2044.485,1132.9981370164696
1995-08-18 15:26:00,1360.183,1415.8213635112443
1995-08-18 15:27:00,911.899,1299.2734055685569
1995-08-18 15:28:00,715.63,1300.2177277759088
1995-08-18 15:29:00,1320.844,1174.8607947768683
1995-08-18 15:30:00,1776.032,1494.1552971581073
1995-08-18 15:31:00,1350.452,1383.3574006067736
1995-08-18 15:32:00,1864.587,1520.822682342508
1995-08-18 15:33:00,460.54200000000003,1549.5802198650129
1995-08-18 15:34:00,756.207,1320.703531662451
1995-08-18 15:35:00,2285.754,1203.5758020532544
1995-08-18 15:36:00,610.2230000000001,1342.8260147404546
1995-08-18 15:37:00,1060.387,1179.756088638591
1995-08-18 15:38:00,525.5,1205.9911072553941
1995-08-18 15:39:00,1580.6650000000002,916.3021784259812
1995-08-18 15:40:00,1205.31,1237.9269057920849
1995-08-18 15:41:00,592.671,1287.699490938161
1995-08-18 15:42:00,1489.5,1009.4426081871434
1995-08-18 15:43:00,963.938,1146.6490858822349
1995-08-18 15:44:00,686.5799999999999,1195.7161929913225
1995-08-18 15:45:00,766.8430000000001,1060.000302635313
1995-08-18 15:46:00,1175.0720000000001,983.1358937068962
1995-08-18 15:47:00,803.932,1204.220697340892
1995-08-18 15:48:00,741.22,1166.3132559893163
1995-08-18 15:49:00,666.825,1142.7991926054221
1995-08-18 15:50:00,637.981,1166.0894535198122
1995-08-18 15:51:00,877.437,1153.3044514641138
1995-08-18 15:52:00,987.904,1124.9141562812576
1995-08-18 15:53:00,669.266,1011.7172746235005
1995-08-18 15:54:00,796.886,948.1557046267263
1995-08-18 15:55:00,668.815,1162.3541507756865
1995-08-18 15:56:00,2507.491,1049.9095712345122
1995-08-18 15:57:00,1028.087,1203.630846235086
1995-08-18 15:58:00,829.491,1253.0232848063738
1995-08-18 15:59:00,836.7370000000001,1199.30836952147
1995-08-18 16:00:00,441.488,1147.9704030174087
1995-08-18 16:01:00,642.134,941.5346648714512
1995-08-18 16:02:00,904.9250000000001,984.5891714211248
1995-08-18 16:03:00,878.915,971.4262614736056
1995-08-18 16:04:00,761.864,1020.2045209112828
1995-08-18 16:05:00,2535.576,1004.8350238520962
1995-08-18 16:06:00,2545.48,1274.1131461930745
1995-08-18 16:07:00,1594.33,1395.5019850465508
1995-08-18 16:08:00,2427.561,1387.0165157792048
1995-08-18 16:09:00,2683.881,1516.2486360636954
1995-08-18 16:10:00,2801.993,1638.6471186734639
1995-08-18 16:11:00,2180.188,1664.226822299414
1995-08-18 16:12:00,1338.1019999999999,1585.5582307941802
1995-08-18 16:13:00,2067.77,1613.6607686510133
1995-08-18 16:14:00,919.969,1624.5427749151843
1995-08-18 16:15:00,1161.972,1480.9654689456956
1995-08-18 16:16:00,788.6719999999999,1434.9772591091255
1995-08-18 16:17:00,1249.742,1235.0380971511097
1995-08-18 16:18:00,733.518,1268.0043695082418
1995-08-18 16:19:00,734.313,1224.2880120251268
1995-08-18 16:20:00,847.6610000000001,1136.2104600327218
1995-08-18 16:21:00,814.036,1170.519635914345
1995-08-18 16:22:00,640.862,1164.576634317578
1995-08-18 16:23:00,723.032,1166.0549497616146
1995-08-18 16:24:00,457.861,1151.9323072456275
1995-08-18 16:25:00,402.414,1034.0712647307241
1995-08-18 16:26:00,1973.813,1035.3567086024145
1995-08-18 16:27:00,813.399,1073.2649697720728
1995-08-18 16:28:00,1434.069,1089.844534012686
1995-08-18 16:29:00,560.144,1271.097312528395
1995-08-18 16:30:00,605.133,1045.4272937698238
1995-08-18 16:31:00,386.92,1010.296375865101
1995-08-18 16:32:00,708.457,936.3480879566695
1995-08-18 16:33:00,695.352,970.9880149548109
1995-08-18 16:34:00,529.241,904.5087385024812
1995-08-18 16:35:00,715.209,1119.2531219800321
1995-08-18 16:36:00,1483.061,871.8406592332178
1995-08-18 16:37:00,505.06,904.7968483651897
1995-08-18 16:38:00,1315.972,924.1933745037469
1995-08-18 16:39:00,694.071,1080.8730708908886
1995-08-18 16:40:00,1552.804,995.479554170088
1995-08-18 16:41:00,1032.801,991.2013499240434
1995-08-18 16:42:00,1430.09,1061.383380491368
1995-08-18 16:43:00,684.579,978.7224060115566
1995-08-18 16:44:00,1097.548,1032.3392965799264
1995-08-18 16:45:00,329.755,984.8044109286241
1995-08-18 16:46:00,1202.59,853.8205996329177
1995-08-18 16:47:00,538.169,908.8837011024422
1995-08-18 16:48:00,1511.3090000000002,846.8612423102321
1995-08-18 16:49:00,900.486,989.9274623525163
1995-08-18 16:50:00,1017.466,1093.000229718513
1995-08-18 16:51:00,889.615,1153.8967647195095
1995-08-18 16:52:00,585.153,1188.8065891229692
1995-08-18 16:53:00,746.621,1042.3283779932888
1995-08-18 16:54:00,229.338,999.2827978172347
1995-08-18 16:55:00,172.032,626.7116058944379
1995-08-18 16:56:00,0.0,588.1214396891802
1995-08-18 17:10:00,816.173,725.2201098361727
1995-08-18 17:11:00,818.569,717.6113127930796
1995-08-18 17:15:00,2229.047,763.5650104048945
1995-08-18 17:20:00,1105.844,1018.1218786754092
1995-08-18 17:21:00,519.862,1100.6680384590036
1995-08-18 17:22:00,961.6949999999999,816.7488380498717
1995-08-18 17:23:00,395.62,940.5506186820452
1995-08-18 17:24:00,566.203,702.291954899301
1995-08-18 17:25:00,1930.6399999999999,763.2210425066455
1995-08-18 17:26:00,1235.027,941.1181762508561
1995-08-18 17:27:00,351.985,1017.5542340149613
1995-08-18 17:28:00,999.949,810.4843744139318
1995-08-18 17:29:00,1309.016,950.9502051571334
1995-08-18 17:30:00,473.745,958.6604240888227
1995-08-18 17:31:00,1179.32,936.0549635225202
1995-08-18 17:32:00,1183.525,1034.8789949890415
1995-08-18 17:33:00,980.735,942.8192240036745
1995-08-18 17:34:00,895.226,1104.4940988067142
1995-08-18 17:35:00,1746.2670000000003,1078.4706348885884
1995-08-18 17:36:00,1226.295,1139.9204290846847
1995-08-18 17:37:00,1021.091,1130.360531892449
1995-08-18 17:38:00,511.73,1139.9800267403677
1995-08-18 17:39:00,1864.335,1027.4012534423575
1995-08-18 17:40:00,978.88,1254.234867931877
1995-08-18 17:41:00,1118.924,1157.2250583941025
1995-08-18 17:42:00,488.115,1074.9526332801065
1995-08-18 17:43:00,555.448,879.2304331691932
1995-08-18 17:44:00,774.759,851.6941938406852
1995-08-18 17:45:00,373.118,976.9326582038434
1995-08-18 17:46:00,1831.4850000000001,900.8803820503068
1995-08-18 17:47:00,950.837,1045.6585485110922
1995-08-18 17:48:00,1103.21,1012.4897226651755
1995-08-18 17:49:00,1787.8709999999999,1112.6901698406045
1995-08-18 17:50:00,835.91,1101.6915708110623
1995-08-18 17:51:00,743.288,1162.4312529891577
1995-08-18 17:52:00,957.349,919.3502448357273
1995-08-18 17:53:00,906.059,908.5028807488933
1995-08-18 17:54:00,1081.638,935.9188486432118
1995-08-18 17:55:00,871.322,1011.5409423640428
1995-08-18 17:56:00,613.072,897.6752674768145
1995-08-18 17:57:00,712.332,836.3527272632616
1995-08-18 17:58:00,482.118,895.7916157170594
1995-08-18 17:59:00,782.026,768.9368115048039
1995-08-18 18:00:00,408.5,776.5641084070877
1995-08-18 18:01:00,780.11,720.9217070705772
1995-08-18 18:02:00,604.46,803.5168227351193
1995-08-18 18:03:00,649.92,758.9064215932183
1995-08-18 18:04:00,1620.0149999999999,728.3076727480702
1995-08-18 18:05:00,1689.398,756.2450806769692
1995-08-18 18:06:00,498.224,824.0131282493968
1995-08-18 18:07:00,769.179,803.4886258090165
1995-08-18 18:08:00,173.665,861.3629807853166
1995-08-18 18:09:00,566.809,749.0781145193553
1995-08-18 18:10:00,886.405,755.6648498869552
1995-08-18 18:11:00,373.56100000000004,771.9892696034034
1995-08-18 18:12:00,583.629,654.8017405441566
1995-08-18 18:13:00,455.27599999999995,621.6199956199696
1995-08-18 18:14:00,495.268,636.2410320452063
1995-08-18 18:15:00,534.902,648.4589640819121
1995-08-18 18:16:00,341.396,665.2595159296617
1995-08-18 18:17:00,704.558,707.8818258428862
1995-08-18 18:18:00,309.173,701.06881085514
1995-08-18 18:19:00,566.211,657.5428779703842
1995-08-18 18:20:00,1080.637,616.2953609363724
1995-08-18 18:21:00,823.3710000000001,770.6179853969142
1995-08-18 18:22:00,1898.3910000000003,751.7653734526795
1995-08-18 18:23:00,721.107,797.5726768503424
1995-08-18 18:24:00,765.748,757.7189415291424
1995-08-18 18:25:00,424.216,792.0161602803043
1995-08-18 18:26:00,1046.304,722.4355055483608
1995-08-18 18:27:00,860.535,801.3079415679672
1995-08-18 18:28:00,2254.032,772.5651905162207
1995-08-18 18:29:00,384.829,877.4095384256591
1995-08-18 18:30:00,744.608,713.90033315614
1995-08-18 18:31:00,869.733,754.7578319283855
1995-08-18 18:32:00,289.398,779.586694502398
1995-08-18 18:33:00,84.671,653.9614081069349
1995-08-18 18:34:00,405.13300000000004,568.2858558127452
1995-08-18 18:35:00,862.794,512.1520890447938
1995-08-18 18:36:00,272.61,588.7907299214133
1995-08-18 18:37:00,333.206,559.9400723701456
1995-08-18 18:38:00,343.696,502.97059488016123
1995-08-18 18:39:00,835.6510000000001,483.3258471280464
1995-08-18 18:40:00,500.84,612.3806711873158
1995-08-18 18:41:00,1414.561,653.8092342443978
1995-08-18 18:42:00,1679.7350000000001,685.4595802663046
1995-08-18 18:43:00,1515.067,778.5793904860094
1995-08-18 18:44:00,150.719,768.4741751541582
1995-08-18 18:45:00,714.289,670.9417550107431
1995-08-18 18:46:00,435.366,704.3320175574078
1995-08-18 18:47:00,59.059,697.504973035843
1995-08-18 18:48:00,443.399,555.6226406713795
1995-08-18 18:49:00,607.103,527.2825604675942
1995-08-18 18:50:00,606.8919999999999,527.2960681200966
1995-08-18 18:51:00,454.385,567.3878181179099
1995-08-18 18:52:00,143.16,582.4940228745841
1995-08-18 18:53:00,133.72899999999998,537.8131521652182
1995-08-18 18:54:00,386.182,524.7827678465951
1995-08-18 18:55:00,761.678,584.4257499463295
1995-08-18 18:56:00,431.266,683.6180203985298
1995-08-18 18:57:00,575.579,581.2583959596648
1995-08-18 18:58:00,248.018,627.2268245935918
1995-08-18 18:59:00,391.489,589.7517796067547
1995-08-18 19:00:00,358.656,649.4394873102287
1995-08-18 19:01:00,595.423,585.5605249471937
1995-08-18 19:02:00,370.234,564.6028893666261
1995-08-18 19:03:00,120.137,533.1817365234906
1995-08-18 19:04:00,126.177,493.6605777892951
1995-08-18 19:05:00,317.047,443.97072443470955
1995-08-18 19:06:00,301.865,412.82986709995345
1995-08-18 19:07:00,479.099,479.18858877160557
1995-08-18 19:08:00,151.713,555.2985586294598
1995-08-18 19:09:00,211.314,566.8233212444134
1995-08-18 19:10:00,726.785,483.77120825547564
1995-08-18 19:11:00,231.996,518.8662568224753
1995-08-18 19:12:00,567.127,477.5011417422498
1995-08-18 19:13:00,268.28999999999996,554.9995173554867
1995-08-18 19:14:00,81.846,445.9370718686385
1995-08-18 19:15:00,167.257,364.76129090479094
1995-08-18 19:16:00,298.462,380.14542896387616
1995-08-18 19:17:00,213.57999999999998,360.0539738480821
1995-08-18 19:18:00,235.309,412.56972666531124
1995-08-18 19:19:00,527.248,382.10042160761725
1995-08-18 19:20:00,763.593,504.52124454528257
1995-08-18 19:21:00,475.05699999999996,522.2500354364475
1995-08-18 19:22:00,344.688,488.1995202698681
1995-08-18 19:23:00,231.361,473.77934707656647
1995-08-18 19:24:00,911.4660000000001,496.5449840630284
1995-08-18 19:25:00,271.574,559.4423335587509
1995-08-18 19:26:00,277.468,529.6711342979835
1995-08-18 19:27:00,727.514,539.3345236871892
1995-08-18 19:28:00,384.033,616.2112160078615
1995-08-18 19:29:00,389.626,618.4276011285299
1995-08-18 19:30:00,285.897,566.7182859362258
1995-08-18 19:31:00,297.881,484.6816557889118
1995-08-18 19:32:00,1292.267,477.4018173132006
1995-08-18 19:33:00,226.514,521.9366966725131
1995-08-18 19:34:00,1005.719,490.9637745306874
1995-08-18 19:35:00,259.26,560.3746624919022
1995-08-18 19:36:00,334.734,532.92492703532
1995-08-18 19:37:00,423.413,473.7290958613307
1995-08-18 19:38:00,391.43,584.1616777425623
1995-08-18 19:39:00,332.84,491.9322439643323
1995-08-18 19:40:00,238.115,569.6850566311763
1995-08-18 19:41:00,676.671,512.6763667316634
1995-08-18 19:42:00,239.755,505.48108005749026
1995-08-18 19:43:00,667.7769999999999,524.1027975087148
1995-08-18 19:44:00,191.16200000000003,485.61537257290803
1995-08-18 19:45:00,375.847,448.97696925801944
1995-08-18 19:46:00,658.5699999999999,478.36000374655254
1995-08-18 19:47:00,313.37899999999996,466.14429344784776
1995-08-18 19:48:00,560.652,484.0878050797807
1995-08-18 19:49:00,305.96999999999997,478.7434394914709
1995-08-18 19:50:00,780.0449999999998,532.856025982618
1995-08-18 19:51:00,203.609,468.948818294747
1995-08-18 19:52:00,548.723,535.179299339778
1995-08-18 19:53:00,160.364,553.5781095361488
1995-08-18 19:54:00,347.051,507.1982642505202
1995-08-18 19:55:00,354.549,560.5551490025357
1995-08-18 19:56:00,692.306,410.7357690540632
1995-08-18 19:57:00,322.571,554.7159033172621
1995-08-18 19:58:00,423.933,526.1903583354853
1995-08-18 19:59:00,515.368,549.5602934487242
1995-08-18 20:00:00,739.0819999999999,535.3014343556242
1995-08-18 20:01:00,920.616,590.129525905106
1995-08-18 20:02:00,1069.133,702.3405227248726
1995-08-18 20:03:00,505.485,691.0698910432882
1995-08-18 20:04:00,291.018,633.2877200925327
1995-08-18 20:05:00,296.033,533.1849057206491
1995-08-18 20:06:00,207.943,504.3490953570417
1995-08-18 20:07:00,224.287,540.7808965178557
1995-08-18 20:08:00,236.975,447.50765794881085
1995-08-18 20:09:00,424.381,438.2755468075811
1995-08-18 20:10:00,626.944,508.2853498203703
1995-08-18 20:11:00,259.965,597.2389416666707
1995-08-18 20:12:00,388.19100000000003,486.3503851593483
1995-08-18 20:13:00,354.77799999999996,533.4206694904797
1995-08-18 20:14:00,673.698,481.1623273716028
1995-08-18 20:15:00,524.167,592.3598573753064
1995-08-18 20:16:00,1040.525,536.7015485098707
1995-08-18 20:17:00,326.022,477.67806778552864
1995-08-18 20:18:00,507.269,507.32415897079625
1995-08-18 20:19:00,367.84299999999996,547.2913961168782
1995-08-18 20:20:00,738.603,521.9792157535893
1995-08-18 20:21:00,435.647,505.60752245055374
1995-08-18 20:22:00,118.155,511.0692662500752
1995-08-18 20:23:00,314.586,437.52687871013785
1995-08-18 20:24:00,160.85,433.03454244377946
1995-08-18 20:25:00,401.60400000000004,395.85960813337067
1995-08-18 20:26:00,407.332,367.17726124636124
1995-08-18 20:27:00,1082.824,400.61389665111943
1995-08-18 20:28:00,872.428,499.70940644173425
1995-08-18 20:29:00,1699.5649999999998,496.8507062793423
1995-08-18 20:30:00,1421.3419999999999,564.2912310291578
1995-08-18 20:31:00,1797.996,689.4799373237698
1995-08-18 20:32:00,1314.5030000000002,732.3911719008212
1995-08-18 20:33:00,410.994,750.6387814446089
1995-08-18 20:34:00,151.972,638.0110529466423
1995-08-18 20:35:00,50.58,549.8035650586825
1995-08-18 20:36:00,747.436,460.64309642387906
1995-08-18 20:37:00,1099.97,536.206838520402
1995-08-18 20:38:00,553.84,510.11398572706116
1995-08-18 20:39:00,195.25799999999998,530.3620796756464
1995-08-18 20:40:00,184.082,473.58266182786934
1995-08-18 20:41:00,781.4739999999999,439.89027193459407
1995-08-18 20:42:00,1824.65,497.5255931830797
1995-08-18 20:43:00,200.48000000000002,591.0835482386101
1995-08-18 20:44:00,248.377,561.7303938489474
1995-08-18 20:45:00,352.938,586.5422205293962
1995-08-18 20:46:00,471.26099999999997,524.1547624034598
1995-08-18 20:47:00,565.61,556.3192055401255
1995-08-18 20:48:00,435.89099999999996,584.1039391671522
1995-08-18 20:49:00,417.27,502.002089542058
1995-08-18 20:50:00,126.05,533.1109454758956
1995-08-18 20:51:00,1176.143,464.00164548720716
1995-08-18 20:52:00,598.7389999999999,628.7622860419755
1995-08-18 20:53:00,616.595,674.2904616583864
1995-08-18 20:54:00,1409.627,680.49210216757
1995-08-18 20:55:00,1386.845,747.9298842382453
1995-08-18 20:56:00,1273.563,816.7082380712718
1995-08-18 20:57:00,1000.681,871.7189669534974
1995-08-18 20:58:00,785.338,861.4820253484343
1995-08-18 20:59:00,1366.374,783.1096380926422
1995-08-18 21:00:00,953.1560000000001,820.3616666621908
1995-08-18 21:01:00,662.73,821.4660797087655
1995-08-18 21:02:00,685.283,743.57110848449
1995-08-18 21:03:00,182.406,667.6649944907837
1995-08-18 21:04:00,398.563,578.1308279830229
1995-08-18 21:05:00,520.077,582.1428334680435
1995-08-18 21:06:00,475.647,654.0325658106557
1995-08-18 21:07:00,505.44,615.1865099332226
1995-08-18 21:08:00,1529.9589999999998,723.7403613320449
1995-08-18 21:09:00,1691.0269999999998,767.494357050633
1995-08-18 21:10:00,236.91400000000002,906.7213492161117
1995-08-18 21:11:00,1087.067,769.1849168085838
1995-08-18 21:12:00,1576.272,867.7666678355932
1995-08-18 21:13:00,302.328,882.3763805237975
1995-08-18 21:14:00,651.655,717.2426386992423
1995-08-18 21:15:00,570.404,725.5781781566676
1995-08-18 21:16:00,696.344,715.5976107964973
1995-08-18 21:17:00,523.232,719.0952015206327
1995-08-18 21:18:00,691.891,670.8175664221227
1995-08-18 21:19:00,580.741,642.0206259750379
1995-08-18 21:20:00,570.812,718.3283586706575
1995-08-18 21:21:00,593.186,736.9045519002
1995-08-18 21:22:00,489.015,723.6032874256961
1995-08-18 21:23:00,435.911,667.2810695617021
1995-08-18 21:24:00,1350.574,648.7758344700326
1995-08-18 21:25:00,326.432,678.0125503117895
1995-08-18 21:26:00,469.604,585.5987419257879
1995-08-18 21:27:00,67.849,586.9609629515189
1995-08-18 21:28:00,148.82,532.8717337699402
1995-08-18 21:29:00,155.638,504.5440944469782
1995-08-18 21:30:00,250.981,454.1057426480455
1995-08-18 21:31:00,477.089,486.4565147192154
1995-08-18 21:32:00,76.699,540.1302447728649
1995-08-18 21:33:00,434.361,427.57292060751166
1995-08-18 21:34:00,189.339,413.32754165175083
1995-08-18 21:35:00,212.614,409.6584127342556
1995-08-18 21:36:00,249.426,407.8675954138067
1995-08-18 21:37:00,346.16499999999996,482.7063682868791
1995-08-18 21:38:00,298.825,492.25832995687296
1995-08-18 21:39:00,166.428,390.72100148426074
1995-08-18 21:40:00,554.899,405.9024763395381
1995-08-18 21:41:00,326.15,399.23324583926967
1995-08-18 21:42:00,239.049,405.53721500702403
1995-08-18 21:43:00,550.1800000000001,357.4755645516405
1995-08-18 21:44:00,407.99399999999997,450.9913648062247
1995-08-18 21:45:00,1710.8639999999998,426.1489309601465
1995-08-18 21:46:00,44.982,544.5415114832873
1995-08-18 21:47:00,289.465,434.51353728073764
1995-08-18 21:48:00,99.78,487.39340086718045
1995-08-18 21:49:00,256.026,447.6767602888258
1995-08-18 21:50:00,139.64499999999998,496.58830746765796
1995-08-18 21:51:00,226.49,420.6476469153077
1995-08-18 21:52:00,117.421,400.4802330777425
1995-08-18 21:53:00,206.908,406.48328384553207
1995-08-18 21:54:00,205.046,384.58528996196554
1995-08-18 21:55:00,701.473,459.01313218369006
1995-08-18 21:56:00,282.332,458.54030214496527
1995-08-18 21:57:00,90.619,387.3417800949498
1995-08-18 21:58:00,140.897,352.87365768725437
1995-08-18 21:59:00,130.56,344.74164991784767
1995-08-18 22:00:00,593.6170000000001,331.27726545682117
1995-08-18 22:01:00,469.344,412.8012574695402
1995-08-18 22:02:00,359.65500000000003,516.4652496530824
1995-08-18 22:03:00,393.928,477.8474199666517
1995-08-18 22:04:00,353.344,450.7884618131736
1995-08-18 22:05:00,623.3299999999999,491.68013227685094
1995-08-18 22:06:00,296.089,537.1928858835491
1995-08-18 22:07:00,444.206,525.9545135086762
1995-08-18 22:08:00,342.135,503.2234211936655
1995-08-18 22:09:00,754.93,453.9195497451244
1995-08-18 22:10:00,1323.617,462.07219279776973
1995-08-18 22:11:00,492.173,541.8939128607735
1995-08-18 22:12:00,344.474,512.1017301888025
1995-08-18 22:13:00,352.575,515.1685654789658
1995-08-18 22:14:00,1089.824,559.3238635316443
1995-08-18 22:15:00,302.873,600.000404101404
1995-08-18 22:16:00,1640.2529999999997,606.6770651677115
1995-08-18 22:17:00,389.271,651.911821534606
1995-08-18 22:18:00,456.72200000000004,674.1236100103404
1995-08-18 22:19:00,767.3489999999999,635.5410622426755
1995-08-18 22:20:00,375.979,659.2950630626436
1995-08-18 22:21:00,231.44,650.2803121141794
1995-08-18 22:22:00,575.492,635.0684614559494
1995-08-18 22:23:00,174.163,608.2249588658299
1995-08-18 22:24:00,568.848,566.147800287025
1995-08-18 22:25:00,483.613,576.1653173040853
1995-08-18 22:26:00,332.462,549.9758293858118
1995-08-18 22:27:00,1193.051,580.2088783478517
1995-08-18 22:28:00,374.623,554.8439019461441
1995-08-18 22:29:00,586.803,591.1866754969458
1995-08-18 22:30:00,288.461,631.9312269344031
1995-08-18 22:31:00,736.124,616.9546101732778
1995-08-18 22:32:00,254.007,611.0943500433959
1995-08-18 22:33:00,375.45099999999996,571.3468464518849
1995-08-18 22:34:00,714.707,575.1688505244113
1995-08-18 22:35:00,378.329,599.5848048737639
1995-08-18 22:36:00,755.354,544.4798054101132
1995-08-18 22:37:00,260.689,674.7047180275323
1995-08-18 22:38:00,279.576,615.7778795666794
1995-08-18 22:39:00,577.901,532.2444574187148
1995-08-18 22:40:00,1262.585,530.9541933567957
1995-08-18 22:41:00,379.895,550.1054744193685
1995-08-18 22:42:00,367.979,642.4007775247482
1995-08-18 22:43:00,610.678,615.2600004186087
1995-08-18 22:44:00,516.548,632.2313154998058
1995-08-18 22:45:00,229.232,675.0812376008174
1995-08-18 22:46:00,347.397,625.020518354382
1995-08-18 22:47:00,659.471,554.5525756524054
1995-08-18 22:48:00,413.959,586.0115062499549
1995-08-18 22:49:00,588.409,618.4431555746659
1995-08-18 22:50:00,437.512,617.5839678337894
1995-08-18 22:51:00,522.804,568.1817450212008
1995-08-18 22:52:00,524.7719999999999,594.3858917795872
1995-08-18 22:53:00,121.741,618.4928315507922
1995-08-18 22:54:00,354.353,519.3781205290793
1995-08-18 22:55:00,283.962,499.3072116025574
1995-08-18 22:56:00,365.84499999999997,474.6402134846492
1995-08-18 22:57:00,97.477,426.8910499353416
1995-08-18 22:58:00,605.13,374.2405765637462
1995-08-18 22:59:00,635.9839999999999,447.5512772473282
1995-08-18 23:00:00,637.633,464.18583521935994
1995-08-18 23:01:00,423.408,550.4029339400362
1995-08-18 23:02:00,438.40200000000004,475.46168078797444
1995-08-18 23:03:00,288.369,501.130128435685
1995-08-18 23:04:00,193.335,517.4745898079942
1995-08-18 23:05:00,461.975,436.76363323423163
1995-08-18 23:06:00,175.488,467.8157843310017
1995-08-18 23:07:00,288.77,437.82041389811053
1995-08-18 23:08:00,312.924,394.9551858632468
1995-08-18 23:09:00,189.909,451.4956941066898
1995-08-18 23:10:00,120.62,387.76233046407816
1995-08-18 23:11:00,133.278,391.38269446435874
1995-08-18 23:12:00,131.827,384.40466478255706
1995-08-18 23:13:00,584.794,375.8184971686938
1995-08-18 23:14:00,604.0,370.9934695239514
1995-08-18 23:15:00,186.75900000000001,381.5006862347201
1995-08-18 23:16:00,568.4399999999999,371.2765988011572
1995-08-18 23:17:00,485.654,411.43614887927066
1995-08-18 23:18:00,592.116,487.2127606715736
1995-08-18 23:19:00,578.3729999999999,499.5866112456589
1995-08-18 23:20:00,660.506,534.4272240151539
1995-08-18 23:21:00,126.777,563.1733983442924
1995-08-18 23:22:00,377.875,454.3061330889502
1995-08-18 23:23:00,214.267,479.0458181877487
1995-08-18 23:24:00,289.467,421.92986590122524
1995-08-18 23:25:00,591.825,385.7569913076174
1995-08-18 23:26:00,264.867,394.75959173791597
1995-08-18 23:27:00,102.85,371.1663654610188
1995-08-18 23:28:00,49.817,348.0903058946827
1995-08-18 23:29:00,232.74400000000003,297.04671262352446
1995-08-18 23:30:00,206.597,283.1060620313907
1995-08-18 23:31:00,225.268,348.8821190339878
1995-08-18 23:32:00,115.603,407.83084270670184
1995-08-18 23:33:00,136.46,304.23261739828166
1995-08-18 23:34:00,329.153,346.17027680867415
1995-08-18 23:35:00,167.37099999999998,428.09200644041454
1995-08-18 23:36:00,514.397,371.1314221311032
1995-08-18 23:37:00,289.385,321.29927684568383
1995-08-18 23:38:00,305.395,430.9941797020881
1995-08-18 23:39:00,207.828,441.8942146414858
1995-08-18 23:40:00,1072.491,424.82330776447526
1995-08-18 23:41:00,467.76800000000003,485.5098776723678
1995-08-18 23:42:00,271.829,568.473351482221
1995-08-18 23:43:00,475.384,492.8901705567695
1995-08-18 23:44:00,388.406,523.6398720036565
1995-08-18 23:45:00,387.268,530.494483466588
1995-08-18 23:46:00,186.001,574.2311358186834
1995-08-18 23:47:00,497.995,431.02825692813013
1995-08-18 23:48:00,343.115,519.4808680837297
1995-08-18 23:49:00,409.41700000000003,530.3843039995493
1995-08-18 23:50:00,551.807,571.9692094572628
1995-08-18 23:51:00,397.337,634.2306834093862
1995-08-18 23:52:00,273.868,621.1591497214276
1995-08-18 23:53:00,391.232,554.0673569244966
1995-08-18 23:54:00,506.491,629.4409937196345
1995-08-18 23:55:00,301.525,557.4097849664756
1995-08-18 23:56:00,92.074,502.3221472395468
1995-08-18 23:57:00,376.35699999999997,461.72911828001224
1995-08-18 23:58:00,660.661,490.057431786641
1995-08-18 23:59:00,487.946,537.0429328789904
1995-08-19 00:00:00,699.343,572.9173108298594
1995-08-19 00:01:00,170.178,513.1913223080584
1995-08-19 00:02:00,513.267,515.4416484169908
1995-08-19 00:03:00,829.563,564.7020563131408
1995-08-19 00:04:00,1064.902,619.3787567567563
1995-08-19 00:05:00,570.267,718.7043737434001
1995-08-19 00:06:00,582.971,695.5738435150206
1995-08-19 00:07:00,1437.25,673.7333098485818
1995-08-19 00:08:00,657.668,730.8988472393063
1995-08-19 00:09:00,351.284,802.3733019531772
1995-08-19 00:10:00,478.647,666.0354979583356
1995-08-19 00:11:00,547.959,695.9516506944738
1995-08-19 00:12:00,336.35,713.8365738509732
1995-08-19 00:13:00,244.766,681.9432640387815
1995-08-19 00:14:00,155.633,552.1587822782684
1995-08-19 00:15:00,197.832,499.1699009629073
1995-08-19 00:16:00,125.102,483.4936440563093
1995-08-19 00:17:00,302.76099999999997,421.3428380488392
1995-08-19 00:18:00,1052.374,414.6977733344735
1995-08-19 00:19:00,418.831,436.8445332495704
1995-08-19 00:20:00,228.445,523.3840862537185
1995-08-19 00:21:00,325.411,469.9315580371891
1995-08-19 00:22:00,792.567,460.9778981385267
1995-08-19 00:23:00,1616.802,607.0139883794392
1995-08-19 00:24:00,169.41,643.9395856694941
1995-08-19 00:25:00,364.44399999999996,568.5556736860975
1995-08-19 00:26:00,351.45,495.10339661696406
1995-08-19 00:27:00,43.21,466.7585987177403
1995-08-19 00:28:00,84.475,426.29666268824735
1995-08-19 00:29:00,457.502,377.8304256391721
1995-08-19 00:30:00,111.46000000000001,371.63105984268896
1995-08-19 00:31:00,282.538,371.734116348816
1995-08-19 00:32:00,469.21200000000005,467.04283166087316
1995-08-19 00:33:00,460.036,438.4518375367444
1995-08-19 00:34:00,250.06,479.49572576115804
1995-08-19 00:35:00,373.692,473.4524663410149
1995-08-19 00:36:00,177.013,522.8165099630187
1995-08-19 00:37:00,292.332,449.03712159404125
1995-08-19 00:38:00,271.763,386.57650400056144
1995-08-19 00:39:00,391.46999999999997,429.5890206779263
1995-08-19 00:40:00,116.834,363.2142002869523
1995-08-19 00:41:00,349.563,345.1267646018424
1995-08-19 00:42:00,155.835,437.9530242517857
1995-08-19 00:43:00,415.574,394.447781235334
1995-08-19 00:44:00,150.496,427.81214758791384
1995-08-19 00:45:00,373.14099999999996,380.73839950835765
1995-08-19 00:46:00,233.031,380.3692606267208
1995-08-19 00:47:00,58.793,446.0010241189486
1995-08-19 00:48:00,392.294,371.0177050104548
1995-08-19 00:49:00,362.976,366.9998038409695
1995-08-19 00:50:00,69.372,457.4785685126527
1995-08-19 00:51:00,778.035,379.0702836281553
1995-08-19 00:52:00,104.255,356.1111032628534
1995-08-19 00:53:00,392.46500000000003,323.9176148306316
1995-08-19 00:54:00,231.32299999999998,352.31162146415477
1995-08-19 00:55:00,184.793,402.35731060386024
1995-08-19 00:56:00,540.701,371.6877561168461
1995-08-19 00:57:00,562.996,459.5093770897809
1995-08-19 00:58:00,339.238,461.26259945407196
1995-08-19 00:59:00,288.364,455.28879812071284
1995-08-19 01:00:00,1258.301,405.72033193167346
1995-08-19 01:01:00,197.97799999999998,385.9450279748238
1995-08-19 01:02:00,167.65200000000002,397.12371528693785
1995-08-19 01:03:00,295.76,392.7420557220293
1995-08-19 01:04:00,1431.5220000000002,357.95425856895037
1995-08-19 01:05:00,1335.7179999999998,365.1642808697743
1995-08-19 01:06:00,684.504,444.25363812429555
1995-08-19 01:07:00,200.54899999999998,489.8037515537794
1995-08-19 01:08:00,242.989,453.7446643496003
1995-08-19 01:09:00,302.098,420.3934964906413
1995-08-19 01:10:00,334.631,455.73340583057814
1995-08-19 01:11:00,660.3389999999999,389.57964463234885
1995-08-19 01:12:00,143.647,388.48590496791047
1995-08-19 01:13:00,237.83,370.57322243270653
1995-08-19 01:14:00,413.074,398.50768390068475
1995-08-19 01:15:00,72.178,372.4364863438342
1995-08-19 01:16:00,96.215,340.401597576991
1995-08-19 01:17:00,39.778999999999996,279.1474679757578
1995-08-19 01:18:00,272.792,263.39284995627344
1995-08-19 01:19:00,292.027,274.9896255589846
1995-08-19 01:20:00,324.4,294.9038291257315
1995-08-19 01:21:00,1266.838,340.96992712833537
1995-08-19 01:22:00,404.481,366.83803291761865
1995-08-19 01:23:00,254.15300000000002,371.1866404793322
1995-08-19 01:24:00,735.53,383.84687403346555
1995-08-19 01:25:00,398.563,409.3018972897571
1995-08-19 01:26:00,367.79,409.20342181039666
1995-08-19 01:27:00,462.968,389.9691695956636
1995-08-19 01:28:00,67.088,396.2696976597078
1995-08-19 01:29:00,261.714,306.28083911316577
1995-08-19 01:30:00,745.63,306.6671562082518
1995-08-19 01:31:00,231.624,319.83652935799984
1995-08-19 01:32:00,248.828,413.0346332522727
1995-08-19 01:33:00,1286.2109999999998,351.45801943908486
1995-08-19 01:34:00,55.149,317.7252334136341
1995-08-19 01:35:00,203.812,367.9587254128127
1995-08-19 01:36:00,270.085,348.2393049279046
1995-08-19 01:37:00,183.218,347.51953165234426
1995-08-19 01:38:00,109.061,350.95560128104705
1995-08-19 01:39:00,60.989,282.93063436169524
1995-08-19 01:40:00,1145.7230000000002,250.71906970893755
1995-08-19 01:41:00,69.416,258.5053726503804
1995-08-19 01:42:00,167.674,267.4988023000971
1995-08-19 01:43:00,30.628999999999998,295.77760864213815
1995-08-19 01:44:00,179.378,242.76041201954428
1995-08-19 01:45:00,252.71999999999997,326.4185255111617
1995-08-19 01:46:00,234.481,337.21954247804115
1995-08-19 01:47:00,159.415,262.32542105145507
1995-08-19 01:48:00,39.51,228.0765006791538
1995-08-19 01:49:00,127.755,215.9979279991751
1995-08-19 01:50:00,97.354,257.99849050973665
1995-08-19 01:51:00,279.985,232.541906369369
1995-08-19 01:52:00,274.037,268.3924286891108
1995-08-19 01:53:00,124.196,362.72627607862813
1995-08-19 01:54:00,617.6229999999999,280.87235083972996
1995-08-19 01:55:00,265.029,337.34500134982375
1995-08-19 01:56:00,196.016,386.4820941631319
1995-08-19 01:57:00,523.567,343.1213899867703
1995-08-19 01:58:00,333.51,354.34438206457435
1995-08-19 01:59:00,153.052,403.1700553744676
1995-08-19 02:00:00,477.985,360.8554844199291
1995-08-19 02:01:00,235.88400000000001,451.14087458802
1995-08-19 02:02:00,423.668,382.1700567688031
1995-08-19 02:03:00,398.11,430.81383896881465
1995-08-19 02:04:00,1369.825,513.2568885535462
1995-08-19 02:05:00,1446.815,579.1241718872876
1995-08-19 02:06:00,309.272,626.2012014630126
1995-08-19 02:07:00,30.913,611.5261926622637
1995-08-19 02:08:00,288.191,498.13158653131
1995-08-19 02:09:00,299.32800000000003,518.454279848227
1995-08-19 02:10:00,281.555,473.72306523499884
1995-08-19 02:11:00,307.126,424.19744372182873
1995-08-19 02:12:00,214.943,321.51916965403956
1995-08-19 02:13:00,510.88,363.44601248480603
1995-08-19 02:14:00,350.509,432.82107970560634
1995-08-19 02:15:00,183.94,406.4652537498835
1995-08-19 02:16:00,288.572,443.43584877360155
1995-08-19 02:17:00,335.328,497.15220342526675
1995-08-19 02:18:00,225.222,444.6192316530886
1995-08-19 02:19:00,109.633,421.17620226746766
1995-08-19 02:20:00,106.627,326.26137697607714
1995-08-19 02:21:00,984.1289999999999,333.9079765181884
1995-08-19 02:22:00,140.903,347.6981800391221
1995-08-19 02:23:00,47.974999999999994,342.2613420426271
1995-08-19 02:24:00,412.53700000000003,299.668148518943
1995-08-19 02:25:00,959.8659999999999,306.9087004428506
1995-08-19 02:26:00,543.278,309.47684954117017
1995-08-19 02:27:00,106.39399999999999,402.328111469447
1995-08-19 02:28:00,152.913,408.99327121730363
1995-08-19 02:29:00,98.51899999999999,368.95870516776574
1995-08-19 02:30:00,171.841,320.50223733328113
1995-08-19 02:31:00,360.172,356.5032282613801
1995-08-19 02:32:00,25.354,371.5152184483827
1995-08-19 02:33:00,120.412,274.07766657071375
1995-08-19 02:34:00,226.88400000000001,283.78343031764257
1995-08-19 02:35:00,64.982,343.1338182533067
1995-08-19 02:36:00,199.388,295.5567899539541
1995-08-19 02:37:00,445.57,281.6631114730876
1995-08-19 02:38:00,1309.557,317.2389715493581
1995-08-19 02:39:00,144.65,359.3214724896672
1995-08-19 02:40:00,95.917,355.97479445437443
1995-08-19 02:41:00,376.884,310.4753697459662
1995-08-19 02:42:00,427.244,379.3622503803036
1995-08-19 02:43:00,408.394,405.77820340567536
1995-08-19 02:44:00,243.757,378.5354654948386
1995-08-19 02:45:00,253.355,353.2245182749653
1995-08-19 02:46:00,311.476,419.050595493241
1995-08-19 02:47:00,767.785,438.926368062162
1995-08-19 02:48:00,78.92,428.8864970948535
1995-08-19 02:49:00,379.672,393.99581542154704
1995-08-19 02:50:00,223.165,420.9824822581898
1995-08-19 02:51:00,341.99300000000005,432.91459668154835
1995-08-19 02:52:00,590.251,382.2803264353933
1995-08-19 02:53:00,355.378,385.9116762687028
1995-08-19 02:54:00,1444.9430000000002,408.0604454936201
1995-08-19 02:55:00,205.42,400.2652596266445
1995-08-19 02:56:00,400.134,406.82955904224474
1995-08-19 02:57:00,196.653,377.0803129644594
1995-08-19 02:58:00,282.246,409.72389787092266
1995-08-19 02:59:00,265.744,389.61875108430746
1995-08-19 03:00:00,0.0,329.0537340649454
1995-08-19 03:05:00,664.045,320.3361549093846
1995-08-19 03:07:00,254.846,295.54356576181345
1995-08-19 03:08:00,69.363,300.97872559405886
1995-08-19 03:09:00,156.307,256.3203467274413
1995-08-19 03:10:00,232.847,249.84042827088254
1995-08-19 03:11:00,199.527,264.6628183795759
1995-08-19 03:12:00,48.33,252.8230198542092
1995-08-19 03:13:00,149.728,236.05617967313324
1995-08-19 03:14:00,144.642,269.2802696477023
1995-08-19 03:15:00,115.86600000000001,271.205990775413
1995-08-19 03:17:00,130.36599999999999,271.0950825938666
1995-08-19 03:18:00,93.737,241.08250713703532
1995-08-19 03:19:00,213.66299999999998,215.12927894279724
1995-08-19 03:20:00,120.91499999999999,262.5758572747417
1995-08-19 03:21:00,99.944,263.1534167316574
1995-08-19 03:22:00,34.755,239.9007386988308
1995-08-19 03:23:00,67.988,226.88682856535232
1995-08-19 03:24:00,162.95000000000002,203.36780605495824
1995-08-19 03:25:00,146.952,251.58231303414857
1995-08-19 03:26:00,206.314,260.57069056473796
1995-08-19 03:27:00,169.509,363.53331143254695
1995-08-19 03:28:00,117.634,300.3866164938317
1995-08-19 03:29:00,64.582,253.96511992830773
1995-08-19 03:30:00,193.32,271.7460962739281
1995-08-19 03:31:00,113.00999999999999,331.4611895059179
1995-08-19 03:32:00,708.971,302.3955322417538
1995-08-19 03:33:00,133.798,342.15269590240706
1995-08-19 03:34:00,348.53200000000004,292.33989786798
1995-08-19 03:35:00,109.817,350.6144195680231
1995-08-19 03:36:00,155.065,332.52171443811017
1995-08-19 03:37:00,554.501,251.29516445875927
1995-08-19 03:38:00,612.8679999999999,282.73827401741966
1995-08-19 03:39:00,233.46099999999998,383.20244116664816
1995-08-19 03:40:00,269.911,389.72609111540635
1995-08-19 03:41:00,175.758,404.282357353698
1995-08-19 03:42:00,237.172,372.9553006422132
1995-08-19 03:43:00,203.78,409.6202176938586
1995-08-19 03:44:00,227.161,387.48589049398754
1995-08-19 03:45:00,635.492,421.6585593399663
1995-08-19 03:46:00,1177.1970000000001,504.28802897413664
1995-08-19 03:47:00,573.634,498.11544533253374
1995-08-19 03:48:00,83.706,527.2619934374155
1995-08-19 03:49:00,64.08,437.2949075561731
1995-08-19 03:50:00,778.222,392.45232515423135
1995-08-19 03:51:00,413.48600000000005,406.0381585254877
1995-08-19 03:52:00,174.23499999999999,466.96730367129084
1995-08-19 03:53:00,148.271,412.5616212296146
1995-08-19 03:54:00,665.771,431.1008796512549
1995-08-19 03:55:00,87.464,447.8181203174875
1995-08-19 03:56:00,95.07099999999998,398.1596222144
1995-08-19 03:57:00,69.297,280.7061859514909
1995-08-19 03:58:00,124.195,329.35873473485066
1995-08-19 03:59:00,599.1999999999999,293.9956398970037
1995-08-19 04:00:00,164.386,340.570619061653
1995-08-19 04:01:00,551.075,287.3482125875131
1995-08-19 04:02:00,13.583,332.4010325844387
1995-08-19 04:03:00,421.155,284.3076303945609
1995-08-19 04:04:00,35.66,284.14523769205493
1995-08-19 04:05:00,71.529,269.67091357389864
1995-08-19 04:06:00,110.577,232.82373990733637
1995-08-19 04:07:00,40.102000000000004,275.790490828739
1995-08-19 04:08:00,91.931,216.1671530778821
1995-08-19 04:09:00,1161.959,249.43234732034182
1995-08-19 04:10:00,182.536,266.7721528332707
1995-08-19 04:11:00,523.656,297.35458343729084
1995-08-19 04:12:00,157.20499999999998,306.6298447465915
1995-08-19 04:13:00,169.995,367.90549044139277
1995-08-19 04:14:00,250.458,319.49344097253527
1995-08-19 04:15:00,297.59900000000005,319.3629285630396
1995-08-19 04:16:00,111.193,286.87699088140636
1995-08-19 04:17:00,105.31,281.0956734126244
1995-08-19 04:18:00,154.195,308.90421499726807
1995-08-19 04:19:00,137.853,321.1927321285978
1995-08-19 04:20:00,199.789,336.8763808326138
1995-08-19 04:21:00,263.894,286.9126810310484
1995-08-19 04:22:00,68.093,312.72568072002923
1995-08-19 04:23:00,126.18900000000001,283.74799722015996
1995-08-19 04:24:00,34.458,263.5351902191253
1995-08-19 04:25:00,11.469999999999999,235.61412768583122
1995-08-19 04:26:00,54.027,207.59203447231206
1995-08-19 04:27:00,25.103,254.20202561108954
1995-08-19 04:28:00,281.397,225.0419900672613
1995-08-19 04:29:00,386.574,216.55042977327275
1995-08-19 04:30:00,105.96900000000001,279.5487129929921
1995-08-19 04:31:00,219.588,248.06398375572718
1995-08-19 04:32:00,25.23,211.66883320088616
1995-08-19 04:33:00,195.9,212.97634505328998
1995-08-19 04:34:00,211.50900000000001,244.53320932992514
1995-08-19 04:35:00,179.683,256.9673663627745
1995-08-19 04:36:00,259.135,262.86468607617815
1995-08-19 04:37:00,142.95,244.75714419590662
1995-08-19 04:38:00,49.562000000000005,241.9139616140518
1995-08-19 04:39:00,506.56800000000004,231.24715482912887
1995-08-19 04:40:00,363.85900000000004,277.1056746541937
1995-08-19 04:41:00,342.2,284.6121512956209
1995-08-19 04:42:00,179.055,306.09805421345465
1995-08-19 04:43:00,45.568999999999996,287.9428280157818
1995-08-19 04:44:00,204.045,229.84743536974545
1995-08-19 04:45:00,161.205,278.06108696764665
1995-08-19 04:46:00,152.706,284.7031199555438
1995-08-19 04:47:00,554.3629999999999,250.16975846251333
1995-08-19 04:48:00,217.433,241.69844510324475
1995-08-19 04:49:00,539.347,280.79966758681496
1995-08-19 04:50:00,92.84,271.97306533660384
1995-08-19 04:51:00,46.142,289.78635538431115
1995-08-19 04:52:00,346.661,284.4671997797915
1995-08-19 04:53:00,350.71,282.2341145652929
1995-08-19 04:54:00,199.109,321.3805389142441
1995-08-19 04:55:00,137.785,359.2304425142304
1995-08-19 04:56:00,34.317,299.53336275521497
1995-08-19 04:57:00,352.623,260.8642781312598
1995-08-19 04:58:00,59.381,315.26048172453415
1995-08-19 04:59:00,22.18,247.90503225441023
1995-08-19 05:00:00,22.18,209.1603008150888
1995-08-19 05:01:00,35.302,192.8556593775681
1995-08-19 05:02:00,252.838,226.20180344311856
1995-08-19 05:03:00,14.901,216.030610190441
1995-08-19 05:04:00,42.359,199.16764771937798
1995-08-19 05:05:00,90.292,197.1365060869347
1995-08-19 05:06:00,91.934,237.4110168952668
1995-08-19 05:07:00,113.58500000000001,229.84667665928376
1995-08-19 05:08:00,116.58,250.76000289337048
1995-08-19 05:09:00,79.086,272.3008149933242
1995-08-19 05:10:00,41.846,251.62149728980535
1995-08-19 05:11:00,17.732,209.06940372991718
1995-08-19 05:12:00,22.829,201.56924229940643
1995-08-19 05:13:00,19.233,225.4850976927904
1995-08-19 05:14:00,98.319,200.14777751610336
1995-08-19 05:15:00,31.773,236.18476787547755
1995-08-19 05:16:00,455.085,219.59457231411028
1995-08-19 05:17:00,58.831,229.17982736696874
1995-08-19 05:18:00,93.528,252.00392164947715
1995-08-19 05:19:00,341.882,236.42858927283754
1995-08-19 05:20:00,189.72299999999998,267.9545763303503
1995-08-19 05:21:00,126.293,301.24121008961725
1995-08-19 05:22:00,370.739,248.73665917272046
1995-08-19 05:23:00,595.1450000000001,303.4337595104461
1995-08-19 05:24:00,105.568,269.4696772230448
1995-08-19 05:25:00,122.924,268.08573109168634
1995-08-19 05:26:00,115.81,217.124092103376
1995-08-19 05:27:00,0.0,211.2286074498745
1995-08-19 05:32:00,157.473,227.83800371634317
1995-08-19 05:34:00,66.982,320.6065039384043
1995-08-19 05:35:00,229.486,298.0286241505604
1995-08-19 05:36:00,1211.883,246.5382173608369
1995-08-19 05:37:00,166.578,319.0770989243448
1995-08-19 05:38:00,40.571,362.59992388836787
1995-08-19 05:39:00,143.43200000000002,287.8504299557511
1995-08-19 05:40:00,174.745,227.132935165407
1995-08-19 05:41:00,49.714999999999996,300.26928958089894
1995-08-19 05:42:00,17.835,232.07534070362837
1995-08-19 05:44:00,401.32800000000003,245.09691169659027
1995-08-19 05:45:00,135.192,257.16622477406753
1995-08-19 05:46:00,14.298,257.89853079837724
1995-08-19 05:47:00,77.756,201.62980767524513
1995-08-19 05:48:00,491.02299999999997,204.1239227019362
1995-08-19 05:49:00,214.14000000000001,283.534438600605
1995-08-19 05:50:00,94.977,243.82443233950283
1995-08-19 05:51:00,93.548,300.67474667649543
1995-08-19 05:52:00,91.788,243.11785991737017
1995-08-19 05:53:00,86.726,226.81907560318072
1995-08-19 05:54:00,13.845,248.65551812795968
1995-08-19 05:55:00,72.74300000000001,201.66960542067747
1995-08-19 05:56:00,0.0,210.6213541810915
1995-08-19 05:57:00,27.431,196.66182441983526
1995-08-19 05:58:00,26.957,196.66182441983526
1995-08-19 05:59:00,67.245,215.97037704384698
1995-08-19 06:00:00,141.649,196.66182441983526
1995-08-19 06:01:00,159.761,225.50295419348504
1995-08-19 06:02:00,102.517,247.20475008766502
1995-08-19 06:03:00,53.168,225.59202206734852
1995-08-19 06:04:00,136.147,249.82277223941688
1995-08-19 06:05:00,64.016,228.11603921871293
1995-08-19 06:06:00,72.264,222.93503496847546
1995-08-19 06:07:00,55.648,225.4850976927904
1995-08-19 06:08:00,89.545,226.11860657233743
1995-08-19 06:09:00,1081.324,196.51430839875087
1995-08-19 06:10:00,220.745,259.13715595494057
1995-08-19 06:11:00,70.131,286.7254384304082
1995-08-19 06:12:00,92.634,266.27692711071074
1995-08-19 06:13:00,204.492,271.0215691333377
1995-08-19 06:14:00,520.477,280.5023262603015
1995-08-19 06:15:00,452.155,299.2042811123978
1995-08-19 06:16:00,403.725,311.6163475353826
1995-08-19 06:17:00,1084.029,311.0348904750516
1995-08-19 06:18:00,550.117,327.9814193124228
1995-08-19 06:19:00,1998.608,395.8517164779687
1995-08-19 06:20:00,663.515,510.21300491435323
1995-08-19 06:21:00,580.733,510.07468544163595
1995-08-19 06:22:00,210.77,489.5757635528749
1995-08-19 06:23:00,97.528,459.74456613527144
1995-08-19 06:24:00,266.45300000000003,430.5062849993918
1995-08-19 06:25:00,250.94899999999998,403.9893802419054
1995-08-19 06:26:00,208.298,350.13543194681887
1995-08-19 06:27:00,191.427,346.6867144068
1995-08-19 06:28:00,835.7629999999999,330.3536722666232
1995-08-19 06:29:00,299.752,381.35659084626894
1995-08-19 06:30:00,890.599,373.1533009369733
1995-08-19 06:31:00,289.076,332.9849962453096
1995-08-19 06:32:00,199.157,396.6277727177124
1995-08-19 06:33:00,21.982,382.1667873797808
1995-08-19 06:34:00,1192.9180000000001,309.8565325412025
1995-08-19 06:35:00,185.10000000000002,322.6832850340236
1995-08-19 06:36:00,30.945,372.4803863377562
1995-08-19 06:37:00,81.771,239.46636820339185
1995-08-19 06:38:00,219.334,287.4120460515421
1995-08-19 06:39:00,911.148,263.7395813099244
1995-08-19 06:40:00,57.327999999999996,316.25998395247683
1995-08-19 06:41:00,204.59799999999998,257.18946890979873
1995-08-19 06:42:00,346.347,284.33823133073196
1995-08-19 06:43:00,114.479,300.6333861520083
1995-08-19 06:44:00,339.464,284.084632782837
1995-08-19 06:45:00,82.653,339.01406007541385
1995-08-19 06:46:00,49.724,299.43900536188363
1995-08-19 06:47:00,20.175,275.3030558474974
1995-08-19 06:48:00,112.033,253.77831941135247
1995-08-19 06:49:00,46.401,274.45533959727726
1995-08-19 06:50:00,269.392,262.8855929329854
1995-08-19 06:51:00,119.832,236.8557875647743
1995-08-19 06:52:00,40.192,232.66912854155876
1995-08-19 06:53:00,1758.089,228.43245520605433
1995-08-19 06:54:00,125.79,320.99004477288815
1995-08-19 06:55:00,90.961,345.9128210379248
1995-08-19 06:56:00,64.405,350.48367808150283
1995-08-19 06:57:00,46.403999999999996,280.3174597137215
1995-08-19 06:58:00,98.40700000000001,289.516351815043
1995-08-19 06:59:00,75.315,291.7055340928579
1995-08-19 07:00:00,1018.817,224.89307223568557
1995-08-19 07:01:00,171.488,312.9384128908986
1995-08-19 07:02:00,1062.819,320.7232088725406
1995-08-19 07:03:00,12.234,349.40096329008384
1995-08-19 07:04:00,114.622,322.98081487746816
1995-08-19 07:05:00,105.178,268.52017438729996
1995-08-19 07:06:00,150.305,313.2141349411273
1995-08-19 07:07:00,280.462,255.14597589413387
1995-08-19 07:08:00,332.693,258.31817620472185
1995-08-19 07:09:00,258.44,237.69150279085324
1995-08-19 07:10:00,279.97499999999997,241.07551075860647
1995-08-19 07:11:00,173.064,321.6697880755659
1995-08-19 07:12:00,1188.5140000000001,337.9921904415861
1995-08-19 07:13:00,1615.663,292.28153703998504
1995-08-19 07:14:00,28.991,340.4593815116279
1995-08-19 07:15:00,149.559,340.59632283336254
1995-08-19 07:16:00,131.769,304.8878675347892
1995-08-19 07:17:00,189.828,324.31027148292065
1995-08-19 07:18:00,40.442,334.43913212510364
1995-08-19 07:19:00,175.303,259.90463601986676
1995-08-19 07:20:00,22.857,270.59480963993985
1995-08-19 07:21:00,258.419,217.83314488911728
1995-08-19 07:22:00,2.823,278.79297753714775
1995-08-19 07:23:00,14.201,216.45898260106176
1995-08-19 07:24:00,95.909,205.62373243962801
1995-08-19 07:25:00,117.304,226.4667359884081
1995-08-19 07:26:00,151.384,240.1758814892806
1995-08-19 07:27:00,182.542,258.0058056123846
1995-08-19 07:28:00,59.071,277.9565857309782
1995-08-19 07:29:00,88.477,263.2864486248563
1995-08-19 07:30:00,110.44099999999999,217.36809572898338
1995-08-19 07:31:00,253.43900000000002,218.20741520530305
1995-08-19 07:32:00,69.579,265.2223928933674
1995-08-19 07:33:00,144.015,255.39571426039083
1995-08-19 07:34:00,94.81099999999999,251.48513521351646
1995-08-19 07:35:00,99.981,238.34876860886592
1995-08-19 07:36:00,51.013999999999996,214.86416011767088
1995-08-19 07:37:00,375.902,244.77102964890338
1995-08-19 07:38:00,119.82700000000001,264.76094004189935
1995-08-19 07:39:00,84.369,258.88465295225103
1995-08-19 07:40:00,98.78800000000001,236.9947650243405
1995-08-19 07:41:00,472.61199999999997,238.27323524641875
1995-08-19 07:42:00,206.832,228.54069342815887
1995-08-19 07:43:00,381.889,274.56102546593354
1995-08-19 07:44:00,226.015,382.33200269658477
1995-08-19 07:45:00,187.48799999999997,319.1623436590073
1995-08-19 07:46:00,89.639,301.78552254481053
1995-08-19 07:47:00,329.543,248.11027007932418
1995-08-19 07:48:00,257.52299999999997,387.44924238689487
1995-08-19 07:49:00,368.127,372.75777651435584
1995-08-19 07:50:00,146.562,328.1695347812928
1995-08-19 07:51:00,354.631,315.91588390023725
1995-08-19 07:52:00,406.084,433.63737252799257
1995-08-19 07:53:00,564.9300000000001,461.4156237019961
1995-08-19 07:54:00,640.875,488.50224195822176
1995-08-19 07:55:00,424.92900000000003,528.3943747448257
1995-08-19 07:56:00,222.006,618.3632981834802
1995-08-19 07:57:00,258.69599999999997,489.56905822627533
1995-08-19 07:58:00,94.152,516.6225911853564
1995-08-19 07:59:00,891.259,423.8593278544472
1995-08-19 08:00:00,172.796,408.6589027833211
1995-08-19 08:01:00,270.964,405.4585862434191
1995-08-19 08:02:00,86.235,386.33648748274874
1995-08-19 08:03:00,1311.11,357.60462930908
1995-08-19 08:04:00,237.268,375.70783879545763
1995-08-19 08:05:00,530.341,430.68194220633654
1995-08-19 08:06:00,199.168,413.37450541055773
1995-08-19 08:07:00,218.92900000000003,413.85174620690395
1995-08-19 08:08:00,251.916,386.20102349230416
1995-08-19 08:09:00,26.692999999999998,403.6745412331552
1995-08-19 08:10:00,113.315,317.0879949686193
1995-08-19 08:11:00,77.94399999999999,311.862841829045
1995-08-19 08:12:00,134.722,275.0436884853679
1995-08-19 08:13:00,142.716,254.0001489735644
1995-08-19 08:14:00,247.292,260.3697500629004
1995-08-19 08:15:00,152.035,301.1476070744248
1995-08-19 08:16:00,445.39300000000003,287.7340225041876
1995-08-19 08:17:00,352.75,338.7017467217207
1995-08-19 08:18:00,192.558,389.52917478123607
1995-08-19 08:19:00,169.04,393.3945953078288
1995-08-19 08:20:00,195.019,341.6537066520223
1995-08-19 08:21:00,172.62199999999999,336.45336105345507
1995-08-19 08:22:00,1455.97,338.4369663117114
1995-08-19 08:23:00,193.55100000000002,358.7328451453044
1995-08-19 08:24:00,23.459,384.1270155325566
1995-08-19 08:25:00,279.999,305.71834704852114
1995-08-19 08:26:00,454.746,368.98655740717516
1995-08-19 08:27:00,169.791,417.4149170590774
1995-08-19 08:28:00,135.851,427.00393499756757
1995-08-19 08:29:00,107.928,339.945183571356
1995-08-19 08:30:00,292.587,302.7238923868111
1995-08-19 08:31:00,173.854,332.691950696573
1995-08-19 08:32:00,675.963,385.44808298709296
1995-08-19 08:33:00,443.23199999999997,439.1263521115675
1995-08-19 08:34:00,355.04699999999997,424.29357012498724
1995-08-19 08:35:00,591.352,403.202090630351
1995-08-19 08:36:00,919.09,438.2316520424398
1995-08-19 08:37:00,233.61100000000002,491.13990739965976
1995-08-19 08:38:00,406.323,490.6004872776276
1995-08-19 08:39:00,270.01,423.0740441181303
1995-08-19 08:40:00,123.231,424.1516983706399
1995-08-19 08:41:00,253.169,357.2692110088362
1995-08-19 08:42:00,180.39600000000002,359.7914358536071
1995-08-19 08:43:00,282.214,332.4384711656372
1995-08-19 08:44:00,83.135,323.3715746386235
1995-08-19 08:45:00,165.445,313.74657166838847
1995-08-19 08:46:00,68.754,320.2649417886996
1995-08-19 08:47:00,29.798,291.44673816391213
1995-08-19 08:48:00,281.88599999999997,264.185165364739
1995-08-19 08:49:00,309.802,263.49297904570403
1995-08-19 08:50:00,59.297000000000004,311.8376503427995
1995-08-19 08:51:00,80.17599999999999,282.0073737754719
1995-08-19 08:52:00,12.997,252.63845122444297
1995-08-19 08:53:00,56.614,230.07962593061157
1995-08-19 08:54:00,312.343,225.38699929247144
1995-08-19 08:55:00,112.459,241.237194069092
1995-08-19 08:56:00,123.473,272.61349447965443
1995-08-19 08:57:00,163.429,268.32919056637246
1995-08-19 08:58:00,305.613,279.9080089265423
1995-08-19 08:59:00,589.8589999999999,390.0522465235441
1995-08-19 09:00:00,417.7,286.9516544745469
1995-08-19 09:01:00,38.071,319.458429224487
1995-08-19 09:02:00,472.326,278.25139207215057
1995-08-19 09:03:00,319.054,304.6374335170645
1995-08-19 09:04:00,170.335,332.776343143523
1995-08-19 09:05:00,123.406,347.61668923231207
1995-08-19 09:06:00,140.317,335.1855178278928
1995-08-19 09:07:00,129.156,284.07837198493144
1995-08-19 09:08:00,1000.762,292.2465263176207
1995-08-19 09:09:00,180.40800000000002,306.8957269458982
1995-08-19 09:10:00,121.08,388.86641268813327
1995-08-19 09:11:00,227.69400000000002,327.33258775642287
1995-08-19 09:12:00,34.010999999999996,293.34214330648274
1995-08-19 09:13:00,39.737,279.3023736408291
1995-08-19 09:14:00,90.412,270.8845666095624
1995-08-19 09:15:00,271.903,259.4319295845645
1995-08-19 09:16:00,842.305,387.14324295087266
1995-08-19 09:17:00,457.766,393.40163891315746
1995-08-19 09:18:00,1016.428,426.59710756641874
1995-08-19 09:19:00,482.421,420.8344110818311
1995-08-19 09:20:00,222.638,464.9577870625032
1995-08-19 09:21:00,566.519,432.99777028455514
1995-08-19 09:22:00,1281.3120000000001,453.41355649012365
1995-08-19 09:23:00,188.117,475.315887534649
1995-08-19 09:24:00,298.08799999999997,495.1350149934421
1995-08-19 09:25:00,917.659,382.1638356930841
1995-08-19 09:26:00,264.432,470.2186711024841
1995-08-19 09:27:00,105.422,486.46369386322147
1995-08-19 09:28:00,195.297,413.993834210356
1995-08-19 09:29:00,375.914,443.83453024372227
1995-08-19 09:30:00,380.281,414.0612251324823
1995-08-19 09:31:00,476.113,449.24601008457904
1995-08-19 09:32:00,178.219,501.53024491666616
1995-08-19 09:33:00,654.521,454.2571219861274
1995-08-19 09:34:00,440.82599999999996,472.9401526769048
1995-08-19 09:35:00,373.336,512.7796336297929
1995-08-19 09:36:00,782.3929999999999,509.2132769145327
1995-08-19 09:37:00,372.452,589.493608291243
1995-08-19 09:38:00,414.889,612.752223905922
1995-08-19 09:39:00,311.729,629.245327942003
1995-08-19 09:40:00,1509.963,494.38469338538
1995-08-19 09:41:00,302.752,600.3500482729188
1995-08-19 09:42:00,415.467,574.8125068941833
1995-08-19 09:43:00,903.866,558.3754325893008
1995-08-19 09:44:00,610.94,583.095502967602
1995-08-19 09:45:00,348.502,596.7466574167844
1995-08-19 09:46:00,400.532,556.4799837008487
1995-08-19 09:47:00,1447.9230000000002,539.3594174958142
1995-08-19 09:48:00,916.7110000000001,527.9770200504697
1995-08-19 09:49:00,1247.926,644.1529735950588
1995-08-19 09:50:00,1565.3829999999998,641.458859792461
1995-08-19 09:51:00,423.85900000000004,680.0857372441915
1995-08-19 09:52:00,259.806,682.5503006410876
1995-08-19 09:53:00,444.296,651.8090850793484
1995-08-19 09:54:00,254.718,610.0542980692987
1995-08-19 09:55:00,189.61399999999998,573.3774211106231
1995-08-19 09:56:00,153.269,483.8865446438821
1995-08-19 09:57:00,295.225,442.47037278152715
1995-08-19 09:58:00,344.677,501.23804170958203
1995-08-19 09:59:00,208.462,461.73885001059233
1995-08-19 10:00:00,313.164,467.22678227424615
1995-08-19 10:01:00,306.303,411.9652426601093
1995-08-19 10:02:00,785.502,459.43709705361033
1995-08-19 10:03:00,169.624,450.2620632756367
1995-08-19 10:04:00,123.508,439.8245144905778
1995-08-19 10:05:00,358.336,381.80768691262324
1995-08-19 10:06:00,586.504,416.1823975463677
1995-08-19 10:07:00,843.817,455.22029614559045
1995-08-19 10:08:00,540.064,475.713316944466
1995-08-19 10:09:00,280.932,556.062265893482
1995-08-19 10:10:00,175.13400000000001,536.0496135368086
1995-08-19 10:11:00,684.582,481.0923706834641
1995-08-19 10:12:00,443.786,471.97625196393824
1995-08-19 10:13:00,179.793,472.8119489379412
1995-08-19 10:14:00,343.84,460.5770628004193
1995-08-19 10:15:00,235.68099999999998,526.3647800270096
1995-08-19 10:16:00,138.624,510.3447749684603
1995-08-19 10:17:00,677.104,526.3424902137583
1995-08-19 10:18:00,1743.6950000000002,522.6994739267988
1995-08-19 10:19:00,164.288,545.9516039127122
1995-08-19 10:20:00,247.44,512.0818723719623
1995-08-19 10:21:00,818.701,466.69575462178665
1995-08-19 10:22:00,63.81,484.97391556491436
1995-08-19 10:23:00,174.89000000000001,430.11261152904007
1995-08-19 10:24:00,286.898,461.9960412153705
1995-08-19 10:25:00,346.588,545.754775732236
1995-08-19 10:26:00,468.014,521.3554247564929
1995-08-19 10:27:00,253.531,571.9191635004948
1995-08-19 10:28:00,79.05799999999999,514.3475178352002
1995-08-19 10:29:00,546.846,447.4918637635201
1995-08-19 10:30:00,806.82,566.9890313225219
1995-08-19 10:31:00,1582.8139999999999,519.0135029165602
1995-08-19 10:32:00,701.828,611.5595094984545
1995-08-19 10:33:00,1174.583,652.6733379138012
1995-08-19 10:34:00,137.865,683.3031910480609
1995-08-19 10:35:00,1627.434,538.4309495250095
1995-08-19 10:36:00,197.082,533.9028578986081
1995-08-19 10:37:00,1494.685,545.3415140645034
1995-08-19 10:38:00,189.05200000000002,585.774978892145
1995-08-19 10:39:00,607.518,525.4594631054446
1995-08-19 10:40:00,842.967,581.6042155643198
1995-08-19 10:41:00,123.923,579.1835926409353
1995-08-19 10:42:00,106.864,441.5007588479681
1995-08-19 10:43:00,71.656,443.84556335766763
1995-08-19 10:44:00,1564.2,340.8156511950848
1995-08-19 10:45:00,90.10600000000001,410.9328523031042
1995-08-19 10:46:00,589.479,406.45495327780236
1995-08-19 10:47:00,156.274,458.7573575861982
1995-08-19 10:48:00,199.417,453.31497981957733
1995-08-19 10:49:00,280.091,421.8912286026073
1995-08-19 10:50:00,757.746,418.7303023984378
1995-08-19 10:51:00,290.643,389.29869763222797
1995-08-19 10:52:00,132.94,420.7738803514003
1995-08-19 10:53:00,271.18100000000004,375.59857885950527
1995-08-19 10:54:00,121.38,359.4705585431666
1995-08-19 10:55:00,350.986,370.4336323424747
1995-08-19 10:56:00,153.77700000000002,421.7809494855653
1995-08-19 10:57:00,295.712,424.86659869694665
1995-08-19 10:58:00,1453.7620000000002,426.1863301943198
1995-08-19 10:59:00,732.756,566.781491773968
1995-08-19 11:00:00,527.188,656.307200787413
1995-08-19 11:01:00,356.062,701.2004022774421
1995-08-19 11:02:00,356.481,611.9351034969958
1995-08-19 11:03:00,262.142,529.8388950334222
1995-08-19 11:04:00,154.51500000000001,511.2439195294829
1995-08-19 11:05:00,487.054,428.219265949435
1995-08-19 11:06:00,82.043,415.04023726008825
1995-08-19 11:07:00,118.751,396.6468879450486
1995-08-19 11:08:00,210.612,341.57454829488586
1995-08-19 11:09:00,177.449,387.5411499100193
1995-08-19 11:10:00,116.17299999999999,337.2258415341917
1995-08-19 11:11:00,279.164,334.67245952996205
1995-08-19 11:12:00,422.40799999999996,378.52633777231944
1995-08-19 11:13:00,40.916,427.3993665991817
1995-08-19 11:14:00,358.127,389.5180142816224
1995-08-19 11:15:00,146.099,392.61804857030603
1995-08-19 11:16:00,126.173,327.48689073215934
1995-08-19 11:17:00,1013.582,326.9333577860321
1995-08-19 11:18:00,1424.691,406.0691056324323
1995-08-19 11:19:00,206.282,487.59412080698075
1995-08-19 11:20:00,351.093,422.97422825983597
1995-08-19 11:21:00,502.898,436.6753018554532
1995-08-19 11:22:00,353.59499999999997,464.0968173078587
1995-08-19 11:23:00,976.433,418.88025700561093
1995-08-19 11:24:00,358.134,487.7486862083179
1995-08-19 11:25:00,251.784,471.6899571967493
1995-08-19 11:26:00,221.535,539.0660644789782
1995-08-19 11:27:00,344.771,510.17038171755877
1995-08-19 11:28:00,362.43899999999996,456.53969198405974
1995-08-19 11:29:00,705.099,474.80078944174676
1995-08-19 11:30:00,545.619,537.3168194083962
1995-08-19 11:31:00,365.53700000000003,496.4008218105145
1995-08-19 11:32:00,402.98699999999997,481.21280318490835
1995-08-19 11:33:00,314.233,516.9177935466319
1995-08-19 11:34:00,491.499,529.0621033814729
1995-08-19 11:35:00,146.706,571.9148545480011
1995-08-19 11:36:00,893.277,451.9625041752316
1995-08-19 11:37:00,757.779,485.36989709925695
1995-08-19 11:38:00,1926.643,505.69890085812875
1995-08-19 11:39:00,834.3330000000001,651.8245807692399
1995-08-19 11:40:00,525.135,592.4753657196537
1995-08-19 11:41:00,733.138,602.5625868416842
1995-08-19 11:42:00,464.092,658.4658927983052
1995-08-19 11:43:00,817.795,631.7379330641799
1995-08-19 11:44:00,664.999,648.3619810390035
1995-08-19 11:45:00,510.738,628.8506199531221
1995-08-19 11:46:00,196.132,549.7434769755633
1995-08-19 11:47:00,199.964,491.32981240392064
1995-08-19 11:48:00,254.69300000000004,588.2996865509156
1995-08-19 11:49:00,268.335,491.28938756532574
1995-08-19 11:50:00,771.01,446.2581936145987
1995-08-19 11:51:00,1076.762,547.8013878519321
1995-08-19 11:52:00,330.08799999999997,571.4735307499493
1995-08-19 11:53:00,279.889,571.5420068705615
1995-08-19 11:54:00,693.8199999999999,553.6471669792445
1995-08-19 11:55:00,309.03,606.8389575079431
1995-08-19 11:56:00,338.686,576.7281828603063
1995-08-19 11:57:00,321.094,513.0304321477541
1995-08-19 11:58:00,338.927,524.1891424875463
1995-08-19 11:59:00,154.444,531.8590276546381
1995-08-19 12:00:00,407.989,457.01311693538065
1995-08-19 12:01:00,94.173,435.01029720149404
1995-08-19 12:02:00,145.626,403.6382519375997
1995-08-19 12:03:00,342.491,384.9327844604936
1995-08-19 12:04:00,164.298,385.67922321479847
1995-08-19 12:05:00,542.179,377.7959379415977
1995-08-19 12:06:00,557.073,483.6011832127036
1995-08-19 12:07:00,382.832,524.238809209007
1995-08-19 12:08:00,1183.107,548.5303045828704
1995-08-19 12:09:00,596.487,565.7352643014578
1995-08-19 12:10:00,455.765,633.4151614686668
1995-08-19 12:11:00,205.142,623.5126015686395
1995-08-19 12:12:00,226.186,601.6250536327628
1995-08-19 12:13:00,217.988,539.4111726599555
1995-08-19 12:14:00,548.755,460.9740362499116
1995-08-19 12:15:00,1685.604,466.2273543573874
1995-08-19 12:16:00,714.936,550.9482370597467
1995-08-19 12:17:00,661.916,639.2866303476459
1995-08-19 12:18:00,447.693,660.489107464411
1995-08-19 12:19:00,427.546,660.7693485710402
1995-08-19 12:20:00,267.87,619.1793331214685
1995-08-19 12:21:00,425.603,568.5960746816545
1995-08-19 12:22:00,358.927,540.0464390177897
1995-08-19 12:23:00,384.462,481.77711546745263
1995-08-19 12:24:00,185.45499999999998,444.3256847189516
1995-08-19 12:25:00,1586.869,503.57540124770435
1995-08-19 12:26:00,65.17399999999999,430.65299969150806
1995-08-19 12:27:00,98.34100000000001,428.59911972482956
1995-08-19 12:28:00,57.348,388.03417716772276
1995-08-19 12:29:00,146.172,361.169142941977
1995-08-19 12:30:00,294.521,322.94911064441567
1995-08-19 12:31:00,450.40999999999997,407.51135457755373
1995-08-19 12:32:00,466.11,443.6719252439084
1995-08-19 12:33:00,426.475,410.70098365451446
1995-08-19 12:34:00,284.373,464.7853999661388
1995-08-19 12:35:00,326.161,454.4663867398764
1995-08-19 12:36:00,1683.7250000000001,533.0127693476072
1995-08-19 12:37:00,91.441,481.5189080789747
1995-08-19 12:38:00,460.55699999999996,469.6098769393681
1995-08-19 12:39:00,654.4449999999999,451.6480974837264
1995-08-19 12:40:00,404.751,532.4265376887556
1995-08-19 12:41:00,725.683,569.0148821514097
1995-08-19 12:42:00,337.688,542.988685907749
1995-08-19 12:43:00,916.14,481.41714009047126
1995-08-19 12:44:00,264.621,579.3998776761133
1995-08-19 12:45:00,253.44899999999998,534.7067777238135
1995-08-19 12:46:00,97.795,524.7497438917698
1995-08-19 12:47:00,449.34000000000003,414.6781047453244
1995-08-19 12:48:00,215.822,484.9584369721334
1995-08-19 12:49:00,206.803,478.7233663584105
1995-08-19 12:50:00,156.523,450.3049468080573
1995-08-19 12:51:00,303.521,386.6354847285635
1995-08-19 12:52:00,441.903,470.3232588920827
1995-08-19 12:53:00,296.953,451.01407540690093
1995-08-19 12:54:00,108.808,415.26163509894394
1995-08-19 12:55:00,285.94599999999997,383.83544143032447
1995-08-19 12:56:00,189.299,341.3071504031071
1995-08-19 12:57:00,254.59699999999998,360.02027779000065
1995-08-19 12:58:00,235.74200000000002,341.34704507677077
1995-08-19 12:59:00,198.86,382.6153121305155
1995-08-19 13:00:00,693.2339999999999,344.8774421285037
1995-08-19 13:01:00,82.675,357.0483043687903
1995-08-19 13:02:00,667.8199999999999,338.0615210711123
1995-08-19 13:03:00,453.577,350.54597747645744
1995-08-19 13:04:00,290.733,505.79471688115103
1995-08-19 13:05:00,821.859,446.0541649087148
1995-08-19 13:06:00,1369.011,452.1812721573668
1995-08-19 13:07:00,722.0529999999999,456.3468898587876
1995-08-19 13:08:00,1238.7450000000001,499.93422770234974
1995-08-19 13:09:00,1285.89,609.34963946924
1995-08-19 13:10:00,152.291,630.9204091731998
1995-08-19 13:11:00,173.217,556.3955610839273
1995-08-19 13:12:00,159.84699999999998,550.4855817791519
1995-08-19 13:13:00,188.713,470.3358696890789
1995-08-19 13:14:00,284.931,437.0908249932947
1995-08-19 13:15:00,245.279,399.95796247712553
1995-08-19 13:16:00,67.716,420.5379424949259
1995-08-19 13:17:00,372.711,346.8527210280075
1995-08-19 13:18:00,1440.616,395.3893859980923
1995-08-19 13:19:00,529.939,507.53521513225127
1995-08-19 13:20:00,643.272,611.9630020662038
1995-08-19 13:21:00,436.856,571.2659012374702
1995-08-19 13:22:00,86.078,603.2010415910238
1995-08-19 13:23:00,324.045,476.05380662651163
1995-08-19 13:24:00,193.25799999999998,543.3012306662994
1995-08-19 13:25:00,376.24899999999997,471.22438407860943
1995-08-19 13:26:00,367.30899999999997,433.18869701712237
1995-08-19 13:27:00,812.453,396.8289409215704
1995-08-19 13:28:00,419.61199999999997,401.90003829554826
1995-08-19 13:29:00,194.725,442.7813233809767
1995-08-19 13:30:00,197.007,430.91478501692063
1995-08-19 13:31:00,405.773,419.12012400892115
1995-08-19 13:32:00,576.097,393.0848486558626
1995-08-19 13:33:00,142.598,375.7718259345476
1995-08-19 13:34:00,109.499,375.5584127538572
1995-08-19 13:35:00,553.319,333.46195501756745
1995-08-19 13:36:00,294.861,344.3110828121294
1995-08-19 13:37:00,220.781,399.5020238514406
1995-08-19 13:38:00,123.463,383.8171783979474
1995-08-19 13:39:00,1326.738,362.6267303465763
1995-08-19 13:40:00,285.242,420.1465277068757
1995-08-19 13:41:00,1483.432,430.25471326468687
1995-08-19 13:42:00,508.598,458.5930098095998
1995-08-19 13:43:00,272.803,515.9122032291372
1995-08-19 13:44:00,374.14799999999997,491.541185116869
1995-08-19 13:45:00,440.18,503.8806640788597
1995-08-19 13:46:00,541.187,464.66021501748827
1995-08-19 13:47:00,534.505,518.0981630890631
1995-08-19 13:48:00,441.238,543.3751300104348
1995-08-19 13:49:00,770.534,580.5204876372653
1995-08-19 13:50:00,278.222,654.533491659934
1995-08-19 13:51:00,583.375,576.8316628713416
1995-08-19 13:52:00,144.442,527.7005630280192
1995-08-19 13:53:00,469.229,488.6450107478175
1995-08-19 13:54:00,491.655,468.59956608828224
1995-08-19 13:55:00,335.35699999999997,532.7494532328069
1995-08-19 13:56:00,1011.5200000000001,450.8666710706903
1995-08-19 13:57:00,83.008,515.6493022895481
1995-08-19 13:58:00,309.413,459.576097864511
1995-08-19 13:59:00,1187.271,504.450588249047
1995-08-19 14:00:00,150.56,493.66762883734793
1995-08-19 14:01:00,215.559,515.7491335257473
1995-08-19 14:02:00,262.315,549.6597060203077
1995-08-19 14:03:00,550.147,550.081881801257
1995-08-19 14:04:00,127.59,608.7307142661173
1995-08-19 14:05:00,326.184,491.8374746050974
1995-08-19 14:06:00,456.42699999999996,497.6244605274191
1995-08-19 14:07:00,416.098,567.1902419989634
1995-08-19 14:08:00,397.016,514.026422638202
1995-08-19 14:09:00,888.7,586.0668766830343
1995-08-19 14:10:00,267.654,648.8752729100831
1995-08-19 14:11:00,230.99,514.2838572650721
1995-08-19 14:12:00,232.418,472.01019828258933
1995-08-19 14:13:00,429.471,430.043253859851
1995-08-19 14:14:00,1160.116,463.2064536597619
1995-08-19 14:15:00,310.266,452.0972078575584
1995-08-19 14:16:00,203.438,466.8757059751494
1995-08-19 14:17:00,257.93399999999997,431.418447058566
1995-08-19 14:18:00,232.983,438.67532659116887
1995-08-19 14:19:00,571.521,444.47549302919435
1995-08-19 14:20:00,372.498,528.8078925305331
1995-08-19 14:21:00,1030.848,479.67759346802643
1995-08-19 14:22:00,296.719,596.462739104879
1995-08-19 14:23:00,257.031,488.07864915079693
1995-08-19 14:24:00,316.277,449.68842037985377
1995-08-19 14:25:00,196.913,442.03929347763267
1995-08-19 14:26:00,801.124,403.35927035866086
1995-08-19 14:27:00,1192.257,518.5318104088886
1995-08-19 14:28:00,674.235,618.2314687833035
1995-08-19 14:29:00,790.781,650.7547837040552
1995-08-19 14:30:00,1719.931,592.7441074483952
1995-08-19 14:31:00,1234.673,737.3531491880187
1995-08-19 14:32:00,1046.899,835.675595081344
1995-08-19 14:33:00,954.636,854.6205534346733
1995-08-19 14:34:00,251.06400000000002,810.2317351404258
1995-08-19 14:35:00,931.769,675.7069890087206
1995-08-19 14:36:00,1352.72,791.1772305987878
1995-08-19 14:37:00,621.76,835.8128371482452
1995-08-19 14:38:00,746.368,733.718873863603
1995-08-19 14:39:00,499.969,807.724044282548
1995-08-19 14:40:00,1740.075,755.2862563411379
1995-08-19 14:41:00,607.2049999999999,783.0015466344977
1995-08-19 14:42:00,478.781,802.8782173584164
1995-08-19 14:43:00,1545.818,719.463999778628
1995-08-19 14:44:00,758.052,828.2207709293813
1995-08-19 14:45:00,870.981,798.986689511325
1995-08-19 14:46:00,753.0930000000001,860.3271316329623
1995-08-19 14:47:00,652.335,799.9407976772968
1995-08-19 14:48:00,503.349,784.7543628936071
1995-08-19 14:49:00,984.536,789.3622663318425
1995-08-19 14:50:00,260.373,815.249876574312
1995-08-19 14:51:00,1859.8290000000002,725.469556718385
1995-08-19 14:52:00,334.884,837.9246255021222
1995-08-19 14:53:00,1000.795,752.4570361325881
1995-08-19 14:54:00,277.566,785.8429761067677
1995-08-19 14:55:00,246.977,680.9235576729083
1995-08-19 14:56:00,144.927,620.7732368312217
1995-08-19 14:57:00,1479.7540000000001,604.8499258579651
1995-08-19 14:58:00,607.904,578.2965877268555
1995-08-19 14:59:00,626.396,718.5323036770008
1995-08-19 15:00:00,429.106,667.2491450884219
1995-08-19 15:01:00,523.485,593.6766801083559
1995-08-19 15:02:00,244.166,688.6677058457115
1995-08-19 15:03:00,697.327,690.3504379794433
1995-08-19 15:04:00,383.58299999999997,657.0391037718866
1995-08-19 15:05:00,317.205,659.053388206432
1995-08-19 15:06:00,533.809,578.7908355197161
1995-08-19 15:07:00,233.767,609.6990615097073
1995-08-19 15:08:00,780.919,544.0077942504023
1995-08-19 15:09:00,199.24,534.7405447954603
1995-08-19 15:10:00,142.073,601.204604877872
1995-08-19 15:11:00,238.501,464.5557699449113
1995-08-19 15:12:00,381.809,458.54388201846973
1995-08-19 15:13:00,178.484,428.3038163053688
1995-08-19 15:14:00,597.181,445.2367707562655
1995-08-19 15:15:00,847.9359999999999,507.6976903086368
1995-08-19 15:16:00,621.043,494.58980676374654
1995-08-19 15:17:00,672.972,597.0971959558195
1995-08-19 15:18:00,641.211,647.7469201487229
1995-08-19 15:19:00,290.755,668.4830719555097
1995-08-19 15:20:00,802.702,625.9906950245604
1995-08-19 15:21:00,173.18200000000002,646.0653455156518
1995-08-19 15:22:00,703.688,526.0121938086717
1995-08-19 15:23:00,297.13,523.1179124245715
1995-08-19 15:24:00,419.25,488.7264064987782
1995-08-19 15:25:00,179.559,478.955940937742
1995-08-19 15:26:00,1233.893,540.4755356580952
1995-08-19 15:27:00,1874.432,522.8079187955063
1995-08-19 15:28:00,661.756,690.2142324470171
1995-08-19 15:29:00,252.858,659.8658223325289
1995-08-19 15:30:00,304.474,604.911098101821
1995-08-19 15:31:00,563.5409999999999,572.7675704408454
1995-08-19 15:32:00,1390.948,609.6576852263387
1995-08-19 15:33:00,158.567,604.7374510134622
1995-08-19 15:34:00,1294.675,498.74771402822097
1995-08-19 15:35:00,350.058,548.1069374833762
1995-08-19 15:36:00,238.886,578.3857513913982
1995-08-19 15:37:00,222.14000000000001,568.7723609445667
1995-08-19 15:38:00,176.477,497.62512460721973
1995-08-19 15:39:00,265.036,455.0300424382951
1995-08-19 15:40:00,459.376,461.1653835171479
1995-08-19 15:41:00,634.284,500.2820503071027
1995-08-19 15:42:00,731.1669999999999,593.937139879819
1995-08-19 15:43:00,592.2950000000001,528.253836208388
1995-08-19 15:44:00,338.29,526.3032291629642
1995-08-19 15:45:00,162.154,521.102438255924
1995-08-19 15:46:00,889.1360000000001,462.9089708413994
1995-08-19 15:47:00,667.3489999999999,563.3928449381119
1995-08-19 15:48:00,179.65099999999998,626.3696506279343
1995-08-19 15:49:00,436.98100000000005,507.220365624895
1995-08-19 15:50:00,979.677,488.2911005083221
1995-08-19 15:51:00,466.29900000000004,516.5693465831735
1995-08-19 15:52:00,428.942,501.3601904516866
1995-08-19 15:53:00,427.326,579.7790205149238
1995-08-19 15:54:00,1649.121,580.9938606541787
1995-08-19 15:55:00,355.44,565.3487247564004
1995-08-19 15:56:00,696.6600000000001,559.3968196646169
1995-08-19 15:57:00,102.10700000000001,609.7077810092775
1995-08-19 15:58:00,328.52,549.2675828969225
1995-08-19 15:59:00,166.23999999999998,505.21957795427045
1995-08-19 16:00:00,343.777,491.20403940824116
1995-08-19 16:01:00,359.85299999999995,427.6373972593777
1995-08-19 16:02:00,195.712,511.7101936167493
1995-08-19 16:03:00,71.854,420.2001517839958
1995-08-19 16:04:00,181.952,391.3353080259909
1995-08-19 16:05:00,199.475,378.1124337531219
1995-08-19 16:06:00,75.503,463.0370395790858
1995-08-19 16:07:00,168.111,363.7835036669587
1995-08-19 16:08:00,125.62700000000001,361.9451739894721
1995-08-19 16:09:00,54.30800000000001,360.0978864106179
1995-08-19 16:10:00,244.124,347.67823976402406
1995-08-19 16:11:00,576.3439999999999,333.0673061623517
1995-08-19 16:12:00,562.915,406.7605769175404
1995-08-19 16:13:00,141.565,423.20903874598395
1995-08-19 16:14:00,411.204,392.98543898987475
1995-08-19 16:15:00,350.743,380.6743242074761
1995-08-19 16:16:00,147.18699999999998,429.8953725491826
1995-08-19 16:17:00,303.497,410.6802723229862
1995-08-19 16:18:00,146.874,415.34461156991
1995-08-19 16:19:00,52.649,366.2115008139519
1995-08-19 16:20:00,175.10399999999998,321.3722954864661
1995-08-19 16:21:00,363.829,382.361212703159
1995-08-19 16:22:00,186.14999999999998,428.1033656698191
1995-08-19 16:23:00,919.4970000000001,321.73759988267517
1995-08-19 16:24:00,194.56300000000002,350.52374599919983
1995-08-19 16:25:00,1120.542,395.6881984532244
1995-08-19 16:26:00,356.863,512.0299886729466
1995-08-19 16:27:00,142.874,509.52536378298385
1995-08-19 16:28:00,355.98199999999997,489.7479894552312
1995-08-19 16:29:00,521.844,564.7847379618463
1995-08-19 16:30:00,298.601,603.4252248726141
1995-08-19 16:31:00,282.856,592.8666466217402
1995-08-19 16:32:00,530.947,495.0984665061242
1995-08-19 16:33:00,341.959,461.42313969384963
1995-08-19 16:34:00,326.8,494.1276009755967
1995-08-19 16:35:00,244.169,444.52844659049475
1995-08-19 16:36:00,137.8,428.1830775174743
1995-08-19 16:37:00,324.495,380.1774463107581
1995-08-19 16:38:00,287.885,404.67998788068076
1995-08-19 16:39:00,339.297,389.6577830198213
1995-08-19 16:40:00,363.909,476.93873377667694
1995-08-19 16:41:00,184.89,413.39329964512166
1995-08-19 16:42:00,192.575,420.60890320565795
1995-08-19 16:43:00,482.97900000000004,359.55072225930064
1995-08-19 16:44:00,271.979,391.39720752363075
1995-08-19 16:45:00,477.475,409.88977136389497
1995-08-19 16:46:00,292.496,449.3268379335459
1995-08-19 16:47:00,670.188,385.40581473535633
1995-08-19 16:48:00,357.342,390.5848411483929
1995-08-19 16:49:00,481.63800000000003,495.41905756004644
1995-08-19 16:50:00,285.799,517.0254915840954
1995-08-19 16:51:00,999.332,495.88870862820244
1995-08-19 16:52:00,373.476,552.355998581455
1995-08-19 16:53:00,417.423,580.2311420284287
1995-08-19 16:54:00,276.41,579.1411177555772
1995-08-19 16:55:00,438.573,587.6785805915143
1995-08-19 16:56:00,362.387,607.5125653031431
1995-08-19 16:57:00,1839.443,517.7757616826534
1995-08-19 16:58:00,475.663,642.6150099478517
1995-08-19 16:59:00,275.496,564.1644459754989
1995-08-19 17:00:00,401.553,532.9156108012172
1995-08-19 17:01:00,307.661,561.055317295851
1995-08-19 17:02:00,237.949,504.29878089339246
1995-08-19 17:03:00,680.377,516.2082737245142
1995-08-19 17:04:00,233.81,542.91548024072
1995-08-19 17:05:00,350.001,532.6336728900739
1995-08-19 17:06:00,454.551,503.5298021269136
1995-08-19 17:07:00,197.75300000000001,500.7698706126809
1995-08-19 17:08:00,240.10899999999998,469.5905125707809
1995-08-19 17:09:00,1226.608,443.3106968311275
1995-08-19 17:10:00,331.134,415.29759723428174
1995-08-19 17:11:00,1413.845,462.3286277054259
1995-08-19 17:12:00,661.757,526.7064749068146
1995-08-19 17:13:00,657.148,611.2590595218727
1995-08-19 17:14:00,455.385,618.237152345682
1995-08-19 17:15:00,933.443,638.9366293019101
1995-08-19 17:16:00,94.301,607.3090968417613
1995-08-19 17:17:00,256.202,518.2769051469686
1995-08-19 17:18:00,340.928,459.8776937325559
1995-08-19 17:19:00,211.29399999999998,526.0286925300554
1995-08-19 17:20:00,348.57,449.02461425961167
1995-08-19 17:21:00,159.119,526.7967976298332
1995-08-19 17:22:00,485.24699999999996,478.047476459299
1995-08-19 17:23:00,503.12800000000004,523.3745522915611
1995-08-19 17:24:00,285.18399999999997,473.19771321616764
1995-08-19 17:25:00,352.17900000000003,450.3772154099139
1995-08-19 17:26:00,282.94399999999996,426.6604843630134
1995-08-19 17:27:00,316.075,423.3758378922516
1995-08-19 17:28:00,600.446,522.5472685602675
1995-08-19 17:29:00,513.923,543.7268199825676
1995-08-19 17:30:00,1040.166,642.4392180447499
1995-08-19 17:31:00,251.7,627.1040696343681
1995-08-19 17:32:00,175.171,579.0237815995966
1995-08-19 17:33:00,846.1,537.3790414854949
1995-08-19 17:34:00,277.59000000000003,577.9811847645394
1995-08-19 17:35:00,320.40700000000004,536.9729074101665
1995-08-19 17:36:00,526.726,461.31466228666505
1995-08-19 17:37:00,569.827,520.2781929047404
1995-08-19 17:38:00,530.854,510.82354634935064
1995-08-19 17:39:00,222.576,539.7074864992701
1995-08-19 17:40:00,346.568,419.07606222145694
1995-08-19 17:41:00,294.941,519.6445653702496
1995-08-19 17:42:00,621.2429999999999,450.9236771615037
1995-08-19 17:43:00,509.67600000000004,430.6709880260665
1995-08-19 17:44:00,207.971,433.86969723310557
1995-08-19 17:45:00,315.996,410.9272242631639
1995-08-19 17:46:00,1558.0510000000002,482.89015577214116
1995-08-19 17:47:00,473.536,560.8481435342558
1995-08-19 17:48:00,374.784,611.1334844461317
1995-08-19 17:49:00,762.309,581.9495249695933
1995-08-19 17:50:00,374.885,568.4238006650975
1995-08-19 17:51:00,493.19599999999997,544.5791840953347
1995-08-19 17:52:00,427.36199999999997,610.1826445186907
1995-08-19 17:53:00,1010.6379999999999,608.3418484265849
1995-08-19 17:54:00,316.395,575.4782166685203
1995-08-19 17:55:00,230.81,502.8454048985143
1995-08-19 17:56:00,649.435,473.604101499402
1995-08-19 17:57:00,436.16400000000004,491.9867004147056
1995-08-19 17:58:00,728.84,492.91783750917796
1995-08-19 17:59:00,1097.038,484.97757416496205
1995-08-19 18:00:00,147.624,564.9229900367015
1995-08-19 18:01:00,118.99,511.1768594355088
1995-08-19 18:02:00,915.324,468.79973951032275
1995-08-19 18:03:00,50.954,460.21099504770973
1995-08-19 18:04:00,166.625,427.3613829872653
1995-08-19 18:05:00,177.265,441.0609999178272
1995-08-19 18:06:00,272.724,460.5409954327954
1995-08-19 18:07:00,257.412,401.08743230656523
1995-08-19 18:08:00,183.645,429.8062389505343
1995-08-19 18:09:00,89.356,346.5131861501676
1995-08-19 18:10:00,184.143,326.36078012279427
1995-08-19 18:11:00,226.761,345.6333716132814
1995-08-19 18:12:00,184.555,338.6231651492971
1995-08-19 18:13:00,516.487,396.6474600534315
1995-08-19 18:14:00,340.84000000000003,453.6335516500181
1995-08-19 18:15:00,380.776,465.8797996188161
1995-08-19 18:16:00,181.464,474.39262584788565
1995-08-19 18:17:00,635.369,423.9870360514203
1995-08-19 18:18:00,1171.921,453.751792379681
1995-08-19 18:19:00,147.347,451.03680843944693
1995-08-19 18:20:00,144.367,404.4277938114372
1995-08-19 18:21:00,290.368,431.17405277188175
1995-08-19 18:22:00,418.85699999999997,472.35375159058435
1995-08-19 18:23:00,814.016,545.3357008982161
1995-08-19 18:24:00,600.454,481.400374601311
1995-08-19 18:25:00,363.833,537.9645557552165
1995-08-19 18:26:00,344.813,592.2117310519611
1995-08-19 18:27:00,310.54900000000004,566.3807704917305
1995-08-19 18:28:00,298.013,550.5010264195735
1995-08-19 18:29:00,345.06,485.8029880227916
1995-08-19 18:30:00,1163.2069999999999,571.4862517464466
1995-08-19 18:31:00,320.391,628.1431176324834
1995-08-19 18:32:00,260.724,601.9362232624431
1995-08-19 18:33:00,282.774,515.7900184891057
1995-08-19 18:34:00,66.676,468.5838925693953
1995-08-19 18:35:00,79.73,427.7464382226698
1995-08-19 18:36:00,130.483,387.60457111234456
1995-08-19 18:37:00,79.986,377.4217490333716
1995-08-19 18:38:00,86.305,355.04465286707006
1995-08-19 18:39:00,122.59,327.89356144800996
1995-08-19 18:40:00,135.319,313.80774955647126
1995-08-19 18:41:00,1146.198,310.4997376100125
1995-08-19 18:42:00,93.797,363.62439401037193
1995-08-19 18:43:00,61.228,370.29003853242386
1995-08-19 18:44:00,152.175,341.7798206919069
1995-08-19 18:45:00,213.461,400.4132694483706
1995-08-19 18:46:00,180.13600000000002,370.15160332261473
1995-08-19 18:47:00,1113.971,321.9724413137349
1995-08-19 18:48:00,191.435,329.81431981011764
1995-08-19 18:49:00,140.902,312.1756450146525
1995-08-19 18:50:00,166.975,316.55700944483414
1995-08-19 18:51:00,255.89600000000002,324.8732212655959
1995-08-19 18:52:00,429.497,373.47420775559044
1995-08-19 18:53:00,163.139,363.7280627827688
1995-08-19 18:54:00,931.572,297.4976119500425
1995-08-19 18:55:00,234.33,292.8094722399941
1995-08-19 18:56:00,284.239,373.99792289333084
1995-08-19 18:57:00,241.306,321.68622662658856
1995-08-19 18:58:00,169.527,344.91862926047685
1995-08-19 18:59:00,285.999,350.6513536211998
1995-08-19 19:00:00,374.246,388.96370493437445
1995-08-19 19:01:00,1015.933,412.58972325705736
1995-08-19 19:02:00,340.83299999999997,413.0693796827078
1995-08-19 19:03:00,262.19599999999997,425.0809966917389
1995-08-19 19:04:00,236.127,418.18915264284897
1995-08-19 19:05:00,279.339,384.31831420730657
1995-08-19 19:06:00,2237.839,389.9072976150547
1995-08-19 19:07:00,193.67000000000002,466.59126187428745
1995-08-19 19:08:00,361.448,447.21911921191884
1995-08-19 19:09:00,2043.7969999999998,444.23590835547395
1995-08-19 19:10:00,489.98900000000003,491.77005809575024
1995-08-19 19:11:00,569.398,555.0734761616241
1995-08-19 19:12:00,1098.415,707.0122138257611
1995-08-19 19:13:00,671.209,703.2875726307035
1995-08-19 19:14:00,1801.155,727.7170005953151
1995-08-19 19:15:00,488.48600000000005,736.2293328621672
1995-08-19 19:16:00,812.461,666.3545089943802
1995-08-19 19:17:00,258.858,686.0892045046927
1995-08-19 19:18:00,1497.242,587.1352820135884
1995-08-19 19:19:00,115.67099999999999,580.0800305429833
1995-08-19 19:20:00,665.881,500.6920336525548
1995-08-19 19:21:00,149.238,513.2694905741156
1995-08-19 19:22:00,846.068,484.4960433672929
1995-08-19 19:23:00,558.842,547.3917378651383
1995-08-19 19:24:00,114.632,588.2163749092425
1995-08-19 19:25:00,385.561,498.2564240564
1995-08-19 19:26:00,289.479,472.1308123589514
1995-08-19 19:27:00,295.708,444.1938027873269
1995-08-19 19:28:00,285.105,445.72542035661814
1995-08-19 19:29:00,374.854,439.95869404959655
1995-08-19 19:30:00,493.56,478.6196471195918
1995-08-19 19:31:00,693.881,452.04647523118814
1995-08-19 19:32:00,234.819,510.94087518424624
1995-08-19 19:33:00,1558.465,487.67682212004195
1995-08-19 19:34:00,250.086,560.278490484091
1995-08-19 19:35:00,1132.911,502.2537319053257
1995-08-19 19:36:00,388.192,619.7101746843504
1995-08-19 19:37:00,168.48,621.4567055012261
1995-08-19 19:38:00,924.1089999999999,518.8501296431126
1995-08-19 19:39:00,621.606,604.0270206435304
1995-08-19 19:40:00,199.288,566.9044116356318
1995-08-19 19:41:00,436.142,490.99677805162094
1995-08-19 19:42:00,246.10299999999998,474.5129385277491
1995-08-19 19:43:00,59.654,458.9174451062809
1995-08-19 19:44:00,123.092,410.3472563654103
1995-08-19 19:45:00,120.283,415.69002334103556
1995-08-19 19:46:00,172.242,356.1149580802258
1995-08-19 19:47:00,95.185,338.7138440659943
1995-08-19 19:48:00,135.97899999999998,331.4429595803685
1995-08-19 19:49:00,1173.786,328.5070502312099
1995-08-19 19:50:00,77.161,322.5949840674863
1995-08-19 19:51:00,0.0,345.4078527720246
1995-08-19 19:52:00,104.584,273.0342587831647
1995-08-19 19:53:00,126.044,274.6030898659072
1995-08-19 19:54:00,322.858,296.96029744219703
1995-08-19 19:55:00,257.693,376.3720477720795
1995-08-19 19:56:00,289.31100000000004,393.1156776542304
1995-08-19 19:57:00,386.409,356.39069083593336
1995-08-19 19:58:00,270.306,443.1715176489086
1995-08-19 19:59:00,372.704,454.320801863159
1995-08-19 20:00:00,183.42000000000002,521.1842236094229
1995-08-19 20:01:00,93.40499999999999,425.218689688021
1995-08-19 20:02:00,94.62,283.03037090005654
1995-08-19 20:03:00,1457.415,323.35411103223015
1995-08-19 20:04:00,407.205,437.11987305337874
1995-08-19 20:05:00,137.392,502.32279542351876
1995-08-19 20:06:00,78.253,413.9936909212271
1995-08-19 20:07:00,538.32,373.8635711241319
1995-08-19 20:08:00,100.203,449.27744529349
1995-08-19 20:09:00,135.835,405.503638649135
1995-08-19 20:10:00,151.42,406.8073808617711
1995-08-19 20:11:00,306.724,369.4107038572933
1995-08-19 20:12:00,719.29,352.1063043337296
1995-08-19 20:13:00,113.816,406.1741248131435
1995-08-19 20:14:00,61.275999999999996,389.0635767405318
1995-08-19 20:15:00,220.134,348.31909013940793
1995-08-19 20:16:00,380.37399999999997,370.2334533199386
1995-08-19 20:17:00,197.126,370.56854921454186
1995-08-19 20:18:00,419.506,380.6058412117733
1995-08-19 20:19:00,63.492000000000004,438.30774019926764
1995-08-19 20:20:00,365.247,334.6742817375181
1995-08-19 20:21:00,312.213,391.8245146336828
1995-08-19 20:22:00,1089.509,413.40455882083876
1995-08-19 20:23:00,677.206,439.26429599292544
1995-08-19 20:24:00,425.675,530.0965243866686
1995-08-19 20:25:00,706.149,531.4266226822888
1995-08-19 20:26:00,569.971,582.9823425987572
1995-08-19 20:27:00,403.408,651.7492908361902
1995-08-19 20:28:00,657.323,583.4004845102304
1995-08-19 20:29:00,226.549,527.361079554398
1995-08-19 20:30:00,1321.0970000000002,560.0062282876361
1995-08-19 20:31:00,292.21500000000003,614.1433478327892
1995-08-19 20:32:00,605.29,528.1019523849961
1995-08-19 20:33:00,832.832,608.6105220392519
1995-08-19 20:34:00,526.274,690.128471216834
1995-08-19 20:35:00,324.86400000000003,699.6445772808352
1995-08-19 20:36:00,526.222,616.432558277517
1995-08-19 20:37:00,364.114,573.2260831276013
1995-08-19 20:38:00,81.872,540.9946985839741
1995-08-19 20:39:00,445.746,466.4713477965337
1995-08-19 20:40:00,789.669,429.68804569708726
1995-08-19 20:41:00,577.31,555.7164096538304
1995-08-19 20:42:00,2514.563,498.97166840058077
1995-08-19 20:43:00,1217.73,619.0107898190524
1995-08-19 20:44:00,133.14100000000002,670.81739948628
1995-08-19 20:45:00,584.096,569.1196926743522
1995-08-19 20:46:00,306.485,718.526501924359
1995-08-19 20:47:00,289.615,579.0107641582456
1995-08-19 20:48:00,86.967,517.6798369948698
1995-08-19 20:49:00,432.606,436.6477920494756
1995-08-19 20:50:00,380.308,446.18579980319646
1995-08-19 20:51:00,369.31699999999995,460.4514627347665
1995-08-19 20:52:00,153.54999999999998,499.1038390760703
1995-08-19 20:53:00,129.165,447.94827383233616
1995-08-19 20:54:00,190.053,386.2696772454288
1995-08-19 20:55:00,291.77000000000004,406.629298100348
1995-08-19 20:56:00,278.733,376.20360373927866
1995-08-19 20:57:00,301.927,371.24224856109555
1995-08-19 20:58:00,45.551,363.4505999438848
1995-08-19 20:59:00,495.977,291.0264008014953
1995-08-19 21:00:00,314.612,313.6430450457513
1995-08-19 21:01:00,65.407,323.81534472366053
1995-08-19 21:02:00,73.543,306.11604721374977
1995-08-19 21:03:00,248.468,310.9109735739649
1995-08-19 21:04:00,1370.083,437.00220105921886
1995-08-19 21:05:00,208.353,413.9893767313822
1995-08-19 21:06:00,160.97899999999998,409.9281641801512
1995-08-19 21:07:00,17.087,435.4191211801012
1995-08-19 21:08:00,389.253,349.7156524280521
1995-08-19 21:09:00,410.762,342.02523420458056
1995-08-19 21:10:00,281.111,378.1398273983845
1995-08-19 21:11:00,110.979,360.53604854789205
1995-08-19 21:12:00,118.22200000000001,336.80884280371885
1995-08-19 21:13:00,922.949,343.58968115468366
1995-08-19 21:14:00,151.85999999999999,384.1036821625464
1995-08-19 21:15:00,200.351,359.2851256723965
1995-08-19 21:16:00,562.386,354.28364563069624
1995-08-19 21:17:00,245.112,472.69120748003326
1995-08-19 21:18:00,530.944,432.12028092799943
1995-08-19 21:19:00,530.46,555.5947801805919
1995-08-19 21:20:00,517.341,584.7161833535562
1995-08-19 21:21:00,406.142,557.4565077230748
1995-08-19 21:22:00,652.1659999999999,590.3609303288346
1995-08-19 21:23:00,121.061,584.6621657398052
1995-08-19 21:24:00,397.642,494.52712760501754
1995-08-19 21:25:00,158.391,447.33421048342973
1995-08-19 21:26:00,552.435,383.25618967496945
1995-08-19 21:27:00,2203.37,477.80718934104715
1995-08-19 21:28:00,576.015,610.6048565574384
1995-08-19 21:29:00,175.838,593.9236380024493
1995-08-19 21:30:00,351.91700000000003,543.1972864543209
1995-08-19 21:31:00,200.329,553.1488443286111
1995-08-19 21:32:00,302.592,540.8508206123457
1995-08-19 21:33:00,228.48000000000002,521.2905617432853
1995-08-19 21:34:00,1329.3139999999999,470.0279407810733
1995-08-19 21:35:00,374.3,488.56555321413595
1995-08-19 21:36:00,648.002,507.1044767344249
1995-08-19 21:37:00,365.891,527.3633642017264
1995-08-19 21:38:00,482.805,484.1430990488287
1995-08-19 21:39:00,150.533,472.0742368672832
1995-08-19 21:40:00,208.402,443.6553658656932
1995-08-19 21:41:00,402.996,419.98140841877654
1995-08-19 21:42:00,267.103,437.40010535519576
1995-08-19 21:43:00,1427.661,440.2112193734287
1995-08-19 21:44:00,460.107,475.2943437380326
1995-08-19 21:45:00,120.278,503.60038765261334
1995-08-19 21:46:00,247.203,408.2645022283073
1995-08-19 21:47:00,180.42000000000002,398.4144381284978
1995-08-19 21:48:00,304.977,386.5342019353917
1995-08-19 21:49:00,251.892,441.9663674539818
1995-08-19 21:50:00,621.473,436.7752243856255
1995-08-19 21:51:00,396.096,451.72269479779936
1995-08-19 21:52:00,819.4449999999999,584.5373648817566
1995-08-19 21:53:00,2041.376,591.4171703076809
1995-08-19 21:54:00,543.207,669.1326203463
1995-08-19 21:55:00,1066.665,659.1054243229921
1995-08-19 21:56:00,693.026,601.1108671229958
1995-08-19 21:57:00,593.957,647.435440728601
1995-08-19 21:58:00,444.646,631.3783348108503
1995-08-19 21:59:00,841.788,541.2290212573695
1995-08-19 22:00:00,463.27,589.7131948700885
1995-08-19 22:01:00,200.72400000000002,649.5164071045112
1995-08-19 22:02:00,268.40999999999997,528.0808833695445
1995-08-19 22:03:00,322.573,488.941491607269
1995-08-19 22:04:00,496.736,454.6969128668452
1995-08-19 22:05:00,251.173,544.4080649054432
1995-08-19 22:06:00,619.512,461.83823072129564
1995-08-19 22:07:00,603.231,528.2030910668062
1995-08-19 22:08:00,250.089,491.17024969359244
1995-08-19 22:09:00,378.85,465.36719781533975
1995-08-19 22:10:00,350.674,456.48501824765435
1995-08-19 22:11:00,381.848,513.9246810696706
1995-08-19 22:12:00,480.027,445.879521617894
1995-08-19 22:13:00,901.2620000000001,485.87234724488314
1995-08-19 22:14:00,1916.462,494.3394093578924
1995-08-19 22:15:00,300.373,683.3090401837145
1995-08-19 22:16:00,192.69,632.4133228448833
1995-08-19 22:17:00,440.073,570.8927765464213
1995-08-19 22:18:00,441.104,610.2663464190188
1995-08-19 22:19:00,384.666,612.8851159242623
1995-08-19 22:20:00,539.297,634.9406706298287
1995-08-19 22:21:00,413.927,566.1813319964175
1995-08-19 22:22:00,373.855,503.1313620310529
1995-08-19 22:23:00,536.773,528.5689245861935
1995-08-19 22:24:00,246.624,480.93100261597016
1995-08-19 22:25:00,725.62,544.5574167290251
1995-08-19 22:26:00,643.3009999999999,571.9920964994789
1995-08-19 22:27:00,557.137,572.4956817379583
1995-08-19 22:28:00,184.892,616.9622348224196
1995-08-19 22:29:00,93.946,531.1288663054949
1995-08-19 22:30:00,556.888,429.62429516313614
1995-08-19 22:31:00,123.39999999999999,429.35786872792585
1995-08-19 22:32:00,212.41299999999998,388.3526062290085
1995-08-19 22:33:00,466.50600000000003,457.78288280792265
1995-08-19 22:34:00,89.831,509.11358618564753
1995-08-19 22:35:00,149.277,400.00479178652137
1995-08-19 22:36:00,131.915,360.9410425252665
1995-08-19 22:37:00,421.611,343.84432973250676
1995-08-19 22:38:00,213.748,361.0275413926473
1995-08-19 22:39:00,401.644,421.98481207920537
1995-08-19 22:40:00,189.106,397.7406995803639
1995-08-19 22:41:00,997.7620000000001,364.8746766636152
1995-08-19 22:42:00,109.642,433.3835320613471
1995-08-19 22:43:00,161.935,371.5015862063756
1995-08-19 22:44:00,118.24600000000001,358.67181738803765
1995-08-19 22:45:00,205.516,379.3955752021424
1995-08-19 22:46:00,218.134,385.4690358782136
1995-08-19 22:47:00,141.891,414.35009714767153
1995-08-19 22:48:00,862.5,339.61407861171455
1995-08-19 22:49:00,97.241,362.7570549072507
1995-08-19 22:50:00,292.662,334.40734128174904
1995-08-19 22:51:00,156.18200000000002,355.86363659822564
1995-08-19 22:52:00,327.82300000000004,386.75471335154793
1995-08-19 22:53:00,224.49800000000002,388.2420831353225
1995-08-19 22:54:00,246.933,355.3280008142042
1995-08-19 22:55:00,233.939,354.26569399720574
1995-08-19 22:56:00,731.108,400.65684677194275
1995-08-19 22:57:00,223.862,459.2683613096086
1995-08-19 22:58:00,1096.702,419.332828995263
1995-08-19 22:59:00,316.373,430.658084394413
1995-08-19 23:00:00,732.709,523.2694361012659
1995-08-19 23:01:00,542.824,616.8415820161222
1995-08-19 23:02:00,374.509,625.7282242828962
1995-08-19 23:03:00,471.86,570.9649679157449
1995-08-19 23:04:00,527.831,626.8501394108584
1995-08-19 23:05:00,269.48400000000004,561.4070781768157
1995-08-19 23:06:00,155.869,553.7001601484612
1995-08-19 23:07:00,534.128,428.66733341476527
1995-08-19 23:08:00,140.805,438.47190876251585
1995-08-19 23:09:00,343.223,436.9270016361847
1995-08-19 23:10:00,266.908,415.0210412869995
1995-08-19 23:11:00,654.655,399.06000418915977
1995-08-19 23:12:00,319.76099999999997,444.1561160105919
1995-08-19 23:13:00,481.75300000000004,502.2400858317276
1995-08-19 23:14:00,814.9259999999999,445.8901626829674
1995-08-19 23:15:00,377.54699999999997,517.0056949638736
1995-08-19 23:16:00,1651.3190000000002,538.2454397372294
1995-08-19 23:17:00,387.566,616.964791406386
1995-08-19 23:18:00,360.84,565.3761063046805
1995-08-19 23:19:00,479.376,591.4530412159774
1995-08-19 23:20:00,507.366,574.7818691343905
1995-08-19 23:21:00,493.449,571.0698508251251
1995-08-19 23:22:00,308.331,564.0448501736381
1995-08-19 23:23:00,923.0699999999999,564.7231478429571
1995-08-19 23:24:00,633.582,634.4996677885523
1995-08-19 23:25:00,719.183,659.5676654970453
1995-08-19 23:26:00,1254.271,675.6089965457836
1995-08-19 23:27:00,725.29,762.7412908522188
1995-08-19 23:28:00,1014.465,783.4298400487991
1995-08-19 23:29:00,702.438,806.502397733438
1995-08-19 23:30:00,775.197,753.6848392724935
1995-08-19 23:31:00,355.078,767.6388962803775
1995-08-19 23:32:00,350.443,737.7773079051482
1995-08-19 23:33:00,450.04200000000003,609.8870449472998
1995-08-19 23:34:00,1154.857,596.3706718041176
1995-08-19 23:35:00,253.416,591.221616335781
1995-08-19 23:36:00,387.513,529.2316444209954
1995-08-19 23:37:00,133.714,497.51332235201124
1995-08-19 23:38:00,1117.226,468.5910265302141
1995-08-19 23:39:00,619.136,499.4258346721294
1995-08-19 23:40:00,435.092,575.6645714481527
1995-08-19 23:41:00,1126.272,506.11706630017636
1995-08-19 23:42:00,438.15999999999997,581.1375605367704
1995-08-19 23:43:00,874.232,537.1361097119445
1995-08-19 23:44:00,314.093,635.7584608426862
1995-08-19 23:45:00,67.103,598.6470725438363
1995-08-19 23:46:00,359.48199999999997,515.5643631130907
1995-08-19 23:47:00,150.381,543.9666509332084
1995-08-19 23:48:00,774.9549999999999,484.2002864716906
1995-08-19 23:49:00,184.97599999999997,443.8518399357094
1995-08-19 23:50:00,328.78,415.2203757799979
1995-08-19 23:51:00,274.583,399.57184042751624
1995-08-19 23:52:00,1335.988,399.3510626812811
1995-08-19 23:53:00,195.465,406.95034430368355
1995-08-19 23:54:00,461.63300000000004,452.0929481922337
1995-08-19 23:55:00,413.209,403.50925611475776
1995-08-19 23:56:00,369.293,484.3505177625808
1995-08-19 23:57:00,339.996,495.48280458707626
1995-08-19 23:58:00,640.254,456.7489637133849
1995-08-19 23:59:00,517.687,455.74429620779205
1995-08-20 00:00:00,484.783,487.056649677715
1995-08-20 00:01:00,1244.197,471.69102230166857
1995-08-20 00:02:00,126.74499999999999,525.2631539226156
1995-08-20 00:03:00,482.97900000000004,464.7326957398071
1995-08-20 00:04:00,1046.624,478.44130467930296
1995-08-20 00:05:00,403.762,484.49844940645636
1995-08-20 00:06:00,328.995,477.0165366336024
1995-08-20 00:07:00,220.206,538.2817356745484
1995-08-20 00:08:00,169.306,499.48309086510295
1995-08-20 00:09:00,126.179,502.83932365572383
1995-08-20 00:10:00,331.951,426.11152430274115
1995-08-20 00:11:00,224.875,549.0026802467362
1995-08-20 00:12:00,523.578,470.77788216676197
1995-08-20 00:13:00,246.311,507.91600860438723
1995-08-20 00:14:00,220.427,466.67996566443105
1995-08-20 00:15:00,333.216,447.58009264308333
1995-08-20 00:16:00,287.311,545.3478675519826
1995-08-20 00:17:00,731.84,422.6791608444055
1995-08-20 00:18:00,209.505,384.55044688830696
1995-08-20 00:19:00,159.895,415.95484072062584
1995-08-20 00:20:00,270.46299999999997,476.9905182861628
1995-08-20 00:21:00,46.434999999999995,492.31208992949695
1995-08-20 00:22:00,603.796,360.69023773000407
1995-08-20 00:23:00,279.59499999999997,408.9412692103086
1995-08-20 00:24:00,747.938,508.05355464778773
1995-08-20 00:25:00,156.202,557.815076626086
1995-08-20 00:26:00,922.5699999999999,531.1373541209507
1995-08-20 00:27:00,515.937,586.6323534578812
1995-08-20 00:28:00,2178.743,609.1166818152633
1995-08-20 00:29:00,842.749,686.1182904091853
1995-08-20 00:30:00,641.137,661.2304431731253
1995-08-20 00:31:00,629.771,706.8574171349788
1995-08-20 00:32:00,706.476,686.0019605129049
1995-08-20 00:33:00,244.599,661.9005328664506
1995-08-20 00:34:00,295.281,575.9547920939126
1995-08-20 00:35:00,229.76,526.8484712482415
1995-08-20 00:36:00,931.689,499.44583783254825
1995-08-20 00:37:00,250.512,542.0083120845884
1995-08-20 00:38:00,217.74,526.754311526196
1995-08-20 00:39:00,912.336,501.80370103633066
1995-08-20 00:40:00,212.56699999999998,545.6591875229957
1995-08-20 00:41:00,806.7049999999999,512.9292738562536
1995-08-20 00:42:00,235.759,584.6503331143928
1995-08-20 00:43:00,469.162,510.70095250714587
1995-08-20 00:44:00,457.49199999999996,502.02344055889
1995-08-20 00:45:00,435.86,565.17228845302
1995-08-20 00:46:00,339.01099999999997,475.28938933687425
1995-08-20 00:47:00,516.698,485.5687274931913
1995-08-20 00:48:00,299.272,515.9104726057221
1995-08-20 00:49:00,380.80899999999997,501.3084401251392
1995-08-20 00:50:00,260.442,451.3794656682384
1995-08-20 00:51:00,184.028,421.56426656678605
1995-08-20 00:52:00,583.56,448.9043594534698
1995-08-20 00:53:00,278.188,540.4134990498603
1995-08-20 00:54:00,372.609,508.9136719403509
1995-08-20 00:55:00,513.73,471.8549801375565
1995-08-20 00:56:00,230.468,496.9686977842914
1995-08-20 00:57:00,780.24,540.1302468829019
1995-08-20 00:58:00,317.428,492.4724103120473
1995-08-20 00:59:00,255.436,497.8900115105404
1995-08-20 01:00:00,355.164,456.4699845320649
1995-08-20 01:01:00,391.294,476.24523634850766
1995-08-20 01:02:00,171.816,484.2421692423659
1995-08-20 01:03:00,381.832,360.6457293101792
1995-08-20 01:04:00,57.862,442.2292599861552
1995-08-20 01:05:00,179.806,372.4402004205889
1995-08-20 01:06:00,898.357,408.1801073308732
1995-08-20 01:07:00,256.036,451.67013083851725
1995-08-20 01:08:00,513.014,412.885630812406
1995-08-20 01:09:00,329.169,497.015854412287
1995-08-20 01:10:00,413.692,422.61536587314663
1995-08-20 01:11:00,226.302,428.90001181276045
1995-08-20 01:12:00,310.094,417.12144175201195
1995-08-20 01:13:00,385.931,428.5535359566565
1995-08-20 01:14:00,545.607,431.9078117852474
1995-08-20 01:15:00,547.671,398.8588081679776
1995-08-20 01:16:00,653.533,479.4594878708847
1995-08-20 01:17:00,237.724,421.5260516102203
1995-08-20 01:18:00,545.819,474.152570943105
1995-08-20 01:19:00,420.178,554.4131818264309
1995-08-20 01:20:00,365.747,557.8772228658862
1995-08-20 01:21:00,189.142,552.2572326310981
1995-08-20 01:22:00,627.373,496.6251974159426
1995-08-20 01:23:00,1371.7269999999999,504.72225496697166
1995-08-20 01:24:00,770.3179999999999,591.4297710243784
1995-08-20 01:25:00,178.898,612.5186898084293
1995-08-20 01:26:00,327.26800000000003,515.5770036810936
1995-08-20 01:27:00,340.567,550.1119625349997
1995-08-20 01:28:00,393.795,500.7143642187959
1995-08-20 01:29:00,313.038,521.3149627906637
1995-08-20 01:30:00,523.461,438.05370509943225
1995-08-20 01:31:00,149.65,464.7316756137393
1995-08-20 01:32:00,166.838,413.6899141829813
1995-08-20 01:33:00,466.95699999999994,389.4483221554501
1995-08-20 01:34:00,119.882,399.3595843115057
1995-08-20 01:35:00,180.772,405.7154969696157
1995-08-20 01:36:00,116.376,444.7002074798765
1995-08-20 01:37:00,413.576,403.2678694375728
1995-08-20 01:38:00,256.796,440.1610389464439
1995-08-20 01:39:00,113.496,413.4733140089265
1995-08-20 01:40:00,158.907,297.3402088811612
1995-08-20 01:41:00,284.439,275.37041523752373
1995-08-20 01:42:00,326.446,300.8595396884737
1995-08-20 01:43:00,356.831,328.0157065725442
1995-08-20 01:44:00,233.765,327.73245958010017
1995-08-20 01:45:00,540.383,307.86847270469974
1995-08-20 01:46:00,378.502,369.25101497661274
1995-08-20 01:47:00,276.509,405.01233568440756
1995-08-20 01:48:00,80.342,401.1267765729763
1995-08-20 01:49:00,58.076,328.1393267639621
1995-08-20 01:50:00,482.69899999999996,277.83755640051425
1995-08-20 01:51:00,434.585,369.2253866242722
1995-08-20 01:52:00,319.123,352.3339230646233
1995-08-20 01:53:00,250.998,385.12574244918915
1995-08-20 01:54:00,174.05599999999998,355.5291901566195
1995-08-20 01:55:00,198.247,330.7443877334087
1995-08-20 01:56:00,56.522999999999996,365.18725228894056
1995-08-20 01:57:00,465.811,286.23024608930865
1995-08-20 01:58:00,309.853,364.8098266681198
1995-08-20 01:59:00,796.2520000000001,397.5212903188378
1995-08-20 02:00:00,327.81100000000004,425.79617548062737
1995-08-20 02:01:00,330.85,392.99155613776975
1995-08-20 02:02:00,222.061,340.02555670002573
1995-08-20 02:03:00,99.33200000000001,334.71759914454145
1995-08-20 02:04:00,72.095,336.93918757352776
1995-08-20 02:05:00,131.93599999999998,314.34345459642685
1995-08-20 02:06:00,50.608000000000004,264.6710183647779
1995-08-20 02:07:00,42.935,255.74769469873598
1995-08-20 02:08:00,62.865,261.4086199196342
1995-08-20 02:09:00,127.393,269.15493077310447
1995-08-20 02:10:00,504.725,255.01707887622783
1995-08-20 02:11:00,4.756,272.86492547509
1995-08-20 02:12:00,156.891,238.73511752368535
1995-08-20 02:13:00,72.971,289.31062951405585
1995-08-20 02:14:00,324.278,243.38140243193845
1995-08-20 02:15:00,99.989,262.6741291327113
1995-08-20 02:16:00,350.975,254.3939587058716
1995-08-20 02:17:00,132.413,322.15865339576743
1995-08-20 02:18:00,320.435,274.27636669875176
1995-08-20 02:19:00,66.801,255.72139336635706
1995-08-20 02:20:00,712.5109999999999,248.82423429247214
1995-08-20 02:21:00,128.499,283.72144918989886
1995-08-20 02:22:00,111.32499999999999,291.7748562843969
1995-08-20 02:23:00,144.819,247.30649822179706
1995-08-20 02:24:00,425.784,258.5499117874252
1995-08-20 02:25:00,1702.836,274.1342925590102
1995-08-20 02:26:00,122.714,325.4032470947345
1995-08-20 02:27:00,525.917,333.9957635376277
1995-08-20 02:28:00,151.052,368.55815430870405
1995-08-20 02:29:00,207.285,369.0902537639696
1995-08-20 02:30:00,698.7559999999999,329.344468728656
1995-08-20 02:31:00,477.06700000000006,340.78529289882846
1995-08-20 02:32:00,108.325,356.71996159078947
1995-08-20 02:33:00,143.798,324.56410623508293
1995-08-20 02:34:00,142.058,260.5456291459223
1995-08-20 02:35:00,69.251,289.54111515298393
1995-08-20 02:36:00,196.036,309.2197458755114
1995-08-20 02:37:00,229.66899999999998,283.57041095105694
1995-08-20 02:38:00,76.676,289.15169556459637
1995-08-20 02:39:00,650.694,275.3312151117868
1995-08-20 02:40:00,179.392,336.2798898279435
1995-08-20 02:41:00,244.589,329.2159579417648
1995-08-20 02:42:00,1675.8870000000002,274.44577899536273
1995-08-20 02:43:00,1021.504,337.11499283386655
1995-08-20 02:44:00,464.422,439.3033270391892
1995-08-20 02:45:00,109.028,444.96331575223957
1995-08-20 02:46:00,84.497,361.5145329422707
1995-08-20 02:47:00,100.42,326.8915066082646
1995-08-20 02:48:00,204.773,332.2225509769332
1995-08-20 02:49:00,390.84299999999996,298.16015482752687
1995-08-20 02:50:00,255.579,265.45065461823424
1995-08-20 02:51:00,162.178,283.4747872095575
1995-08-20 02:52:00,102.723,288.09514940112314
1995-08-20 02:53:00,213.836,232.2459548828477
1995-08-20 02:54:00,207.87300000000002,283.5781550644991
1995-08-20 02:55:00,89.319,245.61856565117282
1995-08-20 02:56:00,234.73499999999999,251.20430094667245
1995-08-20 02:57:00,482.70300000000003,296.4039377696571
1995-08-20 02:58:00,1316.391,317.93968607109656
1995-08-20 02:59:00,15.51,339.3376301984194
1995-08-20 03:00:00,83.263,307.60562170828143
1995-08-20 03:01:00,168.47000000000003,253.58486570388445
1995-08-20 03:02:00,236.81099999999998,291.48743427680665
1995-08-20 03:03:00,1745.073,303.18906768546253
1995-08-20 03:04:00,459.88,348.994073530681
1995-08-20 03:05:00,203.419,408.02831643287385
1995-08-20 03:06:00,301.544,425.41152878996655
1995-08-20 03:07:00,62.614999999999995,403.92858983452487
1995-08-20 03:08:00,142.264,345.7712387806008
1995-08-20 03:09:00,396.407,359.9127506766865
1995-08-20 03:10:00,899.176,360.1367245465925
1995-08-20 03:11:00,99.602,381.3397005296817
1995-08-20 03:12:00,116.933,322.55109635353875
1995-08-20 03:13:00,359.528,280.0504143620995
1995-08-20 03:14:00,131.474,349.0925013231472
1995-08-20 03:15:00,231.156,311.7332994113325
1995-08-20 03:16:00,48.892,311.8793773102354
1995-08-20 03:17:00,171.013,235.03381585663604
1995-08-20 03:18:00,250.286,251.20703523803206
1995-08-20 03:19:00,0.0,244.2136339189787
1995-08-20 03:20:00,1373.95,214.75265922312573
1995-08-20 03:21:00,261.073,235.63233837831024
1995-08-20 03:22:00,237.30599999999998,320.76946570226494
1995-08-20 03:23:00,465.046,269.9438038763489
1995-08-20 03:24:00,412.371,340.88589917396104
1995-08-20 03:25:00,218.074,339.88073487678525
1995-08-20 03:26:00,469.387,336.328923537017
1995-08-20 03:27:00,207.346,371.8755849912512
1995-08-20 03:28:00,161.621,361.4628782042134
1995-08-20 03:29:00,303.2,340.0610577246478
1995-08-20 03:30:00,924.8779999999999,315.0345197941508
1995-08-20 03:31:00,190.949,381.6281769938266
1995-08-20 03:32:00,301.13800000000003,373.72103307312494
1995-08-20 03:33:00,575.36,354.0978610500034
1995-08-20 03:34:00,298.758,314.33431003424766
1995-08-20 03:35:00,232.14000000000001,373.54884982933385
1995-08-20 03:36:00,163.246,375.49542016102345
1995-08-20 03:37:00,208.229,337.79710246907393
1995-08-20 03:38:00,305.491,345.9741832767866
1995-08-20 03:39:00,130.572,361.39815597244484
1995-08-20 03:40:00,8.637,306.00739339007447
1995-08-20 03:41:00,191.3,238.0650029621287
1995-08-20 03:42:00,182.805,288.33354539214815
1995-08-20 03:43:00,130.636,335.35797581169106
1995-08-20 03:44:00,196.726,348.74065878541165
1995-08-20 03:45:00,177.458,287.7739866542214
1995-08-20 03:46:00,360.074,282.22436109235576
1995-08-20 03:47:00,111.83500000000001,309.32490685999494
1995-08-20 03:48:00,87.37,283.76267449757046
1995-08-20 03:49:00,51.305,257.5534557766189
1995-08-20 03:50:00,45.832,268.4886837139221
1995-08-20 03:51:00,108.625,261.19526611574105
1995-08-20 03:52:00,683.494,308.4166111139909
1995-08-20 03:53:00,426.494,326.6860157098681
1995-08-20 03:54:00,362.945,383.92105147133094
1995-08-20 03:55:00,93.911,381.99374227270727
1995-08-20 03:56:00,109.982,315.4016599561808
1995-08-20 03:57:00,96.513,270.3363005782948
1995-08-20 03:58:00,119.053,266.1305051674387
1995-08-20 03:59:00,320.115,277.57103627838353
1995-08-20 04:00:00,79.978,324.2467881863434
1995-08-20 04:01:00,339.221,253.12874078451986
1995-08-20 04:02:00,233.358,344.51240782937725
1995-08-20 04:03:00,239.65699999999998,386.2310685927887
1995-08-20 04:04:00,278.06600000000003,385.69216069406593
1995-08-20 04:05:00,111.775,334.4708518987307
1995-08-20 04:06:00,74.662,291.44703682205903
1995-08-20 04:07:00,239.12,260.22706040177616
1995-08-20 04:08:00,24.169,247.6068518797801
1995-08-20 04:09:00,402.906,236.65774925344442
1995-08-20 04:10:00,220.13,221.25513663071595
1995-08-20 04:11:00,33.574,236.560725473046
1995-08-20 04:12:00,233.19899999999998,224.4213203886135
1995-08-20 04:13:00,0.0,244.86064659920783
1995-08-20 04:18:00,2.0949999999999998,313.7484768685476
1995-08-20 04:20:00,121.32,271.38149502449016
1995-08-20 04:21:00,34.491,288.5907557860464
1995-08-20 04:22:00,161.48499999999999,260.78265685605516
1995-08-20 04:23:00,208.154,268.43593940268624
1995-08-20 04:24:00,136.76799999999997,269.2229932217296
1995-08-20 04:25:00,113.459,271.05691791622695
1995-08-20 04:26:00,156.89,210.64884743916537
1995-08-20 04:27:00,140.168,240.55269672685688
1995-08-20 04:28:00,356.723,233.61876746796722
1995-08-20 04:30:00,9.571,354.5966586511686
1995-08-20 04:31:00,714.168,244.44941495776342
1995-08-20 04:32:00,170.671,299.2481548463666
1995-08-20 04:33:00,92.255,310.60066406653186
1995-08-20 04:34:00,361.045,231.4619893644184
1995-08-20 04:35:00,173.75900000000001,280.78814485447424
1995-08-20 04:36:00,349.335,232.99558246734478
1995-08-20 04:37:00,225.57899999999998,234.20962441434634
1995-08-20 04:38:00,490.565,281.19330620311086
1995-08-20 04:39:00,0.669,279.861748774907
1995-08-20 04:40:00,153.725,233.63762645002112
1995-08-20 04:41:00,72.362,201.12705412812818
1995-08-20 04:42:00,1368.904,225.1390376557146
1995-08-20 04:43:00,11.443,253.37836088638957
1995-08-20 04:44:00,276.671,259.7044700549623
1995-08-20 04:45:00,134.506,274.5845834879514
1995-08-20 04:46:00,265.747,290.6799499176445
1995-08-20 04:47:00,523.499,290.61844803674836
1995-08-20 04:48:00,68.124,271.87571127247344
1995-08-20 04:49:00,56.202,258.85914982837187
1995-08-20 04:50:00,135.189,240.76556193104759
1995-08-20 04:51:00,190.393,271.7302867813251
1995-08-20 04:52:00,1242.421,316.080392615238
1995-08-20 04:53:00,161.258,267.56041697734275
1995-08-20 04:54:00,170.19799999999998,290.89330186382404
1995-08-20 04:55:00,87.68199999999999,259.1641471772996
1995-08-20 04:56:00,173.509,237.18429938251901
1995-08-20 04:57:00,144.407,306.2050148747644
1995-08-20 04:58:00,687.885,247.09980890583319
1995-08-20 04:59:00,102.268,302.9229833830611
1995-08-20 05:00:00,110.30999999999999,303.63078088327273
1995-08-20 05:01:00,151.415,226.2841977077822
1995-08-20 05:02:00,0.0,226.71010995601813
1995-08-20 05:07:00,266.923,372.4977405635931
1995-08-20 05:09:00,88.66,332.67839006586644
1995-08-20 05:10:00,79.93,294.17008652746756
1995-08-20 05:11:00,2.241,346.45663091301515
1995-08-20 05:12:00,67.474,281.2634110039323
1995-08-20 05:13:00,9.732,269.9854214590406
1995-08-20 05:14:00,20.589,209.09933279840402
1995-08-20 05:15:00,549.444,205.33875062634152
1995-08-20 05:16:00,15.049,229.08430111243143
1995-08-20 05:17:00,37.43599999999999,228.35550753838825
1995-08-20 05:19:00,84.531,202.8123483650497
1995-08-20 05:20:00,57.815,198.5402693643981
1995-08-20 05:21:00,2.766,205.19123460525714
1995-08-20 05:22:00,133.208,189.86334315789185
1995-08-20 05:23:00,170.592,225.3214791090839
1995-08-20 05:24:00,1105.799,211.05308339122806
1995-08-20 05:25:00,87.292,236.31799513482142
1995-08-20 05:26:00,177.392,234.1914477910144
1995-08-20 05:27:00,287.32300000000004,272.3896654874593
1995-08-20 05:28:00,0.0,297.51617570346275
1995-08-20 05:29:00,38.878,213.03721306863002
1995-08-20 05:30:00,88.69,236.54407349100578
1995-08-20 05:31:00,18.57,197.74055741854022
1995-08-20 05:32:00,12.078,193.2890053534177
1995-08-20 05:33:00,9.843,196.38719534404083
1995-08-20 05:34:00,202.883,189.7362301031818
1995-08-20 05:35:00,78.862,211.9126549332175
1995-08-20 05:36:00,26.203,237.05700549003294
1995-08-20 05:37:00,38.064,199.48687188333747
1995-08-20 05:38:00,173.387,209.24534138111235
1995-08-20 05:39:00,12.17,201.12397197592753
1995-08-20 05:40:00,127.952,195.36080536368556
1995-08-20 05:41:00,33.191,200.6503574706403
1995-08-20 05:42:00,55.495999999999995,193.16189229870767
1995-08-20 05:43:00,233.344,215.7789448388337
1995-08-20 05:44:00,74.911,213.88135047880888
1995-08-20 05:45:00,296.475,209.06580552061791
1995-08-20 05:46:00,304.418,250.3419354616142
1995-08-20 05:47:00,266.366,309.9856594506391
1995-08-20 05:48:00,148.881,307.2637744702686
1995-08-20 05:49:00,20.82,279.2221006896623
1995-08-20 05:50:00,66.024,206.70206834063458
1995-08-20 05:51:00,172.593,201.1008921780411
1995-08-20 05:52:00,368.844,266.85493198273235
1995-08-20 05:53:00,69.404,258.70349051705654
1995-08-20 05:54:00,59.373000000000005,255.33135309063314
1995-08-20 05:55:00,388.561,228.32723316734155
1995-08-20 05:56:00,84.851,274.8241457847704
1995-08-20 05:57:00,93.41499999999999,240.6034225551733
1995-08-20 05:58:00,163.946,231.54243660376272
1995-08-20 05:59:00,116.591,246.6560827397617
1995-08-20 06:00:00,275.10699999999997,211.26400818563855
1995-08-20 06:01:00,305.306,253.62008163605552
1995-08-20 06:02:00,43.589,227.4007807311242
1995-08-20 06:03:00,39.259,252.5506823240548
1995-08-20 06:04:00,103.263,208.65494414116188
1995-08-20 06:05:00,37.151,279.97600760561704
1995-08-20 06:06:00,0.0,210.73466104107243
1995-08-20 06:07:00,14.704,189.86334315789185
1995-08-20 06:08:00,6.2620000000000005,189.7362301031818
1995-08-20 06:09:00,402.466,189.86334315789185
1995-08-20 06:10:00,178.779,211.1629558153023
1995-08-20 06:11:00,51.932,232.89638780225962
1995-08-20 06:12:00,0.669,236.54664094080675
1995-08-20 06:13:00,326.375,193.98330348929392
1995-08-20 06:14:00,126.91400000000002,210.7655795055749
1995-08-20 06:15:00,4.97,213.27335829893283
1995-08-20 06:16:00,146.353,199.93997059427673
1995-08-20 06:17:00,65.386,227.8938632102341
1995-08-20 06:18:00,182.255,224.81863793643774
1995-08-20 06:19:00,237.995,248.29735042858582
1995-08-20 06:20:00,281.78499999999997,269.83185938716406
1995-08-20 06:21:00,119.785,257.5195515339169
1995-08-20 06:22:00,103.12100000000001,286.18520146570654
1995-08-20 06:23:00,225.68699999999998,250.71797519980254
1995-08-20 06:24:00,263.05899999999997,284.86710269316046
1995-08-20 06:25:00,702.023,337.44859929709247
1995-08-20 06:26:00,34.076,303.28576865772897
1995-08-20 06:27:00,228.714,250.03094597447833
1995-08-20 06:28:00,56.564,235.19366285264783
1995-08-20 06:29:00,557.667,262.97744099784506
1995-08-20 06:30:00,69.011,253.52619965991124
1995-08-20 06:31:00,258.302,243.6289393028952
1995-08-20 06:32:00,1155.165,222.95279039644473
1995-08-20 06:33:00,24.169,246.77272206956084
1995-08-20 06:34:00,259.357,261.0189368493659
1995-08-20 06:35:00,143.56799999999998,287.63845813280716
1995-08-20 06:36:00,96.579,240.9476124793463
1995-08-20 06:37:00,241.741,217.8328374465858
1995-08-20 06:38:00,159.53300000000002,282.65034002630654
1995-08-20 06:39:00,486.368,231.41672721359018
1995-08-20 06:40:00,180.791,288.18103604340763
1995-08-20 06:41:00,757.033,246.8744469286118
1995-08-20 06:42:00,133.221,280.955483025556
1995-08-20 06:43:00,235.35,265.5129724581721
1995-08-20 06:44:00,366.829,245.55280092898508
1995-08-20 06:45:00,684.92,275.4360918913331
1995-08-20 06:46:00,65.536,266.0787937009092
1995-08-20 06:47:00,329.854,262.79141806973314
1995-08-20 06:48:00,170.31,283.95461918769956
1995-08-20 06:49:00,169.909,274.04852646760787
1995-08-20 06:50:00,19.733,220.71618659997625
1995-08-20 06:51:00,128.927,213.78569993222493
1995-08-20 06:52:00,214.88400000000001,223.62858246200133
1995-08-20 06:53:00,11.219999999999999,222.03013681754993
1995-08-20 06:54:00,49.085,212.55545949240118
1995-08-20 06:55:00,174.759,218.56320425165205
1995-08-20 06:56:00,22.776,260.454379998178
1995-08-20 06:57:00,1475.156,213.54078641184915
1995-08-20 06:58:00,29.562,320.8025202522037
1995-08-20 06:59:00,283.393,267.71578201946363
1995-08-20 07:00:00,18.726,271.23347172063137
1995-08-20 07:01:00,170.81300000000002,225.7422372444698
1995-08-20 07:02:00,114.565,265.8521188713376
1995-08-20 07:03:00,96.725,261.9122255493339
1995-08-20 07:04:00,100.819,237.61452493025624
1995-08-20 07:05:00,97.836,195.05769914436715
1995-08-20 07:06:00,344.262,240.5736049068826
1995-08-20 07:07:00,157.662,276.1580881536239
1995-08-20 07:08:00,171.087,225.56114082903292
1995-08-20 07:09:00,157.184,278.8692505800431
1995-08-20 07:10:00,108.08,240.9065605102718
1995-08-20 07:11:00,374.87600000000003,256.33587727603856
1995-08-20 07:12:00,140.877,317.6158461369482
1995-08-20 07:13:00,79.57000000000001,277.63235770388627
1995-08-20 07:14:00,162.47899999999998,276.9524826656612
1995-08-20 07:15:00,104.415,257.8484371184473
1995-08-20 07:16:00,69.529,235.11061715506523
1995-08-20 07:17:00,71.26400000000001,249.95774535342915
1995-08-20 07:18:00,271.22999999999996,267.34501122637363
1995-08-20 07:19:00,301.69,335.7457948708427
1995-08-20 07:20:00,140.382,410.77071851328884
1995-08-20 07:21:00,80.432,358.3384754501401
1995-08-20 07:22:00,159.001,290.2682353068746
1995-08-20 07:23:00,242.064,272.00791893703575
1995-08-20 07:24:00,52.137,304.84503008389555
1995-08-20 07:25:00,253.341,268.7238905320415
1995-08-20 07:26:00,218.355,281.0507746991784
1995-08-20 07:27:00,554.419,292.9890283523803
1995-08-20 07:28:00,387.89500000000004,317.1002364043803
1995-08-20 07:29:00,296.677,329.6648886523109
1995-08-20 07:30:00,261.339,405.9055546535319
1995-08-20 07:31:00,113.664,338.94679757694166
1995-08-20 07:32:00,259.843,348.3908682573902
1995-08-20 07:33:00,324.915,352.66048152709726
1995-08-20 07:34:00,565.565,362.0137693149254
1995-08-20 07:35:00,304.203,339.22424434652646
1995-08-20 07:36:00,133.774,390.4099022960001
1995-08-20 07:37:00,528.678,340.27521674707367
1995-08-20 07:38:00,95.848,377.946555243344
1995-08-20 07:39:00,247.208,322.2808883472734
1995-08-20 07:40:00,400.23900000000003,372.6026104338457
1995-08-20 07:41:00,421.223,382.76174512131655
1995-08-20 07:42:00,161.356,338.44441417801244
1995-08-20 07:43:00,1559.5810000000001,371.80517323289865
1995-08-20 07:44:00,744.765,374.7420796867427
1995-08-20 07:45:00,825.819,436.1275162561536
1995-08-20 07:46:00,1113.446,470.4407873926216
1995-08-20 07:47:00,114.195,508.37342709342136
1995-08-20 07:48:00,1036.1219999999998,423.1868682813163
1995-08-20 07:49:00,822.29,448.05369579746997
1995-08-20 07:50:00,445.451,492.6626369066236
1995-08-20 07:51:00,378.132,457.2254137218091
1995-08-20 07:52:00,216.493,487.11014604109516
1995-08-20 07:53:00,71.642,406.9640681182848
1995-08-20 07:54:00,655.029,424.33033626579754
1995-08-20 07:55:00,390.161,404.4349564796369
1995-08-20 07:56:00,92.481,409.4117795172077
1995-08-20 07:57:00,156.236,336.78148911347563
1995-08-20 07:58:00,290.579,331.49686994509153
1995-08-20 07:59:00,239.585,353.7770426386301
1995-08-20 08:00:00,90.834,316.2717442787906
1995-08-20 08:01:00,106.31500000000001,279.9886530295974
1995-08-20 08:02:00,509.82599999999996,251.7945505675503
1995-08-20 08:03:00,99.41199999999999,288.6027064063906
1995-08-20 08:04:00,101.395,273.43660428109473
1995-08-20 08:05:00,137.312,265.87143388012106
1995-08-20 08:06:00,169.37,309.50841940752264
1995-08-20 08:07:00,482.58000000000004,318.4995730230975
1995-08-20 08:08:00,188.703,304.45767877347816
1995-08-20 08:09:00,231.799,299.57188808509494
1995-08-20 08:10:00,326.204,300.9806149156684
1995-08-20 08:11:00,602.408,329.2006798244911
1995-08-20 08:12:00,248.916,319.5941368136763
1995-08-20 08:13:00,49.895,326.70331193407617
1995-08-20 08:14:00,188.388,287.5637777179584
1995-08-20 08:15:00,69.692,248.2490906542577
1995-08-20 08:16:00,142.151,253.22208625912484
1995-08-20 08:17:00,3.036,212.76326262676906
1995-08-20 08:18:00,196.615,207.48900511565486
1995-08-20 08:19:00,141.15900000000002,287.77858773178343
1995-08-20 08:20:00,99.366,307.3004785974608
1995-08-20 08:21:00,385.072,314.7284807821348
1995-08-20 08:22:00,248.39,346.6423136965516
1995-08-20 08:23:00,66.952,295.92471476688223
1995-08-20 08:24:00,1358.52,233.3940528180228
1995-08-20 08:25:00,65.47,298.911651483049
1995-08-20 08:26:00,271.827,302.43682286024324
1995-08-20 08:27:00,247.225,259.1159152073542
1995-08-20 08:28:00,1000.591,330.10072126376616
1995-08-20 08:29:00,247.499,399.6592798586999
1995-08-20 08:30:00,42.985,403.7226060551931
1995-08-20 08:31:00,302.813,266.60628940384385
1995-08-20 08:32:00,91.176,281.44107191738755
1995-08-20 08:33:00,225.985,307.3279313348857
1995-08-20 08:34:00,1142.69,311.2950737797301
1995-08-20 08:35:00,424.022,341.4185757971777
1995-08-20 08:36:00,530.788,390.2801626030129
1995-08-20 08:37:00,19.722,369.76147248113915
1995-08-20 08:38:00,247.661,308.65410980069987
1995-08-20 08:39:00,300.51500000000004,338.0624090525546
1995-08-20 08:40:00,336.479,360.5342243330252
1995-08-20 08:41:00,92.148,334.42792298645736
1995-08-20 08:42:00,101.712,278.24906528461105
1995-08-20 08:43:00,808.552,347.68962877019135
1995-08-20 08:44:00,562.4639999999999,342.02169841550875
1995-08-20 08:45:00,55.111999999999995,328.6129254966158
1995-08-20 08:46:00,312.363,302.66179822469365
1995-08-20 08:47:00,924.4819999999999,338.1591706257853
1995-08-20 08:48:00,273.254,398.1995041917049
1995-08-20 08:49:00,65.362,438.8650003066079
1995-08-20 08:50:00,18.169,351.3162126776038
1995-08-20 08:51:00,502.77,263.1656598611527
1995-08-20 08:52:00,51.650999999999996,328.49212900162127
1995-08-20 08:53:00,343.44,302.29181120514414
1995-08-20 08:54:00,589.544,310.88721057931525
1995-08-20 08:55:00,381.008,362.26019398205835
1995-08-20 08:56:00,288.812,396.9700804884984
1995-08-20 08:57:00,234.971,394.42815615309456
1995-08-20 08:58:00,525.588,369.46901080027817
1995-08-20 08:59:00,186.039,382.1271874977827
1995-08-20 09:00:00,280.405,308.1905328265002
1995-08-20 09:01:00,137.78300000000002,343.4671255889986
1995-08-20 09:02:00,172.00900000000001,355.1003163605737
1995-08-20 09:03:00,586.998,310.9881693516491
1995-08-20 09:04:00,211.526,326.6336232574079
1995-08-20 09:05:00,268.58,341.28106793861957
1995-08-20 09:06:00,457.218,312.016181505148
1995-08-20 09:07:00,414.121,364.4184671763061
1995-08-20 09:08:00,125.654,362.1593177254665
1995-08-20 09:09:00,174.458,368.24141873748135
1995-08-20 09:10:00,155.514,313.7846184915047
1995-08-20 09:11:00,139.606,322.64028165341585
1995-08-20 09:12:00,197.175,349.780607359526
1995-08-20 09:13:00,356.976,325.9849894191533
1995-08-20 09:14:00,506.396,367.7187141840974
1995-08-20 09:15:00,339.384,395.75063110249596
1995-08-20 09:16:00,378.706,433.4193042587764
1995-08-20 09:17:00,287.724,382.1553103064579
1995-08-20 09:18:00,199.20499999999998,360.7461586056787
1995-08-20 09:19:00,345.461,358.78928337012263
1995-08-20 09:20:00,248.886,311.82438917484706
1995-08-20 09:21:00,245.607,317.6639786329125
1995-08-20 09:22:00,135.754,326.7793149833824
1995-08-20 09:23:00,347.725,279.3769430074861
1995-08-20 09:24:00,203.788,337.19494935033185
1995-08-20 09:25:00,352.184,355.73400616854025
1995-08-20 09:26:00,84.831,420.61019431795813
1995-08-20 09:27:00,231.332,318.9588277036463
1995-08-20 09:28:00,73.066,300.0692301249782
1995-08-20 09:29:00,208.751,288.9477643716654
1995-08-20 09:30:00,680.2500000000001,312.2246455857527
1995-08-20 09:31:00,591.9509999999999,352.02207869520396
1995-08-20 09:32:00,187.78799999999998,396.2223835364272
1995-08-20 09:33:00,180.221,374.371007847988
1995-08-20 09:34:00,520.7909999999999,347.2981535005101
1995-08-20 09:35:00,317.915,423.98601528282256
1995-08-20 09:36:00,354.7,440.9717027445359
1995-08-20 09:37:00,677.705,489.071925961231
1995-08-20 09:38:00,338.988,510.96834492013846
1995-08-20 09:39:00,172.12800000000001,558.9050030860041
1995-08-20 09:40:00,667.323,470.5101347535935
1995-08-20 09:41:00,104.681,460.7869235401926
1995-08-20 09:42:00,410.867,407.2309302955202
1995-08-20 09:43:00,662.58,481.0247340206001
1995-08-20 09:44:00,508.365,472.43942119984314
1995-08-20 09:45:00,267.09000000000003,456.0182668114804
1995-08-20 09:46:00,266.741,440.80662244195935
1995-08-20 09:47:00,329.998,424.2800673879132
1995-08-20 09:48:00,411.0,449.3750218568753
1995-08-20 09:49:00,432.689,478.4290147016763
1995-08-20 09:50:00,251.584,509.8378011877269
1995-08-20 09:51:00,360.33700000000005,436.56850983086963
1995-08-20 09:52:00,198.91500000000002,416.6957995275298
1995-08-20 09:53:00,403.829,447.95854001155743
1995-08-20 09:54:00,511.857,425.91804791239304
1995-08-20 09:55:00,403.185,448.5251476460303
1995-08-20 09:56:00,506.329,459.6976841487573
1995-08-20 09:57:00,541.488,527.6044199396002
1995-08-20 09:58:00,528.982,544.5740244752393
1995-08-20 09:59:00,170.823,583.7284441658586
1995-08-20 10:00:00,55.804,544.6924536709851
1995-08-20 10:01:00,717.9110000000001,410.0978550481615
1995-08-20 10:02:00,323.206,434.2427243130653
1995-08-20 10:03:00,84.135,375.7507842926366
1995-08-20 10:04:00,254.43099999999998,375.52512169975546
1995-08-20 10:05:00,359.86,352.8022382034769
1995-08-20 10:06:00,174.316,435.9658902887336
1995-08-20 10:07:00,371.485,477.64981548430086
1995-08-20 10:08:00,252.101,466.9481433797779
1995-08-20 10:09:00,318.51599999999996,521.7024382549746
1995-08-20 10:10:00,228.845,551.0640855041918
1995-08-20 10:11:00,554.972,541.0380666944685
1995-08-20 10:12:00,108.138,507.60670822828064
1995-08-20 10:13:00,264.42,442.79893840256796
1995-08-20 10:14:00,149.559,440.7161093932765
1995-08-20 10:15:00,841.5999999999999,383.99512598727443
1995-08-20 10:16:00,130.348,415.49675549326616
1995-08-20 10:17:00,274.705,390.3527297014419
1995-08-20 10:18:00,255.001,393.2950860830025
1995-08-20 10:19:00,714.057,483.54043082740554
1995-08-20 10:20:00,228.303,484.1592925918427
1995-08-20 10:21:00,231.941,425.7115875534917
1995-08-20 10:22:00,2484.8050000000003,495.9794790075218
1995-08-20 10:23:00,404.181,628.2096492192182
1995-08-20 10:24:00,281.306,635.0006443000433
1995-08-20 10:25:00,820.2909999999999,609.1842325213164
1995-08-20 10:26:00,517.883,639.6059867760841
1995-08-20 10:27:00,489.793,654.8840873174696
1995-08-20 10:28:00,333.498,634.0624152290968
1995-08-20 10:29:00,599.393,544.6856691815207
1995-08-20 10:30:00,446.684,577.1938563053933
1995-08-20 10:31:00,1457.4750000000001,631.9389152759387
1995-08-20 10:32:00,1700.5320000000002,640.5678619682753
1995-08-20 10:33:00,1625.921,665.971758842319
1995-08-20 10:34:00,552.385,765.693810995004
1995-08-20 10:35:00,817.3249999999999,762.5231361516262
1995-08-20 10:36:00,259.193,803.0831338872043
1995-08-20 10:37:00,344.534,747.4419888415425
1995-08-20 10:38:00,756.517,634.6439818810587
1995-08-20 10:39:00,108.784,688.3140510376969
1995-08-20 10:40:00,546.425,538.1842446514466
1995-08-20 10:41:00,136.65800000000002,550.6206857355629
1995-08-20 10:42:00,1051.941,426.4074886371901
1995-08-20 10:43:00,1522.635,471.915764047974
1995-08-20 10:44:00,586.922,663.2813826105553
1995-08-20 10:45:00,438.327,732.8131103660533
1995-08-20 10:46:00,239.09099999999998,694.5117275669403
1995-08-20 10:47:00,474.347,607.7786970831477
1995-08-20 10:48:00,253.814,618.256202479716
1995-08-20 10:49:00,775.0219999999999,586.1206065349692
1995-08-20 10:50:00,784.4590000000001,596.6655616383713
1995-08-20 10:51:00,416.543,581.7708928826321
1995-08-20 10:52:00,486.197,577.1253403615059
1995-08-20 10:53:00,662.646,614.0378317223672
1995-08-20 10:54:00,1461.7350000000001,630.5913165056444
1995-08-20 10:55:00,727.843,643.9904596938142
1995-08-20 10:56:00,187.977,688.6325246103071
1995-08-20 10:57:00,263.397,630.2815990314704
1995-08-20 10:58:00,254.302,581.686300081816
1995-08-20 10:59:00,163.095,564.7351441190775
1995-08-20 11:00:00,266.863,510.7121495620955
1995-08-20 11:01:00,1280.663,465.0665479859192
1995-08-20 11:02:00,316.39099999999996,469.26711468024126
1995-08-20 11:03:00,169.36700000000002,503.01717540621945
1995-08-20 11:04:00,295.038,415.44554793879297
1995-08-20 11:05:00,418.12399999999997,450.7554768160861
1995-08-20 11:06:00,636.632,503.1859066544629
1995-08-20 11:07:00,242.14600000000002,518.8653628587174
1995-08-20 11:08:00,407.387,454.40954538818386
1995-08-20 11:09:00,177.44099999999997,427.09772995424385
1995-08-20 11:10:00,152.61,394.82753826503074
1995-08-20 11:11:00,1551.4180000000001,354.7646240201855
1995-08-20 11:12:00,519.86,397.13306125956103
1995-08-20 11:13:00,215.36100000000002,472.636317382968
1995-08-20 11:14:00,105.072,422.1603339944751
1995-08-20 11:15:00,1504.636,380.11212249864275
1995-08-20 11:16:00,107.05,423.7352551313921
1995-08-20 11:17:00,466.324,445.90670169292366
1995-08-20 11:18:00,189.98399999999998,488.41746685986067
1995-08-20 11:19:00,991.757,441.14682270716816
1995-08-20 11:20:00,1720.0720000000001,443.25428042652584
1995-08-20 11:21:00,1520.9579999999999,499.2900974167884
1995-08-20 11:22:00,419.19399999999996,526.7501037773278
1995-08-20 11:23:00,439.995,611.9206756240288
1995-08-20 11:24:00,281.764,577.655478882202
1995-08-20 11:25:00,252.001,514.7748680897328
1995-08-20 11:26:00,465.702,499.00751361668574
1995-08-20 11:27:00,89.127,485.3467787693158
1995-08-20 11:28:00,180.79,459.019969030681
1995-08-20 11:29:00,1418.27,443.59766917211033
1995-08-20 11:30:00,455.521,465.39564076102425
1995-08-20 11:31:00,351.29200000000003,523.0775314975695
1995-08-20 11:32:00,619.103,521.8985923357152
1995-08-20 11:33:00,463.827,593.2360790785216
1995-08-20 11:34:00,1439.259,645.0074823783583
1995-08-20 11:35:00,212.736,622.2052340075478
1995-08-20 11:36:00,1030.895,640.1493167194354
1995-08-20 11:37:00,1134.441,674.1499459511305
1995-08-20 11:38:00,1859.6339999999998,672.9675331186428
1995-08-20 11:39:00,832.895,728.3792430925397
1995-08-20 11:40:00,1337.592,780.8535495379945
1995-08-20 11:41:00,118.768,738.024695339936
1995-08-20 11:42:00,2591.619,645.4843349181281
1995-08-20 11:43:00,411.99,820.3768753284345
1995-08-20 11:44:00,284.16499999999996,711.6150877292152
1995-08-20 11:45:00,607.656,704.2391328910986
1995-08-20 11:46:00,2319.511,656.8308784393682
1995-08-20 11:47:00,2703.31,757.0413990523883
1995-08-20 11:48:00,493.281,970.1815469575931
1995-08-20 11:49:00,493.193,869.2189344946588
1995-08-20 11:50:00,1408.911,788.38139108854
1995-08-20 11:51:00,486.589,836.8430067804354
1995-08-20 11:52:00,166.15200000000002,841.1996563013666
1995-08-20 11:53:00,81.338,706.3670620830632
1995-08-20 11:54:00,1324.3600000000001,567.0532927998298
1995-08-20 11:55:00,706.348,599.6978714914961
1995-08-20 11:56:00,880.653,658.5743286270589
1995-08-20 11:57:00,305.132,635.9779129849412
1995-08-20 11:58:00,546.322,618.0560766202517
1995-08-20 11:59:00,1397.1,662.929109447425
1995-08-20 12:00:00,499.66,770.0144108928537
1995-08-20 12:01:00,1270.114,789.123959096363
1995-08-20 12:02:00,106.506,806.543938522524
1995-08-20 12:03:00,101.959,639.851806392503
1995-08-20 12:04:00,437.50300000000004,609.9479101111417
1995-08-20 12:05:00,69.76,571.8155608465285
1995-08-20 12:06:00,366.05400000000003,516.3035149387176
1995-08-20 12:07:00,379.852,562.4971180379986
1995-08-20 12:08:00,1070.011,572.5414722443717
1995-08-20 12:09:00,183.27599999999998,689.2491436894716
1995-08-20 12:10:00,229.764,682.6683870121398
1995-08-20 12:11:00,482.173,546.7286357711314
1995-08-20 12:12:00,164.921,516.5387143146169
1995-08-20 12:13:00,327.572,501.93435707604516
1995-08-20 12:14:00,752.362,456.47194741310517
1995-08-20 12:15:00,479.579,621.8462760567378
1995-08-20 12:16:00,74.355,492.18150237352324
1995-08-20 12:17:00,403.337,473.4519908422809
1995-08-20 12:18:00,234.47,512.6669222329617
1995-08-20 12:19:00,265.347,538.8197056356215
1995-08-20 12:20:00,239.28500000000003,472.0037868215196
1995-08-20 12:21:00,311.165,452.8536850208037
1995-08-20 12:22:00,770.342,414.7389624389387
1995-08-20 12:23:00,756.6229999999999,535.8039313518603
1995-08-20 12:24:00,566.8209999999999,541.5587112163744
1995-08-20 12:25:00,481.57599999999996,609.1567622814373
1995-08-20 12:26:00,761.5419999999999,657.0621247369639
1995-08-20 12:27:00,150.03300000000002,662.9266686076966
1995-08-20 12:28:00,656.365,531.436339990517
1995-08-20 12:29:00,646.529,591.9426461872337
1995-08-20 12:30:00,289.958,563.1758604590418
1995-08-20 12:31:00,513.608,599.2682039146209
1995-08-20 12:32:00,483.31399999999996,525.9635024035363
1995-08-20 12:33:00,87.765,582.7480652548303
1995-08-20 12:34:00,316.188,495.7998153454988
1995-08-20 12:35:00,416.33099999999996,411.18902548809865
1995-08-20 12:36:00,177.11,432.40967236861684
1995-08-20 12:37:00,638.411,498.4798369090449
1995-08-20 12:38:00,1168.146,562.972830968199
1995-08-20 12:39:00,536.08,551.6055082174086
1995-08-20 12:40:00,555.892,600.846648352838
1995-08-20 12:41:00,474.969,641.6874326843866
1995-08-20 12:42:00,2039.338,632.4360525731371
1995-08-20 12:43:00,289.628,717.5972693373153
1995-08-20 12:44:00,1801.114,717.4609040985911
1995-08-20 12:45:00,1046.675,730.6163115951086
1995-08-20 12:46:00,845.5160000000001,695.6044413402558
1995-08-20 12:47:00,366.452,695.481269766021
1995-08-20 12:48:00,880.6329999999999,636.4958678184588
1995-08-20 12:49:00,1530.708,674.537052380636
1995-08-20 12:50:00,1272.652,682.3043725489497
1995-08-20 12:51:00,723.907,709.3315656171893
1995-08-20 12:52:00,2352.797,708.1879819105832
1995-08-20 12:53:00,1591.911,731.4012866683852
1995-08-20 12:54:00,189.738,890.3546304175991
1995-08-20 12:55:00,361.078,731.4232258604505
1995-08-20 12:56:00,633.639,739.0274472227522
1995-08-20 12:57:00,690.2470000000001,729.2534455185175
1995-08-20 12:58:00,276.075,719.3064338886226
1995-08-20 12:59:00,327.01,551.6204433010732
1995-08-20 13:00:00,224.052,535.2497488326788
1995-08-20 13:01:00,200.396,558.0724873660238
1995-08-20 13:02:00,311.212,643.1623078882892
1995-08-20 13:03:00,351.313,632.3963604826222
1995-08-20 13:04:00,438.457,573.8397848012082
1995-08-20 13:05:00,1051.861,573.8189504021145
1995-08-20 13:06:00,465.81300000000005,646.7279345396736
1995-08-20 13:07:00,416.096,645.6885561584044
1995-08-20 13:08:00,278.497,618.061374547167
1995-08-20 13:09:00,118.189,517.7843662821604
1995-08-20 13:10:00,289.625,491.65285393686014
1995-08-20 13:11:00,291.398,486.83259826611874
1995-08-20 13:12:00,998.9200000000001,560.965153111456
1995-08-20 13:13:00,313.78,609.3575405191428
1995-08-20 13:14:00,260.112,567.6640501947891
1995-08-20 13:15:00,211.536,499.7124761193827
1995-08-20 13:16:00,974.064,464.6413041086887
1995-08-20 13:17:00,735.532,521.0391876103295
1995-08-20 13:18:00,544.619,585.3174398210965
1995-08-20 13:19:00,688.4860000000001,606.0564111175054
1995-08-20 13:20:00,483.204,551.5429124014928
1995-08-20 13:21:00,290.82300000000004,619.9332663138947
1995-08-20 13:22:00,670.953,517.4879531005097
1995-08-20 13:23:00,304.231,548.657074746843
1995-08-20 13:24:00,364.21000000000004,517.5688072386308
1995-08-20 13:25:00,349.986,454.4315784653974
1995-08-20 13:26:00,112.453,402.7128291115917
1995-08-20 13:27:00,210.41,369.64514873005913
1995-08-20 13:28:00,175.749,425.69271540090415
1995-08-20 13:29:00,294.187,398.37614791807215
1995-08-20 13:30:00,1351.463,372.1209475263252
1995-08-20 13:31:00,253.148,439.9244562524704
1995-08-20 13:32:00,268.61,553.0916687952985
1995-08-20 13:33:00,581.538,553.8672157568012
1995-08-20 13:34:00,414.887,479.54928672085856
1995-08-20 13:35:00,317.118,451.08102369032144
1995-08-20 13:36:00,121.126,463.31974284789493
1995-08-20 13:37:00,135.118,400.45727664865535
1995-08-20 13:38:00,197.226,338.24615816645326
1995-08-20 13:39:00,484.57,436.953496439191
1995-08-20 13:40:00,321.669,446.6402298877378
1995-08-20 13:41:00,795.7629999999999,419.0990730952225
1995-08-20 13:42:00,303.546,523.9219558566977
1995-08-20 13:43:00,676.42,480.73388569366426
1995-08-20 13:44:00,161.43,544.2806590281909
1995-08-20 13:45:00,373.983,527.4094652343261
1995-08-20 13:46:00,340.21999999999997,513.8636115847777
1995-08-20 13:47:00,188.172,479.31503569298314
1995-08-20 13:48:00,189.987,410.6277997741491
1995-08-20 13:49:00,229.947,425.27107074880854
1995-08-20 13:50:00,352.711,465.4557419406152
1995-08-20 13:51:00,329.993,446.08114307434795
1995-08-20 13:52:00,1295.989,443.91892600371756
1995-08-20 13:53:00,269.81,519.6341087187019
1995-08-20 13:54:00,363.434,455.687435922785
1995-08-20 13:55:00,1059.224,450.74761164471744
1995-08-20 13:56:00,95.47500000000001,585.1183113594745
1995-08-20 13:57:00,547.545,513.5800518005566
1995-08-20 13:58:00,470.75100000000003,614.308738146238
1995-08-20 13:59:00,122.31099999999999,593.4334480380681
1995-08-20 14:00:00,349.832,554.8147164213211
1995-08-20 14:01:00,1251.612,499.48496456659757
1995-08-20 14:02:00,143.964,465.75952026928553
1995-08-20 14:03:00,596.79,438.6847150892463
1995-08-20 14:04:00,139.065,433.894922417555
1995-08-20 14:05:00,485.499,461.08698030309927
1995-08-20 14:06:00,289.915,474.7003279678257
1995-08-20 14:07:00,1637.548,478.4991315185778
1995-08-20 14:08:00,674.6080000000001,508.71692312133865
1995-08-20 14:09:00,486.338,575.3562399399659
1995-08-20 14:10:00,476.156,627.70715992493
1995-08-20 14:11:00,577.744,600.9531953137314
1995-08-20 14:12:00,339.449,604.6728924722092
1995-08-20 14:13:00,294.673,571.6227225705039
1995-08-20 14:14:00,276.284,498.87071251107494
1995-08-20 14:15:00,269.411,462.75959793159365
1995-08-20 14:16:00,506.749,521.7985044811089
1995-08-20 14:17:00,765.001,529.7898531969138
1995-08-20 14:18:00,621.323,599.4711010158185
1995-08-20 14:19:00,37.638999999999996,562.298071753578
1995-08-20 14:20:00,112.649,477.14292968179706
1995-08-20 14:21:00,177.656,386.2721720729705
1995-08-20 14:22:00,241.27,355.6084783305263
1995-08-20 14:23:00,206.758,466.57168962718924
1995-08-20 14:24:00,205.927,481.96582931274855
1995-08-20 14:25:00,148.987,386.8951631198976
1995-08-20 14:26:00,78.259,357.75689542439534
1995-08-20 14:27:00,417.54100000000005,334.1791550603163
1995-08-20 14:28:00,325.252,476.11845978831843
1995-08-20 14:29:00,406.355,455.9862425877467
1995-08-20 14:30:00,93.989,409.04410109455137
1995-08-20 14:31:00,440.58299999999997,371.9363662120628
1995-08-20 14:32:00,436.423,447.31666591132813
1995-08-20 14:33:00,357.798,459.21933231494
1995-08-20 14:34:00,265.911,432.4190851572706
1995-08-20 14:35:00,38.879,421.52317032353096
1995-08-20 14:36:00,275.40999999999997,316.17066039425015
1995-08-20 14:37:00,523.81,362.4173128923468
1995-08-20 14:38:00,230.185,385.33226665921615
1995-08-20 14:39:00,602.875,369.448470736624
1995-08-20 14:40:00,396.813,461.1296133711974
1995-08-20 14:41:00,666.811,451.5901750070782
1995-08-20 14:42:00,339.248,553.712935454423
1995-08-20 14:43:00,1039.747,561.5408942681704
1995-08-20 14:44:00,289.194,662.2142012828322
1995-08-20 14:45:00,263.675,620.0938658518112
1995-08-20 14:46:00,1046.018,547.757145826687
1995-08-20 14:47:00,317.156,658.1991481381762
1995-08-20 14:48:00,714.144,629.1360310332609
1995-08-20 14:49:00,391.749,651.0730489676201
1995-08-20 14:50:00,617.076,615.8548638135837
1995-08-20 14:51:00,607.0840000000001,657.1521526402154
1995-08-20 14:52:00,453.719,614.8141233815903
1995-08-20 14:53:00,1447.681,695.6084429650944
1995-08-20 14:54:00,698.683,618.2386240936984
1995-08-20 14:55:00,1486.988,708.5217768544122
1995-08-20 14:56:00,1539.696,745.586601257821
1995-08-20 14:57:00,1162.2079999999999,785.7435352539039
1995-08-20 14:58:00,1602.7579999999998,812.440955602486
1995-08-20 14:59:00,888.897,795.1418156585464
1995-08-20 15:00:00,298.671,802.690415698073
1995-08-20 15:01:00,137.517,630.1170936077552
1995-08-20 15:02:00,437.771,569.2552328939641
1995-08-20 15:03:00,982.544,531.8691524144357
1995-08-20 15:04:00,209.272,565.903884062521
1995-08-20 15:05:00,329.69,507.4689736771397
1995-08-20 15:06:00,200.792,473.51968944679123
1995-08-20 15:07:00,911.885,454.137647619638
1995-08-20 15:08:00,347.457,582.7574952987775
1995-08-20 15:09:00,630.711,528.7498361167059
1995-08-20 15:10:00,573.638,625.7668568612319
1995-08-20 15:11:00,432.874,667.4751007244218
1995-08-20 15:12:00,1454.268,589.3094931232641
1995-08-20 15:13:00,372.446,666.1454990083342
1995-08-20 15:14:00,908.006,598.2772831996209
1995-08-20 15:15:00,832.0540000000001,670.1955858110521
1995-08-20 15:16:00,601.728,706.3973439542733
1995-08-20 15:17:00,547.946,697.0986998546832
1995-08-20 15:18:00,380.57500000000005,700.391261631405
1995-08-20 15:19:00,934.3190000000001,554.3588397339906
1995-08-20 15:20:00,856.19,641.8148770332901
1995-08-20 15:21:00,649.056,626.8526654084121
1995-08-20 15:22:00,320.2,676.4484393927487
1995-08-20 15:23:00,202.436,560.4578627183921
1995-08-20 15:24:00,511.16700000000003,520.662551623037
1995-08-20 15:25:00,440.666,538.2124567217402
1995-08-20 15:26:00,638.659,505.8021968656511
1995-08-20 15:27:00,810.5009999999999,507.2500224266847
1995-08-20 15:28:00,282.59000000000003,572.08610997268
1995-08-20 15:29:00,419.82500000000005,525.2691056488889
1995-08-20 15:30:00,297.96500000000003,563.6888763323129
1995-08-20 15:31:00,154.519,540.0737943157241
1995-08-20 15:32:00,319.918,453.34817638950585
1995-08-20 15:33:00,228.722,419.2634448680961
1995-08-20 15:34:00,552.992,489.2781946996378
1995-08-20 15:35:00,230.07500000000002,543.2295646739694
1995-08-20 15:36:00,200.868,488.8877346472611
1995-08-20 15:37:00,396.392,409.82540062671
1995-08-20 15:38:00,184.024,469.5306174506068
1995-08-20 15:39:00,151.573,421.59723832579704
1995-08-20 15:40:00,549.045,417.03545967609847
1995-08-20 15:41:00,628.054,456.15181263875155
1995-08-20 15:42:00,438.888,544.6435280635778
1995-08-20 15:43:00,459.598,583.1806104329481
1995-08-20 15:44:00,420.64500000000004,521.8619997806535
1995-08-20 15:45:00,453.64,550.371384369634
1995-08-20 15:46:00,1072.666,602.2303725723738
1995-08-20 15:47:00,618.039,624.1693341059934
1995-08-20 15:48:00,951.962,640.3021432284788
1995-08-20 15:49:00,1624.0510000000002,584.6506396531336
1995-08-20 15:50:00,603.106,664.5871783171822
1995-08-20 15:51:00,336.487,667.4157531548004
1995-08-20 15:52:00,482.639,689.7501069975983
1995-08-20 15:53:00,889.021,666.1917151601731
1995-08-20 15:54:00,478.201,764.9765779755486
1995-08-20 15:55:00,492.465,671.4762508674248
1995-08-20 15:56:00,1669.85,666.2597464106374
1995-08-20 15:57:00,351.58,672.0134579563961
1995-08-20 15:58:00,160.20499999999998,599.7240313198189
1995-08-20 15:59:00,1156.865,560.8276535658296
1995-08-20 16:00:00,487.129,671.2631094835385
1995-08-20 16:01:00,357.272,694.4329317111536
1995-08-20 16:02:00,1430.933,563.5284458270911
1995-08-20 16:03:00,741.992,663.3972226749468
1995-08-20 16:04:00,557.2139999999999,739.0073539786931
1995-08-20 16:05:00,483.186,743.4974217409429
1995-08-20 16:06:00,401.68399999999997,644.9145024525207
1995-08-20 16:07:00,748.8589999999999,582.6265692103369
1995-08-20 16:08:00,834.659,659.5179790048592
1995-08-20 16:09:00,1262.174,648.9852078279112
1995-08-20 16:10:00,1062.238,736.4688167006502
1995-08-20 16:11:00,1470.148,759.4407457368885
1995-08-20 16:12:00,1725.643,791.5694664956707
1995-08-20 16:13:00,373.931,860.8584466496251
1995-08-20 16:14:00,295.87,734.7577134840552
1995-08-20 16:15:00,998.507,721.0475609343226
1995-08-20 16:16:00,692.5830000000001,791.1402973887006
1995-08-20 16:17:00,2495.088,762.4791006012996
1995-08-20 16:18:00,639.466,919.0248406091827
1995-08-20 16:19:00,1197.492,855.5595535678241
1995-08-20 16:20:00,492.606,964.1785102707266
1995-08-20 16:21:00,421.51300000000003,827.1895588277414
1995-08-20 16:22:00,760.119,741.2418370811191
1995-08-20 16:23:00,1504.0610000000001,764.645148385845
1995-08-20 16:24:00,264.39300000000003,751.8455125494875
1995-08-20 16:25:00,553.05,690.4063435786765
1995-08-20 16:26:00,258.71,779.7758657456287
1995-08-20 16:27:00,896.809,708.0374480934902
1995-08-20 16:28:00,378.026,864.4097129730778
1995-08-20 16:29:00,858.796,629.2528708888849
1995-08-20 16:30:00,673.668,708.7768557452429
1995-08-20 16:31:00,623.5120000000001,837.4315335952056
1995-08-20 16:32:00,758.488,781.0170477227623
1995-08-20 16:33:00,748.656,895.8725944273461
1995-08-20 16:34:00,365.367,733.719320337718
1995-08-20 16:35:00,604.6809999999999,692.044695669256
1995-08-20 16:36:00,697.157,690.5236978066866
1995-08-20 16:37:00,455.738,690.9108625479545
1995-08-20 16:38:00,1303.1560000000002,650.9784913825524
1995-08-20 16:39:00,397.931,640.4871356981955
1995-08-20 16:40:00,443.103,608.971173344791
1995-08-20 16:41:00,655.484,610.1221580951878
1995-08-20 16:42:00,537.6419999999999,683.5470358089458
1995-08-20 16:43:00,907.916,650.3607318592226
1995-08-20 16:44:00,748.445,678.4664537562314
1995-08-20 16:45:00,607.629,693.0469127579007
1995-08-20 16:46:00,589.791,745.7165041675391
1995-08-20 16:47:00,304.26099999999997,745.2917873649578
1995-08-20 16:48:00,861.8520000000001,696.552927299048
1995-08-20 16:49:00,721.678,700.2564006125266
1995-08-20 16:50:00,528.325,755.8173622535279
1995-08-20 16:51:00,649.533,633.4501967121894
1995-08-20 16:52:00,268.789,613.2118483021978
1995-08-20 16:53:00,1207.585,579.6972074297814
1995-08-20 16:54:00,202.76,633.0410195948432
1995-08-20 16:55:00,525.131,588.157562277565
1995-08-20 16:56:00,129.642,691.8822182937117
1995-08-20 16:57:00,504.871,562.2117828784101
1995-08-20 16:58:00,404.45799999999997,560.3844501377026
1995-08-20 16:59:00,471.741,526.7445155568124
1995-08-20 17:00:00,884.3290000000001,490.9722612445802
1995-08-20 17:01:00,210.542,531.6267037962058
1995-08-20 17:02:00,623.227,561.878771227016
1995-08-20 17:03:00,317.923,519.1635564979168
1995-08-20 17:04:00,350.463,499.15050261864525
1995-08-20 17:05:00,528.2950000000001,475.657547723979
1995-08-20 17:06:00,704.094,509.1516605692244
1995-08-20 17:07:00,559.2660000000001,563.5256731391697
1995-08-20 17:08:00,198.99699999999999,561.6757626039916
1995-08-20 17:09:00,123.181,469.3193948520207
1995-08-20 17:10:00,663.864,455.0692489484002
1995-08-20 17:11:00,546.1890000000001,490.94658956471045
1995-08-20 17:12:00,511.216,521.353488956945
1995-08-20 17:13:00,414.527,515.9138631067034
1995-08-20 17:14:00,516.332,532.3455525083593
1995-08-20 17:15:00,627.696,605.5952562441277
1995-08-20 17:16:00,346.95,624.5644681709591
1995-08-20 17:17:00,97.142,530.9587385046403
1995-08-20 17:18:00,94.632,444.21058014783875
1995-08-20 17:19:00,251.746,387.28771906258487
1995-08-20 17:20:00,98.465,397.6368301123307
1995-08-20 17:21:00,358.80999999999995,356.57022905187125
1995-08-20 17:22:00,242.16499999999996,390.2452046564608
1995-08-20 17:23:00,100.66199999999999,426.79707712772984
1995-08-20 17:24:00,152.926,344.894476413062
1995-08-20 17:25:00,293.55400000000003,353.9444473642038
1995-08-20 17:26:00,454.785,418.52573104251184
1995-08-20 17:27:00,284.117,440.0628870783357
1995-08-20 17:28:00,130.851,425.74493341982736
1995-08-20 17:29:00,88.202,355.9299653548652
1995-08-20 17:30:00,184.065,316.68058773979743
1995-08-20 17:31:00,109.661,302.79473801233587
1995-08-20 17:32:00,492.85,303.36397565725457
1995-08-20 17:33:00,75.505,401.3881571364321
1995-08-20 17:34:00,864.286,334.30043745624147
1995-08-20 17:35:00,139.73600000000002,395.0047420371215
1995-08-20 17:36:00,198.472,384.48519421313637
1995-08-20 17:37:00,321.693,368.8844135781751
1995-08-20 17:38:00,1147.663,450.48083986987757
1995-08-20 17:39:00,1067.532,482.4259206938876
1995-08-20 17:40:00,506.87899999999996,614.172612013529
1995-08-20 17:41:00,405.777,634.641390324251
1995-08-20 17:42:00,254.642,603.5774276447893
1995-08-20 17:43:00,255.497,556.7648835135278
1995-08-20 17:44:00,400.584,541.5370820013856
1995-08-20 17:45:00,589.683,564.0359309053187
1995-08-20 17:46:00,498.614,547.188944635195
1995-08-20 17:47:00,114.577,571.6215951932318
1995-08-20 17:48:00,61.512,456.68229749148446
1995-08-20 17:49:00,372.589,423.12656142706527
1995-08-20 17:50:00,511.234,420.2341191082278
1995-08-20 17:51:00,845.102,449.0611835369822
1995-08-20 17:52:00,279.293,512.6807211370663
1995-08-20 17:53:00,700.705,521.9587796870771
1995-08-20 17:54:00,208.945,559.022278731759
1995-08-20 17:55:00,1229.183,502.60959942540217
1995-08-20 17:56:00,484.71299999999997,548.9037449178643
1995-08-20 17:57:00,205.224,542.8103027157782
1995-08-20 17:58:00,370.87,550.9322139450132
1995-08-20 17:59:00,201.27,464.91665887697934
1995-08-20 18:00:00,346.617,448.9651126617046
1995-08-20 18:01:00,543.9929999999999,547.2066418308498
1995-08-20 18:02:00,512.867,588.0929300740293
1995-08-20 18:03:00,838.981,533.1826899703597
1995-08-20 18:04:00,466.909,606.8900373852101
1995-08-20 18:05:00,869.467,607.6495807684473
1995-08-20 18:06:00,1363.7259999999999,689.6123367221976
1995-08-20 18:07:00,481.54,734.0412067474074
1995-08-20 18:08:00,484.28700000000003,715.2325333947293
1995-08-20 18:09:00,352.852,624.3549793418358
1995-08-20 18:10:00,363.341,549.1428671784955
1995-08-20 18:11:00,405.923,554.6699279952139
1995-08-20 18:12:00,477.34299999999996,564.0454831560976
1995-08-20 18:13:00,429.172,510.99592793235445
1995-08-20 18:14:00,720.435,483.33736648730076
1995-08-20 18:15:00,410.733,477.39397805889496
1995-08-20 18:16:00,366.932,552.6215441703164
1995-08-20 18:17:00,510.111,506.76329655675346
1995-08-20 18:18:00,595.702,553.8989375018896
1995-08-20 18:19:00,120.005,525.2835675870247
1995-08-20 18:20:00,305.49,437.1635660206508
1995-08-20 18:21:00,1655.584,523.7145065626075
1995-08-20 18:22:00,367.651,507.7674063637337
1995-08-20 18:23:00,771.1,579.8986804409354
1995-08-20 18:24:00,246.227,638.5416422405445
1995-08-20 18:25:00,293.979,579.4952506115231
1995-08-20 18:26:00,481.82800000000003,557.0957792291549
1995-08-20 18:27:00,253.99800000000002,544.2189401690684
1995-08-20 18:28:00,328.01899999999995,505.91613304704174
1995-08-20 18:29:00,668.097,452.16465618083913
1995-08-20 18:30:00,318.083,558.8565560836128
1995-08-20 18:31:00,121.778,523.6548825525631
1995-08-20 18:32:00,853.8560000000001,463.4050458375611
1995-08-20 18:33:00,680.734,506.18505824523186
1995-08-20 18:34:00,430.48199999999997,625.420024668498
1995-08-20 18:35:00,525.734,571.8036948395288
1995-08-20 18:36:00,445.01800000000003,554.4468485047557
1995-08-20 18:37:00,842.477,589.901427169802
1995-08-20 18:38:00,421.688,641.3705660845095
1995-08-20 18:39:00,358.0,600.5661572877061
1995-08-20 18:40:00,722.5550000000001,524.028984906184
1995-08-20 18:41:00,391.145,534.4457957353152
1995-08-20 18:42:00,125.424,617.9337045220602
1995-08-20 18:43:00,315.435,493.3080541187055
1995-08-20 18:44:00,335.183,463.72170127084246
1995-08-20 18:45:00,361.467,456.4016007092116
1995-08-20 18:46:00,108.726,480.6518875614509
1995-08-20 18:47:00,63.898,410.74877181261115
1995-08-20 18:48:00,53.227000000000004,351.7762697405774
1995-08-20 18:49:00,324.325,355.17533392404715
1995-08-20 18:50:00,168.60600000000002,343.27169883605893
1995-08-20 18:51:00,130.553,337.67479748973284
1995-08-20 18:52:00,128.114,322.0454910378061
1995-08-20 18:53:00,1375.078,309.79207171355415
1995-08-20 18:54:00,384.964,323.37358598681203
1995-08-20 18:55:00,83.257,353.1392130941569
1995-08-20 18:56:00,202.463,315.28190885235676
1995-08-20 18:57:00,292.13899999999995,352.8837103993769
1995-08-20 18:58:00,300.05,364.6081943368643
1995-08-20 18:59:00,461.65999999999997,386.0087344069253
1995-08-20 19:00:00,236.155,383.8892062843808
1995-08-20 19:01:00,483.725,325.32901127813693
1995-08-20 19:02:00,201.689,396.4284527857295
1995-08-20 19:03:00,248.228,341.7512657410986
1995-08-20 19:04:00,367.17199999999997,398.13294471992214
1995-08-20 19:05:00,168.118,427.28298157403253
1995-08-20 19:06:00,364.883,398.5425295078888
1995-08-20 19:07:00,239.599,427.15744192021896
1995-08-20 19:08:00,231.153,380.5278683963771
1995-08-20 19:09:00,827.9859999999999,475.95436067526896
1995-08-20 19:10:00,1309.683,486.913015680625
1995-08-20 19:11:00,97.714,518.5872011826726
1995-08-20 19:12:00,1358.4440000000002,476.4749470341234
1995-08-20 19:13:00,88.962,470.7325347388061
1995-08-20 19:14:00,92.725,499.8007947213676
1995-08-20 19:15:00,152.90800000000002,450.7689019278368
1995-08-20 19:16:00,341.866,434.95386871172536
1995-08-20 19:17:00,412.71000000000004,430.35763705251856
1995-08-20 19:18:00,151.114,465.4275918649071
1995-08-20 19:19:00,243.672,374.9577651988897
1995-08-20 19:20:00,261.955,382.14894715381445
1995-08-20 19:21:00,69.933,400.90321284608564
1995-08-20 19:22:00,564.317,352.59946147004973
1995-08-20 19:23:00,388.166,382.51531974088164
1995-08-20 19:24:00,445.613,493.1523125973906
1995-08-20 19:25:00,489.716,441.7179844187835
1995-08-20 19:26:00,102.956,410.84571672288325
1995-08-20 19:27:00,305.654,318.8658356344052
1995-08-20 19:28:00,178.928,373.7239054400627
1995-08-20 19:29:00,89.185,332.35299349374003
1995-08-20 19:30:00,170.775,376.1240838142568
1995-08-20 19:31:00,262.057,327.1202201010198
1995-08-20 19:32:00,569.333,338.9895408726446
1995-08-20 19:33:00,348.424,459.3401647306752
1995-08-20 19:34:00,787.168,451.1644398802285
1995-08-20 19:35:00,1396.0040000000001,476.6848104572753
1995-08-20 19:36:00,296.48,543.2374659834661
1995-08-20 19:37:00,379.096,550.3464747610595
1995-08-20 19:38:00,415.799,576.2861073631257
1995-08-20 19:39:00,767.923,495.13265813036475
1995-08-20 19:40:00,1671.498,510.27830149804174
1995-08-20 19:41:00,27.98,584.6677780521087
1995-08-20 19:42:00,658.75,443.62462717925024
1995-08-20 19:43:00,382.112,481.95652342051045
1995-08-20 19:44:00,552.941,495.1362117116331
1995-08-20 19:45:00,122.613,515.3013338489804
1995-08-20 19:46:00,255.833,446.28966882076895
1995-08-20 19:47:00,573.29,450.8598306139322
1995-08-20 19:48:00,133.554,444.9952780232566
1995-08-20 19:49:00,134.823,414.30180221267557
1995-08-20 19:50:00,276.14,383.28916109001074
1995-08-20 19:51:00,571.02,411.79165916004376
1995-08-20 19:52:00,129.47199999999998,400.2322283466088
1995-08-20 19:53:00,374.678,391.21517207757205
1995-08-20 19:54:00,250.146,456.5400678600404
1995-08-20 19:55:00,315.117,528.4830533945756
1995-08-20 19:56:00,316.182,526.2950183385863
1995-08-20 19:57:00,558.1030000000001,546.447475820222
1995-08-20 19:58:00,387.80400000000003,613.0305397957829
1995-08-20 19:59:00,344.914,640.8694120786092
1995-08-20 20:00:00,619.348,554.7682587995869
1995-08-20 20:01:00,445.569,626.9620475817078
1995-08-20 20:02:00,812.5409999999999,593.0496109818912
1995-08-20 20:03:00,90.086,609.8543620146447
1995-08-20 20:04:00,145.998,543.4542095657682
1995-08-20 20:05:00,380.35299999999995,474.58647151958763
1995-08-20 20:06:00,389.502,513.8794335277177
1995-08-20 20:07:00,468.592,447.29347058813886
1995-08-20 20:08:00,129.477,456.5682788067557
1995-08-20 20:09:00,738.336,410.91314306490335
1995-08-20 20:10:00,319.024,432.06630606738895
1995-08-20 20:11:00,364.662,434.34480033388553
1995-08-20 20:12:00,315.814,422.1226470352796
1995-08-20 20:13:00,159.069,365.4741130199284
1995-08-20 20:14:00,432.199,364.571952715488
1995-08-20 20:15:00,1302.768,450.89974679589886
1995-08-20 20:16:00,357.421,537.4952023396074
1995-08-20 20:17:00,380.185,544.8557879509044
1995-08-20 20:18:00,223.57999999999998,575.1873386619343
1995-08-20 20:19:00,575.772,594.6855994745509
1995-08-20 20:20:00,531.645,539.2056062303868
1995-08-20 20:21:00,515.995,618.3090168309665
1995-08-20 20:22:00,335.547,513.7908172273025
1995-08-20 20:23:00,1447.99,532.5080322518319
1995-08-20 20:24:00,394.644,458.87427154880066
1995-08-20 20:25:00,171.439,456.99484778186365
1995-08-20 20:26:00,372.315,527.619134462253
1995-08-20 20:27:00,221.636,468.9238071493064
1995-08-20 20:28:00,437.747,482.42890856229775
1995-08-20 20:29:00,939.965,507.97286285292455
1995-08-20 20:30:00,768.794,566.6919173878733
1995-08-20 20:31:00,377.647,555.8551873854062
1995-08-20 20:32:00,1298.8700000000001,630.1474972422936
1995-08-20 20:33:00,218.458,634.7835006659145
1995-08-20 20:34:00,469.442,591.4818615976684
1995-08-20 20:35:00,519.523,575.6607520211268
1995-08-20 20:36:00,702.4639999999999,548.694774736317
1995-08-20 20:37:00,492.314,559.8871868022587
1995-08-20 20:38:00,221.755,626.0656807392863
1995-08-20 20:39:00,329.568,587.4086653869795
1995-08-20 20:40:00,524.7919999999999,579.5611818957282
1995-08-20 20:41:00,666.48,583.5535133409343
1995-08-20 20:42:00,296.657,603.7774615635342
1995-08-20 20:43:00,433.736,539.7431469832436
1995-08-20 20:44:00,269.308,489.0608339382591
1995-08-20 20:45:00,392.005,524.5941275174196
1995-08-20 20:46:00,414.80600000000004,576.4239063676768
1995-08-20 20:47:00,435.836,575.8868783586831
1995-08-20 20:48:00,242.71099999999998,589.3704368168372
1995-08-20 20:49:00,645.146,507.47973746709766
1995-08-20 20:50:00,386.93,496.99683558150736
1995-08-20 20:51:00,140.38000000000002,517.1348269976733
1995-08-20 20:52:00,417.357,489.2689353028238
1995-08-20 20:53:00,1506.811,467.5539270792459
1995-08-20 20:54:00,180.229,535.6369924623546
1995-08-20 20:55:00,233.262,515.273535549042
1995-08-20 20:56:00,141.239,434.282363504998
1995-08-20 20:57:00,355.707,406.17771237976615
1995-08-20 20:58:00,243.474,446.55588122356716
1995-08-20 20:59:00,284.155,434.4013771352859
1995-08-20 21:00:00,145.571,392.3503970518177
1995-08-20 21:01:00,268.633,364.71969625617487
1995-08-20 21:02:00,163.553,416.95143115503396
1995-08-20 21:03:00,479.03700000000003,451.7012150492128
1995-08-20 21:04:00,630.478,370.4182605711351
1995-08-20 21:05:00,274.258,422.59873752249416
1995-08-20 21:06:00,423.854,380.5930542591521
1995-08-20 21:07:00,214.21699999999998,414.9447661425793
1995-08-20 21:08:00,135.698,359.2372067510234
1995-08-20 21:09:00,228.388,373.43349460385326
1995-08-20 21:10:00,234.913,400.45803262385067
1995-08-20 21:11:00,348.931,414.85355519519493
1995-08-20 21:12:00,136.959,429.591956056422
1995-08-20 21:13:00,528.013,400.0856444114056
1995-08-20 21:14:00,305.327,419.73748702350787
1995-08-20 21:15:00,161.036,419.418944879496
1995-08-20 21:16:00,163.219,442.94031270201646
1995-08-20 21:17:00,81.508,399.0251849874235
1995-08-20 21:18:00,314.162,342.35109385585264
1995-08-20 21:19:00,378.009,370.7297328370492
1995-08-20 21:20:00,296.17,379.8846179847148
1995-08-20 21:21:00,879.389,404.24615560090007
1995-08-20 21:22:00,272.378,428.3044408754837
1995-08-20 21:23:00,160.614,416.22443920307273
1995-08-20 21:24:00,1183.027,436.27358212789795
1995-08-20 21:25:00,786.8,466.82908212707383
1995-08-20 21:26:00,270.379,484.23019375853414
1995-08-20 21:27:00,384.121,458.38185214058245
1995-08-20 21:28:00,251.638,471.7394816399244
1995-08-20 21:29:00,279.13,440.6987027466093
1995-08-20 21:30:00,147.11599999999999,405.43578725504153
1995-08-20 21:31:00,272.668,344.5589792809847
1995-08-20 21:32:00,725.133,339.4671418894651
1995-08-20 21:33:00,382.12,449.35015299225495
1995-08-20 21:34:00,147.398,474.8051673878006
1995-08-20 21:35:00,1626.9149999999997,401.1276321893716
1995-08-20 21:36:00,366.01300000000003,535.2123035565227
1995-08-20 21:37:00,496.533,609.2952770827144
1995-08-20 21:38:00,297.616,599.2048779007619
1995-08-20 21:39:00,408.831,578.1441668901454
1995-08-20 21:40:00,350.286,508.77156210227884
1995-08-20 21:41:00,126.788,530.2905199963861
1995-08-20 21:42:00,557.517,437.69307337395094
1995-08-20 21:43:00,161.026,538.5457159139394
1995-08-20 21:44:00,493.145,445.2824706187006
1995-08-20 21:45:00,354.761,530.2233901916052
1995-08-20 21:46:00,400.009,511.71728007991004
1995-08-20 21:47:00,446.066,486.65730110716436
1995-08-20 21:48:00,84.78,466.20147429957746
1995-08-20 21:49:00,514.836,407.8760158707133
1995-08-20 21:50:00,607.973,458.52796305887483
1995-08-20 21:51:00,479.303,556.2828527940185
1995-08-20 21:52:00,310.18,474.87967686337106
1995-08-20 21:53:00,379.117,428.4302491812262
1995-08-20 21:54:00,401.948,465.03208852779596
1995-08-20 21:55:00,172.357,440.34919842596156
1995-08-20 21:56:00,455.201,408.69799184926956
1995-08-20 21:57:00,112.429,416.28597935402536
1995-08-20 21:58:00,420.63000000000005,415.58717683883765
1995-08-20 21:59:00,152.143,500.1616213441314
1995-08-20 22:00:00,213.014,436.83429872296
1995-08-20 22:01:00,336.094,448.65088013186886
1995-08-20 22:02:00,139.604,510.91875484758606
1995-08-20 22:03:00,368.32,517.9511352991207
1995-08-20 22:04:00,271.56399999999996,490.20585884853966
1995-08-20 22:05:00,49.76499999999999,466.04173120587615
1995-08-20 22:06:00,247.851,397.19402255342936
1995-08-20 22:07:00,178.235,384.0539982621176
1995-08-20 22:08:00,394.31600000000003,389.8426596056808
1995-08-20 22:09:00,731.2,497.1595366966733
1995-08-20 22:10:00,737.794,529.2498596138073
1995-08-20 22:11:00,328.522,503.31640472276547
1995-08-20 22:12:00,368.334,541.360655420116
1995-08-20 22:13:00,190.284,523.6989579532636
1995-08-20 22:14:00,289.481,552.1975257282264
1995-08-20 22:15:00,501.641,484.79309382728627
1995-08-20 22:16:00,1552.898,514.0501160521741
1995-08-20 22:17:00,928.6999999999999,555.7281015571323
1995-08-20 22:18:00,434.677,604.559184692074
1995-08-20 22:19:00,1656.826,538.1188666811676
1995-08-20 22:20:00,630.944,557.3717364607782
1995-08-20 22:21:00,1304.7340000000002,613.4436800360133
1995-08-20 22:22:00,227.294,684.2025878385477
1995-08-20 22:23:00,227.28099999999998,522.3642466106207
1995-08-20 22:24:00,690.803,497.43066958915773
1995-08-20 22:25:00,390.641,571.9807051952309
1995-08-20 22:26:00,345.024,576.140907766155
1995-08-20 22:27:00,1111.693,527.2524446535591
1995-08-20 22:28:00,567.0799999999999,569.9550556489232
1995-08-20 22:29:00,493.198,603.933786293706
1995-08-20 22:30:00,297.016,640.5111737013859
1995-08-20 22:31:00,231.649,569.4509963122449
1995-08-20 22:32:00,809.501,479.8992739329256
1995-08-20 22:33:00,283.31899999999996,514.8910294607304
1995-08-20 22:34:00,187.762,496.42637351231076
1995-08-20 22:35:00,213.643,432.34432269658646
1995-08-20 22:36:00,743.857,393.8990364391576
1995-08-20 22:37:00,346.028,486.41895284180566
1995-08-20 22:38:00,445.475,437.4834736982568
1995-08-20 22:39:00,337.928,499.82801522876207
1995-08-20 22:40:00,669.397,499.8726784227844
1995-08-20 22:41:00,446.335,562.6108038980343
1995-08-20 22:42:00,473.555,610.7946711551648
1995-08-20 22:43:00,362.964,650.2703244336677
1995-08-20 22:44:00,396.023,582.1146102132179
1995-08-20 22:45:00,1125.538,624.4605907737568
1995-08-20 22:46:00,723.862,661.9840747317785
1995-08-20 22:47:00,403.86199999999997,692.1402249635257
1995-08-20 22:48:00,821.261,625.1404058725456
1995-08-20 22:49:00,565.541,710.0042829053313
1995-08-20 22:50:00,39.355000000000004,701.7013514743898
1995-08-20 22:51:00,1093.88,552.6849400312569
1995-08-20 22:52:00,979.2110000000001,592.1342700128852
1995-08-20 22:53:00,291.486,603.1110263364509
1995-08-20 22:54:00,606.011,550.2656013722399
1995-08-20 22:55:00,366.134,647.03269997908
1995-08-20 22:56:00,408.631,535.7812229559898
1995-08-20 22:57:00,199.263,578.1810103748825
1995-08-20 22:58:00,210.17,523.1987809932964
1995-08-20 22:59:00,1362.9579999999999,543.3279429503525
1995-08-20 23:00:00,196.664,609.1144626880249
1995-08-20 23:01:00,734.283,529.6325183894139
1995-08-20 23:02:00,1483.107,585.8862323366359
1995-08-20 23:03:00,927.019,678.3253915915867
1995-08-20 23:04:00,1485.6680000000001,767.2673749790516
1995-08-20 23:05:00,796.218,755.7171051591713
1995-08-20 23:06:00,294.928,758.2670352509809
1995-08-20 23:07:00,460.603,729.6125897867385
1995-08-20 23:08:00,637.5360000000001,642.9554057215073
1995-08-20 23:09:00,900.54,643.0872258537948
1995-08-20 23:10:00,1354.683,779.1937315704766
1995-08-20 23:11:00,1124.379,796.3472198376553
1995-08-20 23:12:00,739.473,876.9310138946109
1995-08-20 23:13:00,942.307,832.9553894017749
1995-08-20 23:14:00,1271.581,846.9527907938525
1995-08-20 23:15:00,768.478,847.8711011377686
1995-08-20 23:16:00,249.097,840.1416398830698
1995-08-20 23:17:00,196.491,647.1458394583776
1995-08-20 23:18:00,183.245,657.8201331751305
1995-08-20 23:19:00,487.632,644.6130599934872
1995-08-20 23:20:00,439.91499999999996,700.1362260008246
1995-08-20 23:21:00,223.09099999999998,582.3029605978926
1995-08-20 23:22:00,658.575,567.9783901468737
1995-08-20 23:23:00,337.148,616.5819788926008
1995-08-20 23:24:00,139.404,554.9770663164256
1995-08-20 23:25:00,519.001,518.8435587407722
1995-08-20 23:26:00,134.87699999999998,517.9600072800805
1995-08-20 23:27:00,117.866,453.9510508672939
1995-08-20 23:28:00,116.702,424.82965087434536
1995-08-20 23:29:00,177.799,409.94970942278655
1995-08-20 23:30:00,309.785,367.54240604736
1995-08-20 23:31:00,1508.8280000000002,475.5963510262128
1995-08-20 23:32:00,89.324,477.4549263322355
1995-08-20 23:33:00,261.05,441.37012628656606
1995-08-20 23:34:00,377.65,436.92749488232647
1995-08-20 23:35:00,215.99699999999999,425.3111833125234
1995-08-20 23:36:00,285.309,407.02481843571564
1995-08-20 23:37:00,582.6039999999999,502.4639889288478
1995-08-20 23:38:00,213.459,432.98269971974423
1995-08-20 23:39:00,109.041,421.4443014059503
1995-08-20 23:40:00,183.085,381.64316546878655
1995-08-20 23:41:00,209.545,326.0554250897572
1995-08-20 23:42:00,299.616,356.799533992465
1995-08-20 23:43:00,236.24,377.3259847500297
1995-08-20 23:44:00,259.834,399.34086728361694
1995-08-20 23:45:00,660.398,393.66553745176986
1995-08-20 23:46:00,1427.9540000000002,490.89953030509986
1995-08-20 23:47:00,567.045,524.292552745004
1995-08-20 23:48:00,438.878,615.7021786542375
1995-08-20 23:49:00,332.298,516.9850185310261
1995-08-20 23:50:00,341.98,570.7685326552887
1995-08-20 23:51:00,715.849,516.6065435955304
1995-08-20 23:52:00,744.715,583.0027037504916
1995-08-20 23:53:00,460.275,638.3602281812774
1995-08-20 23:54:00,625.286,658.3381031264861
1995-08-20 23:55:00,429.536,678.4299283292019
1995-08-20 23:56:00,366.834,633.2135910837488
1995-08-20 23:57:00,612.697,670.5392973748368
1995-08-20 23:58:00,446.672,699.0327254060311
1995-08-20 23:59:00,581.046,681.7743747776677
1995-08-21 00:00:00,345.482,624.8001989944065
1995-08-21 00:01:00,509.68300000000005,604.6416508100427
1995-08-21 00:02:00,474.849,628.0580723078812
1995-08-21 00:03:00,461.35200000000003,548.638644281304
1995-08-21 00:04:00,300.984,615.4258287379045
1995-08-21 00:05:00,497.616,610.3941087234991
1995-08-21 00:06:00,482.627,588.0552689308241
1995-08-21 00:07:00,305.356,611.7149845161874
1995-08-21 00:08:00,334.132,534.540176895467
1995-08-21 00:09:00,1425.162,580.0252729650255
1995-08-21 00:10:00,689.235,578.9484486352284
1995-08-21 00:11:00,1409.679,567.6857320270694
1995-08-21 00:12:00,838.28,592.0077932185518
1995-08-21 00:13:00,562.6600000000001,669.5504060178318
1995-08-21 00:14:00,195.94400000000002,628.1980060689349
1995-08-21 00:15:00,103.813,572.7553773566119
1995-08-21 00:16:00,103.848,519.0801531582466
1995-08-21 00:17:00,232.96599999999998,437.54279222632175
1995-08-21 00:18:00,144.458,372.2610513722389
1995-08-21 00:19:00,108.125,410.9025936531022
1995-08-21 00:20:00,73.19,396.9181959213913
1995-08-21 00:21:00,104.666,356.8589493649885
1995-08-21 00:22:00,285.65500000000003,399.20380410047096
1995-08-21 00:23:00,62.01,415.58104832076503
1995-08-21 00:24:00,215.399,375.3043748803537
1995-08-21 00:25:00,179.209,456.99264796507
1995-08-21 00:26:00,457.54699999999997,475.8427404913455
1995-08-21 00:27:00,907.031,526.2097769967739
1995-08-21 00:28:00,198.616,509.45196698729035
1995-08-21 00:29:00,390.251,479.3091896683315
1995-08-21 00:30:00,316.384,527.9386211231088
1995-08-21 00:31:00,266.955,494.4557168798493
1995-08-21 00:32:00,420.776,484.15937137813614
1995-08-21 00:33:00,486.833,506.1954122830453
1995-08-21 00:34:00,329.206,471.5481365294864
1995-08-21 00:35:00,743.542,477.7340533821794
1995-08-21 00:36:00,462.397,555.9461630206869
1995-08-21 00:37:00,287.782,525.5608604127491
1995-08-21 00:38:00,144.123,528.5124649726292
1995-08-21 00:39:00,229.247,471.49411720712044
1995-08-21 00:40:00,147.012,447.92973324209703
1995-08-21 00:41:00,172.40099999999998,467.89642258533377
1995-08-21 00:42:00,191.494,472.57972727720284
1995-08-21 00:43:00,256.663,498.74733442267143
1995-08-21 00:44:00,938.3280000000001,500.7284561874284
1995-08-21 00:45:00,306.918,505.65071578744005
1995-08-21 00:46:00,367.639,563.0278289145077
1995-08-21 00:47:00,161.239,521.225740629542
1995-08-21 00:48:00,377.18399999999997,521.1900843863411
1995-08-21 00:49:00,166.4,511.1230805926567
1995-08-21 00:50:00,70.826,467.1855270489826
1995-08-21 00:51:00,106.288,372.37637660152217
1995-08-21 00:52:00,157.895,455.61980041114526
1995-08-21 00:53:00,99.069,460.46411792218817
1995-08-21 00:54:00,122.771,362.79184517545247
1995-08-21 00:55:00,1153.107,376.0053003115461
1995-08-21 00:56:00,861.475,434.1195582407927
1995-08-21 00:57:00,296.544,544.4518212285417
1995-08-21 00:58:00,503.209,492.5763701425596
1995-08-21 00:59:00,1047.954,525.2270517941853
1995-08-21 01:00:00,262.166,578.6251005677824
1995-08-21 01:01:00,589.592,580.3090273527546
1995-08-21 01:02:00,316.90999999999997,636.8621054684277
1995-08-21 01:03:00,463.078,601.4505992831457
1995-08-21 01:04:00,277.44100000000003,622.9619969648537
1995-08-21 01:05:00,686.5939999999999,550.4511828977747
1995-08-21 01:06:00,373.202,590.9944295332384
1995-08-21 01:07:00,444.669,546.2383787192882
1995-08-21 01:08:00,237.252,495.93481572811396
1995-08-21 01:09:00,451.108,496.2581478016651
1995-08-21 01:10:00,445.869,456.7798792856594
1995-08-21 01:11:00,2142.463,463.86657791591773
1995-08-21 01:12:00,407.762,543.7841646126847
1995-08-21 01:13:00,331.70599999999996,550.6419992894572
1995-08-21 01:14:00,306.63100000000003,523.9372751449858
1995-08-21 01:15:00,1973.65,494.1322037312194
1995-08-21 01:16:00,625.631,511.46326772426033
1995-08-21 01:17:00,324.41,590.3936483398926
1995-08-21 01:18:00,661.701,536.3639094122209
1995-08-21 01:19:00,395.899,547.1040300211531
1995-08-21 01:20:00,590.801,524.5915431813155
1995-08-21 01:21:00,432.621,559.2314023812846
1995-08-21 01:22:00,731.614,526.9000189856246
1995-08-21 01:23:00,389.361,553.4079414055905
1995-08-21 01:24:00,567.739,599.1550700615612
1995-08-21 01:25:00,694.46,579.9674163553799
1995-08-21 01:26:00,288.49899999999997,693.8509886603923
1995-08-21 01:27:00,863.526,602.536596389503
1995-08-21 01:28:00,419.591,615.0578213394613
1995-08-21 01:29:00,377.895,540.6314955772074
1995-08-21 01:30:00,517.999,508.93846199480714
1995-08-21 01:31:00,330.875,588.6075280200653
1995-08-21 01:32:00,382.56,501.3509318689391
1995-08-21 01:33:00,519.1089999999999,433.8788645224014
1995-08-21 01:34:00,79.28399999999999,448.7095700279602
1995-08-21 01:35:00,547.318,403.2875557273016
1995-08-21 01:36:00,223.675,439.36578079664207
1995-08-21 01:37:00,353.67699999999996,436.750782462383
1995-08-21 01:38:00,323.879,527.5085933930465
1995-08-21 01:39:00,588.576,494.15154186076194
1995-08-21 01:40:00,1964.359,533.4277496749907
1995-08-21 01:41:00,601.245,642.4757652481145
1995-08-21 01:42:00,323.704,666.4710399038186
1995-08-21 01:43:00,638.854,595.7146972910975
1995-08-21 01:44:00,207.91,566.7763785755941
1995-08-21 01:45:00,114.901,490.8822543276036
1995-08-21 01:46:00,330.85699999999997,456.66890046365035
1995-08-21 01:47:00,345.298,391.8246686923725
1995-08-21 01:48:00,459.803,432.11735251246375
1995-08-21 01:49:00,351.024,414.6313820777838
1995-08-21 01:50:00,1581.433,441.6046641850347
1995-08-21 01:51:00,563.865,506.88517916627086
1995-08-21 01:52:00,188.22,621.1330385881123
1995-08-21 01:53:00,593.7,512.8655828158672
1995-08-21 01:54:00,243.792,558.0031799678316
1995-08-21 01:55:00,1428.8139999999999,539.1134680373972
1995-08-21 01:56:00,308.579,637.9432032562469
1995-08-21 01:57:00,87.971,540.8681709310533
1995-08-21 01:58:00,340.256,522.0875967345548
1995-08-21 01:59:00,163.67700000000002,516.4620527796014
1995-08-21 02:00:00,805.221,483.9878135312128
1995-08-21 02:01:00,1039.017,471.0360756409812
1995-08-21 02:02:00,452.355,557.417250241711
1995-08-21 02:03:00,315.827,530.9127365756118
1995-08-21 02:04:00,734.797,576.2376794202895
1995-08-21 02:05:00,519.213,568.1043722584341
1995-08-21 02:06:00,376.891,568.1575244810264
1995-08-21 02:07:00,77.081,462.00015891369713
1995-08-21 02:08:00,345.8,386.5212900628255
1995-08-21 02:09:00,385.339,344.61601352487673
1995-08-21 02:10:00,103.387,390.61344383510135
1995-08-21 02:11:00,625.775,346.01295123435426
1995-08-21 02:12:00,158.477,345.50801775313664
1995-08-21 02:13:00,37.571,384.7552115938568
1995-08-21 02:14:00,389.162,301.17203783794804
1995-08-21 02:15:00,206.489,364.8349193054744
1995-08-21 02:16:00,154.085,361.5911496142414
1995-08-21 02:17:00,133.876,306.13781693199866
1995-08-21 02:18:00,101.986,290.55606191137576
1995-08-21 02:19:00,775.178,287.4394837829775
1995-08-21 02:20:00,18.990000000000002,319.0788264829585
1995-08-21 02:21:00,100.771,304.91936894332
1995-08-21 02:22:00,215.543,267.8469711966765
1995-08-21 02:23:00,502.075,289.1346257826722
1995-08-21 02:24:00,336.089,300.58636461089316
1995-08-21 02:25:00,347.13800000000003,369.2184381249304
1995-08-21 02:26:00,1069.366,320.7553400698887
1995-08-21 02:27:00,1023.961,291.1430561217902
1995-08-21 02:28:00,129.939,387.95579113758106
1995-08-21 02:29:00,427.972,374.937194939755
1995-08-21 02:30:00,418.828,395.9059833739083
1995-08-21 02:31:00,202.273,457.4772877426075
1995-08-21 02:32:00,157.924,482.6078205118856
1995-08-21 02:33:00,803.551,458.9526324683871
1995-08-21 02:34:00,437.151,550.5822646408717
1995-08-21 02:35:00,312.449,600.9170431365193
1995-08-21 02:36:00,442.373,590.3043648875063
1995-08-21 02:37:00,317.723,521.6084175586795
1995-08-21 02:38:00,603.499,478.3811223051761
1995-08-21 02:39:00,267.548,511.6724272889294
1995-08-21 02:40:00,1112.635,502.46568592214805
1995-08-21 02:41:00,623.5909999999999,449.158196888331
1995-08-21 02:42:00,337.055,496.25508049742143
1995-08-21 02:43:00,45.823,500.23428135579394
1995-08-21 02:44:00,120.379,401.45051632121715
1995-08-21 02:45:00,462.33,365.7642838543928
1995-08-21 02:46:00,279.587,428.1737879674084
1995-08-21 02:47:00,141.145,405.19015078537547
1995-08-21 02:48:00,204.512,349.5155055526322
1995-08-21 02:49:00,195.45299999999997,350.4171457281663
1995-08-21 02:50:00,322.834,340.4536202695442
1995-08-21 02:51:00,3.245,332.69309129902575
1995-08-21 02:52:00,549.1790000000001,267.7165599225997
1995-08-21 02:53:00,176.632,263.46481029924985
1995-08-21 02:54:00,707.74,356.68078526158587
1995-08-21 02:55:00,339.53499999999997,431.5290491000553
1995-08-21 02:56:00,556.895,471.1684724757607
1995-08-21 02:57:00,402.816,408.462486169169
1995-08-21 02:58:00,250.253,416.33517493031786
1995-08-21 02:59:00,332.63800000000003,440.666542631245
1995-08-21 03:00:00,801.106,424.1005041496366
1995-08-21 03:01:00,638.3969999999999,418.7611035312514
1995-08-21 03:02:00,586.845,465.28830078661076
1995-08-21 03:03:00,848.354,493.5212299013621
1995-08-21 03:04:00,1017.798,481.19626478735745
1995-08-21 03:05:00,375.9,470.560054432485
1995-08-21 03:06:00,393.904,467.1406518752151
1995-08-21 03:07:00,237.263,459.48484217663196
1995-08-21 03:08:00,169.053,436.6492311248238
1995-08-21 03:09:00,241.734,405.75876928476777
1995-08-21 03:10:00,508.13500000000005,415.83183111976933
1995-08-21 03:11:00,47.989999999999995,364.6019456900182
1995-08-21 03:12:00,189.747,302.35902128334965
1995-08-21 03:13:00,159.618,295.26168634759244
1995-08-21 03:14:00,105.023,292.7218778183546
1995-08-21 03:15:00,186.07500000000002,274.24279601363094
1995-08-21 03:16:00,238.456,314.1855446097861
1995-08-21 03:17:00,292.56399999999996,298.2735763727722
1995-08-21 03:18:00,73.358,295.0268286301172
1995-08-21 03:19:00,359.06600000000003,240.73360262739772
1995-08-21 03:20:00,124.067,263.47162296616517
1995-08-21 03:21:00,89.211,321.5630893265233
1995-08-21 03:22:00,32.274,335.6840137679982
1995-08-21 03:23:00,251.23999999999998,258.68328892261343
1995-08-21 03:24:00,241.584,278.4816216486423
1995-08-21 03:25:00,127.847,317.08233398191504
1995-08-21 03:26:00,295.974,240.94487038423412
1995-08-21 03:27:00,182.11599999999999,316.89253464570095
1995-08-21 03:28:00,110.204,296.12425526458
1995-08-21 03:29:00,167.665,278.6659445339134
1995-08-21 03:30:00,274.426,281.7372015362133
1995-08-21 03:31:00,95.719,352.2913519033235
1995-08-21 03:32:00,113.27600000000001,329.46305763275154
1995-08-21 03:33:00,371.993,290.82067820807583
1995-08-21 03:34:00,198.039,400.43379372263183
1995-08-21 03:35:00,121.665,327.0793541428826
1995-08-21 03:36:00,140.955,335.6596344850801
1995-08-21 03:37:00,422.118,290.13995315621634
1995-08-21 03:38:00,84.09700000000001,365.91429030561596
1995-08-21 03:39:00,121.57199999999999,318.22493562816834
1995-08-21 03:40:00,81.255,330.32431534416196
1995-08-21 03:41:00,311.937,331.95230556595965
1995-08-21 03:42:00,147.706,318.8431924817377
1995-08-21 03:43:00,169.328,317.4766361246276
1995-08-21 03:44:00,16.165,245.9305843467524
1995-08-21 03:45:00,227.40699999999998,265.57783904187283
1995-08-21 03:46:00,92.678,292.89550084046596
1995-08-21 03:47:00,118.236,334.5176359032856
1995-08-21 03:48:00,35.433,306.44343055540253
1995-08-21 03:49:00,33.838,262.68203195321985
1995-08-21 03:50:00,121.617,308.74275285821585
1995-08-21 03:51:00,154.769,314.5951246930998
1995-08-21 03:52:00,992.712,390.1772234344151
1995-08-21 03:53:00,144.18,362.91416228758317
1995-08-21 03:54:00,164.551,393.2944666577958
1995-08-21 03:55:00,207.551,386.3671104040888
1995-08-21 03:56:00,354.327,396.18180402205013
1995-08-21 03:57:00,218.992,342.66677749255064
1995-08-21 03:58:00,330.134,393.32558059091036
1995-08-21 03:59:00,36.048,384.3310155046467
1995-08-21 04:00:00,238.138,307.4062753991161
1995-08-21 04:01:00,124.364,314.435902047408
1995-08-21 04:02:00,238.169,307.1970369072372
1995-08-21 04:03:00,197.46,366.86892228984135
1995-08-21 04:04:00,344.11400000000003,367.55976824095745
1995-08-21 04:05:00,153.093,309.3761644825323
1995-08-21 04:06:00,122.805,325.95994196325984
1995-08-21 04:07:00,593.699,326.1113311055216
1995-08-21 04:08:00,49.491,271.55275458105694
1995-08-21 04:09:00,556.52,283.9077751343003
1995-08-21 04:10:00,85.241,263.09490668977276
1995-08-21 04:11:00,128.292,278.2187957724719
1995-08-21 04:12:00,161.559,228.8377471808038
1995-08-21 04:13:00,107.77199999999999,272.0977530051673
1995-08-21 04:14:00,191.10299999999998,268.6276025614699
1995-08-21 04:15:00,74.863,272.55149851216987
1995-08-21 04:16:00,140.59,252.1650899587324
1995-08-21 04:17:00,133.68699999999998,296.8857242253783
1995-08-21 04:18:00,68.228,285.03122585383295
1995-08-21 04:19:00,181.764,279.26827784633
1995-08-21 04:20:00,134.423,324.76415364828944
1995-08-21 04:21:00,171.614,266.4263650237059
1995-08-21 04:22:00,72.577,293.8921977833354
1995-08-21 04:23:00,1.9029999999999998,240.6247602862678
1995-08-21 04:24:00,54.003,217.69053305951212
1995-08-21 04:25:00,213.034,236.7836314654816
1995-08-21 04:26:00,48.93,242.6469668225986
1995-08-21 04:27:00,180.304,245.86937889562978
1995-08-21 04:28:00,135.633,247.669540700295
1995-08-21 04:29:00,434.424,250.12706073990847
1995-08-21 04:30:00,254.024,254.85230305181884
1995-08-21 04:31:00,13.065,299.93852057842867
1995-08-21 04:32:00,456.835,235.6705041296669
1995-08-21 04:33:00,145.522,381.4978315227987
1995-08-21 04:34:00,127.10399999999998,354.32343763654757
1995-08-21 04:35:00,166.683,282.57738573685117
1995-08-21 04:36:00,444.228,287.5162342547669
1995-08-21 04:37:00,388.90299999999996,310.1247395114735
1995-08-21 04:38:00,271.425,341.62739339480555
1995-08-21 04:39:00,116.269,412.73710880044564
1995-08-21 04:40:00,199.24599999999998,302.61693092492357
1995-08-21 04:41:00,630.539,304.56051961392063
1995-08-21 04:42:00,337.968,304.8020056492836
1995-08-21 04:43:00,501.15799999999996,298.7145865805635
1995-08-21 04:44:00,175.61599999999999,272.716893766506
1995-08-21 04:45:00,171.642,301.67511920208494
1995-08-21 04:46:00,72.893,298.67662708568776
1995-08-21 04:47:00,241.745,275.94025246466884
1995-08-21 04:48:00,92.19,275.5611963428866
1995-08-21 04:49:00,96.953,253.72477582825826
1995-08-21 04:50:00,192.92499999999998,235.7746905581293
1995-08-21 04:51:00,21.732,278.3166949032175
1995-08-21 04:52:00,76.277,256.4508319968723
1995-08-21 04:53:00,103.986,229.19369397319255
1995-08-21 04:54:00,58.53,209.02507930109678
1995-08-21 04:55:00,12.183,218.4907855667667
1995-08-21 04:56:00,45.053,189.7362301031818
1995-08-21 04:57:00,91.602,209.08939845140003
1995-08-21 04:58:00,246.136,219.42877918678573
1995-08-21 04:59:00,46.004,262.4544378439048
1995-08-21 05:00:00,272.613,207.73454909865214
1995-08-21 05:01:00,46.033,265.95447763090556
1995-08-21 05:02:00,949.578,201.46080438299063
1995-08-21 05:03:00,397.151,228.1829605500604
1995-08-21 05:04:00,352.04400000000004,349.5908423385094
1995-08-21 05:05:00,133.167,390.1725904036181
1995-08-21 05:06:00,150.006,253.27511757619374
1995-08-21 05:07:00,218.808,258.4224182409073
1995-08-21 05:08:00,269.151,278.6375132657354
1995-08-21 05:09:00,292.397,308.3594367069714
1995-08-21 05:10:00,156.452,325.5868429901738
1995-08-21 05:11:00,122.503,270.0452178752347
1995-08-21 05:12:00,102.101,254.26983543356806
1995-08-21 05:13:00,118.27,228.3969748044475
1995-08-21 05:14:00,165.961,266.55482852478116
1995-08-21 05:15:00,475.108,269.608973278944
1995-08-21 05:16:00,117.751,341.5861940961403
1995-08-21 05:17:00,263.77599999999995,313.6315153706607
1995-08-21 05:18:00,122.14200000000001,258.7768499136153
1995-08-21 05:19:00,120.08800000000001,265.54576549395864
1995-08-21 05:20:00,66.384,247.87082017543705
1995-08-21 05:21:00,187.11700000000002,243.3617347518138
1995-08-21 05:22:00,182.875,253.76388628380482
1995-08-21 05:23:00,30.706,251.26525288100495
1995-08-21 05:24:00,158.22,212.804225436943
1995-08-21 05:25:00,390.56600000000003,254.274703543214
1995-08-21 05:26:00,255.132,330.82843507579906
1995-08-21 05:27:00,369.057,324.7180924972239
1995-08-21 05:28:00,33.936,433.9510061006594
1995-08-21 05:29:00,306.343,367.3099825077869
1995-08-21 05:30:00,204.62900000000002,415.70302530419696
1995-08-21 05:31:00,429.02099999999996,303.2575931840765
1995-08-21 05:32:00,143.614,357.2535431045156
1995-08-21 05:33:00,167.512,341.9528397773503
1995-08-21 05:34:00,73.18,299.9233873687555
1995-08-21 05:35:00,549.6,267.0028446080879
1995-08-21 05:36:00,309.79,302.0245910976437
1995-08-21 05:37:00,60.429,343.771018150881
1995-08-21 05:38:00,349.697,261.13587436694115
1995-08-21 05:39:00,147.921,395.46506289657253
1995-08-21 05:40:00,246.091,332.3500626364221
1995-08-21 05:41:00,909.5010000000001,376.2666396411146
1995-08-21 05:42:00,741.6999999999999,448.37209704085404
1995-08-21 05:43:00,160.342,461.7282451254058
1995-08-21 05:44:00,670.918,394.4798698252442
1995-08-21 05:45:00,790.231,360.186208438352
1995-08-21 05:46:00,422.724,458.29370074744156
1995-08-21 05:47:00,104.208,523.0641486835507
1995-08-21 05:48:00,477.111,402.7427002586919
1995-08-21 05:49:00,291.311,435.04958388658383
1995-08-21 05:50:00,200.692,432.48902403818016
1995-08-21 05:51:00,378.882,461.7711063569821
1995-08-21 05:52:00,272.84,436.3465827534917
1995-08-21 05:53:00,57.803999999999995,357.948308582919
1995-08-21 05:54:00,338.81399999999996,317.0488714800367
1995-08-21 05:55:00,148.386,322.6883975330481
1995-08-21 05:56:00,372.399,339.71035143115853
1995-08-21 05:57:00,421.365,370.5391173318539
1995-08-21 05:58:00,362.776,355.81261169193783
1995-08-21 05:59:00,335.55100000000004,402.84843488392727
1995-08-21 06:00:00,220.676,400.97980084474403
1995-08-21 06:01:00,34.093,362.0581458989095
1995-08-21 06:02:00,300.367,303.187804705866
1995-08-21 06:03:00,46.982,302.60940403240016
1995-08-21 06:04:00,283.163,256.3906526760625
1995-08-21 06:05:00,370.43,338.6355314536572
1995-08-21 06:06:00,343.159,422.75917833454685
1995-08-21 06:07:00,376.954,423.9176526520439
1995-08-21 06:08:00,108.541,403.98445472186694
1995-08-21 06:09:00,146.864,364.7483134461538
1995-08-21 06:10:00,249.169,335.7572646217145
1995-08-21 06:11:00,121.661,387.6218279574201
1995-08-21 06:12:00,93.51599999999999,318.8987167203025
1995-08-21 06:13:00,160.53300000000002,278.3158802629801
1995-08-21 06:14:00,64.871,326.07553123862454
1995-08-21 06:15:00,240.716,293.56007357079216
1995-08-21 06:16:00,221.758,304.9845178101701
1995-08-21 06:17:00,353.803,310.65264952252795
1995-08-21 06:18:00,91.96,353.5394695364644
1995-08-21 06:19:00,18.38,276.90149872812174
1995-08-21 06:20:00,223.16299999999998,268.87136025479623
1995-08-21 06:21:00,169.50799999999998,319.2025644917448
1995-08-21 06:22:00,182.835,282.97705230945087
1995-08-21 06:23:00,304.377,288.7311112447482
1995-08-21 06:24:00,271.807,316.69651399370713
1995-08-21 06:25:00,342.231,345.5522419423348
1995-08-21 06:26:00,188.855,328.6897872598242
1995-08-21 06:27:00,369.345,348.07476617488527
1995-08-21 06:28:00,226.131,408.6453201655903
1995-08-21 06:29:00,197.861,399.20750571464134
1995-08-21 06:30:00,97.06,425.38060441402763
1995-08-21 06:31:00,356.706,319.8612196902437
1995-08-21 06:32:00,112.456,274.28603578194804
1995-08-21 06:33:00,65.848,295.6844536315038
1995-08-21 06:34:00,28.785,277.1090028172703
1995-08-21 06:35:00,249.067,234.6043156817608
1995-08-21 06:36:00,39.519999999999996,308.41146006167025
1995-08-21 06:37:00,19.752,252.1649876468146
1995-08-21 06:38:00,20.53,210.21955536514304
1995-08-21 06:39:00,113.17699999999999,199.491889308393
1995-08-21 06:40:00,229.261,263.51674284552263
1995-08-21 06:41:00,124.634,251.58726680505802
1995-08-21 06:42:00,24.169,218.0736490560142
1995-08-21 06:43:00,1170.5189999999998,208.61689680078302
1995-08-21 06:44:00,122.265,271.7722483574698
1995-08-21 06:45:00,256.371,274.7932806902135
1995-08-21 06:46:00,65.154,248.9810337411674
1995-08-21 06:47:00,154.008,280.18963265277716
1995-08-21 06:48:00,96.679,330.75142951442314
1995-08-21 06:49:00,197.264,292.4615564854074
1995-08-21 06:50:00,243.999,313.4724621230209
1995-08-21 06:51:00,400.365,300.04932300414106
1995-08-21 06:52:00,978.2230000000001,348.3826970787273
1995-08-21 06:53:00,225.605,394.0426992757416
1995-08-21 06:54:00,94.332,380.76993278217003
1995-08-21 06:55:00,252.53,331.582845260792
1995-08-21 06:56:00,227.21699999999998,403.9402610048046
1995-08-21 06:57:00,302.652,381.27744493175334
1995-08-21 06:58:00,796.6959999999999,417.3708104171821
1995-08-21 06:59:00,693.381,430.4988347528982
1995-08-21 07:00:00,264.669,489.66903690769607
1995-08-21 07:01:00,9.402000000000001,450.13018543799825
1995-08-21 07:02:00,79.482,323.4682569085403
1995-08-21 07:03:00,57.046,311.58170681812646
1995-08-21 07:04:00,183.418,288.0304582305453
1995-08-21 07:05:00,146.921,283.74290011618314
1995-08-21 07:06:00,695.26,271.79617599556127
1995-08-21 07:07:00,275.03499999999997,284.0751994750889
1995-08-21 07:08:00,231.291,334.1839880713879
1995-08-21 07:09:00,243.79899999999998,352.97692023082516
1995-08-21 07:10:00,1274.4250000000002,336.59279092720243
1995-08-21 07:11:00,367.093,400.20896428625787
1995-08-21 07:12:00,503.47599999999994,441.74204417881384
1995-08-21 07:13:00,306.283,407.1530632826269
1995-08-21 07:14:00,341.603,430.3725074233652
1995-08-21 07:15:00,1551.3509999999999,440.7781203684152
1995-08-21 07:16:00,95.514,465.90895258678916
1995-08-21 07:17:00,293.002,426.20947254456337
1995-08-21 07:18:00,74.348,458.7301735658933
1995-08-21 07:19:00,492.221,377.69104669479447
1995-08-21 07:20:00,460.352,429.2645015086298
1995-08-21 07:21:00,330.412,489.1424038101206
1995-08-21 07:22:00,1047.691,422.06659585780136
1995-08-21 07:23:00,394.151,414.8487289597443
1995-08-21 07:24:00,397.24399999999997,450.4363902085712
1995-08-21 07:25:00,433.371,477.4075098506068
1995-08-21 07:26:00,166.114,478.4648290487619
1995-08-21 07:27:00,400.604,430.53739305177766
1995-08-21 07:28:00,67.013,477.5335952729157
1995-08-21 07:29:00,641.428,360.3338113758988
1995-08-21 07:30:00,241.14600000000002,418.8577752060472
1995-08-21 07:31:00,35.010000000000005,417.9941372599374
1995-08-21 07:32:00,163.67,318.43908518930897
1995-08-21 07:33:00,35.778999999999996,389.7695080007728
1995-08-21 07:34:00,75.908,309.05583530549734
1995-08-21 07:35:00,284.103,267.69200556094654
1995-08-21 07:36:00,392.989,384.2492508611992
1995-08-21 07:37:00,1271.2549999999999,399.31470183985635
1995-08-21 07:38:00,216.38,410.441511800602
1995-08-21 07:39:00,237.091,413.4665693815445
1995-08-21 07:40:00,1519.135,461.9047673158839
1995-08-21 07:41:00,437.007,492.10381351048255
1995-08-21 07:42:00,702.949,538.230565932779
1995-08-21 07:43:00,747.6030000000001,621.2913203193858
1995-08-21 07:44:00,344.454,647.8370376291421
1995-08-21 07:45:00,760.1859999999999,536.8029911507381
1995-08-21 07:46:00,591.7900000000001,615.8585217733324
1995-08-21 07:47:00,590.953,655.0342675174794
1995-08-21 07:48:00,1462.486,628.0933646173338
1995-08-21 07:49:00,343.121,589.0961041414358
1995-08-21 07:50:00,552.782,650.156490632332
1995-08-21 07:51:00,245.451,639.0826000326954
1995-08-21 07:52:00,1120.184,538.2742789421173
1995-08-21 07:53:00,570.193,560.7609393229591
1995-08-21 07:54:00,442.036,657.6213937852863
1995-08-21 07:55:00,860.217,531.504339919282
1995-08-21 07:56:00,367.88,624.9979717161394
1995-08-21 07:57:00,232.86700000000002,561.3632673111601
1995-08-21 07:58:00,150.85999999999999,495.1100793589719
1995-08-21 07:59:00,388.147,485.45765608400046
1995-08-21 08:00:00,395.343,487.37325585862123
1995-08-21 08:01:00,269.989,493.36812525502353
1995-08-21 08:02:00,533.221,467.0622799642237
1995-08-21 08:03:00,680.3679999999999,592.2062209733939
1995-08-21 08:04:00,427.423,600.8370902301069
1995-08-21 08:05:00,599.8860000000001,557.4829362308226
1995-08-21 08:06:00,424.38,615.0734692711795
1995-08-21 08:07:00,846.3090000000001,602.4304630556529
1995-08-21 08:08:00,354.65999999999997,640.7691395556324
1995-08-21 08:09:00,201.411,596.5000155976929
1995-08-21 08:10:00,90.892,535.5019823452836
1995-08-21 08:11:00,553.547,447.65036519293704
1995-08-21 08:12:00,342.068,496.0382705882671
1995-08-21 08:13:00,144.638,551.4067139402556
1995-08-21 08:14:00,222.291,451.5802050423262
1995-08-21 08:15:00,360.03999999999996,435.10066660403015
1995-08-21 08:16:00,210.994,459.5644167067036
1995-08-21 08:17:00,114.862,522.0987286295039
1995-08-21 08:18:00,248.49599999999998,413.8010667889554
1995-08-21 08:19:00,589.545,519.9042689659589
1995-08-21 08:20:00,346.147,597.4092943848998
1995-08-21 08:21:00,606.968,538.5243991474625
1995-08-21 08:22:00,279.278,618.8823878729315
1995-08-21 08:23:00,180.323,604.9679071854719
1995-08-21 08:24:00,168.202,500.5724083487956
1995-08-21 08:25:00,795.512,498.02607376169885
1995-08-21 08:26:00,987.6809999999999,467.43970723429226
1995-08-21 08:27:00,738.803,511.7317263007033
1995-08-21 08:28:00,956.647,516.173939547158
1995-08-21 08:29:00,601.01,617.5866314537825
1995-08-21 08:30:00,521.133,610.7764762441348
1995-08-21 08:31:00,872.436,665.6275465989423
1995-08-21 08:32:00,247.682,643.2551809308495
1995-08-21 08:33:00,548.779,612.7465900150099
1995-08-21 08:34:00,404.525,571.4603082410845
1995-08-21 08:35:00,296.448,643.177489875934
1995-08-21 08:36:00,1572.837,545.5576801654543
1995-08-21 08:37:00,366.168,647.6067049613282
1995-08-21 08:38:00,305.729,598.9839441616083
1995-08-21 08:39:00,1597.207,627.430712247744
1995-08-21 08:40:00,1428.352,672.4953432999062
1995-08-21 08:41:00,2638.482,673.6782664980082
1995-08-21 08:42:00,3576.2,799.0720219003127
1995-08-21 08:43:00,314.106,848.3511073544236
1995-08-21 08:44:00,515.501,797.7637822465164
1995-08-21 08:45:00,92.899,798.7413036045491
1995-08-21 08:46:00,330.76800000000003,654.4816269418765
1995-08-21 08:47:00,112.378,593.3856485363789
1995-08-21 08:48:00,329.486,522.3918481409349
1995-08-21 08:49:00,532.449,569.3676481872743
1995-08-21 08:50:00,201.968,569.143352014932
1995-08-21 08:51:00,197.438,553.1599023671782
1995-08-21 08:52:00,629.497,534.8365939815728
1995-08-21 08:53:00,387.4,676.493710380896
1995-08-21 08:54:00,152.38,537.2420039747233
1995-08-21 08:55:00,100.86,515.3606614173052
1995-08-21 08:56:00,357.778,511.55890841568294
1995-08-21 08:57:00,522.683,514.6522602147124
1995-08-21 08:58:00,1191.025,543.9020172687234
1995-08-21 08:59:00,575.9309999999999,555.4430559592047
1995-08-21 09:00:00,231.042,547.4541973272981
1995-08-21 09:01:00,213.343,551.5446524707318
1995-08-21 09:02:00,159.94,547.1192125174399
1995-08-21 09:03:00,302.457,570.5231443109361
1995-08-21 09:04:00,677.216,532.3217271343954
1995-08-21 09:05:00,287.525,578.1596174589921
1995-08-21 09:06:00,805.539,599.2589375745466
1995-08-21 09:07:00,431.031,582.5527173414239
1995-08-21 09:08:00,640.4399999999999,579.495960084612
1995-08-21 09:09:00,163.624,576.1555267186144
1995-08-21 09:10:00,194.095,506.2733932910436
1995-08-21 09:11:00,232.53199999999998,438.1149338367242
1995-08-21 09:12:00,78.733,477.7160042982277
1995-08-21 09:13:00,1114.3229999999999,385.48607682891236
1995-08-21 09:14:00,568.117,482.5356112563709
1995-08-21 09:15:00,582.789,552.6443875436363
1995-08-21 09:16:00,1244.164,654.3671100052901
1995-08-21 09:17:00,168.964,687.2201735013401
1995-08-21 09:18:00,567.583,537.7692768549832
1995-08-21 09:19:00,318.975,608.8731083428526
1995-08-21 09:20:00,673.455,591.3710596038186
1995-08-21 09:21:00,492.921,587.9158717746676
1995-08-21 09:22:00,139.078,585.3125598165515
1995-08-21 09:23:00,135.444,456.4214247496523
1995-08-21 09:24:00,142.197,471.4198965329092
1995-08-21 09:25:00,389.64,416.3038632000541
1995-08-21 09:26:00,227.218,465.91046335882044
1995-08-21 09:27:00,741.388,425.79460732459347
1995-08-21 09:28:00,852.6129999999999,595.8913904407885
1995-08-21 09:29:00,145.27,706.4530001869775
1995-08-21 09:30:00,263.293,565.2055435276978
1995-08-21 09:31:00,245.917,579.198479697587
1995-08-21 09:32:00,912.526,559.47406028861
1995-08-21 09:33:00,1367.193,594.3262958273648
1995-08-21 09:34:00,908.771,656.2698774986026
1995-08-21 09:35:00,367.139,702.8842217060231
1995-08-21 09:36:00,916.8119999999999,653.4200056017924
1995-08-21 09:37:00,1398.231,679.3939757591462
1995-08-21 09:38:00,1629.343,740.4111453479823
1995-08-21 09:39:00,953.8810000000001,845.1875855982873
1995-08-21 09:40:00,620.6,894.535658229603
1995-08-21 09:41:00,1868.3139999999999,815.5520600998711
1995-08-21 09:42:00,1212.18,1038.1165470304968
1995-08-21 09:43:00,414.416,962.9916210186556
1995-08-21 09:44:00,317.118,884.6856728642622
1995-08-21 09:45:00,1216.759,705.1802485278571
1995-08-21 09:46:00,457.205,863.3723900112034
1995-08-21 09:47:00,244.486,709.3094608860418
1995-08-21 09:48:00,543.658,659.9866127298113
1995-08-21 09:49:00,979.616,698.364157333746
1995-08-21 09:50:00,559.179,845.386104717461
1995-08-21 09:51:00,272.822,813.8643702677972
1995-08-21 09:52:00,699.777,725.129597051677
1995-08-21 09:53:00,734.656,771.0905049579977
1995-08-21 09:54:00,691.585,806.9813275801264
1995-08-21 09:55:00,704.663,842.4152883677784
1995-08-21 09:56:00,616.277,859.1147383767935
1995-08-21 09:57:00,280.368,797.3976477087032
1995-08-21 09:58:00,1285.145,756.7201347556295
1995-08-21 09:59:00,959.139,911.8353059355264
1995-08-21 10:00:00,1263.701,851.1146993047245
1995-08-21 10:01:00,516.89,976.0159813004262
1995-08-21 10:02:00,920.587,854.8145242311374
1995-08-21 10:03:00,1470.379,925.5213451523575
1995-08-21 10:04:00,1759.989,979.2023726073533
1995-08-21 10:05:00,1617.651,1131.380453119108
1995-08-21 10:06:00,599.3,1217.2722705443402
1995-08-21 10:07:00,218.659,935.6264893589882
1995-08-21 10:08:00,247.45999999999998,982.3189797460906
1995-08-21 10:09:00,607.083,958.2872745947285
1995-08-21 10:10:00,869.541,834.0869112510177
1995-08-21 10:11:00,561.121,865.8051095943745
1995-08-21 10:12:00,109.699,846.890267384659
1995-08-21 10:13:00,691.544,665.3434348443135
1995-08-21 10:14:00,462.14799999999997,789.6114222549649
1995-08-21 10:15:00,183.379,708.7701750454523
1995-08-21 10:16:00,617.038,635.9528531543073
1995-08-21 10:17:00,703.1949999999999,736.1031173133463
1995-08-21 10:18:00,478.71099999999996,738.4891626198552
1995-08-21 10:19:00,567.448,700.0270910385025
1995-08-21 10:20:00,555.969,744.194005569565
1995-08-21 10:21:00,375.072,741.7002911175848
1995-08-21 10:22:00,363.517,697.3069292261396
1995-08-21 10:23:00,336.784,645.9535785252988
1995-08-21 10:24:00,538.9169999999999,648.0094527226116
1995-08-21 10:25:00,383.945,631.4533023665364
1995-08-21 10:26:00,1372.321,613.952997294584
1995-08-21 10:27:00,176.2,691.718779739564
1995-08-21 10:28:00,357.152,596.3047436417701
1995-08-21 10:29:00,904.09,625.0311348638489
1995-08-21 10:30:00,1290.833,725.7663366445236
1995-08-21 10:31:00,754.369,788.0082147432112
1995-08-21 10:32:00,1154.03,874.4627409436824
1995-08-21 10:33:00,2197.163,856.96184123437
1995-08-21 10:34:00,784.795,883.0828830095281
1995-08-21 10:35:00,543.696,866.7424169499286
1995-08-21 10:36:00,979.9999999999999,795.3746548922232
1995-08-21 10:37:00,517.61,904.680972568942
1995-08-21 10:38:00,581.793,797.4922612599959
1995-08-21 10:39:00,207.566,836.4763401289207
1995-08-21 10:40:00,197.128,616.1026120542612
1995-08-21 10:41:00,398.493,611.3107787512229
1995-08-21 10:42:00,653.0169999999999,678.2735644356264
1995-08-21 10:43:00,920.662,673.5594639640698
1995-08-21 10:44:00,1898.662,851.5404208473102
1995-08-21 10:45:00,242.6,921.2265618169724
1995-08-21 10:46:00,399.61199999999997,818.5368912811628
1995-08-21 10:47:00,230.871,783.6380764522781
1995-08-21 10:48:00,307.099,694.5757510505903
1995-08-21 10:49:00,668.576,849.6358965030795
1995-08-21 10:50:00,344.389,795.3868930807721
1995-08-21 10:51:00,681.2460000000001,731.5606335222826
1995-08-21 10:52:00,298.615,759.0444296397487
1995-08-21 10:53:00,4615.651,730.2529803263973
1995-08-21 10:54:00,936.028,1065.3026903031976
1995-08-21 10:55:00,352.683,1026.319983494567
1995-08-21 10:56:00,159.63,834.697595894383
1995-08-21 10:57:00,378.948,779.434122159817
1995-08-21 10:58:00,206.572,745.9105262625748
1995-08-21 10:59:00,315.29,675.4110699736827
1995-08-21 11:00:00,566.941,594.5138271438682
1995-08-21 11:01:00,565.203,695.7706610642842
1995-08-21 11:02:00,143.421,692.8313887205586
1995-08-21 11:03:00,421.903,563.03029180081
1995-08-21 11:04:00,570.058,626.892828223628
1995-08-21 11:05:00,604.62,702.5552496097205
1995-08-21 11:06:00,1402.777,721.0655193623998
1995-08-21 11:07:00,413.73,855.5050171100961
1995-08-21 11:08:00,2068.955,743.7439286835215
1995-08-21 11:09:00,247.703,1028.220359691329
1995-08-21 11:10:00,1402.982,742.3506039258529
1995-08-21 11:11:00,1288.543,934.4993492755274
1995-08-21 11:12:00,1186.572,926.6372765095705
1995-08-21 11:13:00,738.346,1080.5876307815981
1995-08-21 11:14:00,651.2090000000001,1003.4775459922001
1995-08-21 11:15:00,1112.845,864.5826903305046
1995-08-21 11:16:00,785.51,1075.294537391551
1995-08-21 11:17:00,660.4350000000001,980.6956283336979
1995-08-21 11:18:00,1616.797,1012.4801286804603
1995-08-21 11:19:00,397.267,1093.5034955818494
1995-08-21 11:20:00,236.633,862.2080632754274
1995-08-21 11:21:00,611.857,840.8070432224791
1995-08-21 11:22:00,399.148,824.4028376204848
1995-08-21 11:23:00,522.379,722.3149613999325
1995-08-21 11:24:00,576.572,716.5352655786505
1995-08-21 11:25:00,294.505,715.6242909565586
1995-08-21 11:26:00,798.803,664.8778755216798
1995-08-21 11:27:00,378.522,801.0509849903852
1995-08-21 11:28:00,465.612,709.8880983895759
1995-08-21 11:29:00,1968.1169999999997,756.3554043658386
1995-08-21 11:30:00,1038.7079999999999,958.6024325877356
1995-08-21 11:31:00,1069.176,974.2222538571442
1995-08-21 11:32:00,676.49,1052.594964899457
1995-08-21 11:33:00,706.16,963.5659651668951
1995-08-21 11:34:00,877.736,854.9082919150424
1995-08-21 11:35:00,666.0609999999999,942.5462760011684
1995-08-21 11:36:00,776.957,878.4849370326941
1995-08-21 11:37:00,1145.117,956.8119819085086
1995-08-21 11:38:00,836.982,1061.4824355907417
1995-08-21 11:39:00,1086.685,1056.1813094722822
1995-08-21 11:40:00,592.789,1029.730421398809
1995-08-21 11:41:00,2496.379,958.5549559519219
1995-08-21 11:42:00,1466.6550000000002,991.4558582097966
1995-08-21 11:43:00,705.7860000000001,1046.6002205192303
1995-08-21 11:44:00,565.605,1067.125893407818
1995-08-21 11:45:00,763.068,1056.396127561144
1995-08-21 11:46:00,761.552,931.7510524052983
1995-08-21 11:47:00,511.521,959.2387379305085
1995-08-21 11:48:00,1427.867,1001.5664798792466
1995-08-21 11:49:00,577.4879999999999,857.6456095031668
1995-08-21 11:50:00,1508.028,864.0204223002509
1995-08-21 11:51:00,1515.52,969.8200068860325
1995-08-21 11:52:00,482.44599999999997,1110.1236889588847
1995-08-21 11:53:00,477.449,1031.590150667804
1995-08-21 11:54:00,1086.526,1035.764494909653
1995-08-21 11:55:00,491.60699999999997,1100.8647758774657
1995-08-21 11:56:00,1945.745,944.4236306490486
1995-08-21 11:57:00,1632.134,1211.7569464314272
1995-08-21 11:58:00,1727.1109999999999,1232.472074496823
1995-08-21 11:59:00,1206.124,1264.545825192722
1995-08-21 12:00:00,2155.106,1303.2026517484735
1995-08-21 12:01:00,1097.401,1323.479555301492
1995-08-21 12:02:00,943.062,1348.0743873116912
1995-08-21 12:03:00,1501.134,1319.2426176373492
1995-08-21 12:04:00,1532.565,1379.2176569424323
1995-08-21 12:05:00,1451.884,1238.3555119284295
1995-08-21 12:06:00,577.427,1273.7673757701043
1995-08-21 12:07:00,1166.71,1082.2242935512313
1995-08-21 12:08:00,491.961,1195.5862881685944
1995-08-21 12:09:00,1226.028,1013.3391248251598
1995-08-21 12:10:00,1428.75,1112.0502457622458
1995-08-21 12:11:00,740.116,1242.645966760721
1995-08-21 12:12:00,1202.702,1154.1149357473664
1995-08-21 12:13:00,431.143,1266.2035205137374
1995-08-21 12:14:00,895.151,1018.5567240758525
1995-08-21 12:15:00,744.119,1005.6256970288648
1995-08-21 12:16:00,663.569,1076.8975734660003
1995-08-21 12:17:00,672.3,1028.273396168036
1995-08-21 12:18:00,1009.869,984.3526078471577
1995-08-21 12:19:00,703.351,1185.4986596514755
1995-08-21 12:20:00,1008.0409999999999,1032.9868151314156
1995-08-21 12:21:00,1251.683,1139.8103500656248
1995-08-21 12:22:00,1462.79,1035.5313237545681
1995-08-21 12:23:00,2023.311,1258.7732695753868
1995-08-21 12:24:00,2082.233,1284.8394494598622
1995-08-21 12:25:00,3700.114,1461.0331110042457
1995-08-21 12:26:00,2533.212,1570.1843370067943
1995-08-21 12:27:00,738.925,1613.314246717209
1995-08-21 12:28:00,1448.956,1394.4209199173042
1995-08-21 12:29:00,896.84,1401.7289726139932
1995-08-21 12:30:00,1443.4569999999999,1299.1772203026821
1995-08-21 12:31:00,2007.779,1432.2208220336158
1995-08-21 12:32:00,1972.5819999999999,1466.1947019745853
1995-08-21 12:33:00,2028.536,1482.8766126863397
1995-08-21 12:34:00,1638.604,1520.132889501954
1995-08-21 12:35:00,1584.906,1568.652834135115
1995-08-21 12:36:00,1790.2630000000001,1602.0858292343833
1995-08-21 12:37:00,917.821,1537.8328049347149
1995-08-21 12:38:00,1324.666,1420.1750258542904
1995-08-21 12:39:00,1229.259,1418.9798150173385
1995-08-21 12:40:00,496.536,1447.7872319044848
1995-08-21 12:41:00,480.209,1288.1381735945413
1995-08-21 12:42:00,950.829,1236.0990020935244
1995-08-21 12:43:00,646.638,1133.4646675623426
1995-08-21 12:44:00,2760.6510000000003,1228.431194714905
1995-08-21 12:45:00,1318.299,1379.0161436331753
1995-08-21 12:46:00,687.564,1343.5767062626664
1995-08-21 12:47:00,1539.961,1302.588137616779
1995-08-21 12:48:00,1277.248,1359.6251864155972
1995-08-21 12:49:00,1553.213,1438.3399219493488
1995-08-21 12:50:00,603.128,1547.3004376832287
1995-08-21 12:51:00,1643.151,1326.7439920958172
1995-08-21 12:52:00,1047.791,1496.4513095917073
1995-08-21 12:53:00,1236.619,1447.5806576218527
1995-08-21 12:54:00,2377.169,1422.235522630073
1995-08-21 12:55:00,1027.002,1482.481232435413
1995-08-21 12:56:00,1240.002,1562.5674820410031
1995-08-21 12:57:00,910.498,1555.5390217193565
1995-08-21 12:58:00,2363.033,1428.696505170241
1995-08-21 12:59:00,2097.7290000000003,1597.3245026867874
1995-08-21 13:00:00,1265.582,1502.360083652538
1995-08-21 13:01:00,2419.313,1566.5323108594978
1995-08-21 13:02:00,1891.663,1600.7436695533445
1995-08-21 13:03:00,1224.19,1531.722732201779
1995-08-21 13:04:00,2079.132,1503.8084974024007
1995-08-21 13:05:00,1495.5200000000002,1460.1503531448336
1995-08-21 13:06:00,1516.137,1485.705078114544
1995-08-21 13:07:00,1065.727,1515.9280381722922
1995-08-21 13:08:00,886.234,1495.8688744713031
1995-08-21 13:09:00,1235.886,1444.4845219406177
1995-08-21 13:10:00,2525.281,1450.9109746397817
1995-08-21 13:11:00,575.271,1530.4865282085743
1995-08-21 13:12:00,1715.6689999999999,1424.3318579676643
1995-08-21 13:13:00,539.8629999999999,1429.2002580813933
1995-08-21 13:14:00,390.77299999999997,1328.832429297886
1995-08-21 13:15:00,1630.889,1211.6948646324997
1995-08-21 13:16:00,1162.225,1279.1056551663678
1995-08-21 13:17:00,2060.091,1261.035078363147
1995-08-21 13:18:00,1673.273,1528.1498962865046
1995-08-21 13:19:00,1372.624,1549.8645428053462
1995-08-21 13:20:00,1390.979,1436.8790789759507
1995-08-21 13:21:00,591.644,1515.9716587752387
1995-08-21 13:22:00,1174.066,1332.5108423178303
1995-08-21 13:23:00,918.259,1329.5718754791806
1995-08-21 13:24:00,2584.631,1220.8005989934695
1995-08-21 13:25:00,713.985,1561.4849978113477
1995-08-21 13:26:00,2048.054,1304.104711956219
1995-08-21 13:27:00,620.742,1431.9034910216033
1995-08-21 13:28:00,950.226,1263.5607619577215
1995-08-21 13:29:00,597.63,1308.7365658066917
1995-08-21 13:30:00,1128.167,1238.3548178399305
1995-08-21 13:31:00,1166.965,1188.3395324875223
1995-08-21 13:32:00,1741.533,1279.4947259495368
1995-08-21 13:33:00,676.776,1224.4454376833996
1995-08-21 13:34:00,851.151,1150.4001280355956
1995-08-21 13:35:00,1451.331,1141.693836199055
1995-08-21 13:36:00,1280.384,1156.8085430647964
1995-08-21 13:37:00,737.99,1318.7459112169631
1995-08-21 13:38:00,1784.6629999999998,1213.0591847748376
1995-08-21 13:39:00,1022.351,1450.757209988238
1995-08-21 13:40:00,624.043,1335.264460208204
1995-08-21 13:41:00,398.18199999999996,1200.048425355414
1995-08-21 13:42:00,1828.312,1060.6020445025483
1995-08-21 13:43:00,488.21500000000003,1103.0039363938338
1995-08-21 13:44:00,1720.7640000000001,940.6101045749925
1995-08-21 13:45:00,1157.939,1003.4823553430416
1995-08-21 13:46:00,814.361,993.3611612593689
1995-08-21 13:47:00,1988.459,1127.8856051713763
1995-08-21 13:48:00,630.636,1355.3201336887369
1995-08-21 13:49:00,1323.7759999999998,1028.4559465825307
1995-08-21 13:50:00,787.44,1072.793387219256
1995-08-21 13:51:00,548.634,1067.5806952721218
1995-08-21 13:52:00,466.471,1055.1589912947072
1995-08-21 13:53:00,491.058,876.9756738746897
1995-08-21 13:54:00,423.21,784.9247917983574
1995-08-21 13:55:00,0.0,629.249273505694
1995-08-21 14:06:00,402.677,659.2881849863513
1995-08-21 14:07:00,990.192,710.8545212718996
1995-08-21 14:08:00,1362.165,786.7577912961509
1995-08-21 14:09:00,736.28,809.3953162226757
1995-08-21 14:10:00,258.015,760.9474229840625
1995-08-21 14:16:00,216.733,613.4673311398277
1995-08-21 14:17:00,1465.314,620.0364732957757
1995-08-21 14:18:00,1846.05,715.5795073272059
1995-08-21 14:19:00,1519.5220000000002,887.7992510137499
1995-08-21 14:20:00,3853.499,1000.00220751398
1995-08-21 14:21:00,280.675,1144.4526896210207
1995-08-21 14:22:00,681.672,855.7480797834378
1995-08-21 14:23:00,1565.278,999.7018100964293
1995-08-21 14:24:00,253.483,1012.2559177559401
1995-08-21 14:25:00,375.281,787.844532673896
1995-08-21 14:26:00,699.5709999999999,775.1178180361823
1995-08-21 14:27:00,1780.9540000000002,748.9934576686536
1995-08-21 14:28:00,470.397,958.7400765598645
1995-08-21 14:29:00,623.573,804.0327274689585
1995-08-21 14:30:00,735.096,916.3623143054464
1995-08-21 14:31:00,2134.463,936.6702710693038
1995-08-21 14:32:00,869.124,1139.4424379475001
1995-08-21 14:33:00,926.272,1125.3689429339706
1995-08-21 14:34:00,266.564,1197.693487515041
1995-08-21 14:35:00,883.5740000000001,1016.712022995072
1995-08-21 14:36:00,1074.644,1003.9017780768644
1995-08-21 14:37:00,1136.6680000000001,1002.054910855611
1995-08-21 14:38:00,560.008,959.7550407963225
1995-08-21 14:39:00,2460.82,911.797688599888
1995-08-21 14:40:00,1179.842,1200.6260012561008
1995-08-21 14:41:00,802.89,1049.4254895196034
1995-08-21 14:42:00,2978.602,1070.0978946815783
1995-08-21 14:43:00,798.385,1320.9851615860755
1995-08-21 14:44:00,957.525,1084.4822566175878
1995-08-21 14:45:00,1086.684,1168.0669318043326
1995-08-21 14:46:00,773.277,1214.8737560011552
1995-08-21 14:47:00,368.093,1082.7026124921872
1995-08-21 14:48:00,940.5039999999999,949.9363551851363
1995-08-21 14:49:00,1940.425,895.3336289624315
1995-08-21 14:50:00,459.375,1292.0415913020638
1995-08-21 14:51:00,799.991,922.1045512387385
1995-08-21 14:52:00,569.678,1073.7328242099175
1995-08-21 14:53:00,898.725,883.2198840003385
1995-08-21 14:54:00,587.461,953.0698937532776
1995-08-21 14:55:00,815.5500000000001,892.6558863285402
1995-08-21 14:56:00,916.899,940.8885632711045
1995-08-21 14:57:00,823.393,1043.6203124565566
1995-08-21 14:58:00,892.206,1110.877516860355
1995-08-21 14:59:00,790.091,1150.6835235823955
1995-08-21 15:00:00,1182.589,985.5478127108869
1995-08-21 15:01:00,365.149,1062.0904840616427
1995-08-21 15:02:00,1394.3110000000001,838.8919350112445
1995-08-21 15:03:00,477.666,881.6595867597713
1995-08-21 15:04:00,1502.4569999999999,830.1715926983687
1995-08-21 15:05:00,316.16499999999996,988.2455669308282
1995-08-21 15:06:00,457.072,871.2686113381933
1995-08-21 15:07:00,389.75600000000003,1005.0891316655456
1995-08-21 15:08:00,537.952,817.4573241583797
1995-08-21 15:09:00,566.0550000000001,846.6148173848709
1995-08-21 15:10:00,435.601,693.359728574712
1995-08-21 15:11:00,1810.531,757.7820422242064
1995-08-21 15:12:00,749.897,908.400582252037
1995-08-21 15:13:00,899.681,887.2552907833415
1995-08-21 15:14:00,483.649,982.1365984029411
1995-08-21 15:15:00,952.682,965.4545947436425
1995-08-21 15:16:00,1159.684,1070.4034867281944
1995-08-21 15:17:00,977.6759999999999,1090.8589174890656
1995-08-21 15:18:00,1586.53,1052.5167640818206
1995-08-21 15:19:00,2390.1,882.3125989771462
1995-08-21 15:20:00,651.249,988.7338671271937
1995-08-21 15:21:00,535.232,1001.342803553993
1995-08-21 15:22:00,389.091,933.6277631288611
1995-08-21 15:23:00,585.969,964.7890552041481
1995-08-21 15:24:00,349.121,964.9832394420889
1995-08-21 15:25:00,574.246,930.1799938928054
1995-08-21 15:26:00,860.584,875.5631107230236
1995-08-21 15:27:00,514.191,916.3974357852856
1995-08-21 15:28:00,479.451,858.0739418405332
1995-08-21 15:29:00,589.65,871.167720419689
1995-08-21 15:30:00,741.235,827.6310256860015
1995-08-21 15:31:00,784.872,951.1699358601762
1995-08-21 15:32:00,692.282,895.8943157829427
1995-08-21 15:33:00,753.734,920.9027808672685
1995-08-21 15:34:00,2407.763,926.6409849657823
1995-08-21 15:35:00,305.839,1106.6956356869798
1995-08-21 15:36:00,541.816,961.0828882005862
1995-08-21 15:37:00,1350.2269999999999,988.5268309447671
1995-08-21 15:38:00,1099.078,1090.967427075592
1995-08-21 15:39:00,630.158,1158.7091396046383
1995-08-21 15:40:00,1169.263,1120.141150594441
1995-08-21 15:41:00,1035.026,1175.5582910872881
1995-08-21 15:42:00,2654.468,1142.129499111141
1995-08-21 15:43:00,3696.875,1314.3631212707464
1995-08-21 15:44:00,2171.603,1479.4978983429478
1995-08-21 15:45:00,2138.6059999999998,1485.7266315869863
1995-08-21 15:46:00,1064.533,1570.3539038009524
1995-08-21 15:47:00,1678.386,1511.0291341937216
1995-08-21 15:48:00,800.318,1352.4166386874647
1995-08-21 15:49:00,2256.245,1354.143696182513
1995-08-21 15:50:00,765.592,1486.7258054892557
1995-08-21 15:51:00,1008.418,1260.418645450596
1995-08-21 15:52:00,339.20300000000003,1315.0805963548953
1995-08-21 15:53:00,722.509,1125.9109811228714
1995-08-21 15:54:00,806.653,1170.010215685716
1995-08-21 15:55:00,829.9979999999999,1119.4415959823457
1995-08-21 15:56:00,546.625,1068.580789074832
1995-08-21 15:57:00,637.198,1003.6584972925399
1995-08-21 15:58:00,2516.745,929.386751097262
1995-08-21 15:59:00,299.274,1151.269828503103
1995-08-21 16:00:00,855.066,852.0873894065418
1995-08-21 16:01:00,893.764,1152.7569492343591
1995-08-21 16:02:00,1545.632,1073.9951439321376
1995-08-21 16:03:00,779.337,1037.9548480581188
1995-08-21 16:04:00,383.914,991.0144801500354
1995-08-21 16:05:00,205.54000000000002,805.3890989014116
1995-08-21 16:06:00,670.575,826.1443511820879
1995-08-21 16:07:00,667.725,1005.5494375200487
1995-08-21 16:08:00,460.188,863.9095654000344
1995-08-21 16:09:00,675.912,856.2254719301342
1995-08-21 16:10:00,660.066,886.4715137831952
1995-08-21 16:11:00,424.058,876.901151127529
1995-08-21 16:12:00,415.75,992.2068174290484
1995-08-21 16:13:00,783.146,1086.5401078085868
1995-08-21 16:14:00,1329.3319999999999,955.3776829903132
1995-08-21 16:15:00,545.768,1177.096974026071
1995-08-21 16:16:00,1593.789,905.2890548318094
1995-08-21 16:17:00,707.954,1053.0287806024842
1995-08-21 16:18:00,709.292,1054.6025547920065
1995-08-21 16:19:00,1097.833,1033.5709287600591
1995-08-21 16:20:00,1180.752,1016.5568025389348
1995-08-21 16:21:00,888.381,1073.0731861999852
1995-08-21 16:22:00,845.684,1145.6813708882428
1995-08-21 16:23:00,1578.79,1061.3741797446996
1995-08-21 16:24:00,678.894,1104.5753303161102
1995-08-21 16:25:00,561.515,1058.572252046647
1995-08-21 16:26:00,960.986,1050.4981892716671
1995-08-21 16:27:00,1194.762,1033.0033897554508
1995-08-21 16:28:00,672.59,1117.4434897875278
1995-08-21 16:29:00,841.545,1051.4411288898013
1995-08-21 16:30:00,3199.667,1049.9951572315078
1995-08-21 16:31:00,627.36,1320.2870640968654
1995-08-21 16:32:00,325.313,1156.441919017408
1995-08-21 16:33:00,863.6899999999999,1072.5375372020087
1995-08-21 16:34:00,2275.411,1019.6654588647039
1995-08-21 16:35:00,802.777,1073.5727584293252
1995-08-21 16:36:00,814.307,1113.9044289374667
1995-08-21 16:37:00,563.889,1078.690884046208
1995-08-21 16:38:00,1663.919,1025.9487352866652
1995-08-21 16:39:00,2069.755,1191.3524314228848
1995-08-21 16:40:00,1086.549,1374.226750587199
1995-08-21 16:41:00,815.371,1314.3780809957677
1995-08-21 16:42:00,1192.658,1088.3306763595263
1995-08-21 16:43:00,1725.5990000000002,1254.0882912575307
1995-08-21 16:44:00,1588.2610000000002,1171.0083315142458
1995-08-21 16:45:00,418.13599999999997,1225.7473650118025
1995-08-21 16:46:00,2163.697,1017.4813597770031
1995-08-21 16:47:00,1261.537,1221.463236044177
1995-08-21 16:48:00,700.203,1251.6960614248953
1995-08-21 16:49:00,1365.435,1211.3855789555803
1995-08-21 16:50:00,1103.927,1313.0057045052927
1995-08-21 16:51:00,347.248,1211.7276743063271
1995-08-21 16:52:00,460.884,1089.8347232484432
1995-08-21 16:53:00,3940.3849999999998,936.9709116225862
1995-08-21 16:54:00,1119.374,1399.898229113164
1995-08-21 16:55:00,847.718,1238.3377209904452
1995-08-21 16:56:00,1490.428,1284.0976075884253
1995-08-21 16:57:00,1197.8709999999999,1193.8060110456647
1995-08-21 16:58:00,903.76,1273.4550528760021
1995-08-21 16:59:00,538.125,1080.5202524402032
1995-08-21 17:00:00,885.264,1068.5537011826482
1995-08-21 17:01:00,586.729,993.3144857997839
1995-08-21 17:02:00,499.34900000000005,959.6976168743129
1995-08-21 17:03:00,343.523,909.064315399895
1995-08-21 17:04:00,874.894,915.0831308208484
1995-08-21 17:05:00,427.369,1014.1910151256517
1995-08-21 17:06:00,1045.509,891.5934688612651
1995-08-21 17:07:00,1010.93,1044.4319721173601
1995-08-21 17:08:00,828.693,974.2438460014189
1995-08-21 17:09:00,1624.9979999999998,1022.2130089595438
1995-08-21 17:10:00,997.868,1024.3928190959712
1995-08-21 17:11:00,531.091,1010.0895728399717
1995-08-21 17:12:00,697.162,1129.8285822386379
1995-08-21 17:13:00,810.295,1114.9765948017605
1995-08-21 17:14:00,879.794,984.5793833621383
1995-08-21 17:15:00,601.039,1028.167761682791
1995-08-21 17:16:00,1505.6109999999999,920.3694953842577
1995-08-21 17:17:00,765.655,1080.2801629121411
1995-08-21 17:18:00,872.665,870.115954117444
1995-08-21 17:19:00,342.715,909.0574317080988
1995-08-21 17:20:00,464.875,893.4600788368235
1995-08-21 17:21:00,1331.069,889.2366096433312
1995-08-21 17:22:00,935.025,1053.6565439652354
1995-08-21 17:23:00,1415.501,895.5616169896434
1995-08-21 17:24:00,700.602,948.4949028911507
1995-08-21 17:25:00,591.389,980.0707851995645
1995-08-21 17:26:00,459.72499999999997,916.491426577001
1995-08-21 17:27:00,1040.674,810.3536887096179
1995-08-21 17:28:00,277.079,889.8597869329881
1995-08-21 17:29:00,501.054,720.666648404962
1995-08-21 17:30:00,440.881,707.8275226942712
1995-08-21 17:31:00,1630.586,672.5995231633545
1995-08-21 17:32:00,1511.826,783.2288599227041
1995-08-21 17:33:00,776.89,898.2785534376201
1995-08-21 17:34:00,734.516,935.6470168282424
1995-08-21 17:35:00,522.3159999999999,957.1347117980922
1995-08-21 17:36:00,747.015,827.553937357217
1995-08-21 17:37:00,2255.2670000000003,910.656862438766
1995-08-21 17:38:00,680.882,1038.201371078922
1995-08-21 17:39:00,708.63,994.2173349196614
1995-08-21 17:40:00,771.318,952.6120454448672
1995-08-21 17:41:00,579.783,866.4584491086548
1995-08-21 17:42:00,2086.721,848.3915634382404
1995-08-21 17:43:00,326.514,1093.016916443462
1995-08-21 17:44:00,901.399,769.9516932831764
1995-08-21 17:45:00,1520.6390000000001,1049.2110807170684
1995-08-21 17:46:00,636.844,976.4093791349853
1995-08-21 17:47:00,2250.582,957.6516336452462
1995-08-21 17:48:00,1628.875,1151.1918752370761
1995-08-21 17:49:00,795.187,1140.125882641781
1995-08-21 17:50:00,1762.664,980.539789795446
1995-08-21 17:51:00,1170.898,1158.5713856378993
1995-08-21 17:52:00,737.7470000000001,987.1227689150201
1995-08-21 17:53:00,2167.858,1146.47221511446
1995-08-21 17:54:00,781.13,1177.150134234116
1995-08-21 17:55:00,1431.766,1095.8827611405093
1995-08-21 17:56:00,739.9159999999999,1070.6189581545282
1995-08-21 17:57:00,970.23,1124.1790338574167
1995-08-21 17:58:00,1178.636,1267.2032983311608
1995-08-21 17:59:00,1444.249,1216.0963985884434
1995-08-21 18:00:00,2040.272,1122.1692461308091
1995-08-21 18:01:00,681.4,1290.1089961108016
1995-08-21 18:02:00,1038.843,1156.8376866490216
1995-08-21 18:03:00,825.536,1112.1585106674534
1995-08-21 18:04:00,1072.194,1082.5396843128954
1995-08-21 18:05:00,624.466,1155.8191756010874
1995-08-21 18:06:00,821.374,1117.0102977613933
1995-08-21 18:07:00,996.764,986.2022615717441
1995-08-21 18:08:00,726.75,1009.6457570760119
1995-08-21 18:09:00,847.61,953.2897226860489
1995-08-21 18:10:00,1393.1380000000001,1038.6436226606686
1995-08-21 18:11:00,407.986,1025.5064888987645
1995-08-21 18:12:00,777.513,868.985160990721
1995-08-21 18:13:00,867.715,978.5850336212978
1995-08-21 18:14:00,267.909,951.4130981642531
1995-08-21 18:15:00,1036.435,788.1841513371287
1995-08-21 18:16:00,1187.6889999999999,914.9598368241367
1995-08-21 18:17:00,723.1,911.1628716219766
1995-08-21 18:18:00,1126.249,939.4492963816526
1995-08-21 18:19:00,857.149,976.8257055000793
1995-08-21 18:20:00,1609.8829999999998,927.6776494864401
1995-08-21 18:21:00,1210.921,1119.4345634568492
1995-08-21 18:22:00,2511.697,1077.2228624665868
1995-08-21 18:23:00,1733.849,1149.2762722611378
1995-08-21 18:24:00,143.977,1295.062895536197
1995-08-21 18:25:00,1737.5130000000001,998.7563217098171
1995-08-21 18:26:00,1283.954,1092.1428477387026
1995-08-21 18:27:00,409.603,1038.4853771842231
1995-08-21 18:28:00,435.777,982.0207470756804
1995-08-21 18:29:00,765.279,882.4461098850701
1995-08-21 18:30:00,519.945,917.5864412351558
1995-08-21 18:31:00,1292.638,992.1805505658265
1995-08-21 18:32:00,1645.877,959.0946818065709
1995-08-21 18:33:00,906.516,1006.0903096950642
1995-08-21 18:34:00,1060.0739999999998,960.728605473996
1995-08-21 18:35:00,1363.639,951.1473321670758
1995-08-21 18:36:00,2798.8810000000003,997.338826071401
1995-08-21 18:37:00,764.151,1392.4816920025892
1995-08-21 18:38:00,675.783,1173.4530410820228
1995-08-21 18:39:00,2008.641,1103.3387641454822
1995-08-21 18:40:00,650.958,1352.485671646314
1995-08-21 18:41:00,769.794,1035.328997816273
1995-08-21 18:42:00,1260.69,1078.0860152730756
1995-08-21 18:43:00,465.131,1092.458150188154
1995-08-21 18:44:00,691.217,949.930059069029
1995-08-21 18:45:00,474.442,955.6727342552756
1995-08-21 18:46:00,805.553,926.2312447093249
1995-08-21 18:47:00,614.106,899.7250273478139
1995-08-21 18:48:00,574.609,927.2550672298111
1995-08-21 18:49:00,889.754,865.2238770684401
1995-08-21 18:50:00,713.795,908.0034661457518
1995-08-21 18:51:00,915.4649999999999,873.9813412547311
1995-08-21 18:52:00,206.573,876.5304050687413
1995-08-21 18:53:00,482.428,711.8503131057237
1995-08-21 18:54:00,630.371,615.2989883329395
1995-08-21 18:55:00,470.931,695.9716064280366
1995-08-21 18:56:00,351.343,673.7133024185233
1995-08-21 18:57:00,326.829,637.1403156155965
1995-08-21 18:58:00,240.575,554.8817914308592
1995-08-21 18:59:00,912.584,571.4985302554919
1995-08-21 19:00:00,430.767,617.8196688164
1995-08-21 19:01:00,741.025,669.6883536092207
1995-08-21 19:02:00,1018.885,693.0108618995524
1995-08-21 19:03:00,1891.183,680.5343492765318
1995-08-21 19:04:00,80.216,730.9689775692295
1995-08-21 19:05:00,185.912,642.2089366330778
1995-08-21 19:06:00,214.08100000000002,563.8794341051475
1995-08-21 19:07:00,257.427,536.8213112279685
1995-08-21 19:08:00,630.0540000000001,542.2457868938617
1995-08-21 19:09:00,504.257,591.8460911839768
1995-08-21 19:10:00,171.049,591.7427554546446
1995-08-21 19:11:00,742.767,515.1730021965698
1995-08-21 19:12:00,458.227,539.2036140393925
1995-08-21 19:13:00,752.635,542.00951298311
1995-08-21 19:14:00,241.23999999999998,588.849826124412
1995-08-21 19:15:00,529.198,547.1999531260204
1995-08-21 19:16:00,279.966,591.4609634222217
1995-08-21 19:17:00,91.463,503.99351151009535
1995-08-21 19:18:00,181.437,395.88732666243766
1995-08-21 19:19:00,2255.9010000000003,454.4854840620195
1995-08-21 19:20:00,329.155,587.9451186843143
1995-08-21 19:21:00,1014.162,591.4574436249831
1995-08-21 19:22:00,922.754,578.0140305605294
1995-08-21 19:23:00,277.998,701.1307029112769
1995-08-21 19:24:00,236.534,664.1845947481298
1995-08-21 19:25:00,489.715,582.3781973389067
1995-08-21 19:26:00,611.672,609.6049949909317
1995-08-21 19:27:00,427.544,710.0068923769081
1995-08-21 19:28:00,1183.456,619.7013921921605
1995-08-21 19:29:00,834.2660000000001,684.297033738098
1995-08-21 19:30:00,1381.258,718.8028292090761
1995-08-21 19:31:00,695.572,781.7990522777791
1995-08-21 19:32:00,360.387,740.5566891790345
1995-08-21 19:33:00,75.378,635.7647907542402
1995-08-21 19:34:00,173.174,578.4140319625983
1995-08-21 19:35:00,164.622,524.3572093933465
1995-08-21 19:36:00,221.764,524.7099642615327
1995-08-21 19:37:00,110.256,519.3135193907839
1995-08-21 19:38:00,183.407,417.50897536047603
1995-08-21 19:39:00,61.195,471.8646333183808
1995-08-21 19:40:00,100.697,387.2850316060575
1995-08-21 19:41:00,430.006,358.4323068958359
1995-08-21 19:42:00,704.189,486.16690147811363
1995-08-21 19:43:00,918.962,418.30758659079004
1995-08-21 19:44:00,627.776,564.2389564540428
1995-08-21 19:45:00,392.59700000000004,524.7195804441847
1995-08-21 19:46:00,543.321,532.0464929971862
1995-08-21 19:47:00,142.994,527.6918465589184
1995-08-21 19:48:00,440.479,529.0957046958471
1995-08-21 19:49:00,361.801,587.2972918229742
1995-08-21 19:50:00,526.639,611.1988892641898
1995-08-21 19:51:00,327.837,601.763717073951
1995-08-21 19:52:00,1762.2830000000001,556.9020848360984
1995-08-21 19:53:00,579.336,612.274645856761
1995-08-21 19:54:00,264.835,648.9612804620444
1995-08-21 19:55:00,370.585,564.6686832965387
1995-08-21 19:56:00,2403.902,582.872446890898
1995-08-21 19:57:00,628.024,649.293707411717
1995-08-21 19:58:00,1440.712,666.6159365617383
1995-08-21 19:59:00,420.839,703.3886286663462
1995-08-21 20:00:00,334.374,665.0748111525086
1995-08-21 20:01:00,367.30899999999997,565.5441050858299
1995-08-21 20:02:00,538.41,573.2639673518476
1995-08-21 20:03:00,2655.721,620.7277494125358
1995-08-21 20:04:00,1300.622,773.6217276066621
1995-08-21 20:05:00,907.184,839.7020345587289
1995-08-21 20:06:00,936.436,977.8405124412064
1995-08-21 20:07:00,988.665,916.1099663893984
1995-08-21 20:08:00,1163.87,1040.2368376794645
1995-08-21 20:09:00,1705.094,960.4873217202186
1995-08-21 20:10:00,553.458,977.7428338518223
1995-08-21 20:11:00,387.83299999999997,837.8871245650092
1995-08-21 20:12:00,928.415,788.7473572309507
1995-08-21 20:13:00,744.917,780.4156425832962
1995-08-21 20:14:00,776.631,823.6910126891896
1995-08-21 20:15:00,2245.8360000000002,787.7045494948401
1995-08-21 20:16:00,1490.066,813.367230049996
1995-08-21 20:17:00,1499.582,1079.9484328128187
1995-08-21 20:18:00,2242.406,962.7363848509008
1995-08-21 20:19:00,958.039,1019.9693128623438
1995-08-21 20:20:00,1182.62,1100.9364016321688
1995-08-21 20:21:00,639.777,1025.9461044902814
1995-08-21 20:22:00,920.248,941.3444716711009
1995-08-21 20:23:00,1389.673,962.5951405405925
1995-08-21 20:24:00,534.143,915.9606693151059
1995-08-21 20:25:00,1265.916,818.2476265155346
1995-08-21 20:26:00,209.571,907.5532442322809
1995-08-21 20:27:00,399.604,776.6209705208795
1995-08-21 20:28:00,229.031,737.4951254266373
1995-08-21 20:29:00,349.926,758.1649449377159
1995-08-21 20:30:00,390.851,697.8780459176237
1995-08-21 20:31:00,708.846,728.7464439780797
1995-08-21 20:32:00,998.97,727.4521858529928
1995-08-21 20:33:00,444.802,695.195041421732
1995-08-21 20:34:00,347.427,733.2813263885611
1995-08-21 20:35:00,335.238,675.4832888742668
1995-08-21 20:36:00,253.229,615.8946922347301
1995-08-21 20:37:00,1517.8039999999999,561.6776842264476
1995-08-21 20:38:00,726.399,613.8313455774953
1995-08-21 20:39:00,968.743,905.7342135171264
1995-08-21 20:40:00,580.027,886.5209926383391
1995-08-21 20:41:00,753.475,886.7918425917563
1995-08-21 20:42:00,1446.2839999999999,763.3547276905814
1995-08-21 20:43:00,388.74,823.800584465716
1995-08-21 20:44:00,504.83299999999997,845.6339375024775
1995-08-21 20:45:00,1159.364,729.3096313196717
1995-08-21 20:46:00,577.075,730.8531975043069
1995-08-21 20:47:00,239.33,738.1901293375699
1995-08-21 20:48:00,546.43,622.8351578560281
1995-08-21 20:49:00,224.363,588.2106186063316
1995-08-21 20:50:00,348.948,527.0647723807349
1995-08-21 20:51:00,306.414,572.1352972766713
1995-08-21 20:52:00,355.48499999999996,515.1937325873588
1995-08-21 20:53:00,117.842,547.6305152651836
1995-08-21 20:54:00,81.92,523.1451250845574
1995-08-21 20:55:00,162.598,415.33568304496316
1995-08-21 20:56:00,255.708,428.291925350157
1995-08-21 20:57:00,308.957,432.3339351464591
1995-08-21 20:58:00,218.881,387.6368178408598
1995-08-21 20:59:00,240.826,374.44806916940706
1995-08-21 21:00:00,194.582,445.69097970182196
1995-08-21 21:01:00,405.204,414.09636752897893
1995-08-21 21:02:00,231.06,386.0634229515
1995-08-21 21:03:00,166.986,447.84368654628423
1995-08-21 21:04:00,229.36100000000002,366.5730160067611
1995-08-21 21:05:00,165.428,412.3028022966138
1995-08-21 21:06:00,445.17199999999997,432.79475345332116
1995-08-21 21:07:00,217.399,496.5552766220038
1995-08-21 21:08:00,303.711,476.88426534006703
1995-08-21 21:09:00,713.322,520.5919960751428
1995-08-21 21:10:00,221.34799999999998,616.1247225173204
1995-08-21 21:11:00,368.50300000000004,547.0809013207859
1995-08-21 21:12:00,958.727,584.4256427704361
1995-08-21 21:13:00,266.45799999999997,553.3290281188022
1995-08-21 21:14:00,382.191,564.1637917608865
1995-08-21 21:15:00,169.981,570.9234812898087
1995-08-21 21:16:00,415.98100000000005,460.45323230420394
1995-08-21 21:17:00,286.514,454.16504681141913
1995-08-21 21:18:00,146.219,453.33445059913987
1995-08-21 21:19:00,193.101,389.4468237774513
1995-08-21 21:20:00,385.304,437.2324083554814
1995-08-21 21:21:00,55.424,422.0880770259551
1995-08-21 21:22:00,347.51099999999997,408.75582817937385
1995-08-21 21:23:00,842.1800000000001,385.7574318744509
1995-08-21 21:24:00,326.647,527.9787231555923
1995-08-21 21:25:00,140.018,593.0377778651931
1995-08-21 21:26:00,437.652,555.3265203410334
1995-08-21 21:27:00,696.758,594.4246859013118
1995-08-21 21:28:00,564.3249999999999,586.8349867489147
1995-08-21 21:29:00,977.343,542.6280800265266
1995-08-21 21:30:00,696.243,635.1290727473133
1995-08-21 21:31:00,378.894,627.6008367479576
1995-08-21 21:32:00,448.89300000000003,623.7547616544814
1995-08-21 21:33:00,368.56,625.8942824835581
1995-08-21 21:34:00,481.514,602.3915700828111
1995-08-21 21:35:00,128.661,569.1241990440371
1995-08-21 21:36:00,351.746,511.8073885995021
1995-08-21 21:37:00,334.025,572.2373837480117
1995-08-21 21:38:00,799.917,589.6483810116627
1995-08-21 21:39:00,1931.757,654.8080696287066
1995-08-21 21:40:00,660.365,713.5353648160961
1995-08-21 21:41:00,572.271,629.167387473599
1995-08-21 21:42:00,373.764,726.7727538324895
1995-08-21 21:43:00,612.783,711.351349168491
1995-08-21 21:44:00,619.818,704.9360835611127
1995-08-21 21:45:00,378.335,734.15447016335
1995-08-21 21:46:00,960.6270000000001,694.1425758946258
1995-08-21 21:47:00,742.605,752.1643121203253
1995-08-21 21:48:00,450.181,745.9040097228109
1995-08-21 21:49:00,177.103,721.869645591056
1995-08-21 21:50:00,125.565,585.0899427473898
1995-08-21 21:51:00,151.286,520.8022439496116
1995-08-21 21:52:00,277.75600000000003,494.9823160681197
1995-08-21 21:53:00,865.561,512.7940109387873
1995-08-21 21:54:00,196.47,520.1858920601206
1995-08-21 21:55:00,456.42699999999996,545.7692074945437
1995-08-21 21:56:00,289.869,608.9944499416588
1995-08-21 21:57:00,202.944,514.4128533566334
1995-08-21 21:58:00,238.578,465.2773289235912
1995-08-21 21:59:00,412.231,549.1571035552785
1995-08-21 22:00:00,351.642,509.45002292295976
1995-08-21 22:01:00,377.839,498.80323925764213
1995-08-21 22:02:00,528.5300000000001,563.4975812194847
1995-08-21 22:03:00,188.372,509.76499409804876
1995-08-21 22:04:00,628.704,452.79123256590697
1995-08-21 22:05:00,393.529,473.3717593036444
1995-08-21 22:06:00,312.446,468.2127925168128
1995-08-21 22:07:00,237.176,527.8419514531481
1995-08-21 22:08:00,338.432,463.35796562992147
1995-08-21 22:09:00,202.987,467.28753720077566
1995-08-21 22:10:00,525.058,497.4917790758129
1995-08-21 22:11:00,448.76,500.0081511792015
1995-08-21 22:12:00,170.79,514.0161911760828
1995-08-21 22:13:00,567.262,463.2469275302309
1995-08-21 22:14:00,335.65599999999995,425.39593951647396
1995-08-21 22:15:00,508.409,513.4037360248108
1995-08-21 22:16:00,219.82,482.4842826392999
1995-08-21 22:17:00,104.306,459.1807823356264
1995-08-21 22:18:00,253.278,373.1222582984965
1995-08-21 22:19:00,224.632,388.68197805283495
1995-08-21 22:20:00,415.572,429.4115741018472
1995-08-21 22:21:00,301.555,432.9072064554532
1995-08-21 22:22:00,186.64600000000002,383.5372396204108
1995-08-21 22:23:00,186.214,373.0475257972644
1995-08-21 22:24:00,188.77,330.7042302167196
1995-08-21 22:25:00,563.399,413.19983008939755
1995-08-21 22:26:00,396.024,396.3663858019855
1995-08-21 22:27:00,753.3870000000001,433.35916915873645
1995-08-21 22:28:00,189.764,449.3936514114774
1995-08-21 22:29:00,167.072,430.2918685395255
1995-08-21 22:30:00,891.0210000000001,437.7705893858505
1995-08-21 22:31:00,421.486,482.61529657929094
1995-08-21 22:32:00,521.767,527.1232508134708
1995-08-21 22:33:00,259.895,499.2226091591656
1995-08-21 22:34:00,177.283,482.14650631979504
1995-08-21 22:35:00,597.062,407.0885151417246
1995-08-21 22:36:00,350.918,435.78603053782547
1995-08-21 22:37:00,881.986,417.58862368272077
1995-08-21 22:38:00,1603.8410000000001,497.9622572763412
1995-08-21 22:39:00,428.325,574.4463031693967
1995-08-21 22:40:00,333.772,556.0665570260272
1995-08-21 22:41:00,561.0409999999999,505.1543524297884
1995-08-21 22:42:00,569.824,539.6145648802684
1995-08-21 22:43:00,774.183,529.01492848358
1995-08-21 22:44:00,349.869,572.5345750563213
1995-08-21 22:45:00,257.862,532.5945702803989
1995-08-21 22:46:00,1136.713,517.9917445292642
1995-08-21 22:47:00,622.093,493.3122917806717
1995-08-21 22:48:00,299.701,628.053300781992
1995-08-21 22:49:00,234.9,570.7850789178873
1995-08-21 22:50:00,259.637,506.23494907608506
1995-08-21 22:51:00,115.269,467.039124147659
1995-08-21 22:52:00,137.224,429.39096113803333
1995-08-21 22:53:00,142.374,434.4573728844446
1995-08-21 22:54:00,99.383,337.1539916299191
1995-08-21 22:55:00,224.421,297.7525274420335
1995-08-21 22:56:00,880.515,328.24648486926736
1995-08-21 22:57:00,913.714,413.80564525076284
1995-08-21 22:58:00,328.956,458.73158765450245
1995-08-21 22:59:00,427.342,470.2632511431102
1995-08-21 23:00:00,315.237,505.4624882997884
1995-08-21 23:01:00,1901.797,498.4083361879659
1995-08-21 23:02:00,308.117,544.0571592672565
1995-08-21 23:03:00,840.607,525.8565233529204
1995-08-21 23:04:00,353.501,562.9573182504892
1995-08-21 23:05:00,192.94299999999998,600.2512067984464
1995-08-21 23:06:00,523.203,551.1757300014106
1995-08-21 23:07:00,54.802,569.066495965705
1995-08-21 23:08:00,485.641,464.89449329107765
1995-08-21 23:09:00,1483.1570000000002,511.0146012773485
1995-08-21 23:10:00,328.979,466.26782097947597
1995-08-21 23:11:00,223.338,568.0116528269942
1995-08-21 23:12:00,212.82799999999997,511.43372002490605
1995-08-21 23:13:00,534.319,531.1307584514831
1995-08-21 23:14:00,381.32,490.5217622488089
1995-08-21 23:15:00,684.971,463.9056577934586
1995-08-21 23:16:00,534.35,441.0356430994174
1995-08-21 23:17:00,216.68,495.7292028014779
1995-08-21 23:18:00,137.881,490.1824613470653
1995-08-21 23:19:00,128.288,419.9530864802028
1995-08-21 23:20:00,637.756,387.16437338923106
1995-08-21 23:21:00,472.215,431.85409609174525
1995-08-21 23:22:00,42.197,436.5420642248383
1995-08-21 23:23:00,88.918,390.89796642538215
1995-08-21 23:24:00,270.18600000000004,347.7313212076369
1995-08-21 23:25:00,340.44300000000004,357.3385583562111
1995-08-21 23:26:00,206.11399999999998,357.18035194270726
1995-08-21 23:27:00,57.623,416.8479151598926
1995-08-21 23:28:00,51.153999999999996,320.3802436411923
1995-08-21 23:29:00,53.432,286.74339465348305
1995-08-21 23:30:00,565.551,292.69033607421375
1995-08-21 23:31:00,58.18,382.08118512520264
1995-08-21 23:32:00,155.182,371.10497119477316
1995-08-21 23:33:00,258.475,364.72046419330934
1995-08-21 23:34:00,532.719,439.3212757549972
1995-08-21 23:35:00,140.996,506.15457598233706
1995-08-21 23:36:00,249.453,434.1348468863104
1995-08-21 23:37:00,612.828,462.14516916237375
1995-08-21 23:38:00,417.125,529.791258556738
1995-08-21 23:39:00,289.549,486.36419100707775
1995-08-21 23:40:00,259.83,514.4019846983202
1995-08-21 23:41:00,556.409,503.02919491331016
1995-08-21 23:42:00,286.25,503.8376987564572
1995-08-21 23:43:00,809.95,498.3582764793732
1995-08-21 23:44:00,395.00399999999996,535.7287284906201
1995-08-21 23:45:00,159.76,497.7629461835789
1995-08-21 23:46:00,195.475,425.0723034804806
1995-08-21 23:47:00,339.501,424.3582310251733
1995-08-21 23:48:00,106.761,414.62879158210256
1995-08-21 23:49:00,351.754,373.5486481132006
1995-08-21 23:50:00,122.529,345.0992383377506
1995-08-21 23:51:00,122.42099999999999,373.9188042383234
1995-08-21 23:52:00,220.279,385.84804832270146
1995-08-21 23:53:00,447.275,370.2996120970185
1995-08-21 23:54:00,680.302,435.86977494626746
1995-08-21 23:55:00,401.454,447.4161604011042
1995-08-21 23:56:00,518.07,522.3698030155459
1995-08-21 23:57:00,219.655,501.51639445118224
1995-08-21 23:58:00,161.72199999999998,466.53512347847436
1995-08-21 23:59:00,967.186,407.97864856596016
1995-08-22 00:00:00,616.051,475.91263544735494
1995-08-22 00:01:00,1112.108,555.4367377676521
1995-08-22 00:02:00,466.489,645.8418422537874
1995-08-22 00:03:00,1332.1009999999999,671.8076258737366
1995-08-22 00:04:00,466.49199999999996,703.9208217793037
1995-08-22 00:05:00,488.75,707.6597733338342
1995-08-22 00:06:00,458.791,668.0642761514384
1995-08-22 00:07:00,527.3100000000001,607.4452545606118
1995-08-22 00:08:00,291.519,601.3790525135825
1995-08-22 00:09:00,488.99,548.544157468387
1995-08-22 00:10:00,328.981,519.2984832686203
1995-08-22 00:11:00,402.79100000000005,470.12758654265474
1995-08-22 00:12:00,926.0550000000001,452.7384930806041
1995-08-22 00:13:00,218.684,504.57902612767003
1995-08-22 00:14:00,145.693,525.550991239524
1995-08-22 00:15:00,528.18,456.36805016363024
1995-08-22 00:16:00,345.728,496.1191742983824
1995-08-22 00:17:00,67.172,529.0451004248774
1995-08-22 00:18:00,47.400999999999996,421.2482214275938
1995-08-22 00:19:00,315.168,371.86647548344666
1995-08-22 00:20:00,252.752,361.38103086035807
1995-08-22 00:21:00,638.2869999999999,452.805169518171
1995-08-22 00:22:00,327.449,495.4055153667299
1995-08-22 00:23:00,89.681,476.86174600656017
1995-08-22 00:24:00,54.465,477.5816246029042
1995-08-22 00:25:00,417.672,414.54309907495144
1995-08-22 00:26:00,362.283,445.6435899542646
1995-08-22 00:27:00,654.624,422.4104849587087
1995-08-22 00:28:00,192.416,434.0240977355182
1995-08-22 00:29:00,349.86,422.63456031355565
1995-08-22 00:30:00,209.614,417.65081886492544
1995-08-22 00:31:00,876.5889999999999,383.012554451179
1995-08-22 00:32:00,483.21500000000003,429.44076991058677
1995-08-22 00:33:00,431.022,422.9979136215366
1995-08-22 00:34:00,132.544,427.8464455127538
1995-08-22 00:35:00,158.942,392.75762207414857
1995-08-22 00:36:00,240.339,364.5277479851429
1995-08-22 00:37:00,165.221,367.8928655571007
1995-08-22 00:38:00,69.09100000000001,316.36714034276537
1995-08-22 00:39:00,95.22,279.9795287741562
1995-08-22 00:40:00,152.757,263.89672221102575
1995-08-22 00:41:00,761.746,366.1223661110514
1995-08-22 00:42:00,679.066,457.1982297314628
1995-08-22 00:43:00,136.946,455.30696474456784
1995-08-22 00:44:00,487.637,387.9858235841711
1995-08-22 00:45:00,137.531,497.73517816443047
1995-08-22 00:46:00,561.997,425.6547069526432
1995-08-22 00:47:00,175.281,450.27853495478877
1995-08-22 00:48:00,238.213,385.78669937357176
1995-08-22 00:49:00,105.801,452.0219525465732
1995-08-22 00:50:00,420.69,391.23355925817543
1995-08-22 00:51:00,382.236,438.7444137889465
1995-08-22 00:52:00,435.748,444.78567071217367
1995-08-22 00:53:00,285.727,522.6259219155197
1995-08-22 00:54:00,255.707,438.68480966130494
1995-08-22 00:55:00,122.777,496.3172630134446
1995-08-22 00:56:00,196.337,440.0974011493225
1995-08-22 00:57:00,300.176,394.27440504518825
1995-08-22 00:58:00,164.287,442.2773004333123
1995-08-22 00:59:00,1333.795,354.8884605342598
1995-08-22 01:00:00,111.336,379.4722484331301
1995-08-22 01:01:00,214.214,411.8115847061884
1995-08-22 01:02:00,203.34799999999998,373.7513994638724
1995-08-22 01:03:00,533.883,388.80544676104887
1995-08-22 01:04:00,581.26,387.0307211633709
1995-08-22 01:05:00,125.611,431.26000550157966
1995-08-22 01:06:00,190.486,353.2771857607282
1995-08-22 01:07:00,321.913,425.61860166850727
1995-08-22 01:08:00,323.01200000000006,392.3670605641105
1995-08-22 01:09:00,663.65,364.14641543015324
1995-08-22 01:10:00,251.058,439.62516856282787
1995-08-22 01:11:00,1186.8509999999999,365.00535917571085
1995-08-22 01:12:00,167.881,326.1714503884681
1995-08-22 01:13:00,0.0,353.9276579966271
1995-08-22 01:18:00,281.969,308.37864329022193
1995-08-22 01:20:00,951.168,323.05536266481425
1995-08-22 01:21:00,210.424,318.96633866906234
1995-08-22 01:22:00,98.122,366.8869776759141
1995-08-22 01:23:00,281.34,302.5200827890921
1995-08-22 01:24:00,253.644,330.3175140986754
1995-08-22 01:25:00,104.72399999999999,355.728267106396
1995-08-22 01:26:00,1662.1129999999998,258.5620314659896
1995-08-22 01:27:00,317.09999999999997,339.0488395102785
1995-08-22 01:28:00,1344.024,432.76177874947894
1995-08-22 01:30:00,322.51599999999996,490.5195044436799
1995-08-22 01:31:00,1373.925,492.12016283226944
1995-08-22 01:32:00,172.564,512.6165169318899
1995-08-22 01:33:00,377.113,416.6321376762095
1995-08-22 01:34:00,652.3199999999999,415.31090267830695
1995-08-22 01:35:00,178.614,457.70049142330964
1995-08-22 01:36:00,399.989,455.1211303723738
1995-08-22 01:37:00,157.173,494.9703552630286
1995-08-22 01:38:00,325.014,416.41751680220193
1995-08-22 01:39:00,381.373,456.64494993412467
1995-08-22 01:40:00,215.047,456.0742263168795
1995-08-22 01:41:00,352.317,427.0880776616917
1995-08-22 01:42:00,478.71500000000003,408.1044357058797
1995-08-22 01:43:00,138.197,407.2991205418954
1995-08-22 01:44:00,70.76,371.4211591099845
1995-08-22 01:45:00,665.952,285.8661562792666
1995-08-22 01:46:00,118.356,353.04176471533265
1995-08-22 01:47:00,504.573,351.3702258766873
1995-08-22 01:48:00,449.403,446.1654287163808
1995-08-22 01:49:00,164.484,459.9842423237087
1995-08-22 01:50:00,246.169,433.57724199771303
1995-08-22 01:51:00,98.794,446.5942487941405
1995-08-22 01:52:00,297.844,360.50617152680513
1995-08-22 01:53:00,226.779,395.3412256406328
1995-08-22 01:54:00,498.034,412.1082015271685
1995-08-22 01:55:00,259.811,461.88588951488407
1995-08-22 01:56:00,1501.094,429.50549405687616
1995-08-22 01:57:00,228.048,466.648005992595
1995-08-22 01:58:00,49.724999999999994,477.2151895168408
1995-08-22 01:59:00,282.974,355.9019842778487
1995-08-22 02:00:00,183.63,418.5321958074653
1995-08-22 02:01:00,704.635,374.09455101785306
1995-08-22 02:02:00,141.615,445.54245114795157
1995-08-22 02:03:00,217.333,357.01835286124253
1995-08-22 02:04:00,141.785,344.1008909083776
1995-08-22 02:05:00,243.29200000000003,342.0602590534641
1995-08-22 02:06:00,168.969,286.4598414444935
1995-08-22 02:07:00,118.463,319.8840730056168
1995-08-22 02:08:00,91.916,258.0568660195417
1995-08-22 02:09:00,18.189,233.66640633815769
1995-08-22 02:10:00,70.151,218.2191614006475
1995-08-22 02:11:00,347.15299999999996,218.99655159995402
1995-08-22 02:12:00,60.625,252.38394813928133
1995-08-22 02:13:00,102.293,233.68588346168687
1995-08-22 02:14:00,222.42,223.21355477643598
1995-08-22 02:15:00,336.873,213.2459260307127
1995-08-22 02:16:00,76.088,248.75628103905728
1995-08-22 02:17:00,11.0,252.56976791106518
1995-08-22 02:18:00,234.047,197.9443136521441
1995-08-22 02:19:00,206.863,236.14840153938343
1995-08-22 02:20:00,90.878,332.1895261458853
1995-08-22 02:21:00,160.939,227.78675866391893
1995-08-22 02:22:00,368.871,254.6323788021046
1995-08-22 02:23:00,258.589,312.73080315237263
1995-08-22 02:24:00,156.305,361.9072178129506
1995-08-22 02:25:00,146.65,330.3309432968175
1995-08-22 02:26:00,30.436,293.39988654216774
1995-08-22 02:27:00,528.893,227.12591947101285
1995-08-22 02:28:00,984.2379999999999,340.62567699433856
1995-08-22 02:29:00,333.859,353.7672842695157
1995-08-22 02:30:00,306.855,435.44204271629235
1995-08-22 02:31:00,132.873,371.0131925878786
1995-08-22 02:32:00,430.723,387.81708819639977
1995-08-22 02:33:00,123.64,452.6378808464195
1995-08-22 02:34:00,188.26299999999998,347.2174669646245
1995-08-22 02:35:00,273.752,272.2055439098757
1995-08-22 02:36:00,12.015,266.18180496293706
1995-08-22 02:37:00,330.341,238.79513057889372
1995-08-22 02:38:00,356.906,272.78197949546694
1995-08-22 02:39:00,402.943,314.4874714815526
1995-08-22 02:40:00,195.584,331.0731797885913
1995-08-22 02:41:00,237.936,309.01343363643423
1995-08-22 02:42:00,283.57099999999997,357.9544869492962
1995-08-22 02:43:00,124.62599999999999,364.55227375693505
1995-08-22 02:44:00,204.888,286.3252154821707
1995-08-22 02:45:00,311.393,306.7604581305522
1995-08-22 02:46:00,164.119,320.35752176974796
1995-08-22 02:47:00,97.124,290.4265826736067
1995-08-22 02:48:00,36.525999999999996,270.1678003832272
1995-08-22 02:49:00,65.344,251.50039835616244
1995-08-22 02:50:00,155.909,256.69051700431476
1995-08-22 02:51:00,57.359,276.38770337104546
1995-08-22 02:52:00,118.714,285.6275307101095
1995-08-22 02:53:00,78.68599999999999,309.70929532905416
1995-08-22 02:54:00,24.706,260.7607836839372
1995-08-22 02:55:00,39.252,242.8218424491536
1995-08-22 02:56:00,775.915,219.6433738913
1995-08-22 02:57:00,305.791,295.9572799051415
1995-08-22 02:58:00,67.444,327.75505739202015
1995-08-22 02:59:00,204.38899999999998,276.5650451300668
1995-08-22 03:00:00,132.365,349.32264275291203
1995-08-22 03:01:00,106.408,277.50483074309506
1995-08-22 03:02:00,250.02200000000002,258.5508945226446
1995-08-22 03:03:00,149.637,334.5065683907142
1995-08-22 03:04:00,728.984,349.70513111020426
1995-08-22 03:05:00,165.792,359.4108647660517
1995-08-22 03:06:00,197.276,330.93403971807305
1995-08-22 03:07:00,513.165,319.77456125545376
1995-08-22 03:08:00,143.988,404.32907522705744
1995-08-22 03:09:00,404.262,406.5970420560298
1995-08-22 03:10:00,152.40200000000002,427.88074201340663
1995-08-22 03:11:00,195.976,370.7595410526293
1995-08-22 03:12:00,238.942,433.29806954241275
1995-08-22 03:13:00,286.304,373.55275293653415
1995-08-22 03:14:00,211.21699999999998,388.33161177426734
1995-08-22 03:15:00,89.055,315.93316055848584
1995-08-22 03:16:00,312.512,260.7133049756957
1995-08-22 03:17:00,259.651,319.5086612874487
1995-08-22 03:18:00,133.631,357.7368538083922
1995-08-22 03:19:00,1740.372,349.3265407305184
1995-08-22 03:20:00,450.839,439.8676462949021
1995-08-22 03:21:00,127.037,495.59119976574226
1995-08-22 03:22:00,130.394,433.75077074378413
1995-08-22 03:23:00,456.363,449.1960860318199
1995-08-22 03:24:00,277.505,470.05651198875324
1995-08-22 03:25:00,550.981,488.1099456905624
1995-08-22 03:26:00,331.826,447.0400786403453
1995-08-22 03:27:00,466.906,441.3820877937926
1995-08-22 03:28:00,560.557,412.0399611725452
1995-08-22 03:29:00,707.695,420.7853769296761
1995-08-22 03:30:00,229.592,470.881769586024
1995-08-22 03:31:00,353.303,458.2750258747401
1995-08-22 03:32:00,509.046,402.7250022669505
1995-08-22 03:33:00,469.161,405.01521083217676
1995-08-22 03:34:00,601.392,429.7876378830814
1995-08-22 03:35:00,431.63100000000003,450.1778305700632
1995-08-22 03:36:00,270.774,446.099015403882
1995-08-22 03:37:00,516.41,413.84821912568896
1995-08-22 03:38:00,279.359,433.0309376660401
1995-08-22 03:39:00,314.45300000000003,394.8318715847265
1995-08-22 03:40:00,1328.208,354.2917976040285
1995-08-22 03:41:00,328.42900000000003,336.8965093777791
1995-08-22 03:42:00,53.102000000000004,394.4395683959693
1995-08-22 03:43:00,424.511,374.2653488040429
1995-08-22 03:44:00,429.645,385.74793100776316
1995-08-22 03:45:00,443.303,382.38511002510006
1995-08-22 03:46:00,79.611,384.5327559758917
1995-08-22 03:47:00,205.702,322.7837991371032
1995-08-22 03:48:00,232.439,303.73485805557027
1995-08-22 03:49:00,1487.752,385.07306278149
1995-08-22 03:50:00,460.846,387.5249633564906
1995-08-22 03:51:00,1248.805,416.3123066377974
1995-08-22 03:52:00,210.52800000000002,419.13800935584106
1995-08-22 03:53:00,527.222,435.7075566721138
1995-08-22 03:54:00,1754.2079999999999,462.5536360829961
1995-08-22 03:55:00,164.473,533.7378008941565
1995-08-22 03:56:00,445.277,458.0954951227918
1995-08-22 03:57:00,89.416,475.76516972376834
1995-08-22 03:58:00,953.911,416.13089917396326
1995-08-22 03:59:00,123.868,458.817595928694
1995-08-22 04:00:00,242.404,439.1740056471229
1995-08-22 04:01:00,314.982,407.90589414198905
1995-08-22 04:02:00,255.494,378.604432475452
1995-08-22 04:03:00,95.635,381.6116248184755
1995-08-22 04:04:00,178.873,348.02240890080105
1995-08-22 04:05:00,234.63899999999998,314.12428241029124
1995-08-22 04:06:00,63.562000000000005,357.6214823013664
1995-08-22 04:07:00,644.321,327.09393884004675
1995-08-22 04:08:00,178.866,373.4464550267673
1995-08-22 04:09:00,135.625,399.5804230037742
1995-08-22 04:10:00,319.951,374.8417931441915
1995-08-22 04:11:00,252.831,288.1790100326322
1995-08-22 04:12:00,178.352,354.87035809449463
1995-08-22 04:13:00,195.592,404.69620355910945
1995-08-22 04:14:00,119.838,376.4338046086515
1995-08-22 04:15:00,72.856,314.3910690323365
1995-08-22 04:16:00,39.623,248.04124994723014
1995-08-22 04:17:00,143.801,231.0803736659092
1995-08-22 04:18:00,300.72,276.69666142635066
1995-08-22 04:19:00,550.359,245.6613055579444
1995-08-22 04:20:00,395.298,335.9778905561071
1995-08-22 04:21:00,404.207,404.6571452627184
1995-08-22 04:22:00,623.011,388.6439212840048
1995-08-22 04:23:00,150.44,377.367886297466
1995-08-22 04:24:00,86.213,363.1119631817361
1995-08-22 04:25:00,350.816,320.85900702982906
1995-08-22 04:26:00,138.03,339.16825192307533
1995-08-22 04:27:00,266.148,338.231913178156
1995-08-22 04:28:00,196.526,327.7065291126045
1995-08-22 04:29:00,66.246,357.78159079252293
1995-08-22 04:30:00,301.945,285.84930764752585
1995-08-22 04:31:00,374.33799999999997,304.7813390750176
1995-08-22 04:32:00,102.769,318.80053034744185
1995-08-22 04:33:00,267.61400000000003,285.7393669820053
1995-08-22 04:34:00,93.416,321.40806985782694
1995-08-22 04:35:00,700.4549999999999,279.6678874710238
1995-08-22 04:36:00,15.927,345.9587995891411
1995-08-22 04:37:00,295.225,290.52130173890737
1995-08-22 04:38:00,31.57,277.005516323278
1995-08-22 04:39:00,20.124999999999996,253.97631753584304
1995-08-22 04:40:00,147.556,208.1394222396832
1995-08-22 04:41:00,27.073999999999998,308.81920007387583
1995-08-22 04:42:00,1.173,216.07053060630213
1995-08-22 04:43:00,80.78399999999999,200.54278724088033
1995-08-22 04:44:00,56.455999999999996,222.2318131243986
1995-08-22 04:45:00,44.14,222.2318131243986
1995-08-22 04:46:00,217.31,212.3608943455316
1995-08-22 04:47:00,157.66199999999998,324.2968149533683
1995-08-22 04:48:00,277.134,253.8356200319109
1995-08-22 04:49:00,153.871,278.7970940662317
1995-08-22 04:50:00,121.887,278.842168954935
1995-08-22 04:51:00,104.005,251.34042375254364
1995-08-22 04:52:00,59.32,265.5087475259196
1995-08-22 04:53:00,75.185,247.14109785064102
1995-08-22 04:54:00,0.0,211.7954869527612
1995-08-22 04:59:00,136.952,237.72940828490056
1995-08-22 05:01:00,509.841,258.3486757053235
1995-08-22 05:02:00,160.305,293.7721158100949
1995-08-22 05:03:00,482.903,267.3462237614145
1995-08-22 05:04:00,486.225,280.5229219217431
1995-08-22 05:05:00,855.497,325.84646114597086
1995-08-22 05:06:00,599.891,380.0245426449921
1995-08-22 05:07:00,754.765,419.3262277000664
1995-08-22 05:08:00,129.18,470.6479887586084
1995-08-22 05:09:00,149.454,391.626406882129
1995-08-22 05:11:00,215.949,343.8578292489144
1995-08-22 05:12:00,282.469,310.78992974897596
1995-08-22 05:13:00,195.142,402.0621109592636
1995-08-22 05:14:00,203.132,351.69720226885136
1995-08-22 05:15:00,216.415,343.83435816468597
1995-08-22 05:16:00,117.85499999999999,323.1781322142943
1995-08-22 05:17:00,22.922,293.01775423674894
1995-08-22 05:18:00,93.198,253.15354974509304
1995-08-22 05:19:00,124.939,227.0217441003424
1995-08-22 05:20:00,79.22200000000001,233.08798672263816
1995-08-22 05:21:00,359.803,257.91248726974317
1995-08-22 05:22:00,352.52,376.5777876612894
1995-08-22 05:23:00,163.843,359.29400330383413
1995-08-22 05:24:00,232.257,298.1037194005624
1995-08-22 05:25:00,20.271,293.6981745953305
1995-08-22 05:26:00,114.406,234.5854095820269
1995-08-22 05:27:00,196.68699999999998,219.8848508769334
1995-08-22 05:28:00,339.73400000000004,266.12831589380977
1995-08-22 05:29:00,177.906,230.38481007279043
1995-08-22 05:30:00,51.329,265.9384585525742
1995-08-22 05:31:00,383.893,245.22131911077778
1995-08-22 05:32:00,232.126,230.0570238474095
1995-08-22 05:33:00,267.197,240.357506123039
1995-08-22 05:34:00,239.81,281.9769765065631
1995-08-22 05:35:00,706.546,267.21169709771556
1995-08-22 05:36:00,29.267,268.4806522882811
1995-08-22 05:37:00,611.615,250.53813734471262
1995-08-22 05:38:00,75.15599999999999,308.9698775030776
1995-08-22 05:39:00,107.35900000000001,316.05308737878386
1995-08-22 05:40:00,112.467,263.16261305443203
1995-08-22 05:41:00,133.537,232.0546230292831
1995-08-22 05:42:00,117.66799999999999,249.0651338358114
1995-08-22 05:43:00,87.943,251.84831188595308
1995-08-22 05:44:00,34.556,204.3181551769792
1995-08-22 05:45:00,494.291,201.3363863606303
1995-08-22 05:46:00,44.133,270.32198395060647
1995-08-22 05:47:00,134.093,256.9122508607058
1995-08-22 05:48:00,228.24900000000002,206.63716829974678
1995-08-22 05:49:00,376.77299999999997,225.04850288436282
1995-08-22 05:50:00,36.234,260.6443929658494
1995-08-22 05:51:00,236.53900000000002,245.11826674759314
1995-08-22 05:52:00,317.469,214.96008347751373
1995-08-22 05:53:00,523.9549999999999,295.776520434858
1995-08-22 05:54:00,1532.734,286.9268036273329
1995-08-22 05:55:00,127.46600000000001,322.08176518316475
1995-08-22 05:56:00,163.045,338.2443938858315
1995-08-22 05:57:00,168.78199999999998,316.3661011270793
1995-08-22 05:58:00,503.812,336.97625703857005
1995-08-22 05:59:00,92.741,332.621788933396
1995-08-22 06:00:00,62.388,330.62653976344205
1995-08-22 06:01:00,108.477,265.7177964409591
1995-08-22 06:02:00,174.09799999999998,269.6255236828185
1995-08-22 06:03:00,598.8850000000001,267.779635347302
1995-08-22 06:04:00,270.459,290.83721789046984
1995-08-22 06:05:00,64.865,358.86799865034266
1995-08-22 06:06:00,44.365,340.5773229287392
1995-08-22 06:07:00,165.316,280.130200676585
1995-08-22 06:08:00,87.624,269.2990538508928
1995-08-22 06:09:00,233.584,327.45860156912414
1995-08-22 06:10:00,45.238,325.62115771688514
1995-08-22 06:11:00,196.81,248.7822725941671
1995-08-22 06:12:00,222.813,258.9053798803316
1995-08-22 06:13:00,105.12700000000001,318.4548293373987
1995-08-22 06:14:00,350.08,298.72127531446836
1995-08-22 06:15:00,55.167,274.41112756182554
1995-08-22 06:16:00,30.663,269.9261354601875
1995-08-22 06:17:00,309.53700000000003,254.07312190703243
1995-08-22 06:18:00,70.943,288.7123447666775
1995-08-22 06:19:00,8.82,274.2099451967693
1995-08-22 06:20:00,537.257,205.19123460525714
1995-08-22 06:21:00,243.982,238.3535777962171
1995-08-22 06:22:00,93.329,326.9657559235264
1995-08-22 06:23:00,86.294,250.2099836306332
1995-08-22 06:24:00,261.928,257.18585277806244
1995-08-22 06:25:00,94.315,277.562749189822
1995-08-22 06:26:00,57.292,257.4861377247089
1995-08-22 06:27:00,0.0,239.25169866308312
1995-08-22 06:28:00,157.0,204.57919115500223
1995-08-22 06:29:00,119.851,277.34109890682527
1995-08-22 06:30:00,175.148,287.7872100244437
1995-08-22 06:31:00,24.962999999999997,266.6578848707988
1995-08-22 06:32:00,101.02799999999999,203.9093051058487
1995-08-22 06:33:00,284.289,214.64297827436204
1995-08-22 06:34:00,47.463,250.1057662227322
1995-08-22 06:35:00,275.731,216.18826751391316
1995-08-22 06:36:00,171.28199999999998,306.67806002047166
1995-08-22 06:37:00,180.199,328.2155231675857
1995-08-22 06:38:00,488.2,279.92851683889535
1995-08-22 06:39:00,161.014,388.5996472058226
1995-08-22 06:40:00,88.411,324.8245617610155
1995-08-22 06:41:00,220.697,293.5509213476993
1995-08-22 06:42:00,166.971,301.78529514411605
1995-08-22 06:43:00,223.945,359.70437263083204
1995-08-22 06:44:00,178.579,313.95829597471703
1995-08-22 06:45:00,343.523,386.7818025783516
1995-08-22 06:46:00,203.21,410.94416574822577
1995-08-22 06:47:00,163.297,348.85033109366873
1995-08-22 06:48:00,311.027,315.353404895626
1995-08-22 06:49:00,1136.3519999999999,390.236424511325
1995-08-22 06:50:00,58.719,379.78657346207245
1995-08-22 06:51:00,381.23,334.95548231829156
1995-08-22 06:52:00,69.19500000000001,326.18980385988203
1995-08-22 06:53:00,223.867,297.1510034419739
1995-08-22 06:54:00,330.052,303.36362278521545
1995-08-22 06:55:00,446.147,398.51268451442405
1995-08-22 06:56:00,683.101,399.8533883134084
1995-08-22 06:57:00,1018.238,370.1399313285327
1995-08-22 06:58:00,1072.405,472.93059254938163
1995-08-22 06:59:00,749.5070000000001,486.6438756209404
1995-08-22 07:00:00,471.42999999999995,559.3845176943686
1995-08-22 07:01:00,996.4649999999999,582.9244937819496
1995-08-22 07:02:00,640.95,585.6372830963854
1995-08-22 07:03:00,482.46500000000003,563.0045302889911
1995-08-22 07:04:00,1130.79,624.4014144222498
1995-08-22 07:05:00,90.551,574.8619143198524
1995-08-22 07:06:00,85.806,505.4291638622115
1995-08-22 07:07:00,472.596,407.43897674000976
1995-08-22 07:08:00,20.841,470.36298796858193
1995-08-22 07:09:00,446.54,415.81964216436086
1995-08-22 07:10:00,67.51,486.0040609206195
1995-08-22 07:11:00,84.614,405.6188891036294
1995-08-22 07:12:00,15.876999999999999,374.468853599048
1995-08-22 07:13:00,19.644,305.7997334994635
1995-08-22 07:14:00,77.464,275.11491556362694
1995-08-22 07:15:00,107.302,287.5788113247671
1995-08-22 07:16:00,276.466,295.66938556535706
1995-08-22 07:17:00,153.561,289.64770386676656
1995-08-22 07:18:00,49.507,294.72318807553484
1995-08-22 07:19:00,110.033,267.32204819741276
1995-08-22 07:20:00,173.521,278.4197822213025
1995-08-22 07:21:00,236.44699999999997,335.33524103194725
1995-08-22 07:22:00,461.628,379.68527251810406
1995-08-22 07:23:00,348.519,357.6644033657327
1995-08-22 07:24:00,292.911,375.8332864746718
1995-08-22 07:25:00,269.941,419.48564986781173
1995-08-22 07:26:00,637.573,440.6172194877497
1995-08-22 07:27:00,258.51099999999997,498.7093601184948
1995-08-22 07:28:00,282.47,513.1813752195343
1995-08-22 07:29:00,1418.2040000000002,484.090884066137
1995-08-22 07:30:00,492.67699999999996,587.1755476062418
1995-08-22 07:31:00,1497.092,636.4109778189737
1995-08-22 07:32:00,595.736,627.1706493256181
1995-08-22 07:33:00,432.184,700.0406365085065
1995-08-22 07:34:00,255.974,639.9833021786236
1995-08-22 07:35:00,204.89600000000002,646.5517017574986
1995-08-22 07:36:00,216.753,573.5377827001086
1995-08-22 07:37:00,436.04,554.0025929097245
1995-08-22 07:38:00,618.933,573.7791205336549
1995-08-22 07:39:00,256.61,529.3929708378377
1995-08-22 07:40:00,378.129,582.3521409233347
1995-08-22 07:41:00,360.802,597.8136671822754
1995-08-22 07:42:00,473.42900000000003,582.6263731931685
1995-08-22 07:43:00,954.399,592.6273062201458
1995-08-22 07:44:00,429.06899999999996,602.249595808521
1995-08-22 07:45:00,221.015,596.4595778528449
1995-08-22 07:46:00,440.569,582.2000104518739
1995-08-22 07:47:00,390.555,612.1276175329077
1995-08-22 07:48:00,1383.721,576.8149111166276
1995-08-22 07:49:00,273.148,599.3589222900912
1995-08-22 07:50:00,791.528,595.3455642281644
1995-08-22 07:51:00,1702.285,557.7166466207899
1995-08-22 07:52:00,575.928,598.487839992653
1995-08-22 07:53:00,427.90500000000003,715.2604457274617
1995-08-22 07:54:00,300.381,656.9480542017716
1995-08-22 07:55:00,345.624,626.130326345734
1995-08-22 07:56:00,507.512,664.6133801189138
1995-08-22 07:57:00,345.928,598.409590064618
1995-08-22 07:58:00,185.049,552.9503199091655
1995-08-22 07:59:00,196.506,564.4407840133038
1995-08-22 08:00:00,283.08299999999997,534.540153459153
1995-08-22 08:01:00,451.301,552.7254200036173
1995-08-22 08:02:00,211.99699999999999,603.7382960275047
1995-08-22 08:03:00,276.429,532.6002010106995
1995-08-22 08:04:00,414.30899999999997,521.7414985961975
1995-08-22 08:05:00,255.411,588.0465012618623
1995-08-22 08:06:00,182.41899999999998,493.6295589759106
1995-08-22 08:07:00,149.479,486.39727270904564
1995-08-22 08:08:00,215.392,453.4474753636047
1995-08-22 08:09:00,210.105,405.444806382211
1995-08-22 08:10:00,297.05199999999996,523.0445985396245
1995-08-22 08:11:00,510.52299999999997,476.52112804372734
1995-08-22 08:12:00,271.827,470.2174170212803
1995-08-22 08:13:00,413.348,481.5056290624112
1995-08-22 08:14:00,78.894,541.7654627383386
1995-08-22 08:15:00,227.664,462.06268215955146
1995-08-22 08:16:00,598.891,443.9019528318339
1995-08-22 08:17:00,517.54,607.5907757193366
1995-08-22 08:18:00,773.987,593.2686857357227
1995-08-22 08:19:00,340.916,630.0656941696676
1995-08-22 08:20:00,1113.7740000000001,616.0877885887352
1995-08-22 08:21:00,398.139,681.9370402784626
1995-08-22 08:22:00,275.759,633.5756748421313
1995-08-22 08:23:00,218.148,512.6755250106432
1995-08-22 08:24:00,370.442,583.2820079135043
1995-08-22 08:25:00,205.064,585.6355200762185
1995-08-22 08:26:00,106.149,519.5795925498321
1995-08-22 08:27:00,797.088,487.7221771403579
1995-08-22 08:28:00,848.627,549.1439579314423
1995-08-22 08:29:00,291.192,632.2501317926832
1995-08-22 08:30:00,677.1899999999999,583.0492227348733
1995-08-22 08:31:00,538.048,661.2826901422517
1995-08-22 08:32:00,624.0459999999999,654.5026609424268
1995-08-22 08:33:00,2111.395,720.6875586385751
1995-08-22 08:34:00,981.3,824.9252002666843
1995-08-22 08:35:00,376.962,891.0252262585257
1995-08-22 08:36:00,394.868,793.9702818060236
1995-08-22 08:37:00,333.54499999999996,684.706354632671
1995-08-22 08:38:00,821.0659999999999,660.3626002412625
1995-08-22 08:39:00,1250.954,730.4215341645695
1995-08-22 08:40:00,1479.103,761.8094087174824
1995-08-22 08:41:00,652.508,746.8696214665795
1995-08-22 08:42:00,2023.206,746.6936506721399
1995-08-22 08:43:00,1836.4959999999999,820.6753368678171
1995-08-22 08:44:00,1255.8960000000002,1008.0857589868126
1995-08-22 08:45:00,564.6610000000001,1078.6100611097825
1995-08-22 08:46:00,503.676,1015.5644692825522
1995-08-22 08:47:00,416.179,981.8150696028196
1995-08-22 08:48:00,139.028,774.464606645667
1995-08-22 08:49:00,441.459,741.4220214914534
1995-08-22 08:50:00,91.507,593.0564635657281
1995-08-22 08:51:00,406.145,552.7541567334429
1995-08-22 08:52:00,297.136,635.9663229366502
1995-08-22 08:53:00,1280.455,562.1918140439467
1995-08-22 08:54:00,546.0,652.2860404736817
1995-08-22 08:55:00,1272.4389999999999,731.9638680652505
1995-08-22 08:56:00,1451.218,717.8840166701459
1995-08-22 08:57:00,430.988,801.0235434975559
1995-08-22 08:58:00,657.553,716.4731297079995
1995-08-22 08:59:00,1366.721,747.7475749872223
1995-08-22 09:00:00,317.184,753.7486045286879
1995-08-22 09:01:00,555.819,641.0936781060367
1995-08-22 09:02:00,435.299,809.6948192864327
1995-08-22 09:03:00,619.573,680.2741996348683
1995-08-22 09:04:00,446.67699999999996,722.0971427631168
1995-08-22 09:05:00,184.567,718.1801403760014
1995-08-22 09:06:00,1338.453,597.3627805143907
1995-08-22 09:07:00,306.794,684.7769229471048
1995-08-22 09:08:00,662.847,674.3986316224722
1995-08-22 09:09:00,512.3870000000001,762.6460189986041
1995-08-22 09:10:00,557.362,729.6221884577299
1995-08-22 09:11:00,486.002,720.5813519032189
1995-08-22 09:12:00,549.5649999999999,756.6492800924734
1995-08-22 09:13:00,1409.368,651.0750937484456
1995-08-22 09:14:00,1042.281,905.1761488665759
1995-08-22 09:15:00,882.677,823.9592959484997
1995-08-22 09:16:00,1742.4799999999998,989.6484465800519
1995-08-22 09:17:00,398.81199999999995,908.8731579348085
1995-08-22 09:18:00,725.817,737.6498173159005
1995-08-22 09:19:00,504.34099999999995,813.583408112922
1995-08-22 09:20:00,359.152,735.5279147061563
1995-08-22 09:21:00,1583.47,694.6940714238541
1995-08-22 09:22:00,861.827,774.4218502301713
1995-08-22 09:23:00,696.691,837.1903199895906
1995-08-22 09:24:00,794.855,975.9563811923855
1995-08-22 09:25:00,518.17,986.6724456766513
1995-08-22 09:26:00,547.374,811.300622287327
1995-08-22 09:27:00,594.643,783.9441612074233
1995-08-22 09:28:00,268.061,735.4191140325203
1995-08-22 09:29:00,1421.675,744.9153536880451
1995-08-22 09:30:00,1694.873,752.4828017810838
1995-08-22 09:31:00,582.6179999999999,867.1611389003755
1995-08-22 09:32:00,1584.963,817.836061354009
1995-08-22 09:33:00,1194.954,905.8791738092757
1995-08-22 09:34:00,407.998,927.6406972586717
1995-08-22 09:35:00,465.35200000000003,909.7262844959811
1995-08-22 09:36:00,1331.164,895.8677117385105
1995-08-22 09:37:00,1042.164,1000.4353040485245
1995-08-22 09:38:00,987.872,904.3207807867553
1995-08-22 09:39:00,672.417,982.6028283203791
1995-08-22 09:40:00,530.154,938.890426934549
1995-08-22 09:41:00,1826.097,862.4538302751064
1995-08-22 09:42:00,1847.7190000000003,1037.86811368293
1995-08-22 09:43:00,1095.032,1123.4072785755266
1995-08-22 09:44:00,1377.387,1188.3261592382373
1995-08-22 09:45:00,714.995,1269.7345144217556
1995-08-22 09:46:00,588.884,1081.4985599702995
1995-08-22 09:47:00,246.198,969.3744453252812
1995-08-22 09:48:00,227.029,856.1017487296195
1995-08-22 09:49:00,510.501,774.6068861785528
1995-08-22 09:50:00,293.47499999999997,751.1626017591208
1995-08-22 09:51:00,636.006,727.2689491932642
1995-08-22 09:52:00,387.482,790.9248628360119
1995-08-22 09:53:00,188.041,759.3976212674095
1995-08-22 09:54:00,133.841,616.5780091415236
1995-08-22 09:55:00,359.748,602.3375303212704
1995-08-22 09:56:00,802.527,646.4182499875321
1995-08-22 09:57:00,664.02,824.1060493270192
1995-08-22 09:58:00,430.952,728.7154346299432
1995-08-22 09:59:00,415.271,687.5345381212679
1995-08-22 10:00:00,1538.461,619.8056525538934
1995-08-22 10:01:00,592.111,732.0137669816295
1995-08-22 10:02:00,652.252,708.2612014999918
1995-08-22 10:03:00,454.81100000000004,755.3351240355053
1995-08-22 10:04:00,837.4209999999999,687.8149801732548
1995-08-22 10:05:00,140.028,747.1867167560487
1995-08-22 10:06:00,1685.73,630.5423307422515
1995-08-22 10:07:00,772.872,760.3756707463153
1995-08-22 10:08:00,287.25,762.4677566341809
1995-08-22 10:09:00,1423.641,705.6004597349881
1995-08-22 10:10:00,376.094,756.2849970613945
1995-08-22 10:11:00,354.204,674.0999182040453
1995-08-22 10:12:00,70.32900000000001,606.3148896049536
1995-08-22 10:13:00,553.467,534.1912614665704
1995-08-22 10:14:00,278.018,516.8970693256201
1995-08-22 10:15:00,610.427,557.6081119522526
1995-08-22 10:16:00,313.999,598.2715630988713
1995-08-22 10:17:00,242.441,615.1241237977547
1995-08-22 10:18:00,329.399,512.2638209703543
1995-08-22 10:19:00,203.988,517.507474366244
1995-08-22 10:20:00,696.49,527.8103492481401
1995-08-22 10:21:00,705.3199999999999,549.3606752317779
1995-08-22 10:22:00,667.176,589.3268472507227
1995-08-22 10:23:00,986.8570000000001,647.6742840428586
1995-08-22 10:24:00,681.9879999999999,683.7414369204461
1995-08-22 10:25:00,971.059,668.7924395256499
1995-08-22 10:26:00,1925.7369999999999,769.2371212637441
1995-08-22 10:27:00,386.713,819.6604226515454
1995-08-22 10:28:00,1163.598,680.3973154851416
1995-08-22 10:29:00,1118.51,771.3552718386837
1995-08-22 10:30:00,1077.757,877.1838602760297
1995-08-22 10:31:00,723.88,885.243420458356
1995-08-22 10:32:00,304.29200000000003,791.253776885449
1995-08-22 10:33:00,278.411,676.7903284443352
1995-08-22 10:34:00,291.20799999999997,723.4437158117735
1995-08-22 10:35:00,956.568,689.0350858368704
1995-08-22 10:36:00,542.177,817.9230449114505
1995-08-22 10:37:00,676.789,701.2005206195182
1995-08-22 10:38:00,220.1,815.5709163237311
1995-08-22 10:39:00,1647.7549999999999,704.7434168662188
1995-08-22 10:40:00,324.3,801.8923168349922
1995-08-22 10:41:00,1507.3719999999998,784.6853336591937
1995-08-22 10:42:00,333.382,776.380155772694
1995-08-22 10:43:00,497.787,784.8387516382518
1995-08-22 10:44:00,849.108,781.6206367430756
1995-08-22 10:45:00,558.345,920.4016519357335
1995-08-22 10:46:00,762.77,787.3158689945964
1995-08-22 10:47:00,840.141,928.8659640911662
1995-08-22 10:48:00,781.484,829.6687522206859
1995-08-22 10:49:00,555.156,882.8118283683392
1995-08-22 10:50:00,637.577,844.3577939571106
1995-08-22 10:51:00,1172.921,857.0844509607365
1995-08-22 10:52:00,2837.0069999999996,917.6965208441244
1995-08-22 10:53:00,869.716,1042.3984996271856
1995-08-22 10:54:00,1053.791,1086.1019683563507
1995-08-22 10:55:00,566.929,1125.881628302759
1995-08-22 10:56:00,414.327,1020.7072679274969
1995-08-22 10:57:00,472.805,986.4079210800047
1995-08-22 10:58:00,638.097,863.1812799350397
1995-08-22 10:59:00,1221.381,891.0375066062762
1995-08-22 11:00:00,1604.726,772.6493472156438
1995-08-22 11:01:00,241.81300000000002,966.0093415501829
1995-08-22 11:02:00,446.475,842.2026349532965
1995-08-22 11:03:00,345.967,757.9098731385308
1995-08-22 11:04:00,647.234,882.9222128459629
1995-08-22 11:05:00,325.509,856.2839210634543
1995-08-22 11:06:00,295.233,772.2893789303649
1995-08-22 11:07:00,628.778,793.6031782836528
1995-08-22 11:08:00,738.753,846.4573332970137
1995-08-22 11:09:00,213.67999999999998,773.4023261344573
1995-08-22 11:10:00,805.66,718.8332864578947
1995-08-22 11:11:00,479.895,744.8019306378438
1995-08-22 11:12:00,941.2090000000001,799.0496966430774
1995-08-22 11:13:00,1604.7869999999998,858.839908028069
1995-08-22 11:14:00,737.048,1043.8826414147366
1995-08-22 11:15:00,374.48699999999997,955.6012346116183
1995-08-22 11:16:00,759.611,937.7862505678775
1995-08-22 11:17:00,658.242,901.4500110998547
1995-08-22 11:18:00,634.956,850.6166691134167
1995-08-22 11:19:00,380.354,865.3040491126565
1995-08-22 11:20:00,726.827,704.7264826990518
1995-08-22 11:21:00,505.213,816.2864140847221
1995-08-22 11:22:00,726.116,661.111922654045
1995-08-22 11:23:00,1026.9950000000001,816.8408588090612
1995-08-22 11:24:00,496.281,863.1773334820197
1995-08-22 11:25:00,440.26099999999997,755.5209131358007
1995-08-22 11:26:00,1829.129,684.4958988785195
1995-08-22 11:27:00,460.401,957.0708907945716
1995-08-22 11:28:00,953.178,834.9345559076314
1995-08-22 11:29:00,916.061,1023.8679004487987
1995-08-22 11:30:00,658.8910000000001,1011.4679777822867
1995-08-22 11:31:00,915.005,898.6525310545815
1995-08-22 11:32:00,680.004,948.640298752103
1995-08-22 11:33:00,484.18899999999996,858.542284396752
1995-08-22 11:34:00,605.399,823.3349184349454
1995-08-22 11:35:00,486.04,801.9187623954975
1995-08-22 11:36:00,1287.229,760.9642167202309
1995-08-22 11:37:00,726.996,942.0432992660263
1995-08-22 11:38:00,1882.851,881.7093800797229
1995-08-22 11:39:00,1629.365,1072.9583294659408
1995-08-22 11:40:00,1648.6680000000001,1139.1385134934135
1995-08-22 11:41:00,1825.434,1210.0408391877224
1995-08-22 11:42:00,871.357,1265.8459991617767
1995-08-22 11:43:00,1762.2459999999999,1156.0731170022998
1995-08-22 11:44:00,986.013,1249.6673785847554
1995-08-22 11:45:00,935.341,1200.8387025693626
1995-08-22 11:46:00,1020.001,1179.0225689952306
1995-08-22 11:47:00,1509.134,1148.7493147745695
1995-08-22 11:48:00,805.125,1240.92018197293
1995-08-22 11:49:00,518.751,1120.9898630544424
1995-08-22 11:50:00,1101.685,1039.3652204191433
1995-08-22 11:51:00,1071.234,1103.1792665685784
1995-08-22 11:52:00,1142.199,1106.262279262245
1995-08-22 11:53:00,931.55,1216.2109122710447
1995-08-22 11:54:00,1478.583,1162.0687650997145
1995-08-22 11:55:00,1030.446,1264.2106942478345
1995-08-22 11:56:00,529.034,1248.5047408300609
1995-08-22 11:57:00,758.308,1022.3786133299614
1995-08-22 11:58:00,613.9110000000001,972.4894758727877
1995-08-22 11:59:00,613.3639999999999,997.3421648693567
1995-08-22 12:00:00,416.245,860.5050642889613
1995-08-22 12:01:00,352.073,776.2214901890084
1995-08-22 12:02:00,436.893,835.182200568287
1995-08-22 12:03:00,501.394,852.2898111682706
1995-08-22 12:04:00,658.4,936.1933162061055
1995-08-22 12:05:00,778.475,1002.0812249560367
1995-08-22 12:06:00,793.694,1029.9153491056034
1995-08-22 12:07:00,1955.101,873.7320127300671
1995-08-22 12:08:00,227.715,964.2634427586163
1995-08-22 12:09:00,1630.447,852.6453612798491
1995-08-22 12:10:00,1410.206,1049.4275365178348
1995-08-22 12:11:00,1284.82,961.0890462904439
1995-08-22 12:12:00,369.76599999999996,1144.3456029164984
1995-08-22 12:13:00,574.262,1000.5134024655958
1995-08-22 12:14:00,1455.985,1091.6905921491466
1995-08-22 12:15:00,401.402,1066.7707688928638
1995-08-22 12:16:00,725.173,967.838066536597
1995-08-22 12:17:00,851.2769999999999,942.9764628753576
1995-08-22 12:18:00,378.608,957.6734411440183
1995-08-22 12:19:00,1445.396,961.1675844860602
1995-08-22 12:20:00,917.5649999999999,1086.3590782349902
1995-08-22 12:21:00,621.1279999999999,957.8145006526242
1995-08-22 12:22:00,673.957,931.756764207971
1995-08-22 12:23:00,542.98,959.0104567583454
1995-08-22 12:24:00,1025.911,891.9549845716674
1995-08-22 12:25:00,566.447,1119.2703363677012
1995-08-22 12:26:00,1040.568,999.174206574
1995-08-22 12:27:00,731.954,1030.5556308809153
1995-08-22 12:28:00,758.853,983.0194917536907
1995-08-22 12:29:00,1004.513,994.481572322046
1995-08-22 12:30:00,1343.492,1067.1217431622451
1995-08-22 12:31:00,904.752,1224.5492357316487
1995-08-22 12:32:00,1191.3609999999999,1123.6983383885517
1995-08-22 12:33:00,1014.755,1040.5157759307144
1995-08-22 12:34:00,1030.595,1088.8721489756795
1995-08-22 12:35:00,827.037,1112.6011048744688
1995-08-22 12:36:00,606.479,1099.953810013973
1995-08-22 12:37:00,713.085,991.0885510203223
1995-08-22 12:38:00,1259.964,1011.9293895930431
1995-08-22 12:39:00,1375.991,977.3916972616595
1995-08-22 12:40:00,759.687,994.2594009406936
1995-08-22 12:41:00,1127.437,1026.990961887935
1995-08-22 12:42:00,1086.026,1114.448779754427
1995-08-22 12:43:00,1399.1779999999999,1149.7542283522084
1995-08-22 12:44:00,1791.527,1145.9931839753888
1995-08-22 12:45:00,647.274,1245.1284037063444
1995-08-22 12:46:00,410.767,1083.887024033292
1995-08-22 12:47:00,1716.077,1023.4119840445345
1995-08-22 12:48:00,1139.567,1283.984971374903
1995-08-22 12:49:00,1608.86,1186.6216221531736
1995-08-22 12:50:00,1777.169,1202.666521048607
1995-08-22 12:51:00,1242.394,1336.9286880314987
1995-08-22 12:52:00,957.63,1335.1336103416972
1995-08-22 12:53:00,378.709,1252.207007554587
1995-08-22 12:54:00,547.454,1129.3535350093816
1995-08-22 12:55:00,300.486,1052.7696616962087
1995-08-22 12:56:00,951.833,904.1440604561744
1995-08-22 12:57:00,1727.995,991.7936661411758
1995-08-22 12:58:00,1367.075,1060.2078995530098
1995-08-22 12:59:00,1004.184,1214.2345513359037
1995-08-22 13:00:00,1952.3669999999997,1202.1145769561547
1995-08-22 13:01:00,947.5020000000001,1364.596561243794
1995-08-22 13:02:00,2144.929,1227.0409964271657
1995-08-22 13:03:00,591.922,1285.934151376487
1995-08-22 13:04:00,689.139,1132.5258942590922
1995-08-22 13:05:00,1216.619,1177.1881158002116
1995-08-22 13:06:00,476.026,1305.4687801857572
1995-08-22 13:07:00,797.414,1179.0574209711172
1995-08-22 13:08:00,1543.607,1142.1178983270781
1995-08-22 13:09:00,1517.486,1147.141186746455
1995-08-22 13:10:00,1114.083,1230.128202200115
1995-08-22 13:11:00,1726.742,1348.8165412224985
1995-08-22 13:12:00,1597.1970000000001,1315.5189205181189
1995-08-22 13:13:00,1428.312,1235.7914425620875
1995-08-22 13:14:00,1683.542,1390.5654205164062
1995-08-22 13:15:00,570.416,1403.447430282096
1995-08-22 13:16:00,701.523,1088.383648495933
1995-08-22 13:17:00,793.521,1141.1604241864723
1995-08-22 13:18:00,1114.06,1255.595265876154
1995-08-22 13:19:00,970.106,1256.7851837916648
1995-08-22 13:20:00,1315.158,1174.2915695403021
1995-08-22 13:21:00,1729.923,1242.7758191466144
1995-08-22 13:22:00,1791.302,1345.9542482977588
1995-08-22 13:23:00,575.684,1370.2220414193857
1995-08-22 13:24:00,1172.386,1283.8145724651606
1995-08-22 13:25:00,1955.323,1274.1729446036563
1995-08-22 13:26:00,1333.615,1310.6558336629546
1995-08-22 13:27:00,2492.212,1348.0997286090994
1995-08-22 13:28:00,1108.554,1554.5704485478304
1995-08-22 13:29:00,901.342,1465.9067044400465
1995-08-22 13:30:00,536.755,1391.0192324453553
1995-08-22 13:31:00,435.303,1390.1213252967991
1995-08-22 13:32:00,1215.791,1217.8800086534368
1995-08-22 13:33:00,1197.77,1279.0322378565234
1995-08-22 13:34:00,1382.932,1350.2033492091
1995-08-22 13:35:00,1321.944,1356.4175103821847
1995-08-22 13:36:00,1584.0929999999998,1308.0950598282536
1995-08-22 13:37:00,409.249,1380.7295400149603
1995-08-22 13:38:00,2440.69,1186.6639995343091
1995-08-22 13:39:00,1979.2289999999998,1264.2540370273923
1995-08-22 13:40:00,557.933,1204.2367205699236
1995-08-22 13:41:00,600.629,1262.3914118571154
1995-08-22 13:42:00,1967.1989999999998,1184.5002215375337
1995-08-22 13:43:00,1241.373,1295.6022285368697
1995-08-22 13:44:00,790.076,1287.4773762911952
1995-08-22 13:45:00,957.442,1125.2493021158846
1995-08-22 13:46:00,1936.827,1255.4507715193522
1995-08-22 13:47:00,1365.776,1313.1968545413085
1995-08-22 13:48:00,977.721,1378.5991099532564
1995-08-22 13:49:00,772.728,1250.2019275609637
1995-08-22 13:50:00,646.962,1111.822871715185
1995-08-22 13:51:00,902.479,1129.6389299427885
1995-08-22 13:52:00,502.456,1091.2530346447243
1995-08-22 13:53:00,865.5939999999999,1131.8887116908854
1995-08-22 13:54:00,1951.4010000000003,1099.5767156901031
1995-08-22 13:55:00,272.616,1258.7364276582007
1995-08-22 13:56:00,913.358,939.6474826100026
1995-08-22 13:57:00,320.462,1070.6204427621544
1995-08-22 13:58:00,835.995,831.742104556515
1995-08-22 13:59:00,247.02100000000002,1026.9330266600882
1995-08-22 14:00:00,723.475,752.6580653958739
1995-08-22 14:01:00,987.264,821.722640855236
1995-08-22 14:02:00,717.032,892.5272905609513
1995-08-22 14:03:00,424.67,829.0925369830709
1995-08-22 14:04:00,872.501,944.9686823732409
1995-08-22 14:05:00,1598.9930000000002,856.2718138278815
1995-08-22 14:06:00,906.715,1100.1952623830632
1995-08-22 14:07:00,2307.812,1121.9210650300008
1995-08-22 14:08:00,961.277,1213.6344130316174
1995-08-22 14:09:00,838.638,1200.5947962130185
1995-08-22 14:10:00,2177.474,1171.5414583935278
1995-08-22 14:11:00,1107.92,1194.8570028052554
1995-08-22 14:12:00,465.419,1141.9775800886969
1995-08-22 14:13:00,2035.06,1114.9968844300665
1995-08-22 14:14:00,1475.123,1299.211379158401
1995-08-22 14:15:00,1661.841,1287.9957548755076
1995-08-22 14:16:00,1009.232,1290.1023023087357
1995-08-22 14:17:00,929.798,1263.9250161747277
1995-08-22 14:18:00,1410.1109999999999,1062.1992278470775
1995-08-22 14:19:00,1011.2719999999999,1138.217901701636
1995-08-22 14:20:00,302.925,1165.3147921498928
1995-08-22 14:21:00,1701.327,908.2521100248656
1995-08-22 14:22:00,846.554,955.0076253349474
1995-08-22 14:23:00,475.008,1128.5797346951003
1995-08-22 14:24:00,500.122,1126.305888792653
1995-08-22 14:25:00,780.563,998.1039418471839
1995-08-22 14:26:00,1320.187,1026.619459024564
1995-08-22 14:27:00,436.84499999999997,1195.7090906262288
1995-08-22 14:28:00,967.145,973.7706641713086
1995-08-22 14:29:00,579.564,990.9882213011011
1995-08-22 14:30:00,303.77,994.9128534374989
1995-08-22 14:31:00,258.362,970.4107958090273
1995-08-22 14:32:00,563.108,890.4708539086183
1995-08-22 14:33:00,868.841,780.0423633409873
1995-08-22 14:34:00,722.212,905.4078249024863
1995-08-22 14:35:00,737.668,842.8791805220084
1995-08-22 14:36:00,168.442,896.1764925013189
1995-08-22 14:37:00,580.722,741.2415306169154
1995-08-22 14:38:00,419.721,809.0668597563342
1995-08-22 14:39:00,570.0409999999999,707.2975099783147
1995-08-22 14:40:00,1187.8990000000001,746.3187226414944
1995-08-22 14:41:00,545.359,854.5661675393276
1995-08-22 14:42:00,909.784,861.9920733378982
1995-08-22 14:43:00,595.715,893.9068422807026
1995-08-22 14:44:00,1489.4440000000002,856.6801085447383
1995-08-22 14:45:00,783.911,997.4171568164626
1995-08-22 14:46:00,918.3919999999999,948.7273050923708
1995-08-22 14:47:00,243.24900000000002,1013.9905067085945
1995-08-22 14:48:00,950.505,824.4995378589258
1995-08-22 14:49:00,783.035,911.3193918217202
1995-08-22 14:50:00,379.846,940.673696026462
1995-08-22 14:51:00,1869.864,809.0738351781046
1995-08-22 14:52:00,976.139,1028.0297268081958
1995-08-22 14:53:00,1664.565,1129.2257119240924
1995-08-22 14:54:00,1841.868,1168.3707334522878
1995-08-22 14:55:00,1067.402,1111.9668847486294
1995-08-22 14:56:00,536.485,1221.5388982838972
1995-08-22 14:57:00,578.3820000000001,1030.0193798463058
1995-08-22 14:58:00,854.379,958.6562518470828
1995-08-22 14:59:00,885.486,1036.947563242724
1995-08-22 15:00:00,680.548,1006.2914590466517
1995-08-22 15:01:00,525.919,983.0988072781237
1995-08-22 15:02:00,832.89,848.8918068568446
1995-08-22 15:03:00,2127.552,981.3619032989075
1995-08-22 15:04:00,1810.082,1101.2318973731155
1995-08-22 15:05:00,1175.4379999999999,1165.2149719383417
1995-08-22 15:06:00,1724.076,1216.9916381442056
1995-08-22 15:07:00,971.33,1298.9816065170335
1995-08-22 15:08:00,260.645,1225.8654732672442
1995-08-22 15:09:00,397.701,966.2112149374259
1995-08-22 15:10:00,234.733,850.4335664311932
1995-08-22 15:11:00,987.179,708.8040030585391
1995-08-22 15:12:00,895.7729999999999,913.7817534382382
1995-08-22 15:13:00,776.6170000000001,987.031235241328
1995-08-22 15:14:00,858.143,936.295880401794
1995-08-22 15:15:00,1224.792,1216.0712322764232
1995-08-22 15:16:00,429.007,1302.29585020991
1995-08-22 15:17:00,1358.579,937.3571354981926
1995-08-22 15:18:00,888.973,958.6188928570883
1995-08-22 15:19:00,547.942,1181.9130402764756
1995-08-22 15:20:00,1707.869,973.4967295707725
1995-08-22 15:21:00,466.265,1170.275582239495
1995-08-22 15:22:00,908.6,1014.7548653871116
1995-08-22 15:23:00,773.706,1136.209795982389
1995-08-22 15:24:00,734.212,1061.5299834944763
1995-08-22 15:25:00,1036.914,1097.0792680221539
1995-08-22 15:26:00,885.395,1091.0270102447046
1995-08-22 15:27:00,1443.573,1091.5256182701369
1995-08-22 15:28:00,1730.111,1138.2945335035392
1995-08-22 15:29:00,936.977,1072.1819624202237
1995-08-22 15:30:00,640.14,1169.4528744928284
1995-08-22 15:31:00,1597.425,1073.1195843629548
1995-08-22 15:32:00,1300.676,1238.7287208382015
1995-08-22 15:33:00,1263.877,1251.5277326091734
1995-08-22 15:34:00,761.073,1254.950728699688
1995-08-22 15:35:00,1073.505,1069.3640712922893
1995-08-22 15:36:00,469.882,1048.8894514081312
1995-08-22 15:37:00,486.084,1032.2657170436182
1995-08-22 15:38:00,1584.085,974.542218264193
1995-08-22 15:39:00,419.139,1176.0925743776515
1995-08-22 15:40:00,670.422,970.0785560693938
1995-08-22 15:41:00,670.706,956.4522849738988
1995-08-22 15:42:00,1792.125,933.7580005883879
1995-08-22 15:43:00,325.252,1268.7504657099466
1995-08-22 15:44:00,1749.781,910.7967719212143
1995-08-22 15:45:00,446.046,1025.758208128403
1995-08-22 15:46:00,551.934,764.3286457054198
1995-08-22 15:47:00,1674.612,905.6617276479287
1995-08-22 15:48:00,1665.276,997.1412868368479
1995-08-22 15:49:00,458.03499999999997,1067.5328538161496
1995-08-22 15:50:00,371.689,1007.0760966325432
1995-08-22 15:51:00,1331.5289999999998,830.8022662165101
1995-08-22 15:52:00,1179.696,888.7488397625605
1995-08-22 15:53:00,401.211,1103.6759636201457
1995-08-22 15:54:00,1571.184,927.354914850405
1995-08-22 15:55:00,909.18,998.5098108965157
1995-08-22 15:56:00,1411.06,1100.9816078268245
1995-08-22 15:57:00,1016.952,1127.9134707097733
1995-08-22 15:58:00,1452.614,1226.2988017129562
1995-08-22 15:59:00,928.38,1255.3339643436593
1995-08-22 16:00:00,802.266,1190.8995149793873
1995-08-22 16:01:00,1895.346,1131.1470915324664
1995-08-22 16:02:00,1785.0919999999999,1199.514515040289
1995-08-22 16:03:00,1238.681,1298.1564305078664
1995-08-22 16:04:00,779.274,1348.2569857466442
1995-08-22 16:05:00,4255.244,1233.6203631175613
1995-08-22 16:06:00,450.108,1486.396170011628
1995-08-22 16:07:00,920.6179999999999,1150.4740689402613
1995-08-22 16:08:00,1716.603,1278.7406982201057
1995-08-22 16:09:00,1919.441,1184.030217063105
1995-08-22 16:10:00,1692.4130000000002,1408.2989082779716
1995-08-22 16:11:00,934.056,1265.747921303546
1995-08-22 16:12:00,3021.55,1411.3062633465104
1995-08-22 16:13:00,1778.0339999999999,1810.7910472767912
1995-08-22 16:14:00,2115.569,1632.397596420408
1995-08-22 16:15:00,2444.348,1705.1680896351322
1995-08-22 16:16:00,552.569,1815.107751502547
1995-08-22 16:17:00,2352.255,1525.8490905203143
1995-08-22 16:18:00,2876.138,1673.8482284989393
1995-08-22 16:19:00,4056.8409999999994,1719.3801033079064
1995-08-22 16:20:00,2327.798,1871.211218363398
1995-08-22 16:21:00,2098.59,1831.6925577538675
1995-08-22 16:22:00,1591.225,1839.432281853518
1995-08-22 16:23:00,1633.011,1790.1319674353351
1995-08-22 16:24:00,1864.942,1763.0752231998515
1995-08-22 16:25:00,2292.455,1727.51692950808
1995-08-22 16:26:00,1743.2749999999999,1743.3440294443556
1995-08-22 16:27:00,1951.91,1700.0575978740283
1995-08-22 16:28:00,1384.684,1695.0021789214684
1995-08-22 16:29:00,695.7109999999999,1783.4328602050152
1995-08-22 16:30:00,460.948,1194.8731676312834
1995-08-22 16:31:00,1619.841,1379.4522150745613
1995-08-22 16:32:00,453.249,1254.4508779416476
1995-08-22 16:33:00,525.754,1246.3137905960782
1995-08-22 16:34:00,1717.972,1143.9409041583997
1995-08-22 16:35:00,744.623,1129.3031535392681
1995-08-22 16:36:00,532.762,1185.484735766346
1995-08-22 16:37:00,871.701,1136.6921628139694
1995-08-22 16:38:00,678.926,1162.5209318694087
1995-08-22 16:39:00,2193.308,1197.986039568371
1995-08-22 16:40:00,2315.61,1181.5856115929157
1995-08-22 16:41:00,604.417,1248.9327302515437
1995-08-22 16:42:00,1066.962,1280.4241800168816
1995-08-22 16:43:00,953.803,1232.208482561585
1995-08-22 16:44:00,2049.526,1230.772480173196
1995-08-22 16:45:00,2071.979,1380.2752422690971
1995-08-22 16:46:00,543.19,1499.6675838251292
1995-08-22 16:47:00,827.571,1232.3543990094997
1995-08-22 16:48:00,1859.4769999999999,1114.5347238895745
1995-08-22 16:49:00,353.704,1331.2051322977195
1995-08-22 16:50:00,1349.8220000000001,1273.4242635218732
1995-08-22 16:51:00,899.91,1265.3942529613103
1995-08-22 16:52:00,1195.221,1078.2865339248644
1995-08-22 16:53:00,725.951,1206.6309749204017
1995-08-22 16:54:00,1264.671,1102.5682340973779
1995-08-22 16:55:00,1350.02,1190.5065963215297
1995-08-22 16:56:00,1595.245,1423.8373925455132
1995-08-22 16:57:00,1116.2069999999999,1362.0025917575858
1995-08-22 16:58:00,1534.54,1336.0624218483829
1995-08-22 16:59:00,922.042,1395.8040605682475
1995-08-22 17:00:00,2593.061,1201.459350317056
1995-08-22 17:01:00,1660.7549999999999,1271.9211188550053
1995-08-22 17:02:00,1230.531,1308.3709728038734
1995-08-22 17:03:00,814.461,1364.581193698731
1995-08-22 17:04:00,483.08,1220.4403265266637
1995-08-22 17:05:00,954.206,1077.0734392425472
1995-08-22 17:06:00,707.029,1221.31223726082
1995-08-22 17:07:00,1266.108,1236.1299023424058
1995-08-22 17:08:00,694.146,1176.2897974373698
1995-08-22 17:09:00,990.196,1110.5552362632131
1995-08-22 17:10:00,867.775,1231.1352137061117
1995-08-22 17:11:00,1041.976,1135.0687379648175
1995-08-22 17:12:00,467.489,1133.0517983667971
1995-08-22 17:13:00,309.268,1009.5699924077933
1995-08-22 17:14:00,339.016,924.4037542594327
1995-08-22 17:15:00,280.566,820.4244257805109
1995-08-22 17:16:00,1057.271,746.9246518622342
1995-08-22 17:17:00,562.839,690.7890175307174
1995-08-22 17:18:00,755.385,733.9008264814995
1995-08-22 17:19:00,928.26,706.9614668797018
1995-08-22 17:20:00,1950.59,837.8088267946413
1995-08-22 17:21:00,1252.507,1007.5410959542028
1995-08-22 17:22:00,962.29,954.9041897442715
1995-08-22 17:23:00,2088.75,1085.8817911672616
1995-08-22 17:24:00,1968.219,1122.7560058518152
1995-08-22 17:25:00,631.556,1284.3614696803495
1995-08-22 17:26:00,2047.0849999999998,1102.204263454775
1995-08-22 17:27:00,2107.078,1243.1707345694767
1995-08-22 17:28:00,466.752,1189.8210872499915
1995-08-22 17:29:00,735.606,1086.1053487907873
1995-08-22 17:30:00,319.734,1130.9763446598647
1995-08-22 17:31:00,616.8059999999999,913.79996784261
1995-08-22 17:32:00,496.272,1051.4703769432706
1995-08-22 17:33:00,552.534,1011.3282166826225
1995-08-22 17:34:00,514.623,749.3126341812813
1995-08-22 17:35:00,421.668,896.9801092241956
1995-08-22 17:36:00,529.752,803.0805819785363
1995-08-22 17:37:00,556.577,832.782691999657
1995-08-22 17:38:00,597.1419999999999,842.7254325341588
1995-08-22 17:39:00,627.059,869.4957830345353
1995-08-22 17:40:00,717.982,924.0952381560566
1995-08-22 17:41:00,511.867,860.6484984853789
1995-08-22 17:42:00,702.0479999999999,805.7490707890177
1995-08-22 17:43:00,465.507,728.4643886873246
1995-08-22 17:44:00,369.78000000000003,657.0155123499445
1995-08-22 17:45:00,834.973,654.2439639892124
1995-08-22 17:46:00,703.448,810.0068864341633
1995-08-22 17:47:00,94.467,722.9402656037403
1995-08-22 17:48:00,1539.583,667.831052558244
1995-08-22 17:49:00,982.403,775.6835327326103
1995-08-22 17:50:00,1275.344,845.9456924152948
1995-08-22 17:51:00,1095.79,1032.0382147208984
1995-08-22 17:52:00,699.414,1098.9062206641524
1995-08-22 17:53:00,607.072,1019.3662733890939
1995-08-22 17:54:00,727.307,1035.7448744523724
1995-08-22 17:55:00,1858.4299999999998,902.6995112768822
1995-08-22 17:56:00,532.024,999.7188372041414
1995-08-22 17:57:00,324.118,851.3001343727648
1995-08-22 17:58:00,602.995,748.4596761263869
1995-08-22 17:59:00,1666.6719999999998,779.2822457314267
1995-08-22 18:00:00,854.251,834.207808125353
1995-08-22 18:01:00,959.932,834.8982643071763
1995-08-22 18:02:00,317.823,875.2094948765593
1995-08-22 18:03:00,852.346,721.6682331560256
1995-08-22 18:04:00,1509.008,792.4378183423813
1995-08-22 18:05:00,491.28000000000003,781.8389110029614
1995-08-22 18:06:00,1584.246,874.0724139281343
1995-08-22 18:07:00,918.124,847.7157282225126
1995-08-22 18:08:00,1962.238,941.3757831265779
1995-08-22 18:09:00,2569.548,1045.6915851812219
1995-08-22 18:10:00,944.861,1222.661634103136
1995-08-22 18:11:00,551.025,1058.1413388720623
1995-08-22 18:12:00,355.266,1025.4456666363124
1995-08-22 18:13:00,538.968,833.7555806046425
1995-08-22 18:14:00,316.3,857.6737158933853
1995-08-22 18:15:00,2123.432,848.3712612153723
1995-08-22 18:16:00,602.798,944.7099834116719
1995-08-22 18:17:00,550.349,910.2770989165366
1995-08-22 18:18:00,502.032,925.4244327061974
1995-08-22 18:19:00,674.5649999999999,870.3172793776031
1995-08-22 18:20:00,88.365,863.4371228586832
1995-08-22 18:21:00,1140.49,713.2547388683695
1995-08-22 18:22:00,1268.185,791.5908818517967
1995-08-22 18:23:00,227.31199999999998,926.773448594678
1995-08-22 18:24:00,356.752,773.2711188084551
1995-08-22 18:25:00,426.745,740.4485902778897
1995-08-22 18:26:00,64.229,705.0750879266419
1995-08-22 18:27:00,350.07800000000003,613.7628593172614
1995-08-22 18:28:00,749.6129999999999,634.7134335274446
1995-08-22 18:29:00,301.335,676.5466044761894
1995-08-22 18:30:00,1980.17,601.8135318536335
1995-08-22 18:31:00,397.851,756.5036181884846
1995-08-22 18:32:00,427.23699999999997,597.8660417242005
1995-08-22 18:33:00,350.829,581.1694255610763
1995-08-22 18:34:00,183.606,604.8651456334163
1995-08-22 18:35:00,3374.6890000000003,630.0031594121913
1995-08-22 18:36:00,286.902,780.802955999132
1995-08-22 18:37:00,676.137,755.7909769942587
1995-08-22 18:38:00,823.457,824.7083683845971
1995-08-22 18:39:00,719.52,923.0345674143757
1995-08-22 18:40:00,677.053,866.4560643592372
1995-08-22 18:41:00,2176.38,858.2456241817083
1995-08-22 18:42:00,1167.176,765.927080169588
1995-08-22 18:43:00,181.53199999999998,886.9230198291507
1995-08-22 18:44:00,314.505,715.9153608098081
1995-08-22 18:45:00,2241.94,662.9348386855573
1995-08-22 18:46:00,1413.895,779.7725395046757
1995-08-22 18:47:00,2090.18,902.3745538637353
1995-08-22 18:48:00,2274.9,986.8221960934823
1995-08-22 18:49:00,1517.291,976.1915253886333
1995-08-22 18:50:00,308.637,1049.9966260786123
1995-08-22 18:51:00,653.418,844.0583359319995
1995-08-22 18:52:00,759.593,836.6876952306708
1995-08-22 18:53:00,924.288,1008.8693243718384
1995-08-22 18:54:00,730.976,1066.3997585487396
1995-08-22 18:55:00,544.12,932.8340564279187
1995-08-22 18:56:00,971.478,845.5698500151369
1995-08-22 18:57:00,1092.024,983.4148418635948
1995-08-22 18:58:00,1578.202,1073.9831527794856
1995-08-22 18:59:00,321.987,1056.756112168684
1995-08-22 19:00:00,516.576,885.4935481509482
1995-08-22 19:01:00,1072.099,928.79607113198
1995-08-22 19:02:00,554.602,1010.0489886532504
1995-08-22 19:03:00,2736.158,930.2185506296443
1995-08-22 19:04:00,720.516,1146.9917727495097
1995-08-22 19:05:00,358.2,961.1896080782446
1995-08-22 19:06:00,413.02,927.7744909902469
1995-08-22 19:07:00,1617.309,770.1291758145189
1995-08-22 19:08:00,1155.81,877.4820409684739
1995-08-22 19:09:00,949.294,955.3199295718797
1995-08-22 19:10:00,804.905,925.6867036063122
1995-08-22 19:11:00,460.715,1043.0788793057243
1995-08-22 19:12:00,816.986,1012.9110666788538
1995-08-22 19:13:00,694.425,812.329986731536
1995-08-22 19:14:00,1022.5819999999999,790.9051718232923
1995-08-22 19:15:00,383.736,830.2229131064912
1995-08-22 19:16:00,89.216,742.4180004118083
1995-08-22 19:17:00,83.144,600.8601238315312
1995-08-22 19:18:00,1339.2440000000001,520.9928276066476
1995-08-22 19:19:00,373.818,592.2569780713796
1995-08-22 19:20:00,203.205,674.5086658457519
1995-08-22 19:21:00,397.576,542.3627818092718
1995-08-22 19:22:00,263.894,656.2924986708329
1995-08-22 19:23:00,572.681,596.1669537743609
1995-08-22 19:24:00,383.146,602.5290624973012
1995-08-22 19:25:00,1163.315,534.4382719345854
1995-08-22 19:26:00,1047.566,568.1041124049109
1995-08-22 19:27:00,113.588,586.1976372022172
1995-08-22 19:28:00,207.47,513.7883811591896
1995-08-22 19:29:00,1285.17,498.062209955304
1995-08-22 19:30:00,671.824,636.2295475810187
1995-08-22 19:31:00,627.984,696.774363023109
1995-08-22 19:32:00,255.731,671.6899387566478
1995-08-22 19:33:00,650.91,584.6378355402701
1995-08-22 19:34:00,294.044,627.5421146493184
1995-08-22 19:35:00,373.47700000000003,623.6240962086976
1995-08-22 19:36:00,188.534,484.147868619785
1995-08-22 19:37:00,516.126,449.669099535197
1995-08-22 19:38:00,147.57,518.0585882747663
1995-08-22 19:39:00,119.777,436.09081968888586
1995-08-22 19:40:00,126.735,393.70332742626164
1995-08-22 19:41:00,177.499,496.9906602406801
1995-08-22 19:42:00,279.39099999999996,435.6271835319954
1995-08-22 19:43:00,442.433,383.14347865499445
1995-08-22 19:44:00,437.948,411.2619556901578
1995-08-22 19:45:00,541.361,517.3441201393516
1995-08-22 19:46:00,272.752,530.5880361939704
1995-08-22 19:47:00,146.21200000000002,577.1101519131182
1995-08-22 19:48:00,1094.126,516.0196100980269
1995-08-22 19:49:00,740.328,545.5910403384722
1995-08-22 19:50:00,429.26800000000003,638.8423893234451
1995-08-22 19:51:00,422.60200000000003,629.6639495736578
1995-08-22 19:52:00,718.923,590.2677356701662
1995-08-22 19:53:00,1241.952,658.6882868486272
1995-08-22 19:54:00,319.473,747.7946622618047
1995-08-22 19:55:00,442.68,598.76453939851
1995-08-22 19:56:00,464.423,579.7225651213157
1995-08-22 19:57:00,320.512,551.6045620901916
1995-08-22 19:58:00,218.127,595.1047237415775
1995-08-22 19:59:00,444.55,494.5511759833053
1995-08-22 20:00:00,233.883,508.18973863126485
1995-08-22 20:01:00,489.877,533.0778369917996
1995-08-22 20:02:00,521.706,625.9056165906156
1995-08-22 20:03:00,630.478,593.2209252494407
1995-08-22 20:04:00,305.43699999999995,632.3868348632458
1995-08-22 20:05:00,517.111,585.3245682216144
1995-08-22 20:06:00,403.085,648.4158148191206
1995-08-22 20:07:00,516.94,621.3744666351741
1995-08-22 20:08:00,554.97,659.4309324123692
1995-08-22 20:09:00,1788.33,704.8892064834671
1995-08-22 20:10:00,683.281,794.2619233146917
1995-08-22 20:11:00,866.945,750.6158361725725
1995-08-22 20:12:00,1622.963,827.4681544156402
1995-08-22 20:13:00,1203.944,918.9678505684399
1995-08-22 20:14:00,1677.091,906.4764605739754
1995-08-22 20:15:00,2193.484,913.5378936497093
1995-08-22 20:16:00,1731.312,885.8569949315331
1995-08-22 20:17:00,118.07600000000001,887.3853652178623
1995-08-22 20:18:00,879.659,685.3286348672136
1995-08-22 20:19:00,630.853,763.603879319605
1995-08-22 20:20:00,1824.886,772.4592849842375
1995-08-22 20:21:00,658.568,1005.4903194914754
1995-08-22 20:22:00,256.829,831.3419965111401
1995-08-22 20:23:00,441.267,745.1548242882153
1995-08-22 20:24:00,290.227,703.0057189931598
1995-08-22 20:25:00,1561.347,686.3430284929234
1995-08-22 20:26:00,425.488,731.105850388987
1995-08-22 20:27:00,1509.787,693.0241130770038
1995-08-22 20:28:00,1306.192,715.3467680757842
1995-08-22 20:29:00,966.231,784.7205572859606
1995-08-22 20:30:00,509.788,798.4688318180547
1995-08-22 20:31:00,342.363,814.2549668082343
1995-08-22 20:32:00,428.919,680.917340169595
1995-08-22 20:33:00,354.273,757.1542717391595
1995-08-22 20:34:00,1003.026,714.8953528585324
1995-08-22 20:35:00,589.2379999999999,886.8911734487906
1995-08-22 20:36:00,507.305,723.9863972950645
1995-08-22 20:37:00,758.551,681.9401141435338
1995-08-22 20:38:00,684.838,687.4131138836387
1995-08-22 20:39:00,965.785,731.4961536177698
1995-08-22 20:40:00,884.056,795.4109095541997
1995-08-22 20:41:00,2361.6050000000005,824.4014991458376
1995-08-22 20:42:00,937.021,823.0597300812339
1995-08-22 20:43:00,576.172,915.4294318693467
1995-08-22 20:44:00,210.11499999999998,819.695213428096
1995-08-22 20:45:00,267.789,667.0759929386511
1995-08-22 20:46:00,604.395,603.4889909762977
1995-08-22 20:47:00,236.30499999999998,660.7405577879697
1995-08-22 20:48:00,159.553,546.1555920552944
1995-08-22 20:49:00,93.408,476.71543029115566
1995-08-22 20:50:00,750.8910000000001,447.00541367791004
1995-08-22 20:51:00,727.486,502.17067996591544
1995-08-22 20:52:00,307.675,544.0713532979826
1995-08-22 20:53:00,499.099,493.898428058387
1995-08-22 20:54:00,204.379,512.1850880059621
1995-08-22 20:55:00,1201.374,538.1050418971165
1995-08-22 20:56:00,1639.6650000000002,554.5485694209254
1995-08-22 20:57:00,801.222,639.8990710882509
1995-08-22 20:58:00,490.288,726.3286847010964
1995-08-22 20:59:00,521.921,591.6225845837826
1995-08-22 21:00:00,179.445,633.4474411583146
1995-08-22 21:01:00,426.702,592.2400579864665
1995-08-22 21:02:00,350.942,573.5817485091146
1995-08-22 21:03:00,829.896,568.2984240447855
1995-08-22 21:04:00,739.867,614.1104440228709
1995-08-22 21:05:00,694.421,705.3008867037851
1995-08-22 21:06:00,175.129,719.6362109180151
1995-08-22 21:07:00,942.07,602.8476101187903
1995-08-22 21:08:00,615.098,702.9293335064177
1995-08-22 21:09:00,815.313,690.7126070930432
1995-08-22 21:10:00,321.794,725.8789942360305
1995-08-22 21:11:00,1016.746,653.0760304555929
1995-08-22 21:12:00,548.134,633.9751634190476
1995-08-22 21:13:00,144.893,707.7782520717286
1995-08-22 21:14:00,287.135,562.8287889958664
1995-08-22 21:15:00,965.367,548.1394014594594
1995-08-22 21:16:00,606.008,599.9731580523178
1995-08-22 21:17:00,723.7629999999999,624.846909647793
1995-08-22 21:18:00,368.69,566.4715503481855
1995-08-22 21:19:00,163.526,611.8008782615811
1995-08-22 21:20:00,513.833,554.5655015494501
1995-08-22 21:21:00,321.347,564.509857238337
1995-08-22 21:22:00,317.284,520.1326756518633
1995-08-22 21:23:00,574.073,510.7286639510207
1995-08-22 21:24:00,2226.301,560.4517631724333
1995-08-22 21:25:00,386.536,671.3724692280393
1995-08-22 21:26:00,867.461,596.0265102209474
1995-08-22 21:27:00,1435.7930000000001,720.2538301934014
1995-08-22 21:28:00,286.811,696.7493013193945
1995-08-22 21:29:00,697.061,620.3199363968589
1995-08-22 21:30:00,635.52,660.7261577002552
1995-08-22 21:31:00,733.964,610.1124210639924
1995-08-22 21:32:00,468.628,657.1361350783449
1995-08-22 21:33:00,1596.8600000000001,586.0786844631333
1995-08-22 21:34:00,279.963,606.1256323212128
1995-08-22 21:35:00,615.558,572.1093219669749
1995-08-22 21:36:00,341.975,617.4543767231855
1995-08-22 21:37:00,718.474,568.4398893080098
1995-08-22 21:38:00,967.694,692.9263408401099
1995-08-22 21:39:00,466.065,755.116169926509
1995-08-22 21:40:00,753.804,731.3357567125132
1995-08-22 21:41:00,365.701,747.8857906321643
1995-08-22 21:42:00,622.524,697.1069380457368
1995-08-22 21:43:00,675.5699999999999,682.5234435400845
1995-08-22 21:44:00,451.252,679.1064308639034
1995-08-22 21:45:00,1920.6470000000002,613.5866539955816
1995-08-22 21:46:00,690.718,733.7758423671354
1995-08-22 21:47:00,271.93600000000004,715.3228176542864
1995-08-22 21:48:00,276.414,603.9541804569858
1995-08-22 21:49:00,681.2139999999999,567.4423723476835
1995-08-22 21:50:00,629.003,699.746900341161
1995-08-22 21:51:00,329.439,796.5931511139929
1995-08-22 21:52:00,369.282,646.7015264132967
1995-08-22 21:53:00,841.547,644.2716154560703
1995-08-22 21:54:00,437.88300000000004,855.7877496902507
1995-08-22 21:55:00,237.37,628.2392782664886
1995-08-22 21:56:00,254.113,644.6073690421493
1995-08-22 21:57:00,833.833,545.3798766781347
1995-08-22 21:58:00,727.774,655.4225987309976
1995-08-22 21:59:00,541.559,687.3790167917023
1995-08-22 22:00:00,587.7620000000001,731.2361267932896
1995-08-22 22:01:00,650.491,631.464107096699
1995-08-22 22:02:00,613.5649999999999,683.9464788904321
1995-08-22 22:03:00,164.37199999999999,667.2373041417367
1995-08-22 22:04:00,319.171,595.8428801932886
1995-08-22 22:05:00,324.868,561.524096474465
1995-08-22 22:06:00,84.892,549.5818721116713
1995-08-22 22:07:00,586.343,477.5386014604878
1995-08-22 22:08:00,746.597,568.4369278258149
1995-08-22 22:09:00,561.37,520.0159645284416
1995-08-22 22:10:00,727.391,643.4910086199537
1995-08-22 22:11:00,790.818,674.9111618874524
1995-08-22 22:12:00,142.048,682.2329171139011
1995-08-22 22:13:00,1590.801,544.1781052138181
1995-08-22 22:14:00,602.6320000000001,612.1494893211161
1995-08-22 22:15:00,309.467,631.3239582342502
1995-08-22 22:16:00,643.461,615.893670945534
1995-08-22 22:17:00,589.561,539.6101567408683
1995-08-22 22:18:00,646.642,543.535697119439
1995-08-22 22:19:00,246.412,636.5428063079926
1995-08-22 22:20:00,549.634,632.6530058788442
1995-08-22 22:21:00,627.579,647.5336310570485
1995-08-22 22:22:00,550.962,680.0490225555025
1995-08-22 22:23:00,364.858,692.59136812954
1995-08-22 22:24:00,543.42,634.155025379052
1995-08-22 22:25:00,344.152,636.0887987555085
1995-08-22 22:26:00,406.341,548.9154008639764
1995-08-22 22:27:00,212.62,514.3987029935834
1995-08-22 22:28:00,550.63,540.5375338674434
1995-08-22 22:29:00,586.852,491.2474538146388
1995-08-22 22:30:00,348.839,494.0281509177817
1995-08-22 22:31:00,491.803,546.223757997841
1995-08-22 22:32:00,1155.941,602.6549360205148
1995-08-22 22:33:00,931.404,614.7176120070911
1995-08-22 22:34:00,1088.8980000000001,705.1731059851558
1995-08-22 22:35:00,533.285,633.1770774298959
1995-08-22 22:36:00,432.03499999999997,627.7128634247166
1995-08-22 22:37:00,371.364,584.7011342468735
1995-08-22 22:38:00,119.987,582.3702671490222
1995-08-22 22:39:00,436.032,498.89968573982736
1995-08-22 22:40:00,430.72,489.9222418347439
1995-08-22 22:41:00,844.475,448.32892486611826
1995-08-22 22:42:00,364.31,454.50549796910343
1995-08-22 22:43:00,73.902,487.73461676046173
1995-08-22 22:44:00,106.513,429.3628486213558
1995-08-22 22:45:00,1728.5439999999999,401.8755240785635
1995-08-22 22:46:00,146.109,487.96822245700565
1995-08-22 22:47:00,269.931,471.0930682335094
1995-08-22 22:48:00,352.752,479.644322936614
1995-08-22 22:49:00,849.6569999999999,483.1842673027688
1995-08-22 22:50:00,1281.336,504.3480902353283
1995-08-22 22:51:00,449.812,505.9417108422678
1995-08-22 22:52:00,563.655,563.1078365569435
1995-08-22 22:53:00,231.611,612.5074318105869
1995-08-22 22:54:00,179.425,521.025926725219
1995-08-22 22:55:00,362.257,510.95714344443746
1995-08-22 22:56:00,109.45599999999999,520.0224249255751
1995-08-22 22:57:00,199.726,443.7100192631423
1995-08-22 22:58:00,477.714,471.57205346190335
1995-08-22 22:59:00,354.122,557.0501547831359
1995-08-22 23:00:00,655.916,561.2717300643188
1995-08-22 23:01:00,365.95500000000004,633.6873123244837
1995-08-22 23:02:00,659.393,520.875579988539
1995-08-22 23:03:00,523.816,599.3310382081579
1995-08-22 23:04:00,167.081,591.7448861142304
1995-08-22 23:05:00,163.734,517.4171023611221
1995-08-22 23:06:00,251.602,464.8708142012154
1995-08-22 23:07:00,279.057,433.5061347085078
1995-08-22 23:08:00,272.188,503.6949503072779
1995-08-22 23:09:00,316.654,559.3016065567083
1995-08-22 23:10:00,189.482,511.2288062622063
1995-08-22 23:11:00,230.127,501.6486457856805
1995-08-22 23:12:00,554.369,570.9084021624429
1995-08-22 23:13:00,496.839,605.2565491531926
1995-08-22 23:14:00,112.01799999999999,534.4269854919298
1995-08-22 23:15:00,544.326,441.7042254502461
1995-08-22 23:16:00,328.949,544.944322106475
1995-08-22 23:17:00,533.165,503.3868062702338
1995-08-22 23:18:00,631.869,559.3937967449716
1995-08-22 23:19:00,730.726,576.8223448809122
1995-08-22 23:20:00,95.187,544.40994700085
1995-08-22 23:21:00,498.366,543.9572051789629
1995-08-22 23:22:00,578.3059999999999,491.3178894012062
1995-08-22 23:23:00,75.511,567.9475324813283
1995-08-22 23:24:00,147.31300000000002,467.9370454538972
1995-08-22 23:25:00,487.054,396.6474607577393
1995-08-22 23:26:00,127.623,436.8758045135971
1995-08-22 23:27:00,1433.352,409.2152822556867
1995-08-22 23:28:00,97.231,441.81834370088313
1995-08-22 23:29:00,55.952,414.84271700829686
1995-08-22 23:30:00,114.75,374.6954888478871
1995-08-22 23:31:00,245.421,351.95724843537636
1995-08-22 23:32:00,272.732,348.45352128274567
1995-08-22 23:33:00,309.169,403.39636841689384
1995-08-22 23:34:00,382.692,391.9533687426756
1995-08-22 23:35:00,299.43399999999997,425.89792825540485
1995-08-22 23:36:00,198.574,435.18709350287463
1995-08-22 23:37:00,1430.776,468.47403585048636
1995-08-22 23:38:00,99.30499999999999,483.2512890627574
1995-08-22 23:39:00,748.831,430.1369003118535
1995-08-22 23:40:00,333.716,447.75142937342974
1995-08-22 23:41:00,1396.0410000000002,451.63746119619213
1995-08-22 23:42:00,361.347,456.58910822407773
1995-08-22 23:43:00,544.048,507.33709485692407
1995-08-22 23:44:00,268.488,459.34311532647854
1995-08-22 23:45:00,164.602,497.6464407864626
1995-08-22 23:46:00,189.456,458.1525146644783
1995-08-22 23:47:00,406.619,470.756246973254
1995-08-22 23:48:00,588.99,427.9622516712284
1995-08-22 23:49:00,100.52,490.7766064420187
1995-08-22 23:50:00,561.989,432.46229510039416
1995-08-22 23:51:00,221.773,496.39828438008334
1995-08-22 23:52:00,25.754,501.8971841600423
1995-08-22 23:53:00,259.912,412.53105829627924
1995-08-22 23:54:00,319.726,499.1102966984544
1995-08-22 23:55:00,436.101,384.71374903030755
1995-08-22 23:56:00,334.91,413.7702545639075
1995-08-22 23:57:00,283.098,450.4325108851076
1995-08-22 23:58:00,148.601,446.5242428312485
