timestamp,y_bytes_imp_t1,predicted
1995-08-16 00:00:00,155.946,1040.2897634052224
1995-08-16 00:01:00,325.66299999999995,700.105375126799
1995-08-16 00:02:00,181.711,640.5738230330528
1995-08-16 00:03:00,213.621,724.4467963086051
1995-08-16 00:04:00,303.77,800.8844927186353
1995-08-16 00:05:00,715.002,680.7658473690387
1995-08-16 00:06:00,117.61699999999999,630.6546933065387
1995-08-16 00:07:00,204.34,552.8580100156565
1995-08-16 00:08:00,160.00799999999998,627.7305236179897
1995-08-16 00:09:00,202.59,589.0797459649675
1995-08-16 00:10:00,92.922,632.7335062842296
1995-08-16 00:11:00,234.608,464.87743795890356
1995-08-16 00:12:00,265.058,582.7952858035278
1995-08-16 00:13:00,301.609,524.5015105558867
1995-08-16 00:14:00,248.05100000000002,661.9698786933931
1995-08-16 00:15:00,295.33299999999997,555.432444931523
1995-08-16 00:16:00,114.238,705.157013107494
1995-08-16 00:17:00,532.451,457.4546279944748
1995-08-16 00:18:00,269.753,706.1991466260217
1995-08-16 00:19:00,462.654,593.8010552840668
1995-08-16 00:20:00,465.998,678.6468573203307
1995-08-16 00:21:00,80.38699999999999,553.5247490660083
1995-08-16 00:22:00,479.832,637.1640640286809
1995-08-16 00:23:00,269.485,681.6972985269863
1995-08-16 00:24:00,869.8789999999999,657.3357138314494
1995-08-16 00:25:00,331.93399999999997,852.660627065287
1995-08-16 00:26:00,515.7139999999999,939.6493787917202
1995-08-16 00:27:00,405.683,977.0975963494545
1995-08-16 00:28:00,387.53499999999997,818.4632745287971
1995-08-16 00:29:00,612.249,830.4537332938938
1995-08-16 00:30:00,160.473,853.1925277862235
1995-08-16 00:31:00,1138.6280000000002,779.8360764190603
1995-08-16 00:32:00,284.748,849.7474617036684
1995-08-16 00:33:00,318.382,961.8082398459755
1995-08-16 00:34:00,179.179,968.5078391413049
1995-08-16 00:35:00,359.375,757.2766772032033
1995-08-16 00:36:00,333.24,854.6464112972125
1995-08-16 00:37:00,168.511,917.1243335492335
1995-08-16 00:38:00,542.421,917.0277236894351
1995-08-16 00:39:00,365.12,953.7118633780963
1995-08-16 00:40:00,883.2819999999999,895.4982831569087
1995-08-16 00:41:00,388.519,861.5018348415916
1995-08-16 00:42:00,701.522,841.2170608118557
1995-08-16 00:43:00,40.536,815.3627187796016
1995-08-16 00:44:00,232.897,818.4610122849463
1995-08-16 00:45:00,934.642,748.2840733782022
1995-08-16 00:46:00,118.209,764.7348398061051
1995-08-16 00:47:00,1555.595,432.58084921601846
1995-08-16 00:48:00,677.177,737.1135829171074
1995-08-16 00:49:00,1124.3439999999998,742.9475769336826
1995-08-16 00:50:00,562.265,1030.2228127111973
1995-08-16 00:51:00,1626.9199999999998,1000.4906603610136
1995-08-16 00:52:00,1229.809,1188.880991127213
1995-08-16 00:53:00,891.391,1073.3610944786328
1995-08-16 00:54:00,2046.339,1199.6559898677456
1995-08-16 00:55:00,803.419,1237.423901210573
1995-08-16 00:56:00,613.812,1228.9096513338388
1995-08-16 00:57:00,875.951,1167.7547950801934
1995-08-16 00:58:00,1165.426,1205.3471544020883
1995-08-16 00:59:00,1698.218,1401.2645263461416
1995-08-16 01:00:00,480.11600000000004,1473.9052707611859
1995-08-16 01:01:00,1354.6100000000001,1318.3894472770778
1995-08-16 01:02:00,937.4670000000001,1543.91532257702
1995-08-16 01:03:00,930.211,1386.3248323519251
1995-08-16 01:04:00,367.136,1423.1290576658046
1995-08-16 01:05:00,1259.5,1304.4130894851808
1995-08-16 01:06:00,1249.511,1356.2565060462423
1995-08-16 01:07:00,418.75,1300.8914245704125
1995-08-16 01:08:00,1421.359,1308.5271363422407
1995-08-16 01:09:00,1554.5240000000001,1283.4245712143659
1995-08-16 01:10:00,928.192,1282.6992207422609
1995-08-16 01:11:00,996.11,1483.8186311193028
1995-08-16 01:12:00,1438.3,1447.1085738202535
1995-08-16 01:13:00,189.90200000000002,1523.1161020349944
1995-08-16 01:14:00,155.625,1427.3028826285101
1995-08-16 01:15:00,502.46999999999997,1114.0577940462438
1995-08-16 01:16:00,198.421,1137.696452408853
1995-08-16 01:17:00,234.729,1170.4117371731554
1995-08-16 01:18:00,176.06199999999998,965.7807203978548
1995-08-16 01:19:00,447.726,1001.0525286424129
1995-08-16 01:20:00,560.428,1038.9952430411088
1995-08-16 01:21:00,594.886,1030.8171717619948
1995-08-16 01:22:00,413.505,1201.6932104927291
1995-08-16 01:23:00,786.372,1011.7710666462723
1995-08-16 01:24:00,528.656,786.6725551423726
1995-08-16 01:25:00,172.946,1015.8961917559487
1995-08-16 01:26:00,141.911,852.275842632721
1995-08-16 01:27:00,45.491,653.1072770805898
1995-08-16 01:28:00,187.93099999999998,592.6313224219552
1995-08-16 01:29:00,424.371,743.8111912687579
1995-08-16 01:30:00,121.792,676.1123844936417
1995-08-16 01:31:00,568.499,499.3019768526028
1995-08-16 01:32:00,976.666,729.6525410026102
1995-08-16 01:33:00,80.46600000000001,813.0124793039472
1995-08-16 01:34:00,435.15,840.7927585218367
1995-08-16 01:35:00,128.267,578.0806818369153
1995-08-16 01:36:00,218.416,719.9181454197553
1995-08-16 01:37:00,433.154,694.2154993096018
1995-08-16 01:38:00,188.751,827.6287039939754
1995-08-16 01:39:00,225.842,841.4138762971842
1995-08-16 01:40:00,304.403,831.5394004327358
1995-08-16 01:41:00,698.301,734.8365306903961
1995-08-16 01:42:00,557.958,782.8650198831017
1995-08-16 01:43:00,340.51599999999996,1098.0574972687957
1995-08-16 01:44:00,622.5709999999999,893.0521235458378
1995-08-16 01:45:00,414.675,717.625776373404
1995-08-16 01:46:00,180.40599999999998,874.9748871978608
1995-08-16 01:47:00,84.715,692.8647947833209
1995-08-16 01:48:00,278.58000000000004,712.5199468576664
1995-08-16 01:49:00,215.69400000000002,567.5291274106434
1995-08-16 01:50:00,126.139,648.4856317159258
1995-08-16 01:51:00,191.081,702.9080212133167
1995-08-16 01:52:00,389.155,601.3705499923781
1995-08-16 01:53:00,141.77100000000002,698.1588822740258
1995-08-16 01:54:00,658.298,612.032100716148
1995-08-16 01:55:00,567.518,860.1555260214783
1995-08-16 01:56:00,176.946,840.7915760315558
1995-08-16 01:57:00,818.092,809.960514361747
1995-08-16 01:58:00,438.244,696.471333782387
1995-08-16 01:59:00,1408.8950000000002,784.9195157870088
1995-08-16 02:00:00,247.865,893.2835692367502
1995-08-16 02:01:00,1876.6170000000002,889.9549014034694
1995-08-16 02:02:00,95.298,906.8066184161291
1995-08-16 02:03:00,137.454,808.5950693449495
1995-08-16 02:04:00,587.878,630.2859034550985
1995-08-16 02:05:00,161.69,984.4485473668086
1995-08-16 02:06:00,581.677,813.5402593696648
1995-08-16 02:07:00,521.232,706.2009672612926
1995-08-16 02:08:00,345.327,1081.0283189208449
1995-08-16 02:09:00,478.26099999999997,810.8568015502855
1995-08-16 02:10:00,275.127,783.7372387137422
1995-08-16 02:11:00,97.41,824.5742149578945
1995-08-16 02:12:00,971.823,672.6081663016695
1995-08-16 02:13:00,78.53399999999999,886.1144652691905
1995-08-16 02:14:00,280.882,851.0708083382797
1995-08-16 02:15:00,255.929,699.223903325473
1995-08-16 02:16:00,336.093,662.0996199418805
1995-08-16 02:17:00,637.175,785.6831022501287
1995-08-16 02:18:00,50.108000000000004,673.5020706132188
1995-08-16 02:19:00,605.7189999999999,570.9094690788227
1995-08-16 02:20:00,324.32599999999996,585.8907654944251
1995-08-16 02:21:00,353.173,753.8028163485094
1995-08-16 02:22:00,250.292,740.4125715494645
1995-08-16 02:23:00,248.008,716.3982002777167
1995-08-16 02:24:00,433.217,801.0826273909604
1995-08-16 02:25:00,116.619,773.8438538813558
1995-08-16 02:26:00,351.659,572.5319291573328
1995-08-16 02:27:00,152.291,655.2415918630095
1995-08-16 02:28:00,62.805,545.0211947424864
1995-08-16 02:29:00,61.214,497.30204144964284
1995-08-16 02:30:00,9.508000000000001,579.0691257156926
1995-08-16 02:31:00,1031.8509999999999,534.2697036766014
1995-08-16 02:32:00,593.3729999999999,502.06507726093963
1995-08-16 02:33:00,457.123,836.6478214350328
1995-08-16 02:34:00,149.777,745.5723798732022
1995-08-16 02:35:00,273.59000000000003,666.9443286900341
1995-08-16 02:36:00,63.238,715.3646055317936
1995-08-16 02:37:00,160.403,561.4778745847168
1995-08-16 02:38:00,280.92400000000004,543.205898127115
1995-08-16 02:39:00,123.935,589.1284985053632
1995-08-16 02:40:00,214.49099999999999,497.1163620956203
1995-08-16 02:41:00,180.657,571.9490288277312
1995-08-16 02:42:00,95.351,568.4342939723381
1995-08-16 02:43:00,113.657,532.8917902524939
1995-08-16 02:44:00,475.53100000000006,484.87013161700844
1995-08-16 02:45:00,563.915,731.8632483489786
1995-08-16 02:46:00,157.944,798.7759419549591
1995-08-16 02:47:00,76.437,673.4166873772018
1995-08-16 02:48:00,348.158,561.3453797668947
1995-08-16 02:49:00,150.906,441.7331696458264
1995-08-16 02:50:00,509.724,539.5575616538206
1995-08-16 02:51:00,146.734,550.5176704887915
1995-08-16 02:52:00,322.882,393.7874129714292
1995-08-16 02:53:00,270.407,463.9151195769534
1995-08-16 02:54:00,679.285,570.9695256721388
1995-08-16 02:55:00,631.359,640.6973546017562
1995-08-16 02:56:00,615.7909999999999,627.2194630434456
1995-08-16 02:57:00,149.918,789.4605228589018
1995-08-16 02:58:00,96.912,634.2036646368983
1995-08-16 02:59:00,988.703,561.5104283365208
1995-08-16 03:00:00,257.16700000000003,684.638119466955
1995-08-16 03:01:00,146.81199999999998,703.9865728487833
1995-08-16 03:02:00,306.78999999999996,556.0966013744795
1995-08-16 03:03:00,35.038000000000004,612.1076019333881
1995-08-16 03:04:00,84.785,550.9690148425317
1995-08-16 03:05:00,237.25900000000001,549.9641358920453
1995-08-16 03:06:00,1088.819,697.2857116095648
1995-08-16 03:07:00,179.564,569.7187276829214
1995-08-16 03:08:00,110.431,672.7525882444635
1995-08-16 03:09:00,214.67200000000003,591.0052670905819
1995-08-16 03:10:00,377.558,620.3075658642056
1995-08-16 03:11:00,143.959,593.1541365709645
1995-08-16 03:12:00,149.932,530.4771722478732
1995-08-16 03:13:00,221.55599999999998,497.62129928333684
1995-08-16 03:14:00,245.615,616.1272860804484
1995-08-16 03:15:00,417.077,662.1097490615966
1995-08-16 03:16:00,235.15800000000002,662.4601904692414
1995-08-16 03:17:00,288.125,713.3260592440258
1995-08-16 03:18:00,124.349,487.28295686989395
1995-08-16 03:19:00,123.68900000000001,466.6628847382227
1995-08-16 03:20:00,269.558,399.90904690808486
1995-08-16 03:21:00,300.36,663.4845856557871
1995-08-16 03:22:00,232.81900000000002,706.6177307012764
1995-08-16 03:23:00,262.769,582.1016157040042
1995-08-16 03:24:00,277.166,549.2754812352158
1995-08-16 03:25:00,130.977,496.7876437470533
1995-08-16 03:26:00,208.736,407.0805517221413
1995-08-16 03:27:00,48.401,430.2587341228287
1995-08-16 03:28:00,148.106,410.2550894313203
1995-08-16 03:29:00,72.355,332.72725064887464
1995-08-16 03:30:00,210.127,384.91152083002623
1995-08-16 03:31:00,351.584,392.7812851760041
1995-08-16 03:32:00,171.627,661.0906763687283
1995-08-16 03:33:00,204.05300000000003,663.9179580605705
1995-08-16 03:34:00,170.888,607.1992211159157
1995-08-16 03:35:00,593.5250000000001,426.9740974825671
1995-08-16 03:36:00,242.639,664.6027569078493
1995-08-16 03:37:00,236.0,601.6917539115427
1995-08-16 03:38:00,358.072,603.1628909000252
1995-08-16 03:39:00,690.651,687.7382066163829
1995-08-16 03:40:00,249.724,611.9201633237094
1995-08-16 03:41:00,345.883,679.1005839026207
1995-08-16 03:42:00,375.533,628.4922427685665
1995-08-16 03:43:00,138.843,618.6703825508205
1995-08-16 03:44:00,526.975,645.905175733326
1995-08-16 03:45:00,1107.7,900.6056376405475
1995-08-16 03:46:00,181.72500000000002,724.3524662061196
1995-08-16 03:47:00,1384.249,802.1398523647317
1995-08-16 03:48:00,170.71699999999998,712.2249700888518
1995-08-16 03:49:00,775.209,729.6404369719853
1995-08-16 03:50:00,482.179,716.0147667533181
1995-08-16 03:51:00,140.37,800.6890615231816
1995-08-16 03:52:00,65.379,712.1033089101063
1995-08-16 03:53:00,87.07900000000001,594.2790496736519
1995-08-16 03:54:00,411.494,592.7988652330661
1995-08-16 03:55:00,671.056,1032.1023005090146
1995-08-16 03:56:00,125.475,703.931762672386
1995-08-16 03:57:00,405.228,720.1267438674531
1995-08-16 03:58:00,140.27100000000002,678.4521793352833
1995-08-16 03:59:00,633.908,723.1911119488495
1995-08-16 04:00:00,265.036,726.8454672916654
1995-08-16 04:01:00,245.65,766.0191705492762
1995-08-16 04:02:00,333.216,646.8207744502803
1995-08-16 04:03:00,131.217,676.7752381335055
1995-08-16 04:04:00,393.973,572.9704215621589
1995-08-16 04:05:00,458.726,761.9049170274242
1995-08-16 04:06:00,1142.978,717.899509413195
1995-08-16 04:07:00,60.116,860.2262211453917
1995-08-16 04:08:00,237.837,719.0585806383637
1995-08-16 04:09:00,58.303,594.2448900574807
1995-08-16 04:10:00,7.131,476.24481542068975
1995-08-16 04:11:00,60.650999999999996,399.78378352062526
1995-08-16 04:12:00,126.155,405.52028574880865
1995-08-16 04:13:00,36.457,466.48275743838474
1995-08-16 04:14:00,122.302,361.82949516415636
1995-08-16 04:15:00,449.505,365.95578081093765
1995-08-16 04:16:00,193.708,478.04105227554936
1995-08-16 04:17:00,235.10500000000002,589.6127266095585
1995-08-16 04:18:00,566.002,795.2878848637737
1995-08-16 04:19:00,238.219,629.9647445761111
1995-08-16 04:20:00,198.823,615.3348830665553
1995-08-16 04:21:00,201.406,562.6629185014018
1995-08-16 04:22:00,212.915,611.390357740995
1995-08-16 04:23:00,136.652,543.3489035510715
1995-08-16 04:24:00,157.658,456.535952569764
1995-08-16 04:25:00,334.39700000000005,291.3205623910003
1995-08-16 04:26:00,46.741,341.35224630279083
1995-08-16 04:27:00,179.86499999999998,269.54851710137103
1995-08-16 04:28:00,30.872999999999998,223.72877936814257
1995-08-16 04:29:00,264.082,408.39440355132405
1995-08-16 04:30:00,159.2,498.28139390265926
1995-08-16 04:31:00,237.13600000000002,438.88451638085047
1995-08-16 04:32:00,59.382999999999996,573.4089676649795
1995-08-16 04:33:00,81.92,517.3664534061193
1995-08-16 04:34:00,16.015,423.4456447852852
1995-08-16 04:35:00,133.814,294.02034400227853
1995-08-16 04:36:00,247.26,241.52001640024608
1995-08-16 04:37:00,343.81600000000003,488.1308269494012
1995-08-16 04:38:00,19.592,289.7427107608913
1995-08-16 04:39:00,12.059,398.51430337634326
1995-08-16 04:40:00,162.399,323.04524866187614
1995-08-16 04:41:00,52.466,345.6217587126555
1995-08-16 04:42:00,125.244,280.14074348411316
1995-08-16 04:43:00,250.57699999999997,573.6856366760474
1995-08-16 04:44:00,109.29799999999999,440.29431024655287
1995-08-16 04:45:00,243.56400000000002,559.8030006013657
1995-08-16 04:46:00,11.818,381.49848431757454
1995-08-16 04:47:00,27.099,533.2571052468952
1995-08-16 04:48:00,29.377,309.084858705571
1995-08-16 04:49:00,234.976,259.1557802969457
1995-08-16 04:50:00,1157.766,394.825210850127
1995-08-16 04:51:00,14.344000000000001,593.3551588385942
1995-08-16 04:52:00,119.912,400.06829097714046
1995-08-16 04:53:00,352.65500000000003,307.08858537068755
1995-08-16 04:54:00,267.924,557.9840469038637
1995-08-16 04:55:00,3.005,370.82838832047315
1995-08-16 04:56:00,29.039,250.26585107480312
1995-08-16 04:57:00,24.773,332.1846232430125
1995-08-16 04:58:00,4.179,238.75292692332602
1995-08-16 04:59:00,250.62199999999999,258.95258952489644
1995-08-16 05:00:00,8.034,294.2328709955498
1995-08-16 05:01:00,125.77300000000001,241.75664623748287
1995-08-16 05:02:00,5.732,447.0281249706773
1995-08-16 05:03:00,89.977,270.2964020280633
1995-08-16 05:04:00,15.214,149.38408310167617
1995-08-16 05:05:00,52.55,250.38094737514015
1995-08-16 05:06:00,76.20299999999999,275.8514785281834
1995-08-16 05:07:00,49.296,260.6302940739525
1995-08-16 05:08:00,48.92,171.52185614648891
1995-08-16 05:09:00,66.737,247.9924839547532
1995-08-16 05:10:00,74.764,281.1890399312818
1995-08-16 05:11:00,282.823,194.06378562254656
1995-08-16 05:12:00,212.31,271.28835277064655
1995-08-16 05:13:00,16.845,378.7486295269328
1995-08-16 05:14:00,114.21300000000001,313.2950679159273
1995-08-16 05:15:00,101.55199999999999,332.1944688727963
1995-08-16 05:16:00,660.932,353.3965768421298
1995-08-16 05:17:00,144.39100000000002,397.64944113731013
1995-08-16 05:18:00,314.292,424.56207717602535
1995-08-16 05:19:00,255.381,429.4033530460889
1995-08-16 05:20:00,174.524,351.8694424359863
1995-08-16 05:21:00,162.91,364.6812546264185
1995-08-16 05:22:00,198.408,411.1258719955639
1995-08-16 05:23:00,190.166,339.9877830834021
1995-08-16 05:24:00,240.049,376.49681285857264
1995-08-16 05:25:00,94.312,394.92905160301194
1995-08-16 05:26:00,1041.836,376.5368829595352
1995-08-16 05:27:00,148.637,443.80629370411293
1995-08-16 05:28:00,119.523,605.8784186485481
1995-08-16 05:29:00,386.31100000000004,433.6644181810483
1995-08-16 05:30:00,317.426,625.6168973792838
1995-08-16 05:31:00,203.86499999999998,775.4255287057762
1995-08-16 05:32:00,97.32199999999999,587.754332780879
1995-08-16 05:33:00,119.168,428.39498755313144
1995-08-16 05:34:00,117.021,510.5611546652126
1995-08-16 05:35:00,433.444,389.2212967271178
1995-08-16 05:36:00,296.347,518.7526905457687
1995-08-16 05:37:00,464.06800000000004,538.7913413075831
1995-08-16 05:38:00,130.62,722.1339601739653
1995-08-16 05:39:00,171.232,456.2186210016845
1995-08-16 05:40:00,114.026,617.7093874018552
1995-08-16 05:41:00,368.844,462.4188719263467
1995-08-16 05:42:00,583.597,499.20948267231716
1995-08-16 05:43:00,47.223,488.81075519107475
1995-08-16 05:44:00,285.00300000000004,555.719349609028
1995-08-16 05:45:00,1576.158,671.7632562421325
1995-08-16 05:46:00,311.483,376.6151284934795
1995-08-16 05:47:00,29.698,541.4357367983309
1995-08-16 05:48:00,163.84,420.5230922265458
1995-08-16 05:49:00,323.806,462.8662534811574
1995-08-16 05:50:00,282.376,549.2607150289639
1995-08-16 05:51:00,454.702,516.3794048043894
1995-08-16 05:52:00,29.814999999999998,484.09176697753566
1995-08-16 05:53:00,256.96999999999997,503.70965711527396
1995-08-16 05:54:00,278.459,352.6298562959521
1995-08-16 05:55:00,89.761,413.3437164675432
1995-08-16 05:56:00,234.52,595.8487172397946
1995-08-16 05:57:00,1080.518,489.4646450440539
1995-08-16 05:58:00,170.898,601.7558642515572
1995-08-16 05:59:00,58.962,566.751127281276
1995-08-16 06:00:00,84.009,562.4171408205215
1995-08-16 06:01:00,274.846,565.4623349629932
1995-08-16 06:02:00,64.435,523.1294800016012
1995-08-16 06:03:00,255.177,429.4742258598303
1995-08-16 06:04:00,159.459,524.9602143058471
1995-08-16 06:05:00,430.163,591.7008584406367
1995-08-16 06:06:00,95.67,537.4909117227954
1995-08-16 06:07:00,934.274,474.4379618366273
1995-08-16 06:08:00,494.55899999999997,556.9361772381895
1995-08-16 06:09:00,355.269,642.1258136564139
1995-08-16 06:10:00,1745.375,716.4993026751208
1995-08-16 06:11:00,346.276,794.966962390247
1995-08-16 06:12:00,1040.789,808.8589512547351
1995-08-16 06:13:00,26.613,919.3777753165244
1995-08-16 06:14:00,390.273,738.7463985405503
1995-08-16 06:15:00,37.37,707.8638195887959
1995-08-16 06:16:00,122.628,877.9451693819675
1995-08-16 06:17:00,241.387,552.3546063042259
1995-08-16 06:18:00,66.029,684.7435750580596
1995-08-16 06:19:00,168.13400000000001,591.0630609427677
1995-08-16 06:20:00,465.772,555.318918897236
1995-08-16 06:21:00,849.938,516.8755143334699
1995-08-16 06:22:00,191.487,892.2662712851334
1995-08-16 06:23:00,208.727,711.5336138571718
1995-08-16 06:24:00,576.595,758.7778867867746
1995-08-16 06:25:00,848.316,734.1116509697163
1995-08-16 06:26:00,532.68,845.3036754927545
1995-08-16 06:27:00,117.118,836.170708657382
1995-08-16 06:28:00,354.945,783.3619231671828
1995-08-16 06:29:00,774.808,750.5466451822236
1995-08-16 06:30:00,167.168,673.7830642960654
1995-08-16 06:31:00,174.642,705.6948068268968
1995-08-16 06:32:00,610.206,677.5522779331832
1995-08-16 06:33:00,517.987,772.4487667584016
1995-08-16 06:34:00,292.586,769.7622939583695
1995-08-16 06:35:00,1066.579,874.4193138362356
1995-08-16 06:36:00,560.0120000000001,845.6201185101888
1995-08-16 06:37:00,16.68,825.3469780707375
1995-08-16 06:38:00,86.627,900.5520163998882
1995-08-16 06:39:00,93.147,592.4070106295452
1995-08-16 06:40:00,118.67800000000001,642.0997510479382
1995-08-16 06:41:00,40.95,480.7063039646436
1995-08-16 06:42:00,225.06199999999998,451.64572028762325
1995-08-16 06:43:00,604.819,529.1802642189929
1995-08-16 06:44:00,217.676,552.6648933828669
1995-08-16 06:45:00,518.6949999999999,622.039267022537
1995-08-16 06:46:00,687.571,840.3421852559876
1995-08-16 06:47:00,355.964,856.3417720167599
1995-08-16 06:48:00,157.834,782.469784145814
1995-08-16 06:49:00,125.949,765.302959331947
1995-08-16 06:50:00,230.678,533.4447930397919
1995-08-16 06:51:00,257.918,451.70305072795077
1995-08-16 06:52:00,215.91,588.5381526947624
1995-08-16 06:53:00,630.494,550.3556906353897
1995-08-16 06:54:00,82.742,676.1671116715438
1995-08-16 06:55:00,624.1850000000001,743.0539272842349
1995-08-16 06:56:00,505.346,511.17055058591865
1995-08-16 06:57:00,414.607,875.7870114080206
1995-08-16 06:58:00,477.081,689.3788175442653
1995-08-16 06:59:00,249.569,638.637337676689
1995-08-16 07:00:00,222.939,682.0798254443929
1995-08-16 07:01:00,471.712,739.2515972039107
1995-08-16 07:02:00,510.577,897.5467826027311
1995-08-16 07:03:00,169.25600000000003,792.2997873080935
1995-08-16 07:04:00,118.047,663.520827064423
1995-08-16 07:05:00,99.302,545.7787848471927
1995-08-16 07:06:00,6.537,483.4571309160916
1995-08-16 07:07:00,240.395,374.9262888077827
1995-08-16 07:08:00,67.105,654.3413332127775
1995-08-16 07:09:00,181.474,391.3755228094388
1995-08-16 07:10:00,3.646,402.42169613985897
1995-08-16 07:11:00,696.904,354.924467192813
1995-08-16 07:12:00,57.488,525.6469753420274
1995-08-16 07:13:00,361.941,479.24325143179533
1995-08-16 07:14:00,207.061,650.6941475740234
1995-08-16 07:15:00,203.382,741.4329761457341
1995-08-16 07:16:00,516.216,801.190227749209
1995-08-16 07:17:00,311.644,949.1342943327727
1995-08-16 07:18:00,246.528,628.9241416726239
1995-08-16 07:19:00,428.108,541.19243291007
1995-08-16 07:20:00,204.631,455.35321472673104
1995-08-16 07:21:00,197.954,784.5726546771227
1995-08-16 07:22:00,242.148,461.32269030981917
1995-08-16 07:23:00,278.87,573.8219312622473
1995-08-16 07:24:00,183.242,608.3651294948617
1995-08-16 07:25:00,167.94899999999998,635.4673070512251
1995-08-16 07:26:00,593.404,541.0106778206423
1995-08-16 07:27:00,472.53499999999997,770.9814403225047
1995-08-16 07:28:00,285.384,748.3772985591053
1995-08-16 07:29:00,375.034,689.9413795469661
1995-08-16 07:30:00,392.363,699.0146078173835
1995-08-16 07:31:00,770.918,674.2159399907227
1995-08-16 07:32:00,878.354,928.0405485131079
1995-08-16 07:33:00,819.465,1067.8349198185385
1995-08-16 07:34:00,1461.434,1040.964724828999
1995-08-16 07:35:00,423.798,1094.4463315689002
1995-08-16 07:36:00,842.8820000000001,1268.1122168820045
1995-08-16 07:37:00,306.887,1222.5140032813267
1995-08-16 07:38:00,335.815,1236.104098510326
1995-08-16 07:39:00,985.06,1595.4066763979022
1995-08-16 07:40:00,1229.8709999999999,1033.8527286386307
1995-08-16 07:41:00,313.724,1132.583348617326
1995-08-16 07:42:00,464.289,1185.9106504478461
1995-08-16 07:43:00,308.148,1290.139604145839
1995-08-16 07:44:00,492.022,1004.8132244212392
1995-08-16 07:45:00,306.57099999999997,927.5080684572306
1995-08-16 07:46:00,193.64,1012.2374416796473
1995-08-16 07:47:00,208.058,891.7044846760856
1995-08-16 07:48:00,520.065,974.1937150738058
1995-08-16 07:49:00,481.79499999999996,903.9349551920923
1995-08-16 07:50:00,235.646,915.1529005476956
1995-08-16 07:51:00,769.106,1029.1729326929837
1995-08-16 07:52:00,248.71,1097.591887124541
1995-08-16 07:53:00,284.13,1025.467530701372
1995-08-16 07:54:00,626.3149999999999,896.7078092926047
1995-08-16 07:55:00,181.224,1038.2786756558392
1995-08-16 07:56:00,158.11,782.3681426279002
1995-08-16 07:57:00,80.678,705.3243650084984
1995-08-16 07:58:00,284.211,672.8562352803865
1995-08-16 07:59:00,240.616,750.9397824957172
1995-08-16 08:00:00,205.567,767.3252618946633
1995-08-16 08:01:00,654.82,901.9023280778645
1995-08-16 08:02:00,312.183,946.3643669395879
1995-08-16 08:03:00,369.932,726.1208671877444
1995-08-16 08:04:00,547.312,808.9488012645654
1995-08-16 08:05:00,581.5210000000001,904.1471497036132
1995-08-16 08:06:00,520.601,1018.2088785102808
1995-08-16 08:07:00,629.387,1062.5295792928468
1995-08-16 08:08:00,261.966,1083.3073457970959
1995-08-16 08:09:00,467.053,1061.7762062018212
1995-08-16 08:10:00,579.756,988.3777678738585
1995-08-16 08:11:00,768.904,1205.0637021829502
1995-08-16 08:12:00,480.863,1077.3988631400487
1995-08-16 08:13:00,481.385,1114.290354763363
1995-08-16 08:14:00,408.333,1150.6430089698597
1995-08-16 08:15:00,509.57,1057.6520548785709
1995-08-16 08:16:00,1092.386,987.3387668742141
1995-08-16 08:17:00,904.538,1246.1777579952616
1995-08-16 08:18:00,619.794,1307.2558957898227
1995-08-16 08:19:00,730.51,1295.6171386424242
1995-08-16 08:20:00,693.7959999999999,1264.077715940501
1995-08-16 08:21:00,1693.105,1182.4362023893602
1995-08-16 08:22:00,1297.991,1350.8494744217721
1995-08-16 08:23:00,2037.974,1458.3164778753096
1995-08-16 08:24:00,2389.011,1460.1484769210267
1995-08-16 08:25:00,254.01,1482.1676837443813
1995-08-16 08:26:00,824.554,1315.4454029740612
1995-08-16 08:27:00,870.404,1501.9604497425
1995-08-16 08:28:00,758.107,1274.4369366459273
1995-08-16 08:29:00,210.129,1313.4605476373188
1995-08-16 08:30:00,107.06099999999999,1155.510294820942
1995-08-16 08:31:00,227.022,889.4616842173612
1995-08-16 08:32:00,535.326,987.7871019972443
1995-08-16 08:33:00,134.245,1118.000872630153
1995-08-16 08:34:00,336.641,918.5662147922183
1995-08-16 08:35:00,1079.597,954.2714671710988
1995-08-16 08:36:00,688.17,1011.89344534638
1995-08-16 08:37:00,1281.544,1107.9047956407824
1995-08-16 08:38:00,314.812,1134.6512520444103
1995-08-16 08:39:00,202.188,1165.6242901454061
1995-08-16 08:40:00,282.075,1005.1636430148978
1995-08-16 08:41:00,527.098,910.6212940122073
1995-08-16 08:42:00,496.388,1019.5511173819768
1995-08-16 08:43:00,949.2819999999999,1131.949661334508
1995-08-16 08:44:00,1100.436,1055.7990175015127
1995-08-16 08:45:00,149.496,1135.887725141333
1995-08-16 08:46:00,146.706,1089.3456081005443
1995-08-16 08:47:00,154.575,923.7647900564128
1995-08-16 08:48:00,199.635,1013.6098087553398
1995-08-16 08:49:00,174.445,937.8474648651344
1995-08-16 08:50:00,749.183,893.9035524130906
1995-08-16 08:51:00,672.367,966.9711886618989
1995-08-16 08:52:00,516.941,1079.386717599055
1995-08-16 08:53:00,857.111,1191.4524283854803
1995-08-16 08:54:00,625.532,1275.486250276832
1995-08-16 08:55:00,791.012,1228.4965292038928
1995-08-16 08:56:00,541.602,1405.7648424572083
1995-08-16 08:57:00,1094.9209999999998,1138.8836734637423
1995-08-16 08:58:00,1630.853,1354.9028894046414
1995-08-16 08:59:00,515.842,1323.0699996651097
1995-08-16 09:00:00,292.606,1214.4218861608547
1995-08-16 09:01:00,1445.706,1139.181129897914
1995-08-16 09:02:00,1226.536,1433.9923241684533
1995-08-16 09:03:00,626.814,1323.4342997823753
1995-08-16 09:04:00,900.3449999999999,1420.8865859396574
1995-08-16 09:05:00,671.0649999999999,1358.1940234245471
1995-08-16 09:06:00,404.76,1180.618480677315
1995-08-16 09:07:00,384.441,1035.5411640612479
1995-08-16 09:08:00,405.741,1288.2367072827278
1995-08-16 09:09:00,310.866,1023.1199654439613
1995-08-16 09:10:00,659.428,1316.661966986078
1995-08-16 09:11:00,717.822,1483.8705820761957
1995-08-16 09:12:00,494.151,1154.171655922548
1995-08-16 09:13:00,244.935,1113.0780618963443
1995-08-16 09:14:00,158.481,954.3078912581058
1995-08-16 09:15:00,478.15500000000003,1084.50218141002
1995-08-16 09:16:00,912.366,1240.050510122281
1995-08-16 09:17:00,731.348,965.7267015590218
1995-08-16 09:18:00,478.599,1023.7054865612471
1995-08-16 09:19:00,276.588,1018.6427789941949
1995-08-16 09:20:00,280.036,1041.4699219495033
1995-08-16 09:21:00,1046.917,1055.2097263613139
1995-08-16 09:22:00,507.895,1147.2392990651517
1995-08-16 09:23:00,1667.94,1246.3937002305581
1995-08-16 09:24:00,460.801,1314.5214627537234
1995-08-16 09:25:00,491.353,1204.9196133224423
1995-08-16 09:26:00,112.221,1306.5344961870392
1995-08-16 09:27:00,572.9549999999999,1041.60119636349
1995-08-16 09:28:00,500.175,1294.5038658805406
1995-08-16 09:29:00,751.425,1156.531057624514
1995-08-16 09:30:00,1315.519,1359.9669791314593
1995-08-16 09:31:00,333.602,1281.6249248236977
1995-08-16 09:32:00,191.969,1066.7526260492587
1995-08-16 09:33:00,421.09000000000003,964.0497229918232
1995-08-16 09:34:00,631.054,1025.0060427045391
1995-08-16 09:35:00,1024.683,1048.8108825507404
1995-08-16 09:36:00,820.044,1159.9705753537753
1995-08-16 09:37:00,517.341,1276.014694467384
1995-08-16 09:38:00,1062.6779999999999,1243.7425728048458
1995-08-16 09:39:00,1161.368,1361.6187933937038
1995-08-16 09:40:00,457.031,1580.3138563657353
1995-08-16 09:41:00,592.59,1337.5475959696612
1995-08-16 09:42:00,894.941,1260.9339749811722
1995-08-16 09:43:00,667.708,1364.597452637075
1995-08-16 09:44:00,577.795,1169.0499143979237
1995-08-16 09:45:00,1456.084,1358.220179131641
1995-08-16 09:46:00,801.627,1471.2981334015599
1995-08-16 09:47:00,717.798,1465.1981077080688
1995-08-16 09:48:00,1749.2830000000001,1313.2542364611622
1995-08-16 09:49:00,1362.452,1633.8301316346315
1995-08-16 09:50:00,1486.311,1607.1690619565722
1995-08-16 09:51:00,369.252,1701.9355224871838
1995-08-16 09:52:00,1237.0420000000001,1527.4194755621093
1995-08-16 09:53:00,446.991,1495.9843829016695
1995-08-16 09:54:00,522.503,1332.4272698725626
1995-08-16 09:55:00,1243.245,1270.2407973491413
1995-08-16 09:56:00,955.955,1382.8475050422883
1995-08-16 09:57:00,316.472,1482.0321340288913
1995-08-16 09:58:00,535.184,1558.0328941832934
1995-08-16 09:59:00,859.982,1444.2551901575414
1995-08-16 10:00:00,610.675,1391.6375080668884
1995-08-16 10:01:00,981.4920000000001,1432.9797404246729
1995-08-16 10:02:00,833.178,1542.9449480696128
1995-08-16 10:03:00,709.575,1549.4510287148526
1995-08-16 10:04:00,1377.194,1517.7093478174047
1995-08-16 10:05:00,1223.203,1558.4829921345204
1995-08-16 10:06:00,1311.568,1645.8860166792258
1995-08-16 10:07:00,649.47,1602.624523445702
1995-08-16 10:08:00,350.447,1647.5382956127098
1995-08-16 10:09:00,1879.317,1545.4412431349333
1995-08-16 10:10:00,739.528,1467.5068599166489
1995-08-16 10:11:00,1488.6779999999999,1700.4477477333432
1995-08-16 10:12:00,1212.992,1573.329812857255
1995-08-16 10:13:00,699.987,1699.8900902358955
1995-08-16 10:14:00,1196.144,1541.567183977219
1995-08-16 10:15:00,532.376,1923.6980378287665
1995-08-16 10:16:00,2867.6650000000004,1608.31936228436
1995-08-16 10:17:00,1081.232,2053.051922051857
1995-08-16 10:18:00,616.6229999999999,1727.2358876051449
1995-08-16 10:19:00,250.273,1579.84725107435
1995-08-16 10:20:00,207.245,1492.4042867204837
1995-08-16 10:21:00,1507.866,1229.5026954653904
1995-08-16 10:22:00,2165.8740000000003,1436.6695325842059
1995-08-16 10:23:00,1224.209,1643.5125563720972
1995-08-16 10:24:00,707.438,1783.7924925799541
1995-08-16 10:25:00,791.422,1753.75551226701
1995-08-16 10:26:00,501.578,1784.4267172536463
1995-08-16 10:27:00,3351.1549999999997,1759.0687367351252
1995-08-16 10:28:00,462.755,2082.724482250673
1995-08-16 10:29:00,374.847,1743.452055436867
1995-08-16 10:30:00,495.79999999999995,1720.2914554865947
1995-08-16 10:31:00,743.027,1326.574690651855
1995-08-16 10:32:00,1138.336,1597.5617805927106
1995-08-16 10:33:00,1617.2649999999999,1617.633990045356
1995-08-16 10:34:00,1067.414,1644.626175919791
1995-08-16 10:35:00,641.7620000000001,1748.4359550430083
1995-08-16 10:36:00,944.1039999999999,1547.3324676743298
1995-08-16 10:37:00,611.124,1574.0147441219667
1995-08-16 10:38:00,455.001,1699.3970010982277
1995-08-16 10:39:00,1448.413,1666.2338940430923
1995-08-16 10:40:00,504.625,1545.7161957195965
1995-08-16 10:41:00,523.206,1447.5938340360808
1995-08-16 10:42:00,1882.426,1445.9016470906881
1995-08-16 10:43:00,1969.492,1575.0802818765685
1995-08-16 10:44:00,1697.835,1634.833653836206
1995-08-16 10:45:00,564.571,1754.5207819687623
1995-08-16 10:46:00,1142.927,1620.1798414838227
1995-08-16 10:47:00,1537.8310000000001,1617.2898353315134
1995-08-16 10:48:00,994.25,1882.4115263615172
1995-08-16 10:49:00,1049.742,1877.631834902777
1995-08-16 10:50:00,676.805,1804.244450824199
1995-08-16 10:51:00,1466.947,1776.347385448143
1995-08-16 10:52:00,960.3639999999999,1695.2858969841898
1995-08-16 10:53:00,950.764,1889.8425498187896
1995-08-16 10:54:00,1639.9830000000002,1509.299264340547
1995-08-16 10:55:00,1998.911,1846.2629969850232
1995-08-16 10:56:00,664.376,1892.7114769490995
1995-08-16 10:57:00,467.254,1849.993169374468
1995-08-16 10:58:00,954.41,1588.4858061610119
1995-08-16 10:59:00,2098.876,1528.8503060244607
1995-08-16 11:00:00,1591.519,1812.6507856534965
1995-08-16 11:01:00,736.043,1697.141459952222
1995-08-16 11:02:00,1288.556,1718.755650575777
1995-08-16 11:03:00,903.584,1472.5562232698887
1995-08-16 11:04:00,345.12600000000003,1701.51737216337
1995-08-16 11:05:00,544.8919999999999,1585.3488585420214
1995-08-16 11:06:00,895.6469999999999,1443.2972757314137
1995-08-16 11:07:00,1017.64,1406.6125382372986
1995-08-16 11:08:00,763.965,1697.2090614092244
1995-08-16 11:09:00,1885.8590000000002,1722.8606440707738
1995-08-16 11:10:00,1028.215,1831.4276103016946
1995-08-16 11:11:00,945.929,1619.341785728201
1995-08-16 11:12:00,715.362,1749.5020548235166
1995-08-16 11:13:00,370.792,1651.096362623026
1995-08-16 11:14:00,373.012,1525.510225868804
1995-08-16 11:15:00,699.396,1381.5905149020393
1995-08-16 11:16:00,1534.208,1445.5072051373922
1995-08-16 11:17:00,1269.95,1562.5147321928066
1995-08-16 11:18:00,714.5100000000001,1418.0276253852414
1995-08-16 11:19:00,1260.276,1455.446558505586
1995-08-16 11:20:00,1228.639,1519.0786092961694
1995-08-16 11:21:00,603.508,1776.795824949864
1995-08-16 11:22:00,956.778,1688.1496253988041
1995-08-16 11:23:00,539.634,1685.0669471504125
1995-08-16 11:24:00,213.724,1459.5520792370494
1995-08-16 11:25:00,345.593,1272.9844541349612
1995-08-16 11:26:00,721.0980000000001,1194.178382492653
1995-08-16 11:27:00,573.833,1195.824870968539
1995-08-16 11:28:00,688.302,1377.439045466988
1995-08-16 11:29:00,1090.387,1297.7985224170957
1995-08-16 11:30:00,1015.883,1388.5522471683823
1995-08-16 11:31:00,528.726,1466.7962453752016
1995-08-16 11:32:00,841.834,1354.2239106935708
1995-08-16 11:33:00,3199.5930000000003,1662.0957363822617
1995-08-16 11:34:00,1302.998,1422.5207334343118
1995-08-16 11:35:00,1514.842,1599.1177049871
1995-08-16 11:36:00,878.088,1693.864139596974
1995-08-16 11:37:00,773.05,1459.6638531685624
1995-08-16 11:38:00,957.338,1660.3258438481205
1995-08-16 11:39:00,766.875,1650.9470606571613
1995-08-16 11:40:00,1408.3,1714.849828387686
1995-08-16 11:41:00,1906.979,1532.0362322471176
1995-08-16 11:42:00,1287.248,1859.923932579976
1995-08-16 11:43:00,1525.1779999999999,1824.8498282108378
1995-08-16 11:44:00,732.383,1904.7554333778735
1995-08-16 11:45:00,877.321,1589.1536496456597
1995-08-16 11:46:00,1115.003,1674.3166453082235
1995-08-16 11:47:00,1083.263,1792.5810703992488
1995-08-16 11:48:00,1936.78,1930.8344559933398
1995-08-16 11:49:00,1078.836,2052.4209036325938
1995-08-16 11:50:00,1121.82,1875.818950390378
1995-08-16 11:51:00,1348.023,1771.9493917507173
1995-08-16 11:52:00,1024.58,1797.0203155578934
1995-08-16 11:53:00,735.57,2001.617823667156
1995-08-16 11:54:00,826.434,1957.5384692449736
1995-08-16 11:55:00,848.414,1818.3565261455485
1995-08-16 11:56:00,699.258,1569.5401688814413
1995-08-16 11:57:00,1172.047,1641.980291376245
1995-08-16 11:58:00,910.356,1540.7297024829566
1995-08-16 11:59:00,698.827,1306.4406502409047
1995-08-16 12:00:00,1450.1000000000001,1260.152009435996
1995-08-16 12:01:00,1546.1299999999999,1587.7175762552597
1995-08-16 12:02:00,1160.444,1868.2174930919616
1995-08-16 12:03:00,1040.903,1915.1857307371808
1995-08-16 12:04:00,600.775,1879.9598710697273
1995-08-16 12:05:00,851.156,1750.8541882664463
1995-08-16 12:06:00,1081.792,1739.4897526624954
1995-08-16 12:07:00,2123.566,1791.6438898892573
1995-08-16 12:08:00,1600.088,1862.8801108476725
1995-08-16 12:09:00,896.773,1956.4649626520877
1995-08-16 12:10:00,1135.307,1849.1759217323504
1995-08-16 12:11:00,504.372,1716.0477983902508
1995-08-16 12:12:00,431.724,1548.6086497470342
1995-08-16 12:13:00,756.787,1646.2744441494847
1995-08-16 12:14:00,711.954,1846.6207845712966
1995-08-16 12:15:00,1635.95,1617.1873506338443
1995-08-16 12:16:00,531.044,1577.3118734658528
1995-08-16 12:17:00,452.71,1511.856156586069
1995-08-16 12:18:00,762.8729999999999,1484.0028787477586
1995-08-16 12:19:00,557.116,1495.283778688578
1995-08-16 12:20:00,563.89,1537.7917349671645
1995-08-16 12:21:00,662.616,1469.0741954477962
1995-08-16 12:22:00,532.675,1310.1482012789645
1995-08-16 12:23:00,428.563,1164.7474102785193
1995-08-16 12:24:00,861.505,1152.7318015787775
1995-08-16 12:25:00,620.999,1404.6054618033274
1995-08-16 12:26:00,710.389,1369.6492636867151
1995-08-16 12:27:00,615.624,1450.4721065421154
1995-08-16 12:28:00,453.174,1341.6482018460201
1995-08-16 12:29:00,1396.168,1291.5436873715837
1995-08-16 12:30:00,845.304,1498.880538619707
1995-08-16 12:31:00,1521.752,1527.06729737856
1995-08-16 12:32:00,591.906,1636.9128653300904
1995-08-16 12:33:00,1344.215,1398.5470939075306
1995-08-16 12:34:00,3899.846,1491.3443100708366
1995-08-16 12:35:00,551.726,1816.2691586810163
1995-08-16 12:36:00,1438.131,1692.5544748751875
1995-08-16 12:37:00,1307.962,1780.0831128984648
1995-08-16 12:38:00,873.363,1602.280760550127
1995-08-16 12:39:00,600.877,1609.6370852587602
1995-08-16 12:40:00,721.002,1780.9167498378754
1995-08-16 12:41:00,424.4,1681.3885923398564
1995-08-16 12:42:00,722.7489999999999,1629.7275904397502
1995-08-16 12:43:00,876.076,1532.6857236662825
1995-08-16 12:44:00,1194.0049999999999,1518.682405438345
1995-08-16 12:45:00,1045.298,1607.8966003934215
1995-08-16 12:46:00,685.671,1709.0094140916608
1995-08-16 12:47:00,800.617,1567.3924934655138
1995-08-16 12:48:00,680.694,1549.5282147115995
1995-08-16 12:49:00,479.828,1374.1633445096745
1995-08-16 12:50:00,447.195,1345.812178035967
1995-08-16 12:51:00,437.273,1187.190909124116
1995-08-16 12:52:00,559.652,1167.1347652392726
1995-08-16 12:53:00,700.498,1364.4640942849328
1995-08-16 12:54:00,844.622,1378.7928896612746
1995-08-16 12:55:00,1631.691,1285.8537480813193
1995-08-16 12:56:00,279.062,1652.707589113064
1995-08-16 12:57:00,539.399,1343.7310165992665
1995-08-16 12:58:00,2150.271,1340.2729728457562
1995-08-16 12:59:00,805.031,1488.5894919128011
1995-08-16 13:00:00,722.9970000000001,1573.6429490910916
1995-08-16 13:01:00,428.05100000000004,1390.037569425737
1995-08-16 13:02:00,373.965,1331.4153061868644
1995-08-16 13:03:00,1322.432,1294.0039740510215
1995-08-16 13:04:00,1652.014,1558.1297405366236
1995-08-16 13:05:00,714.289,1434.6390762553297
1995-08-16 13:06:00,231.034,1456.0566915884212
1995-08-16 13:07:00,1054.317,1318.2564831398488
1995-08-16 13:08:00,1591.034,1623.0045813878653
1995-08-16 13:09:00,563.535,1467.4700579703517
1995-08-16 13:10:00,555.993,1455.994286415843
1995-08-16 13:11:00,1823.449,1399.4670280020152
1995-08-16 13:12:00,591.094,1490.8573881724185
1995-08-16 13:13:00,1144.216,1522.979469459818
1995-08-16 13:14:00,439.079,1559.0678700809997
1995-08-16 13:15:00,354.31600000000003,1343.3058625534195
1995-08-16 13:16:00,567.509,1255.7115327068104
1995-08-16 13:17:00,1084.697,1528.299961938261
1995-08-16 13:18:00,525.532,1334.0164731950736
1995-08-16 13:19:00,2087.84,1457.765761085277
1995-08-16 13:20:00,1784.148,1502.316971053994
1995-08-16 13:21:00,1558.742,1619.0655554865764
1995-08-16 13:22:00,1028.506,1927.5018413316918
1995-08-16 13:23:00,903.269,1822.2957964067693
1995-08-16 13:24:00,704.321,1732.0055869119585
1995-08-16 13:25:00,3015.08,1741.0752001643934
1995-08-16 13:26:00,1016.763,1884.2241590743156
1995-08-16 13:27:00,1097.562,1684.2850893067668
1995-08-16 13:28:00,2092.838,2049.6719632250743
1995-08-16 13:29:00,1503.633,1802.074766497692
1995-08-16 13:30:00,2025.439,1958.9729515061333
1995-08-16 13:31:00,1542.8339999999998,2167.1362023995425
1995-08-16 13:32:00,986.194,1907.3636899235908
1995-08-16 13:33:00,2121.182,1949.0799710813442
1995-08-16 13:34:00,1703.139,2101.025615879422
1995-08-16 13:35:00,589.4399999999999,2389.048920310049
1995-08-16 13:36:00,887.29,2248.341782226682
1995-08-16 13:37:00,2515.34,1859.4719133792446
1995-08-16 13:38:00,2503.891,2142.119608743899
1995-08-16 13:39:00,2368.142,2488.5167442339284
1995-08-16 13:40:00,1502.12,2201.0301366892472
1995-08-16 13:41:00,4137.069,2157.2234395698765
1995-08-16 13:42:00,1712.6950000000002,2176.292934320468
1995-08-16 13:43:00,1934.0900000000001,2125.937719355869
1995-08-16 13:44:00,958.411,2220.6699521511805
1995-08-16 13:45:00,981.681,2222.8748993163194
1995-08-16 13:46:00,1962.615,2080.4575169345726
1995-08-16 13:47:00,1315.2949999999998,2183.4120118504734
1995-08-16 13:48:00,840.321,2077.6712392976006
1995-08-16 13:49:00,1742.17,2073.2434964135955
1995-08-16 13:50:00,467.187,1965.834171747338
1995-08-16 13:51:00,881.765,2007.0393598894734
1995-08-16 13:52:00,1774.27,2007.8677535247784
1995-08-16 13:53:00,1046.432,2091.2378614563177
1995-08-16 13:54:00,825.343,1939.9679590568855
1995-08-16 13:55:00,1721.8729999999998,2009.4502116867855
1995-08-16 13:56:00,1096.358,1911.1662001403447
1995-08-16 13:57:00,895.273,2059.549894753641
1995-08-16 13:58:00,1135.789,1972.2811574153004
1995-08-16 13:59:00,1302.402,1937.4184952185144
1995-08-16 14:00:00,1705.066,2015.3132730564273
1995-08-16 14:01:00,867.965,1831.9191316750064
1995-08-16 14:02:00,803.8670000000001,1876.1758418865315
1995-08-16 14:03:00,1269.989,1686.993199711334
1995-08-16 14:04:00,1723.752,1953.5452513121948
1995-08-16 14:05:00,1223.769,1947.3053513526618
1995-08-16 14:06:00,817.778,1884.4312104946068
1995-08-16 14:07:00,619.62,2020.6206199409235
1995-08-16 14:08:00,809.86,1924.015593856516
1995-08-16 14:09:00,1226.646,1844.4864719421012
1995-08-16 14:10:00,1876.1319999999998,1604.2050016645294
1995-08-16 14:11:00,1024.287,2023.5682902512208
1995-08-16 14:12:00,1086.9560000000001,1842.7198541879436
1995-08-16 14:13:00,1206.459,1884.3674543174602
1995-08-16 14:14:00,1695.693,1980.8461953944575
1995-08-16 14:15:00,835.75,2025.6630933777506
1995-08-16 14:16:00,915.2860000000001,1862.3122948269029
1995-08-16 14:17:00,2162.292,1947.3839651269016
1995-08-16 14:18:00,1167.016,2050.27840407916
1995-08-16 14:19:00,598.39,1981.2311475909964
1995-08-16 14:20:00,689.549,1686.9198098275467
1995-08-16 14:21:00,1118.382,1715.062434347538
1995-08-16 14:22:00,929.678,1626.1531287341704
1995-08-16 14:23:00,631.693,1834.4416237991538
1995-08-16 14:24:00,442.599,1652.8766857827113
1995-08-16 14:25:00,799.775,1373.2796675986037
1995-08-16 14:26:00,599.321,1561.9579423599469
1995-08-16 14:27:00,1049.749,1438.8329230134761
1995-08-16 14:28:00,837.625,1728.52088644674
1995-08-16 14:29:00,930.992,1532.4340469016652
1995-08-16 14:30:00,1161.113,1781.1109329162657
1995-08-16 14:31:00,1177.249,1495.1810913122251
1995-08-16 14:32:00,830.284,1675.944386826482
1995-08-16 14:33:00,1608.51,1652.5962300090696
1995-08-16 14:34:00,647.841,1660.0315658070942
1995-08-16 14:35:00,1141.198,1500.27140804095
1995-08-16 14:36:00,1202.776,1864.6373545802346
1995-08-16 14:37:00,2029.966,1760.683984774618
1995-08-16 14:38:00,1703.979,1929.1812874964496
1995-08-16 14:39:00,1338.301,1939.884681990685
1995-08-16 14:40:00,2181.187,1793.5582465456464
1995-08-16 14:41:00,1018.611,1988.380901911494
1995-08-16 14:42:00,2774.723,1991.8249513698945
1995-08-16 14:43:00,1206.994,2184.7743695180848
1995-08-16 14:44:00,2103.7509999999997,1950.0397135152355
1995-08-16 14:45:00,486.95300000000003,1946.8437228693185
1995-08-16 14:46:00,586.192,2053.0193138082263
1995-08-16 14:47:00,1458.0939999999998,1843.7506967899612
1995-08-16 14:48:00,591.302,1725.3140809080573
1995-08-16 14:49:00,476.614,1938.2081231987393
1995-08-16 14:50:00,711.173,1585.145798647143
1995-08-16 14:51:00,891.953,1420.5174976248568
1995-08-16 14:52:00,1957.9529999999997,1895.4591293838466
1995-08-16 14:53:00,266.549,1739.3446767391674
1995-08-16 14:54:00,845.75,1660.8226732744986
1995-08-16 14:55:00,1604.202,1492.8476856745772
1995-08-16 14:56:00,627.189,1452.8819946434915
1995-08-16 14:57:00,543.2860000000001,1589.104107797101
1995-08-16 14:58:00,556.775,1617.2330027446517
1995-08-16 14:59:00,473.64099999999996,1339.4376004281037
1995-08-16 15:00:00,345.155,1538.0386774280337
1995-08-16 15:01:00,1719.627,1085.3798681235153
1995-08-16 15:02:00,326.45799999999997,1612.2895940610344
1995-08-16 15:03:00,880.096,1245.6334495128103
1995-08-16 15:04:00,604.646,1646.682063325489
1995-08-16 15:05:00,859.633,1285.889058346586
1995-08-16 15:06:00,383.62,1439.0597923803202
1995-08-16 15:07:00,463.228,1385.9872430493117
1995-08-16 15:08:00,858.325,1388.6218608960787
1995-08-16 15:09:00,357.507,1256.490458259445
1995-08-16 15:10:00,952.5329999999999,1293.389859941309
1995-08-16 15:11:00,459.867,1466.284760829476
1995-08-16 15:12:00,332.78,1287.7204884436735
1995-08-16 15:13:00,221.47,1279.3900647676692
1995-08-16 15:14:00,672.158,1144.2316957054672
1995-08-16 15:15:00,1137.712,1246.7693734021432
1995-08-16 15:16:00,273.208,1360.1854058853578
1995-08-16 15:17:00,864.566,1321.1112751861747
1995-08-16 15:18:00,688.244,1397.9755316138057
1995-08-16 15:19:00,1382.644,1384.662509284667
1995-08-16 15:20:00,837.654,1554.2355776955144
1995-08-16 15:21:00,988.342,1596.2221464424226
1995-08-16 15:22:00,1178.0130000000001,1426.8505361288999
1995-08-16 15:23:00,1088.855,1474.1725243868543
1995-08-16 15:24:00,2737.7410000000004,1753.2508784023453
1995-08-16 15:25:00,685.6949999999999,1874.2697628415194
1995-08-16 15:26:00,1322.7540000000001,1660.4597768466153
1995-08-16 15:27:00,1952.616,1662.3844896220712
1995-08-16 15:28:00,4210.378,1668.629799631786
1995-08-16 15:29:00,2635.727,2466.2098838628854
1995-08-16 15:30:00,935.899,2267.866865060648
1995-08-16 15:31:00,2543.557,1831.8104534827667
1995-08-16 15:32:00,1832.283,2220.4032543775484
1995-08-16 15:33:00,1042.933,2106.0844781287783
1995-08-16 15:34:00,1305.356,1736.9256108635389
1995-08-16 15:35:00,1263.379,1954.1677064788234
1995-08-16 15:36:00,760.217,2117.1025465152325
1995-08-16 15:37:00,1076.413,1964.3109393197053
1995-08-16 15:38:00,1052.702,1953.3866312067728
1995-08-16 15:39:00,1218.978,2034.869319565019
1995-08-16 15:40:00,1006.597,1930.6231644666666
1995-08-16 15:41:00,505.964,2057.6341601916342
1995-08-16 15:42:00,929.111,1740.0422683554225
1995-08-16 15:43:00,737.7520000000001,1567.7013097606566
1995-08-16 15:44:00,1084.3020000000001,1519.4686010829485
1995-08-16 15:45:00,621.378,1691.345100376799
1995-08-16 15:46:00,1446.426,1559.1624169559825
1995-08-16 15:47:00,3227.446,1899.0693546406833
1995-08-16 15:48:00,925.915,2410.6813783993034
1995-08-16 15:49:00,591.598,2032.2417803880273
1995-08-16 15:50:00,580.335,1601.9861904541044
1995-08-16 15:51:00,452.472,1583.6555529003913
1995-08-16 15:52:00,2150.31,1631.0329391852247
1995-08-16 15:53:00,644.408,2000.8932333751575
1995-08-16 15:54:00,284.64,1877.4250216536573
1995-08-16 15:55:00,133.123,1475.1726305981679
1995-08-16 15:56:00,613.1179999999999,1147.522751418759
1995-08-16 15:57:00,733.314,1394.7615309326293
1995-08-16 15:58:00,566.496,1378.7702352153115
1995-08-16 15:59:00,835.9830000000001,1329.8501333523818
1995-08-16 16:00:00,761.2810000000001,1630.8062513029897
1995-08-16 16:01:00,774.22,1401.270708054242
1995-08-16 16:02:00,647.67,1510.0475838487062
1995-08-16 16:03:00,671.051,1582.229399371901
1995-08-16 16:04:00,1080.093,1366.2008646803988
1995-08-16 16:05:00,479.201,1328.6453239425705
1995-08-16 16:06:00,1033.766,1311.2596520888997
1995-08-16 16:07:00,1240.483,1520.7328178377068
1995-08-16 16:08:00,811.949,1323.5315417733063
1995-08-16 16:09:00,892.4970000000001,1402.6540370014814
1995-08-16 16:10:00,792.7139999999999,1415.0138899317894
1995-08-16 16:11:00,1492.3200000000002,1431.4473460796837
1995-08-16 16:12:00,304.232,1574.1988772738287
1995-08-16 16:13:00,761.89,1415.2695798679476
1995-08-16 16:14:00,565.276,1666.7177294613207
1995-08-16 16:15:00,1262.906,1427.8050812408667
1995-08-16 16:16:00,2285.022,1696.0139994726212
1995-08-16 16:17:00,1476.716,1742.4547841921603
1995-08-16 16:18:00,1020.011,1680.284492276769
1995-08-16 16:19:00,768.402,1723.9201704666802
1995-08-16 16:20:00,745.091,1554.5505755637946
1995-08-16 16:21:00,786.71,1637.6363282935913
1995-08-16 16:22:00,767.465,1782.2497506366626
1995-08-16 16:23:00,1164.397,1583.3710016459002
1995-08-16 16:24:00,584.199,1654.0440001528157
1995-08-16 16:25:00,1320.725,1690.8912033546333
1995-08-16 16:26:00,824.2189999999999,1520.2799505788264
1995-08-16 16:27:00,1474.607,1754.4709907272686
1995-08-16 16:28:00,1694.599,1862.8300852774057
1995-08-16 16:29:00,1639.653,1989.972535077701
1995-08-16 16:30:00,1547.09,2208.6104401200078
1995-08-16 16:31:00,2398.382,2107.9129692280612
1995-08-16 16:32:00,1922.844,2030.4824109300855
1995-08-16 16:33:00,1075.238,2105.7517105455695
1995-08-16 16:34:00,1778.209,2119.23353358598
1995-08-16 16:35:00,1205.392,1980.7783733197364
1995-08-16 16:36:00,244.587,1453.0661329971065
1995-08-16 16:37:00,0.0,1214.4885215542083
1995-08-16 16:47:00,527.917,1757.5693340948003
1995-08-16 16:48:00,1219.049,1284.7530488951477
1995-08-16 16:49:00,1339.3419999999999,1427.853349027774
1995-08-16 16:50:00,489.59,1696.7787377840589
1995-08-16 16:51:00,378.395,1503.3034932193864
1995-08-16 16:52:00,3402.557,1458.3593617686822
1995-08-16 16:54:00,540.191,1468.1659476933396
1995-08-16 16:57:00,611.444,1529.731791621141
1995-08-16 16:58:00,710.031,1308.6106218678494
1995-08-16 16:59:00,2162.495,1552.7069243372227
1995-08-16 17:00:00,804.373,1525.7609488298076
1995-08-16 17:01:00,780.976,1657.7360931729556
1995-08-16 17:02:00,980.721,1635.0154940845914
1995-08-16 17:03:00,810.597,1726.617551586476
1995-08-16 17:04:00,969.36,1544.703775936389
1995-08-16 17:05:00,774.734,1700.0409808059744
1995-08-16 17:06:00,877.151,1505.3147115725462
1995-08-16 17:07:00,1252.657,1509.0773571419427
1995-08-16 17:08:00,1405.705,1674.0098604891139
1995-08-16 17:09:00,2363.546,1742.0868718535278
1995-08-16 17:10:00,1576.641,1966.099043569681
1995-08-16 17:11:00,1768.179,2050.8986287808666
1995-08-16 17:12:00,1491.398,1991.210734216439
1995-08-16 17:13:00,3269.5,2094.222974901951
1995-08-16 17:14:00,1560.093,2082.5393325469176
1995-08-16 17:15:00,695.453,2035.6933784877435
1995-08-16 17:16:00,1698.082,2055.4318358574965
1995-08-16 17:17:00,1739.937,2044.0323237168082
1995-08-16 17:18:00,934.485,1834.1870377495632
1995-08-16 17:19:00,1172.568,1743.8616462452553
1995-08-16 17:20:00,1316.829,1850.2988611669928
1995-08-16 17:21:00,946.485,2067.3890503138387
1995-08-16 17:22:00,1288.454,2043.101928919908
1995-08-16 17:23:00,1045.779,1984.9305946111856
1995-08-16 17:24:00,279.042,1955.6479391014066
1995-08-16 17:25:00,415.71999999999997,1527.5460388186418
1995-08-16 17:26:00,705.4689999999999,1522.9229429755364
1995-08-16 17:27:00,365.992,1400.466059532285
1995-08-16 17:28:00,410.848,1388.3089435753777
1995-08-16 17:29:00,1040.581,1312.4696807370435
1995-08-16 17:30:00,601.26,1392.258175362486
1995-08-16 17:31:00,394.999,1383.847991412991
1995-08-16 17:32:00,343.872,1249.0272048236975
1995-08-16 17:33:00,728.665,1283.4568820356972
1995-08-16 17:34:00,1513.3029999999999,1207.9875241917036
1995-08-16 17:35:00,1118.675,1358.6086376304465
1995-08-16 17:36:00,511.734,1470.1967620600442
1995-08-16 17:37:00,1138.526,1620.8872778899668
1995-08-16 17:38:00,848.686,1528.0806206458576
1995-08-16 17:39:00,2124.891,1606.7145181061655
1995-08-16 17:40:00,2297.7509999999997,1730.0022932882564
1995-08-16 17:41:00,871.536,1951.2490432777017
1995-08-16 17:42:00,1075.806,1852.7811060962147
1995-08-16 17:43:00,906.61,1863.1274306875507
1995-08-16 17:44:00,381.06,1876.728460595099
1995-08-16 17:45:00,578.947,1487.9507430785845
1995-08-16 17:46:00,491.262,1492.7323470675415
1995-08-16 17:47:00,573.321,1246.9785517823182
1995-08-16 17:48:00,666.504,1196.387029683946
1995-08-16 17:49:00,686.384,1234.0258545704892
1995-08-16 17:50:00,554.502,1401.985981419142
1995-08-16 17:51:00,787.583,1219.0195259373434
1995-08-16 17:52:00,563.632,1395.029279324002
1995-08-16 17:53:00,932.8340000000001,1345.0566203368512
1995-08-16 17:54:00,415.624,1321.7550425724503
1995-08-16 17:55:00,689.467,1334.8416157093181
1995-08-16 17:56:00,846.141,1278.200155596712
1995-08-16 17:57:00,253.58499999999998,1310.3350144002334
1995-08-16 17:58:00,181.068,1177.5559170611705
1995-08-16 17:59:00,1260.988,1195.1089915601915
1995-08-16 18:00:00,819.324,1173.4243590142341
1995-08-16 18:01:00,711.603,1303.6710778646373
1995-08-16 18:02:00,438.612,1205.558847743356
1995-08-16 18:03:00,689.2909999999999,1241.8886040070133
1995-08-16 18:04:00,2668.179,1252.5831069839633
1995-08-16 18:05:00,830.225,1385.06985338486
1995-08-16 18:06:00,892.708,1248.550465406226
1995-08-16 18:07:00,572.8779999999999,1175.9466251255758
1995-08-16 18:08:00,328.507,1256.8435622031952
1995-08-16 18:09:00,722.977,1231.58342459093
1995-08-16 18:10:00,1356.991,1244.6415506589021
1995-08-16 18:11:00,1232.4279999999999,1275.0875851494234
1995-08-16 18:12:00,2498.517,1475.9547164955309
1995-08-16 18:13:00,618.106,1442.778500507048
1995-08-16 18:14:00,2468.9739999999997,1759.5214048349467
1995-08-16 18:15:00,370.759,1961.8553295018228
1995-08-16 18:16:00,982.65,1437.3477807609522
1995-08-16 18:17:00,353.331,1455.3885465283895
1995-08-16 18:18:00,448.16700000000003,1141.5767274404996
1995-08-16 18:19:00,749.438,1235.4666780009002
1995-08-16 18:20:00,484.071,1313.9453145651496
1995-08-16 18:21:00,1419.747,1206.6764976358575
1995-08-16 18:22:00,314.781,1334.2415111879868
1995-08-16 18:23:00,234.238,1230.2142831877
1995-08-16 18:24:00,160.738,1101.9972419719884
1995-08-16 18:25:00,171.521,1010.6544338699767
1995-08-16 18:26:00,532.353,1098.8197663180583
1995-08-16 18:27:00,1436.847,1045.5691248030125
1995-08-16 18:28:00,590.178,1101.1012586293416
1995-08-16 18:29:00,792.0029999999999,977.2111704663142
1995-08-16 18:30:00,313.528,1171.806976391107
1995-08-16 18:31:00,723.534,1229.4868339764705
1995-08-16 18:32:00,349.483,1266.203261272837
1995-08-16 18:33:00,287.724,1158.75055065193
1995-08-16 18:34:00,372.799,1003.6412955826768
1995-08-16 18:35:00,1272.882,972.3672800337471
1995-08-16 18:36:00,833.655,1078.5833073232918
1995-08-16 18:37:00,1517.914,1432.7764370684563
1995-08-16 18:38:00,1036.768,1362.1612248792308
1995-08-16 18:39:00,249.439,1432.0601305402452
1995-08-16 18:40:00,584.676,1366.569232046391
1995-08-16 18:41:00,1158.847,1384.9760209497847
1995-08-16 18:42:00,772.946,1357.3077949745768
1995-08-16 18:43:00,962.2180000000001,1298.390066148781
1995-08-16 18:44:00,841.847,1305.2795048584012
1995-08-16 18:45:00,743.011,1319.420240261735
1995-08-16 18:46:00,725.578,1308.4544310043689
1995-08-16 18:47:00,461.734,1171.1795259493879
1995-08-16 18:48:00,1036.443,1215.3494208725758
1995-08-16 18:49:00,766.11,1236.2188696377116
1995-08-16 18:50:00,726.5790000000001,1273.8308232329523
1995-08-16 18:51:00,713.433,1223.7760526411844
1995-08-16 18:52:00,1250.156,1245.1033936049819
1995-08-16 18:53:00,1902.787,1284.8815130373462
1995-08-16 18:54:00,1862.289,1534.3102204366412
1995-08-16 18:55:00,2582.3160000000003,1545.4732526644275
1995-08-16 18:56:00,640.398,2001.072389838896
1995-08-16 18:57:00,1046.882,1607.047644860709
1995-08-16 18:58:00,909.8290000000001,1713.7692325291055
1995-08-16 18:59:00,673.52,1593.4040206457937
1995-08-16 19:00:00,425.398,1306.7285711284767
1995-08-16 19:01:00,301.723,1388.746109095951
1995-08-16 19:02:00,744.0120000000001,1485.6262866927907
1995-08-16 19:03:00,523.223,1338.733213809801
1995-08-16 19:04:00,1910.834,1433.865077811739
1995-08-16 19:05:00,585.182,1598.9425225804548
1995-08-16 19:06:00,388.638,1313.9720439721748
1995-08-16 19:07:00,964.4060000000001,1261.3359911493772
1995-08-16 19:08:00,747.5709999999999,1294.4477596515048
1995-08-16 19:09:00,162.078,1268.2278489911748
1995-08-16 19:10:00,558.882,1066.8595367821626
1995-08-16 19:11:00,364.729,1097.7759463880932
1995-08-16 19:12:00,245.232,1194.6544944928594
1995-08-16 19:13:00,264.706,855.0493758337209
1995-08-16 19:14:00,452.406,954.5448494285081
1995-08-16 19:15:00,359.413,1111.5510931644474
1995-08-16 19:16:00,790.231,950.3259327078606
1995-08-16 19:17:00,413.543,980.8739502898022
1995-08-16 19:18:00,582.664,1144.3433362936696
1995-08-16 19:19:00,597.034,1217.540130794038
1995-08-16 19:20:00,1254.885,1295.9784417218345
1995-08-16 19:21:00,502.05899999999997,1238.3193641213152
1995-08-16 19:22:00,968.505,1253.6337517351662
1995-08-16 19:23:00,658.836,1161.8897595322892
1995-08-16 19:24:00,640.105,1175.9938796422182
1995-08-16 19:25:00,103.971,1065.771761241803
1995-08-16 19:26:00,395.681,1035.4244841168866
1995-08-16 19:27:00,446.538,957.1244291697603
1995-08-16 19:28:00,259.119,934.4319163330752
1995-08-16 19:29:00,1091.819,947.387976480924
1995-08-16 19:30:00,377.265,1167.9466953890185
1995-08-16 19:31:00,151.632,985.8783093353471
1995-08-16 19:32:00,1212.736,845.0535589773918
1995-08-16 19:33:00,628.2719999999999,1108.9053173189934
1995-08-16 19:34:00,89.204,1214.7450888793858
1995-08-16 19:35:00,326.34900000000005,756.3251812856064
1995-08-16 19:36:00,440.178,934.952634702194
1995-08-16 19:37:00,351.81399999999996,943.978300105257
1995-08-16 19:38:00,216.42100000000002,841.817329614324
1995-08-16 19:39:00,150.528,827.350506724364
1995-08-16 19:40:00,1544.7289999999998,911.0686652568115
1995-08-16 19:41:00,448.961,919.7037716516626
1995-08-16 19:42:00,628.492,997.7220016998114
1995-08-16 19:43:00,1890.768,1096.6992448468436
1995-08-16 19:44:00,582.285,1386.0833663577394
1995-08-16 19:45:00,457.496,1269.1133427771704
1995-08-16 19:46:00,293.648,1194.1439640581048
1995-08-16 19:47:00,372.374,1157.8985132477558
1995-08-16 19:48:00,707.381,1074.3066184605364
1995-08-16 19:49:00,302.518,1049.6688306036096
1995-08-16 19:50:00,742.537,965.4380143706559
1995-08-16 19:51:00,1279.237,1085.8500523702749
1995-08-16 19:52:00,798.507,1146.699319490283
1995-08-16 19:53:00,258.694,1248.5459874044122
1995-08-16 19:54:00,736.4269999999999,1115.3583241879821
1995-08-16 19:55:00,407.851,1155.4301445083897
1995-08-16 19:56:00,490.965,1153.7668014979834
1995-08-16 19:57:00,1205.112,1006.1265192520227
1995-08-16 19:58:00,1290.207,1124.3792034745895
1995-08-16 19:59:00,403.085,1139.9844919189834
1995-08-16 20:00:00,958.5989999999998,1206.6594167749524
1995-08-16 20:01:00,551.896,1243.094143584088
1995-08-16 20:02:00,968.082,1301.8415718275921
1995-08-16 20:03:00,954.167,1328.6703433530909
1995-08-16 20:04:00,491.309,1415.0749415563905
1995-08-16 20:05:00,824.1329999999998,1183.953092505783
1995-08-16 20:06:00,155.934,1531.3864792183185
1995-08-16 20:07:00,456.187,1013.683437715295
1995-08-16 20:08:00,274.94,1056.9884018620917
1995-08-16 20:09:00,435.455,1030.4798667246223
1995-08-16 20:10:00,462.466,1148.791879576215
1995-08-16 20:11:00,762.029,914.3667548863482
1995-08-16 20:12:00,776.635,1139.9532492730345
1995-08-16 20:13:00,1178.664,1187.8896216697897
1995-08-16 20:14:00,466.927,1392.7956911895542
1995-08-16 20:15:00,424.568,1001.273131820633
1995-08-16 20:16:00,1947.5000000000002,1168.986634486625
1995-08-16 20:17:00,362.404,1342.1359590336506
1995-08-16 20:18:00,614.57,975.2543649067322
1995-08-16 20:19:00,489.103,1147.6528429808745
1995-08-16 20:20:00,589.208,1146.6434872095629
1995-08-16 20:21:00,342.229,1063.2646820048938
1995-08-16 20:22:00,571.072,1163.0930708506219
1995-08-16 20:23:00,1868.3360000000002,919.0553607641389
1995-08-16 20:24:00,282.46999999999997,1090.105215077815
1995-08-16 20:25:00,1390.299,887.0840489405181
1995-08-16 20:26:00,153.835,1131.0144029511762
1995-08-16 20:27:00,631.364,898.7779311324089
1995-08-16 20:28:00,595.641,1244.257580856823
1995-08-16 20:29:00,709.0,1160.7294522044392
1995-08-16 20:30:00,358.359,1242.5849989869944
1995-08-16 20:31:00,181.1,1328.2835730026366
1995-08-16 20:32:00,553.395,945.4537238594063
1995-08-16 20:33:00,530.448,964.3554537702438
1995-08-16 20:34:00,798.656,1131.0353009507949
1995-08-16 20:35:00,242.383,1196.406246120275
1995-08-16 20:36:00,471.835,949.8788860135013
1995-08-16 20:37:00,499.871,986.1917063977927
1995-08-16 20:38:00,575.551,1108.7938307536162
1995-08-16 20:39:00,280.894,1115.1303844083761
1995-08-16 20:40:00,169.302,1003.5639509089987
1995-08-16 20:41:00,80.47,713.7996007753387
1995-08-16 20:42:00,604.773,770.2123958384204
1995-08-16 20:43:00,1368.966,902.6573536111038
1995-08-16 20:44:00,443.531,965.1652351003754
1995-08-16 20:45:00,2097.1620000000003,968.5182923201334
1995-08-16 20:46:00,840.0459999999999,1118.6470483932496
1995-08-16 20:47:00,558.054,1052.4448166386426
1995-08-16 20:48:00,1071.293,1079.8409972188902
1995-08-16 20:49:00,1160.2710000000002,917.953038904416
1995-08-16 20:50:00,327.92400000000004,888.7563475822964
1995-08-16 20:51:00,1725.159,1017.8574178524875
1995-08-16 20:52:00,374.665,1249.1948534739067
1995-08-16 20:53:00,1183.441,994.1186300821311
1995-08-16 20:54:00,104.372,1157.3017431086075
1995-08-16 20:55:00,123.188,792.2263844864573
1995-08-16 20:56:00,150.604,926.2432736121831
1995-08-16 20:57:00,258.05,810.60012774414
1995-08-16 20:58:00,424.07300000000004,914.5544193513713
1995-08-16 20:59:00,246.922,686.8380530598153
1995-08-16 21:00:00,712.595,738.5085265566145
1995-08-16 21:01:00,1940.117,827.4408530223008
1995-08-16 21:02:00,1258.8329999999999,1139.696061346
1995-08-16 21:03:00,621.412,1174.7137245293625
1995-08-16 21:04:00,353.182,1176.9467664813524
1995-08-16 21:05:00,707.114,1148.5900633027502
1995-08-16 21:06:00,872.7620000000001,1249.147514880798
1995-08-16 21:07:00,196.307,1295.8845232728713
1995-08-16 21:08:00,297.907,1151.7052933408502
1995-08-16 21:09:00,456.736,1140.5965044140776
1995-08-16 21:10:00,180.724,1034.8773941449833
1995-08-16 21:11:00,1221.653,1057.0967905239206
1995-08-16 21:12:00,825.024,1205.278179287425
1995-08-16 21:13:00,643.869,1364.699781810027
1995-08-16 21:14:00,705.894,1400.3678491633748
1995-08-16 21:15:00,449.862,1292.0547294628361
1995-08-16 21:16:00,1845.65,1164.3250811762637
1995-08-16 21:17:00,533.162,1335.9938187062087
1995-08-16 21:18:00,898.681,1287.9786115379866
1995-08-16 21:19:00,1259.176,1299.8213454216602
1995-08-16 21:20:00,836.437,1286.5840652222646
1995-08-16 21:21:00,1646.047,1250.5613951220507
1995-08-16 21:22:00,556.309,1316.5233462731671
1995-08-16 21:23:00,793.774,1292.0801215925035
1995-08-16 21:24:00,1295.927,1317.5214470300039
1995-08-16 21:25:00,414.73,1297.9137090495121
1995-08-16 21:26:00,889.564,1179.6101022287996
1995-08-16 21:27:00,491.173,1320.3426658505507
1995-08-16 21:28:00,725.52,1300.0365674018085
1995-08-16 21:29:00,531.699,1261.2129264112887
1995-08-16 21:30:00,501.776,1392.106433901241
1995-08-16 21:31:00,744.924,1240.8450918635733
1995-08-16 21:32:00,1036.439,1370.8261491475614
1995-08-16 21:33:00,626.078,1242.1037406951161
1995-08-16 21:34:00,628.051,1506.7362070067034
1995-08-16 21:35:00,336.042,1388.641430729931
1995-08-16 21:36:00,1019.57,1260.6914791348004
1995-08-16 21:37:00,269.724,1262.6363177335443
1995-08-16 21:38:00,494.82,1194.2981800538416
1995-08-16 21:39:00,550.0169999999999,1052.3082042709148
1995-08-16 21:40:00,559.121,1196.9503538255658
1995-08-16 21:41:00,549.771,1194.548110986954
1995-08-16 21:42:00,482.941,1201.8674172763438
1995-08-16 21:43:00,907.351,1162.2178109621434
1995-08-16 21:44:00,1377.8899999999999,1176.5701032724696
1995-08-16 21:45:00,379.481,1308.7997397440815
1995-08-16 21:46:00,315.296,1233.8620786479403
1995-08-16 21:47:00,371.872,1112.2766628061124
1995-08-16 21:48:00,436.716,1114.3969300720626
1995-08-16 21:49:00,670.119,1207.2398509875395
1995-08-16 21:50:00,975.383,1237.679690032548
1995-08-16 21:51:00,1551.0,1213.8783154533755
1995-08-16 21:52:00,535.0219999999999,1249.5111305076528
1995-08-16 21:53:00,428.638,1232.865364636134
1995-08-16 21:54:00,435.33900000000006,948.780853604809
1995-08-16 21:55:00,356.176,1049.771785845697
1995-08-16 21:56:00,1022.2009999999999,973.8539382327534
1995-08-16 21:57:00,537.302,1031.8030585644683
1995-08-16 21:58:00,917.3829999999999,1291.39007161128
1995-08-16 21:59:00,1634.069,1172.004771200292
1995-08-16 22:00:00,331.613,1344.7645859531513
1995-08-16 22:01:00,110.372,1108.1714498705521
1995-08-16 22:02:00,292.023,1032.1958643765856
1995-08-16 22:03:00,817.16,1056.324300697491
1995-08-16 22:04:00,298.966,1055.232202870087
1995-08-16 22:05:00,1054.93,802.0761639309476
1995-08-16 22:06:00,462.972,961.4824571650727
1995-08-16 22:07:00,821.803,865.715065207097
1995-08-16 22:08:00,492.07800000000003,890.0580336491519
1995-08-16 22:09:00,608.076,1054.9434512869946
1995-08-16 22:10:00,3650.3160000000003,1234.1059321121577
1995-08-16 22:11:00,527.029,1518.8762912742732
1995-08-16 22:12:00,638.012,1225.098254886449
1995-08-16 22:13:00,559.402,1314.5654031817726
1995-08-16 22:14:00,598.07,1229.3613638053644
1995-08-16 22:15:00,591.2189999999999,1261.2600795499372
1995-08-16 22:16:00,611.691,1144.5410958155178
1995-08-16 22:17:00,1165.104,1300.7394602650536
1995-08-16 22:18:00,738.401,1319.6033948005854
1995-08-16 22:19:00,519.187,1232.8303296522117
1995-08-16 22:20:00,701.816,1031.0009535953088
1995-08-16 22:21:00,1164.158,1143.312812892639
1995-08-16 22:22:00,1171.8509999999999,1374.2012429131967
1995-08-16 22:23:00,257.162,1451.193548485009
1995-08-16 22:24:00,568.016,1214.1700866088042
1995-08-16 22:25:00,418.859,1163.4271099338187
1995-08-16 22:26:00,214.15,1173.7981155792208
1995-08-16 22:27:00,725.056,1038.9084651286737
1995-08-16 22:28:00,186.337,1111.123174756898
1995-08-16 22:29:00,669.939,831.1164116271552
1995-08-16 22:30:00,312.458,970.5767872790867
1995-08-16 22:31:00,189.19400000000002,834.3491147473187
1995-08-16 22:32:00,303.825,940.9882399018061
1995-08-16 22:33:00,362.264,936.5516423066555
1995-08-16 22:34:00,540.1800000000001,962.6743245802389
1995-08-16 22:35:00,128.711,1006.0819449333178
1995-08-16 22:36:00,916.592,852.2353589986906
1995-08-16 22:37:00,274.994,1004.4716462635145
1995-08-16 22:38:00,633.395,800.0912918748409
1995-08-16 22:39:00,505.59999999999997,1091.909673594851
1995-08-16 22:40:00,694.347,897.0375857430054
1995-08-16 22:41:00,416.046,990.846703913627
1995-08-16 22:42:00,411.503,1041.8292929880079
1995-08-16 22:43:00,242.27700000000002,893.8542684159826
1995-08-16 22:44:00,376.348,889.3676004495517
1995-08-16 22:45:00,257.875,757.4610338874331
1995-08-16 22:46:00,570.102,883.4234720905702
1995-08-16 22:47:00,282.671,965.1001073478188
1995-08-16 22:48:00,967.403,892.353254240891
1995-08-16 22:49:00,668.55,928.211948243597
1995-08-16 22:50:00,430.443,926.073144537459
1995-08-16 22:51:00,823.521,825.4901366622589
1995-08-16 22:52:00,571.699,974.9651734148579
1995-08-16 22:53:00,303.95099999999996,991.9104943717241
1995-08-16 22:54:00,416.432,1112.9885275134777
1995-08-16 22:55:00,970.184,776.7155722337341
1995-08-16 22:56:00,584.675,839.2870995312563
1995-08-16 22:57:00,310.803,1000.69297008338
1995-08-16 22:58:00,498.221,831.3336944257785
1995-08-16 22:59:00,102.708,776.7451003658501
1995-08-16 23:00:00,221.591,668.2035860154109
1995-08-16 23:01:00,172.84199999999998,916.1616147093317
1995-08-16 23:02:00,321.901,665.7703997884923
1995-08-16 23:03:00,172.515,574.022333407797
1995-08-16 23:04:00,390.231,845.8463862460591
1995-08-16 23:05:00,457.926,865.7308471479058
1995-08-16 23:06:00,327.82,810.5179533843732
1995-08-16 23:07:00,493.764,720.9454421766028
1995-08-16 23:08:00,1069.214,845.4398336945343
1995-08-16 23:09:00,125.21000000000001,803.646860671903
1995-08-16 23:10:00,352.077,793.6819468857097
1995-08-16 23:11:00,79.18,819.5383653955705
1995-08-16 23:12:00,185.501,701.3570937729885
1995-08-16 23:13:00,274.92600000000004,657.1261988895898
1995-08-16 23:14:00,363.476,746.6068666616025
1995-08-16 23:15:00,414.739,740.5523182325428
1995-08-16 23:16:00,194.149,869.0417743073833
1995-08-16 23:17:00,265.15999999999997,624.8182435739292
1995-08-16 23:18:00,158.204,780.7039265279543
1995-08-16 23:19:00,426.77899999999994,737.7624065936855
1995-08-16 23:20:00,110.137,666.9881074737923
1995-08-16 23:21:00,997.8130000000001,625.3809625770023
1995-08-16 23:22:00,300.62399999999997,673.7277416187219
1995-08-16 23:23:00,618.828,778.193309322674
1995-08-16 23:24:00,501.757,800.6757647131626
1995-08-16 23:25:00,341.201,875.6929144814844
1995-08-16 23:26:00,616.581,811.6361148458186
1995-08-16 23:27:00,532.618,858.0247671582727
1995-08-16 23:28:00,199.744,898.1812911852384
1995-08-16 23:29:00,777.946,814.8118631571748
1995-08-16 23:30:00,281.936,1077.6657339367373
1995-08-16 23:31:00,82.569,940.6968935426149
1995-08-16 23:32:00,698.096,783.70712021688
1995-08-16 23:33:00,748.059,934.1191881652294
1995-08-16 23:34:00,444.69800000000004,1070.3553486775545
1995-08-16 23:35:00,1199.474,983.2245988641462
1995-08-16 23:36:00,307.597,1140.6030177778903
1995-08-16 23:37:00,573.374,1167.933410600295
1995-08-16 23:38:00,331.403,1200.78232330701
1995-08-16 23:39:00,958.392,1008.7575503209905
1995-08-16 23:40:00,520.722,1193.9399676247094
1995-08-16 23:41:00,581.904,991.8055965440083
1995-08-16 23:42:00,1098.356,1039.5688980600187
1995-08-16 23:43:00,373.041,1144.6025705330198
1995-08-16 23:44:00,557.034,1248.5418700719056
1995-08-16 23:45:00,463.752,1228.9264806319338
1995-08-16 23:46:00,487.207,1130.1370709218425
1995-08-16 23:47:00,930.0039999999999,1165.389346870996
1995-08-16 23:48:00,109.197,1216.5984267270571
1995-08-16 23:49:00,165.283,937.5225132519727
1995-08-16 23:50:00,861.131,763.2590666208796
1995-08-16 23:51:00,41.926,945.2416005011193
1995-08-16 23:52:00,151.514,765.8880897039858
1995-08-16 23:53:00,97.22800000000001,652.3420955850795
1995-08-16 23:54:00,71.674,377.6336239552882
1995-08-16 23:55:00,96.91499999999999,725.5559193487431
1995-08-16 23:56:00,340.137,574.0547025706169
1995-08-16 23:57:00,550.419,877.348093159908
1995-08-16 23:58:00,393.652,913.8488584174422
1995-08-16 23:59:00,148.737,679.4813209784902
1995-08-17 00:00:00,332.767,706.3829680360384
1995-08-17 00:01:00,175.856,834.5258781763091
1995-08-17 00:02:00,128.511,797.0063393689251
1995-08-17 00:03:00,1531.5629999999999,834.1814820098427
1995-08-17 00:04:00,387.76,888.8114480434439
1995-08-17 00:05:00,143.779,912.1565093340415
1995-08-17 00:06:00,425.505,751.129499536568
1995-08-17 00:07:00,64.568,862.3075139091679
1995-08-17 00:08:00,71.774,596.7027348660284
1995-08-17 00:09:00,314.832,738.5483988712841
1995-08-17 00:10:00,469.923,570.3702557719323
1995-08-17 00:11:00,438.809,953.9124658291621
1995-08-17 00:12:00,343.37,893.045164275773
1995-08-17 00:13:00,483.56,790.9797514749444
1995-08-17 00:14:00,283.105,895.5763296977264
1995-08-17 00:15:00,529.669,802.6315807716156
1995-08-17 00:16:00,400.42400000000004,663.7944806931324
1995-08-17 00:17:00,364.58000000000004,871.5014682352353
1995-08-17 00:18:00,392.45599999999996,985.1587257463519
1995-08-17 00:19:00,523.074,704.7203544927668
1995-08-17 00:20:00,504.639,718.8464682768256
1995-08-17 00:21:00,83.815,702.5297816991689
1995-08-17 00:22:00,339.793,597.4428558634983
1995-08-17 00:23:00,305.182,888.9612106182495
1995-08-17 00:24:00,224.47099999999998,873.8861874353712
1995-08-17 00:25:00,306.973,817.7147383852038
1995-08-17 00:26:00,478.664,617.2319422711478
1995-08-17 00:27:00,343.264,873.537021873777
1995-08-17 00:28:00,153.90800000000002,791.0048639233232
1995-08-17 00:29:00,408.188,670.0398593408394
1995-08-17 00:30:00,1733.0670000000002,851.6549382625223
1995-08-17 00:31:00,287.676,1059.4320641681363
1995-08-17 00:32:00,427.23999999999995,979.9988687390261
1995-08-17 00:33:00,355.507,921.5017086397794
1995-08-17 00:34:00,513.944,848.9316299025666
1995-08-17 00:35:00,731.221,977.1906907735822
1995-08-17 00:36:00,374.43,942.7767207475646
1995-08-17 00:37:00,315.194,808.0679452856006
1995-08-17 00:38:00,421.593,819.1026983390913
1995-08-17 00:39:00,199.483,771.174478826322
1995-08-17 00:40:00,1093.739,686.65296894817
1995-08-17 00:41:00,187.847,868.8210440696699
1995-08-17 00:42:00,191.008,828.7442798925177
1995-08-17 00:43:00,442.826,804.2085624956817
1995-08-17 00:44:00,395.197,858.7710349395122
1995-08-17 00:45:00,343.797,717.7491517973285
1995-08-17 00:46:00,524.04,847.8254196056272
1995-08-17 00:47:00,292.187,907.9938148365031
1995-08-17 00:48:00,1136.663,783.379312406827
1995-08-17 00:49:00,149.99,923.2323879487096
1995-08-17 00:50:00,501.755,742.249466337333
1995-08-17 00:51:00,385.879,939.3862560380024
1995-08-17 00:52:00,262.568,756.7505401466349
1995-08-17 00:53:00,448.43899999999996,771.537350560304
1995-08-17 00:54:00,359.618,721.7795720491603
1995-08-17 00:55:00,248.114,775.1795349931185
1995-08-17 00:56:00,1291.1460000000002,756.2784348356539
1995-08-17 00:57:00,927.8479999999998,889.7233633190546
1995-08-17 00:58:00,169.22,891.4084274507878
1995-08-17 00:59:00,394.035,873.381102166967
1995-08-17 01:00:00,502.07399999999996,935.4997651080307
1995-08-17 01:01:00,95.701,896.0938267095963
1995-08-17 01:02:00,64.58,840.8149204260138
1995-08-17 01:03:00,94.248,485.6662723416339
1995-08-17 01:04:00,321.435,579.5723109858576
1995-08-17 01:05:00,414.14000000000004,798.8835751537918
1995-08-17 01:06:00,307.185,799.3935079866828
1995-08-17 01:07:00,267.661,1011.4984170868953
1995-08-17 01:08:00,1512.4270000000001,876.0378351250116
1995-08-17 01:09:00,128.695,1065.7031515601486
1995-08-17 01:10:00,150.319,910.2621100612258
1995-08-17 01:11:00,383.498,696.7909836197723
1995-08-17 01:12:00,1691.159,691.4817165424496
1995-08-17 01:13:00,1209.362,967.272102637611
1995-08-17 01:14:00,883.901,967.8088201768982
1995-08-17 01:15:00,103.051,992.5591937283505
1995-08-17 01:16:00,512.3389999999999,955.5501256506085
1995-08-17 01:17:00,253.92,1098.8608307414245
1995-08-17 01:18:00,80.41,989.4087764017432
1995-08-17 01:19:00,219.175,838.7608705237288
1995-08-17 01:20:00,101.078,826.8315292721854
1995-08-17 01:21:00,31.607,938.2600876331323
1995-08-17 01:22:00,229.75900000000001,544.851431641873
1995-08-17 01:23:00,88.991,860.1228466379052
1995-08-17 01:24:00,104.75199999999998,570.8011636750932
1995-08-17 01:25:00,99.867,577.4256854537773
1995-08-17 01:26:00,289.774,860.1057502334495
1995-08-17 01:27:00,1110.147,605.1042047059829
1995-08-17 01:28:00,100.125,938.5278104345393
1995-08-17 01:29:00,484.913,644.9562510713521
1995-08-17 01:30:00,378.404,673.1308130260226
1995-08-17 01:31:00,72.496,746.6981374856911
1995-08-17 01:32:00,381.318,543.7839412901816
1995-08-17 01:33:00,66.854,444.61368995105823
1995-08-17 01:34:00,125.007,419.44972642307727
1995-08-17 01:35:00,1891.9379999999999,470.1004744504581
1995-08-17 01:36:00,291.76099999999997,657.4313655388784
1995-08-17 01:37:00,1538.0620000000001,754.7239466736444
1995-08-17 01:38:00,568.069,654.2770332879992
1995-08-17 01:39:00,170.816,866.3937576126964
1995-08-17 01:40:00,170.577,874.7357593347626
1995-08-17 01:41:00,401.003,720.0892544380672
1995-08-17 01:42:00,160.935,908.8652260533565
1995-08-17 01:43:00,218.946,727.4020144542675
1995-08-17 01:44:00,68.83200000000001,708.8653520889942
1995-08-17 01:45:00,1761.882,548.5017772017893
1995-08-17 01:46:00,685.606,1066.5572936241574
1995-08-17 01:47:00,63.068,1031.5162923408798
1995-08-17 01:48:00,195.591,858.3906407049714
1995-08-17 01:49:00,303.035,964.4299855479957
1995-08-17 01:50:00,1176.823,676.6408800528984
1995-08-17 01:51:00,309.418,898.8520798665661
1995-08-17 01:52:00,435.166,931.0243083045434
1995-08-17 01:53:00,981.811,871.8431313859741
1995-08-17 01:54:00,739.91,941.9282724051144
1995-08-17 01:55:00,434.433,1031.3510166653539
1995-08-17 01:56:00,282.95099999999996,808.5704228196714
1995-08-17 01:57:00,92.411,881.6142029482531
1995-08-17 01:58:00,389.813,792.2121680678464
1995-08-17 01:59:00,664.119,849.148976171644
1995-08-17 02:00:00,476.935,776.2570252416634
1995-08-17 02:01:00,152.864,975.7353464882852
1995-08-17 02:02:00,659.2379999999999,823.6528203865691
1995-08-17 02:03:00,298.402,998.0002515452261
1995-08-17 02:04:00,17.471,930.6658353433048
1995-08-17 02:05:00,194.966,752.2795251511732
1995-08-17 02:06:00,95.285,736.183781258858
1995-08-17 02:07:00,328.76,626.6888284122118
1995-08-17 02:08:00,260.034,716.2837042592824
1995-08-17 02:09:00,878.735,686.0058181281549
1995-08-17 02:10:00,1899.1589999999999,790.4042139898402
1995-08-17 02:11:00,140.803,1059.9961023099788
1995-08-17 02:12:00,241.695,779.3893135260236
1995-08-17 02:13:00,233.31,844.7745832967526
1995-08-17 02:14:00,1250.314,823.4475018920389
1995-08-17 02:15:00,125.57600000000001,869.3530293203266
1995-08-17 02:16:00,298.711,758.2767461482064
1995-08-17 02:17:00,410.97700000000003,813.6598904065562
1995-08-17 02:18:00,39.016999999999996,786.8786513230596
1995-08-17 02:19:00,279.201,534.126704031777
1995-08-17 02:20:00,434.59900000000005,886.4061225672747
1995-08-17 02:21:00,255.27,735.2860806264464
1995-08-17 02:22:00,110.46,675.8511528668064
1995-08-17 02:23:00,506.20599999999996,662.9789517380143
1995-08-17 02:24:00,186.55100000000002,613.359468387608
1995-08-17 02:25:00,143.958,705.5647619299931
1995-08-17 02:26:00,218.09199999999998,572.0495433425558
1995-08-17 02:27:00,189.613,606.6400878473074
1995-08-17 02:28:00,109.898,734.7860246809563
1995-08-17 02:29:00,121.01899999999999,712.9376552825933
1995-08-17 02:30:00,48.769999999999996,586.8696526583005
1995-08-17 02:31:00,151.097,430.891413363076
1995-08-17 02:32:00,67.286,345.0666223086173
1995-08-17 02:33:00,121.827,490.658864596714
1995-08-17 02:34:00,36.914,528.6137274485752
1995-08-17 02:35:00,765.4929999999999,312.4835594541388
1995-08-17 02:36:00,483.059,449.19629175476393
1995-08-17 02:37:00,227.44099999999997,630.3332090577967
1995-08-17 02:38:00,465.455,537.2869411390768
1995-08-17 02:39:00,275.867,548.0060793846832
1995-08-17 02:40:00,202.499,559.6305494389751
1995-08-17 02:41:00,36.756,558.7003275476092
1995-08-17 02:42:00,90.434,574.3836079352346
1995-08-17 02:43:00,239.295,416.55076639151343
1995-08-17 02:44:00,147.52100000000002,604.873921343122
1995-08-17 02:45:00,66.544,531.4212630213501
1995-08-17 02:46:00,72.372,298.78400341237307
1995-08-17 02:47:00,115.239,260.11708448213636
1995-08-17 02:48:00,42.56,298.584012778358
1995-08-17 02:49:00,17.481,274.6190074284662
1995-08-17 02:50:00,95.13399999999999,224.5771621687456
1995-08-17 02:51:00,37.495,364.1277500291466
1995-08-17 02:52:00,592.114,164.01978139597057
1995-08-17 02:53:00,56.236999999999995,259.9812868121015
1995-08-17 02:54:00,275.505,274.77539650540405
1995-08-17 02:55:00,286.68399999999997,367.51652131805236
1995-08-17 02:56:00,213.12199999999999,282.7752967021551
1995-08-17 02:57:00,124.64,417.1312770774265
1995-08-17 02:58:00,100.28800000000001,461.0049518811614
1995-08-17 02:59:00,369.493,195.53975807223495
1995-08-17 03:00:00,68.594,434.82008640914046
1995-08-17 03:01:00,233.496,506.356043566769
1995-08-17 03:02:00,100.441,355.6604559015845
1995-08-17 03:03:00,165.853,361.59962695351305
1995-08-17 03:04:00,178.54000000000002,398.99118278644517
1995-08-17 03:05:00,93.001,433.2367460463997
1995-08-17 03:06:00,227.965,290.7843530024357
1995-08-17 03:07:00,81.559,462.53993842464746
1995-08-17 03:08:00,161.778,217.74870093111358
1995-08-17 03:09:00,140.279,304.07263334894924
1995-08-17 03:10:00,56.713,441.0987101148713
1995-08-17 03:11:00,11.591,315.2393671936979
1995-08-17 03:12:00,53.034,205.74342015306064
1995-08-17 03:13:00,243.28699999999998,289.74107444506586
1995-08-17 03:14:00,46.0,326.3288946866984
1995-08-17 03:15:00,172.689,422.6922514245966
1995-08-17 03:16:00,14.364,361.6401439307016
1995-08-17 03:17:00,0.0,414.0428201491373
1995-08-17 03:22:00,134.802,315.6321455681637
1995-08-17 03:24:00,30.43,199.11816630494224
1995-08-17 03:25:00,119.699,376.3033620791591
1995-08-17 03:26:00,79.586,342.1172380396511
1995-08-17 03:27:00,75.16199999999999,399.9142181102401
1995-08-17 03:28:00,47.876,165.46635848730685
1995-08-17 03:29:00,1152.9370000000001,250.80755462757466
1995-08-17 03:30:00,89.08,321.2476501768365
1995-08-17 03:31:00,55.336999999999996,389.452387946509
1995-08-17 03:32:00,57.318,444.63878585592596
1995-08-17 03:34:00,3.2600000000000002,337.63822490938776
1995-08-17 03:35:00,100.587,193.61834112546683
1995-08-17 03:36:00,105.409,196.34202267594023
1995-08-17 03:37:00,17.866,232.59618624198282
1995-08-17 03:38:00,414.898,290.03409215051806
1995-08-17 03:39:00,249.642,334.81965185845786
1995-08-17 03:40:00,42.723,622.2590051841764
1995-08-17 03:41:00,377.269,357.93338250389235
1995-08-17 03:42:00,87.534,472.1968588021694
1995-08-17 03:43:00,102.45,441.16061123051446
1995-08-17 03:44:00,49.672,348.1744984770968
1995-08-17 03:45:00,904.209,325.35692088647465
1995-08-17 03:46:00,590.4739999999999,515.9427260377553
1995-08-17 03:47:00,298.093,509.98830033419006
1995-08-17 03:48:00,1341.114,637.9711135102069
1995-08-17 03:49:00,1247.134,658.6139573886716
1995-08-17 03:50:00,167.184,876.2361051290277
1995-08-17 03:51:00,377.513,746.7237907857175
1995-08-17 03:52:00,210.655,853.3892148836877
1995-08-17 03:53:00,257.886,891.7371203559869
1995-08-17 03:54:00,79.37700000000001,759.4131533336141
1995-08-17 03:55:00,291.585,626.4500694334342
1995-08-17 03:56:00,298.197,800.4710823776649
1995-08-17 03:57:00,392.894,751.7674332427875
1995-08-17 03:58:00,259.13700000000006,719.6044429065842
1995-08-17 03:59:00,407.32,639.9486365293801
1995-08-17 04:00:00,119.072,753.4012304466405
1995-08-17 04:01:00,110.017,618.5329405080664
1995-08-17 04:02:00,404.64300000000003,503.4824068472064
1995-08-17 04:03:00,245.093,550.9250973787092
1995-08-17 04:04:00,148.012,750.9395940896145
1995-08-17 04:05:00,419.604,593.6763420484335
1995-08-17 04:06:00,189.27100000000002,763.3016469275555
1995-08-17 04:07:00,285.938,890.860482070766
1995-08-17 04:08:00,229.302,818.3126976000957
1995-08-17 04:09:00,433.36899999999997,831.1216825354988
1995-08-17 04:10:00,346.90999999999997,669.6565637545987
1995-08-17 04:11:00,1258.0710000000001,973.7071126594244
1995-08-17 04:12:00,1562.1170000000002,870.2509440758364
1995-08-17 04:13:00,397.192,927.0049928889858
1995-08-17 04:14:00,337.765,962.3625594767913
1995-08-17 04:15:00,667.3249999999999,1056.6107473242625
1995-08-17 04:16:00,422.74600000000004,945.6753657698608
1995-08-17 04:17:00,646.967,1051.7868981792383
1995-08-17 04:18:00,323.27,921.2975443870241
1995-08-17 04:19:00,317.15500000000003,900.4596341503549
1995-08-17 04:20:00,696.488,974.1460821102037
1995-08-17 04:21:00,162.489,869.1471757845694
1995-08-17 04:22:00,225.644,866.8359034973887
1995-08-17 04:23:00,284.512,711.878718754095
1995-08-17 04:24:00,87.113,769.3408429294541
1995-08-17 04:25:00,594.0790000000001,688.8642326291331
1995-08-17 04:26:00,106.688,541.912839547243
1995-08-17 04:27:00,50.516999999999996,805.0827068765889
1995-08-17 04:28:00,764.333,561.0145659688795
1995-08-17 04:29:00,628.655,506.24646926691094
1995-08-17 04:30:00,779.4859999999999,579.9083819727094
1995-08-17 04:31:00,267.038,580.0978439263617
1995-08-17 04:32:00,1234.596,704.9981937132226
1995-08-17 04:33:00,59.603,615.2498898626947
1995-08-17 04:34:00,52.345,663.2589388184535
1995-08-17 04:35:00,237.492,484.6817033242435
1995-08-17 04:36:00,295.004,622.019069493325
1995-08-17 04:37:00,156.566,693.75655907988
1995-08-17 04:38:00,166.062,635.0439911513794
1995-08-17 04:39:00,58.471000000000004,482.39889344498107
1995-08-17 04:40:00,139.921,567.8084789281316
1995-08-17 04:41:00,37.598,533.0452653387216
1995-08-17 04:42:00,91.758,471.610847225008
1995-08-17 04:43:00,89.214,576.5501073880621
1995-08-17 04:44:00,284.573,352.37633176756145
1995-08-17 04:45:00,89.43100000000001,494.23147651484123
1995-08-17 04:46:00,309.01800000000003,474.12813796940867
1995-08-17 04:47:00,295.503,558.8726361090183
1995-08-17 04:48:00,86.908,519.2093535440106
1995-08-17 04:49:00,270.574,563.2265130632663
1995-08-17 04:50:00,533.866,547.2292225505078
1995-08-17 04:51:00,1232.414,639.833447044974
1995-08-17 04:52:00,643.458,487.3508492465668
1995-08-17 04:53:00,576.562,880.5711430156146
1995-08-17 04:54:00,90.112,783.6799228473334
1995-08-17 04:55:00,132.217,750.3331668045346
1995-08-17 04:56:00,116.517,585.6609306508857
1995-08-17 04:57:00,2.553,565.9820923244869
1995-08-17 04:58:00,237.847,393.32403610750714
1995-08-17 04:59:00,92.55499999999999,367.35630403424256
1995-08-17 05:00:00,143.857,350.6372310743722
1995-08-17 05:01:00,161.763,356.19263147366604
1995-08-17 05:02:00,221.96099999999998,362.19050492255406
1995-08-17 05:03:00,0.0,384.84269560976213
1995-08-17 05:08:00,117.83099999999999,368.64578355177144
1995-08-17 05:10:00,194.269,266.132680985942
1995-08-17 05:11:00,51.722,378.21871208628994
1995-08-17 05:12:00,148.239,294.23357186079517
1995-08-17 05:13:00,291.16700000000003,441.68796132683326
1995-08-17 05:14:00,186.684,598.0634807387155
1995-08-17 05:15:00,54.422000000000004,534.9843759267859
1995-08-17 05:16:00,1317.4810000000002,379.4128862661603
1995-08-17 05:17:00,468.219,487.9500747854297
1995-08-17 05:18:00,319.872,583.2968695021275
1995-08-17 05:20:00,100.32900000000001,672.2634212290956
1995-08-17 05:21:00,52.181,402.0643341162624
1995-08-17 05:22:00,127.699,360.2894508482496
1995-08-17 05:23:00,556.763,350.2580264064165
1995-08-17 05:24:00,167.728,410.60451583680054
1995-08-17 05:25:00,108.65599999999999,372.75454717308617
1995-08-17 05:26:00,397.39300000000003,424.8394107393533
1995-08-17 05:27:00,644.605,602.2225898639603
1995-08-17 05:28:00,150.539,795.519954315441
1995-08-17 05:29:00,136.407,669.4499690913725
1995-08-17 05:30:00,299.505,535.495794887751
1995-08-17 05:31:00,373.436,463.9434286291359
1995-08-17 05:32:00,89.684,578.7804153138411
1995-08-17 05:33:00,451.681,410.36503457731226
1995-08-17 05:34:00,0.096,493.8500912074514
1995-08-17 05:35:00,121.463,504.688872497095
1995-08-17 05:36:00,133.628,471.55328151316667
1995-08-17 05:37:00,215.82,407.6996651680396
1995-08-17 05:38:00,158.105,582.4521152309691
1995-08-17 05:39:00,46.667,507.6495375094786
1995-08-17 05:40:00,480.604,439.2729633331377
1995-08-17 05:41:00,210.392,361.26795428457547
1995-08-17 05:42:00,158.568,552.7820574281895
1995-08-17 05:43:00,75.666,627.6752266441912
1995-08-17 05:44:00,289.95300000000003,478.83523138157375
1995-08-17 05:45:00,365.346,435.4832228776911
1995-08-17 05:46:00,275.12899999999996,415.31694421001794
1995-08-17 05:47:00,683.891,444.718548221314
1995-08-17 05:48:00,0.11,441.2133742812516
1995-08-17 05:49:00,25.941000000000003,293.61646244782844
1995-08-17 05:50:00,147.45999999999998,427.086759549448
1995-08-17 05:51:00,31.415,366.48015507581727
1995-08-17 05:52:00,105.245,319.715822002387
1995-08-17 05:53:00,128.804,368.6119514055889
1995-08-17 05:54:00,84.307,310.68919002084164
1995-08-17 05:55:00,167.775,431.2540836639522
1995-08-17 05:56:00,93.78899999999999,324.46784556328987
1995-08-17 05:57:00,159.14499999999998,529.4316804138825
1995-08-17 05:58:00,7.917999999999999,346.65793075970544
1995-08-17 05:59:00,108.50399999999999,408.0680115366487
1995-08-17 06:00:00,313.76,210.4863154541268
1995-08-17 06:01:00,1155.953,565.1867417236917
1995-08-17 06:02:00,247.996,619.8633407454993
1995-08-17 06:03:00,158.722,659.9676463213526
1995-08-17 06:04:00,386.726,587.8592159930091
1995-08-17 06:05:00,318.058,611.9056937090664
1995-08-17 06:06:00,3.381,518.85342715814
1995-08-17 06:07:00,163.414,602.6730430858356
1995-08-17 06:08:00,185.726,368.9186241547105
1995-08-17 06:09:00,57.759,417.4325824073157
1995-08-17 06:10:00,109.423,383.1015110636232
1995-08-17 06:11:00,124.195,315.9812966423898
1995-08-17 06:12:00,86.677,368.6531010858913
1995-08-17 06:13:00,40.535,406.49900573067885
1995-08-17 06:14:00,105.137,338.83171485447616
1995-08-17 06:15:00,15.642000000000001,290.35017696165994
1995-08-17 06:16:00,106.015,207.49293953021893
1995-08-17 06:17:00,113.12,129.65541805119355
1995-08-17 06:18:00,56.108000000000004,222.46880619177554
1995-08-17 06:19:00,1204.633,432.1955528258181
1995-08-17 06:20:00,33.626,209.91816356113608
1995-08-17 06:21:00,108.24300000000001,466.7603349301679
1995-08-17 06:22:00,275.478,295.2114269631563
1995-08-17 06:23:00,78.94,437.60544088562887
1995-08-17 06:24:00,191.224,359.91694583696534
1995-08-17 06:25:00,35.89,357.31839921722525
1995-08-17 06:26:00,50.579,375.13364781866875
1995-08-17 06:27:00,205.53500000000003,209.89869973887218
1995-08-17 06:28:00,117.59700000000001,308.476651891024
1995-08-17 06:29:00,87.157,320.48787933142955
1995-08-17 06:30:00,32.849000000000004,271.9430964115528
1995-08-17 06:31:00,113.41,424.38197539006535
1995-08-17 06:32:00,163.644,400.5873144849677
1995-08-17 06:33:00,188.723,342.843216137789
1995-08-17 06:34:00,105.756,377.20149078235846
1995-08-17 06:35:00,254.986,499.071117178319
1995-08-17 06:36:00,135.968,498.5650561873186
1995-08-17 06:37:00,711.489,461.0845322661924
1995-08-17 06:38:00,80.749,586.3840412068957
1995-08-17 06:39:00,200.017,477.38269403793703
1995-08-17 06:40:00,184.257,376.52734126993516
1995-08-17 06:41:00,86.28399999999999,570.6580375354462
1995-08-17 06:42:00,15.788,484.1320482372885
1995-08-17 06:43:00,185.27,338.0342641803058
1995-08-17 06:44:00,29.42,445.1490419630465
1995-08-17 06:45:00,34.575,217.6634403096333
1995-08-17 06:46:00,167.08,175.1441332925757
1995-08-17 06:47:00,52.448,331.97482284281756
1995-08-17 06:48:00,181.155,245.27151422139883
1995-08-17 06:49:00,43.116,313.53606360006546
1995-08-17 06:50:00,109.293,504.5447382584435
1995-08-17 06:51:00,143.416,339.23361898103263
1995-08-17 06:52:00,274.837,459.8618696296845
1995-08-17 06:53:00,794.071,571.1361406528234
1995-08-17 06:54:00,173.331,669.9997465347029
1995-08-17 06:55:00,279.46099999999996,607.4801190219874
1995-08-17 06:56:00,518.499,597.7163128804939
1995-08-17 06:57:00,354.32500000000005,868.4804553921128
1995-08-17 06:58:00,304.164,792.3041704050316
1995-08-17 06:59:00,326.179,842.0857935575905
1995-08-17 07:00:00,244.09,582.4416297210092
1995-08-17 07:01:00,145.982,623.4940918067242
1995-08-17 07:02:00,269.06399999999996,639.213882202121
1995-08-17 07:03:00,243.06,628.3958833425893
1995-08-17 07:04:00,491.28,834.6575532508706
1995-08-17 07:05:00,678.2629999999999,757.0497231631566
1995-08-17 07:06:00,253.053,903.2396227095614
1995-08-17 07:07:00,365.00199999999995,836.4912631535021
1995-08-17 07:08:00,288.21,879.1783671804504
1995-08-17 07:09:00,745.287,788.1826380988646
1995-08-17 07:10:00,286.868,866.2104434724085
1995-08-17 07:11:00,767.408,1003.5031337540518
1995-08-17 07:12:00,919.428,973.1561023783477
1995-08-17 07:13:00,330.698,1031.7996264794833
1995-08-17 07:14:00,1309.583,1008.744039187334
1995-08-17 07:15:00,205.768,1103.5823346958932
1995-08-17 07:16:00,1579.166,975.2112688455809
1995-08-17 07:17:00,657.65,1004.9732683016455
1995-08-17 07:18:00,945.9749999999999,899.7138233492271
1995-08-17 07:19:00,693.4300000000001,1086.1450089197442
1995-08-17 07:20:00,959.838,1202.9485189124316
1995-08-17 07:21:00,1496.8000000000002,1289.7575831191768
1995-08-17 07:22:00,581.899,1297.6725061636664
1995-08-17 07:23:00,232.762,1312.9465243785903
1995-08-17 07:24:00,1171.7259999999999,1192.7317792370093
1995-08-17 07:25:00,632.111,1172.9215502323307
1995-08-17 07:26:00,462.194,1339.266329335541
1995-08-17 07:27:00,1358.693,1204.2984230226375
1995-08-17 07:28:00,453.935,1142.9166102749891
1995-08-17 07:29:00,1991.036,1206.6735864819473
1995-08-17 07:30:00,320.001,1301.490401599224
1995-08-17 07:31:00,231.438,994.7066443266733
1995-08-17 07:32:00,470.782,1048.7908928275235
1995-08-17 07:33:00,765.162,1099.907363188907
1995-08-17 07:34:00,586.223,1123.0919248224427
1995-08-17 07:35:00,282.014,1127.0053873500676
1995-08-17 07:36:00,1994.284,1049.8739671646401
1995-08-17 07:37:00,666.609,1077.3587572910858
1995-08-17 07:38:00,889.5329999999999,1125.9485614769335
1995-08-17 07:39:00,456.854,1254.9400480501438
1995-08-17 07:40:00,874.497,1339.284588113325
1995-08-17 07:41:00,622.307,1317.673194418713
1995-08-17 07:42:00,535.311,1289.698878686458
1995-08-17 07:43:00,235.21099999999998,1217.1807214919786
1995-08-17 07:44:00,457.49,1170.5257605502427
1995-08-17 07:45:00,1920.6019999999999,1120.8933624692684
1995-08-17 07:46:00,773.543,1254.4214390993113
1995-08-17 07:47:00,598.746,1429.5328753547708
1995-08-17 07:48:00,268.486,1307.379783059858
1995-08-17 07:49:00,751.508,1191.7094946361524
1995-08-17 07:50:00,2911.177,1200.6790873536581
1995-08-17 07:51:00,758.775,1289.7697775724766
1995-08-17 07:52:00,552.469,1327.5369225005616
1995-08-17 07:53:00,1501.8,1499.2463525839657
1995-08-17 07:54:00,518.386,1431.4001718988654
1995-08-17 07:55:00,438.195,1479.7651633864982
1995-08-17 07:56:00,442.767,1353.8468433885841
1995-08-17 07:57:00,880.159,1204.669933920876
1995-08-17 07:58:00,456.606,1298.9834903611036
1995-08-17 07:59:00,714.726,1402.160559368298
1995-08-17 08:00:00,955.68,1357.156360575167
1995-08-17 08:01:00,637.726,1382.60995787661
1995-08-17 08:02:00,629.885,1325.4494372619038
1995-08-17 08:03:00,1140.058,1341.7761804806698
1995-08-17 08:04:00,749.087,1445.14954079088
1995-08-17 08:05:00,1322.8410000000001,1497.9391112115284
1995-08-17 08:06:00,920.507,1565.9127824630502
1995-08-17 08:07:00,800.269,1340.0071418512416
1995-08-17 08:08:00,755.565,1408.5066517693967
1995-08-17 08:09:00,680.323,1218.3255645191498
1995-08-17 08:10:00,478.048,1292.744462584175
1995-08-17 08:11:00,943.945,1229.4178228710355
1995-08-17 08:12:00,620.953,1320.2073583243964
1995-08-17 08:13:00,769.652,1351.0237130320882
1995-08-17 08:14:00,540.141,1365.246932198339
1995-08-17 08:15:00,605.4680000000001,1273.9248152433588
1995-08-17 08:16:00,714.251,1203.211183066056
1995-08-17 08:17:00,466.389,1465.4297991432106
1995-08-17 08:18:00,1682.133,1237.2708591218407
1995-08-17 08:19:00,585.211,1447.2563662011198
1995-08-17 08:20:00,786.971,1375.7366962379156
1995-08-17 08:21:00,317.29200000000003,1361.3901946947465
1995-08-17 08:22:00,680.394,1385.6189586440955
1995-08-17 08:23:00,1267.411,1394.1389531398283
1995-08-17 08:24:00,321.893,1371.2277319362242
1995-08-17 08:25:00,533.793,1234.9641520212017
1995-08-17 08:26:00,753.567,1163.2281502810506
1995-08-17 08:27:00,472.394,1320.8622178999633
1995-08-17 08:28:00,358.987,1025.7470142342058
1995-08-17 08:29:00,928.672,1345.9640953284731
1995-08-17 08:30:00,342.943,1393.3289761535539
1995-08-17 08:31:00,723.128,1331.1011090177908
1995-08-17 08:32:00,638.408,1245.536083812436
1995-08-17 08:33:00,327.596,1257.7459125923071
1995-08-17 08:34:00,123.021,1078.5515843980165
1995-08-17 08:35:00,361.81399999999996,1118.333623203758
1995-08-17 08:36:00,894.976,1132.3652878903383
1995-08-17 08:37:00,254.035,1068.6550592491737
1995-08-17 08:38:00,230.439,1058.9149572605477
1995-08-17 08:39:00,389.456,919.2926696270468
1995-08-17 08:40:00,634.252,925.9302826522676
1995-08-17 08:41:00,1823.261,1059.260854178958
1995-08-17 08:42:00,385.861,1235.9227837649023
1995-08-17 08:43:00,186.53699999999998,1206.2645367177627
1995-08-17 08:44:00,816.769,1023.7755728393926
1995-08-17 08:45:00,529.636,1150.0603106371664
1995-08-17 08:46:00,408.981,1128.9192958191577
1995-08-17 08:47:00,704.4689999999999,1140.3497296286528
1995-08-17 08:48:00,271.907,1036.3177385355423
1995-08-17 08:49:00,1309.3360000000002,1123.005665749752
1995-08-17 08:50:00,229.118,1328.8812662259193
1995-08-17 08:51:00,1027.799,1200.514219197886
1995-08-17 08:52:00,494.18399999999997,1395.506228988949
1995-08-17 08:53:00,245.684,1202.5979920846712
1995-08-17 08:54:00,443.534,1129.7037776140994
1995-08-17 08:55:00,311.893,1077.1123086387595
1995-08-17 08:56:00,2199.56,934.282037889089
1995-08-17 08:57:00,582.495,1358.642870725294
1995-08-17 08:58:00,321.15,1327.3100173993405
1995-08-17 08:59:00,1190.031,1217.20364574721
1995-08-17 09:00:00,315.573,1496.5637445198954
1995-08-17 09:01:00,629.883,1135.423584553604
1995-08-17 09:02:00,825.073,1196.2027598737
1995-08-17 09:03:00,694.3679999999999,1289.9701158914863
1995-08-17 09:04:00,447.59,1352.710508758778
1995-08-17 09:05:00,298.085,1254.5797516213972
1995-08-17 09:06:00,1353.378,1292.6506248849134
1995-08-17 09:07:00,755.795,1309.2709190526652
1995-08-17 09:08:00,707.662,1405.8931931289944
1995-08-17 09:09:00,1581.4009999999998,1381.958263587638
1995-08-17 09:10:00,830.76,1440.968859388875
1995-08-17 09:11:00,581.633,1526.5853457081762
1995-08-17 09:12:00,430.003,1515.3694340317227
1995-08-17 09:13:00,564.741,1319.349232302368
1995-08-17 09:14:00,839.292,1212.6735992233214
1995-08-17 09:15:00,257.73,1395.5461962833026
1995-08-17 09:16:00,311.136,1068.338393806714
1995-08-17 09:17:00,469.256,937.9922107959885
1995-08-17 09:18:00,1190.44,1037.8755977869814
1995-08-17 09:19:00,640.093,1167.1176960003363
1995-08-17 09:20:00,1488.991,1290.486082701221
1995-08-17 09:21:00,1174.464,1362.914142854203
1995-08-17 09:22:00,603.195,1486.3937680390027
1995-08-17 09:23:00,834.534,1490.7408926214741
1995-08-17 09:24:00,1003.965,1360.1591354041395
1995-08-17 09:25:00,1088.424,1540.019736779357
1995-08-17 09:26:00,2093.035,1501.2264050955014
1995-08-17 09:27:00,1152.892,1704.3313473076016
1995-08-17 09:28:00,1062.998,1744.487933404266
1995-08-17 09:29:00,927.102,1908.1198240124459
1995-08-17 09:30:00,708.475,1843.371519682612
1995-08-17 09:31:00,1101.699,1465.6408816798812
1995-08-17 09:32:00,1112.258,1747.8388666210865
1995-08-17 09:33:00,961.576,1499.904539635825
1995-08-17 09:34:00,369.442,1690.5023496332594
1995-08-17 09:35:00,1255.742,1433.802802163545
1995-08-17 09:36:00,774.423,1427.2814139157972
1995-08-17 09:37:00,628.111,1528.5145157923096
1995-08-17 09:38:00,563.04,1300.433257144044
1995-08-17 09:39:00,832.345,1528.5859550595933
1995-08-17 09:40:00,397.366,1573.413289946912
1995-08-17 09:41:00,855.752,1462.2832505074566
1995-08-17 09:42:00,1228.7469999999998,1476.9615882836126
1995-08-17 09:43:00,1886.995,1389.9722255365832
1995-08-17 09:44:00,1120.644,1464.907613929035
1995-08-17 09:45:00,801.406,1704.0852831589184
1995-08-17 09:46:00,315.808,1788.5407191392387
1995-08-17 09:47:00,315.814,1556.461235686899
1995-08-17 09:48:00,439.753,1149.0499136566164
1995-08-17 09:49:00,1567.856,1219.6540744538045
1995-08-17 09:50:00,341.953,1273.8837029111792
1995-08-17 09:51:00,196.143,1439.1303093366282
1995-08-17 09:52:00,426.773,1348.4266967748993
1995-08-17 09:53:00,557.184,1288.0058973313805
1995-08-17 09:54:00,887.0690000000001,1400.1978566517112
1995-08-17 09:55:00,2832.035,1483.0451696374987
1995-08-17 09:56:00,534.993,1340.5028107945102
1995-08-17 09:57:00,1068.0,1524.531631114008
1995-08-17 09:58:00,491.852,1675.3490489126973
1995-08-17 09:59:00,649.551,1205.450437616599
1995-08-17 10:00:00,1322.092,1438.7669920413243
1995-08-17 10:01:00,998.294,1480.9551470051865
1995-08-17 10:02:00,514.0269999999999,1599.8855935286074
1995-08-17 10:03:00,392.46500000000003,1325.0062202288175
1995-08-17 10:04:00,1725.0209999999997,1372.7520941476737
1995-08-17 10:05:00,408.274,1400.0599706688693
1995-08-17 10:06:00,431.72499999999997,1242.8489234133078
1995-08-17 10:07:00,422.811,1352.3255951531567
1995-08-17 10:08:00,1213.479,1243.94847085699
1995-08-17 10:09:00,1861.123,1374.9878409332068
1995-08-17 10:10:00,1222.752,1884.16063750243
1995-08-17 10:11:00,832.51,1745.0160372182725
1995-08-17 10:12:00,4546.123,1582.677578108529
1995-08-17 10:13:00,267.175,1870.940862173544
1995-08-17 10:14:00,670.907,1336.1548609368624
1995-08-17 10:15:00,124.693,1392.2399183105588
1995-08-17 10:16:00,504.799,1142.8481075430068
1995-08-17 10:17:00,255.40300000000002,1307.102356150467
1995-08-17 10:18:00,1192.4299999999998,1268.4733841403818
1995-08-17 10:19:00,170.948,1445.1612358465281
1995-08-17 10:20:00,473.979,1163.1806260998494
1995-08-17 10:21:00,640.033,1286.9678922427345
1995-08-17 10:22:00,315.103,1471.7203915094565
1995-08-17 10:23:00,485.248,1255.30584040836
1995-08-17 10:24:00,736.575,1344.7847423804544
1995-08-17 10:25:00,689.3009999999999,1417.5758513152284
1995-08-17 10:26:00,1818.0620000000001,1608.3170521519223
1995-08-17 10:27:00,604.904,1830.107496044898
1995-08-17 10:28:00,946.51,1612.2662733383697
1995-08-17 10:29:00,905.9159999999999,1822.1539876584638
1995-08-17 10:30:00,991.6649999999998,1591.3706630455185
1995-08-17 10:31:00,553.275,1640.6636346537166
1995-08-17 10:32:00,528.3969999999999,1578.409342458844
1995-08-17 10:33:00,674.929,1381.885877538267
1995-08-17 10:34:00,2361.346,1522.5811975209022
1995-08-17 10:35:00,343.769,1615.9302436934693
1995-08-17 10:36:00,887.985,1468.4272002438636
1995-08-17 10:37:00,1301.01,1420.2293832606365
1995-08-17 10:38:00,1020.311,1391.8615851340594
1995-08-17 10:39:00,2538.414,1818.250986388267
1995-08-17 10:40:00,1396.793,1939.2582606834915
1995-08-17 10:41:00,1466.224,1986.7571686561469
1995-08-17 10:42:00,977.7,1922.4004627013705
1995-08-17 10:43:00,3615.2509999999997,1861.394629505893
1995-08-17 10:44:00,1834.807,1925.3993429487116
1995-08-17 10:45:00,1412.46,2053.7979410360995
1995-08-17 10:46:00,1994.046,1940.0491649130502
1995-08-17 10:47:00,1771.53,2034.6010241309007
1995-08-17 10:48:00,1813.819,2052.6608652072914
1995-08-17 10:49:00,1258.932,2104.5312661626194
1995-08-17 10:50:00,839.869,2085.989072774853
1995-08-17 10:51:00,2774.456,1925.5613924842326
1995-08-17 10:52:00,1234.547,2021.5106698437025
1995-08-17 10:53:00,827.187,2099.4272489726245
1995-08-17 10:54:00,809.893,2257.09911103385
1995-08-17 10:55:00,700.181,1926.508930690045
1995-08-17 10:56:00,799.553,1704.579450314488
1995-08-17 10:57:00,555.024,1657.7567641514158
1995-08-17 10:58:00,613.943,1834.3845971131382
1995-08-17 10:59:00,1864.485,1865.1694151727743
1995-08-17 11:00:00,778.892,1716.888799561563
1995-08-17 11:01:00,560.121,1631.9158190384849
1995-08-17 11:02:00,1347.86,1716.1350559753564
1995-08-17 11:03:00,900.614,1684.8859094034551
1995-08-17 11:04:00,1245.332,1833.8977894347527
1995-08-17 11:05:00,1107.3139999999999,1957.3869391390765
1995-08-17 11:06:00,863.8389999999999,1904.8078248597799
1995-08-17 11:07:00,2393.29,1760.2312431877288
1995-08-17 11:08:00,835.468,1942.3945353720337
1995-08-17 11:09:00,697.9159999999999,2017.0863623039959
1995-08-17 11:10:00,1226.432,1836.4886994783983
1995-08-17 11:11:00,929.79,1816.1846508571725
1995-08-17 11:12:00,1651.151,1821.9121268746344
1995-08-17 11:13:00,1659.1100000000001,1866.384277320236
1995-08-17 11:14:00,1717.403,2009.4603800795237
1995-08-17 11:15:00,1192.4470000000001,2194.6273547457363
1995-08-17 11:16:00,869.0350000000001,2183.9273045760897
1995-08-17 11:17:00,724.649,1793.9642300101075
1995-08-17 11:18:00,832.8050000000001,1774.366007632009
1995-08-17 11:19:00,1350.432,1759.3955486721434
1995-08-17 11:20:00,523.917,1574.464919576185
1995-08-17 11:21:00,471.728,1581.301001446109
1995-08-17 11:22:00,836.507,1468.451881983802
1995-08-17 11:23:00,1192.693,1605.8657550245152
1995-08-17 11:24:00,580.3969999999999,1623.0747628275392
1995-08-17 11:25:00,1708.5059999999999,1557.0768744435582
1995-08-17 11:26:00,2356.265,1709.8579763839803
1995-08-17 11:27:00,435.201,1705.1619294994498
1995-08-17 11:28:00,1281.74,1913.881360638874
1995-08-17 11:29:00,900.031,1626.1594350460518
1995-08-17 11:30:00,662.683,1601.7850769007819
1995-08-17 11:31:00,983.495,1621.8172958385826
1995-08-17 11:32:00,783.985,1537.9013007166338
1995-08-17 11:33:00,603.687,1375.917327544978
1995-08-17 11:34:00,2610.5969999999998,1345.9006686287717
1995-08-17 11:35:00,966.18,1627.2563019962097
1995-08-17 11:36:00,747.7869999999999,1736.8974017371181
1995-08-17 11:37:00,929.933,1781.5089513989997
1995-08-17 11:38:00,1678.087,1810.9323889053794
1995-08-17 11:39:00,579.558,1768.065204764336
1995-08-17 11:40:00,2817.484,1795.387119194966
1995-08-17 11:41:00,1958.473,1761.9975166973527
1995-08-17 11:42:00,1232.779,1682.9767413172733
1995-08-17 11:43:00,622.465,2010.783910806723
1995-08-17 11:44:00,1126.201,1735.885859367058
1995-08-17 11:45:00,1342.2279999999998,1745.7215786701886
1995-08-17 11:46:00,370.81,1863.4138419992835
1995-08-17 11:47:00,344.665,1676.2440589029827
1995-08-17 11:48:00,1364.88,1707.2360935957101
1995-08-17 11:49:00,345.52,1458.7213100554688
1995-08-17 11:50:00,565.505,1350.7240484931704
1995-08-17 11:51:00,897.4430000000001,1413.4675030993353
1995-08-17 11:52:00,1449.653,1545.172434216436
1995-08-17 11:53:00,896.711,1588.4450877399356
1995-08-17 11:54:00,592.597,1742.1040032001188
1995-08-17 11:55:00,1550.172,1473.5550267299975
1995-08-17 11:56:00,971.816,1736.0420012992113
1995-08-17 11:57:00,560.695,1817.5050684298853
1995-08-17 11:58:00,283.758,1767.614502184387
1995-08-17 11:59:00,892.219,1427.5469165355107
1995-08-17 12:00:00,583.859,1540.9053553526053
1995-08-17 12:01:00,743.234,1331.9738137760885
1995-08-17 12:02:00,1100.923,1549.3302034290998
1995-08-17 12:03:00,693.895,1577.2161739873306
1995-08-17 12:04:00,910.9449999999999,1515.4481239507916
1995-08-17 12:05:00,605.996,1583.9974347688624
1995-08-17 12:06:00,945.626,1651.575932690373
1995-08-17 12:07:00,1663.8139999999999,1555.0800891623321
1995-08-17 12:08:00,376.96299999999997,1533.9210452040238
1995-08-17 12:09:00,573.789,1244.8866068025911
1995-08-17 12:10:00,610.097,1556.4908953020558
1995-08-17 12:11:00,454.054,1382.090154563954
1995-08-17 12:12:00,775.2379999999999,1254.8507131523147
1995-08-17 12:13:00,1388.207,1268.010771844281
1995-08-17 12:14:00,945.505,1704.3896729695964
1995-08-17 12:15:00,1496.944,1662.7559507332135
1995-08-17 12:16:00,1056.576,1749.874274301404
1995-08-17 12:17:00,911.753,1648.0519623463226
1995-08-17 12:18:00,913.006,1684.7394245546334
1995-08-17 12:19:00,352.066,1658.4501830994045
1995-08-17 12:20:00,152.563,1485.5940790192037
1995-08-17 12:21:00,641.709,1285.9331518625522
1995-08-17 12:22:00,1562.391,1465.3368084071778
1995-08-17 12:23:00,2075.209,1436.5646522611678
1995-08-17 12:24:00,766.6,1564.639939794265
1995-08-17 12:25:00,2726.17,1653.6453337736264
1995-08-17 12:26:00,1610.984,1912.9483853393283
1995-08-17 12:27:00,1700.0359999999998,1704.8188223130373
1995-08-17 12:28:00,918.063,1995.2212827226576
1995-08-17 12:29:00,3527.0009999999997,1669.284682203862
1995-08-17 12:30:00,1687.0480000000002,2064.6615966164554
1995-08-17 12:31:00,617.027,1985.3158428306413
1995-08-17 12:32:00,542.215,1894.421374626248
1995-08-17 12:33:00,983.315,1755.582598407255
1995-08-17 12:34:00,421.455,1661.886791483875
1995-08-17 12:35:00,1235.238,1818.2681319019275
1995-08-17 12:36:00,1154.374,1747.4946114396994
1995-08-17 12:37:00,1045.86,1926.4404008220856
1995-08-17 12:38:00,2454.544,1932.2087753225867
1995-08-17 12:39:00,2312.441,1938.9371370113247
1995-08-17 12:40:00,2453.07,2560.6645697933104
1995-08-17 12:41:00,323.056,2211.508061265101
1995-08-17 12:42:00,2054.45,1822.7255405218868
1995-08-17 12:43:00,919.942,1964.0091112682048
1995-08-17 12:44:00,2242.069,1815.3272725755965
1995-08-17 12:45:00,1135.253,2108.418965620053
1995-08-17 12:46:00,2981.862,1960.2429888060353
1995-08-17 12:47:00,929.3389999999999,2537.1385370887883
1995-08-17 12:48:00,1334.249,2178.737207062363
1995-08-17 12:49:00,1945.575,2393.3511424239027
1995-08-17 12:50:00,1739.5559999999998,1892.9809853017257
1995-08-17 12:51:00,2515.866,1969.6324061839375
1995-08-17 12:52:00,1312.585,2274.298853210969
1995-08-17 12:53:00,2132.259,2316.2710577281273
1995-08-17 12:54:00,1646.373,2323.1147112180483
1995-08-17 12:55:00,1131.075,1950.5501361383185
1995-08-17 12:56:00,1573.703,2468.3752399999803
1995-08-17 12:57:00,2088.6209999999996,2585.2353833658567
1995-08-17 12:58:00,541.005,1991.9029646351241
1995-08-17 12:59:00,1425.443,2133.0503177340092
1995-08-17 13:00:00,830.859,2109.0732841666368
1995-08-17 13:01:00,639.1279999999999,1811.1232090943756
1995-08-17 13:02:00,543.744,1860.510041443191
1995-08-17 13:03:00,663.99,1561.396355456698
1995-08-17 13:04:00,690.18,1624.0171571440774
1995-08-17 13:05:00,529.039,1402.7360617320605
1995-08-17 13:06:00,818.588,1300.8159314753384
1995-08-17 13:07:00,554.197,1741.5312310028498
1995-08-17 13:08:00,1499.406,1162.6046082958912
1995-08-17 13:09:00,1535.49,1794.9563763378353
1995-08-17 13:10:00,540.694,1708.9078955660746
1995-08-17 13:11:00,644.3,1553.8307135214627
1995-08-17 13:12:00,773.369,1506.7077714774007
1995-08-17 13:13:00,546.379,1515.8336746506582
1995-08-17 13:14:00,514.487,1449.5801082156474
1995-08-17 13:15:00,1533.247,1621.4714055783477
1995-08-17 13:16:00,1336.982,1674.6782592575614
1995-08-17 13:17:00,945.351,1637.7940765143867
1995-08-17 13:18:00,1286.173,1828.0345862290199
1995-08-17 13:19:00,2016.092,1735.1123484922905
1995-08-17 13:20:00,1453.314,1869.3846595477232
1995-08-17 13:21:00,756.101,2023.2752559362186
1995-08-17 13:22:00,1060.988,1859.4577908911367
1995-08-17 13:23:00,2176.59,1786.0002921776052
1995-08-17 13:24:00,1260.352,1806.3412196224149
1995-08-17 13:25:00,720.984,1855.3076189551239
1995-08-17 13:26:00,1784.847,1895.2335600341094
1995-08-17 13:27:00,899.698,1888.58345113315
1995-08-17 13:28:00,2224.473,1866.4506621740225
1995-08-17 13:29:00,1173.865,1992.2932401978185
1995-08-17 13:30:00,2199.42,1870.0711915970091
1995-08-17 13:31:00,914.338,2056.7633404553094
1995-08-17 13:32:00,727.953,1870.3644091272477
1995-08-17 13:33:00,894.591,1805.2958027668005
1995-08-17 13:34:00,1866.695,1822.817093414236
1995-08-17 13:35:00,4230.458,1944.5400698306437
1995-08-17 13:36:00,1596.205,2503.1470815645357
1995-08-17 13:37:00,1055.309,2151.312292862122
1995-08-17 13:38:00,2204.48,2262.310456684984
1995-08-17 13:39:00,1185.571,2092.145755216653
1995-08-17 13:40:00,1704.906,2039.3503858024917
1995-08-17 13:41:00,1587.33,2134.9867574420114
1995-08-17 13:42:00,922.718,2219.600265012951
1995-08-17 13:43:00,1242.4470000000001,2263.8364282952475
1995-08-17 13:44:00,2102.372,1908.6948148883582
1995-08-17 13:45:00,1001.164,2180.414415169107
1995-08-17 13:46:00,914.5150000000001,2212.785026462899
1995-08-17 13:47:00,821.827,2096.848251382889
1995-08-17 13:48:00,1005.522,2032.5232276596491
1995-08-17 13:49:00,1408.137,1987.0439242825316
1995-08-17 13:50:00,1109.652,2039.606330244417
1995-08-17 13:51:00,1134.654,2199.658550182937
1995-08-17 13:52:00,607.11,2167.52343909894
1995-08-17 13:53:00,1365.167,1808.224337519052
1995-08-17 13:54:00,868.251,1920.8091496843656
1995-08-17 13:55:00,2250.326,1991.1993349332433
1995-08-17 13:56:00,729.4350000000001,1881.6621901696324
1995-08-17 13:57:00,583.387,1789.9096615365327
1995-08-17 13:58:00,1959.3460000000002,1859.4910060658426
1995-08-17 13:59:00,1676.168,2066.434083116811
1995-08-17 14:00:00,802.65,2258.434188828544
1995-08-17 14:01:00,914.047,2146.808484589634
1995-08-17 14:02:00,564.986,1967.382777526328
1995-08-17 14:03:00,1793.574,1807.3624326438285
1995-08-17 14:04:00,724.246,1911.9228293813771
1995-08-17 14:05:00,1058.68,1769.6065244129657
1995-08-17 14:06:00,1792.939,2027.4753866438684
1995-08-17 14:07:00,762.031,1913.4499893448906
1995-08-17 14:08:00,834.949,1888.7488394452012
1995-08-17 14:09:00,842.417,1834.6265588007152
1995-08-17 14:10:00,1197.049,1808.8423294987042
1995-08-17 14:11:00,776.122,1811.3807511631594
1995-08-17 14:12:00,2492.214,1822.9896907319298
1995-08-17 14:13:00,651.692,2163.892609991762
1995-08-17 14:14:00,871.7629999999999,1730.940733313943
1995-08-17 14:15:00,702.28,1905.0738902528383
1995-08-17 14:16:00,1216.165,1589.305610038299
1995-08-17 14:17:00,746.3149999999999,1729.6900406833518
1995-08-17 14:18:00,1013.678,1711.6046394787982
1995-08-17 14:19:00,1185.783,1617.8780876248884
1995-08-17 14:20:00,748.958,1713.537573857807
1995-08-17 14:21:00,914.609,1574.3850733151173
1995-08-17 14:22:00,2069.6440000000002,1845.9638840900711
1995-08-17 14:23:00,2033.0079999999998,1655.5390863773844
1995-08-17 14:24:00,1443.059,1931.576901454243
1995-08-17 14:25:00,1681.8379999999997,1969.9917799097364
1995-08-17 14:26:00,415.461,1888.803427468143
1995-08-17 14:27:00,485.073,2036.0921176939648
1995-08-17 14:28:00,235.804,1574.6423613503848
1995-08-17 14:29:00,1230.616,1408.6881223693294
1995-08-17 14:30:00,533.826,1486.9800156223555
1995-08-17 14:31:00,523.953,1531.4722971396711
1995-08-17 14:32:00,1254.144,1417.3801335327619
1995-08-17 14:33:00,406.096,1534.6734478424496
1995-08-17 14:34:00,389.458,1319.128122108646
1995-08-17 14:35:00,594.882,1285.7616133776996
1995-08-17 14:36:00,753.172,1515.8937384708615
1995-08-17 14:37:00,332.813,1376.245290518402
1995-08-17 14:38:00,262.925,1252.2716971466991
1995-08-17 14:39:00,2037.3840000000002,1169.2563807832166
1995-08-17 14:40:00,423.608,1434.159677085871
1995-08-17 14:41:00,563.448,1150.9413062827362
1995-08-17 14:42:00,841.7719999999999,1288.2612689659115
1995-08-17 14:43:00,1219.043,1412.1066846775925
1995-08-17 14:44:00,615.692,1476.0636972348016
1995-08-17 14:45:00,401.64099999999996,1550.8543000316313
1995-08-17 14:46:00,748.524,1384.9476876015253
1995-08-17 14:47:00,717.639,1400.040305282328
1995-08-17 14:48:00,647.293,1410.1105465032817
1995-08-17 14:49:00,371.04,1391.4449540706817
1995-08-17 14:50:00,948.6669999999999,1488.3518421991782
1995-08-17 14:51:00,1470.0069999999998,1405.7393600549988
1995-08-17 14:52:00,1017.393,1713.049358791222
1995-08-17 14:53:00,1234.636,1726.2430895825876
1995-08-17 14:54:00,1381.8549999999998,1451.6349293524806
1995-08-17 14:55:00,1956.913,1850.1735641981525
1995-08-17 14:56:00,1935.113,1723.0749007581085
1995-08-17 14:57:00,1425.894,1982.2471894437413
1995-08-17 14:58:00,1228.988,2015.3226264528087
1995-08-17 14:59:00,3053.1510000000003,1943.7933413778926
1995-08-17 15:00:00,1331.281,2301.3284296436163
1995-08-17 15:01:00,1596.01,1706.391827758276
1995-08-17 15:02:00,499.425,1923.2073551981478
1995-08-17 15:03:00,569.148,1717.8328131036483
1995-08-17 15:04:00,1175.0189999999998,1547.710995155397
1995-08-17 15:05:00,1061.282,1623.5729703841305
1995-08-17 15:06:00,968.692,1824.3687416218518
1995-08-17 15:07:00,768.445,1879.8993054204898
1995-08-17 15:08:00,1598.741,1833.30970397999
1995-08-17 15:09:00,2015.797,1994.313159323392
1995-08-17 15:10:00,1382.883,1957.9989321934254
1995-08-17 15:11:00,1770.035,2071.458761902657
1995-08-17 15:12:00,2149.256,2162.831217586887
1995-08-17 15:13:00,1072.036,2112.615618191099
1995-08-17 15:14:00,782.344,2126.5230901022965
1995-08-17 15:15:00,1046.6390000000001,2318.4007351388864
1995-08-17 15:16:00,1258.072,1982.511631845844
1995-08-17 15:17:00,791.995,1903.8001230360135
1995-08-17 15:18:00,1724.7250000000001,1910.4717220897592
1995-08-17 15:19:00,421.319,2080.2743905398765
1995-08-17 15:20:00,2039.336,1897.2300605688602
1995-08-17 15:21:00,903.558,2105.442350349443
1995-08-17 15:22:00,934.396,1653.6548963641014
1995-08-17 15:23:00,1337.276,1932.4799208330103
1995-08-17 15:24:00,1798.4650000000001,1861.6875400115855
1995-08-17 15:25:00,672.453,1983.2229958386756
1995-08-17 15:26:00,1322.899,1953.7943422031858
1995-08-17 15:27:00,701.7420000000001,1985.5674224461986
1995-08-17 15:28:00,749.179,1645.1770531630536
1995-08-17 15:29:00,992.093,1751.0285194979097
1995-08-17 15:30:00,871.935,1726.7681525348296
1995-08-17 15:31:00,1241.771,1799.6702739184084
1995-08-17 15:32:00,494.363,1736.8964975000342
1995-08-17 15:33:00,1767.925,1479.620595651007
1995-08-17 15:34:00,702.378,1873.0967501686434
1995-08-17 15:35:00,754.024,1583.6223487987215
1995-08-17 15:36:00,1027.893,1661.692245449634
1995-08-17 15:37:00,576.702,1822.9722425716739
1995-08-17 15:38:00,359.663,1457.0438496655677
1995-08-17 15:39:00,634.534,1798.0169380581422
1995-08-17 15:40:00,975.848,1415.9457449608096
1995-08-17 15:41:00,647.542,1626.7570306797368
1995-08-17 15:42:00,776.081,1483.4016649800708
1995-08-17 15:43:00,514.747,1551.735154092526
1995-08-17 15:44:00,821.355,1550.421883265631
1995-08-17 15:45:00,1627.068,1608.0284138041125
1995-08-17 15:46:00,795.014,1504.9594914231106
1995-08-17 15:47:00,619.847,1653.6199855112777
1995-08-17 15:48:00,1539.515,1816.7970334468635
1995-08-17 15:49:00,703.436,1727.0815131872657
1995-08-17 15:50:00,797.7669999999999,1858.2389426095242
1995-08-17 15:51:00,2101.402,1816.3519669778796
1995-08-17 15:52:00,553.62,1854.0967355009927
1995-08-17 15:53:00,886.4540000000001,1813.3052421086516
1995-08-17 15:54:00,810.893,1683.3521552683262
1995-08-17 15:55:00,1322.163,1565.8033396231885
1995-08-17 15:56:00,1087.11,1779.9012225421734
1995-08-17 15:57:00,1562.929,1978.088940272929
1995-08-17 15:58:00,1816.76,1896.0477287323945
1995-08-17 15:59:00,1005.697,1982.0406846818844
1995-08-17 16:00:00,1353.131,1999.3091299611226
1995-08-17 16:01:00,1792.9,1879.6861152477682
1995-08-17 16:02:00,824.826,1968.3034269535453
1995-08-17 16:03:00,849.981,1888.442162132349
1995-08-17 16:04:00,1388.356,1839.3028492899825
1995-08-17 16:05:00,2174.179,1873.4987792794948
1995-08-17 16:06:00,1298.483,1694.9309614838382
1995-08-17 16:07:00,1050.823,1912.976946847085
1995-08-17 16:08:00,550.788,2089.760041171582
1995-08-17 16:09:00,2153.561,1968.4403957722182
1995-08-17 16:10:00,374.864,1949.7443237789978
1995-08-17 16:11:00,452.375,1663.154620928114
1995-08-17 16:12:00,654.9209999999999,1616.5335961024575
1995-08-17 16:13:00,444.9,1481.3419249023054
1995-08-17 16:14:00,811.771,1565.1480303082783
1995-08-17 16:15:00,536.756,1734.0620877908912
1995-08-17 16:16:00,588.904,1716.9230683631934
1995-08-17 16:17:00,805.7479999999999,1446.908635633788
1995-08-17 16:18:00,901.942,1821.4876928512006
1995-08-17 16:19:00,1982.96,1690.8023690156615
1995-08-17 16:20:00,627.9540000000001,1675.5653965376505
1995-08-17 16:21:00,1148.194,1817.2028041122035
1995-08-17 16:22:00,1013.9799999999999,1892.3508692254497
1995-08-17 16:23:00,832.7909999999999,1787.9854989375872
1995-08-17 16:24:00,347.378,1876.83369610969
1995-08-17 16:25:00,578.014,1774.2962690719123
1995-08-17 16:26:00,640.243,1423.5568736185407
1995-08-17 16:27:00,2064.1200000000003,1438.1068926019366
1995-08-17 16:28:00,1219.203,1698.6237234540329
1995-08-17 16:29:00,1111.642,1783.7153297267675
1995-08-17 16:30:00,1250.481,1796.9435539175986
1995-08-17 16:31:00,552.356,1915.116494587645
1995-08-17 16:32:00,1101.395,1708.0302321144763
1995-08-17 16:33:00,955.021,1860.2551033749835
1995-08-17 16:34:00,490.483,1735.4335846455908
1995-08-17 16:35:00,1225.649,1497.3980559679535
1995-08-17 16:36:00,1907.686,1686.7440727903092
1995-08-17 16:37:00,853.8969999999999,1599.162495156431
1995-08-17 16:38:00,1277.974,1749.8241290832807
1995-08-17 16:39:00,883.814,1946.5580480913861
1995-08-17 16:40:00,823.737,1757.977275398408
1995-08-17 16:41:00,1324.983,1974.5712949568108
1995-08-17 16:42:00,688.972,1780.6924062892472
1995-08-17 16:43:00,411.065,1572.170787377735
1995-08-17 16:44:00,832.9110000000001,1326.2893872412494
1995-08-17 16:45:00,1816.2169999999999,1683.952778656573
1995-08-17 16:46:00,1078.187,1744.0023415979792
1995-08-17 16:47:00,937.521,1755.5325244594917
1995-08-17 16:48:00,452.915,1840.6875490354294
1995-08-17 16:49:00,624.888,1613.1928740355727
1995-08-17 16:50:00,486.33299999999997,1804.4762804029026
1995-08-17 16:51:00,1781.3120000000001,1444.7368491303077
1995-08-17 16:52:00,1427.538,1489.5526996623923
1995-08-17 16:53:00,1528.833,1619.7715577044394
1995-08-17 16:54:00,1055.544,1810.261772005036
1995-08-17 16:55:00,1158.604,1773.7649589194527
1995-08-17 16:56:00,1173.496,1852.0965469951789
1995-08-17 16:57:00,733.5,2112.933776871606
1995-08-17 16:58:00,651.683,1796.3230433724207
1995-08-17 16:59:00,970.635,1756.1208639923384
1995-08-17 17:00:00,390.463,1693.2956849008733
1995-08-17 17:01:00,432.937,1406.0046229775592
1995-08-17 17:02:00,354.576,1189.4500100398366
1995-08-17 17:03:00,966.5450000000001,1343.44720023824
1995-08-17 17:04:00,521.284,1289.2437671469804
1995-08-17 17:05:00,1036.964,1406.4040227241876
1995-08-17 17:06:00,620.477,1360.311186875309
1995-08-17 17:07:00,548.235,1367.4869466039793
1995-08-17 17:08:00,778.6659999999999,1388.1802471446006
1995-08-17 17:09:00,806.899,1389.6072548348325
1995-08-17 17:10:00,1850.773,1402.2334033869608
1995-08-17 17:11:00,1625.7569999999998,1703.0934174152553
1995-08-17 17:12:00,1675.818,1610.7475028134154
1995-08-17 17:13:00,1766.438,1741.01894187294
1995-08-17 17:14:00,913.569,1944.928601125916
1995-08-17 17:15:00,590.35,1829.736531080765
1995-08-17 17:16:00,2001.864,1714.3299760598632
1995-08-17 17:17:00,546.054,1814.7238439006658
1995-08-17 17:18:00,558.9399999999999,1616.0093702881227
1995-08-17 17:19:00,708.855,1609.0825244570724
1995-08-17 17:20:00,755.171,1468.7341696135895
1995-08-17 17:21:00,512.886,1391.3012466910554
1995-08-17 17:22:00,876.314,1393.141442927408
1995-08-17 17:23:00,1088.71,1363.6830233258015
1995-08-17 17:24:00,1206.847,1525.482389119286
1995-08-17 17:25:00,1734.282,1654.4465904152455
1995-08-17 17:26:00,972.008,1845.215841588044
1995-08-17 17:27:00,1322.253,1889.8007046919458
1995-08-17 17:28:00,2583.4390000000003,1806.4160488196053
1995-08-17 17:29:00,581.264,1921.262696339782
1995-08-17 17:30:00,2267.198,1607.8404769513102
1995-08-17 17:31:00,1083.611,2109.455596469762
1995-08-17 17:32:00,1588.026,1763.5553901486048
1995-08-17 17:33:00,1295.774,1963.8256351863192
1995-08-17 17:34:00,819.79,1919.9189465532022
1995-08-17 17:35:00,824.201,1876.6262377029786
1995-08-17 17:36:00,447.57599999999996,1772.8607860029567
1995-08-17 17:37:00,1572.081,1703.3014682976607
1995-08-17 17:38:00,836.913,1607.0579897238408
1995-08-17 17:39:00,454.366,1536.028055975487
1995-08-17 17:40:00,193.013,1302.9648777131251
1995-08-17 17:41:00,378.995,1238.2305972527708
1995-08-17 17:42:00,200.013,1470.8273443619298
1995-08-17 17:43:00,1548.836,1379.6875265390063
1995-08-17 17:44:00,2534.352,1419.841647043318
1995-08-17 17:45:00,481.065,1447.5031320750145
1995-08-17 17:46:00,1197.536,1704.1922041016326
1995-08-17 17:47:00,1115.4379999999999,1811.5812850851507
1995-08-17 17:48:00,752.225,1618.7115976043008
1995-08-17 17:49:00,551.873,1966.5479772689962
1995-08-17 17:50:00,723.542,1431.2300089638213
1995-08-17 17:51:00,291.644,1450.936132893393
1995-08-17 17:52:00,1686.467,1321.121145526651
1995-08-17 17:53:00,1042.592,1481.0329076368632
1995-08-17 17:54:00,790.406,1595.0144926392793
1995-08-17 17:55:00,653.5930000000001,1458.111741723065
1995-08-17 17:56:00,291.353,1342.3569878970568
1995-08-17 17:57:00,259.837,1256.1904524556883
1995-08-17 17:58:00,375.915,1166.3746030644488
1995-08-17 17:59:00,321.7,1186.692460951324
1995-08-17 18:00:00,797.108,1101.5312863665954
1995-08-17 18:01:00,728.551,1338.4694323236129
1995-08-17 18:02:00,458.702,1339.52471922689
1995-08-17 18:03:00,512.649,983.1565120618598
1995-08-17 18:04:00,486.34499999999997,1095.6364237360642
1995-08-17 18:05:00,626.093,1057.8773448460925
1995-08-17 18:06:00,1128.293,1151.8090518170118
1995-08-17 18:07:00,1254.344,1294.1281704270668
1995-08-17 18:08:00,1993.95,1283.4103315283423
1995-08-17 18:09:00,1553.3590000000002,1479.7156188112617
1995-08-17 18:10:00,1032.481,1751.9878233129114
1995-08-17 18:11:00,965.123,1648.4367468813462
1995-08-17 18:12:00,450.046,1572.474307166987
1995-08-17 18:13:00,256.262,1257.6596265595588
1995-08-17 18:14:00,560.958,1294.437568470265
1995-08-17 18:15:00,1166.809,1101.2679452519396
1995-08-17 18:16:00,505.166,1151.9705827485473
1995-08-17 18:17:00,462.185,1023.3123518349295
1995-08-17 18:18:00,1253.143,1096.5961251371996
1995-08-17 18:19:00,1357.6360000000002,1160.7234671648666
1995-08-17 18:20:00,1447.519,1340.6546068599962
1995-08-17 18:21:00,1358.823,1504.1787588543984
1995-08-17 18:22:00,1081.709,1588.7441351091231
1995-08-17 18:23:00,812.885,1535.880714712184
1995-08-17 18:24:00,775.761,1667.0557648579115
1995-08-17 18:25:00,1333.5210000000002,1517.892530300716
1995-08-17 18:26:00,921.588,1487.718641105415
1995-08-17 18:27:00,968.979,1507.3874523571267
1995-08-17 18:28:00,1169.8809999999999,1516.9425076657035
1995-08-17 18:29:00,1162.08,1411.4027925132325
1995-08-17 18:30:00,699.572,1513.8149715140564
1995-08-17 18:31:00,1922.9160000000002,1429.2917093407043
1995-08-17 18:32:00,520.124,1438.4541552249798
1995-08-17 18:33:00,1033.016,1461.4862897548699
1995-08-17 18:34:00,834.148,1451.4938560253927
1995-08-17 18:35:00,655.939,1480.8376018112956
1995-08-17 18:36:00,408.73,1304.9700932936432
1995-08-17 18:37:00,510.412,1324.4513566862001
1995-08-17 18:38:00,688.365,1096.1446866999102
1995-08-17 18:39:00,505.451,1159.2014056527573
1995-08-17 18:40:00,543.509,1268.674280794456
1995-08-17 18:41:00,362.898,1002.5180716313528
1995-08-17 18:42:00,987.516,1054.6842022131048
1995-08-17 18:43:00,807.046,1007.0041544927077
1995-08-17 18:44:00,1300.117,1061.4745538638174
1995-08-17 18:45:00,1139.302,1213.5338793617677
1995-08-17 18:46:00,748.462,1416.2680006596238
1995-08-17 18:47:00,467.401,1438.2878727763587
1995-08-17 18:48:00,837.5169999999999,1176.543934639565
1995-08-17 18:49:00,1132.295,1392.1989979339662
1995-08-17 18:50:00,931.379,1437.4869748641627
1995-08-17 18:51:00,1534.7259999999999,1505.9059086066352
1995-08-17 18:52:00,427.695,1400.5610929966256
1995-08-17 18:53:00,945.5640000000001,1248.7065940892792
1995-08-17 18:54:00,1080.647,1452.560649583595
1995-08-17 18:55:00,818.085,1428.0620678707107
1995-08-17 18:56:00,2034.177,1394.2390372538941
1995-08-17 18:57:00,1880.394,1546.9950791023225
1995-08-17 18:58:00,1837.2050000000002,1713.5870981366106
1995-08-17 18:59:00,1959.998,1856.2076615733174
1995-08-17 19:00:00,1457.169,1773.2649333721627
1995-08-17 19:01:00,1910.338,1972.9010967660506
1995-08-17 19:02:00,1201.44,1990.578232458863
1995-08-17 19:03:00,993.79,1901.513472279114
1995-08-17 19:04:00,1250.497,1749.9135251607609
1995-08-17 19:05:00,1863.522,1808.6606571916343
1995-08-17 19:06:00,945.3879999999999,1833.270034550587
1995-08-17 19:07:00,435.274,1805.6954377922018
1995-08-17 19:08:00,1495.518,1410.3180619975672
1995-08-17 19:09:00,1762.107,1646.048885647172
1995-08-17 19:10:00,770.718,1781.4463841808624
1995-08-17 19:11:00,1343.317,1513.946400338432
1995-08-17 19:12:00,1876.155,1614.830538922947
1995-08-17 19:13:00,1262.763,1693.9217702083413
1995-08-17 19:14:00,1236.953,1754.8266909256176
1995-08-17 19:15:00,599.857,1810.1590891740445
1995-08-17 19:16:00,743.74,1624.6638161272972
1995-08-17 19:17:00,1512.748,1383.8269219468655
1995-08-17 19:18:00,722.8,1607.315026608444
1995-08-17 19:19:00,1047.378,1667.096241318066
1995-08-17 19:20:00,1526.056,1545.4754401382852
1995-08-17 19:21:00,1884.716,1636.408706711661
1995-08-17 19:22:00,1751.9,1986.5899740164232
1995-08-17 19:23:00,403.419,1796.6299160826309
1995-08-17 19:24:00,548.9920000000001,1733.4665491417343
1995-08-17 19:25:00,1233.358,1506.3235894377192
1995-08-17 19:26:00,1147.5330000000001,1656.126789079641
1995-08-17 19:27:00,1010.613,1571.2687752792788
1995-08-17 19:28:00,524.931,1722.131598987055
1995-08-17 19:29:00,899.413,1454.8699727671597
1995-08-17 19:30:00,608.708,1473.2824519912135
1995-08-17 19:31:00,878.884,1339.1856384092446
1995-08-17 19:32:00,887.682,1550.2213526715957
1995-08-17 19:33:00,330.113,1471.8950623951268
1995-08-17 19:34:00,1054.244,1296.7401976855176
1995-08-17 19:35:00,1012.107,1453.28511281437
1995-08-17 19:36:00,459.989,1529.691816792698
1995-08-17 19:37:00,1088.035,1409.1540751497726
1995-08-17 19:38:00,664.85,1389.2791105861304
1995-08-17 19:39:00,2035.5,1447.3021323829348
1995-08-17 19:40:00,333.065,1511.097647805678
1995-08-17 19:41:00,407.854,1347.570494652214
1995-08-17 19:42:00,1475.262,1230.0670643163294
1995-08-17 19:43:00,337.173,1480.5307313420979
1995-08-17 19:44:00,1272.652,1227.124468481396
1995-08-17 19:45:00,843.359,1240.038143758132
1995-08-17 19:46:00,946.619,1244.5259526617463
1995-08-17 19:47:00,973.039,1376.7734826312396
1995-08-17 19:48:00,1476.6480000000001,1561.3666526690297
1995-08-17 19:49:00,1306.527,1552.0089198457908
1995-08-17 19:50:00,1357.455,1540.2219531602223
1995-08-17 19:51:00,1075.25,1733.1782768788103
1995-08-17 19:52:00,866.496,1611.3638099768984
1995-08-17 19:53:00,872.811,1613.3499943530803
1995-08-17 19:54:00,621.317,1588.2094755733142
1995-08-17 19:55:00,373.116,1479.8325116971494
1995-08-17 19:56:00,1244.816,1177.8236059057076
1995-08-17 19:57:00,507.564,1305.7794173462346
1995-08-17 19:58:00,874.241,1140.4582560152633
1995-08-17 19:59:00,695.9789999999999,1131.5178181218848
1995-08-17 20:00:00,263.239,1465.1718812812746
1995-08-17 20:01:00,543.78,1130.7103995863113
1995-08-17 20:02:00,218.195,976.2198056217828
1995-08-17 20:03:00,440.037,933.8259449673553
1995-08-17 20:04:00,94.602,992.4475370843206
1995-08-17 20:05:00,1090.183,972.6252008320454
1995-08-17 20:06:00,574.735,965.0397415662295
1995-08-17 20:07:00,374.563,1135.9501564485065
1995-08-17 20:08:00,315.457,1142.9978878471356
1995-08-17 20:09:00,558.231,1096.8615983546758
1995-08-17 20:10:00,385.99399999999997,1221.7806756427976
1995-08-17 20:11:00,143.311,1081.4183038454391
1995-08-17 20:12:00,780.8389999999999,830.9778954701567
1995-08-17 20:13:00,1752.493,894.8366167869198
1995-08-17 20:14:00,464.64200000000005,1310.6899614079061
1995-08-17 20:15:00,254.477,1006.5675872204528
1995-08-17 20:16:00,504.099,1046.9820308975331
1995-08-17 20:17:00,578.585,1190.9518380194952
1995-08-17 20:18:00,408.707,1320.6089123588572
1995-08-17 20:19:00,791.576,1273.0032602465365
1995-08-17 20:20:00,425.7,1091.8568075020482
1995-08-17 20:21:00,1013.934,962.8335681386327
1995-08-17 20:22:00,964.563,1196.5378954427367
1995-08-17 20:23:00,541.005,1153.090917651336
1995-08-17 20:24:00,629.5,1283.7004672563912
1995-08-17 20:25:00,307.074,1209.364169810382
1995-08-17 20:26:00,424.356,1156.9423497744738
1995-08-17 20:27:00,735.8489999999999,1115.8687052704413
1995-08-17 20:28:00,605.374,1160.1731042746887
1995-08-17 20:29:00,1153.559,1150.2303421927481
1995-08-17 20:30:00,1096.407,1305.8474031612545
1995-08-17 20:31:00,1771.532,1435.5787186024515
1995-08-17 20:32:00,536.559,1737.0888402869805
1995-08-17 20:33:00,501.48,1393.519345637884
1995-08-17 20:34:00,819.5899999999999,1551.3463136932517
1995-08-17 20:35:00,1262.2790000000002,1357.754410051855
1995-08-17 20:36:00,156.115,1322.246309145224
1995-08-17 20:37:00,820.903,1111.7820468095522
1995-08-17 20:38:00,399.731,1174.6854643846946
1995-08-17 20:39:00,508.719,1130.5734238623684
1995-08-17 20:40:00,504.43800000000005,1170.8779715513283
1995-08-17 20:41:00,547.015,1030.276929769709
1995-08-17 20:42:00,132.233,1168.4571671981244
1995-08-17 20:43:00,700.207,1069.7838192650977
1995-08-17 20:44:00,445.33000000000004,1173.6449087139094
1995-08-17 20:45:00,1735.975,987.9600243668581
1995-08-17 20:46:00,251.975,1230.389562276073
1995-08-17 20:47:00,856.019,1101.150663080124
1995-08-17 20:48:00,610.5550000000001,1236.3249837349501
1995-08-17 20:49:00,382.685,1068.125310602059
1995-08-17 20:50:00,464.77,1143.6104596592668
1995-08-17 20:51:00,392.186,854.0379324155822
1995-08-17 20:52:00,1238.473,1108.2485965697192
1995-08-17 20:53:00,2217.3830000000003,964.6920013350882
1995-08-17 20:54:00,375.531,1295.2820530492681
1995-08-17 20:55:00,846.055,795.4623541627228
1995-08-17 20:56:00,804.103,1280.9938076378703
1995-08-17 20:57:00,1020.871,1185.4287679837203
1995-08-17 20:58:00,744.198,1407.5980004048156
1995-08-17 20:59:00,697.217,1378.984753926256
1995-08-17 21:00:00,508.54,1358.8090339502962
1995-08-17 21:01:00,309.654,1288.029285814888
1995-08-17 21:02:00,788.107,1068.1973742659243
1995-08-17 21:03:00,929.471,1149.1453714339925
1995-08-17 21:04:00,1149.936,1329.5257646381306
1995-08-17 21:05:00,902.058,1317.3340305570123
1995-08-17 21:06:00,742.387,1156.7551772084394
1995-08-17 21:07:00,546.723,1287.8691497546165
1995-08-17 21:08:00,564.97,1256.93589106774
1995-08-17 21:09:00,230.86599999999999,1148.8069901731258
1995-08-17 21:10:00,236.151,1257.297568555477
1995-08-17 21:11:00,722.095,878.2727425195324
1995-08-17 21:12:00,1372.727,867.1075525412451
1995-08-17 21:13:00,477.136,1251.2307347142644
1995-08-17 21:14:00,1695.3709999999999,1210.6801350530925
1995-08-17 21:15:00,810.763,1333.8664490771548
1995-08-17 21:16:00,329.26800000000003,1388.5896460260492
1995-08-17 21:17:00,527.985,1116.935777279123
1995-08-17 21:18:00,626.386,776.2637242405426
1995-08-17 21:19:00,1291.4930000000002,1000.3594559772617
1995-08-17 21:20:00,250.43800000000002,961.7822457090831
1995-08-17 21:21:00,467.649,958.1474880452749
1995-08-17 21:22:00,255.632,1036.6510697023969
1995-08-17 21:23:00,901.876,909.4397082198791
1995-08-17 21:24:00,567.081,1040.4666390810999
1995-08-17 21:25:00,517.905,1138.0137319087914
1995-08-17 21:26:00,327.168,1164.780206286573
1995-08-17 21:27:00,791.8100000000001,981.4276189031765
1995-08-17 21:28:00,233.072,1091.378084645487
1995-08-17 21:29:00,318.966,1021.2681511573585
1995-08-17 21:30:00,153.80100000000002,1026.0282079563162
1995-08-17 21:31:00,192.355,874.3840546500802
1995-08-17 21:32:00,178.756,913.078176116711
1995-08-17 21:33:00,308.271,783.9715726532435
1995-08-17 21:34:00,412.95,959.285106120924
1995-08-17 21:35:00,972.326,895.0209171621331
1995-08-17 21:36:00,151.69,1037.6940234001802
1995-08-17 21:37:00,304.033,866.9874041540227
1995-08-17 21:38:00,731.753,796.5108587700332
1995-08-17 21:39:00,433.251,840.0838062790682
1995-08-17 21:40:00,122.937,919.9295407661331
1995-08-17 21:41:00,521.587,953.8460659526982
1995-08-17 21:42:00,440.86100000000005,892.4909458901597
1995-08-17 21:43:00,152.387,805.8895784824587
1995-08-17 21:44:00,283.897,696.6578527381241
1995-08-17 21:45:00,566.452,633.6249119123038
1995-08-17 21:46:00,232.592,859.0842583656136
1995-08-17 21:47:00,336.306,842.4820686064328
1995-08-17 21:48:00,599.446,897.9111892374923
1995-08-17 21:49:00,2486.073,890.7705343709623
1995-08-17 21:50:00,1626.0240000000001,1159.8606349671122
1995-08-17 21:51:00,1146.715,1046.8874372470614
1995-08-17 21:52:00,773.72,1264.6123746933636
1995-08-17 21:53:00,350.551,1196.3190519148638
1995-08-17 21:54:00,194.465,1275.3653984490102
1995-08-17 21:55:00,390.927,1083.8640905409427
1995-08-17 21:56:00,905.977,1108.3240046113067
1995-08-17 21:57:00,224.678,1065.1522417709675
1995-08-17 21:58:00,1349.195,946.9993348256532
1995-08-17 21:59:00,561.556,937.701416377853
1995-08-17 22:00:00,387.196,1111.005107967091
1995-08-17 22:01:00,1062.051,1122.545823164116
1995-08-17 22:02:00,216.496,1306.396039966956
1995-08-17 22:03:00,429.886,1170.5385053550438
1995-08-17 22:04:00,162.063,1115.4159884745984
1995-08-17 22:05:00,504.71099999999996,1043.4115476511106
1995-08-17 22:06:00,415.719,939.7335327623631
1995-08-17 22:07:00,251.971,1017.827176061985
1995-08-17 22:08:00,176.804,915.1612518777081
1995-08-17 22:09:00,376.288,804.1787109123864
1995-08-17 22:10:00,267.531,871.2847610890824
1995-08-17 22:11:00,932.246,984.3302373930062
1995-08-17 22:12:00,470.875,1058.6614793868875
1995-08-17 22:13:00,551.271,997.0657261510428
1995-08-17 22:14:00,590.339,1079.7424177969062
1995-08-17 22:15:00,99.868,1247.1320534473807
1995-08-17 22:16:00,274.041,1041.2563025587287
1995-08-17 22:17:00,241.107,911.4090448063075
1995-08-17 22:18:00,280.827,770.2186380120066
1995-08-17 22:19:00,84.224,866.7161968544898
1995-08-17 22:20:00,521.071,601.6146430070581
1995-08-17 22:21:00,183.506,698.8834984522776
1995-08-17 22:22:00,422.03,805.5132738652071
1995-08-17 22:23:00,852.077,847.2815086908331
1995-08-17 22:24:00,383.181,823.7837193145815
1995-08-17 22:25:00,136.87,875.8978128006489
1995-08-17 22:26:00,350.723,755.5014853912073
1995-08-17 22:27:00,537.74,934.731663326069
1995-08-17 22:28:00,374.84299999999996,874.513467932566
1995-08-17 22:29:00,801.707,847.1315278422553
1995-08-17 22:30:00,206.64000000000001,913.3234745079163
1995-08-17 22:31:00,241.439,1003.201929868046
1995-08-17 22:32:00,719.619,915.7156149236822
1995-08-17 22:33:00,487.30100000000004,1045.994683095697
1995-08-17 22:34:00,167.031,996.2163679586482
1995-08-17 22:35:00,234.37500000000003,719.5365395852715
1995-08-17 22:36:00,401.56199999999995,863.5728766345991
1995-08-17 22:37:00,408.458,995.5342812089433
1995-08-17 22:38:00,279.38,898.9939792746397
1995-08-17 22:39:00,252.356,859.7888016728355
1995-08-17 22:40:00,330.839,837.4927477714393
1995-08-17 22:41:00,1670.711,576.2829323973143
1995-08-17 22:42:00,492.739,831.3264014659906
1995-08-17 22:43:00,403.64300000000003,982.8833440059728
1995-08-17 22:44:00,94.697,845.3880601451256
1995-08-17 22:45:00,329.372,823.8225354179881
1995-08-17 22:46:00,229.523,876.8854172560486
1995-08-17 22:47:00,43.946,777.1079462772916
1995-08-17 22:48:00,122.67999999999999,597.9795205158674
1995-08-17 22:49:00,189.28699999999998,654.4323721828594
1995-08-17 22:50:00,500.341,675.2603966326892
1995-08-17 22:51:00,574.2429999999999,779.0742816054872
1995-08-17 22:52:00,289.477,836.5744765002939
1995-08-17 22:53:00,1461.0900000000001,935.8249282314757
1995-08-17 22:54:00,676.5540000000001,988.5304268242343
1995-08-17 22:55:00,517.302,917.7901112523267
1995-08-17 22:56:00,171.918,1116.6973123422258
1995-08-17 22:57:00,266.982,929.4631057205063
1995-08-17 22:58:00,250.28199999999998,820.1691556595489
1995-08-17 22:59:00,368.07,828.4670079263753
1995-08-17 23:00:00,316.234,643.3110122232024
1995-08-17 23:01:00,1088.913,621.121456528964
1995-08-17 23:02:00,224.68099999999998,667.9938154029495
1995-08-17 23:03:00,409.79900000000004,817.5607810545994
1995-08-17 23:04:00,159.017,798.3628781337942
1995-08-17 23:05:00,162.434,685.7687010154959
1995-08-17 23:06:00,117.408,653.5417464127248
1995-08-17 23:07:00,104.05199999999999,824.0426461934888
1995-08-17 23:08:00,209.16299999999998,675.76504052452
1995-08-17 23:09:00,101.503,722.055675882234
1995-08-17 23:10:00,497.906,715.8876379557347
1995-08-17 23:11:00,762.6179999999999,791.1347505023285
1995-08-17 23:12:00,159.772,949.9273443188373
1995-08-17 23:13:00,405.35699999999997,942.4290076070254
1995-08-17 23:14:00,2310.013,919.0514793723688
1995-08-17 23:15:00,266.73199999999997,1005.1998996224495
1995-08-17 23:16:00,932.348,1009.3130882217159
1995-08-17 23:17:00,314.887,1026.5411781066946
1995-08-17 23:18:00,671.673,854.6369965426915
1995-08-17 23:19:00,1021.779,1209.7955721187086
1995-08-17 23:20:00,523.409,1268.096590568486
1995-08-17 23:21:00,1146.735,1317.3793792028305
1995-08-17 23:22:00,695.422,1369.2803740673103
1995-08-17 23:23:00,438.134,1333.5825960025518
1995-08-17 23:24:00,601.966,1263.1205840187479
1995-08-17 23:25:00,2324.565,1294.8822670153938
1995-08-17 23:26:00,367.63,1261.3502468925658
1995-08-17 23:27:00,737.588,1150.5130513015301
1995-08-17 23:28:00,324.661,1102.3465322525924
1995-08-17 23:29:00,303.139,845.3790879981565
1995-08-17 23:30:00,355.476,1023.7326762531907
1995-08-17 23:31:00,125.546,969.708023250386
1995-08-17 23:32:00,156.294,960.4366004196901
1995-08-17 23:33:00,1549.5220000000002,830.8792123717534
1995-08-17 23:34:00,394.811,791.4712353652411
1995-08-17 23:35:00,686.519,996.5772353075737
1995-08-17 23:36:00,241.1,979.6263923325038
1995-08-17 23:37:00,374.572,919.5184967638631
1995-08-17 23:38:00,717.16,926.0307875813186
1995-08-17 23:39:00,756.244,1042.4948208409469
1995-08-17 23:40:00,639.0,1144.3227306317704
1995-08-17 23:41:00,1417.7160000000001,1219.0229773433523
1995-08-17 23:42:00,1503.0240000000001,1175.4208138364797
1995-08-17 23:43:00,1755.2799999999997,1311.640418872047
1995-08-17 23:44:00,300.634,1528.871132257765
1995-08-17 23:45:00,291.796,1399.6315461070296
1995-08-17 23:46:00,224.05,1061.9562367591896
1995-08-17 23:47:00,328.818,1278.2547619349934
1995-08-17 23:48:00,452.397,1058.980476198591
1995-08-17 23:49:00,517.573,893.1420164393761
1995-08-17 23:50:00,1205.311,841.7356740878345
1995-08-17 23:51:00,188.501,1051.2315079708997
1995-08-17 23:52:00,261.671,964.0188078884042
1995-08-17 23:53:00,272.152,902.9483458092127
1995-08-17 23:54:00,253.473,900.1792990408384
1995-08-17 23:55:00,554.201,838.7510684502279
1995-08-17 23:56:00,141.158,1039.6140688347414
1995-08-17 23:57:00,785.086,867.8662967348639
1995-08-17 23:58:00,185.75900000000001,793.5634664633022
1995-08-17 23:59:00,172.757,743.7558672809258
1995-08-18 00:00:00,362.621,710.1642548360086
1995-08-18 00:01:00,40.803,761.6281528675635
1995-08-18 00:02:00,1224.3709999999999,697.7352949573648
1995-08-18 00:03:00,675.587,695.3021547901882
1995-08-18 00:04:00,245.242,905.5580558926298
1995-08-18 00:05:00,165.575,761.7703074028614
1995-08-18 00:06:00,268.721,830.428478789749
1995-08-18 00:07:00,1145.875,852.7284005067119
1995-08-18 00:08:00,267.198,897.2391617124736
1995-08-18 00:09:00,452.188,904.1114429478888
1995-08-18 00:10:00,215.862,870.5140093816495
1995-08-18 00:11:00,802.712,867.227154498974
1995-08-18 00:12:00,298.892,903.2138106693648
1995-08-18 00:13:00,1620.425,866.156493803365
1995-08-18 00:14:00,550.141,924.1035979584246
1995-08-18 00:15:00,381.621,1018.1962547458947
1995-08-18 00:16:00,557.242,1106.9623381636688
1995-08-18 00:17:00,328.53,907.7309984115757
1995-08-18 00:18:00,744.343,1086.3623161673959
1995-08-18 00:19:00,413.847,1185.227164692787
1995-08-18 00:20:00,130.782,1013.6148243837102
1995-08-18 00:21:00,461.904,912.0223642927397
1995-08-18 00:22:00,52.483000000000004,766.0333190885367
1995-08-18 00:23:00,263.28000000000003,704.436363326552
1995-08-18 00:24:00,69.06700000000001,658.9056379614267
1995-08-18 00:25:00,118.887,726.1097389513058
1995-08-18 00:26:00,312.491,791.7404173395338
1995-08-18 00:27:00,205.267,776.9074151446239
1995-08-18 00:28:00,104.236,647.3450432419023
1995-08-18 00:29:00,86.834,583.4309782883996
1995-08-18 00:30:00,174.688,656.408152129494
1995-08-18 00:31:00,1234.0529999999999,582.540877709127
1995-08-18 00:32:00,186.41,589.1128376845053
1995-08-18 00:33:00,211.796,584.3977350407072
1995-08-18 00:34:00,224.895,615.1445393589041
1995-08-18 00:35:00,229.569,654.1103500857103
1995-08-18 00:36:00,149.60999999999999,688.8275260417869
1995-08-18 00:37:00,172.557,678.7404485844606
1995-08-18 00:38:00,683.805,632.8242309750832
1995-08-18 00:39:00,108.30199999999999,607.3625383824005
1995-08-18 00:40:00,152.047,709.5526263622753
1995-08-18 00:41:00,114.83699999999999,406.3678374503382
1995-08-18 00:42:00,339.565,515.736320129469
1995-08-18 00:43:00,158.899,574.8458111911399
1995-08-18 00:44:00,124.33999999999999,563.3897317597012
1995-08-18 00:45:00,223.119,489.5184797571811
1995-08-18 00:46:00,83.991,674.2770895392191
1995-08-18 00:47:00,147.745,515.5151892066549
1995-08-18 00:48:00,36.854,344.14471915578235
1995-08-18 00:49:00,37.054,517.2542746056747
1995-08-18 00:50:00,286.111,347.25951372017886
1995-08-18 00:51:00,113.68499999999999,499.5818852912798
1995-08-18 00:52:00,165.359,429.19496318603
1995-08-18 00:53:00,326.178,450.4869664815166
1995-08-18 00:54:00,231.59,540.6112581020604
1995-08-18 00:55:00,426.067,758.1258263222068
1995-08-18 00:56:00,231.711,670.9897500741777
1995-08-18 00:57:00,136.89,546.4847780177772
1995-08-18 00:58:00,62.92699999999999,478.90430727598954
1995-08-18 00:59:00,118.97399999999999,360.45461647992346
1995-08-18 01:00:00,280.026,414.8277796572991
1995-08-18 01:01:00,284.048,558.7471733868502
1995-08-18 01:02:00,237.373,463.6836482319769
1995-08-18 01:03:00,486.354,508.78975263317733
1995-08-18 01:04:00,363.505,617.2420506540918
1995-08-18 01:05:00,239.494,602.8093342063032
1995-08-18 01:06:00,347.665,632.6051345897629
1995-08-18 01:07:00,387.167,580.9475259851779
1995-08-18 01:08:00,349.374,639.157693857439
1995-08-18 01:09:00,538.855,720.9366227542733
1995-08-18 01:10:00,252.162,775.0328232569537
1995-08-18 01:11:00,676.813,816.834171555753
1995-08-18 01:12:00,867.264,774.1483264705595
1995-08-18 01:13:00,358.545,895.6996977625398
1995-08-18 01:14:00,479.42199999999997,877.9484327138755
1995-08-18 01:15:00,224.245,929.3778123065756
1995-08-18 01:16:00,847.9670000000001,901.7241390782257
1995-08-18 01:17:00,287.911,1070.968009564818
1995-08-18 01:18:00,520.374,982.8232189990302
1995-08-18 01:19:00,188.752,887.8674986283892
1995-08-18 01:20:00,271.416,875.7791915369414
1995-08-18 01:21:00,317.504,625.3021596275912
1995-08-18 01:22:00,583.449,743.7813468078979
1995-08-18 01:23:00,1211.9930000000002,863.2203226490052
1995-08-18 01:24:00,45.762,938.5813575848491
1995-08-18 01:25:00,231.953,791.1346407509485
1995-08-18 01:26:00,607.737,787.51744165258
1995-08-18 01:27:00,236.762,867.7422882281794
1995-08-18 01:28:00,126.495,861.681633826816
1995-08-18 01:29:00,112.961,821.242089846216
1995-08-18 01:30:00,254.721,727.1706225893471
1995-08-18 01:31:00,287.638,704.3069120012103
1995-08-18 01:32:00,166.161,756.5697434737914
1995-08-18 01:33:00,502.77,706.2464548520112
1995-08-18 01:34:00,147.596,714.1800739848399
1995-08-18 01:35:00,480.633,746.4473909899349
1995-08-18 01:36:00,499.522,878.8366438417883
1995-08-18 01:37:00,548.741,803.913763920261
1995-08-18 01:38:00,233.811,938.3287716568266
1995-08-18 01:39:00,122.208,828.8739639264663
1995-08-18 01:40:00,191.185,836.6398548606352
1995-08-18 01:41:00,392.724,787.7645427932376
1995-08-18 01:42:00,292.891,726.3911991792488
1995-08-18 01:43:00,143.514,715.9063860740127
1995-08-18 01:44:00,969.677,687.371197644736
1995-08-18 01:45:00,162.408,890.7077739319067
1995-08-18 01:46:00,74.249,909.3702988593053
1995-08-18 01:47:00,210.75,661.0992729766504
1995-08-18 01:48:00,1359.961,878.2359533163343
1995-08-18 01:49:00,1010.745,834.5789505484856
1995-08-18 01:50:00,294.66499999999996,944.2895414611894
1995-08-18 01:51:00,339.38599999999997,845.6506411510295
1995-08-18 01:52:00,275.395,890.5775615195686
1995-08-18 01:53:00,391.635,931.4843343314524
1995-08-18 01:54:00,404.26,854.6841596477926
1995-08-18 01:55:00,524.395,1030.531109987834
1995-08-18 01:56:00,474.778,1080.1487976977598
1995-08-18 01:57:00,2286.4480000000003,920.7125828423852
1995-08-18 01:58:00,322.323,1177.5416062120455
1995-08-18 01:59:00,495.86199999999997,1375.942777757721
1995-08-18 02:00:00,351.491,992.1188808482275
1995-08-18 02:01:00,397.963,1112.4515240989056
1995-08-18 02:02:00,277.118,1160.5802130817399
1995-08-18 02:03:00,190.479,923.0560593665289
1995-08-18 02:04:00,140.317,838.3924112774494
1995-08-18 02:05:00,438.996,801.9271374447263
1995-08-18 02:06:00,392.959,671.0426876261884
1995-08-18 02:07:00,106.996,776.4120405186014
1995-08-18 02:08:00,172.751,790.491444538816
1995-08-18 02:09:00,170.92100000000002,689.1443811120764
1995-08-18 02:10:00,1496.8790000000001,656.2172460310462
1995-08-18 02:11:00,628.304,703.7374905944955
1995-08-18 02:12:00,432.726,973.6745995936473
1995-08-18 02:13:00,230.236,781.7622498144384
1995-08-18 02:14:00,290.429,764.9697418147133
1995-08-18 02:15:00,84.001,902.3194055667402
1995-08-18 02:16:00,74.32000000000001,533.7181104828876
1995-08-18 02:17:00,52.976,544.1173467109119
1995-08-18 02:18:00,73.23,646.224008097758
1995-08-18 02:19:00,216.181,500.6023837825806
1995-08-18 02:20:00,133.071,503.3070592847292
1995-08-18 02:21:00,227.38199999999998,669.4574185606516
1995-08-18 02:22:00,337.68,576.8947088934893
1995-08-18 02:23:00,1176.1100000000001,586.9352032049134
1995-08-18 02:24:00,24.392,575.0288112425543
1995-08-18 02:25:00,133.305,626.6676193218298
1995-08-18 02:26:00,146.90699999999998,595.1821828832286
1995-08-18 02:27:00,1245.982,637.6664971511449
1995-08-18 02:28:00,100.747,689.3386329366855
1995-08-18 02:29:00,66.941,743.1740660647175
1995-08-18 02:30:00,368.165,537.3221608915501
1995-08-18 02:31:00,229.908,676.9191486900899
1995-08-18 02:32:00,1327.398,649.3064910394022
1995-08-18 02:33:00,165.566,716.6752339308417
1995-08-18 02:34:00,354.686,594.0248201102432
1995-08-18 02:35:00,348.331,601.2106389864813
1995-08-18 02:36:00,452.527,792.9845844307388
1995-08-18 02:37:00,361.455,876.3927869496872
1995-08-18 02:38:00,1268.888,852.4814913787355
1995-08-18 02:39:00,639.198,735.1009897466677
1995-08-18 02:40:00,212.95499999999998,876.8594145099845
1995-08-18 02:41:00,444.79600000000005,839.3546616309125
1995-08-18 02:42:00,298.183,878.840174166822
1995-08-18 02:43:00,343.751,841.6237631172926
1995-08-18 02:44:00,43.768,782.0023231166041
1995-08-18 02:45:00,264.21,694.2077284301814
1995-08-18 02:46:00,232.15,604.4806311773451
1995-08-18 02:47:00,227.08599999999998,785.304114672438
1995-08-18 02:48:00,369.298,757.6007012161316
1995-08-18 02:49:00,285.104,807.0480543567137
1995-08-18 02:50:00,367.372,830.1336758721894
1995-08-18 02:51:00,135.203,790.1905831328987
1995-08-18 02:52:00,271.266,567.1681637165709
1995-08-18 02:53:00,303.301,840.8068428916464
1995-08-18 02:54:00,213.37,736.1511298938767
1995-08-18 02:55:00,383.238,715.6986785698826
1995-08-18 02:56:00,311.326,815.8892462383902
1995-08-18 02:57:00,423.827,733.653624725448
1995-08-18 02:58:00,472.84299999999996,697.5752575150904
1995-08-18 02:59:00,422.828,751.5595201393639
1995-08-18 03:00:00,678.541,693.0131685823941
1995-08-18 03:01:00,235.69899999999998,692.537642405644
1995-08-18 03:02:00,651.033,851.702589026004
1995-08-18 03:03:00,739.246,861.7348757127512
1995-08-18 03:04:00,813.918,848.840889379635
1995-08-18 03:05:00,207.942,1028.0666590691364
1995-08-18 03:06:00,477.24800000000005,905.212115031073
1995-08-18 03:07:00,206.995,792.3930606482975
1995-08-18 03:08:00,444.44,920.7298178297377
1995-08-18 03:09:00,149.786,778.1503116664486
1995-08-18 03:10:00,208.66799999999998,789.9249545319133
1995-08-18 03:11:00,257.218,628.3118711494134
1995-08-18 03:12:00,197.096,801.629199082798
1995-08-18 03:13:00,24.109,724.9664472715406
1995-08-18 03:14:00,345.23199999999997,813.273519825233
1995-08-18 03:15:00,335.233,640.2584799457379
1995-08-18 03:16:00,968.683,692.2342280650988
1995-08-18 03:17:00,34.94,708.7529399736914
1995-08-18 03:18:00,206.753,671.6078248334971
1995-08-18 03:19:00,271.053,524.3855519041795
1995-08-18 03:20:00,314.547,735.1418489414136
1995-08-18 03:21:00,259.68,630.4195750660928
1995-08-18 03:22:00,69.458,596.7074284369686
1995-08-18 03:23:00,963.362,638.2629281093234
1995-08-18 03:24:00,910.3629999999999,648.5329612110476
1995-08-18 03:25:00,172.738,1117.087492654494
1995-08-18 03:26:00,352.207,660.1845848350919
1995-08-18 03:27:00,181.919,743.2809907173366
1995-08-18 03:28:00,98.54,698.8934746457919
1995-08-18 03:29:00,105.503,766.6250502121009
1995-08-18 03:30:00,341.488,523.808787891602
1995-08-18 03:31:00,94.73,576.9109923781285
1995-08-18 03:32:00,163.847,469.2692417838186
1995-08-18 03:33:00,65.167,525.4571415539805
1995-08-18 03:34:00,510.264,652.0043895770294
1995-08-18 03:35:00,334.697,625.1973987271626
1995-08-18 03:36:00,1334.092,807.6341290266068
1995-08-18 03:37:00,290.879,866.5800284517283
1995-08-18 03:38:00,725.0509999999999,843.126252402778
1995-08-18 03:39:00,60.768,815.1539994701048
1995-08-18 03:40:00,26.384999999999998,814.0650877350726
1995-08-18 03:41:00,115.663,524.6352121893271
1995-08-18 03:42:00,83.191,700.5112174154655
1995-08-18 03:43:00,59.87,554.5245215584379
1995-08-18 03:44:00,446.195,353.61388148725314
1995-08-18 03:45:00,885.378,698.5290858583301
1995-08-18 03:46:00,95.763,662.9531886273691
1995-08-18 03:47:00,30.886,689.0846986964975
1995-08-18 03:48:00,383.91299999999995,452.14449897369946
1995-08-18 03:49:00,354.548,616.843243100904
1995-08-18 03:50:00,290.519,727.0354272796842
1995-08-18 03:51:00,256.036,746.3619083811142
1995-08-18 03:52:00,335.785,722.0630951446847
1995-08-18 03:53:00,135.664,557.527541356043
1995-08-18 03:54:00,153.007,541.9323562978615
1995-08-18 03:55:00,91.806,495.6173945622629
1995-08-18 03:56:00,679.9639999999999,402.35967099034787
1995-08-18 03:57:00,306.339,697.994060262752
1995-08-18 03:58:00,227.73100000000002,508.5985594775924
1995-08-18 03:59:00,67.809,742.3392583285306
1995-08-18 04:00:00,851.947,504.7424926900013
1995-08-18 04:01:00,451.817,587.4079782879759
1995-08-18 04:02:00,254.17,781.6124033574278
1995-08-18 04:03:00,38.742,651.5953884996289
1995-08-18 04:04:00,116.38,438.41679703222803
1995-08-18 04:05:00,34.53,527.3642869955795
1995-08-18 04:06:00,148.17,347.863289060754
1995-08-18 04:07:00,1212.1799999999998,375.9361066590812
1995-08-18 04:08:00,64.871,377.995456092372
1995-08-18 04:09:00,9.782,575.4430188192779
1995-08-18 04:10:00,86.586,242.33072161430746
1995-08-18 04:11:00,102.44200000000001,693.8808743877792
1995-08-18 04:12:00,52.286,470.2288419211129
1995-08-18 04:13:00,187.031,627.2083447462346
1995-08-18 04:14:00,294.81399999999996,643.6381053988202
1995-08-18 04:15:00,60.181,537.2776344040095
1995-08-18 04:16:00,448.25300000000004,564.8181842083975
1995-08-18 04:17:00,118.02000000000001,358.7176996945375
1995-08-18 04:18:00,366.954,606.6855472513638
1995-08-18 04:19:00,351.801,626.9588715227873
1995-08-18 04:20:00,205.343,689.2029668601205
1995-08-18 04:21:00,96.866,491.359618830175
1995-08-18 04:22:00,94.52799999999999,486.8511537606179
1995-08-18 04:23:00,276.032,492.22562264891644
1995-08-18 04:24:00,63.075,470.2179303008851
1995-08-18 04:25:00,254.465,416.17439189269794
1995-08-18 04:26:00,138.339,569.7761468944816
1995-08-18 04:27:00,114.97899999999998,530.1704355313589
1995-08-18 04:28:00,41.818999999999996,487.2993496340042
1995-08-18 04:29:00,84.417,391.9803101697788
1995-08-18 04:30:00,251.608,379.969209517933
1995-08-18 04:31:00,318.486,396.7721385161791
1995-08-18 04:32:00,164.255,498.5872437129426
1995-08-18 04:33:00,339.98400000000004,511.97023686535323
1995-08-18 04:34:00,241.744,471.72369379501356
1995-08-18 04:35:00,380.837,456.85542138080524
1995-08-18 04:36:00,251.192,495.1803229270394
1995-08-18 04:37:00,38.804,422.87644294431954
1995-08-18 04:38:00,182.42399999999998,368.66345158044925
1995-08-18 04:39:00,51.556,378.9216658371704
1995-08-18 04:40:00,86.168,344.85046202948473
1995-08-18 04:41:00,41.227000000000004,303.1978738769177
1995-08-18 04:42:00,573.591,443.884018486694
1995-08-18 04:43:00,187.89100000000002,461.9083090258744
1995-08-18 04:44:00,437.60299999999995,596.7996300017761
1995-08-18 04:45:00,327.585,618.0684629653226
1995-08-18 04:46:00,270.752,606.4990556326637
1995-08-18 04:47:00,223.88600000000002,610.0486105706934
1995-08-18 04:48:00,738.899,483.54681832362854
1995-08-18 04:49:00,352.97,603.2772963392098
1995-08-18 04:50:00,306.571,635.8518855715745
1995-08-18 04:51:00,503.132,530.0710239239498
1995-08-18 04:52:00,459.363,715.8377374053854
1995-08-18 04:53:00,713.948,574.6512796683753
1995-08-18 04:54:00,438.399,646.9580971076188
1995-08-18 04:55:00,229.12099999999998,783.7667097215326
1995-08-18 04:56:00,251.989,777.1800886406205
1995-08-18 04:57:00,68.5,693.1281204715139
1995-08-18 04:58:00,94.553,619.7069472799595
1995-08-18 04:59:00,381.044,552.158914404869
1995-08-18 05:00:00,284.838,625.2120047742742
1995-08-18 05:01:00,1314.8139999999999,652.5679984583907
1995-08-18 05:02:00,540.073,484.0689511998822
1995-08-18 05:03:00,79.033,678.4632332945573
1995-08-18 05:04:00,468.086,658.3685131414517
1995-08-18 05:05:00,298.246,693.238900006516
1995-08-18 05:06:00,61.069,674.0225772007884
1995-08-18 05:07:00,132.58499999999998,582.3490161950378
1995-08-18 05:08:00,181.088,513.8404741352987
1995-08-18 05:09:00,518.605,587.156492227187
1995-08-18 05:10:00,67.542,606.1299296642331
1995-08-18 05:11:00,167.435,639.912157950412
1995-08-18 05:12:00,250.816,842.6964370951844
1995-08-18 05:13:00,370.926,747.8481304910134
1995-08-18 05:14:00,127.26400000000001,761.1753970153336
1995-08-18 05:15:00,239.827,490.26110771521587
1995-08-18 05:16:00,99.181,726.755102571531
1995-08-18 05:17:00,130.389,591.355352796256
1995-08-18 05:18:00,135.313,428.4278336644806
1995-08-18 05:19:00,246.676,513.3047151381625
1995-08-18 05:20:00,78.489,638.6525251686514
1995-08-18 05:21:00,303.303,503.8064105772778
1995-08-18 05:22:00,106.397,353.21582363783995
1995-08-18 05:23:00,253.06300000000002,524.4763157942809
1995-08-18 05:24:00,148.743,458.5182780029527
1995-08-18 05:25:00,9.979,598.101776585522
1995-08-18 05:26:00,88.525,491.88826420955235
1995-08-18 05:27:00,69.343,303.4320976841333
1995-08-18 05:28:00,0.0,328.9540726458871
1995-08-18 05:33:00,222.239,323.2804665451287
1995-08-18 05:35:00,32.528999999999996,257.1888611418928
1995-08-18 05:36:00,59.882999999999996,208.1499377355864
1995-08-18 05:37:00,16.761,284.02287838779455
1995-08-18 05:38:00,42.48,306.80813671305776
1995-08-18 05:39:00,57.294,195.36006379248767
1995-08-18 05:40:00,196.92,313.0687446441623
1995-08-18 05:41:00,101.693,437.58712992385153
1995-08-18 05:42:00,189.753,338.16406383492813
1995-08-18 05:43:00,49.009,392.17766489725767
1995-08-18 05:45:00,502.59000000000003,275.97341324082765
1995-08-18 05:46:00,160.079,422.4328298723993
1995-08-18 05:47:00,87.148,444.1699292868644
1995-08-18 05:48:00,142.9,513.1518157042315
1995-08-18 05:49:00,51.556,293.14381908199016
1995-08-18 05:50:00,111.268,297.08785005562635
1995-08-18 05:51:00,260.979,412.2077172384597
1995-08-18 05:52:00,156.672,486.07212365834334
1995-08-18 05:53:00,250.981,493.74014095508414
1995-08-18 05:54:00,152.086,419.9423339959736
1995-08-18 05:55:00,368.926,431.31835509517566
1995-08-18 05:56:00,155.698,431.64824626801374
1995-08-18 05:57:00,314.719,450.1385636456872
1995-08-18 05:58:00,207.076,686.1176512079028
1995-08-18 05:59:00,312.408,655.8806125361338
1995-08-18 06:00:00,121.49099999999999,564.6862787510368
1995-08-18 06:01:00,182.48,442.30223175716367
1995-08-18 06:02:00,116.187,577.8880550889369
1995-08-18 06:03:00,144.738,330.8147120110077
1995-08-18 06:04:00,88.04,440.0451822453875
1995-08-18 06:05:00,144.837,330.9676800744784
1995-08-18 06:06:00,122.754,443.56420697631575
1995-08-18 06:07:00,124.04299999999999,524.2864049027479
1995-08-18 06:08:00,331.26800000000003,499.56691624609385
1995-08-18 06:09:00,223.62199999999999,716.025802623647
1995-08-18 06:10:00,121.944,673.8136402645486
1995-08-18 06:11:00,364.367,543.6668699048978
1995-08-18 06:12:00,292.722,534.6443048277022
1995-08-18 06:13:00,241.482,464.12626371767396
1995-08-18 06:14:00,66.766,548.8986352014919
1995-08-18 06:15:00,139.805,566.4442982987489
1995-08-18 06:16:00,36.168,442.3332963717073
1995-08-18 06:17:00,154.914,371.2140482163086
1995-08-18 06:18:00,116.798,403.43827359866987
1995-08-18 06:19:00,131.24,381.3006851950908
1995-08-18 06:20:00,111.19399999999999,559.5793945576926
1995-08-18 06:21:00,115.146,426.9367252776465
1995-08-18 06:22:00,143.743,389.9831554697799
1995-08-18 06:23:00,42.337,378.7880077922319
1995-08-18 06:24:00,149.042,266.1150288591411
1995-08-18 06:25:00,346.64500000000004,234.61795819221476
1995-08-18 06:26:00,297.49,361.50964764361015
1995-08-18 06:27:00,252.05,627.1016153185068
1995-08-18 06:28:00,141.802,459.66682387465534
1995-08-18 06:29:00,225.503,459.84627998031846
1995-08-18 06:30:00,239.0,338.03843344775083
1995-08-18 06:31:00,33.120999999999995,324.3762150336776
1995-08-18 06:32:00,92.853,331.7864991303275
1995-08-18 06:33:00,55.92,334.06504313115306
1995-08-18 06:34:00,49.378,301.40814636865474
1995-08-18 06:35:00,136.861,274.33226316627463
1995-08-18 06:36:00,26.116,363.21075671523903
1995-08-18 06:37:00,141.46800000000002,321.4302814119493
1995-08-18 06:38:00,641.848,287.5889449567454
1995-08-18 06:39:00,43.875,650.4217561513356
1995-08-18 06:40:00,259.187,686.9417765461787
1995-08-18 06:41:00,103.858,668.1783670539975
1995-08-18 06:42:00,252.42499999999998,426.34730047742926
1995-08-18 06:43:00,439.986,366.26209678577703
1995-08-18 06:44:00,219.769,560.8709141694047
1995-08-18 06:45:00,132.202,525.5056684426329
1995-08-18 06:46:00,71.36,458.91405589295863
1995-08-18 06:47:00,199.972,366.950630545394
1995-08-18 06:48:00,65.718,489.1286448899167
1995-08-18 06:49:00,56.009,502.589413151001
1995-08-18 06:50:00,136.181,294.4815149111086
1995-08-18 06:51:00,62.391,247.25527949390738
1995-08-18 06:52:00,908.189,177.2714269176225
1995-08-18 06:53:00,216.675,492.95927586440826
1995-08-18 06:54:00,248.591,745.2605545687018
1995-08-18 06:55:00,531.812,612.0332848168649
1995-08-18 06:56:00,1010.7900000000001,763.530124613407
1995-08-18 06:57:00,337.69100000000003,842.3238983868732
1995-08-18 06:58:00,378.424,913.849923853294
1995-08-18 06:59:00,715.6569999999999,884.5331859729886
1995-08-18 07:00:00,300.39,686.9951803462412
1995-08-18 07:01:00,234.13,739.4761656923514
1995-08-18 07:02:00,387.605,862.0947307565907
1995-08-18 07:03:00,759.5669999999999,686.9125634142812
1995-08-18 07:04:00,304.554,745.5429758697586
1995-08-18 07:05:00,239.65,765.7259423582468
1995-08-18 07:06:00,246.357,739.5447873842484
1995-08-18 07:07:00,239.14199999999997,816.2922571635726
1995-08-18 07:08:00,439.149,833.237450858328
1995-08-18 07:09:00,418.267,805.7287533367363
1995-08-18 07:10:00,680.657,885.2390947854097
1995-08-18 07:11:00,673.941,831.1521978644016
1995-08-18 07:12:00,478.389,911.2010473761997
1995-08-18 07:13:00,425.708,1048.678587379364
1995-08-18 07:14:00,378.93600000000004,879.3040900410391
1995-08-18 07:15:00,752.491,943.0174531882694
1995-08-18 07:16:00,540.366,902.8380585038017
1995-08-18 07:17:00,1008.536,950.2857860517148
1995-08-18 07:18:00,618.794,1101.0500118437974
1995-08-18 07:19:00,281.764,998.1499446092444
1995-08-18 07:20:00,483.524,998.1582774323388
1995-08-18 07:21:00,471.238,989.0412352348319
1995-08-18 07:22:00,678.975,993.5505531891793
1995-08-18 07:23:00,2036.4009999999998,854.9193330183277
1995-08-18 07:24:00,632.943,1168.1978272974661
1995-08-18 07:25:00,143.719,1112.0734044603385
1995-08-18 07:26:00,328.939,981.9643857206061
1995-08-18 07:27:00,233.169,1127.0485585263325
1995-08-18 07:28:00,542.646,1026.1039783275883
1995-08-18 07:29:00,284.15500000000003,1016.1735000430355
1995-08-18 07:30:00,147.314,861.6851500742443
1995-08-18 07:31:00,223.128,843.011679370124
1995-08-18 07:32:00,203.483,822.177793183956
1995-08-18 07:33:00,426.425,756.6777043807805
1995-08-18 07:34:00,196.4,918.3449716103137
1995-08-18 07:35:00,360.73400000000004,712.0041611058639
1995-08-18 07:36:00,386.943,740.7611298683594
1995-08-18 07:37:00,991.491,884.0994818838228
1995-08-18 07:38:00,374.071,1074.8431841858421
1995-08-18 07:39:00,241.59799999999998,1018.8122158248515
1995-08-18 07:40:00,306.647,829.6257807163526
1995-08-18 07:41:00,281.818,1023.0628259992479
1995-08-18 07:42:00,340.084,1036.7677292360906
1995-08-18 07:43:00,320.917,1026.532894343487
1995-08-18 07:44:00,258.894,891.3252151804612
1995-08-18 07:45:00,210.438,1145.050454387126
1995-08-18 07:46:00,332.26800000000003,1124.6717665690412
1995-08-18 07:47:00,718.125,908.4964122471479
1995-08-18 07:48:00,330.22,987.2882843251075
1995-08-18 07:49:00,234.324,973.6672414323891
1995-08-18 07:50:00,65.734,834.0373420973649
1995-08-18 07:51:00,208.541,729.9659700551257
1995-08-18 07:52:00,301.323,881.6183835897949
1995-08-18 07:53:00,260.642,780.836289289091
1995-08-18 07:54:00,318.565,730.0581930963842
1995-08-18 07:55:00,159.636,990.2335593230118
1995-08-18 07:56:00,1017.203,780.4384988600544
1995-08-18 07:57:00,325.716,764.5269798713023
1995-08-18 07:58:00,240.485,838.047116960359
1995-08-18 07:59:00,49.736,813.8041170685646
1995-08-18 08:00:00,321.469,652.2428956049748
1995-08-18 08:01:00,356.841,732.2787283606194
1995-08-18 08:02:00,234.512,1121.1671502407344
1995-08-18 08:03:00,509.33700000000005,827.9863066335738
1995-08-18 08:04:00,183.309,937.0905648947802
1995-08-18 08:05:00,776.667,864.5006035834755
1995-08-18 08:06:00,750.37,1072.5721483047864
1995-08-18 08:07:00,491.027,1156.2813869369477
1995-08-18 08:08:00,608.472,1150.8984441006346
1995-08-18 08:09:00,591.775,1389.301953043567
1995-08-18 08:10:00,322.644,1259.805272818642
1995-08-18 08:11:00,613.053,1018.2658869087134
1995-08-18 08:12:00,698.249,1163.5319086951179
1995-08-18 08:13:00,1522.1939999999997,1160.0059530147673
1995-08-18 08:14:00,340.33099999999996,1162.6471082075313
1995-08-18 08:15:00,1969.077,1084.7010589513286
1995-08-18 08:16:00,197.993,1227.4713152104694
1995-08-18 08:17:00,993.9459999999999,928.3555115993814
1995-08-18 08:18:00,246.763,1091.1720687606596
1995-08-18 08:19:00,1115.317,955.0805912241431
1995-08-18 08:20:00,627.657,1150.5716859181016
1995-08-18 08:21:00,175.745,1175.241494724819
1995-08-18 08:22:00,217.196,1040.3841837453106
1995-08-18 08:23:00,146.72,941.1886537884345
1995-08-18 08:24:00,284.443,848.0430456856179
1995-08-18 08:25:00,294.099,916.5903591015434
1995-08-18 08:26:00,599.274,1059.055966606873
1995-08-18 08:27:00,506.7,1187.7995909826084
1995-08-18 08:28:00,357.01300000000003,1029.515830969899
1995-08-18 08:29:00,379.22,1109.1162634784523
1995-08-18 08:30:00,720.645,1129.8804763664527
1995-08-18 08:31:00,424.069,1298.7297933845118
1995-08-18 08:32:00,780.39,1215.5431354374903
1995-08-18 08:33:00,493.231,1228.9992476142163
1995-08-18 08:34:00,76.043,1183.0902985832015
1995-08-18 08:35:00,757.836,1003.7095755390449
1995-08-18 08:36:00,469.614,979.617794686116
1995-08-18 08:37:00,490.839,981.5245811426296
1995-08-18 08:38:00,330.09999999999997,913.1854743338237
1995-08-18 08:39:00,540.945,1013.381191086557
1995-08-18 08:40:00,369.17199999999997,982.589239697358
1995-08-18 08:41:00,852.4970000000001,976.2562926687253
1995-08-18 08:42:00,1558.781,1117.6314667735044
1995-08-18 08:43:00,868.249,1150.1200825895726
1995-08-18 08:44:00,1148.949,1177.5907272674656
1995-08-18 08:45:00,434.619,1450.1274712276097
1995-08-18 08:46:00,771.467,1323.4155133212998
1995-08-18 08:47:00,639.432,1395.1236319889483
1995-08-18 08:48:00,540.015,1350.2867343229902
1995-08-18 08:49:00,935.666,1318.2823198767564
1995-08-18 08:50:00,563.047,1347.652929375997
1995-08-18 08:51:00,1570.107,1636.8768076579674
1995-08-18 08:52:00,458.73,1391.640040265723
1995-08-18 08:53:00,781.401,1142.31947369206
1995-08-18 08:54:00,1149.702,1345.414187199142
1995-08-18 08:55:00,955.841,1407.4714141584413
1995-08-18 08:56:00,862.486,1581.9306395598176
1995-08-18 08:57:00,1036.387,1470.4732408561222
1995-08-18 08:58:00,1477.115,1573.9033109818392
1995-08-18 08:59:00,660.12,1506.2979148945494
1995-08-18 09:00:00,1178.166,1543.9852369878533
1995-08-18 09:01:00,1024.417,1478.2766039022893
1995-08-18 09:02:00,1275.954,1678.471291246118
1995-08-18 09:03:00,681.013,1642.5649459608962
1995-08-18 09:04:00,787.3660000000001,1540.4197608109855
1995-08-18 09:05:00,327.625,1443.7693299822865
1995-08-18 09:06:00,154.274,1504.7136892776496
1995-08-18 09:07:00,413.405,1198.2129543473063
1995-08-18 09:08:00,363.52500000000003,1312.1702049723538
1995-08-18 09:09:00,1227.451,1216.3124618234049
1995-08-18 09:10:00,407.447,1313.3328955683953
1995-08-18 09:11:00,653.7339999999999,1317.17236562003
1995-08-18 09:12:00,399.226,1139.655845862887
1995-08-18 09:13:00,596.428,1197.379183134095
1995-08-18 09:14:00,1327.787,1239.2518096179244
1995-08-18 09:15:00,1015.8309999999999,1372.1620232820248
1995-08-18 09:16:00,514.263,1338.105128278039
1995-08-18 09:17:00,1375.552,1358.6376401914708
1995-08-18 09:18:00,679.461,1363.382579314377
1995-08-18 09:19:00,829.647,1348.223646120359
1995-08-18 09:20:00,745.801,1594.9319676097057
1995-08-18 09:21:00,1084.971,1546.907160019113
1995-08-18 09:22:00,825.174,1405.7334906441943
1995-08-18 09:23:00,243.16400000000002,1370.1329910287102
1995-08-18 09:24:00,2023.828,1241.705751167073
1995-08-18 09:25:00,447.24,1496.2443925962423
1995-08-18 09:26:00,212.36700000000002,1231.9700532406132
1995-08-18 09:27:00,387.217,1028.2796119146653
1995-08-18 09:28:00,1265.29,1174.3094182593454
1995-08-18 09:29:00,387.731,1292.3983685120202
1995-08-18 09:30:00,629.338,1273.0042320676698
1995-08-18 09:31:00,742.256,1198.0418874021314
1995-08-18 09:32:00,476.376,1262.2204414035762
1995-08-18 09:33:00,289.467,1220.0969086572286
1995-08-18 09:34:00,2158.589,1291.3414358518653
1995-08-18 09:35:00,441.981,1613.5625767528115
1995-08-18 09:36:00,681.9549999999999,1099.619002324288
1995-08-18 09:37:00,658.805,1412.552806070434
1995-08-18 09:38:00,583.406,1437.404129843117
1995-08-18 09:39:00,1057.068,1369.9845495224156
1995-08-18 09:40:00,694.294,1447.8765080216472
1995-08-18 09:41:00,475.879,1422.909334659226
1995-08-18 09:42:00,906.712,1359.4693418870459
1995-08-18 09:43:00,595.994,1426.9084339987999
1995-08-18 09:44:00,587.082,1358.1333191380616
1995-08-18 09:45:00,105.12899999999999,1569.6221278303249
1995-08-18 09:46:00,1426.307,1006.7015819654592
1995-08-18 09:47:00,792.745,1339.4675684581612
1995-08-18 09:48:00,529.114,1533.5127455094064
1995-08-18 09:49:00,496.567,1338.1465901766762
1995-08-18 09:50:00,674.106,1381.0796268291308
1995-08-18 09:51:00,812.915,1421.643421675175
1995-08-18 09:52:00,743.302,1469.2069983179517
1995-08-18 09:53:00,1014.395,1462.2242459204326
1995-08-18 09:54:00,592.031,1707.8823391372791
1995-08-18 09:55:00,2369.093,1437.9659951244735
1995-08-18 09:56:00,1068.359,1656.420806172132
1995-08-18 09:57:00,846.272,1677.6727669089184
1995-08-18 09:58:00,1206.456,1969.7826207287712
1995-08-18 09:59:00,606.7379999999999,1605.0289221909588
1995-08-18 10:00:00,555.2049999999999,1712.8032440911381
1995-08-18 10:01:00,985.342,1763.60708666261
1995-08-18 10:02:00,740.778,1704.0378363525326
1995-08-18 10:03:00,391.216,1600.4841128545568
1995-08-18 10:04:00,2141.532,1621.269214546883
1995-08-18 10:05:00,812.379,1487.8462081785663
1995-08-18 10:06:00,459.035,1529.1910540374618
1995-08-18 10:07:00,869.192,1412.2284573346499
1995-08-18 10:08:00,1571.995,1615.3496163955635
1995-08-18 10:09:00,763.0999999999999,1632.4264495759467
1995-08-18 10:10:00,1656.1009999999999,1648.1746378505125
1995-08-18 10:11:00,1742.9070000000002,1710.7091887883287
1995-08-18 10:12:00,391.062,1810.7322462238333
1995-08-18 10:13:00,417.373,1426.9878150255045
1995-08-18 10:14:00,526.5219999999999,1525.4064621992898
1995-08-18 10:15:00,358.664,1484.6655879381885
1995-08-18 10:16:00,909.961,1256.4143505068732
1995-08-18 10:17:00,676.959,1599.2601599311247
1995-08-18 10:18:00,996.1880000000001,1375.9136602237766
1995-08-18 10:19:00,636.395,1682.620571385967
1995-08-18 10:20:00,410.451,1393.9774506120425
1995-08-18 10:21:00,415.755,1485.150339268924
1995-08-18 10:22:00,443.022,1428.655538681586
1995-08-18 10:23:00,473.275,1169.4507314388588
1995-08-18 10:24:00,803.021,1184.0729047342943
1995-08-18 10:25:00,348.53700000000003,1196.9819223239292
1995-08-18 10:26:00,502.273,1318.7992773664505
1995-08-18 10:27:00,693.972,1148.4118306139696
1995-08-18 10:28:00,832.394,1514.8527190373193
1995-08-18 10:29:00,325.597,1277.1813766067196
1995-08-18 10:30:00,780.8059999999999,1219.1329540109987
1995-08-18 10:31:00,935.976,1195.7462329894686
1995-08-18 10:32:00,574.457,1410.9194601649842
1995-08-18 10:33:00,596.082,1277.6737242286354
1995-08-18 10:34:00,287.814,1440.1360606886537
1995-08-18 10:35:00,699.333,1296.6101019362757
1995-08-18 10:36:00,391.152,1416.6886308531255
1995-08-18 10:37:00,1506.623,1311.4335061159366
1995-08-18 10:38:00,222.292,1230.2020229443638
1995-08-18 10:39:00,453.714,1330.9910973052092
1995-08-18 10:40:00,707.187,1452.2339432769984
1995-08-18 10:41:00,717.7660000000001,1425.8461321461057
1995-08-18 10:42:00,689.416,1326.9045046662563
1995-08-18 10:43:00,742.065,1880.6763702464443
1995-08-18 10:44:00,1127.991,1316.5356727579754
1995-08-18 10:45:00,2424.306,1566.1679014582407
1995-08-18 10:46:00,1415.529,1660.3102980080564
1995-08-18 10:47:00,669.095,1661.940350699505
1995-08-18 10:48:00,1297.5729999999999,1499.9031975891542
1995-08-18 10:49:00,1429.471,1550.1206488415924
1995-08-18 10:50:00,2534.4390000000003,1870.142467246681
1995-08-18 10:51:00,2163.962,1757.0662023435837
1995-08-18 10:52:00,497.93399999999997,2148.8735206117763
1995-08-18 10:53:00,2158.2799999999997,1577.4027551080658
1995-08-18 10:54:00,430.84499999999997,2091.9922211830044
1995-08-18 10:55:00,493.59,1380.7798853945947
1995-08-18 10:56:00,347.49399999999997,1437.1733868208569
1995-08-18 10:57:00,561.402,1470.2386830010075
1995-08-18 10:58:00,1249.349,1468.0845876589342
1995-08-18 10:59:00,566.929,1560.637092405488
1995-08-18 11:00:00,614.66,1499.0852215890563
1995-08-18 11:01:00,572.5889999999999,1368.0378829983754
1995-08-18 11:02:00,375.51099999999997,1345.4052167278312
1995-08-18 11:03:00,529.5169999999999,1255.1782138137778
1995-08-18 11:04:00,335.891,1296.8609825939755
1995-08-18 11:05:00,333.019,1294.2955877757947
1995-08-18 11:06:00,940.73,1276.6245203668846
1995-08-18 11:07:00,426.808,1444.4125340487203
1995-08-18 11:08:00,711.987,1229.2963494188998
1995-08-18 11:09:00,625.048,1243.6051527541963
1995-08-18 11:10:00,669.9,1413.8952051092663
1995-08-18 11:11:00,856.718,1395.1017305204887
1995-08-18 11:12:00,833.376,1528.2352324630544
1995-08-18 11:13:00,1313.206,1465.9177993483684
1995-08-18 11:14:00,1070.791,1564.3225000410225
1995-08-18 11:15:00,905.268,1749.093474456112
1995-08-18 11:16:00,893.174,1713.5329366588749
1995-08-18 11:17:00,966.5699999999999,1628.7627813565898
1995-08-18 11:18:00,1044.487,1664.825436406658
1995-08-18 11:19:00,1494.1799999999998,1710.2911480282164
1995-08-18 11:20:00,2270.901,1772.874643706297
1995-08-18 11:21:00,1934.356,1866.9284390312587
1995-08-18 11:22:00,1723.566,2257.2510236737357
1995-08-18 11:23:00,1086.508,2051.2385907417543
1995-08-18 11:24:00,1888.577,1841.9790947684082
1995-08-18 11:25:00,2862.889,1933.321040292885
1995-08-18 11:26:00,794.475,2267.5294944354614
1995-08-18 11:27:00,566.116,2091.7681989354605
1995-08-18 11:28:00,900.8109999999999,1747.338097486416
1995-08-18 11:29:00,1223.137,1728.2258933496962
1995-08-18 11:30:00,869.177,1756.4443342659026
1995-08-18 11:31:00,1201.338,1918.581733781539
1995-08-18 11:32:00,1815.72,1741.1888680990671
1995-08-18 11:33:00,914.1460000000001,1744.5686103128105
1995-08-18 11:34:00,1605.424,1929.9442906045654
1995-08-18 11:35:00,1460.374,2108.190090009323
1995-08-18 11:36:00,1342.633,2068.928729567183
1995-08-18 11:37:00,543.826,1920.1798715736204
1995-08-18 11:38:00,1134.883,1991.5751154505479
1995-08-18 11:39:00,466.337,1962.439258573108
1995-08-18 11:40:00,450.221,1526.3769793991555
1995-08-18 11:41:00,917.54,1617.3718147050465
1995-08-18 11:42:00,504.892,1506.1103196757385
1995-08-18 11:43:00,734.734,1652.0614698512277
1995-08-18 11:44:00,923.3149999999999,1926.8936682601754
1995-08-18 11:45:00,1463.407,1533.829205254518
1995-08-18 11:46:00,859.506,1717.1142212592172
1995-08-18 11:47:00,588.285,1595.4374861245753
1995-08-18 11:48:00,559.929,1564.0217768092302
1995-08-18 11:49:00,810.698,1696.5556366667142
1995-08-18 11:50:00,718.042,1556.795225818617
1995-08-18 11:51:00,758.41,1672.205354124398
1995-08-18 11:52:00,618.273,1419.3967217296681
1995-08-18 11:53:00,1554.2649999999999,1461.6935134389714
1995-08-18 11:54:00,355.148,1382.9608287298836
1995-08-18 11:55:00,325.894,1322.9710371488754
1995-08-18 11:56:00,208.375,1311.559412795407
1995-08-18 11:57:00,372.254,1179.1764024025322
1995-08-18 11:58:00,657.479,1097.1977244682275
1995-08-18 11:59:00,620.626,1400.9312460861556
1995-08-18 12:00:00,763.783,1397.9405289666004
1995-08-18 12:01:00,1190.31,1394.3629490271626
1995-08-18 12:02:00,1344.657,1591.5195921578759
1995-08-18 12:03:00,1458.25,1503.1260580984863
1995-08-18 12:04:00,667.715,1709.3310251476414
1995-08-18 12:05:00,1329.6860000000001,1737.8337763463012
1995-08-18 12:06:00,422.8,1725.059038519043
1995-08-18 12:07:00,409.71299999999997,1448.4238989813487
1995-08-18 12:08:00,318.437,1542.1645909846727
1995-08-18 12:09:00,767.337,1197.8538917311723
1995-08-18 12:10:00,611.188,1335.0939739274672
1995-08-18 12:11:00,568.026,1357.9883286958159
1995-08-18 12:12:00,405.674,1263.6680891241729
1995-08-18 12:13:00,263.781,1432.9189283216208
1995-08-18 12:14:00,674.279,1112.1336917008994
1995-08-18 12:15:00,869.203,1306.5336579489249
1995-08-18 12:16:00,373.385,1238.5457999953562
1995-08-18 12:17:00,1646.158,1157.265131876159
1995-08-18 12:18:00,946.698,1449.4047240509433
1995-08-18 12:19:00,395.956,1623.0032721491896
1995-08-18 12:20:00,808.13,1356.9473175759217
1995-08-18 12:21:00,848.4689999999999,1550.3652418232784
1995-08-18 12:22:00,394.892,1490.7406243924058
1995-08-18 12:23:00,963.704,1296.503500935025
1995-08-18 12:24:00,362.969,1428.1875914022105
1995-08-18 12:25:00,325.981,1431.2959725281448
1995-08-18 12:26:00,1464.324,1277.8758141793362
1995-08-18 12:27:00,1407.074,1383.1795684172762
1995-08-18 12:28:00,540.228,1426.8185186727264
1995-08-18 12:29:00,296.784,1520.7285116495855
1995-08-18 12:30:00,558.514,1395.2543938011365
1995-08-18 12:31:00,1679.313,1418.8771083781126
1995-08-18 12:32:00,1178.786,1706.9801876120741
1995-08-18 12:33:00,1235.297,1778.0247427165666
1995-08-18 12:34:00,462.498,1481.6290413811462
1995-08-18 12:35:00,968.116,1459.8980086743072
1995-08-18 12:36:00,1559.849,1629.4279982988785
1995-08-18 12:37:00,673.875,1654.4573893771342
1995-08-18 12:38:00,575.787,1670.1113943405514
1995-08-18 12:39:00,1253.964,1422.7647003717811
1995-08-18 12:40:00,1622.9470000000001,1620.6400049388874
1995-08-18 12:41:00,944.3689999999999,1607.0831892620809
1995-08-18 12:42:00,379.421,1810.7184166454463
1995-08-18 12:43:00,301.654,1373.5990700237692
1995-08-18 12:44:00,519.181,1095.9989067212337
1995-08-18 12:45:00,345.513,1113.0448849631953
1995-08-18 12:46:00,853.201,1225.192848113006
1995-08-18 12:47:00,1764.064,1473.442867914047
1995-08-18 12:48:00,753.351,1615.8531794204382
1995-08-18 12:49:00,933.2719999999999,1797.3987629198225
1995-08-18 12:50:00,1570.798,1635.2034456760591
1995-08-18 12:51:00,1898.953,1357.4692634143091
1995-08-18 12:52:00,1037.708,1785.900466320482
1995-08-18 12:53:00,1046.741,1822.2169098965517
1995-08-18 12:54:00,1253.244,1710.2736244636687
1995-08-18 12:55:00,1612.279,1809.9624943224635
1995-08-18 12:56:00,606.734,1877.4880011181103
1995-08-18 12:57:00,445.533,1817.7701189950626
1995-08-18 12:58:00,475.12,1510.7799070301883
1995-08-18 12:59:00,1441.3380000000002,1272.7784807363867
1995-08-18 13:00:00,390.355,1419.275786703817
1995-08-18 13:01:00,636.962,1310.7550332466692
1995-08-18 13:02:00,2533.844,1340.0571890365431
1995-08-18 13:03:00,688.235,1911.2794004065565
1995-08-18 13:04:00,894.4909999999999,1698.4687470760782
1995-08-18 13:05:00,1108.3029999999999,1917.6259952263426
1995-08-18 13:06:00,709.452,1671.6182703276963
1995-08-18 13:07:00,1174.065,1763.6921819587506
1995-08-18 13:08:00,2218.377,1928.8534623987664
1995-08-18 13:09:00,819.641,1974.89086081666
1995-08-18 13:10:00,1078.854,1980.9680065504106
1995-08-18 13:11:00,2187.886,1674.8880186062024
1995-08-18 13:12:00,1386.067,1917.6616283360952
1995-08-18 13:13:00,1089.918,1981.0370047069148
1995-08-18 13:14:00,1058.604,1961.4790882346388
1995-08-18 13:15:00,943.517,1678.4449477547284
1995-08-18 13:16:00,844.695,1871.887743339655
1995-08-18 13:17:00,325.503,1682.9131657176595
1995-08-18 13:18:00,1772.435,1577.5714741388417
1995-08-18 13:19:00,1840.728,1840.071090415824
1995-08-18 13:20:00,1544.524,1816.2506917817605
1995-08-18 13:21:00,1787.3899999999999,2032.2021168111535
1995-08-18 13:22:00,2436.7580000000003,2036.8130500975371
1995-08-18 13:23:00,622.47,2230.6992846072444
1995-08-18 13:24:00,656.675,2192.530817626653
1995-08-18 13:25:00,559.637,1924.1302078101896
1995-08-18 13:26:00,900.811,1820.0308224601893
1995-08-18 13:27:00,991.598,1658.3209203059168
1995-08-18 13:28:00,1857.26,1829.9562529554696
1995-08-18 13:29:00,1441.138,1984.3771599306126
1995-08-18 13:30:00,994.74,1904.3108594282307
1995-08-18 13:31:00,684.5930000000001,2031.0463228682859
1995-08-18 13:32:00,2100.995,1971.7273654131786
1995-08-18 13:33:00,734.564,2161.1534405905954
1995-08-18 13:34:00,778.774,1944.348937929744
1995-08-18 13:35:00,691.9540000000001,1900.2310025006793
1995-08-18 13:36:00,1390.431,1711.6053487958484
1995-08-18 13:37:00,395.053,1598.7606349563582
1995-08-18 13:38:00,1520.79,1727.8856857328562
1995-08-18 13:39:00,3426.309,1793.4382826275573
1995-08-18 13:40:00,680.896,2137.0461013386475
1995-08-18 13:41:00,643.843,1812.4563401783219
1995-08-18 13:42:00,533.167,2005.38723811184
1995-08-18 13:43:00,1014.407,1693.52724613915
1995-08-18 13:44:00,770.958,1720.4064626478144
1995-08-18 13:45:00,2086.837,1599.718870391776
1995-08-18 13:46:00,1405.007,1900.2100513647938
1995-08-18 13:47:00,2196.245,2064.473649883457
1995-08-18 13:48:00,773.95,2311.867044176869
1995-08-18 13:49:00,2172.49,2058.902427123547
1995-08-18 13:50:00,1283.049,2196.4666933194426
1995-08-18 13:51:00,2026.9510000000002,1842.136605263223
1995-08-18 13:52:00,880.7090000000001,2137.4218049208544
1995-08-18 13:53:00,2152.826,2044.8327791081394
1995-08-18 13:54:00,1927.064,1976.5242727071386
1995-08-18 13:55:00,667.797,2112.564505381259
1995-08-18 13:56:00,1412.513,1882.3684952393137
1995-08-18 13:57:00,1076.747,1939.1543337594292
1995-08-18 13:58:00,1811.464,1948.8060495737072
1995-08-18 13:59:00,702.021,2157.5299545230687
1995-08-18 14:00:00,1885.5840000000003,2041.435670305434
1995-08-18 14:01:00,1917.771,2023.8205942517443
1995-08-18 14:02:00,1474.329,1965.740044741564
1995-08-18 14:03:00,838.802,2135.1277440559215
1995-08-18 14:04:00,927.685,2265.2075834053467
1995-08-18 14:05:00,1064.471,2085.4307867079306
1995-08-18 14:06:00,1356.941,2065.2890716050065
1995-08-18 14:07:00,1259.417,2359.9676032938955
1995-08-18 14:08:00,2268.981,2340.410801595147
1995-08-18 14:09:00,549.1370000000001,2446.9326026864555
1995-08-18 14:10:00,389.656,2102.6157516751546
1995-08-18 14:11:00,1156.002,1848.8110916227836
1995-08-18 14:12:00,881.68,1713.7991941123958
1995-08-18 14:13:00,702.568,1778.6336677629897
1995-08-18 14:14:00,1743.626,1972.6683914925425
1995-08-18 14:15:00,968.1410000000001,1787.4429751106359
1995-08-18 14:16:00,552.529,1840.5979505174091
1995-08-18 14:17:00,2110.393,1946.2154238568726
1995-08-18 14:18:00,435.78,2005.7351342659506
1995-08-18 14:19:00,1755.865,2035.6762453129265
1995-08-18 14:20:00,285.353,1867.6780914368064
1995-08-18 14:21:00,388.326,1746.7476130229477
1995-08-18 14:22:00,1056.655,1535.403211423413
1995-08-18 14:23:00,1924.4489999999998,1540.2775589116186
1995-08-18 14:24:00,1859.4080000000001,1900.1743870130867
1995-08-18 14:25:00,1087.714,2202.4476683193993
1995-08-18 14:26:00,849.709,1819.9268640686041
1995-08-18 14:27:00,1494.827,1719.6752143740362
1995-08-18 14:28:00,325.716,1700.804896894993
1995-08-18 14:29:00,595.007,1682.0664040041179
1995-08-18 14:30:00,2228.738,1490.143119028333
1995-08-18 14:31:00,652.722,1965.650684980682
1995-08-18 14:32:00,427.388,1634.94221336601
1995-08-18 14:33:00,185.85999999999999,1689.6018854866288
1995-08-18 14:34:00,1008.2,1179.2784380465064
1995-08-18 14:35:00,501.831,1285.8482149646475
1995-08-18 14:36:00,201.709,1234.011480508498
1995-08-18 14:37:00,1478.767,1268.2381773813952
1995-08-18 14:38:00,323.087,1284.9617352189193
1995-08-18 14:39:00,1386.7210000000002,1413.3505208901456
1995-08-18 14:40:00,376.733,1681.0903555033883
1995-08-18 14:41:00,916.375,1319.6758570677687
1995-08-18 14:42:00,1287.896,1719.3258159246461
1995-08-18 14:43:00,1044.539,1676.2044983585479
1995-08-18 14:44:00,1398.338,1632.3784110737365
1995-08-18 14:45:00,645.141,1480.1895900520403
1995-08-18 14:46:00,941.1560000000001,1499.890434859287
1995-08-18 14:47:00,1307.8139999999999,1624.0008455241807
1995-08-18 14:48:00,1666.335,1503.365074500073
1995-08-18 14:49:00,1092.598,1793.068666494314
1995-08-18 14:50:00,441.242,1656.414300045838
1995-08-18 14:51:00,416.544,1717.748650673576
1995-08-18 14:52:00,2377.158,1521.4535660302333
1995-08-18 14:53:00,585.408,1868.7945884231913
1995-08-18 14:54:00,1085.6399999999999,1635.39121982442
1995-08-18 14:55:00,1258.4810000000002,1661.5809524154492
1995-08-18 14:56:00,2278.254,1339.552590774666
1995-08-18 14:57:00,881.586,1811.035966873603
1995-08-18 14:58:00,860.752,1796.9787711268289
1995-08-18 14:59:00,480.467,1904.752201143761
1995-08-18 15:00:00,1052.917,1500.8474205518335
1995-08-18 15:01:00,1207.761,1647.3117977462696
1995-08-18 15:02:00,1198.204,1569.5648666537302
1995-08-18 15:03:00,3093.036,1428.195203734025
1995-08-18 15:04:00,2684.574,1967.0467789033164
1995-08-18 15:05:00,2314.273,2140.6677453457874
1995-08-18 15:06:00,2143.379,2288.478526226303
1995-08-18 15:07:00,1407.363,2590.51504127045
1995-08-18 15:08:00,2332.2,2315.9661759041915
1995-08-18 15:09:00,603.814,2300.0283181232567
1995-08-18 15:10:00,453.698,2069.8787837789596
1995-08-18 15:11:00,767.393,1868.2434063476812
1995-08-18 15:12:00,708.462,1829.23234754015
1995-08-18 15:13:00,2463.625,1731.9325977145181
1995-08-18 15:14:00,715.797,1828.6494744921592
1995-08-18 15:15:00,1973.786,1717.8395936039296
1995-08-18 15:16:00,1945.142,2133.4087674568864
1995-08-18 15:17:00,686.662,2010.4334197422513
1995-08-18 15:18:00,1455.475,2127.833382330227
1995-08-18 15:19:00,1810.973,2019.8535670980955
1995-08-18 15:20:00,563.936,1865.5060941736199
1995-08-18 15:21:00,1525.6870000000001,1604.2706359281112
1995-08-18 15:22:00,1683.052,1926.7503193557736
1995-08-18 15:23:00,867.698,1716.321816871075
1995-08-18 15:24:00,488.138,1969.2894208770585
1995-08-18 15:25:00,2044.485,1682.2243532517089
1995-08-18 15:26:00,1360.183,2195.5967754747485
1995-08-18 15:27:00,911.899,1791.0553819327222
1995-08-18 15:28:00,715.63,1888.0805865823718
1995-08-18 15:29:00,1320.844,1842.4521581115932
1995-08-18 15:30:00,1776.032,1966.7968943993562
1995-08-18 15:31:00,1350.452,2032.1676307941552
1995-08-18 15:32:00,1864.587,2053.4876630952726
1995-08-18 15:33:00,460.54200000000003,2172.8100751810002
1995-08-18 15:34:00,756.207,1725.5302101329835
1995-08-18 15:35:00,2285.754,1815.8606927329374
1995-08-18 15:36:00,610.2230000000001,1900.7481138107976
1995-08-18 15:37:00,1060.387,1661.0292563053094
1995-08-18 15:38:00,525.5,1791.6792957434045
1995-08-18 15:39:00,1580.6650000000002,1427.15306808922
1995-08-18 15:40:00,1205.31,1820.390226033951
1995-08-18 15:41:00,592.671,1736.834583002816
1995-08-18 15:42:00,1489.5,1579.13093369967
1995-08-18 15:43:00,963.938,1749.2818183058937
1995-08-18 15:44:00,686.5799999999999,1718.019325866972
1995-08-18 15:45:00,766.8430000000001,1637.645034605938
1995-08-18 15:46:00,1175.0720000000001,1442.2384785512882
1995-08-18 15:47:00,803.932,1680.8961946766772
1995-08-18 15:48:00,741.22,1737.3372194027845
1995-08-18 15:49:00,666.825,1774.8878036541992
1995-08-18 15:50:00,637.981,1609.4141645718646
1995-08-18 15:51:00,877.437,1736.093504105862
1995-08-18 15:52:00,987.904,1665.644297412114
1995-08-18 15:53:00,669.266,1479.387984469334
1995-08-18 15:54:00,796.886,1537.5516724134852
1995-08-18 15:55:00,668.815,1689.4610926322289
1995-08-18 15:56:00,2507.491,1595.288397693194
1995-08-18 15:57:00,1028.087,1859.101435509675
1995-08-18 15:58:00,829.491,1845.1033293448604
1995-08-18 15:59:00,836.7370000000001,1956.3370758825224
1995-08-18 16:00:00,441.488,1866.9638385487397
1995-08-18 16:01:00,642.134,1467.070461633889
1995-08-18 16:02:00,904.9250000000001,1576.8508339621023
1995-08-18 16:03:00,878.915,1518.4770256077375
1995-08-18 16:04:00,761.864,1438.2749114330709
1995-08-18 16:05:00,2535.576,1634.2601044878143
1995-08-18 16:06:00,2545.48,1781.4549675938697
1995-08-18 16:07:00,1594.33,2104.753705379228
1995-08-18 16:08:00,2427.561,2097.459050529653
1995-08-18 16:09:00,2683.881,2109.4317010639243
1995-08-18 16:10:00,2801.993,2285.008362505391
1995-08-18 16:11:00,2180.188,2431.152641794241
1995-08-18 16:12:00,1338.1019999999999,2208.179696687711
1995-08-18 16:13:00,2067.77,2280.570485320348
1995-08-18 16:14:00,919.969,2481.6452582283027
1995-08-18 16:15:00,1161.972,2269.0174626781823
1995-08-18 16:16:00,788.6719999999999,2078.2096560308373
1995-08-18 16:17:00,1249.742,1893.5889049877353
1995-08-18 16:18:00,733.518,1824.486141566295
1995-08-18 16:19:00,734.313,2104.8506597799874
1995-08-18 16:20:00,847.6610000000001,1938.1793362295866
1995-08-18 16:21:00,814.036,1827.029732728665
1995-08-18 16:22:00,640.862,1700.6020140329574
1995-08-18 16:23:00,723.032,1617.496182722927
1995-08-18 16:24:00,457.861,1783.6527753215134
1995-08-18 16:25:00,402.414,1609.9613774348766
1995-08-18 16:26:00,1973.813,1491.9556975725136
1995-08-18 16:27:00,813.399,1687.3278677101569
1995-08-18 16:28:00,1434.069,1701.6481181310883
1995-08-18 16:29:00,560.144,2098.620848381278
1995-08-18 16:30:00,605.133,1656.2500966590467
1995-08-18 16:31:00,386.92,1608.2489749928857
1995-08-18 16:32:00,708.457,1539.4721259305431
1995-08-18 16:33:00,695.352,1540.6790275463336
1995-08-18 16:34:00,529.241,1409.8571953472356
1995-08-18 16:35:00,715.209,1630.9625717075514
1995-08-18 16:36:00,1483.061,1445.832758827977
1995-08-18 16:37:00,505.06,1618.415806660768
1995-08-18 16:38:00,1315.972,1414.6534085729588
1995-08-18 16:39:00,694.071,1564.0556299159307
1995-08-18 16:40:00,1552.804,1752.1522074725358
1995-08-18 16:41:00,1032.801,1581.2646414926432
1995-08-18 16:42:00,1430.09,1795.8267373775886
1995-08-18 16:43:00,684.579,1656.82466021746
1995-08-18 16:44:00,1097.548,1712.24031960065
1995-08-18 16:45:00,329.755,1553.3723007370131
1995-08-18 16:46:00,1202.59,1554.3431896220113
1995-08-18 16:47:00,538.169,1424.0840421384855
1995-08-18 16:48:00,1511.3090000000002,1355.5806203210964
1995-08-18 16:49:00,900.486,1741.3276770996752
1995-08-18 16:50:00,1017.466,1827.8117568447917
1995-08-18 16:51:00,889.615,1608.1270142696585
1995-08-18 16:52:00,585.153,1765.0005353107235
1995-08-18 16:53:00,746.621,1578.0239001419975
1995-08-18 16:54:00,229.338,1544.2488375755734
1995-08-18 16:55:00,172.032,867.4434952041507
1995-08-18 16:56:00,0.0,544.8041620080306
1995-08-18 17:10:00,816.173,1082.751993767641
1995-08-18 17:11:00,818.569,963.195306681754
1995-08-18 17:15:00,2229.047,1080.3102229204583
1995-08-18 17:20:00,1105.844,1407.5765620819327
1995-08-18 17:21:00,519.862,1769.6410952391734
1995-08-18 17:22:00,961.6949999999999,1318.784429463456
1995-08-18 17:23:00,395.62,1378.3416820793348
1995-08-18 17:24:00,566.203,1074.7415239328552
1995-08-18 17:25:00,1930.6399999999999,1337.2598912444787
1995-08-18 17:26:00,1235.027,1564.0734977627442
1995-08-18 17:27:00,351.985,1704.3223158184333
1995-08-18 17:28:00,999.949,1449.265012224554
1995-08-18 17:29:00,1309.016,1342.9840740937962
1995-08-18 17:30:00,473.745,1487.3914781582048
1995-08-18 17:31:00,1179.32,1651.6616124926745
1995-08-18 17:32:00,1183.525,1500.3246602858885
1995-08-18 17:33:00,980.735,1576.860553278234
1995-08-18 17:34:00,895.226,1665.2236653969846
1995-08-18 17:35:00,1746.2670000000003,1605.6090298336362
1995-08-18 17:36:00,1226.295,1622.5185538519434
1995-08-18 17:37:00,1021.091,1698.8368854479988
1995-08-18 17:38:00,511.73,1640.1219777829356
1995-08-18 17:39:00,1864.335,1626.6677550789102
1995-08-18 17:40:00,978.88,1679.3014537474305
1995-08-18 17:41:00,1118.924,1736.3522158789103
1995-08-18 17:42:00,488.115,1733.655482619937
1995-08-18 17:43:00,555.448,1331.6755977651255
1995-08-18 17:44:00,774.759,1416.0941706551782
1995-08-18 17:45:00,373.118,1491.3829510475425
1995-08-18 17:46:00,1831.4850000000001,1406.5012380363319
1995-08-18 17:47:00,950.837,1759.85851995167
1995-08-18 17:48:00,1103.21,1602.390854992295
1995-08-18 17:49:00,1787.8709999999999,1682.8963527900046
1995-08-18 17:50:00,835.91,1744.0590196667163
1995-08-18 17:51:00,743.288,1782.005586330533
1995-08-18 17:52:00,957.349,1460.221414221612
1995-08-18 17:53:00,906.059,1628.7804429571531
1995-08-18 17:54:00,1081.638,1611.58604722567
1995-08-18 17:55:00,871.322,1703.34635100668
1995-08-18 17:56:00,613.072,1657.5735070943895
1995-08-18 17:57:00,712.332,1424.5517313883392
1995-08-18 17:58:00,482.118,1415.8104391412082
1995-08-18 17:59:00,782.026,1455.1468991248446
1995-08-18 18:00:00,408.5,1335.6378177750837
1995-08-18 18:01:00,780.11,1235.6558854816528
1995-08-18 18:02:00,604.46,1268.9791644353863
1995-08-18 18:03:00,649.92,1307.0912470762448
1995-08-18 18:04:00,1620.0149999999999,1294.2710572551289
1995-08-18 18:05:00,1689.398,1393.8920000118555
1995-08-18 18:06:00,498.224,1466.4333582597965
1995-08-18 18:07:00,769.179,1342.2155509176616
1995-08-18 18:08:00,173.665,1463.5451079724935
1995-08-18 18:09:00,566.809,1190.916293927145
1995-08-18 18:10:00,886.405,1200.7168591153688
1995-08-18 18:11:00,373.56100000000004,1225.0754013188966
1995-08-18 18:12:00,583.629,1193.9066837769988
1995-08-18 18:13:00,455.27599999999995,976.3660280267945
1995-08-18 18:14:00,495.268,1117.1407190786938
1995-08-18 18:15:00,534.902,1022.3694366134903
1995-08-18 18:16:00,341.396,1133.7322942494718
1995-08-18 18:17:00,704.558,1205.8844489805952
1995-08-18 18:18:00,309.173,1371.088572010878
1995-08-18 18:19:00,566.211,1031.171146886049
1995-08-18 18:20:00,1080.637,1076.8070667353238
1995-08-18 18:21:00,823.3710000000001,1225.5039697693803
1995-08-18 18:22:00,1898.3910000000003,1269.7979103554703
1995-08-18 18:23:00,721.107,1413.8491312571268
1995-08-18 18:24:00,765.748,1341.6028072382826
1995-08-18 18:25:00,424.216,1364.6841085753517
1995-08-18 18:26:00,1046.304,1145.7945714360726
1995-08-18 18:27:00,860.535,1267.6019110948014
1995-08-18 18:28:00,2254.032,1452.5716757206924
1995-08-18 18:29:00,384.829,1626.3377867486886
1995-08-18 18:30:00,744.608,1279.8339868572336
1995-08-18 18:31:00,869.733,1261.197094329307
1995-08-18 18:32:00,289.398,1161.661360515608
1995-08-18 18:33:00,84.671,1184.7487145324596
1995-08-18 18:34:00,405.13300000000004,891.6713856024089
1995-08-18 18:35:00,862.794,851.2120250280433
1995-08-18 18:36:00,272.61,882.3545050622805
1995-08-18 18:37:00,333.206,1169.4259716320983
1995-08-18 18:38:00,343.696,857.9112492756462
1995-08-18 18:39:00,835.6510000000001,1008.760047535657
1995-08-18 18:40:00,500.84,950.5743979609223
1995-08-18 18:41:00,1414.561,1029.9564444359787
1995-08-18 18:42:00,1679.7350000000001,1165.5820114022729
1995-08-18 18:43:00,1515.067,1401.9051607921017
1995-08-18 18:44:00,150.719,1326.8424596010238
1995-08-18 18:45:00,714.289,1248.75924141277
1995-08-18 18:46:00,435.366,970.1432337537374
1995-08-18 18:47:00,59.059,1113.6772570922774
1995-08-18 18:48:00,443.399,911.6846086058576
1995-08-18 18:49:00,607.103,886.7986636318712
1995-08-18 18:50:00,606.8919999999999,880.2635757173443
1995-08-18 18:51:00,454.385,974.2940964797014
1995-08-18 18:52:00,143.16,931.2197719870702
1995-08-18 18:53:00,133.72899999999998,956.0697317240797
1995-08-18 18:54:00,386.182,988.8373253368491
1995-08-18 18:55:00,761.678,955.2854637903877
1995-08-18 18:56:00,431.266,1283.8902137592588
1995-08-18 18:57:00,575.579,1045.6480844685811
1995-08-18 18:58:00,248.018,1091.2313399217473
1995-08-18 18:59:00,391.489,1141.7069816417825
1995-08-18 19:00:00,358.656,1068.8096115797402
1995-08-18 19:01:00,595.423,1042.069915244255
1995-08-18 19:02:00,370.234,1078.0707910546287
1995-08-18 19:03:00,120.137,932.4240833116731
1995-08-18 19:04:00,126.177,719.3290469330759
1995-08-18 19:05:00,317.047,721.3943713515106
1995-08-18 19:06:00,301.865,798.3209543831982
1995-08-18 19:07:00,479.099,985.0224572256852
1995-08-18 19:08:00,151.713,906.7546562578218
1995-08-18 19:09:00,211.314,985.7481174181651
1995-08-18 19:10:00,726.785,888.7433550494685
1995-08-18 19:11:00,231.996,937.1630979517593
1995-08-18 19:12:00,567.127,612.922719052296
1995-08-18 19:13:00,268.28999999999996,887.2043457806659
1995-08-18 19:14:00,81.846,729.5786625235486
1995-08-18 19:15:00,167.257,643.3595626823111
1995-08-18 19:16:00,298.462,821.6333864231733
1995-08-18 19:17:00,213.57999999999998,703.9209394307318
1995-08-18 19:18:00,235.309,701.3419826030649
1995-08-18 19:19:00,527.248,669.2474202350558
1995-08-18 19:20:00,763.593,965.2448729563586
1995-08-18 19:21:00,475.05699999999996,798.4828496556303
1995-08-18 19:22:00,344.688,801.4441637787381
1995-08-18 19:23:00,231.361,804.9122615938367
1995-08-18 19:24:00,911.4660000000001,891.203896082554
1995-08-18 19:25:00,271.574,1050.5934239024366
1995-08-18 19:26:00,277.468,989.519725182764
1995-08-18 19:27:00,727.514,901.5205345132933
1995-08-18 19:28:00,384.033,1103.273694466806
1995-08-18 19:29:00,389.626,1063.4423188844803
1995-08-18 19:30:00,285.897,1036.376094497024
1995-08-18 19:31:00,297.881,891.9136544437423
1995-08-18 19:32:00,1292.267,725.6900064753426
1995-08-18 19:33:00,226.514,859.9996351934875
1995-08-18 19:34:00,1005.719,1000.6532743022682
1995-08-18 19:35:00,259.26,1053.2918870410506
1995-08-18 19:36:00,334.734,972.3489675940177
1995-08-18 19:37:00,423.413,1062.7068328290416
1995-08-18 19:38:00,391.43,989.4113245333604
1995-08-18 19:39:00,332.84,881.3534833615463
1995-08-18 19:40:00,238.115,1019.185897423222
1995-08-18 19:41:00,676.671,772.5428860073442
1995-08-18 19:42:00,239.755,841.3995902155294
1995-08-18 19:43:00,667.7769999999999,820.7332783971267
1995-08-18 19:44:00,191.16200000000003,845.8950023103273
1995-08-18 19:45:00,375.847,802.4172671888463
1995-08-18 19:46:00,658.5699999999999,836.924044212905
1995-08-18 19:47:00,313.37899999999996,867.8572147830777
1995-08-18 19:48:00,560.652,885.0192387216714
1995-08-18 19:49:00,305.96999999999997,823.2936165743416
1995-08-18 19:50:00,780.0449999999998,963.4457615041307
1995-08-18 19:51:00,203.609,841.5246541853652
1995-08-18 19:52:00,548.723,905.1197136068184
1995-08-18 19:53:00,160.364,1011.0914290512135
1995-08-18 19:54:00,347.051,723.7402302619338
1995-08-18 19:55:00,354.549,973.8376434557892
1995-08-18 19:56:00,692.306,754.9216121224359
1995-08-18 19:57:00,322.571,955.833103914022
1995-08-18 19:58:00,423.933,804.1870089147257
1995-08-18 19:59:00,515.368,975.9493551647332
1995-08-18 20:00:00,739.0819999999999,981.278024236007
1995-08-18 20:01:00,920.616,1043.160128420172
1995-08-18 20:02:00,1069.133,1197.6094391670028
1995-08-18 20:03:00,505.485,1089.828061953002
1995-08-18 20:04:00,291.018,1124.4389908649357
1995-08-18 20:05:00,296.033,883.5811996311865
1995-08-18 20:06:00,207.943,886.2224874632543
1995-08-18 20:07:00,224.287,924.5119095179097
1995-08-18 20:08:00,236.975,822.815739653785
1995-08-18 20:09:00,424.381,922.5350265104306
1995-08-18 20:10:00,626.944,896.7482131359898
1995-08-18 20:11:00,259.965,1016.0892951728188
1995-08-18 20:12:00,388.19100000000003,917.1071389367962
1995-08-18 20:13:00,354.77799999999996,1000.8402980030748
1995-08-18 20:14:00,673.698,730.0591698943232
1995-08-18 20:15:00,524.167,990.7789362530307
1995-08-18 20:16:00,1040.525,977.340262270739
1995-08-18 20:17:00,326.022,1004.775122702112
1995-08-18 20:18:00,507.269,967.0015251969093
1995-08-18 20:19:00,367.84299999999996,938.3170691042736
1995-08-18 20:20:00,738.603,933.3166793661065
1995-08-18 20:21:00,435.647,973.4113304953382
1995-08-18 20:22:00,118.155,885.5342599055998
1995-08-18 20:23:00,314.586,783.0585556956148
1995-08-18 20:24:00,160.85,744.7116019893803
1995-08-18 20:25:00,401.60400000000004,758.4816130191156
1995-08-18 20:26:00,407.332,689.7684429002443
1995-08-18 20:27:00,1082.824,711.9499217140841
1995-08-18 20:28:00,872.428,928.7213777802504
1995-08-18 20:29:00,1699.5649999999998,906.3113041360366
1995-08-18 20:30:00,1421.3419999999999,1133.842712475561
1995-08-18 20:31:00,1797.996,1095.5438430667596
1995-08-18 20:32:00,1314.5030000000002,1287.5350501742994
1995-08-18 20:33:00,410.994,1309.8837536727979
1995-08-18 20:34:00,151.972,1302.5697335868174
1995-08-18 20:35:00,50.58,1034.8703344427847
1995-08-18 20:36:00,747.436,822.3583864080822
1995-08-18 20:37:00,1099.97,987.4743053397111
1995-08-18 20:38:00,553.84,859.7063943985215
1995-08-18 20:39:00,195.25799999999998,983.4443503370715
1995-08-18 20:40:00,184.082,854.0372581433114
1995-08-18 20:41:00,781.4739999999999,905.0457262358007
1995-08-18 20:42:00,1824.65,873.2673626390515
1995-08-18 20:43:00,200.48000000000002,1395.8166323104742
1995-08-18 20:44:00,248.377,980.287944080815
1995-08-18 20:45:00,352.938,1072.8416579961017
1995-08-18 20:46:00,471.26099999999997,933.2705710610749
1995-08-18 20:47:00,565.61,995.436202096382
1995-08-18 20:48:00,435.89099999999996,959.0902196464299
1995-08-18 20:49:00,417.27,849.7461877284792
1995-08-18 20:50:00,126.05,813.6608097507228
1995-08-18 20:51:00,1176.143,886.2916440400435
1995-08-18 20:52:00,598.7389999999999,1090.7971702720915
1995-08-18 20:53:00,616.595,1146.6050626615802
1995-08-18 20:54:00,1409.627,1114.2280478553878
1995-08-18 20:55:00,1386.845,1163.1222417846734
1995-08-18 20:56:00,1273.563,1454.573705103362
1995-08-18 20:57:00,1000.681,1426.9097961860502
1995-08-18 20:58:00,785.338,1382.2899208834162
1995-08-18 20:59:00,1366.374,1252.2622863024628
1995-08-18 21:00:00,953.1560000000001,1364.9906175248736
1995-08-18 21:01:00,662.73,1346.0106850656193
1995-08-18 21:02:00,685.283,1314.5962489327571
1995-08-18 21:03:00,182.406,1086.4455082578268
1995-08-18 21:04:00,398.563,956.763840552619
1995-08-18 21:05:00,520.077,891.7188945428978
1995-08-18 21:06:00,475.647,964.5859772622067
1995-08-18 21:07:00,505.44,1039.1624233692285
1995-08-18 21:08:00,1529.9589999999998,1190.5080005701795
1995-08-18 21:09:00,1691.0269999999998,1166.0504485422582
1995-08-18 21:10:00,236.91400000000002,1461.7626012967332
1995-08-18 21:11:00,1087.067,1288.0275399361071
1995-08-18 21:12:00,1576.272,1281.7493204744287
1995-08-18 21:13:00,302.328,1265.6487541765355
1995-08-18 21:14:00,651.655,1234.017248507444
1995-08-18 21:15:00,570.404,1047.0440551986317
1995-08-18 21:16:00,696.344,1163.2725116763556
1995-08-18 21:17:00,523.232,1241.9644635102075
1995-08-18 21:18:00,691.891,1151.2159473291129
1995-08-18 21:19:00,580.741,1249.7541521472072
1995-08-18 21:20:00,570.812,1219.1763167018864
1995-08-18 21:21:00,593.186,1313.4054819497753
1995-08-18 21:22:00,489.015,1299.71712968272
1995-08-18 21:23:00,435.911,1097.704505303885
1995-08-18 21:24:00,1350.574,1082.976898170095
1995-08-18 21:25:00,326.432,1135.2072279388885
1995-08-18 21:26:00,469.604,937.3508645752878
1995-08-18 21:27:00,67.849,1002.781418834292
1995-08-18 21:28:00,148.82,1156.5854963041472
1995-08-18 21:29:00,155.638,974.290949155068
1995-08-18 21:30:00,250.981,815.8180866075367
1995-08-18 21:31:00,477.089,695.7827539706165
1995-08-18 21:32:00,76.699,832.6474575836909
1995-08-18 21:33:00,434.361,857.4819396732911
1995-08-18 21:34:00,189.339,787.1080137323536
1995-08-18 21:35:00,212.614,784.9140191237412
1995-08-18 21:36:00,249.426,768.0035457654853
1995-08-18 21:37:00,346.16499999999996,904.4880591544211
1995-08-18 21:38:00,298.825,874.606020472118
1995-08-18 21:39:00,166.428,819.8562349097749
1995-08-18 21:40:00,554.899,680.6725750913184
1995-08-18 21:41:00,326.15,812.4309119240778
1995-08-18 21:42:00,239.049,828.4158331501228
1995-08-18 21:43:00,550.1800000000001,626.5247248605258
1995-08-18 21:44:00,407.99399999999997,972.7945048463379
1995-08-18 21:45:00,1710.8639999999998,745.3573271352776
1995-08-18 21:46:00,44.982,1163.3568450937612
1995-08-18 21:47:00,289.465,808.4597936766326
1995-08-18 21:48:00,99.78,878.7443240935129
1995-08-18 21:49:00,256.026,755.8760485154502
1995-08-18 21:50:00,139.64499999999998,821.9870514492413
1995-08-18 21:51:00,226.49,710.2359128250761
1995-08-18 21:52:00,117.421,836.5473472294369
1995-08-18 21:53:00,206.908,712.2371132844451
1995-08-18 21:54:00,205.046,825.0956092343954
1995-08-18 21:55:00,701.473,839.3096315357868
1995-08-18 21:56:00,282.332,897.719837000357
1995-08-18 21:57:00,90.619,698.673724580549
1995-08-18 21:58:00,140.897,534.9935625903553
1995-08-18 21:59:00,130.56,615.0889506868623
1995-08-18 22:00:00,593.6170000000001,463.73179135784227
1995-08-18 22:01:00,469.344,801.2152499321097
1995-08-18 22:02:00,359.65500000000003,896.0076793178399
1995-08-18 22:03:00,393.928,744.3394050441258
1995-08-18 22:04:00,353.344,768.5308343755902
1995-08-18 22:05:00,623.3299999999999,993.0231416975978
1995-08-18 22:06:00,296.089,795.9847995988112
1995-08-18 22:07:00,444.206,938.1320975660706
1995-08-18 22:08:00,342.135,823.3162281001203
1995-08-18 22:09:00,754.93,741.2541121209608
1995-08-18 22:10:00,1323.617,847.9932629772417
1995-08-18 22:11:00,492.173,983.4354096578758
1995-08-18 22:12:00,344.474,907.5333130821031
1995-08-18 22:13:00,352.575,960.2525765984632
1995-08-18 22:14:00,1089.824,1030.6080044608266
1995-08-18 22:15:00,302.873,1052.817837557965
1995-08-18 22:16:00,1640.2529999999997,1159.887734105133
1995-08-18 22:17:00,389.271,1046.8393272861435
1995-08-18 22:18:00,456.72200000000004,1183.8289323713936
1995-08-18 22:19:00,767.3489999999999,1108.7413573458232
1995-08-18 22:20:00,375.979,1169.8546752635962
1995-08-18 22:21:00,231.44,1109.8073336404743
1995-08-18 22:22:00,575.492,1014.690187860508
1995-08-18 22:23:00,174.163,1076.9672616155567
1995-08-18 22:24:00,568.848,1149.0299759203806
1995-08-18 22:25:00,483.613,1026.627264283726
1995-08-18 22:26:00,332.462,930.080218061155
1995-08-18 22:27:00,1193.051,959.1147195940675
1995-08-18 22:28:00,374.623,1016.817387202838
1995-08-18 22:29:00,586.803,1157.1022811283751
1995-08-18 22:30:00,288.461,979.2720110998015
1995-08-18 22:31:00,736.124,1121.763335732662
1995-08-18 22:32:00,254.007,1078.0969773360205
1995-08-18 22:33:00,375.45099999999996,995.8629635013873
1995-08-18 22:34:00,714.707,921.3591894006196
1995-08-18 22:35:00,378.329,944.6448375872889
1995-08-18 22:36:00,755.354,987.6808670347639
1995-08-18 22:37:00,260.689,1083.0248415531494
1995-08-18 22:38:00,279.576,866.1771062018009
1995-08-18 22:39:00,577.901,978.2767541521099
1995-08-18 22:40:00,1262.585,1026.4270914641954
1995-08-18 22:41:00,379.895,1193.2560145568384
1995-08-18 22:42:00,367.979,1226.1648980704902
1995-08-18 22:43:00,610.678,993.4004580127139
1995-08-18 22:44:00,516.548,995.6560451885753
1995-08-18 22:45:00,229.232,1038.8522788423404
1995-08-18 22:46:00,347.397,1179.444159549323
1995-08-18 22:47:00,659.471,1026.038684166901
1995-08-18 22:48:00,413.959,1048.9457270048667
1995-08-18 22:49:00,588.409,1008.1072466996445
1995-08-18 22:50:00,437.512,973.7048139695189
1995-08-18 22:51:00,522.804,1029.1306847762444
1995-08-18 22:52:00,524.7719999999999,856.0339415267981
1995-08-18 22:53:00,121.741,905.6851078569148
1995-08-18 22:54:00,354.353,877.8127056838924
1995-08-18 22:55:00,283.962,874.5330947542699
1995-08-18 22:56:00,365.84499999999997,873.8112785752601
1995-08-18 22:57:00,97.477,825.8487621146934
1995-08-18 22:58:00,605.13,572.4692941794548
1995-08-18 22:59:00,635.9839999999999,795.6347917069859
1995-08-18 23:00:00,637.633,825.0183014504994
1995-08-18 23:01:00,423.408,1096.2395182414275
1995-08-18 23:02:00,438.40200000000004,873.2457034589356
1995-08-18 23:03:00,288.369,917.5464161561137
1995-08-18 23:04:00,193.335,901.1973655151911
1995-08-18 23:05:00,461.975,896.7695502436325
1995-08-18 23:06:00,175.488,781.0973497227557
1995-08-18 23:07:00,288.77,713.8100996942601
1995-08-18 23:08:00,312.924,657.5775607459177
1995-08-18 23:09:00,189.909,760.1431127336344
1995-08-18 23:10:00,120.62,710.1614974396069
1995-08-18 23:11:00,133.278,634.8989233283456
1995-08-18 23:12:00,131.827,568.6606421746885
1995-08-18 23:13:00,584.794,621.7208037477513
1995-08-18 23:14:00,604.0,661.2714524075864
1995-08-18 23:15:00,186.75900000000001,705.9920181176768
1995-08-18 23:16:00,568.4399999999999,590.5597237832928
1995-08-18 23:17:00,485.654,636.3898272246748
1995-08-18 23:18:00,592.116,765.5980303468275
1995-08-18 23:19:00,578.3729999999999,881.3533408954717
1995-08-18 23:20:00,660.506,796.2385182733552
1995-08-18 23:21:00,126.777,913.6576605439427
1995-08-18 23:22:00,377.875,839.1790664846264
1995-08-18 23:23:00,214.267,829.0505955775752
1995-08-18 23:24:00,289.467,677.795641614875
1995-08-18 23:25:00,591.825,721.4213763591281
1995-08-18 23:26:00,264.867,731.5739844160915
1995-08-18 23:27:00,102.85,796.8284802831132
1995-08-18 23:28:00,49.817,632.7186042310374
1995-08-18 23:29:00,232.74400000000003,599.8282476979714
1995-08-18 23:30:00,206.597,542.8116567112146
1995-08-18 23:31:00,225.268,750.1901670306693
1995-08-18 23:32:00,115.603,777.5228051430911
1995-08-18 23:33:00,136.46,551.8978742058389
1995-08-18 23:34:00,329.153,720.3894888703888
1995-08-18 23:35:00,167.37099999999998,709.7545468707575
1995-08-18 23:36:00,514.397,738.5254998039231
1995-08-18 23:37:00,289.385,484.0853009642008
1995-08-18 23:38:00,305.395,651.4165846568658
1995-08-18 23:39:00,207.828,751.2566744811382
1995-08-18 23:40:00,1072.491,751.2003058395608
1995-08-18 23:41:00,467.76800000000003,824.2365495582337
1995-08-18 23:42:00,271.829,1032.7268537277616
1995-08-18 23:43:00,475.384,944.0290695142729
1995-08-18 23:44:00,388.406,942.6763528208103
1995-08-18 23:45:00,387.268,796.3123445713686
1995-08-18 23:46:00,186.001,957.4048856316712
1995-08-18 23:47:00,497.995,634.7427402977096
1995-08-18 23:48:00,343.115,976.8972620261804
1995-08-18 23:49:00,409.41700000000003,878.7031794094033
1995-08-18 23:50:00,551.807,1026.4987877587057
1995-08-18 23:51:00,397.337,877.761141849379
1995-08-18 23:52:00,273.868,1012.6517185038091
1995-08-18 23:53:00,391.232,981.1894671686703
1995-08-18 23:54:00,506.491,1012.8239672872091
1995-08-18 23:55:00,301.525,978.7014369817971
1995-08-18 23:56:00,92.074,884.5460807345528
1995-08-18 23:57:00,376.35699999999997,749.428147309893
1995-08-18 23:58:00,660.661,809.501640166835
1995-08-18 23:59:00,487.946,982.059826556355
1995-08-19 00:00:00,699.343,1057.5367549475566
1995-08-19 00:01:00,170.178,954.66726214108
1995-08-19 00:02:00,513.267,909.8641972179507
1995-08-19 00:03:00,829.563,920.2335963271277
1995-08-19 00:04:00,1064.902,1094.8055990081182
1995-08-19 00:05:00,570.267,1157.4532552717596
1995-08-19 00:06:00,582.971,1196.473667171359
1995-08-19 00:07:00,1437.25,1243.236351645066
1995-08-19 00:08:00,657.668,1305.6528623810289
1995-08-19 00:09:00,351.284,1374.7012083346583
1995-08-19 00:10:00,478.647,1079.4847103750685
1995-08-19 00:11:00,547.959,1279.67721608477
1995-08-19 00:12:00,336.35,1314.415349792787
1995-08-19 00:13:00,244.766,1203.794669400625
1995-08-19 00:14:00,155.633,1039.3921482082253
1995-08-19 00:15:00,197.832,866.9366706244296
1995-08-19 00:16:00,125.102,883.2035188229044
1995-08-19 00:17:00,302.76099999999997,817.2218929576774
1995-08-19 00:18:00,1052.374,841.3726537482694
1995-08-19 00:19:00,418.831,861.9327327604166
1995-08-19 00:20:00,228.445,1026.2561861495765
1995-08-19 00:21:00,325.411,820.1425971894702
1995-08-19 00:22:00,792.567,738.3172287227492
1995-08-19 00:23:00,1616.802,1185.5232864517257
1995-08-19 00:24:00,169.41,1124.0823551458077
1995-08-19 00:25:00,364.44399999999996,979.4264422614865
1995-08-19 00:26:00,351.45,756.1577079437519
1995-08-19 00:27:00,43.21,879.6187863758222
1995-08-19 00:28:00,84.475,647.2123152590976
1995-08-19 00:29:00,457.502,537.1316105675205
1995-08-19 00:30:00,111.46000000000001,684.1651245435687
1995-08-19 00:31:00,282.538,630.8557413629444
1995-08-19 00:32:00,469.21200000000005,803.4788699989708
1995-08-19 00:33:00,460.036,885.9547325034864
1995-08-19 00:34:00,250.06,1021.8648203790921
1995-08-19 00:35:00,373.692,892.2199096618416
1995-08-19 00:36:00,177.013,929.0337068171436
1995-08-19 00:37:00,292.332,843.9907467697165
1995-08-19 00:38:00,271.763,724.6506431066097
1995-08-19 00:39:00,391.46999999999997,790.7552009204696
1995-08-19 00:40:00,116.834,702.8217102829939
1995-08-19 00:41:00,349.563,523.9474394603521
1995-08-19 00:42:00,155.835,712.8971309111027
1995-08-19 00:43:00,415.574,604.3446231671135
1995-08-19 00:44:00,150.496,824.6849763427015
1995-08-19 00:45:00,373.14099999999996,687.1738235205619
1995-08-19 00:46:00,233.031,687.8945548475226
1995-08-19 00:47:00,58.793,671.848210631617
1995-08-19 00:48:00,392.294,684.3688552026867
1995-08-19 00:49:00,362.976,645.4673871670398
1995-08-19 00:50:00,69.372,757.6425120969008
1995-08-19 00:51:00,778.035,634.2785930058498
1995-08-19 00:52:00,104.255,584.4518090717644
1995-08-19 00:53:00,392.46500000000003,529.488239980828
1995-08-19 00:54:00,231.32299999999998,548.0477152293927
1995-08-19 00:55:00,184.793,654.331875100896
1995-08-19 00:56:00,540.701,746.6229291163085
1995-08-19 00:57:00,562.996,816.0404757454183
1995-08-19 00:58:00,339.238,974.0547932188969
1995-08-19 00:59:00,288.364,812.1382824787304
1995-08-19 01:00:00,1258.301,747.2981309759605
1995-08-19 01:01:00,197.97799999999998,689.0015230522513
1995-08-19 01:02:00,167.65200000000002,732.5348800585741
1995-08-19 01:03:00,295.76,757.0599675598933
1995-08-19 01:04:00,1431.5220000000002,651.2523552678019
1995-08-19 01:05:00,1335.7179999999998,786.047428721823
1995-08-19 01:06:00,684.504,817.1515423007932
1995-08-19 01:07:00,200.54899999999998,883.3292356454646
1995-08-19 01:08:00,242.989,903.0150584891661
1995-08-19 01:09:00,302.098,867.1043795467151
1995-08-19 01:10:00,334.631,810.7965806493145
1995-08-19 01:11:00,660.3389999999999,726.4348908179402
1995-08-19 01:12:00,143.647,675.0758443148881
1995-08-19 01:13:00,237.83,758.6618920847754
1995-08-19 01:14:00,413.074,763.8896726603443
1995-08-19 01:15:00,72.178,749.9150520832793
1995-08-19 01:16:00,96.215,639.7734763278307
1995-08-19 01:17:00,39.778999999999996,656.9300942583885
1995-08-19 01:18:00,272.792,551.8612391691593
1995-08-19 01:19:00,292.027,463.40996050121714
1995-08-19 01:20:00,324.4,619.2165833807643
1995-08-19 01:21:00,1266.838,600.594485131512
1995-08-19 01:22:00,404.481,784.045795221041
1995-08-19 01:23:00,254.15300000000002,824.6115892127722
1995-08-19 01:24:00,735.53,802.5892340693089
1995-08-19 01:25:00,398.563,759.460444579039
1995-08-19 01:26:00,367.79,809.0343313857128
1995-08-19 01:27:00,462.968,875.2045898904694
1995-08-19 01:28:00,67.088,770.7688943585222
1995-08-19 01:29:00,261.714,732.2455553914716
1995-08-19 01:30:00,745.63,583.3056179579021
1995-08-19 01:31:00,231.624,826.9838104916495
1995-08-19 01:32:00,248.828,628.4473286086456
1995-08-19 01:33:00,1286.2109999999998,788.4227835470714
1995-08-19 01:34:00,55.149,617.0768511247909
1995-08-19 01:35:00,203.812,574.809017132403
1995-08-19 01:36:00,270.085,591.7816705923693
1995-08-19 01:37:00,183.218,722.7337933174109
1995-08-19 01:38:00,109.061,800.0121019605258
1995-08-19 01:39:00,60.989,609.026308185857
1995-08-19 01:40:00,1145.7230000000002,523.4813709047133
1995-08-19 01:41:00,69.416,407.84557114971767
1995-08-19 01:42:00,167.674,497.92803524346056
1995-08-19 01:43:00,30.628999999999998,586.7252027759987
1995-08-19 01:44:00,179.378,499.282732888878
1995-08-19 01:45:00,252.71999999999997,495.8862970697365
1995-08-19 01:46:00,234.481,627.5338805338523
1995-08-19 01:47:00,159.415,443.8389543868433
1995-08-19 01:48:00,39.51,484.959266217621
1995-08-19 01:49:00,127.755,493.11769658513816
1995-08-19 01:50:00,97.354,374.95803015832405
1995-08-19 01:51:00,279.985,523.6139023458295
1995-08-19 01:52:00,274.037,490.5684897873798
1995-08-19 01:53:00,124.196,680.1826107590284
1995-08-19 01:54:00,617.6229999999999,461.3163916642572
1995-08-19 01:55:00,265.029,481.23892961267006
1995-08-19 01:56:00,196.016,745.9619443991126
1995-08-19 01:57:00,523.567,554.1480439741614
1995-08-19 01:58:00,333.51,567.9161698494995
1995-08-19 01:59:00,153.052,658.2516529553636
1995-08-19 02:00:00,477.985,578.1368001249944
1995-08-19 02:01:00,235.88400000000001,799.4532161033554
1995-08-19 02:02:00,423.668,729.1676171052147
1995-08-19 02:03:00,398.11,676.5187590423444
1995-08-19 02:04:00,1369.825,702.115588761162
1995-08-19 02:05:00,1446.815,978.0539656817579
1995-08-19 02:06:00,309.272,1035.3907089589472
1995-08-19 02:07:00,30.913,969.6203004442848
1995-08-19 02:08:00,288.191,716.5722591945292
1995-08-19 02:09:00,299.32800000000003,795.7853991976035
1995-08-19 02:10:00,281.555,715.7285916523908
1995-08-19 02:11:00,307.126,722.6365409764322
1995-08-19 02:12:00,214.943,707.1925771069747
1995-08-19 02:13:00,510.88,724.1665692607631
1995-08-19 02:14:00,350.509,770.1221077585765
1995-08-19 02:15:00,183.94,692.157043808297
1995-08-19 02:16:00,288.572,840.597431035347
1995-08-19 02:17:00,335.328,1029.8253968658182
1995-08-19 02:18:00,225.222,796.511367105636
1995-08-19 02:19:00,109.633,841.7510123615682
1995-08-19 02:20:00,106.627,574.3241484014989
1995-08-19 02:21:00,984.1289999999999,645.2952809646813
1995-08-19 02:22:00,140.903,660.27931377725
1995-08-19 02:23:00,47.974999999999994,682.4324032576683
1995-08-19 02:24:00,412.53700000000003,510.78720478474855
1995-08-19 02:25:00,959.8659999999999,600.7188828531483
1995-08-19 02:26:00,543.278,413.90123164284273
1995-08-19 02:27:00,106.39399999999999,847.1032679283331
1995-08-19 02:28:00,152.913,678.7977197340812
1995-08-19 02:29:00,98.51899999999999,547.6863091774978
1995-08-19 02:30:00,171.841,635.0452842326041
1995-08-19 02:31:00,360.172,739.7175607483343
1995-08-19 02:32:00,25.354,521.0496845941733
1995-08-19 02:33:00,120.412,458.36569981395223
1995-08-19 02:34:00,226.88400000000001,438.1469682402769
1995-08-19 02:35:00,64.982,613.3331598054173
1995-08-19 02:36:00,199.388,575.5198395271533
1995-08-19 02:37:00,445.57,416.11384620551763
1995-08-19 02:38:00,1309.557,568.8942256706468
1995-08-19 02:39:00,144.65,543.5105819722278
1995-08-19 02:40:00,95.917,760.447897944007
1995-08-19 02:41:00,376.884,503.5866974789937
1995-08-19 02:42:00,427.244,741.5689477392824
1995-08-19 02:43:00,408.394,602.3003003265684
1995-08-19 02:44:00,243.757,696.3578323714024
1995-08-19 02:45:00,253.355,584.6701825736312
1995-08-19 02:46:00,311.476,722.3239019910583
1995-08-19 02:47:00,767.785,773.8077345459053
1995-08-19 02:48:00,78.92,952.794418148123
1995-08-19 02:49:00,379.672,853.0083349975685
1995-08-19 02:50:00,223.165,887.8949574241125
1995-08-19 02:51:00,341.99300000000005,865.8370139126924
1995-08-19 02:52:00,590.251,732.575533589893
1995-08-19 02:53:00,355.378,682.2520503646178
1995-08-19 02:54:00,1444.9430000000002,819.8883556094237
1995-08-19 02:55:00,205.42,781.2898129559237
1995-08-19 02:56:00,400.134,788.5802798006475
1995-08-19 02:57:00,196.653,615.2958169382881
1995-08-19 02:58:00,282.246,940.3491912053523
1995-08-19 02:59:00,265.744,701.8599007670326
1995-08-19 03:00:00,0.0,656.4853242406424
1995-08-19 03:05:00,664.045,578.7325192615931
1995-08-19 03:07:00,254.846,548.7676536648216
1995-08-19 03:08:00,69.363,658.6124345131564
1995-08-19 03:09:00,156.307,525.3538933404312
1995-08-19 03:10:00,232.847,458.88401306591044
1995-08-19 03:11:00,199.527,551.3223466611546
1995-08-19 03:12:00,48.33,525.295319427987
1995-08-19 03:13:00,149.728,378.58282576760416
1995-08-19 03:14:00,144.642,589.3850029322557
1995-08-19 03:15:00,115.86600000000001,513.5955741154913
1995-08-19 03:17:00,130.36599999999999,276.2265154392039
1995-08-19 03:18:00,93.737,406.46075072265603
1995-08-19 03:19:00,213.66299999999998,311.66655938068925
1995-08-19 03:20:00,120.91499999999999,434.6175617079244
1995-08-19 03:21:00,99.944,430.10476446232957
1995-08-19 03:22:00,34.755,415.93987399174387
1995-08-19 03:23:00,67.988,375.05874968104393
1995-08-19 03:24:00,162.95000000000002,394.3849379435754
1995-08-19 03:25:00,146.952,555.1490572845306
1995-08-19 03:26:00,206.314,409.96978809629206
1995-08-19 03:27:00,169.509,673.0058108821964
1995-08-19 03:28:00,117.634,840.4215795444104
1995-08-19 03:29:00,64.582,511.3185381303239
1995-08-19 03:30:00,193.32,471.97550085896324
1995-08-19 03:31:00,113.00999999999999,571.1291713966748
1995-08-19 03:32:00,708.971,443.7022276580522
1995-08-19 03:33:00,133.798,567.7214758454189
1995-08-19 03:34:00,348.53200000000004,445.9468673350514
1995-08-19 03:35:00,109.817,542.1372971132882
1995-08-19 03:36:00,155.065,400.2003637467856
1995-08-19 03:37:00,554.501,376.13915965969386
1995-08-19 03:38:00,612.8679999999999,426.88834489266344
1995-08-19 03:39:00,233.46099999999998,632.1466781604666
1995-08-19 03:40:00,269.911,860.8313865383329
1995-08-19 03:41:00,175.758,591.1224202474672
1995-08-19 03:42:00,237.172,613.8606289068405
1995-08-19 03:43:00,203.78,788.0131390524305
1995-08-19 03:44:00,227.161,681.513032931101
1995-08-19 03:45:00,635.492,714.9371725765532
1995-08-19 03:46:00,1177.1970000000001,881.6460323304042
1995-08-19 03:47:00,573.634,907.5122686054028
1995-08-19 03:48:00,83.706,921.8326389959309
1995-08-19 03:49:00,64.08,675.8963111255938
1995-08-19 03:50:00,778.222,817.2343644323067
1995-08-19 03:51:00,413.48600000000005,825.6390861907475
1995-08-19 03:52:00,174.23499999999999,779.0894048783235
1995-08-19 03:53:00,148.271,676.9887539651706
1995-08-19 03:54:00,665.771,714.1307774523681
1995-08-19 03:55:00,87.464,802.9386312266707
1995-08-19 03:56:00,95.07099999999998,798.7765203453954
1995-08-19 03:57:00,69.297,388.2641151471814
1995-08-19 03:58:00,124.195,560.8198323394272
1995-08-19 03:59:00,599.1999999999999,679.6958816464181
1995-08-19 04:00:00,164.386,740.1448720508606
1995-08-19 04:01:00,551.075,575.6744837405462
1995-08-19 04:02:00,13.583,718.0261912014212
1995-08-19 04:03:00,421.155,612.5671056249419
1995-08-19 04:04:00,35.66,613.3084481172527
1995-08-19 04:05:00,71.529,564.8434084394851
1995-08-19 04:06:00,110.577,498.5081769122993
1995-08-19 04:07:00,40.102000000000004,503.1678240305941
1995-08-19 04:08:00,91.931,287.7951192014574
1995-08-19 04:09:00,1161.959,418.93106803500615
1995-08-19 04:10:00,182.536,445.13931345957633
1995-08-19 04:11:00,523.656,654.1269641098226
1995-08-19 04:12:00,157.20499999999998,681.6924196475528
1995-08-19 04:13:00,169.995,667.7923450621256
1995-08-19 04:14:00,250.458,578.2434559164324
1995-08-19 04:15:00,297.59900000000005,650.1014986100575
1995-08-19 04:16:00,111.193,589.7993874961285
1995-08-19 04:17:00,105.31,509.36711436841665
1995-08-19 04:18:00,154.195,601.8401893045186
1995-08-19 04:19:00,137.853,602.8561310932371
1995-08-19 04:20:00,199.789,478.33759453161207
1995-08-19 04:21:00,263.894,509.1934325668016
1995-08-19 04:22:00,68.093,594.9699519952733
1995-08-19 04:23:00,126.18900000000001,412.6574467159201
1995-08-19 04:24:00,34.458,469.7531772989415
1995-08-19 04:25:00,11.469999999999999,342.8928774181359
1995-08-19 04:26:00,54.027,239.62554970393103
1995-08-19 04:27:00,25.103,414.69327948821416
1995-08-19 04:28:00,281.397,496.3155646768416
1995-08-19 04:29:00,386.574,190.06999217409614
1995-08-19 04:30:00,105.96900000000001,422.8630099146529
1995-08-19 04:31:00,219.588,409.0222382219433
1995-08-19 04:32:00,25.23,281.1053871412489
1995-08-19 04:33:00,195.9,172.1584154077568
1995-08-19 04:34:00,211.50900000000001,220.3764558221501
1995-08-19 04:35:00,179.683,270.7447788046144
1995-08-19 04:36:00,259.135,220.14548571064057
1995-08-19 04:37:00,142.95,321.2420091490726
1995-08-19 04:38:00,49.562000000000005,168.56048882999065
1995-08-19 04:39:00,506.56800000000004,170.72924476582568
1995-08-19 04:40:00,363.85900000000004,342.3161745869651
1995-08-19 04:41:00,342.2,439.6741465454246
1995-08-19 04:42:00,179.055,470.484681427611
1995-08-19 04:43:00,45.568999999999996,515.0629652207351
1995-08-19 04:44:00,204.045,329.69608782316
1995-08-19 04:45:00,161.205,371.0535124673488
1995-08-19 04:46:00,152.706,425.52469502016066
1995-08-19 04:47:00,554.3629999999999,322.843043119866
1995-08-19 04:48:00,217.433,407.98910389119135
1995-08-19 04:49:00,539.347,425.7200502031853
1995-08-19 04:50:00,92.84,498.21776752558577
1995-08-19 04:51:00,46.142,525.2195971489782
1995-08-19 04:52:00,346.661,469.41266574978675
1995-08-19 04:53:00,350.71,328.21710135736066
1995-08-19 04:54:00,199.109,494.3596635129368
1995-08-19 04:55:00,137.785,495.91372029567094
1995-08-19 04:56:00,34.317,545.8166076021813
1995-08-19 04:57:00,352.623,353.952437739446
1995-08-19 04:58:00,59.381,348.88819815594604
1995-08-19 04:59:00,22.18,462.265442211629
1995-08-19 05:00:00,22.18,363.21880664946633
1995-08-19 05:01:00,35.302,254.040288953424
1995-08-19 05:02:00,252.838,216.54969943167737
1995-08-19 05:03:00,14.901,252.96405869993808
1995-08-19 05:04:00,42.359,206.00912903207774
1995-08-19 05:05:00,90.292,178.74382127054952
1995-08-19 05:06:00,91.934,273.8308164747652
1995-08-19 05:07:00,113.58500000000001,356.2185140858316
1995-08-19 05:08:00,116.58,279.5446393431044
1995-08-19 05:09:00,79.086,333.0499942018033
1995-08-19 05:10:00,41.846,344.01742644326487
1995-08-19 05:11:00,17.732,247.15632857880271
1995-08-19 05:12:00,22.829,247.1042903705585
1995-08-19 05:13:00,19.233,285.3420834846145
1995-08-19 05:14:00,98.319,186.18640361092517
1995-08-19 05:15:00,31.773,285.15100810140075
1995-08-19 05:16:00,455.085,429.4806264254168
1995-08-19 05:17:00,58.831,323.8002209837942
1995-08-19 05:18:00,93.528,231.23124314808427
1995-08-19 05:19:00,341.882,500.33267680813526
1995-08-19 05:20:00,189.72299999999998,465.30962979432684
1995-08-19 05:21:00,126.293,447.2275391114942
1995-08-19 05:22:00,370.739,438.935798119611
1995-08-19 05:23:00,595.1450000000001,417.1229886251149
1995-08-19 05:24:00,105.568,435.4339900704808
1995-08-19 05:25:00,122.924,471.5045992722824
1995-08-19 05:26:00,115.81,350.3573922612182
1995-08-19 05:27:00,0.0,361.5902120585632
1995-08-19 05:32:00,157.473,141.8050464934359
1995-08-19 05:34:00,66.982,358.8613898374109
1995-08-19 05:35:00,229.486,442.53395327778804
1995-08-19 05:36:00,1211.883,410.79315540664254
1995-08-19 05:37:00,166.578,514.2905582428108
1995-08-19 05:38:00,40.571,612.0296268956383
1995-08-19 05:39:00,143.43200000000002,339.0029233097592
1995-08-19 05:40:00,174.745,442.92962939909796
1995-08-19 05:41:00,49.714999999999996,441.9976993721027
1995-08-19 05:42:00,17.835,526.3535511240563
1995-08-19 05:44:00,401.32800000000003,444.81393538185586
1995-08-19 05:45:00,135.192,395.265777742676
1995-08-19 05:46:00,14.298,380.3562924067261
1995-08-19 05:47:00,77.756,348.1869898648528
1995-08-19 05:48:00,491.02299999999997,440.35237786262314
1995-08-19 05:49:00,214.14000000000001,447.8893493562571
1995-08-19 05:50:00,94.977,399.38709405513043
1995-08-19 05:51:00,93.548,496.87786001558396
1995-08-19 05:52:00,91.788,483.5077118577963
1995-08-19 05:53:00,86.726,356.02104937953766
1995-08-19 05:54:00,13.845,427.06514165529813
1995-08-19 05:55:00,72.74300000000001,379.7905660505558
1995-08-19 05:56:00,0.0,408.91815655220165
1995-08-19 05:57:00,27.431,318.9062818187601
1995-08-19 05:58:00,26.957,364.3074500376909
1995-08-19 05:59:00,67.245,228.32287251469282
1995-08-19 06:00:00,141.649,192.39775908411713
1995-08-19 06:01:00,159.761,301.9432096624243
1995-08-19 06:02:00,102.517,370.8586019554099
1995-08-19 06:03:00,53.168,405.4956947738626
1995-08-19 06:04:00,136.147,307.2027932183943
1995-08-19 06:05:00,64.016,473.89238768923644
1995-08-19 06:06:00,72.264,325.76629559151434
1995-08-19 06:07:00,55.648,269.13694323362193
1995-08-19 06:08:00,89.545,266.19899478666684
1995-08-19 06:09:00,1081.324,121.09254637702698
1995-08-19 06:10:00,220.745,445.1466953183135
1995-08-19 06:11:00,70.131,461.6033214966995
1995-08-19 06:12:00,92.634,634.9277915699865
1995-08-19 06:13:00,204.492,433.6792403800354
1995-08-19 06:14:00,520.477,388.4132971385034
1995-08-19 06:15:00,452.155,537.7773460623259
1995-08-19 06:16:00,403.725,447.99017641349434
1995-08-19 06:17:00,1084.029,578.3137932385838
1995-08-19 06:18:00,550.117,707.9310008544379
1995-08-19 06:19:00,1998.608,806.7646368879032
1995-08-19 06:20:00,663.515,1095.6630208470422
1995-08-19 06:21:00,580.733,1101.7804559642232
1995-08-19 06:22:00,210.77,888.2377624884431
1995-08-19 06:23:00,97.528,1116.9295046707462
1995-08-19 06:24:00,266.45300000000003,903.3971735970501
1995-08-19 06:25:00,250.94899999999998,818.0577175849552
1995-08-19 06:26:00,208.298,736.9750199159163
1995-08-19 06:27:00,191.427,803.3126258644407
1995-08-19 06:28:00,835.7629999999999,613.5960632014798
1995-08-19 06:29:00,299.752,726.6504377493434
1995-08-19 06:30:00,890.599,753.2735750891671
1995-08-19 06:31:00,289.076,800.3123645362286
1995-08-19 06:32:00,199.157,721.1350084943477
1995-08-19 06:33:00,21.982,716.1466678663863
1995-08-19 06:34:00,1192.9180000000001,659.414270609811
1995-08-19 06:35:00,185.10000000000002,718.6552201216875
1995-08-19 06:36:00,30.945,722.4687286863494
1995-08-19 06:37:00,81.771,498.1028555736666
1995-08-19 06:38:00,219.334,421.22177523554785
1995-08-19 06:39:00,911.148,487.5098459587487
1995-08-19 06:40:00,57.327999999999996,617.3889624481383
1995-08-19 06:41:00,204.59799999999998,430.4306209708197
1995-08-19 06:42:00,346.347,389.04010786394014
1995-08-19 06:43:00,114.479,514.5440945144728
1995-08-19 06:44:00,339.464,525.8505817076017
1995-08-19 06:45:00,82.653,687.2969889655982
1995-08-19 06:46:00,49.724,459.73974456089377
1995-08-19 06:47:00,20.175,479.2909401944843
1995-08-19 06:48:00,112.033,528.780371030541
1995-08-19 06:49:00,46.401,513.0938012985632
1995-08-19 06:50:00,269.392,597.6217704234298
1995-08-19 06:51:00,119.832,435.9891790181641
1995-08-19 06:52:00,40.192,433.8897470094689
1995-08-19 06:53:00,1758.089,367.742938561511
1995-08-19 06:54:00,125.79,400.8959624516285
1995-08-19 06:55:00,90.961,660.4141384083257
1995-08-19 06:56:00,64.405,534.5640785687987
1995-08-19 06:57:00,46.403999999999996,643.9653518464537
1995-08-19 06:58:00,98.40700000000001,558.2208397935278
1995-08-19 06:59:00,75.315,495.6791034717426
1995-08-19 07:00:00,1018.817,345.86070754641213
1995-08-19 07:01:00,171.488,399.06455321779794
1995-08-19 07:02:00,1062.819,604.2609569928117
1995-08-19 07:03:00,12.234,630.3721488832854
1995-08-19 07:04:00,114.622,810.2944891577852
1995-08-19 07:05:00,105.178,533.669028562383
1995-08-19 07:06:00,150.305,578.6569082625988
1995-08-19 07:07:00,280.462,415.087788521322
1995-08-19 07:08:00,332.693,522.740847479374
1995-08-19 07:09:00,258.44,608.0796300610693
1995-08-19 07:10:00,279.97499999999997,501.10234059888984
1995-08-19 07:11:00,173.064,559.3423227539727
1995-08-19 07:12:00,1188.5140000000001,520.2055868407926
1995-08-19 07:13:00,1615.663,524.2977384977407
1995-08-19 07:14:00,28.991,712.3167758600964
1995-08-19 07:15:00,149.559,767.3096354170715
1995-08-19 07:16:00,131.769,760.2421501277857
1995-08-19 07:17:00,189.828,525.2964551352903
1995-08-19 07:18:00,40.442,576.902470144625
1995-08-19 07:19:00,175.303,534.0474703711798
1995-08-19 07:20:00,22.857,366.10073038623534
1995-08-19 07:21:00,258.419,491.59999196744525
1995-08-19 07:22:00,2.823,380.25748348412407
1995-08-19 07:23:00,14.201,397.5119899295165
1995-08-19 07:24:00,95.909,197.76909933610094
1995-08-19 07:25:00,117.304,425.9511691911456
1995-08-19 07:26:00,151.384,388.0535200030158
1995-08-19 07:27:00,182.542,296.20999707168005
1995-08-19 07:28:00,59.071,410.076103160356
1995-08-19 07:29:00,88.477,670.7453112278763
1995-08-19 07:30:00,110.44099999999999,309.59943963007987
1995-08-19 07:31:00,253.43900000000002,345.1107256164858
1995-08-19 07:32:00,69.579,322.9391173525252
1995-08-19 07:33:00,144.015,377.04681775357307
1995-08-19 07:34:00,94.81099999999999,465.4231066223582
1995-08-19 07:35:00,99.981,327.20809795638445
1995-08-19 07:36:00,51.013999999999996,420.0041954359507
1995-08-19 07:37:00,375.902,250.26697605507707
1995-08-19 07:38:00,119.82700000000001,352.5037357239576
1995-08-19 07:39:00,84.369,524.3656045513613
1995-08-19 07:40:00,98.78800000000001,316.73486139130034
1995-08-19 07:41:00,472.61199999999997,288.1601069811433
1995-08-19 07:42:00,206.832,299.8718495452416
1995-08-19 07:43:00,381.889,357.70547140064974
1995-08-19 07:44:00,226.015,478.2700823665681
1995-08-19 07:45:00,187.48799999999997,476.4708631750241
1995-08-19 07:46:00,89.639,516.3575138376788
1995-08-19 07:47:00,329.543,278.9745359856217
1995-08-19 07:48:00,257.52299999999997,537.4439127641998
1995-08-19 07:49:00,368.127,571.0565912922006
1995-08-19 07:50:00,146.562,498.5366884474142
1995-08-19 07:51:00,354.631,444.6371460149566
1995-08-19 07:52:00,406.084,682.0453987406967
1995-08-19 07:53:00,564.9300000000001,783.7340070374943
1995-08-19 07:54:00,640.875,806.489756389877
1995-08-19 07:55:00,424.92900000000003,894.449850461316
1995-08-19 07:56:00,222.006,831.6761838572704
1995-08-19 07:57:00,258.69599999999997,776.4374794774906
1995-08-19 07:58:00,94.152,976.3241262897201
1995-08-19 07:59:00,891.259,674.8823638337441
1995-08-19 08:00:00,172.796,645.4689224288328
1995-08-19 08:01:00,270.964,699.8432241186395
1995-08-19 08:02:00,86.235,899.7938303890802
1995-08-19 08:03:00,1311.11,591.7472405548777
1995-08-19 08:04:00,237.268,537.8596931466943
1995-08-19 08:05:00,530.341,859.2984290550477
1995-08-19 08:06:00,199.168,700.1781106086335
1995-08-19 08:07:00,218.92900000000003,757.0544580115668
1995-08-19 08:08:00,251.916,723.9239912674406
1995-08-19 08:09:00,26.692999999999998,704.0797571354587
1995-08-19 08:10:00,113.315,523.4608174548093
1995-08-19 08:11:00,77.94399999999999,511.2834735212737
1995-08-19 08:12:00,134.722,602.8054506213857
1995-08-19 08:13:00,142.716,462.4606439161124
1995-08-19 08:14:00,247.292,519.1148014651995
1995-08-19 08:15:00,152.035,654.1335526910123
1995-08-19 08:16:00,445.39300000000003,460.22401806696223
1995-08-19 08:17:00,352.75,677.4972288452885
1995-08-19 08:18:00,192.558,666.8172552596611
1995-08-19 08:19:00,169.04,688.6096201219747
1995-08-19 08:20:00,195.019,650.4800178463371
1995-08-19 08:21:00,172.62199999999999,596.2673239481904
1995-08-19 08:22:00,1455.97,651.3717841480025
1995-08-19 08:23:00,193.55100000000002,571.109987783249
1995-08-19 08:24:00,23.459,710.3111813987343
1995-08-19 08:25:00,279.999,579.1852016873094
1995-08-19 08:26:00,454.746,696.0312785405766
1995-08-19 08:27:00,169.791,666.484360455673
1995-08-19 08:28:00,135.851,818.6401446759959
1995-08-19 08:29:00,107.928,676.6568936511424
1995-08-19 08:30:00,292.587,568.8021564531304
1995-08-19 08:31:00,173.854,571.4209103280253
1995-08-19 08:32:00,675.963,634.1689059853175
1995-08-19 08:33:00,443.23199999999997,672.642279258187
1995-08-19 08:34:00,355.04699999999997,803.603408027113
1995-08-19 08:35:00,591.352,829.4008630184551
1995-08-19 08:36:00,919.09,718.878126188295
1995-08-19 08:37:00,233.61100000000002,818.2600241134492
1995-08-19 08:38:00,406.323,959.3058899565875
1995-08-19 08:39:00,270.01,690.6291558639327
1995-08-19 08:40:00,123.231,823.4654651925252
1995-08-19 08:41:00,253.169,509.16632608779577
1995-08-19 08:42:00,180.39600000000002,615.3607759467585
1995-08-19 08:43:00,282.214,644.5074796289258
1995-08-19 08:44:00,83.135,514.9205747070106
1995-08-19 08:45:00,165.445,388.1992960890653
1995-08-19 08:46:00,68.754,528.9627131908089
1995-08-19 08:47:00,29.798,578.1138244457062
1995-08-19 08:48:00,281.88599999999997,455.989139466536
1995-08-19 08:49:00,309.802,418.9469158918108
1995-08-19 08:50:00,59.297000000000004,585.3640199734242
1995-08-19 08:51:00,80.17599999999999,475.1958344040507
1995-08-19 08:52:00,12.997,522.1197425612195
1995-08-19 08:53:00,56.614,401.9931614215843
1995-08-19 08:54:00,312.343,278.2212569435556
1995-08-19 08:55:00,112.459,443.8431080972071
1995-08-19 08:56:00,123.473,294.73934790576413
1995-08-19 08:57:00,163.429,643.8556074573102
1995-08-19 08:58:00,305.613,335.0646612169287
1995-08-19 08:59:00,589.8589999999999,719.4521811079228
1995-08-19 09:00:00,417.7,360.0444462431582
1995-08-19 09:01:00,38.071,664.6801178160918
1995-08-19 09:02:00,472.326,434.58256337089585
1995-08-19 09:03:00,319.054,470.34431656227383
1995-08-19 09:04:00,170.335,546.9971307017025
1995-08-19 09:05:00,123.406,518.7351367047496
1995-08-19 09:06:00,140.317,376.02446528431346
1995-08-19 09:07:00,129.156,417.6861225775157
1995-08-19 09:08:00,1000.762,402.913386449292
1995-08-19 09:09:00,180.40800000000002,403.1940553180929
1995-08-19 09:10:00,121.08,600.5286582238033
1995-08-19 09:11:00,227.69400000000002,497.79469211881417
1995-08-19 09:12:00,34.010999999999996,555.3030751087069
1995-08-19 09:13:00,39.737,416.73034701128336
1995-08-19 09:14:00,90.412,399.91859235280805
1995-08-19 09:15:00,271.903,435.03860485559005
1995-08-19 09:16:00,842.305,546.9834772479405
1995-08-19 09:17:00,457.766,632.49589439157
1995-08-19 09:18:00,1016.428,789.8374317708649
1995-08-19 09:19:00,482.421,764.0452562381147
1995-08-19 09:20:00,222.638,862.6594248726465
1995-08-19 09:21:00,566.519,800.2764614077859
1995-08-19 09:22:00,1281.3120000000001,921.9296451594294
1995-08-19 09:23:00,188.117,761.8011508664754
1995-08-19 09:24:00,298.08799999999997,930.7365053938131
1995-08-19 09:25:00,917.659,625.4399709558303
1995-08-19 09:26:00,264.432,860.1047101805665
1995-08-19 09:27:00,105.422,782.4812966000216
1995-08-19 09:28:00,195.297,766.0776021673712
1995-08-19 09:29:00,375.914,796.5374677253794
1995-08-19 09:30:00,380.281,922.3618097495754
1995-08-19 09:31:00,476.113,785.594269705996
1995-08-19 09:32:00,178.219,859.273038677856
1995-08-19 09:33:00,654.521,899.7590831620746
1995-08-19 09:34:00,440.82599999999996,901.5329635875131
1995-08-19 09:35:00,373.336,960.3649921097998
1995-08-19 09:36:00,782.3929999999999,992.0949283323212
1995-08-19 09:37:00,372.452,972.5160858878896
1995-08-19 09:38:00,414.889,1042.0972141526563
1995-08-19 09:39:00,311.729,1038.2984881486484
1995-08-19 09:40:00,1509.963,1057.3182687653489
1995-08-19 09:41:00,302.752,1050.5653904470785
1995-08-19 09:42:00,415.467,908.977298202651
1995-08-19 09:43:00,903.866,838.4722731549303
1995-08-19 09:44:00,610.94,1034.4032974757667
1995-08-19 09:45:00,348.502,1052.104627815499
1995-08-19 09:46:00,400.532,1036.0252663641447
1995-08-19 09:47:00,1447.9230000000002,780.2614157352897
1995-08-19 09:48:00,916.7110000000001,897.7494778178668
1995-08-19 09:49:00,1247.926,1096.429039389569
1995-08-19 09:50:00,1565.3829999999998,1089.0862292689392
1995-08-19 09:51:00,423.85900000000004,1378.8916370835148
1995-08-19 09:52:00,259.806,1196.6738646053545
1995-08-19 09:53:00,444.296,1299.3323184008575
1995-08-19 09:54:00,254.718,1151.7333242437714
1995-08-19 09:55:00,189.61399999999998,1054.069499421677
1995-08-19 09:56:00,153.269,1103.792715109146
1995-08-19 09:57:00,295.225,854.895292395241
1995-08-19 09:58:00,344.677,927.0715719882161
1995-08-19 09:59:00,208.462,874.990169102721
1995-08-19 10:00:00,313.164,730.5663417280613
1995-08-19 10:01:00,306.303,693.0295537214083
1995-08-19 10:02:00,785.502,830.7614271463647
1995-08-19 10:03:00,169.624,835.3415032570119
1995-08-19 10:04:00,123.508,932.8130994178583
1995-08-19 10:05:00,358.336,616.2184959078558
1995-08-19 10:06:00,586.504,807.237878525367
1995-08-19 10:07:00,843.817,763.6793575370411
1995-08-19 10:08:00,540.064,849.0820584982653
1995-08-19 10:09:00,280.932,1012.7808831768464
1995-08-19 10:10:00,175.13400000000001,896.6330961889159
1995-08-19 10:11:00,684.582,1010.8708765399275
1995-08-19 10:12:00,443.786,892.9152830840825
1995-08-19 10:13:00,179.793,794.1603121016245
1995-08-19 10:14:00,343.84,885.7407816231922
1995-08-19 10:15:00,235.68099999999998,949.2518827871919
1995-08-19 10:16:00,138.624,981.704360922595
1995-08-19 10:17:00,677.104,1010.4561172664094
1995-08-19 10:18:00,1743.6950000000002,955.6774591072489
1995-08-19 10:19:00,164.288,1055.892211684323
1995-08-19 10:20:00,247.44,838.5256313129337
1995-08-19 10:21:00,818.701,992.1673942433958
1995-08-19 10:22:00,63.81,922.9883248701167
1995-08-19 10:23:00,174.89000000000001,972.098080659655
1995-08-19 10:24:00,286.898,918.1478974626535
1995-08-19 10:25:00,346.588,1120.2913122526486
1995-08-19 10:26:00,468.014,995.2545286418567
1995-08-19 10:27:00,253.531,1003.198927790726
1995-08-19 10:28:00,79.05799999999999,890.8985906172085
1995-08-19 10:29:00,546.846,700.2712036657222
1995-08-19 10:30:00,806.82,862.1231028770828
1995-08-19 10:31:00,1582.8139999999999,794.7966003931165
1995-08-19 10:32:00,701.828,1004.8739628262218
1995-08-19 10:33:00,1174.583,1134.5350471856027
1995-08-19 10:34:00,137.865,1178.3882127880472
1995-08-19 10:35:00,1627.434,874.4442521107406
1995-08-19 10:36:00,197.082,1075.3495581620668
1995-08-19 10:37:00,1494.685,765.4394558208019
1995-08-19 10:38:00,189.05200000000002,1162.3812367961687
1995-08-19 10:39:00,607.518,859.1462833675345
1995-08-19 10:40:00,842.967,1053.091393181038
1995-08-19 10:41:00,123.923,1155.235678949246
1995-08-19 10:42:00,106.864,794.2431386767101
1995-08-19 10:43:00,71.656,778.8946162695953
1995-08-19 10:44:00,1564.2,634.708350361235
1995-08-19 10:45:00,90.10600000000001,767.9083075046186
1995-08-19 10:46:00,589.479,893.0206310147821
1995-08-19 10:47:00,156.274,876.6304657610433
1995-08-19 10:48:00,199.417,889.4875758804584
1995-08-19 10:49:00,280.091,763.1212726743654
1995-08-19 10:50:00,757.746,815.654162541889
1995-08-19 10:51:00,290.643,785.6876467222205
1995-08-19 10:52:00,132.94,881.9426485617676
1995-08-19 10:53:00,271.18100000000004,618.0112139486782
1995-08-19 10:54:00,121.38,781.438495373197
1995-08-19 10:55:00,350.986,720.2971096589748
1995-08-19 10:56:00,153.77700000000002,822.8752848580897
1995-08-19 10:57:00,295.712,701.349837101037
1995-08-19 10:58:00,1453.7620000000002,772.2305395322708
1995-08-19 10:59:00,732.756,927.8892448379803
1995-08-19 11:00:00,527.188,1170.402645229402
1995-08-19 11:01:00,356.062,1108.4075794301775
1995-08-19 11:02:00,356.481,1185.1342424116258
1995-08-19 11:03:00,262.142,1018.2257888298242
1995-08-19 11:04:00,154.51500000000001,1004.1959164380797
1995-08-19 11:05:00,487.054,828.0824091295001
1995-08-19 11:06:00,82.043,818.6245489660831
1995-08-19 11:07:00,118.751,727.1893539100205
1995-08-19 11:08:00,210.612,661.7200331488806
1995-08-19 11:09:00,177.449,754.0535394191957
1995-08-19 11:10:00,116.17299999999999,689.4837238291036
1995-08-19 11:11:00,279.164,517.9486729954634
1995-08-19 11:12:00,422.40799999999996,688.2173435132449
1995-08-19 11:13:00,40.916,770.649316934574
1995-08-19 11:14:00,358.127,733.4643977796937
1995-08-19 11:15:00,146.099,650.1505026128534
1995-08-19 11:16:00,126.173,548.5722737547308
1995-08-19 11:17:00,1013.582,482.3250264061897
1995-08-19 11:18:00,1424.691,688.3714149644372
1995-08-19 11:19:00,206.282,916.090197427836
1995-08-19 11:20:00,351.093,849.8061278920437
1995-08-19 11:21:00,502.898,955.1857229542842
1995-08-19 11:22:00,353.59499999999997,808.0751273241658
1995-08-19 11:23:00,976.433,875.053579674153
1995-08-19 11:24:00,358.134,879.0143404289034
1995-08-19 11:25:00,251.784,860.2589617152356
1995-08-19 11:26:00,221.535,921.1436480054705
1995-08-19 11:27:00,344.771,876.9289404436454
1995-08-19 11:28:00,362.43899999999996,894.994316928405
1995-08-19 11:29:00,705.099,909.82493572149
1995-08-19 11:30:00,545.619,966.897128704024
1995-08-19 11:31:00,365.53700000000003,1036.895496037703
1995-08-19 11:32:00,402.98699999999997,902.8496455850419
1995-08-19 11:33:00,314.233,931.0499769542639
1995-08-19 11:34:00,491.499,994.0897444609884
1995-08-19 11:35:00,146.706,1027.747750731678
1995-08-19 11:36:00,893.277,865.7106113691934
1995-08-19 11:37:00,757.779,1001.7917111762798
1995-08-19 11:38:00,1926.643,1009.6892873761805
1995-08-19 11:39:00,834.3330000000001,1228.279259929773
1995-08-19 11:40:00,525.135,1208.9336903442932
1995-08-19 11:41:00,733.138,1155.5109243801544
1995-08-19 11:42:00,464.092,1004.8929079134489
1995-08-19 11:43:00,817.795,1075.7457873674734
1995-08-19 11:44:00,664.999,1173.4658807853377
1995-08-19 11:45:00,510.738,1152.9340290094206
1995-08-19 11:46:00,196.132,967.9301895126587
1995-08-19 11:47:00,199.964,880.5951024585863
1995-08-19 11:48:00,254.69300000000004,1126.1121514193026
1995-08-19 11:49:00,268.335,894.6331372494631
1995-08-19 11:50:00,771.01,800.3541513770214
1995-08-19 11:51:00,1076.762,1003.6074309804537
1995-08-19 11:52:00,330.08799999999997,1040.1967578973677
1995-08-19 11:53:00,279.889,950.4120553190905
1995-08-19 11:54:00,693.8199999999999,1015.5717276393268
1995-08-19 11:55:00,309.03,949.9507721181383
1995-08-19 11:56:00,338.686,1104.6852482892364
1995-08-19 11:57:00,321.094,947.4429107525832
1995-08-19 11:58:00,338.927,971.0866754595354
1995-08-19 11:59:00,154.444,916.8055777981946
1995-08-19 12:00:00,407.989,771.9018837038614
1995-08-19 12:01:00,94.173,755.1634801264462
1995-08-19 12:02:00,145.626,791.3344026995167
1995-08-19 12:03:00,342.491,712.5976173399578
1995-08-19 12:04:00,164.298,764.4619785807714
1995-08-19 12:05:00,542.179,777.1052504538301
1995-08-19 12:06:00,557.073,826.3814891328234
1995-08-19 12:07:00,382.832,1016.1921227118748
1995-08-19 12:08:00,1183.107,988.0311715701981
1995-08-19 12:09:00,596.487,1015.1688445038768
1995-08-19 12:10:00,455.765,1160.7208702791463
1995-08-19 12:11:00,205.142,1117.1748800078117
1995-08-19 12:12:00,226.186,1038.9263108011235
1995-08-19 12:13:00,217.988,801.2031306084739
1995-08-19 12:14:00,548.755,958.8257951536149
1995-08-19 12:15:00,1685.604,727.7452065175517
1995-08-19 12:16:00,714.936,1128.194635591839
1995-08-19 12:17:00,661.916,1171.5475608608754
1995-08-19 12:18:00,447.693,1149.6044606638507
1995-08-19 12:19:00,427.546,1125.3104358531755
1995-08-19 12:20:00,267.87,1177.4767093888927
1995-08-19 12:21:00,425.603,1155.0487232064906
1995-08-19 12:22:00,358.927,1099.7880335417374
1995-08-19 12:23:00,384.462,891.9432565706004
1995-08-19 12:24:00,185.45499999999998,777.0039720708062
1995-08-19 12:25:00,1586.869,857.0411330440975
1995-08-19 12:26:00,65.17399999999999,970.9921288183344
1995-08-19 12:27:00,98.34100000000001,807.3081174656393
1995-08-19 12:28:00,57.348,625.5051160139568
1995-08-19 12:29:00,146.172,668.8057721558731
1995-08-19 12:30:00,294.521,487.906059247932
1995-08-19 12:31:00,450.40999999999997,982.5808746245042
1995-08-19 12:32:00,466.11,802.754761718769
1995-08-19 12:33:00,426.475,826.2710749439701
1995-08-19 12:34:00,284.373,1017.1941804321706
1995-08-19 12:35:00,326.161,946.009100869195
1995-08-19 12:36:00,1683.7250000000001,913.8197180774745
1995-08-19 12:37:00,91.441,978.3687995188524
1995-08-19 12:38:00,460.55699999999996,823.9261420373002
1995-08-19 12:39:00,654.4449999999999,738.7291133725049
1995-08-19 12:40:00,404.751,892.5460458721594
1995-08-19 12:41:00,725.683,973.237920458275
1995-08-19 12:42:00,337.688,982.326972983417
1995-08-19 12:43:00,916.14,951.6988679439909
1995-08-19 12:44:00,264.621,1108.038133677333
1995-08-19 12:45:00,253.44899999999998,963.4652501577439
1995-08-19 12:46:00,97.795,840.7574953012804
1995-08-19 12:47:00,449.34000000000003,835.457211006896
1995-08-19 12:48:00,215.822,730.2131410859296
1995-08-19 12:49:00,206.803,786.5575504627999
1995-08-19 12:50:00,156.523,863.8426327207673
1995-08-19 12:51:00,303.521,738.5328662680342
1995-08-19 12:52:00,441.903,783.4121846595635
1995-08-19 12:53:00,296.953,974.5383996558402
1995-08-19 12:54:00,108.808,821.4511932229543
1995-08-19 12:55:00,285.94599999999997,705.0558229274442
1995-08-19 12:56:00,189.299,726.04596229953
1995-08-19 12:57:00,254.59699999999998,525.5120647511475
1995-08-19 12:58:00,235.74200000000002,699.9358228309233
1995-08-19 12:59:00,198.86,680.604054396074
1995-08-19 13:00:00,693.2339999999999,655.698782524653
1995-08-19 13:01:00,82.675,925.9370149143704
1995-08-19 13:02:00,667.8199999999999,753.0289388206319
1995-08-19 13:03:00,453.577,538.6207539909568
1995-08-19 13:04:00,290.733,993.0791185333242
1995-08-19 13:05:00,821.859,920.484369020972
1995-08-19 13:06:00,1369.011,860.4806271616242
1995-08-19 13:07:00,722.0529999999999,784.6582749810584
1995-08-19 13:08:00,1238.7450000000001,919.9306821576154
1995-08-19 13:09:00,1285.89,1148.413394229609
1995-08-19 13:10:00,152.291,1124.5633625818778
1995-08-19 13:11:00,173.217,1137.4059177069153
1995-08-19 13:12:00,159.84699999999998,1041.3624757755447
1995-08-19 13:13:00,188.713,821.4435749531665
1995-08-19 13:14:00,284.931,1006.2563262733222
1995-08-19 13:15:00,245.279,695.5755536208367
1995-08-19 13:16:00,67.716,700.8872902722256
1995-08-19 13:17:00,372.711,574.5488356951396
1995-08-19 13:18:00,1440.616,639.4650571531373
1995-08-19 13:19:00,529.939,797.8105033335264
1995-08-19 13:20:00,643.272,987.7951862408072
1995-08-19 13:21:00,436.856,1144.9695636861677
1995-08-19 13:22:00,86.078,1182.9950941394536
1995-08-19 13:23:00,324.045,869.397896719542
1995-08-19 13:24:00,193.25799999999998,679.1949452149566
1995-08-19 13:25:00,376.24899999999997,772.1067051977777
1995-08-19 13:26:00,367.30899999999997,796.3210204571263
1995-08-19 13:27:00,812.453,595.7767725459854
1995-08-19 13:28:00,419.61199999999997,733.5797796638947
1995-08-19 13:29:00,194.725,771.2207210432576
1995-08-19 13:30:00,197.007,568.0073419569724
1995-08-19 13:31:00,405.773,773.9784215249701
1995-08-19 13:32:00,576.097,636.0897789793573
1995-08-19 13:33:00,142.598,692.8315189285108
1995-08-19 13:34:00,109.499,717.0209930170884
1995-08-19 13:35:00,553.319,450.33787371345244
1995-08-19 13:36:00,294.861,768.0733095006566
1995-08-19 13:37:00,220.781,749.5873138310263
1995-08-19 13:38:00,123.463,859.8442585475843
1995-08-19 13:39:00,1326.738,662.4748971500082
1995-08-19 13:40:00,285.242,712.2165861169827
1995-08-19 13:41:00,1483.432,847.2035688722772
1995-08-19 13:42:00,508.598,682.6243799921081
1995-08-19 13:43:00,272.803,701.5338111738987
1995-08-19 13:44:00,374.14799999999997,875.8773605288728
1995-08-19 13:45:00,440.18,914.2893247668671
1995-08-19 13:46:00,541.187,864.6114005123951
1995-08-19 13:47:00,534.505,1067.3804707098036
1995-08-19 13:48:00,441.238,871.2338417495337
1995-08-19 13:49:00,770.534,969.7529232941044
1995-08-19 13:50:00,278.222,1119.2883524491715
1995-08-19 13:51:00,583.375,1038.51470625236
1995-08-19 13:52:00,144.442,968.5835511935015
1995-08-19 13:53:00,469.229,942.8554815690275
1995-08-19 13:54:00,491.655,838.4248507290282
1995-08-19 13:55:00,335.35699999999997,917.4913751593517
1995-08-19 13:56:00,1011.5200000000001,944.6859517581611
1995-08-19 13:57:00,83.008,1046.9495286634833
1995-08-19 13:58:00,309.413,937.6187526006609
1995-08-19 13:59:00,1187.271,939.7817892800289
1995-08-19 14:00:00,150.56,1050.0360373197077
1995-08-19 14:01:00,215.559,970.6171439727891
1995-08-19 14:02:00,262.315,931.3413200088545
1995-08-19 14:03:00,550.147,887.3124773697268
1995-08-19 14:04:00,127.59,985.3951057845995
1995-08-19 14:05:00,326.184,831.1301098498099
1995-08-19 14:06:00,456.42699999999996,1106.6436292629994
1995-08-19 14:07:00,416.098,845.680383493668
1995-08-19 14:08:00,397.016,923.1958346218926
1995-08-19 14:09:00,888.7,944.2665357943171
1995-08-19 14:10:00,267.654,1034.9702192818904
1995-08-19 14:11:00,230.99,1018.910694267087
1995-08-19 14:12:00,232.418,972.9781562183258
1995-08-19 14:13:00,429.471,943.6885967490093
1995-08-19 14:14:00,1160.116,804.0940114608686
1995-08-19 14:15:00,310.266,822.530041988811
1995-08-19 14:16:00,203.438,895.130999051999
1995-08-19 14:17:00,257.93399999999997,832.0099312595493
1995-08-19 14:18:00,232.983,905.4665986246238
1995-08-19 14:19:00,571.521,767.9044999269323
1995-08-19 14:20:00,372.498,902.2669669914667
1995-08-19 14:21:00,1030.848,924.1573603523017
1995-08-19 14:22:00,296.719,1002.7981439260977
1995-08-19 14:23:00,257.031,877.5296445264337
1995-08-19 14:24:00,316.277,810.4474294369414
1995-08-19 14:25:00,196.913,741.4871908634357
1995-08-19 14:26:00,801.124,681.1759064503668
1995-08-19 14:27:00,1192.257,908.065525769506
1995-08-19 14:28:00,674.235,1041.654052591253
1995-08-19 14:29:00,790.781,1123.4965169315344
1995-08-19 14:30:00,1719.931,1078.3375127126812
1995-08-19 14:31:00,1234.673,1338.519030500284
1995-08-19 14:32:00,1046.899,1366.0028047841085
1995-08-19 14:33:00,954.636,1447.220409248348
1995-08-19 14:34:00,251.06400000000002,1330.3590396656903
1995-08-19 14:35:00,931.769,1077.549356240341
1995-08-19 14:36:00,1352.72,1188.7729216038892
1995-08-19 14:37:00,621.76,1415.8930017524353
1995-08-19 14:38:00,746.368,1131.1333315540412
1995-08-19 14:39:00,499.969,1319.6568515624745
1995-08-19 14:40:00,1740.075,1175.5290847989374
1995-08-19 14:41:00,607.2049999999999,1280.475274153159
1995-08-19 14:42:00,478.781,1400.2017141964348
1995-08-19 14:43:00,1545.818,1308.706794477486
1995-08-19 14:44:00,758.052,1317.8606655874369
1995-08-19 14:45:00,870.981,1408.8961003059592
1995-08-19 14:46:00,753.0930000000001,1494.1207012207556
1995-08-19 14:47:00,652.335,1426.0825037719565
1995-08-19 14:48:00,503.349,1441.0849701760753
1995-08-19 14:49:00,984.536,1376.4336551533327
1995-08-19 14:50:00,260.373,1399.3525528979374
1995-08-19 14:51:00,1859.8290000000002,1296.6872720469344
1995-08-19 14:52:00,334.884,1323.4125334916073
1995-08-19 14:53:00,1000.795,982.6111317902252
1995-08-19 14:54:00,277.566,1532.3145758984426
1995-08-19 14:55:00,246.977,1114.0205114015405
1995-08-19 14:56:00,144.927,1116.6157860728192
1995-08-19 14:57:00,1479.7540000000001,993.8363278262403
1995-08-19 14:58:00,607.904,1160.0975987702955
1995-08-19 14:59:00,626.396,1327.3787965849776
1995-08-19 15:00:00,429.106,1164.4493520914934
1995-08-19 15:01:00,523.485,1191.0861075900966
1995-08-19 15:02:00,244.166,1117.7496325657517
1995-08-19 15:03:00,697.327,1006.0810828151463
1995-08-19 15:04:00,383.58299999999997,1021.244905980559
1995-08-19 15:05:00,317.205,1149.9962868184255
1995-08-19 15:06:00,533.809,992.869138465256
1995-08-19 15:07:00,233.767,1129.4763661499735
1995-08-19 15:08:00,780.919,913.5170309650457
1995-08-19 15:09:00,199.24,987.4852124378509
1995-08-19 15:10:00,142.073,1183.029135328766
1995-08-19 15:11:00,238.501,788.7107875332135
1995-08-19 15:12:00,381.809,907.4753346828282
1995-08-19 15:13:00,178.484,924.4152295919833
1995-08-19 15:14:00,597.181,845.9302169161139
1995-08-19 15:15:00,847.9359999999999,883.7627288744739
1995-08-19 15:16:00,621.043,1036.7616082800089
1995-08-19 15:17:00,672.972,979.9907672054811
1995-08-19 15:18:00,641.211,1142.483627733463
1995-08-19 15:19:00,290.755,1094.9560311858577
1995-08-19 15:20:00,802.702,1120.2243021764905
1995-08-19 15:21:00,173.18200000000002,1172.4263491823335
1995-08-19 15:22:00,703.688,1038.4866105165222
1995-08-19 15:23:00,297.13,944.4545114584362
1995-08-19 15:24:00,419.25,851.8858406658815
1995-08-19 15:25:00,179.559,867.0480473864611
1995-08-19 15:26:00,1233.893,888.5966196892434
1995-08-19 15:27:00,1874.432,1046.1509395613018
1995-08-19 15:28:00,661.756,1334.6225262003259
1995-08-19 15:29:00,252.858,1075.98309840594
1995-08-19 15:30:00,304.474,1071.8275525849456
1995-08-19 15:31:00,563.5409999999999,1087.3526646580397
1995-08-19 15:32:00,1390.948,1062.6408636510225
1995-08-19 15:33:00,158.567,915.1022597810369
1995-08-19 15:34:00,1294.675,908.9104796811065
1995-08-19 15:35:00,350.058,962.6017618863508
1995-08-19 15:36:00,238.886,977.0955474817223
1995-08-19 15:37:00,222.14000000000001,1031.6333715739872
1995-08-19 15:38:00,176.477,942.3573790390616
1995-08-19 15:39:00,265.036,981.2542009588443
1995-08-19 15:40:00,459.376,929.0670977288521
1995-08-19 15:41:00,634.284,841.7374579930129
1995-08-19 15:42:00,731.1669999999999,1046.3719586426064
1995-08-19 15:43:00,592.2950000000001,963.4988229522232
1995-08-19 15:44:00,338.29,991.1990580790343
1995-08-19 15:45:00,162.154,983.6553680802172
1995-08-19 15:46:00,889.1360000000001,897.6482726104298
1995-08-19 15:47:00,667.3489999999999,932.7619593925824
1995-08-19 15:48:00,179.65099999999998,1164.7024798342472
1995-08-19 15:49:00,436.98100000000005,888.3755400909941
1995-08-19 15:50:00,979.677,809.1220068469368
1995-08-19 15:51:00,466.29900000000004,850.0952437140201
1995-08-19 15:52:00,428.942,854.6322829414169
1995-08-19 15:53:00,427.326,894.6640531081378
1995-08-19 15:54:00,1649.121,889.9011608034764
1995-08-19 15:55:00,355.44,1002.1099896930101
1995-08-19 15:56:00,696.6600000000001,1223.855945047331
1995-08-19 15:57:00,102.10700000000001,1089.4333079426387
1995-08-19 15:58:00,328.52,849.72400860871
1995-08-19 15:59:00,166.23999999999998,803.353273933453
1995-08-19 16:00:00,343.777,702.5968748978006
1995-08-19 16:01:00,359.85299999999995,777.983553905386
1995-08-19 16:02:00,195.712,826.2203440766483
1995-08-19 16:03:00,71.854,795.4457697226457
1995-08-19 16:04:00,181.952,723.8291243936645
1995-08-19 16:05:00,199.475,817.058482236756
1995-08-19 16:06:00,75.503,867.8459705914393
1995-08-19 16:07:00,168.111,634.6795415693224
1995-08-19 16:08:00,125.62700000000001,603.4207196387922
1995-08-19 16:09:00,54.30800000000001,689.2809474274233
1995-08-19 16:10:00,244.124,661.73037559798
1995-08-19 16:11:00,576.3439999999999,525.2047980938797
1995-08-19 16:12:00,562.915,506.7065576389886
1995-08-19 16:13:00,141.565,847.5329931883664
1995-08-19 16:14:00,411.204,734.6364836171048
1995-08-19 16:15:00,350.743,703.1330590275974
1995-08-19 16:16:00,147.18699999999998,741.0936871518509
1995-08-19 16:17:00,303.497,673.1466019936555
1995-08-19 16:18:00,146.874,744.4563968917436
1995-08-19 16:19:00,52.649,543.0968652484236
1995-08-19 16:20:00,175.10399999999998,595.6070331309139
1995-08-19 16:21:00,363.829,553.6590807420991
1995-08-19 16:22:00,186.14999999999998,588.6513220578436
1995-08-19 16:23:00,919.4970000000001,620.1223011110104
1995-08-19 16:24:00,194.56300000000002,561.3680060750493
1995-08-19 16:25:00,1120.542,797.3117002263344
1995-08-19 16:26:00,356.863,885.662244823302
1995-08-19 16:27:00,142.874,768.6159131118267
1995-08-19 16:28:00,355.98199999999997,797.4306319628552
1995-08-19 16:29:00,521.844,796.6305470193482
1995-08-19 16:30:00,298.601,773.3183956988331
1995-08-19 16:31:00,282.856,826.5066836256004
1995-08-19 16:32:00,530.947,820.370879569538
1995-08-19 16:33:00,341.959,830.883958949532
1995-08-19 16:34:00,326.8,690.2855707622477
1995-08-19 16:35:00,244.169,817.821098144753
1995-08-19 16:36:00,137.8,869.0404396152627
1995-08-19 16:37:00,324.495,860.1800299934671
1995-08-19 16:38:00,287.885,791.4066245187737
1995-08-19 16:39:00,339.297,735.5646354286501
1995-08-19 16:40:00,363.909,776.8586429320942
1995-08-19 16:41:00,184.89,741.8565604264604
1995-08-19 16:42:00,192.575,821.7611735760071
1995-08-19 16:43:00,482.97900000000004,697.6570830190534
1995-08-19 16:44:00,271.979,633.7465008154934
1995-08-19 16:45:00,477.475,690.8445581197811
1995-08-19 16:46:00,292.496,943.4273740478249
1995-08-19 16:47:00,670.188,734.7810814545222
1995-08-19 16:48:00,357.342,809.51305375666
1995-08-19 16:49:00,481.63800000000003,979.2482152807871
1995-08-19 16:50:00,285.799,912.3097122607131
1995-08-19 16:51:00,999.332,907.2243010095475
1995-08-19 16:52:00,373.476,968.3214266586367
1995-08-19 16:53:00,417.423,861.9794910220904
1995-08-19 16:54:00,276.41,845.1116165063952
1995-08-19 16:55:00,438.573,1012.7235960596
1995-08-19 16:56:00,362.387,1012.8550084369889
1995-08-19 16:57:00,1839.443,870.8177515827847
1995-08-19 16:58:00,475.663,1263.1090695790097
1995-08-19 16:59:00,275.496,1023.2284488008686
1995-08-19 17:00:00,401.553,1004.2422543404059
1995-08-19 17:01:00,307.661,864.1351075515289
1995-08-19 17:02:00,237.949,953.2750338836104
1995-08-19 17:03:00,680.377,1026.5926002832
1995-08-19 17:04:00,233.81,889.2655944066736
1995-08-19 17:05:00,350.001,960.879158476035
1995-08-19 17:06:00,454.551,856.7120568955318
1995-08-19 17:07:00,197.75300000000001,917.8431883827031
1995-08-19 17:08:00,240.10899999999998,867.2354690046768
1995-08-19 17:09:00,1226.608,899.0146450079042
1995-08-19 17:10:00,331.134,840.3938687385394
1995-08-19 17:11:00,1413.845,771.9063841054788
1995-08-19 17:12:00,661.757,900.6168705470577
1995-08-19 17:13:00,657.148,1101.9413578829287
1995-08-19 17:14:00,455.385,1075.016245778611
1995-08-19 17:15:00,933.443,981.3249062065752
1995-08-19 17:16:00,94.301,926.2954654528947
1995-08-19 17:17:00,256.202,948.9629630607448
1995-08-19 17:18:00,340.928,772.9973616394612
1995-08-19 17:19:00,211.29399999999998,903.1378832440676
1995-08-19 17:20:00,348.57,795.269186679453
1995-08-19 17:21:00,159.119,1089.2558666229115
1995-08-19 17:22:00,485.24699999999996,875.0561195045585
1995-08-19 17:23:00,503.12800000000004,972.1312140850565
1995-08-19 17:24:00,285.18399999999997,856.7196747941421
1995-08-19 17:25:00,352.17900000000003,930.9190797384598
1995-08-19 17:26:00,282.94399999999996,835.0723138089479
1995-08-19 17:27:00,316.075,808.2962580622393
1995-08-19 17:28:00,600.446,835.7305147716881
1995-08-19 17:29:00,513.923,806.4250333990259
1995-08-19 17:30:00,1040.166,1217.803505289094
1995-08-19 17:31:00,251.7,1244.613704892074
1995-08-19 17:32:00,175.171,1091.8413409094146
1995-08-19 17:33:00,846.1,886.5220434781335
1995-08-19 17:34:00,277.59000000000003,820.866563393708
1995-08-19 17:35:00,320.40700000000004,737.4894592606742
1995-08-19 17:36:00,526.726,831.3041390489655
1995-08-19 17:37:00,569.827,838.010473597133
1995-08-19 17:38:00,530.854,766.3316839118982
1995-08-19 17:39:00,222.576,925.2641698656997
1995-08-19 17:40:00,346.568,700.9468425027422
1995-08-19 17:41:00,294.941,803.0137615575494
1995-08-19 17:42:00,621.2429999999999,768.2132898661725
1995-08-19 17:43:00,509.67600000000004,764.5208377870772
1995-08-19 17:44:00,207.971,644.9694091258968
1995-08-19 17:45:00,315.996,631.2515213720668
1995-08-19 17:46:00,1558.0510000000002,872.3500735378544
1995-08-19 17:47:00,473.536,898.661996003332
1995-08-19 17:48:00,374.784,1100.1328703847626
1995-08-19 17:49:00,762.309,1059.2184737854338
1995-08-19 17:50:00,374.885,1011.0148836386694
1995-08-19 17:51:00,493.19599999999997,896.2686786351612
1995-08-19 17:52:00,427.36199999999997,956.2637479171564
1995-08-19 17:53:00,1010.6379999999999,1009.6768539176844
1995-08-19 17:54:00,316.395,1047.1654682328556
1995-08-19 17:55:00,230.81,867.3513864332093
1995-08-19 17:56:00,649.435,954.4457091218619
1995-08-19 17:57:00,436.16400000000004,864.5764024051782
1995-08-19 17:58:00,728.84,880.1958243688839
1995-08-19 17:59:00,1097.038,922.8873080943447
1995-08-19 18:00:00,147.624,1029.5644434935405
1995-08-19 18:01:00,118.99,803.259841901514
1995-08-19 18:02:00,915.324,912.8708736813423
1995-08-19 18:03:00,50.954,904.8671454446901
1995-08-19 18:04:00,166.625,888.582772390605
1995-08-19 18:05:00,177.265,746.52981130091
1995-08-19 18:06:00,272.724,865.9340096112383
1995-08-19 18:07:00,257.412,691.764406608488
1995-08-19 18:08:00,183.645,756.9494693543486
1995-08-19 18:09:00,89.356,621.0388118197513
1995-08-19 18:10:00,184.143,443.9518446099884
1995-08-19 18:11:00,226.761,493.00315167203786
1995-08-19 18:12:00,184.555,643.8025046775693
1995-08-19 18:13:00,516.487,626.1101596113602
1995-08-19 18:14:00,340.84000000000003,951.5316263603598
1995-08-19 18:15:00,380.776,898.7589346828546
1995-08-19 18:16:00,181.464,773.7608065951748
1995-08-19 18:17:00,635.369,828.9966362184622
1995-08-19 18:18:00,1171.921,905.8710266784286
1995-08-19 18:19:00,147.347,860.5968772007099
1995-08-19 18:20:00,144.367,820.4071155785032
1995-08-19 18:21:00,290.368,614.7086404947269
1995-08-19 18:22:00,418.85699999999997,853.7058912183919
1995-08-19 18:23:00,814.016,1049.2265774064529
1995-08-19 18:24:00,600.454,848.5573415625507
1995-08-19 18:25:00,363.833,925.0464496676786
1995-08-19 18:26:00,344.813,818.1891022083202
1995-08-19 18:27:00,310.54900000000004,998.6432493695265
1995-08-19 18:28:00,298.013,1026.8231418390062
1995-08-19 18:29:00,345.06,791.9528789225418
1995-08-19 18:30:00,1163.2069999999999,1089.0058047776336
1995-08-19 18:31:00,320.391,923.25336737331
1995-08-19 18:32:00,260.724,1037.8734154252686
1995-08-19 18:33:00,282.774,842.4306193342085
1995-08-19 18:34:00,66.676,908.5751037537415
1995-08-19 18:35:00,79.73,709.5144096393258
1995-08-19 18:36:00,130.483,592.2059849907406
1995-08-19 18:37:00,79.986,758.054232903132
1995-08-19 18:38:00,86.305,678.8572159817091
1995-08-19 18:39:00,122.59,529.690844977913
1995-08-19 18:40:00,135.319,516.128674826171
1995-08-19 18:41:00,1146.198,566.0983369687735
1995-08-19 18:42:00,93.797,614.647746974277
1995-08-19 18:43:00,61.228,781.5398160405856
1995-08-19 18:44:00,152.175,669.4079996347704
1995-08-19 18:45:00,213.461,752.1607316389386
1995-08-19 18:46:00,180.13600000000002,738.6056158053311
1995-08-19 18:47:00,1113.971,645.2027244857399
1995-08-19 18:48:00,191.435,516.7436178053277
1995-08-19 18:49:00,140.902,667.4763747257816
1995-08-19 18:50:00,166.975,613.991263394495
1995-08-19 18:51:00,255.89600000000002,773.4849081525675
1995-08-19 18:52:00,429.497,711.6176485628217
1995-08-19 18:53:00,163.139,553.3120866661923
1995-08-19 18:54:00,931.572,562.4751231171741
1995-08-19 18:55:00,234.33,386.2776591906966
1995-08-19 18:56:00,284.239,707.9680384499063
1995-08-19 18:57:00,241.306,640.2074596429128
1995-08-19 18:58:00,169.527,641.9786125497778
1995-08-19 18:59:00,285.999,756.5514602877869
1995-08-19 19:00:00,374.246,583.1798573892131
1995-08-19 19:01:00,1015.933,755.8315973663215
1995-08-19 19:02:00,340.83299999999997,647.0882752397781
1995-08-19 19:03:00,262.19599999999997,771.083097451095
1995-08-19 19:04:00,236.127,573.3292972952656
1995-08-19 19:05:00,279.339,752.1375328340044
1995-08-19 19:06:00,2237.839,697.2836745811082
1995-08-19 19:07:00,193.67000000000002,731.8800529113864
1995-08-19 19:08:00,361.448,777.0620154615974
1995-08-19 19:09:00,2043.7969999999998,936.9497824391243
1995-08-19 19:10:00,489.98900000000003,874.8955665299095
1995-08-19 19:11:00,569.398,839.1194579896828
1995-08-19 19:12:00,1098.415,1297.1121779910488
1995-08-19 19:13:00,671.209,1272.9772993821255
1995-08-19 19:14:00,1801.155,1288.0715741222084
1995-08-19 19:15:00,488.48600000000005,1286.3344993995347
1995-08-19 19:16:00,812.461,1164.6659603881405
1995-08-19 19:17:00,258.858,1441.6835067332536
1995-08-19 19:18:00,1497.242,993.8742816806692
1995-08-19 19:19:00,115.67099999999999,1082.529949524362
1995-08-19 19:20:00,665.881,771.8279828233582
1995-08-19 19:21:00,149.238,953.2261979764568
1995-08-19 19:22:00,846.068,1075.4339957803058
1995-08-19 19:23:00,558.842,1045.6200944578698
1995-08-19 19:24:00,114.632,933.8604418822214
1995-08-19 19:25:00,385.561,768.8156209029396
1995-08-19 19:26:00,289.479,959.18446080576
1995-08-19 19:27:00,295.708,801.9121325171676
1995-08-19 19:28:00,285.105,656.4572453198712
1995-08-19 19:29:00,374.854,813.4134315999415
1995-08-19 19:30:00,493.56,879.5310259793691
1995-08-19 19:31:00,693.881,832.6519108355727
1995-08-19 19:32:00,234.819,941.5400747421693
1995-08-19 19:33:00,1558.465,891.005566672843
1995-08-19 19:34:00,250.086,1022.3661208160421
1995-08-19 19:35:00,1132.911,906.7163992759589
1995-08-19 19:36:00,388.192,971.8821792231589
1995-08-19 19:37:00,168.48,1040.2293819091212
1995-08-19 19:38:00,924.1089999999999,958.6737425611681
1995-08-19 19:39:00,621.606,1067.647705892427
1995-08-19 19:40:00,199.288,989.4017791598278
1995-08-19 19:41:00,436.142,945.3578084390392
1995-08-19 19:42:00,246.10299999999998,871.6073511698493
1995-08-19 19:43:00,59.654,836.475553071195
1995-08-19 19:44:00,123.092,799.5134198022646
1995-08-19 19:45:00,120.283,770.0971097121634
1995-08-19 19:46:00,172.242,670.3914791153929
1995-08-19 19:47:00,95.185,632.7799382444458
1995-08-19 19:48:00,135.97899999999998,584.5757120556084
1995-08-19 19:49:00,1173.786,639.5867470334667
1995-08-19 19:50:00,77.161,704.7853481010027
1995-08-19 19:51:00,0.0,707.4164534756045
1995-08-19 19:52:00,104.584,446.1242627314414
1995-08-19 19:53:00,126.044,410.36051867510275
1995-08-19 19:54:00,322.858,610.9377605606538
1995-08-19 19:55:00,257.693,741.5992950088192
1995-08-19 19:56:00,289.31100000000004,611.2524963201513
1995-08-19 19:57:00,386.409,729.4587841865759
1995-08-19 19:58:00,270.306,835.9450886538923
1995-08-19 19:59:00,372.704,714.7216234639653
1995-08-19 20:00:00,183.42000000000002,820.258493937441
1995-08-19 20:01:00,93.40499999999999,628.8773579065371
1995-08-19 20:02:00,94.62,477.6499632194342
1995-08-19 20:03:00,1457.415,512.9759979965846
1995-08-19 20:04:00,407.205,714.0544261644101
1995-08-19 20:05:00,137.392,998.5678700373352
1995-08-19 20:06:00,78.253,695.7666266126548
1995-08-19 20:07:00,538.32,816.2811279002588
1995-08-19 20:08:00,100.203,878.0948434093835
1995-08-19 20:09:00,135.835,691.4865522496142
1995-08-19 20:10:00,151.42,478.36301130627936
1995-08-19 20:11:00,306.724,707.3332592892735
1995-08-19 20:12:00,719.29,700.2742925858264
1995-08-19 20:13:00,113.816,616.3498978718578
1995-08-19 20:14:00,61.275999999999996,569.4257586180797
1995-08-19 20:15:00,220.134,515.5687390270036
1995-08-19 20:16:00,380.37399999999997,650.3997004473634
1995-08-19 20:17:00,197.126,652.9501947405164
1995-08-19 20:18:00,419.506,674.1812426343567
1995-08-19 20:19:00,63.492000000000004,811.9490960620763
1995-08-19 20:20:00,365.247,625.3725607987182
1995-08-19 20:21:00,312.213,786.3742380329853
1995-08-19 20:22:00,1089.509,750.1231986786433
1995-08-19 20:23:00,677.206,738.3875270500877
1995-08-19 20:24:00,425.675,946.8719774041361
1995-08-19 20:25:00,706.149,1027.3194740477786
1995-08-19 20:26:00,569.971,920.8912538225171
1995-08-19 20:27:00,403.408,1199.0142777964543
1995-08-19 20:28:00,657.323,1003.1959941673564
1995-08-19 20:29:00,226.549,858.7611925610527
1995-08-19 20:30:00,1321.0970000000002,939.2191553253556
1995-08-19 20:31:00,292.21500000000003,907.389290918109
1995-08-19 20:32:00,605.29,952.4370724943243
1995-08-19 20:33:00,832.832,998.4039014412904
1995-08-19 20:34:00,526.274,1140.9030927314536
1995-08-19 20:35:00,324.86400000000003,1299.1237716258688
1995-08-19 20:36:00,526.222,1238.4693857477882
1995-08-19 20:37:00,364.114,1015.2921459507093
1995-08-19 20:38:00,81.872,1001.7731573984823
1995-08-19 20:39:00,445.746,800.1819055815439
1995-08-19 20:40:00,789.669,813.3966678307261
1995-08-19 20:41:00,577.31,801.1738550977315
1995-08-19 20:42:00,2514.563,921.9888707170828
1995-08-19 20:43:00,1217.73,1169.298704858155
1995-08-19 20:44:00,133.14100000000002,1032.3389162407786
1995-08-19 20:45:00,584.096,1015.0710886883924
1995-08-19 20:46:00,306.485,1071.4113502537216
1995-08-19 20:47:00,289.615,917.6766899316654
1995-08-19 20:48:00,86.967,738.5140006104253
1995-08-19 20:49:00,432.606,825.364355079624
1995-08-19 20:50:00,380.308,767.2146540932599
1995-08-19 20:51:00,369.31699999999995,885.9035733185585
1995-08-19 20:52:00,153.54999999999998,945.8383824523414
1995-08-19 20:53:00,129.165,844.3175923908964
1995-08-19 20:54:00,190.053,732.7683934364632
1995-08-19 20:55:00,291.77000000000004,703.6387107910408
1995-08-19 20:56:00,278.733,710.8992632726024
1995-08-19 20:57:00,301.927,676.4906599480048
1995-08-19 20:58:00,45.551,890.7362342225839
1995-08-19 20:59:00,495.977,383.37402858456477
1995-08-19 21:00:00,314.612,588.6396767094498
1995-08-19 21:01:00,65.407,474.17579131805695
1995-08-19 21:02:00,73.543,509.3729390117773
1995-08-19 21:03:00,248.468,422.0764018714333
1995-08-19 21:04:00,1370.083,871.1185751106159
1995-08-19 21:05:00,208.353,891.7384076877009
1995-08-19 21:06:00,160.97899999999998,950.9175758234669
1995-08-19 21:07:00,17.087,879.2682780769197
1995-08-19 21:08:00,389.253,656.5492343537753
1995-08-19 21:09:00,410.762,657.9205401028711
1995-08-19 21:10:00,281.111,648.8119896499426
1995-08-19 21:11:00,110.979,754.3530300980033
1995-08-19 21:12:00,118.22200000000001,671.7505870505978
1995-08-19 21:13:00,922.949,615.8306785670839
1995-08-19 21:14:00,151.85999999999999,703.7886326741097
1995-08-19 21:15:00,200.351,734.6101435301334
1995-08-19 21:16:00,562.386,581.1842681948033
1995-08-19 21:17:00,245.112,959.2883072888077
1995-08-19 21:18:00,530.944,847.6805164578658
1995-08-19 21:19:00,530.46,1077.479028531101
1995-08-19 21:20:00,517.341,866.9653005423805
1995-08-19 21:21:00,406.142,1013.8943063591856
1995-08-19 21:22:00,652.1659999999999,990.5673803450194
1995-08-19 21:23:00,121.061,1047.9504326069127
1995-08-19 21:24:00,397.642,807.2893285223445
1995-08-19 21:25:00,158.391,759.6388794690254
1995-08-19 21:26:00,552.435,636.4422886941788
1995-08-19 21:27:00,2203.37,792.7511612326582
1995-08-19 21:28:00,576.015,1031.7270698435655
1995-08-19 21:29:00,175.838,1202.6137004790367
1995-08-19 21:30:00,351.91700000000003,854.35590915533
1995-08-19 21:31:00,200.329,1017.1331016909514
1995-08-19 21:32:00,302.592,984.5799626366879
1995-08-19 21:33:00,228.48000000000002,963.6665137878259
1995-08-19 21:34:00,1329.3139999999999,807.002390102782
1995-08-19 21:35:00,374.3,803.0784434550254
1995-08-19 21:36:00,648.002,839.6936763187498
1995-08-19 21:37:00,365.891,907.9308005342891
1995-08-19 21:38:00,482.805,758.850283601249
1995-08-19 21:39:00,150.533,851.5247170001405
1995-08-19 21:40:00,208.402,830.2187569936971
1995-08-19 21:41:00,402.996,854.985188141585
1995-08-19 21:42:00,267.103,803.4235644861013
1995-08-19 21:43:00,1427.661,833.596973534523
1995-08-19 21:44:00,460.107,820.1006611860288
1995-08-19 21:45:00,120.278,779.0777243941782
1995-08-19 21:46:00,247.203,692.8047281496284
1995-08-19 21:47:00,180.42000000000002,667.6059555423831
1995-08-19 21:48:00,304.977,616.117201663382
1995-08-19 21:49:00,251.892,852.336975143799
1995-08-19 21:50:00,621.473,677.2733253657627
1995-08-19 21:51:00,396.096,846.027713363729
1995-08-19 21:52:00,819.4449999999999,982.3838938931142
1995-08-19 21:53:00,2041.376,947.1696205226114
1995-08-19 21:54:00,543.207,1135.5001241411035
1995-08-19 21:55:00,1066.665,1096.9541765708734
1995-08-19 21:56:00,693.026,1006.7157738344126
1995-08-19 21:57:00,593.957,1217.7562614593744
1995-08-19 21:58:00,444.646,1112.912194865305
1995-08-19 21:59:00,841.788,1019.8631654445414
1995-08-19 22:00:00,463.27,1087.5932964263782
1995-08-19 22:01:00,200.72400000000002,1115.4247705786877
1995-08-19 22:02:00,268.40999999999997,1072.3034951164616
1995-08-19 22:03:00,322.573,936.038391758208
1995-08-19 22:04:00,496.736,917.8063896157172
1995-08-19 22:05:00,251.173,903.3404816342716
1995-08-19 22:06:00,619.512,862.7638666952431
1995-08-19 22:07:00,603.231,932.6767887020859
1995-08-19 22:08:00,250.089,850.743242098039
1995-08-19 22:09:00,378.85,872.4814850558482
1995-08-19 22:10:00,350.674,883.2041023837539
1995-08-19 22:11:00,381.848,964.5203352403632
1995-08-19 22:12:00,480.027,854.077032418202
1995-08-19 22:13:00,901.2620000000001,834.5952714008888
1995-08-19 22:14:00,1916.462,983.6755193345897
1995-08-19 22:15:00,300.373,1171.5866090742031
1995-08-19 22:16:00,192.69,1008.9383583529483
1995-08-19 22:17:00,440.073,1016.4784681894826
1995-08-19 22:18:00,441.104,1082.2686785384917
1995-08-19 22:19:00,384.666,955.2433485157318
1995-08-19 22:20:00,539.297,948.0517294280208
1995-08-19 22:21:00,413.927,979.4202941579165
1995-08-19 22:22:00,373.855,935.7532723134001
1995-08-19 22:23:00,536.773,911.2066162078906
1995-08-19 22:24:00,246.624,906.5964500920625
1995-08-19 22:25:00,725.62,966.9821405013007
1995-08-19 22:26:00,643.3009999999999,1002.7947654275042
1995-08-19 22:27:00,557.137,1012.3869351057011
1995-08-19 22:28:00,184.892,1125.3904360148865
1995-08-19 22:29:00,93.946,965.8017910472973
1995-08-19 22:30:00,556.888,773.80210520874
1995-08-19 22:31:00,123.39999999999999,797.9075190949737
1995-08-19 22:32:00,212.41299999999998,684.7273495388713
1995-08-19 22:33:00,466.50600000000003,576.5654734996746
1995-08-19 22:34:00,89.831,888.1740840723317
1995-08-19 22:35:00,149.277,691.078491918774
1995-08-19 22:36:00,131.915,733.7678103713541
1995-08-19 22:37:00,421.611,622.0311696309037
1995-08-19 22:38:00,213.748,692.526109885135
1995-08-19 22:39:00,401.644,754.8208497497213
1995-08-19 22:40:00,189.106,840.9466892898881
1995-08-19 22:41:00,997.7620000000001,672.529382073184
1995-08-19 22:42:00,109.642,700.3996854741557
1995-08-19 22:43:00,161.935,850.7808784176555
1995-08-19 22:44:00,118.24600000000001,619.470061864964
1995-08-19 22:45:00,205.516,689.5502421728263
1995-08-19 22:46:00,218.134,763.2711753972144
1995-08-19 22:47:00,141.891,714.1746953528879
1995-08-19 22:48:00,862.5,552.4823919582661
1995-08-19 22:49:00,97.241,639.879266230047
1995-08-19 22:50:00,292.662,702.4072130894539
1995-08-19 22:51:00,156.18200000000002,619.8615530851773
1995-08-19 22:52:00,327.82300000000004,816.7166655787502
1995-08-19 22:53:00,224.49800000000002,721.8511173681741
1995-08-19 22:54:00,246.933,700.9864707162651
1995-08-19 22:55:00,233.939,584.8783306982575
1995-08-19 22:56:00,731.108,540.4075567992687
1995-08-19 22:57:00,223.862,762.4823680806439
1995-08-19 22:58:00,1096.702,805.0612033419528
1995-08-19 22:59:00,316.373,782.8356056443375
1995-08-19 23:00:00,732.709,1039.090962829052
1995-08-19 23:01:00,542.824,1070.5942302116962
1995-08-19 23:02:00,374.509,1101.7034010816672
1995-08-19 23:03:00,471.86,934.2537173940005
1995-08-19 23:04:00,527.831,1055.7914190775634
1995-08-19 23:05:00,269.48400000000004,941.705704122346
1995-08-19 23:06:00,155.869,905.3821181843425
1995-08-19 23:07:00,534.128,741.3258481667008
1995-08-19 23:08:00,140.805,848.9428883013685
1995-08-19 23:09:00,343.223,803.5114786946461
1995-08-19 23:10:00,266.908,795.860950776868
1995-08-19 23:11:00,654.655,749.1389160828959
1995-08-19 23:12:00,319.76099999999997,800.7266029926058
1995-08-19 23:13:00,481.75300000000004,847.4278150579282
1995-08-19 23:14:00,814.9259999999999,860.051183668512
1995-08-19 23:15:00,377.54699999999997,951.1459214289482
1995-08-19 23:16:00,1651.3190000000002,991.0757313091173
1995-08-19 23:17:00,387.566,1134.7349988043604
1995-08-19 23:18:00,360.84,1049.5367160297762
1995-08-19 23:19:00,479.376,1019.6865727968669
1995-08-19 23:20:00,507.366,892.924632514845
1995-08-19 23:21:00,493.449,1008.2655303109432
1995-08-19 23:22:00,308.331,1020.768149122717
1995-08-19 23:23:00,923.0699999999999,993.3374608764199
1995-08-19 23:24:00,633.582,1021.4379725641504
1995-08-19 23:25:00,719.183,1145.3942823217822
1995-08-19 23:26:00,1254.271,1077.0189722037844
1995-08-19 23:27:00,725.29,1310.2895444768278
1995-08-19 23:28:00,1014.465,1214.9213686571209
1995-08-19 23:29:00,702.438,1422.1985660138455
1995-08-19 23:30:00,775.197,1247.817392867323
1995-08-19 23:31:00,355.078,1205.4916624381774
1995-08-19 23:32:00,350.443,1193.9138837377752
1995-08-19 23:33:00,450.04200000000003,995.6411617306275
1995-08-19 23:34:00,1154.857,988.9887357233731
1995-08-19 23:35:00,253.416,1021.2056246314618
1995-08-19 23:36:00,387.513,974.6678261371255
1995-08-19 23:37:00,133.714,885.1293418738886
1995-08-19 23:38:00,1117.226,910.9401293762666
1995-08-19 23:39:00,619.136,798.5624720484527
1995-08-19 23:40:00,435.092,1111.1420532503473
1995-08-19 23:41:00,1126.272,947.6398724940246
1995-08-19 23:42:00,438.15999999999997,1173.4139824275085
1995-08-19 23:43:00,874.232,1101.6550141592274
1995-08-19 23:44:00,314.093,1185.3313017942478
1995-08-19 23:45:00,67.103,1045.5300608065886
1995-08-19 23:46:00,359.48199999999997,1105.0026463484185
1995-08-19 23:47:00,150.381,832.7773138220969
1995-08-19 23:48:00,774.9549999999999,858.8044531429961
1995-08-19 23:49:00,184.97599999999997,904.3120797434224
1995-08-19 23:50:00,328.78,804.765657993729
1995-08-19 23:51:00,274.583,831.7762311431981
1995-08-19 23:52:00,1335.988,847.8222520109234
1995-08-19 23:53:00,195.465,760.6836114393141
1995-08-19 23:54:00,461.63300000000004,839.3712877239601
1995-08-19 23:55:00,413.209,723.4625359274387
1995-08-19 23:56:00,369.293,791.7688313566942
1995-08-19 23:57:00,339.996,974.4226715650516
1995-08-19 23:58:00,640.254,835.1426422945168
1995-08-19 23:59:00,517.687,872.7385844221155
1995-08-20 00:00:00,484.783,956.9173287345587
1995-08-20 00:01:00,1244.197,857.7582221882877
1995-08-20 00:02:00,126.74499999999999,871.0493786669243
1995-08-20 00:03:00,482.97900000000004,824.8267060639545
1995-08-20 00:04:00,1046.624,863.7371689561764
1995-08-20 00:05:00,403.762,736.8966738495404
1995-08-20 00:06:00,328.995,883.6817811499219
1995-08-20 00:07:00,220.206,997.5866451201869
1995-08-20 00:08:00,169.306,894.2585062760687
1995-08-20 00:09:00,126.179,903.477090805894
1995-08-20 00:10:00,331.951,827.0414114623255
1995-08-20 00:11:00,224.875,994.4504082960885
1995-08-20 00:12:00,523.578,747.528751879203
1995-08-20 00:13:00,246.311,853.8763734583798
1995-08-20 00:14:00,220.427,698.3601051644268
1995-08-20 00:15:00,333.216,717.5140681198661
1995-08-20 00:16:00,287.311,917.0766219600547
1995-08-20 00:17:00,731.84,804.8046310870947
1995-08-20 00:18:00,209.505,730.6871399573947
1995-08-20 00:19:00,159.895,720.4779133583032
1995-08-20 00:20:00,270.46299999999997,774.8549898321995
1995-08-20 00:21:00,46.434999999999995,889.2363265227417
1995-08-20 00:22:00,603.796,704.350959685205
1995-08-20 00:23:00,279.59499999999997,726.8381432199945
1995-08-20 00:24:00,747.938,911.9675781290941
1995-08-20 00:25:00,156.202,907.5223694402393
1995-08-20 00:26:00,922.5699999999999,903.1927150744364
1995-08-20 00:27:00,515.937,986.6063142064218
1995-08-20 00:28:00,2178.743,920.2012028163881
1995-08-20 00:29:00,842.749,1115.0076693252315
1995-08-20 00:30:00,641.137,1001.0640254195988
1995-08-20 00:31:00,629.771,1114.4545258531805
1995-08-20 00:32:00,706.476,1247.6597137701592
1995-08-20 00:33:00,244.599,1205.5962344411998
1995-08-20 00:34:00,295.281,1023.152827477927
1995-08-20 00:35:00,229.76,1045.6194254427223
1995-08-20 00:36:00,931.689,1034.158995838527
1995-08-20 00:37:00,250.512,1141.46927131866
1995-08-20 00:38:00,217.74,987.662179372893
1995-08-20 00:39:00,912.336,894.1703917390157
1995-08-20 00:40:00,212.56699999999998,966.0582040883521
1995-08-20 00:41:00,806.7049999999999,1017.0798709622389
1995-08-20 00:42:00,235.759,1093.7212959770739
1995-08-20 00:43:00,469.162,1050.2016742050314
1995-08-20 00:44:00,457.49199999999996,988.1901407002958
1995-08-20 00:45:00,435.86,857.9893539229824
1995-08-20 00:46:00,339.01099999999997,986.6302771231295
1995-08-20 00:47:00,516.698,837.5767027101464
1995-08-20 00:48:00,299.272,848.3950098421246
1995-08-20 00:49:00,380.80899999999997,875.0937183577512
1995-08-20 00:50:00,260.442,880.1722361948222
1995-08-20 00:51:00,184.028,877.618991194898
1995-08-20 00:52:00,583.56,795.8168204417346
1995-08-20 00:53:00,278.188,917.7631285887994
1995-08-20 00:54:00,372.609,972.2291155956602
1995-08-20 00:55:00,513.73,1017.6456831440488
1995-08-20 00:56:00,230.468,1073.6198552888325
1995-08-20 00:57:00,780.24,920.7568158881039
1995-08-20 00:58:00,317.428,889.3482453255754
1995-08-20 00:59:00,255.436,799.7867904968691
1995-08-20 01:00:00,355.164,710.5090878632986
1995-08-20 01:01:00,391.294,747.0265480789888
1995-08-20 01:02:00,171.816,657.5340048426663
1995-08-20 01:03:00,381.832,596.2543810850271
1995-08-20 01:04:00,57.862,690.9057545456873
1995-08-20 01:05:00,179.806,600.9255271465156
1995-08-20 01:06:00,898.357,712.7439718810086
1995-08-20 01:07:00,256.036,704.4768552301341
1995-08-20 01:08:00,513.014,733.0493167589475
1995-08-20 01:09:00,329.169,891.9349808606972
1995-08-20 01:10:00,413.692,624.4411832841726
1995-08-20 01:11:00,226.302,811.50781664288
1995-08-20 01:12:00,310.094,732.7028923985254
1995-08-20 01:13:00,385.931,693.2428638460972
1995-08-20 01:14:00,545.607,650.6128241004711
1995-08-20 01:15:00,547.671,734.9887229343665
1995-08-20 01:16:00,653.533,989.4513367904636
1995-08-20 01:17:00,237.724,790.0466933034279
1995-08-20 01:18:00,545.819,983.3791104640386
1995-08-20 01:19:00,420.178,951.7777424529304
1995-08-20 01:20:00,365.747,1070.470327473893
1995-08-20 01:21:00,189.142,962.2952959700358
1995-08-20 01:22:00,627.373,902.5271595679726
1995-08-20 01:23:00,1371.7269999999999,805.5836509304127
1995-08-20 01:24:00,770.3179999999999,1052.8677886028006
1995-08-20 01:25:00,178.898,1095.6061473032462
1995-08-20 01:26:00,327.26800000000003,891.0671280667831
1995-08-20 01:27:00,340.567,1142.0810142967691
1995-08-20 01:28:00,393.795,862.9047635904196
1995-08-20 01:29:00,313.038,905.3701421621594
1995-08-20 01:30:00,523.461,752.9072774731886
1995-08-20 01:31:00,149.65,817.7657190328358
1995-08-20 01:32:00,166.838,804.056377754034
1995-08-20 01:33:00,466.95699999999994,788.614279603008
1995-08-20 01:34:00,119.882,768.2024122082585
1995-08-20 01:35:00,180.772,751.576945424459
1995-08-20 01:36:00,116.376,736.8181126732655
1995-08-20 01:37:00,413.576,693.2392357585146
1995-08-20 01:38:00,256.796,794.0617757558532
1995-08-20 01:39:00,113.496,860.8362060985975
1995-08-20 01:40:00,158.907,656.4804085129614
1995-08-20 01:41:00,284.439,424.0545848232601
1995-08-20 01:42:00,326.446,602.5352771843337
1995-08-20 01:43:00,356.831,691.8078250952676
1995-08-20 01:44:00,233.765,558.6267395767312
1995-08-20 01:45:00,540.383,581.1613070720551
1995-08-20 01:46:00,378.502,588.8835691697371
1995-08-20 01:47:00,276.509,746.5037950122321
1995-08-20 01:48:00,80.342,723.1454053832354
1995-08-20 01:49:00,58.076,612.2687661878016
1995-08-20 01:50:00,482.69899999999996,410.8143668213706
1995-08-20 01:51:00,434.585,561.7406347878657
1995-08-20 01:52:00,319.123,527.157484734113
1995-08-20 01:53:00,250.998,599.6168830303776
1995-08-20 01:54:00,174.05599999999998,609.0264769375109
1995-08-20 01:55:00,198.247,643.1485544133924
1995-08-20 01:56:00,56.522999999999996,677.5506465146264
1995-08-20 01:57:00,465.811,577.8048868248914
1995-08-20 01:58:00,309.853,539.0064766047847
1995-08-20 01:59:00,796.2520000000001,897.1604782140122
1995-08-20 02:00:00,327.81100000000004,757.1363345404568
1995-08-20 02:01:00,330.85,596.6287467474983
1995-08-20 02:02:00,222.061,547.5173854292481
1995-08-20 02:03:00,99.33200000000001,564.4585169741003
1995-08-20 02:04:00,72.095,541.329079002914
1995-08-20 02:05:00,131.93599999999998,641.7457247058555
1995-08-20 02:06:00,50.608000000000004,463.98600387041785
1995-08-20 02:07:00,42.935,357.5477001769972
1995-08-20 02:08:00,62.865,320.4120418979755
1995-08-20 02:09:00,127.393,445.93622240621767
1995-08-20 02:10:00,504.725,369.40070668106927
1995-08-20 02:11:00,4.756,440.7308104755757
1995-08-20 02:12:00,156.891,460.9565612478116
1995-08-20 02:13:00,72.971,428.3176736297611
1995-08-20 02:14:00,324.278,612.3004246773182
1995-08-20 02:15:00,99.989,579.3218353288337
1995-08-20 02:16:00,350.975,490.71197324408143
1995-08-20 02:17:00,132.413,390.46650687438813
1995-08-20 02:18:00,320.435,372.5932227301571
1995-08-20 02:19:00,66.801,514.0612721416205
1995-08-20 02:20:00,712.5109999999999,372.4216751961166
1995-08-20 02:21:00,128.499,400.5056969791991
1995-08-20 02:22:00,111.32499999999999,366.50937447023847
1995-08-20 02:23:00,144.819,427.8302810603061
1995-08-20 02:24:00,425.784,422.42151051393733
1995-08-20 02:25:00,1702.836,388.1553222794715
1995-08-20 02:26:00,122.714,432.75098478258553
1995-08-20 02:27:00,525.917,619.8486170196007
1995-08-20 02:28:00,151.052,558.2959377692026
1995-08-20 02:29:00,207.285,572.5430377817247
1995-08-20 02:30:00,698.7559999999999,670.5429072076295
1995-08-20 02:31:00,477.06700000000006,731.0524074996825
1995-08-20 02:32:00,108.325,637.7939116749101
1995-08-20 02:33:00,143.798,627.2586668542583
1995-08-20 02:34:00,142.058,533.5953172197915
1995-08-20 02:35:00,69.251,445.95480569859706
1995-08-20 02:36:00,196.036,446.43626580112124
1995-08-20 02:37:00,229.66899999999998,624.6389679686316
1995-08-20 02:38:00,76.676,433.7057536563894
1995-08-20 02:39:00,650.694,675.9165127196112
1995-08-20 02:40:00,179.392,471.7787610279557
1995-08-20 02:41:00,244.589,639.2068624880047
1995-08-20 02:42:00,1675.8870000000002,489.3067867576302
1995-08-20 02:43:00,1021.504,586.6016859277676
1995-08-20 02:44:00,464.422,823.9033554901929
1995-08-20 02:45:00,109.028,798.2697522172186
1995-08-20 02:46:00,84.497,614.761681354217
1995-08-20 02:47:00,100.42,534.4758308453431
1995-08-20 02:48:00,204.773,683.5308123759468
1995-08-20 02:49:00,390.84299999999996,495.7167558242321
1995-08-20 02:50:00,255.579,709.509780313724
1995-08-20 02:51:00,162.178,666.3928719762334
1995-08-20 02:52:00,102.723,457.998138156879
1995-08-20 02:53:00,213.836,474.5559227990345
1995-08-20 02:54:00,207.87300000000002,439.4700821861838
1995-08-20 02:55:00,89.319,508.7363340458083
1995-08-20 02:56:00,234.73499999999999,400.5248530917148
1995-08-20 02:57:00,482.70300000000003,562.7154804446019
1995-08-20 02:58:00,1316.391,624.2390716293811
1995-08-20 02:59:00,15.51,560.4011612130181
1995-08-20 03:00:00,83.263,565.6801794904296
1995-08-20 03:01:00,168.47000000000003,473.9683284182143
1995-08-20 03:02:00,236.81099999999998,596.7015314191256
1995-08-20 03:03:00,1745.073,553.7464666362582
1995-08-20 03:04:00,459.88,694.1109540375455
1995-08-20 03:05:00,203.419,567.5433679770318
1995-08-20 03:06:00,301.544,620.1832420643831
1995-08-20 03:07:00,62.614999999999995,636.5806735073135
1995-08-20 03:08:00,142.264,639.4176052119749
1995-08-20 03:09:00,396.407,496.22094015989626
1995-08-20 03:10:00,899.176,545.6936872999673
1995-08-20 03:11:00,99.602,668.2953227504438
1995-08-20 03:12:00,116.933,571.5260548558159
1995-08-20 03:13:00,359.528,506.27491805451507
1995-08-20 03:14:00,131.474,568.5616323174636
1995-08-20 03:15:00,231.156,477.8974853452919
1995-08-20 03:16:00,48.892,554.9668972318724
1995-08-20 03:17:00,171.013,401.47978385531843
1995-08-20 03:18:00,250.286,553.4735972050887
1995-08-20 03:19:00,0.0,494.0037330469111
1995-08-20 03:20:00,1373.95,340.5377809634608
1995-08-20 03:21:00,261.073,385.4557005312048
1995-08-20 03:22:00,237.30599999999998,592.5852649782361
1995-08-20 03:23:00,465.046,436.1884950910039
1995-08-20 03:24:00,412.371,646.6349105166144
1995-08-20 03:25:00,218.074,655.2806749735615
1995-08-20 03:26:00,469.387,606.9910984213386
1995-08-20 03:27:00,207.346,972.1524675356844
1995-08-20 03:28:00,161.621,675.865955927018
1995-08-20 03:29:00,303.2,438.918534591014
1995-08-20 03:30:00,924.8779999999999,556.1157030763308
1995-08-20 03:31:00,190.949,706.9789674952119
1995-08-20 03:32:00,301.13800000000003,754.5234567634084
1995-08-20 03:33:00,575.36,616.7586710591554
1995-08-20 03:34:00,298.758,680.1894336788479
1995-08-20 03:35:00,232.14000000000001,695.5683466882456
1995-08-20 03:36:00,163.246,793.716105783258
1995-08-20 03:37:00,208.229,632.8255507497438
1995-08-20 03:38:00,305.491,707.8829457625196
1995-08-20 03:39:00,130.572,699.5097160626875
1995-08-20 03:40:00,8.637,586.506491004909
1995-08-20 03:41:00,191.3,393.29466193773436
1995-08-20 03:42:00,182.805,387.7795139314831
1995-08-20 03:43:00,130.636,378.8631852179665
1995-08-20 03:44:00,196.726,586.523013508078
1995-08-20 03:45:00,177.458,598.9902166416189
1995-08-20 03:46:00,360.074,612.4357896786793
1995-08-20 03:47:00,111.83500000000001,514.1568884874549
1995-08-20 03:48:00,87.37,523.0411464391793
1995-08-20 03:49:00,51.305,431.89437543969154
1995-08-20 03:50:00,45.832,442.8491006975951
1995-08-20 03:51:00,108.625,506.98329375135734
1995-08-20 03:52:00,683.494,512.6961558454461
1995-08-20 03:53:00,426.494,572.0924396758148
1995-08-20 03:54:00,362.945,522.1009467660809
1995-08-20 03:55:00,93.911,531.468409485107
1995-08-20 03:56:00,109.982,462.50603349410693
1995-08-20 03:57:00,96.513,369.33019022308264
1995-08-20 03:58:00,119.053,377.007596938754
1995-08-20 03:59:00,320.115,333.6099516938508
1995-08-20 04:00:00,79.978,340.71483715974256
1995-08-20 04:01:00,339.221,331.8052555198009
1995-08-20 04:02:00,233.358,489.1145712320287
1995-08-20 04:03:00,239.65699999999998,409.82054033533234
1995-08-20 04:04:00,278.06600000000003,347.2438905162335
1995-08-20 04:05:00,111.775,311.859953850308
1995-08-20 04:06:00,74.662,384.76336183645753
1995-08-20 04:07:00,239.12,371.50553301207833
1995-08-20 04:08:00,24.169,318.2414039615718
1995-08-20 04:09:00,402.906,279.769856506198
1995-08-20 04:10:00,220.13,348.74809661618116
1995-08-20 04:11:00,33.574,337.1338474487058
1995-08-20 04:12:00,233.19899999999998,352.81357975825125
1995-08-20 04:13:00,0.0,311.38218166338595
1995-08-20 04:18:00,2.0949999999999998,489.79814064276627
1995-08-20 04:20:00,121.32,495.8621274565235
1995-08-20 04:21:00,34.491,377.6432579146355
1995-08-20 04:22:00,161.48499999999999,284.30559559530434
1995-08-20 04:23:00,208.154,405.2695306007773
1995-08-20 04:24:00,136.76799999999997,316.4875626714976
1995-08-20 04:25:00,113.459,396.5031649109859
1995-08-20 04:26:00,156.89,263.01191729820584
1995-08-20 04:27:00,140.168,407.68858755169765
1995-08-20 04:28:00,356.723,412.7237112650861
1995-08-20 04:30:00,9.571,468.3189952024255
1995-08-20 04:31:00,714.168,396.3202711396367
1995-08-20 04:32:00,170.671,502.1995337667052
1995-08-20 04:33:00,92.255,522.8169802972953
1995-08-20 04:34:00,361.045,327.29867115051974
1995-08-20 04:35:00,173.75900000000001,419.9929821726023
1995-08-20 04:36:00,349.335,394.3584211997779
1995-08-20 04:37:00,225.57899999999998,388.25862671429155
1995-08-20 04:38:00,490.565,403.9025250144922
1995-08-20 04:39:00,0.669,521.4589477885294
1995-08-20 04:40:00,153.725,441.32360058126966
1995-08-20 04:41:00,72.362,464.1099986463948
1995-08-20 04:42:00,1368.904,301.14425174382006
1995-08-20 04:43:00,11.443,427.4847092667971
1995-08-20 04:44:00,276.671,429.4897777286379
1995-08-20 04:45:00,134.506,298.0672073134787
1995-08-20 04:46:00,265.747,563.8860920280692
1995-08-20 04:47:00,523.499,439.2219713855522
1995-08-20 04:48:00,68.124,512.4034619250101
1995-08-20 04:49:00,56.202,380.5180572976054
1995-08-20 04:50:00,135.189,564.0518157258681
1995-08-20 04:51:00,190.393,495.3869412469173
1995-08-20 04:52:00,1242.421,510.3832992750739
1995-08-20 04:53:00,161.258,524.6281235460112
1995-08-20 04:54:00,170.19799999999998,641.425402388141
1995-08-20 04:55:00,87.68199999999999,459.48818780153005
1995-08-20 04:56:00,173.509,573.8635438181442
1995-08-20 04:57:00,144.407,612.8819575927159
1995-08-20 04:58:00,687.885,590.6025539484868
1995-08-20 04:59:00,102.268,476.52111975960776
1995-08-20 05:00:00,110.30999999999999,522.8908682199124
1995-08-20 05:01:00,151.415,353.33058023558056
1995-08-20 05:02:00,0.0,419.1721609269214
1995-08-20 05:07:00,266.923,562.2767750341975
1995-08-20 05:09:00,88.66,532.2685936373006
1995-08-20 05:10:00,79.93,590.1547927474962
1995-08-20 05:11:00,2.241,905.7030374778712
1995-08-20 05:12:00,67.474,386.77479995048907
1995-08-20 05:13:00,9.732,497.82459796953293
1995-08-20 05:14:00,20.589,475.0786067663862
1995-08-20 05:15:00,549.444,297.9590255230569
1995-08-20 05:16:00,15.049,431.42667219178946
1995-08-20 05:17:00,37.43599999999999,307.92064787529335
1995-08-20 05:19:00,84.531,243.34699130754205
1995-08-20 05:20:00,57.815,256.4708923120033
1995-08-20 05:21:00,2.766,210.85369126174538
1995-08-20 05:22:00,133.208,201.1498580590542
1995-08-20 05:23:00,170.592,299.6414485850593
1995-08-20 05:24:00,1105.799,396.2809951389191
1995-08-20 05:25:00,87.292,451.1167225312522
1995-08-20 05:26:00,177.392,407.79908785612827
1995-08-20 05:27:00,287.32300000000004,375.15567762773395
1995-08-20 05:28:00,0.0,556.3298093750025
1995-08-20 05:29:00,38.878,300.0865268238744
1995-08-20 05:30:00,88.69,273.86105024136475
1995-08-20 05:31:00,18.57,374.7268844815446
1995-08-20 05:32:00,12.078,299.34331925818736
1995-08-20 05:33:00,9.843,336.03402268614036
1995-08-20 05:34:00,202.883,284.6081178520093
1995-08-20 05:35:00,78.862,330.4024643695233
1995-08-20 05:36:00,26.203,272.19640054667883
1995-08-20 05:37:00,38.064,389.2008359076386
1995-08-20 05:38:00,173.387,272.0355179914023
1995-08-20 05:39:00,12.17,219.53271828492964
1995-08-20 05:40:00,127.952,215.68602067246965
1995-08-20 05:41:00,33.191,200.66481713747316
1995-08-20 05:42:00,55.495999999999995,138.77291283817448
1995-08-20 05:43:00,233.344,119.66862315717135
1995-08-20 05:44:00,74.911,405.52001688508017
1995-08-20 05:45:00,296.475,182.24267583639025
1995-08-20 05:46:00,304.418,421.802500221447
1995-08-20 05:47:00,266.366,464.6628772044682
1995-08-20 05:48:00,148.881,566.218494767947
1995-08-20 05:49:00,20.82,425.46272290218053
1995-08-20 05:50:00,66.024,427.83646050160394
1995-08-20 05:51:00,172.593,237.07735383287095
1995-08-20 05:52:00,368.844,507.3127032962304
1995-08-20 05:53:00,69.404,347.7680954325884
1995-08-20 05:54:00,59.373000000000005,419.32150746492636
1995-08-20 05:55:00,388.561,377.3359510389802
1995-08-20 05:56:00,84.851,328.7927900093106
1995-08-20 05:57:00,93.41499999999999,417.77827506744825
1995-08-20 05:58:00,163.946,435.6554281371411
1995-08-20 05:59:00,116.591,344.9127584668593
1995-08-20 06:00:00,275.10699999999997,454.3857320140105
1995-08-20 06:01:00,305.306,285.17590247679055
1995-08-20 06:02:00,43.589,342.04475636807473
1995-08-20 06:03:00,39.259,229.7714609694494
1995-08-20 06:04:00,103.263,401.9452018084044
1995-08-20 06:05:00,37.151,529.323245417468
1995-08-20 06:06:00,0.0,489.7709045424991
1995-08-20 06:07:00,14.704,177.826696065856
1995-08-20 06:08:00,6.2620000000000005,385.7906390896699
1995-08-20 06:09:00,402.466,340.49323519395915
1995-08-20 06:10:00,178.779,258.564055137601
1995-08-20 06:11:00,51.932,411.1375120118479
1995-08-20 06:12:00,0.669,332.9146836347409
1995-08-20 06:13:00,326.375,308.5451691043714
1995-08-20 06:14:00,126.91400000000002,259.4901541619973
1995-08-20 06:15:00,4.97,301.5071238174895
1995-08-20 06:16:00,146.353,377.1641482574855
1995-08-20 06:17:00,65.386,264.4565368190116
1995-08-20 06:18:00,182.255,255.10255471651573
1995-08-20 06:19:00,237.995,357.5970046267035
1995-08-20 06:20:00,281.78499999999997,398.35273503997615
1995-08-20 06:21:00,119.785,476.53688672815605
1995-08-20 06:22:00,103.12100000000001,476.39715088241803
1995-08-20 06:23:00,225.68699999999998,573.2833624037729
1995-08-20 06:24:00,263.05899999999997,557.9500754216799
1995-08-20 06:25:00,702.023,601.3091501031026
1995-08-20 06:26:00,34.076,459.61494695311296
1995-08-20 06:27:00,228.714,280.67721762433723
1995-08-20 06:28:00,56.564,555.0346182608523
1995-08-20 06:29:00,557.667,400.31603250140694
1995-08-20 06:30:00,69.011,507.25218675654713
1995-08-20 06:31:00,258.302,663.1380470783816
1995-08-20 06:32:00,1155.165,435.9467215736451
1995-08-20 06:33:00,24.169,332.22108111280477
1995-08-20 06:34:00,259.357,515.6845323974235
1995-08-20 06:35:00,143.56799999999998,570.593957703154
1995-08-20 06:36:00,96.579,406.26127084379783
1995-08-20 06:37:00,241.741,519.2250698971808
1995-08-20 06:38:00,159.53300000000002,523.0422679683951
1995-08-20 06:39:00,486.368,372.8645586271975
1995-08-20 06:40:00,180.791,562.7711836215268
1995-08-20 06:41:00,757.033,601.0415844385684
1995-08-20 06:42:00,133.221,665.6348883064242
1995-08-20 06:43:00,235.35,592.9633354010358
1995-08-20 06:44:00,366.829,531.0369263426661
1995-08-20 06:45:00,684.92,555.9098565019232
1995-08-20 06:46:00,65.536,576.6072837549195
1995-08-20 06:47:00,329.854,453.0143689523733
1995-08-20 06:48:00,170.31,745.5675992602764
1995-08-20 06:49:00,169.909,480.0771092911326
1995-08-20 06:50:00,19.733,383.62265542519924
1995-08-20 06:51:00,128.927,290.47566381672624
1995-08-20 06:52:00,214.88400000000001,339.157858072862
1995-08-20 06:53:00,11.219999999999999,293.63452872393054
1995-08-20 06:54:00,49.085,435.8163015286712
1995-08-20 06:55:00,174.759,324.26646900634887
1995-08-20 06:56:00,22.776,351.9532051721817
1995-08-20 06:57:00,1475.156,294.48799746557864
1995-08-20 06:58:00,29.562,397.06247846634454
1995-08-20 06:59:00,283.393,571.2328386969922
1995-08-20 07:00:00,18.726,461.13312911945275
1995-08-20 07:01:00,170.81300000000002,360.60842831311015
1995-08-20 07:02:00,114.565,400.95764240858864
1995-08-20 07:03:00,96.725,325.13504437739675
1995-08-20 07:04:00,100.819,267.9414454774828
1995-08-20 07:05:00,97.836,178.8893492545397
1995-08-20 07:06:00,344.262,306.4458464042621
1995-08-20 07:07:00,157.662,298.37873186141405
1995-08-20 07:08:00,171.087,337.3797877348389
1995-08-20 07:09:00,157.184,423.5226334052331
1995-08-20 07:10:00,108.08,433.8945966693901
1995-08-20 07:11:00,374.87600000000003,239.83315018271912
1995-08-20 07:12:00,140.877,398.8692806585175
1995-08-20 07:13:00,79.57000000000001,523.4380999410598
1995-08-20 07:14:00,162.47899999999998,396.5450724641485
1995-08-20 07:15:00,104.415,376.8610801865469
1995-08-20 07:16:00,69.529,430.71904108565485
1995-08-20 07:17:00,71.26400000000001,314.46526046650007
1995-08-20 07:18:00,271.22999999999996,322.3099779015209
1995-08-20 07:19:00,301.69,707.8802688076197
1995-08-20 07:20:00,140.382,905.0594258486835
1995-08-20 07:21:00,80.432,472.47647085601704
1995-08-20 07:22:00,159.001,501.3156861957331
1995-08-20 07:23:00,242.064,454.54026791959166
1995-08-20 07:24:00,52.137,536.5540651968606
1995-08-20 07:25:00,253.341,429.33105641427755
1995-08-20 07:26:00,218.355,360.7580848647585
1995-08-20 07:27:00,554.419,501.6993126484758
1995-08-20 07:28:00,387.89500000000004,420.50488509522
1995-08-20 07:29:00,296.677,550.7103779980366
1995-08-20 07:30:00,261.339,658.988075659482
1995-08-20 07:31:00,113.664,552.203579454561
1995-08-20 07:32:00,259.843,526.9731996914061
1995-08-20 07:33:00,324.915,534.553401575164
1995-08-20 07:34:00,565.565,531.0488770707404
1995-08-20 07:35:00,304.203,487.33372236441085
1995-08-20 07:36:00,133.774,793.7352910303266
1995-08-20 07:37:00,528.678,538.42763919301
1995-08-20 07:38:00,95.848,698.2010549051857
1995-08-20 07:39:00,247.208,722.2416484998473
1995-08-20 07:40:00,400.23900000000003,698.8581743908915
1995-08-20 07:41:00,421.223,737.1670738882071
1995-08-20 07:42:00,161.356,603.3480293635272
1995-08-20 07:43:00,1559.5810000000001,590.425629134648
1995-08-20 07:44:00,744.765,608.638656229209
1995-08-20 07:45:00,825.819,798.6307698726486
1995-08-20 07:46:00,1113.446,862.8626168139858
1995-08-20 07:47:00,114.195,996.0680234890402
1995-08-20 07:48:00,1036.1219999999998,863.1377653489294
1995-08-20 07:49:00,822.29,1029.3548664245295
1995-08-20 07:50:00,445.451,934.2537132550734
1995-08-20 07:51:00,378.132,909.7235885603708
1995-08-20 07:52:00,216.493,686.7826273651292
1995-08-20 07:53:00,71.642,705.6502626812303
1995-08-20 07:54:00,655.029,777.6318886481841
1995-08-20 07:55:00,390.161,760.286510527875
1995-08-20 07:56:00,92.481,746.0380761401012
1995-08-20 07:57:00,156.236,620.2085249150484
1995-08-20 07:58:00,290.579,694.6389876473868
1995-08-20 07:59:00,239.585,617.8437624301351
1995-08-20 08:00:00,90.834,641.9609319930443
1995-08-20 08:01:00,106.31500000000001,473.65703471221286
1995-08-20 08:02:00,509.82599999999996,524.7083205627875
1995-08-20 08:03:00,99.41199999999999,628.6293222475717
1995-08-20 08:04:00,101.395,555.8152805193376
1995-08-20 08:05:00,137.312,559.1969487833554
1995-08-20 08:06:00,169.37,577.9660898042663
1995-08-20 08:07:00,482.58000000000004,553.1221602809934
1995-08-20 08:08:00,188.703,588.0740099259227
1995-08-20 08:09:00,231.799,534.982167975119
1995-08-20 08:10:00,326.204,594.0539386732831
1995-08-20 08:11:00,602.408,617.4864649024361
1995-08-20 08:12:00,248.916,553.3813165139752
1995-08-20 08:13:00,49.895,667.6579113691594
1995-08-20 08:14:00,188.388,641.7608932086755
1995-08-20 08:15:00,69.692,468.01371165874053
1995-08-20 08:16:00,142.151,430.84676684808557
1995-08-20 08:17:00,3.036,455.4226275432482
1995-08-20 08:18:00,196.615,217.9133916645488
1995-08-20 08:19:00,141.15900000000002,294.65303400763815
1995-08-20 08:20:00,99.366,490.1697367382202
1995-08-20 08:21:00,385.072,387.87756489429006
1995-08-20 08:22:00,248.39,396.20259020905854
1995-08-20 08:23:00,66.952,482.792731314314
1995-08-20 08:24:00,1358.52,217.742968714416
1995-08-20 08:25:00,65.47,471.2162625103904
1995-08-20 08:26:00,271.827,508.87651740431323
1995-08-20 08:27:00,247.225,364.9739773892042
1995-08-20 08:28:00,1000.591,532.3928197715242
1995-08-20 08:29:00,247.499,788.0749786236285
1995-08-20 08:30:00,42.985,884.8130887385388
1995-08-20 08:31:00,302.813,590.6901997291442
1995-08-20 08:32:00,91.176,575.26107277411
1995-08-20 08:33:00,225.985,554.3649844550959
1995-08-20 08:34:00,1142.69,554.9517780109707
1995-08-20 08:35:00,424.022,673.7302058223603
1995-08-20 08:36:00,530.788,749.3647166869954
1995-08-20 08:37:00,19.722,755.0793882045882
1995-08-20 08:38:00,247.661,641.3328107620111
1995-08-20 08:39:00,300.51500000000004,706.668021311868
1995-08-20 08:40:00,336.479,683.6811699849054
1995-08-20 08:41:00,92.148,692.669507962637
1995-08-20 08:42:00,101.712,658.242967127751
1995-08-20 08:43:00,808.552,591.6993022513903
1995-08-20 08:44:00,562.4639999999999,847.082760180164
1995-08-20 08:45:00,55.111999999999995,712.4835664131846
1995-08-20 08:46:00,312.363,589.2026496406396
1995-08-20 08:47:00,924.4819999999999,787.3004079535137
1995-08-20 08:48:00,273.254,677.9392230995747
1995-08-20 08:49:00,65.362,846.3149496944808
1995-08-20 08:50:00,18.169,633.7784123425121
1995-08-20 08:51:00,502.77,511.346103408423
1995-08-20 08:52:00,51.650999999999996,622.5492517579884
1995-08-20 08:53:00,343.44,660.7060133639467
1995-08-20 08:54:00,589.544,542.0802920969916
1995-08-20 08:55:00,381.008,739.9346673112608
1995-08-20 08:56:00,288.812,673.1739558529448
1995-08-20 08:57:00,234.971,651.5789964030915
1995-08-20 08:58:00,525.588,709.4377587033724
1995-08-20 08:59:00,186.039,730.228929921361
1995-08-20 09:00:00,280.405,571.642779258374
1995-08-20 09:01:00,137.78300000000002,596.8194548388079
1995-08-20 09:02:00,172.00900000000001,672.0914677070296
1995-08-20 09:03:00,586.998,671.0608100604906
1995-08-20 09:04:00,211.526,560.0851336906844
1995-08-20 09:05:00,268.58,631.7326351464502
1995-08-20 09:06:00,457.218,610.3088527980016
1995-08-20 09:07:00,414.121,593.5304937514693
1995-08-20 09:08:00,125.654,729.3628664548015
1995-08-20 09:09:00,174.458,642.9969176661928
1995-08-20 09:10:00,155.514,612.9236330342629
1995-08-20 09:11:00,139.606,539.5731261044602
1995-08-20 09:12:00,197.175,625.9750934867222
1995-08-20 09:13:00,356.976,620.1084767755568
1995-08-20 09:14:00,506.396,572.2506994849911
1995-08-20 09:15:00,339.384,632.9969157394939
1995-08-20 09:16:00,378.706,750.1855246175114
1995-08-20 09:17:00,287.724,752.0171977376096
1995-08-20 09:18:00,199.20499999999998,705.9769869191738
1995-08-20 09:19:00,345.461,644.4215121925467
1995-08-20 09:20:00,248.886,575.3448700978398
1995-08-20 09:21:00,245.607,576.0529999316899
1995-08-20 09:22:00,135.754,614.9163863337762
1995-08-20 09:23:00,347.725,561.6344295273782
1995-08-20 09:24:00,203.788,584.3439967582832
1995-08-20 09:25:00,352.184,793.7382707990156
1995-08-20 09:26:00,84.831,854.7185233058814
1995-08-20 09:27:00,231.332,630.4381749166521
1995-08-20 09:28:00,73.066,715.0426544176884
1995-08-20 09:29:00,208.751,412.58125235467315
1995-08-20 09:30:00,680.2500000000001,627.0044638751865
1995-08-20 09:31:00,591.9509999999999,674.8607419543376
1995-08-20 09:32:00,187.78799999999998,819.0401207105016
1995-08-20 09:33:00,180.221,740.8037739175358
1995-08-20 09:34:00,520.7909999999999,776.8380184159373
1995-08-20 09:35:00,317.915,771.1292518255161
1995-08-20 09:36:00,354.7,886.3868603623998
1995-08-20 09:37:00,677.705,898.4289750793773
1995-08-20 09:38:00,338.988,900.1517379860883
1995-08-20 09:39:00,172.12800000000001,1041.5016926390365
1995-08-20 09:40:00,667.323,839.0172324764446
1995-08-20 09:41:00,104.681,844.9084551686027
1995-08-20 09:42:00,410.867,721.7173446933073
1995-08-20 09:43:00,662.58,790.2287098342566
1995-08-20 09:44:00,508.365,923.8195367795419
1995-08-20 09:45:00,267.09000000000003,863.7815105480828
1995-08-20 09:46:00,266.741,859.6655853562202
1995-08-20 09:47:00,329.998,865.9705358293002
1995-08-20 09:48:00,411.0,836.0864422107575
1995-08-20 09:49:00,432.689,851.4669570357253
1995-08-20 09:50:00,251.584,1037.1353993011055
1995-08-20 09:51:00,360.33700000000005,802.9939390146753
1995-08-20 09:52:00,198.91500000000002,804.1240609889936
1995-08-20 09:53:00,403.829,757.3624584762412
1995-08-20 09:54:00,511.857,868.1488522392608
1995-08-20 09:55:00,403.185,723.9308514804324
1995-08-20 09:56:00,506.329,947.906852800756
1995-08-20 09:57:00,541.488,814.9808411051087
1995-08-20 09:58:00,528.982,1168.957952243942
1995-08-20 09:59:00,170.823,911.2836272224845
1995-08-20 10:00:00,55.804,890.603177817938
1995-08-20 10:01:00,717.9110000000001,601.5339237929243
1995-08-20 10:02:00,323.206,750.4213569951623
1995-08-20 10:03:00,84.135,675.100876558179
1995-08-20 10:04:00,254.43099999999998,554.5966125401269
1995-08-20 10:05:00,359.86,728.3702782102617
1995-08-20 10:06:00,174.316,784.0303730943504
1995-08-20 10:07:00,371.485,868.4386150112543
1995-08-20 10:08:00,252.101,894.7564114554243
1995-08-20 10:09:00,318.51599999999996,1157.2987230461176
1995-08-20 10:10:00,228.845,990.4366127996298
1995-08-20 10:11:00,554.972,882.5298020196325
1995-08-20 10:12:00,108.138,790.8094383664453
1995-08-20 10:13:00,264.42,738.8106616131253
1995-08-20 10:14:00,149.559,725.0170352359361
1995-08-20 10:15:00,841.5999999999999,650.8677797329792
1995-08-20 10:16:00,130.348,663.6084924333376
1995-08-20 10:17:00,274.705,689.2898383139454
1995-08-20 10:18:00,255.001,734.6325324925659
1995-08-20 10:19:00,714.057,820.7231106977365
1995-08-20 10:20:00,228.303,794.570199763992
1995-08-20 10:21:00,231.941,767.6995403844938
1995-08-20 10:22:00,2484.8050000000003,891.6034328453972
1995-08-20 10:23:00,404.181,1071.8241203171153
1995-08-20 10:24:00,281.306,792.8972787221951
1995-08-20 10:25:00,820.2909999999999,966.5791200623105
1995-08-20 10:26:00,517.883,936.1637618469667
1995-08-20 10:27:00,489.793,986.6438270455669
1995-08-20 10:28:00,333.498,951.3577097799641
1995-08-20 10:29:00,599.393,965.791394351536
1995-08-20 10:30:00,446.684,1054.4419472392342
1995-08-20 10:31:00,1457.4750000000001,1064.4968702168926
1995-08-20 10:32:00,1700.5320000000002,1156.9108899967325
1995-08-20 10:33:00,1625.921,1215.3087745050732
1995-08-20 10:34:00,552.385,1295.533324398429
1995-08-20 10:35:00,817.3249999999999,1224.8154876994656
1995-08-20 10:36:00,259.193,1403.9117066912202
1995-08-20 10:37:00,344.534,1319.4038238449625
1995-08-20 10:38:00,756.517,1215.5220200724366
1995-08-20 10:39:00,108.784,1042.945453708087
1995-08-20 10:40:00,546.425,964.909264907174
1995-08-20 10:41:00,136.65800000000002,1051.9016899298379
1995-08-20 10:42:00,1051.941,595.8135085250576
1995-08-20 10:43:00,1522.635,1047.4955330985724
1995-08-20 10:44:00,586.922,1236.8214404837638
1995-08-20 10:45:00,438.327,1240.5822468001084
1995-08-20 10:46:00,239.09099999999998,1206.8730211623913
1995-08-20 10:47:00,474.347,1139.0127436197106
1995-08-20 10:48:00,253.814,995.0706499387273
1995-08-20 10:49:00,775.0219999999999,1048.9570789439192
1995-08-20 10:50:00,784.4590000000001,1090.0172141498642
1995-08-20 10:51:00,416.543,1001.5834378402581
1995-08-20 10:52:00,486.197,1104.3059456778042
1995-08-20 10:53:00,662.646,1021.9820033147734
1995-08-20 10:54:00,1461.7350000000001,1094.4080571296138
1995-08-20 10:55:00,727.843,1144.9235671815552
1995-08-20 10:56:00,187.977,1136.813930957591
1995-08-20 10:57:00,263.397,1114.4908086655762
1995-08-20 10:58:00,254.302,1140.5190259829155
1995-08-20 10:59:00,163.095,1056.258955622736
1995-08-20 11:00:00,266.863,651.2029976775432
1995-08-20 11:01:00,1280.663,768.0437105249663
1995-08-20 11:02:00,316.39099999999996,648.1992211685565
1995-08-20 11:03:00,169.36700000000002,951.3303218264743
1995-08-20 11:04:00,295.038,764.1817987326447
1995-08-20 11:05:00,418.12399999999997,746.6434921198859
1995-08-20 11:06:00,636.632,884.883516134092
1995-08-20 11:07:00,242.14600000000002,876.106559927624
1995-08-20 11:08:00,407.387,825.8547779841352
1995-08-20 11:09:00,177.44099999999997,851.1696597358774
1995-08-20 11:10:00,152.61,697.8251310065037
1995-08-20 11:11:00,1551.4180000000001,661.2859056834627
1995-08-20 11:12:00,519.86,707.0623309606478
1995-08-20 11:13:00,215.36100000000002,801.7481547062063
1995-08-20 11:14:00,105.072,847.0737881560042
1995-08-20 11:15:00,1504.636,812.5242780564492
1995-08-20 11:16:00,107.05,634.5026392069451
1995-08-20 11:17:00,466.324,719.6444836714235
1995-08-20 11:18:00,189.98399999999998,579.8637717492169
1995-08-20 11:19:00,991.757,840.3533627709027
1995-08-20 11:20:00,1720.0720000000001,766.8468870349127
1995-08-20 11:21:00,1520.9579999999999,959.4710452601304
1995-08-20 11:22:00,419.19399999999996,997.9784039158692
1995-08-20 11:23:00,439.995,1031.8135069606099
1995-08-20 11:24:00,281.764,1022.4647290431167
1995-08-20 11:25:00,252.001,1027.0322594937618
1995-08-20 11:26:00,465.702,903.0398988153854
1995-08-20 11:27:00,89.127,966.0809160994055
1995-08-20 11:28:00,180.79,803.325990753462
1995-08-20 11:29:00,1418.27,786.3740703915997
1995-08-20 11:30:00,455.521,888.329062449323
1995-08-20 11:31:00,351.29200000000003,901.1016414366646
1995-08-20 11:32:00,619.103,865.6884404848317
1995-08-20 11:33:00,463.827,1057.39429065099
1995-08-20 11:34:00,1439.259,1074.9342415932051
1995-08-20 11:35:00,212.736,1163.8789123355173
1995-08-20 11:36:00,1030.895,1162.5297632704153
1995-08-20 11:37:00,1134.441,1226.707182305585
1995-08-20 11:38:00,1859.6339999999998,1163.186878550469
1995-08-20 11:39:00,832.895,1343.7204608945633
1995-08-20 11:40:00,1337.592,1337.669504347015
1995-08-20 11:41:00,118.768,1187.3914631972934
1995-08-20 11:42:00,2591.619,1298.462931279979
1995-08-20 11:43:00,411.99,1338.709128538949
1995-08-20 11:44:00,284.16499999999996,1269.6838879666125
1995-08-20 11:45:00,607.656,1300.6751285810274
1995-08-20 11:46:00,2319.511,1056.9310686109802
1995-08-20 11:47:00,2703.31,1194.9570928276391
1995-08-20 11:48:00,493.281,1662.1658410445891
1995-08-20 11:49:00,493.193,1248.0329334241917
1995-08-20 11:50:00,1408.911,1286.6137579623744
1995-08-20 11:51:00,486.589,1379.4978896857472
1995-08-20 11:52:00,166.15200000000002,1278.3208225985873
1995-08-20 11:53:00,81.338,1188.539876182497
1995-08-20 11:54:00,1324.3600000000001,1226.0370010838558
1995-08-20 11:55:00,706.348,1264.9791357497686
1995-08-20 11:56:00,880.653,1298.1594147408293
1995-08-20 11:57:00,305.132,1282.3417047031642
1995-08-20 11:58:00,546.322,1390.4520249413372
1995-08-20 11:59:00,1397.1,1292.5189382699584
1995-08-20 12:00:00,499.66,1434.6889971586436
1995-08-20 12:01:00,1270.114,1435.0482434542928
1995-08-20 12:02:00,106.506,1301.3798167277123
1995-08-20 12:03:00,101.959,1233.8675605071007
1995-08-20 12:04:00,437.50300000000004,1045.0134646804556
1995-08-20 12:05:00,69.76,1132.2009092534815
1995-08-20 12:06:00,366.05400000000003,913.3952700415994
1995-08-20 12:07:00,379.852,1038.684686422526
1995-08-20 12:08:00,1070.011,1087.0741300953623
1995-08-20 12:09:00,183.27599999999998,1244.3379574758392
1995-08-20 12:10:00,229.764,1066.3781436172947
1995-08-20 12:11:00,482.173,1128.7306391983636
1995-08-20 12:12:00,164.921,1072.398624668672
1995-08-20 12:13:00,327.572,927.5883409628768
1995-08-20 12:14:00,752.362,739.8655572597505
1995-08-20 12:15:00,479.579,1469.2472482664487
1995-08-20 12:16:00,74.355,1042.1295475031968
1995-08-20 12:17:00,403.337,984.0797929112348
1995-08-20 12:18:00,234.47,921.2105410785895
1995-08-20 12:19:00,265.347,994.3049276799694
1995-08-20 12:20:00,239.28500000000003,1022.4537072249268
1995-08-20 12:21:00,311.165,919.2268943328945
1995-08-20 12:22:00,770.342,783.4385061774116
1995-08-20 12:23:00,756.6229999999999,849.1235760459124
1995-08-20 12:24:00,566.8209999999999,924.8657633869428
1995-08-20 12:25:00,481.57599999999996,1087.6029324769015
1995-08-20 12:26:00,761.5419999999999,1032.6725588494312
1995-08-20 12:27:00,150.03300000000002,1006.959022649342
1995-08-20 12:28:00,656.365,880.4440170128898
1995-08-20 12:29:00,646.529,1043.6810296874344
1995-08-20 12:30:00,289.958,1051.8265377445189
1995-08-20 12:31:00,513.608,1150.936770200955
1995-08-20 12:32:00,483.31399999999996,1060.2227924069973
1995-08-20 12:33:00,87.765,1069.8879960032505
1995-08-20 12:34:00,316.188,836.1760881047097
1995-08-20 12:35:00,416.33099999999996,811.5192999129952
1995-08-20 12:36:00,177.11,914.9474289655332
1995-08-20 12:37:00,638.411,1049.8640817957728
1995-08-20 12:38:00,1168.146,1008.0670786900699
1995-08-20 12:39:00,536.08,1009.7378266148655
1995-08-20 12:40:00,555.892,1054.8392192542342
1995-08-20 12:41:00,474.969,1096.4790363572797
1995-08-20 12:42:00,2039.338,1091.5375925894039
1995-08-20 12:43:00,289.628,1106.5299411907476
1995-08-20 12:44:00,1801.114,1200.2654552574656
1995-08-20 12:45:00,1046.675,1397.1266981518218
1995-08-20 12:46:00,845.5160000000001,870.5902402610917
1995-08-20 12:47:00,366.452,1254.8569534822
1995-08-20 12:48:00,880.6329999999999,1125.106397623553
1995-08-20 12:49:00,1530.708,1236.073950601036
1995-08-20 12:50:00,1272.652,1167.1100501637284
1995-08-20 12:51:00,723.907,1269.956448235089
1995-08-20 12:52:00,2352.797,1344.0682503550188
1995-08-20 12:53:00,1591.911,1288.3707419620093
1995-08-20 12:54:00,189.738,1521.2180272009446
1995-08-20 12:55:00,361.078,1428.282268186697
1995-08-20 12:56:00,633.639,1391.2649264204508
1995-08-20 12:57:00,690.2470000000001,1377.7265076967194
1995-08-20 12:58:00,276.075,1415.601410722108
1995-08-20 12:59:00,327.01,1116.6212949536257
1995-08-20 13:00:00,224.052,1105.0162081671085
1995-08-20 13:01:00,200.396,1016.2988732277704
1995-08-20 13:02:00,311.212,888.3463279478717
1995-08-20 13:03:00,351.313,1210.6839649995904
1995-08-20 13:04:00,438.457,978.2136484200453
1995-08-20 13:05:00,1051.861,1097.8349674912001
1995-08-20 13:06:00,465.81300000000005,1058.7934168798
1995-08-20 13:07:00,416.096,1060.5677632672985
1995-08-20 13:08:00,278.497,1109.5027997581954
1995-08-20 13:09:00,118.189,1027.7109543739984
1995-08-20 13:10:00,289.625,774.819487634659
1995-08-20 13:11:00,291.398,865.9515503246789
1995-08-20 13:12:00,998.9200000000001,977.0481105838951
1995-08-20 13:13:00,313.78,1119.8426636919467
1995-08-20 13:14:00,260.112,982.058917006519
1995-08-20 13:15:00,211.536,772.7895479968477
1995-08-20 13:16:00,974.064,873.9386371611239
1995-08-20 13:17:00,735.532,942.5101045830816
1995-08-20 13:18:00,544.619,1064.545272673467
1995-08-20 13:19:00,688.4860000000001,1067.3214371395184
1995-08-20 13:20:00,483.204,1117.6244588790205
1995-08-20 13:21:00,290.82300000000004,1089.6411749648678
1995-08-20 13:22:00,670.953,983.736045534702
1995-08-20 13:23:00,304.231,1017.9420911915678
1995-08-20 13:24:00,364.21000000000004,953.3706006117598
1995-08-20 13:25:00,349.986,903.3653775168366
1995-08-20 13:26:00,112.453,789.3909880412211
1995-08-20 13:27:00,210.41,572.3637590153304
1995-08-20 13:28:00,175.749,720.3950082677985
1995-08-20 13:29:00,294.187,723.087602819543
1995-08-20 13:30:00,1351.463,660.4462791736385
1995-08-20 13:31:00,253.148,697.3035194152509
1995-08-20 13:32:00,268.61,976.8321194807322
1995-08-20 13:33:00,581.538,989.7798272001402
1995-08-20 13:34:00,414.887,803.725575092796
1995-08-20 13:35:00,317.118,833.6920693943335
1995-08-20 13:36:00,121.126,1050.014850799783
1995-08-20 13:37:00,135.118,669.8145415862999
1995-08-20 13:38:00,197.226,605.320189060464
1995-08-20 13:39:00,484.57,665.7982385571468
1995-08-20 13:40:00,321.669,830.5027240882758
1995-08-20 13:41:00,795.7629999999999,696.3174068799756
1995-08-20 13:42:00,303.546,893.0201082852637
1995-08-20 13:43:00,676.42,788.6503284016632
1995-08-20 13:44:00,161.43,901.8265795916279
1995-08-20 13:45:00,373.983,776.7588225694703
1995-08-20 13:46:00,340.21999999999997,965.0914385968498
1995-08-20 13:47:00,188.172,830.5930336900037
1995-08-20 13:48:00,189.987,781.2990403330192
1995-08-20 13:49:00,229.947,794.1710243816019
1995-08-20 13:50:00,352.711,740.2941506488038
1995-08-20 13:51:00,329.993,773.5507494705865
1995-08-20 13:52:00,1295.989,835.4353041218272
1995-08-20 13:53:00,269.81,906.0562041408182
1995-08-20 13:54:00,363.434,836.1015524489518
1995-08-20 13:55:00,1059.224,786.8616516297553
1995-08-20 13:56:00,95.47500000000001,977.4929713072247
1995-08-20 13:57:00,547.545,988.2844182343318
1995-08-20 13:58:00,470.75100000000003,986.4282496513467
1995-08-20 13:59:00,122.31099999999999,850.7436440468035
1995-08-20 14:00:00,349.832,867.4826785287072
1995-08-20 14:01:00,1251.612,872.2220758993645
1995-08-20 14:02:00,143.964,791.0871383451192
1995-08-20 14:03:00,596.79,719.5100838661605
1995-08-20 14:04:00,139.065,738.6665304470615
1995-08-20 14:05:00,485.499,828.9431538946268
1995-08-20 14:06:00,289.915,972.1554300278711
1995-08-20 14:07:00,1637.548,889.5402893252428
1995-08-20 14:08:00,674.6080000000001,1056.0689464191264
1995-08-20 14:09:00,486.338,945.602610665563
1995-08-20 14:10:00,476.156,1284.11920366415
1995-08-20 14:11:00,577.744,1087.7031976913313
1995-08-20 14:12:00,339.449,1097.6442211289543
1995-08-20 14:13:00,294.673,1107.7305289447177
1995-08-20 14:14:00,276.284,950.2423952289163
1995-08-20 14:15:00,269.411,769.7368388365319
1995-08-20 14:16:00,506.749,955.7411017432853
1995-08-20 14:17:00,765.001,905.1946382608144
1995-08-20 14:18:00,621.323,1163.2552020847947
1995-08-20 14:19:00,37.638999999999996,1006.6719286877895
1995-08-20 14:20:00,112.649,859.5280454805816
1995-08-20 14:21:00,177.656,588.1598260806404
1995-08-20 14:22:00,241.27,664.8611243615383
1995-08-20 14:23:00,206.758,900.5813945617855
1995-08-20 14:24:00,205.927,896.4930760410242
1995-08-20 14:25:00,148.987,803.5293459418605
1995-08-20 14:26:00,78.259,707.9402037815926
1995-08-20 14:27:00,417.54100000000005,755.7972038391325
1995-08-20 14:28:00,325.252,688.8527692304392
1995-08-20 14:29:00,406.355,766.9296740424049
1995-08-20 14:30:00,93.989,763.3876777078067
1995-08-20 14:31:00,440.58299999999997,607.568708265561
1995-08-20 14:32:00,436.423,717.0862952117141
1995-08-20 14:33:00,357.798,756.0039844699425
1995-08-20 14:34:00,265.911,724.2473284056682
1995-08-20 14:35:00,38.879,759.4982545807239
1995-08-20 14:36:00,275.40999999999997,593.8408594740578
1995-08-20 14:37:00,523.81,760.5988425481503
1995-08-20 14:38:00,230.185,705.388804209798
1995-08-20 14:39:00,602.875,737.0616488719352
1995-08-20 14:40:00,396.813,781.0925955917185
1995-08-20 14:41:00,666.811,835.1503668408307
1995-08-20 14:42:00,339.248,1067.6875569466088
1995-08-20 14:43:00,1039.747,972.8701090482997
1995-08-20 14:44:00,289.194,1188.26039669579
1995-08-20 14:45:00,263.675,1239.8804041295703
1995-08-20 14:46:00,1046.018,979.3295298453949
1995-08-20 14:47:00,317.156,1283.7909769601574
1995-08-20 14:48:00,714.144,1010.7327357598984
1995-08-20 14:49:00,391.749,1103.923115775701
1995-08-20 14:50:00,617.076,879.7962488326474
1995-08-20 14:51:00,607.0840000000001,1162.51503574384
1995-08-20 14:52:00,453.719,972.3411059320897
1995-08-20 14:53:00,1447.681,1085.0461246249315
1995-08-20 14:54:00,698.683,1031.2262100595344
1995-08-20 14:55:00,1486.988,1066.0543116783751
1995-08-20 14:56:00,1539.696,1139.2238954211855
1995-08-20 14:57:00,1162.2079999999999,1328.8032986381186
1995-08-20 14:58:00,1602.7579999999998,1309.5309377359695
1995-08-20 14:59:00,888.897,1523.1662821066718
1995-08-20 15:00:00,298.671,1206.9467230008718
1995-08-20 15:01:00,137.517,1134.1399078410248
1995-08-20 15:02:00,437.771,1068.6315202269598
1995-08-20 15:03:00,982.544,1056.9281088799062
1995-08-20 15:04:00,209.272,977.5683192175962
1995-08-20 15:05:00,329.69,991.7555916389691
1995-08-20 15:06:00,200.792,1010.7548609486306
1995-08-20 15:07:00,911.885,871.8970724395117
1995-08-20 15:08:00,347.457,1038.3468041183492
1995-08-20 15:09:00,630.711,931.8853930318134
1995-08-20 15:10:00,573.638,1161.9326892702334
1995-08-20 15:11:00,432.874,1183.2026931347466
1995-08-20 15:12:00,1454.268,1154.9589673758376
1995-08-20 15:13:00,372.446,1158.8724365948494
1995-08-20 15:14:00,908.006,1249.2289872933661
1995-08-20 15:15:00,832.0540000000001,1090.8403078572283
1995-08-20 15:16:00,601.728,1334.4465677666658
1995-08-20 15:17:00,547.946,1111.4366692492122
1995-08-20 15:18:00,380.57500000000005,1185.559638416277
1995-08-20 15:19:00,934.3190000000001,1115.5026448416534
1995-08-20 15:20:00,856.19,1082.8812708671899
1995-08-20 15:21:00,649.056,1040.1376813174102
1995-08-20 15:22:00,320.2,1186.7748798382236
1995-08-20 15:23:00,202.436,1092.2015258736858
1995-08-20 15:24:00,511.16700000000003,999.58900783113
1995-08-20 15:25:00,440.666,965.2589299683898
1995-08-20 15:26:00,638.659,888.1537004723592
1995-08-20 15:27:00,810.5009999999999,862.9882872956656
1995-08-20 15:28:00,282.59000000000003,1088.4016252620634
1995-08-20 15:29:00,419.82500000000005,950.569546887888
1995-08-20 15:30:00,297.96500000000003,999.0124441234988
1995-08-20 15:31:00,154.519,905.1310711293095
1995-08-20 15:32:00,319.918,797.5627692453028
1995-08-20 15:33:00,228.722,867.0682411243523
1995-08-20 15:34:00,552.992,768.3888141534343
1995-08-20 15:35:00,230.07500000000002,977.1579294416836
1995-08-20 15:36:00,200.868,912.9465217302962
1995-08-20 15:37:00,396.392,651.8975995680751
1995-08-20 15:38:00,184.024,782.21297652098
1995-08-20 15:39:00,151.573,737.3957064224835
1995-08-20 15:40:00,549.045,789.189377060192
1995-08-20 15:41:00,628.054,781.314617932955
1995-08-20 15:42:00,438.888,900.0582082618891
1995-08-20 15:43:00,459.598,1051.7372295267367
1995-08-20 15:44:00,420.64500000000004,823.5581547316726
1995-08-20 15:45:00,453.64,945.6555749421613
1995-08-20 15:46:00,1072.666,864.7281877684243
1995-08-20 15:47:00,618.039,876.4190866543165
1995-08-20 15:48:00,951.962,963.5107350362949
1995-08-20 15:49:00,1624.0510000000002,1029.0473727343553
1995-08-20 15:50:00,603.106,1162.831715659702
1995-08-20 15:51:00,336.487,1178.1225254401595
1995-08-20 15:52:00,482.639,1202.6444319083323
1995-08-20 15:53:00,889.021,1168.814994041601
1995-08-20 15:54:00,478.201,1318.1969771255285
1995-08-20 15:55:00,492.465,1188.4672992654212
1995-08-20 15:56:00,1669.85,1114.8632118954417
1995-08-20 15:57:00,351.58,1185.3542368141702
1995-08-20 15:58:00,160.20499999999998,1043.0956677144436
1995-08-20 15:59:00,1156.865,883.3086762412847
1995-08-20 16:00:00,487.129,1211.000324261492
1995-08-20 16:01:00,357.272,1127.6334191502358
1995-08-20 16:02:00,1430.933,929.5848456141447
1995-08-20 16:03:00,741.992,1069.9479381578578
1995-08-20 16:04:00,557.2139999999999,1144.8901243870394
1995-08-20 16:05:00,483.186,1274.52014928357
1995-08-20 16:06:00,401.68399999999997,1097.4304636851482
1995-08-20 16:07:00,748.8589999999999,1048.5514365371982
1995-08-20 16:08:00,834.659,1074.5956842843448
1995-08-20 16:09:00,1262.174,1183.9123997722766
1995-08-20 16:10:00,1062.238,1331.0302477769044
1995-08-20 16:11:00,1470.148,1278.9609007427325
1995-08-20 16:12:00,1725.643,1298.3074268788969
1995-08-20 16:13:00,373.931,1390.9710281798145
1995-08-20 16:14:00,295.87,1380.6835094978837
1995-08-20 16:15:00,998.507,1285.0946860109586
1995-08-20 16:16:00,692.5830000000001,1526.57198809685
1995-08-20 16:17:00,2495.088,1286.0624864987458
1995-08-20 16:18:00,639.466,1386.9043544593485
1995-08-20 16:19:00,1197.492,1478.5753683452517
1995-08-20 16:20:00,492.606,1606.2305517029845
1995-08-20 16:21:00,421.51300000000003,1263.2051462442437
1995-08-20 16:22:00,760.119,1290.092615805719
1995-08-20 16:23:00,1504.0610000000001,1301.6510197190005
1995-08-20 16:24:00,264.39300000000003,1312.2022000878144
1995-08-20 16:25:00,553.05,1299.9789566359186
1995-08-20 16:26:00,258.71,1415.939892008157
1995-08-20 16:27:00,896.809,1255.443439629181
1995-08-20 16:28:00,378.026,1423.92720322588
1995-08-20 16:29:00,858.796,1086.642463161945
1995-08-20 16:30:00,673.668,1160.6927566370023
1995-08-20 16:31:00,623.5120000000001,1418.3526555821513
1995-08-20 16:32:00,758.488,1340.09379499023
1995-08-20 16:33:00,748.656,1606.114961740842
1995-08-20 16:34:00,365.367,1251.5977488008534
1995-08-20 16:35:00,604.6809999999999,1165.9259296032644
1995-08-20 16:36:00,697.157,1035.5915235081056
1995-08-20 16:37:00,455.738,1039.8843125240217
1995-08-20 16:38:00,1303.1560000000002,1257.4511931273553
1995-08-20 16:39:00,397.931,1136.345503392911
1995-08-20 16:40:00,443.103,1070.5090395993693
1995-08-20 16:41:00,655.484,996.7338154117239
1995-08-20 16:42:00,537.6419999999999,1201.8629220154648
1995-08-20 16:43:00,907.916,1117.6892924970848
1995-08-20 16:44:00,748.445,1156.1619941617291
1995-08-20 16:45:00,607.629,1145.167533208402
1995-08-20 16:46:00,589.791,1345.2229242256435
1995-08-20 16:47:00,304.26099999999997,1263.3198501483444
1995-08-20 16:48:00,861.8520000000001,1212.5959114202863
1995-08-20 16:49:00,721.678,1245.6438850950458
1995-08-20 16:50:00,528.325,1214.8229584620472
1995-08-20 16:51:00,649.533,1042.5351669844836
1995-08-20 16:52:00,268.789,986.1227621176657
1995-08-20 16:53:00,1207.585,973.9398590532234
1995-08-20 16:54:00,202.76,1216.213753953985
1995-08-20 16:55:00,525.131,1102.138721081421
1995-08-20 16:56:00,129.642,1175.7339225290646
1995-08-20 16:57:00,504.871,912.7805522348204
1995-08-20 16:58:00,404.45799999999997,942.6933045764515
1995-08-20 16:59:00,471.741,822.4911317161739
1995-08-20 17:00:00,884.3290000000001,853.57905974567
1995-08-20 17:01:00,210.542,859.4142551838113
1995-08-20 17:02:00,623.227,1070.1629348987326
1995-08-20 17:03:00,317.923,975.4847343352237
1995-08-20 17:04:00,350.463,875.7360044170752
1995-08-20 17:05:00,528.2950000000001,891.1914683633985
1995-08-20 17:06:00,704.094,869.2233829539215
1995-08-20 17:07:00,559.2660000000001,1003.0430095895613
1995-08-20 17:08:00,198.99699999999999,961.9942690423804
1995-08-20 17:09:00,123.181,845.871927525547
1995-08-20 17:10:00,663.864,801.547158623339
1995-08-20 17:11:00,546.1890000000001,901.7331263164759
1995-08-20 17:12:00,511.216,829.8552555270436
1995-08-20 17:13:00,414.527,887.3280093731041
1995-08-20 17:14:00,516.332,847.3654863508028
1995-08-20 17:15:00,627.696,1032.9943754782666
1995-08-20 17:16:00,346.95,1118.773645781078
1995-08-20 17:17:00,97.142,971.3376226282586
1995-08-20 17:18:00,94.632,733.0859253124813
1995-08-20 17:19:00,251.746,643.1021439808206
1995-08-20 17:20:00,98.465,822.04097535615
1995-08-20 17:21:00,358.80999999999995,473.25868292972416
1995-08-20 17:22:00,242.16499999999996,789.4007013646634
1995-08-20 17:23:00,100.66199999999999,821.9308934486379
1995-08-20 17:24:00,152.926,592.7063759061076
1995-08-20 17:25:00,293.55400000000003,569.3635695033586
1995-08-20 17:26:00,454.785,778.6214511709107
1995-08-20 17:27:00,284.117,796.8176613765226
1995-08-20 17:28:00,130.851,675.8365310108624
1995-08-20 17:29:00,88.202,751.6337051578836
1995-08-20 17:30:00,184.065,537.7868060035026
1995-08-20 17:31:00,109.661,477.74484145528237
1995-08-20 17:32:00,492.85,548.8380624691694
1995-08-20 17:33:00,75.505,616.2543952619798
1995-08-20 17:34:00,864.286,488.0142786599655
1995-08-20 17:35:00,139.73600000000002,628.1403609874257
1995-08-20 17:36:00,198.472,791.6233255484938
1995-08-20 17:37:00,321.693,526.5868836047242
1995-08-20 17:38:00,1147.663,755.3302982220051
1995-08-20 17:39:00,1067.532,921.5455044780059
1995-08-20 17:40:00,506.87899999999996,1061.8511078362299
1995-08-20 17:41:00,405.777,935.3531459865643
1995-08-20 17:42:00,254.642,1199.709814347848
1995-08-20 17:43:00,255.497,929.4879696192841
1995-08-20 17:44:00,400.584,873.6600920621808
1995-08-20 17:45:00,589.683,885.3529561774272
1995-08-20 17:46:00,498.614,952.1937064367219
1995-08-20 17:47:00,114.577,882.4443652063514
1995-08-20 17:48:00,61.512,666.5788806822376
1995-08-20 17:49:00,372.589,735.181238781468
1995-08-20 17:50:00,511.234,895.2978463063223
1995-08-20 17:51:00,845.102,828.3016079915233
1995-08-20 17:52:00,279.293,1041.8869137228546
1995-08-20 17:53:00,700.705,973.6361822724874
1995-08-20 17:54:00,208.945,1044.141884962465
1995-08-20 17:55:00,1229.183,948.8419206772702
1995-08-20 17:56:00,484.71299999999997,1073.119229874111
1995-08-20 17:57:00,205.224,923.4860078911587
1995-08-20 17:58:00,370.87,916.1813796027151
1995-08-20 17:59:00,201.27,946.6569534039717
1995-08-20 18:00:00,346.617,899.5140564513707
1995-08-20 18:01:00,543.9929999999999,859.3151075039676
1995-08-20 18:02:00,512.867,1064.3231855504077
1995-08-20 18:03:00,838.981,791.534748871245
1995-08-20 18:04:00,466.909,845.0990149722271
1995-08-20 18:05:00,869.467,1055.379948291078
1995-08-20 18:06:00,1363.7259999999999,1172.5453181422688
1995-08-20 18:07:00,481.54,1199.7314044064874
1995-08-20 18:08:00,484.28700000000003,1226.8147775373848
1995-08-20 18:09:00,352.852,1048.5417072773478
1995-08-20 18:10:00,363.341,926.206474947374
1995-08-20 18:11:00,405.923,940.3146478737432
1995-08-20 18:12:00,477.34299999999996,936.4329284615344
1995-08-20 18:13:00,429.172,863.0366199664672
1995-08-20 18:14:00,720.435,914.1457795778855
1995-08-20 18:15:00,410.733,990.333784159943
1995-08-20 18:16:00,366.932,957.1123516586123
1995-08-20 18:17:00,510.111,956.4830950147734
1995-08-20 18:18:00,595.702,1011.0012322219828
1995-08-20 18:19:00,120.005,909.5222386122501
1995-08-20 18:20:00,305.49,917.1763843545181
1995-08-20 18:21:00,1655.584,898.0634872759932
1995-08-20 18:22:00,367.651,929.4809462035201
1995-08-20 18:23:00,771.1,1005.6037281478323
1995-08-20 18:24:00,246.227,1099.7016508941472
1995-08-20 18:25:00,293.979,1042.7863186955487
1995-08-20 18:26:00,481.82800000000003,897.5195902276128
1995-08-20 18:27:00,253.99800000000002,1029.2464449418915
1995-08-20 18:28:00,328.01899999999995,837.5996012278139
1995-08-20 18:29:00,668.097,776.887615865795
1995-08-20 18:30:00,318.083,890.2273770958963
1995-08-20 18:31:00,121.778,764.9652972271788
1995-08-20 18:32:00,853.8560000000001,793.4204060133183
1995-08-20 18:33:00,680.734,1004.1995211613959
1995-08-20 18:34:00,430.48199999999997,1020.375859161505
1995-08-20 18:35:00,525.734,895.807285337207
1995-08-20 18:36:00,445.01800000000003,959.1708566162188
1995-08-20 18:37:00,842.477,973.3349170465708
1995-08-20 18:38:00,421.688,927.8742207975636
1995-08-20 18:39:00,358.0,885.6699764678101
1995-08-20 18:40:00,722.5550000000001,814.7127525304508
1995-08-20 18:41:00,391.145,942.789649043722
1995-08-20 18:42:00,125.424,1149.0567122700747
1995-08-20 18:43:00,315.435,794.6069052279482
1995-08-20 18:44:00,335.183,840.5386785561685
1995-08-20 18:45:00,361.467,817.0918802564723
1995-08-20 18:46:00,108.726,771.9318404628856
1995-08-20 18:47:00,63.898,740.2839260749489
1995-08-20 18:48:00,53.227000000000004,652.8968999439346
1995-08-20 18:49:00,324.325,626.5937267512803
1995-08-20 18:50:00,168.60600000000002,735.277788811003
1995-08-20 18:51:00,130.553,527.5340281771221
1995-08-20 18:52:00,128.114,532.0048782076935
1995-08-20 18:53:00,1375.078,659.7963941068627
1995-08-20 18:54:00,384.964,494.71064256890133
1995-08-20 18:55:00,83.257,666.3155790217743
1995-08-20 18:56:00,202.463,636.7671685039871
1995-08-20 18:57:00,292.13899999999995,706.3712224567386
1995-08-20 18:58:00,300.05,686.2169561418337
1995-08-20 18:59:00,461.65999999999997,667.9429425807906
1995-08-20 19:00:00,236.155,745.5022712464597
1995-08-20 19:01:00,483.725,637.1076316183768
1995-08-20 19:02:00,201.689,661.1762830080905
1995-08-20 19:03:00,248.228,795.6054025564081
1995-08-20 19:04:00,367.17199999999997,634.1728940500005
1995-08-20 19:05:00,168.118,659.0953367162477
1995-08-20 19:06:00,364.883,768.3220869238835
1995-08-20 19:07:00,239.599,851.5259880401876
1995-08-20 19:08:00,231.153,733.0853482873484
1995-08-20 19:09:00,827.9859999999999,891.7325453918427
1995-08-20 19:10:00,1309.683,584.7644982255435
1995-08-20 19:11:00,97.714,946.6466805408581
1995-08-20 19:12:00,1358.4440000000002,790.2708621574621
1995-08-20 19:13:00,88.962,840.3706269116399
1995-08-20 19:14:00,92.725,837.2204128137895
1995-08-20 19:15:00,152.90800000000002,786.9294202622198
1995-08-20 19:16:00,341.866,767.0835816658596
1995-08-20 19:17:00,412.71000000000004,854.3416318914122
1995-08-20 19:18:00,151.114,868.6973367007727
1995-08-20 19:19:00,243.672,724.0267074225258
1995-08-20 19:20:00,261.955,551.7454307931856
1995-08-20 19:21:00,69.933,628.7669682450514
1995-08-20 19:22:00,564.317,581.4897487948862
1995-08-20 19:23:00,388.166,588.416188356728
1995-08-20 19:24:00,445.613,943.9533686268161
1995-08-20 19:25:00,489.716,800.3765542078067
1995-08-20 19:26:00,102.956,755.7453101551132
1995-08-20 19:27:00,305.654,594.4097355950386
1995-08-20 19:28:00,178.928,655.015136390413
1995-08-20 19:29:00,89.185,841.487015190353
1995-08-20 19:30:00,170.775,602.0076114838982
1995-08-20 19:31:00,262.057,591.0246048914581
1995-08-20 19:32:00,569.333,714.3993143829892
1995-08-20 19:33:00,348.424,762.8348496264612
1995-08-20 19:34:00,787.168,815.1117269189899
1995-08-20 19:35:00,1396.0040000000001,857.7093701587519
1995-08-20 19:36:00,296.48,1018.7364607145995
1995-08-20 19:37:00,379.096,1043.8168369703562
1995-08-20 19:38:00,415.799,997.0447280101321
1995-08-20 19:39:00,767.923,935.1291477382144
1995-08-20 19:40:00,1671.498,738.2690885837524
1995-08-20 19:41:00,27.98,1038.836989896851
1995-08-20 19:42:00,658.75,779.8611271823937
1995-08-20 19:43:00,382.112,752.0078914326915
1995-08-20 19:44:00,552.941,722.5253260105178
1995-08-20 19:45:00,122.613,1074.679567260257
1995-08-20 19:46:00,255.833,834.7662439411799
1995-08-20 19:47:00,573.29,803.7027063514008
1995-08-20 19:48:00,133.554,717.3555819899466
1995-08-20 19:49:00,134.823,751.4765492530051
1995-08-20 19:50:00,276.14,801.8084282471323
1995-08-20 19:51:00,571.02,592.0052500059099
1995-08-20 19:52:00,129.47199999999998,732.3901277231863
1995-08-20 19:53:00,374.678,666.2102831291725
1995-08-20 19:54:00,250.146,662.5976556262168
1995-08-20 19:55:00,315.117,852.4556130204063
1995-08-20 19:56:00,316.182,838.4877780427589
1995-08-20 19:57:00,558.1030000000001,1106.3760104249757
1995-08-20 19:58:00,387.80400000000003,784.8816554351467
1995-08-20 19:59:00,344.914,1234.0933962341699
1995-08-20 20:00:00,619.348,1119.4728693287839
1995-08-20 20:01:00,445.569,1287.055873831482
1995-08-20 20:02:00,812.5409999999999,1002.15911897048
1995-08-20 20:03:00,90.086,1049.5452975317464
1995-08-20 20:04:00,145.998,818.5669639893301
1995-08-20 20:05:00,380.35299999999995,746.1717582654045
1995-08-20 20:06:00,389.502,860.504495798209
1995-08-20 20:07:00,468.592,632.1017147451712
1995-08-20 20:08:00,129.477,837.0425938653834
1995-08-20 20:09:00,738.336,745.5624343111014
1995-08-20 20:10:00,319.024,792.12099053768
1995-08-20 20:11:00,364.662,812.4056250775468
1995-08-20 20:12:00,315.814,763.6948590049615
1995-08-20 20:13:00,159.069,610.5333912193802
1995-08-20 20:14:00,432.199,644.4425026672889
1995-08-20 20:15:00,1302.768,735.4386947212903
1995-08-20 20:16:00,357.421,967.3636029961262
1995-08-20 20:17:00,380.185,896.516950794262
1995-08-20 20:18:00,223.57999999999998,867.7814236808958
1995-08-20 20:19:00,575.772,1088.0716153944174
1995-08-20 20:20:00,531.645,1108.8145641350484
1995-08-20 20:21:00,515.995,981.0247969001754
1995-08-20 20:22:00,335.547,851.6042375693473
1995-08-20 20:23:00,1447.99,926.9899107665757
1995-08-20 20:24:00,394.644,900.4849402527467
1995-08-20 20:25:00,171.439,764.5474802161697
1995-08-20 20:26:00,372.315,935.493583450436
1995-08-20 20:27:00,221.636,992.1774151637939
1995-08-20 20:28:00,437.747,830.6684533583807
1995-08-20 20:29:00,939.965,791.697351969939
1995-08-20 20:30:00,768.794,899.9393001101954
1995-08-20 20:31:00,377.647,954.0193042797688
1995-08-20 20:32:00,1298.8700000000001,978.8490545033004
1995-08-20 20:33:00,218.458,1074.8953420692842
1995-08-20 20:34:00,469.442,1097.5908617198152
1995-08-20 20:35:00,519.523,857.8244369843156
1995-08-20 20:36:00,702.4639999999999,992.8106608125252
1995-08-20 20:37:00,492.314,951.7434797382524
1995-08-20 20:38:00,221.755,1089.8985961748815
1995-08-20 20:39:00,329.568,1030.516916954668
1995-08-20 20:40:00,524.7919999999999,1087.3286393635062
1995-08-20 20:41:00,666.48,1125.1281935629236
1995-08-20 20:42:00,296.657,917.2856416212888
1995-08-20 20:43:00,433.736,827.7243356489287
1995-08-20 20:44:00,269.308,889.539823966044
1995-08-20 20:45:00,392.005,905.8275271028782
1995-08-20 20:46:00,414.80600000000004,987.6926646884175
1995-08-20 20:47:00,435.836,976.7378939965736
1995-08-20 20:48:00,242.71099999999998,916.5349949523304
1995-08-20 20:49:00,645.146,804.5757668521165
1995-08-20 20:50:00,386.93,951.3340852525175
1995-08-20 20:51:00,140.38000000000002,847.3955216525271
1995-08-20 20:52:00,417.357,876.6280189699033
1995-08-20 20:53:00,1506.811,864.9903239519308
1995-08-20 20:54:00,180.229,896.2609096177137
1995-08-20 20:55:00,233.262,892.395817453124
1995-08-20 20:56:00,141.239,848.9204356803384
1995-08-20 20:57:00,355.707,767.2675573522827
1995-08-20 20:58:00,243.474,773.3808004347901
1995-08-20 20:59:00,284.155,901.4775591565013
1995-08-20 21:00:00,145.571,669.4672566375568
1995-08-20 21:01:00,268.633,656.1622617615491
1995-08-20 21:02:00,163.553,525.6845150985833
1995-08-20 21:03:00,479.03700000000003,811.1551913819187
1995-08-20 21:04:00,630.478,640.2735454244391
1995-08-20 21:05:00,274.258,710.326966682264
1995-08-20 21:06:00,423.854,718.0735956444072
1995-08-20 21:07:00,214.21699999999998,850.5429108998262
1995-08-20 21:08:00,135.698,708.6951428234769
1995-08-20 21:09:00,228.388,749.0193573511407
1995-08-20 21:10:00,234.913,732.7963769053908
1995-08-20 21:11:00,348.931,744.0311250745997
1995-08-20 21:12:00,136.959,680.3582730599188
1995-08-20 21:13:00,528.013,592.686284107491
1995-08-20 21:14:00,305.327,635.2126904449011
1995-08-20 21:15:00,161.036,664.9083038107441
1995-08-20 21:16:00,163.219,877.1154741933232
1995-08-20 21:17:00,81.508,675.6026782233072
1995-08-20 21:18:00,314.162,810.262834448944
1995-08-20 21:19:00,378.009,592.4712146315253
1995-08-20 21:20:00,296.17,702.5722659530654
1995-08-20 21:21:00,879.389,796.9296626473367
1995-08-20 21:22:00,272.378,738.7427690891768
1995-08-20 21:23:00,160.614,708.1842342014145
1995-08-20 21:24:00,1183.027,589.4386048122965
1995-08-20 21:25:00,786.8,848.4753979560342
1995-08-20 21:26:00,270.379,880.219807924725
1995-08-20 21:27:00,384.121,793.6119961846001
1995-08-20 21:28:00,251.638,806.5243280961041
1995-08-20 21:29:00,279.13,819.5609239198134
1995-08-20 21:30:00,147.11599999999999,626.9082526877329
1995-08-20 21:31:00,272.668,496.3111675211063
1995-08-20 21:32:00,725.133,485.33102057081936
1995-08-20 21:33:00,382.12,795.372208564416
1995-08-20 21:34:00,147.398,683.3461634153224
1995-08-20 21:35:00,1626.9149999999997,775.3562575724908
1995-08-20 21:36:00,366.01300000000003,934.1724285122344
1995-08-20 21:37:00,496.533,859.361406596485
1995-08-20 21:38:00,297.616,1257.9885821475123
1995-08-20 21:39:00,408.831,1033.9492601760348
1995-08-20 21:40:00,350.286,892.7541220533697
1995-08-20 21:41:00,126.788,1153.1801723762155
1995-08-20 21:42:00,557.517,635.9067727188705
1995-08-20 21:43:00,161.026,963.7802751539629
1995-08-20 21:44:00,493.145,752.335333177418
1995-08-20 21:45:00,354.761,1033.0992482482498
1995-08-20 21:46:00,400.009,852.7678477193748
1995-08-20 21:47:00,446.066,858.838722366809
1995-08-20 21:48:00,84.78,853.888802430489
1995-08-20 21:49:00,514.836,729.8067368567364
1995-08-20 21:50:00,607.973,864.9579411805702
1995-08-20 21:51:00,479.303,919.8877746831158
1995-08-20 21:52:00,310.18,784.7824363709839
1995-08-20 21:53:00,379.117,725.7696578073806
1995-08-20 21:54:00,401.948,919.402983399391
1995-08-20 21:55:00,172.357,767.557038600637
1995-08-20 21:56:00,455.201,683.7306879509249
1995-08-20 21:57:00,112.429,911.355007095912
1995-08-20 21:58:00,420.63000000000005,780.0708979122303
1995-08-20 21:59:00,152.143,811.566220233237
1995-08-20 22:00:00,213.014,793.3626196725824
1995-08-20 22:01:00,336.094,808.9190386426201
1995-08-20 22:02:00,139.604,888.0008622814611
1995-08-20 22:03:00,368.32,1033.9666340149884
1995-08-20 22:04:00,271.56399999999996,927.2193719427114
1995-08-20 22:05:00,49.76499999999999,758.1803632834676
1995-08-20 22:06:00,247.851,600.2109118833308
1995-08-20 22:07:00,178.235,724.5530834695908
1995-08-20 22:08:00,394.31600000000003,689.2655285907498
1995-08-20 22:09:00,731.2,874.8711468493989
1995-08-20 22:10:00,737.794,900.8278619494397
1995-08-20 22:11:00,328.522,1054.9722491898729
1995-08-20 22:12:00,368.334,836.9918868425184
1995-08-20 22:13:00,190.284,810.2280055115233
1995-08-20 22:14:00,289.481,857.9661652716424
1995-08-20 22:15:00,501.641,803.7886472783879
1995-08-20 22:16:00,1552.898,872.9594904009397
1995-08-20 22:17:00,928.6999999999999,852.9148857570631
1995-08-20 22:18:00,434.677,1079.6740213450698
1995-08-20 22:19:00,1656.826,939.842777935995
1995-08-20 22:20:00,630.944,1041.3228170886741
1995-08-20 22:21:00,1304.7340000000002,1108.8316831425777
1995-08-20 22:22:00,227.294,1468.5919357717464
1995-08-20 22:23:00,227.28099999999998,1081.298820103716
1995-08-20 22:24:00,690.803,745.0776290651984
1995-08-20 22:25:00,390.641,1127.0506268563925
1995-08-20 22:26:00,345.024,903.1170351297321
1995-08-20 22:27:00,1111.693,819.153860607949
1995-08-20 22:28:00,567.0799999999999,1129.5346511058938
1995-08-20 22:29:00,493.198,1138.1872863301264
1995-08-20 22:30:00,297.016,1172.2020647181575
1995-08-20 22:31:00,231.649,958.8963501693885
1995-08-20 22:32:00,809.501,902.3831531478633
1995-08-20 22:33:00,283.31899999999996,924.9059879971244
1995-08-20 22:34:00,187.762,699.9448505239044
1995-08-20 22:35:00,213.643,677.0317613260721
1995-08-20 22:36:00,743.857,822.5880435359089
1995-08-20 22:37:00,346.028,803.7825579388617
1995-08-20 22:38:00,445.475,796.415293308696
1995-08-20 22:39:00,337.928,876.5292594125547
1995-08-20 22:40:00,669.397,804.4423944614574
1995-08-20 22:41:00,446.335,963.9521585306296
1995-08-20 22:42:00,473.555,997.3671059161599
1995-08-20 22:43:00,362.964,1211.4213524908953
1995-08-20 22:44:00,396.023,1041.8666473140888
1995-08-20 22:45:00,1125.538,1063.7899537224469
1995-08-20 22:46:00,723.862,1220.6305113800227
1995-08-20 22:47:00,403.86199999999997,1188.2657676709227
1995-08-20 22:48:00,821.261,1130.6896584395315
1995-08-20 22:49:00,565.541,1189.7143049197016
1995-08-20 22:50:00,39.355000000000004,1104.49214527853
1995-08-20 22:51:00,1093.88,830.1687744742413
1995-08-20 22:52:00,979.2110000000001,925.9046759409912
1995-08-20 22:53:00,291.486,965.5545266939909
1995-08-20 22:54:00,606.011,977.1529323220674
1995-08-20 22:55:00,366.134,1099.9261765326344
1995-08-20 22:56:00,408.631,957.699767657438
1995-08-20 22:57:00,199.263,1045.622448452076
1995-08-20 22:58:00,210.17,945.5701058777208
1995-08-20 22:59:00,1362.9579999999999,1102.9705647644703
1995-08-20 23:00:00,196.664,1057.787279719375
1995-08-20 23:01:00,734.283,1075.3930144676997
1995-08-20 23:02:00,1483.107,1111.5590008540123
1995-08-20 23:03:00,927.019,1140.227142939335
1995-08-20 23:04:00,1485.6680000000001,1321.075905009869
1995-08-20 23:05:00,796.218,1249.3691393171732
1995-08-20 23:06:00,294.928,1308.5827047845457
1995-08-20 23:07:00,460.603,1156.9073951595972
1995-08-20 23:08:00,637.5360000000001,1004.1844820174658
1995-08-20 23:09:00,900.54,1014.5265386876752
1995-08-20 23:10:00,1354.683,1261.4651904724908
1995-08-20 23:11:00,1124.379,1256.8331759728112
1995-08-20 23:12:00,739.473,1520.3389874493869
1995-08-20 23:13:00,942.307,1296.7500080891718
1995-08-20 23:14:00,1271.581,1476.6338994553175
1995-08-20 23:15:00,768.478,1402.8505634859512
1995-08-20 23:16:00,249.097,1428.0165387756454
1995-08-20 23:17:00,196.491,1103.4229655583774
1995-08-20 23:18:00,183.245,1152.767111226306
1995-08-20 23:19:00,487.632,891.0327754454748
1995-08-20 23:20:00,439.91499999999996,1098.985854633301
1995-08-20 23:21:00,223.09099999999998,971.1357487672423
1995-08-20 23:22:00,658.575,885.9813356269572
1995-08-20 23:23:00,337.148,858.2364825293645
1995-08-20 23:24:00,139.404,968.51890299353
1995-08-20 23:25:00,519.001,736.841506305017
1995-08-20 23:26:00,134.87699999999998,832.7398089736158
1995-08-20 23:27:00,117.866,850.2743379161504
1995-08-20 23:28:00,116.702,689.077513071334
1995-08-20 23:29:00,177.799,660.9127343184405
1995-08-20 23:30:00,309.785,692.612175451241
1995-08-20 23:31:00,1508.8280000000002,923.9153186912653
1995-08-20 23:32:00,89.324,908.7955503033158
1995-08-20 23:33:00,261.05,596.1825731150459
1995-08-20 23:34:00,377.65,657.7772772099697
1995-08-20 23:35:00,215.99699999999999,867.5242525841147
1995-08-20 23:36:00,285.309,725.8128456057472
1995-08-20 23:37:00,582.6039999999999,857.8129490213852
1995-08-20 23:38:00,213.459,803.492860567647
1995-08-20 23:39:00,109.041,835.5952555843008
1995-08-20 23:40:00,183.085,540.8778957704076
1995-08-20 23:41:00,209.545,545.4890227960183
1995-08-20 23:42:00,299.616,624.687752387428
1995-08-20 23:43:00,236.24,758.0837760130944
1995-08-20 23:44:00,259.834,744.9333944736786
1995-08-20 23:45:00,660.398,768.5467421553844
1995-08-20 23:46:00,1427.9540000000002,1083.9693171251915
1995-08-20 23:47:00,567.045,1028.7545811385141
1995-08-20 23:48:00,438.878,984.4229624692115
1995-08-20 23:49:00,332.298,948.9660468188227
1995-08-20 23:50:00,341.98,967.1875561576294
1995-08-20 23:51:00,715.849,875.0640701301752
1995-08-20 23:52:00,744.715,1130.8317237994902
1995-08-20 23:53:00,460.275,1001.8721089481531
1995-08-20 23:54:00,625.286,1062.1964003888756
1995-08-20 23:55:00,429.536,1168.0688248317151
1995-08-20 23:56:00,366.834,1108.6916059236064
1995-08-20 23:57:00,612.697,1209.3984554180104
1995-08-20 23:58:00,446.672,1210.0700465581044
1995-08-20 23:59:00,581.046,1133.9582577929343
1995-08-21 00:00:00,345.482,997.7802866664383
1995-08-21 00:01:00,509.68300000000005,979.6252426739874
1995-08-21 00:02:00,474.849,1067.81180051169
1995-08-21 00:03:00,461.35200000000003,947.5281908864093
1995-08-21 00:04:00,300.984,972.3475995724947
1995-08-21 00:05:00,497.616,956.2652407909874
1995-08-21 00:06:00,482.627,1060.0339797032527
1995-08-21 00:07:00,305.356,898.993533197683
1995-08-21 00:08:00,334.132,920.8842768090698
1995-08-21 00:09:00,1425.162,969.9628755293547
1995-08-21 00:10:00,689.235,872.8228913602602
1995-08-21 00:11:00,1409.679,1048.7685907124496
1995-08-21 00:12:00,838.28,924.9297538735284
1995-08-21 00:13:00,562.6600000000001,1217.1328852047805
1995-08-21 00:14:00,195.94400000000002,1107.5497512106065
1995-08-21 00:15:00,103.813,1134.8107618705342
1995-08-21 00:16:00,103.848,885.6979541503788
1995-08-21 00:17:00,232.96599999999998,899.1182370408814
1995-08-21 00:18:00,144.458,687.3166418941393
1995-08-21 00:19:00,108.125,811.0139454911293
1995-08-21 00:20:00,73.19,800.1148681104646
1995-08-21 00:21:00,104.666,718.7799598513124
1995-08-21 00:22:00,285.65500000000003,599.9714034083655
1995-08-21 00:23:00,62.01,816.5732506821158
1995-08-21 00:24:00,215.399,771.1597684189925
1995-08-21 00:25:00,179.209,686.5763142479659
1995-08-21 00:26:00,457.54699999999997,851.9103376482501
1995-08-21 00:27:00,907.031,1123.1412602154637
1995-08-21 00:28:00,198.616,830.10059917972
1995-08-21 00:29:00,390.251,785.5209249617261
1995-08-21 00:30:00,316.384,695.0354380568521
1995-08-21 00:31:00,266.955,771.7967441067306
1995-08-21 00:32:00,420.776,802.9934673356338
1995-08-21 00:33:00,486.833,891.7478436819565
1995-08-21 00:34:00,329.206,766.5336461432346
1995-08-21 00:35:00,743.542,731.8151729307199
1995-08-21 00:36:00,462.397,863.5751021702555
1995-08-21 00:37:00,287.782,894.8482567045816
1995-08-21 00:38:00,144.123,931.9547951788691
1995-08-21 00:39:00,229.247,803.4110110999169
1995-08-21 00:40:00,147.012,795.6875245114799
1995-08-21 00:41:00,172.40099999999998,769.6260923122124
1995-08-21 00:42:00,191.494,944.3955510361245
1995-08-21 00:43:00,256.663,1016.3642658899934
1995-08-21 00:44:00,938.3280000000001,883.3297017712607
1995-08-21 00:45:00,306.918,746.0991700295535
1995-08-21 00:46:00,367.639,817.312037730887
1995-08-21 00:47:00,161.239,850.989768298917
1995-08-21 00:48:00,377.18399999999997,835.1038896363218
1995-08-21 00:49:00,166.4,896.1720341031037
1995-08-21 00:50:00,70.826,694.7609472584714
1995-08-21 00:51:00,106.288,615.3865357944632
1995-08-21 00:52:00,157.895,620.7332353755564
1995-08-21 00:53:00,99.069,812.3473543933616
1995-08-21 00:54:00,122.771,668.7844953809938
1995-08-21 00:55:00,1153.107,683.9448153161
1995-08-21 00:56:00,861.475,833.5336384377661
1995-08-21 00:57:00,296.544,1005.7294909281079
1995-08-21 00:58:00,503.209,681.5679036423336
1995-08-21 00:59:00,1047.954,714.3806423167883
1995-08-21 01:00:00,262.166,842.9887855785352
1995-08-21 01:01:00,589.592,1002.479131954687
1995-08-21 01:02:00,316.90999999999997,1054.9797131682749
1995-08-21 01:03:00,463.078,945.0881485715101
1995-08-21 01:04:00,277.44100000000003,958.8104494292438
1995-08-21 01:05:00,686.5939999999999,937.4943466821295
1995-08-21 01:06:00,373.202,939.9357226223374
1995-08-21 01:07:00,444.669,864.0452795924438
1995-08-21 01:08:00,237.252,877.5498153110711
1995-08-21 01:09:00,451.108,856.8495079070781
1995-08-21 01:10:00,445.869,924.7152720585307
1995-08-21 01:11:00,2142.463,814.3066273659506
1995-08-21 01:12:00,407.762,950.128109700335
1995-08-21 01:13:00,331.70599999999996,919.6668510800934
1995-08-21 01:14:00,306.63100000000003,910.7950774905138
1995-08-21 01:15:00,1973.65,836.6801442037713
1995-08-21 01:16:00,625.631,986.2686912368487
1995-08-21 01:17:00,324.41,966.8344851465868
1995-08-21 01:18:00,661.701,942.1979035774203
1995-08-21 01:19:00,395.899,873.5099285425094
1995-08-21 01:20:00,590.801,935.8779664306509
1995-08-21 01:21:00,432.621,1023.4437398740548
1995-08-21 01:22:00,731.614,892.7687254189759
1995-08-21 01:23:00,389.361,845.0782453211903
1995-08-21 01:24:00,567.739,1029.5817993111536
1995-08-21 01:25:00,694.46,1066.7717684297331
1995-08-21 01:26:00,288.49899999999997,1121.309248276252
1995-08-21 01:27:00,863.526,1099.3684974876028
1995-08-21 01:28:00,419.591,1001.5290518892336
1995-08-21 01:29:00,377.895,855.3650395172574
1995-08-21 01:30:00,517.999,904.7459439194785
1995-08-21 01:31:00,330.875,957.1536058564609
1995-08-21 01:32:00,382.56,928.9112467381082
1995-08-21 01:33:00,519.1089999999999,827.9314286878243
1995-08-21 01:34:00,79.28399999999999,797.5935528622053
1995-08-21 01:35:00,547.318,736.8413554434985
1995-08-21 01:36:00,223.675,759.2118613440831
1995-08-21 01:37:00,353.67699999999996,783.5417109538419
1995-08-21 01:38:00,323.879,954.197354146872
1995-08-21 01:39:00,588.576,974.9197427865774
1995-08-21 01:40:00,1964.359,931.0573155530052
1995-08-21 01:41:00,601.245,1119.9553484514674
1995-08-21 01:42:00,323.704,1119.1495769038968
1995-08-21 01:43:00,638.854,1028.1363027534726
1995-08-21 01:44:00,207.91,1195.8985498438492
1995-08-21 01:45:00,114.901,1014.1538420947937
1995-08-21 01:46:00,330.85699999999997,791.0705355540131
1995-08-21 01:47:00,345.298,691.7180877908095
1995-08-21 01:48:00,459.803,779.1650446783788
1995-08-21 01:49:00,351.024,842.9063890555011
1995-08-21 01:50:00,1581.433,879.3703063561204
1995-08-21 01:51:00,563.865,945.8852374286405
1995-08-21 01:52:00,188.22,1063.8122666774857
1995-08-21 01:53:00,593.7,1016.1410147749664
1995-08-21 01:54:00,243.792,1018.0731475141398
1995-08-21 01:55:00,1428.8139999999999,1050.568692342841
1995-08-21 01:56:00,308.579,1045.860866508398
1995-08-21 01:57:00,87.971,911.7639247293952
1995-08-21 01:58:00,340.256,825.7839334631949
1995-08-21 01:59:00,163.67700000000002,833.4258031460611
1995-08-21 02:00:00,805.221,827.807123097365
1995-08-21 02:01:00,1039.017,860.4017105958246
1995-08-21 02:02:00,452.355,1004.6821099277785
1995-08-21 02:03:00,315.827,889.7099342484954
1995-08-21 02:04:00,734.797,1435.9333141046877
1995-08-21 02:05:00,519.213,1135.8686258968098
1995-08-21 02:06:00,376.891,1211.7125430926035
1995-08-21 02:07:00,77.081,1017.1620317741156
1995-08-21 02:08:00,345.8,716.5364711684011
1995-08-21 02:09:00,385.339,598.5615696246741
1995-08-21 02:10:00,103.387,657.1618042185679
1995-08-21 02:11:00,625.775,697.1331774313841
1995-08-21 02:12:00,158.477,664.7512758676781
1995-08-21 02:13:00,37.571,776.5185667010231
1995-08-21 02:14:00,389.162,612.4204653370317
1995-08-21 02:15:00,206.489,620.665614325986
1995-08-21 02:16:00,154.085,668.19451124674
1995-08-21 02:17:00,133.876,710.3892436887045
1995-08-21 02:18:00,101.986,521.1300203267027
1995-08-21 02:19:00,775.178,462.8597634188405
1995-08-21 02:20:00,18.990000000000002,534.2743915601782
1995-08-21 02:21:00,100.771,655.6567980002754
1995-08-21 02:22:00,215.543,438.11334792532165
1995-08-21 02:23:00,502.075,441.05327873705136
1995-08-21 02:24:00,336.089,666.037624042829
1995-08-21 02:25:00,347.13800000000003,646.7909159048348
1995-08-21 02:26:00,1069.366,613.5739883090203
1995-08-21 02:27:00,1023.961,499.50343038385034
1995-08-21 02:28:00,129.939,822.7272342260405
1995-08-21 02:29:00,427.972,824.0123085185704
1995-08-21 02:30:00,418.828,777.8455250763186
1995-08-21 02:31:00,202.273,839.8646360208041
1995-08-21 02:32:00,157.924,968.9684152838506
1995-08-21 02:33:00,803.551,822.0019963698818
1995-08-21 02:34:00,437.151,942.1097562086068
1995-08-21 02:35:00,312.449,991.3299667003339
1995-08-21 02:36:00,442.373,959.3793553000843
1995-08-21 02:37:00,317.723,833.23071423818
1995-08-21 02:38:00,603.499,955.6990043683776
1995-08-21 02:39:00,267.548,923.4697008669083
1995-08-21 02:40:00,1112.635,887.7751337357404
1995-08-21 02:41:00,623.5909999999999,913.434141330452
1995-08-21 02:42:00,337.055,1088.4038917486498
1995-08-21 02:43:00,45.823,976.2280186427435
1995-08-21 02:44:00,120.379,706.3019576058326
1995-08-21 02:45:00,462.33,791.6829734920102
1995-08-21 02:46:00,279.587,918.9529635017759
1995-08-21 02:47:00,141.145,908.6590100243991
1995-08-21 02:48:00,204.512,738.1735715078097
1995-08-21 02:49:00,195.45299999999997,575.6678260245767
1995-08-21 02:50:00,322.834,626.0074398338537
1995-08-21 02:51:00,3.245,549.36053541499
1995-08-21 02:52:00,549.1790000000001,513.3147972146411
1995-08-21 02:53:00,176.632,467.53931665482355
1995-08-21 02:54:00,707.74,791.9332626556052
1995-08-21 02:55:00,339.53499999999997,753.8903888027437
1995-08-21 02:56:00,556.895,857.6352403929136
1995-08-21 02:57:00,402.816,780.2125039403011
1995-08-21 02:58:00,250.253,690.9942047437471
1995-08-21 02:59:00,332.63800000000003,738.3093410246894
1995-08-21 03:00:00,801.106,653.1356479538812
1995-08-21 03:01:00,638.3969999999999,640.6885258381373
1995-08-21 03:02:00,586.845,871.6318348847203
1995-08-21 03:03:00,848.354,909.1259196898703
1995-08-21 03:04:00,1017.798,989.6564274531406
1995-08-21 03:05:00,375.9,847.3704144536155
1995-08-21 03:06:00,393.904,860.8637968152208
1995-08-21 03:07:00,237.263,957.7887374647994
1995-08-21 03:08:00,169.053,752.7282016681191
1995-08-21 03:09:00,241.734,739.6830849291962
1995-08-21 03:10:00,508.13500000000005,790.7677604788153
1995-08-21 03:11:00,47.989999999999995,740.9758862749492
1995-08-21 03:12:00,189.747,632.6759917808399
1995-08-21 03:13:00,159.618,597.4587907885855
1995-08-21 03:14:00,105.023,542.2366686094005
1995-08-21 03:15:00,186.07500000000002,687.0204535674778
1995-08-21 03:16:00,238.456,618.3331908266633
1995-08-21 03:17:00,292.56399999999996,693.4555262622289
1995-08-21 03:18:00,73.358,606.5449970852969
1995-08-21 03:19:00,359.06600000000003,518.5212015960718
1995-08-21 03:20:00,124.067,546.0191275897113
1995-08-21 03:21:00,89.211,480.02183121933354
1995-08-21 03:22:00,32.274,594.8990851375628
1995-08-21 03:23:00,251.23999999999998,407.08771887938576
1995-08-21 03:24:00,241.584,358.7786749634026
1995-08-21 03:25:00,127.847,588.0104093682296
1995-08-21 03:26:00,295.974,421.6981062143715
1995-08-21 03:27:00,182.11599999999999,563.0801589540663
1995-08-21 03:28:00,110.204,435.170885774654
1995-08-21 03:29:00,167.665,451.41751121360755
1995-08-21 03:30:00,274.426,420.43894899084324
1995-08-21 03:31:00,95.719,471.5933815814246
1995-08-21 03:32:00,113.27600000000001,548.6215832938184
1995-08-21 03:33:00,371.993,417.8657387349763
1995-08-21 03:34:00,198.039,711.8987654193079
1995-08-21 03:35:00,121.665,501.9928688499802
1995-08-21 03:36:00,140.955,524.6238090587744
1995-08-21 03:37:00,422.118,580.9624900676572
1995-08-21 03:38:00,84.09700000000001,669.7735101377853
1995-08-21 03:39:00,121.57199999999999,537.9139706100851
1995-08-21 03:40:00,81.255,465.465128803235
1995-08-21 03:41:00,311.937,477.59381344167275
1995-08-21 03:42:00,147.706,559.3081783379771
1995-08-21 03:43:00,169.328,439.538286793782
1995-08-21 03:44:00,16.165,371.4581757893353
1995-08-21 03:45:00,227.40699999999998,406.0647451895943
1995-08-21 03:46:00,92.678,456.36559226807134
1995-08-21 03:47:00,118.236,449.5461046841254
1995-08-21 03:48:00,35.433,612.9694426684935
1995-08-21 03:49:00,33.838,456.4267172753549
1995-08-21 03:50:00,121.617,324.9348557763329
1995-08-21 03:51:00,154.769,453.5905806334899
1995-08-21 03:52:00,992.712,543.9631163162072
1995-08-21 03:53:00,144.18,541.240333560262
1995-08-21 03:54:00,164.551,623.613099429937
1995-08-21 03:55:00,207.551,576.1981097966498
1995-08-21 03:56:00,354.327,589.7476834708806
1995-08-21 03:57:00,218.992,516.3812929154606
1995-08-21 03:58:00,330.134,632.0796511891543
1995-08-21 03:59:00,36.048,622.4214660681768
1995-08-21 04:00:00,238.138,646.2141763056644
1995-08-21 04:01:00,124.364,438.6172525898863
1995-08-21 04:02:00,238.169,463.55796640654563
1995-08-21 04:03:00,197.46,649.2129268261995
1995-08-21 04:04:00,344.11400000000003,599.0668987619581
1995-08-21 04:05:00,153.093,511.97193414673853
1995-08-21 04:06:00,122.805,595.3700078290567
1995-08-21 04:07:00,593.699,717.3005020185847
1995-08-21 04:08:00,49.491,458.85111828252394
1995-08-21 04:09:00,556.52,428.7624066357008
1995-08-21 04:10:00,85.241,485.5136359728132
1995-08-21 04:11:00,128.292,455.1277482830501
1995-08-21 04:12:00,161.559,343.7864554311335
1995-08-21 04:13:00,107.77199999999999,309.6991099696987
1995-08-21 04:14:00,191.10299999999998,247.71160253757182
1995-08-21 04:15:00,74.863,311.67549636107907
1995-08-21 04:16:00,140.59,409.6199808391053
1995-08-21 04:17:00,133.68699999999998,274.31844067930587
1995-08-21 04:18:00,68.228,327.5727928833496
1995-08-21 04:19:00,181.764,417.87074615255364
1995-08-21 04:20:00,134.423,334.7582432238113
1995-08-21 04:21:00,171.614,338.3744856409683
1995-08-21 04:22:00,72.577,441.61870222548174
1995-08-21 04:23:00,1.9029999999999998,371.61053076149375
1995-08-21 04:24:00,54.003,280.81214344873587
1995-08-21 04:25:00,213.034,214.1222803713862
1995-08-21 04:26:00,48.93,339.0855428173898
1995-08-21 04:27:00,180.304,310.72232218463347
1995-08-21 04:28:00,135.633,193.44803166802404
1995-08-21 04:29:00,434.424,210.28549350051958
1995-08-21 04:30:00,254.024,354.43320643831106
1995-08-21 04:31:00,13.065,311.62163955206324
1995-08-21 04:32:00,456.835,232.79839958810882
1995-08-21 04:33:00,145.522,631.559647973321
1995-08-21 04:34:00,127.10399999999998,493.40891326330745
1995-08-21 04:35:00,166.683,311.95622551589435
1995-08-21 04:36:00,444.228,419.1265722405371
1995-08-21 04:37:00,388.90299999999996,377.9829159579185
1995-08-21 04:38:00,271.425,393.35502952107447
1995-08-21 04:39:00,116.269,517.3933986672977
1995-08-21 04:40:00,199.24599999999998,404.07691951379417
1995-08-21 04:41:00,630.539,477.4593507517938
1995-08-21 04:42:00,337.968,521.6637224141939
1995-08-21 04:43:00,501.15799999999996,460.5837153836286
1995-08-21 04:44:00,175.61599999999999,521.2279552799508
1995-08-21 04:45:00,171.642,455.68933873767816
1995-08-21 04:46:00,72.893,589.3635270419969
1995-08-21 04:47:00,241.745,491.7187845878893
1995-08-21 04:48:00,92.19,455.61298459604865
1995-08-21 04:49:00,96.953,413.3749171269301
1995-08-21 04:50:00,192.92499999999998,327.5996095395394
1995-08-21 04:51:00,21.732,520.8051276924757
1995-08-21 04:52:00,76.277,450.5525766885163
1995-08-21 04:53:00,103.986,318.133310963757
1995-08-21 04:54:00,58.53,388.6629618706982
1995-08-21 04:55:00,12.183,220.90307685140553
1995-08-21 04:56:00,45.053,283.11943647081466
1995-08-21 04:57:00,91.602,136.2115523605714
1995-08-21 04:58:00,246.136,144.15010414399256
1995-08-21 04:59:00,46.004,331.5206037031781
1995-08-21 05:00:00,272.613,211.46896425043607
1995-08-21 05:01:00,46.033,276.96633413409245
1995-08-21 05:02:00,949.578,390.4975134626296
1995-08-21 05:03:00,397.151,298.68630055864134
1995-08-21 05:04:00,352.04400000000004,457.49380805565283
1995-08-21 05:05:00,133.167,481.7673259263364
1995-08-21 05:06:00,150.006,358.1940644168248
1995-08-21 05:07:00,218.808,677.6766152645441
1995-08-21 05:08:00,269.151,398.5712743482354
1995-08-21 05:09:00,292.397,357.39770359228027
1995-08-21 05:10:00,156.452,384.78379872986164
1995-08-21 05:11:00,122.503,418.5314016714361
1995-08-21 05:12:00,102.101,446.0639256502116
1995-08-21 05:13:00,118.27,351.1350243579243
1995-08-21 05:14:00,165.961,339.88281677554994
1995-08-21 05:15:00,475.108,469.77617333854147
1995-08-21 05:16:00,117.751,523.3302476488025
1995-08-21 05:17:00,263.77599999999995,507.5259680455209
1995-08-21 05:18:00,122.14200000000001,438.9933742055638
1995-08-21 05:19:00,120.08800000000001,451.1882702454921
1995-08-21 05:20:00,66.384,358.3604348555575
1995-08-21 05:21:00,187.11700000000002,415.051527456523
1995-08-21 05:22:00,182.875,240.45643354492054
1995-08-21 05:23:00,30.706,391.11519777234287
1995-08-21 05:24:00,158.22,267.2006064490072
1995-08-21 05:25:00,390.56600000000003,249.922791814429
1995-08-21 05:26:00,255.132,546.2317127384741
1995-08-21 05:27:00,369.057,571.7200438269169
1995-08-21 05:28:00,33.936,594.0418357735233
1995-08-21 05:29:00,306.343,755.4959326988269
1995-08-21 05:30:00,204.62900000000002,831.3009776045265
1995-08-21 05:31:00,429.02099999999996,560.4318311163938
1995-08-21 05:32:00,143.614,648.0123337432757
1995-08-21 05:33:00,167.512,560.9248479940584
1995-08-21 05:34:00,73.18,364.80993366741114
1995-08-21 05:35:00,549.6,311.2519054709253
1995-08-21 05:36:00,309.79,429.4887847677948
1995-08-21 05:37:00,60.429,560.5663340490635
1995-08-21 05:38:00,349.697,446.175355512861
1995-08-21 05:39:00,147.921,543.2099979963285
1995-08-21 05:40:00,246.091,623.3150971370297
1995-08-21 05:41:00,909.5010000000001,565.5651428807039
1995-08-21 05:42:00,741.6999999999999,730.8415584685282
1995-08-21 05:43:00,160.342,967.8112391952586
1995-08-21 05:44:00,670.918,616.9763054633182
1995-08-21 05:45:00,790.231,558.0686772679406
1995-08-21 05:46:00,422.724,835.3262806158632
1995-08-21 05:47:00,104.208,908.9981116550334
1995-08-21 05:48:00,477.111,836.7596327455053
1995-08-21 05:49:00,291.311,1082.459107545613
1995-08-21 05:50:00,200.692,651.1593573422631
1995-08-21 05:51:00,378.882,709.1398271375382
1995-08-21 05:52:00,272.84,661.4078973053972
1995-08-21 05:53:00,57.803999999999995,796.6324040576537
1995-08-21 05:54:00,338.81399999999996,603.2043201912144
1995-08-21 05:55:00,148.386,803.5241807071975
1995-08-21 05:56:00,372.399,512.0226235230799
1995-08-21 05:57:00,421.365,704.5890934029248
1995-08-21 05:58:00,362.776,611.4166002414356
1995-08-21 05:59:00,335.55100000000004,714.95770040855
1995-08-21 06:00:00,220.676,780.4405232424847
1995-08-21 06:01:00,34.093,727.3337607121798
1995-08-21 06:02:00,300.367,618.0075045586783
1995-08-21 06:03:00,46.982,466.4408004962965
1995-08-21 06:04:00,283.163,470.97201258278056
1995-08-21 06:05:00,370.43,532.1062901005133
1995-08-21 06:06:00,343.159,811.9944520061904
1995-08-21 06:07:00,376.954,816.698481990903
1995-08-21 06:08:00,108.541,757.7870225572526
1995-08-21 06:09:00,146.864,743.5288405659431
1995-08-21 06:10:00,249.169,602.7158611141883
1995-08-21 06:11:00,121.661,620.2037303646757
1995-08-21 06:12:00,93.51599999999999,696.0867965936873
1995-08-21 06:13:00,160.53300000000002,545.3902833264971
1995-08-21 06:14:00,64.871,428.77097838015203
1995-08-21 06:15:00,240.716,479.14412644078345
1995-08-21 06:16:00,221.758,475.50611312994323
1995-08-21 06:17:00,353.803,576.5768148099402
1995-08-21 06:18:00,91.96,545.6267627689779
1995-08-21 06:19:00,18.38,575.9900618468404
1995-08-21 06:20:00,223.16299999999998,378.4545591861061
1995-08-21 06:21:00,169.50799999999998,496.7821492115386
1995-08-21 06:22:00,182.835,573.1500164794968
1995-08-21 06:23:00,304.377,433.9406980892105
1995-08-21 06:24:00,271.807,362.3928007030602
1995-08-21 06:25:00,342.231,484.9528204494748
1995-08-21 06:26:00,188.855,534.8653366406791
1995-08-21 06:27:00,369.345,395.4039359332934
1995-08-21 06:28:00,226.131,578.5110153003538
1995-08-21 06:29:00,197.861,562.3374693307651
1995-08-21 06:30:00,97.06,638.3114538757341
1995-08-21 06:31:00,356.706,497.26768846003864
1995-08-21 06:32:00,112.456,421.4684231554852
1995-08-21 06:33:00,65.848,410.62591771632873
1995-08-21 06:34:00,28.785,456.2122666100889
1995-08-21 06:35:00,249.067,259.3664210279813
1995-08-21 06:36:00,39.519999999999996,486.02430771269627
1995-08-21 06:37:00,19.752,506.8633125573326
1995-08-21 06:38:00,20.53,369.40369976854583
1995-08-21 06:39:00,113.17699999999999,114.2660673163545
1995-08-21 06:40:00,229.261,322.37251369316374
1995-08-21 06:41:00,124.634,351.45049258358665
1995-08-21 06:42:00,24.169,309.0936102433923
1995-08-21 06:43:00,1170.5189999999998,247.78827412848275
1995-08-21 06:44:00,122.265,323.7471416170206
1995-08-21 06:45:00,256.371,503.43781884975294
1995-08-21 06:46:00,65.154,424.63176208990836
1995-08-21 06:47:00,154.008,423.2331064411881
1995-08-21 06:48:00,96.679,462.409722721166
1995-08-21 06:49:00,197.264,432.7294585832025
1995-08-21 06:50:00,243.999,478.9979843287745
1995-08-21 06:51:00,400.365,504.91325251524387
1995-08-21 06:52:00,978.2230000000001,458.15587215163816
1995-08-21 06:53:00,225.605,624.2851309495884
1995-08-21 06:54:00,94.332,691.8073789425117
1995-08-21 06:55:00,252.53,466.7767523587176
1995-08-21 06:56:00,227.21699999999998,692.6596273548017
1995-08-21 06:57:00,302.652,686.641130903542
1995-08-21 06:58:00,796.6959999999999,750.0729878284276
1995-08-21 06:59:00,693.381,730.912874761676
1995-08-21 07:00:00,264.669,660.3465309654696
1995-08-21 07:01:00,9.402000000000001,696.5967942040959
1995-08-21 07:02:00,79.482,522.8243909550175
1995-08-21 07:03:00,57.046,541.6980558618246
1995-08-21 07:04:00,183.418,507.6047491625566
1995-08-21 07:05:00,146.921,500.212449525529
1995-08-21 07:06:00,695.26,432.44640473613345
1995-08-21 07:07:00,275.03499999999997,667.2398133550822
1995-08-21 07:08:00,231.291,617.2168211398998
1995-08-21 07:09:00,243.79899999999998,528.2726737269213
1995-08-21 07:10:00,1274.4250000000002,591.6654213879809
1995-08-21 07:11:00,367.093,674.173861468435
1995-08-21 07:12:00,503.47599999999994,852.5984401265691
1995-08-21 07:13:00,306.283,739.8711794738497
1995-08-21 07:14:00,341.603,802.807389078142
1995-08-21 07:15:00,1551.3509999999999,714.0790544020962
1995-08-21 07:16:00,95.514,815.0022476663036
1995-08-21 07:17:00,293.002,914.6547956745972
1995-08-21 07:18:00,74.348,782.6716829567334
1995-08-21 07:19:00,492.221,683.9675640544108
1995-08-21 07:20:00,460.352,599.3519094758024
1995-08-21 07:21:00,330.412,807.4296569853411
1995-08-21 07:22:00,1047.691,783.4236575597427
1995-08-21 07:23:00,394.151,801.4429536346026
1995-08-21 07:24:00,397.24399999999997,637.8733659919255
1995-08-21 07:25:00,433.371,795.0639326058921
1995-08-21 07:26:00,166.114,921.2039575861512
1995-08-21 07:27:00,400.604,750.3844340995902
1995-08-21 07:28:00,67.013,817.1371899803535
1995-08-21 07:29:00,641.428,720.7970050342174
1995-08-21 07:30:00,241.14600000000002,755.0867009958381
1995-08-21 07:31:00,35.010000000000005,844.0257455317299
1995-08-21 07:32:00,163.67,601.5884482678817
1995-08-21 07:33:00,35.778999999999996,571.5165743883272
1995-08-21 07:34:00,75.908,561.0083655140255
1995-08-21 07:35:00,284.103,502.33003666805314
1995-08-21 07:36:00,392.989,466.82008258793405
1995-08-21 07:37:00,1271.2549999999999,858.7753680210941
1995-08-21 07:38:00,216.38,579.0522319965282
1995-08-21 07:39:00,237.091,795.564777038888
1995-08-21 07:40:00,1519.135,707.8061610393402
1995-08-21 07:41:00,437.007,798.14250602471
1995-08-21 07:42:00,702.949,807.1322715174725
1995-08-21 07:43:00,747.6030000000001,920.7719605326308
1995-08-21 07:44:00,344.454,1200.9355628990386
1995-08-21 07:45:00,760.1859999999999,854.7729610161596
1995-08-21 07:46:00,591.7900000000001,1074.594404111169
1995-08-21 07:47:00,590.953,1256.9582955167361
1995-08-21 07:48:00,1462.486,1274.9018718589268
1995-08-21 07:49:00,343.121,1088.6330630551693
1995-08-21 07:50:00,552.782,1117.5467386345633
1995-08-21 07:51:00,245.451,1019.0691362322202
1995-08-21 07:52:00,1120.184,1022.9945333862876
1995-08-21 07:53:00,570.193,1273.402128014505
1995-08-21 07:54:00,442.036,1139.323934229442
1995-08-21 07:55:00,860.217,959.3330725154046
1995-08-21 07:56:00,367.88,1079.4229676818125
1995-08-21 07:57:00,232.86700000000002,1012.0764369481691
1995-08-21 07:58:00,150.85999999999999,1018.760475058666
1995-08-21 07:59:00,388.147,1018.5954567214919
1995-08-21 08:00:00,395.343,883.5152043780474
1995-08-21 08:01:00,269.989,701.2024725232619
1995-08-21 08:02:00,533.221,1001.4759840560135
1995-08-21 08:03:00,680.3679999999999,865.5644441934656
1995-08-21 08:04:00,427.423,989.0827586851483
1995-08-21 08:05:00,599.8860000000001,899.5033728566802
1995-08-21 08:06:00,424.38,1031.956392567611
1995-08-21 08:07:00,846.3090000000001,1060.6615185910118
1995-08-21 08:08:00,354.65999999999997,1151.531030600793
1995-08-21 08:09:00,201.411,1090.5799452542608
1995-08-21 08:10:00,90.892,935.9463288596631
1995-08-21 08:11:00,553.547,747.3851722467631
1995-08-21 08:12:00,342.068,929.5939545670911
1995-08-21 08:13:00,144.638,869.6662024539396
1995-08-21 08:14:00,222.291,799.3004897674984
1995-08-21 08:15:00,360.03999999999996,898.0106962733605
1995-08-21 08:16:00,210.994,740.7922346476236
1995-08-21 08:17:00,114.862,900.5510629518445
1995-08-21 08:18:00,248.49599999999998,764.1985270100622
1995-08-21 08:19:00,589.545,842.1722887945591
1995-08-21 08:20:00,346.147,966.5354939877557
1995-08-21 08:21:00,606.968,952.1036969868397
1995-08-21 08:22:00,279.278,1087.16208358105
1995-08-21 08:23:00,180.323,933.5152739863207
1995-08-21 08:24:00,168.202,857.9469607553514
1995-08-21 08:25:00,795.512,850.7369186336651
1995-08-21 08:26:00,987.6809999999999,662.8170038872753
1995-08-21 08:27:00,738.803,801.4034250974076
1995-08-21 08:28:00,956.647,968.6232441228939
1995-08-21 08:29:00,601.01,1090.8821711212624
1995-08-21 08:30:00,521.133,1141.3158276280044
1995-08-21 08:31:00,872.436,1184.0644778025096
1995-08-21 08:32:00,247.682,1031.040470775653
1995-08-21 08:33:00,548.779,1172.4966784881833
1995-08-21 08:34:00,404.525,1234.0989545237644
1995-08-21 08:35:00,296.448,1063.7790101510768
1995-08-21 08:36:00,1572.837,950.2261345124743
1995-08-21 08:37:00,366.168,1005.5355155165996
1995-08-21 08:38:00,305.729,998.8223658126195
1995-08-21 08:39:00,1597.207,1125.529397688768
1995-08-21 08:40:00,1428.352,1190.8732574164835
1995-08-21 08:41:00,2638.482,1293.5771876645179
1995-08-21 08:42:00,3576.2,1429.3344455111612
1995-08-21 08:43:00,314.106,1289.9061637897332
1995-08-21 08:44:00,515.501,1220.7120596554216
1995-08-21 08:45:00,92.899,1266.5052580183924
1995-08-21 08:46:00,330.76800000000003,1128.3526526242817
1995-08-21 08:47:00,112.378,1318.350569150585
1995-08-21 08:48:00,329.486,1004.0697738104429
1995-08-21 08:49:00,532.449,1014.2056066617885
1995-08-21 08:50:00,201.968,1044.4240595924184
1995-08-21 08:51:00,197.438,1169.9983851783536
1995-08-21 08:52:00,629.497,972.4340921416299
1995-08-21 08:53:00,387.4,1284.6358755037043
1995-08-21 08:54:00,152.38,1095.5642068409843
1995-08-21 08:55:00,100.86,853.3737772218612
1995-08-21 08:56:00,357.778,811.3630116962588
1995-08-21 08:57:00,522.683,1003.898288371416
1995-08-21 08:58:00,1191.025,1011.2838816454694
1995-08-21 08:59:00,575.9309999999999,1071.9087393575664
1995-08-21 09:00:00,231.042,1177.3864241320332
1995-08-21 09:01:00,213.343,993.6601852273085
1995-08-21 09:02:00,159.94,918.4760005967561
1995-08-21 09:03:00,302.457,884.0746804453055
1995-08-21 09:04:00,677.216,926.2355013524954
1995-08-21 09:05:00,287.525,1097.1310699797061
1995-08-21 09:06:00,805.539,1082.114673176517
1995-08-21 09:07:00,431.031,1091.9160334337184
1995-08-21 09:08:00,640.4399999999999,987.9425801880474
1995-08-21 09:09:00,163.624,996.530456972986
1995-08-21 09:10:00,194.095,956.9796446643253
1995-08-21 09:11:00,232.53199999999998,844.8468939152367
1995-08-21 09:12:00,78.733,908.9591276372262
1995-08-21 09:13:00,1114.3229999999999,682.4994675038492
1995-08-21 09:14:00,568.117,910.7120102212775
1995-08-21 09:15:00,582.789,967.8410505026844
1995-08-21 09:16:00,1244.164,1009.7404786343155
1995-08-21 09:17:00,168.964,1314.9702948615197
1995-08-21 09:18:00,567.583,1057.882313075704
1995-08-21 09:19:00,318.975,1166.8913023988368
1995-08-21 09:20:00,673.455,1034.4939742569975
1995-08-21 09:21:00,492.921,1100.5646559454567
1995-08-21 09:22:00,139.078,1138.4560699102137
1995-08-21 09:23:00,135.444,831.9053009294602
1995-08-21 09:24:00,142.197,883.8122869172887
1995-08-21 09:25:00,389.64,760.5196713053797
1995-08-21 09:26:00,227.218,1006.0180978932507
1995-08-21 09:27:00,741.388,811.8150691478179
1995-08-21 09:28:00,852.6129999999999,1117.9143914519777
1995-08-21 09:29:00,145.27,1176.8635120182391
1995-08-21 09:30:00,263.293,959.2003109349594
1995-08-21 09:31:00,245.917,945.2386532702037
1995-08-21 09:32:00,912.526,902.0849810130276
1995-08-21 09:33:00,1367.193,931.064812543456
1995-08-21 09:34:00,908.771,1049.2781599285763
1995-08-21 09:35:00,367.139,1041.8471137395206
1995-08-21 09:36:00,916.8119999999999,1148.8186105438378
1995-08-21 09:37:00,1398.231,1166.726005129284
1995-08-21 09:38:00,1629.343,1282.575275183851
1995-08-21 09:39:00,953.8810000000001,1455.406607583508
1995-08-21 09:40:00,620.6,1494.7167979617868
1995-08-21 09:41:00,1868.3139999999999,1535.868854354217
1995-08-21 09:42:00,1212.18,1651.3497608704301
1995-08-21 09:43:00,414.416,1653.076486702096
1995-08-21 09:44:00,317.118,1381.7648403891606
1995-08-21 09:45:00,1216.759,1181.5958922474745
1995-08-21 09:46:00,457.205,1390.4816416310173
1995-08-21 09:47:00,244.486,1062.0812529067352
1995-08-21 09:48:00,543.658,1222.2735201877906
1995-08-21 09:49:00,979.616,1000.7406991438654
1995-08-21 09:50:00,559.179,1348.654394218449
1995-08-21 09:51:00,272.822,1323.0755290913794
1995-08-21 09:52:00,699.777,1214.9838974482507
1995-08-21 09:53:00,734.656,1285.0769710988095
1995-08-21 09:54:00,691.585,1298.3348874351545
1995-08-21 09:55:00,704.663,1397.2130041539071
1995-08-21 09:56:00,616.277,1371.5255773211034
1995-08-21 09:57:00,280.368,1411.7926707115537
1995-08-21 09:58:00,1285.145,1346.1705199356395
1995-08-21 09:59:00,959.139,1449.8149786412946
1995-08-21 10:00:00,1263.701,1411.0287946884855
1995-08-21 10:01:00,516.89,1531.8556609273976
1995-08-21 10:02:00,920.587,1450.24594087202
1995-08-21 10:03:00,1470.379,1358.5464810388048
1995-08-21 10:04:00,1759.989,1375.9963689912104
1995-08-21 10:05:00,1617.651,1618.0771267062541
1995-08-21 10:06:00,599.3,1743.5989969544705
1995-08-21 10:07:00,218.659,1714.0864766322252
1995-08-21 10:08:00,247.45999999999998,1643.0510471774617
1995-08-21 10:09:00,607.083,1436.7383189174277
1995-08-21 10:10:00,869.541,1320.995952662988
1995-08-21 10:11:00,561.121,1447.9801284537505
1995-08-21 10:12:00,109.699,1458.1556349262028
1995-08-21 10:13:00,691.544,1078.2201035959151
1995-08-21 10:14:00,462.14799999999997,1265.7344808679793
1995-08-21 10:15:00,183.379,1097.2363960169246
1995-08-21 10:16:00,617.038,1150.683331472982
1995-08-21 10:17:00,703.1949999999999,1226.5917518067688
1995-08-21 10:18:00,478.71099999999996,1237.6914353202076
1995-08-21 10:19:00,567.448,1322.7399001485762
1995-08-21 10:20:00,555.969,1201.940919620517
1995-08-21 10:21:00,375.072,1166.339550312153
1995-08-21 10:22:00,363.517,1404.879865492536
1995-08-21 10:23:00,336.784,1133.0105640234958
1995-08-21 10:24:00,538.9169999999999,1099.786471983945
1995-08-21 10:25:00,383.945,1104.1723420598487
1995-08-21 10:26:00,1372.321,1113.2198677121826
1995-08-21 10:27:00,176.2,1343.410551892585
1995-08-21 10:28:00,357.152,1099.228625481834
1995-08-21 10:29:00,904.09,1297.8651866792543
1995-08-21 10:30:00,1290.833,1333.0182205150188
1995-08-21 10:31:00,754.369,1388.8348205352315
1995-08-21 10:32:00,1154.03,1407.436997758005
1995-08-21 10:33:00,2197.163,1427.7003800570765
1995-08-21 10:34:00,784.795,1642.8748570200212
1995-08-21 10:35:00,543.696,1524.4243592989199
1995-08-21 10:36:00,979.9999999999999,1365.020359043012
1995-08-21 10:37:00,517.61,1305.5916897534696
1995-08-21 10:38:00,581.793,1344.5092191451176
1995-08-21 10:39:00,207.566,1301.6094295554717
1995-08-21 10:40:00,197.128,1105.108278241815
1995-08-21 10:41:00,398.493,1049.133994329005
1995-08-21 10:42:00,653.0169999999999,1090.7300644833672
1995-08-21 10:43:00,920.662,1156.3428881184495
1995-08-21 10:44:00,1898.662,1351.200517600546
1995-08-21 10:45:00,242.6,1342.9965060738525
1995-08-21 10:46:00,399.61199999999997,1503.546308154393
1995-08-21 10:47:00,230.871,1318.6264802724834
1995-08-21 10:48:00,307.099,1130.3724463667356
1995-08-21 10:49:00,668.576,1316.0993750741814
1995-08-21 10:50:00,344.389,1307.87760696788
1995-08-21 10:51:00,681.2460000000001,1320.3298247705434
1995-08-21 10:52:00,298.615,1311.2636523081044
1995-08-21 10:53:00,4615.651,1369.6389670841806
1995-08-21 10:54:00,936.028,1596.6311427208152
1995-08-21 10:55:00,352.683,1542.8896939768333
1995-08-21 10:56:00,159.63,1475.3434981366356
1995-08-21 10:57:00,378.948,1173.7662359599733
1995-08-21 10:58:00,206.572,1246.4129618453335
1995-08-21 10:59:00,315.29,1237.2893603812693
1995-08-21 11:00:00,566.941,980.978568044012
1995-08-21 11:01:00,565.203,1127.0268327344834
1995-08-21 11:02:00,143.421,1088.5773598123913
1995-08-21 11:03:00,421.903,1173.1807326499525
1995-08-21 11:04:00,570.058,1040.6045126780273
1995-08-21 11:05:00,604.62,1091.5173070121446
1995-08-21 11:06:00,1402.777,1299.0896034439959
1995-08-21 11:07:00,413.73,1374.7537227228743
1995-08-21 11:08:00,2068.955,1249.9180627336216
1995-08-21 11:09:00,247.703,1718.5487472685877
1995-08-21 11:10:00,1402.982,1173.8783322719912
1995-08-21 11:11:00,1288.543,1787.7375771973968
1995-08-21 11:12:00,1186.572,1305.900643101593
1995-08-21 11:13:00,738.346,1730.9385182077199
1995-08-21 11:14:00,651.2090000000001,1587.504739521718
1995-08-21 11:15:00,1112.845,1482.9603488472324
1995-08-21 11:16:00,785.51,1657.8333973369963
1995-08-21 11:17:00,660.4350000000001,1568.60834374046
1995-08-21 11:18:00,1616.797,1656.6775829751211
1995-08-21 11:19:00,397.267,1772.2110943587504
1995-08-21 11:20:00,236.633,1414.8534007342464
1995-08-21 11:21:00,611.857,1310.6556220409434
1995-08-21 11:22:00,399.148,1273.8094381403014
1995-08-21 11:23:00,522.379,1194.260458611328
1995-08-21 11:24:00,576.572,1463.2795799023959
1995-08-21 11:25:00,294.505,1139.6391016787961
1995-08-21 11:26:00,798.803,1097.1761964044988
1995-08-21 11:27:00,378.522,1217.5052029177825
1995-08-21 11:28:00,465.612,1131.1245763218021
1995-08-21 11:29:00,1968.1169999999997,1197.6806428237276
1995-08-21 11:30:00,1038.7079999999999,1416.667890193327
1995-08-21 11:31:00,1069.176,1390.6837144775466
1995-08-21 11:32:00,676.49,1569.2014392283209
1995-08-21 11:33:00,706.16,1601.9309216156194
1995-08-21 11:34:00,877.736,1498.8938901849685
1995-08-21 11:35:00,666.0609999999999,1629.4230642313619
1995-08-21 11:36:00,776.957,1284.405081091306
1995-08-21 11:37:00,1145.117,1551.09285648641
1995-08-21 11:38:00,836.982,1597.1125214283759
1995-08-21 11:39:00,1086.685,1522.119227256972
1995-08-21 11:40:00,592.789,1486.5707907494202
1995-08-21 11:41:00,2496.379,1665.5975793056352
1995-08-21 11:42:00,1466.6550000000002,1596.3183659105728
1995-08-21 11:43:00,705.7860000000001,1736.0347549733224
1995-08-21 11:44:00,565.605,1644.5071451905876
1995-08-21 11:45:00,763.068,1587.7698049059757
1995-08-21 11:46:00,761.552,1577.7189131494986
1995-08-21 11:47:00,511.521,1530.9269608556294
1995-08-21 11:48:00,1427.867,1649.3392011844742
1995-08-21 11:49:00,577.4879999999999,1528.0458072094104
1995-08-21 11:50:00,1508.028,1595.9392947712295
1995-08-21 11:51:00,1515.52,1488.7044196762292
1995-08-21 11:52:00,482.44599999999997,1671.1055668235178
1995-08-21 11:53:00,477.449,1616.6681268683542
1995-08-21 11:54:00,1086.526,1725.4076498266384
1995-08-21 11:55:00,491.60699999999997,1770.1917372397734
1995-08-21 11:56:00,1945.745,1457.7198971722391
1995-08-21 11:57:00,1632.134,1659.2083657623734
1995-08-21 11:58:00,1727.1109999999999,1843.851448556701
1995-08-21 11:59:00,1206.124,1913.7371782024813
1995-08-21 12:00:00,2155.106,1678.884973575615
1995-08-21 12:01:00,1097.401,2006.245866640263
1995-08-21 12:02:00,943.062,1635.9969288876032
1995-08-21 12:03:00,1501.134,1931.6544455697303
1995-08-21 12:04:00,1532.565,1737.6782376734
1995-08-21 12:05:00,1451.884,1850.9910805155582
1995-08-21 12:06:00,577.427,2085.8254547100173
1995-08-21 12:07:00,1166.71,1545.343476185235
1995-08-21 12:08:00,491.961,1747.1389624665737
1995-08-21 12:09:00,1226.028,1689.835822327456
1995-08-21 12:10:00,1428.75,1707.4347743060835
1995-08-21 12:11:00,740.116,1781.1807292415715
1995-08-21 12:12:00,1202.702,1744.9946698832307
1995-08-21 12:13:00,431.143,1966.6432477552212
1995-08-21 12:14:00,895.151,1600.9190905503472
1995-08-21 12:15:00,744.119,1580.0579992276068
1995-08-21 12:16:00,663.569,1562.0348203859903
1995-08-21 12:17:00,672.3,1454.4586171172493
1995-08-21 12:18:00,1009.869,1522.2205666883883
1995-08-21 12:19:00,703.351,1639.060579520646
1995-08-21 12:20:00,1008.0409999999999,1513.3814330440202
1995-08-21 12:21:00,1251.683,1683.2788630598732
1995-08-21 12:22:00,1462.79,1406.2682642967413
1995-08-21 12:23:00,2023.311,1839.533585704241
1995-08-21 12:24:00,2082.233,1936.9149595764623
1995-08-21 12:25:00,3700.114,2121.098875377789
1995-08-21 12:26:00,2533.212,2484.692144399212
1995-08-21 12:27:00,738.925,2457.8192459356796
1995-08-21 12:28:00,1448.956,1888.3430654401748
1995-08-21 12:29:00,896.84,2037.0621819064288
1995-08-21 12:30:00,1443.4569999999999,1960.3848792372128
1995-08-21 12:31:00,2007.779,2088.8102199190803
1995-08-21 12:32:00,1972.5819999999999,2052.9349110145017
1995-08-21 12:33:00,2028.536,2150.484010703215
1995-08-21 12:34:00,1638.604,2077.684296663536
1995-08-21 12:35:00,1584.906,2250.966003765203
1995-08-21 12:36:00,1790.2630000000001,2147.7336313079513
1995-08-21 12:37:00,917.821,2229.666413707773
1995-08-21 12:38:00,1324.666,2233.538776593491
1995-08-21 12:39:00,1229.259,2074.858949157324
1995-08-21 12:40:00,496.536,2073.8289766332196
1995-08-21 12:41:00,480.209,1825.2717369160025
1995-08-21 12:42:00,950.829,1794.3549742564855
1995-08-21 12:43:00,646.638,1729.5135088810773
1995-08-21 12:44:00,2760.6510000000003,1777.1096666046167
1995-08-21 12:45:00,1318.299,2118.3592296588295
1995-08-21 12:46:00,687.564,1886.8256936575692
1995-08-21 12:47:00,1539.961,2059.3470093852284
1995-08-21 12:48:00,1277.248,1961.574552723435
1995-08-21 12:49:00,1553.213,2017.4311047223423
1995-08-21 12:50:00,603.128,2159.205797045076
1995-08-21 12:51:00,1643.151,1960.2715061801282
1995-08-21 12:52:00,1047.791,2151.1935171156624
1995-08-21 12:53:00,1236.619,2083.397329580684
1995-08-21 12:54:00,2377.169,1999.76364823741
1995-08-21 12:55:00,1027.002,1855.0643706802614
1995-08-21 12:56:00,1240.002,2425.8206515727884
1995-08-21 12:57:00,910.498,2348.4648178832094
1995-08-21 12:58:00,2363.033,2056.975452134357
1995-08-21 12:59:00,2097.7290000000003,2436.475757186182
1995-08-21 13:00:00,1265.582,2303.466729582085
1995-08-21 13:01:00,2419.313,2143.3611784408054
1995-08-21 13:02:00,1891.663,2269.3936024015115
1995-08-21 13:03:00,1224.19,2416.8450919590537
1995-08-21 13:04:00,2079.132,2052.8707155781153
1995-08-21 13:05:00,1495.5200000000002,1994.8172734419827
1995-08-21 13:06:00,1516.137,2108.1097349299625
1995-08-21 13:07:00,1065.727,2205.6928922170555
1995-08-21 13:08:00,886.234,2252.489644156029
1995-08-21 13:09:00,1235.886,2130.451560266773
1995-08-21 13:10:00,2525.281,1995.566487850497
1995-08-21 13:11:00,575.271,2319.0575697623726
1995-08-21 13:12:00,1715.6689999999999,2212.724345027538
1995-08-21 13:13:00,539.8629999999999,2057.568155735567
1995-08-21 13:14:00,390.77299999999997,1975.2697967895197
1995-08-21 13:15:00,1630.889,1717.4412900349757
1995-08-21 13:16:00,1162.225,1877.0088008246462
1995-08-21 13:17:00,2060.091,2007.6115766432476
1995-08-21 13:18:00,1673.273,2113.2758518852893
1995-08-21 13:19:00,1372.624,2419.4248168438603
1995-08-21 13:20:00,1390.979,2007.7302211093713
1995-08-21 13:21:00,591.644,2147.8000232715463
1995-08-21 13:22:00,1174.066,1893.9188162134076
1995-08-21 13:23:00,918.259,1941.4288854020074
1995-08-21 13:24:00,2584.631,1875.2106930293849
1995-08-21 13:25:00,713.985,2240.8703711688077
1995-08-21 13:26:00,2048.054,2015.852785082873
1995-08-21 13:27:00,620.742,2030.9356263523762
1995-08-21 13:28:00,950.226,1685.9241055250238
1995-08-21 13:29:00,597.63,1920.3922208869978
1995-08-21 13:30:00,1128.167,1719.2337219774088
1995-08-21 13:31:00,1166.965,1883.5350469709067
1995-08-21 13:32:00,1741.533,1884.7415777835602
1995-08-21 13:33:00,676.776,1849.108819168179
1995-08-21 13:34:00,851.151,1880.457526258303
1995-08-21 13:35:00,1451.331,1822.5647721289426
1995-08-21 13:36:00,1280.384,1775.293816828652
1995-08-21 13:37:00,737.99,2076.547533553622
1995-08-21 13:38:00,1784.6629999999998,1962.7917173365374
1995-08-21 13:39:00,1022.351,2002.3187836134837
1995-08-21 13:40:00,624.043,1968.3819099869636
1995-08-21 13:41:00,398.18199999999996,1916.6948847781748
1995-08-21 13:42:00,1828.312,1750.0715466708416
1995-08-21 13:43:00,488.21500000000003,1597.178834138134
1995-08-21 13:44:00,1720.7640000000001,1538.592715660532
1995-08-21 13:45:00,1157.939,1443.8281701068931
1995-08-21 13:46:00,814.361,1444.6458832738138
1995-08-21 13:47:00,1988.459,1867.9976275514452
1995-08-21 13:48:00,630.636,1896.4846201385478
1995-08-21 13:49:00,1323.7759999999998,1668.314884219781
1995-08-21 13:50:00,787.44,1686.9650632600615
1995-08-21 13:51:00,548.634,1497.1576303417635
1995-08-21 13:52:00,466.471,1612.915309529848
1995-08-21 13:53:00,491.058,1307.1324408234009
1995-08-21 13:54:00,423.21,1247.2342173168147
1995-08-21 13:55:00,0.0,869.6086169664975
1995-08-21 14:06:00,402.677,1106.1416541747453
1995-08-21 14:07:00,990.192,1289.353250997768
1995-08-21 14:08:00,1362.165,1015.271510025708
1995-08-21 14:09:00,736.28,1175.4721028262368
1995-08-21 14:10:00,258.015,1336.0866736255618
1995-08-21 14:16:00,216.733,1196.3355166944625
1995-08-21 14:17:00,1465.314,1180.2014278038318
1995-08-21 14:18:00,1846.05,1310.2215520658444
1995-08-21 14:19:00,1519.5220000000002,1513.3791926252343
1995-08-21 14:20:00,3853.499,1471.430528977594
1995-08-21 14:21:00,280.675,1777.3704967751053
1995-08-21 14:22:00,681.672,1275.7816859197542
1995-08-21 14:23:00,1565.278,1616.020384427883
1995-08-21 14:24:00,253.483,1405.18414230524
1995-08-21 14:25:00,375.281,1261.6034743659131
1995-08-21 14:26:00,699.5709999999999,1300.8151427077669
1995-08-21 14:27:00,1780.9540000000002,1363.4337066409528
1995-08-21 14:28:00,470.397,1667.0465970302855
1995-08-21 14:29:00,623.573,1294.3938199486354
1995-08-21 14:30:00,735.096,1680.2116472557514
1995-08-21 14:31:00,2134.463,1472.1308307267266
1995-08-21 14:32:00,869.124,1762.8017643564185
1995-08-21 14:33:00,926.272,1696.2405370196082
1995-08-21 14:34:00,266.564,1847.6637725108321
1995-08-21 14:35:00,883.5740000000001,1596.0606877933924
1995-08-21 14:36:00,1074.644,1537.7132798973496
1995-08-21 14:37:00,1136.6680000000001,1597.4510057735904
1995-08-21 14:38:00,560.008,1668.7871477954218
1995-08-21 14:39:00,2460.82,1458.9255293823817
1995-08-21 14:40:00,1179.842,1896.9831744070732
1995-08-21 14:41:00,802.89,1548.5187391715137
1995-08-21 14:42:00,2978.602,1891.6270131587655
1995-08-21 14:43:00,798.385,1982.7055587140244
1995-08-21 14:44:00,957.525,1479.6876667164818
1995-08-21 14:45:00,1086.684,1769.1011179043664
1995-08-21 14:46:00,773.277,1647.2681520848234
1995-08-21 14:47:00,368.093,1566.8757428078557
1995-08-21 14:48:00,940.5039999999999,1547.264066871499
1995-08-21 14:49:00,1940.425,1660.6640747721417
1995-08-21 14:50:00,459.375,1945.6324631487403
1995-08-21 14:51:00,799.991,1473.3326836355031
1995-08-21 14:52:00,569.678,1884.1261214801857
1995-08-21 14:53:00,898.725,1391.033913393592
1995-08-21 14:54:00,587.461,1612.079402615845
1995-08-21 14:55:00,815.5500000000001,1395.1381716411813
1995-08-21 14:56:00,916.899,1567.829708053085
1995-08-21 14:57:00,823.393,1607.3330263619177
1995-08-21 14:58:00,892.206,1692.089800810444
1995-08-21 14:59:00,790.091,1856.8094084070274
1995-08-21 15:00:00,1182.589,1494.7013838644245
1995-08-21 15:01:00,365.149,1561.2128672581016
1995-08-21 15:02:00,1394.3110000000001,1268.5065965321576
1995-08-21 15:03:00,477.666,1341.2188648056979
1995-08-21 15:04:00,1502.4569999999999,1454.7321206377726
1995-08-21 15:05:00,316.16499999999996,1531.1563161665626
1995-08-21 15:06:00,457.072,1244.6780212026865
1995-08-21 15:07:00,389.75600000000003,1482.7827611573725
1995-08-21 15:08:00,537.952,1136.9305308499306
1995-08-21 15:09:00,566.0550000000001,1217.4537872233077
1995-08-21 15:10:00,435.601,1219.4624122132275
1995-08-21 15:11:00,1810.531,1129.7187197753972
1995-08-21 15:12:00,749.897,1338.440086975924
1995-08-21 15:13:00,899.681,1463.509827809557
1995-08-21 15:14:00,483.649,1531.3602656707274
1995-08-21 15:15:00,952.682,1429.5725683094613
1995-08-21 15:16:00,1159.684,1580.6480245719656
1995-08-21 15:17:00,977.6759999999999,1673.4230098135843
1995-08-21 15:18:00,1586.53,1595.172288152892
1995-08-21 15:19:00,2390.1,1447.869841201607
1995-08-21 15:20:00,651.249,1620.6249767780396
1995-08-21 15:21:00,535.232,1673.1032975917442
1995-08-21 15:22:00,389.091,1544.025897405047
1995-08-21 15:23:00,585.969,1429.0866281181911
1995-08-21 15:24:00,349.121,1556.103803108272
1995-08-21 15:25:00,574.246,1413.713175629919
1995-08-21 15:26:00,860.584,1405.262822867988
1995-08-21 15:27:00,514.191,1438.1845123089815
1995-08-21 15:28:00,479.451,1380.4753988007888
1995-08-21 15:29:00,589.65,1351.1849002486063
1995-08-21 15:30:00,741.235,1296.3413076404106
1995-08-21 15:31:00,784.872,1529.0079556202556
1995-08-21 15:32:00,692.282,1450.4139130606873
1995-08-21 15:33:00,753.734,1405.0172534796186
1995-08-21 15:34:00,2407.763,1459.9810962272118
1995-08-21 15:35:00,305.839,1878.2129647451502
1995-08-21 15:36:00,541.816,1593.0729124252455
1995-08-21 15:37:00,1350.2269999999999,1576.8355177355609
1995-08-21 15:38:00,1099.078,1519.6499677276065
1995-08-21 15:39:00,630.158,1997.957764573152
1995-08-21 15:40:00,1169.263,2006.839531785928
1995-08-21 15:41:00,1035.026,1856.744192598962
1995-08-21 15:42:00,2654.468,1661.5661172219232
1995-08-21 15:43:00,3696.875,1768.6625572635116
1995-08-21 15:44:00,2171.603,2244.49518417359
1995-08-21 15:45:00,2138.6059999999998,2218.897701319293
1995-08-21 15:46:00,1064.533,2158.798841093417
1995-08-21 15:47:00,1678.386,1930.0623585329765
1995-08-21 15:48:00,800.318,2012.3355922585156
1995-08-21 15:49:00,2256.245,2012.4191847506631
1995-08-21 15:50:00,765.592,2047.5410486060855
1995-08-21 15:51:00,1008.418,2000.466000324772
1995-08-21 15:52:00,339.20300000000003,2064.36252318614
1995-08-21 15:53:00,722.509,1877.5585037200724
1995-08-21 15:54:00,806.653,1905.8322718117347
1995-08-21 15:55:00,829.9979999999999,1840.2139231085807
1995-08-21 15:56:00,546.625,1691.336788897899
1995-08-21 15:57:00,637.198,1436.8502928725254
1995-08-21 15:58:00,2516.745,1512.0648585147264
1995-08-21 15:59:00,299.274,1608.8268661486275
1995-08-21 16:00:00,855.066,1282.818919855507
1995-08-21 16:01:00,893.764,1820.660947670237
1995-08-21 16:02:00,1545.632,1495.0059735758025
1995-08-21 16:03:00,779.337,1800.2601298994928
1995-08-21 16:04:00,383.914,1637.4663618210081
1995-08-21 16:05:00,205.54000000000002,1402.1965313602702
1995-08-21 16:06:00,670.575,1263.6571861522755
1995-08-21 16:07:00,667.725,1540.4374648798707
1995-08-21 16:08:00,460.188,1355.8337746452949
1995-08-21 16:09:00,675.912,1319.013990708989
1995-08-21 16:10:00,660.066,1197.0796180204684
1995-08-21 16:11:00,424.058,1381.511462598948
1995-08-21 16:12:00,415.75,1286.1037176141979
1995-08-21 16:13:00,783.146,1425.230348493607
1995-08-21 16:14:00,1329.3319999999999,1456.9835965418927
1995-08-21 16:15:00,545.768,1587.061902685922
1995-08-21 16:16:00,1593.789,1308.5305560585182
1995-08-21 16:17:00,707.954,1514.8667548934197
1995-08-21 16:18:00,709.292,1585.4558213602138
1995-08-21 16:19:00,1097.833,1420.5655380806309
1995-08-21 16:20:00,1180.752,1565.960449169391
1995-08-21 16:21:00,888.381,1608.8191831960414
1995-08-21 16:22:00,845.684,1774.9197889813377
1995-08-21 16:23:00,1578.79,1503.0768499140715
1995-08-21 16:24:00,678.894,1766.6548937334737
1995-08-21 16:25:00,561.515,1648.4567719906097
1995-08-21 16:26:00,960.986,1715.8448436748063
1995-08-21 16:27:00,1194.762,1603.6829093948286
1995-08-21 16:28:00,672.59,1691.754931434683
1995-08-21 16:29:00,841.545,1635.003278332452
1995-08-21 16:30:00,3199.667,1536.0912945336745
1995-08-21 16:31:00,627.36,1754.9370538846197
1995-08-21 16:32:00,325.313,1825.4407967784318
1995-08-21 16:33:00,863.6899999999999,1727.864745901786
1995-08-21 16:34:00,2275.411,1380.2050166255183
1995-08-21 16:35:00,802.777,1642.9643197027708
1995-08-21 16:36:00,814.307,1871.876829269189
1995-08-21 16:37:00,563.889,1695.472558987988
1995-08-21 16:38:00,1663.919,1585.1691691361088
1995-08-21 16:39:00,2069.755,1772.1836563857698
1995-08-21 16:40:00,1086.549,2129.059913966443
1995-08-21 16:41:00,815.371,2350.6917354221086
1995-08-21 16:42:00,1192.658,1957.350821559306
1995-08-21 16:43:00,1725.5990000000002,1894.9881012526496
1995-08-21 16:44:00,1588.2610000000002,1700.8643170676912
1995-08-21 16:45:00,418.13599999999997,1855.29700571344
1995-08-21 16:46:00,2163.697,1656.3107325918859
1995-08-21 16:47:00,1261.537,1852.5572877410623
1995-08-21 16:48:00,700.203,1625.5757256639079
1995-08-21 16:49:00,1365.435,1769.4792230983912
1995-08-21 16:50:00,1103.927,1871.155819930145
1995-08-21 16:51:00,347.248,1787.3520302620057
1995-08-21 16:52:00,460.884,1772.7007673785938
1995-08-21 16:53:00,3940.3849999999998,1418.1807093933191
1995-08-21 16:54:00,1119.374,1921.919786270334
1995-08-21 16:55:00,847.718,1839.7380310415647
1995-08-21 16:56:00,1490.428,1958.1122394875933
1995-08-21 16:57:00,1197.8709999999999,1872.5489693836914
1995-08-21 16:58:00,903.76,1796.708604154541
1995-08-21 16:59:00,538.125,1610.4314964300945
1995-08-21 17:00:00,885.264,1630.9586470436097
1995-08-21 17:01:00,586.729,1635.473075362969
1995-08-21 17:02:00,499.34900000000005,1685.1791148003772
1995-08-21 17:03:00,343.523,1363.4273022074228
1995-08-21 17:04:00,874.894,1356.9310758459064
1995-08-21 17:05:00,427.369,1477.761342010021
1995-08-21 17:06:00,1045.509,1413.1346045371045
1995-08-21 17:07:00,1010.93,1651.0794628440792
1995-08-21 17:08:00,828.693,1673.6333891834054
1995-08-21 17:09:00,1624.9979999999998,1474.172405798151
1995-08-21 17:10:00,997.868,1552.1540605691318
1995-08-21 17:11:00,531.091,1578.2547686589185
1995-08-21 17:12:00,697.162,1775.636673075363
1995-08-21 17:13:00,810.295,1697.366465025096
1995-08-21 17:14:00,879.794,1438.5402385408956
1995-08-21 17:15:00,601.039,1517.754108187519
1995-08-21 17:16:00,1505.6109999999999,1436.42618992262
1995-08-21 17:17:00,765.655,1548.8902191761788
1995-08-21 17:18:00,872.665,1388.1792765092787
1995-08-21 17:19:00,342.715,1461.2268798712796
1995-08-21 17:20:00,464.875,1355.585217468642
1995-08-21 17:21:00,1331.069,1331.2902775740286
1995-08-21 17:22:00,935.025,1654.5642468973883
1995-08-21 17:23:00,1415.501,1429.5454379525663
1995-08-21 17:24:00,700.602,1534.7502190563891
1995-08-21 17:25:00,591.389,1604.3585450802007
1995-08-21 17:26:00,459.72499999999997,1561.1766439585638
1995-08-21 17:27:00,1040.674,1234.6274941991492
1995-08-21 17:28:00,277.079,1434.910240779614
1995-08-21 17:29:00,501.054,1201.9187097621052
1995-08-21 17:30:00,440.881,1182.300937600891
1995-08-21 17:31:00,1630.586,1090.0669223256355
1995-08-21 17:32:00,1511.826,1191.861617225817
1995-08-21 17:33:00,776.89,1506.4462219036755
1995-08-21 17:34:00,734.516,1474.081635980653
1995-08-21 17:35:00,522.3159999999999,1537.0182162399508
1995-08-21 17:36:00,747.015,1278.4680527069488
1995-08-21 17:37:00,2255.2670000000003,1585.5851836227957
1995-08-21 17:38:00,680.882,1475.4082523653792
1995-08-21 17:39:00,708.63,1667.0356333199616
1995-08-21 17:40:00,771.318,1492.1999532569698
1995-08-21 17:41:00,579.783,1484.9989369567504
1995-08-21 17:42:00,2086.721,1457.5963195925253
1995-08-21 17:43:00,326.514,1501.478269576781
1995-08-21 17:44:00,901.399,1354.722386056923
1995-08-21 17:45:00,1520.6390000000001,1708.4313608706996
1995-08-21 17:46:00,636.844,1438.5276168103728
1995-08-21 17:47:00,2250.582,1651.6248373887793
1995-08-21 17:48:00,1628.875,1976.8449290405758
1995-08-21 17:49:00,795.187,1641.7377312629187
1995-08-21 17:50:00,1762.664,1573.5576874034048
1995-08-21 17:51:00,1170.898,1636.3340214922982
1995-08-21 17:52:00,737.7470000000001,1311.4244352450494
1995-08-21 17:53:00,2167.858,1705.1194920672438
1995-08-21 17:54:00,781.13,1520.8303300558848
1995-08-21 17:55:00,1431.766,1598.659973768508
1995-08-21 17:56:00,739.9159999999999,1527.1748286553013
1995-08-21 17:57:00,970.23,1795.7743168436966
1995-08-21 17:58:00,1178.636,1928.1396469536996
1995-08-21 17:59:00,1444.249,1742.7402718001586
1995-08-21 18:00:00,2040.272,1828.3671553995296
1995-08-21 18:01:00,681.4,2263.7997819234965
1995-08-21 18:02:00,1038.843,1839.1039939782866
1995-08-21 18:03:00,825.536,1597.8729555012374
1995-08-21 18:04:00,1072.194,1595.4618026638225
1995-08-21 18:05:00,624.466,1762.3779775689572
1995-08-21 18:06:00,821.374,1850.9024194539952
1995-08-21 18:07:00,996.764,1701.6478829191897
1995-08-21 18:08:00,726.75,1538.8265107070501
1995-08-21 18:09:00,847.61,1384.273913266376
1995-08-21 18:10:00,1393.1380000000001,1710.3946826473582
1995-08-21 18:11:00,407.986,1700.909349376218
1995-08-21 18:12:00,777.513,1419.588534971599
1995-08-21 18:13:00,867.715,1546.0941827114318
1995-08-21 18:14:00,267.909,1531.938945661552
1995-08-21 18:15:00,1036.435,1146.109718553091
1995-08-21 18:16:00,1187.6889999999999,1394.3937686208442
1995-08-21 18:17:00,723.1,1407.7367274429087
1995-08-21 18:18:00,1126.249,1547.08459369875
1995-08-21 18:19:00,857.149,1494.0376477361274
1995-08-21 18:20:00,1609.8829999999998,1529.1385390840815
1995-08-21 18:21:00,1210.921,1624.1940133347725
1995-08-21 18:22:00,2511.697,1707.7974740403029
1995-08-21 18:23:00,1733.849,1901.83767196684
1995-08-21 18:24:00,143.977,2026.1298080600034
1995-08-21 18:25:00,1737.5130000000001,1676.9734349244457
1995-08-21 18:26:00,1283.954,1818.7019790802103
1995-08-21 18:27:00,409.603,1577.1395768534449
1995-08-21 18:28:00,435.777,1615.8136643542223
1995-08-21 18:29:00,765.279,1343.5546972799714
1995-08-21 18:30:00,519.945,1358.7588473008345
1995-08-21 18:31:00,1292.638,1435.6886787778758
1995-08-21 18:32:00,1645.877,1506.9598510236694
1995-08-21 18:33:00,906.516,1615.2023564131778
1995-08-21 18:34:00,1060.0739999999998,1638.448133668134
1995-08-21 18:35:00,1363.639,1628.546287268194
1995-08-21 18:36:00,2798.8810000000003,1537.705859855035
1995-08-21 18:37:00,764.151,2100.4624162214827
1995-08-21 18:38:00,675.783,1887.5593448677773
1995-08-21 18:39:00,2008.641,1550.2990972223233
1995-08-21 18:40:00,650.958,1964.982037730073
1995-08-21 18:41:00,769.794,1562.161951907813
1995-08-21 18:42:00,1260.69,1482.0436971984793
1995-08-21 18:43:00,465.131,1535.7482417254284
1995-08-21 18:44:00,691.217,1482.2380816353057
1995-08-21 18:45:00,474.442,1474.9033799734184
1995-08-21 18:46:00,805.553,1411.618950647912
1995-08-21 18:47:00,614.106,1416.2330245295748
1995-08-21 18:48:00,574.609,1557.849667687544
1995-08-21 18:49:00,889.754,1350.886853357332
1995-08-21 18:50:00,713.795,1503.553334033882
1995-08-21 18:51:00,915.4649999999999,1426.9583583180888
1995-08-21 18:52:00,206.573,1555.9459162589978
1995-08-21 18:53:00,482.428,1200.2228734263326
1995-08-21 18:54:00,630.371,1124.5585048058376
1995-08-21 18:55:00,470.931,1234.8155550222236
1995-08-21 18:56:00,351.343,1081.8073020065194
1995-08-21 18:57:00,326.829,1094.9751561906335
1995-08-21 18:58:00,240.575,1089.1837837478686
1995-08-21 18:59:00,912.584,1033.52773521387
1995-08-21 19:00:00,430.767,1066.9930079522142
1995-08-21 19:01:00,741.025,1115.8376881098272
1995-08-21 19:02:00,1018.885,1249.6772542053786
1995-08-21 19:03:00,1891.183,1254.212822390979
1995-08-21 19:04:00,80.216,1324.5474268186517
1995-08-21 19:05:00,185.912,1087.2781809311314
1995-08-21 19:06:00,214.08100000000002,753.9649266659633
1995-08-21 19:07:00,257.427,936.2238656887864
1995-08-21 19:08:00,630.0540000000001,1002.068485475514
1995-08-21 19:09:00,504.257,884.9086820656138
1995-08-21 19:10:00,171.049,1046.6313043721782
1995-08-21 19:11:00,742.767,1023.1786599692565
1995-08-21 19:12:00,458.227,969.1043977537015
1995-08-21 19:13:00,752.635,922.6846345893749
1995-08-21 19:14:00,241.23999999999998,1027.8335928713418
1995-08-21 19:15:00,529.198,1019.0673910502563
1995-08-21 19:16:00,279.966,1055.3986658127953
1995-08-21 19:17:00,91.463,936.463282353717
1995-08-21 19:18:00,181.437,613.2381389882385
1995-08-21 19:19:00,2255.9010000000003,697.5764646708612
1995-08-21 19:20:00,329.155,1027.3428720048664
1995-08-21 19:21:00,1014.162,1035.675022577627
1995-08-21 19:22:00,922.754,1045.7127390379771
1995-08-21 19:23:00,277.998,1079.060652147729
1995-08-21 19:24:00,236.534,1121.1959400276808
1995-08-21 19:25:00,489.715,1008.7765405374366
1995-08-21 19:26:00,611.672,1127.0516541340905
1995-08-21 19:27:00,427.544,1335.977817673981
1995-08-21 19:28:00,1183.456,1173.3549190461993
1995-08-21 19:29:00,834.2660000000001,1310.4826024592564
1995-08-21 19:30:00,1381.258,1211.4935371542997
1995-08-21 19:31:00,695.572,1373.037636739489
1995-08-21 19:32:00,360.387,1218.6057116958793
1995-08-21 19:33:00,75.378,1083.7252575130958
1995-08-21 19:34:00,173.174,1019.9638403782318
1995-08-21 19:35:00,164.622,1005.2029610862327
1995-08-21 19:36:00,221.764,891.0270330654323
1995-08-21 19:37:00,110.256,973.5763079237155
1995-08-21 19:38:00,183.407,790.4698725155088
1995-08-21 19:39:00,61.195,738.2660442904286
1995-08-21 19:40:00,100.697,772.7108840216849
1995-08-21 19:41:00,430.006,607.307508298676
1995-08-21 19:42:00,704.189,676.068419138228
1995-08-21 19:43:00,918.962,795.4247598064709
1995-08-21 19:44:00,627.776,929.3526447898017
1995-08-21 19:45:00,392.59700000000004,987.4534499839672
1995-08-21 19:46:00,543.321,864.1542838733349
1995-08-21 19:47:00,142.994,915.898925721195
1995-08-21 19:48:00,440.479,879.6917661100539
1995-08-21 19:49:00,361.801,946.7338284533919
1995-08-21 19:50:00,526.639,1287.6786105464766
1995-08-21 19:51:00,327.837,1008.0214823177907
1995-08-21 19:52:00,1762.2830000000001,957.778207377129
1995-08-21 19:53:00,579.336,993.0703844989433
1995-08-21 19:54:00,264.835,1013.0728008973682
1995-08-21 19:55:00,370.585,801.6157477367949
1995-08-21 19:56:00,2403.902,1069.0844111273939
1995-08-21 19:57:00,628.024,1103.6071278372965
1995-08-21 19:58:00,1440.712,1033.4462700857841
1995-08-21 19:59:00,420.839,1140.377140483963
1995-08-21 20:00:00,334.374,982.5431116756592
1995-08-21 20:01:00,367.30899999999997,1062.659714764655
1995-08-21 20:02:00,538.41,1092.9297604286119
1995-08-21 20:03:00,2655.721,1067.7068327237023
1995-08-21 20:04:00,1300.622,1409.4197167664347
1995-08-21 20:05:00,907.184,1180.2413527494734
1995-08-21 20:06:00,936.436,1599.0517663831486
1995-08-21 20:07:00,988.665,1467.539853760138
1995-08-21 20:08:00,1163.87,1564.5919268381542
1995-08-21 20:09:00,1705.094,1515.9585953982028
1995-08-21 20:10:00,553.458,1592.1461174886526
1995-08-21 20:11:00,387.83299999999997,1392.7653165564718
1995-08-21 20:12:00,928.415,1382.088360399526
1995-08-21 20:13:00,744.917,1327.7308201412934
1995-08-21 20:14:00,776.631,1484.3074865755173
1995-08-21 20:15:00,2245.8360000000002,1376.1558573749037
1995-08-21 20:16:00,1490.066,1660.7294332285037
1995-08-21 20:17:00,1499.582,1584.794376739967
1995-08-21 20:18:00,2242.406,1659.0560986890387
1995-08-21 20:19:00,958.039,1606.6528085032498
1995-08-21 20:20:00,1182.62,1691.3299453962345
1995-08-21 20:21:00,639.777,1524.1909497285824
1995-08-21 20:22:00,920.248,1432.0491833127755
1995-08-21 20:23:00,1389.673,1600.8861148661733
1995-08-21 20:24:00,534.143,1376.9137794817143
1995-08-21 20:25:00,1265.916,1326.563458257091
1995-08-21 20:26:00,209.571,1375.6565128392729
1995-08-21 20:27:00,399.604,1248.5819108980154
1995-08-21 20:28:00,229.031,1156.6373840581907
1995-08-21 20:29:00,349.926,1301.981831906996
1995-08-21 20:30:00,390.851,1080.3275102513487
1995-08-21 20:31:00,708.846,1251.6475616810578
1995-08-21 20:32:00,998.97,1302.396700861551
1995-08-21 20:33:00,444.802,1265.6726557545842
1995-08-21 20:34:00,347.427,1303.1963171017808
1995-08-21 20:35:00,335.238,1077.133090430651
1995-08-21 20:36:00,253.229,1083.667049894518
1995-08-21 20:37:00,1517.8039999999999,1028.1117772663588
1995-08-21 20:38:00,726.399,989.5216911174355
1995-08-21 20:39:00,968.743,1304.3610095243287
1995-08-21 20:40:00,580.027,1449.8632531740732
1995-08-21 20:41:00,753.475,1435.007431687617
1995-08-21 20:42:00,1446.2839999999999,1287.8942435987778
1995-08-21 20:43:00,388.74,1320.412525082337
1995-08-21 20:44:00,504.83299999999997,1368.656159522071
1995-08-21 20:45:00,1159.364,1044.0887198256692
1995-08-21 20:46:00,577.075,1310.6755724237871
1995-08-21 20:47:00,239.33,1225.488874187074
1995-08-21 20:48:00,546.43,1029.2249295583988
1995-08-21 20:49:00,224.363,876.4002513007582
1995-08-21 20:50:00,348.948,821.4678536920339
1995-08-21 20:51:00,306.414,895.7130188366459
1995-08-21 20:52:00,355.48499999999996,876.5767470351573
1995-08-21 20:53:00,117.842,959.6585838834376
1995-08-21 20:54:00,81.92,855.6459700360089
1995-08-21 20:55:00,162.598,547.270109976155
1995-08-21 20:56:00,255.708,782.6485594047261
1995-08-21 20:57:00,308.957,836.8048635775657
1995-08-21 20:58:00,218.881,717.6026712185426
1995-08-21 20:59:00,240.826,735.8424761198665
1995-08-21 21:00:00,194.582,916.8096182875541
1995-08-21 21:01:00,405.204,772.8002261877234
1995-08-21 21:02:00,231.06,721.0110724444052
1995-08-21 21:03:00,166.986,638.0667505976668
1995-08-21 21:04:00,229.36100000000002,776.1642434393029
1995-08-21 21:05:00,165.428,641.8548183102441
1995-08-21 21:06:00,445.17199999999997,714.0809478297786
1995-08-21 21:07:00,217.399,761.5855234160766
1995-08-21 21:08:00,303.711,696.753380437288
1995-08-21 21:09:00,713.322,728.5674877961956
1995-08-21 21:10:00,221.34799999999998,891.80895073542
1995-08-21 21:11:00,368.50300000000004,800.2520122447703
1995-08-21 21:12:00,958.727,974.8324800316051
1995-08-21 21:13:00,266.45799999999997,863.4184990603272
1995-08-21 21:14:00,382.191,928.0628786062214
1995-08-21 21:15:00,169.981,856.0753684551879
1995-08-21 21:16:00,415.98100000000005,833.8060876948422
1995-08-21 21:17:00,286.514,732.7102097214814
1995-08-21 21:18:00,146.219,791.8031595396433
1995-08-21 21:19:00,193.101,755.8154566222297
1995-08-21 21:20:00,385.304,674.0744768636524
1995-08-21 21:21:00,55.424,678.6846027955564
1995-08-21 21:22:00,347.51099999999997,621.2085023946177
1995-08-21 21:23:00,842.1800000000001,611.8104866950443
1995-08-21 21:24:00,326.647,1100.1137212035394
1995-08-21 21:25:00,140.018,1138.2812211766304
1995-08-21 21:26:00,437.652,845.1308819760674
1995-08-21 21:27:00,696.758,925.8416306619171
1995-08-21 21:28:00,564.3249999999999,909.883222572355
1995-08-21 21:29:00,977.343,860.385980483869
1995-08-21 21:30:00,696.243,857.1323951345418
1995-08-21 21:31:00,378.894,1117.662241623093
1995-08-21 21:32:00,448.89300000000003,1002.0878107816112
1995-08-21 21:33:00,368.56,1112.114200632691
1995-08-21 21:34:00,481.514,1121.3574277891169
1995-08-21 21:35:00,128.661,929.136809824943
1995-08-21 21:36:00,351.746,870.2906427711727
1995-08-21 21:37:00,334.025,1115.0376855285772
1995-08-21 21:38:00,799.917,1124.2073560101824
1995-08-21 21:39:00,1931.757,1033.5334470803505
1995-08-21 21:40:00,660.365,1133.1753889499637
1995-08-21 21:41:00,572.271,987.2364458855343
1995-08-21 21:42:00,373.764,1112.9230919044594
1995-08-21 21:43:00,612.783,1171.1767003601537
1995-08-21 21:44:00,619.818,1100.9833401475134
1995-08-21 21:45:00,378.335,1043.3117355040752
1995-08-21 21:46:00,960.6270000000001,1176.4988871457879
1995-08-21 21:47:00,742.605,1217.7829158895206
1995-08-21 21:48:00,450.181,1235.0563802293314
1995-08-21 21:49:00,177.103,1143.6684914426908
1995-08-21 21:50:00,125.565,1057.109591162451
1995-08-21 21:51:00,151.286,899.587354672439
1995-08-21 21:52:00,277.75600000000003,687.2630653256434
1995-08-21 21:53:00,865.561,894.8736617585666
1995-08-21 21:54:00,196.47,940.878072189901
1995-08-21 21:55:00,456.42699999999996,998.600458741578
1995-08-21 21:56:00,289.869,1021.8756234804114
1995-08-21 21:57:00,202.944,852.1488139538953
1995-08-21 21:58:00,238.578,753.5856032541886
1995-08-21 21:59:00,412.231,888.0266949848497
1995-08-21 22:00:00,351.642,834.8242829709537
1995-08-21 22:01:00,377.839,817.2731108398866
1995-08-21 22:02:00,528.5300000000001,854.6038215007515
1995-08-21 22:03:00,188.372,828.2071635942198
1995-08-21 22:04:00,628.704,544.1556839494349
1995-08-21 22:05:00,393.529,869.6284071440224
1995-08-21 22:06:00,312.446,849.2157698331915
1995-08-21 22:07:00,237.176,884.182917252451
1995-08-21 22:08:00,338.432,852.7223192438668
1995-08-21 22:09:00,202.987,976.0306704668042
1995-08-21 22:10:00,525.058,852.4231024187992
1995-08-21 22:11:00,448.76,891.6818564360889
1995-08-21 22:12:00,170.79,937.6009650489051
1995-08-21 22:13:00,567.262,651.2599076528173
1995-08-21 22:14:00,335.65599999999995,806.9453063661152
1995-08-21 22:15:00,508.409,831.0802924604355
1995-08-21 22:16:00,219.82,779.0952655448594
1995-08-21 22:17:00,104.306,846.3022027974354
1995-08-21 22:18:00,253.278,790.4943686357011
1995-08-21 22:19:00,224.632,685.3282046290963
1995-08-21 22:20:00,415.572,655.326860403994
1995-08-21 22:21:00,301.555,714.7551172235527
1995-08-21 22:22:00,186.64600000000002,703.9538124148689
1995-08-21 22:23:00,186.214,657.9631144226187
1995-08-21 22:24:00,188.77,605.1818697825553
1995-08-21 22:25:00,563.399,586.8159913731498
1995-08-21 22:26:00,396.024,668.6203032361244
1995-08-21 22:27:00,753.3870000000001,810.4007123125289
1995-08-21 22:28:00,189.764,733.7050353805423
1995-08-21 22:29:00,167.072,735.4057952268819
1995-08-21 22:30:00,891.0210000000001,720.9834116072464
1995-08-21 22:31:00,421.486,824.1981512371067
1995-08-21 22:32:00,521.767,904.7581523511265
1995-08-21 22:33:00,259.895,893.2859602697762
1995-08-21 22:34:00,177.283,791.6527371510704
1995-08-21 22:35:00,597.062,688.8682083583446
1995-08-21 22:36:00,350.918,760.4420171197886
1995-08-21 22:37:00,881.986,790.6133707751086
1995-08-21 22:38:00,1603.8410000000001,1015.1792599767581
1995-08-21 22:39:00,428.325,1009.0664082033369
1995-08-21 22:40:00,333.772,956.3134491062776
1995-08-21 22:41:00,561.0409999999999,921.2824833848082
1995-08-21 22:42:00,569.824,1028.9450372228425
1995-08-21 22:43:00,774.183,1054.5447853274793
1995-08-21 22:44:00,349.869,1020.000831616091
1995-08-21 22:45:00,257.862,953.676135802458
1995-08-21 22:46:00,1136.713,880.147212811164
1995-08-21 22:47:00,622.093,931.0882367755702
1995-08-21 22:48:00,299.701,1108.8491194086785
1995-08-21 22:49:00,234.9,998.1814281462649
1995-08-21 22:50:00,259.637,1012.5863216907674
1995-08-21 22:51:00,115.269,849.3214332555912
1995-08-21 22:52:00,137.224,796.9497159685495
1995-08-21 22:53:00,142.374,723.853437911803
1995-08-21 22:54:00,99.383,714.0651574392297
1995-08-21 22:55:00,224.421,522.9933501388657
1995-08-21 22:56:00,880.515,469.52100104459413
1995-08-21 22:57:00,913.714,737.5396878196678
1995-08-21 22:58:00,328.956,788.4611766928219
1995-08-21 22:59:00,427.342,760.7256739956275
1995-08-21 23:00:00,315.237,756.5434796645094
1995-08-21 23:01:00,1901.797,740.2470670749994
1995-08-21 23:02:00,308.117,1032.383986064588
1995-08-21 23:03:00,840.607,741.2645381113651
1995-08-21 23:04:00,353.501,1009.5810107648451
1995-08-21 23:05:00,192.94299999999998,866.5937440458038
1995-08-21 23:06:00,523.203,830.233718775405
1995-08-21 23:07:00,54.802,971.9719463576777
1995-08-21 23:08:00,485.641,759.2589260337119
1995-08-21 23:09:00,1483.1570000000002,929.2629548928555
1995-08-21 23:10:00,328.979,840.2522166296345
1995-08-21 23:11:00,223.338,1048.3780341622776
1995-08-21 23:12:00,212.82799999999997,944.4577889622403
1995-08-21 23:13:00,534.319,1154.6634314949056
1995-08-21 23:14:00,381.32,885.4665698951898
1995-08-21 23:15:00,684.971,872.8584257626134
1995-08-21 23:16:00,534.35,856.6329752375674
1995-08-21 23:17:00,216.68,950.1148738147687
1995-08-21 23:18:00,137.881,866.7154959608855
1995-08-21 23:19:00,128.288,808.1243492089447
1995-08-21 23:20:00,637.756,787.27042998986
1995-08-21 23:21:00,472.215,829.6085777906922
1995-08-21 23:22:00,42.197,930.6554158495996
1995-08-21 23:23:00,88.918,631.2578144734268
1995-08-21 23:24:00,270.18600000000004,572.817782571768
1995-08-21 23:25:00,340.44300000000004,833.9361028859935
1995-08-21 23:26:00,206.11399999999998,555.606962505986
1995-08-21 23:27:00,57.623,679.4074725699165
1995-08-21 23:28:00,51.153999999999996,621.5166347982864
1995-08-21 23:29:00,53.432,660.8074118218103
1995-08-21 23:30:00,565.551,559.4611133072601
1995-08-21 23:31:00,58.18,582.1310522922414
1995-08-21 23:32:00,155.182,653.7609517493336
1995-08-21 23:33:00,258.475,703.6349898399172
1995-08-21 23:34:00,532.719,671.5018127784784
1995-08-21 23:35:00,140.996,859.7938714231772
1995-08-21 23:36:00,249.453,719.9009244126803
1995-08-21 23:37:00,612.828,655.338314078279
1995-08-21 23:38:00,417.125,907.4176867350301
1995-08-21 23:39:00,289.549,725.9087463309137
1995-08-21 23:40:00,259.83,834.1095859252632
1995-08-21 23:41:00,556.409,841.4041297450954
1995-08-21 23:42:00,286.25,778.4395126489288
1995-08-21 23:43:00,809.95,945.815496652463
1995-08-21 23:44:00,395.00399999999996,904.5670868643923
1995-08-21 23:45:00,159.76,712.0249973841571
1995-08-21 23:46:00,195.475,656.6818267775346
1995-08-21 23:47:00,339.501,722.0851595861434
1995-08-21 23:48:00,106.761,689.0372127210155
1995-08-21 23:49:00,351.754,487.0662166564495
1995-08-21 23:50:00,122.529,609.032009291216
1995-08-21 23:51:00,122.42099999999999,454.3061968927633
1995-08-21 23:52:00,220.279,601.2305560890613
1995-08-21 23:53:00,447.275,671.9545088652633
1995-08-21 23:54:00,680.302,742.7648501355008
1995-08-21 23:55:00,401.454,631.5806975687861
1995-08-21 23:56:00,518.07,909.3291787343867
1995-08-21 23:57:00,219.655,804.8760720278482
1995-08-21 23:58:00,161.72199999999998,855.5869365141572
1995-08-21 23:59:00,967.186,701.9835736391634
1995-08-22 00:00:00,616.051,816.8674244630082
1995-08-22 00:01:00,1112.108,1039.3432465284504
1995-08-22 00:02:00,466.489,1078.3825367619754
1995-08-22 00:03:00,1332.1009999999999,1097.1893096317735
1995-08-22 00:04:00,466.49199999999996,1157.655637137077
1995-08-22 00:05:00,488.75,1227.4242004172056
1995-08-22 00:06:00,458.791,1196.7578838768115
1995-08-22 00:07:00,527.3100000000001,1113.9241197806607
1995-08-22 00:08:00,291.519,1041.560284664481
1995-08-22 00:09:00,488.99,985.6861179101111
1995-08-22 00:10:00,328.981,880.2265597517601
1995-08-22 00:11:00,402.79100000000005,813.9428439008674
1995-08-22 00:12:00,926.0550000000001,820.1490708266743
1995-08-22 00:13:00,218.684,1030.5045430126122
1995-08-22 00:14:00,145.693,1104.9677463028968
1995-08-22 00:15:00,528.18,838.6075448102455
1995-08-22 00:16:00,345.728,1073.250651771099
1995-08-22 00:17:00,67.172,928.6067433546859
1995-08-22 00:18:00,47.400999999999996,731.6217885577253
1995-08-22 00:19:00,315.168,640.7349066824319
1995-08-22 00:20:00,252.752,666.9731990026564
1995-08-22 00:21:00,638.2869999999999,723.6019988275024
1995-08-22 00:22:00,327.449,756.3886709425774
1995-08-22 00:23:00,89.681,767.4447196938387
1995-08-22 00:24:00,54.465,776.893181366352
1995-08-22 00:25:00,417.672,675.0605875010474
1995-08-22 00:26:00,362.283,739.922137830136
1995-08-22 00:27:00,654.624,919.8870911322227
1995-08-22 00:28:00,192.416,774.9687952549635
1995-08-22 00:29:00,349.86,669.0354054305051
1995-08-22 00:30:00,209.614,745.7248256681788
1995-08-22 00:31:00,876.5889999999999,672.6493962126398
1995-08-22 00:32:00,483.21500000000003,636.3714750178971
1995-08-22 00:33:00,431.022,678.2587373113186
1995-08-22 00:34:00,132.544,657.2223806480573
1995-08-22 00:35:00,158.942,741.6194613956147
1995-08-22 00:36:00,240.339,732.5037981861623
1995-08-22 00:37:00,165.221,550.3130150138909
1995-08-22 00:38:00,69.09100000000001,540.5651388020844
1995-08-22 00:39:00,95.22,563.0873209876492
1995-08-22 00:40:00,152.757,607.5658923120725
1995-08-22 00:41:00,761.746,662.3632913607594
1995-08-22 00:42:00,679.066,824.409556995541
1995-08-22 00:43:00,136.946,719.425500055284
1995-08-22 00:44:00,487.637,745.9204257338457
1995-08-22 00:45:00,137.531,853.3752170799102
1995-08-22 00:46:00,561.997,722.297251122954
1995-08-22 00:47:00,175.281,775.9070411907196
1995-08-22 00:48:00,238.213,710.1242118357944
1995-08-22 00:49:00,105.801,759.0900344469363
1995-08-22 00:50:00,420.69,757.5065757592466
1995-08-22 00:51:00,382.236,794.3106428777178
1995-08-22 00:52:00,435.748,745.4161106489352
1995-08-22 00:53:00,285.727,884.4303362722212
1995-08-22 00:54:00,255.707,781.9588541623297
1995-08-22 00:55:00,122.777,944.0094655278045
1995-08-22 00:56:00,196.337,571.4000938420652
1995-08-22 00:57:00,300.176,719.1053043027468
1995-08-22 00:58:00,164.287,815.7295051704994
1995-08-22 00:59:00,1333.795,700.7082103129256
1995-08-22 01:00:00,111.336,662.8317503703394
1995-08-22 01:01:00,214.214,650.3234400124865
1995-08-22 01:02:00,203.34799999999998,639.4987103486561
1995-08-22 01:03:00,533.883,708.1847072741537
1995-08-22 01:04:00,581.26,637.5499620894566
1995-08-22 01:05:00,125.611,715.1330727457108
1995-08-22 01:06:00,190.486,744.6833656025508
1995-08-22 01:07:00,321.913,758.1609419717414
1995-08-22 01:08:00,323.01200000000006,729.5700996390513
1995-08-22 01:09:00,663.65,571.26523247558
1995-08-22 01:10:00,251.058,703.1090990423006
1995-08-22 01:11:00,1186.8509999999999,748.7756980139103
1995-08-22 01:12:00,167.881,630.9912340236315
1995-08-22 01:13:00,0.0,598.9038390680698
1995-08-22 01:18:00,281.969,596.3598620804602
1995-08-22 01:20:00,951.168,512.7837388262036
1995-08-22 01:21:00,210.424,616.285910889151
1995-08-22 01:22:00,98.122,682.114847151075
1995-08-22 01:23:00,281.34,460.643473504369
1995-08-22 01:24:00,253.644,696.8876729354972
1995-08-22 01:25:00,104.72399999999999,765.5198776612613
1995-08-22 01:26:00,1662.1129999999998,507.9108944963855
1995-08-22 01:27:00,317.09999999999997,646.0648773178004
1995-08-22 01:28:00,1344.024,901.9454741491019
1995-08-22 01:30:00,322.51599999999996,758.5005235838262
1995-08-22 01:31:00,1373.925,956.2366766796072
1995-08-22 01:32:00,172.564,971.1459519100928
1995-08-22 01:33:00,377.113,677.4015142778989
1995-08-22 01:34:00,652.3199999999999,787.7233831313359
1995-08-22 01:35:00,178.614,848.8150391837327
1995-08-22 01:36:00,399.989,729.6136090300298
1995-08-22 01:37:00,157.173,735.2969394498062
1995-08-22 01:38:00,325.014,678.3787068452644
1995-08-22 01:39:00,381.373,762.0771172941114
1995-08-22 01:40:00,215.047,860.6364970495262
1995-08-22 01:41:00,352.317,727.9756788226222
1995-08-22 01:42:00,478.71500000000003,855.6675323238053
1995-08-22 01:43:00,138.197,618.9804097168811
1995-08-22 01:44:00,70.76,733.7461222935408
1995-08-22 01:45:00,665.952,522.3117360094958
1995-08-22 01:46:00,118.356,594.2145876789026
1995-08-22 01:47:00,504.573,608.941421585943
1995-08-22 01:48:00,449.403,725.1106639211632
1995-08-22 01:49:00,164.484,730.9206514128292
1995-08-22 01:50:00,246.169,930.4517638974564
1995-08-22 01:51:00,98.794,759.9125997112423
1995-08-22 01:52:00,297.844,569.5777339642874
1995-08-22 01:53:00,226.779,726.0717359490292
1995-08-22 01:54:00,498.034,535.2632297667847
1995-08-22 01:55:00,259.811,840.1939378199846
1995-08-22 01:56:00,1501.094,755.5938010434454
1995-08-22 01:57:00,228.048,747.484417813204
1995-08-22 01:58:00,49.724999999999994,790.6505529581198
1995-08-22 01:59:00,282.974,573.9174009666738
1995-08-22 02:00:00,183.63,697.9468205233331
1995-08-22 02:01:00,704.635,599.1221358293432
1995-08-22 02:02:00,141.615,823.7108255078894
1995-08-22 02:03:00,217.333,565.343050340486
1995-08-22 02:04:00,141.785,615.5515564823845
1995-08-22 02:05:00,243.29200000000003,630.3449677892036
1995-08-22 02:06:00,168.969,474.0118449675937
1995-08-22 02:07:00,118.463,490.3908111956965
1995-08-22 02:08:00,91.916,562.391876753976
1995-08-22 02:09:00,18.189,420.08509249995524
1995-08-22 02:10:00,70.151,323.053941665161
1995-08-22 02:11:00,347.15299999999996,357.23543831250623
1995-08-22 02:12:00,60.625,594.7876447677937
1995-08-22 02:13:00,102.293,187.09788450266416
1995-08-22 02:14:00,222.42,283.64387807853575
1995-08-22 02:15:00,336.873,360.42548423352633
1995-08-22 02:16:00,76.088,418.99053800007897
1995-08-22 02:17:00,11.0,346.84856527053324
1995-08-22 02:18:00,234.047,321.43732485351336
1995-08-22 02:19:00,206.863,313.66600101309314
1995-08-22 02:20:00,90.878,373.6180640462981
1995-08-22 02:21:00,160.939,336.21687426733746
1995-08-22 02:22:00,368.871,373.06840292378683
1995-08-22 02:23:00,258.589,533.2285387188688
1995-08-22 02:24:00,156.305,506.46069012435345
1995-08-22 02:25:00,146.65,366.1142809687012
1995-08-22 02:26:00,30.436,439.87888934694945
1995-08-22 02:27:00,528.893,425.5373162013375
1995-08-22 02:28:00,984.2379999999999,454.91802840870366
1995-08-22 02:29:00,333.859,602.408388000687
1995-08-22 02:30:00,306.855,723.4141647536926
1995-08-22 02:31:00,132.873,573.7465967001475
1995-08-22 02:32:00,430.723,699.7638918433248
1995-08-22 02:33:00,123.64,670.8243877466706
1995-08-22 02:34:00,188.26299999999998,650.0319516714612
1995-08-22 02:35:00,273.752,472.34360901595215
1995-08-22 02:36:00,12.015,510.1044158045618
1995-08-22 02:37:00,330.341,314.1550789649375
1995-08-22 02:38:00,356.906,362.63261149385187
1995-08-22 02:39:00,402.943,592.0095293944838
1995-08-22 02:40:00,195.584,577.6938882207461
1995-08-22 02:41:00,237.936,530.4738231313007
1995-08-22 02:42:00,283.57099999999997,660.9316892559488
1995-08-22 02:43:00,124.62599999999999,694.9097986275867
1995-08-22 02:44:00,204.888,521.2131249106761
1995-08-22 02:45:00,311.393,537.0551250714464
1995-08-22 02:46:00,164.119,620.1749949021863
1995-08-22 02:47:00,97.124,485.0671039216231
1995-08-22 02:48:00,36.525999999999996,377.0121879420273
1995-08-22 02:49:00,65.344,285.3811015980587
1995-08-22 02:50:00,155.909,375.809160078331
1995-08-22 02:51:00,57.359,413.92721455146176
1995-08-22 02:52:00,118.714,435.7086888479867
1995-08-22 02:53:00,78.68599999999999,510.6044525992789
1995-08-22 02:54:00,24.706,453.3991260377414
1995-08-22 02:55:00,39.252,412.27985147825575
1995-08-22 02:56:00,775.915,336.32959196453726
1995-08-22 02:57:00,305.791,432.08594668326145
1995-08-22 02:58:00,67.444,488.31738798999464
1995-08-22 02:59:00,204.38899999999998,338.9463000867254
1995-08-22 03:00:00,132.365,434.90312135647076
1995-08-22 03:01:00,106.408,504.80499600003
1995-08-22 03:02:00,250.02200000000002,396.223501240332
1995-08-22 03:03:00,149.637,409.7288954701013
1995-08-22 03:04:00,728.984,434.6910665030305
1995-08-22 03:05:00,165.792,579.5124852431286
1995-08-22 03:06:00,197.276,487.8604684202251
1995-08-22 03:07:00,513.165,436.1546091963026
1995-08-22 03:08:00,143.988,495.4706117651117
1995-08-22 03:09:00,404.262,789.2308726028335
1995-08-22 03:10:00,152.40200000000002,604.7409060921091
1995-08-22 03:11:00,195.976,532.0604308899459
1995-08-22 03:12:00,238.942,570.3983207075609
1995-08-22 03:13:00,286.304,640.938553886703
1995-08-22 03:14:00,211.21699999999998,585.1161619499501
1995-08-22 03:15:00,89.055,561.9152645071613
1995-08-22 03:16:00,312.512,350.55142179138096
1995-08-22 03:17:00,259.651,453.1124279927303
1995-08-22 03:18:00,133.631,535.4061062009691
1995-08-22 03:19:00,1740.372,560.134652284402
1995-08-22 03:20:00,450.839,629.6220738872732
1995-08-22 03:21:00,127.037,788.9260399526036
1995-08-22 03:22:00,130.394,640.4341801191263
1995-08-22 03:23:00,456.363,557.0843469928183
1995-08-22 03:24:00,277.505,722.4953068372727
1995-08-22 03:25:00,550.981,794.3453234237289
1995-08-22 03:26:00,331.826,745.9063944259788
1995-08-22 03:27:00,466.906,718.1557162765408
1995-08-22 03:28:00,560.557,697.2488033529795
1995-08-22 03:29:00,707.695,745.2649610353205
1995-08-22 03:30:00,229.592,843.1121275479195
1995-08-22 03:31:00,353.303,874.0960898530993
1995-08-22 03:32:00,509.046,748.1126349898828
1995-08-22 03:33:00,469.161,708.33710251792
1995-08-22 03:34:00,601.392,740.5183274459968
1995-08-22 03:35:00,431.63100000000003,875.7744703079707
1995-08-22 03:36:00,270.774,775.301588731063
1995-08-22 03:37:00,516.41,748.9370115797103
1995-08-22 03:38:00,279.359,804.0480548676128
1995-08-22 03:39:00,314.45300000000003,742.862908905037
1995-08-22 03:40:00,1328.208,671.9393063091778
1995-08-22 03:41:00,328.42900000000003,664.3012280840943
1995-08-22 03:42:00,53.102000000000004,807.9558221635596
1995-08-22 03:43:00,424.511,546.2459195656097
1995-08-22 03:44:00,429.645,603.8950731909023
1995-08-22 03:45:00,443.303,750.268559565031
1995-08-22 03:46:00,79.611,544.9553958206802
1995-08-22 03:47:00,205.702,697.6383802630166
1995-08-22 03:48:00,232.439,439.2138173040194
1995-08-22 03:49:00,1487.752,746.5722357830801
1995-08-22 03:50:00,460.846,833.4704063917932
1995-08-22 03:51:00,1248.805,894.0009159868031
1995-08-22 03:52:00,210.52800000000002,707.7363112218261
1995-08-22 03:53:00,527.222,805.9975538470012
1995-08-22 03:54:00,1754.2079999999999,782.8883213243566
1995-08-22 03:55:00,164.473,1087.8211793249
1995-08-22 03:56:00,445.277,915.1423699866411
1995-08-22 03:57:00,89.416,724.5661125396807
1995-08-22 03:58:00,953.911,840.918666630114
1995-08-22 03:59:00,123.868,924.1664494394499
1995-08-22 04:00:00,242.404,958.2881102283575
1995-08-22 04:01:00,314.982,777.5300488592478
1995-08-22 04:02:00,255.494,725.3533952021417
1995-08-22 04:03:00,95.635,750.6215768365065
1995-08-22 04:04:00,178.873,737.1470029183533
1995-08-22 04:05:00,234.63899999999998,569.182974705237
1995-08-22 04:06:00,63.562000000000005,625.4378237031607
1995-08-22 04:07:00,644.321,629.8383429400727
1995-08-22 04:08:00,178.866,634.7222110172902
1995-08-22 04:09:00,135.625,700.2024261025957
1995-08-22 04:10:00,319.951,596.6291958284075
1995-08-22 04:11:00,252.831,555.7403749093863
1995-08-22 04:12:00,178.352,624.0868098134815
1995-08-22 04:13:00,195.592,727.1340642138049
1995-08-22 04:14:00,119.838,634.3139662296302
1995-08-22 04:15:00,72.856,512.4141502769828
1995-08-22 04:16:00,39.623,420.7036153444183
1995-08-22 04:17:00,143.801,302.8004517663633
1995-08-22 04:18:00,300.72,411.38300478517647
1995-08-22 04:19:00,550.359,566.0877752740814
1995-08-22 04:20:00,395.298,507.30393499909644
1995-08-22 04:21:00,404.207,642.062314053595
1995-08-22 04:22:00,623.011,574.7040514279712
1995-08-22 04:23:00,150.44,631.3296357954702
1995-08-22 04:24:00,86.213,496.1461266085595
1995-08-22 04:25:00,350.816,608.2429513748983
1995-08-22 04:26:00,138.03,648.4049235463033
1995-08-22 04:27:00,266.148,525.6530436368466
1995-08-22 04:28:00,196.526,592.4428128877041
1995-08-22 04:29:00,66.246,512.8607571385432
1995-08-22 04:30:00,301.945,484.62629249930933
1995-08-22 04:31:00,374.33799999999997,522.991561679936
1995-08-22 04:32:00,102.769,610.0861698990225
1995-08-22 04:33:00,267.61400000000003,599.0777848308147
1995-08-22 04:34:00,93.416,556.7422532063687
1995-08-22 04:35:00,700.4549999999999,563.2204114202586
1995-08-22 04:36:00,15.927,605.2964243005605
1995-08-22 04:37:00,295.225,622.2150315430381
1995-08-22 04:38:00,31.57,571.3783781113976
1995-08-22 04:39:00,20.124999999999996,421.94784674444486
1995-08-22 04:40:00,147.556,166.68946623424634
1995-08-22 04:41:00,27.073999999999998,324.9450512494932
1995-08-22 04:42:00,1.173,288.05062138984925
1995-08-22 04:43:00,80.78399999999999,147.63216367595263
1995-08-22 04:44:00,56.455999999999996,236.58541735869088
1995-08-22 04:45:00,44.14,283.961742252188
1995-08-22 04:46:00,217.31,299.740809801228
1995-08-22 04:47:00,157.66199999999998,411.2290972366989
1995-08-22 04:48:00,277.134,352.942161176702
1995-08-22 04:49:00,153.871,365.41941573578555
1995-08-22 04:50:00,121.887,472.8997999330075
1995-08-22 04:51:00,104.005,384.66396560484964
1995-08-22 04:52:00,59.32,333.69353501597584
1995-08-22 04:53:00,75.185,369.0268688738916
1995-08-22 04:54:00,0.0,316.13448041763377
1995-08-22 04:59:00,136.952,402.2482981394909
1995-08-22 05:01:00,509.841,282.88910258821846
1995-08-22 05:02:00,160.305,460.18545988154676
1995-08-22 05:03:00,482.903,458.3199261053284
1995-08-22 05:04:00,486.225,309.16403753542346
1995-08-22 05:05:00,855.497,470.5826271542636
1995-08-22 05:06:00,599.891,582.3263272649319
1995-08-22 05:07:00,754.765,692.7966165126076
1995-08-22 05:08:00,129.18,955.1280766327934
1995-08-22 05:09:00,149.454,805.5046175092102
1995-08-22 05:11:00,215.949,605.3487601373799
1995-08-22 05:12:00,282.469,511.6609022799891
1995-08-22 05:13:00,195.142,754.8577897653907
1995-08-22 05:14:00,203.132,788.4102985661141
1995-08-22 05:15:00,216.415,598.2879371404662
1995-08-22 05:16:00,117.85499999999999,592.5453451558853
1995-08-22 05:17:00,22.922,558.4108507462655
1995-08-22 05:18:00,93.198,404.74719013940734
1995-08-22 05:19:00,124.939,415.29007576996605
1995-08-22 05:20:00,79.22200000000001,498.1847112110966
1995-08-22 05:21:00,359.803,520.1305147216333
1995-08-22 05:22:00,352.52,488.4588436337417
1995-08-22 05:23:00,163.843,563.4065879768599
1995-08-22 05:24:00,232.257,543.6589353279388
1995-08-22 05:25:00,20.271,483.76428050933026
1995-08-22 05:26:00,114.406,475.218325194286
1995-08-22 05:27:00,196.68699999999998,250.7619410824869
1995-08-22 05:28:00,339.73400000000004,301.3603469642495
1995-08-22 05:29:00,177.906,277.535776970703
1995-08-22 05:30:00,51.329,320.0281994856859
1995-08-22 05:31:00,383.893,453.6294235846632
1995-08-22 05:32:00,232.126,370.67367614763833
1995-08-22 05:33:00,267.197,360.7027292055902
1995-08-22 05:34:00,239.81,389.9169213007344
1995-08-22 05:35:00,706.546,508.1719611177501
1995-08-22 05:36:00,29.267,357.4483602494175
1995-08-22 05:37:00,611.615,583.309396589259
1995-08-22 05:38:00,75.15599999999999,359.7140773905726
1995-08-22 05:39:00,107.35900000000001,527.5883602618784
1995-08-22 05:40:00,112.467,391.77608161921756
1995-08-22 05:41:00,133.537,550.060947707788
1995-08-22 05:42:00,117.66799999999999,379.7647227105655
1995-08-22 05:43:00,87.943,390.07252751576476
1995-08-22 05:44:00,34.556,398.6698622400151
1995-08-22 05:45:00,494.291,323.3113073308968
1995-08-22 05:46:00,44.133,492.1768280266179
1995-08-22 05:47:00,134.093,567.4551667208526
1995-08-22 05:48:00,228.24900000000002,267.2199671021983
1995-08-22 05:49:00,376.77299999999997,302.2726678503623
1995-08-22 05:50:00,36.234,477.5245386481524
1995-08-22 05:51:00,236.53900000000002,347.8384070202027
1995-08-22 05:52:00,317.469,453.7343637027713
1995-08-22 05:53:00,523.9549999999999,440.63588592409695
1995-08-22 05:54:00,1532.734,555.0234644496297
1995-08-22 05:55:00,127.46600000000001,515.1194021553689
1995-08-22 05:56:00,163.045,512.8860362073838
1995-08-22 05:57:00,168.78199999999998,474.6898253050403
1995-08-22 05:58:00,503.812,557.6175930314989
1995-08-22 05:59:00,92.741,608.6608981572001
1995-08-22 06:00:00,62.388,711.2894241419136
1995-08-22 06:01:00,108.477,472.35338826450493
1995-08-22 06:02:00,174.09799999999998,502.66459710277354
1995-08-22 06:03:00,598.8850000000001,660.8323378927629
1995-08-22 06:04:00,270.459,639.3956700337731
1995-08-22 06:05:00,64.865,732.6832812314045
1995-08-22 06:06:00,44.365,548.7183152033912
1995-08-22 06:07:00,165.316,474.7726602810409
1995-08-22 06:08:00,87.624,500.0421031963306
1995-08-22 06:09:00,233.584,497.2133860249993
1995-08-22 06:10:00,45.238,593.0044903382684
1995-08-22 06:11:00,196.81,548.4627932048929
1995-08-22 06:12:00,222.813,391.82598486030344
1995-08-22 06:13:00,105.12700000000001,453.6998233407198
1995-08-22 06:14:00,350.08,322.194373030993
1995-08-22 06:15:00,55.167,470.3154764169284
1995-08-22 06:16:00,30.663,291.81375590455013
1995-08-22 06:17:00,309.53700000000003,467.2789049664936
1995-08-22 06:18:00,70.943,409.73456860715004
1995-08-22 06:19:00,8.82,423.3624787025261
1995-08-22 06:20:00,537.257,359.482521568606
1995-08-22 06:21:00,243.982,381.54110512074817
1995-08-22 06:22:00,93.329,504.03959518872915
1995-08-22 06:23:00,86.294,461.00226005174954
1995-08-22 06:24:00,261.928,515.8966802673554
1995-08-22 06:25:00,94.315,404.5346655558697
1995-08-22 06:26:00,57.292,530.7648211162957
1995-08-22 06:27:00,0.0,408.8923630566799
1995-08-22 06:28:00,157.0,622.0832931694067
1995-08-22 06:29:00,119.851,237.6352911216649
1995-08-22 06:30:00,175.148,394.5925295369583
1995-08-22 06:31:00,24.962999999999997,574.0850042141208
1995-08-22 06:32:00,101.02799999999999,308.76524101922564
1995-08-22 06:33:00,284.289,259.9278242912848
1995-08-22 06:34:00,47.463,275.309884835759
1995-08-22 06:35:00,275.731,315.93378399400746
1995-08-22 06:36:00,171.28199999999998,406.3113550262666
1995-08-22 06:37:00,180.199,478.3625231055765
1995-08-22 06:38:00,488.2,473.1027341593602
1995-08-22 06:39:00,161.014,695.1463871215128
1995-08-22 06:40:00,88.411,568.7233179221696
1995-08-22 06:41:00,220.697,345.496793760828
1995-08-22 06:42:00,166.971,442.7266683026576
1995-08-22 06:43:00,223.945,502.4963261026514
1995-08-22 06:44:00,178.579,433.7397991357199
1995-08-22 06:45:00,343.523,580.4654255404934
1995-08-22 06:46:00,203.21,525.9678812722349
1995-08-22 06:47:00,163.297,541.5134639565773
1995-08-22 06:48:00,311.027,517.2183972814843
1995-08-22 06:49:00,1136.3519999999999,550.182911124014
1995-08-22 06:50:00,58.719,589.8176972275651
1995-08-22 06:51:00,381.23,573.4482760949993
1995-08-22 06:52:00,69.19500000000001,604.4292851475212
1995-08-22 06:53:00,223.867,501.46336611569757
1995-08-22 06:54:00,330.052,515.2594450795115
1995-08-22 06:55:00,446.147,679.0365973772366
1995-08-22 06:56:00,683.101,576.7496174181088
1995-08-22 06:57:00,1018.238,674.5244555231789
1995-08-22 06:58:00,1072.405,969.8936716004093
1995-08-22 06:59:00,749.5070000000001,1065.9911065905876
1995-08-22 07:00:00,471.42999999999995,1082.175801993653
1995-08-22 07:01:00,996.4649999999999,898.2245222985572
1995-08-22 07:02:00,640.95,1028.0730460917903
1995-08-22 07:03:00,482.46500000000003,1048.6414252941156
1995-08-22 07:04:00,1130.79,1205.6477715170374
1995-08-22 07:05:00,90.551,1131.0466554165253
1995-08-22 07:06:00,85.806,969.9458180854393
1995-08-22 07:07:00,472.596,747.6610006782206
1995-08-22 07:08:00,20.841,826.9406911176799
1995-08-22 07:09:00,446.54,757.2733834626607
1995-08-22 07:10:00,67.51,759.3346126986512
1995-08-22 07:11:00,84.614,683.1055806346911
1995-08-22 07:12:00,15.876999999999999,609.2802058937003
1995-08-22 07:13:00,19.644,543.8480084688584
1995-08-22 07:14:00,77.464,392.77885182236076
1995-08-22 07:15:00,107.302,480.05144498445316
1995-08-22 07:16:00,276.466,603.412243135982
1995-08-22 07:17:00,153.561,648.8548355646662
1995-08-22 07:18:00,49.507,657.00089063185
1995-08-22 07:19:00,110.033,497.51895755295607
1995-08-22 07:20:00,173.521,437.24550032980807
1995-08-22 07:21:00,236.44699999999997,656.233561264538
1995-08-22 07:22:00,461.628,491.0993466277811
1995-08-22 07:23:00,348.519,662.7051314144127
1995-08-22 07:24:00,292.911,530.1733397424174
1995-08-22 07:25:00,269.941,618.505235779604
1995-08-22 07:26:00,637.573,884.3006993654643
1995-08-22 07:27:00,258.51099999999997,898.3226155990443
1995-08-22 07:28:00,282.47,932.4433228581036
1995-08-22 07:29:00,1418.2040000000002,859.5819718654585
1995-08-22 07:30:00,492.67699999999996,920.0646092366915
1995-08-22 07:31:00,1497.092,938.285225871772
1995-08-22 07:32:00,595.736,997.6904170544376
1995-08-22 07:33:00,432.184,1358.8573030056705
1995-08-22 07:34:00,255.974,959.9885880367111
1995-08-22 07:35:00,204.89600000000002,1143.958474051292
1995-08-22 07:36:00,216.753,1252.3683977697128
1995-08-22 07:37:00,436.04,959.3124744653805
1995-08-22 07:38:00,618.933,926.1673492247311
1995-08-22 07:39:00,256.61,944.0825723656556
1995-08-22 07:40:00,378.129,987.7191066199568
1995-08-22 07:41:00,360.802,979.0872940310597
1995-08-22 07:42:00,473.42900000000003,970.8904932577832
1995-08-22 07:43:00,954.399,967.1889580888075
1995-08-22 07:44:00,429.06899999999996,1041.1949730801637
1995-08-22 07:45:00,221.015,1082.5228904176672
1995-08-22 07:46:00,440.569,1031.3988486526719
1995-08-22 07:47:00,390.555,1027.053489967565
1995-08-22 07:48:00,1383.721,949.7319194488645
1995-08-22 07:49:00,273.148,1004.695271255678
1995-08-22 07:50:00,791.528,1013.7637905651478
1995-08-22 07:51:00,1702.285,1098.1858480903852
1995-08-22 07:52:00,575.928,1181.1747587973437
1995-08-22 07:53:00,427.90500000000003,1269.4168168720132
1995-08-22 07:54:00,300.381,1143.7029002462964
1995-08-22 07:55:00,345.624,1078.829193228854
1995-08-22 07:56:00,507.512,1047.042767650434
1995-08-22 07:57:00,345.928,1030.6433421704241
1995-08-22 07:58:00,185.049,989.6180299282668
1995-08-22 07:59:00,196.506,955.4398631258318
1995-08-22 08:00:00,283.08299999999997,1011.3670768489774
1995-08-22 08:01:00,451.301,987.293708550247
1995-08-22 08:02:00,211.99699999999999,952.9132361080706
1995-08-22 08:03:00,276.429,962.4563822998637
1995-08-22 08:04:00,414.30899999999997,1026.8923079303524
1995-08-22 08:05:00,255.411,1013.8359256854766
1995-08-22 08:06:00,182.41899999999998,914.9683132836647
1995-08-22 08:07:00,149.479,857.7109024876255
1995-08-22 08:08:00,215.392,799.9501324232926
1995-08-22 08:09:00,210.105,813.951955293521
1995-08-22 08:10:00,297.05199999999996,958.8965513719631
1995-08-22 08:11:00,510.52299999999997,863.5168455273356
1995-08-22 08:12:00,271.827,919.3359935957022
1995-08-22 08:13:00,413.348,823.1035434684452
1995-08-22 08:14:00,78.894,1042.2412278707147
1995-08-22 08:15:00,227.664,710.3750987930055
1995-08-22 08:16:00,598.891,810.49281028023
1995-08-22 08:17:00,517.54,849.0387401316814
1995-08-22 08:18:00,773.987,1062.2674436497152
1995-08-22 08:19:00,340.916,1029.308979344144
1995-08-22 08:20:00,1113.7740000000001,954.5279625998456
1995-08-22 08:21:00,398.139,1230.9273953786164
1995-08-22 08:22:00,275.759,1137.485746933686
1995-08-22 08:23:00,218.148,909.2418773599369
1995-08-22 08:24:00,370.442,978.6634025006584
1995-08-22 08:25:00,205.064,893.6640815417649
1995-08-22 08:26:00,106.149,757.9882153928177
1995-08-22 08:27:00,797.088,815.5478090343986
1995-08-22 08:28:00,848.627,979.6674296166995
1995-08-22 08:29:00,291.192,956.333983668899
1995-08-22 08:30:00,677.1899999999999,1153.5898809573885
1995-08-22 08:31:00,538.048,1152.279149408025
1995-08-22 08:32:00,624.0459999999999,988.4607353147333
1995-08-22 08:33:00,2111.395,1438.9462187351724
1995-08-22 08:34:00,981.3,1396.9998309200723
1995-08-22 08:35:00,376.962,1620.6784821068297
1995-08-22 08:36:00,394.868,1289.3886955973321
1995-08-22 08:37:00,333.54499999999996,1096.7182572076667
1995-08-22 08:38:00,821.0659999999999,1139.7041695701223
1995-08-22 08:39:00,1250.954,1278.4608328055124
1995-08-22 08:40:00,1479.103,1208.4087946598754
1995-08-22 08:41:00,652.508,1378.5944644630554
1995-08-22 08:42:00,2023.206,1410.543310768614
1995-08-22 08:43:00,1836.4959999999999,1459.1546848840403
1995-08-22 08:44:00,1255.8960000000002,1578.5630792939185
1995-08-22 08:45:00,564.6610000000001,1740.6399126892109
1995-08-22 08:46:00,503.676,1682.0178925035866
1995-08-22 08:47:00,416.179,1682.2351229483365
1995-08-22 08:48:00,139.028,1363.6240331243548
1995-08-22 08:49:00,441.459,1351.3593859517855
1995-08-22 08:50:00,91.507,1060.0247320873427
1995-08-22 08:51:00,406.145,871.2802171620102
1995-08-22 08:52:00,297.136,1203.6653771784752
1995-08-22 08:53:00,1280.455,1182.9608691453773
1995-08-22 08:54:00,546.0,1072.1774746223266
1995-08-22 08:55:00,1272.4389999999999,1089.0155829162281
1995-08-22 08:56:00,1451.218,1429.965378952117
1995-08-22 08:57:00,430.988,1206.2170146204428
1995-08-22 08:58:00,657.553,1294.6288731869438
1995-08-22 08:59:00,1366.721,1300.353494360626
1995-08-22 09:00:00,317.184,1367.9528914133166
1995-08-22 09:01:00,555.819,1128.4194173314336
1995-08-22 09:02:00,435.299,1420.305195289985
1995-08-22 09:03:00,619.573,1201.9625779998132
1995-08-22 09:04:00,446.67699999999996,1335.3960987918078
1995-08-22 09:05:00,184.567,1227.4496001129241
1995-08-22 09:06:00,1338.453,1073.9446059196257
1995-08-22 09:07:00,306.794,1188.4604835564153
1995-08-22 09:08:00,662.847,1219.1707847639532
1995-08-22 09:09:00,512.3870000000001,1226.524437095313
1995-08-22 09:10:00,557.362,1269.1471289011276
1995-08-22 09:11:00,486.002,1182.2637584903393
1995-08-22 09:12:00,549.5649999999999,1238.9025703693108
1995-08-22 09:13:00,1409.368,1006.2664783325687
1995-08-22 09:14:00,1042.281,1307.1446735061613
1995-08-22 09:15:00,882.677,1274.4632756056542
1995-08-22 09:16:00,1742.4799999999998,1377.0755200336819
1995-08-22 09:17:00,398.81199999999995,1495.5329234749966
1995-08-22 09:18:00,725.817,1274.499731133502
1995-08-22 09:19:00,504.34099999999995,1498.2745891613074
1995-08-22 09:20:00,359.152,1170.7637556281652
1995-08-22 09:21:00,1583.47,1140.3951466475116
1995-08-22 09:22:00,861.827,1235.4092673828388
1995-08-22 09:23:00,696.691,1201.617404960985
1995-08-22 09:24:00,794.855,1428.3584189033747
1995-08-22 09:25:00,518.17,1389.1321638121713
1995-08-22 09:26:00,547.374,1184.8465855113957
1995-08-22 09:27:00,594.643,1357.3754249984952
1995-08-22 09:28:00,268.061,1135.8314839023585
1995-08-22 09:29:00,1421.675,1410.3416866449988
1995-08-22 09:30:00,1694.873,1187.1421787663771
1995-08-22 09:31:00,582.6179999999999,1384.7008637492988
1995-08-22 09:32:00,1584.963,1328.2316508081033
1995-08-22 09:33:00,1194.954,1430.8338040646302
1995-08-22 09:34:00,407.998,1547.6306289752013
1995-08-22 09:35:00,465.35200000000003,1538.4909703044643
1995-08-22 09:36:00,1331.164,1431.4973481656398
1995-08-22 09:37:00,1042.164,1600.2116988657094
1995-08-22 09:38:00,987.872,1480.0030407031784
1995-08-22 09:39:00,672.417,1579.2219558326185
1995-08-22 09:40:00,530.154,1510.534162570695
1995-08-22 09:41:00,1826.097,1367.5120893228113
1995-08-22 09:42:00,1847.7190000000003,1557.4275922822674
1995-08-22 09:43:00,1095.032,1767.7498028510067
1995-08-22 09:44:00,1377.387,1671.8510106016709
1995-08-22 09:45:00,714.995,1810.1263671540776
1995-08-22 09:46:00,588.884,1775.2566853984629
1995-08-22 09:47:00,246.198,1490.2649456178797
1995-08-22 09:48:00,227.029,1434.8057357673374
1995-08-22 09:49:00,510.501,1177.14064321966
1995-08-22 09:50:00,293.47499999999997,1231.8107875688318
1995-08-22 09:51:00,636.006,1241.2242580060047
1995-08-22 09:52:00,387.482,1456.0547675830535
1995-08-22 09:53:00,188.041,1235.0425672421889
1995-08-22 09:54:00,133.841,1052.2323987896843
1995-08-22 09:55:00,359.748,1058.426152210121
1995-08-22 09:56:00,802.527,1258.666362765484
1995-08-22 09:57:00,664.02,1349.720851884171
1995-08-22 09:58:00,430.952,1358.375812888886
1995-08-22 09:59:00,415.271,1285.3899664855717
1995-08-22 10:00:00,1538.461,1034.4172773696564
1995-08-22 10:01:00,592.111,1275.1707519640709
1995-08-22 10:02:00,652.252,1183.3136969642778
1995-08-22 10:03:00,454.81100000000004,1485.396804597129
1995-08-22 10:04:00,837.4209999999999,1154.385297405764
1995-08-22 10:05:00,140.028,1284.1600895327704
1995-08-22 10:06:00,1685.73,1090.7453327453052
1995-08-22 10:07:00,772.872,1259.5139025129456
1995-08-22 10:08:00,287.25,1297.8798484727472
1995-08-22 10:09:00,1423.641,1294.2785008624257
1995-08-22 10:10:00,376.094,1184.0991851482715
1995-08-22 10:11:00,354.204,1310.240209781511
1995-08-22 10:12:00,70.32900000000001,1081.316362119789
1995-08-22 10:13:00,553.467,1176.9750263541255
1995-08-22 10:14:00,278.018,995.8958591887024
1995-08-22 10:15:00,610.427,1244.9973383697807
1995-08-22 10:16:00,313.999,1158.6275990006095
1995-08-22 10:17:00,242.441,1186.638422004009
1995-08-22 10:18:00,329.399,877.5141175339543
1995-08-22 10:19:00,203.988,907.8394923601501
1995-08-22 10:20:00,696.49,1049.2668309849566
1995-08-22 10:21:00,705.3199999999999,856.0488715921352
1995-08-22 10:22:00,667.176,977.8298598067154
1995-08-22 10:23:00,986.8570000000001,1028.801876082109
1995-08-22 10:24:00,681.9879999999999,1139.5288727128684
1995-08-22 10:25:00,971.059,1123.1578502315297
1995-08-22 10:26:00,1925.7369999999999,1401.7520564225583
1995-08-22 10:27:00,386.713,1462.7184899299423
1995-08-22 10:28:00,1163.598,1299.8202453567458
1995-08-22 10:29:00,1118.51,1331.8012946980948
1995-08-22 10:30:00,1077.757,1377.6280658473502
1995-08-22 10:31:00,723.88,1558.431955359425
1995-08-22 10:32:00,304.29200000000003,1403.3332498202956
1995-08-22 10:33:00,278.411,1265.0512248627217
1995-08-22 10:34:00,291.20799999999997,1189.56929572792
1995-08-22 10:35:00,956.568,1151.199604561425
1995-08-22 10:36:00,542.177,1282.437404419386
1995-08-22 10:37:00,676.789,1197.0530326853336
1995-08-22 10:38:00,220.1,1213.082830886283
1995-08-22 10:39:00,1647.7549999999999,1086.2292959661092
1995-08-22 10:40:00,324.3,1384.8971819056987
1995-08-22 10:41:00,1507.3719999999998,1136.7294653996805
1995-08-22 10:42:00,333.382,1390.5317710810423
1995-08-22 10:43:00,497.787,1245.0311492946378
1995-08-22 10:44:00,849.108,1166.6813187420134
1995-08-22 10:45:00,558.345,1421.2125913356701
1995-08-22 10:46:00,762.77,1392.0934275371546
1995-08-22 10:47:00,840.141,1411.036009669903
1995-08-22 10:48:00,781.484,1490.2130856112103
1995-08-22 10:49:00,555.156,1438.6388264240823
1995-08-22 10:50:00,637.577,1402.8019110420441
1995-08-22 10:51:00,1172.921,1526.885925543989
1995-08-22 10:52:00,2837.0069999999996,1520.4742475720361
1995-08-22 10:53:00,869.716,1665.9456768090654
1995-08-22 10:54:00,1053.791,1858.1622398004001
1995-08-22 10:55:00,566.929,1876.4373357075985
1995-08-22 10:56:00,414.327,1520.4423129161767
1995-08-22 10:57:00,472.805,1659.554831307612
1995-08-22 10:58:00,638.097,1427.794790862899
1995-08-22 10:59:00,1221.381,1475.8878695273063
1995-08-22 11:00:00,1604.726,1183.4451087101863
1995-08-22 11:01:00,241.81300000000002,1437.4570300856249
1995-08-22 11:02:00,446.475,1342.0140433425224
1995-08-22 11:03:00,345.967,1278.5919767370651
1995-08-22 11:04:00,647.234,1492.2413710451754
1995-08-22 11:05:00,325.509,1375.2332197236085
1995-08-22 11:06:00,295.233,1346.0956622509027
1995-08-22 11:07:00,628.778,1259.8094187156487
1995-08-22 11:08:00,738.753,1303.1596411963194
1995-08-22 11:09:00,213.67999999999998,1229.9421847661038
1995-08-22 11:10:00,805.66,1256.14589325029
1995-08-22 11:11:00,479.895,1211.0622288573145
1995-08-22 11:12:00,941.2090000000001,1215.0065433635327
1995-08-22 11:13:00,1604.7869999999998,1355.599126954652
1995-08-22 11:14:00,737.048,1648.4722840025763
1995-08-22 11:15:00,374.48699999999997,1474.4204866014657
1995-08-22 11:16:00,759.611,1423.7404108532792
1995-08-22 11:17:00,658.242,1549.043846383397
1995-08-22 11:18:00,634.956,1441.4842668817857
1995-08-22 11:19:00,380.354,1376.6366757743642
1995-08-22 11:20:00,726.827,1135.3081310111354
1995-08-22 11:21:00,505.213,1525.5827990909786
1995-08-22 11:22:00,726.116,1246.7546501389882
1995-08-22 11:23:00,1026.9950000000001,1427.0030618922247
1995-08-22 11:24:00,496.281,1314.5674501791984
1995-08-22 11:25:00,440.26099999999997,1281.9435493504034
1995-08-22 11:26:00,1829.129,1356.8409855524724
1995-08-22 11:27:00,460.401,1821.7616260841994
1995-08-22 11:28:00,953.178,1056.4072759353382
1995-08-22 11:29:00,916.061,1559.9829169871734
1995-08-22 11:30:00,658.8910000000001,1464.69407358187
1995-08-22 11:31:00,915.005,1314.6816723013706
1995-08-22 11:32:00,680.004,1450.1773784717045
1995-08-22 11:33:00,484.18899999999996,1413.5937126836436
1995-08-22 11:34:00,605.399,1212.859234352676
1995-08-22 11:35:00,486.04,1242.6309704556554
1995-08-22 11:36:00,1287.229,1230.5307787994223
1995-08-22 11:37:00,726.996,1470.984221317665
1995-08-22 11:38:00,1882.851,1486.1879922959622
1995-08-22 11:39:00,1629.365,1685.1461443589549
1995-08-22 11:40:00,1648.6680000000001,1648.9369547838842
1995-08-22 11:41:00,1825.434,1903.4500905855764
1995-08-22 11:42:00,871.357,2046.6268686345586
1995-08-22 11:43:00,1762.2459999999999,1847.8360052134108
1995-08-22 11:44:00,986.013,1832.9403273712069
1995-08-22 11:45:00,935.341,1816.7031537295536
1995-08-22 11:46:00,1020.001,1881.5661959677477
1995-08-22 11:47:00,1509.134,1734.4885942881551
1995-08-22 11:48:00,805.125,1858.7808332667264
1995-08-22 11:49:00,518.751,1832.7791541329243
1995-08-22 11:50:00,1101.685,1566.2532326823928
1995-08-22 11:51:00,1071.234,1542.7543843099759
1995-08-22 11:52:00,1142.199,1676.1161845963534
1995-08-22 11:53:00,931.55,1869.7122362100986
1995-08-22 11:54:00,1478.583,1682.8481739528668
1995-08-22 11:55:00,1030.446,1623.8029452133412
1995-08-22 11:56:00,529.034,1807.0176711988877
1995-08-22 11:57:00,758.308,1698.5846376359625
1995-08-22 11:58:00,613.9110000000001,1476.901753255436
1995-08-22 11:59:00,613.3639999999999,1513.0069045788641
1995-08-22 12:00:00,416.245,1393.8548094533423
1995-08-22 12:01:00,352.073,1181.4167749192277
1995-08-22 12:02:00,436.893,1257.08504702205
1995-08-22 12:03:00,501.394,1392.8945985909809
1995-08-22 12:04:00,658.4,1273.6446264325668
1995-08-22 12:05:00,778.475,1346.518637230843
1995-08-22 12:06:00,793.694,1376.7515812872823
1995-08-22 12:07:00,1955.101,1423.0382255177306
1995-08-22 12:08:00,227.715,1471.446331677886
1995-08-22 12:09:00,1630.447,1473.0043459838814
1995-08-22 12:10:00,1410.206,1744.6498005047504
1995-08-22 12:11:00,1284.82,1437.329544202446
1995-08-22 12:12:00,369.76599999999996,1819.027142048085
1995-08-22 12:13:00,574.262,1610.275691482511
1995-08-22 12:14:00,1455.985,1759.6868781483347
1995-08-22 12:15:00,401.402,1496.8879597112307
1995-08-22 12:16:00,725.173,1544.1176318437024
1995-08-22 12:17:00,851.2769999999999,1552.2143498168011
1995-08-22 12:18:00,378.608,1482.4516485490494
1995-08-22 12:19:00,1445.396,1312.411430727312
1995-08-22 12:20:00,917.5649999999999,1715.5276146749047
1995-08-22 12:21:00,621.1279999999999,1506.0688576368204
1995-08-22 12:22:00,673.957,1476.602901981287
1995-08-22 12:23:00,542.98,1598.8845264016236
1995-08-22 12:24:00,1025.911,1419.4869203329438
1995-08-22 12:25:00,566.447,1591.9303716560983
1995-08-22 12:26:00,1040.568,1562.5952817721081
1995-08-22 12:27:00,731.954,1612.5271282113874
1995-08-22 12:28:00,758.853,1513.983614616923
1995-08-22 12:29:00,1004.513,1491.8734491649761
1995-08-22 12:30:00,1343.492,1481.4542052161758
1995-08-22 12:31:00,904.752,1729.1752295244223
1995-08-22 12:32:00,1191.3609999999999,1622.54187726594
1995-08-22 12:33:00,1014.755,1583.0218622872742
1995-08-22 12:34:00,1030.595,1653.7958489063615
1995-08-22 12:35:00,827.037,1760.0176351624928
1995-08-22 12:36:00,606.479,1685.8982625083495
1995-08-22 12:37:00,713.085,1536.353101698359
1995-08-22 12:38:00,1259.964,1673.2088545582797
1995-08-22 12:39:00,1375.991,1470.6787505682655
1995-08-22 12:40:00,759.687,1578.2712075896575
1995-08-22 12:41:00,1127.437,1701.1908318306491
1995-08-22 12:42:00,1086.026,1771.320127595812
1995-08-22 12:43:00,1399.1779999999999,1651.2774579171623
1995-08-22 12:44:00,1791.527,1934.0730588379245
1995-08-22 12:45:00,647.274,1904.3134692867038
1995-08-22 12:46:00,410.767,1613.3488104019425
1995-08-22 12:47:00,1716.077,1771.0156569359071
1995-08-22 12:48:00,1139.567,1765.2396957370242
1995-08-22 12:49:00,1608.86,1759.9008721526532
1995-08-22 12:50:00,1777.169,1817.4284398468274
1995-08-22 12:51:00,1242.394,1936.570973885375
1995-08-22 12:52:00,957.63,1958.993517260309
1995-08-22 12:53:00,378.709,1848.4647943484413
1995-08-22 12:54:00,547.454,1741.1311970039512
1995-08-22 12:55:00,300.486,1546.1049331004608
1995-08-22 12:56:00,951.833,1287.9170582378806
1995-08-22 12:57:00,1727.995,1566.7524708696444
1995-08-22 12:58:00,1367.075,1581.0117974504403
1995-08-22 12:59:00,1004.184,1807.6087523715412
1995-08-22 13:00:00,1952.3669999999997,1972.030601512316
1995-08-22 13:01:00,947.5020000000001,1956.4701085339104
1995-08-22 13:02:00,2144.929,1895.6567781755357
1995-08-22 13:03:00,591.922,1816.0672126358036
1995-08-22 13:04:00,689.139,1694.8203713665068
1995-08-22 13:05:00,1216.619,1831.6122611142218
1995-08-22 13:06:00,476.026,1626.7996189029577
1995-08-22 13:07:00,797.414,1762.8032411806164
1995-08-22 13:08:00,1543.607,1723.1455394601853
1995-08-22 13:09:00,1517.486,1707.9693127389255
1995-08-22 13:10:00,1114.083,1917.9745782242983
1995-08-22 13:11:00,1726.742,1926.510842512463
1995-08-22 13:12:00,1597.1970000000001,1814.3378296300582
1995-08-22 13:13:00,1428.312,1822.6182933439381
1995-08-22 13:14:00,1683.542,2100.2492560430615
1995-08-22 13:15:00,570.416,2092.366381390786
1995-08-22 13:16:00,701.523,1738.582233668311
1995-08-22 13:17:00,793.521,1814.8006304941973
1995-08-22 13:18:00,1114.06,1676.1883689914043
1995-08-22 13:19:00,970.106,1797.9371011626135
1995-08-22 13:20:00,1315.158,1553.6032285322756
1995-08-22 13:21:00,1729.923,1861.8802818640688
1995-08-22 13:22:00,1791.302,1928.2646182160738
1995-08-22 13:23:00,575.684,2250.9372445751173
1995-08-22 13:24:00,1172.386,1883.5564504007398
1995-08-22 13:25:00,1955.323,1843.6425587745073
1995-08-22 13:26:00,1333.615,1880.0011615026854
1995-08-22 13:27:00,2492.212,1938.0156229363517
1995-08-22 13:28:00,1108.554,2197.008579639461
1995-08-22 13:29:00,901.342,2069.610827143445
1995-08-22 13:30:00,536.755,2092.8071704308786
1995-08-22 13:31:00,435.303,1963.9421842508075
1995-08-22 13:32:00,1215.791,1799.1833352983763
1995-08-22 13:33:00,1197.77,1791.0374024419834
1995-08-22 13:34:00,1382.932,1773.6400118260055
1995-08-22 13:35:00,1321.944,2014.9592275798661
1995-08-22 13:36:00,1584.0929999999998,1920.9728591258045
1995-08-22 13:37:00,409.249,2100.9439599413267
1995-08-22 13:38:00,2440.69,1960.8221315236508
1995-08-22 13:39:00,1979.2289999999998,2039.9556554388694
1995-08-22 13:40:00,557.933,1671.4794416090533
1995-08-22 13:41:00,600.629,1848.2632821911216
1995-08-22 13:42:00,1967.1989999999998,1571.5134953940976
1995-08-22 13:43:00,1241.373,1851.139845551237
1995-08-22 13:44:00,790.076,1869.5463970938506
1995-08-22 13:45:00,957.442,1854.2032646870412
1995-08-22 13:46:00,1936.827,1759.7705263187777
1995-08-22 13:47:00,1365.776,1909.4467714070179
1995-08-22 13:48:00,977.721,2073.2620908528643
1995-08-22 13:49:00,772.728,1846.585602394785
1995-08-22 13:50:00,646.962,1756.7151729601087
1995-08-22 13:51:00,902.479,1822.7333982682326
1995-08-22 13:52:00,502.456,1672.320418944867
1995-08-22 13:53:00,865.5939999999999,1727.9685288283526
1995-08-22 13:54:00,1951.4010000000003,1781.7248485308148
1995-08-22 13:55:00,272.616,1864.685170653387
1995-08-22 13:56:00,913.358,1606.5996341988966
1995-08-22 13:57:00,320.462,1512.8495205624363
1995-08-22 13:58:00,835.995,1345.740741998604
1995-08-22 13:59:00,247.02100000000002,1683.3070676530426
1995-08-22 14:00:00,723.475,1284.2357044918983
1995-08-22 14:01:00,987.264,1414.6042323254726
1995-08-22 14:02:00,717.032,1354.5392362711225
1995-08-22 14:03:00,424.67,1458.6144355995302
1995-08-22 14:04:00,872.501,1574.0730522457077
1995-08-22 14:05:00,1598.9930000000002,1497.4375199766384
1995-08-22 14:06:00,906.715,1597.4787929926474
1995-08-22 14:07:00,2307.812,1696.8859585062214
1995-08-22 14:08:00,961.277,1822.736775541958
1995-08-22 14:09:00,838.638,1701.0534988389848
1995-08-22 14:10:00,2177.474,1884.9956063619898
1995-08-22 14:11:00,1107.92,1754.3812447087932
1995-08-22 14:12:00,465.419,1751.6734932271204
1995-08-22 14:13:00,2035.06,1569.843353517803
1995-08-22 14:14:00,1475.123,1895.83812142005
1995-08-22 14:15:00,1661.841,2024.2566000930542
1995-08-22 14:16:00,1009.232,1940.4085418840236
1995-08-22 14:17:00,929.798,2026.7164597804808
1995-08-22 14:18:00,1410.1109999999999,1725.1360732857358
1995-08-22 14:19:00,1011.2719999999999,1895.4196246526506
1995-08-22 14:20:00,302.925,1759.921304243769
1995-08-22 14:21:00,1701.327,1501.6162751223144
1995-08-22 14:22:00,846.554,1673.2546972190034
1995-08-22 14:23:00,475.008,1732.338916232065
1995-08-22 14:24:00,500.122,1678.8783992723947
1995-08-22 14:25:00,780.563,1323.9970582952367
1995-08-22 14:26:00,1320.187,1339.1842532340381
1995-08-22 14:27:00,436.84499999999997,1675.6553463370979
1995-08-22 14:28:00,967.145,1608.4982930902377
1995-08-22 14:29:00,579.564,1463.2588736769317
1995-08-22 14:30:00,303.77,1602.0232962232265
1995-08-22 14:31:00,258.362,1459.649189015163
1995-08-22 14:32:00,563.108,1170.560844523192
1995-08-22 14:33:00,868.841,1199.8211209491158
1995-08-22 14:34:00,722.212,1442.4192129694475
1995-08-22 14:35:00,737.668,1230.867009979911
1995-08-22 14:36:00,168.442,1385.8700050443724
1995-08-22 14:37:00,580.722,1215.3172132424427
1995-08-22 14:38:00,419.721,1399.1308434566117
1995-08-22 14:39:00,570.0409999999999,1181.2219095824319
1995-08-22 14:40:00,1187.8990000000001,1262.3414981982262
1995-08-22 14:41:00,545.359,1337.6504917496995
1995-08-22 14:42:00,909.784,1422.5584331263206
1995-08-22 14:43:00,595.715,1488.6170770870203
1995-08-22 14:44:00,1489.4440000000002,1264.6614848817665
1995-08-22 14:45:00,783.911,1521.374835683962
1995-08-22 14:46:00,918.3919999999999,1518.3059364095568
1995-08-22 14:47:00,243.24900000000002,1675.5245611261314
1995-08-22 14:48:00,950.505,1362.964607335758
1995-08-22 14:49:00,783.035,1434.6874114692757
1995-08-22 14:50:00,379.846,1761.5363822422423
1995-08-22 14:51:00,1869.864,1406.6598566677726
1995-08-22 14:52:00,976.139,1665.3373178116128
1995-08-22 14:53:00,1664.565,1939.1148933297366
1995-08-22 14:54:00,1841.868,1854.7320189027753
1995-08-22 14:55:00,1067.402,1828.5359630678518
1995-08-22 14:56:00,536.485,2033.4103416953221
1995-08-22 14:57:00,578.3820000000001,1783.5299259187502
1995-08-22 14:58:00,854.379,1545.6288124955115
1995-08-22 14:59:00,885.486,1759.5963152447307
1995-08-22 15:00:00,680.548,1595.9627554097274
1995-08-22 15:01:00,525.919,1589.4574333356154
1995-08-22 15:02:00,832.89,1300.0129875194862
1995-08-22 15:03:00,2127.552,1660.1686408603537
1995-08-22 15:04:00,1810.082,1747.3134218581024
1995-08-22 15:05:00,1175.4379999999999,1767.3671662562867
1995-08-22 15:06:00,1724.076,1903.6735615477621
1995-08-22 15:07:00,971.33,1886.3301358644026
1995-08-22 15:08:00,260.645,1961.4296862901222
1995-08-22 15:09:00,397.701,1581.8595199008842
1995-08-22 15:10:00,234.733,1423.7707591377864
1995-08-22 15:11:00,987.179,1179.4014129597997
1995-08-22 15:12:00,895.7729999999999,1224.0958240208424
1995-08-22 15:13:00,776.6170000000001,1395.8190838595256
1995-08-22 15:14:00,858.143,1629.07561038228
1995-08-22 15:15:00,1224.792,1773.2306073543207
1995-08-22 15:16:00,429.007,1818.6902051619986
1995-08-22 15:17:00,1358.579,1412.8332042803295
1995-08-22 15:18:00,888.973,1625.525495906038
1995-08-22 15:19:00,547.942,1758.680848160896
1995-08-22 15:20:00,1707.869,1499.218072275162
1995-08-22 15:21:00,466.265,1634.214526387932
1995-08-22 15:22:00,908.6,1326.8189277507022
1995-08-22 15:23:00,773.706,1674.3982026150277
1995-08-22 15:24:00,734.212,1398.6773383763273
1995-08-22 15:25:00,1036.914,1709.8595686543408
1995-08-22 15:26:00,885.395,1709.8039029381846
1995-08-22 15:27:00,1443.573,1611.27042618584
1995-08-22 15:28:00,1730.111,1607.6323924061644
1995-08-22 15:29:00,936.977,1636.3513424332766
1995-08-22 15:30:00,640.14,1855.8786045760153
1995-08-22 15:31:00,1597.425,1921.3636949709824
1995-08-22 15:32:00,1300.676,2060.8182062041997
1995-08-22 15:33:00,1263.877,1801.186759402977
1995-08-22 15:34:00,761.073,1820.506836393956
1995-08-22 15:35:00,1073.505,1707.9848503164542
1995-08-22 15:36:00,469.882,1737.8470798990634
1995-08-22 15:37:00,486.084,1825.9978531487136
1995-08-22 15:38:00,1584.085,1444.5612797284448
1995-08-22 15:39:00,419.139,1683.7737368310009
1995-08-22 15:40:00,670.422,1339.405692819553
1995-08-22 15:41:00,670.706,1231.9863943755706
1995-08-22 15:42:00,1792.125,1436.000708237109
1995-08-22 15:43:00,325.252,1809.1993777755572
1995-08-22 15:44:00,1749.781,1343.3057636095518
1995-08-22 15:45:00,446.046,1603.2881412511097
1995-08-22 15:46:00,551.934,1170.8588859608608
1995-08-22 15:47:00,1674.612,1476.4386671989694
1995-08-22 15:48:00,1665.276,1588.9160884629307
1995-08-22 15:49:00,458.03499999999997,1666.3798372861156
1995-08-22 15:50:00,371.689,1587.4898557919303
1995-08-22 15:51:00,1331.5289999999998,1364.4216872794343
1995-08-22 15:52:00,1179.696,1482.87788428047
1995-08-22 15:53:00,401.211,2103.229107707291
1995-08-22 15:54:00,1571.184,1407.720672277283
1995-08-22 15:55:00,909.18,1516.1171336344576
1995-08-22 15:56:00,1411.06,1681.0114905294745
1995-08-22 15:57:00,1016.952,1789.5210115844516
1995-08-22 15:58:00,1452.614,2121.678395994264
1995-08-22 15:59:00,928.38,1934.9464190292265
1995-08-22 16:00:00,802.266,1871.5741997679227
1995-08-22 16:01:00,1895.346,1828.7902138323968
1995-08-22 16:02:00,1785.0919999999999,1775.445202594946
1995-08-22 16:03:00,1238.681,1901.6048660695221
1995-08-22 16:04:00,779.274,2106.8365052823724
1995-08-22 16:05:00,4255.244,2018.1514332156917
1995-08-22 16:06:00,450.108,2181.4516716045828
1995-08-22 16:07:00,920.6179999999999,1621.3405719751108
1995-08-22 16:08:00,1716.603,1934.0333976324534
1995-08-22 16:09:00,1919.441,1659.3182935864427
1995-08-22 16:10:00,1692.4130000000002,2023.445781096731
1995-08-22 16:11:00,934.056,2198.940439895223
1995-08-22 16:12:00,3021.55,2259.250643603972
1995-08-22 16:13:00,1778.0339999999999,2436.0268812873105
1995-08-22 16:14:00,2115.569,2469.712017248057
1995-08-22 16:15:00,2444.348,2542.956758933557
1995-08-22 16:16:00,552.569,2298.8797501392232
1995-08-22 16:17:00,2352.255,2629.993548013658
1995-08-22 16:18:00,2876.138,2500.4483282280416
1995-08-22 16:19:00,4056.8409999999994,2401.713850273752
1995-08-22 16:20:00,2327.798,2493.3411780961906
1995-08-22 16:21:00,2098.59,2542.73438262741
1995-08-22 16:22:00,1591.225,2644.007394004271
1995-08-22 16:23:00,1633.011,2293.6816478106634
1995-08-22 16:24:00,1864.942,2333.8885100157877
1995-08-22 16:25:00,2292.455,2576.17489470968
1995-08-22 16:26:00,1743.2749999999999,2299.5640879815483
1995-08-22 16:27:00,1951.91,2491.793925849311
1995-08-22 16:28:00,1384.684,2464.459961211418
1995-08-22 16:29:00,695.7109999999999,2339.1226275685635
1995-08-22 16:30:00,460.948,1930.8816878183145
1995-08-22 16:31:00,1619.841,1794.0733266753998
1995-08-22 16:32:00,453.249,1721.2153882686393
1995-08-22 16:33:00,525.754,1783.2709624486945
1995-08-22 16:34:00,1717.972,1490.3341664393702
1995-08-22 16:35:00,744.623,1689.952206416495
1995-08-22 16:36:00,532.762,1907.8025213682802
1995-08-22 16:37:00,871.701,1679.3145904482515
1995-08-22 16:38:00,678.926,1752.7533616281526
1995-08-22 16:39:00,2193.308,1729.647917899403
1995-08-22 16:40:00,2315.61,1918.8226076184212
1995-08-22 16:41:00,604.417,1955.9011171129378
1995-08-22 16:42:00,1066.962,1910.5131532093076
1995-08-22 16:43:00,953.803,1828.8662696987815
1995-08-22 16:44:00,2049.526,1841.0566746339584
1995-08-22 16:45:00,2071.979,2112.871730673241
1995-08-22 16:46:00,543.19,2287.206901898037
1995-08-22 16:47:00,827.571,1832.3605742441016
1995-08-22 16:48:00,1859.4769999999999,1726.726898294808
1995-08-22 16:49:00,353.704,1963.21803219464
1995-08-22 16:50:00,1349.8220000000001,1682.685754637604
1995-08-22 16:51:00,899.91,2029.4076378970515
1995-08-22 16:52:00,1195.221,1472.1943381544918
1995-08-22 16:53:00,725.951,1841.2135987022502
1995-08-22 16:54:00,1264.671,1747.6021960441735
1995-08-22 16:55:00,1350.02,1745.0346177873507
1995-08-22 16:56:00,1595.245,1972.0055821378712
1995-08-22 16:57:00,1116.2069999999999,2022.4867912486943
1995-08-22 16:58:00,1534.54,2055.4752486635975
1995-08-22 16:59:00,922.042,1955.2152272881497
1995-08-22 17:00:00,2593.061,1681.7071962280784
1995-08-22 17:01:00,1660.7549999999999,2002.8962499708791
1995-08-22 17:02:00,1230.531,2069.816046847315
1995-08-22 17:03:00,814.461,2083.487808763127
1995-08-22 17:04:00,483.08,1895.8072434781939
1995-08-22 17:05:00,954.206,1774.3928346005505
1995-08-22 17:06:00,707.029,1864.509266576293
1995-08-22 17:07:00,1266.108,1878.5577514827003
1995-08-22 17:08:00,694.146,1720.3609925184362
1995-08-22 17:09:00,990.196,1781.3489206192128
1995-08-22 17:10:00,867.775,1854.793601906735
1995-08-22 17:11:00,1041.976,1925.401601542077
1995-08-22 17:12:00,467.489,1831.20265385805
1995-08-22 17:13:00,309.268,1691.6909244262488
1995-08-22 17:14:00,339.016,1561.13919456616
1995-08-22 17:15:00,280.566,1322.5353362682424
1995-08-22 17:16:00,1057.271,1284.0439216577522
1995-08-22 17:17:00,562.839,1216.3551932465843
1995-08-22 17:18:00,755.385,1105.0515333043668
1995-08-22 17:19:00,928.26,1443.5230083973224
1995-08-22 17:20:00,1950.59,1348.1337892936622
1995-08-22 17:21:00,1252.507,1624.9665320511374
1995-08-22 17:22:00,962.29,1775.476992175952
1995-08-22 17:23:00,2088.75,1978.838315088209
1995-08-22 17:24:00,1968.219,1824.6859757529714
1995-08-22 17:25:00,631.556,2092.3199451568144
1995-08-22 17:26:00,2047.0849999999998,1883.297483583306
1995-08-22 17:27:00,2107.078,1753.0068537183845
1995-08-22 17:28:00,466.752,1770.4337903982869
1995-08-22 17:29:00,735.606,1935.7255192796717
1995-08-22 17:30:00,319.734,1646.0487278206165
1995-08-22 17:31:00,616.8059999999999,1356.3666976095446
1995-08-22 17:32:00,496.272,1568.598538377247
1995-08-22 17:33:00,552.534,1492.3388733246331
1995-08-22 17:34:00,514.623,1324.2482716078905
1995-08-22 17:35:00,421.668,1343.8007547068498
1995-08-22 17:36:00,529.752,1076.9928075023283
1995-08-22 17:37:00,556.577,1283.0133386248026
1995-08-22 17:38:00,597.1419999999999,1274.0773380936716
1995-08-22 17:39:00,627.059,1308.841795175883
1995-08-22 17:40:00,717.982,1395.7986397167474
1995-08-22 17:41:00,511.867,1336.2007624039782
1995-08-22 17:42:00,702.0479999999999,1472.6817639098874
1995-08-22 17:43:00,465.507,1312.1990462873937
1995-08-22 17:44:00,369.78000000000003,1119.6897957875733
1995-08-22 17:45:00,834.973,1096.487361477859
1995-08-22 17:46:00,703.448,1410.717727925652
1995-08-22 17:47:00,94.467,1277.5346487102206
1995-08-22 17:48:00,1539.583,1195.8350819944012
1995-08-22 17:49:00,982.403,1130.4033364438703
1995-08-22 17:50:00,1275.344,1310.1138029947429
1995-08-22 17:51:00,1095.79,1705.00178362485
1995-08-22 17:52:00,699.414,1674.7010387895841
1995-08-22 17:53:00,607.072,1577.9262484028
1995-08-22 17:54:00,727.307,1578.3000756181107
1995-08-22 17:55:00,1858.4299999999998,1353.5672167156135
1995-08-22 17:56:00,532.024,1311.8565101464262
1995-08-22 17:57:00,324.118,1246.6297941076932
1995-08-22 17:58:00,602.995,1095.3143244244711
1995-08-22 17:59:00,1666.6719999999998,1073.0532165957595
1995-08-22 18:00:00,854.251,1332.9023430187883
1995-08-22 18:01:00,959.932,1472.4741367580034
1995-08-22 18:02:00,317.823,1301.2551719364574
1995-08-22 18:03:00,852.346,1292.0325105693253
1995-08-22 18:04:00,1509.008,1479.0285751775214
1995-08-22 18:05:00,491.28000000000003,1312.979111893631
1995-08-22 18:06:00,1584.246,1319.5924126961525
1995-08-22 18:07:00,918.124,1353.3634956963826
1995-08-22 18:08:00,1962.238,1452.688454178398
1995-08-22 18:09:00,2569.548,1523.5668608461942
1995-08-22 18:10:00,944.861,1848.1868269692866
1995-08-22 18:11:00,551.025,1707.3701244998035
1995-08-22 18:12:00,355.266,1602.2130733204638
1995-08-22 18:13:00,538.968,1336.132860721571
1995-08-22 18:14:00,316.3,1259.0918336015313
1995-08-22 18:15:00,2123.432,1190.7050862341118
1995-08-22 18:16:00,602.798,1445.8358690242444
1995-08-22 18:17:00,550.349,1276.3749779336094
1995-08-22 18:18:00,502.032,1453.7252132251188
1995-08-22 18:19:00,674.5649999999999,1401.8094056903365
1995-08-22 18:20:00,88.365,1322.1984031276177
1995-08-22 18:21:00,1140.49,1212.00449931478
1995-08-22 18:22:00,1268.185,1411.779930899346
1995-08-22 18:23:00,227.31199999999998,1585.5001829887997
1995-08-22 18:24:00,356.752,1285.7800991469092
1995-08-22 18:25:00,426.745,1503.4200030801667
1995-08-22 18:26:00,64.229,1022.0654102158499
1995-08-22 18:27:00,350.07800000000003,979.9247288839454
1995-08-22 18:28:00,749.6129999999999,1029.1370142456167
1995-08-22 18:29:00,301.335,1231.272374116203
1995-08-22 18:30:00,1980.17,1094.2708703786675
1995-08-22 18:31:00,397.851,1303.468904998502
1995-08-22 18:32:00,427.23699999999997,1250.7316723154547
1995-08-22 18:33:00,350.829,913.6448053100595
1995-08-22 18:34:00,183.606,870.3582113616707
1995-08-22 18:35:00,3374.6890000000003,1017.1995227427648
1995-08-22 18:36:00,286.902,1487.9259542264756
1995-08-22 18:37:00,676.137,916.5324615383902
1995-08-22 18:38:00,823.457,1455.8291003529114
1995-08-22 18:39:00,719.52,1154.7754763776916
1995-08-22 18:40:00,677.053,1401.530637186391
1995-08-22 18:41:00,2176.38,1297.1712066926339
1995-08-22 18:42:00,1167.176,1544.5393403064127
1995-08-22 18:43:00,181.53199999999998,1289.5394775977834
1995-08-22 18:44:00,314.505,1208.518485931777
1995-08-22 18:45:00,2241.94,1202.3197736184773
1995-08-22 18:46:00,1413.895,1205.6882979084464
1995-08-22 18:47:00,2090.18,1265.977486093983
1995-08-22 18:48:00,2274.9,1499.7188796275536
1995-08-22 18:49:00,1517.291,1684.0031993073208
1995-08-22 18:50:00,308.637,1682.223571231881
1995-08-22 18:51:00,653.418,1494.4415747763035
1995-08-22 18:52:00,759.593,1510.3699615455907
1995-08-22 18:53:00,924.288,1554.0290105833267
1995-08-22 18:54:00,730.976,1797.483151815806
1995-08-22 18:55:00,544.12,1637.9693715206593
1995-08-22 18:56:00,971.478,1486.0352880555433
1995-08-22 18:57:00,1092.024,1592.788527263309
1995-08-22 18:58:00,1578.202,1461.1229291328748
1995-08-22 18:59:00,321.987,1697.6548980953928
1995-08-22 19:00:00,516.576,1333.5349643356813
1995-08-22 19:01:00,1072.099,1341.8550904867966
1995-08-22 19:02:00,554.602,1533.0860301862353
1995-08-22 19:03:00,2736.158,1410.8745363458434
1995-08-22 19:04:00,720.516,1789.4008705889378
1995-08-22 19:05:00,358.2,1382.6048906414014
1995-08-22 19:06:00,413.02,1501.3675877232554
1995-08-22 19:07:00,1617.309,1281.7163689850881
1995-08-22 19:08:00,1155.81,1365.759895937607
1995-08-22 19:09:00,949.294,1477.4544215697638
1995-08-22 19:10:00,804.905,1444.39852229284
1995-08-22 19:11:00,460.715,1719.715185731307
1995-08-22 19:12:00,816.986,1512.8793521461498
1995-08-22 19:13:00,694.425,1382.7619072380378
1995-08-22 19:14:00,1022.5819999999999,1381.4929880075301
1995-08-22 19:15:00,383.736,1539.267985519663
1995-08-22 19:16:00,89.216,1183.0581479853452
1995-08-22 19:17:00,83.144,933.1717654781881
1995-08-22 19:18:00,1339.2440000000001,1066.273919840775
1995-08-22 19:19:00,373.818,1002.0581448658663
1995-08-22 19:20:00,203.205,1189.1353367537517
1995-08-22 19:21:00,397.576,1160.788722326557
1995-08-22 19:22:00,263.894,1221.964340120805
1995-08-22 19:23:00,572.681,1150.6764624029017
1995-08-22 19:24:00,383.146,971.1444421249133
1995-08-22 19:25:00,1163.315,768.801892656981
1995-08-22 19:26:00,1047.566,895.1264531367837
1995-08-22 19:27:00,113.588,1006.6767697084043
1995-08-22 19:28:00,207.47,880.3994912593756
1995-08-22 19:29:00,1285.17,933.3015474106744
1995-08-22 19:30:00,671.824,1119.0691893007497
1995-08-22 19:31:00,627.984,1165.8341994780062
1995-08-22 19:32:00,255.731,1058.8467599127994
1995-08-22 19:33:00,650.91,1048.7988941381461
1995-08-22 19:34:00,294.044,1019.2224673703537
1995-08-22 19:35:00,373.47700000000003,949.8089957098045
1995-08-22 19:36:00,188.534,712.0464988921186
1995-08-22 19:37:00,516.126,753.0956417939437
1995-08-22 19:38:00,147.57,801.4964791733186
1995-08-22 19:39:00,119.777,840.2280683084317
1995-08-22 19:40:00,126.735,706.3403614338517
1995-08-22 19:41:00,177.499,925.6603314316728
1995-08-22 19:42:00,279.39099999999996,755.6858074017953
1995-08-22 19:43:00,442.433,730.5347283732926
1995-08-22 19:44:00,437.948,642.1746702321103
1995-08-22 19:45:00,541.361,955.3524423529846
1995-08-22 19:46:00,272.752,805.8038780807535
1995-08-22 19:47:00,146.21200000000002,1022.3627053141088
1995-08-22 19:48:00,1094.126,738.7163974881579
1995-08-22 19:49:00,740.328,850.3106835086012
1995-08-22 19:50:00,429.26800000000003,877.2431365786094
1995-08-22 19:51:00,422.60200000000003,997.9330751449646
1995-08-22 19:52:00,718.923,876.4416425688328
1995-08-22 19:53:00,1241.952,961.0545892331179
1995-08-22 19:54:00,319.473,1277.8185558996358
1995-08-22 19:55:00,442.68,1025.7992904650937
1995-08-22 19:56:00,464.423,862.7719077473929
1995-08-22 19:57:00,320.512,881.3197072357852
1995-08-22 19:58:00,218.127,943.8779179872332
1995-08-22 19:59:00,444.55,766.831492189122
1995-08-22 20:00:00,233.883,756.2336362260154
1995-08-22 20:01:00,489.877,804.5421751154391
1995-08-22 20:02:00,521.706,1071.9596097686292
1995-08-22 20:03:00,630.478,943.9431220148274
1995-08-22 20:04:00,305.43699999999995,1074.6320284531992
1995-08-22 20:05:00,517.111,908.258647349424
1995-08-22 20:06:00,403.085,1095.8955702056305
1995-08-22 20:07:00,516.94,1048.8305230727287
1995-08-22 20:08:00,554.97,979.3068533345045
1995-08-22 20:09:00,1788.33,1226.694586622992
1995-08-22 20:10:00,683.281,1387.9937016095328
1995-08-22 20:11:00,866.945,1371.2837246931344
1995-08-22 20:12:00,1622.963,1374.9976354133548
1995-08-22 20:13:00,1203.944,1476.2770528092894
1995-08-22 20:14:00,1677.091,1607.3012213683694
1995-08-22 20:15:00,2193.484,1514.729118357869
1995-08-22 20:16:00,1731.312,1397.4062180745061
1995-08-22 20:17:00,118.07600000000001,1504.9582078911556
1995-08-22 20:18:00,879.659,1189.1415205164483
1995-08-22 20:19:00,630.853,1142.264826881492
1995-08-22 20:20:00,1824.886,1114.2570474980052
1995-08-22 20:21:00,658.568,1664.7305049784886
1995-08-22 20:22:00,256.829,1360.0243167965034
1995-08-22 20:23:00,441.267,1288.581297575302
1995-08-22 20:24:00,290.227,1098.1445250656907
1995-08-22 20:25:00,1561.347,1104.5718797115342
1995-08-22 20:26:00,425.488,1212.9093212062874
1995-08-22 20:27:00,1509.787,1318.8657938770323
1995-08-22 20:28:00,1306.192,1371.860329278145
1995-08-22 20:29:00,966.231,1199.7905357757763
1995-08-22 20:30:00,509.788,1477.2886714461404
1995-08-22 20:31:00,342.363,1475.6137378917692
1995-08-22 20:32:00,428.919,1338.6501073066797
1995-08-22 20:33:00,354.273,1185.3619682083727
1995-08-22 20:34:00,1003.026,1197.5849041704469
1995-08-22 20:35:00,589.2379999999999,1322.106013231926
1995-08-22 20:36:00,507.305,1263.3577990960907
1995-08-22 20:37:00,758.551,1305.71394908219
1995-08-22 20:38:00,684.838,1204.1321802793836
1995-08-22 20:39:00,965.785,1465.9023776172683
1995-08-22 20:40:00,884.056,1308.263865183132
1995-08-22 20:41:00,2361.6050000000005,1367.7795359473362
1995-08-22 20:42:00,937.021,1338.0763663289495
1995-08-22 20:43:00,576.172,1457.2529263725287
1995-08-22 20:44:00,210.11499999999998,1251.2731825789538
1995-08-22 20:45:00,267.789,1034.8199266782535
1995-08-22 20:46:00,604.395,963.4127054295915
1995-08-22 20:47:00,236.30499999999998,1041.0763724527956
1995-08-22 20:48:00,159.553,918.0552403644531
1995-08-22 20:49:00,93.408,775.4735816183469
1995-08-22 20:50:00,750.8910000000001,691.5504231983422
1995-08-22 20:51:00,727.486,815.3858590873914
1995-08-22 20:52:00,307.675,926.8916970093611
1995-08-22 20:53:00,499.099,854.8918469455242
1995-08-22 20:54:00,204.379,957.1322595550241
1995-08-22 20:55:00,1201.374,1018.6524593192585
1995-08-22 20:56:00,1639.6650000000002,1003.5161570958904
1995-08-22 20:57:00,801.222,1133.4595741607066
1995-08-22 20:58:00,490.288,1263.8114389176676
1995-08-22 20:59:00,521.921,1161.5528068781396
1995-08-22 21:00:00,179.445,1072.9071599883864
1995-08-22 21:01:00,426.702,1048.5397066950761
1995-08-22 21:02:00,350.942,1025.7662650858015
1995-08-22 21:03:00,829.896,1025.6942139197236
1995-08-22 21:04:00,739.867,1204.8237767853568
1995-08-22 21:05:00,694.421,1223.4828927202223
1995-08-22 21:06:00,175.129,1164.4709578317986
1995-08-22 21:07:00,942.07,1141.098113424123
1995-08-22 21:08:00,615.098,1228.0706960377754
1995-08-22 21:09:00,815.313,1179.0937861946813
1995-08-22 21:10:00,321.794,1328.1396601615822
1995-08-22 21:11:00,1016.746,1167.8521331801264
1995-08-22 21:12:00,548.134,1029.2733711649603
1995-08-22 21:13:00,144.893,1047.2044399904664
1995-08-22 21:14:00,287.135,982.2723648844602
1995-08-22 21:15:00,965.367,905.4445702244259
1995-08-22 21:16:00,606.008,928.4131671418845
1995-08-22 21:17:00,723.7629999999999,1081.426535673338
1995-08-22 21:18:00,368.69,828.060438067716
1995-08-22 21:19:00,163.526,958.5108364314216
1995-08-22 21:20:00,513.833,953.5456902557656
1995-08-22 21:21:00,321.347,857.3178953219347
1995-08-22 21:22:00,317.284,873.1646648696026
1995-08-22 21:23:00,574.073,929.8591348231182
1995-08-22 21:24:00,2226.301,1013.2728734657959
1995-08-22 21:25:00,386.536,1366.1151933921087
1995-08-22 21:26:00,867.461,963.0141411264967
1995-08-22 21:27:00,1435.7930000000001,1297.8177111907535
1995-08-22 21:28:00,286.811,1083.8340919349796
1995-08-22 21:29:00,697.061,1043.545569156937
1995-08-22 21:30:00,635.52,985.9532516203659
1995-08-22 21:31:00,733.964,1003.1947816800514
1995-08-22 21:32:00,468.628,1026.93552542787
1995-08-22 21:33:00,1596.8600000000001,934.9531403830732
1995-08-22 21:34:00,279.963,1107.2795134134285
1995-08-22 21:35:00,615.558,1192.9317394690406
1995-08-22 21:36:00,341.975,1110.9909930556146
1995-08-22 21:37:00,718.474,1165.5597015505978
1995-08-22 21:38:00,967.694,1200.3738952452084
1995-08-22 21:39:00,466.065,1310.9950514988357
1995-08-22 21:40:00,753.804,1265.0662076155304
1995-08-22 21:41:00,365.701,1215.9788742082753
1995-08-22 21:42:00,622.524,1303.431747274512
1995-08-22 21:43:00,675.5699999999999,1262.6445896709533
1995-08-22 21:44:00,451.252,1192.483626614121
1995-08-22 21:45:00,1920.6470000000002,1060.1140779714988
1995-08-22 21:46:00,690.718,1266.8249456578783
1995-08-22 21:47:00,271.93600000000004,1220.460378958195
1995-08-22 21:48:00,276.414,1000.9857403751631
1995-08-22 21:49:00,681.2139999999999,943.1791016057482
1995-08-22 21:50:00,629.003,1069.1213797470589
1995-08-22 21:51:00,329.439,1161.1626367719016
1995-08-22 21:52:00,369.282,1031.61132123963
1995-08-22 21:53:00,841.547,1097.8157975205982
1995-08-22 21:54:00,437.88300000000004,1398.1288781389535
1995-08-22 21:55:00,237.37,1181.1929828877971
1995-08-22 21:56:00,254.113,1067.7304846700943
1995-08-22 21:57:00,833.833,918.3825323402631
1995-08-22 21:58:00,727.774,1127.3317595246333
1995-08-22 21:59:00,541.559,1145.8256857282884
1995-08-22 22:00:00,587.7620000000001,1209.7059604713315
1995-08-22 22:01:00,650.491,1127.4389580738928
1995-08-22 22:02:00,613.5649999999999,1106.1217944457353
1995-08-22 22:03:00,164.37199999999999,1041.1776468836704
1995-08-22 22:04:00,319.171,896.528135225272
1995-08-22 22:05:00,324.868,738.1999517487535
1995-08-22 22:06:00,84.892,822.012673806913
1995-08-22 22:07:00,586.343,709.0848262501211
1995-08-22 22:08:00,746.597,988.0638815946355
1995-08-22 22:09:00,561.37,927.7628966308939
1995-08-22 22:10:00,727.391,1019.5285453325492
1995-08-22 22:11:00,790.818,963.3490059370243
1995-08-22 22:12:00,142.048,1043.0362387017947
1995-08-22 22:13:00,1590.801,1099.3193033819837
1995-08-22 22:14:00,602.6320000000001,927.3398776306843
1995-08-22 22:15:00,309.467,1074.7042880130582
1995-08-22 22:16:00,643.461,884.6003209507247
1995-08-22 22:17:00,589.561,1010.0586010097574
1995-08-22 22:18:00,646.642,847.0725314456299
1995-08-22 22:19:00,246.412,924.3866184654207
1995-08-22 22:20:00,549.634,1105.9138232854316
1995-08-22 22:21:00,627.579,1030.7452065865195
1995-08-22 22:22:00,550.962,1119.9479508902682
1995-08-22 22:23:00,364.858,1113.5161515907782
1995-08-22 22:24:00,543.42,1110.0336532023382
1995-08-22 22:25:00,344.152,1089.2482212102075
1995-08-22 22:26:00,406.341,860.9965630534027
1995-08-22 22:27:00,212.62,874.9311013429016
1995-08-22 22:28:00,550.63,868.7300613976116
1995-08-22 22:29:00,586.852,1003.039636975197
1995-08-22 22:30:00,348.839,1035.6827175610952
1995-08-22 22:31:00,491.803,1080.9600583530607
1995-08-22 22:32:00,1155.941,934.8424978799227
1995-08-22 22:33:00,931.404,924.6712300651742
1995-08-22 22:34:00,1088.8980000000001,1230.1825512865544
1995-08-22 22:35:00,533.285,1191.4706493869905
1995-08-22 22:36:00,432.03499999999997,1093.1716196408167
1995-08-22 22:37:00,371.364,985.6364390969621
1995-08-22 22:38:00,119.987,1009.6826191976753
1995-08-22 22:39:00,436.032,861.5891133738801
1995-08-22 22:40:00,430.72,854.0352107694022
1995-08-22 22:41:00,844.475,713.4650199987257
1995-08-22 22:42:00,364.31,855.9983424810503
1995-08-22 22:43:00,73.902,877.8065100224737
1995-08-22 22:44:00,106.513,730.5468694352076
1995-08-22 22:45:00,1728.5439999999999,666.1312662519914
1995-08-22 22:46:00,146.109,895.5543157140729
1995-08-22 22:47:00,269.931,873.9108098186188
1995-08-22 22:48:00,352.752,763.1871698236145
1995-08-22 22:49:00,849.6569999999999,898.0016883569277
1995-08-22 22:50:00,1281.336,946.733102269368
1995-08-22 22:51:00,449.812,1006.9241052706537
1995-08-22 22:52:00,563.655,928.7108285789349
1995-08-22 22:53:00,231.611,1089.792790772551
1995-08-22 22:54:00,179.425,1023.0104322918901
1995-08-22 22:55:00,362.257,900.884567698164
1995-08-22 22:56:00,109.45599999999999,877.607498438219
1995-08-22 22:57:00,199.726,767.5619492777039
1995-08-22 22:58:00,477.714,847.8705703275461
1995-08-22 22:59:00,354.122,1077.805877809235
1995-08-22 23:00:00,655.916,940.7363876844989
1995-08-22 23:01:00,365.95500000000004,1082.3628112092554
1995-08-22 23:02:00,659.393,868.1251603999357
1995-08-22 23:03:00,523.816,984.831190251202
1995-08-22 23:04:00,167.081,1025.0996827467607
1995-08-22 23:05:00,163.734,868.3311396024602
1995-08-22 23:06:00,251.602,794.6426245164
1995-08-22 23:07:00,279.057,701.0566729254562
1995-08-22 23:08:00,272.188,855.1622565799787
1995-08-22 23:09:00,316.654,988.2369241848093
1995-08-22 23:10:00,189.482,713.7485736742553
1995-08-22 23:11:00,230.127,933.8384102606705
1995-08-22 23:12:00,554.369,801.9443021706151
1995-08-22 23:13:00,496.839,1044.7164857931364
1995-08-22 23:14:00,112.01799999999999,901.3426295166425
1995-08-22 23:15:00,544.326,650.4473406555521
1995-08-22 23:16:00,328.949,940.4963904192876
1995-08-22 23:17:00,533.165,772.0906748944243
1995-08-22 23:18:00,631.869,962.541511992189
1995-08-22 23:19:00,730.726,1041.8921527776586
1995-08-22 23:20:00,95.187,995.1008015258901
1995-08-22 23:21:00,498.366,846.3753444069225
1995-08-22 23:22:00,578.3059999999999,806.5340876490908
1995-08-22 23:23:00,75.511,979.3121579612257
1995-08-22 23:24:00,147.31300000000002,716.7711431073697
1995-08-22 23:25:00,487.054,739.0887328283657
1995-08-22 23:26:00,127.623,680.3849823086206
1995-08-22 23:27:00,1433.352,775.6378240078147
1995-08-22 23:28:00,97.231,640.7569429387314
1995-08-22 23:29:00,55.952,819.300558197682
1995-08-22 23:30:00,114.75,635.9500530211728
1995-08-22 23:31:00,245.421,673.2694943609837
1995-08-22 23:32:00,272.732,663.8751593143296
1995-08-22 23:33:00,309.169,560.1022361771428
1995-08-22 23:34:00,382.692,701.221494287289
1995-08-22 23:35:00,299.43399999999997,655.7027852181108
1995-08-22 23:36:00,198.574,728.4593456974865
1995-08-22 23:37:00,1430.776,730.5063799254856
1995-08-22 23:38:00,99.30499999999999,875.4149064914933
1995-08-22 23:39:00,748.831,789.1205973648738
1995-08-22 23:40:00,333.716,678.595007522301
1995-08-22 23:41:00,1396.0410000000002,744.5103693315502
1995-08-22 23:42:00,361.347,795.5558731677038
1995-08-22 23:43:00,544.048,879.3228053132246
1995-08-22 23:44:00,268.488,856.8064982614724
1995-08-22 23:45:00,164.602,882.6309997340823
1995-08-22 23:46:00,189.456,909.1150217716898
1995-08-22 23:47:00,406.619,1010.1162358059631
1995-08-22 23:48:00,588.99,822.9843038180665
1995-08-22 23:49:00,100.52,872.5953331769962
1995-08-22 23:50:00,561.989,795.5502362808476
1995-08-22 23:51:00,221.773,973.9713319815286
1995-08-22 23:52:00,25.754,869.8959838130367
1995-08-22 23:53:00,259.912,765.7350975416977
1995-08-22 23:54:00,319.726,796.2979380630375
1995-08-22 23:55:00,436.101,783.6575691696929
1995-08-22 23:56:00,334.91,634.6105820403295
1995-08-22 23:57:00,283.098,696.2010064494849
1995-08-22 23:58:00,148.601,665.9534354281525
