{"k_base": 0.8308468495195972, "buffer_5m": 0.14700435969913242, "panic_threshold": 79, "burst_add": 1, "patience": 9}