{"k_base": 1.1941427591284748, "buffer_5m": 0.26185029617260536, "panic_threshold": 168, "burst_add": 1, "patience": 9}