{"k_base": 0.9687749229026469, "alpha_5m": 0.3492724463883204, "panic_threshold": 79, "burst_add": 1, "patience": 9}